"pcp-dstat 6.2.0 CSV Output"
"Author:","PCP team <pcp@groups.io> and Dag Wieers <dag@wieers.com>",,,,"URL:","https://pcp.io/ and http://dag.wieers.com/home-made/dstat/"
"Host:","ubuntu",,,,"User:","stack"
"Cmdline:","dstat -tcmndrylpg --tcp --output /opt/stack/logs/dstat-csv.log",,,,"Date:","28 Jul 2026 06:57:43 UTC"
"system","total usage",,,,,"memory usage",,,,"net/total",,"dsk/total",,"io/total",,"system",,"load avg",,,"procs",,,"paging",,"tcp sockets",,,,
"time","total usage:usr","total usage:sys","total usage:idl","total usage:wai","total usage:stl","used","free","buf","cach","net/total:recv","net/total:send","dsk/total:read","dsk/total:writ","read","writ","int","csw","1m","5m","15m","run","blk","new","in","out","lis","act","syn","tim","clo"
28-07 06:57:43,,1358376,11207016,163504,3414804,,,,,,,1.420,1.250,0.900,3,0,,,,12,4,0,9,2
28-07 06:57:44,40.217,30.784,27.556,0,0,1417500,11147368,163652,3415012,111971.108,35132.104,0,1251.207,0,37.735,5231,3423,1.420,1.250,0.900,2,0,161.862,0,0,12,6,0,9,2
28-07 06:57:45,19.230,27.222,51.446,0,0,1419896,11144640,163696,3415248,115156.874,41388.825,0,575.400,0,14.984,4717,2673,1.420,1.250,0.900,1,0,173.819,0,0,12,6,0,9,2
28-07 06:57:46,30.988,41.734,26.490,0,0,1268752,11294832,163804,3415964,681049.581,2381055.032,0,2886.900,0,320.878,8776,4100,1.700,1.310,0.930,5,0,230.912,0,0,12,4,0,9,4
28-07 06:57:47,33.024,33.768,24.085,6.207,0,1303500,11252332,163884,3423552,94969.907,1452686.702,7425.095,13570.961,83.428,384.365,6521,3555,1.700,1.310,0.930,5,0,152.951,0,0,12,4,0,10,2
28-07 06:57:48,41.648,29.104,28.602,0,0,1307844,11230208,164056,3440656,490648.834,1645858.318,128.457,1878.685,3.011,47.168,6076,3154,1.700,1.310,0.930,4,0,118.421,0,0,12,4,0,10,2
28-07 06:57:49,48.933,29.959,19.473,0.250,0,1386828,11135808,164236,3455148,46700.066,24829.008,0,8927.778,0,43.940,5060,2498,1.700,1.310,0.930,3,0,125.828,0,0,12,4,0,10,2
28-07 06:57:50,48.436,34.633,16.815,0.502,0,1382548,11239772,164860,3354856,61834.720,32353.381,40.154,1068.106,1.004,45.174,5450,4952,1.700,1.310,0.930,3,0,122.471,0,0,12,4,0,10,2
28-07 06:57:51,50.459,28.692,19.540,0,0,1419556,11187760,165160,3368012,45745.242,23845.187,0,1404.928,0,33.639,4978,2622,1.810,1.340,0.940,4,0,108.832,0,0,12,4,0,10,2
28-07 06:57:52,44.528,35.926,19.481,0,0,1396496,11093064,165236,3483256,62126.971,32709.005,0,8840.873,0,34.408,5520,4913,1.810,1.340,0.940,2,0,180.137,0,0,12,4,0,10,2
28-07 06:57:53,38.800,22.028,38.299,0.250,0,1406704,11061492,165920,3501724,45766.556,23713.340,0,2198.813,0,97.124,4991,4439,1.810,1.340,0.940,2,0,64.082,0,0,12,4,0,10,2
28-07 06:57:54,28.358,27.612,41.791,0,0,1417632,11038836,166588,3635636,60836.386,32810.713,0,1771.132,0,53.731,5298,3932,1.810,1.340,0.940,3,0,80.596,0,0,13,6,0,10,2
28-07 06:57:55,40.924,14.060,43.937,0.251,0,1429004,11003340,167152,3657260,47294.172,26453.524,0,1647.006,0,56.239,3790,2133,1.810,1.340,0.940,2,0,35.150,0,0,13,6,0,10,2
28-07 06:57:56,34.225,18.986,45.717,0.250,0,1430184,10991624,167776,3665600,61564.729,33844.662,0,1482.934,0,51.963,4296,2476,1.820,1.350,0.940,2,0,84.939,0,0,13,6,0,10,2
28-07 06:57:57,30.210,22.406,45.567,1.259,0,1388200,11048812,167944,3650260,62667.852,34817.152,934.499,2960.591,12.084,37.259,4628,2890,1.820,1.350,0.940,2,0,102.714,0,0,13,4,0,12,0
28-07 06:57:58,36.334,10.950,46.787,4.480,0,1417324,11017844,168036,3651996,56396.037,474445.239,1640.525,692.843,69.682,16.923,3576,2219,1.820,1.350,0.940,2,0,20.905,0,0,13,4,0,12,0
28-07 06:57:59,30.873,9.710,55.522,3.735,0,1465312,10966716,168204,3654708,56387.393,270447.159,2577.413,892.335,159.346,6.971,3242,1975,1.820,1.350,0.940,2,0,17.926,0,0,13,5,0,12,0
28-07 06:58:00,40.874,8.777,47.896,1.505,0,1488560,10934612,168384,3661960,31455.577,16422.900,188.573,1877.705,6.018,23.070,3002,1639,1.820,1.350,0.940,2,0,2.006,0,0,13,4,0,12,0
28-07 06:58:01,44.981,10.303,43.222,0.251,0,1506200,10916536,168384,3662188,16726.735,8474.437,16.082,12.062,1.005,3.015,5752,8174,1.840,1.360,0.950,2,0,8.041,0,0,13,4,0,12,0
28-07 06:58:02,34.617,20.173,39.598,1.743,0,1522184,10890368,172532,3667760,46183.678,24467.059,0,22003.517,0,1882.771,12421,17464,1.840,1.360,0.950,1,1,35.862,0,0,13,6,0,12,0
28-07 06:58:03,35.676,22.545,33.694,2.230,0,1498020,10903472,178828,3672140,46947.329,23428.079,0,55162.666,0,3012.620,16040,24031,1.840,1.360,0.950,4,0,31.712,0,0,13,6,0,12,0
28-07 06:58:04,38.999,16.714,40.012,1.519,0,1507172,10891068,181096,3672988,47339.105,28076.476,0,12402.799,0,1177.071,10221,14358,1.840,1.360,0.950,4,0,37.480,0,0,13,4,0,12,0
28-07 06:58:05,30.139,37.304,25.940,4.941,0,1400716,10996544,181884,3673068,46270.179,25709.279,7.905,94050.286,1.976,501.003,5958,4656,1.840,1.360,0.950,5,1,184.788,0,0,13,4,0,12,0
28-07 06:58:06,37.677,12.391,46.781,2.529,0,1415436,10990324,181960,3665688,46239.499,24181.290,0,24044.742,0,71.815,3112,1723,1.850,1.370,0.950,2,0,5.057,0,0,13,4,0,12,0
28-07 06:58:07,40.594,12.780,46.608,0.251,0,1444872,10960388,182468,3665688,45733.380,23305.210,0,6827.882,0,318.741,3884,3002,1.850,1.370,0.950,2,0,24.056,0,0,13,4,0,12,0
28-07 06:58:08,42.210,11.670,44.445,0,0,1447296,10957972,182496,3665676,31263.171,15554.118,0,19736.379,0,86.406,3427,1623,1.850,1.370,0.950,4,0,34.761,0,0,13,4,0,12,0
28-07 06:58:09,21.753,8.001,69.761,0,0,1379608,11025640,182496,3665696,46798.323,26017.071,0,4.001,0,1.000,2368,1540,1.850,1.370,0.950,2,0,26.004,0,0,13,4,0,12,0
28-07 06:58:10,21.457,5.988,71.857,0,0,1397500,11007748,182496,3665696,46180.922,24023.102,0,3.992,0,0.998,1985,1383,1.850,1.370,0.950,2,0,1.996,0,0,13,4,0,12,0
28-07 06:58:11,22.263,5.003,72.041,0,0,1429756,10975492,182496,3665696,45561.707,23912.492,0,3698.087,0,4.002,1974,1491,1.780,1.370,0.950,2,0,0,0,0,13,4,0,12,0
28-07 06:58:12,23.785,3.004,72.857,0,0,1432060,10973184,182500,3665696,16032.464,8605.594,0,0,0,0,1743,1210,1.780,1.370,0.950,2,0,0,0,0,13,4,0,12,0
28-07 06:58:13,9.741,18.733,69.938,0,0,1387564,11017652,182512,3665708,62858.827,34476.191,0,427.618,0,5.995,3721,2348,1.780,1.370,0.950,1,0,110.901,0,0,13,4,0,12,0
28-07 06:58:14,6.506,23.022,68.816,0,0,1388016,11017152,182536,3665732,61265.399,35216.569,0,108.103,0,11.010,4290,3042,1.780,1.370,0.950,1,0,132.126,0,0,13,4,0,12,0
28-07 06:58:15,8.748,35.240,53.735,0,0,1355092,11049976,182576,3665708,46630.961,24738.083,0,463.870,0,28.992,5103,3432,1.780,1.370,0.950,3,0,223.937,0,0,13,4,0,12,0
28-07 06:58:16,6.244,24.976,67.186,0,0,1346556,11058504,182576,3665720,62203.440,32817.577,0,11.989,0,2.997,4255,2685,1.720,1.360,0.950,1,0,131.874,0,0,13,4,0,12,0
28-07 06:58:17,6.990,23.967,67.657,0,0,1342624,11062432,182576,3665724,60649.013,31288.188,0,15.978,0,3.995,4189,2608,1.720,1.360,0.950,2,0,127.825,0,0,13,4,0,11,0
28-07 06:58:18,25.058,34.330,39.091,0,0,1334280,11070704,182576,3666252,46218.579,24367.719,0,7890.366,0,271.632,6002,13957,1.720,1.360,0.950,1,0,140.327,0,0,13,4,0,12,0
28-07 06:58:19,17.737,21.484,58.707,0,0,1320748,11084236,182576,3666252,46076.524,23519.912,0,1770.714,0,340.752,5205,5396,1.720,1.360,0.950,1,0,64.953,0,0,13,4,0,12,0
28-07 06:58:20,24.206,19.215,49.161,6.239,0,1354544,11048596,182592,3668084,81189.608,899766.563,1812.709,227.587,22.958,3.993,4438,3170,1.720,1.360,0.950,3,0,58.893,0,0,13,4,0,12,0
28-07 06:58:21,44.642,22.321,29.594,3.010,0,1444488,10957476,182592,3669260,53123.905,332210.245,1175.738,4.013,15.048,1.003,4487,2262,1.820,1.390,0.970,2,0,74.236,0,0,13,5,0,7,0
28-07 06:58:22,43.973,4.997,48.471,2.249,0,1476060,10925704,182612,3669436,44301.040,21940.648,19.988,91.944,3.998,7.995,2768,1245,1.820,1.390,0.970,3,0,1.999,0,0,13,5,0,7,0
28-07 06:58:23,47.009,10.252,41.508,0.750,0,1484220,10916540,182624,3670400,29836.828,14756.883,492.096,48861.545,4.001,166.032,3410,1350,1.820,1.390,0.970,2,0,0,0,0,13,5,0,7,0
28-07 06:58:24,34.163,16.957,47.878,0,0,1497172,10903196,182636,3670780,14818.148,7343.242,0,426.909,0,31.918,2850,1645,1.820,1.390,0.970,2,0,0,0,0,13,5,0,7,0
28-07 06:58:25,40.793,16.517,41.294,0,0,1516784,10880836,182728,3673152,21948.235,10077.668,0,2150.276,0,59.063,4836,4866,1.820,1.390,0.970,2,0,58.061,0,0,13,6,0,7,0
28-07 06:58:26,24.133,20.362,53.293,2.011,0,1544792,10852384,182860,3673436,55021.467,31183.423,402.211,0,11.061,0,3952,2402,1.760,1.380,0.970,2,0,83.459,0,0,14,8,0,7,0
28-07 06:58:27,25.121,5.223,68.646,0,0,1589640,10807528,182860,3673444,60331.279,32196.182,0,0,0,0,2064,1521,1.760,1.380,0.970,2,0,0.995,0,0,14,8,0,7,0
28-07 06:58:28,22.012,5.503,71.788,0,0,1622144,10775020,182860,3673448,30400.917,15599.167,0,4.002,0,1.001,1955,1484,1.760,1.380,0.970,1,0,2.001,0,0,14,8,0,7,0
28-07 06:58:29,24.512,9.004,65.032,0.250,0,1624892,10772264,182860,3673456,30759.251,15694.782,0,43873.754,0,132.065,2510,1553,1.760,1.380,0.970,2,0,1.000,0,0,14,8,0,7,0
28-07 06:58:30,24.278,3.254,71.083,1.251,0,1637876,10758908,182928,3673780,31741.979,27162.644,208.243,1245.451,15.017,21.024,2129,1805,1.760,1.380,0.970,1,0,2.002,0,0,14,12,0,9,0
28-07 06:58:31,34.951,5.492,56.921,0.250,0,1645484,10750592,183488,3673928,46509.283,27000.429,0,1593.782,0,216.698,5127,5921,1.700,1.380,0.970,2,0,1.997,0,0,14,10,0,9,0
28-07 06:58:32,18.004,12.503,68.766,0,0,1574116,10821912,183528,3673928,45151.420,24312.611,0,380.088,0,22.005,3018,2321,1.700,1.380,0.970,1,0,42.010,0,0,14,14,0,9,0
28-07 06:58:33,20.984,5.246,72.194,1.998,0,1596180,10799232,183592,3674356,44679.460,22098.916,459.645,863.333,25.980,18.985,2010,1518,1.700,1.380,0.970,1,0,0,0,0,14,14,0,9,0
28-07 06:58:34,22.518,5.004,70.057,0,0,1615460,10779324,183960,3674576,14988.204,7434.053,0,5720.658,0,229.187,2862,2804,1.700,1.380,0.970,1,0,2.002,0,0,14,14,0,6,0
28-07 06:58:35,12.497,6.248,69.482,11.497,0,1616812,10777112,184192,3674908,30105.386,14802.256,367.907,9809.519,90.977,964.756,3405,2245,1.700,1.380,0.970,2,0,1.000,0,0,14,14,0,6,0
28-07 06:58:36,19.676,4.981,70.984,2.242,0,1619208,10774592,184196,3674988,15141.187,7268.726,75.716,0,18.929,0,2986,3162,1.640,1.370,0.970,1,0,0,0,0,14,21,0,6,0
28-07 06:58:37,18.912,10.339,70.858,0,0,1577184,10816456,184212,3675132,15697.786,8273.035,0,282.425,0,8.069,2977,2410,1.640,1.370,0.970,1,0,45.390,0,0,14,20,0,6,0
28-07 06:58:38,19.403,6.468,72.389,0,0,1586000,10807636,184212,3675132,58938.326,30651.273,0,0,0,0,1925,1445,1.640,1.370,0.970,1,0,0,0,0,14,20,0,6,0
28-07 06:58:39,22.473,5.244,71.913,0,0,1621756,10771864,184220,3675140,29674.980,14963.837,0,179.782,0,5.993,2287,1949,1.640,1.370,0.970,1,0,0.999,0,0,14,21,0,6,0
28-07 06:58:40,22.635,5.281,71.928,0,0,1621752,10771864,184220,3675144,15530.398,7856.744,0,0,0,0,2899,2820,1.640,1.370,0.970,1,0,2.012,0,0,14,21,0,6,0
28-07 06:58:41,14.426,13.679,69.641,0,0,1582512,10811052,184252,3675164,15246.386,7419.742,0,151.220,0,13.928,3398,2577,1.590,1.360,0.970,4,0,82.574,0,0,14,20,0,6,0
28-07 06:58:42,31.294,22.281,45.564,0,0,1631056,10762488,184268,3675168,44684.500,24418.154,0,152.213,0,9.013,3701,2166,1.590,1.360,0.970,2,0,73.102,0,0,14,20,0,6,0
28-07 06:58:43,43.727,7.746,47.974,0,0,1704120,10689408,184284,3675168,29635.123,15363.769,0,135.927,0,7.996,2762,1290,1.590,1.360,0.970,2,0,1.999,0,0,14,20,0,6,0
28-07 06:58:44,43.634,9.861,44.374,0,0,1732852,10660640,184308,3675180,49799.438,862310.667,0,299.771,0,15.777,4278,3131,1.590,1.360,0.970,2,0,0,0,0,14,21,0,6,0
28-07 06:58:45,45.479,8.041,45.228,0,0,1731660,10661756,184324,3675240,18639.035,140207.356,0,84.426,0,6.030,6423,7406,1.590,1.360,0.970,3,0,1.005,0,0,14,22,0,6,0
28-07 06:58:46,36.147,20.333,41.670,0,0,1661120,10732228,184376,3675256,30993.272,16352.624,0,176.720,0,23.094,5696,5057,1.620,1.370,0.970,4,0,110.450,0,0,14,20,0,6,0
28-07 06:58:47,45.243,49.035,6.319,0,0,1685216,10708068,184392,3675272,61485.409,31521.698,0,177.940,0,13.143,5275,3497,1.620,1.370,0.970,5,0,312.406,0,0,14,20,0,6,0
28-07 06:58:48,69.900,29.208,0,0,0,1799684,10593480,184408,3675320,61031.303,31686.469,0,159.770,0,9.986,5229,3265,1.620,1.370,0.970,6,0,166.760,0,0,14,20,0,6,0
28-07 06:58:49,82.373,17.120,0.248,0,0,1935284,10457692,184456,3675460,29427.051,14678.294,0,480.344,0,26.796,5770,4362,1.620,1.370,0.970,7,0,2.977,0,0,14,22,0,6,0
28-07 06:58:50,85.187,14.783,1.002,0,0,2011088,10381852,184460,3675476,29597.116,15494.088,0,44.097,0,4.009,6390,6529,1.620,1.370,0.970,6,0,0,0,0,14,22,0,5,0
28-07 06:58:51,80.415,14.984,1.998,0,0,2010428,10382312,184568,3675560,15019.130,7713.849,0,655.308,0,44.953,7149,10615,1.890,1.430,1,5,0,49.947,0,0,14,22,0,5,0
28-07 06:58:52,65.143,23.212,11.481,0,0,1854024,10538480,184624,3675740,59542.387,30915.318,0,347.430,0,27.954,6935,6995,1.890,1.430,1,4,0,144.763,0,0,14,21,0,5,0
28-07 06:58:53,25.231,10.597,63.833,0,0,1835608,10556836,184672,3675748,45417.037,22772.099,0,387.541,0,24.221,2992,2705,1.890,1.430,1,1,0,57.526,0,0,14,20,0,5,0
28-07 06:58:54,12.914,14.404,71.027,0,0,1731508,10660900,184688,3675752,51439.438,25156.470,0,170.862,0,7.947,2860,2066,1.890,1.430,1,3,0,59.603,0,0,14,20,0,5,0
28-07 06:58:55,21.521,6.256,71.820,0,0,1730488,10661904,184704,3675752,37707.640,20423.846,0,4228.108,0,338.329,2294,1371,1.890,1.430,1,1,0,3.003,0,0,14,20,0,5,0
28-07 06:58:56,22.502,5.000,71.506,0,0,1730300,10662216,184760,3675756,29354.603,14593.294,0,1108.098,0,33.003,2439,2089,1.820,1.430,1,1,0,0,0,0,14,20,0,5,0
28-07 06:58:57,23.228,4.246,71.184,0,0,1718664,10673844,184760,3675764,14961.119,7289.237,0,3.996,0,0.999,3202,3182,1.820,1.430,1,1,0,0,0,0,14,21,0,5,0
28-07 06:58:58,14.508,13.507,70.287,0,0,1627700,10764732,184824,3675772,30667.157,16578.735,0,300.158,0,26.014,3275,2471,1.820,1.430,1,2,0,70.037,0,0,14,20,0,3,0
28-07 06:58:59,20.003,7.251,72.509,0,0,1647552,10744864,184840,3675772,44518.817,22862.987,0,120.016,0,6.001,1953,1518,1.820,1.430,1,2,0,1.000,0,0,14,20,0,3,0
28-07 06:59:00,21.791,5.009,72.136,0,0,1669588,10722772,184888,3675780,29599.867,15320.917,0,613.157,0,26.049,2342,2089,1.820,1.430,1,1,0,0,0,0,14,20,0,3,0
28-07 06:59:01,23.710,4.992,69.883,0.250,0,1667100,10725176,184952,3675796,15320.326,7673.141,0,3593.977,0,548.082,4446,3914,1.830,1.440,1,1,0,1.997,0,0,14,20,0,3,0
28-07 06:59:02,10.001,20.252,68.258,0,0,1625528,10766732,184968,3675796,14857.743,7296.856,0,148.017,0,7.001,3876,2342,1.830,1.440,1,1,0,138.016,0,0,14,20,0,3,0
28-07 06:59:03,6.239,25.954,65.884,0,0,1600756,10791492,184984,3675792,60713.827,34984.245,0,183.676,0,8.984,4701,2662,1.830,1.440,1,2,0,178.685,0,0,14,20,0,3,0
28-07 06:59:04,5.496,26.479,65.448,0,0,1594224,10797956,185056,3675788,61131.363,32739.952,0,767.389,0,39.968,4857,3044,1.830,1.440,1,1,0,185.852,0,0,14,20,0,3,0
28-07 06:59:05,17.741,42.478,38.730,0,0,1589092,10803040,185080,3675808,45646.885,24053.293,0,407.785,0,15.992,5333,3249,1.830,1.440,1,5,0,265.860,0,0,14,20,0,3,0
28-07 06:59:06,54.400,42.311,3.526,0,0,1697460,10694660,185080,3675820,61145.689,32515.129,0,24.178,0,6.044,5145,3004,2.090,1.500,1.020,5,0,248.830,0,0,14,20,0,3,0
28-07 06:59:07,77.816,20.701,0.998,0,0,1840148,10551940,185080,3675836,58341.391,882179.222,0,203.520,0,44.894,6286,4430,2.090,1.500,1.020,8,0,26.936,0,0,14,21,0,3,0
28-07 06:59:08,84.550,14.715,0.998,0,0,1929032,10463024,185080,3675864,34083.286,214773.387,0,0,0,0,5955,7625,2.090,1.500,1.020,8,0,0.998,0,0,14,21,0,3,0
28-07 06:59:09,75.502,15.803,8.278,0,0,1920504,10471340,185144,3676004,29750.310,15068.300,0,268.898,0,26.087,7195,9070,2.090,1.500,1.020,6,0,31.104,0,0,14,21,0,3,0
28-07 06:59:10,79.195,19.176,0.996,0,0,1933788,10457844,185200,3676152,14858.693,7481.147,0,255.016,0,23.908,6931,10032,2.090,1.500,1.020,5,0,31.877,0,0,14,22,0,3,0
28-07 06:59:11,80.215,17.798,1.253,0,0,1898748,10492776,185280,3676180,15468.433,7838.997,0,316.849,0,32.086,5998,5397,2.320,1.550,1.050,7,0,59.158,0,0,14,21,0,3,0
28-07 06:59:12,70.400,29.062,0.752,0,0,1820508,10570952,185296,3676192,30545.233,17812.040,0,176.377,0,12.026,5374,3554,2.320,1.550,1.050,7,0,191.409,0,0,14,21,0,3,0
28-07 06:59:13,79.579,17.961,1.746,0,0,1911280,10480016,185312,3676336,44052.466,23469.635,0,195.580,0,8.981,6740,7092,2.320,1.550,1.050,8,0,1.996,0,0,14,21,0,3,0
28-07 06:59:14,82.531,17.006,1.000,0,0,1937908,10453340,185328,3676364,30011.361,15619.913,0,260.098,0,31.012,6744,6748,2.320,1.550,1.050,5,0,50.019,0,0,14,21,0,3,0
28-07 06:59:15,84.538,12.432,1.989,0,0,1987932,10403248,185344,3676412,44811.933,23405.998,0,167.086,0,8.951,6344,8090,2.320,1.550,1.050,6,0,0,0,0,14,21,0,4,0
28-07 06:59:16,64.910,13.981,18.974,0,0,1964544,10426448,185360,3676580,44434.319,23087.951,0,147.795,0,7.989,7325,9570,2.380,1.580,1.060,3,0,53.925,0,0,14,23,0,4,0
28-07 06:59:17,55.899,23.813,19.301,0,0,1823580,10567328,185408,3676616,60813.675,31760.436,0,260.693,0,20.053,6859,7086,2.380,1.580,1.060,3,0,118.315,0,0,14,21,0,4,0
28-07 06:59:18,47.627,23.687,28.223,0,0,1726056,10664788,185456,3679072,46122.017,23217.749,0,286.266,0,20.160,5359,9104,2.380,1.580,1.060,5,0,110.878,0,0,14,20,0,4,0
28-07 06:59:19,44.575,12.630,41.108,0,0,1726456,10664324,185508,3676640,43914.138,22388.454,0,241.695,0,19.811,4144,10637,2.380,1.580,1.060,4,0,6.934,0,0,14,21,0,4,0
28-07 06:59:20,43.977,8.496,46.976,0,0,1756768,10633992,185524,3676644,16101.654,7805.954,0,323.832,0,35.981,4408,3791,2.380,1.580,1.060,2,0,0,0,0,14,21,0,5,0
28-07 06:59:21,38.538,15.015,45.044,0.250,0,1663936,10726704,185608,3676676,30220.532,16576.198,0,764.747,0,33.032,5333,5040,2.350,1.590,1.060,5,0,56.055,0,0,14,21,0,5,0
28-07 06:59:22,37.320,41.859,19.669,0,0,1663756,10726836,185628,3676704,60961.491,31772.841,0,4204.102,0,609.232,7199,5616,2.350,1.590,1.060,4,0,235.018,0,0,14,20,0,5,0
28-07 06:59:23,60.819,24.278,14.767,0,0,1731752,10658820,185644,3676708,46173.564,24057.387,0,240.274,0,11.013,4314,2185,2.350,1.590,1.060,4,0,91.104,0,0,14,20,0,5,0
28-07 06:59:24,63.028,11.325,24.128,0,0,1814832,10575712,185660,3676720,43418.519,21910.162,0,173.327,0,8.863,4736,3123,2.350,1.590,1.060,3,0,0,0,0,14,21,0,5,0
28-07 06:59:25,60.819,11.058,27.394,0,0,1814600,10575712,185740,3676872,15053.903,7483.222,0,904.742,0,47.248,6363,6483,2.350,1.590,1.060,3,0,2.011,0,0,14,23,0,6,0
28-07 06:59:26,56.292,8.506,32.024,0,0,1807452,10582740,185820,3676904,29493.871,14927.069,0,244.181,0,33.024,7124,7912,2.320,1.590,1.070,4,0,4.003,0,0,14,24,0,7,0
28-07 06:59:27,49.973,37.417,12.556,0,0,1692536,10697528,185908,3676940,16217.315,9174.912,0,474.114,0,41.184,5985,5328,2.320,1.590,1.070,5,0,254.133,0,0,14,24,0,7,0
28-07 06:59:28,76.765,23.581,0,0,0,1775648,10614396,185924,3676944,59509.159,31875.893,0,208.720,0,8.028,4954,2216,2.320,1.590,1.070,4,0,4.014,0,0,14,24,0,7,0
28-07 06:59:29,80.300,13.794,3.695,0,0,1876624,10513384,185940,3676960,29551.520,14507.271,0,141.880,0,6.897,5296,3695,2.320,1.590,1.070,4,0,0.985,0,0,14,26,0,7,0
28-07 06:59:30,67.301,10.839,21.173,0.252,0,1879036,10510864,186012,3676992,14918.214,7638.577,0,923.566,0,46.380,6353,7382,2.320,1.590,1.070,2,0,0,0,0,14,27,0,8,1
28-07 06:59:31,55.573,11.765,30.540,0,0,1840784,10548916,186044,3677156,19825.870,9200.005,0,256.334,0,41.054,7626,8548,2.210,1.580,1.070,8,0,38.050,0,0,14,27,0,9,0
28-07 06:59:32,64.269,29.373,6.025,0,0,1804132,10585464,186108,3677188,66723.149,904494.129,0,373.563,0,29.122,7345,8021,2.210,1.580,1.070,6,0,188.790,0,0,14,25,0,9,0
28-07 06:59:33,68.710,26.581,4.765,0,0,1758980,10630592,186124,3677196,65042.682,212513.152,0,156.478,0,8.025,5280,3297,2.210,1.580,1.070,3,0,101.309,0,0,14,24,0,9,0
28-07 06:59:34,61.238,10.371,25.927,0,0,1810824,10578720,186140,3677208,43486.928,21779.022,0,154.083,0,7.902,4524,3092,2.210,1.580,1.070,3,0,1.975,0,0,14,26,0,9,0
28-07 06:59:35,63.162,11.874,25.012,0,0,1811472,10577964,186204,3677244,30694.477,15029.410,0,315.302,0,28.296,6358,6310,2.210,1.580,1.070,3,0,0,0,0,14,26,0,8,0
28-07 06:59:36,50.062,26.012,19.877,0,0,1733604,10655580,186412,3677284,29824.907,15986.323,0,2293.016,0,121.718,7183,8089,2.360,1.620,1.080,8,0,130.553,0,0,14,26,0,8,0
28-07 06:59:37,64.124,34.352,3.562,0,0,1637128,10751992,186460,3677300,61445.175,31622.361,0,3623.523,0,554.725,6652,5129,2.360,1.620,1.080,5,0,140.462,0,0,14,24,0,8,0
28-07 06:59:38,63.269,14.198,21.920,0,0,1771928,10617172,186476,3677300,44453.981,22567.748,0,139.492,0,7.971,3881,1708,2.360,1.620,1.080,4,0,29.891,0,0,14,24,0,8,0
28-07 06:59:39,61.935,11.442,23.630,0,0,1801572,10587488,186492,3677324,29560.738,14679.382,0,155.211,0,6.965,5978,5442,2.360,1.620,1.080,4,0,0.995,0,0,14,26,0,8,0
28-07 06:59:40,55.998,10.342,32.539,0,0,1771184,10617696,186572,3677420,29797.064,15199.207,0,480.272,0,36.323,7759,8746,2.360,1.620,1.080,3,0,8.072,0,0,14,26,0,8,0
28-07 06:59:41,47.046,39.539,12.262,0,0,1732596,10656240,186592,3677444,30786.999,16988.554,0,148.144,0,11.011,6115,5637,2.410,1.650,1.090,5,0,231.225,0,0,14,24,0,8,0
28-07 06:59:42,62.891,20.045,16.788,0,0,1733552,10655252,186608,3677456,44656.179,22929.438,0,252.567,0,28.063,4160,2005,2.410,1.650,1.090,3,0,50.112,0,0,14,24,0,8,0
28-07 06:59:43,64.083,11.969,23.190,0,0,1806184,10582464,186624,3677596,44092.000,22710.766,0,147.615,0,6.982,5325,3939,2.410,1.650,1.090,4,0,1.995,0,0,14,24,0,8,0
28-07 06:59:44,52.922,9.193,35.281,0,0,1807232,10581232,186648,3677756,14764.388,7734.011,0,290.199,0,11.926,6783,7560,2.410,1.650,1.090,2,0,0,0,0,14,27,0,8,0
28-07 06:59:45,53.080,18.441,27.412,0,0,1725020,10663336,186720,3677788,29963.292,16014.846,0,243.223,0,29.904,6973,6904,2.410,1.650,1.090,3,0,84.729,0,0,14,24,0,9,0
28-07 06:59:46,55.373,21.492,22.756,0,0,1759356,10628976,186736,3677792,45444.529,24246.926,0,198.231,0,10.114,4161,2034,2.460,1.670,1.100,4,0,29.330,0,0,14,24,0,9,0
28-07 06:59:47,63.879,14.113,20.303,0,0,1798996,10589200,186768,3677800,36400.960,16715.424,0,174.305,0,12.875,4757,3203,2.460,1.670,1.100,5,0,5.942,0,0,14,26,0,9,0
28-07 06:59:48,58.904,11.731,27.955,0,0,1800128,10587952,186840,3677840,22737.114,13100.747,0,615.002,0,38.937,6386,6426,2.460,1.670,1.100,3,0,0,0,0,14,26,0,9,0
28-07 06:59:49,54.588,22.389,21.886,0,0,1753432,10634540,186896,3677888,15128.738,7993.528,0,309.920,0,24.150,7365,8027,2.460,1.670,1.100,5,0,97.605,0,0,14,25,0,9,0
28-07 06:59:50,56.767,41.696,1.758,0,0,1664924,10723000,186912,3677920,46110.490,25423.363,0,176.830,0,15.071,5226,3581,2.460,1.670,1.100,9,0,307.443,0,0,14,24,0,9,0
28-07 06:59:51,70.733,28.743,0,0,0,1819068,10568808,186932,3677944,61268.342,32402.248,0,195.953,0,14.996,5362,3530,2.740,1.740,1.130,9,0,200.952,0,0,14,24,0,9,0
28-07 06:59:52,73.967,25.989,0.500,0,0,1941544,10446140,186984,3678084,61436.903,35360.404,0,991.563,0,27.988,5573,4724,2.740,1.740,1.130,8,0,163.928,0,0,14,24,0,10,0
28-07 06:59:53,74.078,24.775,0.496,0,0,2003760,10383908,186984,3678100,45207.151,25917.035,0,47.569,0,1.982,6508,7299,2.740,1.740,1.130,7,0,157.571,0,0,14,26,0,10,0
28-07 06:59:54,73.067,24.938,1.247,0,0,2046704,10340872,187016,3678156,79160.131,1051236.323,0,183.541,0,12.968,8347,10317,2.740,1.740,1.130,7,0,153.616,0,0,14,27,0,10,0
28-07 06:59:55,65.132,32.315,2.255,0,0,2038656,10348712,187048,3678328,45775.601,27567.768,0,204.414,0,14.028,8239,9460,2.740,1.740,1.130,7,0,241.489,0,0,14,26,0,10,0
28-07 06:59:56,67.679,29.940,2.768,0,0,1885096,10502176,187088,3678380,61083.344,35348.151,0,189.200,0,17.108,7780,8943,3.080,1.830,1.160,7,0,216.372,0,0,14,26,0,10,0
28-07 06:59:57,71.761,28.102,0.502,0,0,1851132,10536032,187168,3678412,50410.286,28499.622,0,373.357,0,31.113,6406,6028,3.080,1.830,1.160,7,0,187.682,0,0,14,24,0,10,0
28-07 06:59:58,72.135,27.207,0.250,0,0,1876508,10510652,187184,3678416,57668.276,34886.511,0,4624.644,0,663.944,6900,4102,3.080,1.830,1.160,8,0,140.776,0,0,14,24,0,10,0
28-07 06:59:59,82.637,14.641,1.985,0,0,1934932,10452188,187200,3678436,45437.943,23037.112,0,162.792,0,6.948,6098,5381,3.080,1.830,1.160,6,0,0.993,0,0,14,25,0,10,0
28-07 07:00:00,76.733,12.376,8.663,0,0,1961200,10425728,187216,3678612,29358.716,15414.019,0,110.892,0,7.921,6520,8893,3.080,1.830,1.160,4,0,0,0,0,14,28,0,10,0
28-07 07:00:01,51.727,21.952,24.728,0,0,1946256,10440628,187232,3678636,15762.230,7363.849,0,121.116,0,9.084,7156,7703,3.070,1.850,1.170,5,0,109.004,0,0,14,28,0,10,0
28-07 07:00:02,56.249,11.750,30.249,0,0,1938616,10448216,187248,3678672,45143.244,24395.591,0,151.997,0,7.000,7291,7823,3.070,1.850,1.170,3,0,27.000,0,0,14,27,0,10,0
28-07 07:00:03,57.106,26.531,16.677,0,0,1618804,10767876,187248,3678824,62389.838,32775.688,0,12.129,0,3.032,6599,6330,3.070,1.850,1.170,4,0,165.758,0,0,14,24,0,13,0
28-07 07:00:04,6.701,34.497,55.841,0,0,1616980,10769700,187248,3678824,45286.030,25334.287,0,19.854,0,2.978,4892,3072,3.070,1.850,1.170,3,0,260.093,0,0,14,24,0,13,0
28-07 07:00:05,7.254,25.513,65.032,0,0,1610280,10776404,187248,3678820,61696.728,33812.840,0,4.002,0,1.000,4561,2807,3.070,1.850,1.170,1,0,164.082,0,0,14,24,0,13,0
28-07 07:00:06,14.430,37.817,45.529,0,0,1595740,10790884,187288,3678836,60976.136,31720.090,0,378.165,0,23.884,5365,3462,2.990,1.850,1.180,6,0,227.894,0,0,14,24,0,13,0
28-07 07:00:07,38.299,46.362,14.866,0,0,1644956,10741604,187336,3678852,45558.339,23587.978,0,499.899,0,31.244,5369,3358,2.990,1.850,1.180,5,0,286.233,0,0,14,24,0,13,0
28-07 07:00:08,60.045,40.030,0.751,0,0,1744796,10641748,187336,3678868,62206.992,34123.778,0,20.015,0,5.004,5446,4056,2.990,1.850,1.180,6,0,341.258,0,0,14,25,0,13,0
28-07 07:00:09,68.092,30.679,0.748,0,0,1834188,10552332,187384,3678844,63888.153,33320.890,0,199.538,0,19.954,6642,7200,2.990,1.850,1.180,6,0,198.541,0,0,14,24,0,13,0
28-07 07:00:10,79.083,18.770,1.502,0,0,1907684,10478740,187400,3678916,44887.313,23544.817,0,144.152,0,7.007,5971,4996,2.990,1.850,1.180,5,0,69.073,0,0,14,25,0,13,0
28-07 07:00:11,79.278,17.234,1.477,0,0,1935360,10451008,187432,3678940,39974.746,478109.427,0,122.117,0,12.803,6996,7597,3.230,1.920,1.200,5,0,36.438,0,0,14,26,0,13,0
28-07 07:00:12,77.870,20.216,2.246,0,0,1955016,10431112,187520,3679088,43122.093,572433.459,0,407.321,0,37.937,7066,7527,3.230,1.920,1.200,5,0,53.910,0,0,14,26,0,13,0
28-07 07:00:13,77.786,21.933,1.020,0,0,1866828,10519164,187568,3679164,15845.881,7644.952,0,289.721,0,22.443,6127,5645,3.230,1.920,1.200,6,0,84.672,0,0,14,24,0,13,0
28-07 07:00:14,73.510,24.256,1.238,0,0,1893408,10492556,187584,3679176,14886.048,7484.605,0,304.928,0,37.621,6014,5889,3.230,1.920,1.200,5,0,97.023,0,0,14,25,0,13,0
28-07 07:00:15,82.798,15.807,2.258,0,0,1936660,10449252,187600,3679212,15215.703,7633.443,0,152.548,0,7.025,6835,7747,3.230,1.920,1.200,5,0,0,0,0,14,26,0,13,0
28-07 07:00:16,67.101,11.390,18.570,0,0,1978020,10407700,187616,3679388,14897.826,7226.070,0,146.581,0,8.914,7508,9701,3.290,1.960,1.220,5,0,1.981,0,0,14,28,0,13,0
28-07 07:00:17,69.117,11.520,17.530,0,0,1979704,10405936,187664,3679420,929.579,0,0,308.524,0,22.037,7412,7522,3.290,1.960,1.220,5,0,0,0,0,14,27,0,15,0
28-07 07:00:18,63.710,14.799,20.066,0,0,1956200,10429376,187680,3679468,15151.854,7645.155,0,156.515,0,8.026,7790,8893,3.290,1.960,1.220,4,0,30.099,0,0,14,28,0,16,0
28-07 07:00:19,73.279,17.818,7.780,0,0,2016460,10368896,187728,3679624,541.062,0,0,5597.329,0,752.869,7335,17487,3.290,1.960,1.220,6,0,37.142,0,0,14,27,0,19,0
28-07 07:00:20,73.271,22.256,4.001,0,0,1971220,10414020,187776,3679692,15800.429,8064.261,0,260.073,0,20.006,6515,9849,3.290,1.960,1.220,8,0,99.028,0,0,14,26,0,17,0
28-07 07:00:21,77.058,20.833,2.259,0,0,1922340,10462824,187832,3679724,1244.976,0,0,285.140,0,24.096,6486,7640,3.430,2.010,1.240,7,0,30.120,0,0,14,26,0,17,0
28-07 07:00:22,82.090,15.423,1.244,0,0,1953572,10431512,187880,3679756,15277.673,7420.925,0,378.111,0,24.876,6318,7021,3.430,2.010,1.240,7,0,29.851,0,0,14,26,0,18,0
28-07 07:00:23,82.260,17.054,1.505,0,0,1964904,10420008,187900,3679916,600.899,0,0,1031.259,0,13.041,6297,7600,3.430,2.010,1.240,6,0,2.006,0,0,14,26,0,18,0
28-07 07:00:24,76.518,14.253,7.502,0,0,1931312,10453524,187916,3679976,360.084,0,0,164.038,0,6.001,7066,10286,3.430,2.010,1.240,3,0,23.005,0,0,14,28,0,19,0
28-07 07:00:25,63.244,20.169,14.442,0,0,1932888,10451764,187932,3680140,15094.009,7778.569,0,151.388,0,6.972,6557,8684,3.430,2.010,1.240,5,0,47.807,0,0,14,27,0,20,0
28-07 07:00:26,68.408,11.318,18.863,0,0,1970108,10414468,187964,3680184,766.572,0,0,189.128,0,13.078,7429,9030,3.390,2.020,1.250,4,0,2.012,0,0,14,28,0,20,0
28-07 07:00:27,48.350,8.225,40.874,0,0,1978100,10406404,187996,3680220,656.967,0,0,159.506,0,13.957,7277,8590,3.390,2.020,1.250,3,0,0,0,0,14,29,0,20,0
28-07 07:00:28,58.602,10.017,28.800,0,0,1977912,10406404,188012,3680388,15122.327,7861.687,0,108.188,0,7.012,7425,8023,3.390,2.020,1.250,2,0,0,0,0,14,29,0,18,0
28-07 07:00:29,56.810,13.338,26.429,0,0,1938816,10445420,188060,3680420,532.533,0,0,225.264,0,21.736,7442,7809,3.390,2.020,1.250,3,0,32.604,0,0,14,28,0,18,0
28-07 07:00:30,74.729,23.559,2.787,0,0,1805336,10578848,188076,3680452,364.781,149.965,0,129.700,0,7.093,7011,9177,3.390,2.020,1.250,8,0,130.713,0,0,14,26,0,19,0
28-07 07:00:31,77.441,20.801,1.504,0,0,1842704,10541268,188116,3680620,723.781,0,0,212.523,0,17.042,6744,7468,3.520,2.070,1.270,6,0,63.155,0,0,14,25,0,19,0
28-07 07:00:32,79.055,19.263,1.751,0,0,1906784,10477148,188164,3680612,14926.307,7757.357,0,212.146,0,19.013,6383,6176,3.520,2.070,1.270,5,0,30.021,0,0,14,24,0,19,0
28-07 07:00:33,78.343,18.346,3.223,0,0,1916588,10467184,188188,3680744,982.756,0,63.468,130.902,0.992,9.917,6275,5987,3.520,2.070,1.270,5,0,29.750,0,0,14,26,0,17,0
28-07 07:00:34,70.403,11.941,15.424,0,0,1972944,10410764,188204,3680788,179.118,0,0,119.412,0,7.961,7604,8708,3.520,2.070,1.270,3,0,0,0,0,14,28,0,17,0
28-07 07:00:35,78.831,15.816,4.519,0,0,1963140,10420384,188220,3680956,601.528,148.625,0,164.692,0,10.042,6579,9182,3.520,2.070,1.270,6,0,36.152,0,0,14,27,0,17,0
28-07 07:00:36,74.152,15.729,8.738,0,0,1891536,10491956,188220,3680988,359.525,0,0,0,0,0,7078,9204,3.480,2.090,1.280,5,0,23.968,0,0,14,27,0,19,0
28-07 07:00:37,80.599,18.387,1.511,0,0,1866868,10516428,188220,3681180,15979.707,7677.030,0,16.120,0,1.007,6881,9820,3.480,2.090,1.280,5,0,44.329,0,0,14,27,0,19,0
28-07 07:00:38,76.587,20.457,2.744,0,0,1837280,10545940,188268,3681208,496.945,0,0,243.483,0,18.960,6862,7674,3.480,2.090,1.280,5,0,68.854,0,0,14,26,0,19,0
28-07 07:00:39,77.690,22.125,0.503,0,0,1784236,10598716,188500,3681232,361.043,0,0,9369.027,0,998.652,6934,6082,3.480,2.090,1.280,5,0,70.398,0,0,14,24,0,19,0
28-07 07:00:40,74.372,23.381,0.995,0,0,1847592,10535312,188532,3681248,1160.106,147.252,0,147.252,0,13.929,6179,5062,3.480,2.090,1.280,6,0,95.515,0,0,14,25,0,20,0
28-07 07:00:41,80.883,17.919,1.493,0,0,1933864,10448904,188532,3681376,998.472,0,0,3.982,0,0.995,6253,5546,3.600,2.140,1.300,8,0,15.928,0,0,14,26,0,20,0
28-07 07:00:42,81.268,15.503,2.000,0,0,1992008,10390692,188532,3681440,15173.351,7657.691,0,24.005,0,1.000,6883,9370,3.600,2.140,1.300,5,0,0,0,0,14,27,0,20,0
28-07 07:00:43,61.289,10.338,24.614,0,0,1991968,10390692,188532,3681480,562.181,0,0,0,0,0,7865,9340,3.600,2.140,1.300,4,0,0,0,0,14,28,0,22,0
28-07 07:00:44,48.532,8.893,41.418,0,0,1991808,10390692,188532,3681640,520.387,0,0,97.573,0,21.344,6856,7723,3.600,2.140,1.300,2,0,3.049,0,0,14,29,0,22,0
28-07 07:00:45,58.551,13.588,24.705,0,0,1961764,10420684,188540,3681680,504.970,146.253,0,86.962,0,2.965,6830,8011,3.600,2.140,1.300,7,0,33.599,0,0,14,27,0,22,0
28-07 07:00:46,80.381,19.649,1.276,0,0,1818980,10563404,188572,3681712,400.118,0,0,138.816,0,14.290,5955,7294,3.800,2.200,1.320,5,0,74.512,0,0,14,24,0,24,0
28-07 07:00:47,69.785,30.515,0,0,0,1784924,10597428,188588,3681712,359.182,0,0,136.069,0,8.004,5009,2922,3.800,2.200,1.320,5,0,145.074,0,0,14,24,0,24,0
28-07 07:00:48,81.035,17.047,0.494,0,0,1906728,10475512,188588,3681772,536.610,0,0,0,0,0,6039,4511,3.800,2.200,1.320,5,0,0,0,0,14,26,0,24,0
28-07 07:00:49,78.946,17.238,3.248,0,0,1927000,10454992,188660,3681948,15406.474,7488.883,0,319.782,0,28.980,7099,8217,3.800,2.200,1.320,7,0,55.962,0,0,14,25,0,26,0
28-07 07:00:50,79.484,18.865,2.264,0,0,1920980,10460932,188716,3681984,482.939,191.163,0,330.008,0,41.251,6453,8617,3.800,2.200,1.320,4,0,28.171,0,0,14,27,0,25,0
28-07 07:00:51,75.326,21.772,2.002,0,0,1990736,10390904,188796,3682168,359.363,0,0,344.348,0,34.034,5813,11022,3.810,2.230,1.340,5,0,51.052,0,0,14,25,0,26,0
28-07 07:00:52,74.996,23.499,1.750,0,0,1910676,10470800,188812,3682324,701.962,0,0,135.993,0,10.999,6229,6502,3.810,2.230,1.340,7,0,122.993,0,0,14,24,0,27,0
28-07 07:00:53,77.504,19.501,3.000,0,0,1878636,10502788,188828,3682360,539.029,0,0,224.012,0,12.001,6032,6765,3.810,2.230,1.340,4,0,63.003,0,0,14,26,0,26,0
28-07 07:00:54,76.700,21.627,1.509,0,0,1839656,10541348,188860,3682744,482.836,0,0,1190.995,0,16.095,5954,5843,3.810,2.230,1.340,4,0,75.443,0,0,14,24,0,26,0
28-07 07:00:55,72.036,23.350,3.726,0,0,1885988,10494980,188876,3682760,696.517,147.054,0,131.156,0,7.949,5965,5935,3.810,2.230,1.340,7,0,63.591,0,0,14,26,0,26,0
28-07 07:00:56,78.483,13.290,7.522,0,0,1922944,10457836,188892,3682928,300.895,0,0,397.181,0,40.119,6206,7834,3.750,2.250,1.350,4,0,2.006,0,0,14,25,0,27,0
28-07 07:00:57,74.209,18.677,6.226,0,0,1943688,10436896,188932,3683084,44685.810,22693.032,0,231.094,0,16.934,6887,9351,3.750,2.250,1.350,4,0,33.867,0,0,14,25,0,28,0
28-07 07:00:58,77.252,19.062,4.013,0,0,1832408,10547692,188992,3683500,29628.502,15259.702,4.013,288.941,1.003,25.082,6193,7194,3.750,2.250,1.350,4,0,73.239,0,0,14,25,0,28,0
28-07 07:00:59,61.249,22.159,15.437,0,0,1856780,10523252,189040,3683516,30007.965,15518.373,0,370.481,0,23.902,5024,3770,3.750,2.250,1.350,3,0,112.539,0,0,14,24,0,28,0
28-07 07:01:00,55.678,20.315,22.572,0,0,1812744,10567108,189080,3683656,44350.025,22756.876,0,232.745,0,18.058,5149,3835,3.750,2.250,1.350,3,0,60.193,0,0,14,24,0,28,0
28-07 07:01:01,63.667,10.900,23.039,0,0,1855988,10523568,189096,3683936,29484.843,14941.101,0,182.329,0,8.918,6654,6289,3.690,2.260,1.360,3,0,0,0,0,14,26,0,28,0
28-07 07:01:02,57.329,9.555,31.682,0,0,1760012,10619364,189112,3684096,15062.512,7338.147,0,293.687,0,33.191,6508,6645,3.690,2.260,1.360,3,0,8.046,0,0,14,25,0,30,0
28-07 07:01:03,58.736,16.177,22.897,0,0,1773656,10605548,189128,3684252,29739.288,14819.370,0,159.284,0,7.964,7156,7344,3.690,2.260,1.360,3,0,27.875,0,0,14,26,0,30,0
28-07 07:01:04,66.352,9.765,22.284,0,0,1799568,10579592,189144,3684280,240.370,0,0,156.240,0,9.014,6876,6429,3.690,2.260,1.360,4,0,0,0,0,14,24,0,30,0
28-07 07:01:05,49.021,26.261,23.260,0,0,1748384,10630744,189160,3684292,15603.706,7807.355,0,120.052,0,8.003,5371,3966,3.690,2.260,1.360,3,0,116.050,0,0,14,25,0,27,0
28-07 07:01:06,56.821,20.961,22.728,0,0,1738992,10640068,189216,3684300,15067.426,7667.053,0,270.721,0,25.254,4715,2805,3.630,2.270,1.370,3,0,60.609,0,0,14,24,0,27,0
28-07 07:01:07,61.866,13.914,23.355,0,0,1795852,10583184,189232,3684308,14882.634,7250.998,0,166.964,0,7.951,4638,2987,3.630,2.270,1.370,3,0,0,0,0,14,24,0,27,0
28-07 07:01:08,56.542,8.967,32.381,0,0,1820112,10558752,189248,3684464,239.120,0,0,187.311,0,18.930,5897,6158,3.630,2.270,1.370,2,0,1.993,0,0,14,27,0,27,0
28-07 07:01:09,59.783,9.178,28.775,0,0,1820292,10558500,189296,3684484,14930.419,7743.536,0,218.295,0,20.837,6880,7251,3.630,2.270,1.370,4,0,0.992,0,0,14,26,0,28,0
28-07 07:01:10,57.838,17.326,23.951,0,0,1742884,10635720,189312,3684652,244.603,150.839,0,8133.060,0,978.413,8358,6893,3.630,2.270,1.370,3,0,60.132,0,0,14,26,0,29,0
28-07 07:01:11,57.623,17.312,22.505,0,0,1739580,10638996,189312,3684680,404.598,0,0,3.957,0,0.989,6667,6334,3.660,2.300,1.380,3,0,38.580,0,0,14,25,0,29,0
28-07 07:01:12,62.073,13.212,22.685,0,0,1770640,10607760,189344,3684820,14813.748,7275.249,0,147.579,0,12.963,5418,4515,3.660,2.300,1.380,3,0,5.983,0,0,14,25,0,29,0
28-07 07:01:13,58.668,17.476,23.966,0,0,1796556,10581820,189360,3684828,418.414,0,0,167.765,0,10.985,4660,3673,3.660,2.300,1.380,3,0,29.958,0,0,14,26,0,29,0
28-07 07:01:14,64.918,12.031,21.305,0,0,1834632,10543700,189376,3684856,15014.882,7477.363,0,124.322,0,7.018,6584,6214,3.660,2.300,1.380,3,0,2.005,0,0,14,26,0,29,0
28-07 07:01:15,58.853,16.529,23.792,0,0,1793708,10584576,189392,3684884,359.628,190.332,0,116.203,0,7.012,6291,5809,3.660,2.300,1.380,6,0,43.075,0,0,14,26,0,29,0
28-07 07:01:16,60.109,14.715,23.445,0,0,1717196,10660992,189456,3684916,119.719,0,0,271.363,0,26.937,6612,6329,3.930,2.380,1.410,3,0,22.946,0,0,14,25,0,29,0
28-07 07:01:17,48.629,25.819,23.563,0,0,1736600,10641168,189472,3685316,14960.755,7802.734,0,160.426,0,9.024,6565,6204,3.930,2.380,1.410,3,0,124.330,0,0,14,25,0,30,0
28-07 07:01:18,62.396,12.978,23.211,0,0,1786100,10591524,189488,3685444,764.724,0,0,171.713,0,11.980,6602,7021,3.930,2.380,1.410,3,0,0,0,0,14,26,0,29,0
28-07 07:01:19,61.315,19.098,18.847,0,0,1794128,10583448,189504,3686864,791.066,0,0,217.116,0,24.124,6249,8248,3.930,2.380,1.410,9,0,85.439,0,0,14,25,0,29,0
28-07 07:01:20,56.560,22.425,18.936,0,0,1759552,10617956,189544,3685484,542.176,147.504,0,171.423,0,16.943,5921,10385,3.930,2.380,1.410,4,0,68.769,0,0,14,25,0,30,0
28-07 07:01:21,62.598,14.272,22.285,0,0,1817860,10559604,189560,3685508,15182.667,7307.391,0,120.187,0,7.011,6273,5662,3.850,2.390,1.420,3,0,0,0,0,14,25,0,30,0
28-07 07:01:22,56.163,9.735,32.450,0,0,1839588,10537708,189576,3685660,483.249,0,0,115.820,0,7.988,6428,6669,3.850,2.390,1.420,3,0,0,0,0,14,27,0,26,0
28-07 07:01:23,64.657,9.022,25.061,0,0,1835508,10541708,189624,3685688,909.203,0,0,272.661,0,24.058,7468,7552,3.850,2.390,1.420,3,0,2.005,0,0,14,25,0,27,0
28-07 07:01:24,44.912,31.938,21.458,0,0,1733312,10643816,189680,3685716,1090.868,0,0,1018.011,0,25.949,5353,4109,3.850,2.390,1.420,5,0,142.721,0,0,14,24,0,28,0
28-07 07:01:25,59.801,17.158,23.719,0,0,1815100,10562004,189696,3685724,608.610,149.377,0,165.526,0,8.074,3817,1740,3.850,2.390,1.420,3,0,16.149,0,0,14,25,0,28,0
28-07 07:01:26,61.721,11.357,24.935,0,0,1825784,10551236,189760,3685744,15092.409,7524.973,0,288.359,0,24.688,5789,5239,3.790,2.400,1.430,7,0,1.975,0,0,14,26,0,25,0
28-07 07:01:27,56.870,18.957,22.449,0,0,1794048,10582916,189792,3685764,601.620,0,0,159.634,0,12.970,6916,6781,3.790,2.400,1.430,4,0,59.863,0,0,14,26,0,26,0
28-07 07:01:28,63.319,12.764,22.775,0,0,1791740,10584992,189856,3685928,668.729,0,0,268.292,0,27.029,6758,6538,3.790,2.400,1.430,4,0,16.017,0,0,14,25,0,27,0
28-07 07:01:29,52.836,21.134,24.908,0,0,1811036,10565664,189872,3685944,546.476,0,0,140.896,0,10.064,5946,5445,3.790,2.400,1.430,4,0,81.518,0,0,14,25,0,27,0
28-07 07:01:30,61.144,14.605,21.784,0,0,1740996,10635664,189888,3685964,743.628,146.547,0,4927.153,0,693.128,6650,5525,3.790,2.400,1.430,6,0,28.715,0,0,14,25,0,27,0
28-07 07:01:31,45.355,28.977,24.189,0,0,1759808,10616788,189888,3686012,16137.253,21727.993,0,4.032,0,1.008,6267,5533,3.800,2.430,1.440,4,0,152.191,0,0,14,24,0,27,0
28-07 07:01:32,39.995,16.099,42.510,0,0,1726052,10650528,189888,3686024,45136.423,23292.648,0,0,0,0,5309,4791,3.800,2.430,1.440,1,0,64.394,0,0,14,25,0,27,0
28-07 07:01:33,45.517,6.252,47.017,0,0,1761532,10614988,189928,3686044,30297.079,15281.588,0,256.094,0,26.010,4367,3980,3.800,2.430,1.440,2,0,0,0,0,14,24,0,27,0
28-07 07:01:34,37.426,14.222,46.907,0,0,1694264,10682244,189928,3686056,29657.327,14952.418,0,7.984,0,0.998,3756,2685,3.800,2.430,1.440,2,0,29.941,0,0,14,25,0,26,0
28-07 07:01:35,44.036,7.174,45.273,0,0,1739292,10637136,189928,3686136,15185.010,7752.321,0,3.958,0,0.990,5323,5220,3.800,2.430,1.440,2,0,1.979,0,0,14,26,0,26,0
28-07 07:01:36,40.317,12.347,46.616,0,0,1716416,10659820,189964,3686284,15407.046,7813.386,0,165.299,0,13.103,5397,5270,3.660,2.420,1.450,2,0,40.317,0,0,14,25,0,26,0
28-07 07:01:37,39.295,13.265,46.303,0,0,1717380,10658840,189964,3686300,15748.051,7790.930,0,0,0,0,5242,5092,3.660,2.420,1.450,2,0,28.032,0,0,14,25,0,26,0
28-07 07:01:38,36.584,15.786,46.356,0,0,1706164,10669920,189964,3686436,15375.263,7378.924,0,0,0,0,4014,2573,3.660,2.420,1.450,2,0,66.152,0,0,14,25,0,23,0
28-07 07:01:39,41.368,9.968,47.848,0,0,1745812,10630268,189964,3686440,1079.566,0,0,23.924,0,3.987,3596,2859,3.660,2.420,1.450,2,0,0.997,0,0,14,25,0,23,0
28-07 07:01:40,45.562,7.761,45.812,0,0,1766512,10609472,189988,3686512,15420.964,7562.281,0,144.196,0,11.015,4968,5062,3.660,2.420,1.450,2,0,0,0,0,14,24,0,23,0
28-07 07:01:41,31.761,21.508,44.266,0.250,0,1681408,10694324,190260,3686484,1317.464,0,0,2873.013,0,152.054,5389,4907,3.530,2.410,1.450,2,0,104.037,0,0,14,24,0,23,0
28-07 07:01:42,30.465,22.408,46.831,0.252,0,1675684,10699992,190276,3686524,15207.394,7674.195,0,149.053,0,8.057,4099,2257,3.530,2.410,1.450,3,0,94.669,0,0,14,24,0,22,0
28-07 07:01:43,40.469,10.179,48.414,0,0,1736760,10638896,190292,3686528,718.018,0,0,107.256,0,5.959,3096,2034,3.530,2.410,1.450,2,0,0,0,0,14,24,0,22,0
28-07 07:01:44,43.605,9.167,44.596,0,0,1760552,10615020,190356,3686544,15305.220,7456.389,0,606.501,0,32.703,5330,5338,3.530,2.410,1.450,2,0,1.982,0,0,14,25,0,22,0
28-07 07:01:45,44.238,8.043,46.752,0,0,1674220,10701292,190388,3686572,1057.700,148.802,0,108.585,0,13.070,5406,5847,3.530,2.410,1.450,3,0,5.027,0,0,14,25,0,23,0
28-07 07:01:46,37.653,15.563,45.937,0,0,1621020,10754304,190436,3686712,1119.560,0,0,216.883,0,20.082,4188,3388,3.400,2.400,1.450,2,0,30.123,0,0,14,24,0,18,0
28-07 07:01:47,41.871,12.960,43.366,0,0,1707400,10667896,190452,3686716,15291.793,7596.549,0,119.631,0,6.978,3507,2246,3.400,2.400,1.450,2,0,7.975,0,0,14,25,0,18,0
28-07 07:01:48,44.310,9.459,45.057,0,0,1735564,10639684,190452,3686764,988.760,0,0,0,0,0,4785,4474,3.400,2.400,1.450,3,0,0,0,0,14,25,0,18,0
28-07 07:01:49,46.510,6.751,45.010,0,0,1735484,10639684,190500,3686792,663.141,0,0,316.067,0,47.010,5720,5652,3.400,2.400,1.450,2,0,1.000,0,0,14,25,0,18,0
28-07 07:01:50,41.423,11.113,47.485,0,0,1738956,10636184,190516,3686804,15558.853,7520.786,0,125.279,0,8.083,4147,3839,3.400,2.400,1.450,2,0,7.072,0,0,14,24,0,17,0
28-07 07:01:51,33.929,17.336,46.312,0,0,1702888,10672224,190532,3686816,898.495,0,0,3546.429,0,548.805,4302,1886,3.290,2.400,1.460,3,0,55.475,0,0,14,25,0,17,0
28-07 07:01:52,43.178,9.037,47.696,0,0,1734896,10640196,190548,3686820,606.495,0,0,132.545,0,8.033,3801,2912,3.290,2.400,1.460,4,0,0,0,0,14,25,0,17,0
28-07 07:01:53,45.254,7.751,44.754,0,0,1755048,10619976,190588,3686844,603.056,0,0,220.021,0,18.002,5552,5586,3.290,2.400,1.460,2,0,2.000,0,0,14,24,0,18,0
28-07 07:01:54,43.334,9.018,46.841,0,0,1713836,10661132,190636,3686852,15069.281,7310.204,0,328.639,0,43.084,4274,3816,3.290,2.400,1.460,3,0,5.010,0,0,14,24,0,16,0
28-07 07:01:55,32.689,20.212,45.914,0,0,1716168,10658780,190652,3686856,601.869,147.722,0,534.994,0,7.985,4017,2221,3.290,2.400,1.460,3,0,98.814,0,0,14,25,0,16,0
28-07 07:01:56,42.664,9.481,47.155,0,0,1724876,10650044,190676,3686860,1234.519,0,0,175.647,0,10.978,3724,2909,3.190,2.390,1.460,3,0,3.992,0,0,14,25,0,16,0
28-07 07:01:57,44.663,7.528,46.169,0,0,1744504,10630212,190724,3687012,605.213,0,0,216.793,0,20.073,5452,5587,3.190,2.390,1.460,3,0,0,0,0,14,24,0,16,0
28-07 07:01:58,32.679,21.952,43.405,0,0,1706160,10668496,190772,3687024,15007.300,7280.137,0,259.435,0,21.952,5358,4581,3.190,2.390,1.460,5,0,128.720,0,0,14,24,0,16,0
28-07 07:01:59,14.559,41.166,42.923,0,0,1625088,10749512,190812,3687040,545.200,0,0,345.394,0,22.089,5400,3584,3.190,2.390,1.460,4,0,253.021,0,0,14,24,0,14,0
28-07 07:02:00,40.198,10.736,48.438,0,0,1708240,10666344,190828,3687040,1308.316,147.810,0,295.620,0,30.960,2846,1448,3.190,2.390,1.460,2,0,0,0,0,14,24,0,14,0
28-07 07:02:01,43.655,8.028,47.669,0,0,1761472,10613084,190844,3687048,665.356,0,0,144.512,0,8.028,3646,2772,3.090,2.380,1.460,3,0,0,0,0,14,25,0,15,0
28-07 07:02:02,45.195,6.705,45.692,0,0,1758164,10616312,190908,3687060,361.562,0,0,695.312,0,35.759,5751,6181,3.090,2.380,1.460,3,0,1.987,0,0,14,26,0,15,0
28-07 07:02:03,46.871,6.517,45.618,0,0,1755696,10618720,190940,3687088,1497.881,0,0,100.260,0,12.031,6067,6695,3.090,2.380,1.460,2,0,0,0,0,14,24,0,14,0
28-07 07:02:04,34.219,20.632,44.031,0,0,1657792,10716616,190940,3687096,40003.520,1074863.619,0,8.051,0,2.013,4191,2173,3.090,2.380,1.460,2,0,78.501,0,0,14,24,0,14,0
28-07 07:02:05,42.473,8.196,48.185,0,0,1702612,10671788,190940,3687104,901.116,188.767,0,3.974,0,0.994,3218,2131,3.090,2.380,1.460,2,0,1.987,0,0,14,24,0,15,0
28-07 07:02:06,42.495,8.749,47.745,0,0,1724220,10650144,190964,3687116,825.906,0,0,407.954,0,34.996,3869,3453,3,2.380,1.470,3,0,0,0,0,14,25,0,15,0
28-07 07:02:07,44.674,6.988,45.423,0,0,1723984,10650144,190964,3687352,724.768,0,0,7.986,0,0.998,6555,7524,3,2.380,1.470,2,0,0,0,0,14,26,0,17,0
28-07 07:02:08,38.579,14.436,45.300,0,0,1688636,10685468,190964,3687372,822.364,0,0,0,0,0,5883,5756,3,2.380,1.470,2,0,57.745,0,0,14,25,0,18,0
28-07 07:02:09,38.348,15.540,45.617,0,0,1640944,10733104,191004,3687384,17006.664,12335.671,0,176.453,0,16.041,4425,3460,3,2.380,1.470,3,0,56.144,0,0,14,24,0,18,0
28-07 07:02:10,26.589,29.348,42.894,0,0,1666076,10707916,191004,3687440,610.043,148.497,0,8.027,0,2.007,5043,3197,3,2.380,1.470,2,0,180.605,0,0,14,25,0,18,0
28-07 07:02:11,26.018,19.764,52.536,0,0,1664968,10708972,191036,3687456,61299.163,65539.079,0,152.105,0,13.009,4736,3785,2.920,2.370,1.470,2,0,116.080,0,0,14,24,0,16,0
28-07 07:02:12,13.241,15.989,69.953,0,0,1617672,10756252,191052,3687456,30194.652,15067.846,0,3073.929,0,524.646,3643,2161,2.920,2.370,1.470,2,0,90.939,0,0,14,24,0,16,0
28-07 07:02:13,20.197,6.982,72.062,0,0,1638964,10734956,191052,3687460,30038.660,15200.358,0,0,0,0,1871,1468,2.920,2.370,1.470,3,0,0,0,0,14,24,0,16,0
28-07 07:02:14,22.190,5.548,71.615,0,0,1662764,10711116,191084,3687468,22232.854,11553.176,0,455.914,0,47.407,2520,2138,2.920,2.370,1.470,4,0,2.017,0,0,14,24,0,16,0
28-07 07:02:15,24.122,3.481,70.872,0,0,1662720,10711116,191124,3687472,23220.306,11170.495,0,167.110,0,16.910,3532,3919,2.920,2.370,1.470,2,0,0,0,0,14,24,0,16,0
28-07 07:02:16,11.247,17.496,70.483,0,0,1624732,10749064,191140,3687492,11317.278,5482.681,0,119.971,0,7.998,3270,2153,2.850,2.360,1.470,2,0,98.976,0,0,14,24,0,16,0
28-07 07:02:17,20.751,5.750,73.004,0,0,1638216,10735564,191156,3687492,4650.264,1812.103,0,120.007,0,8.000,1757,1240,2.850,2.360,1.470,2,0,2.000,0,0,14,24,0,16,0
28-07 07:02:18,21.706,5.239,71.853,0,0,1659812,10713932,191188,3687492,15193.006,7442.816,0,319.349,0,16.965,2345,2059,2.850,2.360,1.470,2,0,0,0,0,14,24,0,16,0
28-07 07:02:19,24.318,4.262,70.947,0,0,1659740,10713932,191244,3687508,15261.409,7316.331,0,236.658,0,23.064,3554,3958,2.850,2.360,1.470,2,0,1.003,0,0,14,24,0,13,0
28-07 07:02:20,20.388,26.177,51.851,0,0,1618932,10754716,191260,3687516,487.295,149.007,0,149.007,0,7.048,4381,14047,2.850,2.360,1.470,2,0,132.899,0,0,14,24,0,14,0
28-07 07:02:21,21.247,5.749,72.989,0,0,1670056,10703560,191292,3687516,15222.797,7618.897,0,231.966,0,29.996,1840,1416,2.700,2.340,1.470,2,0,0,0,0,14,24,0,14,0
28-07 07:02:22,21.109,4.967,71.771,0.248,0,1686892,10686676,191332,3687520,1145.363,0,0,623.840,0,27.815,2320,2010,2.700,2.340,1.470,2,0,0,0,0,14,24,0,14,0
28-07 07:02:23,23.191,4.987,70.321,0,0,1683140,10690288,191332,3687660,20183.590,11422.905,0,3.990,0,0.997,3985,4487,2.700,2.340,1.470,3,0,1.995,0,0,14,25,0,12,0
28-07 07:02:24,21.987,5.747,70.459,0,0,1641340,10732040,191364,3687672,483.716,0,0,107.937,0,11.993,3653,3863,2.700,2.340,1.470,2,0,17.989,0,0,14,24,0,12,0
28-07 07:02:25,18.173,8.834,73.451,0,0,1679920,10693456,191364,3687676,608.807,149.425,0,4.039,0,1.010,1975,1460,2.700,2.340,1.470,1,0,12.116,0,0,14,24,0,12,0
28-07 07:02:26,22.350,3.725,72.513,0,0,1679100,10694264,191372,3687680,15064.779,7569.143,0,321.838,0,11.920,1901,1398,2.560,2.320,1.470,1,0,1.987,0,0,14,25,0,12,0
28-07 07:02:27,22.318,5.015,71.970,0,0,1676660,10696648,191420,3687688,849.599,0,0,284.871,0,20.061,3134,3445,2.560,2.320,1.470,2,0,0,0,0,14,25,0,10,0
28-07 07:02:28,22.181,4.984,70.280,0,0,1675244,10698048,191420,3687704,864.295,0,0,3.988,0,0.997,4201,4845,2.560,2.320,1.470,1,0,0,0,0,14,25,0,10,0
28-07 07:02:29,14.199,15.195,69.251,0,0,1602344,10770896,191420,3687768,16617.190,31773.637,0,7.971,0,1.993,3541,2254,2.560,2.320,1.470,1,0,99.641,0,0,14,24,0,11,0
28-07 07:02:30,7.262,25.792,64.857,0,0,1595296,10777912,191436,3687780,60965.167,35255.926,0,264.434,0,12.020,4426,2760,2.560,2.320,1.470,2,0,170.280,0,0,14,24,0,11,0
28-07 07:02:31,24.304,28.313,46.102,0.251,0,1610188,10762856,191504,3687876,46082.927,24534.266,128.284,360.798,5.011,46.102,4681,2894,2.600,2.330,1.470,2,0,140.310,0,0,14,24,0,12,0
28-07 07:02:32,41.505,10.251,47.255,0,0,1709956,10662588,191568,3688308,59606.836,30137.456,44.005,368.042,1.000,12.001,3048,1664,2.600,2.330,1.470,2,0,2.000,0,0,14,24,0,12,0
28-07 07:02:33,39.183,8.540,47.221,4.772,0,1767896,10601180,191656,3691340,29975.020,14660.482,2085.743,2137.987,33.155,318.488,3658,1910,2.600,2.330,1.470,2,0,4.019,0,0,14,28,0,12,0
28-07 07:02:34,39.480,16.286,37.013,2.714,0,1784344,10576256,196416,3694744,29612.148,14562.284,130.285,19807.233,4.935,1873.337,11216,15437,2.600,2.330,1.470,3,0,66.129,0,0,14,28,0,12,0
28-07 07:02:35,39.884,17.058,34.868,2.759,0,1753364,10598752,201788,3697448,15390.892,7469.183,0,31755.065,0,2484.376,12599,18460,2.600,2.330,1.470,6,0,66.223,0,0,14,28,0,12,0
28-07 07:02:36,38.337,15.786,35.581,5.262,0,1752156,10592864,207360,3698788,30497.451,15511.324,0,28817.626,0,2451.583,11136,18600,3.110,2.440,1.510,2,0,30.068,0,0,14,28,0,12,0
28-07 07:02:37,42.472,13.241,39.474,2.998,0,1775188,10566908,210628,3698352,44481.579,22035.425,0,26462.497,0,1800.809,8449,12139,3.110,2.440,1.510,5,0,7.995,0,0,14,24,0,12,0
28-07 07:02:38,41.583,10.837,47.883,0.252,0,1746964,10594880,210852,3698372,15510.148,7681.485,0,2887.109,0,135.081,3215,1962,3.110,2.440,1.510,3,0,7.056,0,0,14,24,0,12,0
28-07 07:02:39,41.773,8.951,47.491,0,0,1731524,10610252,210916,3698376,30538.715,15714.434,0,660.404,0,37.794,3090,1871,3.110,2.440,1.510,4,0,1.989,0,0,14,24,0,12,0
28-07 07:02:40,43.023,13.257,39.771,1.001,0,1754444,10584044,213932,3698556,44596.051,23086.451,0,12370.672,0,1314.709,9855,12970,3.110,2.440,1.510,5,0,1.001,0,0,14,26,0,12,0
28-07 07:02:41,37.167,17.711,37.666,1.746,0,1800668,10533644,217772,3698772,30780.616,15385.818,0,13733.489,0,1617.407,11968,16578,3.020,2.430,1.520,2,0,3.991,0,0,14,26,0,12,0
28-07 07:02:42,40.071,14.526,42.075,1.753,0,1635412,10697192,219320,3698892,15427.483,7831.952,0,13840.656,0,840.497,6894,7019,3.020,2.430,1.520,4,0,51.091,0,0,14,24,0,12,0
28-07 07:02:43,22.271,13.012,63.811,0,0,1675732,10656804,219376,3698900,45376.579,24203.245,0,480.461,0,27.026,2939,2024,3.020,2.430,1.520,1,0,48.046,0,0,14,24,0,12,0
28-07 07:02:44,21.739,6.746,70.213,0,0,1712436,10620068,219408,3698900,54365.644,484529.276,0,335.825,0,16.991,2305,1622,3.020,2.430,1.520,2,0,3.998,0,0,14,24,0,12,0
28-07 07:02:45,21.096,7.032,71.828,0.251,0,1718048,10614300,219560,3698900,24173.356,416348.709,0,1916.750,0,94.431,2370,1770,3.020,2.430,1.520,1,0,1.005,0,0,14,24,0,12,0
28-07 07:02:46,22.626,3.481,72.601,0.497,0,1605312,10726972,219560,3698964,32463.742,159358.964,39.782,3.978,2.984,0.995,1830,1180,2.860,2.410,1.510,1,0,1.989,0,0,14,24,0,12,0
28-07 07:02:47,21.214,8.985,68.134,0,0,1639328,10692952,219560,3698968,16394.040,8166.073,0,3.993,0,0.998,2124,1462,2.860,2.410,1.510,3,0,6.988,0,0,14,24,0,12,0
28-07 07:02:48,23.321,6.018,70.214,0,0,1674568,10657672,219560,3699000,44347.178,21954.923,0,0,0,0,2000,1277,2.860,2.410,1.510,2,0,1.003,0,0,14,24,0,11,0
28-07 07:02:49,20.988,5.997,72.708,0,0,1719424,10612816,219560,3699000,29877.728,14649.531,0,287.834,0,64.962,2039,1459,2.860,2.410,1.510,1,0,2.998,0,0,14,24,0,11,0
28-07 07:02:50,22.113,4.272,72.873,0,0,1707180,10625040,219568,3699012,15177.745,7482.327,0,112.577,0,2.010,1731,1253,2.860,2.410,1.510,1,0,3.015,0,0,14,24,0,11,0
28-07 07:02:51,21.113,5.216,72.530,0,0,1706640,10625548,219568,3699012,30048.412,15602.958,0,0,0,0,1847,1385,2.710,2.390,1.510,1,0,0,0,0,14,24,0,11,0
28-07 07:02:52,21.496,6.499,71.236,0.250,0,1721444,10610680,219632,3699008,44387.075,22045.567,0,847.830,0,89.982,2326,1860,2.710,2.390,1.510,2,0,3.999,0,0,14,24,0,11,0
28-07 07:02:53,23.052,4.009,71.661,0.752,0,1735760,10596092,219648,3699228,29842.246,15178.203,152.343,4.009,6.014,1.002,1830,1275,2.710,2.390,1.510,1,0,2.005,0,0,14,24,0,11,0
28-07 07:02:54,19.998,6.249,73.242,0,0,1683056,10648796,219648,3699228,15305.420,7619.213,0,0,0,0,1827,1394,2.710,2.390,1.510,2,0,1.000,0,0,14,24,0,11,0
28-07 07:02:55,21.882,4.476,72.361,0,0,1714836,10617016,219648,3699228,15083.814,7833.836,0,0,0,0,1784,1274,2.710,2.390,1.510,1,0,0,0,0,14,24,0,11,0
28-07 07:02:56,21.254,6.001,72.264,0,0,1754136,10577716,219648,3699228,44628.479,23636.491,0,0,0,0,1931,1342,2.570,2.360,1.510,1,0,4.001,0,0,14,24,0,10,0
28-07 07:02:57,20.053,6.768,72.442,0,0,1760668,10571172,219656,3699228,30486.887,15346.717,0,216.575,0,3.008,1810,1243,2.570,2.360,1.510,2,0,0,0,0,14,24,0,10,0
28-07 07:02:58,22.656,4.028,73.003,0,0,1722364,10609388,219660,3699308,29801.149,15412.096,0,4.028,0,1.007,1780,1217,2.570,2.360,1.510,1,0,1.007,0,0,14,24,0,10,0
28-07 07:02:59,21.155,6.222,72.176,0,0,1722744,10608984,219668,3699324,30508.057,16022.081,0,3.982,0,0.996,1963,1455,2.570,2.360,1.510,2,0,2.987,0,0,14,24,0,10,0
28-07 07:03:00,21.754,5.001,72.515,0,0,1687548,10644168,219668,3699336,44674.028,22754.598,0,436.088,0,87.018,2103,1457,2.570,2.360,1.510,1,0,1.000,0,0,14,24,0,10,0
28-07 07:03:01,21.675,5.232,72.249,0,0,1684768,10646948,219668,3699336,34691.657,16088.191,0,0,0,0,1853,1364,2.450,2.340,1.510,1,0,0,0,0,14,24,0,10,0
28-07 07:03:02,21.068,6.521,71.733,0,0,1708000,10623640,219736,3699344,44868.687,22838.155,0,533.733,0,30.098,2186,1852,2.450,2.340,1.510,1,0,4.013,0,0,14,24,0,10,0
28-07 07:03:03,22.660,4.731,72.463,0,0,1682080,10649540,219736,3699364,15664.991,7428.594,0,258.975,0,50.799,1907,1268,2.450,2.340,1.510,1,0,0.996,0,0,14,24,0,10,0
28-07 07:03:04,20.835,6.025,72.797,0,0,1682004,10649596,219740,3699380,30428.179,16093.679,0,4.016,0,1.004,1861,1371,2.450,2.340,1.510,1,0,0,0,0,14,24,0,8,0
28-07 07:03:05,22.494,3.999,72.231,0,0,1682564,10649024,219744,3699388,44685.122,23169.841,0,3.999,0,1.000,1904,1273,2.450,2.340,1.510,1,0,1.999,0,0,14,24,0,8,0
28-07 07:03:06,20.502,6.751,72.006,0,0,1692552,10639004,219744,3699416,29718.372,15145.209,0,2084.166,0,7.001,1925,1420,2.330,2.320,1.500,1,0,1.000,0,0,14,24,0,8,0
28-07 07:03:07,22.493,4.249,72.726,0,0,1724440,10607104,219752,3699416,45475.170,23382.375,0,175.943,0,1.999,1842,1308,2.330,2.320,1.500,1,0,0,0,0,14,24,0,8,0
28-07 07:03:08,20.519,6.506,72.317,0,0,1736164,10595380,219752,3699416,29935.721,14995.886,0,0,0,0,1955,1390,2.330,2.320,1.500,1,0,4.004,0,0,14,24,0,4,0
28-07 07:03:09,19.197,7.729,72.549,0,0,1638408,10693036,219752,3699516,30545.555,15904.032,0,0,0,0,2411,1558,2.330,2.320,1.500,1,0,38.892,0,0,14,24,0,4,0
28-07 07:03:10,5.502,23.510,68.528,0,0,1628340,10703056,219760,3699552,60844.977,34168.026,0,264.108,0,40.016,4359,2786,2.330,2.320,1.500,1,0,152.062,0,0,14,24,0,4,0
28-07 07:03:11,7.515,26.552,64.626,0,0,1627508,10703884,219760,3699552,62827.638,662737.647,0,364.712,0,7.014,4883,3346,2.220,2.300,1.500,3,0,171.334,0,0,14,24,0,4,0
28-07 07:03:12,8.049,25.154,65.651,0,0,1627224,10704088,219816,3699560,72321.939,493616.351,0,969.927,0,55.338,5014,3352,2.220,2.300,1.500,1,0,166.014,0,0,14,24,0,4,0
28-07 07:03:13,6.453,22.832,68.001,0,0,1624080,10707212,219820,3699572,60536.361,32584.666,0,270.017,0,4.964,4250,2798,2.220,2.300,1.500,1,0,139.972,0,0,14,24,0,4,0
28-07 07:03:14,6.756,24.521,67.807,0,0,1613076,10718204,219820,3699584,61279.362,33325.932,0,180.151,0,3.003,4278,2751,2.220,2.300,1.500,1,0,142.119,0,0,14,24,0,4,0
28-07 07:03:15,5.995,24.981,66.699,0,0,1599848,10731432,219820,3699584,61158.947,32946.652,0,87.932,0,0.999,4168,2564,2.220,2.300,1.500,2,0,141.891,0,0,14,24,0,4,0
28-07 07:03:16,6.728,24.918,66.531,0,0,1601480,10729800,219820,3699584,45711.392,24274.023,0,486.397,0,100.668,4404,2678,2.130,2.270,1.500,2,0,146.517,0,0,14,24,0,4,0
28-07 07:03:17,5.777,24.364,69.325,0,0,1604144,10727120,219828,3699592,61693.872,33289.875,0,132.621,0,3.014,4146,2801,2.130,2.270,1.500,2,0,146.687,0,0,14,24,0,4,0
28-07 07:03:18,7.223,22.416,68.493,0,0,1611520,10719736,219828,3699592,60598.903,33637.940,0,35.866,0,0.996,4119,2601,2.130,2.270,1.500,2,0,132.503,0,0,14,24,0,4,0
28-07 07:03:19,20.778,6.509,72.099,0,0,1660924,10670344,219828,3699580,45100.725,22869.299,0,0,0,0,1983,1505,2.130,2.270,1.500,3,0,1.001,0,0,14,24,0,4,0
28-07 07:03:20,26.634,9.459,62.477,0,0,1711560,10619704,219828,3700976,44778.430,22406.141,0,0,0,0,2663,2801,2.130,2.270,1.500,7,0,37.835,0,0,14,24,0,3,0
28-07 07:03:21,28.936,10.316,60.388,0,0,1739680,10591568,219828,3699584,30553.120,14686.271,0,330.119,0,61.394,2864,10561,2.040,2.250,1.490,1,0,3.019,0,0,14,24,0,4,0
28-07 07:03:22,21.250,5.750,72.249,0,0,1701048,10630096,219908,3699608,15035.860,7295.932,0,691.994,0,69.999,2020,1658,2.040,2.250,1.490,1,0,1.000,0,0,14,24,0,4,0
28-07 07:03:23,21.714,5.491,72.130,0,0,1721812,10609352,219908,3699588,45115.776,22799.984,0,3.993,0,0.998,1969,1373,2.040,2.250,1.490,1,0,1.997,0,0,14,24,0,4,0
28-07 07:03:24,20.784,6.010,72.619,0,0,1741828,10589336,219908,3699588,29700.805,14844.393,0,0,0,0,1881,1291,2.040,2.250,1.490,1,0,2.003,0,0,14,24,0,4,0
28-07 07:03:25,23.254,4.001,72.763,0,0,1710968,10620176,219908,3699608,29836.135,14808.549,0,20.003,0,1.000,1780,1176,2.040,2.250,1.490,1,0,1.000,0,0,14,24,0,4,0
28-07 07:03:26,20.005,6.501,72.267,0,0,1706952,10624204,219908,3699596,15868.624,7687.756,0,76.017,0,1.000,1900,1465,1.950,2.230,1.490,1,0,2.000,0,0,14,24,0,4,0
28-07 07:03:27,21.368,5.782,72.651,0,0,1724004,10607144,219916,3699596,45447.944,23749.132,0,205.133,0,35.194,1901,1285,1.950,2.230,1.490,1,0,2.011,0,0,14,24,0,4,0
28-07 07:03:28,21.862,4.720,72.542,0,0,1746768,10584380,219916,3699596,29346.804,14661.477,0,27.824,0,2.981,1734,1165,1.950,2.230,1.490,1,0,0,0,0,14,24,0,4,0
28-07 07:03:29,22.512,5.253,71.789,0,0,1708140,10622996,219916,3699608,30169.278,14599.877,0,4.002,0,1.001,1884,1292,1.950,2.230,1.490,1,0,4.002,0,0,14,24,0,3,0
28-07 07:03:30,21.504,5.251,72.514,0,0,1739108,10592052,219916,3699584,30467.794,15692.984,0,0,0,0,1806,1342,1.950,2.230,1.490,1,0,0,0,0,14,24,0,3,0
28-07 07:03:31,22.003,4.751,72.758,0,0,1750252,10580904,219916,3699588,30097.504,14725.714,0,172.020,0,6.001,1806,1224,1.880,2.210,1.490,1,0,2.000,0,0,14,24,0,3,0
28-07 07:03:32,20.477,8.740,69.673,0,0,1762796,10568300,219976,3699588,53429.712,1053459.044,0,779.135,0,84.906,2782,1879,1.880,2.210,1.490,1,0,3.996,0,0,14,24,0,3,0
28-07 07:03:33,23.508,3.251,73.024,0,0,1709344,10621728,219976,3699612,15219.899,7364.370,0,24.008,0,1.000,1687,1059,1.880,2.210,1.490,1,0,1.000,0,0,14,24,0,1,0
28-07 07:03:34,20.391,6.465,71.865,0,0,1701364,10629716,219976,3699604,21737.565,9238.515,0,3.979,0,0.995,1835,1410,1.880,2.210,1.490,3,0,0,0,0,14,24,0,1,0
28-07 07:03:35,22.776,4.255,72.333,0,0,1701588,10629492,219976,3699604,52999.463,28520.537,0,8.009,0,2.002,1945,1290,1.880,2.210,1.490,1,0,4.005,0,0,14,24,0,1,0
28-07 07:03:36,20.601,6.532,73.109,0,0,1727544,10603536,219976,3699604,29798.127,14826.709,0,72.355,0,2.010,1784,1244,1.810,2.190,1.480,1,0,0,0,0,14,24,0,1,0
28-07 07:03:37,22.221,4.994,71.908,0,0,1673092,10657964,219984,3699620,15457.144,7286.640,0,63.918,0,1.997,1775,1173,1.810,2.190,1.480,1,0,0.999,0,0,14,24,0,1,0
28-07 07:03:38,21.268,6.005,71.810,0,0,1709308,10621776,219984,3699592,44593.129,23343.436,0,168.140,0,35.029,2021,1444,1.810,2.190,1.480,3,0,2.002,0,0,14,24,0,1,0
28-07 07:03:39,21.753,5.751,72.510,0,0,1734428,10596656,219984,3699592,29981.980,15146.011,0,0,0,0,1815,1278,1.810,2.190,1.480,1,0,3.000,0,0,14,24,0,1,0
28-07 07:03:40,22.757,3.501,72.772,0,0,1747812,10583244,219984,3699620,30152.909,15752.654,0,32.009,0,2.001,1700,1154,1.810,2.190,1.480,1,0,0,0,0,14,24,0,1,0
28-07 07:03:41,20.248,6.250,72.494,0,0,1722944,10608196,219984,3699536,15153.830,7913.389,0,47.996,0,2.000,1850,1327,1.740,2.170,1.480,1,0,3.000,0,0,14,24,0,1,0
28-07 07:03:42,21.747,5.249,72.240,0,0,1760660,10570396,220056,3699548,30738.640,16135.711,0,607.914,0,51.993,2061,1672,1.740,2.170,1.480,1,0,0,0,0,14,24,0,1,0
28-07 07:03:43,20.964,5.990,72.875,0,0,1790100,10540956,220056,3699548,44191.100,22497.360,0,151.739,0,30.947,1938,1271,1.740,2.170,1.480,1,0,1.997,0,0,14,24,0,1,0
28-07 07:03:44,21.036,6.261,72.374,0,0,1786912,10544144,220056,3699548,15067.872,7699.220,0,84.144,0,1.002,1734,1087,1.740,2.170,1.480,1,0,2.003,0,0,14,24,0,1,0
28-07 07:03:45,21.251,5.250,72.252,0,0,1729364,10601620,220056,3699620,30371.764,15358.386,0,0,0,0,1841,1251,1.740,2.170,1.480,3,0,1.000,0,0,14,24,0,1,0
28-07 07:03:46,22.502,4.250,72.756,0,0,1725052,10605932,220056,3699620,16120.324,8758.719,0,16.001,0,2.000,1779,1270,1.680,2.150,1.480,1,0,0,0,0,14,24,0,1,0
28-07 07:03:47,19.743,7.247,72.475,0,0,1702588,10628396,220064,3699612,44845.297,22726.042,0,107.962,0,4.998,2006,1547,1.680,2.150,1.480,1,0,2.999,0,0,14,24,0,1,0
28-07 07:03:48,23.510,8.003,67.527,0,0,1732056,10598892,220064,3699644,44634.066,23333.444,0,0,0,0,2133,1391,1.680,2.150,1.480,1,0,6.002,0,0,14,24,0,1,0
28-07 07:03:49,20.999,6.000,72.246,0,0,1757740,10573208,220064,3699644,29709.446,15371.196,0,171.991,0,32.998,1968,1414,1.680,2.150,1.480,1,0,3.000,0,0,14,24,0,1,0
28-07 07:03:50,22.254,4.751,72.512,0,0,1717568,10613360,220064,3699664,29657.016,15390.603,0,0,0,0,1810,1193,1.680,2.150,1.480,1,0,3.001,0,0,14,24,0,1,0
28-07 07:03:51,21.999,5.250,72.747,0,0,1743296,10587656,220064,3699640,30444.861,15865.406,0,0,0,0,1834,1368,1.630,2.130,1.480,1,0,0,0,0,14,24,0,1,0
28-07 07:03:52,22.492,3.749,72.726,0,0,1711220,10619700,220072,3699664,44804.018,22984.315,0,139.953,0,11.996,1822,1262,1.630,2.130,1.480,1,0,1.000,0,0,14,24,0,1,0
28-07 07:03:53,20.350,7.286,72.608,0,0,1714672,10616260,220072,3699652,45464.287,23994.370,0,44.218,0,3.015,2009,1514,1.630,2.130,1.480,1,0,2.010,0,0,14,24,0,1,0
28-07 07:03:54,21.599,4.965,72.492,0,0,1736520,10594408,220072,3699656,29326.629,15265.100,0,142.999,0,31.777,1860,1266,1.630,2.130,1.480,1,0,1.986,0,0,14,24,0,1,0
28-07 07:03:55,23.163,3.777,72.762,0,0,1752052,10578864,220072,3699668,30251.052,15660.292,0,12.085,0,1.007,1766,1159,1.630,2.130,1.480,1,0,0,0,0,14,24,0,1,0
28-07 07:03:56,5.723,24.635,67.435,0,0,1691268,10639616,220072,3699700,30398.093,17217.623,0,95.554,0,3.981,4229,2632,1.580,2.110,1.470,1,0,164.233,0,0,14,24,0,1,0
28-07 07:03:57,5.751,26.256,65.765,0,0,1675812,10655068,220072,3699704,45567.072,24411.396,0,124.027,0,10.002,4347,2744,1.580,2.110,1.470,1,0,166.037,0,0,14,24,0,1,0
28-07 07:03:58,8.000,22.500,69.000,0,0,1668128,10662744,220080,3699704,60626.331,32294.176,0,128.001,0,5.000,4029,2644,1.580,2.110,1.470,1,0,135.001,0,0,14,24,0,1,0
28-07 07:03:59,20.500,8.750,69.749,0,0,1677816,10653044,220080,3699716,85824.900,1115369.709,0,20.000,0,3.000,2674,1971,1.580,2.110,1.470,1,0,4.000,0,0,14,24,0,1,0
28-07 07:04:00,23.998,5.000,70.244,0,0,1722924,10607936,220080,3699716,29856.364,14966.679,0,147.987,0,31.997,1852,1241,1.580,2.110,1.470,1,0,0,0,0,14,24,0,1,0
28-07 07:04:01,24.995,2.000,72.734,0,0,1728884,10601752,220080,3699940,29616.520,14588.808,0,0,0,0,1735,1118,1.530,2.090,1.470,1,0,0,0,0,14,24,0,1,0
28-07 07:04:02,19.091,7.787,72.597,0,0,1693324,10637256,220080,3699996,44808.300,24491.131,0,48.231,0,3.014,2107,1600,1.530,2.090,1.470,3,0,11.053,0,0,14,24,0,1,0
28-07 07:04:03,21.399,5.225,72.407,0,0,1697388,10633176,220092,3699996,44675.597,22825.988,0,386.173,0,43.793,1945,1311,1.530,2.090,1.470,1,0,0,0,0,14,24,0,1,0
28-07 07:04:04,22.432,4.486,72.530,0,0,1691140,10639420,220092,3699996,29382.868,14613.670,0,3.988,0,0.997,1771,1117,1.530,2.090,1.470,2,0,4.985,0,0,14,24,0,1,0
28-07 07:04:05,7.270,29.581,61.167,0.251,0,1673596,10656852,220092,3700112,61528.696,64261.143,40.109,4.011,2.005,1.003,4496,2930,1.530,2.090,1.470,4,0,196.536,0,0,14,24,0,1,0
28-07 07:04:06,6.000,23.248,68.245,0,0,1669088,10661348,220092,3700124,45428.895,25138.282,0,215.985,0,31.998,4227,2684,1.410,2.060,1.460,2,0,146.990,0,0,14,24,0,1,0
28-07 07:04:07,6.493,24.223,67.675,0,0,1637816,10692616,220092,3700128,60621.792,32749.692,0,55.938,0,1.998,4137,2673,1.410,2.060,1.460,1,0,145.838,0,0,14,24,0,1,0
28-07 07:04:08,5.744,24.975,66.932,0,0,1618756,10711664,220100,3700132,60514.526,32403.083,0,127.870,0,3.996,4372,2775,1.410,2.060,1.460,1,0,153.844,0,0,14,24,0,1,0
28-07 07:04:09,6.002,24.760,67.528,0,0,1613904,10716516,220100,3700132,60779.780,32237.143,0,28.011,0,1.000,4302,2725,1.410,2.060,1.460,1,0,157.064,0,0,14,24,0,1,0
28-07 07:04:10,6.264,26.058,66.148,0,0,1610964,10719452,220100,3700136,56159.426,28158.890,0,180.403,0,3.007,4257,2688,1.410,2.060,1.460,3,0,158.354,0,0,14,24,0,1,0
28-07 07:04:11,6.245,25.232,67.201,0,0,1616216,10714192,220100,3700144,50377.149,28597.081,0,155.886,0,32.976,4491,2770,1.370,2.040,1.460,1,0,168.876,0,0,14,24,0,1,0
28-07 07:04:12,6.003,25.262,66.532,0,0,1622060,10708340,220100,3700144,60997.686,32411.774,0,4.002,0,1.000,4353,2753,1.370,2.040,1.460,2,0,158.077,0,0,14,24,0,1,0
28-07 07:04:13,5.479,25.654,66.998,0,0,1623072,10707316,220108,3700148,60647.219,31854.360,0,358.653,0,23.910,4410,2810,1.370,2.040,1.460,1,0,154.420,0,0,14,24,0,1,0
28-07 07:04:14,7.033,25.116,67.060,0,0,1621724,10708652,220108,3700156,60923.587,33299.911,0,265.226,0,3.014,4418,2795,1.370,2.040,1.460,1,0,162.752,0,0,14,24,0,1,0
28-07 07:04:15,7.469,25.395,63.736,0,0,1616632,10713744,220108,3700156,64352.272,889945.347,0,350.547,0,3.983,4926,3151,1.370,2.040,1.460,2,0,152.368,0,0,14,24,0,1,0
28-07 07:04:16,7.024,26.339,66.224,0,0,1596664,10733708,220108,3700156,65176.557,175245.028,0,493.671,0,35.119,4418,2690,1.510,2.060,1.470,1,0,150.509,0,0,14,24,0,1,0
28-07 07:04:17,6.249,25.246,66.240,0,0,1599636,10730736,220108,3700156,60745.546,32270.978,0,355.945,0,4.999,4235,2609,1.510,2.060,1.470,1,0,149.977,0,0,14,24,0,1,0
28-07 07:04:18,5.985,25.187,66.584,0,0,1600884,10729476,220116,3700160,45659.978,23423.507,0,422.944,0,5.985,4343,2541,1.510,2.060,1.470,1,0,147.631,0,0,14,24,0,1,0
28-07 07:04:19,6.262,24.797,67.126,0,0,1605668,10724688,220116,3700164,60809.107,31501.111,0,352.662,0,4.008,4267,2580,1.510,2.060,1.470,1,0,144.271,0,0,14,24,0,1,0
28-07 07:04:20,6.725,25.405,65.754,0,0,1610952,10719404,220116,3700164,60654.691,32079.778,0,350.686,0,3.985,4358,2657,1.510,2.060,1.470,2,0,157.410,0,0,14,24,0,1,0
28-07 07:04:21,19.324,33.879,45.423,0,0,1601656,10728696,220116,3700164,61391.187,31690.890,0,353.348,0,4.015,5567,13329,1.550,2.060,1.470,1,0,174.666,0,0,14,24,0,2,0
28-07 07:04:22,6.250,23.001,69.504,0,0,1588212,10742128,220116,3700176,60699.899,33972.182,0,188.012,0,36.002,4097,2626,1.550,2.060,1.470,1,0,135.009,0,0,14,24,0,1,0
28-07 07:04:23,5.755,24.270,68.057,0,0,1598020,10732308,220124,3700180,46459.641,24982.778,0,220.183,0,21.017,4104,2599,1.550,2.060,1.470,3,0,148.123,0,0,14,24,0,1,0
28-07 07:04:24,5.495,24.476,67.683,0,0,1595788,10734540,220124,3700180,61142.306,32811.429,0,83.917,0,2.997,4312,2651,1.550,2.060,1.470,2,0,139.861,0,0,14,24,0,1,0
28-07 07:04:25,6.503,23.761,68.782,0,0,1589124,10741196,220124,3700188,60843.465,33145.507,0,56.026,0,2.001,4237,2676,1.550,2.060,1.470,1,0,142.066,0,0,14,24,0,1,0
28-07 07:04:26,5.999,25.496,67.238,0,0,1592648,10737672,220124,3700188,61174.402,32938.294,0,55.990,0,2.000,4283,2712,1.500,2.040,1.470,1,0,146.975,0,0,14,24,0,1,0
28-07 07:04:27,6.235,24.440,67.085,0,0,1593624,10736684,220124,3700196,46228.162,24164.494,0,351.135,0,35.912,4209,2608,1.500,2.040,1.470,1,0,136.663,0,0,14,24,0,1,0
28-07 07:04:28,7.012,24.793,66.865,0,0,1596632,10733624,220132,3700204,61203.428,32540.053,0,108.186,0,6.010,4334,2706,1.500,2.040,1.470,3,0,153.264,0,0,14,24,0,1,0
28-07 07:04:29,5.247,26.234,66.210,0,0,1601136,10729120,220132,3700204,61372.001,32180.600,0,23.986,0,5.996,4386,2792,1.500,2.040,1.470,1,0,161.902,0,0,14,24,0,1,0
28-07 07:04:30,7.262,27.045,63.605,0,0,1591784,10738336,220140,3700332,82321.414,915655.322,0,96.159,0,7.012,5234,3368,1.500,2.040,1.470,2,0,167.277,0,0,14,24,0,1,0
28-07 07:04:31,6.001,24.756,67.515,0,0,1591304,10738736,220212,3700340,54279.191,200172.957,0,1040.234,0,47.011,4543,2896,1.460,2.020,1.460,3,0,159.036,0,0,14,24,0,1,0
28-07 07:04:32,9.396,23.736,63.791,0,0,1591036,10738192,220212,3700796,60372.772,32921.972,0,0,0,0,4930,5007,1.460,2.020,1.460,5,0,96.922,0,0,14,24,0,1,0
28-07 07:04:33,13.396,33.111,52.321,0,0,1587052,10740040,220212,3703212,61403.649,31529.855,0,9252.909,0,917.001,9432,8233,1.460,2.020,1.460,3,0,196.139,0,0,14,24,0,1,0
28-07 07:04:34,19.240,37.480,41.728,0,0,1597796,10729236,220260,3703216,61386.754,33316.499,0,379.800,0,17.991,5392,3390,1.460,2.020,1.460,2,0,207.891,0,0,14,24,0,3,0
28-07 07:04:35,26.980,32.226,39.221,0,0,1653588,10673408,220284,3703228,45551.909,23898.115,0,383.713,0,15.988,4950,2714,1.460,2.020,1.460,4,0,166.875,0,0,14,24,0,3,0
28-07 07:04:36,41.758,42.008,15.503,0,0,1681708,10645252,220320,3703228,60588.226,31846.426,0,112.023,0,9.002,5359,3289,1.660,2.050,1.480,5,0,260.052,0,0,14,24,0,3,0
28-07 07:04:37,45.552,52.348,2.013,0.252,0,1738272,10583796,221536,3706836,62223.111,32483.665,491.262,1336.876,9.060,48.321,5866,5266,1.660,2.050,1.480,6,0,419.787,0,0,14,24,0,7,0
28-07 07:04:38,82.655,16.280,0.751,0,0,1876684,10441300,221892,3709804,44699.558,23085.154,0,6219.627,0,497.931,6067,2980,1.660,2.050,1.480,4,0,21.039,0,0,14,26,0,8,0
28-07 07:04:39,68.140,19.680,5.904,2.952,0,1935104,10371020,226776,3716232,29939.499,15066.671,436.886,23363.574,9.840,2122.441,12394,17235,1.660,2.050,1.480,3,0,59.039,0,0,14,28,0,8,0
28-07 07:04:40,55.640,22.604,14.904,3.974,0,1949544,10344560,231432,3723064,30305.999,14937.394,0,50719.974,0,3179.437,13837,22499,1.660,2.050,1.480,5,1,75.512,0,0,14,30,0,8,0
28-07 07:04:41,55.577,21.978,13.894,5.052,0,1932208,10352960,236212,3726952,15192.655,7439.197,0,50738.515,0,3022.363,14545,21113,2.010,2.120,1.500,7,0,45.472,0,0,14,28,0,8,0
28-07 07:04:42,51.831,28.294,12.520,5.008,0,1906784,10370148,240472,3730676,15289.840,7469.647,0,31521.148,0,2258.521,13754,18678,2.010,2.120,1.500,4,1,117.183,0,0,14,28,0,8,0
28-07 07:04:43,64.925,20.726,7.741,4.245,0,1951448,10318992,244584,3732820,15538.980,7449.361,0,39969.649,0,2501.100,13171,18572,2.010,2.120,1.500,7,0,50.941,0,0,14,28,0,8,0
28-07 07:04:44,51.495,25.998,14.499,4.750,0,1978796,10283260,249176,3736380,15844.587,7909.295,0,40284.407,0,2584.769,13220,19736,2.010,2.120,1.500,10,0,94.992,0,0,14,32,0,9,0
28-07 07:04:45,52.161,15.723,21.463,5.491,0,1973868,10280768,253828,3738888,44577.802,21998.398,0,33614.542,0,2501.724,14057,20704,2.010,2.120,1.500,6,1,26.954,0,0,14,36,0,10,0
28-07 07:04:46,42.729,26.642,22.370,5.278,0,1952660,10294872,258528,3741108,29811.426,14803.165,0,42668.182,0,2721.554,13776,19522,2.170,2.150,1.520,3,0,106.570,0,0,14,36,0,10,0
28-07 07:04:47,58.549,17.440,16.194,4.734,0,1903712,10337932,262372,3742964,15103.227,7271.075,0,25365.050,0,1982.205,10747,14710,2.170,2.150,1.520,3,0,28.901,0,0,14,34,0,10,0
28-07 07:04:48,42.471,34.771,16.392,2.980,0,1911312,10325972,265692,3743876,15158.277,7409.256,0,25170.410,0,1854.798,11797,15971,2.170,2.150,1.520,13,1,132.131,0,0,14,36,0,10,0
28-07 07:04:49,39.840,27.813,23.052,6.014,0,1891068,10340136,269172,3746364,15189.399,7378.710,1487.368,26259.469,15.034,2015.565,12753,17537,2.170,2.150,1.520,3,1,115.261,0,0,14,37,0,10,0
28-07 07:04:50,43.799,30.112,17.171,4.479,0,1882728,10342724,272336,3749276,15086.818,7410.021,1998.834,22994.556,26.877,1773.866,12641,19296,2.170,2.150,1.520,6,0,115.470,0,0,14,37,0,11,0
28-07 07:04:51,52.636,26.444,15.615,3.022,0,1875128,10346900,274936,3749600,15448.308,7349.909,0,25744.830,0,1840.499,12637,19157,2.240,2.160,1.520,5,0,84.621,0,0,14,37,0,12,0
28-07 07:04:52,44.644,36.413,14.964,1.995,0,1775840,10444124,276176,3750296,640.474,0,1061.470,11441.731,21.948,1098.382,9973,13278,2.240,2.160,1.520,4,1,124.703,0,0,14,36,0,12,0
28-07 07:04:53,51.754,26.882,15.074,3.768,0,1811052,10405572,278500,3751224,15169.319,7331.921,799.919,26763.121,13.064,2021.906,11712,16863,2.240,2.160,1.520,5,0,86.423,0,0,14,36,0,12,0
28-07 07:04:54,39.728,20.738,30.983,5.247,0,1833184,10380120,280412,3752540,15757.106,8133.409,0,32713.534,0,2474.603,13166,18455,2.240,2.160,1.520,3,0,71.959,0,0,14,36,0,12,0
28-07 07:04:55,38.300,14.519,36.547,5.257,0,1831148,10378024,282416,3754548,44981.153,22388.945,0,33887.811,0,2479.205,13320,19503,2.240,2.160,1.520,5,0,21.027,0,0,14,37,0,12,0
28-07 07:04:56,42.033,11.259,37.279,5.004,0,1828824,10376512,284584,3756124,29839.604,14603.552,0,24555.424,0,1792.418,12299,17089,2.220,2.160,1.530,4,0,29.023,0,0,14,37,0,12,0
28-07 07:04:57,37.009,15.754,35.509,5.501,0,1768988,10430468,288476,3757928,15320.668,7297.747,0,36164.659,0,2666.638,14390,20900,2.220,2.160,1.530,2,0,41.010,0,0,14,36,0,13,0
28-07 07:04:58,29.766,24.557,36.464,5.457,0,1771844,10421192,292692,3759976,40103.230,1034714.530,0,23102.667,0,2552.962,13584,17773,2.220,2.160,1.530,3,1,118.073,0,0,14,36,0,13,0
28-07 07:04:59,40.782,15.356,33.733,5.790,0,1812760,10372808,297220,3762708,15320.889,7479.695,0,27864.584,0,2359.306,12961,19030,2.220,2.160,1.530,3,0,48.334,0,0,14,36,0,13,0
28-07 07:05:00,38.645,14.555,34.379,6.775,0,1830892,10348140,302688,3763612,15797.174,7580.395,0,34906.757,0,2771.381,12651,20028,2.220,2.160,1.530,2,0,27.102,0,0,14,37,0,14,0
28-07 07:05:01,39.776,13.922,35.052,5.469,0,1827564,10346224,306824,3764592,15070.048,7255.102,0,29971.049,0,2244.348,12474,19022,2.360,2.190,1.540,4,0,17.899,0,0,14,37,0,14,0
28-07 07:05:02,39.808,13.019,37.555,5.007,0,1826056,10342724,310380,3765916,688.000,0,0,23646.386,0,1842.680,11974,17363,2.360,2.190,1.540,1,2,23.033,0,0,14,37,0,14,0
28-07 07:05:03,37.708,16.482,35.960,5.494,0,1744748,10418448,314692,3767028,15078.161,7449.680,0,30150.328,0,2252.484,13092,18132,2.360,2.190,1.540,4,1,45.949,0,0,14,36,0,14,0
28-07 07:05:04,40.678,12.380,44.973,1.011,0,1651364,10510428,315692,3767396,363.829,0,0,8942.113,0,564.946,5029,4975,2.360,2.190,1.540,2,0,16.170,0,0,14,32,0,15,0
28-07 07:05:05,26.865,27.363,44.527,0.249,0,1698360,10463340,315748,3767432,15419.678,7669.541,0,684.567,0,35.820,4934,2996,2.360,2.190,1.540,2,0,158.207,0,0,14,33,0,15,0
28-07 07:05:06,24.200,11.975,60.875,0.499,0,1699124,10462108,316192,3767444,680.605,0,0,5820.071,0,292.401,4536,4211,2.330,2.190,1.540,2,0,46.904,0,0,14,33,0,15,0
28-07 07:05:07,24.737,3.998,69.963,0,0,1698952,10462108,316208,3767596,44981.489,37090.613,0,2114.895,0,8.995,4319,4682,2.330,2.190,1.540,1,0,0,0,0,14,33,0,15,0
28-07 07:05:08,24.262,4.002,70.035,0,0,1698928,10462108,316208,3767620,29546.764,14665.328,0,732.366,0,7.003,3698,3787,2.330,2.190,1.540,2,0,2.001,0,0,14,32,0,16,0
28-07 07:05:09,14.774,13.773,70.867,0,0,1619036,10541996,316208,3767624,30087.704,15006.791,0,2287.779,0,11.018,2682,1896,2.330,2.190,1.540,1,0,56.093,0,0,14,32,0,16,0
28-07 07:05:10,21.904,4.480,72.681,0,0,1665144,10495880,316212,3767624,14731.429,7572.807,0,465.958,0,49.782,1757,1298,2.330,2.190,1.540,1,0,0,0,0,14,32,0,16,0
28-07 07:05:11,22.174,4.983,71.504,0,0,1672192,10488824,316212,3767632,15428.847,7593.839,0,15.945,0,2.990,2609,2365,2.230,2.170,1.540,1,0,1.993,0,0,14,32,0,17,0
28-07 07:05:12,20.091,8.036,71.323,0,0,1661456,10499548,316212,3767644,15594.560,7654.635,0,0,0,0,3072,2664,2.230,2.170,1.540,2,0,34.155,0,0,14,32,0,16,0
28-07 07:05:13,19.938,6.231,72.276,0,0,1704840,10456164,316212,3767644,15108.200,7434.969,0,0,0,0,1772,1281,2.230,2.170,1.540,1,0,0,0,0,14,32,0,16,0
28-07 07:05:14,23.113,5.276,71.599,0,0,1715468,10445488,316256,3767648,440.144,0,0,1949.498,0,33.162,2419,2209,2.230,2.170,1.540,1,0,2.010,0,0,14,32,0,17,0
28-07 07:05:15,17.159,10.445,70.874,0,0,1702688,10458192,316320,3767656,16307.563,7697.202,0,632.647,0,54.710,3307,2801,2.230,2.170,1.540,1,0,50.731,0,0,14,32,0,17,0
28-07 07:05:16,19.111,8.047,72.673,0,0,1698540,10462324,316336,3767656,691.026,0,0,160.938,0,10.059,1918,1431,2.130,2.150,1.540,1,0,9.053,0,0,14,32,0,17,0
28-07 07:05:17,22.244,4.249,72.230,0,0,1697264,10463588,316344,3767660,15030.838,7617.891,0,35.990,0,3.999,2144,1734,2.130,2.150,1.540,1,0,1.999,0,0,14,32,0,17,0
28-07 07:05:18,22.997,4.499,71.239,0,0,1695624,10465216,316344,3767672,764.886,0,0,0,0,0,3497,3709,2.130,2.150,1.540,1,0,0,0,0,14,32,0,17,0
28-07 07:05:19,16.505,12.003,70.769,0,0,1658640,10502192,316344,3767680,15546.263,7298.001,0,2560.702,0,451.124,3326,1740,2.130,2.150,1.540,1,0,44.012,0,0,14,32,0,17,0
28-07 07:05:20,21.003,4.751,72.759,0,0,1672116,10488716,316344,3767680,480.059,148.018,0,0,0,0,1683,1099,2.130,2.150,1.540,1,0,2.000,0,0,14,32,0,17,0
28-07 07:05:21,23.727,6.993,68.685,0,0,1701348,10459476,316344,3767688,658.372,0,0,23.977,0,3.996,2340,1753,2.040,2.130,1.540,3,0,13.987,0,0,14,33,0,17,0
28-07 07:05:22,32.260,10.003,56.768,0,0,1653604,10507148,316384,3767704,15363.000,7688.502,0,152.049,0,16.005,4748,12735,2.040,2.130,1.540,1,0,28.009,0,0,14,32,0,18,0
28-07 07:05:23,4.995,25.475,67.934,0,0,1647080,10513632,316408,3767716,1104.932,0,0,271.737,0,14.986,4298,2540,2.040,2.130,1.540,1,0,161.844,0,0,14,32,0,17,0
28-07 07:05:24,5.760,26.296,66.868,0,0,1644404,10516224,316416,3767792,1418.505,0,0,100.177,0,4.007,4348,2486,2.040,2.130,1.540,1,0,169.299,0,0,14,32,0,17,0
28-07 07:05:25,5.998,25.490,66.724,0,0,1643560,10516984,316464,3767828,43631.802,83119.238,0,419.835,0,23.991,4644,3040,2.040,2.130,1.540,1,0,157.938,0,0,14,32,0,17,0
28-07 07:05:26,6.237,28.191,62.869,0,0,1635652,10524880,316468,3767832,49894.175,26031.830,0,75.842,0,5.988,4501,2783,2.030,2.130,1.540,2,0,181.622,0,0,14,32,0,17,0
28-07 07:05:27,28.262,35.265,35.015,0,0,1642428,10517836,316540,3768020,61837.899,32368.080,0,944.411,0,58.025,5445,3328,2.030,2.130,1.540,3,0,188.082,0,0,14,36,0,21,0
28-07 07:05:28,61.941,15.108,23.165,0,0,1731356,10428804,316648,3768016,61373.379,32701.045,0,531.790,0,40.287,4437,2440,2.030,2.130,1.540,3,0,16.115,0,0,14,32,0,24,0
28-07 07:05:29,61.911,14.421,23.123,0,0,1844048,10314664,316708,3769284,44383.639,23123.212,0,258.582,0,12.929,4058,1906,2.030,2.130,1.540,4,0,4.973,0,0,14,32,0,24,0
28-07 07:05:30,64.295,11.464,23.176,0,0,1947368,10208852,316768,3771364,29737.400,15339.203,0,378.795,0,3.987,3857,1589,2.030,2.130,1.540,3,0,0,0,0,14,32,0,24,0
28-07 07:05:31,63.966,10.536,22.827,3.010,0,2048244,10104592,316824,3774408,15721.205,7874.650,798.703,4125.963,9.031,156.530,4212,1834,2.110,2.140,1.550,3,0,6.020,0,0,14,32,0,24,0
28-07 07:05:32,50.254,19.405,24.132,2.239,0,2058000,10081756,322484,3781344,46055.553,23433.292,0,37078.497,0,2766.458,15101,20850,2.110,2.140,1.550,1,2,100.508,0,0,14,38,0,24,0
28-07 07:05:33,35.384,19.686,31.397,7.476,0,2058392,10070204,328324,3786348,29733.915,14544.510,0,55925.396,0,3561.372,16976,24904,2.110,2.140,1.550,3,1,116.619,0,0,14,38,0,24,0
28-07 07:05:34,39.001,17.362,30.698,7.549,0,2058620,10057604,334168,3792524,29844.426,15175.848,0,50610.317,0,3297.260,16661,24255,2.110,2.140,1.550,1,0,123.798,0,0,14,38,0,24,0
28-07 07:05:35,30.711,19.226,34.207,7.990,0,2059068,10046264,340600,3796640,30823.902,15734.042,0,61825.578,0,3877.082,17587,26872,2.110,2.140,1.550,3,1,100.872,0,0,14,38,0,24,0
28-07 07:05:36,37.277,17.893,30.319,7.952,0,2059000,10035932,346656,3800712,29595.203,14666.385,0,52919.865,0,3410.625,16074,23778,2.420,2.210,1.570,5,0,71.572,0,0,14,38,0,22,0
28-07 07:05:37,47.743,21.610,22.866,4.774,0,1967560,10116424,351508,3806484,60655.885,32328.631,0,24653.546,0,2167.035,13461,18763,2.420,2.210,1.570,4,1,156.798,0,0,14,36,0,22,0
28-07 07:05:38,44.965,22.358,22.607,6.459,0,1967396,10106904,356876,3810464,62328.045,1035778.565,0,49486.419,0,3066.568,16330,22279,2.420,2.210,1.570,9,1,89.433,0,0,14,36,0,22,0
28-07 07:05:39,49.675,18.314,23.081,6.021,0,1971732,10093044,361936,3814616,45242.156,23223.698,0,37937.459,0,2652.331,14794,19981,2.420,2.210,1.570,7,1,68.240,0,0,14,36,0,22,0
28-07 07:05:40,51.344,16.781,21.289,5.761,0,2016088,10039872,366056,3819028,30093.897,14833.058,0,43984.235,0,2706.938,13300,17180,2.420,2.210,1.570,2,1,0,0,0,14,36,0,17,0
28-07 07:05:41,43.502,18.501,27.001,6.750,0,2049356,9994260,371084,3825896,29832.404,14958.704,0,50934.397,0,3002.141,15389,21167,2.470,2.220,1.580,2,0,4.000,0,0,14,38,0,17,0
28-07 07:05:42,46.860,18.694,25.175,5.234,0,1989292,10043908,375984,3831120,30427.303,15432.000,0,45974.958,0,2741.827,14932,20323,2.470,2.220,1.580,4,2,44.866,0,0,14,36,0,17,0
28-07 07:05:43,27.235,22.238,36.980,7.246,0,1985296,10040036,381956,3832808,60524.309,31171.164,0,47886.136,0,3268.235,15990,23675,2.470,2.220,1.580,3,0,98.947,0,0,14,36,0,17,0
28-07 07:05:44,31.700,16.102,38.745,7.548,0,1978236,10040556,386008,3835112,29659.287,14684.728,0,47242.317,0,3272.666,14590,23022,2.470,2.220,1.580,2,1,56.356,0,0,14,36,0,17,0
28-07 07:05:45,45.817,7.261,43.063,2.003,0,1826108,10191396,386896,3835476,29634.069,14989.786,0,15117.972,0,996.448,6537,7528,2.470,2.220,1.580,2,0,25.036,0,0,14,32,0,17,0
28-07 07:05:46,8.710,32.103,57.238,0.498,0,1690204,10327076,386956,3835632,60480.862,40128.123,0,1361.760,0,72.667,5047,3179,2.350,2.200,1.570,1,0,205.060,0,0,14,32,0,17,0
28-07 07:05:47,18.330,10.546,69.803,0.251,0,1709580,10307700,387144,3835444,45680.163,28923.472,0,5118.203,0,265.150,3139,2440,2.350,2.200,1.570,1,0,41.179,0,0,14,32,0,17,0
28-07 07:05:48,23.008,8.503,67.774,0,0,1730724,10286316,387148,3835668,45240.744,22865.957,0,508.177,0,50.017,2344,1412,2.350,2.200,1.570,1,0,7.002,0,0,14,32,0,15,0
28-07 07:05:49,21.513,5.503,72.293,0,0,1767160,10249876,387148,3835668,30074.844,14600.663,0,4.002,0,1.001,1832,1281,2.350,2.200,1.570,1,0,1.001,0,0,14,32,0,15,0
28-07 07:05:50,22.974,3.995,72.168,0,0,1796960,10220076,387148,3835668,29959.842,14855.063,0,0,0,0,1961,1366,2.350,2.200,1.570,1,0,3.995,0,0,14,36,0,15,0
28-07 07:05:51,25.020,2.752,72.056,0,0,1795612,10221404,387172,3835664,45178.220,25295.720,0,184.144,0,15.012,2290,1914,2.240,2.180,1.570,1,0,0,0,0,14,38,0,15,0
28-07 07:05:52,19.256,7.252,72.023,0,0,1650168,10366836,387172,3835676,45230.358,24169.673,0,36.011,0,4.001,2267,1491,2.240,2.180,1.570,1,0,27.009,0,0,14,32,0,13,0
28-07 07:05:53,21.245,5.249,72.483,0,0,1689732,10327272,387172,3835676,45136.697,23606.612,0,55.987,0,3.999,1924,1334,2.240,2.180,1.570,1,0,2.999,0,0,14,32,0,13,0
28-07 07:05:54,22.006,5.502,72.271,0,0,1728216,10288740,387212,3835684,44292.676,22704.498,0,524.150,0,35.010,2073,1697,2.240,2.180,1.570,1,0,0,0,0,14,32,0,13,0
28-07 07:05:55,21.897,4.479,72.159,0,0,1768780,10248168,387220,3835684,14904.652,7731.508,0,31.850,0,2.986,1791,1219,2.240,2.180,1.570,1,0,1.991,0,0,14,32,0,13,0
28-07 07:05:56,21.999,6.500,71.247,0,0,1720416,10296500,387244,3835684,60447.855,31826.871,0,579.979,0,35.999,2455,1901,2.140,2.160,1.570,2,0,20.999,0,0,14,32,0,13,0
28-07 07:05:57,8.512,38.807,50.324,0,0,1717572,10299320,387252,3835700,61228.475,32725.823,0,232.340,0,16.023,5369,3376,2.140,2.160,1.570,3,0,253.370,0,0,14,32,0,13,0
28-07 07:05:58,11.493,45.474,41.226,0,0,1706880,10310004,387256,3835704,61768.174,546844.827,0,275.840,0,42.975,5922,3606,2.140,2.160,1.570,3,0,289.832,0,0,14,32,0,13,0
28-07 07:05:59,10.983,46.676,40.186,0,0,1691824,10325036,387256,3835728,67847.137,562419.868,0,19.968,0,3.994,5823,3495,2.140,2.160,1.570,3,0,285.546,0,0,14,32,0,13,0
28-07 07:06:00,10.020,46.842,41.331,0,0,1673520,10343316,387256,3835752,61034.617,38415.287,0,1659.252,0,13.026,5625,3373,2.140,2.160,1.570,4,0,289.567,0,0,14,32,0,11,0
28-07 07:06:01,10.537,48.419,39.638,0,0,1672872,10343960,387256,3835756,61542.656,32726.146,0,36.126,0,9.032,5742,3572,2.130,2.160,1.570,3,0,316.103,0,0,14,32,0,11,0
28-07 07:06:02,9.230,49.145,38.917,0,0,1660904,10355924,387256,3835760,46438.940,23847.131,0,27.940,0,6.985,5700,3537,2.130,2.160,1.570,2,0,314.329,0,0,14,32,0,11,0
28-07 07:06:03,8.750,47.252,41.752,0,0,1654668,10362152,387260,3835760,60758.214,32259.706,0,184.010,0,9.000,5592,3462,2.130,2.160,1.570,4,0,305.016,0,0,14,32,0,11,0
28-07 07:06:04,6.507,22.774,69.574,0,0,1647976,10368832,387260,3835772,61226.071,32354.386,0,12.013,0,3.003,4024,2663,2.130,2.160,1.570,0,0,129.137,0,0,14,32,0,10,0
28-07 07:06:05,6.498,20.744,70.728,0.250,0,1647836,10368952,387260,3835792,45763.910,24090.583,7.998,2207.320,1.000,15.995,3532,2483,2.130,2.160,1.570,1,0,95.970,0,0,15,12,0,10,20
28-07 07:06:06,7.007,22.272,69.068,0,0,1646692,10370060,387292,3835792,60879.870,34405.835,0,656.646,0,24.024,4275,3083,2.040,2.140,1.570,2,0,143.141,0,0,15,12,0,10,20
28-07 07:06:07,6.988,23.461,67.637,0,0,1639988,10376732,387296,3835812,60664.879,32286.183,0,83.860,0,4.992,4199,2657,2.040,2.140,1.570,1,0,127.787,0,0,15,12,0,10,20
28-07 07:06:08,6.748,24.243,67.230,0,0,1640492,10376200,387312,3835824,60917.076,31104.848,3.999,579.829,1.000,69.979,4276,2713,2.040,2.140,1.570,2,0,129.962,0,0,15,12,0,9,20
28-07 07:06:09,11.736,25.470,60.180,0,0,1642552,10374136,387312,3836276,45236.476,23506.706,0,7.991,0,1.998,5463,5492,2.040,2.140,1.570,8,0,136.841,0,0,15,12,0,9,20
28-07 07:06:10,16.902,23.861,56.919,0,0,1636004,10380652,387312,3836280,44509.376,23034.159,0,15.908,0,2.983,4664,5202,2.040,2.140,1.570,11,0,69.596,0,0,15,12,0,9,20
28-07 07:06:11,18.857,20.869,59.337,0,0,1634764,10381884,387316,3835836,55904.664,26307.486,0,1428.115,0,273.554,4215,2427,1.960,2.120,1.560,4,0,50.286,0,0,15,12,0,9,20
28-07 07:06:12,22.301,26.812,49.113,1.002,0,1669792,10345944,387328,3836700,50676.496,30600.344,44.101,0,2.005,0,4673,2771,1.960,2.120,1.560,1,0,141.325,0,0,17,12,0,9,20
28-07 07:06:13,6.999,22.745,68.986,0.250,0,1668792,10346800,387328,3836840,61163.480,34330.973,127.974,231.953,1.000,2.999,4188,2826,1.960,2.120,1.560,1,0,126.974,0,0,17,12,0,9,20
28-07 07:06:14,9.505,26.763,60.780,0,0,1670244,10345076,387592,3836848,87853.304,1082301.475,0,7395.645,0,350.173,5875,4257,1.960,2.120,1.560,2,0,117.058,0,0,17,12,0,9,20
28-07 07:06:15,7.506,24.518,65.549,0.250,0,1669828,10345400,387660,3836856,46282.271,24362.040,0,1953.446,0,95.070,4524,3096,1.960,2.120,1.560,1,0,122.090,0,0,17,12,0,9,20
28-07 07:06:16,14.219,25.444,59.121,0,0,1672572,10342652,387660,3837332,60170.260,30828.502,0,83.816,0,4.989,5035,5324,1.880,2.100,1.560,1,0,107.764,0,0,17,12,0,9,20
28-07 07:06:17,19.293,19.543,59.883,0,0,1678216,10336992,387660,3836940,44926.464,22533.888,0,813.802,0,6.013,4362,4854,1.880,2.100,1.560,0,0,65.144,0,0,17,12,0,8,20
28-07 07:06:18,23.337,26.348,49.183,0,0,1722128,10292652,387660,3837216,61361.900,33622.877,4.015,144.537,1.004,26.097,4985,3026,1.880,2.100,1.560,2,0,120.447,0,0,17,12,0,8,20
28-07 07:06:19,11.953,24.156,61.510,0,0,1728160,10286612,387660,3837224,45802.146,26044.299,0,0,0,0,4492,2993,1.880,2.100,1.560,1,0,147.424,0,0,19,12,0,8,20
28-07 07:06:20,7.253,24.760,66.527,0,0,1733288,10281348,387660,3837360,61693.365,32953.549,0,12.005,0,3.001,4320,2916,1.880,2.100,1.560,2,0,123.051,0,0,19,12,0,8,20
28-07 07:06:21,6.995,24.731,66.699,0,0,1736336,10278288,387660,3837368,60572.305,31609.632,0,159.877,0,4.996,4442,3043,1.810,2.080,1.560,2,0,134.896,0,0,19,12,0,8,20
28-07 07:06:22,23.002,33.753,42.504,0,0,1764652,10249952,387660,3837920,45773.789,23645.957,0,12.001,0,3.000,6065,11582,1.810,2.080,1.560,2,0,173.014,0,0,19,12,0,9,20
28-07 07:06:23,19.445,21.937,56.339,0,0,1759188,10255384,387660,3837856,44879.128,23307.591,0,347.011,0,3.989,4541,4945,1.810,2.080,1.560,1,0,65.812,0,0,19,12,0,9,20
28-07 07:06:24,24.155,22.411,51.546,0,0,1794908,10219600,387664,3837448,60395.414,31919.904,0,0,0,0,4829,3269,1.810,2.080,1.560,2,0,83.669,0,0,19,12,0,9,20
28-07 07:06:25,61.232,18.724,21.001,0,0,1973380,10040988,387716,3837500,45023.450,22958.569,0,0,0,0,4297,2849,1.810,2.080,1.560,13,0,17.206,0,0,21,12,0,8,20
28-07 07:06:26,82.501,17.804,0,0,0,2177044,9836868,387720,3837908,29714.354,15256.391,0,272.830,0,12.037,4932,3231,2.710,2.260,1.620,13,0,1.003,0,0,21,12,0,8,20
28-07 07:06:27,87.599,12.229,0,0,0,2310964,9702344,387736,3838400,15400.413,7415.198,0,3030.768,0,511.118,5876,3778,2.710,2.260,1.620,8,0,48.916,0,0,21,12,0,8,20
28-07 07:06:28,21.576,22.816,53.321,0,0,2366332,9646652,387736,3838652,52904.055,28351.732,0,59.521,0,4.960,4543,3229,2.710,2.260,1.620,2,0,118.050,0,0,21,12,0,8,20
28-07 07:06:29,6.514,22.549,68.649,0,0,2369848,9643128,387736,3838660,54308.216,30750.937,0,64.140,0,2.004,4431,3249,2.710,2.260,1.620,2,0,139.303,0,0,21,12,0,1,20
28-07 07:06:30,7.749,24.496,65.739,0,0,2362480,9650464,387736,3838672,60489.747,32342.518,0,27.995,0,3.999,4437,3133,2.710,2.260,1.620,1,0,120.979,0,0,21,12,0,1,20
28-07 07:06:31,9.217,24.912,63.526,0,0,2320564,9692376,387736,3838676,89720.152,1103678.343,0,11.958,0,2.989,5460,3618,2.650,2.260,1.620,1,0,126.553,0,0,21,12,0,1,20
28-07 07:06:32,12.538,27.833,57.673,0,0,2319220,9693664,387744,3839152,46120.077,23315.804,0,561.682,0,44.132,5177,5499,2.650,2.260,1.620,2,0,123.369,0,0,21,12,0,1,20
28-07 07:06:33,19.273,20.524,58.318,0,0,2312584,9700248,387744,3839152,44759.401,22494.335,0,20.023,0,1.001,4519,5318,2.650,2.260,1.620,1,0,69.081,0,0,21,12,0,1,20
28-07 07:06:34,23.692,24.690,49.879,0,0,2332468,9680200,387744,3838824,60113.580,31728.718,0,3.990,0,0.998,4909,3849,2.650,2.260,1.620,2,0,88.784,0,0,21,12,0,1,20
28-07 07:06:35,23.799,14.279,60.374,0,0,2366388,9645956,387744,3839128,60740.086,31901.697,0,4.008,0,1.002,3579,2685,2.650,2.260,1.620,1,0,62.128,0,0,21,12,0,1,20
28-07 07:06:36,10.250,15.500,73.501,0,0,2360436,9651788,387744,3839220,46456.653,24512.344,0,100.001,0,4.000,3504,2857,2.440,2.220,1.610,2,0,75.001,0,0,22,12,0,2,20
28-07 07:06:37,17.988,10.743,69.702,0,0,2383812,9628404,387748,3839220,44856.159,23319.966,0,183.874,0,1.999,2712,2413,2.440,2.220,1.610,2,0,18.987,0,0,22,12,0,2,20
28-07 07:06:38,23.025,4.755,71.329,0,0,2425636,9586572,387748,3839228,29596.610,14608.096,0,48.053,0,3.003,2369,2307,2.440,2.220,1.610,1,0,0,0,0,22,13,0,2,16
28-07 07:06:39,22.194,6.733,69.575,0,0,2428604,9583576,387768,3839236,29728.276,14862.642,0,347.127,0,25.935,3400,3641,2.440,2.220,1.610,2,0,2.992,0,0,22,17,0,3,10
28-07 07:06:40,23.048,6.012,69.143,0.251,0,2433576,9578284,387812,3839508,15219.455,7459.417,0,741.533,0,39.081,3591,3997,2.440,2.220,1.610,2,0,0,0,0,22,14,0,7,0
28-07 07:06:41,6.485,26.189,65.347,0,0,2414860,9596984,387812,3839524,45999.240,29496.899,0,7.981,0,1.995,4833,3438,2.480,2.230,1.620,2,0,171.598,0,0,22,14,0,7,0
28-07 07:06:42,6.764,25.553,65.635,0,0,2402064,9609780,387812,3839524,61665.937,32296.481,0,180.371,0,38.078,4865,3480,2.480,2.230,1.620,1,0,158.326,0,0,22,14,0,7,0
28-07 07:06:43,7.001,23.252,68.255,0,0,2389348,9622488,387812,3839532,45832.388,25599.892,0,0,0,0,4514,3363,2.480,2.230,1.620,2,0,136.010,0,0,22,14,0,7,0
28-07 07:06:44,6.751,24.253,66.258,0,0,2380876,9630932,387812,3839540,60855.397,34410.183,0,12.001,0,2.000,4775,3618,2.480,2.230,1.620,4,0,138.017,0,0,22,14,0,7,0
28-07 07:06:45,7.998,24.244,66.483,0,0,2376740,9635060,387816,3839544,61235.625,31192.168,0,139.965,0,4.999,4570,3302,2.480,2.230,1.620,2,0,121.969,0,0,22,14,0,7,0
28-07 07:06:46,6.996,24.237,66.465,0,0,2373900,9637896,387816,3839548,46246.747,23905.463,0,15.992,0,3.998,4566,3327,2.520,2.250,1.630,1,0,127.933,0,0,22,14,0,7,0
28-07 07:06:47,8.009,24.278,65.576,0,0,2372820,9638972,387816,3839552,61199.911,31556.564,0,16.019,0,4.005,4562,3505,2.520,2.250,1.630,2,0,122.142,0,0,22,14,0,7,0
28-07 07:06:48,12.991,32.977,51.464,0,0,2368232,9643484,387816,3840068,59935.847,30596.481,0,7.994,0,1.999,5583,5923,2.520,2.250,1.630,1,0,128.909,0,0,22,14,0,7,0
28-07 07:06:49,20.264,22.766,55.289,0,0,2355228,9656432,387816,3840064,68440.680,1045149.388,0,0,0,0,5435,6190,2.520,2.250,1.630,1,0,70.050,0,0,22,14,0,7,0
28-07 07:06:50,27.127,18.168,53.507,0,0,2376672,9635004,387832,3840056,45987.216,23674.517,0,270.771,0,31.855,4350,3395,2.520,2.250,1.630,4,0,51.765,0,0,22,14,0,7,0
28-07 07:06:51,45.469,22.860,30.145,0,0,2452940,9558584,387836,3840172,61074.678,33109.206,0,884.252,0,9.043,4846,3017,2.720,2.290,1.650,2,0,82.396,0,0,22,15,0,7,0
28-07 07:06:52,43.502,10.251,46.753,0,0,2520972,9490552,387836,3840172,29685.627,14592.800,0,4.000,0,1.000,3324,2250,2.720,2.290,1.650,2,0,0,0,0,22,15,0,7,0
28-07 07:06:53,52.379,5.436,39.531,0,0,2565028,9446464,387836,3840204,29572.388,14421.024,0,47.438,0,2.965,4200,3025,2.720,2.290,1.650,3,0,11.859,0,0,22,29,0,7,0
28-07 07:06:54,44.005,9.610,46.534,0,0,2600808,9410216,387876,3840624,26750.153,12995.215,89.022,671.713,1.012,35.407,3754,2773,2.720,2.290,1.650,2,0,10.116,0,0,22,31,0,7,0
28-07 07:06:55,49.727,11.189,38.041,0,0,2631336,9376196,387892,3843740,18785.992,9497.921,0,1137.761,0,92.493,5330,6866,2.720,2.290,1.650,2,0,13.924,0,0,22,30,0,8,0
28-07 07:06:56,6.279,22.353,68.564,0,0,2628508,9378908,387900,3843848,15360.446,8924.931,0,168.774,0,13.060,4523,3502,2.580,2.270,1.640,3,0,136.627,0,0,22,30,0,8,0
28-07 07:06:57,8.245,25.736,63.215,0.500,0,2627664,9379716,387924,3843852,46187.694,26629.410,11.993,11573.659,2.998,1453.204,7563,3425,2.580,2.270,1.640,2,0,134.926,0,0,22,30,0,8,0
28-07 07:06:58,23.000,30.500,45.250,0,0,2666588,9340584,387924,3844460,60226.195,31314.101,0,676.002,0,133.000,5295,4741,2.580,2.270,1.640,3,0,132.000,0,0,22,30,0,8,0
28-07 07:06:59,19.840,23.356,56.507,0,0,2642184,9364920,387924,3844464,44971.585,22538.533,0,413.883,0,49.224,5121,5847,2.580,2.270,1.640,1,0,69.315,0,0,22,30,0,8,0
28-07 07:07:00,15.175,13.433,67.913,0.995,0,2644332,9362652,387924,3844112,44546.815,23220.704,119.407,3.980,0.995,0.995,4098,3417,2.580,2.270,1.640,1,0,81.595,0,0,22,30,0,8,0
28-07 07:07:01,18.039,22.548,58.124,0,0,2645884,9361092,387924,3844108,45326.047,22738.686,0,0,0,0,5165,5927,2.460,2.250,1.640,1,0,76.163,0,0,22,30,0,8,0
28-07 07:07:02,19.851,21.107,57.543,0,0,2638052,9368924,387924,3844108,59687.705,29787.566,0,0,0,0,4751,5784,2.460,2.250,1.640,4,0,65.332,0,0,22,30,0,8,0
28-07 07:07:03,19.586,27.024,48.593,2.727,0,2699564,9305384,387944,3846068,45858.282,24463.304,1908.035,777.494,42.643,127.930,5339,3786,2.460,2.250,1.640,3,0,128.921,0,0,22,34,0,8,0
28-07 07:07:04,20.760,23.011,54.275,0,0,2704924,9299968,387976,3846080,45949.318,24759.487,0,1168.542,0,26.012,4985,3973,2.460,2.250,1.640,1,0,104.048,0,0,22,46,0,8,0
28-07 07:07:05,11.503,23.257,62.518,0,0,2707884,9296972,387980,3846488,61044.160,33251.347,4.001,24.007,1.000,5.001,5734,6076,2.460,2.250,1.640,2,0,110.031,0,0,22,46,0,8,0
28-07 07:07:06,18.194,27.415,52.089,0,0,2714788,9290020,387980,3846496,45031.056,22578.334,0,0,0,0,5508,6089,2.340,2.230,1.630,13,0,122.622,0,0,22,46,0,8,0
28-07 07:07:07,18.071,28.863,50.950,1.506,0,2702732,9300628,388012,3847496,60299.472,31194.332,1465.748,248.976,32.126,10.039,4407,3780,2.340,2.230,1.630,1,0,125.492,0,0,22,46,0,8,0
28-07 07:07:08,3.251,3.251,91.539,0.250,0,2699488,9303720,388016,3847608,56122.139,508792.844,0,268.115,0,32.014,2145,2684,2.340,2.230,1.630,2,0,11.005,0,0,22,46,0,8,0
28-07 07:07:09,7.739,23.216,66.652,0.250,0,2700004,9301320,388016,3849472,58500.772,608319.365,1721.463,3.994,19.971,0.999,4771,3516,2.340,2.230,1.630,1,0,123.817,0,0,24,46,0,8,0
28-07 07:07:10,18.022,21.276,58.071,0,0,2704640,9296688,388016,3849476,44915.084,22852.026,0,0,0,0,5035,6377,2.340,2.230,1.630,2,0,82.101,0,0,24,46,0,8,0
28-07 07:07:11,18.754,24.006,56.013,0,0,2703776,9297480,388016,3849480,44837.638,22735.394,4.001,4.001,1.000,1.000,5648,6275,2.310,2.220,1.640,1,0,87.021,0,0,24,46,0,8,0
28-07 07:07:12,7.246,30.235,58.720,0.750,0,2709428,9289884,388016,3851360,60959.001,32805.318,1867.051,0,21.989,0,4975,3603,2.310,2.220,1.640,1,0,155.921,0,0,24,48,0,8,0
28-07 07:07:13,7.733,22.951,67.854,0,0,2707696,9291592,388020,3851372,60716.452,33274.456,0,283.391,0,26.942,4723,3502,2.310,2.220,1.640,1,0,141.695,0,0,24,48,0,8,0
28-07 07:07:14,7.017,24.060,67.167,0,0,2707252,9292024,388020,3851384,46076.560,25790.122,0,4.010,0,1.002,4575,3509,2.310,2.220,1.640,1,0,140.349,0,0,24,48,0,8,0
28-07 07:07:15,8.004,24.013,65.536,0,0,2709208,9290032,388020,3851388,60412.300,31685.466,0,24.013,0,6.003,4550,3386,2.310,2.220,1.640,2,0,122.067,0,0,24,48,0,8,0
28-07 07:07:16,7.497,24.490,66.224,0,0,2711140,9288096,388020,3851392,61077.807,31637.468,0,11.995,0,2.999,4637,3439,2.210,2.200,1.630,1,0,122.951,0,0,24,48,0,8,0
28-07 07:07:17,17.282,23.543,58.107,0,0,2708996,9290244,388020,3851488,44909.813,23196.775,0,12.022,0,3.006,5096,5839,2.210,2.200,1.630,1,0,90.166,0,0,24,48,0,8,0
28-07 07:07:18,17.221,22.712,57.153,0,0,2716044,9283156,388024,3851400,44692.329,23496.217,0,91.844,0,2.995,5044,6138,2.210,2.200,1.630,1,0,72.877,0,0,24,48,0,8,0
28-07 07:07:19,23.225,29.219,45.951,0,0,2738480,9260676,388032,3851400,60700.923,32720.920,0,2968.817,0,550.410,6252,3687,2.210,2.200,1.630,3,0,116.875,0,0,24,48,0,8,0
28-07 07:07:20,27.416,28.911,41.373,0,0,2784248,9214884,388032,3851424,49131.140,24959.361,0,95.706,0,3.988,5265,3420,2.210,2.200,1.630,2,0,156.519,0,0,24,48,0,8,0
28-07 07:07:21,26.753,29.503,43.005,0,0,2828552,9170488,388052,3851504,57715.603,33085.785,0,124.014,0,3.000,5122,3359,2.190,2.200,1.640,3,0,121.014,0,0,24,48,0,8,0
28-07 07:07:22,29.248,29.000,38.171,0.248,0,2855524,9141844,388088,3853008,60193.875,32589.483,23.795,261.747,2.974,4.957,6082,5628,2.190,2.200,1.640,3,0,145.745,0,0,24,52,0,9,0
28-07 07:07:23,37.468,37.468,24.304,0.253,0,2907856,9089460,388100,3853020,66735.165,37373.150,8.101,20.253,2.025,4.051,5982,19600,2.190,2.200,1.640,3,0,189.367,0,0,24,52,0,11,0
28-07 07:07:24,25.244,32.242,40.240,0,0,2967184,9030100,388112,3853028,56988.447,490375.378,0,1031.755,0,81.981,6024,4190,2.190,2.200,1.640,3,0,164.961,0,0,24,52,0,11,0
28-07 07:07:25,28.135,27.139,42.575,0.249,0,3015592,8981676,388116,3853036,77005.195,602228.213,3.984,601.533,0.996,3.984,5846,3845,2.190,2.200,1.640,3,0,139.428,0,0,24,52,0,12,0
28-07 07:07:26,31.626,36.686,31.120,1.265,0,3009552,8983576,388128,3857016,61658.421,33657.810,80.962,1307.532,15.180,86.022,5472,3516,2.420,2.250,1.650,4,0,134.599,0,0,24,52,0,11,0
28-07 07:07:27,13.391,39.926,41.414,2.728,0,3000068,8989168,388144,3860780,59899.204,31782.239,119.035,150.777,29.759,16.863,5226,3651,2.420,2.250,1.650,3,0,123.994,0,0,24,52,0,11,0
28-07 07:07:28,16.482,35.711,43.203,2.248,0,3004036,8985056,388148,3860920,45659.896,24057.601,127.860,5637.813,29.967,787.136,6501,3393,2.420,2.250,1.650,2,0,116.872,0,0,24,52,0,11,0
28-07 07:07:29,7.499,25.246,65.491,0,0,2992308,8996780,388148,3860924,60550.432,31729.510,0,11.998,0,3.000,4541,3424,2.420,2.250,1.650,1,0,123.982,0,0,24,52,0,11,0
28-07 07:07:30,18.257,22.258,56.770,0,0,2981572,9007504,388148,3861024,44942.209,23614.517,0,8.003,0,2.001,4486,5605,2.420,2.250,1.650,1,0,77.028,0,0,24,52,0,11,0
28-07 07:07:31,20.439,22.457,56.774,0,0,2987124,9001972,388148,3861416,45701.756,23807.708,0,0,0,0,5171,6473,2.300,2.230,1.650,1,0,72.671,0,0,24,52,0,11,0
28-07 07:07:32,29.930,27.209,40.566,0,0,3011980,8977064,388148,3861392,44762.724,24226.605,0,3.958,0,0.989,4965,3549,2.300,2.230,1.650,4,0,75.195,0,0,24,52,0,11,0
28-07 07:07:33,47.079,31.553,20.785,0,0,3099640,8889368,388164,3861412,61529.657,35057.060,0,120.203,0,3.005,5595,3414,2.300,2.230,1.650,4,0,134.226,0,0,24,52,0,11,0
28-07 07:07:34,51.572,27.156,19.931,0,0,3139124,8849656,388172,3861624,60729.827,33099.450,0,3.986,0,0.997,5673,3862,2.300,2.230,1.650,3,0,127.559,0,0,24,52,0,11,0
28-07 07:07:35,49.038,30.867,18.420,0,0,3180352,8807756,388188,3862216,49054.970,24147.627,3.983,569.538,0.996,6.970,5532,3980,2.300,2.230,1.650,4,0,120.479,0,0,24,52,0,11,0
28-07 07:07:36,49.869,30.919,18.701,0,0,3225656,8760940,388236,3863520,60808.848,32072.059,0,769.985,0,67.822,5727,3659,2.360,2.240,1.660,8,0,109.713,0,0,24,52,0,11,0
28-07 07:07:37,48.922,29.253,14.878,5.800,0,3253488,8731148,388988,3864804,45794.336,23940.677,702.061,407.518,112.975,12.104,6449,6441,2.360,2.240,1.660,3,0,101.880,0,0,24,54,0,11,0
28-07 07:07:38,59.821,22.092,17.375,0.248,0,3349204,8635316,388996,3864808,59376.997,29911.399,0,1036.563,0,3.972,6003,6710,2.360,2.240,1.660,3,0,75.459,0,0,24,56,0,10,0
28-07 07:07:39,41.615,35.097,19.053,1.253,0,3375712,8604648,391196,3866216,46124.125,24688.044,0,12105.364,0,1306.601,10962,13909,2.360,2.240,1.660,6,0,90.249,0,0,24,56,0,10,0
28-07 07:07:40,45.641,30.839,18.010,1.480,0,3415436,8552364,393472,3876164,71593.480,537766.229,0,16200.013,0,1085.527,11220,14170,2.360,2.240,1.660,6,0,104.605,0,0,24,56,0,10,0
28-07 07:07:41,49.352,29.255,18.825,1.526,0,3447800,8514392,395460,3879624,59103.730,544294.034,0,10000.714,0,1040.978,10566,13178,2.730,2.320,1.690,5,0,105.828,0,0,24,56,0,10,0
28-07 07:07:42,46.485,31.409,18.594,0.754,0,3470308,8487732,397176,3881940,61015.978,31989.467,0,9118.023,0,978.941,10020,12201,2.730,2.320,1.690,3,0,105.533,0,0,24,56,0,10,0
28-07 07:07:43,60.176,29.469,8.420,0.248,0,3519416,8435092,397456,3884844,45045.057,23158.954,523.008,2191.087,6.934,159.478,6721,7885,2.730,2.320,1.690,5,0,134.714,0,0,24,62,0,8,0
28-07 07:07:44,57.289,32.916,10.051,0,0,3568020,8385400,397508,3886384,60565.035,31786.090,0,2146.812,0,202.017,7719,9722,2.730,2.320,1.690,3,0,138.699,0,0,24,64,0,10,0
28-07 07:07:45,40.296,27.113,30.347,0.249,0,3576944,8374692,397548,3888096,44541.799,22812.660,0,740.257,0,40.794,7321,10680,2.730,2.320,1.690,3,0,108.452,0,0,24,78,0,20,0
28-07 07:07:46,20.368,23.385,55.571,0,0,3589828,8361688,397584,3887612,45230.316,23487.699,0,579.347,0,28.163,4422,3344,2.670,2.310,1.690,3,0,65.378,0,0,24,78,0,20,0
28-07 07:07:47,25.645,30.127,42.825,0,0,3642552,8308736,397820,3887600,61389.061,35218.040,0,4075.341,0,184.247,5667,4076,2.670,2.310,1.690,4,0,124.491,0,0,24,78,0,20,0
28-07 07:07:48,33.273,33.025,31.783,0,0,3698072,8253048,397872,3887668,46310.015,26705.780,0,893.901,0,48.668,5384,3614,2.670,2.310,1.690,3,0,129.119,0,0,24,78,0,20,0
28-07 07:07:49,27.570,30.352,41.481,0,0,3728880,8222088,397872,3887812,61087.048,32120.300,0,10101.080,0,40.469,5137,3397,2.670,2.310,1.690,2,0,117.360,0,0,24,78,0,20,0
28-07 07:07:50,29.949,25.956,42.428,0,0,3761808,8189128,397872,3887844,60619.780,31231.336,0,11.980,0,2.995,5294,3612,2.670,2.310,1.690,2,0,117.801,0,0,24,80,0,20,0
28-07 07:07:51,34.276,33.015,32.259,0,0,3748008,8201440,397872,3889796,46545.224,23910.238,0,8.065,0,2.016,7542,9864,2.620,2.310,1.690,1,0,140.127,0,0,24,78,0,22,0
28-07 07:07:52,19.630,20.872,57.150,0,0,3747388,8201984,397876,3889812,44436.137,22687.198,0,103.368,0,2.982,5082,6316,2.620,2.310,1.690,2,0,74.544,0,0,24,78,0,22,0
28-07 07:07:53,20.466,24.459,53.411,0,0,3747136,8202236,397888,3889328,60219.017,32160.603,0,207.655,0,6.988,4763,3644,2.620,2.310,1.690,2,0,80.866,0,0,24,78,0,22,0
28-07 07:07:54,27.652,29.412,42.232,0,0,3792464,8156896,397900,3889332,61063.963,34011.123,0,116.642,0,6.033,5205,3532,2.620,2.310,1.690,9,0,117.647,0,0,24,80,0,22,0
28-07 07:07:55,35.209,26.034,36.448,0.248,0,3829340,8119936,397968,3889348,45780.020,25379.898,0,817.235,0,97.195,5579,3819,2.620,2.310,1.690,2,0,131.908,0,0,24,84,0,23,0
28-07 07:07:56,27.261,28.262,43.018,0,0,3868112,8081136,397972,3889368,69506.408,500214.441,0,76.031,0,4.002,5512,3722,2.570,2.300,1.690,3,0,133.054,0,0,24,84,0,23,0
28-07 07:07:57,31.070,25.602,41.509,0.249,0,3904008,8045188,397976,3889412,73149.014,583537.699,3.977,238.617,0.994,6.960,5373,3683,2.570,2.300,1.690,4,0,114.337,0,0,24,86,0,23,0
28-07 07:07:58,31.686,31.183,35.710,0,0,3933416,8014332,398024,3890820,46040.792,24401.519,0,486.864,0,29.172,6605,6869,2.570,2.300,1.690,3,0,118.698,0,0,24,84,0,26,0
28-07 07:07:59,24.794,30.804,42.825,0,0,3987772,7959760,398028,3891036,61374.965,31044.611,0,24.042,0,6.011,5117,3837,2.570,2.300,1.690,3,0,123.217,0,0,24,88,0,26,0
28-07 07:08:00,8.989,24.970,63.425,0,0,3981448,7965972,398116,3891052,46221.129,23977.535,0,846.994,0,78.906,5019,4266,2.570,2.300,1.690,1,0,125.851,0,0,24,88,0,26,0
28-07 07:08:01,20.072,21.829,56.955,0,0,3974376,7973020,398128,3891056,60307.938,30879.077,0,116.419,0,7.025,4907,5828,2.760,2.350,1.710,1,0,81.292,0,0,24,90,0,26,0
28-07 07:08:02,17.999,22.999,56.248,0,0,3932232,8015148,398128,3891056,44766.545,23455.238,0,0,0,0,4984,6535,2.760,2.350,1.710,2,0,75.998,0,0,24,90,0,26,0
28-07 07:08:03,40.339,26.893,32.371,0,0,3995156,7952180,398132,3891532,61391.148,33012.334,0,11.952,0,1.992,5420,3647,2.760,2.350,1.710,3,0,97.611,0,0,24,90,0,26,0
28-07 07:08:04,41.371,17.802,39.114,0,0,4064992,7882312,398132,3891548,45555.321,24411.442,0,68.200,0,2.006,3895,2613,2.760,2.350,1.710,2,0,31.091,0,0,24,91,0,26,0
28-07 07:08:05,32.500,14.638,50.859,0,0,4089360,7856980,398292,3892252,44729.524,23596.801,0,2826.297,0,164.735,5171,4948,2.760,2.350,1.710,2,0,52.596,0,0,24,94,0,27,0
28-07 07:08:06,8.036,23.354,66.546,0,0,4090580,7855760,398292,3892252,61211.885,33709.729,0,2699.993,0,7.031,4607,3425,2.620,2.330,1.710,2,0,138.616,0,0,24,94,0,27,0
28-07 07:08:07,6.499,22.498,68.744,0,0,4098852,7847456,398312,3892260,46077.118,25261.871,0,151.987,0,11.999,4590,3521,2.620,2.330,1.710,1,0,121.990,0,0,24,94,0,27,0
28-07 07:08:08,8.733,23.703,65.122,0,0,4101036,7845256,398320,3892264,60920.020,32945.116,0,63.874,0,5.988,4748,3520,2.620,2.330,1.710,1,0,129.744,0,0,24,96,0,27,0
28-07 07:08:09,15.440,28.854,55.431,0.253,0,4183628,7762632,398344,3892272,61795.888,34364.009,0,1591.545,0,22.274,5112,3837,2.620,2.330,1.710,5,0,135.666,0,0,24,98,0,27,0
28-07 07:08:10,14.654,23.348,57.873,0,0,4198172,7748016,398392,3892288,60559.094,33179.635,0,7050.027,0,241.426,5536,4224,2.620,2.330,1.710,1,0,136.112,0,0,24,98,0,27,0
28-07 07:08:11,6.992,23.723,67.923,0,0,4202436,7743736,398400,3892296,45619.386,25247.435,0,43.950,0,3.995,4455,3358,2.490,2.300,1.700,2,0,128.854,0,0,24,98,0,27,0
28-07 07:08:12,7.752,24.007,65.768,0,0,4198016,7748148,398400,3892304,76667.345,901522.997,0,0,0,0,4894,3751,2.490,2.300,1.700,1,0,134.037,0,0,24,98,0,27,0
28-07 07:08:13,19.524,11.514,68.834,0,0,4235428,7710700,398432,3892308,48195.941,190719.239,0,376.460,0,23.028,3171,2871,2.490,2.300,1.700,1,0,28.034,0,0,24,98,0,27,0
28-07 07:08:14,22.345,6.207,69.519,0,0,4279460,7666640,398432,3892312,29668.859,14557.345,0,917.655,0,2.979,2670,2485,2.490,2.300,1.700,3,0,0,0,0,24,99,0,27,0
28-07 07:08:15,27.899,6.786,63.338,0,0,4279592,7666400,398512,3892324,30453.451,14885.405,0,567.025,0,57.306,4018,4386,2.490,2.300,1.700,3,0,4.021,0,0,24,106,0,27,0
28-07 07:08:16,24.535,5.007,69.097,0.250,0,4279576,7666400,398520,3892332,14997.143,7372.393,0,284.401,0,26.037,3533,3760,2.370,2.280,1.700,1,0,0,0,0,24,104,0,27,0
28-07 07:08:17,15.759,13.508,69.290,0,0,4272736,7673212,398536,3892344,15103.702,7300.206,0,124.071,0,8.005,3323,2650,2.370,2.280,1.700,1,0,63.036,0,0,24,104,0,27,0
28-07 07:08:18,21.365,7.038,71.132,0,0,4305724,7640200,398560,3892344,36067.921,20407.723,0,321.730,0,20.108,2451,2263,2.370,2.280,1.700,2,0,2.011,0,0,24,104,0,27,0
28-07 07:08:19,36.098,9.823,50.832,0,0,4333036,7612576,398652,3892552,40497.849,22295.476,0,671.870,0,55.007,5246,5005,2.370,2.280,1.700,6,0,6.876,0,0,24,107,0,28,0
28-07 07:08:20,26.825,6.074,66.810,0,0,4329200,7616364,398668,3892584,30259.079,15522.304,0,125.523,0,9.111,3557,4025,2.370,2.280,1.700,1,0,2.025,0,0,24,110,0,28,0
28-07 07:08:21,22.938,5.236,69.813,0,0,4326376,7619156,398692,3892592,15413.614,7276.463,0,283.239,0,19.946,3218,3506,2.260,2.260,1.690,1,0,1.995,0,0,24,109,0,28,0
28-07 07:08:22,26.070,8.523,63.670,0,0,4323876,7621016,398980,3892896,15196.547,7315.519,0,1560.163,0,202.540,4838,6306,2.260,2.260,1.690,1,0,4.011,0,0,24,111,0,28,0
28-07 07:08:23,28.956,13.979,54.167,0,0,4340760,7603768,399172,3895816,15509.204,7512.473,0,1210.143,0,112.827,5257,12241,2.260,2.260,1.690,6,0,36.943,0,0,24,112,0,28,0
28-07 07:08:24,26.283,10.263,61.828,0,0,4336488,7607828,399320,3893120,480.609,0,0,1045.325,0,93.118,5160,10092,2.260,2.260,1.690,4,0,2.003,0,0,24,112,0,27,0
28-07 07:08:25,22.243,8.497,67.478,0,0,4264272,7679940,399412,3893132,15269.990,7507.537,0,723.763,0,55.982,3954,4068,2.260,2.260,1.690,1,0,39.987,0,0,24,111,0,28,0
28-07 07:08:26,13.094,16.367,69.751,0.252,0,4284728,7659428,399440,3893140,30343.755,17431.090,0,431.094,0,22.159,3567,2987,2.240,2.250,1.700,4,0,71.513,0,0,24,111,0,28,0
28-07 07:08:27,22.743,5.686,69.465,0,0,4321608,7622468,399520,3893140,43891.252,22124.110,0,2452.301,0,147.336,2735,2423,2.240,2.250,1.700,1,0,1.978,0,0,24,111,0,28,0
28-07 07:08:28,23.115,6.533,69.345,0,0,4333104,7610916,399568,3893148,15111.189,7724.434,0,478.380,0,35.175,3274,3341,2.240,2.250,1.700,1,0,0,0,0,24,111,0,27,0
28-07 07:08:29,31.210,10.736,56.428,0,0,4349416,7594584,399568,3893160,30194.498,14897.004,0,23.969,0,3.995,3717,3570,2.240,2.250,1.700,1,0,2.996,0,0,24,112,0,27,0
28-07 07:08:30,28.666,8.226,60.822,0,0,4349520,7594332,399700,3893172,14992.018,7876.892,0,2851.634,0,362.935,4616,4407,2.240,2.250,1.700,4,0,4.985,0,0,24,116,0,27,0
28-07 07:08:31,20.043,9.270,69.148,0.251,0,4347212,7596572,399756,3893184,15247.708,7474.033,0,432.929,0,40.086,3637,4295,2.140,2.230,1.690,4,0,0,0,0,24,116,0,27,0
28-07 07:08:32,41.614,12.137,43.843,0,0,4345356,7598280,399876,3893204,2306.588,3899.798,0,982.876,0,67.375,5224,5525,2.140,2.230,1.690,4,0,3.963,0,0,24,118,0,28,0
28-07 07:08:33,47.711,28.931,23.094,0,0,4327368,7616228,399920,3893200,57582.993,28860.017,0,600.954,0,66.998,6281,5666,2.140,2.230,1.690,4,0,98.467,0,0,24,117,0,28,0
28-07 07:08:34,53.065,12.207,33.633,0,0,4383284,7560124,399952,3893352,34582.591,20138.881,0,462.390,0,26.906,4224,3136,2.140,2.230,1.690,3,0,2.990,0,0,24,117,0,28,0
28-07 07:08:35,42.193,11.235,45.189,0,0,4422224,7521064,400144,3893272,29654.912,14983.745,0,2005.289,0,124.831,4267,3890,2.140,2.230,1.690,4,0,0,0,0,24,117,0,29,0
28-07 07:08:36,23.009,5.502,69.777,0,0,4422080,7521064,400168,3893388,15444.008,7298.839,0,296.115,0,17.007,3278,3489,2.050,2.210,1.690,4,0,2.001,0,0,24,117,0,29,0
28-07 07:08:37,17.492,11.245,69.720,0,0,4421620,7521512,400168,3893400,30112.020,19021.801,0,623.731,0,18.992,3171,2619,2.050,2.210,1.690,4,0,54.976,0,0,24,117,0,29,0
28-07 07:08:38,22.003,7.001,70.008,0.250,0,4458156,7484976,400232,3893336,44033.323,22052.666,0,1588.192,0,78.009,2631,2487,2.050,2.210,1.690,3,0,0,0,0,24,117,0,29,0
28-07 07:08:39,22.899,6.223,69.941,0,0,4474740,7468316,400232,3893408,29956.717,14593.558,0,187.173,0,31.859,2776,2747,2.050,2.210,1.690,3,0,1.991,0,0,24,117,0,30,0
28-07 07:08:40,23.781,4.301,70.585,0,0,4468216,7474836,400232,3893412,15155.301,7533.124,0,0,0,0,3291,3521,2.050,2.210,1.690,2,0,1.012,0,0,24,117,0,30,0
28-07 07:08:41,16.145,12.916,68.803,0,0,4458364,7484676,400232,3893424,44977.110,26575.532,0,7.948,0,1.987,3142,2628,1.960,2.190,1.680,2,0,50.671,0,0,24,117,0,30,0
28-07 07:08:42,23.490,5.747,69.969,0,0,4453736,7489304,400252,3893404,44178.702,22981.961,0,155.932,0,14.993,2439,2161,1.960,2.190,1.680,2,0,1.999,0,0,24,117,0,30,0
28-07 07:08:43,22.995,5.999,70.485,0,0,4454132,7488840,400292,3893432,15313.723,7456.405,0,255.945,0,20.996,3000,3148,1.960,2.190,1.680,2,0,0,0,0,24,117,0,30,0
28-07 07:08:44,23.912,7.472,66.505,0,0,4454024,7488840,400436,3893376,29304.097,14831.388,0,824.962,0,103.618,4495,5435,1.960,2.190,1.680,4,0,0,0,0,24,118,0,26,0
28-07 07:08:45,27.516,13.758,56.783,0,0,4375176,7567496,400516,3893488,15895.200,8216.756,0,560.324,0,56.032,4296,3896,1.960,2.190,1.680,4,0,51.030,0,0,24,119,0,26,0
28-07 07:08:46,22.059,13.285,63.670,0,0,4392088,7550580,400536,3893472,86744.332,1117240.490,0,1716.578,0,261.698,4693,3731,1.890,2.170,1.680,3,0,38.102,0,0,24,119,0,26,0
28-07 07:08:47,23.401,5.787,70.454,0,0,4437888,7504744,400548,3893496,29722.483,14885.901,0,229.478,0,12.078,2419,2273,1.890,2.170,1.680,2,0,0,0,0,24,120,0,27,0
28-07 07:08:48,24.418,9.372,63.140,0,0,4439096,7503484,400584,3893508,29135.353,14396.014,0,1041.817,0,50.315,3822,3884,1.890,2.170,1.680,5,0,4.933,0,0,24,121,0,16,0
28-07 07:08:49,22.435,12.604,65.037,0,0,4406220,7536280,400612,3893544,15612.869,7749.968,0,270.230,0,41.341,3826,3308,1.890,2.170,1.680,1,0,51.424,0,0,24,121,0,16,0
28-07 07:08:50,19.131,7.950,69.815,0,0,4445880,7496596,400620,3893560,31875.448,19848.365,0,67.579,0,5.963,2501,2451,1.890,2.170,1.680,1,0,9.938,0,0,24,121,0,16,0
28-07 07:08:51,23.396,5.031,71.195,0,0,4480812,7461656,400620,3893568,30041.622,14750.120,0,4.025,0,1.006,2750,2716,1.820,2.150,1.680,1,0,2.013,0,0,24,122,0,16,0
28-07 07:08:52,22.732,5.995,69.694,0,0,4476136,7466328,400620,3893572,29811.212,14646.313,0,3.997,0,0.999,3149,3261,1.820,2.150,1.680,1,0,0,0,0,24,123,0,14,0
28-07 07:08:53,22.486,8.995,65.211,0.250,0,4471836,7470128,400956,3893732,30339.626,15038.892,0,1651.000,0,200.878,5373,7185,1.820,2.150,1.680,1,0,0.999,0,0,24,123,0,14,0
28-07 07:08:54,24.660,8.052,66.430,0,0,4468264,7473380,401172,3893824,15913.077,7881.050,0,1642.640,0,135.880,4611,5907,1.820,2.150,1.680,1,0,2.013,0,0,24,123,0,14,0
28-07 07:08:55,26.453,8.406,62.547,0.247,0,4425432,7516052,401312,3893840,15526.582,8142.531,0,1210.403,0,129.545,4300,4653,1.820,2.150,1.680,2,0,15.822,0,0,24,122,0,17,0
28-07 07:08:56,22.887,13.078,63.881,0,0,4419780,7521640,401352,3893860,46813.296,24823.099,0,583.481,0,30.180,3527,3094,1.750,2.130,1.670,2,0,37.222,0,0,24,122,0,16,0
28-07 07:08:57,22.640,5.031,70.938,0,0,4458912,7482508,401384,3893828,44602.191,22186.891,0,406.508,0,23.143,2490,2258,1.750,2.130,1.670,1,0,2.012,0,0,24,123,0,16,0
28-07 07:08:58,23.429,5.982,69.041,0,0,4456392,7484776,401588,3893868,15152.077,7501.265,0,2739.696,0,140.574,3685,3959,1.750,2.130,1.670,1,0,0,0,0,24,124,0,16,0
28-07 07:08:59,27.371,8.211,62.207,0,0,4491100,7450028,401620,3893876,29888.174,14589.259,0,139.343,0,12.939,3942,4020,1.750,2.130,1.670,1,0,0,0,0,24,123,0,16,0
28-07 07:09:00,22.787,9.515,65.356,0.501,0,4468744,7472036,401916,3893916,15180.725,7456.144,0,1005.638,0,120.196,5374,7161,1.750,2.130,1.670,2,0,3.005,0,0,24,123,0,12,0
28-07 07:09:01,23.738,6.497,68.215,0,0,4470676,7470024,401996,3893916,15535.980,7400.180,0,1938.999,0,280.855,4107,4348,1.770,2.130,1.670,2,0,0,0,0,24,123,0,12,0
28-07 07:09:02,19.407,11.090,68.051,0.252,0,4471976,7468512,402060,3894064,120.980,0,0,524.245,0,52.425,4589,5963,1.770,2.130,1.670,1,0,0,0,0,24,123,0,12,0
28-07 07:09:03,33.297,7.399,54.508,0,0,4474260,7466004,402232,3894112,14714.756,7553.213,0,3232.018,0,199.288,6759,8735,1.770,2.130,1.670,3,0,2.960,0,0,24,124,0,12,0
28-07 07:09:04,27.814,17.791,54.124,0,0,4420996,7519184,402316,3894100,29948.683,16780.483,0,685.572,0,54.124,4932,4578,1.770,2.130,1.670,2,0,77.177,0,0,24,124,0,12,0
28-07 07:09:05,22.735,5.996,69.204,0,0,4467340,7472804,402340,3894112,30037.218,14892.192,0,519.658,0,53.964,2679,2368,1.770,2.130,1.670,1,0,0.999,0,0,24,126,0,12,0
28-07 07:09:06,23.544,6.262,69.129,0.250,0,4488900,7451116,402440,3894136,29707.439,14619.282,0,2111.941,0,107.200,3162,3146,1.710,2.110,1.670,1,0,2.004,0,0,24,126,0,12,0
28-07 07:09:07,24.779,7.259,65.828,0,0,4489180,7450812,402452,3894148,31077.784,16126.087,0,136.161,0,12.014,3724,4009,1.710,2.110,1.670,1,0,0,0,0,24,127,0,12,0
28-07 07:09:08,23.682,6.481,67.804,0,0,4449268,7490576,402560,3894184,15130.313,7274.994,0,1228.453,0,110.680,4115,5003,1.710,2.110,1.670,4,0,7.977,0,0,24,126,0,12,0
28-07 07:09:09,10.033,22.574,65.968,0,0,4444200,7495604,402588,3894196,16033.888,11178.874,0,421.390,0,24.079,4369,3380,1.710,2.110,1.670,2,0,141.467,0,0,24,126,0,11,0
28-07 07:09:10,20.460,9.232,69.366,0,0,4447980,7491824,402664,3894120,44122.452,22837.721,0,1844.424,0,89.826,2769,2647,1.710,2.110,1.670,1,0,0.998,0,0,24,126,0,11,0
28-07 07:09:11,23.778,5.256,70.081,0,0,4472532,7467168,402672,3894212,30412.333,15227.691,0,312.363,0,42.049,3111,3081,1.650,2.090,1.670,2,0,0,0,0,24,126,0,11,0
28-07 07:09:12,23.491,5.810,69.968,0,0,4472748,7466944,402676,3894212,15672.753,7535.289,0,48.497,0,6.062,3395,3608,1.650,2.090,1.670,1,0,2.021,0,0,24,127,0,11,0
28-07 07:09:13,23.318,5.209,68.715,0,0,4474252,7465432,402708,3894188,14978.279,7239.584,0,313.557,0,34.729,3813,4198,1.650,2.090,1.670,1,0,0,0,0,24,127,0,11,0
28-07 07:09:14,25.001,10.250,62.752,0.250,0,4474976,7464492,402844,3894264,15258.573,7296.274,0,1080.041,0,112.004,5385,6807,1.650,2.090,1.670,1,0,0,0,0,24,127,0,11,0
28-07 07:09:15,18.476,10.487,68.912,0,0,4476464,7462992,402868,3894252,15337.314,7662.166,0,395.492,0,25.967,3701,4200,1.650,2.090,1.670,4,0,1.997,0,0,24,127,0,11,0
28-07 07:09:16,30.264,16.758,50.523,0,0,4478292,7460988,402936,3894344,14862.771,7299.325,0,1020.465,0,102.046,7663,10143,1.760,2.110,1.670,1,0,1.000,0,0,24,127,0,11,0
28-07 07:09:17,36.805,16.910,42.524,0,0,4382996,7556148,403008,3894372,1267.279,0,0,1038.492,0,101.462,6491,6556,1.760,2.110,1.670,3,0,87.536,0,0,24,126,0,12,0
28-07 07:09:18,34.205,26.409,37.475,0.252,0,4377364,7561648,403124,3894384,62744.865,36532.425,0,1126.768,0,96.580,7261,7345,1.760,2.110,1.670,2,0,130.786,0,0,24,126,0,12,0
28-07 07:09:19,17.001,18.502,63.005,0,0,4405268,7533648,403132,3894420,64906.546,884881.608,0,552.047,0,24.002,4126,3661,1.760,2.110,1.670,1,0,70.006,0,0,24,126,0,12,0
28-07 07:09:20,22.738,5.997,69.712,0,0,4450312,7488580,403156,3894420,48487.855,206862.459,0,295.840,0,15.991,2679,2465,1.760,2.110,1.670,2,0,1.999,0,0,24,126,0,12,0
28-07 07:09:21,22.457,6.737,69.617,0,0,4462316,7476484,403240,3894428,16675.025,8351.985,0,1876.402,0,125.759,3232,3218,1.700,2.090,1.670,1,0,1.996,0,0,24,128,0,11,0
28-07 07:09:22,22.787,7.011,68.610,0,0,4430416,7508308,403240,3894504,28187.174,13643.866,0,1939.108,0,316.507,4082,3728,1.700,2.090,1.670,1,0,8.013,0,0,24,126,0,11,0
28-07 07:09:23,7.005,24.017,67.047,0,0,4426292,7512424,403240,3894512,17807.556,12174.584,0,4.003,0,1.001,4487,3370,1.700,2.090,1.670,1,0,136.096,0,0,24,126,0,11,0
28-07 07:09:24,16.248,31.747,49.245,0,0,4421408,7517292,403248,3894516,46603.062,25523.296,0,167.982,0,5.999,5517,14153,1.700,2.090,1.670,2,0,165.982,0,0,24,126,0,12,0
28-07 07:09:25,8.746,23.490,65.971,0,0,4425352,7513336,403248,3894528,60324.401,32659.599,0,39.982,0,4.998,4696,3543,1.700,2.090,1.670,1,0,124.945,0,0,24,126,0,11,0
28-07 07:09:26,7.747,24.992,65.478,0,0,4424848,7513700,403248,3894668,60799.660,31769.372,0,15.995,0,3.999,4733,3530,1.640,2.070,1.670,2,0,134.955,0,0,24,126,0,11,0
28-07 07:09:27,7.247,24.241,65.976,0.250,0,4418736,7519568,403292,3894868,45310.861,23361.679,0,639.772,0,43.984,4659,3687,1.640,2.070,1.670,1,0,111.960,0,0,24,126,0,11,0
28-07 07:09:28,19.567,22.539,54.984,0,0,4425048,7513172,403356,3895200,44441.279,22487.141,0,372.507,0,32.693,5854,7591,1.640,2.070,1.670,3,0,77.275,0,0,24,126,0,11,0
28-07 07:09:29,21.560,26.517,49.812,0,0,4418116,7520164,403368,3894808,60917.129,31503.869,0,174.465,0,8.922,5337,5600,1.640,2.070,1.670,4,0,86.241,0,0,24,126,0,10,0
28-07 07:09:30,35.796,31.259,32.015,0,0,4470748,7467380,403488,3894840,46792.082,26160.409,0,2621.688,0,138.143,5910,4376,1.640,2.070,1.670,8,0,144.193,0,0,24,126,0,10,0
28-07 07:09:31,27.809,28.062,43.736,0,0,4508892,7429140,403568,3894852,65830.108,37664.299,0,1589.655,0,91.011,5536,3845,1.670,2.070,1.670,2,0,137.527,0,0,24,126,0,10,0
28-07 07:09:32,29.729,27.731,41.721,0,0,4515168,7422528,403588,3895124,45198.264,23407.564,0,655.540,0,68.952,5673,4464,1.670,2.070,1.670,3,0,118.917,0,0,24,128,0,10,0
28-07 07:09:33,17.733,26.724,53.698,0,0,4519548,7418120,403596,3895128,62061.922,31733.281,0,171.834,0,10.989,4948,3847,1.670,2.070,1.670,1,0,126.877,0,0,24,132,0,9,0
28-07 07:09:34,29.523,36.336,33.056,0,0,4532444,7401844,403612,3898460,63227.491,32113.372,0,274.542,0,22.206,8484,10946,1.670,2.070,1.670,6,0,137.271,0,0,24,137,0,9,0
28-07 07:09:35,12.192,23.408,59.253,0,0,4551056,7383200,403620,3898864,44326.763,22969.509,0,589.112,0,18.532,6092,6497,1.670,2.070,1.670,3,0,103.387,0,0,24,138,0,9,0
28-07 07:09:36,19.041,24.052,56.371,0,0,4559476,7374724,403620,3898972,48962.908,23021.326,0,1210.594,0,11.024,4547,5100,1.620,2.050,1.660,6,0,80.172,0,0,24,138,0,9,0
28-07 07:09:37,16.739,26.376,57.063,0,0,4560704,7373452,403624,3898476,57593.769,31438.023,0,6951.060,0,264.773,4914,5176,1.620,2.050,1.660,0,0,81.157,0,0,24,138,0,8,0
28-07 07:09:38,42.137,27.589,29.596,0,0,4629844,7304284,403640,3898944,67682.371,1054000.210,0,325.054,0,47.153,5847,3871,1.620,2.050,1.660,3,0,106.345,0,0,26,138,0,8,0
28-07 07:09:39,48.165,32.772,17.876,0,0,4693608,7240368,403656,3899080,61166.147,33266.932,0,230.400,0,27.807,5744,3607,1.620,2.050,1.660,3,0,151.945,0,0,26,138,0,8,0
28-07 07:09:40,51.616,29.423,16.956,0,0,4754260,7179640,403704,3899092,47243.156,26484.135,0,478.755,0,39.896,5899,4163,1.620,2.050,1.660,4,0,130.660,0,0,26,138,0,8,0
28-07 07:09:41,55.484,30.106,13.436,0,0,4795192,7137332,403752,3900384,61535.905,34393.069,0,322.454,0,24.881,7166,7927,1.810,2.080,1.680,4,0,152.270,0,0,26,154,0,7,0
28-07 07:09:42,11.555,25.120,62.047,0,0,4789980,7141960,403776,3900908,60933.219,32101.423,0,188.903,0,13.062,4941,5120,1.810,2.080,1.680,2,0,142.682,0,0,26,154,0,7,0
28-07 07:09:43,17.356,23.896,56.093,0,0,4793616,7138236,403836,3900932,61618.904,31862.896,0,700.283,0,69.425,5071,4079,1.810,2.080,1.680,1,0,113.695,0,0,26,160,0,7,0
28-07 07:09:44,14.478,27.958,55.167,0,0,4814352,7117428,403848,3901436,45259.700,23193.000,0,131.801,0,7.988,5661,6328,1.810,2.080,1.680,2,0,115.825,0,0,26,160,0,7,0
28-07 07:09:45,19.258,24.260,54.523,0,0,4813944,7117692,403900,3901444,44938.067,22655.613,0,592.251,0,41.017,5664,6905,1.810,2.080,1.680,2,0,81.034,0,0,26,160,0,7,0
28-07 07:09:46,22.058,22.559,54.393,0,0,4832260,7099320,403912,3900948,60957.591,32232.917,0,172.454,0,13.034,4744,3647,1.820,2.080,1.680,2,0,74.195,0,0,26,160,0,7,0
28-07 07:09:47,30.714,28.217,39.453,0,0,4871284,7060268,403920,3900968,46022.709,24748.805,0,63.925,0,2.996,9448,3545,1.820,2.080,1.680,2,0,131.844,0,0,26,160,0,7,0
28-07 07:09:48,26.477,28.725,43.213,0,0,4916556,7014920,403920,3901028,61115.554,33793.001,0,0,0,0,5295,3568,1.820,2.080,1.680,4,0,133.885,0,0,26,160,0,7,0
28-07 07:09:49,19.030,29.045,50.078,0,0,4950276,6981156,403928,3901076,61160.064,33938.753,0,108.168,0,23.036,5288,3630,1.820,2.080,1.680,2,0,159.248,0,0,27,160,0,7,0
28-07 07:09:50,12.485,24.971,60.929,0,0,4942892,6988496,403944,3901084,61118.622,33428.960,0,359.580,0,20.976,4929,3878,1.820,2.080,1.680,2,0,149.825,0,0,27,164,0,6,0
28-07 07:09:51,28.713,25.467,43.693,0,0,4933516,6997780,404004,3901112,47770.652,27944.528,0,483.369,0,39.948,5524,4519,1.760,2.070,1.680,2,0,146.808,0,0,27,180,0,6,0
28-07 07:09:52,7.507,25.275,65.565,0,0,4937800,6993500,404004,3901116,60814.677,32035.964,0,16.016,0,4.004,4532,3524,1.760,2.070,1.680,2,0,119.119,0,0,27,180,0,6,0
28-07 07:09:53,9.244,24.485,63.712,0,0,4938288,6992864,404012,3901252,57507.381,632942.975,0,147.911,0,9.994,5099,3949,1.760,2.070,1.680,5,0,119.928,0,0,27,180,0,6,0
28-07 07:09:54,14.244,27.989,54.978,0,0,4930864,7000236,404016,3901760,61883.103,465470.730,0,147.940,0,6.997,5372,5994,1.760,2.070,1.680,1,0,131.947,0,0,27,180,0,6,0
28-07 07:09:55,18.770,23.776,55.810,0,0,4931708,6999368,404036,3901760,45470.811,22604.264,0,844.907,0,82.088,5133,5556,1.760,2.070,1.680,1,0,80.086,0,0,27,180,0,7,0
28-07 07:09:56,22.930,21.684,53.586,0,0,4965192,6965840,404036,3901272,45590.729,23392.540,0,111.659,0,4.985,4725,3431,1.860,2.080,1.680,2,0,80.753,0,0,27,180,0,7,0
28-07 07:09:57,26.268,29.020,43.279,0,0,5008936,6922092,404036,3901276,61084.198,33306.463,0,8.005,0,2.001,5191,3405,1.860,2.080,1.680,2,0,138.093,0,0,27,180,0,7,0
28-07 07:09:58,29.823,25.274,44.229,0,0,5039064,6891708,404060,3901500,61793.604,34455.363,0,6397.322,0,338.670,5937,3997,1.860,2.080,1.680,2,0,133.446,0,0,27,181,0,4,0
28-07 07:09:59,31.837,26.407,38.007,0,0,5047976,6882648,404060,3901652,45160.924,22831.702,0,11.846,0,2.962,5680,4624,1.860,2.080,1.680,3,0,120.437,0,0,27,186,0,4,0
28-07 07:10:00,13.062,27.631,57.774,0,0,5075912,6854676,404088,3901660,61513.864,31750.647,0,313.487,0,22.105,5147,4046,1.860,2.080,1.680,1,0,127.605,0,0,27,186,0,4,0
28-07 07:10:01,36.005,37.755,24.253,0,0,5125864,6802012,404132,3904772,60532.591,30759.857,0,832.104,0,72.009,8934,13365,2.110,2.130,1.700,1,0,155.019,0,0,27,192,0,4,0
28-07 07:10:02,21.976,24.723,52.443,0,0,5123780,6804028,404148,3904800,46466.588,24200.744,0,163.822,0,9.989,5140,5973,2.110,2.130,1.700,2,0,81.911,0,0,27,192,0,4,0
28-07 07:10:03,20.190,21.685,55.833,0,0,5144672,6783140,404156,3904296,45495.175,23555.675,0,135.595,0,6.979,4496,3379,2.110,2.130,1.700,4,0,61.815,0,0,27,192,0,4,0
28-07 07:10:04,26.078,29.588,42.377,0,0,5170684,6757064,404188,3904324,61212.735,38444.767,0,200.599,0,16.048,5348,3667,2.110,2.130,1.700,6,0,145.434,0,0,27,192,0,4,0
28-07 07:10:05,28.454,28.454,42.555,0,0,5206848,6720872,404196,3904340,46351.375,24231.760,0,423.033,0,20.144,5596,4208,2.110,2.130,1.700,4,0,154.105,0,0,27,193,0,4,0
28-07 07:10:06,32.206,30.731,33.190,0,0,5211340,6715100,404228,3905568,60150.555,31533.658,0,483.832,0,65.888,6972,7334,2.180,2.140,1.710,6,0,150.460,0,0,27,194,0,4,0
28-07 07:10:07,17.670,32.058,49.475,0,0,5240140,6685124,404268,3906684,62121.963,33629.160,0,3235.088,0,35.340,6702,7293,2.180,2.140,1.710,3,0,181.746,0,0,27,198,0,4,0
28-07 07:10:08,7.006,25.521,65.054,0,0,5244192,6681064,404280,3906680,61293.421,31932.268,0,212.175,0,15.012,4866,3720,2.180,2.140,1.710,1,0,154.127,0,0,27,198,0,4,0
28-07 07:10:09,11.495,27.239,59.226,0,0,5245420,6679812,404296,3906684,68464.728,893227.147,0,223.908,0,12.995,5616,3992,2.180,2.140,1.710,1,0,155.936,0,0,27,200,0,4,0
28-07 07:10:10,13.496,23.493,60.481,0,0,5246200,6678984,404328,3906700,64875.741,199481.707,0,191.940,0,16.995,4956,3759,2.180,2.140,1.710,1,0,133.958,0,0,27,204,0,4,0
28-07 07:10:11,8.184,23.559,65.966,0,0,5251260,6673912,404344,3906696,60574.925,33848.155,0,166.652,0,13.888,4711,3705,2.090,2.130,1.700,2,0,135.901,0,0,27,204,0,4,0
28-07 07:10:12,9.076,26.220,63.281,0,0,5249724,6675364,404408,3906712,46068.712,23291.515,0,673.655,0,71.601,4965,3972,2.090,2.130,1.700,3,0,120.007,0,0,27,204,0,4,0
28-07 07:10:13,9.944,25.606,61.404,0,0,5250468,6674388,404424,3906928,62176.839,33198.039,0,194.902,0,14.916,4957,4054,2.090,2.130,1.700,2,0,122.311,0,0,27,204,0,4,0
28-07 07:10:14,14.051,27.600,56.204,0,0,5247912,6676736,404440,3907568,60511.494,31632.742,0,132.481,0,9.033,5692,6237,2.090,2.130,1.700,4,0,137.499,0,0,27,204,0,4,0
28-07 07:10:15,19.534,23.792,55.097,0.250,0,5251428,6673088,404500,3907568,45445.721,22749.908,0,725.272,0,49.086,5042,6615,2.090,2.130,1.700,3,0,84.148,0,0,27,204,0,4,0
28-07 07:10:16,27.081,18.137,53.914,0,0,5264272,6660084,404512,3907200,37275.933,16694.069,0,147.084,0,9.938,4171,3247,2.080,2.120,1.710,6,0,45.715,0,0,27,208,0,4,0
28-07 07:10:17,34.223,20.635,43.786,0,0,5341668,6582656,404524,3907220,54400.987,31513.638,0,257.681,0,43.282,4426,3088,2.080,2.120,1.710,3,0,74.486,0,0,27,210,0,4,0
28-07 07:10:18,43.498,9.500,45.998,0,0,5402148,6522176,404528,3907216,59983.671,31384.781,0,43.998,0,4.000,3533,2329,2.080,2.120,1.710,2,0,3.000,0,0,27,210,0,3,0
28-07 07:10:19,43.956,14.735,40.709,0,0,5504644,6418604,404528,3908272,30253.788,14713.307,0,8419.592,0,413.587,5197,4638,2.080,2.120,1.710,2,0,1.998,0,0,27,210,0,3,0
28-07 07:10:20,42.532,11.577,44.797,0,0,5539296,6383632,404536,3908532,30850.390,15289.295,0,112.747,0,4.027,4445,3831,2.080,2.120,1.710,3,0,9.060,0,0,27,215,0,3,0
28-07 07:10:21,31.799,18.384,47.450,0,0,5487072,6435772,404548,3908616,45328.964,24029.836,0,771.117,0,7.950,4703,3512,2.070,2.120,1.710,2,0,80.490,0,0,27,214,0,3,0
28-07 07:10:22,24.621,56.135,15.019,1.477,0,5483984,6436616,404956,3910176,56354.690,29511.292,1469.360,232.419,140.830,18.712,6811,5757,2.070,2.120,1.710,5,1,196.965,0,0,27,214,0,3,0
28-07 07:10:23,40.979,44.267,13.913,1.012,0,5506636,6408436,405004,3915436,52099.599,27883.723,1080.623,514.004,25.295,41.485,10103,15435,2.070,2.120,1.710,4,0,128.501,0,0,27,214,0,3,0
28-07 07:10:24,49.711,33.723,14.738,0,0,5555940,6358940,405032,3917128,62400.728,34635.651,15.987,7506.073,0.999,415.672,7394,8953,2.070,2.120,1.710,14,0,154.878,0,0,27,219,0,3,0
28-07 07:10:25,50.925,31.052,15.898,0.248,0,5552364,6362296,405164,3915628,45337.419,23291.233,0,1601.769,0,148.054,7145,15270,2.070,2.120,1.710,3,0,108.308,0,0,27,221,0,5,0
28-07 07:10:26,32.169,32.169,35.488,0,0,5481080,6433192,405360,3915796,75166.754,908802.457,0,5343.085,0,290.030,7473,7980,2.150,2.140,1.720,2,0,129.696,0,0,27,220,0,4,0
28-07 07:10:27,26.991,27.981,42.343,0,0,5522064,6392180,405368,3915812,53744.957,192224.318,0,174.326,0,11.886,5169,3587,2.150,2.140,1.720,3,0,119.849,0,0,27,220,0,4,0
28-07 07:10:29,29.297,26.391,39.224,0,0,5537724,6376500,405404,3916184,58566.105,30152.750,0,658.568,0,37.771,6100,5798,2.150,2.140,1.720,4,0,92.974,0,0,27,220,0,4,0
28-07 07:10:29,39.890,27.872,33.497,0,0,5536856,6377160,405440,3916420,46584.891,23250.510,0,319.117,0,28.639,7189,7997,2.150,2.140,1.720,8,0,92.053,0,0,27,221,0,4,0
28-07 07:10:30,42.389,31.855,25.584,0,0,5509528,6404480,405476,3915924,45414.158,22122.660,0,537.766,0,77.254,5030,4143,2.150,2.140,1.720,5,0,82.270,0,0,27,220,0,4,0
28-07 07:10:31,59.351,27.393,14.457,0,0,5576880,6337012,405492,3916436,46650.187,26701.021,8.116,320.599,1.015,20.291,5452,4016,2.290,2.170,1.730,3,0,132.907,0,0,27,221,0,4,0
28-07 07:10:32,62.126,14.108,21.781,0,0,5666672,6247048,405516,3916584,43891.113,22092.084,0,245.534,0,18.811,4968,3685,2.290,2.170,1.730,4,0,0,0,0,27,221,0,4,0
28-07 07:10:33,59.803,16.129,20.844,0.744,0,5724384,6188360,405548,3917496,29554.184,14775.603,722.601,663.046,6.948,18.859,5921,5277,2.290,2.170,1.730,3,0,5.956,0,0,27,227,0,4,0
28-07 07:10:34,64.257,15.371,20.159,0.252,0,5726380,6183852,405640,3919616,16308.741,7795.538,0,1624.826,0,116.923,5652,5003,2.290,2.170,1.730,3,0,8.064,0,0,27,227,0,6,0
28-07 07:10:35,42.086,23.548,33.318,0,0,5778108,6131952,405652,3919776,16767.135,8865.048,0,994.024,0,93.190,5388,4136,2.290,2.170,1.730,3,0,93.190,0,0,27,224,0,9,0
28-07 07:10:36,28.262,26.761,44.019,0,0,5793336,6116684,405680,3919780,61194.095,35543.157,0,228.097,0,17.007,5561,4187,2.270,2.160,1.730,2,0,131.056,0,0,27,224,0,10,0
28-07 07:10:37,26.861,27.607,41.784,0,0,5785300,6124648,405720,3919808,60345.201,32651.293,0,405.903,0,31.836,6273,5633,2.270,2.160,1.730,4,0,117.393,0,0,27,224,0,10,0
28-07 07:10:38,26.347,29.609,42.407,0,0,5777464,6132328,405724,3919944,45965.973,23535.028,0,1802.666,0,16.059,5141,3511,2.270,2.160,1.730,3,0,123.457,0,0,27,224,0,10,0
28-07 07:10:39,28.735,28.985,41.479,0,0,5815536,6094204,405764,3919956,60809.485,31797.520,0,759.606,0,40.979,5304,3638,2.270,2.160,1.730,2,0,123.936,0,0,27,225,0,10,0
28-07 07:10:40,38.778,26.769,33.274,0,0,5808796,6100880,405780,3920472,44832.302,22420.154,0,228.164,0,17.012,6027,6756,2.270,2.160,1.730,2,0,92.066,0,0,27,226,0,10,0
28-07 07:10:41,35.424,28.439,34.925,0,0,5682192,6227412,405812,3919968,60400.906,31575.990,0,335.278,0,27.940,6583,6833,2.250,2.160,1.730,4,0,94.796,0,0,27,224,0,10,0
28-07 07:10:42,44.622,32.840,21.057,0,0,5774800,6134768,405840,3919980,46091.821,25822.490,0,252.690,0,19.052,5823,3943,2.250,2.160,1.730,5,0,124.339,0,0,27,224,0,10,0
28-07 07:10:43,48.022,29.858,21.150,0,0,5845556,6063984,405872,3919976,60900.134,34544.148,0,214.980,0,18.910,6004,4272,2.250,2.160,1.730,3,0,131.377,0,0,27,225,0,10,0
28-07 07:10:44,49.165,30.697,19.217,0,0,5884588,6024524,405908,3920308,51876.595,27233.066,0,455.215,0,19.966,5915,4883,2.250,2.160,1.730,5,0,115.800,0,0,27,228,0,10,0
28-07 07:10:45,43.345,31.319,24.303,0.251,0,5789640,6118268,406024,3921364,75666.600,1059113.915,0,918.009,0,77.169,8323,10098,2.250,2.160,1.730,2,0,161.353,0,0,27,232,0,12,0
28-07 07:10:46,28.958,29.457,39.442,0,0,5844600,6063268,406040,3921392,62893.770,33410.006,0,1118.360,0,60.911,5342,3758,2.310,2.170,1.740,2,0,108.840,0,0,27,232,0,12,0
28-07 07:10:47,37.974,25.400,36.466,0,0,5879956,6027864,406048,3921392,45371.135,22669.975,0,486.877,0,9.054,6173,6847,2.310,2.170,1.740,2,0,83.493,0,0,27,232,0,12,0
28-07 07:10:48,38.346,29.880,29.631,0,0,5878412,6029136,406060,3921960,59924.690,30648.582,0,207.166,0,8.964,6601,7363,2.310,2.170,1.740,2,0,87.647,0,0,27,234,0,13,0
28-07 07:10:49,42.243,34.832,21.739,0,0,5896348,6011228,406072,3921460,45429.893,24531.648,0,1217.393,0,171.937,6059,3787,2.310,2.170,1.740,6,0,101.779,0,0,27,232,0,13,0
28-07 07:10:50,49.437,30.772,19.422,0,0,5933448,5974108,406072,3921480,61489.858,33899.833,0,6146.363,0,319.829,6077,3473,2.310,2.170,1.740,3,0,117.035,0,0,27,232,0,13,0
28-07 07:10:51,47.646,29.999,22.184,0,0,5963264,5944200,406088,3921552,45888.364,24792.039,0,528.391,0,20.168,5728,4151,2.530,2.220,1.760,4,0,126.048,0,0,27,234,0,13,0
28-07 07:10:52,43.930,28.704,24.960,0,0,5972072,5933908,406176,3922896,61193.869,31874.885,0,1150.156,0,112.819,8326,9863,2.530,2.220,1.760,2,0,125.798,0,0,27,240,0,16,0
28-07 07:10:53,26.234,30.732,42.225,0,0,5940792,5965156,406192,3922908,60567.058,31925.055,0,383.772,0,22.986,5194,3726,2.530,2.220,1.760,3,0,126.925,0,0,27,240,0,16,0
28-07 07:10:54,35.288,31.784,31.284,0,0,5982052,5923884,406200,3923412,45704.477,23575.522,0,756.819,0,39.042,6411,6793,2.530,2.220,1.760,2,0,137.148,0,0,27,240,0,16,0
28-07 07:10:55,36.917,27.687,33.674,0,0,5987384,5918448,406232,3923428,44877.674,22790.543,0,399.099,0,16.962,6149,6865,2.530,2.220,1.760,3,0,86.804,0,0,27,243,0,17,0
28-07 07:10:56,41.076,27.551,30.807,0,0,5972188,5933616,406280,3922940,45782.481,23860.028,0,496.917,0,44.081,5596,4421,2.560,2.240,1.760,5,0,71.131,0,0,27,242,0,17,0
28-07 07:10:57,52.008,28.504,18.503,0,0,6051020,5854744,406292,3922968,62725.795,34028.314,0,488.076,0,58.009,5516,3574,2.560,2.240,1.760,4,0,108.017,0,0,27,242,0,17,0
28-07 07:10:58,62.308,16.331,21.607,0,0,6144508,5761012,406300,3923200,44876.955,22617.865,0,313.551,0,21.104,4758,3378,2.560,2.240,1.760,4,0,1.005,0,0,27,242,0,17,0
28-07 07:10:59,63.735,12.846,20.998,0,0,6189924,5715204,406348,3923488,30355.422,14738.980,0,335.965,0,21.739,6005,5673,2.560,2.240,1.760,6,0,1.976,0,0,27,243,0,21,0
28-07 07:11:00,50.966,17.900,29.088,0,0,6185412,5718964,406416,3924156,15643.842,7812.474,0,612.587,0,57.679,6456,6982,2.560,2.240,1.760,6,0,9.945,0,0,27,248,1,21,0
28-07 07:11:01,48.486,8.586,42.931,0,0,6207360,5696872,406440,3924272,16636.855,7921.446,0,864.672,0,30.304,4151,3428,2.600,2.250,1.770,2,0,0,0,0,27,251,1,21,0
28-07 07:11:02,44.359,11.779,41.853,0,0,6146268,5757888,406488,3924304,15585.344,7388.177,0,421.036,0,38.094,4990,4335,2.600,2.250,1.770,4,0,29.072,0,0,27,254,1,21,0
28-07 07:11:03,26.872,28.863,42.050,0,0,6152484,5751624,406512,3924324,64095.954,435151.022,0,640.950,0,85.593,6723,6191,2.600,2.250,1.770,6,0,131.375,0,0,27,254,1,21,0
28-07 07:11:04,27.194,27.693,42.663,0.249,0,6125556,5778496,406552,3924336,66226.673,663051.128,0,938.083,0,46.904,5830,4327,2.600,2.250,1.770,4,0,138.717,0,0,27,254,1,21,0
28-07 07:11:05,29.096,28.594,41.888,0,0,6131472,5772464,406652,3924348,61133.807,31722.198,0,2295.540,0,130.428,5692,4455,2.600,2.250,1.770,2,0,114.376,0,0,27,254,1,21,0
28-07 07:11:06,27.467,28.715,41.949,0,0,6133652,5770248,406652,3924368,60866.070,31659.545,0,11.985,0,2.996,5683,4536,2.710,2.280,1.780,3,0,119.854,0,0,27,256,1,21,0
28-07 07:11:07,27.813,28.816,41.094,0,0,6127756,5776088,406692,3924384,46215.341,23108.673,0,477.087,0,40.091,6240,5802,2.710,2.280,1.780,4,0,115.263,0,0,27,254,1,21,0
28-07 07:11:08,14.132,28.517,55.520,0,0,6052420,5851260,406712,3924528,62857.272,33155.828,0,411.861,0,44.416,5249,4086,2.710,2.280,1.780,2,0,150.410,0,0,27,254,1,21,0
28-07 07:11:09,18.468,24.132,54.419,0,0,6061236,5842420,406736,3924512,44742.829,22851.090,0,1528.659,0,17.729,5093,6325,2.710,2.280,1.780,5,0,81.752,0,0,27,254,1,21,0
28-07 07:11:10,22.273,25.276,50.803,0,0,6056204,5847416,406740,3924532,45379.467,23550.634,0,7011.334,0,452.473,6040,6573,2.710,2.280,1.780,3,0,91.095,0,0,27,256,1,21,0
28-07 07:11:11,38.499,29.249,30.749,0,0,6129156,5774352,406776,3925016,61003.241,32919.051,0,443.987,0,29.999,5653,4272,2.810,2.310,1.790,6,0,101.997,0,0,28,256,1,21,0
28-07 07:11:12,51.066,18.867,29.935,0,0,6201936,5701524,406812,3925024,60890.409,32265.457,0,386.389,0,39.243,4981,3630,2.810,2.310,1.790,2,0,60.373,0,0,28,261,1,21,0
28-07 07:11:13,44.754,10.001,44.254,0,0,6274840,5628472,406852,3925112,30191.808,14593.357,0,392.036,0,19.002,3784,3041,2.810,2.310,1.790,3,0,3.000,0,0,28,261,1,21,0
28-07 07:11:15,46.950,6.050,42.836,0.242,0,6313400,5589016,406940,3925756,29428.551,14346.419,0,1076.465,0,107.453,4214,3438,2.810,2.310,1.790,3,0,5.808,0,0,28,265,1,21,0
28-07 07:11:15,14.227,25.867,60.528,0,0,6307980,5593384,406968,3926760,48428.441,25607.911,0,600.105,0,25.867,5742,5703,2.810,2.310,1.790,1,0,136.576,0,0,28,262,1,23,0
28-07 07:11:16,7.751,13.251,77.257,0,0,6311608,5589716,406992,3926776,60976.400,35072.106,0,232.021,0,16.001,3617,3347,2.910,2.330,1.810,0,0,77.007,0,0,28,263,1,23,0
28-07 07:11:17,2.753,1.752,94.104,0,0,6311592,5589716,407008,3926776,55316.281,24772.443,0,212.235,0,22.024,1752,2463,2.910,2.330,1.810,0,0,0,0,0,28,264,1,23,0
28-07 07:11:18,3.747,3.248,90.689,0,0,6313592,5587000,407048,3927436,1152442.544,54739.262,0,539.638,0,39.973,3457,3409,2.910,2.330,1.810,1,0,1.999,0,0,28,263,1,23,0
28-07 07:11:19,6.495,3.997,84.689,0.250,0,6295092,5601784,407060,3931044,3508109.913,107547.895,0,131.905,0,11.991,7054,5485,2.910,2.330,1.810,0,0,0,0,0,28,263,1,23,0
28-07 07:11:20,15.002,11.251,65.007,0,0,6300564,5586564,407080,3940528,10176856.189,220865.877,0,388.042,0,53.006,16515,12801,2.910,2.330,1.810,1,0,7.001,0,0,28,263,1,23,0
28-07 07:11:21,7.003,16.508,71.034,1.000,0,6302016,5582432,407108,3943104,2467464.531,929226.227,280.136,220.107,4.002,18.009,6511,5699,2.760,2.310,1.800,0,1,91.044,0,0,28,262,1,23,0
28-07 07:11:22,8.238,21.967,65.902,1.747,0,6296356,5586040,407124,3945124,65906.365,214210.664,2017.012,243.639,22.966,19.970,5187,4589,2.760,2.310,1.800,1,0,134.800,0,0,28,262,1,23,0
28-07 07:11:23,16.537,12.528,69.405,0,0,6328084,5554300,407132,3945124,45428.721,24109.985,0,156.350,0,8.018,3262,2985,2.760,2.310,1.800,3,0,37.083,0,0,28,262,1,23,0
28-07 07:11:24,24.728,5.495,68.939,0,0,6376456,5505916,407144,3945124,44292.750,22030.478,0,331.706,0,15.986,2575,2384,2.760,2.310,1.800,2,0,1.998,0,0,28,262,1,23,0
28-07 07:11:25,39.460,14.485,44.704,0,0,6384704,5497624,407160,3945140,14959.754,7288.572,0,511.479,0,44.954,5132,13903,2.760,2.310,1.800,1,0,37.961,0,0,28,272,1,27,0
28-07 07:11:26,23.577,7.023,67.722,0,0,6385408,5496896,407176,3945148,29896.989,14920.904,0,204.671,0,17.056,4371,5139,2.700,2.310,1.800,1,0,0,0,0,28,271,1,27,0
28-07 07:11:27,24.926,4.736,67.799,0,0,6385848,5496432,407176,3945172,14870.893,7340.229,0,87.740,0,4.985,4605,5274,2.700,2.310,1.800,2,0,1.994,0,0,28,272,1,27,0
28-07 07:11:28,25.249,6.000,65.997,0.250,0,6392780,5489348,407236,3945256,15137.307,7295.666,0,591.973,0,49.998,5057,5985,2.700,2.310,1.800,1,0,1.000,0,0,28,275,1,26,0
28-07 07:11:29,24.996,5.999,67.488,0,0,6393280,5488592,407308,3945432,418.925,0,0,491.912,0,46.992,4821,5570,2.700,2.310,1.800,2,0,1.000,0,0,28,276,1,26,0
28-07 07:11:30,26.712,6.990,62.910,0,0,6393572,5488092,407364,3945584,16905.719,8636.596,0,543.220,0,42.938,5221,6101,2.700,2.310,1.800,2,0,2.996,0,0,28,276,1,26,0
28-07 07:11:31,32.503,14.501,50.755,0.500,0,6386692,5491348,407396,3949176,15243.358,7444.663,4.000,1004.089,1.000,59.005,5116,5188,2.560,2.280,1.800,3,0,3.000,0,0,28,279,1,32,0
28-07 07:11:32,25.918,9.221,61.057,1.994,0,6379348,5485560,407464,3961764,239.242,0,0,16344.213,0,65.792,5682,7055,2.560,2.280,1.800,3,1,20.934,0,0,28,276,1,37,0
28-07 07:11:33,7.783,25.105,64.018,0.753,0,6312008,5552840,407484,3961800,31119.052,36458.366,0,8603.958,0,28.118,5043,3873,2.560,2.280,1.800,2,0,164.688,0,0,28,276,1,37,0
28-07 07:11:34,7.756,23.768,66.300,0,0,6318276,5546548,407500,3961808,60687.616,33897.479,0,296.223,0,15.011,5224,4075,2.560,2.280,1.800,3,0,181.136,0,0,28,276,1,37,0
28-07 07:11:35,14.503,17.004,66.515,0.250,0,6341424,5523348,407552,3961808,60366.857,33987.802,0,1288.296,0,71.016,4321,3895,2.560,2.280,1.800,1,0,122.028,0,0,28,276,1,37,0
28-07 07:11:36,22.211,7.487,67.882,0,0,6388780,5475972,407552,3961828,29660.468,14788.307,0,6009.559,0,472.180,3093,2368,2.430,2.260,1.790,1,0,1.997,0,0,28,276,1,31,0
28-07 07:11:37,13.757,15.758,69.284,0,0,6382200,5482544,407552,3961836,45345.104,24692.036,0,224.109,0,42.020,3839,3237,2.430,2.260,1.790,1,0,82.040,0,0,28,276,1,31,0
28-07 07:11:38,6.994,23.229,67.190,0,0,6370612,5494032,407564,3961924,60522.299,33989.841,0,7857.029,0,12.988,4594,3660,2.430,2.260,1.790,2,0,123.890,0,0,28,276,1,31,0
28-07 07:11:39,7.512,23.536,67.103,0,0,6357900,5506692,407584,3961952,61296.263,33912.151,0,452.696,0,29.045,4836,4055,2.430,2.260,1.790,2,0,134.206,0,0,28,276,1,31,0
28-07 07:11:40,7.247,22.989,66.969,0,0,6357720,5506832,407608,3961968,60907.931,34018.323,0,279.871,0,32.985,5006,4225,2.430,2.260,1.790,2,0,124.942,0,0,28,276,1,31,0
28-07 07:11:41,11.007,25.517,61.540,0,0,6352932,5511588,407616,3961992,47725.009,30316.698,0,308.200,0,21.014,5069,4012,2.400,2.260,1.800,2,0,145.094,0,0,28,276,1,31,0
28-07 07:11:42,5.506,11.513,81.594,0.250,0,6353364,5511096,407664,3962000,60177.313,31908.753,0,360.415,0,37.043,3464,3563,2.400,2.260,1.800,2,0,64.074,0,0,28,276,1,31,0
28-07 07:11:43,11.985,6.742,79.403,0,0,6354096,5510340,407688,3962000,44790.227,22568.401,0,183.775,0,18.977,2642,3032,2.400,2.260,1.800,1,0,8.989,0,0,28,276,1,31,0
28-07 07:11:44,25.251,6.500,66.253,0,0,6390940,5473492,407688,3962004,67544.847,902218.033,0,124.005,0,27.001,3679,3277,2.400,2.260,1.800,1,0,1.000,0,0,28,276,1,31,0
28-07 07:11:45,23.901,6.793,68.685,0,0,6399204,5465204,407708,3962008,17129.501,174233.621,0,350.218,0,23.147,3699,4058,2.400,2.260,1.800,2,0,3.019,0,0,28,286,1,31,0
28-07 07:11:46,22.080,7.443,68.224,0,0,6321980,5542260,407724,3962156,29975.694,15381.311,0,242.132,0,16.870,3820,3789,2.290,2.240,1.790,1,0,29.770,0,0,28,300,1,32,0
28-07 07:11:47,6.754,18.260,68.536,4.502,0,6320736,5540900,407764,3964596,61321.376,32799.317,1196.632,0,40.021,0,4161,3487,2.290,2.240,1.790,2,1,82.043,0,0,28,300,1,32,0
28-07 07:11:48,3.004,4.505,69.083,21.776,0,6320480,5520740,407832,3984620,44201.149,22076.546,17196.678,0,198.238,0,2811,3209,2.290,2.240,1.790,0,1,2.002,0,0,28,300,1,29,0
28-07 07:11:49,3.248,7.745,65.457,21.486,0,6321056,5496812,407844,4007784,29571.389,14648.285,21593.679,0,201.866,0,2701,2917,2.290,2.240,1.790,0,1,5.996,0,0,28,300,1,29,0
28-07 07:11:50,2.751,4.251,69.770,22.006,0,6320852,5477912,407860,4026768,14980.297,7298.093,17881.129,244.070,189.054,37.011,2472,2830,2.290,2.240,1.790,1,1,1.000,0,0,28,300,1,29,0
28-07 07:11:51,2.751,4.501,70.014,21.004,0,6319788,5452244,407880,4053328,15157.985,7487.475,25184.960,108.021,232.046,9.002,2659,2906,2.180,2.220,1.790,0,1,2.000,0,0,28,300,1,29,0
28-07 07:11:52,7.998,9.748,65.737,15.497,0,6322652,5432340,407904,4070248,16956.588,8647.260,15396.901,235.953,149.970,19.996,3781,3955,2.180,2.220,1.790,2,1,15.997,0,0,28,300,1,26,0
28-07 07:11:53,3.248,4.248,68.964,21.489,0,6324844,5410444,407948,4089824,44843.557,27261.748,19253.935,463.758,189.901,45.976,2827,3257,2.180,2.220,1.790,0,1,19.990,0,0,28,302,1,27,0
28-07 07:11:54,4.754,10.759,69.559,12.511,0,6325016,5396080,407952,4103924,60612.422,35532.145,13663.592,0,119.101,0,3270,3122,2.180,2.220,1.790,1,0,28.024,0,0,28,302,1,27,0
28-07 07:11:55,4.000,8.499,68.742,16.248,0,6321200,5382232,407996,4121468,29587.483,14590.266,17305.943,331.961,158.981,24.997,3008,3206,2.180,2.220,1.790,1,0,14.998,0,0,28,302,1,28,0
28-07 07:11:56,4.993,7.989,68.904,16.727,0,6319948,5367616,408008,4137228,59748.879,34719.699,15250.784,191.733,176.754,12.982,3224,3150,2.090,2.200,1.780,4,0,10.985,0,0,28,302,1,28,0
28-07 07:11:57,5.477,9.211,68.463,15.435,0,6322672,5352256,408016,4149804,30059.177,18279.485,12089.396,2007.597,136.429,370.449,3687,2993,2.090,2.200,1.780,3,1,19.917,0,0,28,304,1,27,0
28-07 07:11:58,3.503,6.756,67.812,19.518,0,6322408,5335624,408092,4166536,44128.292,22136.212,16563.123,464.424,185.169,44.040,3306,3612,2.090,2.200,1.780,4,0,24.022,0,0,28,304,1,27,0
28-07 07:11:59,5.524,10.043,68.546,14.061,0,6323988,5323280,408152,4177176,60078.557,34462.890,10159.894,2197.494,137.594,103.447,3308,3381,2.090,2.200,1.780,2,1,22.095,0,0,28,304,1,27,0
28-07 07:12:00,4.748,9.245,68.465,15.242,0,6324832,5308160,408172,4191352,30623.498,19232.264,13485.174,171.913,165.916,17.991,3440,3632,2.090,2.200,1.780,0,1,18.990,0,0,28,304,1,27,0
28-07 07:12:01,7.249,7.749,62.996,19.999,0,6360768,5254484,408172,4209028,44950.884,22328.452,17246.804,4.000,211.985,1.000,2960,3036,2.080,2.190,1.780,2,0,1.000,0,0,28,304,1,22,0
28-07 07:12:02,5.255,8.257,67.809,16.264,0,6347244,5252972,408216,4223968,45914.622,26284.682,14096.164,480.415,158.136,60.052,3587,3568,2.080,2.190,1.780,1,1,15.013,0,0,28,304,1,22,0
28-07 07:12:03,7.724,9.468,65.528,15.697,0,6340524,5249956,408228,4233644,46040.931,27282.518,9220.744,438.514,109.628,17.939,3433,3352,2.080,2.190,1.780,0,1,17.939,0,0,28,304,1,22,0
28-07 07:12:04,3.240,11.962,68.783,12.212,0,6333152,5245168,408232,4245752,40145.558,24847.740,11623.391,95.699,147.535,3.987,3405,3112,2.080,2.190,1.780,2,0,29.906,0,0,28,304,1,22,0
28-07 07:12:05,6.537,12.319,68.887,10.811,0,6335976,5232864,408232,4255196,50237.110,25794.853,9058.871,0,111.627,0,3458,3131,2.080,2.190,1.780,0,1,36.203,0,0,28,304,1,22,0
28-07 07:12:06,6.761,10.767,66.105,14.523,0,6339436,5217296,408260,4267228,65353.430,891977.661,11526.242,124.197,133.211,12.019,3825,3567,2.070,2.190,1.790,2,0,28.044,0,0,28,304,1,22,0
28-07 07:12:07,6.742,12.236,67.672,11.986,0,6333924,5215296,408268,4274700,49765.637,212439.130,6951.987,1749.983,101.883,313.638,4076,3322,2.070,2.190,1.790,0,1,31.963,0,0,28,304,1,22,0
28-07 07:12:08,4.492,10.233,69.133,13.228,0,6337220,5199420,408272,4287224,44666.163,25586.557,12011.606,171.708,149.746,23.959,3231,3074,2.070,2.190,1.790,1,0,24.958,0,0,28,304,1,22,0
28-07 07:12:09,3.259,7.521,69.191,17.799,0,6337184,5182536,408284,4304048,45099.735,22610.535,16240.918,68.189,240.666,7.019,3016,3032,2.070,2.190,1.790,1,0,12.033,0,0,28,304,1,22,0
28-07 07:12:10,4.494,10.736,69.161,13.732,0,6335260,5171196,408300,4317244,45452.525,25972.586,12727.626,271.651,118.847,17.977,3295,3232,2.070,2.190,1.790,1,0,17.977,0,0,28,304,1,22,0
28-07 07:12:11,5.252,10.254,69.530,13.256,0,6338480,5157352,408300,4327804,44940.422,26215.329,10392.491,0,115.050,0,3273,3046,1.990,2.170,1.780,1,0,21.009,0,0,28,304,1,22,0
28-07 07:12:12,5.495,9.741,68.434,13.487,0,6337248,5148784,408316,4337556,60343.604,37641.573,9566.742,107.896,95.907,11.988,3459,3533,1.990,2.170,1.780,2,1,17.983,0,0,28,304,1,22,0
28-07 07:12:13,5.506,9.510,67.818,15.265,0,6338924,5136436,408360,4348132,46209.359,27093.181,10218.251,580.582,105.105,62.062,3489,3565,1.990,2.170,1.780,0,1,17.017,0,0,28,304,1,22,0
28-07 07:12:14,5.503,7.254,66.040,18.761,0,6339392,5122576,408360,4361444,45787.999,23549.400,12007.342,0,133.081,0,3172,3145,1.990,2.170,1.780,1,0,9.006,0,0,28,304,1,22,0
28-07 07:12:15,4.968,8.445,68.805,15.897,0,6339048,5106704,408376,4377580,44578.456,26774.695,14935.328,151.022,213.617,12.916,3416,3537,1.990,2.170,1.780,2,0,6.955,0,0,28,304,1,22,0
28-07 07:12:16,5.016,9.279,68.965,15.548,0,6340640,5090084,408384,4392536,45625.188,27664.214,14493.167,96.300,181.566,10.031,3175,3080,1.910,2.150,1.780,0,1,18.056,0,0,28,304,1,22,0
28-07 07:12:17,4.757,9.764,69.098,14.771,0,6341508,5072484,408384,4409204,60453.714,33399.355,15670.218,0,213.302,0,3358,3110,1.910,2.150,1.780,3,0,16.023,0,0,28,304,1,20,0
28-07 07:12:18,4.493,8.987,68.649,14.479,0,6343144,5061652,408404,4418332,44622.669,27308.019,8998.825,315.538,107.842,16.975,3236,3160,1.910,2.150,1.780,2,0,15.977,0,0,28,304,1,20,0
28-07 07:12:19,4.014,10.035,69.996,15.053,0,6343452,5047540,408404,4432056,45494.738,25039.919,13242.496,24.085,135.476,2.007,3111,2955,1.910,2.150,1.780,1,1,18.063,0,0,28,304,1,20,0
28-07 07:12:20,9.747,11.246,62.978,13.495,0,6342964,5037712,408424,4442316,45480.425,26474.934,9824.636,203.930,98.966,21.992,4130,4298,1.910,2.150,1.780,1,1,22.992,0,0,28,304,1,22,0
28-07 07:12:21,9.728,15.965,67.351,5.238,0,6354180,5020328,408436,4448440,56194.345,31027.173,5874.968,167.628,59.867,8.980,3921,3494,1.840,2.130,1.770,3,0,68.847,0,0,28,304,1,22,0
28-07 07:12:22,24.222,5.244,69.171,0,0,6394476,4980008,408452,4448444,49661.085,27009.046,0,111.872,0,13.984,3049,2979,1.840,2.130,1.770,1,0,3.995,0,0,28,304,1,22,0
28-07 07:12:23,22.323,7.274,69.227,0,0,6443348,4931120,408468,4448444,49216.165,26280.058,0,1882.163,0,332.087,3354,2495,1.840,2.130,1.770,3,0,1.003,0,0,28,304,1,23,0
28-07 07:12:24,23.733,5.496,68.952,0,0,6474684,4899676,408480,4448540,25734.900,480384.138,0,335.764,0,13.990,2813,2486,1.840,2.130,1.770,3,0,0,0,0,28,304,1,23,0
28-07 07:12:25,29.563,9.115,58.388,0,0,6512848,4861456,408508,4449176,43053.092,570900.615,0,370.527,0,33.505,4270,5487,1.840,2.130,1.770,15,0,41.389,0,0,28,308,1,24,0
28-07 07:12:26,32.260,11.431,57.153,0,0,6478496,4895760,408520,4448588,45603.542,22924.205,0,609.632,0,62.995,3866,10178,1.770,2.110,1.770,1,0,7.112,0,0,28,304,1,25,0
28-07 07:12:27,23.198,5.488,69.594,0,0,6515248,4858996,408528,4448588,59625.262,30547.483,0,107.758,0,6.984,2665,2552,1.770,2.110,1.770,1,0,0,0,0,28,304,1,25,0
28-07 07:12:28,22.230,6.994,69.189,0,0,6544424,4829804,408568,4448564,30009.482,14645.059,0,247.781,0,27.975,2793,2858,1.770,2.110,1.770,5,0,1.998,0,0,28,304,1,25,0
28-07 07:12:29,21.262,7.754,70.038,0,0,6555492,4818684,408580,4448604,30009.244,14894.062,0,236.128,0,14.008,2845,2921,1.770,2.110,1.770,1,0,3.002,0,0,28,307,1,20,0
28-07 07:12:30,27.581,3.761,68.199,0.251,0,6544220,4829924,408596,4448620,30698.694,14815.287,0,236.692,0,19.056,3595,3738,1.770,2.110,1.770,4,0,2.006,0,0,28,304,1,20,0
28-07 07:12:31,27.159,15.199,55.066,0,0,6448844,4924104,408604,4449792,45159.847,24717.270,0,131.560,0,14.950,3910,3542,1.710,2.090,1.760,1,0,21.927,0,0,28,304,1,20,0
28-07 07:12:32,31.927,10.476,56.122,0,0,6480840,4891460,408608,4450436,29611.677,14690.600,0,263.401,0,44.898,3717,3406,1.710,2.090,1.760,1,0,0,0,0,28,302,1,20,2
28-07 07:12:33,29.845,6.019,63.452,0,0,6471256,4901776,408612,4449696,30155.983,14771.014,0,176.562,0,12.038,2885,2541,1.710,2.090,1.760,1,0,0,0,0,28,302,1,9,2
28-07 07:12:34,7.992,23.476,67.180,0,0,6445088,4927944,408612,4449696,30382.394,17176.132,511.468,155.838,3.996,1.998,4494,3633,1.710,2.090,1.760,4,0,133.861,0,0,28,302,1,9,2
28-07 07:12:35,7.070,24.494,66.664,0,0,6442524,4930444,408624,4449708,61432.990,34475.441,0,767.647,0,32.322,4793,3948,1.710,2.090,1.760,1,0,131.308,0,0,28,302,1,9,2
28-07 07:12:36,10.415,25.047,61.997,0,0,6436796,4936096,408624,4449784,46828.954,25541.713,0,0,0,0,5083,4015,1.730,2.090,1.760,2,0,160.696,0,0,28,302,1,9,2
28-07 07:12:37,10.274,18.793,68.407,0,0,6428108,4944780,408624,4449788,62161.648,62557.556,0,0,0,0,4315,3597,1.730,2.090,1.760,1,0,119.274,0,0,28,302,1,9,2
28-07 07:12:38,14.994,15.743,67.222,0,0,6430064,4942808,408628,4449796,60022.969,32512.441,0,1891.211,0,347.855,4053,3201,1.730,2.090,1.760,1,0,73.969,0,0,28,302,1,9,2
28-07 07:12:39,21.490,7.497,70.219,0,0,6433416,4939448,408628,4449804,29904.595,14747.389,0,0,0,0,2687,2480,1.730,2.090,1.760,1,0,17.992,0,0,28,302,1,9,2
28-07 07:12:40,15.743,6.247,76.468,0,0,6443664,4929196,408632,4449804,63231.416,32764.225,0,131.945,0,7.997,2588,2612,1.730,2.090,1.760,0,0,19.992,0,0,28,303,1,9,2
28-07 07:12:41,21.777,5.507,71.840,0,0,6437616,4928964,408652,4454904,32250.541,15862.941,0,1121.410,0,28.035,2623,2420,1.670,2.070,1.760,1,0,2.003,0,0,28,302,1,9,2
28-07 07:12:42,22.947,6.735,69.091,0,0,6427976,4937256,408668,4456064,30338.184,15941.315,0,363.164,0,12.970,2890,2907,1.670,2.070,1.760,1,0,4.989,0,0,28,302,1,9,2
28-07 07:12:43,22.798,10.773,62.882,0,0,6454872,4909136,408688,4457080,44470.169,21933.954,0,697.461,0,24.050,7101,12612,1.670,2.070,1.760,1,0,11.023,0,0,28,302,1,9,2
28-07 07:12:44,15.216,6.486,76.580,0,0,6445836,4918004,408692,4457204,34016.291,18487.852,0,1033.699,0,60.865,2489,2570,1.670,2.070,1.760,0,0,0,0,0,28,303,1,9,2
28-07 07:12:45,23.981,8.993,64.198,0,0,6438464,4925144,408708,4457412,87785.102,928875.815,0,291.764,0,17.985,6787,9431,1.670,2.070,1.760,2,0,5.995,0,0,28,303,1,9,2
28-07 07:12:46,18.805,13.038,65.691,0,0,6438644,4924696,408732,4457608,34143.093,197085.998,0,706.049,0,34.099,5194,7688,1.620,2.050,1.760,1,0,15.044,0,0,28,303,1,9,2
28-07 07:12:47,23.415,9.567,67.475,0,0,6422804,4940572,408732,4457568,31200.630,16843.567,0,100.709,0,2.014,2813,2490,1.620,2.050,1.760,1,0,3.021,0,0,28,303,1,9,2
28-07 07:12:48,19.845,17.116,61.022,0,0,6371376,4998804,408864,4451640,60206.674,33473.950,0,666.780,0,22.821,4308,3582,1.620,2.050,1.760,2,0,74.417,0,0,28,302,1,9,2
28-07 07:12:49,7.245,26.731,62.955,0,0,6360544,5009632,408864,4451644,45764.389,26435.162,0,0,0,0,4858,3865,1.620,2.050,1.760,2,0,157.887,0,0,28,302,1,9,2
28-07 07:12:50,17.264,13.761,67.555,0,0,6395428,4974748,408864,4451644,60094.932,31497.647,0,0,0,0,3163,2912,1.620,2.050,1.760,2,0,46.037,0,0,28,302,1,8,2
28-07 07:12:51,25.499,3.750,70.496,0,0,6414764,4955216,408864,4451840,29772.329,15225.145,0,4.000,0,1.000,2399,2234,1.570,2.040,1.750,1,0,0,0,0,28,302,1,8,2
28-07 07:12:52,23.703,6.238,68.364,0.250,0,6433512,4936396,408900,4451876,30832.758,15748.719,0,582.842,0,33.933,3259,3467,1.570,2.040,1.750,1,0,1.996,0,0,28,306,1,10,2
28-07 07:12:53,18.076,12.050,68.537,0,0,6406116,4963780,408908,4451880,30775.939,16412.763,0,441.851,0,20.084,3795,3334,1.570,2.040,1.750,1,0,57.240,0,0,28,302,1,12,2
28-07 07:12:54,15.471,14.723,67.624,0,0,6434712,4935164,408916,4451892,59649.172,31579.326,0,1401.396,0,250.535,3839,3136,1.570,2.040,1.750,1,0,58.891,0,0,28,302,1,11,2
28-07 07:12:55,23.500,6.250,69.501,0,0,6472296,4897560,408932,4451896,29723.444,15166.226,0,100.001,0,7.000,2522,2339,1.570,2.040,1.750,1,0,2.000,0,0,28,302,1,12,2
28-07 07:12:56,22.006,7.002,69.520,0,0,6442264,4927580,408932,4451908,30215.556,15502.390,0,4.001,0,1.000,3090,2791,1.520,2.020,1.750,3,0,22.006,0,0,28,302,1,12,2
28-07 07:12:57,15.493,13.994,68.471,0,0,6436312,4933512,408952,4451908,44716.016,22652.383,0,203.913,0,18.992,3438,3090,1.520,2.020,1.750,1,0,47.980,0,0,28,302,1,12,2
28-07 07:12:58,26.496,6.249,66.241,0,0,6441736,4928076,408952,4451920,30917.770,15942.819,0,151.979,0,14.998,3100,3014,1.520,2.020,1.750,1,0,2.000,0,0,28,302,1,11,2
28-07 07:12:59,24.956,4.243,69.377,0,0,6449992,4919804,408956,4451932,29718.490,14632.146,0,171.697,0,8.984,2940,2781,1.520,2.020,1.750,1,0,0,0,0,28,302,1,11,2
28-07 07:13:00,16.287,14.032,67.904,0,0,6415900,4953876,408972,4451936,30314.776,17563.847,0,272.618,0,17.039,3672,3518,1.520,2.020,1.750,1,0,57.130,0,0,28,302,1,11,2
28-07 07:13:01,23.980,5.995,68.443,0,0,6435884,4933884,408972,4451944,44230.155,22083.604,0,3.997,0,0.999,2854,2637,1.480,2,1.740,4,0,1.998,0,0,28,302,1,11,2
28-07 07:13:02,28.178,7.730,62.590,0,0,6439116,4930608,408996,4451964,18848.932,7540.770,0,223.430,0,22.941,3385,3184,1.480,2,1.740,1,0,0,0,0,28,302,1,14,2
28-07 07:13:03,18.269,12.012,67.820,0,0,6417860,4951808,409048,4451968,59968.737,30921.834,0,1825.880,0,90.093,3584,3352,1.480,2,1.740,1,0,32.033,0,0,28,302,1,14,2
28-07 07:13:04,23.533,5.567,71.105,0,0,6421892,4947776,409048,4451968,30013.030,14836.470,0,16.195,0,3.037,2505,2252,1.480,2,1.740,1,0,3.037,0,0,28,302,1,14,2
28-07 07:13:05,22.465,6.172,69.122,0,0,6430156,4939500,409056,4451972,29219.760,14604.449,0,130.344,0,13.824,3041,2964,1.480,2,1.740,2,0,0,0,0,28,303,1,14,2
28-07 07:13:06,18.295,11.278,68.919,0,0,6361148,5008464,409084,4451992,30457.672,17360.563,0,685.681,0,38.093,3536,3409,1.440,1.980,1.740,1,0,47.116,0,0,28,302,1,14,2
28-07 07:13:07,22.744,5.999,69.733,0,0,6410036,4959576,409084,4451992,29763.596,14948.281,0,0,0,0,2694,2603,1.440,1.980,1.740,1,0,2.000,0,0,28,302,1,14,2
28-07 07:13:08,23.741,5.498,69.473,0,0,6425880,4943700,409100,4452008,29640.591,14652.360,0,107.958,0,11.995,3047,2920,1.440,1.980,1.740,1,0,0,0,0,28,302,1,17,2
28-07 07:13:09,22.504,11.752,65.011,0,0,6422452,4947120,409100,4452016,27214.757,477708.510,0,4.001,0,1.000,3678,3406,1.440,1.980,1.740,2,0,32.006,0,0,28,302,1,17,2
28-07 07:13:10,24.493,5.748,68.231,0,0,6459228,4910328,409112,4452020,57536.399,602692.585,0,103.972,0,8.998,3204,2969,1.440,1.980,1.740,2,0,4.999,0,0,28,302,1,17,2
28-07 07:13:11,24.635,5.226,68.680,0,0,6463320,4906200,409132,4452036,40978.949,18684.888,0,286.664,0,28.865,3382,3483,1.410,1.970,1.730,3,0,0,0,0,28,302,1,18,2
28-07 07:13:12,12.316,19.354,65.855,0,0,6431180,4938312,409156,4452040,50096.902,28877.581,0,466.513,0,32.173,4702,4133,1.410,1.970,1.730,1,0,122.661,0,0,28,302,1,18,2
28-07 07:13:13,7.749,11.748,78.488,0,0,6430668,4938688,409216,4452116,64953.891,35014.550,0,191.970,0,15.998,3461,3462,1.410,1.970,1.730,0,0,58.991,0,0,28,304,1,18,2
28-07 07:13:14,4.751,11.501,82.759,0.250,0,6413372,4955864,409256,4452180,55682.149,24773.736,0,148.016,0,14.002,3081,3153,1.410,1.970,1.730,1,0,59.007,0,0,28,302,0,19,2
28-07 07:13:15,6.499,12.247,78.234,0,0,6409328,4959888,409268,4452188,65489.212,34708.692,0,1011.787,0,87.981,3576,3445,1.410,1.970,1.730,0,0,64.986,0,0,28,304,1,19,2
28-07 07:13:16,6.249,15.998,76.239,0,0,6389988,4979208,409292,4452184,62711.127,33450.267,0,571.919,0,31.995,3981,3699,1.370,1.950,1.730,1,0,96.986,0,0,28,302,1,20,2
28-07 07:13:17,9.983,20.716,67.139,0,0,6385388,4983740,409292,4452244,46128.449,25671.398,0,7.987,0,1.997,4403,3583,1.370,1.950,1.730,2,0,112.813,0,0,28,302,1,20,2
28-07 07:13:18,20.966,8.588,69.971,0,0,6383768,4977272,409632,4458900,60712.438,30522.431,0,784.077,0,13.135,2955,2762,1.370,1.950,1.730,1,0,5.052,0,0,28,302,1,20,2
28-07 07:13:19,26.586,5.963,65.844,0,0,6398024,4959672,409728,4461696,44580.153,22163.358,0,401.525,0,6.957,3001,2811,1.370,1.950,1.730,2,0,2.982,0,0,28,302,1,20,2
28-07 07:13:20,27.431,7.980,62.593,0,0,6390712,4965052,409820,4463252,34914.629,17138.113,0,2533.660,0,33.915,4125,4360,1.370,1.950,1.730,0,0,17.955,0,0,28,303,1,20,2
28-07 07:13:21,15.213,3.492,79.558,0.249,0,6396732,4955028,409884,4467144,36396.076,18063.363,0,722.255,0,33.918,2361,2587,1.340,1.940,1.720,1,0,0,0,0,28,303,1,20,2
28-07 07:13:22,27.841,10.883,59.986,0.253,0,6410260,4940820,409960,4467544,15778.517,7562.754,0,1866.897,0,71.882,4746,5094,1.340,1.940,1.720,1,0,25.310,0,0,28,302,1,22,2
28-07 07:13:23,10.156,19.322,65.396,2.229,0,6359596,4988984,410028,4469872,46555.154,26996.738,1153.351,2508.836,16.844,87.195,5083,4488,1.340,1.940,1.720,2,0,126.829,0,0,28,302,1,21,2
28-07 07:13:24,8.479,24.192,64.843,0,0,6361944,4986636,410028,4469872,45567.819,24389.029,0,7.981,0,1.995,4875,3843,1.340,1.940,1.720,1,0,159.614,0,0,28,302,1,21,2
28-07 07:13:25,21.299,8.770,68.657,0,0,6401372,4947208,410028,4469872,59874.832,31231.373,0,3171.247,0,475.086,3242,2747,1.340,1.940,1.720,1,0,2.005,0,0,28,302,1,22,2
28-07 07:13:26,33.257,14.003,52.011,0,0,6435064,4913508,410028,4469880,29781.069,15295.117,0,12.002,0,2.000,4068,12551,1.480,1.950,1.730,1,0,36.007,0,0,28,302,1,23,2
28-07 07:13:27,20.244,9.247,68.479,0,0,6386772,4961656,410028,4470024,15374.304,7691.651,0,19.994,0,1.000,3527,3358,1.480,1.950,1.730,1,0,46.986,0,0,28,302,1,20,2
28-07 07:13:28,21.762,8.004,69.538,0,0,6428684,4919716,410048,4470028,45028.359,26912.559,0,220.119,0,16.009,2974,2972,1.480,1.950,1.730,1,0,2.001,0,0,28,302,1,20,2
28-07 07:13:29,24.474,6.243,68.428,0,0,6458484,4889912,410048,4470032,49362.899,885769.103,0,0,0,0,3239,2942,1.480,1.950,1.730,1,0,0,0,0,28,302,1,20,2
28-07 07:13:30,24.029,7.509,66.830,0,0,6422988,4925368,410076,4470044,37043.154,204411.651,0,408.487,0,46.055,3986,3845,1.480,1.950,1.730,2,0,16.019,0,0,28,302,1,20,2
28-07 07:13:31,23.988,7.996,66.468,0,0,6418568,4929772,410076,4470056,47537.984,24691.045,0,1175.431,0,68.967,3238,2975,1.440,1.940,1.730,1,0,1.999,0,0,28,302,1,19,2
28-07 07:13:32,30.515,10.005,58.528,0,0,6451996,4895668,410096,4470704,30375.448,14989.130,0,272.129,0,21.010,3633,3368,1.440,1.940,1.730,4,0,4.002,0,0,28,302,1,20,2
28-07 07:13:33,27.188,11.723,58.367,0.249,0,6453148,4894864,410320,4470128,15120.561,7441.052,0,1125.437,0,147.664,6028,8091,1.440,1.940,1.730,2,0,0.998,0,0,28,303,1,20,2
28-07 07:13:34,27.043,8.764,61.598,0,0,6384408,4963404,410476,4470168,14939.755,7632.135,0,1093.739,0,79.126,4674,5718,1.440,1.940,1.730,2,0,7.011,0,0,28,302,1,20,2
28-07 07:13:35,23.257,6.002,70.021,0,0,6425316,4922484,410488,4470168,44918.717,25457.774,0,148.045,0,8.002,2711,2649,1.440,1.940,1.730,2,0,0,0,0,28,302,1,20,1
28-07 07:13:36,23.492,5.248,70.225,0,0,6436476,4911316,410488,4470176,29581.354,14734.697,0,0,0,0,2797,2596,1.400,1.920,1.720,3,0,0,0,0,28,303,1,20,1
28-07 07:13:37,21.974,9.489,65.922,0,0,6433896,4913488,410852,4470204,29496.239,14640.746,0,3751.579,0,233.725,5343,6743,1.400,1.920,1.720,1,0,1.998,0,0,28,303,1,20,1
28-07 07:13:38,26.035,4.506,67.591,0,0,6430968,4916252,410980,4470236,14755.872,7371.928,0,560.755,0,72.097,3883,4350,1.400,1.920,1.720,2,0,0,0,0,28,302,1,20,1
28-07 07:13:39,13.620,25.726,59.270,0,0,6414964,4932212,411016,4470244,46873.283,25923.462,0,334.939,0,24.212,4891,3841,1.400,1.920,1.720,3,0,154.354,0,0,28,302,1,21,1
28-07 07:13:40,7.685,27.269,62.224,0,0,6410168,4936828,411064,4470376,45602.385,23348.564,0,285.585,0,24.790,5318,4332,1.400,1.920,1.720,1,0,176.507,0,0,28,302,1,21,1
28-07 07:13:41,7.253,26.762,63.279,0.250,0,6401528,4945256,411268,4470376,61022.891,31828.547,0,2685.227,0,138.063,5511,4512,1.370,1.910,1.720,2,0,175.080,0,0,28,302,1,21,1
28-07 07:13:42,11.512,27.029,59.063,0,0,6389452,4957280,411300,4470396,62426.013,33901.393,0,260.279,0,21.023,5712,4792,1.370,1.910,1.720,1,0,172.185,0,0,28,302,1,21,1
28-07 07:13:43,7.962,26.374,62.202,0,0,6382472,4964024,411556,4470372,60499.573,31803.852,0,3869.489,0,192.081,5697,4841,1.370,1.910,1.720,3,0,178.148,0,0,28,302,1,21,1
28-07 07:13:44,7.241,26.716,63.920,0,0,6374008,4972444,411564,4470408,48912.602,25535.946,0,123.845,0,10.986,5131,3992,1.370,1.910,1.720,2,0,175.779,0,0,28,302,1,21,1
28-07 07:13:45,8.789,25.865,63.282,0,0,6370816,4975564,411628,4470412,57468.764,30521.837,0,309.377,0,28.125,5471,4828,1.370,1.910,1.720,1,0,175.782,0,0,28,302,1,21,1
28-07 07:13:46,7.236,27.198,63.130,0,0,6371016,4975348,411636,4470416,60467.325,32188.954,0,2527.207,0,407.228,5516,3968,1.340,1.890,1.720,3,0,175.667,0,0,28,302,1,21,1
28-07 07:13:47,5.712,26.575,64.078,0,0,6374920,4971436,411636,4470424,60629.119,32287.579,0,23.843,0,5.961,5145,3894,1.340,1.890,1.720,1,0,171.869,0,0,28,302,1,21,1
28-07 07:13:48,7.788,27.887,63.060,0,0,6368888,4977392,411676,4470460,60979.514,32045.398,0,558.744,0,28.138,5358,4375,1.340,1.890,1.720,2,0,172.849,0,0,28,302,1,21,1
28-07 07:13:49,8.781,30.105,58.454,0,0,6359788,4986436,411708,4470480,68950.304,896671.058,0,397.385,0,27.094,5752,4276,1.340,1.890,1.720,2,0,179.626,0,0,28,302,1,21,1
28-07 07:13:50,8.483,27.196,62.128,0.250,0,6360856,4985328,411740,4470484,64648.796,205665.331,0,251.505,0,16.967,5320,4092,1.340,1.890,1.720,6,0,178.648,0,0,28,302,1,21,1
28-07 07:13:51,7.514,28.553,61.615,0,0,6359520,4986656,411748,4470484,60808.030,31975.436,0,11529.431,0,61.114,5160,4064,1.390,1.890,1.720,4,0,164.305,0,0,28,302,1,21,1
28-07 07:13:52,8.494,26.731,61.956,0,0,6360976,4985144,411808,4470488,60653.213,32147.322,0,331.766,0,29.979,5467,4561,1.390,1.890,1.720,3,0,166.882,0,0,28,302,1,21,1
28-07 07:13:53,10.750,27.501,58.002,1.500,0,6361256,4984804,411848,4470508,47166.618,25707.882,0,420.014,0,26.001,5392,4144,1.390,1.890,1.720,1,0,166.006,0,0,28,302,1,22,1
28-07 07:13:54,7.502,25.757,65.019,0,0,6362096,4983952,411856,4470512,60773.676,32141.348,0,100.029,0,7.002,4987,3882,1.390,1.890,1.720,1,0,165.048,0,0,28,302,1,22,1
28-07 07:13:55,8.220,25.406,63.018,0,0,6362120,4983868,411920,4470504,60478.311,32378.777,0,294.914,0,29.890,5061,4034,1.390,1.890,1.720,2,0,161.406,0,0,28,302,1,19,1
28-07 07:13:56,7.784,26.366,63.529,0,0,6367152,4978828,411920,4470512,61528.655,32430.658,0,3366.810,0,17.075,5011,3908,1.520,1.910,1.720,1,0,161.711,0,0,28,302,1,19,1
28-07 07:13:57,6.742,25.968,65.169,0,0,6364440,4981532,411920,4470520,45734.467,23610.815,0,15.980,0,3.995,4968,3836,1.520,1.910,1.720,1,0,165.795,0,0,28,302,1,19,1
28-07 07:13:58,7.755,26.016,63.289,0,0,6367556,4978280,411972,4470604,61233.266,32393.714,0,316.192,0,24.015,5306,4431,1.520,1.910,1.720,1,0,169.103,0,0,28,302,1,19,1
28-07 07:13:59,7.253,26.262,63.779,0,0,6368520,4977276,412012,4470604,60814.294,32018.370,0,432.194,0,25.011,5119,3971,1.520,1.910,1.720,1,0,168.075,0,0,28,302,1,18,1
28-07 07:14:00,6.998,26.743,63.484,0,0,6367160,4978604,412036,4470612,61040.071,32142.139,0,195.952,0,15.996,5343,4332,1.520,1.910,1.720,1,0,163.960,0,0,28,302,1,18,1
28-07 07:14:01,7.999,23.746,65.740,0,0,6367876,4977856,412048,4470632,61626.389,33132.833,0,1535.760,0,246.961,5344,3917,1.400,1.880,1.720,2,0,143.978,0,0,28,302,1,18,1
28-07 07:14:02,21.461,14.897,63.374,0,0,6403124,4983628,412076,4432028,45888.686,23248.840,0,399.937,0,48.477,3595,3471,1.400,1.880,1.720,1,0,40.398,0,0,28,302,1,18,1
28-07 07:14:03,13.870,14.861,69.103,0,0,6410568,5046508,412312,4370072,43769.466,21845.599,0,2690.823,0,24.768,2979,3016,1.400,1.880,1.720,1,0,2.972,0,0,28,302,1,18,1
28-07 07:14:04,24.986,7.746,66.462,0,0,6420592,5030692,412584,4375168,46588.325,23841.349,0,15.991,0,3.998,3155,2881,1.400,1.880,1.720,2,0,2.998,0,0,28,302,1,15,1
28-07 07:14:05,24.516,6.504,67.794,0,0,6425540,5023216,412708,4377208,53910.633,1047953.224,0,0,0,0,3560,3057,1.400,1.880,1.720,1,0,19.012,0,0,28,302,1,15,1
28-07 07:14:06,15.746,2.499,79.731,0,0,6426592,5021792,412768,4377480,38727.553,19386.271,0,1311.680,0,24.994,2349,2653,1.290,1.850,1.710,1,0,0,0,0,28,303,1,15,1
28-07 07:14:07,15.712,3.741,78.559,0.249,0,6436640,5011600,412816,4377580,24440.511,14697.227,0,4157.880,0,118.711,2531,2527,1.290,1.850,1.710,0,0,1.995,0,0,28,303,1,15,1
28-07 07:14:08,13.031,2.506,83.699,0,0,6433296,5014676,412856,4377792,28430.513,16233.549,0,1110.637,0,38.090,2113,2359,1.290,1.850,1.710,0,0,0,0,0,28,303,1,15,1
28-07 07:14:09,18.252,3.750,77.010,0,0,6438144,5009516,412888,4378032,23811.067,12427.601,0,692.089,0,22.003,2191,2202,1.290,1.850,1.710,1,0,0,0,0,28,303,1,15,1
28-07 07:14:10,19.238,2.249,76.702,0,0,6438608,5008864,412932,4378132,22031.172,13028.822,0,823.483,0,33.979,2354,2412,1.290,1.850,1.710,0,0,2.998,0,0,28,303,1,15,1
28-07 07:14:11,14.016,2.253,82.096,0,0,6438576,5008640,412984,4378296,12355.375,7513.742,0,1145.333,0,37.043,2042,2349,1.260,1.830,1.700,2,0,1.001,0,0,28,303,1,15,1
28-07 07:14:12,20.997,2.750,74.988,0,0,6454172,4992764,413032,4378492,19868.690,11453.092,0,599.900,0,31.995,2530,2685,1.260,1.830,1.700,0,0,0,0,0,28,303,1,11,1
28-07 07:14:13,14.751,3.000,80.506,0.250,0,6453620,4993016,413068,4378716,12517.886,7363.521,0,1296.092,0,51.004,2456,2819,1.260,1.830,1.700,1,0,2.000,0,0,28,303,1,11,1
28-07 07:14:14,22.476,5.494,70.674,0,0,6452712,4973136,413204,4399216,16424.276,8247.100,0,523.435,0,23.974,2593,2422,1.260,1.830,1.700,1,0,0.999,0,0,28,303,1,11,1
28-07 07:14:15,25.987,6.247,66.468,0,0,6444536,4968236,414028,4409984,1748.145,1352.339,0,1435.298,0,66.967,3284,3488,1.260,1.830,1.700,1,0,0,0,0,28,303,1,11,1
28-07 07:14:16,23.738,4.997,69.714,0,0,6448904,4951224,414464,4421264,15115.286,7668.087,0,2010.974,0,58.970,2920,2981,1.320,1.840,1.700,1,0,1.999,0,0,28,303,1,10,1
28-07 07:14:17,24.264,3.752,70.542,0,0,6449128,4942964,414644,4428104,479.284,0,0,0,0,0,2564,2572,1.320,1.840,1.700,1,0,0,0,0,28,303,1,10,1
28-07 07:14:18,22.753,5.751,70.261,0.500,0,6460952,4909572,415364,4447216,360.055,0,0,2452.377,0,96.015,2960,3093,1.320,1.840,1.700,1,0,0,0,0,28,303,1,10,1
28-07 07:14:19,22.523,6.006,70.323,0.250,0,6460084,4899140,416168,4455768,15110.628,7369.622,0,1601.656,0,54.056,2812,2829,1.320,1.840,1.700,1,0,2.002,0,0,28,303,1,10,1
28-07 07:14:20,23.738,5.497,69.713,0,0,6466472,4868548,416904,4477364,239.874,0,0,1395.267,0,49.974,2737,2728,1.320,1.840,1.700,2,0,0.999,0,0,28,303,1,9,1
28-07 07:14:21,24.210,3.744,70.133,0,0,6462160,4862848,417444,4485612,478.201,147.753,0,1493.504,0,47.920,2789,2863,1.300,1.820,1.700,2,0,0,0,0,28,303,1,9,1
28-07 07:14:22,24.026,6.006,67.823,0,0,6432928,4905748,417772,4470708,15214.348,7478.035,0,1021.097,0,42.045,3186,3188,1.300,1.820,1.700,1,0,6.006,0,0,28,302,1,9,1
28-07 07:14:23,21.503,8.251,69.259,0,0,6453800,4884844,417780,4470728,479.063,74.010,0,428.056,0,7.001,2814,2532,1.300,1.820,1.700,1,0,18.002,0,0,28,302,1,10,1
28-07 07:14:24,20.522,9.010,69.824,0,0,6458800,4879664,417808,4470896,6730.168,2892.080,0,364.388,0,19.020,3591,3829,1.300,1.820,1.700,1,0,23.025,0,0,28,303,1,9,1
28-07 07:14:25,23.993,5.748,68.479,0,0,6453728,4878008,417864,4477040,700.783,173.946,0,1791.446,0,55.983,2880,2721,1.300,1.820,1.700,2,0,3.999,0,0,28,302,1,10,1
28-07 07:14:26,29.477,12.849,56.938,0,0,6501264,4829992,417864,4479840,46483.650,24124.617,0,4.031,0,1.008,5568,10882,1.270,1.810,1.700,4,0,40.310,0,0,28,302,1,10,1
28-07 07:14:27,24.041,14.871,58.244,0,0,6487356,4842884,417864,4478196,30196.617,14948.114,0,31.724,0,2.974,6075,14853,1.270,1.810,1.700,1,0,9.914,0,0,28,302,1,11,1
28-07 07:14:28,23.627,8.797,64.598,0,0,6467484,4862620,417876,4478320,29812.755,14833.987,0,1745.412,0,19.103,6993,12045,1.270,1.810,1.700,3,0,7.038,0,0,28,302,1,9,1
28-07 07:14:29,17.157,11.438,69.124,0,0,6467640,4862368,417876,4478412,15192.396,7256.545,0,107.416,0,2.984,3599,4371,1.270,1.810,1.700,3,0,13.924,0,0,28,302,1,9,1
28-07 07:14:30,18.791,10.773,69.149,0,0,6411764,4926144,417924,4470988,15396.259,7377.938,0,529.143,0,23.050,2817,2787,1.270,1.810,1.700,2,0,3.006,0,0,28,302,1,9,1
28-07 07:14:31,21.994,7.748,68.982,0,0,6389284,4948744,417952,4471016,15313.084,7508.080,0,615.842,0,26.993,2993,2946,1.250,1.800,1.690,1,0,11.997,0,0,28,302,1,9,1
28-07 07:14:32,24.243,10.497,64.231,0,0,6418420,4918544,417976,4472056,19558.320,11290.721,0,1775.484,0,302.912,4098,3894,1.250,1.800,1.690,2,0,42.988,0,0,28,302,1,8,1
28-07 07:14:33,25.865,12.684,57.203,0,0,6430740,4906336,417976,4471940,55913.241,28732.585,0,3.979,0,0.995,7863,13581,1.250,1.800,1.690,3,0,8.953,0,0,28,302,1,8,1
28-07 07:14:34,26.109,11.297,62.009,0,0,6474708,4863256,417980,4471048,48767.765,25942.395,0,321.343,0,9.038,3361,3089,1.250,1.800,1.690,2,0,20.084,0,0,28,302,1,8,1
28-07 07:14:35,20.267,5.755,72.560,0.250,0,6465200,4872748,417996,4471048,30060.870,16323.505,0,412.341,0,17.014,2664,2624,1.250,1.800,1.690,0,0,17.014,0,0,28,303,1,8,1
28-07 07:14:36,17.745,4.499,75.730,0,0,6432460,4899864,418036,4476156,22201.217,9986.399,0,1043.728,0,26.993,2449,2567,1.230,1.780,1.690,1,0,1.999,0,0,28,302,1,8,1
28-07 07:14:37,25.493,9.497,63.981,0,0,6449232,4881784,418044,4477320,16300.211,8970.364,0,17338.905,0,242.929,3584,2993,1.230,1.780,1.690,1,0,3.999,0,0,28,302,1,8,1
28-07 07:14:38,20.980,11.739,64.437,0,0,6469920,4860028,418052,4478356,14907.528,7516.703,0,251.756,0,7.992,7764,14155,1.230,1.780,1.690,1,0,11.988,0,0,28,302,1,8,1
28-07 07:14:39,21.685,10.718,64.057,0,0,6461792,4868040,418052,4478468,15688.698,7597.094,0,87.735,0,0.997,7139,13261,1.230,1.780,1.690,1,0,5.982,0,0,28,302,1,8,1
28-07 07:14:40,17.570,12.550,69.026,0,0,6459404,4870296,418052,4478560,15216.756,7813.196,0,92.369,0,2.008,2923,2631,1.230,1.780,1.690,1,0,17.068,0,0,28,302,1,7,1
28-07 07:14:41,18.252,10.251,70.258,0,0,6429460,4908360,418096,4471064,701.079,148.017,0,908.103,0,20.002,2512,2378,1.210,1.770,1.680,1,0,1.000,0,0,28,302,1,7,1
28-07 07:14:42,22.451,6.735,69.348,0,0,6436824,4900968,418120,4471068,15122.852,7411.754,0,111.755,0,13.969,3042,2925,1.210,1.770,1.680,1,0,21.952,0,0,28,302,1,7,1
28-07 07:14:43,22.891,7.295,69.177,0,0,6402216,4935528,418156,4471080,592.657,0,0,390.409,0,24.149,3016,2825,1.210,1.770,1.680,1,0,14.087,0,0,28,302,1,7,1
28-07 07:14:44,18.663,12.442,66.440,0,0,6407704,4929944,418220,4471080,60813.825,42561.117,0,2094.214,0,108.493,4189,3946,1.210,1.770,1.680,1,0,81.619,0,0,28,302,1,7,1
28-07 07:14:45,23.768,10.007,63.047,0,0,6417284,4920348,418232,4471084,45380.597,24594.208,0,88.065,0,12.009,6841,12353,1.210,1.770,1.680,1,0,6.004,0,0,28,302,1,7,1
28-07 07:14:46,20.386,9.198,69.113,0,0,6427848,4909764,418236,4471100,44877.584,24443.064,0,262.529,0,12.928,2988,2694,1.200,1.760,1.680,1,0,21.877,0,0,28,302,1,7,1
28-07 07:14:47,20.070,6.774,71.750,0,0,6442224,4895380,418244,4471100,30350.569,15716.668,0,136.475,0,9.031,2707,2594,1.200,1.760,1.680,0,0,17.059,0,0,28,303,1,7,1
28-07 07:14:48,20.023,12.764,65.825,0.250,0,6435092,4896904,418272,4476252,37569.586,18240.676,0,36369.225,0,149.169,3523,3028,1.200,1.760,1.680,1,0,1.001,0,0,28,302,1,7,2
28-07 07:14:49,22.158,5.477,69.958,0,0,6418848,4911832,418272,4477408,15534.233,7373.259,0,0,0,0,2669,2619,1.200,1.760,1.680,1,0,4.979,0,0,28,302,1,7,1
28-07 07:14:50,24.136,15.085,58.832,0,0,6451704,4877816,418272,4478440,15000.753,7536.581,0,0,0,0,6681,11212,1.200,1.760,1.680,1,0,19.108,0,0,28,302,1,7,1
28-07 07:14:51,19.761,10.756,66.288,0,0,6451548,4877816,418272,4478556,15103.722,7514.339,0,92.053,0,2.001,5688,9608,1.180,1.740,1.680,1,0,5.003,0,0,28,302,1,7,1
28-07 07:14:52,19.980,11.488,66.682,0.250,0,6451896,4877340,418304,4478620,14840.902,7450.421,0,783.203,0,26.973,4579,6469,1.180,1.740,1.680,3,0,13.986,0,0,28,302,1,7,1
28-07 07:14:53,17.918,18.664,60.223,1.742,0,6368176,4969136,418352,4471164,563.410,0,7.963,53828.589,1.991,177.186,3420,2743,1.180,1.740,1.680,2,0,3.982,0,0,28,302,1,8,1
28-07 07:14:54,20.607,6.031,71.371,2.262,0,6389884,4946988,418352,4471604,14812.984,7955.344,249.296,5006.017,4.021,5.026,2568,2555,1.180,1.740,1.680,1,0,5.026,0,0,28,302,1,8,1
28-07 07:14:55,21.490,7.996,68.967,0.500,0,6410948,4923080,418396,4474160,478.773,0,391.814,963.544,9.995,7.996,2735,2568,1.180,1.740,1.680,1,0,1.999,0,0,28,302,1,9,1
28-07 07:14:56,25.998,7.250,63.996,0,0,6409680,4924032,418448,4474336,72723.540,1103468.329,0,1671.897,0,51.997,6069,6704,1.160,1.730,1.670,2,0,1.000,0,0,28,304,1,10,1
28-07 07:14:57,22.929,6.978,66.295,0,0,6410556,4922800,418596,4474540,29619.544,14547.083,0,1407.654,0,119.631,5418,6702,1.160,1.730,1.670,2,0,0,0,0,28,305,1,11,1
28-07 07:14:58,28.601,8.028,61.215,0.502,0,6410744,4922300,418804,4474640,29499.795,14709.756,0,1810.370,0,243.858,6462,8522,1.160,1.730,1.670,1,0,3.011,0,0,28,304,1,11,1
28-07 07:14:59,13.249,21.748,62.744,0,0,6372588,4960128,418852,4474920,32999.970,26786.541,127.988,831.924,1.000,43.996,4643,3874,1.160,1.730,1.670,1,0,118.989,0,0,28,304,1,11,1
28-07 07:15:00,7.237,26.452,63.634,0,0,6375932,4956728,418876,4474952,61707.548,39907.276,0,299.454,0,24.955,5277,4545,1.160,1.730,1.670,2,0,158.711,0,0,28,304,1,11,1
28-07 07:15:01,8.003,22.509,67.027,0,0,6374028,4958604,418892,4474964,46000.850,24920.212,0,168.069,0,9.004,4769,3747,1.150,1.720,1.670,1,0,124.051,0,0,28,304,1,11,1
28-07 07:15:02,17.758,13.506,67.029,0.250,0,6369304,4963184,418932,4475068,60950.198,34430.799,0,388.167,0,29.012,3929,3544,1.150,1.720,1.670,3,0,42.018,0,0,28,304,1,13,1
28-07 07:15:03,16.259,14.258,67.786,0,0,6374688,4959508,419056,4473244,127019.865,45139.117,0,6619.537,0,605.323,4874,4198,1.150,1.720,1.670,1,0,26.014,0,0,28,305,1,13,1
28-07 07:15:04,4.250,3.000,91.492,0,0,6373484,4960736,419056,4473248,50901.553,24166.889,0,75.993,0,3.000,1788,2461,1.150,1.720,1.670,0,0,0,0,0,28,305,1,13,1
28-07 07:15:05,3.751,2.001,92.775,0,0,6370252,4963968,419056,4473248,68470.258,19327.154,0,0,0,0,1709,2317,1.150,1.720,1.670,0,0,0,0,0,28,305,1,13,1
28-07 07:15:06,4.746,3.997,89.429,0,0,6366272,4967748,419092,4473412,54970.324,9036.820,0,0,0,0,1949,2417,1.060,1.690,1.660,1,0,6.994,0,0,28,304,1,13,2
28-07 07:15:07,9.248,11.997,77.231,0,0,6358928,4974704,419152,4473732,147275.198,51952.371,0,1899.538,0,30.992,3584,3533,1.060,1.690,1.660,0,0,35.991,0,0,28,304,1,14,1
28-07 07:15:08,10.758,20.765,66.547,0,0,6351344,4982220,419196,4473756,107962.234,31282.089,0,344.243,0,36.025,5116,4178,1.060,1.690,1.660,1,0,183.129,0,0,28,304,1,14,1
28-07 07:15:09,10.503,17.505,65.019,4.001,0,6346228,4986676,419308,4474276,44399.721,21894.273,596.171,4497.289,68.019,165.047,4603,3776,1.060,1.690,1.660,0,1,130.037,0,0,28,304,1,14,1
28-07 07:15:10,17.501,8.500,66.004,7.250,0,6348488,4982448,419404,4475776,16528.935,8649.489,1568.089,72.004,155.009,10.001,3153,3270,1.060,1.690,1.660,1,0,1.000,0,0,28,304,1,14,1
28-07 07:15:11,12.737,7.992,69.678,7.243,0,6361276,4963520,419752,4479500,29962.031,14886.613,4067.796,39.959,656.322,2.997,3856,3743,1.050,1.680,1.660,0,1,1.998,0,0,28,304,1,14,1
28-07 07:15:12,21.982,7.244,67.944,0.999,0,6364448,4957920,419856,4480296,14903.803,7290.034,675.447,395.676,54.955,39.967,3840,4291,1.050,1.680,1.660,1,0,0,0,0,28,304,1,14,1
28-07 07:15:13,21.539,8.515,67.873,0,0,6358904,4963452,419880,4480284,25456.163,458126.773,0,633.148,0,37.067,3186,3206,1.050,1.680,1.660,2,0,1.002,0,0,28,304,1,14,1
28-07 07:15:14,45.243,11.684,41.017,0,0,6222136,5099916,419916,4480560,54368.569,437844.077,0,226.710,0,24.859,5025,4109,1.050,1.680,1.660,5,0,8.949,0,0,28,294,0,18,1
28-07 07:15:15,71.419,15.926,11.696,0,0,5924360,5397652,419936,4480568,43943.277,22605.201,0,187.132,0,20.903,5271,3673,1.050,1.680,1.660,4,0,6.968,0,0,28,278,0,20,1
28-07 07:15:16,84.712,16.942,0,0,0,6076808,5245196,419936,4480584,29755.783,15880.270,0,129.470,0,8.092,5402,2999,1.290,1.720,1.670,4,0,1.011,0,0,28,278,0,20,1
28-07 07:15:17,86.643,13.445,0,0,0,6179108,5142884,419944,4480588,14973.386,7529.019,0,183.246,0,12.947,5283,3098,1.290,1.720,1.670,5,0,2.988,0,0,28,274,0,23,1
28-07 07:15:18,84.111,15.065,0.753,0,0,6229240,5091336,420000,4481964,30397.423,15631.066,0,1880.067,0,203.875,6559,7734,1.290,1.720,1.670,4,0,8.034,0,0,28,278,1,27,1
28-07 07:15:19,70.608,14.878,14.626,0,0,6270304,5049252,420000,4482984,52789.714,256654.746,0,48.417,0,3.026,6214,6349,1.290,1.720,1.670,3,0,0,0,0,28,282,1,27,1
28-07 07:15:20,46.709,7.867,42.038,0,0,6313076,5006160,420008,4483296,29099.035,14421.683,0,173.068,0,15.733,4369,4491,1.290,1.720,1.670,2,0,6.883,0,0,28,282,1,32,1
28-07 07:15:21,22.402,9.061,67.457,0,0,6314396,5003892,420096,4484156,16718.153,8931.451,0,1848.511,0,101.688,5986,8412,1.750,1.800,1.700,0,0,0,0,0,28,290,1,32,1
28-07 07:15:22,2.749,1.999,93.969,0,0,6314372,5003892,420112,4484164,15031.103,7499.557,0,355.884,0,26.991,1857,2841,1.750,1.800,1.700,0,0,1.999,0,0,28,290,1,32,1
28-07 07:15:23,2.740,2.242,92.919,0,0,6310524,5007716,420132,4484168,15382.201,7343.838,0,259.077,0,12.954,1723,2446,1.750,1.800,1.700,4,0,1.993,0,0,28,290,1,33,1
28-07 07:15:24,2.508,2.508,94.044,0,0,6306928,5011244,420180,4484188,14962.754,7547.584,0,730.282,0,45.141,1804,2911,1.750,1.800,1.700,0,0,0,0,0,28,290,1,33,1
28-07 07:15:25,3.253,2.252,93.585,0,0,6303372,5014744,420236,4484188,15511.151,7442.790,0,1865.702,0,99.090,1944,2839,1.750,1.800,1.700,0,0,0,0,0,28,290,1,30,1
28-07 07:15:26,17.489,6.746,72.705,0,0,6299568,5018492,420236,4484244,419.741,147.909,0,15.990,0,2.998,4233,5134,1.690,1.790,1.690,1,0,6.996,0,0,28,290,1,32,1
28-07 07:15:27,14.270,9.764,74.854,0.250,0,6313188,5004700,420260,4484376,15176.054,7306.136,0,404.561,0,26.036,3568,10641,1.690,1.790,1.690,0,0,37.051,0,0,28,290,1,33,1
28-07 07:15:28,2.498,1.749,94.435,0,0,6311792,5006068,420280,4484384,299.794,0,0,155.893,0,14.990,1742,2644,1.690,1.790,1.690,0,0,0,0,0,28,290,1,33,1
28-07 07:15:29,1.750,2.000,94.482,0,0,6300780,5017076,420284,4484384,15554.053,7530.573,0,195.963,0,11.998,1541,2355,1.690,1.790,1.690,0,0,2.000,0,0,28,290,1,33,1
28-07 07:15:30,2.749,2.749,93.478,0,0,6297212,5020620,420304,4484388,359.915,0,0,2555.398,0,18.996,1738,2693,1.690,1.790,1.690,0,0,1.000,0,0,28,290,1,32,1
28-07 07:15:31,2.499,1.999,93.462,0,0,6297208,5020580,420340,4484396,15415.736,7764.845,0,455.815,0,38.984,1832,2803,1.550,1.760,1.680,1,0,0,0,0,28,290,1,32,1
28-07 07:15:32,5.502,2.751,90.539,0,0,6297344,5020424,420352,4484404,1570.675,1353.581,0,108.046,0,15.006,2132,3020,1.550,1.760,1.680,0,0,2.001,0,0,28,290,1,32,1
28-07 07:15:33,7.003,6.252,84.781,0.250,0,6322636,4994740,420352,4484796,14920.385,7460.693,0,28.010,0,5.002,2275,2836,1.550,1.760,1.680,0,0,4.001,0,0,28,290,1,32,1
28-07 07:15:34,4.247,3.248,90.439,0,0,6322112,4995368,420368,4484676,566.621,0,0,8582.258,0,575.615,3116,3087,1.550,1.760,1.680,0,0,0,0,0,28,290,1,32,1
28-07 07:15:35,6.000,4.250,88.255,0,0,6326056,4991656,420392,4484420,763.047,0,0,656.041,0,37.002,1879,2377,1.550,1.760,1.680,0,0,2.000,0,0,28,290,1,32,1
28-07 07:15:36,2.753,1.752,94.337,0,0,6322656,4995048,420412,4484408,300.277,148.136,0,136.125,0,12.011,1593,2454,1.430,1.730,1.680,0,0,0,0,0,28,290,1,32,1
28-07 07:15:37,1.749,1.749,94.968,0,0,6311644,5006044,420412,4484424,15255.848,7691.403,0,3.999,0,1.000,1414,2241,1.430,1.730,1.680,0,0,0,0,0,28,290,1,32,1
28-07 07:15:38,2.751,2.000,94.770,0,0,6309728,5007956,420416,4484424,240.051,0,0,60.013,0,6.001,1546,2316,1.430,1.730,1.680,0,0,2.000,0,0,28,290,1,32,1
28-07 07:15:39,1.997,1.498,94.843,0,0,6307500,5010180,420416,4484428,744.771,0,0,3.993,0,0.998,1376,2213,1.430,1.730,1.680,0,0,0,0,0,28,290,1,32,1
28-07 07:15:40,2.752,2.252,93.318,0,0,6307144,5010520,420432,4484428,480.352,0,0,1981.451,0,92.067,1815,2649,1.430,1.730,1.680,0,0,1.001,0,0,28,290,1,32,1
28-07 07:15:41,2.749,2.249,93.475,0,0,6306872,5010772,420452,4484428,15376.838,7603.942,0,327.911,0,20.994,1770,2643,1.310,1.700,1.670,0,0,1.999,0,0,28,290,1,32,1
28-07 07:15:42,2.752,3.002,93.062,0,0,6306816,5010772,420500,4484436,762.508,42.028,0,280.187,0,35.023,1853,2816,1.310,1.700,1.670,0,0,0,0,0,28,290,1,32,1
28-07 07:15:43,4.999,3.000,90.240,0,0,6306788,5010772,420520,4484444,1858.791,1352.848,0,1271.857,0,14.998,2081,2925,1.310,1.700,1.670,0,0,0,0,0,28,290,1,32,1
28-07 07:15:44,1.750,2.500,94.251,0.250,0,6306972,5010548,420552,4484452,240.003,0,0,196.003,0,19.000,1726,2688,1.310,1.700,1.670,0,0,2.000,0,0,28,290,1,32,1
28-07 07:15:45,3.495,2.247,92.622,0,0,6307164,5010324,420584,4484452,14954.297,7447.689,0,195.729,0,20.971,1807,2736,1.310,1.700,1.670,0,0,0,0,0,28,290,1,32,1
28-07 07:15:46,1.502,1.502,95.408,0,0,6307160,5010324,420588,4484452,360.598,148.246,0,128.213,0,8.013,1391,2251,1.210,1.670,1.660,0,0,0,0,0,28,290,1,32,1
28-07 07:15:47,2.250,2.000,95.232,0,0,6307036,5010432,420600,4484456,805.848,0,0,107.980,0,6.999,1460,2203,1.210,1.670,1.660,0,0,2.000,0,0,28,290,1,32,1
28-07 07:15:48,3.249,3.748,91.462,0,0,6306684,5010684,420640,4484508,299.876,0,0,595.754,0,32.986,1827,2454,1.210,1.670,1.660,0,0,1.000,0,0,28,290,1,32,1
28-07 07:15:49,1.751,1.751,95.075,0,0,6306684,5010684,420640,4484508,761.603,0,0,256.203,0,50.040,1509,2243,1.210,1.670,1.660,1,0,0,0,0,28,290,1,32,1
28-07 07:15:50,3.746,5.994,89.160,0,0,6306100,5011248,420652,4484508,705.287,0,0,75.923,0,8.991,2006,2554,1.210,1.670,1.660,1,0,6.993,0,0,28,290,1,32,1
28-07 07:15:51,8.005,16.511,72.799,0.250,0,6308840,5008476,420684,4484508,125993.408,43619.222,0,168.113,0,16.011,4477,4029,1.190,1.660,1.650,1,0,142.095,0,0,28,290,1,32,1
28-07 07:15:52,12.006,20.511,65.284,0,0,6310556,5006736,420704,4484512,29427.387,14665.668,0,292.153,0,22.012,4827,4042,1.190,1.660,1.650,1,0,172.090,0,0,28,290,1,32,1
28-07 07:15:53,21.933,6.900,68.758,0.246,0,6355648,4961628,420728,4484504,29406.587,14449.457,0,185.325,0,17.744,2849,2846,1.190,1.660,1.650,3,0,0,0,0,28,292,1,32,1
28-07 07:15:54,25.867,7.354,66.950,0,0,6363184,4954068,420728,4484528,31552.943,16249.690,0,4.058,0,1.014,3063,2882,1.190,1.660,1.650,1,0,2.029,0,0,28,290,1,33,1
28-07 07:15:55,26.482,2.998,69.204,0,0,6379036,4938192,420736,4484552,15024.938,7488.985,0,251.831,0,12.991,2952,2761,1.190,1.660,1.650,2,0,0,0,0,28,295,1,34,1
28-07 07:15:56,19.743,10.996,67.725,0,0,6319532,4997692,420736,4484556,15576.154,8342.869,0,3.998,0,1.000,3603,2959,1.180,1.650,1.650,2,0,80.970,0,0,28,296,1,34,1
28-07 07:15:57,9.249,24.246,64.740,0,0,6323232,4993992,420736,4484556,44200.049,21950.548,0,3.999,0,1.000,5242,3856,1.180,1.650,1.650,2,0,222.965,0,0,28,296,1,34,1
28-07 07:15:58,21.985,7.745,68.952,0,0,6349924,4967280,420752,4484560,29511.449,14647.800,0,155.891,0,14.990,2803,2979,1.180,1.650,1.650,2,0,0,0,0,28,296,1,29,1
28-07 07:15:59,23.277,5.256,69.582,0,0,6385184,4932000,420768,4484564,15293.021,7370.685,0,224.264,0,13.015,2647,2609,1.180,1.650,1.650,2,0,0,0,0,28,296,1,29,1
28-07 07:16:00,21.982,4.746,72.441,0,0,6345836,4971312,420784,4484584,14947.807,7356.000,0,99.918,0,12.989,3145,3335,1.180,1.650,1.650,0,0,3.997,0,0,28,298,1,30,1
28-07 07:16:01,7.757,16.015,74.570,0,0,6344832,4972284,420808,4484588,139980.812,495582.661,0,176.166,0,15.014,4501,4007,1.240,1.660,1.650,1,0,124.117,0,0,28,298,1,30,1
28-07 07:16:02,10.459,23.905,62.503,0.249,0,6342916,4974024,420972,4484600,69552.900,320456.511,139.448,207.181,4.980,18.925,5717,4300,1.240,1.660,1.650,1,0,198.216,0,0,28,298,1,28,1
28-07 07:16:03,12.548,26.853,58.223,0,0,6343220,4973700,420984,4484608,61322.563,37521.523,0,116.445,0,9.035,5476,4109,1.240,1.660,1.650,3,0,182.699,0,0,28,298,1,28,1
28-07 07:16:04,6.743,24.476,66.684,0,0,6342636,4974240,421016,4484620,60857.630,38665.644,0,2133.883,0,374.628,5764,4086,1.240,1.660,1.650,1,0,183.818,0,0,28,298,1,28,1
28-07 07:16:05,10.256,22.764,63.538,0,0,6330208,4986516,421028,4484760,47233.590,30591.517,0,300.182,0,15.009,5162,4118,1.240,1.660,1.650,1,0,173.105,0,0,28,298,1,28,1
28-07 07:16:06,7.956,23.371,65.886,0,0,6332920,4983796,421044,4484752,60837.776,38580.781,0,115.362,0,12.929,5270,4380,1.220,1.650,1.650,1,0,170.060,0,0,28,298,1,28,1
28-07 07:16:07,7.294,23.642,66.398,0,0,6335140,4981556,421044,4484772,61193.406,38289.264,0,0,0,0,5131,3959,1.220,1.650,1.650,1,0,188.126,0,0,28,298,1,28,1
28-07 07:16:08,8.979,24.444,64.103,0,0,6339468,4977220,421044,4484780,71912.661,508712.389,0,3.991,0,0.998,5603,4194,1.220,1.650,1.650,2,0,189.564,0,0,28,298,1,28,1
28-07 07:16:09,7.008,26.281,64.577,0,0,6338296,4978372,421060,4484784,45917.948,28221.771,0,212.254,0,12.014,5189,3920,1.220,1.650,1.650,2,0,197.236,0,0,28,298,1,28,1
28-07 07:16:10,11.450,26.882,59.490,0,0,6330528,4986108,421080,4484796,60377.702,37579.499,0,115.494,0,12.943,5150,4082,1.220,1.650,1.650,4,0,203.111,0,0,28,298,1,27,1
28-07 07:16:11,10.267,24.040,63.104,0,0,6333196,4983416,421096,4484804,61395.964,37365.447,0,132.217,0,16.026,5331,4183,1.360,1.670,1.650,2,0,181.298,0,0,28,298,1,27,1
28-07 07:16:12,8.535,24.350,65.520,0,0,6340388,4976120,421184,4484820,45999.542,28923.178,0,2277.384,0,121.501,5402,4608,1.360,1.670,1.650,1,0,180.745,0,0,28,298,1,27,1
28-07 07:16:13,13.750,16.250,67.749,0,0,6351732,4964748,421204,4484828,60701.936,35255.382,0,95.998,0,12.000,4072,3608,1.360,1.670,1.650,1,0,79.999,0,0,28,298,1,27,1
28-07 07:16:14,23.259,6.002,69.778,0,0,6396948,4919520,421216,4484828,44171.526,22773.036,0,92.037,0,7.003,2725,2623,1.360,1.670,1.650,2,0,0,0,0,28,298,1,27,1
28-07 07:16:15,23.969,5.493,68.413,0,0,6414048,4902396,421236,4484832,15075.770,7448.499,0,267.659,0,22.971,3105,3209,1.360,1.670,1.650,4,0,0,0,0,28,298,1,24,1
28-07 07:16:16,22.793,9.518,66.876,0,0,6388920,4927472,421260,4484860,61385.982,32742.864,0,821.552,0,80.151,3320,3085,1.340,1.660,1.650,2,0,7.013,0,0,28,298,1,24,1
28-07 07:16:17,23.237,5.497,70.211,0,0,6424296,4892096,421260,4484860,29634.574,14907.737,0,0,0,0,2519,2378,1.340,1.660,1.650,2,0,0,0,0,28,298,1,24,1
28-07 07:16:18,25.254,6.001,67.512,0,0,6389776,4926596,421260,4484880,35555.241,463699.389,0,0,0,0,3473,3425,1.340,1.660,1.650,2,0,0,0,0,28,299,1,26,1
28-07 07:16:19,29.473,10.241,58.197,0.250,0,6351996,4964148,421432,4484936,20836.003,168684.204,0,1218.889,0,176.839,5313,5973,1.340,1.660,1.650,2,0,21.980,0,0,28,299,1,19,1
28-07 07:16:20,20.736,8.744,69.455,0,0,6392784,4923348,421440,4484940,30220.255,16193.420,0,115.924,0,7.995,2828,2695,1.340,1.660,1.650,1,0,4.997,0,0,28,299,1,19,1
28-07 07:16:21,24.276,6.006,68.324,0,0,6421328,4894788,421452,4484944,39039.081,19254.755,0,108.117,0,13.014,3185,3197,1.310,1.650,1.650,1,0,0,0,0,28,297,1,20,1
28-07 07:16:22,23.002,8.251,67.506,0,0,6397448,4918564,421544,4484956,20307.663,11406.934,0,2084.171,0,115.009,3654,3706,1.310,1.650,1.650,1,0,29.002,0,0,28,297,1,20,1
28-07 07:16:23,21.000,8.250,69.499,0,0,6393932,4922072,421548,4484960,44974.035,23949.486,0,71.998,0,6.000,2810,2789,1.310,1.650,1.650,1,0,0,0,0,28,297,1,15,1
28-07 07:16:24,23.014,6.004,69.293,0,0,6414664,4901332,421548,4484968,29730.589,14991.374,0,4.003,0,1.001,2739,2559,1.310,1.650,1.650,1,0,0,0,0,28,297,1,16,1
28-07 07:16:25,19.983,4.746,73.438,0,0,6377524,4938308,421564,4485116,48684.026,25928.178,0,751.368,0,61.948,3203,3059,1.310,1.650,1.650,2,0,6.994,0,0,28,297,1,17,1
28-07 07:16:26,3.499,5.499,82.486,7.249,0,6372176,4936160,421584,4492528,94739.696,29049.001,7454.717,255.956,61.989,16.997,2450,2932,1.200,1.620,1.640,0,1,9.998,0,0,28,297,1,17,1
28-07 07:16:27,11.986,9.739,57.933,17.480,0,6370780,4912804,421596,4519220,46065.353,24088.946,23133.060,3.995,223.739,0.999,3778,5990,1.200,1.620,1.640,1,1,33.960,0,0,28,297,1,13,1
28-07 07:16:28,19.529,17.526,50.075,12.018,0,6335880,4934096,421640,4530596,30044.718,15114.496,12350.382,504.751,134.200,45.067,5231,12766,1.200,1.620,1.640,1,1,10.015,0,0,28,297,1,16,1
28-07 07:16:29,8.000,10.000,68.752,11.250,0,6318384,4937664,421640,4544444,44388.017,22182.508,12620.289,152.003,120.003,21.000,3261,3565,1.200,1.620,1.640,1,1,4.000,0,0,28,297,1,16,1
28-07 07:16:30,5.241,7.237,67.633,16.971,0,6306580,4931560,421668,4562260,58089.221,526001.439,16371.597,239.584,172.700,20.964,3556,3783,1.200,1.620,1.640,1,0,1.997,0,0,28,297,1,16,1
28-07 07:16:31,7.012,8.514,68.865,14.524,0,6309984,4912940,421704,4577376,44870.061,22639.873,14119.620,364.610,168.282,32.054,3221,3671,1.190,1.610,1.630,0,1,3.005,0,0,28,297,1,15,1
28-07 07:16:32,6.316,7.579,69.226,14.906,0,6309900,4900592,421732,4589716,30482.700,14977.078,11658.271,189.993,136.431,19.201,2971,3185,1.190,1.610,1.630,3,0,3.032,0,0,28,297,1,15,1
28-07 07:16:33,5.445,6.435,67.568,18.563,0,6316368,4877916,421732,4605876,58876.715,29708.135,15673.793,186.121,163.351,11.880,3014,3287,1.190,1.610,1.630,4,0,2.970,0,0,28,297,1,15,1
28-07 07:16:34,11.636,11.141,58.677,15.350,0,6347048,4833176,421736,4619884,44303.165,22171.389,12323.600,114.878,127.752,4.952,3505,3542,1.190,1.610,1.630,0,1,3.961,0,0,28,297,1,15,1
28-07 07:16:35,10.847,9.838,59.533,19.424,0,6378460,4788612,421776,4632932,45464.172,22820.377,13149.768,3458.978,137.229,489.383,4174,3543,1.190,1.610,1.630,0,1,4.036,0,0,28,297,1,15,1
28-07 07:16:36,2.499,3.249,70.472,20.992,0,6371596,4779036,421776,4649324,29460.242,14866.067,14802.092,11.995,155.938,1.999,2489,2877,1.170,1.600,1.630,1,1,0,0,0,28,297,1,15,1
28-07 07:16:37,2.999,3.499,69.730,22.244,0,6357348,4780612,421792,4661916,29642.416,14587.776,11568.650,91.973,128.963,8.997,2377,2778,1.170,1.600,1.630,0,1,0,0,0,28,297,1,15,1
28-07 07:16:38,14.019,12.768,66.342,5.758,0,6350448,4784224,421808,4665188,16795.168,8955.354,2166.989,156.215,22.030,14.019,2868,2796,1.170,1.600,1.630,2,0,2.003,0,0,28,297,1,15,1
28-07 07:16:39,15.163,14.665,68.604,0,0,6347008,4785376,421832,4667432,16237.372,7546.485,0,342.028,0,30.822,2945,3108,1.170,1.600,1.630,3,0,0,0,0,28,297,1,15,1
28-07 07:16:40,8.540,8.037,69.573,12.558,0,6342444,4782984,421836,4674368,30726.555,15228.653,5678.345,136.634,64.298,10.047,2538,2592,1.170,1.600,1.630,1,0,3.014,0,0,28,297,1,15,1
28-07 07:16:41,3.753,5.505,68.810,20.518,0,6337240,4773180,421844,4689288,45554.714,22687.779,14696.812,152.133,151.132,14.012,3036,3295,1.240,1.610,1.630,0,1,4.003,0,0,28,297,1,15,1
28-07 07:16:42,4.231,4.977,67.942,19.910,0,6331848,4764864,421880,4702912,51675.520,22710.948,13407.164,664.983,135.386,38.824,3201,3529,1.240,1.610,1.630,0,1,1.991,0,0,28,297,1,15,1
28-07 07:16:43,5.263,7.769,66.160,19.297,0,6327056,4753888,421896,4718584,61756.646,629972.524,15702.049,128.311,162.394,14.034,3841,4007,1.240,1.610,1.630,1,1,3.007,0,0,28,297,1,15,1
28-07 07:16:44,3.747,6.245,68.445,19.484,0,6326284,4738780,421896,4734400,44879.999,22567.897,15575.506,59.952,154.876,2.998,3160,3299,1.240,1.610,1.630,0,1,3.997,0,0,28,297,1,15,1
28-07 07:16:45,4.756,7.009,68.340,18.274,0,6316856,4730968,421912,4751560,44913.961,22579.642,16573.757,136.179,218.287,13.017,3348,3488,1.240,1.610,1.630,1,0,2.003,0,0,28,297,1,15,1
