"pcp-dstat 6.2.0 CSV Output"
"Author:","PCP team <pcp@groups.io> and Dag Wieers <dag@wieers.com>",,,,"URL:","https://pcp.io/ and http://dag.wieers.com/home-made/dstat/"
"Host:","ubuntu",,,,"User:","stack"
"Cmdline:","dstat -tcmndrylpg --tcp --output /opt/stack/logs/dstat-csv.log",,,,"Date:","28 Jul 2026 18:04:26 UTC"
"system","total usage",,,,,"memory usage",,,,"net/total",,"dsk/total",,"io/total",,"system",,"load avg",,,"procs",,,"paging",,"tcp sockets",,,,
"time","total usage:usr","total usage:sys","total usage:idl","total usage:wai","total usage:stl","used","free","buf","cach","net/total:recv","net/total:send","dsk/total:read","dsk/total:writ","read","writ","int","csw","1m","5m","15m","run","blk","new","in","out","lis","act","syn","tim","clo"
28-07 18:04:26,,1251840,11456520,146172,3298408,,,,,,,2,1.430,1.330,1,0,,,,12,4,0,9,2
28-07 18:04:27,20.536,24.495,52.453,0.247,0,1258156,11449828,146264,3298616,77523.401,160372.255,0,1017.388,0,29.690,5118,3674,2,1.430,1.330,4,0,131.627,0,0,12,4,0,9,2
28-07 18:04:28,19.142,25.943,54.404,0.252,0,1257048,11433228,146420,3315560,448820.383,42583.170,0,1547.490,0,38.284,5104,2779,2,1.430,1.330,2,0,135.002,0,0,12,4,0,9,2
28-07 18:04:29,28.370,25.881,44.048,0,0,1267604,11414452,146656,3322800,61494.895,34204.091,0,872.000,0,36.831,4792,2578,2,1.440,1.340,3,0,146.329,0,0,12,4,0,9,2
28-07 18:04:30,27.502,26.002,45.003,0,0,1265268,11405256,147252,3331952,62530.769,36005.170,0,692.042,0,31.002,4800,2599,2,1.440,1.340,3,0,143.009,0,0,12,4,0,9,2
28-07 18:04:31,28.275,28.025,41.788,0.250,0,1252364,11403296,147536,3344856,61584.370,33024.692,0,5885.291,0,48.043,4548,2341,2,1.440,1.340,3,0,116.104,0,0,12,4,0,9,2
28-07 18:04:32,29.097,26.113,44.018,0,0,1250268,11399616,147632,3349828,45999.802,24006.600,0,847.538,0,18.900,4488,2282,2,1.440,1.340,2,0,119.371,0,0,12,4,0,9,2
28-07 18:04:33,34.543,26.727,38.577,0,0,1273776,11355704,148348,3367868,61482.669,32458.404,0,2021.149,0,91.779,5040,4509,2,1.440,1.340,3,0,91.779,0,0,12,4,0,9,2
28-07 18:04:34,28.772,25.300,43.902,0,0,1273176,11346760,148856,3375252,45694.211,23877.944,0,1325.505,0,44.647,4586,2407,2,1.450,1.340,4,0,113.104,0,0,12,4,0,9,2
28-07 18:04:35,35.723,27.479,35.223,0,0,1269832,11338180,149300,3385840,73155.556,594660.315,0,1422.922,0,43.967,5757,4748,2,1.450,1.340,3,0,124.905,0,0,12,4,0,9,2
28-07 18:04:36,46.895,28.338,24.075,0,0,1245848,11341448,149832,3403764,46743.853,24113.725,0,6809.100,0,59.183,5665,16754,2,1.450,1.340,2,0,90.280,0,0,12,4,0,10,2
28-07 18:04:37,25.492,22.993,50.734,0.250,0,1308388,11290184,150272,3516108,46018.760,23865.615,0,1491.538,0,42.987,4208,3374,2,1.450,1.340,2,0,50.984,0,0,13,4,0,10,0
28-07 18:04:38,31.835,20.213,46.995,0.758,0,1335640,11261972,150276,3517056,62445.496,34356.746,937.875,32.341,12.128,7.074,3935,2182,2,1.450,1.340,3,0,70.745,0,0,13,4,0,9,0
28-07 18:04:39,36.760,13.504,49.013,0,0,1379932,11217652,150296,3517064,61830.840,33589.148,0,2524.688,0,371.101,4168,1943,2,1.460,1.350,2,0,45.012,0,0,13,5,0,9,0
28-07 18:04:40,23.560,23.808,51.336,0,0,1360536,11231296,150352,3522160,67778.974,34248.589,0,1249.912,0,22.816,4506,2645,2,1.460,1.350,3,0,124.991,0,0,13,4,0,9,0
28-07 18:04:41,34.678,15.329,46.991,1.256,0,1387708,11202460,150456,3523500,47012.475,26897.154,124.640,1113.721,11.057,27.139,3778,2324,2,1.460,1.350,1,1,50.258,0,0,13,4,0,11,0
28-07 18:04:42,36.851,15.189,41.084,4.233,0,1438152,11147424,150644,3527412,46892.228,24161.220,3143.279,10350.113,142.424,34.859,7023,10876,2,1.460,1.350,2,0,8.964,0,0,13,4,0,11,0
28-07 18:04:43,38.775,11.758,47.781,1.251,0,1440408,11142860,150716,3529132,45592.287,23133.860,1048.674,2465.584,78.050,11.007,3068,1690,2,1.460,1.350,2,0,4.003,0,0,13,4,0,11,0
28-07 18:04:44,41.232,15.743,39.733,0.750,0,1469604,11112380,150852,3530016,46737.433,581353.177,111.951,559.754,4.998,6.997,7970,11922,2,1.470,1.350,2,0,13.994,0,0,13,4,0,11,0
28-07 18:04:45,35.811,14.921,46.754,0.497,0,1489676,11090468,151740,3530832,16026.627,8291.350,15.916,6270.986,0.995,370.052,4570,3977,2,1.470,1.350,5,1,10.942,0,0,13,6,0,11,0
28-07 18:04:46,34.081,19.439,40.393,2.272,0,1463056,11114672,156856,3528692,46223.232,25104.989,0,26182.461,0,2042.854,11316,16844,2,1.470,1.350,3,0,41.402,0,0,13,6,0,11,0
28-07 18:04:47,34.832,21.986,33.596,3.953,0,1456100,11112656,162248,3532028,30067.788,15575.883,0,58275.916,0,2666.961,13524,19167,2,1.470,1.350,5,0,47.430,0,0,13,6,0,11,0
28-07 18:04:48,41.337,15.032,39.333,2.756,0,1427828,11138112,164632,3532388,46339.456,27905.688,0,18747.428,0,1190.504,7911,9650,2,1.470,1.350,5,0,65.137,0,0,13,4,0,11,0
28-07 18:04:49,11.560,17.340,69.610,0.503,0,1351808,11213780,164896,3532468,46706.240,25870.623,0,5838.154,0,180.935,3700,2872,1.920,1.460,1.350,2,0,79.410,0,0,13,4,0,11,0
28-07 18:04:50,21.439,5.484,70.798,0.499,0,1396948,11168420,165112,3532468,60415.967,31331.784,0,2915.698,0,136.611,2416,1965,1.920,1.460,1.350,2,0,1.994,0,0,13,4,0,11,0
28-07 18:04:51,22.262,5.753,71.287,0.250,0,1428108,11136920,165440,3532468,30690.993,15787.227,0,4154.165,0,210.109,2526,2237,1.920,1.460,1.350,1,0,0,0,0,13,4,0,11,0
28-07 18:04:52,24.291,3.506,71.620,0,0,1423240,11141768,165452,3532476,31270.463,17506.371,0,8798.762,0,306.514,2324,1178,1.920,1.460,1.350,1,0,0,0,0,13,4,0,11,0
28-07 18:04:53,19.712,7.735,71.613,0,0,1395948,11169056,165452,3532480,45909.395,24502.245,0,43.916,0,1.996,2155,1532,1.920,1.460,1.350,1,0,11.977,0,0,13,4,0,11,0
28-07 18:04:54,22.000,5.000,72.500,0,0,1415348,11149652,165452,3532484,45120.227,22795.115,0,164.001,0,31.000,1942,1373,1.850,1.450,1.350,2,0,0,0,0,13,4,0,11,0
28-07 18:04:55,23.053,3.508,72.668,0,0,1425752,11139244,165456,3532484,30647.982,15697.356,0,0,0,0,1822,1269,1.850,1.450,1.350,1,0,0,0,0,13,4,0,11,0
28-07 18:04:56,14.232,14.481,69.410,0,0,1384852,11180132,165456,3532496,56279.204,467192.697,0,11.984,0,2.996,3598,2352,1.850,1.450,1.350,1,0,94.877,0,0,13,4,0,11,0
28-07 18:04:57,6.494,23.227,69.431,0,0,1372444,11192516,165464,3532512,64814.211,166628.436,0,147.852,0,2.997,4205,2740,1.850,1.450,1.350,1,0,140.859,0,0,13,4,0,11,0
28-07 18:04:58,6.260,24.538,67.604,0,0,1364544,11200536,165524,3532520,46127.276,23891.918,0,556.860,0,33.051,4326,3123,1.850,1.450,1.350,1,0,123.190,0,0,13,4,0,11,0
28-07 18:04:59,6.742,24.719,66.417,0,0,1349792,11215268,165532,3532532,61973.673,32484.468,0,127.840,0,8.989,4256,2708,1.860,1.460,1.350,2,0,138.827,0,0,13,4,0,10,0
28-07 18:05:00,6.264,24.557,67.155,0,0,1344940,11219988,165532,3532664,61810.329,32295.366,0,833.920,0,164.379,4282,2563,1.860,1.460,1.350,1,0,124.286,0,0,13,4,0,10,0
28-07 18:05:01,11.417,28.790,57.333,0,0,1330220,11234676,165540,3533096,61217.326,32734.685,0,99.277,0,4.964,5069,4825,1.860,1.460,1.350,1,0,128.068,0,0,13,4,0,10,0
28-07 18:05:02,19.621,20.879,58.611,0,0,1318792,11246108,165540,3533096,46111.967,23779.439,0,16.099,0,3.019,4289,4811,1.860,1.460,1.350,1,0,65.403,0,0,13,4,0,10,0
28-07 18:05:03,22.778,22.527,52.564,1.752,0,1344596,11218552,165544,3534856,46118.759,24340.428,1818.198,44738.090,23.028,160.194,3991,2584,1.860,1.460,1.350,3,0,39.047,0,0,13,4,0,6,0
28-07 18:05:04,46.243,24.996,25.996,1.000,0,1418904,11142984,165544,3536120,69906.901,462564.558,1171.814,0,14.998,0,5052,2800,1.950,1.490,1.360,2,0,91.985,0,0,13,5,0,6,0
28-07 18:05:05,45.669,5.989,47.416,0.250,0,1461856,11099892,165564,3536236,46849.393,138907.073,19.965,47.916,3.993,1.996,2972,1325,1.950,1.490,1.360,2,0,2.995,0,0,13,5,0,6,0
28-07 18:05:06,47.554,4.255,47.804,0,0,1488832,11071920,165576,3537200,29744.473,14822.681,492.554,216.243,4.005,1.001,2805,1236,1.950,1.490,1.360,2,0,0,0,0,13,5,0,6,0
28-07 18:05:07,35.424,17.213,47.149,0.249,0,1495448,11064876,165800,3537388,15003.810,7280.380,0,3883.668,0,118.745,3139,2182,1.950,1.490,1.360,4,0,0,0,0,13,5,0,6,0
28-07 18:05:08,42.191,19.223,36.449,0,0,1504584,11052964,166196,3539596,15073.744,7711.126,0,52833.499,0,365.485,5243,5644,1.950,1.490,1.360,2,0,48.931,0,0,13,6,0,6,0
28-07 18:05:09,24.855,21.089,52.472,1.255,0,1534016,11022752,166328,3540208,61666.296,34690.995,727.081,0,15.064,0,4203,2661,1.870,1.480,1.360,1,0,94.400,0,0,14,8,0,6,0
28-07 18:05:10,20.987,6.996,71.204,0,0,1582144,10974620,166328,3540208,45960.467,24521.243,0,4125.349,0,308.802,2553,1619,1.870,1.480,1.360,1,0,0,0,0,14,8,0,6,0
28-07 18:05:11,22.504,5.251,71.762,0,0,1615652,10941104,166328,3540216,30449.909,17019.744,0,4.001,0,1.000,1931,1408,1.870,1.480,1.360,1,0,2.000,0,0,14,8,0,6,0
28-07 18:05:12,24.704,3.244,71.867,0,0,1620688,10936064,166328,3540220,30687.250,15334.642,0,0,0,0,1780,1128,1.870,1.480,1.360,1,0,0,0,0,14,8,0,6,0
28-07 18:05:13,22.500,3.500,71.249,1.750,0,1637524,10918676,166404,3540656,46602.273,33986.470,207.997,1627.975,15.000,26.000,2227,1856,1.870,1.480,1.360,1,0,2.000,0,0,14,14,0,6,0
28-07 18:05:14,35.403,6.732,54.351,0.249,0,1644432,10911116,167012,3540696,61032.866,34431.711,0,3099.512,0,248.320,5413,6336,1.800,1.470,1.360,2,0,1.995,0,0,14,14,0,8,0
28-07 18:05:15,15.315,13.056,71.054,0,0,1574052,10981448,167044,3540696,44819.610,24803.037,0,405.735,0,18.077,2729,2088,1.800,1.470,1.360,1,0,42.180,0,0,14,14,0,5,0
28-07 18:05:16,22.265,5.504,70.046,1.751,0,1604048,10950912,167100,3541124,60264.947,566711.644,460.305,756.501,26.017,11.007,2289,1605,1.800,1.470,1.360,1,0,1.001,0,0,14,14,0,5,0
28-07 18:05:17,23.245,3.999,71.734,0.250,0,1628068,10926480,167252,3541340,15254.695,7618.350,0,2231.517,0,88.981,2277,1905,1.800,1.470,1.360,1,0,2.000,0,0,14,15,0,5,0
28-07 18:05:18,14.249,4.250,72.246,8.750,0,1627504,10926480,167308,3541644,29709.344,15077.160,335.981,471.974,82.995,6.000,1997,1860,1.800,1.470,1.360,1,1,0,0,0,14,14,0,5,0
28-07 18:05:19,19.713,6.238,69.868,2.246,0,1629608,10924212,167312,3541760,15054.561,7348.119,107.796,259.510,26.949,1.996,3137,3268,1.820,1.480,1.360,2,0,0.998,0,0,14,21,0,5,0
28-07 18:05:20,18.475,9.487,70.904,0,0,1591032,10962772,167312,3541776,15721.694,7911.279,0,7.989,0,0.999,3020,2394,1.820,1.480,1.360,1,0,44.939,0,0,14,20,0,5,0
28-07 18:05:21,19.312,7.022,72.732,0,0,1627324,10926480,167312,3541776,44580.508,23081.784,0,0,0,0,1864,1446,1.820,1.480,1.360,1,0,0,0,0,14,20,0,5,0
28-07 18:05:22,21.755,5.501,72.018,0,0,1656708,10897068,167328,3541780,29958.309,15309.735,0,556.136,0,6.001,2301,2097,1.820,1.480,1.360,1,0,0,0,0,14,20,0,5,0
28-07 18:05:23,21.941,6.482,71.057,0,0,1652808,10900964,167328,3541784,14935.513,7437.838,0,3.989,0,0.997,3000,3145,1.820,1.480,1.360,1,0,1.995,0,0,14,21,0,5,0
28-07 18:05:24,14.716,20.203,63.603,0,0,1614204,10939508,167372,3541800,15359.550,7279.199,0,243.438,0,19.954,3904,2509,1.750,1.470,1.360,2,0,131.696,0,0,14,20,0,5,0
28-07 18:05:25,36.327,15.282,47.100,0,0,1656952,10896736,167396,3541800,45230.138,24369.799,0,136.290,0,11.023,3190,1771,1.750,1.470,1.360,2,0,24.051,0,0,14,20,0,5,0
28-07 18:05:26,44.115,8.522,47.373,0,0,1727972,10825684,167420,3541808,30029.203,15656.774,0,986.569,0,149.389,3495,2216,1.750,1.470,1.360,2,0,2.005,0,0,14,20,0,5,0
28-07 18:05:27,42.900,8.431,45.876,0,0,1726208,10827432,167420,3541824,29352.583,14634.631,0,0,0,0,5021,4702,1.750,1.470,1.360,2,0,0,0,0,14,22,0,6,0
28-07 18:05:28,47.404,9.077,43.117,0,0,1724508,10828732,167436,3542208,15527.335,7425.284,0,68.585,0,7.060,6826,7804,1.750,1.470,1.360,3,0,0,0,0,14,21,0,6,0
28-07 18:05:29,32.665,30.920,34.909,0,0,1593188,10959976,167508,3542212,45619.313,24147.177,0,4380.603,0,360.063,5325,3373,1.850,1.500,1.370,3,0,209.455,0,0,14,20,0,6,0
28-07 18:05:30,55.743,41.618,3.027,0,0,1700280,10852856,167532,3542228,61335.995,32182.379,0,782.918,0,18.160,5167,3188,1.850,1.500,1.370,6,0,254.247,0,0,14,20,0,6,0
28-07 18:05:31,71.918,26.969,0.749,0,0,1848888,10704216,167572,3542216,45212.615,23966.761,0,475.460,0,24.972,5483,3839,1.850,1.500,1.370,6,0,118.865,0,0,14,20,0,6,0
28-07 18:05:32,82.342,17.466,0.250,0,0,1963936,10589104,167572,3542268,45290.919,22690.373,0,0,0,0,5633,4843,1.850,1.500,1.370,6,0,1.996,0,0,14,21,0,6,0
28-07 18:05:33,83.872,12.942,1.991,0,0,2030456,10522324,167588,3542476,14789.269,7394.635,0,95.569,0,7.964,6572,9457,1.850,1.500,1.370,5,0,0.996,0,0,14,25,0,6,0
28-07 18:05:34,74.778,13.460,10.718,0,0,2029044,10523612,167688,3542496,39818.672,452740.607,0,438.696,0,39.881,6824,7669,1.950,1.520,1.380,6,0,25.923,0,0,14,20,0,6,0
28-07 18:05:35,56.978,20.833,21.335,0,0,1880544,10672000,167760,3542532,19289.300,245224.710,0,413.658,0,35.141,6129,6088,1.950,1.520,1.380,3,0,177.712,0,0,14,20,0,6,0
28-07 18:05:36,29.724,28.226,40.715,0,0,1764700,10787804,167784,3545920,59952.979,31009.093,0,2222.072,0,273.762,5473,13640,1.950,1.520,1.380,2,0,145.873,0,0,15,21,0,6,0
28-07 18:05:37,21.265,10.507,67.047,0,0,1733244,10819148,167848,3542544,30346.069,14602.138,0,720.500,0,40.028,2378,2133,1.950,1.520,1.380,2,0,6.004,0,0,14,20,0,7,0
28-07 18:05:38,22.946,4.489,71.582,0,0,1723268,10829112,167856,3542548,29521.613,14557.784,0,35.916,0,3.991,2461,2083,1.950,1.520,1.380,3,0,1.995,0,0,14,20,0,8,0
28-07 18:05:39,23.295,5.010,70.636,0,0,1707168,10845132,167912,3542568,30044.785,15076.998,0,1687.245,0,28.054,3613,3986,1.870,1.510,1.370,4,0,1.002,0,0,14,20,0,8,0
28-07 18:05:40,13.499,14.249,71.247,0,0,1655228,10897064,167928,3542560,15688.341,8787.631,0,119.995,0,7.000,2864,2050,1.870,1.510,1.370,2,0,67.997,0,0,14,20,0,7,0
28-07 18:05:41,22.018,5.004,72.311,0,0,1665532,10886712,167968,3542568,44371.225,22769.102,0,388.326,0,23.019,1979,1432,1.870,1.510,1.370,2,0,2.002,0,0,14,20,0,7,0
28-07 18:05:42,22.501,4.750,72.252,0,0,1675444,10876788,167976,3542572,30232.790,14982.392,0,40.001,0,3.000,2350,1979,1.870,1.510,1.370,2,0,0,0,0,14,20,0,7,0
28-07 18:05:43,23.977,3.746,70.683,0,0,1669984,10882148,168056,3542588,14961.844,7450.951,0,311.705,0,31.970,3430,3758,1.870,1.510,1.370,2,0,0,0,0,14,20,0,7,0
28-07 18:05:44,7.505,24.017,66.796,0,0,1622100,10930016,168072,3542588,60796.796,32968.665,0,180.124,0,8.006,4328,2562,1.880,1.520,1.380,1,0,157.108,0,0,14,20,0,5,0
28-07 18:05:45,6.217,26.857,65.401,0,0,1614444,10937504,168120,3542708,45773.567,24582.727,0,879.304,0,30.835,4685,2724,1.880,1.520,1.380,2,0,178.049,0,0,14,20,0,5,0
28-07 18:05:46,6.786,25.888,65.098,0,0,1607376,10944552,168152,3542696,69489.692,475871.379,0,189.011,0,13.070,5051,3464,1.880,1.520,1.380,1,0,176.946,0,0,14,20,0,5,0
28-07 18:05:47,17.991,44.229,35.983,0,0,1613404,10938476,168160,3542736,62759.830,116180.150,0,99.952,0,8.996,5408,3211,1.880,1.520,1.380,3,0,260.875,0,0,14,20,0,5,0
28-07 18:05:48,54.070,43.256,3.269,0,0,1698116,10853696,168164,3542792,56746.810,29933.135,0,24.143,0,6.036,5173,3099,1.880,1.520,1.380,6,0,262.554,0,0,14,20,0,5,0
28-07 18:05:49,79.774,19.944,0,0,0,1858048,10693756,168164,3542796,48486.855,27067.440,0,3.989,0,0.997,5515,3331,2.130,1.580,1.400,6,0,9.972,0,0,14,21,0,5,0
28-07 18:05:50,82.992,14.455,1.745,0,0,1940644,10611128,168164,3542828,30957.692,14756.095,0,215.330,0,0.997,6425,7105,2.130,1.580,1.400,6,0,1.994,0,0,14,22,0,6,0
28-07 18:05:51,57.882,10.884,28.199,0,0,1949168,10602560,168196,3542840,14985.959,7525.631,0,162.267,0,12.863,7045,8475,2.130,1.580,1.400,6,0,0,0,0,14,24,0,7,0
28-07 18:05:52,77.906,15.935,7.082,0,0,1916556,10635068,168244,3542892,15400.017,8037.431,0,1562.159,0,236.752,7507,8732,2.130,1.580,1.400,4,0,30.353,0,0,14,23,0,7,0
28-07 18:05:53,79.442,20.363,0.754,0,0,1737316,10814028,168348,3543064,15059.859,7602.333,0,478.665,0,45.252,6183,7036,2.130,1.580,1.400,6,0,88.493,0,0,14,20,0,7,0
28-07 18:05:54,68.963,30.734,0.250,0,0,1818248,10733056,168364,3543072,45712.464,25330.404,0,223.880,0,11.994,5477,3950,2.360,1.640,1.420,6,0,193.896,0,0,14,20,0,7,0
28-07 18:05:55,80.890,18.169,0.747,0,0,1913932,10637336,168380,3543088,44901.990,22292.700,0,175.220,0,9.956,5125,5235,2.360,1.640,1.420,7,0,0,0,0,14,21,0,7,0
28-07 18:05:56,84.418,14.278,1.252,0,0,1994764,10556444,168396,3543128,29589.747,15196.170,0,116.231,0,7.014,5863,8570,2.360,1.640,1.420,6,0,2.004,0,0,14,21,0,8,0
28-07 18:05:57,77.407,19.976,1.748,0,0,1972976,10578028,168412,3543312,29904.139,14976.041,0,163.804,0,8.989,6585,7652,2.360,1.640,1.420,5,0,99.880,0,0,14,21,0,8,0
28-07 18:05:58,61.653,14.667,21.380,0,0,1956980,10593812,168452,3543480,45552.768,22388.068,0,206.837,0,16.905,7825,9148,2.360,1.640,1.420,2,0,49.720,0,0,14,23,0,9,0
28-07 18:05:59,54.943,18.231,23.975,0,0,1894492,10656220,168508,3543500,73429.949,606052.316,0,295.694,0,23.975,7843,8232,2.490,1.680,1.430,4,0,71.926,0,0,14,21,0,10,0
28-07 18:06:00,52.652,24.807,23.794,0,0,1762804,10787856,168524,3543528,45356.249,23292.224,0,429.312,0,45.564,4809,2962,2.490,1.680,1.430,2,0,81.002,0,0,14,20,0,10,0
28-07 18:06:01,42.849,8.174,47.308,0,0,1791752,10758888,168540,3543536,43994.505,22830.459,0,610.292,0,9.907,3433,2334,2.490,1.680,1.430,2,0,0,0,0,14,20,0,10,0
28-07 18:06:02,43.824,8.964,45.319,0,0,1803264,10747308,168588,3543556,30442.081,14665.266,0,2239.033,0,257.967,4719,4053,2.490,1.680,1.430,2,0,1.992,0,0,14,21,0,10,0
28-07 18:06:03,37.561,16.276,44.572,0.250,0,1763836,10786468,168756,3543652,15000.233,7373.913,0,1165.884,0,80.129,5969,6092,2.490,1.680,1.430,3,0,67.108,0,0,14,21,0,10,0
28-07 18:06:04,38.832,43.119,16.895,0,0,1747432,10802552,168924,3543736,46010.643,24949.455,0,1976.913,0,107.923,6253,5341,2.850,1.770,1.460,4,0,239.045,0,0,14,20,0,10,0
28-07 18:06:05,58.991,23.646,16.179,0,0,1763072,10786908,168924,3543740,59319.669,31710.833,0,35.843,0,3.983,4336,2127,2.850,1.770,1.460,3,0,75.668,0,0,14,20,0,10,0
28-07 18:06:06,61.128,11.430,26.091,0,0,1833788,10716140,168952,3543756,30293.550,15265.055,0,393.603,0,15.903,4878,3735,2.850,1.770,1.460,3,0,0,0,0,14,22,0,11,0
28-07 18:06:07,60.256,10.751,27.503,0,0,1828460,10721428,168968,3543780,29715.083,14659.521,0,72.007,0,7.001,6817,7089,2.850,1.770,1.460,2,0,0,0,0,14,23,0,11,0
28-07 18:06:08,51.609,7.766,38.080,0,0,1823712,10726036,169072,3543816,14946.470,7311.394,0,416.878,0,43.091,6966,7561,2.850,1.770,1.460,4,0,2.004,0,0,14,21,0,11,0
28-07 18:06:09,51.976,36.081,12.111,0,0,1656428,10893220,169160,3543828,30673.091,16987.677,0,460.217,0,38.351,5655,4519,2.870,1.790,1.470,6,0,231.118,0,0,14,22,0,11,0
28-07 18:06:10,76.425,23.554,0.251,0,0,1785932,10763692,169176,3543836,45024.275,23995.039,0,164.377,0,8.018,4845,2095,2.870,1.790,1.470,4,0,30.069,0,0,14,22,0,11,0
28-07 18:06:11,78.894,13.313,6.410,0,0,1878324,10671024,169272,3544008,39235.872,447353.634,0,966.449,0,54.240,6108,4995,2.870,1.790,1.470,4,0,2.959,0,0,14,27,0,11,0
28-07 18:06:12,71.110,12.226,15.469,0,0,1878280,10671024,169272,3544044,32233.426,133752.202,0,0,0,0,7399,9318,2.870,1.790,1.470,3,0,0.998,0,0,14,27,0,11,0
28-07 18:06:13,57.749,14.000,26.250,0,0,1846872,10702404,169272,3544072,14855.748,7295.876,0,8.000,0,2.000,7211,7903,2.870,1.790,1.470,3,0,49.999,0,0,14,26,0,13,0
28-07 18:06:14,43.693,25.362,29.882,0,0,1713304,10835868,169368,3544072,45994.474,23809.330,0,486.151,0,40.178,6498,6045,2.880,1.810,1.480,3,0,143.635,0,0,14,24,0,13,0
28-07 18:06:15,42.434,34.856,22.985,0,0,1707560,10841580,169384,3544088,60646.879,31997.045,0,141.446,0,7.072,4677,2688,2.880,1.810,1.480,4,0,134.373,0,0,14,24,0,13,0
28-07 18:06:16,62.444,12.390,24.036,0,0,1756180,10792944,169424,3544064,29570.598,15484.075,0,503.515,0,21.806,3764,1529,2.880,1.810,1.480,3,0,0,0,0,14,24,0,13,0
28-07 18:06:17,61.752,11.547,25.856,0,0,1798408,10750660,169424,3544120,29921.099,14946.994,0,4.016,0,1.004,5209,4162,2.880,1.810,1.480,6,0,2.008,0,0,14,26,0,12,0
28-07 18:06:18,56.351,12.985,26.951,0,0,1760340,10788464,169496,3544308,14793.442,7214.927,0,2606.860,0,303.807,7816,8647,2.880,1.810,1.480,7,0,29.401,0,0,14,26,0,16,0
28-07 18:06:19,54.100,36.152,10.769,0,0,1768688,10779900,169548,3544456,31186.082,17170.395,0,319.983,0,24.614,6487,7132,3.130,1.880,1.500,4,0,194.862,0,0,14,24,0,16,0
28-07 18:06:20,64.093,24.535,11.016,0,0,1746388,10802156,169564,3544480,45274.382,23413.813,0,176.255,0,9.013,4495,2321,3.130,1.880,1.500,3,0,82.119,0,0,14,24,0,16,0
28-07 18:06:21,63.403,12.136,23.033,0,0,1791836,10756556,169620,3544576,44353.341,23262.941,0,653.843,0,32.692,4692,3313,3.130,1.880,1.500,3,0,0,0,0,14,24,0,16,0
28-07 18:06:22,63.283,10.547,25.615,0.251,0,1797724,10750536,169676,3544648,29965.045,15573.667,0,269.204,0,25.112,5925,6152,3.130,1.880,1.500,4,0,0,0,0,14,27,0,16,0
28-07 18:06:23,56.171,18.225,23.717,0,0,1770324,10777892,169700,3544664,14895.164,7675.263,0,191.732,0,12.982,7242,7242,3.130,1.880,1.500,5,0,79.888,0,0,14,25,0,17,0
28-07 18:06:24,56.429,37.870,5.518,0,0,1750252,10797928,169716,3544684,62030.098,33247.643,0,160.510,0,7.022,5706,4798,3.360,1.940,1.530,5,0,159.507,0,0,14,24,0,18,0
28-07 18:06:25,69.391,16.784,14.029,0,0,1762848,10785308,169732,3544684,57236.676,587130.856,0,164.335,0,10.020,4650,2065,3.360,1.940,1.530,3,0,51.104,0,0,14,24,0,18,0
28-07 18:06:26,62.360,11.249,23.232,0,0,1802588,10745532,169764,3544688,43478.187,22189.556,0,442.148,0,20.542,5021,3990,3.360,1.940,1.530,3,0,1.956,0,0,14,26,0,18,0
28-07 18:06:27,53.033,9.344,37.123,0,0,1802644,10745280,169764,3544884,15067.507,7370.108,0,0,0,0,7147,8263,3.360,1.940,1.530,2,0,0,0,0,14,27,0,18,0
28-07 18:06:28,57.372,14.659,26.285,0,0,1645252,10902540,169884,3544892,30449.218,15504.141,0,448.868,0,48.526,6268,5650,3.360,1.940,1.530,3,0,63.691,0,0,14,24,0,18,0
28-07 18:06:29,51.738,24.128,23.630,0,0,1688228,10859544,169900,3544896,44391.006,23363.583,0,119.395,0,7.960,4181,2184,3.330,1.960,1.530,4,0,51.738,0,0,14,24,0,17,0
28-07 18:06:30,64.253,11.412,23.072,0,0,1800012,10747696,169940,3544916,29926.666,15224.316,0,456.471,0,22.824,4444,2455,3.330,1.960,1.530,3,0,0,0,0,14,26,0,17,0
28-07 18:06:31,61.038,11.098,27.492,0,0,1800932,10746744,169940,3544944,29915.672,15561.154,0,169.494,0,30.267,5947,5734,3.330,1.960,1.530,2,0,0,0,0,14,27,0,18,0
28-07 18:06:32,53.843,11.166,32.256,0,0,1736796,10810752,170036,3544980,15100.903,7562.858,0,893.251,0,38.708,7322,8098,3.330,1.960,1.530,3,0,18.858,0,0,14,25,0,20,0
28-07 18:06:33,51.670,40.019,8.865,0,0,1706008,10841520,170052,3544984,46338.954,26128.856,0,194.523,0,14.184,5665,4401,3.330,1.960,1.530,7,0,246.193,0,0,14,24,0,20,0
28-07 18:06:34,63.799,36.028,0,0,0,1769824,10777664,170072,3545004,45644.205,23880.419,0,2293.769,0,291.225,5644,3480,3.460,2.010,1.550,7,0,260.201,0,0,14,24,0,20,0
28-07 18:06:35,70.631,29.450,0,0,0,1902976,10644464,170120,3545000,60893.601,33777.200,0,539.093,0,29.950,5631,4393,3.460,2.010,1.550,9,0,196.669,0,0,14,24,0,20,0
28-07 18:06:36,74.887,24.053,0.496,0,0,1992956,10554304,170120,3545180,60773.224,37387.768,0,27.773,0,1.984,6311,5769,3.460,2.010,1.550,7,0,144.814,0,0,14,25,0,20,0
28-07 18:06:37,72.092,26.784,1.001,0,0,2065880,10481232,170120,3545212,58935.406,580108.235,0,4.005,0,1.001,7575,17818,3.460,2.010,1.550,6,0,182.233,0,0,14,28,0,20,0
28-07 18:06:38,66.986,28.637,2.988,0,0,2051696,10495364,170120,3545260,60839.608,35880.816,0,3.984,0,0.996,6774,9451,3.460,2.010,1.550,7,0,202.204,0,0,14,27,0,20,0
28-07 18:06:39,65.478,31.480,3.526,0,0,1944712,10602104,170188,3545436,57572.646,33107.898,0,330.414,0,25.184,7594,8896,3.830,2.110,1.590,7,0,201.472,0,0,14,26,0,21,0
28-07 18:06:40,68.784,29.264,1.501,0,0,1940024,10606640,170316,3545440,50171.508,28447.896,0,624.305,0,50.024,7583,9639,3.830,2.110,1.590,8,0,186.091,0,0,14,24,0,21,1
28-07 18:06:41,67.771,32.379,0.251,0,0,1753288,10793316,170332,3545480,61915.479,37606.314,0,188.754,0,10.040,5443,3763,3.830,2.110,1.590,7,0,252.007,0,0,14,24,0,20,0
28-07 18:06:42,79.755,20.001,0.250,0,0,1870828,10675740,170356,3545492,44858.060,23075.574,0,148.010,0,10.001,5694,3926,3.830,2.110,1.590,5,0,19.001,0,0,14,24,0,20,0
28-07 18:06:43,82.866,13.646,1.737,0,0,1959480,10587036,170372,3545524,29486.285,14546.647,0,111.149,0,7.939,5842,6909,3.830,2.110,1.590,4,0,0,0,0,14,27,0,20,0
28-07 18:06:44,64.526,9.965,23.668,0,0,1961156,10585272,170388,3545592,29608.082,15025.770,0,115.598,0,6.976,7335,10228,3.840,2.140,1.600,4,0,1.993,0,0,14,28,0,20,0
28-07 18:06:45,66.002,21.331,10.791,0,0,1810672,10735716,170388,3545632,14912.932,7522.719,0,8.031,0,2.008,6669,8742,3.840,2.140,1.600,3,0,144.552,0,0,14,27,0,20,0
28-07 18:06:46,57.175,27.706,14.860,0,0,1676968,10869404,170388,3545660,46469.338,26938.192,0,20.150,0,3.022,6405,6966,3.840,2.140,1.600,3,0,187.393,0,0,14,24,0,21,0
28-07 18:06:47,11.840,38.973,46.619,0,0,1582144,10964228,170388,3545660,61024.127,581819.908,0,11.840,0,2.960,5558,3469,3.840,2.140,1.600,4,0,269.355,0,0,14,24,0,21,0
28-07 18:06:48,7.033,26.627,65.562,0,0,1586296,10960060,170404,3545676,58022.908,33071.259,0,317.510,0,12.057,4453,2737,3.840,2.140,1.600,3,0,163.779,0,0,14,24,0,21,0
28-07 18:06:49,20.473,41.695,35.703,0,0,1612160,10934144,170420,3545708,60479.840,31933.675,0,159.788,0,12.983,5384,3218,3.690,2.140,1.600,5,0,246.673,0,0,14,24,0,21,0
28-07 18:06:50,41.608,45.869,11.781,0,0,1671668,10874600,170476,3545688,61629.449,32787.360,0,3280.541,0,344.898,5779,3661,3.690,2.140,1.600,6,0,264.689,0,0,14,24,0,21,0
28-07 18:06:51,60.002,38.573,2.017,0,0,1756040,10790180,170476,3545736,46107.913,24569.642,0,24.203,0,6.051,5455,4893,3.690,2.140,1.600,8,0,313.625,0,0,14,24,0,21,0
28-07 18:06:52,68.853,30.185,0.499,0,0,1770220,10775852,170540,3545820,62888.578,32001.598,0,379.189,0,26.942,5735,5935,3.690,2.140,1.600,6,0,203.565,0,0,14,24,0,21,0
28-07 18:06:53,78.519,19.194,0.997,0,0,1872216,10673684,170588,3545940,44479.304,22643.465,0,299.121,0,22.933,6721,6604,3.690,2.140,1.600,5,0,51.848,0,0,14,25,0,21,0
28-07 18:06:54,79.667,18.789,2.255,0,0,1935884,10609744,170660,3546132,29920.577,14754.859,0,368.771,0,29.061,6363,6814,3.800,2.190,1.620,6,0,67.140,0,0,14,24,0,19,0
28-07 18:06:55,76.321,20.951,1.995,0,0,1918948,10626536,170716,3546196,14761.362,7410.611,0,311.270,0,25.939,6438,8453,3.800,2.190,1.620,7,0,66.843,0,0,14,25,0,20,0
28-07 18:06:56,72.588,26.031,1.752,0,0,1881072,10664348,170756,3546220,15395.618,7651.253,0,216.262,0,16.019,6400,5681,3.800,2.190,1.620,5,1,136.165,0,0,14,25,0,20,0
28-07 18:06:57,79.913,17.426,1.743,0,0,1963980,10581256,170764,3546392,15238.673,7528.221,0,131.445,0,4.979,6726,7342,3.800,2.190,1.620,7,0,0,0,0,14,26,0,20,0
28-07 18:06:58,76.924,12.655,8.685,0,0,2010016,10535140,170788,3546448,15143.543,7599.067,0,162.780,0,9.926,7383,9515,3.800,2.190,1.620,2,1,0,0,0,14,29,0,20,0
28-07 18:06:59,63.509,11.089,24.194,0,0,2010192,10534888,170836,3546472,15102.943,7518.205,0,270.163,0,22.178,6803,7648,3.650,2.190,1.620,3,0,3.024,0,0,14,28,0,21,0
28-07 18:07:00,70.102,16.423,11.030,0,0,1931948,10612972,170852,3546640,4274.754,2047.176,0,176.481,0,9.804,7092,9689,3.650,2.190,1.620,4,0,29.413,0,0,14,27,1,22,0
28-07 18:07:01,66.044,11.985,20.910,0,0,1976444,10568424,170868,3546676,22669.147,454360.080,0,118.318,0,7.140,8014,8109,3.650,2.190,1.620,6,0,0,0,0,14,29,0,22,0
28-07 18:07:02,55.663,10.782,32.345,0,0,1928228,10616556,170908,3546716,15647.890,7317.460,0,244.718,0,18.053,7553,8459,3.650,2.190,1.620,5,0,15.044,0,0,14,27,0,21,0
28-07 18:07:03,75.882,20.152,1.493,0,0,1918168,10626360,170988,3546888,3516.933,119068.188,0,1086.726,0,36.821,6749,9591,3.650,2.190,1.620,8,0,84.590,0,0,14,26,0,21,0
28-07 18:07:04,79.614,19.778,2.003,0,0,1885284,10659152,171044,3546924,479.686,0,0,304.435,0,23.033,6771,7655,3.840,2.250,1.650,7,1,30.043,0,0,14,25,0,21,0
28-07 18:07:05,79.672,18.599,1.257,0,0,1886964,10657444,171076,3546956,14874.878,7334.895,0,261.386,0,14.075,6668,6944,3.840,2.250,1.650,6,0,32.171,0,0,14,25,0,21,0
28-07 18:07:06,83.718,14.538,1.755,0,0,1919380,10624628,171292,3547128,420.092,148.386,0,2654.901,0,165.430,7152,8206,3.840,2.250,1.650,5,0,1.003,0,0,14,25,0,21,0
28-07 18:07:07,68.924,17.716,9.950,0,0,1951532,10592428,171292,3547176,15218.660,7274.902,0,15.532,0,1.942,7206,8333,3.840,2.250,1.650,3,0,67.953,0,0,14,28,0,21,0
28-07 18:07:08,79.574,13.262,8.417,0,0,1992324,10551604,171292,3547208,460.103,0,0,0,0,0,6019,8549,3.840,2.250,1.650,3,0,2.040,0,0,14,28,0,24,0
28-07 18:07:09,49.559,9.011,39.046,0,0,2005928,10537804,171312,3547380,272.323,0,0,136.161,0,7.008,6995,7872,3.690,2.250,1.650,2,0,1.001,0,0,14,29,0,26,0
28-07 18:07:10,62.286,9.966,25.164,0,0,1999840,10543832,171344,3547404,623.859,0,0,103.644,0,11.959,6953,7579,3.690,2.250,1.650,5,0,0,0,0,14,28,0,27,0
28-07 18:07:11,61.049,15.200,21.180,0,0,1947720,10595896,171360,3547460,15088.386,7981.754,0,83.725,0,7.974,7847,9289,3.690,2.250,1.650,5,0,31.895,0,0,14,28,0,27,0
28-07 18:07:12,66.227,10.996,21.242,0,0,1989680,10553900,171360,3547492,298.894,0,0,15.994,0,1.000,7627,7812,3.690,2.250,1.650,6,0,0,0,0,14,28,0,28,0
28-07 18:07:13,69.472,13.495,15.744,0,0,1898760,10644752,171388,3547528,119.951,0,0,195.921,0,12.995,6819,9052,3.690,2.250,1.650,7,0,52.979,0,0,14,26,0,30,0
28-07 18:07:14,72.300,26.544,2.022,0,0,1889244,10654144,171400,3547640,15488.408,7905.489,0,52.582,0,5.056,6288,9284,3.800,2.290,1.670,8,0,115.276,0,0,14,26,0,28,0
28-07 18:07:15,78.343,19.461,1.497,0,0,1795256,10747896,171456,3547816,179.640,0,0,231.536,0,20.958,6172,7537,3.800,2.290,1.670,8,0,84.830,0,0,14,25,0,28,0
28-07 18:07:16,81.328,17.266,1.251,0,0,1885500,10657468,171472,3547984,566.541,148.141,0,120.115,0,7.007,6624,7231,3.800,2.290,1.670,5,0,0,0,0,14,26,0,28,0
28-07 18:07:17,80.031,17.757,2.001,0,0,1893488,10649444,171488,3548000,120.046,0,0,116.044,0,8.003,6227,6840,3.800,2.290,1.670,4,0,73.028,0,0,14,27,0,29,0
28-07 18:07:18,81.606,15.627,1.488,0,0,1932216,10610636,171504,3548056,695.511,0,0,682.613,0,10.914,6574,9181,3.800,2.290,1.670,6,0,17.859,0,0,14,26,0,25,0
28-07 18:07:19,83.659,14.778,1.252,0,0,2009088,10533552,171548,3548216,19352.703,9824.633,0,204.388,0,16.030,7350,9842,3.820,2.320,1.680,9,0,17.032,0,0,14,25,0,26,0
28-07 18:07:20,74.861,22.358,2.512,0,0,1916936,10625644,171552,3548272,300.448,0,0,5201.067,0,194.940,7368,7774,3.820,2.320,1.680,5,0,66.320,0,0,14,26,0,27,0
28-07 18:07:21,82.315,14.921,1.492,0,0,1958280,10584104,171552,3548452,467.530,147.222,0,0,0,0,7144,9635,3.820,2.320,1.680,5,0,0,0,0,14,26,0,28,0
28-07 18:07:22,77.272,20.572,3.011,0,0,1927700,10614344,171584,3548760,540.905,0,0,192.679,0,16.057,6217,7412,3.820,2.320,1.680,8,0,103.364,0,0,14,25,0,28,0
28-07 18:07:23,76.874,20.283,2.504,0,0,1945120,10596732,171616,3548916,3177.110,2023.254,0,156.251,0,14.023,6763,7019,3.820,2.320,1.680,5,0,21.034,0,0,14,26,0,28,0
28-07 18:07:24,78.905,19.976,0.749,0,0,1912940,10628712,171648,3549080,2637.832,1971.632,0,115.861,0,11.986,6420,7249,3.910,2.370,1.700,5,0,76.908,0,0,14,25,0,28,0
28-07 18:07:25,80.423,17.233,1.748,0,0,1956024,10585580,171648,3549124,15591.045,7678.634,0,3.996,0,0.999,6206,6864,3.910,2.370,1.700,7,0,9.990,0,0,14,25,0,29,0
28-07 18:07:26,77.827,20.149,3.022,0,0,1923204,10618368,171648,3549156,1015.527,149.105,0,0,0,0,6623,7561,3.910,2.370,1.700,6,0,96.717,0,0,14,25,0,27,0
28-07 18:07:27,78.490,18.132,1.987,0,0,1952132,10589416,171648,3549180,298.064,0,0,154.993,0,31.794,6311,7368,3.910,2.370,1.700,6,0,33.781,0,0,14,25,0,27,0
28-07 18:07:28,79.868,19.088,2.009,0,0,1937716,10603780,171648,3549228,704.242,0,0,12.056,0,1.005,6892,7676,3.910,2.370,1.700,5,0,43.199,0,0,14,27,0,27,0
28-07 18:07:29,85.081,13.012,1.501,0,0,1993796,10547592,171656,3549336,420.402,0,0,76.073,0,3.003,5635,8925,3.920,2.390,1.710,6,0,3.003,0,0,14,26,0,27,0
28-07 18:07:30,77.464,20.807,1.755,0,0,1914472,10626684,171720,3549500,763.108,0,0,208.576,0,24.066,6148,7444,3.920,2.390,1.710,5,0,94.260,0,0,14,24,0,28,0
28-07 18:07:31,70.280,28.311,0.745,0,0,1842468,10698540,171720,3549648,15156.734,7394.595,0,3.973,0,0.993,5955,5273,3.920,2.390,1.710,6,0,126.157,0,0,14,24,0,28,0
28-07 18:07:32,83.720,14.330,1.508,0,0,1912604,10628300,171792,3549676,750.208,0,0,362.031,0,51.288,5947,5344,3.920,2.390,1.710,5,0,2.011,0,0,14,24,0,28,0
28-07 18:07:33,74.570,19.983,3.412,0,0,1926176,10614708,171792,3549692,233.944,0,0,0,0,0,5923,6100,3.920,2.390,1.710,6,0,70.183,0,0,14,27,0,28,0
28-07 18:07:34,85.341,14.941,1.266,0,0,1944976,10595720,171824,3549844,811.371,0,0,133.709,0,13.168,6948,10246,3.920,2.420,1.720,5,0,0,0,0,14,26,0,28,0
28-07 18:07:35,73.195,23.644,2.515,0,0,1867616,10672984,171824,3549936,301.835,0,0,8.049,0,2.012,7067,9019,3.920,2.420,1.720,6,0,102.624,0,0,14,26,0,25,0
28-07 18:07:36,76.923,19.480,2.747,0,0,1832940,10707460,171864,3550096,418.581,189.810,0,187.812,0,14.985,6761,8744,3.920,2.420,1.720,7,0,42.957,0,0,14,25,0,26,0
28-07 18:07:37,73.793,23.764,2.251,0,0,1818672,10721660,171872,3552292,240.140,0,0,40.023,0,5.003,5665,7222,3.920,2.420,1.720,7,0,152.089,0,0,14,24,0,26,0
28-07 18:07:38,72.937,24.985,2.524,0,0,1828500,10711776,171896,3550160,707.667,0,0,129.217,0,10.095,5473,10054,3.920,2.420,1.720,4,0,78.742,0,0,14,24,0,27,0
28-07 18:07:39,80.034,16.797,2.470,0,0,1901196,10639060,171896,3550184,30188.457,15040.379,0,667.934,0,3.952,5591,5217,3.930,2.450,1.740,4,0,0.988,0,0,14,26,0,28,0
28-07 18:07:40,76.035,12.840,10.574,0.252,0,1929224,10610836,171944,3550324,30145.187,15154.671,0,209.474,0,18.128,6749,9240,3.930,2.450,1.740,6,0,13.092,0,0,14,26,0,28,0
28-07 18:07:41,72.256,20.539,5.196,0,0,1872500,10667388,171944,3550492,29628.902,15142.077,0,4291.806,0,264.279,6700,8830,3.930,2.450,1.740,5,0,56.419,0,0,14,26,0,29,0
28-07 18:07:42,66.854,16.588,16.588,0,0,1864832,10674840,171968,3550676,46359.528,23076.216,0,353.874,0,48.256,6829,9005,3.930,2.450,1.740,3,0,85.453,0,0,14,25,0,30,0
28-07 18:07:43,48.874,26.681,23.190,0,0,1722844,10816820,171968,3550684,43974.396,21963.260,0,7.979,0,1.995,5553,3826,3.930,2.450,1.740,3,0,113.706,0,0,14,25,0,29,0
28-07 18:07:44,64.792,12.305,21.849,0,0,1815548,10724096,171968,3550704,15103.107,7329.050,0,12.054,0,1.005,5378,4085,3.860,2.450,1.740,3,0,2.009,0,0,14,24,0,29,0
28-07 18:07:45,58.529,16.687,23.412,0,0,1795856,10743780,171968,3550712,30012.615,15021.251,0,0,0,0,4976,3363,3.860,2.450,1.740,4,0,33.872,0,0,14,24,0,29,0
28-07 18:07:46,64.176,12.332,22.650,0,0,1800368,10739244,171968,3550736,15343.927,7656.863,0,0,0,0,6177,6020,3.860,2.450,1.740,3,0,0,0,0,14,26,0,29,0
28-07 18:07:47,58.097,9.475,30.420,0,0,1805620,10733952,171976,3550764,14876.931,7600.041,0,155.591,0,19.948,7229,7609,3.860,2.450,1.740,3,0,1.995,0,0,14,26,0,29,0
28-07 18:07:48,57.297,16.013,24.270,0,0,1739920,10799528,172040,3550824,1073.885,0,0,188.155,0,25.021,6962,6923,3.860,2.450,1.740,4,0,62.051,0,0,14,25,0,29,0
28-07 18:07:49,53.503,23.251,22.251,0,0,1752564,10786836,172072,3550852,14916.809,7782.422,0,100.005,0,13.001,5820,5259,3.790,2.460,1.750,3,0,58.003,0,0,14,24,0,29,0
28-07 18:07:50,60.878,15.096,22.520,0,0,1741112,10798220,172072,3550920,18824.788,7578.618,0,7.919,0,0.990,4090,2075,3.790,2.460,1.750,3,0,31.677,0,0,14,25,0,29,0
28-07 18:07:51,63.137,12.228,24.207,0,0,1786700,10752384,172072,3551168,940.320,147.736,0,0,0,0,5006,4318,3.790,2.460,1.750,5,0,0,0,0,14,26,0,30,0
28-07 18:07:52,58.097,10.267,29.549,0,0,1807440,10731480,172072,3551332,15798.434,7308.228,0,0,0,0,7546,8143,3.790,2.460,1.750,4,0,0,0,0,14,26,0,30,0
28-07 18:07:53,57.679,14.861,25.943,0,0,1700600,10838156,172072,3551492,1036.715,0,0,104.780,0,14.105,6340,6238,3.790,2.460,1.750,7,0,72.540,0,0,14,25,0,30,0
28-07 18:07:54,57.386,18.632,23.103,0,0,1747452,10791284,172080,3551504,15739.140,7637.542,0,83.470,0,1.987,5740,5114,3.800,2.490,1.760,3,0,15.899,0,0,14,26,0,30,0
28-07 18:07:55,65.974,10.911,23.091,0,0,1831284,10707424,172080,3551532,758.192,0,0,4.060,0,1.015,6008,5066,3.800,2.490,1.760,4,0,0,0,0,14,27,0,31,0
28-07 18:07:56,58.930,10.647,27.732,0,0,1829996,10708684,172080,3551556,474.415,146.583,0,7.923,0,0.990,6877,7055,3.800,2.490,1.760,2,0,1.981,0,0,14,27,0,31,0
28-07 18:07:57,56.197,16.984,24.477,0,0,1767752,10770760,172080,3551724,24852.386,440453.494,0,0,0,0,7999,8429,3.800,2.490,1.760,5,0,50.952,0,0,14,26,0,32,0
28-07 18:07:58,60.634,16.787,22.299,0,0,1724392,10814036,172144,3551744,480.058,0,0,288.636,0,38.084,6326,5623,3.800,2.490,1.760,4,0,48.106,0,0,14,24,0,32,0
28-07 18:07:59,41.190,33.452,23.965,0,0,1727328,10811092,172144,3551752,479.306,0,0,499.277,0,1.997,5308,3390,3.740,2.500,1.770,4,0,163.763,0,0,14,24,0,30,0
28-07 18:08:00,63.485,12.946,22.655,0,0,1817648,10720760,172144,3551760,18288.605,130721.951,0,0,0,0,4645,3134,3.740,2.500,1.770,3,0,0.996,0,0,14,25,0,30,0
28-07 18:08:01,60.508,15.566,22.848,0,0,1758196,10780192,172144,3551776,1455.217,190.815,0,3205.695,0,306.309,6009,4479,3.740,2.500,1.770,2,0,34.146,0,0,14,25,0,30,0
28-07 18:08:02,63.072,12.867,23.463,0,0,1722592,10815724,172176,3551812,1055.577,0,0,165.502,0,13.119,6230,6494,3.740,2.500,1.770,3,0,8.073,0,0,14,25,0,30,0
28-07 18:08:03,51.505,23.411,22.672,0,0,1750320,10787968,172176,3551840,1088.254,0,0,82.802,0,17.743,6522,6000,3.740,2.500,1.770,4,0,87.731,0,0,14,25,0,27,0
28-07 18:08:04,65.579,11.055,22.614,0,0,1785668,10752436,172208,3551992,15231.450,7821.257,0,144.726,0,13.066,6389,6172,3.680,2.510,1.780,3,0,0,0,0,14,25,0,27,0
28-07 18:08:05,56.147,18.463,24.533,0,0,1740588,10797464,172240,3552008,364.195,0,0,113.305,0,13.151,5489,4612,3.680,2.510,1.780,3,0,62.722,0,0,14,24,0,27,0
28-07 18:08:06,58.703,17.486,23.731,0,0,1743808,10794188,172296,3552024,940.250,147.882,0,187.850,0,22.982,5437,4293,3.680,2.510,1.780,3,0,29.976,0,0,14,24,0,27,0
28-07 18:08:07,50.154,23.965,22.977,0,0,1772532,10765460,172296,3552028,693.750,0,0,3.953,0,0.988,5125,3013,3.680,2.510,1.780,4,0,92.895,0,0,14,25,0,27,0
28-07 18:08:08,64.693,12.838,21.900,0,0,1785852,10752104,172296,3552060,542.715,0,0,72.496,0,18.124,6720,6385,3.680,2.510,1.780,3,0,2.014,0,0,14,26,0,27,0
28-07 18:08:09,58.909,11.092,27.359,0,0,1808720,10729184,172312,3552096,14765.119,7352.982,0,82.817,0,5.916,7180,7666,3.630,2.520,1.780,5,0,0.986,0,0,14,26,0,27,0
28-07 18:08:10,58.070,16.019,23.528,0,0,1801104,10736492,172312,3552400,479.577,0,0,0,0,0,7251,7891,3.630,2.520,1.780,3,0,43.052,0,0,14,26,0,27,0
28-07 18:08:11,64.977,11.837,22.414,0,0,1822556,10714820,172368,3552564,646.745,149.094,0,213.567,0,24.177,6989,7270,3.630,2.520,1.780,4,0,2.015,0,0,14,25,0,20,0
28-07 18:08:12,50.237,28.021,21.458,0,0,1726752,10810612,172376,3552568,1219.815,0,0,56.548,0,3.029,5269,3611,3.630,2.520,1.780,5,0,130.262,0,0,14,24,0,20,0
28-07 18:08:13,46.232,23.491,29.239,0.250,0,1764096,10772660,172736,3552808,761.709,0,0,3938.494,0,211.919,5545,4757,3.630,2.520,1.780,3,0,99.962,0,0,14,25,0,20,0
28-07 18:08:14,43.664,7.443,45.897,0,0,1767424,10769272,172776,3552828,16230.128,21937.219,0,170.687,0,15.878,5433,5479,3.420,2.490,1.780,2,0,1.985,0,0,14,24,0,23,0
28-07 18:08:15,36.009,16.504,45.511,0,0,1735092,10801440,172792,3552972,44620.871,23159.642,0,108.026,0,7.002,5353,4911,3.420,2.490,1.780,4,0,68.017,0,0,14,25,0,23,0
28-07 18:08:16,42.778,9.756,46.530,0,0,1669776,10866724,172808,3552988,30132.642,15464.080,0,128.083,0,8.005,4428,4052,3.420,2.490,1.780,3,0,1.001,0,0,14,24,0,20,0
28-07 18:08:17,33.802,19.280,46.321,0,0,1701556,10834808,172808,3553124,15370.582,7535.561,0,2519.866,0,300.461,4566,2716,3.420,2.490,1.780,2,0,65.100,0,0,14,24,0,20,0
28-07 18:08:18,43.307,8.711,46.045,0,0,1743720,10792572,172824,3553176,15087.764,7490.619,0,99.556,0,5.973,4324,3996,3.420,2.490,1.780,2,0,0,0,0,14,25,0,20,0
28-07 18:08:19,38.372,15.299,45.395,0,0,1710424,10825840,172840,3553188,15418.110,7873.078,0,120.383,0,9.029,4968,3853,3.380,2.500,1.790,5,0,62.198,0,0,14,25,0,20,0
28-07 18:08:20,36.799,16.887,46.125,0,0,1676148,10860056,172880,3553208,15412.408,7749.053,0,209.706,0,17.139,4840,4105,3.380,2.500,1.790,2,0,59.484,0,0,14,24,0,18,0
28-07 18:08:21,32.630,18.292,46.720,0,0,1679408,10856780,172896,3553208,14985.916,7585.903,0,122.608,0,7.910,3653,2066,3.380,2.500,1.790,2,0,77.125,0,0,14,24,0,18,0
28-07 18:08:22,43.654,8.530,47.418,0,0,1712096,10824088,172896,3553212,15963.446,7484.465,0,0,0,0,3727,2895,3.380,2.500,1.790,4,0,0,0,0,14,25,0,18,0
28-07 18:08:23,43.298,8.509,45.800,0,0,1722280,10813756,173016,3553236,882.973,0,0,1037.142,0,60.066,5470,5732,3.380,2.500,1.790,2,0,2.002,0,0,14,25,0,19,0
28-07 18:08:24,42.110,10.097,44.819,0,0,1682912,10853096,173024,3553248,15810.855,7730.583,0,35.461,0,2.955,5182,5051,3.350,2.510,1.790,2,0,4.925,0,0,14,25,0,16,0
28-07 18:08:25,40.877,12.441,47.224,0,0,1651244,10884596,173056,3553384,426.542,0,0,117.807,0,13.202,4071,3098,3.350,2.510,1.790,3,0,30.467,0,0,14,24,0,16,0
28-07 18:08:26,40.225,11.313,48.019,0,0,1699860,10835960,173072,3553388,1066.976,191.070,0,108.608,0,7.039,3206,2114,3.350,2.510,1.790,2,0,2.011,0,0,14,24,0,17,0
28-07 18:08:27,44.196,7.407,45.677,0,0,1737604,10798188,173072,3553416,15172.695,7750.785,0,3.950,0,0.988,5233,5262,3.350,2.510,1.790,3,0,0,0,0,14,26,0,17,0
28-07 18:08:28,42.426,10.544,46.693,0,0,1663456,10872276,173112,3553432,1236.119,0,0,144.599,0,16.067,4467,4095,3.350,2.510,1.790,3,0,5.021,0,0,14,25,0,16,0
28-07 18:08:29,45.317,8.308,46.072,0,0,1710764,10824928,173128,3553452,15891.011,7347.327,0,124.872,0,7.049,4862,4389,3.240,2.500,1.790,2,0,3.021,0,0,14,24,0,16,0
28-07 18:08:30,34.113,17.304,46.226,0,0,1670128,10865540,173144,3553460,915.625,0,0,589.323,0,7.910,3916,2577,3.240,2.500,1.790,3,0,55.373,0,0,14,24,0,17,0
28-07 18:08:31,45.577,8.014,45.827,0,0,1714200,10821440,173160,3553472,540.914,148.250,0,140.237,0,8.014,4923,4568,3.240,2.500,1.790,2,0,0,0,0,14,25,0,18,0
28-07 18:08:32,43.763,9.054,46.781,0,0,1657172,10878424,173192,3553484,15575.613,7503.096,0,112.677,0,13.079,4452,3729,3.240,2.500,1.790,2,0,7.042,0,0,14,24,0,17,0
28-07 18:08:33,41.612,10.216,46.595,0,0,1698188,10837348,173240,3553492,804.324,0,0,231.231,0,18.937,4514,3931,3.240,2.500,1.790,2,0,9.967,0,0,14,24,0,17,0
28-07 18:08:34,31.093,21.815,45.887,0.251,0,1725848,10809656,173256,3553508,540.618,0,0,104.312,0,7.021,4396,2940,3.140,2.490,1.800,2,0,89.267,0,0,14,24,0,17,0
28-07 18:08:35,42.736,8.997,47.234,0,0,1747844,10787508,173272,3553644,479.840,0,0,119.960,0,7.997,4594,4628,3.140,2.490,1.800,2,0,1.999,0,0,14,25,0,17,0
28-07 18:08:36,36.829,16.424,45.040,0,0,1750568,10784720,173320,3553660,15633.206,7731.997,0,222.962,0,21.898,4567,3651,3.140,2.490,1.800,2,0,74.652,0,0,14,24,0,17,0
28-07 18:08:37,26.449,28.445,42.667,0.250,0,1744624,10790636,173336,3553668,685.666,0,0,187.635,0,12.975,5251,3978,3.140,2.490,1.800,3,0,164.680,0,0,14,25,0,17,0
28-07 18:08:38,40.233,31.180,27.660,0,0,1650192,10884992,173400,3553680,1169.770,0,0,253.467,0,25.146,5603,17062,3.140,2.490,1.800,2,0,139.809,0,0,14,24,0,18,0
28-07 18:08:39,35.540,16.268,48.054,0,0,1694272,10840892,173416,3553684,480.538,0,0,176.197,0,10.011,3414,1817,3.050,2.480,1.800,3,0,44.049,0,0,14,24,0,18,0
28-07 18:08:40,43.547,8.212,47.528,0,0,1740852,10794284,173436,3553692,861.975,0,0,175.182,0,6.967,3493,2543,3.050,2.480,1.800,3,0,0,0,0,14,26,0,14,0
28-07 18:08:41,44.924,8.031,45.426,0,0,1741192,10793820,173532,3553716,15094.574,7798.261,0,835.241,0,49.191,5949,6812,3.050,2.480,1.800,2,0,2.008,0,0,14,25,0,14,0
28-07 18:08:42,39.146,13.963,45.380,0,0,1670420,10864576,173532,3553732,776.940,0,0,3.989,0,0.997,5455,5147,3.050,2.480,1.800,2,0,45.878,0,0,14,25,0,14,0
28-07 18:08:43,41.109,12.032,45.621,0,0,1678684,10856264,173564,3553748,944.502,0,0,2827.489,0,317.842,4832,3586,3.050,2.480,1.800,2,0,30.080,0,0,14,24,0,14,0
28-07 18:08:44,40.662,9.978,47.896,0,0,1707392,10827548,173568,3553752,478.962,0,0,235.490,0,37.918,3112,2148,2.970,2.470,1.800,3,0,1.996,0,0,14,25,0,12,0
28-07 18:08:45,44.442,8.239,45.940,0,0,1744024,10790768,173568,3553900,804.953,0,0,0,0,0,5186,5181,2.970,2.470,1.800,2,0,0,0,0,14,26,0,12,0
28-07 18:08:46,44.900,7.733,45.399,0,0,1744000,10790768,173568,3553920,15523.342,7427.417,0,0,0,0,5875,6101,2.970,2.470,1.800,2,0,0,0,0,14,26,0,12,0
28-07 18:08:47,38.509,15.102,44.550,0,0,1665036,10869672,173600,3553944,1070.204,0,0,161.084,0,13.088,5859,5720,2.970,2.470,1.800,3,0,64.434,0,0,14,25,0,13,0
28-07 18:08:48,22.936,34.154,41.384,0,0,1570692,10963924,173600,3554032,1204.619,0,0,7.978,0,1.994,5475,3893,2.970,2.470,1.800,3,0,220.381,0,0,14,24,0,13,0
28-07 18:08:49,22.068,23.572,53.414,0,0,1614776,10919824,173600,3554048,883.715,0,0,4.012,0,1.003,3797,2202,2.890,2.470,1.800,1,0,122.376,0,0,14,24,0,13,0
28-07 18:08:50,21.733,5.496,72.445,0,0,1652040,10882556,173600,3554052,659.496,0,0,0,0,0,2306,1961,2.890,2.470,1.800,1,0,1.998,0,0,14,24,0,13,0
28-07 18:08:51,22.757,3.751,71.523,0,0,1652192,10882332,173664,3554060,959.304,190.060,0,468.148,0,29.009,2692,2633,2.890,2.470,1.800,1,0,0,0,0,14,24,0,13,0
28-07 18:08:52,12.005,15.757,70.780,0,0,1645172,10889352,173664,3554060,1823.761,0,0,4.002,0,1.000,3130,1974,2.890,2.470,1.800,1,0,91.038,0,0,14,24,0,12,0
28-07 18:08:53,20.253,7.001,72.510,0,0,1681936,10852588,173664,3554060,31381.472,50231.159,0,44.006,0,3.000,1816,1475,2.890,2.470,1.800,1,0,2.000,0,0,14,24,0,12,0
28-07 18:08:54,21.996,4.999,71.986,0,0,1698696,10835792,173696,3554064,29706.279,15237.065,0,283.945,0,13.997,2360,2080,2.740,2.440,1.800,1,0,0,0,0,14,24,0,12,0
28-07 18:08:55,24.234,3.747,70.452,0,0,1692304,10842124,173736,3554084,29990.614,15133.713,0,143.902,0,16.988,3501,3874,2.740,2.440,1.800,1,0,0,0,0,14,24,0,12,0
28-07 18:08:56,11.490,17.234,70.187,0,0,1661228,10873176,173752,3554088,30086.784,15050.386,0,119.892,0,7.993,3374,2212,2.740,2.440,1.800,1,0,100.909,0,0,14,24,0,12,0
28-07 18:08:57,20.278,7.260,71.349,0,0,1658528,10875860,173768,3554088,24227.644,440922.291,0,116.161,0,6.008,2126,1627,2.740,2.440,1.800,1,0,0,0,0,14,24,0,10,0
28-07 18:08:58,22.233,4.496,72.194,0,0,1683348,10850988,173816,3554092,15306.038,7452.176,0,407.681,0,24.980,2354,2056,2.740,2.440,1.800,2,0,0.999,0,0,14,25,0,10,0
28-07 18:08:59,22.496,4.999,70.987,0,0,1680652,10853680,173816,3554096,2110.609,127646.337,0,3.999,0,1.000,2951,2802,2.600,2.420,1.790,1,0,2.999,0,0,14,25,0,10,0
28-07 18:09:00,15.938,12.202,70.475,0,0,1629556,10904692,173880,3554112,15477.639,7333.401,0,191.254,0,23.907,3486,2899,2.600,2.420,1.790,2,0,65.744,0,0,14,24,0,10,0
28-07 18:09:01,16.319,11.047,72.306,0,0,1629376,10904852,173896,3554116,15850.036,7638.305,0,377.597,0,10.042,2260,1719,2.600,2.420,1.790,1,0,28.119,0,0,14,24,0,10,0
28-07 18:09:02,22.122,4.274,73.406,0,0,1669700,10864512,173912,3554116,1215.718,0,0,132.734,0,6.033,1954,1435,2.600,2.420,1.790,1,0,2.011,0,0,14,25,0,10,0
28-07 18:09:03,22.634,5.472,70.638,0,0,1665700,10868452,173968,3554120,15197.149,7419.989,0,1910.214,0,251.711,3291,2877,2.600,2.420,1.790,2,0,0,0,0,14,25,0,10,0
28-07 18:09:04,23.493,4.249,70.478,0,0,1663116,10870884,173968,3554268,701.783,0,0,3.999,0,1.000,4108,4553,2.470,2.390,1.790,2,0,0,0,0,14,25,0,10,0
28-07 18:09:05,20.009,8.254,70.533,0,0,1627624,10906320,174016,3554276,15102.049,7461.483,0,140.065,0,19.009,3198,2999,2.470,2.390,1.790,1,0,32.015,0,0,14,24,0,10,0
28-07 18:09:06,19.756,6.252,72.771,0,0,1669652,10864292,174016,3554276,480.141,148.044,0,0,0,0,1730,1300,2.470,2.390,1.790,1,0,0,0,0,14,24,0,10,0
28-07 18:09:07,22.502,4.250,72.506,0,0,1687992,10845948,174016,3554280,539.047,0,0,4.000,0,1.000,2164,1910,2.470,2.390,1.790,1,0,0,0,0,14,24,0,10,0
28-07 18:09:08,22.745,4.999,70.986,0,0,1684400,10849504,174040,3554292,15554.879,7780.439,0,239.952,0,11.998,3558,3866,2.470,2.390,1.790,1,0,2.000,0,0,14,25,0,11,0
28-07 18:09:09,23.232,3.747,70.446,0,0,1680744,10853120,174056,3554312,805.379,0,0,115.911,0,8.993,3678,4086,2.270,2.350,1.780,1,0,0.999,0,0,14,24,0,11,0
28-07 18:09:10,9.500,20.749,68.748,0,0,1636388,10897416,174056,3554368,641.977,0,0,4.000,0,1.000,3778,2221,2.270,2.350,1.780,1,0,129.995,0,0,14,24,0,11,0
28-07 18:09:11,8.004,30.516,60.032,0,0,1633784,10899988,174076,3554380,16513.811,36713.588,0,124.066,0,7.004,4568,2766,2.270,2.350,1.780,2,0,195.104,0,0,14,26,0,11,0
28-07 18:09:12,30.006,20.754,46.510,0.500,0,1651108,10882460,174136,3554524,61090.152,31718.829,128.028,224.048,5.001,15.003,4152,2635,2.270,2.350,1.780,4,0,84.018,0,0,14,24,0,13,0
28-07 18:09:13,42.500,9.500,47.500,0,0,1741504,10791528,174220,3554920,45887.121,23844.063,44.000,536.001,1.000,18.000,3052,1809,2.270,2.350,1.780,3,0,0,0,0,14,24,0,13,0
28-07 18:09:14,39.363,9.277,47.637,3.510,0,1808924,10719952,174580,3558352,29966.054,15283.891,2190.290,2226.394,36.104,114.328,3572,2718,2.250,2.350,1.780,4,1,10.029,0,0,14,28,0,13,0
28-07 18:09:15,40.111,17.084,36.150,1.733,0,1821920,10696832,180152,3562388,29761.499,14772.796,23.770,21456.011,1.981,2166.003,12304,18413,2.250,2.350,1.780,8,0,80.222,0,0,14,28,0,13,0
28-07 18:09:16,40.148,17.816,35.631,2.509,0,1756896,10753560,186192,3564348,16498.822,7513.699,0,32411.483,0,2738.094,13501,19538,2.250,2.350,1.780,4,0,55.204,0,0,14,28,0,13,0
28-07 18:09:17,38.612,15.196,36.619,4.982,0,1782252,10722084,190996,3565480,30514.111,15684.032,0,31906.144,0,2290.825,11579,16672,2.250,2.350,1.780,3,0,23.915,0,0,14,28,0,10,0
28-07 18:09:18,40.781,12.587,43.550,2.014,0,1786792,10716036,193044,3564876,45131.972,22432.567,0,13150.612,0,999.890,6902,8518,2.250,2.350,1.780,2,0,12.083,0,0,14,24,0,10,0
28-07 18:09:19,43.540,8.957,45.779,0.249,0,1775704,10726768,193364,3564904,15347.856,7583.365,0,3737.942,0,186.101,3392,2352,2.230,2.340,1.780,2,0,1.990,0,0,14,24,0,10,0
28-07 18:09:20,42.159,10.098,48.218,0,0,1775756,10726656,193416,3564904,30172.728,16118.376,0,2476.022,0,204.989,3165,1630,2.230,2.340,1.780,2,0,0,0,0,14,24,0,10,0
28-07 18:09:21,40.937,13.317,39.211,1.233,0,1791404,10707212,196928,3565112,52124.780,448815.065,0,12736.988,0,1475.723,10730,15056,2.230,2.340,1.780,6,0,4.932,0,0,14,26,0,10,0
28-07 18:09:22,41.926,15.314,38.160,1.255,0,1806400,10687568,201144,3565408,33734.715,141064.595,0,14810.216,0,1755.374,12480,17476,2.230,2.340,1.780,3,0,1.004,0,0,14,26,0,10,0
28-07 18:09:23,33.357,20.315,44.142,0.752,0,1726312,10766860,201912,3565416,15411.624,7482.092,0,9446.417,0,445.434,4969,3778,2.230,2.340,1.780,5,0,89.287,0,0,14,24,0,10,0
28-07 18:09:24,22.532,5.758,70.349,0,0,1760356,10732776,201936,3565428,44619.076,22982.489,0,140.198,0,10.014,2125,1595,2.130,2.320,1.780,1,0,12.017,0,0,14,24,0,10,0
28-07 18:09:25,20.494,7.998,70.480,0.500,0,1777624,10715140,202296,3565428,30029.677,14719.920,0,5486.479,0,238.934,2540,2217,2.130,2.320,1.780,2,0,1.999,0,0,14,24,0,9,0
28-07 18:09:26,21.100,4.773,73.097,0.754,0,1771216,10721504,202296,3565468,29853.539,14810.217,40.191,0,3.014,0,1670,1128,2.130,2.320,1.780,3,0,0,0,0,14,24,0,9,0
28-07 18:09:27,21.154,5.226,72.669,0,0,1736788,10755904,202296,3565492,15367.075,7424.217,0,0,0,0,1828,1338,2.130,2.320,1.780,2,0,2.986,0,0,14,24,0,9,0
28-07 18:09:28,22.499,4.500,72.746,0,0,1727580,10765112,202296,3565492,44619.386,23564.619,0,0,0,0,1811,1312,2.130,2.320,1.780,3,0,0,0,0,14,24,0,9,0
28-07 18:09:29,20.250,6.500,72.249,0,0,1731756,10760936,202296,3565492,30013.746,14915.874,0,4.000,0,1.000,1860,1288,2.040,2.300,1.770,1,0,3.000,0,0,14,24,0,8,0
28-07 18:09:30,22.755,4.251,72.765,0,0,1676000,10816672,202304,3565504,29925.291,15243.205,0,96.020,0,2.000,1824,1198,2.040,2.300,1.770,1,0,3.001,0,0,14,24,0,8,0
28-07 18:09:31,21.232,5.995,72.440,0,0,1698852,10793820,202304,3565504,30034.102,16420.388,0,3.997,0,0.999,1831,1390,2.040,2.300,1.770,1,0,0,0,0,14,24,0,8,0
28-07 18:09:32,21.012,6.003,72.541,0,0,1724188,10768460,202328,3565504,29935.739,15248.526,0,180.101,0,10.006,1906,1444,2.040,2.300,1.770,2,0,2.001,0,0,14,24,0,8,0
28-07 18:09:33,21.501,5.000,72.253,0.250,0,1747556,10744832,202376,3565672,29772.152,15078.584,152.006,328.013,6.000,18.001,1890,1406,2.040,2.300,1.770,2,0,2.000,0,0,14,24,0,6,0
28-07 18:09:34,21.745,5.499,71.983,0,0,1709336,10782996,202376,3565728,30052.845,15634.278,0,971.769,0,194.954,2008,1293,1.960,2.270,1.770,2,0,1.000,0,0,14,24,0,6,0
28-07 18:09:35,22.507,5.002,72.524,0,0,1704388,10787944,202376,3565728,44479.614,22771.482,0,4.001,0,1.000,1773,1229,1.960,2.270,1.770,1,0,0,0,0,14,24,0,6,0
28-07 18:09:36,19.745,6.498,72.483,0,0,1734336,10757992,202376,3565728,29926.957,15222.417,0,0,0,0,1851,1185,1.960,2.270,1.770,1,0,3.999,0,0,14,24,0,6,0
28-07 18:09:37,21.252,7.001,71.008,0,0,1740660,10751668,202376,3565728,27788.175,585936.943,0,4.000,0,1.000,2241,1732,1.960,2.270,1.770,1,0,1.000,0,0,14,24,0,6,0
28-07 18:09:38,27.902,11.460,60.038,0,0,1696832,10795384,202384,3567436,15395.660,7593.199,0,179.367,0,1.993,2716,4488,1.960,2.270,1.770,3,0,40.856,0,0,14,24,0,6,0
28-07 18:09:39,28.350,10.537,60.463,0,0,1716972,10775224,202392,3565824,44832.984,23015.102,0,0,0,0,2933,10021,1.960,2.270,1.770,1,0,5.018,0,0,14,24,0,7,0
28-07 18:09:40,21.242,5.998,72.223,0.250,0,1713808,10778352,202416,3565836,29521.117,14718.574,0,323.881,0,36.986,1976,1368,1.960,2.270,1.770,1,0,3.999,0,0,14,24,0,7,0
28-07 18:09:41,21.494,4.749,72.730,0,0,1745936,10746212,202428,3565836,44842.730,23111.676,0,83.977,0,2.999,1930,1420,1.960,2.270,1.770,1,0,0,0,0,14,24,0,7,0
28-07 18:09:42,20.749,6.250,72.247,0,0,1776292,10715832,202452,3565836,30037.579,14861.297,0,87.996,0,9.000,2061,1577,1.960,2.270,1.770,3,0,4.000,0,0,14,24,0,6,0
28-07 18:09:43,22.494,4.499,72.731,0,0,1740180,10751892,202484,3565856,29823.188,14720.144,0,343.910,0,20.995,1906,1350,1.960,2.270,1.770,3,0,1.000,0,0,14,24,0,6,0
28-07 18:09:44,21.017,5.505,72.560,0,0,1747876,10744180,202488,3565868,30367.053,15620.887,0,0,0,0,1887,1359,1.880,2.250,1.760,3,0,0,0,0,14,24,0,6,0
28-07 18:09:45,23.765,4.002,71.544,0,0,1755408,10736580,202492,3565900,44306.345,22247.731,0,2117.307,0,35.022,1960,1231,1.880,2.250,1.760,1,0,2.001,0,0,14,24,0,6,0
28-07 18:09:46,20.250,6.500,72.750,0,0,1728804,10763184,202492,3565900,14855.980,7605.990,0,4.000,0,1.000,1849,1338,1.880,2.250,1.760,1,0,1.000,0,0,14,24,0,6,0
28-07 18:09:47,22.741,3.749,72.471,0,0,1746516,10745472,202492,3565900,60176.162,30026.105,0,0,0,0,1907,1318,1.880,2.250,1.760,1,0,0,0,0,14,24,0,6,0
28-07 18:09:48,20.646,7.554,72.010,0,0,1737972,10753972,202500,3565932,30192.998,14696.162,0,197.399,0,2.014,1977,1311,1.880,2.250,1.760,1,0,4.029,0,0,14,24,0,6,0
28-07 18:09:49,15.144,11.668,71.001,0,0,1640760,10851068,202508,3566036,31241.377,16917.075,0,7.944,0,1.986,2893,1832,1.810,2.230,1.760,1,0,70.504,0,0,14,24,0,6,0
28-07 18:09:50,6.998,25.743,66.231,0,0,1622580,10869208,202508,3566072,54064.441,470572.578,0,939.730,0,94.973,4845,3327,1.810,2.230,1.760,1,0,170.951,0,0,14,24,0,4,0
28-07 18:09:51,5.496,25.484,66.707,0,0,1608492,10883292,202508,3566076,58759.386,157982.870,0,335.785,0,3.997,4413,2739,1.810,2.230,1.760,1,0,167.893,0,0,14,24,0,4,0
28-07 18:09:52,6.007,25.528,67.325,0.250,0,1610856,10880892,202532,3566096,61053.883,31819.378,0,532.592,0,14.016,4539,3157,1.810,2.230,1.760,2,0,165.184,0,0,14,24,0,4,0
28-07 18:09:53,5.750,22.750,69.250,0,0,1613896,10877796,202576,3566108,60695.180,32910.098,0,604.002,0,28.000,4137,2777,1.810,2.230,1.760,1,0,126.000,0,0,14,24,0,4,0
28-07 18:09:54,5.501,24.752,68.507,0,0,1608032,10883652,202576,3566116,61224.156,33177.336,0,176.018,0,2.000,4347,2785,1.750,2.210,1.750,2,0,165.017,0,0,14,24,0,4,0
28-07 18:09:55,6.526,24.598,67.268,0,0,1603184,10888500,202576,3566116,46034.337,23897.173,0,124.496,0,6.024,4269,2777,1.750,2.210,1.750,1,0,164.656,0,0,14,24,0,4,0
28-07 18:09:56,5.478,23.906,67.981,0.249,0,1601968,10889700,202580,3566124,61191.204,32662.933,7.969,422.331,1.992,87.654,4321,2724,1.750,2.210,1.750,1,0,146.421,0,0,14,24,0,4,0
28-07 18:09:57,6.486,23.699,68.103,0,0,1602708,10888956,202580,3566128,60684.044,33505.695,0,0,0,0,4338,2810,1.750,2.210,1.750,2,0,163.647,0,0,14,24,0,4,0
28-07 18:09:58,15.745,11.497,70.979,0.250,0,1626860,10864812,202588,3566112,57381.278,448645.255,0,155.955,0,2.999,2744,2141,1.750,2.210,1.750,2,0,36.989,0,0,14,24,0,4,0
28-07 18:09:59,22.050,5.262,72.165,0,0,1675212,10816456,202588,3566116,58305.345,147072.356,0,0,0,0,2092,1487,1.690,2.190,1.750,1,0,2.005,0,0,14,24,0,4,0
28-07 18:10:00,20.503,6.001,72.762,0,0,1719816,10771852,202588,3566116,29803.812,14756.383,0,0,0,0,1891,1230,1.690,2.190,1.750,1,0,4.001,0,0,14,24,0,4,0
28-07 18:10:01,21.982,4.496,72.692,0,0,1684520,10807132,202588,3566132,15469.606,7503.988,0,63.949,0,4.996,1808,1219,1.690,2.190,1.750,2,0,0.999,0,0,14,24,0,4,0
28-07 18:10:02,19.494,6.998,72.477,0,0,1713684,10777948,202620,3566120,15091.258,7359.687,0,123.961,0,11.996,2015,1702,1.690,2.190,1.750,1,0,0,0,0,14,24,0,4,0
28-07 18:10:03,22.522,5.005,72.320,0,0,1744880,10746704,202668,3566120,45348.612,22763.892,0,396.381,0,25.024,2047,1459,1.690,2.190,1.750,1,0,4.004,0,0,14,24,0,4,0
28-07 18:10:04,21.502,5.751,71.007,0,0,1766536,10725036,202676,3566120,30324.165,14659.530,0,56.006,0,6.001,2038,1473,1.630,2.170,1.750,2,0,3.000,0,0,14,24,0,4,0
28-07 18:10:05,21.509,5.252,72.531,0,0,1753172,10738392,202676,3566128,29843.876,14760.369,0,0,0,0,1879,1334,1.630,2.170,1.750,2,0,1.000,0,0,14,24,0,4,0
28-07 18:10:06,20.235,6.495,73.195,0,0,1750368,10741192,202676,3566132,30343.027,16285.670,0,75.943,0,0.999,1933,1428,1.630,2.170,1.750,1,0,1.998,0,0,14,24,0,4,0
28-07 18:10:07,22.009,5.002,72.278,0,0,1759036,10732524,202676,3566132,44673.566,22610.891,0,12.005,0,2.001,1870,1256,1.630,2.170,1.750,1,0,2.001,0,0,14,24,0,4,0
28-07 18:10:08,22.482,3.747,73.191,0,0,1690092,10801456,202676,3566144,15230.781,7517.969,0,11.990,0,0.999,1786,1248,1.630,2.170,1.750,1,0,0.999,0,0,14,24,0,4,0
28-07 18:10:09,20.016,6.755,72.056,0,0,1685364,10806196,202684,3566124,30589.830,15812.318,0,72.056,0,2.002,2010,1497,1.580,2.150,1.740,1,0,3.002,0,0,14,24,0,4,0
28-07 18:10:10,20.992,5.498,72.472,0,0,1711700,10779860,202684,3566124,44412.756,22983.076,0,3.998,0,1.000,1895,1286,1.580,2.150,1.740,1,0,1.999,0,0,14,24,0,3,0
28-07 18:10:11,21.436,5.234,72.533,0,0,1723596,10767964,202684,3566124,29682.129,15377.957,0,147.558,0,5.982,1839,1221,1.580,2.150,1.740,1,0,0,0,0,14,24,0,3,0
28-07 18:10:12,22.169,5.794,72.806,0,0,1674064,10817444,202708,3566148,15212.179,7678.644,0,640.895,0,103.793,2122,1368,1.580,2.150,1.740,2,0,3.023,0,0,14,24,0,3,0
28-07 18:10:13,19.674,6.226,72.719,0,0,1698780,10792700,202748,3566136,15275.878,7751.997,0,370.566,0,22.911,1867,1489,1.580,2.150,1.740,2,0,0.996,0,0,14,24,0,3,0
28-07 18:10:14,23.490,5.498,70.469,0,0,1732268,10759212,202748,3566136,57302.405,605019.758,0,0,0,0,2292,1589,1.530,2.130,1.740,1,0,2.999,0,0,14,24,0,1,0
28-07 18:10:15,20.757,6.502,72.024,0,0,1732400,10759076,202748,3566140,30002.818,14662.798,0,12.004,0,1.000,1792,1227,1.530,2.130,1.740,1,0,2.001,0,0,14,24,0,1,0
28-07 18:10:16,21.492,4.748,72.974,0,0,1627584,10863908,202748,3566124,29668.560,14866.768,0,63.977,0,1.999,1854,1283,1.530,2.130,1.740,2,0,1.000,0,0,14,24,0,1,0
28-07 18:10:17,22.108,4.720,72.037,0,0,1665132,10826360,202748,3566124,30318.953,15804.328,0,0,0,0,1827,1293,1.530,2.130,1.740,2,0,0,0,0,14,24,0,1,0
28-07 18:10:18,21.125,6.036,72.179,0,0,1704688,10786796,202756,3566124,44351.379,22085.152,0,60.358,0,2.012,1926,1299,1.530,2.130,1.740,2,0,4.024,0,0,14,24,0,1,0
28-07 18:10:19,23.134,4.023,73.427,0,0,1677192,10814264,202756,3566152,15183.197,7664.522,0,40.234,0,4.023,1718,1106,1.490,2.110,1.730,3,0,2.012,0,0,14,24,0,1,0
28-07 18:10:20,20.889,5.720,72.613,0,0,1719992,10771544,202756,3566072,30085.763,15700.380,0,0,0,0,1819,1362,1.490,2.110,1.730,3,0,0,0,0,14,24,0,1,0
28-07 18:10:21,22.725,4.245,72.170,0,0,1747452,10744084,202756,3566072,44580.676,23246.280,0,275.695,0,41.954,1921,1279,1.490,2.110,1.730,2,0,3.996,0,0,14,24,0,1,0
28-07 18:10:22,21.014,6.004,72.549,0,0,1762288,10729216,202780,3566080,29886.324,14992.195,0,132.090,0,10.007,2026,1650,1.490,2.110,1.730,3,0,0,0,0,14,24,0,1,0
28-07 18:10:23,21.504,5.001,72.512,0,0,1762156,10729216,202820,3566168,15546.557,7687.264,0,460.076,0,24.004,1755,1174,1.490,2.110,1.730,2,0,0,0,0,14,24,0,1,0
28-07 18:10:24,20.671,5.977,72.472,0,0,1676740,10814644,202820,3566156,14918.826,7656.657,0,0,0,0,1780,1180,1.450,2.090,1.730,1,0,2.989,0,0,14,24,0,1,0
28-07 18:10:25,22.079,4.767,72.759,0,0,1706792,10784580,202820,3566168,51797.663,27712.798,0,24.086,0,3.011,1855,1318,1.450,2.090,1.730,2,0,1.004,0,0,14,24,0,1,0
28-07 18:10:26,19.996,6.249,72.734,0,0,1706812,10784580,202820,3566148,37969.540,19699.611,0,0,0,0,1865,1378,1.450,2.090,1.730,2,0,0,0,0,14,24,0,1,0
28-07 18:10:27,22.501,5.250,72.252,0,0,1732876,10758516,202820,3566148,44388.382,22698.707,0,0,0,0,1918,1301,1.450,2.090,1.730,1,0,4.000,0,0,14,24,0,1,0
28-07 18:10:28,22.999,4.750,71.497,0,0,1734764,10756600,202828,3566168,41876.324,567581.279,0,295.988,0,37.998,2145,1545,1.450,2.090,1.730,1,0,0,0,0,14,24,0,1,0
28-07 18:10:29,20.958,5.239,72.354,0,0,1718680,10772708,202828,3566144,15551.583,7604.637,0,0,0,0,1838,1302,1.420,2.070,1.720,1,0,1.996,0,0,14,24,0,1,0
28-07 18:10:30,22.295,5.010,72.396,0,0,1716064,10775324,202828,3566144,45197.276,23745.955,0,0,0,0,1910,1291,1.420,2.070,1.720,1,0,2.004,0,0,14,24,0,1,0
28-07 18:10:31,21.799,5.262,72.664,0,0,1683280,10808084,202828,3566168,30143.187,15272.548,0,32.073,0,3.007,1858,1294,1.420,2.070,1.720,1,0,1.002,0,0,14,24,0,1,0
28-07 18:10:32,22.224,4.745,72.167,0,0,1728148,10763228,202828,3566156,44966.223,23832.558,0,0,0,0,1940,1464,1.420,2.070,1.720,1,0,0,0,0,14,24,0,1,0
28-07 18:10:33,20.245,6.499,72.484,0,0,1750616,10740752,202836,3566156,30574.078,14978.609,0,199.955,0,26.994,1933,1308,1.420,2.070,1.720,1,0,4.999,0,0,14,24,0,1,0
28-07 18:10:34,18.488,8.745,71.955,0,0,1712784,10778548,202836,3566192,29973.293,14744.797,0,15.990,0,1.999,2366,1521,1.380,2.050,1.720,2,0,38.976,0,0,14,24,0,1,0
28-07 18:10:35,5.473,25.126,66.919,0,0,1705932,10785392,202836,3566200,30651.311,16918.274,0,119.409,0,4.975,4335,2658,1.380,2.050,1.720,1,0,165.183,0,0,14,24,0,1,0
28-07 18:10:36,6.281,25.877,66.327,0,0,1682580,10808744,202836,3566200,61273.854,31368.531,0,72.356,0,3.015,4443,2718,1.380,2.050,1.720,1,0,161.797,0,0,14,24,0,1,0
28-07 18:10:37,9.744,19.239,69.461,0,0,1683668,10807656,202836,3566200,61056.457,31849.981,0,55.968,0,3.998,3455,2309,1.380,2.050,1.720,1,0,99.943,0,0,14,24,0,1,0
28-07 18:10:38,21.263,9.506,68.543,0,0,1716352,10774956,202836,3566212,45012.240,23272.601,0,0,0,0,2152,1505,1.380,2.050,1.720,1,0,6.004,0,0,14,24,0,1,0
28-07 18:10:39,33.224,12.240,54.208,0,0,1737868,10753424,202844,3566220,44416.223,22908.063,0,235.815,0,27.978,3307,11716,1.670,2.100,1.740,2,0,38.969,0,0,14,24,0,1,0
28-07 18:10:40,25.528,2.002,71.830,0,0,1748516,10742500,202844,3566488,23904.580,440806.143,0,4.004,0,1.001,1943,1274,1.670,2.100,1.740,1,0,0,0,0,14,24,0,1,0
28-07 18:10:41,18.425,8.963,72.204,0,0,1695184,10795820,202844,3566500,32868.473,147611.840,0,438.206,0,29.878,2174,1572,1.670,2.100,1.740,2,0,9.959,0,0,14,24,0,1,0
28-07 18:10:42,21.840,5.021,72.296,0,0,1701008,10789996,202844,3566500,44984.390,22931.998,0,0,0,0,1924,1327,1.670,2.100,1.740,2,0,2.008,0,0,14,24,0,1,0
28-07 18:10:43,22.674,3.987,72.507,0,0,1718396,10772608,202844,3566500,30038.439,14609.092,0,15.947,0,2.990,1716,1073,1.670,2.100,1.740,1,0,0,0,0,14,24,0,1,0
28-07 18:10:44,8.517,28.559,61.125,0.251,0,1677212,10813656,202852,3566624,45968.351,55746.420,40.082,168.346,2.004,2.004,4443,2778,1.620,2.080,1.730,1,0,173.356,0,0,14,24,0,1,0
28-07 18:10:45,6.241,24.464,67.151,0,0,1666588,10824260,202852,3566628,57080.607,32054.608,0,55.917,0,1.997,4286,2742,1.620,2.080,1.730,1,0,151.776,0,0,14,24,0,1,0
28-07 18:10:46,5.997,24.489,67.970,0,0,1663120,10827724,202852,3566632,49742.933,26542.225,0,59.973,0,2.999,4183,2676,1.620,2.080,1.730,3,0,147.934,0,0,14,24,0,1,0
28-07 18:10:47,6.020,24.330,67.472,0,0,1659232,10831476,202852,3566764,61019.998,32426.813,0,84.278,0,3.010,4380,2687,1.620,2.080,1.730,2,0,140.463,0,0,14,24,0,1,0
28-07 18:10:48,7.209,25.605,65.379,0,0,1657864,10832796,202852,3566808,60665.982,32766.193,0,0,0,0,4306,2692,1.620,2.080,1.730,1,0,152.137,0,0,14,24,0,1,0
28-07 18:10:49,6.284,26.143,65.609,0,0,1644944,10845704,202860,3566812,61520.514,32781.312,0,201.100,0,6.033,4400,2766,1.650,2.080,1.740,1,0,159.875,0,0,14,24,0,1,0
28-07 18:10:50,7.490,25.467,65.167,0,0,1639200,10851440,202860,3566816,58192.484,583674.601,0,255.673,0,32.958,4759,2979,1.650,2.080,1.740,2,0,157.798,0,0,14,24,0,1,0
28-07 18:10:51,6.260,24.791,66.861,0,0,1633656,10856980,202860,3566816,61106.845,32107.513,0,4.007,0,1.002,4275,2686,1.650,2.080,1.740,1,0,157.262,0,0,14,24,0,1,0
28-07 18:10:52,7.243,25.227,66.440,0,0,1619856,10870772,202860,3566820,60994.799,31971.066,0,7.993,0,1.998,4276,2697,1.650,2.080,1.740,1,0,154.860,0,0,14,24,0,1,0
28-07 18:10:53,5.752,24.257,67.268,0,0,1617888,10872728,202860,3566828,61363.483,32090.620,0,408.110,0,7.002,4271,2655,1.650,2.080,1.740,1,0,149.040,0,0,14,24,0,1,0
28-07 18:10:54,6.993,24.974,66.679,0,0,1613908,10876700,202868,3566828,53296.565,27446.937,0,467.505,0,5.994,4447,2659,1.600,2.060,1.730,3,0,162.828,0,0,14,24,0,1,0
28-07 18:10:55,6.248,25.742,66.229,0,0,1614980,10875628,202868,3566828,53983.744,28099.018,0,495.842,0,30.990,4399,2679,1.600,2.060,1.730,1,0,156.950,0,0,14,24,0,1,0
28-07 18:10:56,6.012,26.301,66.630,0,0,1616928,10873680,202868,3566828,60939.249,32663.918,0,352.690,0,4.008,4432,2654,1.600,2.060,1.730,1,0,157.308,0,0,14,24,0,1,0
28-07 18:10:57,6.494,24.476,66.686,0,0,1608796,10881808,202868,3566832,60886.228,32620.512,0,351.661,0,3.996,4361,2737,1.600,2.060,1.730,1,0,153.851,0,0,14,24,0,1,0
28-07 18:10:58,7.753,25.759,65.022,0,0,1609168,10881432,202868,3566836,75051.369,590973.760,0,444.150,0,6.002,4777,2869,1.600,2.060,1.730,1,0,155.052,0,0,14,24,0,1,0
28-07 18:10:59,5.748,25.489,66.722,0,0,1603892,10886692,202876,3566840,45830.086,24132.041,0,323.866,0,4.998,4368,2688,1.710,2.080,1.740,2,0,150.938,0,0,14,24,0,1,0
28-07 18:11:00,6.742,25.220,66.421,0,0,1604752,10885832,202876,3566840,60927.944,31564.670,0,439.480,0,4.994,4406,2670,1.710,2.080,1.740,2,0,155.816,0,0,14,24,0,1,0
28-07 18:11:01,6.010,22.788,69.366,0,0,1603660,10886920,202876,3566844,61221.313,33888.635,0,188.315,0,30.050,4190,2714,1.710,2.080,1.740,1,0,136.228,0,0,14,24,0,1,0
28-07 18:11:02,5.488,23.950,68.356,0,0,1602600,10887972,202876,3566852,62315.872,34219.992,0,55.882,0,1.996,4301,2706,1.710,2.080,1.740,2,0,143.698,0,0,14,24,0,1,0
28-07 18:11:03,5.996,24.484,67.455,0,0,1607428,10883144,202876,3566852,46014.273,25347.074,0,55.963,0,1.999,4376,2680,1.710,2.080,1.740,2,0,151.899,0,0,14,24,0,1,0
28-07 18:11:04,5.263,24.312,68.676,0,0,1601544,10889012,202884,3566860,60916.179,32770.017,0,176.452,0,5.013,4082,2650,1.730,2.080,1.740,1,0,141.362,0,0,14,24,0,1,0
28-07 18:11:05,5.476,25.389,67.455,0,0,1602352,10888204,202884,3566860,60733.798,33089.510,0,59.739,0,2.987,4286,2721,1.730,2.080,1.740,2,0,153.330,0,0,14,24,0,1,0
28-07 18:11:06,7.533,25.360,65.533,0,0,1597996,10892544,202884,3566872,79927.235,607387.531,0,208.902,0,4.017,4896,2976,1.730,2.080,1.740,1,0,141.612,0,0,14,24,0,1,0
28-07 18:11:07,6.003,25.261,66.528,0,0,1599716,10890816,202884,3566876,61144.652,32159.492,0,328.138,0,66.028,4521,2782,1.730,2.080,1.740,1,0,159.067,0,0,14,24,0,1,0
28-07 18:11:08,5.493,26.718,66.421,0,0,1603532,10887000,202884,3566876,45865.197,23553.856,0,19.976,0,4.994,4413,2688,1.730,2.080,1.740,1,0,166.801,0,0,14,24,0,1,0
28-07 18:11:09,5.998,25.492,66.728,0,0,1599908,10890616,202892,3566876,61165.291,32581.502,0,119.961,0,6.998,4407,2808,1.590,2.040,1.730,2,0,169.945,0,0,14,24,0,1,0
28-07 18:11:10,5.507,25.283,67.338,0,0,1603644,10886868,202892,3566888,60944.041,32254.362,0,16.021,0,4.005,4379,2735,1.590,2.040,1.730,2,0,153.201,0,0,14,24,0,1,0
28-07 18:11:11,12.207,23.667,62.532,0,0,1574644,10914308,202896,3568216,60320.512,32612.200,0,0,0,0,5617,6419,1.590,2.040,1.730,3,0,81.715,0,0,14,24,0,1,0
28-07 18:11:12,10.781,34.097,52.148,0,0,1585916,10901460,202908,3569928,45866.261,24054.315,0,7621.646,0,337.960,6186,5612,1.590,2.040,1.730,4,0,214.609,0,0,14,24,0,1,0
28-07 18:11:13,20.014,35.525,42.279,0,0,1611416,10875840,203016,3569936,61351.542,32040.217,0,2221.540,0,61.042,5472,3468,1.590,2.040,1.730,4,0,201.139,0,0,14,24,0,3,0
28-07 18:11:14,31.198,32.696,34.692,0,0,1663088,10824116,203056,3569948,72776.989,579432.539,0,427.290,0,20.965,5337,3136,1.630,2.040,1.730,3,0,171.714,0,0,14,24,0,3,0
28-07 18:11:15,43.245,44.251,12.069,0,0,1691496,10795648,203120,3569940,45585.770,24026.387,0,325.850,0,18.103,5283,3464,1.630,2.040,1.730,5,0,331.884,0,0,14,24,0,5,0
28-07 18:11:16,53.219,45.224,1.749,0.250,0,1782000,10698768,204368,3574628,60664.648,32774.901,1135.338,1035.397,135.921,40.976,5765,4831,1.630,2.040,1.730,4,0,337.803,0,0,14,24,0,7,0
28-07 18:11:17,82.650,16.280,0.751,0.501,0,1906004,10570780,204668,3577632,44591.973,22589.018,16.029,2440.431,1.002,196.357,5237,2675,1.630,2.040,1.730,4,0,9.016,0,0,14,26,0,8,0
28-07 18:11:18,61.441,23.288,10.158,2.230,0,1931924,10531552,210196,3584792,29571.011,15138.296,424.142,25262.205,8.919,2186.114,12896,18344,1.630,2.040,1.730,4,0,91.171,0,0,14,28,0,8,0
28-07 18:11:19,53.580,22.821,16.124,3.473,0,1934708,10515956,216380,3590928,15306.043,7239.264,0,46940.120,0,3070.932,15751,22823,1.820,2.080,1.740,4,1,63.502,0,0,14,30,0,8,0
28-07 18:11:20,51.001,29.035,13.129,4.545,0,1921664,10518728,221656,3595524,15128.745,7598.710,0,53316.203,0,3003.531,13957,21533,1.820,2.080,1.740,3,1,91.904,0,0,14,28,0,8,0
28-07 18:11:21,61.013,21.755,9.752,3.751,0,1931548,10500332,226816,3598628,15282.346,8129.780,0,47634.428,0,2838.621,13616,20807,1.820,2.080,1.740,8,0,67.015,0,0,14,28,0,8,0
28-07 18:11:22,60.447,21.570,11.036,4.766,0,1989024,10434840,231656,3601560,15566.672,7548.572,0,44400.530,0,2759.984,13377,20182,1.820,2.080,1.740,4,1,52.170,0,0,14,32,0,8,0
28-07 18:11:23,56.511,19.333,16.359,3.718,0,1983920,10432960,236084,3603892,15270.953,7233.453,0,20419.434,0,1972.940,13293,19087,1.820,2.080,1.740,5,3,89.228,0,0,14,36,0,8,0
28-07 18:11:24,39.820,25.883,22.897,5.724,0,1959640,10447768,241424,3607768,302.634,0,0,49811.215,0,3098.019,15841,22379,1.990,2.110,1.760,6,2,113.488,0,0,14,36,0,8,0
28-07 18:11:25,59.811,15.142,17.413,4.543,0,1957532,10443084,245816,3609988,45404.599,23108.608,0,28975.602,0,2226.874,12448,16485,1.990,2.110,1.760,8,0,18.170,0,0,14,36,0,8,0
28-07 18:11:26,43.165,30.115,20.328,4.015,0,1865256,10530128,249888,3611024,29830.086,15091.719,0,31889.964,0,2280.723,13154,17708,1.990,2.110,1.760,5,1,126.484,0,0,14,34,0,8,0
28-07 18:11:27,41.582,29.381,21.413,3.984,0,1851088,10539364,253460,3612264,29774.684,14599.007,83.662,21584.778,1.992,1835.583,12587,17488,1.990,2.110,1.760,4,1,134.457,0,0,14,37,0,8,0
28-07 18:11:28,40.543,22.821,22.092,8.012,0,1844832,10538228,256996,3616444,14725.682,7149.200,3317.260,29000.776,40.786,2039.299,13516,19622,1.990,2.110,1.760,9,0,55.352,0,0,14,37,0,8,0
28-07 18:11:29,47.548,33.488,15.849,2.812,0,1846036,10533324,259732,3617288,15684.754,7460.458,0,21121.604,0,1600.276,12573,19099,2.310,2.170,1.780,4,1,119.637,0,0,14,37,0,8,0
28-07 18:11:30,47.073,34.869,12.951,2.491,0,1754016,10622028,262160,3617576,15264.676,7465.963,398.503,23918.179,3.985,1736.479,10090,15069,2.310,2.170,1.780,5,0,103.611,0,0,14,36,0,8,0
28-07 18:11:31,51.979,25.864,17.326,3.515,0,1824264,10548496,263956,3618940,15795.609,7838.543,678.992,13854.053,18.080,1526.728,10674,15406,2.310,2.170,1.780,5,0,87.385,0,0,14,36,0,8,0
28-07 18:11:32,38.021,28.453,26.439,3.777,0,1841060,10527608,266564,3620324,547.907,42.302,801.717,30839.906,13.093,2269.181,13051,18499,2.310,2.170,1.780,3,0,120.862,0,0,14,36,0,8,0
28-07 18:11:33,38.965,14.395,36.235,4.467,0,1838908,10525928,268520,3622108,56629.252,587346.692,0,31481.984,0,2610.924,14395,19931,2.310,2.170,1.780,2,0,20.848,0,0,14,37,0,8,0
28-07 18:11:34,40.588,12.778,37.832,4.510,0,1836560,10525200,270140,3623484,30168.371,14786.039,0,30093.208,0,2071.489,12526,17917,2.290,2.170,1.780,5,0,27.059,0,0,14,37,0,8,0
28-07 18:11:35,37.103,15.543,37.353,5.766,0,1754888,10601840,273336,3625192,29857.715,14698.720,0,32333.574,0,2444.773,13076,19294,2.290,2.170,1.780,2,1,41.114,0,0,14,36,0,8,0
28-07 18:11:36,28.287,23.531,37.298,5.006,0,1774268,10576388,277388,3627028,15119.607,7453.666,0,30427.458,0,2438.162,12801,19658,2.290,2.170,1.780,5,0,119.155,0,0,14,36,0,8,0
28-07 18:11:37,41.627,14.706,32.653,5.484,0,1810476,10533044,282168,3629208,15455.241,7340.267,0,33050.147,0,2582.354,12376,20157,2.290,2.170,1.780,5,0,41.876,0,0,14,36,0,8,0
28-07 18:11:38,38.361,18.303,32.343,6.268,0,1817056,10519700,287468,3630452,15334.304,7545.802,0,36453.322,0,2714.844,14102,21100,2.290,2.170,1.780,5,1,39.113,0,0,14,37,0,9,0
28-07 18:11:39,44.349,16.848,29.483,4.707,0,1838712,10493240,291220,3632736,15347.113,7230.565,0,26765.777,0,2051.435,12672,20869,2.420,2.200,1.790,8,0,51.534,0,0,14,37,0,9,0
28-07 18:11:40,47.432,17.661,28.257,3.532,0,1839908,10487248,294600,3632604,712.491,0,0,23457.722,0,1823.615,12333,26085,2.420,2.200,1.790,6,0,23.211,0,0,14,37,0,9,0
28-07 18:11:41,35.763,17.006,35.763,5.752,0,1768476,10552592,298988,3634140,15344.630,7446.732,0,32459.909,0,2348.862,12545,18150,2.420,2.200,1.790,3,0,48.018,0,0,14,36,0,10,0
28-07 18:11:42,41.282,11.191,44.017,1.243,0,1674504,10645328,300160,3634172,600.823,0,0,14578.903,0,802.755,5350,5711,2.420,2.200,1.790,4,0,17.905,0,0,14,32,0,11,0
28-07 18:11:43,26.646,28.657,43.991,0.251,0,1695700,10623920,300296,3634244,15487.687,7336.114,0,1701.303,0,94.517,5227,3407,2.420,2.200,1.790,2,0,155.852,0,0,14,32,0,11,0
28-07 18:11:44,23.696,11.723,62.857,0,0,1691160,10628440,300356,3634204,482.904,0,0,1073.562,0,41.905,4471,4343,2.310,2.180,1.790,1,0,46.894,0,0,14,33,0,12,0
28-07 18:11:45,24.838,4.516,69.498,0,0,1691456,10627964,300444,3634292,31186.096,30083.167,0,1051.747,0,50.179,4398,4812,2.310,2.180,1.790,1,0,2.007,0,0,14,33,0,12,0
28-07 18:11:46,18.491,9.246,70.716,0,0,1651088,10668320,300444,3634304,30107.606,14732.956,0,0,0,0,3280,2718,2.310,2.180,1.790,1,0,48.977,0,0,14,32,0,12,0
28-07 18:11:47,18.275,8.261,72.598,0,0,1676248,10643132,300468,3634304,30082.523,14773.901,0,2150.897,0,13.018,1990,1452,2.310,2.180,1.790,1,0,6.008,0,0,14,32,0,12,0
28-07 18:11:48,23.175,7.809,69.021,0.252,0,1707188,10612144,300648,3634160,30266.310,14702.909,0,9838.213,0,565.264,3598,2354,2.310,2.180,1.790,1,0,2.015,0,0,14,32,0,12,0
28-07 18:11:49,22.342,3.972,70.750,0,0,1702604,10616532,300648,3634352,14993.098,7244.827,0,11.916,0,1.986,3218,3156,2.210,2.160,1.780,1,0,0.993,0,0,14,32,0,12,0
28-07 18:11:50,18.257,9.504,72.028,0,0,1688184,10630948,300648,3634356,14985.849,7755.027,0,16.006,0,2.001,2244,1560,2.210,2.160,1.780,1,0,34.013,0,0,14,32,0,12,0
28-07 18:11:51,21.741,4.748,72.222,0.250,0,1723700,10595412,300680,3634344,846.668,147.942,0,403.841,0,23.991,2003,1663,2.210,2.160,1.780,2,0,1.999,0,0,14,32,0,12,0
28-07 18:11:52,22.731,4.746,71.441,0,0,1727500,10591408,300720,3634504,15317.286,7451.815,0,283.764,0,23.980,2728,2649,2.210,2.160,1.780,2,0,0,0,0,14,32,0,12,0
28-07 18:11:53,14.262,13.762,71.310,0,0,1721728,10597144,300748,3634504,15171.860,7464.327,0,1265.072,0,25.021,2892,2135,2.210,2.160,1.780,2,0,60.051,0,0,14,32,0,12,0
28-07 18:11:54,21.244,5.498,72.980,0,0,1721576,10597264,300772,3634512,363.899,0,0,135.962,0,10.997,1778,1251,2.110,2.140,1.780,1,0,1.999,0,0,14,32,0,12,0
28-07 18:11:55,21.763,5.003,72.545,0,0,1717648,10601188,300772,3634516,15108.340,7594.695,0,8.005,0,2.001,2112,1670,2.110,2.140,1.780,1,0,0,0,0,14,32,0,12,0
28-07 18:11:56,24.094,3.514,71.278,0,0,1714508,10604308,300772,3634536,1622.334,148.580,0,0,0,0,3524,3697,2.110,2.140,1.780,1,0,0,0,0,14,32,0,12,0
28-07 18:11:57,16.689,10.462,71.740,0,0,1653644,10665172,300772,3634536,15110.145,7592.437,0,0,0,0,2453,1701,2.110,2.140,1.780,2,0,44.837,0,0,14,32,0,12,0
28-07 18:11:58,21.093,5.273,73.574,0,0,1704036,10614772,300780,3634536,305.346,0,0,68.301,0,5.022,1694,1127,2.110,2.140,1.780,2,0,0,0,0,14,32,0,12,0
28-07 18:11:59,22.786,4.706,71.083,0,0,1704488,10614308,300780,3634548,419.069,0,0,0,0,0,2818,2760,2.020,2.120,1.770,1,0,0.991,0,0,14,33,0,12,0
28-07 18:12:00,19.577,8.032,71.531,0,0,1665284,10653460,300832,3634548,15099.414,7650.102,0,349.375,0,26.103,3597,3437,2.020,2.120,1.770,1,0,34.134,0,0,14,32,0,12,0
28-07 18:12:01,5.244,24.973,66.928,0,0,1661092,10657552,300840,3634636,726.222,147.842,0,83.910,0,4.995,4410,2524,2.020,2.120,1.770,1,0,165.822,0,0,14,32,0,12,0
28-07 18:12:02,6.511,26.543,66.608,0,0,1656976,10661636,300856,3634652,725.179,0,0,108.176,0,7.011,4327,2634,2.020,2.120,1.770,2,0,163.265,0,0,14,32,0,12,0
28-07 18:12:03,5.740,24.955,67.379,0,0,1642076,10676460,300900,3634684,17710.183,69333.440,0,463.168,0,26.952,4430,2817,2.020,2.120,1.770,1,0,151.727,0,0,14,32,0,12,0
28-07 18:12:04,9.257,30.272,58.542,0,0,1637900,10680616,300908,3634692,74707.673,596264.381,0,52.037,0,7.005,5207,3183,2.020,2.120,1.780,4,0,191.137,0,0,14,34,0,12,0
28-07 18:12:05,32.682,33.437,32.934,0,0,1636884,10681356,300992,3634876,46172.654,24472.563,0,607.389,0,35.196,5257,3179,2.020,2.120,1.780,3,0,165.926,0,0,14,36,0,16,0
28-07 18:12:06,61.104,14.407,23.349,0,0,1750424,10567744,301084,3634856,60146.602,32002.809,0,536.526,0,35.768,4342,2355,2.020,2.120,1.780,3,0,12.916,0,0,14,32,0,18,0
28-07 18:12:07,62.124,14.028,23.797,0,0,1869616,10446784,301152,3636308,45074.846,23583.007,0,432.863,0,13.026,4017,1828,2.020,2.120,1.780,4,0,2.004,0,0,14,32,0,18,0
28-07 18:12:08,64.555,11.760,23.520,0.250,0,1956188,10357868,301212,3638312,29801.478,15319.097,12.010,384.329,2.002,3.003,3823,1518,2.020,2.120,1.780,3,0,0,0,0,14,32,0,18,0
28-07 18:12:09,60.706,10.449,24.631,2.239,0,2048096,10259908,302292,3642868,30095.357,15166.603,792.166,10851.485,8.957,580.192,5912,5071,2.100,2.130,1.780,4,0,17.913,0,0,14,38,0,18,0
28-07 18:12:10,43.971,20.487,26.483,3.748,0,2043996,10249324,308716,3650736,30164.134,15867.550,0,52401.489,0,3482.706,17620,25895,2.100,2.130,1.780,10,1,119.921,0,0,14,38,0,18,0
28-07 18:12:11,39.252,20.123,29.812,5.217,0,2043924,10236512,315328,3656568,44235.565,22285.225,0,52647.428,0,3655.906,17913,25876,2.100,2.130,1.780,5,0,131.171,0,0,14,38,0,18,0
28-07 18:12:12,37.565,18.160,30.102,6.468,0,2045880,10221896,321656,3662520,15406.012,7301.984,0,47613.156,0,3361.420,16634,24919,2.100,2.130,1.780,11,0,136.328,0,0,14,38,0,18,0
28-07 18:12:13,32.433,17.851,36.455,8.297,0,2045684,10211060,327776,3667128,59795.800,30190.046,0,43480.906,0,3152.758,16136,23496,2.100,2.130,1.780,4,0,81.459,0,0,14,38,0,16,0
28-07 18:12:14,46.807,14.938,26.142,6.722,0,2045316,10201232,333532,3671264,30000.451,15685.404,0,47735.415,0,3339.248,14848,22781,2.250,2.170,1.790,7,1,95.606,0,0,14,38,0,16,0
28-07 18:12:15,36.906,30.587,22.750,5.561,0,1955048,10280788,338764,3676460,71105.471,473435.865,0,46475.433,0,2982.824,15515,22110,2.250,2.170,1.790,5,0,166.836,0,0,14,36,0,16,0
28-07 18:12:16,47.073,20.672,22.665,5.978,0,1992820,10231228,344748,3681864,46682.721,149116.116,0,48744.978,0,3189.026,14758,22138,2.250,2.170,1.790,5,0,75.716,0,0,14,36,0,16,0
28-07 18:12:17,55.467,16.990,18.489,5.247,0,2040944,10174756,349468,3685228,44770.423,21875.014,0,40671.856,0,2589.463,12345,17572,2.250,2.170,1.790,3,0,8.995,0,0,14,36,0,12,0
28-07 18:12:18,44.749,18.604,25.643,6.788,0,2067028,10134780,354780,3693320,29882.412,14836.623,0,49901.898,0,3077.136,14623,21298,2.250,2.170,1.790,3,0,4.022,0,0,14,36,0,12,0
28-07 18:12:19,46.137,16.460,24.690,6.983,0,2072744,10118904,360056,3697924,48576.279,24929.073,0,58640.682,0,3406.674,15744,22482,2.630,2.250,1.820,3,0,18.954,0,0,14,38,0,12,0
28-07 18:12:20,26.621,26.873,35.914,5.525,0,2018780,10164424,365940,3700272,45475.311,24260.598,0,40444.376,0,3000.679,14886,22243,2.630,2.250,1.820,3,0,123.563,0,0,14,36,0,12,0
28-07 18:12:21,31.221,14.736,40.712,7.243,0,2006672,10168972,370980,3702564,30050.645,15019.828,0,42060.313,0,3042.130,15285,22371,2.630,2.250,1.820,2,0,49.953,0,0,14,36,0,11,0
28-07 18:12:22,46.559,8.010,38.049,4.255,0,1995552,10177244,372944,3703380,30104.377,14676.710,0,28139.872,0,1846.354,9078,11834,2.630,2.250,1.820,2,0,30.038,0,0,14,32,0,11,0
28-07 18:12:23,11.989,29.972,57.197,0.250,0,1699948,10472784,372992,3703392,63628.137,40774.279,0,1258.835,0,59.945,4668,2862,2.630,2.250,1.820,1,0,181.832,0,0,14,32,0,11,0
28-07 18:12:24,14.758,14.258,68.539,0.250,0,1695208,10477352,373148,3703404,47823.242,32944.767,0,4074.321,0,191.109,3335,2543,2.500,2.230,1.820,1,0,69.039,0,0,14,32,0,11,0
28-07 18:12:25,23.042,5.510,71.128,0,0,1732060,10440496,373148,3703408,70344.912,466074.864,0,4.007,0,1.002,2218,1670,2.500,2.230,1.820,1,0,2.004,0,0,14,32,0,11,0
28-07 18:12:26,21.463,4.991,72.376,0,0,1770688,10401868,373148,3703408,31957.058,132316.514,0,0,0,0,1829,1239,2.500,2.230,1.820,1,0,0,0,0,14,32,0,11,0
28-07 18:12:27,22.227,4.495,72.425,0,0,1794804,10377744,373156,3703408,30331.519,15993.400,0,59.938,0,2.997,1968,1514,2.500,2.230,1.820,1,0,3.996,0,0,14,36,0,11,0
28-07 18:12:28,25.269,2.752,72.054,0,0,1795156,10377360,373176,3703416,45644.196,25010.738,0,104.078,0,10.007,2025,1536,2.500,2.230,1.820,1,0,0,0,0,14,38,0,11,0
28-07 18:12:29,18.577,9.038,72.049,0,0,1675148,10497360,373184,3703416,60391.870,32322.268,0,40.167,0,3.013,2330,1607,2.380,2.200,1.810,1,0,28.117,0,0,14,32,0,11,0
28-07 18:12:30,21.359,5.464,72.274,0,0,1711624,10460884,373184,3703416,45293.586,24051.538,0,190.743,0,38.745,1932,1318,2.380,2.200,1.810,1,0,2.980,0,0,14,32,0,11,0
28-07 18:12:31,21.290,5.260,71.884,0,0,1751760,10420716,373212,3703416,44958.630,22888.576,0,384.716,0,25.047,2000,1688,2.380,2.200,1.810,1,0,0,0,0,14,32,0,11,0
28-07 18:12:32,22.391,4.478,71.652,0,0,1778368,10394104,373236,3703396,21688.608,9565.518,0,155.246,0,18.908,2035,1678,2.380,2.200,1.810,4,0,1.990,0,0,14,34,0,11,0
28-07 18:12:33,18.358,10.562,70.918,0,0,1722760,10449656,373268,3703420,53194.349,30401.082,0,454.678,0,22.130,2816,1898,2.380,2.200,1.810,1,0,61.361,0,0,14,32,0,11,0
28-07 18:12:34,10.699,42.798,44.042,0,0,1700088,10472300,373280,3703432,45688.154,24874.485,0,298.589,0,15.925,5633,3512,2.430,2.220,1.820,4,0,285.650,0,0,14,32,0,11,0
28-07 18:12:35,11.027,44.361,42.105,0,0,1697320,10475048,373292,3703440,60972.949,34169.152,0,216.540,0,13.032,5611,3434,2.430,2.220,1.820,3,0,282.705,0,0,14,32,0,11,0
28-07 18:12:36,10.772,46.595,40.583,0,0,1671856,10500492,373292,3703456,73289.187,601099.598,0,12.024,0,3.006,5999,3847,2.430,2.220,1.820,2,0,290.592,0,0,14,32,0,11,0
28-07 18:12:37,10.209,45.319,41.584,0,0,1669892,10502436,373292,3703476,60585.465,37556.275,0,19.921,0,4.980,5742,3651,2.430,2.220,1.820,2,0,307.773,0,0,14,32,0,11,0
28-07 18:12:38,11.047,49.211,37.661,0,0,1659724,10512592,373292,3703480,45747.977,24211.719,0,32.138,0,8.034,5653,3525,2.430,2.220,1.820,2,0,334.433,0,0,14,32,0,10,0
28-07 18:12:39,10.201,48.267,38.812,0,0,1635404,10536908,373292,3703484,60683.701,32359.598,0,4231.548,0,25.875,5843,3709,2.390,2.210,1.820,3,0,335.379,0,0,14,32,0,10,0
28-07 18:12:40,19.341,44.709,34.914,0,0,1634704,10537564,373296,3703492,60965.601,32785.588,0,522.447,0,65.306,6117,13718,2.390,2.210,1.820,1,0,280.313,0,0,14,32,0,11,0
28-07 18:12:41,4.250,11.501,83.259,0,0,1637408,10534856,373300,3703492,45387.725,24520.553,0,108.011,0,4.000,2487,2039,2.390,2.210,1.820,0,0,65.007,0,0,14,32,0,11,0
28-07 18:12:42,4.751,12.752,79.013,2.500,0,1633168,10538700,373548,3703628,59829.711,31129.052,120.019,7441.208,9.001,337.055,3137,3178,2.390,2.210,1.820,0,0,39.006,0,0,14,12,0,8,20
28-07 18:12:43,6.497,22.240,69.469,0.750,0,1623344,10548364,373664,3703692,45770.688,25076.872,47.979,2998.669,1.999,137.939,4377,3148,2.390,2.210,1.820,1,0,129.942,0,0,14,12,0,8,20
28-07 18:12:44,7.479,23.435,67.063,0,0,1620776,10550924,373664,3703700,70764.617,586715.480,0,139.611,0,3.989,4515,3040,2.360,2.210,1.820,3,0,138.613,0,0,14,12,0,8,20
28-07 18:12:45,6.270,24.830,67.217,0,0,1621888,10549676,373664,3703836,60885.697,32095.688,0,16.052,0,4.013,4260,2753,2.360,2.210,1.820,2,0,129.418,0,0,14,12,0,8,20
28-07 18:12:46,6.231,24.424,67.040,0,0,1627420,10544140,373664,3703840,48676.716,23378.860,0,1016.819,0,208.348,4382,2616,2.360,2.210,1.820,3,0,129.595,0,0,14,12,0,7,20
28-07 18:12:47,16.794,22.809,59.153,0,0,1631196,10540332,373676,3703844,56429.273,30717.625,0,280.728,0,11.029,4876,5334,2.360,2.210,1.820,2,0,80.208,0,0,14,12,0,7,20
28-07 18:12:48,19.924,24.905,52.799,0,0,1632764,10538676,373680,3703884,45334.117,22978.371,0,7.970,0,1.992,5113,5278,2.360,2.210,1.820,2,0,96.631,0,0,14,12,0,7,20
28-07 18:12:49,22.839,26.353,49.192,0.502,0,1674136,10496376,373692,3704744,61113.267,33558.838,44.172,518.020,2.008,77.301,4989,2887,2.330,2.210,1.820,2,0,145.568,0,0,16,12,0,7,20
28-07 18:12:50,6.250,22.501,68.504,0,0,1677256,10493112,373692,3704888,60974.996,33904.222,128.008,0,1.000,0,4265,2828,2.330,2.210,1.820,1,0,126.008,0,0,16,12,0,7,20
28-07 18:12:51,6.253,24.510,67.278,0,0,1680520,10489840,373692,3704892,45341.981,23543.856,0,12.005,0,3.001,4208,2727,2.330,2.210,1.820,1,0,122.051,0,0,16,12,0,7,20
28-07 18:12:52,7.738,24.962,65.400,0,0,1676236,10494112,373696,3704896,71169.139,468655.138,0,251.615,0,6.989,4621,2941,2.330,2.210,1.820,1,0,118.818,0,0,16,12,0,7,20
28-07 18:12:53,14.539,24.816,58.907,0,0,1669880,10500452,373696,3705372,63281.427,156953.741,0,44.117,0,3.008,5347,5630,2.330,2.210,1.820,1,0,114.304,0,0,16,12,0,7,20
28-07 18:12:54,19.979,22.477,54.444,1.249,0,1676584,10492920,373732,3706136,44390.411,23016.362,795.183,807.171,41.957,5.994,4573,5024,2.630,2.270,1.850,1,0,75.922,0,0,16,12,0,7,20
28-07 18:12:55,22.988,23.238,51.723,0,0,1713200,10456228,373732,3705732,45119.842,24173.593,0,3.998,0,0.999,4631,2864,2.630,2.270,1.850,4,0,92.952,0,0,16,12,0,7,20
28-07 18:12:56,15.237,25.229,57.702,0.500,0,1727204,10441892,373732,3706028,61008.077,34089.546,3.997,1686.592,0.999,306.744,5046,3115,2.630,2.270,1.850,1,0,140.882,0,0,18,12,0,7,20
28-07 18:12:57,7.000,23.751,67.254,0,0,1732948,10436112,373736,3706036,61100.779,33048.044,0,188.012,0,5.000,4332,2978,2.630,2.270,1.850,3,0,126.008,0,0,18,12,0,7,20
28-07 18:12:58,7.004,25.514,65.787,0,0,1733184,10435872,373736,3706040,45504.743,23353.211,0,12.007,0,3.002,4424,3020,2.630,2.270,1.850,2,0,127.072,0,0,18,12,0,7,20
28-07 18:12:59,7.242,23.723,66.674,0,0,1737548,10431504,373736,3706044,60891.831,31534.179,0,11.986,0,2.997,4413,3029,2.500,2.250,1.840,1,0,113.871,0,0,18,12,0,7,20
28-07 18:13:00,18.188,23.670,56.808,0,0,1732276,10436748,373736,3706444,44465.644,22555.730,0,338.854,0,1.993,5201,6431,2.500,2.250,1.840,4,0,69.764,0,0,18,12,0,7,20
28-07 18:13:01,20.275,24.530,54.817,0,0,1731668,10437340,373736,3706056,56031.881,570367.161,0,4.005,0,1.001,4957,5154,2.500,2.250,1.840,2,0,80.098,0,0,18,12,0,7,20
28-07 18:13:02,29.876,18.076,50.463,0,0,1806432,10362504,373740,3706124,64219.240,32523.367,0,120.509,0,2.008,4017,2556,2.500,2.250,1.840,1,0,66.280,0,0,20,12,0,7,20
28-07 18:13:03,76.589,22.098,1.758,0,0,2047356,10121116,373796,3706476,30023.783,14885.834,0,4.018,0,1.004,5113,3602,2.500,2.250,1.840,13,0,16.071,0,0,20,12,0,7,20
28-07 18:13:04,83.605,16.521,0,0,0,2252512,9915484,373808,3706896,29689.383,14808.646,128.161,0,1.001,0,5070,3728,3.340,2.430,1.900,13,0,32.040,0,0,20,12,0,7,20
28-07 18:13:05,79.279,11.754,8.503,0,0,2365376,9801880,373812,3707512,30572.011,16081.792,0,1300.468,0,45.016,5090,3721,3.340,2.430,1.900,1,0,47.017,0,0,20,12,0,7,20
28-07 18:13:06,6.692,23.052,67.915,0,0,2358520,9808716,373812,3707516,45845.433,24895.736,0,0,0,0,4405,3189,3.340,2.430,1.900,1,0,137.814,0,0,20,12,0,1,20
28-07 18:13:07,6.755,23.768,67.302,0,0,2359488,9807708,373820,3707536,60459.820,33461.913,0,468.363,0,6.005,4381,3168,3.340,2.430,1.900,1,0,133.103,0,0,20,12,0,1,20
28-07 18:13:08,7.764,23.793,66.870,0,0,2361736,9805444,373820,3707540,60991.197,32013.316,0,12.022,0,3.005,4455,3150,3.340,2.430,1.900,1,0,124.222,0,0,20,12,0,1,20
28-07 18:13:09,6.478,24.665,66.272,0,0,2354176,9813000,373820,3707544,45368.786,23064.584,0,15.945,0,3.986,4436,3224,3.230,2.420,1.900,2,0,128.557,0,0,20,12,0,1,20
28-07 18:13:10,17.540,21.549,60.387,0,0,2340236,9826916,373820,3708020,59715.441,30657.535,0,4.009,0,1.002,4819,5747,3.230,2.420,1.900,2,0,76.173,0,0,20,12,0,1,20
28-07 18:13:11,18.761,22.763,56.032,0,0,2322392,9844752,373820,3707544,55813.288,589168.832,0,0,0,0,5652,6356,3.230,2.420,1.900,2,0,68.039,0,0,20,12,0,1,20
28-07 18:13:12,24.376,26.615,47.011,0,0,2344984,9822096,373824,3707560,45381.689,24720.544,0,2431.659,0,362.162,5879,3717,3.230,2.420,1.900,3,0,120.389,0,0,20,12,0,1,20
28-07 18:13:13,22.339,9.789,67.269,0,0,2370968,9795664,373824,3707952,60059.538,31447.949,0,4.016,0,1.004,2737,2332,3.230,2.420,1.900,2,0,24.097,0,0,21,12,0,1,20
28-07 18:13:14,7.754,17.008,73.536,0,0,2378036,9788588,373824,3707960,46023.302,24501.873,0,0,0,0,3793,3006,3.050,2.400,1.900,1,0,91.044,0,0,21,12,0,2,20
28-07 18:13:15,20.744,8.498,69.731,0,0,2423940,9742684,373824,3707960,59514.360,30481.478,0,0,0,0,2450,2142,3.050,2.400,1.900,4,0,1.999,0,0,21,12,0,2,20
28-07 18:13:16,22.718,5.243,70.401,0,0,2443964,9722628,373852,3707964,29550.236,14785.104,0,171.757,0,12.982,3063,3106,3.050,2.400,1.900,1,0,0,0,0,21,12,0,2,10
28-07 18:13:17,22.936,6.482,69.057,0,0,2440876,9725544,373876,3708112,15657.198,7275.646,0,307.141,0,17.950,3422,3706,3.050,2.400,1.900,2,0,0,0,0,21,17,0,3,0
28-07 18:13:18,18.554,12.788,68.200,0,0,2437396,9728848,373932,3708248,15200.600,7317.470,0,730.142,0,36.106,3736,3439,3.050,2.400,1.900,4,0,56.165,0,0,21,14,0,7,0
28-07 18:13:19,6.508,25.530,65.326,0,0,2422928,9743308,373932,3708256,45922.287,30006.819,0,8.009,0,2.002,4752,3394,2.890,2.370,1.890,1,0,162.188,0,0,21,14,0,7,0
28-07 18:13:20,6.258,25.032,66.586,0,0,2404760,9761464,373932,3708264,60774.683,32349.882,0,532.690,0,55.071,4798,3412,2.890,2.370,1.890,2,0,148.192,0,0,21,14,0,7,0
28-07 18:13:21,8.038,23.360,67.066,0,0,2398756,9767464,373932,3708268,74130.096,493419.631,0,8.038,0,2.009,5148,3840,2.890,2.370,1.890,1,0,138.653,0,0,21,14,0,7,0
28-07 18:13:22,7.513,23.541,67.368,0,0,2386396,9779808,373932,3708280,64465.358,158178.145,0,8.014,0,2.004,4723,3512,2.890,2.370,1.890,2,0,133.234,0,0,21,14,0,7,0
28-07 18:13:23,7.166,24.215,65.232,0,0,2381668,9784524,373936,3708284,45317.503,24313.768,0,177.906,0,4.942,4591,3329,2.890,2.370,1.890,1,0,129.476,0,0,21,14,0,7,0
28-07 18:13:24,7.778,25.342,65.989,0,0,2377696,9788488,373936,3708288,61020.946,31929.612,0,12.044,0,3.011,4546,3322,2.740,2.350,1.890,1,0,128.465,0,0,21,14,0,7,0
28-07 18:13:25,7.510,23.783,66.091,0,0,2375396,9790780,373936,3708296,61013.255,31321.252,0,16.022,0,4.006,4466,3284,2.740,2.350,1.890,1,0,120.166,0,0,21,14,0,7,0
28-07 18:13:26,16.328,24.115,58.530,0,0,2380844,9785320,373936,3708776,45131.548,22646.158,0,4.019,0,1.005,5153,6004,2.740,2.350,1.890,1,0,83.398,0,0,21,14,0,7,0
28-07 18:13:27,18.143,22.865,56.667,0,0,2374960,9791148,373948,3708764,44652.306,22270.978,0,107.368,0,6.959,5167,5570,2.740,2.350,1.890,1,0,69.591,0,0,21,14,0,7,0
28-07 18:13:28,37.999,24.999,35.499,0,0,2412092,9753928,373964,3708792,60754.485,33211.172,0,55.999,0,5.000,5331,3702,2.740,2.350,1.890,3,0,89.998,0,0,21,14,0,7,0
28-07 18:13:29,42.784,18.265,37.530,0,0,2491468,9674448,373964,3708880,45299.443,23512.916,0,4.003,0,1.001,4147,2659,2.840,2.380,1.900,2,0,42.034,0,0,21,15,0,8,0
28-07 18:13:30,47.244,7.249,44.994,0,0,2548804,9617064,373964,3708896,54113.840,460479.074,0,143.981,0,23.997,3630,2179,2.840,2.380,1.900,2,0,3.000,0,0,21,15,0,8,0
28-07 18:13:31,52.174,5.242,40.691,0.250,0,2571816,9593656,373992,3709260,17775.165,128555.157,87.872,215.687,0.999,10.984,4465,3627,2.840,2.380,1.900,2,0,16.975,0,0,21,31,0,8,0
28-07 18:13:32,42.565,10.266,45.820,0,0,2613200,9550844,374016,3710432,29919.615,14680.381,0,1293.973,0,116.177,3697,2430,2.840,2.380,1.900,2,0,2.003,0,0,21,31,0,8,0
28-07 18:13:33,27.414,19.937,50.342,0,0,2629908,9531944,374048,3712428,16280.928,8632.919,0,6435.812,0,319.996,6213,7329,2.840,2.380,1.900,1,0,79.750,0,0,21,30,0,8,0
28-07 18:13:34,7.028,22.840,68.270,0.251,0,2637920,9523892,374084,3712432,60936.850,33912.036,12.048,112.444,3.012,10.040,4517,3454,2.770,2.370,1.900,1,0,133.528,0,0,21,30,0,8,0
28-07 18:13:35,10.724,27.684,59.109,0,0,2646720,9515056,374084,3712900,61032.131,31375.013,0,7.981,0,1.995,6039,6183,2.770,2.370,1.900,2,0,174.583,0,0,21,30,0,8,0
28-07 18:13:36,21.263,28.267,50.031,0,0,2661668,9500044,374084,3712912,44943.646,23216.281,0,0,0,0,4820,5058,2.770,2.370,1.900,1,0,95.058,0,0,21,30,0,8,0
28-07 18:13:37,13.515,11.513,69.076,4.004,0,2641008,9518076,374104,3715000,45111.450,23345.591,2566.814,8.009,56.061,2.002,3551,3249,2.770,2.370,1.900,1,0,43.047,0,0,21,30,0,8,0
28-07 18:13:38,17.418,24.634,53.499,1.991,0,2636732,9516344,374104,3721288,44407.424,22410.740,5804.736,43.794,58.724,1.991,5053,5663,2.770,2.370,1.900,2,0,87.589,0,0,22,30,0,8,0
28-07 18:13:39,17.817,24.091,56.464,0,0,2635832,9517268,374116,3721312,60877.604,30513.585,0,176.669,0,3.011,5297,5975,2.710,2.360,1.900,1,0,72.274,0,0,22,30,0,8,0
28-07 18:13:40,13.953,23.420,57.804,3.737,0,2689608,9461304,374128,3723032,44345.404,23270.972,2196.541,3.986,45.844,0.997,4398,3521,2.710,2.360,1.900,2,0,95.675,0,0,22,30,0,8,0
28-07 18:13:41,38.314,29.549,29.549,0,0,2714876,9435900,374184,3723080,58212.140,582490.018,0,797.331,0,80.134,6285,15538,2.710,2.360,1.900,1,0,139.232,0,0,22,46,0,9,0
28-07 18:13:42,6.485,24.194,67.095,0,0,2721668,9429100,374184,3723088,60860.950,33564.212,0,0,0,0,4598,3515,2.710,2.360,1.900,2,0,132.692,0,0,22,46,0,9,0
28-07 18:13:43,17.080,23.610,56.765,0.251,0,2705136,9445580,374188,3723096,45005.076,22914.963,4.019,16.075,1.005,4.019,5287,6403,2.710,2.360,1.900,1,0,75.352,0,0,22,46,0,8,0
28-07 18:13:44,18.193,25.568,52.857,0.738,0,2716844,9433808,374196,3723120,43841.621,22478.394,86.539,0,6.884,0,5651,6779,2.570,2.340,1.900,6,0,96.373,0,0,22,46,0,8,0
28-07 18:13:45,5.595,13.986,79.340,1.271,0,2717240,9431832,374232,3724608,61395.296,30944.824,1399.648,280.743,26.447,12.206,2619,2785,2.570,2.340,1.900,0,0,91.547,0,0,22,46,0,8,0
28-07 18:13:46,6.240,18.472,71.390,1.248,0,2716904,9430504,374232,3726256,45633.659,25358.911,1721.347,0,19.969,0,3893,3089,2.570,2.340,1.900,1,0,95.852,0,0,24,46,0,8,0
28-07 18:13:47,14.529,26.553,57.364,0,0,2695276,9451752,374236,3727092,60346.940,31857.317,0,148.295,0,5.010,5457,6038,2.570,2.340,1.900,1,0,116.231,0,0,24,46,0,8,0
28-07 18:13:48,19.476,22.971,55.431,0,0,2696004,9450908,374236,3727132,44620.093,22569.721,0,1450.183,0,5.992,5096,5994,2.570,2.340,1.900,3,0,72.909,0,0,24,46,0,8,0
28-07 18:13:49,11.767,25.787,59.335,3.004,0,2691120,9453904,374240,3728532,46343.689,23898.390,1878.703,4.006,24.035,1.001,4506,3389,2.450,2.320,1.890,2,0,98.141,0,0,24,48,0,8,0
28-07 18:13:50,7.497,24.489,65.222,0,0,2697068,9447956,374240,3728536,75231.186,593924.944,0,43.981,0,7.997,5209,3821,2.450,2.320,1.890,1,0,152.933,0,0,24,48,0,8,0
28-07 18:13:51,6.251,24.253,68.007,0,0,2709144,9435876,374240,3728540,60931.633,34747.783,0,4.000,0,1.000,4547,3558,2.450,2.320,1.890,1,0,144.016,0,0,24,48,0,8,0
28-07 18:13:52,7.005,24.767,66.044,0.250,0,2708612,9436388,374240,3728552,56079.650,27594.526,0,236.159,0,5.003,4692,3453,2.450,2.320,1.890,2,0,122.082,0,0,24,48,0,8,0
28-07 18:13:53,7.991,24.224,65.929,0,0,2704384,9440580,374240,3728556,50092.920,28059.707,0,67.927,0,7.991,4770,3538,2.450,2.320,1.890,1,0,133.855,0,0,24,48,0,8,0
28-07 18:13:54,12.748,29.495,55.491,0,0,2714544,9430416,374240,3729044,60686.075,31340.874,0,3083.496,0,527.914,6989,6406,2.330,2.300,1.890,2,0,139.977,0,0,24,48,0,8,0
28-07 18:13:55,19.731,22.729,55.947,0,0,2711736,9433152,374240,3729028,44932.827,22690.703,0,3.996,0,0.999,5132,5920,2.330,2.300,1.890,2,0,70.933,0,0,24,48,0,8,0
28-07 18:13:56,21.252,19.502,57.005,0,0,2738756,9406116,374240,3728576,45022.287,22702.161,0,12.001,0,3.000,4159,3236,2.330,2.300,1.890,2,0,34.003,0,0,24,48,0,8,0
28-07 18:13:57,24.021,31.527,43.287,0,0,2778396,9366440,374248,3728596,60867.455,33166.583,0,196.169,0,3.003,5325,3481,2.330,2.300,1.890,2,0,137.118,0,0,24,48,0,8,0
28-07 18:13:58,29.761,28.260,40.514,0,0,2814860,9329976,374248,3728596,72875.852,469576.578,0,100.035,0,5.002,5663,3676,2.330,2.300,1.890,4,0,147.052,0,0,24,48,0,8,0
28-07 18:13:59,26.907,28.153,43.350,0,0,2844564,9300132,374284,3728668,48982.001,146386.933,0,91.684,0,1.993,5120,3392,2.300,2.290,1.890,4,0,124.570,0,0,24,48,0,9,0
28-07 18:14:00,27.731,30.455,38.873,0.743,0,2870340,9272852,374316,3730064,60576.518,32960.344,11.885,99.039,1.981,3.962,6210,5625,2.300,2.290,1.890,2,0,157.473,0,0,24,52,0,11,0
28-07 18:14:01,27.059,30.599,41.474,0.253,0,2902800,9240380,374324,3730068,61848.231,32656.902,8.092,8.092,2.023,1.012,5229,3325,2.300,2.290,1.890,4,0,161.848,0,0,24,52,0,11,0
28-07 18:14:02,25.038,31.297,42.814,0,0,2964224,9178952,374324,3730076,61261.930,33255.904,0,1077.617,0,6.009,5356,3532,2.300,2.290,1.890,3,0,148.222,0,0,24,52,0,11,0
28-07 18:14:03,26.916,26.916,44.362,0,0,3009060,9134108,374324,3730084,46181.411,26846.528,0,3.988,0,0.997,5171,3406,2.300,2.290,1.890,3,0,133.585,0,0,24,52,0,11,0
28-07 18:14:04,26.802,27.554,44.587,0,0,3009788,9133144,374324,3730312,60345.712,31906.237,0,16.031,0,4.008,4903,3427,2.280,2.290,1.890,3,0,115.225,0,0,24,52,0,11,0
28-07 18:14:05,8.260,24.529,65.077,0,0,2996352,9146572,374324,3730320,61291.828,32142.192,0,24.029,0,6.007,4627,3430,2.280,2.290,1.890,1,0,121.144,0,0,24,52,0,11,0
28-07 18:14:06,16.491,30.734,50.973,0,0,3058300,9084608,374324,3730324,46443.570,23805.478,0,19.989,0,4.997,4895,3423,2.280,2.290,1.890,2,0,125.934,0,0,24,52,0,11,0
28-07 18:14:07,9.727,23.444,64.596,0,0,3026660,9116116,374324,3730848,68320.042,587548.570,0,19.952,0,4.988,4914,3825,2.280,2.290,1.890,1,0,103.753,0,0,24,52,0,11,0
28-07 18:14:08,19.833,23.097,55.231,0,0,3007376,9135344,374328,3730852,44737.061,22676.820,0,526.200,0,5.021,5241,6162,2.280,2.290,1.890,4,0,72.302,0,0,24,52,0,11,0
28-07 18:14:09,17.724,22.468,57.916,0,0,3002056,9140600,374328,3730464,44610.521,23032.709,0,7.988,0,1.997,4927,5733,2.180,2.270,1.880,2,0,75.890,0,0,24,52,0,11,0
28-07 18:14:10,43.195,30.961,24.968,0,0,3050120,9092524,374336,3730924,61422.213,33821.168,0,0,0,0,5397,3443,2.180,2.270,1.880,3,0,119.848,0,0,24,52,0,11,0
28-07 18:14:11,47.831,30.144,20.677,0,0,3136204,9006408,374336,3730952,61077.593,36377.704,0,729.427,0,85.698,5686,3372,2.180,2.270,1.880,3,0,127.550,0,0,24,52,0,11,0
28-07 18:14:12,51.946,29.719,17.232,0,0,3174984,8967276,374344,3731284,45156.766,23815.090,0,7.992,0,1.998,5377,3695,2.180,2.270,1.880,4,0,120.874,0,0,24,52,0,11,0
28-07 18:14:13,50.558,30.184,19.368,0,0,3213004,8928724,374376,3731720,61863.210,32530.353,0,225.374,0,6.037,5450,3448,2.180,2.270,1.880,5,0,118.724,0,0,24,52,0,11,0
28-07 18:14:14,45.605,31.629,19.125,1.226,0,3266484,8872344,374920,3733668,44392.728,22986.850,431.531,4652.684,16.673,193.208,5736,3628,2.400,2.310,1.900,7,0,102.979,0,0,24,52,0,11,0
28-07 18:14:15,46.068,26.936,18.629,6.797,0,3284604,8853336,375508,3733676,54427.810,220262.859,592.088,2368.353,118.820,271.877,6847,6694,2.400,2.310,1.900,8,0,75.521,0,0,24,56,0,11,0
28-07 18:14:16,56.271,25.510,16.256,0.500,0,3363204,8772756,376328,3734752,48555.384,381294.368,0,5798.195,0,618.234,8313,11206,2.400,2.310,1.900,4,0,88.033,0,0,24,56,0,10,0
28-07 18:14:17,42.787,35.280,18.016,1.001,0,3375600,8748344,377852,3744912,60725.310,33667.002,0,20465.630,0,1361.173,11009,14553,2.400,2.310,1.900,4,0,106.091,0,0,24,56,0,10,0
28-07 18:14:18,48.468,29.980,16.989,0.999,0,3403648,8714072,380028,3748776,61291.649,34317.407,3.997,11144.663,0.999,1195.213,10946,13932,2.400,2.310,1.900,3,0,108.928,0,0,24,56,0,10,0
28-07 18:14:19,48.006,29.658,18.850,1.257,0,3429564,8683592,382092,3751136,60609.904,32237.749,0,9474.476,0,1034.511,10091,12625,2.370,2.310,1.900,4,0,109.584,0,0,24,56,0,10,0
28-07 18:14:20,58.265,32.146,9.041,0.753,0,3454780,8654668,382464,3754136,45820.175,24493.280,530.410,3049.856,7.032,170.776,7375,8164,2.370,2.310,1.900,7,0,165.753,0,0,24,60,0,8,0
28-07 18:14:21,55.731,32.943,9.412,0.495,0,3492980,8615692,382520,3755244,60652.429,31379.907,0,1022.482,0,52.511,7206,8698,2.370,2.310,1.900,11,0,169.423,0,0,24,64,0,11,0
28-07 18:14:22,42.663,30.293,27.264,0,0,3530300,8577640,382572,3755988,45929.891,23620.798,0,634.142,0,34.333,7271,8079,2.370,2.310,1.900,3,0,83.812,0,0,24,66,0,13,0
28-07 18:14:23,39.467,31.224,26.478,0,0,3569424,8537128,382612,3756844,44877.903,23122.886,0,671.445,0,30.974,7719,8858,2.370,2.310,1.900,3,0,84.930,0,0,24,78,0,20,0
28-07 18:14:24,26.306,29.563,42.841,0,0,3622000,8484500,382652,3756856,71857.205,467965.223,0,565.197,0,29.062,5646,3905,2.420,2.320,1.910,3,0,129.274,0,0,24,78,0,20,0
28-07 18:14:25,29.964,25.754,41.355,0,0,3666864,8439436,382832,3756868,62890.676,149893.192,0,4191.985,0,194.147,5742,4202,2.420,2.320,1.910,3,0,122.828,0,0,24,78,0,20,0
28-07 18:14:26,26.129,29.862,41.807,0,0,3705260,8400884,382832,3757008,46082.995,24361.397,0,19.908,0,4.977,5057,3335,2.420,2.320,1.910,3,0,115.466,0,0,24,78,0,20,0
28-07 18:14:27,30.384,27.599,42.285,0,0,3723328,8382776,382832,3757044,61241.336,31832.490,0,16.205,0,4.051,5104,3500,2.420,2.320,1.910,3,0,120.524,0,0,24,80,0,20,0
28-07 18:14:28,34.162,33.414,30.172,0,0,3734640,8370176,382832,3758824,45027.493,23399.455,0,115.701,0,4.987,7449,9144,2.420,2.320,1.910,8,0,137.644,0,0,24,78,0,21,0
28-07 18:14:29,20.049,22.555,55.134,0,0,3725692,8378940,382884,3758896,52081.729,27188.156,0,753.834,0,36.088,5539,6774,2.310,2.300,1.900,3,0,77.188,0,0,24,78,0,23,0
28-07 18:14:30,19.252,24.252,54.755,0,0,3741732,8362832,382884,3758412,53006.541,27652.369,0,0,0,0,4647,3604,2.310,2.300,1.900,2,0,76.007,0,0,24,78,0,23,0
28-07 18:14:31,24.751,28.251,45.002,0,0,3794352,8310204,382892,3758416,46283.596,25762.888,0,88.003,0,7.000,5194,3530,2.310,2.300,1.900,3,0,118.004,0,0,24,78,0,23,0
28-07 18:14:32,37.328,27.125,34.590,0,0,3834528,8269968,382944,3758424,60882.687,33943.163,0,473.811,0,39.816,5574,3903,2.310,2.300,1.900,5,0,124.425,0,0,24,84,0,22,0
28-07 18:14:33,27.729,28.478,41.468,0,0,3877748,8226704,382948,3758448,71920.348,594294.395,0,43.967,0,3.997,5653,3977,2.310,2.300,1.900,6,0,140.893,0,0,24,84,0,22,0
28-07 18:14:34,29.840,26.831,42.377,0,0,3916816,8187476,382948,3758608,60349.483,31584.982,0,12.036,0,3.009,5128,3552,2.440,2.320,1.910,5,0,115.347,0,0,24,86,0,22,0
28-07 18:14:35,30.613,31.366,36.635,0,0,3948588,8154712,382980,3759544,46227.244,23926.114,4.015,9065.386,1.004,477.759,7348,6938,2.440,2.320,1.910,5,0,121.447,0,0,24,84,0,24,0
28-07 18:14:36,21.966,30.453,45.180,0,0,3982124,8120468,383032,3760188,61608.434,31195.610,0,539.164,0,28.955,5528,4662,2.440,2.320,1.910,4,0,139.783,0,0,24,88,0,26,0
28-07 18:14:37,8.246,24.240,65.222,0,0,3985516,8117028,383060,3760192,46233.000,23875.672,0,315.863,0,21.990,4792,3870,2.440,2.320,1.910,1,0,110.952,0,0,24,88,0,26,0
28-07 18:14:38,21.938,25.179,51.106,0,0,3977204,8125348,383076,3760196,59748.163,29925.936,0,191.462,0,10.969,5826,6602,2.440,2.320,1.910,4,0,84.762,0,0,24,90,0,26,0
28-07 18:14:39,20.827,26.348,51.189,0,0,3976476,8125980,383092,3760200,44961.417,22663.887,0,144.535,0,7.026,5537,6487,2.330,2.300,1.910,1,0,81.301,0,0,24,90,0,26,0
28-07 18:14:40,42.154,26.190,30.680,0,0,4021864,8080528,383120,3760676,45956.152,24097.023,0,5595.235,0,349.203,5662,3315,2.330,2.300,1.910,4,0,93.786,0,0,24,90,0,26,0
28-07 18:14:41,51.931,24.836,22.328,0,0,4099432,8002924,383140,3763536,71876.989,466349.973,0,533.857,0,60.209,5979,11588,2.330,2.300,1.910,3,0,65.227,0,0,24,91,0,26,0
28-07 18:14:42,29.459,18.973,49.680,0,0,4103004,7998444,383268,3761396,46656.418,147852.174,0,1006.585,0,61.913,5301,9822,2.330,2.300,1.910,2,0,72.898,0,0,24,94,0,28,0
28-07 18:14:43,7.237,23.207,67.375,0,0,4101956,7999484,383272,3761396,45825.696,25105.267,0,215.599,0,8.983,4664,3489,2.330,2.300,1.910,1,0,136.745,0,0,24,94,0,28,0
28-07 18:14:44,7.007,22.773,68.818,0,0,4109244,7992180,383280,3761404,60942.375,33765.451,0,148.147,0,8.008,4503,3479,2.220,2.280,1.900,1,0,127.126,0,0,24,94,0,28,0
28-07 18:14:45,9.267,24.545,63.365,0,0,4116972,7984388,383320,3761412,60992.056,33621.218,0,1025.868,0,39.071,4930,3785,2.220,2.280,1.900,2,0,130.237,0,0,24,96,0,27,0
28-07 18:14:46,12.948,29.134,55.279,0,0,4172516,7928800,383356,3761420,60454.540,33828.885,0,1310.765,0,23.905,5033,3876,2.220,2.280,1.900,4,0,130.479,0,0,24,98,0,27,0
28-07 18:14:47,18.484,25.478,54.453,0,0,4196668,7904608,383396,3761436,45631.980,25226.429,0,1826.438,0,212.818,5621,4562,2.220,2.280,1.900,1,0,126.891,0,0,24,98,0,27,0
28-07 18:14:48,7.270,23.814,66.680,0,0,4197736,7903476,383412,3761480,61994.487,33546.631,0,184.498,0,13.035,4706,3515,2.220,2.280,1.900,1,0,128.347,0,0,24,98,0,27,0
28-07 18:14:49,7.234,23.447,67.098,0,0,4205784,7895420,383412,3761488,60863.081,33176.820,0,2638.022,0,7.982,4591,3519,2.120,2.260,1.900,3,0,134.695,0,0,24,98,0,27,0
28-07 18:14:50,20.516,10.508,66.801,0,0,4246584,7854584,383436,3761492,57680.439,594447.982,0,172.133,0,13.010,3763,3136,2.120,2.260,1.900,3,0,17.013,0,0,24,98,0,27,0
28-07 18:14:51,23.810,6.015,70.178,0,0,4288876,7812260,383460,3761500,29786.366,14939.801,0,1187.003,0,25.063,2912,2902,2.120,2.260,1.900,1,0,2.005,0,0,24,99,0,27,0
28-07 18:14:52,24.940,6.734,65.342,0,0,4288476,7812600,383516,3761508,30330.522,14850.025,0,434.946,0,41.898,3951,4516,2.120,2.260,1.900,2,0,1.995,0,0,24,106,0,27,0
28-07 18:14:53,24.812,4.511,69.924,0,0,4288284,7812640,383532,3761644,15252.894,7314.171,0,204.508,0,9.022,3111,3140,2.120,2.260,1.900,1,0,0,0,0,24,104,0,27,0
28-07 18:14:54,15.217,14.968,68.352,0,0,4245800,7855104,383540,3761656,46570.106,27252.956,0,123.732,0,6.985,3439,2764,1.950,2.220,1.890,3,0,64.859,0,0,24,104,0,27,0
28-07 18:14:55,22.799,5.762,71.403,0,0,4290464,7810428,383552,3761656,29714.877,15176.625,0,296.638,0,18.039,2330,2084,1.950,2.220,1.890,3,0,0,0,0,24,104,0,27,0
28-07 18:14:56,34.509,10.427,52.633,0,0,4308708,7792036,383624,3761724,29744.605,15507.871,0,440.926,0,42.702,4564,4781,1.950,2.220,1.890,3,0,5.958,0,0,24,106,0,28,0
28-07 18:14:57,27.709,8.061,61.715,0,0,4311100,7789432,383652,3761904,30792.177,15095.825,0,209.580,0,17.129,4869,5750,1.950,2.220,1.890,1,0,4.030,0,0,24,109,0,28,1
28-07 18:14:58,23.743,4.998,70.728,0,0,4308288,7791876,383700,3762148,15091.361,7359.738,0,271.916,0,18.994,2679,2721,1.950,2.220,1.890,2,0,0,0,0,24,109,0,28,0
28-07 18:14:59,29.668,9.723,58.090,0.249,0,4308080,7791564,384140,3762216,15173.083,7341.718,0,1818.975,0,226.375,6157,8086,1.870,2.200,1.880,3,0,3.989,0,0,24,112,0,29,0
28-07 18:15:00,21.791,9.518,66.374,0,0,4309640,7789812,384252,3762292,1451.708,0,0,873.630,0,79.148,4161,5053,1.870,2.200,1.880,1,0,4.007,0,0,24,112,0,29,0
28-07 18:15:01,36.549,8.511,52.820,0.501,0,4314824,7784268,384580,3762312,16085.391,7844.432,0,6684.890,0,631.840,6059,6381,1.870,2.200,1.880,1,0,4.005,0,0,24,114,0,27,0
28-07 18:15:02,17.981,12.986,67.429,0,0,4249216,7849756,384668,3762328,16233.800,8690.792,0,687.272,0,61.934,4390,4344,1.870,2.200,1.880,1,0,64.931,0,0,24,113,0,27,0
28-07 18:15:03,15.765,13.512,68.813,0,0,4277548,7821396,384692,3762328,59928.148,31851.311,0,308.284,0,14.013,3243,2834,1.870,2.200,1.880,3,0,48.044,0,0,24,113,0,27,0
28-07 18:15:04,22.234,6.245,70.449,0,0,4324052,7774788,384792,3762332,30152.182,14581.449,0,1606.837,0,85.938,2579,2508,1.800,2.180,1.880,1,0,0,0,0,24,113,0,27,0
28-07 18:15:05,22.958,7.237,67.875,0.250,0,4321532,7777264,384824,3762340,29776.006,14954.380,0,207.617,0,19.963,3442,3724,1.800,2.180,1.880,2,0,0,0,0,24,115,0,27,0
28-07 18:15:06,27.943,12.839,58.403,0,0,4378260,7720488,384868,3762344,15200.963,7495.758,0,261.808,0,21.146,3964,4082,1.800,2.180,1.880,2,0,5.035,0,0,24,114,0,27,0
28-07 18:15:07,24.604,8.201,64.866,0,0,4391932,7706656,385012,3762356,15271.616,7414.120,0,668.046,0,76.547,4147,5109,1.800,2.180,1.880,1,0,0.994,0,0,24,116,0,27,0
28-07 18:15:08,34.214,10.239,53.693,0,0,4402716,7695568,385148,3762520,25197.447,453472.138,0,711.250,0,72.923,5043,5449,1.800,2.180,1.880,3,0,3.996,0,0,24,115,0,27,0
28-07 18:15:09,30.142,25.118,43.203,0,0,4358424,7739832,385168,3762528,16108.864,9006.415,0,289.363,0,12.057,4642,3173,1.820,2.180,1.880,2,0,99.468,0,0,24,115,0,27,0
28-07 18:15:10,42.658,11.725,45.152,0,0,4402500,7695732,385188,3762532,47132.891,155862.340,0,295.360,0,16.963,3629,2579,1.820,2.180,1.880,2,0,0,0,0,24,115,0,27,0
28-07 18:15:11,39.736,8.997,50.482,0,0,4444000,7654152,385260,3762536,30102.495,14734.858,0,1251.563,0,61.978,3845,3251,1.820,2.180,1.880,1,0,0,0,0,24,115,0,27,0
28-07 18:15:12,23.597,4.670,68.333,0,0,4441340,7656764,385292,3762552,15574.108,7374.104,0,208.441,0,19.664,3632,3993,1.820,2.180,1.880,3,0,1.966,0,0,24,115,0,27,0
28-07 18:15:13,17.843,15.294,66.785,0,0,4447776,7650316,385308,3762564,45967.393,26677.259,0,281.414,0,15.294,3502,2873,1.820,2.180,1.880,1,0,58.118,0,0,24,117,0,27,0
28-07 18:15:14,22.452,5.239,71.347,0,0,4482544,7615540,385316,3762564,29708.243,14560.751,0,119.743,0,6.985,2279,2037,1.750,2.160,1.870,1,0,0,0,0,24,117,0,27,0
28-07 18:15:15,34.394,7.975,55.579,0,0,4491652,7606388,385344,3762580,32024.480,18471.175,0,215.338,0,19.939,4515,4533,1.750,2.160,1.870,2,0,1.994,0,0,24,120,0,27,0
28-07 18:15:16,44.347,9.966,44.098,0,0,4486132,7611876,385360,3762596,15531.315,7579.800,0,1801.772,0,327.867,5720,5141,1.750,2.160,1.870,2,0,1.993,0,0,24,119,0,27,0
28-07 18:15:17,21.905,14.855,62.189,0,0,4474620,7623352,385376,3762616,31359.456,20648.819,0,201.422,0,13.092,3751,3241,1.750,2.160,1.870,1,0,52.370,0,0,24,119,0,27,0
28-07 18:15:18,23.468,5.243,70.153,0.250,0,4498960,7598976,385412,3762616,44608.523,22828.539,0,539.257,0,81.887,2595,2367,1.750,2.160,1.870,1,0,1.997,0,0,24,119,0,27,0
28-07 18:15:19,22.267,6.004,70.553,0,0,4510968,7586964,385412,3762620,15508.548,7625.678,0,8.006,0,2.001,2785,2819,1.690,2.140,1.870,2,0,1.001,0,0,24,119,0,27,0
28-07 18:15:20,22.123,7.208,67.859,0.249,0,4500488,7597356,385468,3762644,29362.950,15188.556,0,349.985,0,42.754,3910,4547,1.690,2.140,1.870,1,0,0,0,0,24,120,0,27,0
28-07 18:15:21,18.290,12.026,67.146,0,0,4459100,7638604,385576,3762672,16346.634,7961.355,0,978.132,0,68.149,4202,4587,1.690,2.140,1.870,2,0,49.107,0,0,24,119,0,27,0
28-07 18:15:22,17.316,12.548,69.263,0,0,4454484,7643204,385592,3762672,60399.268,30859.137,0,248.945,0,15.057,3164,2778,1.690,2.140,1.870,1,0,35.133,0,0,24,119,0,21,0
28-07 18:15:23,23.514,4.753,70.793,0,0,4483516,7614148,385612,3762676,30011.211,14666.900,0,244.148,0,14.009,2632,2460,1.690,2.140,1.870,1,0,0,0,0,24,120,0,21,0
28-07 18:15:24,23.185,6.731,68.558,0,0,4478112,7619496,385668,3762676,39651.046,454406.451,0,913.444,0,45.872,3692,3783,1.640,2.120,1.870,4,0,2.992,0,0,24,121,0,21,0
28-07 18:15:25,21.276,7.009,69.585,0,0,4433604,7663848,385672,3762824,16457.072,133374.672,0,60.073,0,7.009,3341,3191,1.640,2.120,1.870,3,0,27.033,0,0,24,119,0,21,0
28-07 18:15:26,17.778,11.768,68.857,0,0,4454400,7643036,385688,3762824,31023.260,19450.257,0,132.206,0,9.014,2811,2562,1.640,2.120,1.870,2,0,28.044,0,0,24,119,0,12,0
28-07 18:15:27,35.921,5.488,57.624,0,0,4489912,7607500,385704,3762832,45605.224,23461.670,0,119.738,0,11.974,3329,2732,1.640,2.120,1.870,4,0,4.989,0,0,24,122,0,12,0
28-07 18:15:28,24.290,6.761,67.111,0,0,4484148,7613252,385704,3762844,15253.133,7979.147,0,8.013,0,2.003,3275,3254,1.640,2.120,1.870,1,0,0,0,0,24,123,0,12,0
28-07 18:15:29,22.741,8.497,65.474,0,0,4479808,7617264,385972,3762892,30220.820,14652.095,0,1363.451,0,151.939,5074,6537,1.510,2.080,1.850,1,0,1.000,0,0,24,122,0,13,0
28-07 18:15:30,24.745,8.248,65.486,0.250,0,4477096,7619708,386276,3762852,15152.777,7294.448,0,1611.657,0,161.966,4726,5941,1.510,2.080,1.850,1,0,1.000,0,0,24,123,0,10,0
28-07 18:15:31,24.991,9.497,63.227,0,0,4428480,7667764,386684,3762988,15089.611,7573.295,0,5609.997,0,330.882,4952,5941,1.510,2.080,1.850,1,0,12.995,0,0,24,122,0,11,0
28-07 18:15:32,16.021,13.017,69.593,0,0,4453320,7642900,386704,3762992,868.159,0,0,1986.652,0,316.422,3512,2638,1.510,2.080,1.850,1,0,42.056,0,0,24,122,0,11,0
28-07 18:15:33,23.218,5.493,70.154,0,0,4492036,7604172,386716,3762992,44799.837,24208.949,0,219.700,0,12.982,2494,2277,1.510,2.080,1.850,1,0,0,0,0,24,123,0,11,0
28-07 18:15:34,22.503,6.251,69.509,0,0,4488168,7607976,386772,3763000,30343.730,14755.814,0,992.122,0,55.007,3567,3782,1.470,2.060,1.850,1,0,2.000,0,0,24,124,0,11,0
28-07 18:15:35,23.493,6.998,68.229,0,0,4487620,7608488,386828,3762976,30103.744,14653.494,0,343.894,0,31.990,4008,4545,1.470,2.060,1.850,2,0,0,0,0,24,123,0,11,0
28-07 18:15:36,25.500,11.000,61.001,0.250,0,4484856,7610996,386996,3763056,15438.213,7510.103,0,916.013,0,107.001,5605,7446,1.470,2.060,1.850,3,0,1.000,0,0,24,125,0,11,0
28-07 18:15:37,26.272,9.258,62.303,0.250,0,4502592,7593044,387080,3763188,15167.808,7530.359,0,544.460,0,48.041,3760,4044,1.470,2.060,1.850,3,0,3.003,0,0,24,125,0,11,0
28-07 18:15:38,24.174,11.713,61.806,0,0,4497996,7597508,387180,3763220,16314.754,8621.918,0,586.159,0,61.806,5395,6859,1.470,2.060,1.850,2,0,0,0,0,24,125,0,7,0
28-07 18:15:39,36.964,11.489,47.953,0,0,4494824,7600524,387300,3763252,15808.452,7450.672,0,719.293,0,71.929,6944,9030,1.510,2.060,1.850,4,0,7.992,0,0,24,126,0,8,0
28-07 18:15:40,24.356,17.828,56.998,0,0,4424248,7670988,387376,3763284,421.838,0,0,526.293,0,47.206,4705,4575,1.510,2.060,1.850,2,0,79.346,0,0,24,126,0,8,0
28-07 18:15:41,22.891,5.283,71.944,0,0,4470060,7625152,387396,3763284,45537.958,24601.787,0,265.639,0,12.074,2489,2241,1.510,2.060,1.850,2,0,0,0,0,24,126,0,8,0
28-07 18:15:42,30.304,12.668,54.646,0,0,4490268,7604840,387496,3763288,29845.795,14563.722,0,1621.503,0,88.428,4337,12992,1.510,2.060,1.850,3,0,35.768,0,0,24,126,0,8,0
28-07 18:15:43,23.242,7.497,66.976,0,0,4489556,7605288,387692,3763348,29880.255,14850.660,0,823.704,0,114.959,4905,6260,1.510,2.060,1.850,1,0,1.999,0,0,24,126,0,8,0
28-07 18:15:44,14.012,18.766,65.307,0,0,4449548,7645248,387736,3763352,38721.733,460198.914,0,520.453,0,31.027,4452,3552,1.550,2.060,1.850,1,0,121.106,0,0,24,126,0,8,0
28-07 18:15:45,18.726,11.236,68.663,0,0,4447156,7647616,387756,3763356,56365.863,163893.158,0,331.582,0,16.979,3122,2557,1.550,2.060,1.850,2,0,26.966,0,0,24,126,0,8,0
28-07 18:15:46,23.265,5.754,70.295,0.250,0,4492140,7602500,387880,3763356,38305.387,20320.937,0,2053.307,0,103.066,2785,2601,1.550,2.060,1.850,1,0,2.001,0,0,24,126,0,8,0
28-07 18:15:47,23.470,4.744,69.911,0,0,4487936,7606688,387892,3763360,29613.407,14801.210,0,83.893,0,6.991,2942,2878,1.550,2.060,1.850,2,0,0,0,0,24,128,0,8,0
28-07 18:15:48,24.009,9.004,65.026,0.250,0,4484372,7610152,387932,3763420,15516.088,7298.864,0,1688.663,0,283.111,4703,4643,1.550,2.060,1.850,1,0,0,0,0,24,127,0,8,0
28-07 18:15:49,23.717,8.738,64.161,0,0,4482048,7612404,387992,3763432,16522.033,8636.994,0,647.100,0,84.882,4410,4758,1.660,2.080,1.860,1,0,2.996,0,0,24,127,0,8,0
28-07 18:15:50,26.281,9.761,61.823,0,0,4479296,7614876,388212,3763480,14933.574,7304.596,0,1041.225,0,119.140,5258,6455,1.660,2.080,1.860,1,0,0,0,0,24,127,0,8,0
28-07 18:15:51,19.781,10.266,67.106,0.250,0,4475916,7617764,388692,3763480,1289.045,148.235,0,5985.494,0,304.483,4105,4704,1.660,2.080,1.860,2,0,0,0,0,24,127,0,8,0
28-07 18:15:52,32.642,18.190,47.842,0,0,4476936,7616420,388812,3763680,15807.886,7313.888,0,697.700,0,73.757,5497,6439,1.660,2.080,1.860,6,0,2.990,0,0,24,126,0,8,0
28-07 18:15:53,38.379,18.691,40.373,0,0,4420156,7673060,388924,3763704,30490.851,16322.529,0,717.737,0,69.780,6753,7249,1.660,2.080,1.860,2,0,83.736,0,0,24,126,0,8,0
28-07 18:15:54,30.575,24.310,43.106,0,0,4418636,7674508,388972,3763724,61173.378,34188.042,0,621.528,0,50.123,6305,5423,1.850,2.110,1.870,4,0,133.328,0,0,24,126,0,8,0
28-07 18:15:55,35.651,21.089,41.676,0,0,4443096,7649872,389100,3763764,45334.521,24720.434,0,1080.565,0,98.416,6325,6806,1.850,2.110,1.870,1,0,71.301,0,0,24,126,0,8,0
28-07 18:15:56,23.123,5.221,70.611,0,0,4484728,7608220,389120,3763764,43934.172,22541.922,0,409.745,0,16.907,2534,2358,1.850,2.110,1.870,5,0,0,0,0,24,126,0,8,0
28-07 18:15:57,22.817,5.767,69.453,0,0,4498940,7593972,389136,3763768,15018.802,7556.037,0,365.065,0,23.067,3011,3087,1.850,2.110,1.870,4,0,0,0,0,24,128,0,9,0
28-07 18:15:58,19.032,11.019,68.867,0,0,4466808,7626072,389156,3763776,30111.072,15494.280,0,304.516,0,14.024,3933,3978,1.850,2.110,1.870,2,0,47.080,0,0,24,126,0,8,0
28-07 18:15:59,8.485,23.707,65.133,0,0,4445980,7646868,389176,3763788,75112.163,595387.199,0,399.283,0,24.955,5081,3822,1.860,2.110,1.870,3,0,130.765,0,0,24,126,0,9,0
28-07 18:16:00,10.780,24.568,63.427,0,0,4423872,7668908,389220,3763812,62675.524,35570.047,0,1247.474,0,68.190,4958,3975,1.860,2.110,1.870,1,0,137.383,0,0,24,126,0,9,0
28-07 18:16:01,7.220,25.147,65.233,0,0,4425284,7667484,389220,3763820,60760.860,31004.869,0,15.935,0,3.984,4681,3444,1.860,2.110,1.870,2,0,119.510,0,0,24,126,0,9,0
28-07 18:16:02,7.494,24.729,65.194,0,0,4425332,7667424,389220,3763828,45447.130,23951.515,0,55.952,0,6.994,4495,3400,1.860,2.110,1.870,2,0,118.898,0,0,24,126,0,9,0
28-07 18:16:03,11.801,25.862,60.010,0,0,4423036,7669640,389228,3764288,61019.034,31857.852,0,2350.169,0,364.578,6610,6588,1.860,2.110,1.870,3,0,122.530,0,0,24,126,0,7,0
28-07 18:16:04,18.245,24.493,55.734,0,0,4425020,7667624,389232,3764288,44662.936,22785.335,0,155.954,0,8.997,5421,6423,1.790,2.090,1.870,1,0,86.975,0,0,24,126,0,7,0
28-07 18:16:05,19.689,23.676,55.327,0,0,4419532,7672988,389256,3763900,44715.576,23289.383,0,295.080,0,20.935,4413,3890,1.790,2.090,1.870,2,0,64.798,0,0,24,126,0,7,0
28-07 18:16:06,28.037,26.285,44.058,0,0,4466080,7626400,389284,3763912,60655.975,33956.772,0,392.518,0,26.034,5238,3687,1.790,2.090,1.870,2,0,124.164,0,0,24,126,0,7,0
28-07 18:16:07,35.245,33.745,30.246,0,0,4545032,7547420,389296,3763928,68794.845,465833.239,0,203.970,0,14.998,5709,3949,1.790,2.090,1.870,3,0,147.978,0,0,24,126,0,7,0
28-07 18:16:08,29.502,27.752,41.252,0,0,4555816,7536176,389308,3764332,46236.762,141280.438,0,412.025,0,17.001,5700,4664,1.790,2.090,1.870,5,0,123.007,0,0,24,128,0,7,0
28-07 18:16:09,16.548,24.571,55.912,0,0,4559676,7532172,389316,3764468,60871.363,31806.152,0,172.500,0,12.035,4959,3818,1.810,2.090,1.870,1,0,123.357,0,0,24,132,0,7,0
28-07 18:16:10,31.307,35.283,30.810,0,0,4569556,7518820,389360,3767860,60285.414,30573.551,0,345.868,0,26.835,8754,11183,1.810,2.090,1.870,4,0,132.185,0,0,24,137,0,7,0
28-07 18:16:11,16.352,26.164,55.850,0.252,0,4582236,7505948,389388,3768412,47620.113,25446.300,0,945.922,0,33.208,6283,7656,1.810,2.090,1.870,2,0,122.769,0,0,24,138,0,7,0
28-07 18:16:12,18.173,24.645,55.016,0,0,4583924,7504260,389396,3768520,44020.640,22008.329,0,95.593,0,5.975,4864,6099,1.810,2.090,1.870,5,0,101.568,0,0,24,138,0,7,0
28-07 18:16:13,17.964,20.459,60.129,0,0,4590860,7497272,389424,3768428,45333.876,23343.079,0,1213.561,0,18.962,3702,3458,1.810,2.090,1.870,4,0,42.914,0,0,26,138,0,7,0
28-07 18:16:14,46.355,30.820,21.048,0,0,4646936,7441184,389424,3768496,61124.685,34845.059,0,16.036,0,1.002,5598,3420,1.910,2.100,1.870,3,0,127.289,0,0,26,138,0,7,0
28-07 18:16:15,47.998,32.999,18.249,0.250,0,4725764,7362320,389440,3768500,60632.249,31808.557,0,143.993,0,11.999,5613,3364,1.910,2.100,1.870,3,0,142.994,0,0,26,138,0,7,0
28-07 18:16:16,55.882,27.186,16.614,0,0,4784872,7303004,389476,3768652,74658.631,588738.701,0,281.928,0,22.152,6364,4902,1.910,2.100,1.870,4,0,154.054,0,0,26,150,0,7,0
28-07 18:16:17,31.856,28.621,37.083,0,0,4797744,7287404,389520,3771272,45737.772,25291.961,0,262.815,0,20.906,6508,7849,1.910,2.100,1.870,1,0,153.309,0,0,26,154,0,7,0
28-07 18:16:18,9.668,24.542,62.966,0,0,4800712,7284396,389548,3771276,60245.598,31080.172,0,8805.256,0,438.280,5683,3563,1.910,2.100,1.870,3,0,120.973,0,0,26,154,0,7,0
28-07 18:16:19,15.887,25.470,56.487,0.252,0,4795512,7289536,389584,3771288,61755.899,31862.949,0,802.929,0,107.931,5051,3859,1.830,2.080,1.870,1,0,129.114,0,0,26,160,0,7,0
28-07 18:16:20,18.263,22.459,57.011,0,0,4805464,7279512,389612,3771300,44104.673,23142.218,0,319.857,0,29.616,4892,6218,1.830,2.080,1.870,4,0,77.990,0,0,26,160,0,7,0
28-07 18:16:21,20.968,23.747,53.557,0,0,4811848,7273016,389664,3771308,45189.115,23144.782,0,780.116,0,62.652,5621,6790,1.830,2.080,1.870,5,0,82.862,0,0,26,160,0,7,0
28-07 18:16:22,28.176,27.677,43.386,0,0,4847564,7237232,389668,3771332,62212.205,35469.614,0,147.611,0,6.982,5452,3824,1.830,2.080,1.870,2,0,116.693,0,0,26,160,0,7,0
28-07 18:16:23,30.808,28.343,38.202,0,0,4888560,7196184,389676,3771360,60691.838,33073.271,0,299.698,0,9.858,8883,3514,1.830,2.080,1.870,2,0,129.146,0,0,26,160,0,7,0
28-07 18:16:24,27.150,28.165,43.897,0,0,4924772,7159960,389684,3771364,47156.356,25581.214,0,2943.403,0,411.061,5850,3476,1.930,2.100,1.870,2,0,140.065,0,0,26,160,0,7,0
28-07 18:16:25,10.536,26.842,61.211,0,0,4926044,7158604,389684,3771416,70122.383,579376.396,0,104.359,0,3.010,5221,3774,1.930,2.100,1.870,1,0,164.566,0,0,27,160,0,7,0
28-07 18:16:26,17.256,24.009,56.271,0,0,4931260,7153344,389708,3771420,60778.763,34292.844,0,272.102,0,21.008,4876,3759,1.930,2.100,1.870,1,0,133.050,0,0,27,168,0,7,0
28-07 18:16:27,23.993,23.493,50.735,0,0,4935500,7149052,389736,3771444,52866.273,28687.466,0,259.923,0,23.993,5161,3995,1.930,2.100,1.870,1,0,135.960,0,0,27,180,0,7,0
28-07 18:16:28,8.264,24.792,65.611,0,0,4935616,7148804,389736,3771576,53494.199,27862.981,0,24.041,0,5.008,4602,3453,1.930,2.100,1.870,1,0,121.204,0,0,27,180,0,7,0
28-07 18:16:29,8.499,24.997,63.992,0,0,4932188,7152208,389752,3771584,60939.638,32266.102,0,343.958,0,15.998,4790,3759,1.850,2.080,1.870,1,0,117.986,0,0,27,180,0,8,0
28-07 18:16:30,16.226,24.713,56.665,0,0,4926176,7158204,389768,3772092,45588.640,23824.275,0,175.736,0,18.972,4946,5637,1.850,2.080,1.870,1,0,98.852,0,0,27,180,0,8,0
28-07 18:16:31,19.280,24.538,54.334,0,0,4934392,7149876,389860,3772092,60238.937,30895.666,0,3168.889,0,151.233,5403,6514,1.850,2.080,1.870,1,0,82.127,0,0,27,180,0,6,0
28-07 18:16:32,22.964,24.461,51.419,0,0,4965520,7118648,389896,3771600,45785.442,25016.356,0,195.690,0,17.972,4957,3497,1.850,2.080,1.870,4,0,85.864,0,0,27,180,0,6,0
28-07 18:16:33,28.982,29.981,39.725,0,0,5004512,7079640,389896,3771612,72273.088,586548.505,0,0,0,0,5701,3985,1.850,2.080,1.870,3,0,136.915,0,0,27,180,0,6,0
28-07 18:16:34,26.635,27.382,43.811,0,0,5041376,7042516,389900,3771844,45796.198,26284.473,0,3.983,0,0.996,5275,3745,1.950,2.100,1.880,2,0,133.424,0,0,27,181,0,6,0
28-07 18:16:35,33.935,27.399,37.705,0,0,5048824,7035028,389924,3771868,60894.211,32719.968,0,245.334,0,20.109,5820,4733,1.950,2.100,1.880,2,0,123.673,0,0,27,186,0,6,0
28-07 18:16:36,7.986,23.708,64.637,0,0,5048128,7035680,389964,3771872,59876.970,31406.909,0,291.489,0,21.961,4828,3855,1.950,2.100,1.880,5,0,120.788,0,0,27,186,0,6,0
28-07 18:16:37,43.810,38.302,17.023,0,0,5149228,6931740,390012,3775148,45692.462,23456.065,0,716.980,0,39.053,9176,13064,1.950,2.100,1.880,1,0,155.212,0,0,27,192,0,6,0
28-07 18:16:38,18.979,22.975,55.689,0,0,5135504,6945408,390024,3775156,60265.513,30638.707,0,175.809,0,8.990,5078,6240,1.950,2.100,1.880,1,0,80.912,0,0,27,192,0,6,0
28-07 18:16:39,23.196,24.692,50.631,0,0,5155132,6925680,390048,3774656,45741.743,24312.990,0,1237.099,0,16.960,4695,3463,1.950,2.090,1.880,2,0,83.803,0,0,27,192,0,5,0
28-07 18:16:40,27.805,29.809,41.082,0,0,5187448,6893284,390088,3774680,61403.097,38825.202,0,464.924,0,36.072,5366,3906,1.950,2.090,1.880,5,0,146.291,0,0,27,192,0,5,0
28-07 18:16:41,28.998,29.248,39.997,0,0,5220932,6859768,390104,3774692,57606.266,463323.927,0,203.983,0,11.999,5907,4403,1.950,2.090,1.880,2,0,150.988,0,0,27,193,0,5,0
28-07 18:16:42,39.395,36.364,23.485,0,0,5253500,6824500,390140,3779752,64043.741,151007.145,0,335.360,0,21.213,8135,12784,1.950,2.090,1.880,6,0,192.933,0,0,27,194,0,5,0
28-07 18:16:43,14.124,29.735,53.522,0,0,5268600,6809172,390188,3777476,60336.290,32398.729,0,448.000,0,40.637,5866,10709,1.950,2.090,1.880,2,0,170.478,0,0,27,198,0,4,0
28-07 18:16:44,10.500,27.999,59.498,0,0,5259452,6818304,390192,3777488,62155.751,33825.776,0,8723.684,0,583.979,6122,3779,2.110,2.130,1.890,1,0,157.994,0,0,27,198,0,4,0
28-07 18:16:45,9.733,26.203,61.889,0,0,5261736,6816000,390208,3777488,45774.720,24098.683,0,487.124,0,26.952,4954,3751,2.110,2.130,1.890,4,0,142.743,0,0,27,200,0,4,0
28-07 18:16:46,13.268,23.783,61.334,0,0,5265236,6812472,390236,3777488,60986.609,32989.226,0,264.362,0,22.030,4845,3638,2.110,2.130,1.890,1,0,134.184,0,0,27,204,0,4,0
28-07 18:16:47,6.756,24.022,66.560,0,0,5263368,6814312,390236,3777512,61031.821,34086.618,0,8.007,0,2.002,4561,3448,2.110,2.130,1.890,1,0,134.120,0,0,27,204,0,4,0
28-07 18:16:48,9.253,25.258,62.520,0,0,5254080,6823532,390256,3777556,45116.277,23695.499,0,376.119,0,25.008,4777,3857,2.110,2.130,1.890,1,0,116.037,0,0,27,204,0,4,0
28-07 18:16:49,8.966,24.907,64.259,0.249,0,5255968,6821624,390264,3777564,70935.419,469962.471,0,3423.184,0,410.463,5649,3596,2.020,2.110,1.880,2,0,112.579,0,0,27,204,0,4,0
28-07 18:16:50,13.021,26.542,57.341,0,0,5260812,6816640,390276,3778196,63508.464,147980.089,0,677.071,0,99.157,6303,6844,2.020,2.110,1.880,2,0,131.208,0,0,27,204,0,4,0
28-07 18:16:51,18.456,28.433,51.129,0,0,5253728,6823624,390292,3778184,44809.080,22656.444,0,550.698,0,37.910,5516,6888,2.020,2.110,1.880,13,0,104.752,0,0,27,204,0,4,0
28-07 18:16:52,25.137,20.455,51.260,0,0,5258524,6818856,390300,3777712,44325.872,22611.459,0,82.804,0,7.886,4347,3369,2.020,2.110,1.880,5,0,40.416,0,0,27,210,0,4,0
28-07 18:16:53,34.400,22.424,43.573,0,0,5325440,6751924,390304,3777724,61450.341,33462.401,0,216.084,0,19.366,4611,3253,2.020,2.110,1.880,3,0,82.560,0,0,27,210,0,4,0
28-07 18:16:54,43.978,9.495,45.727,0,0,5400264,6677084,390316,3777728,44611.419,23336.188,0,1319.332,0,25.987,3386,2316,2.100,2.120,1.890,2,0,0.999,0,0,27,210,0,4,0
28-07 18:16:55,44.749,14.250,40.249,0,0,5482976,6593672,390316,3778400,30920.280,16142.624,0,95.998,0,3.000,4310,4576,2.100,2.120,1.890,2,0,4.000,0,0,27,210,0,4,0
28-07 18:16:56,42.554,10.764,45.308,0,0,5531388,6544576,390324,3779052,29791.898,14838.876,0,160.204,0,4.005,4395,3893,2.100,2.120,1.890,2,0,8.010,0,0,27,215,0,4,0
28-07 18:16:57,32.679,19.458,46.400,0,0,5423528,6652224,390336,3779260,30793.349,17432.268,0,107.767,0,2.994,4624,3352,2.100,2.120,1.890,2,0,85.814,0,0,27,214,0,4,0
28-07 18:16:58,23.193,53.542,17.518,2.961,0,5439824,6634728,390784,3779872,44436.389,23143.953,994.845,852.724,79.943,19.739,6013,4568,2.100,2.120,1.890,4,0,200.351,0,0,27,214,0,4,0
28-07 18:16:59,43.522,45.773,8.754,0.500,0,5471108,6597508,390952,3785300,62076.696,34871.806,1732.885,272.139,82.042,19.010,8863,15916,2.340,2.170,1.910,3,0,131.067,0,0,27,214,0,5,0
28-07 18:17:00,41.726,34.646,23.013,0.253,0,5501748,6566504,391000,3785560,71162.437,600335.831,16.185,323.696,1.012,27.312,7198,7455,2.340,2.170,1.910,4,0,127.455,0,0,27,215,0,3,0
28-07 18:17:01,44.192,32.457,20.723,0,0,5511444,6556700,391024,3785592,45143.519,22821.930,3.995,319.579,0.999,23.968,6851,6910,2.340,2.170,1.910,3,0,125.834,0,0,27,219,0,4,0
28-07 18:17:02,46.459,31.552,20.372,0,0,5478504,6589028,391376,3785824,60714.460,31844.409,0,3132.367,0,280.244,7151,7229,2.340,2.170,1.910,4,0,112.296,0,0,27,219,0,5,0
28-07 18:17:03,29.703,29.451,39.772,0,0,5514008,6553496,391384,3785840,45453.927,23605.473,0,358.452,0,21.145,5488,4808,2.340,2.170,1.910,3,0,121.833,0,0,27,220,0,5,0
28-07 18:17:04,32.123,28.637,36.605,0,0,5542128,6525368,391396,3786324,59811.794,31178.870,0,278.899,0,12.949,6213,6966,2.310,2.170,1.910,8,0,136.461,0,0,27,220,0,5,0
28-07 18:17:05,38.467,29.402,29.647,0,0,5547572,6519756,391488,3786340,44348.550,23399.836,0,1881.709,0,66.644,6838,7269,2.310,2.170,1.910,13,0,94.085,0,0,27,220,0,5,0
28-07 18:17:06,42.233,27.150,29.412,0,0,5520492,6546800,391524,3786320,46580.620,24998.722,0,370.039,0,25.138,5181,4196,2.310,2.170,1.910,5,0,39.216,0,0,27,220,0,5,0
28-07 18:17:07,67.973,24.787,9.455,0,0,5633328,6433904,391536,3786376,46332.923,26434.778,8.177,241.227,1.022,12.266,5056,3255,2.310,2.170,1.910,6,0,108.348,0,0,27,221,0,5,0
28-07 18:17:08,67.199,16.987,14.989,0.250,0,5749588,6317268,391568,3786716,44383.613,22848.812,127.904,399.699,0.999,29.977,5308,4077,2.310,2.170,1.910,3,0,2.998,0,0,27,223,0,5,0
28-07 18:17:09,63.357,14.908,19.131,0.745,0,5796780,6269164,391652,3787488,15154.078,7573.064,596.304,1017.693,5.963,55.655,6057,5669,2.360,2.180,1.910,6,0,3.975,0,0,27,227,0,7,0
28-07 18:17:10,64.759,17.777,18.285,0,0,5769516,6294540,391720,3789000,40202.614,453498.408,0,10446.828,0,787.271,6573,5071,2.360,2.180,1.910,3,0,29.459,0,0,27,226,0,11,0
28-07 18:17:11,27.917,25.199,44.469,0,0,5808804,6255232,391728,3789012,16962.403,127596.008,0,217.403,0,8.894,5254,3875,2.360,2.180,1.910,3,0,114.631,0,0,27,226,0,11,0
28-07 18:17:12,25.953,28.698,42.923,0,0,5809528,6254476,391748,3789024,61291.462,34665.482,0,359.352,0,24.955,5997,4940,2.360,2.180,1.910,3,0,125.773,0,0,27,228,0,11,0
28-07 18:17:13,28.808,28.558,41.083,0,0,5781984,6281836,391780,3789176,60288.583,31056.631,0,541.091,0,44.089,5532,4402,2.360,2.180,1.910,3,0,126.255,0,0,27,226,0,12,0
28-07 18:17:14,25.354,30.877,42.424,0.251,0,5822100,6241696,391800,3789180,45685.230,25380.014,0,357.465,0,19.078,4946,3413,2.660,2.250,1.940,2,0,114.469,0,0,27,226,0,12,0
28-07 18:17:15,29.957,27.460,40.941,0,0,5833276,6230468,391844,3789188,60646.244,31504.412,0,5076.654,0,473.315,6064,4520,2.660,2.250,1.940,4,0,100.854,0,0,27,226,0,12,0
28-07 18:17:16,42.219,27.566,28.560,0,0,5807676,6255840,391984,3789696,44827.538,22661.122,0,2849.031,0,156.955,7850,10049,2.660,2.250,1.940,9,0,100.332,0,0,27,227,0,13,0
28-07 18:17:17,39.767,29.951,29.447,0,0,5773692,6289764,392000,3789224,46624.652,23607.304,0,338.268,0,24.162,6336,4612,2.660,2.250,1.940,5,0,101.682,0,0,27,226,0,13,0
28-07 18:17:18,47.933,30.707,19.972,0,0,5805568,6257856,392012,3789240,47425.182,27399.973,0,263.634,0,19.972,5675,3866,2.660,2.250,1.940,3,0,128.821,0,0,27,226,0,13,0
28-07 18:17:19,46.204,32.218,20.729,0,0,5872528,6190836,392036,3789260,50001.967,28809.173,0,371.628,0,27.972,5938,4513,2.680,2.260,1.940,4,0,132.867,0,0,27,226,0,13,0
28-07 18:17:20,51.051,28.608,18.003,0,0,5887600,6175308,392128,3789560,57625.530,561499.451,0,1164.052,0,66.095,7075,6419,2.680,2.260,1.940,4,0,110.486,0,0,27,232,0,17,0
28-07 18:17:21,35.363,33.327,31.801,0,0,5837332,6224480,392156,3790604,61477.879,32566.088,0,1550.863,0,160.785,6915,7722,2.680,2.260,1.940,2,0,132.291,0,0,27,234,0,17,0
28-07 18:17:22,28.460,27.212,42.440,0,0,5880364,6181424,392160,3790624,46171.122,24942.951,0,203.714,0,12.982,5137,3605,2.680,2.260,1.940,2,0,112.841,0,0,27,235,0,17,0
28-07 18:17:23,38.595,26.991,34.559,0,0,5879440,6182324,392172,3790748,59171.345,30960.448,0,504.505,0,9.081,6398,7299,2.680,2.260,1.940,3,0,81.730,0,0,27,236,0,17,0
28-07 18:17:24,37.184,28.260,32.722,0,0,5818916,6242820,392176,3791144,35919.226,19199.096,0,178.486,0,7.933,6313,6710,3.670,2.470,2.010,4,0,90.234,0,0,27,234,0,17,0
28-07 18:17:25,42.419,31.191,25.701,0,0,5891652,6170008,392188,3790660,48730.168,26828.890,0,135.741,0,7.985,5570,3732,3.670,2.470,2.010,3,0,94.819,0,0,27,234,0,17,0
28-07 18:17:26,46.951,30.718,21.228,0.250,0,5970720,6090908,392212,3790668,57808.389,32316.117,0,551.422,0,23.975,5954,4377,3.670,2.470,2.010,3,0,126.867,0,0,27,234,0,17,0
28-07 18:17:27,48.046,30.730,17.072,0,0,5987692,6073044,392252,3791464,58754.237,32300.344,0,487.773,0,29.266,7125,7837,3.670,2.470,2.010,7,0,119.992,0,0,27,238,0,18,0
28-07 18:17:28,39.311,32.888,28.520,0,0,5949656,6110336,392352,3792100,48713.110,26056.447,0,1208.629,0,90.442,6662,6492,3.670,2.470,2.010,2,0,124.357,0,0,27,244,0,19,0
28-07 18:17:29,29.648,27.904,40.859,0,0,5977380,6082596,392360,3792104,53981.249,567407.536,0,271.067,0,12.955,5339,3858,3.540,2.460,2.010,2,0,116.599,0,0,27,244,0,20,0
28-07 18:17:30,33.579,30.823,33.830,0,0,5997148,6062824,392368,3792604,60196.469,31797.256,0,368.873,0,11.026,6419,6558,3.540,2.460,2.010,3,0,141.335,0,0,27,244,0,20,0
28-07 18:17:31,38.300,28.601,31.585,0,0,5996136,6063728,392412,3792612,44708.524,22496.519,0,1500.166,0,38.797,6706,7757,3.540,2.460,2.010,2,0,89.532,0,0,27,247,0,20,0
28-07 18:17:32,40.019,24.917,34.230,0,0,5981084,6078620,392444,3792140,46732.754,24331.356,0,338.271,0,31.210,5139,4031,3.540,2.460,2.010,3,0,61.412,0,0,27,246,0,20,0
28-07 18:17:33,49.903,28.445,20.959,0,0,6072380,5987292,392452,3792160,48998.118,25141.315,0,207.598,0,8.983,5389,3449,3.540,2.460,2.010,6,0,115.776,0,0,27,246,0,19,0
28-07 18:17:34,60.610,16.347,21.628,0,0,6137132,5922304,392488,3792360,52381.111,28984.148,0,824.899,0,43.257,4980,3478,3.490,2.470,2.020,3,0,3.018,0,0,27,246,0,19,0
28-07 18:17:35,65.258,11.371,21.505,0,0,6176920,5881984,392564,3792804,33037.190,15234.700,0,518.106,0,44.494,5856,5544,3.490,2.470,2.020,5,0,0.989,0,0,27,247,0,22,0
28-07 18:17:36,52.669,18.065,29.515,0,0,6154272,5903916,392624,3793444,15765.954,9577.020,0,8870.702,0,753.134,6840,6234,3.490,2.470,2.020,2,0,6.106,0,0,27,252,1,24,0
28-07 18:17:37,45.267,8.163,44.524,0,0,6194540,5863596,392632,3793488,16015.953,7988.683,0,197.887,0,11.873,4663,4177,3.490,2.470,2.020,4,0,1.979,0,0,27,251,1,25,0
28-07 18:17:38,50.528,11.006,37.771,0,0,6233956,5824072,392724,3793508,14864.375,7440.192,0,1044.589,0,58.033,5014,4536,3.490,2.470,2.020,2,0,2.001,0,0,27,260,1,26,0
28-07 18:17:39,36.447,25.387,36.699,0.251,0,6156480,5901472,392748,3793540,47383.500,26673.390,0,450.438,0,38.207,6314,5695,3.850,2.560,2.050,5,0,99.539,0,0,27,258,1,26,0
28-07 18:17:40,24.041,28.750,43.869,0,0,6189816,5868100,392760,3793548,31811.447,18241.418,0,249.828,0,12.888,5328,3679,3.850,2.560,2.050,2,0,132.845,0,0,27,258,1,26,0
28-07 18:17:41,29.747,26.997,41.995,0,0,6192912,5864972,392776,3793564,72746.627,594373.586,0,243.972,0,13.998,5954,4587,3.850,2.560,2.050,3,0,120.986,0,0,27,259,1,26,0
28-07 18:17:42,27.726,28.725,41.714,0,0,6189264,5868588,392780,3793572,57421.309,28331.483,0,235.796,0,11.990,5485,4392,3.850,2.560,2.050,4,0,117.898,0,0,27,260,1,26,0
28-07 18:17:43,39.342,35.358,22.659,0,0,6177924,5879912,392828,3793588,50400.256,28521.268,0,430.269,0,39.840,6718,19001,3.850,2.560,2.050,3,0,146.411,0,0,27,258,1,29,0
28-07 18:17:44,10.838,29.994,57.971,0,0,6090960,5966852,392844,3793592,60860.940,32078.875,0,229.869,0,12.098,4982,3829,3.540,2.520,2.040,2,0,155.263,0,0,27,258,1,29,0
28-07 18:17:45,11.947,30.366,54.509,0,0,6096320,5961456,392856,3794084,45583.580,23442.415,0,278.768,0,15.930,6041,6872,3.540,2.520,2.040,10,0,144.362,0,0,27,258,1,28,0
28-07 18:17:46,23.293,20.037,55.854,0,0,6086416,5971132,392900,3794188,48181.730,22888.626,0,5249.777,0,578.077,6112,6470,3.540,2.520,2.040,4,0,52.097,0,0,27,260,1,28,0
28-07 18:17:47,17.751,20.001,60.753,0,0,6073516,5984076,392908,3793736,56575.591,30893.415,0,140.006,0,9.000,3921,3695,3.540,2.520,2.040,1,0,47.002,0,0,28,260,1,28,0
28-07 18:17:48,48.001,31.751,19.250,0,0,6158576,5898920,392960,3794228,46147.086,24884.586,0,460.011,0,35.001,5823,4106,3.540,2.520,2.040,3,0,119.003,0,0,28,260,1,28,0
28-07 18:17:49,45.842,16.533,36.574,0,0,6228000,5829396,393016,3794256,69192.157,464734.659,0,236.476,0,29.058,4919,4057,3.500,2.530,2.040,2,0,37.075,0,0,28,263,1,28,0
28-07 18:17:50,49.297,10.260,39.287,0,0,6298468,5758360,393064,3794720,34168.359,133973.880,0,1085.028,0,53.050,4341,3467,3.500,2.530,2.040,2,0,3.003,0,0,28,263,1,28,0
28-07 18:17:51,45.456,10.740,41.709,0,0,6301560,5753864,393176,3795924,31282.428,15708.648,0,827.192,0,66.935,5524,6628,3.500,2.530,2.040,1,0,34.966,0,0,28,264,1,29,0
28-07 18:17:52,7.504,24.263,65.786,0,0,6309648,5745552,393204,3796080,45757.153,24941.710,0,968.532,0,123.068,5051,3824,3.500,2.530,2.040,1,0,135.074,0,0,28,264,1,29,0
28-07 18:17:53,6.749,9.498,82.234,0,0,6305488,5749664,393244,3796084,65981.221,34238.369,0,339.934,0,28.994,3053,3163,3.500,2.530,2.040,0,0,44.991,0,0,28,265,1,29,0
28-07 18:17:54,3.728,1.740,92.467,0.249,0,6305452,5749664,393272,3796092,61041.940,28196.377,0,489.179,0,23.862,1824,2593,3.220,2.490,2.030,0,0,0,0,0,28,266,1,29,1
28-07 18:17:55,3.522,3.270,90.058,0,0,6298856,5754340,393272,3797964,2452471.921,90201.233,0,52.324,0,5.031,4994,3957,3.220,2.490,2.030,2,0,2.012,0,0,28,265,1,29,0
28-07 18:17:56,5.749,5.749,78.991,0,0,6299040,5745268,393272,3806636,8982082.809,197329.961,0,0,0,0,12886,10513,3.220,2.490,2.030,1,0,0,0,0,28,265,1,29,0
28-07 18:17:57,3.500,3.500,88.243,0,0,6299652,5740964,393272,3810204,3854668.326,88274.931,0,0,0,0,5685,4475,3.220,2.490,2.030,0,0,0,0,0,28,265,1,29,0
28-07 18:17:58,6.503,17.258,72.533,0.250,0,6304560,5733844,393388,3812252,1995811.645,59266.953,280.127,2269.032,4.002,119.054,6238,5326,3.220,2.490,2.030,3,1,90.041,0,0,28,264,1,29,0
28-07 18:17:59,7.743,22.231,67.443,0.749,0,6302576,5733692,393392,3814364,45638.248,27051.031,2018.286,83.929,22.980,3.997,4806,3837,3.040,2.460,2.030,2,0,134.885,0,0,28,264,1,30,0
28-07 18:18:00,17.982,12.987,66.682,0,0,6340748,5695472,393432,3814372,70610.942,477724.487,0,203.792,0,23.976,3930,3604,3.040,2.460,2.030,1,0,37.961,0,0,28,264,1,30,0
28-07 18:18:01,31.994,7.749,59.239,0,0,6385516,5650684,393440,3814384,34253.835,137858.188,0,991.821,0,10.998,3491,2921,3.040,2.460,2.030,1,0,3.999,0,0,28,269,1,28,0
28-07 18:18:02,30.979,9.665,56.505,0,0,6387208,5648768,393476,3814568,29691.959,14742.882,0,293.430,0,26.766,4784,5167,3.040,2.460,2.030,1,0,6.939,0,0,28,274,1,30,0
28-07 18:18:03,23.296,6.763,68.133,0,0,6387120,5648768,393480,3814652,15512.319,7310.288,0,112.219,0,7.014,4168,4739,3.040,2.460,2.030,2,0,0,0,0,28,274,1,30,0
28-07 18:18:04,25.431,5.036,67.481,0,0,6387324,5648544,393484,3814668,15231.657,7578.059,0,36.259,0,4.029,4670,5330,2.880,2.440,2.020,1,0,2.014,0,0,28,274,1,30,0
28-07 18:18:05,24.519,7.506,66.051,0,0,6396624,5639032,393536,3814816,14986.662,7367.733,0,584.455,0,56.044,4964,5817,2.880,2.440,2.020,1,0,1.001,0,0,28,277,1,31,0
28-07 18:18:06,26.260,5.002,66.526,0,0,6396840,5638556,393608,3814988,15041.950,7298.887,0,800.317,0,104.041,5109,6026,2.880,2.440,2.020,2,0,1.000,0,0,28,278,1,31,0
28-07 18:18:07,24.921,5.732,67.039,0.249,0,6396792,5638556,393620,3815016,863.279,147.535,0,386.781,0,27.912,4588,5325,2.880,2.440,2.020,1,0,1.994,0,0,28,278,1,31,0
28-07 18:18:08,35.022,15.260,47.780,0,0,6387960,5641484,393656,3820864,15192.509,7462.671,0,428.268,0,31.019,5650,6133,2.880,2.440,2.020,6,0,3.002,0,0,28,281,1,37,0
28-07 18:18:09,22.053,9.021,62.148,4.260,0,6389688,5628980,393712,3831104,299.714,0,0,16403.058,0,49.117,5016,6262,2.890,2.450,2.030,2,0,22.053,0,0,28,278,1,40,0
28-07 18:18:10,8.232,25.695,63.862,0,0,6321328,5697308,393724,3831124,45855.140,43230.797,0,179.613,0,9.978,4789,3589,2.890,2.450,2.030,1,0,149.677,0,0,28,278,1,40,0
28-07 18:18:11,7.766,24.802,65.136,0,0,6321324,5697288,393736,3831136,60954.277,34231.478,0,344.720,0,21.044,5251,4162,2.890,2.450,2.030,2,0,177.370,0,0,28,278,1,40,0
28-07 18:18:12,15.230,20.972,61.168,0,0,6338840,5679700,393788,3831152,46945.422,28111.527,0,7521.973,0,660.120,5777,4279,2.890,2.450,2.030,1,0,139.814,0,0,28,278,1,40,0
28-07 18:18:13,23.224,6.243,69.672,0,0,6383436,5635104,393788,3831152,44217.499,22738.544,0,3.996,0,0.999,2675,2530,2.890,2.450,2.030,2,0,1.998,0,0,28,278,1,40,0
28-07 18:18:14,17.160,12.435,68.393,0,0,6387688,5630848,393788,3831156,44909.718,24398.719,0,3.979,0,0.995,3436,2912,2.900,2.460,2.030,2,0,55.709,0,0,28,278,1,35,0
28-07 18:18:15,7.289,22.622,67.865,0,0,6381732,5636752,393800,3831164,52838.914,30274.672,0,128.691,0,9.049,4689,3704,2.900,2.460,2.030,2,0,121.654,0,0,28,278,1,35,0
28-07 18:18:16,9.736,23.466,64.406,0,0,6344572,5673852,393836,3831188,65497.490,584765.280,0,443.353,0,39.942,5536,4883,2.900,2.460,2.030,2,0,130.809,0,0,28,278,1,35,0
28-07 18:18:17,8.009,22.774,67.322,0,0,6339420,5679000,393836,3831192,61451.933,34206.701,0,140.150,0,9.010,4741,3683,2.900,2.460,2.030,1,0,120.129,0,0,28,278,1,35,0
28-07 18:18:18,8.761,25.531,62.576,0,0,6334308,5683904,393888,3831344,61014.954,37655.641,0,592.718,0,51.062,5255,4510,2.900,2.460,2.030,3,0,157.191,0,0,28,280,1,34,0
28-07 18:18:19,6.981,18.948,72.802,0,0,6337308,5680880,393912,3831344,45428.504,24682.900,0,159.566,0,18.948,4200,3556,2.750,2.430,2.030,0,0,109.702,0,0,28,280,1,34,0
28-07 18:18:20,6.527,4.770,86.856,0,0,6338000,5680124,393980,3831340,60245.587,30922.567,0,903.699,0,69.284,2436,3083,2.750,2.430,2.030,1,0,9.037,0,0,28,280,1,35,0
28-07 18:18:21,22.519,7.006,69.309,0,0,6387580,5630492,394008,3831348,44365.748,21972.695,0,264.225,0,21.018,3018,3139,2.750,2.430,2.030,3,0,0,0,0,28,280,1,35,0
28-07 18:18:22,23.192,6.484,68.827,0,0,6412252,5605796,394024,3831356,30278.758,14702.978,0,446.875,0,75.809,3528,3570,2.750,2.430,2.030,2,0,1.995,0,0,28,290,1,31,0
28-07 18:18:23,25.995,5.249,66.737,0,0,6414972,5603052,394024,3831376,16592.778,8647.321,0,95.981,0,1.000,3425,3415,2.750,2.430,2.030,1,0,1.000,0,0,28,304,1,31,0
28-07 18:18:24,9.963,20.175,67.998,0,0,6384436,5633580,394024,3831384,45741.231,25186.520,0,0,0,0,4423,3630,2.930,2.470,2.040,1,0,103.615,0,0,28,304,1,31,0
28-07 18:18:25,4.022,7.542,68.632,18.604,0,6369112,5638344,394128,3841452,68065.335,477969.772,6608.832,4.022,133.745,1.006,3105,3147,2.930,2.470,2.040,0,1,9.050,0,0,28,304,1,31,0
28-07 18:18:26,3.250,4.000,69.005,21.501,0,6356232,5627860,394176,3864592,32695.181,141129.414,21733.450,380.025,201.013,30.002,2861,3267,2.930,2.470,2.040,0,1,0,0,0,28,304,1,31,0
28-07 18:18:27,2.997,4.994,69.173,21.476,0,6351424,5611328,394192,3885800,29379.193,14723.558,19885.794,12741.771,182.796,42.952,2587,2913,2.930,2.470,2.040,0,1,0,0,0,28,304,1,31,0
28-07 18:18:28,3.752,4.003,68.294,22.014,0,6347684,5594996,394212,3905736,15044.626,7528.817,18731.985,3802.433,204.131,19.012,2919,3404,2.930,2.470,2.040,0,1,2.001,0,0,28,304,1,31,0
28-07 18:18:29,3.502,4.002,69.032,21.760,0,6345244,5572900,394252,3930072,14922.995,7431.484,23046.804,248.116,221.104,25.012,2714,3212,2.770,2.450,2.040,1,1,1.000,0,0,28,304,1,32,0
28-07 18:18:30,4.247,9.243,69.697,15.238,0,6342668,5556968,394280,3948456,15412.209,7290.423,16475.396,295.774,153.882,17.986,3185,3103,2.770,2.450,2.040,0,1,15.988,0,0,28,304,1,29,0
28-07 18:18:31,2.753,4.505,70.330,21.024,0,6340136,5537224,394280,3970636,15593.848,12436.234,21236.306,8.009,210.241,1.001,2687,2910,2.770,2.450,2.040,1,1,2.002,0,0,28,304,1,29,0
28-07 18:18:32,3.247,4.246,68.941,21.981,0,6339104,5523616,394288,3985180,44392.982,22286.914,14263.785,1890.381,138.881,371.682,2950,2820,2.770,2.450,2.040,0,1,0,0,0,28,304,1,29,0
28-07 18:18:33,4.997,10.993,68.458,12.742,0,6338708,5512036,394336,3997028,46696.072,27736.817,11460.900,475.705,105.934,27.983,3505,3343,2.770,2.450,2.040,0,1,25.984,0,0,28,304,1,29,0
28-07 18:18:34,5.253,4.753,68.286,20.761,0,6323936,5511308,394336,4012480,31301.539,16085.499,15031.942,4.002,130.069,1.001,2590,2909,2.710,2.440,2.040,0,1,2.001,0,0,28,304,1,29,0
28-07 18:18:35,6.256,11.511,67.314,12.762,0,6325888,5497368,394352,4024360,45557.558,27204.010,11759.243,320.306,110.105,32.031,3667,3722,2.710,2.440,2.040,0,1,46.044,0,0,28,306,1,29,0
28-07 18:18:36,2.995,4.492,68.880,21.463,0,6326392,5477488,394364,4043628,45140.587,22594.751,18611.670,135.764,219.619,14.974,3141,3418,2.710,2.440,2.040,2,0,0,0,0,28,306,1,29,0
28-07 18:18:37,4.752,9.754,69.027,15.006,0,6326780,5465140,394372,4055496,30377.821,14745.738,11524.484,116.045,130.051,8.003,3269,3129,2.710,2.440,2.040,1,1,18.007,0,0,28,306,1,29,0
28-07 18:18:38,4.960,5.208,65.225,22.320,0,6346216,5436916,394420,4064184,59065.803,33044.153,8380.576,309.510,93.250,26.785,2540,3068,2.710,2.440,2.040,1,1,0,0,0,28,306,1,22,0
28-07 18:18:39,7.055,9.070,62.232,20.912,0,6356704,5413744,394420,4076796,29887.502,14705.909,12569.360,12.094,133.030,2.016,2872,2963,2.570,2.420,2.030,1,1,7.055,0,0,28,306,1,22,0
28-07 18:18:40,6.000,11.500,68.001,11.500,0,6349676,5409792,394436,4087712,43371.889,589824.085,10416.213,296.006,141.003,17.000,3953,3684,2.570,2.420,2.030,0,1,29.001,0,0,28,306,1,22,0
28-07 18:18:41,3.474,7.445,69.484,17.123,0,6347160,5395900,394444,4104048,30061.783,14710.769,15572.371,47.646,185.622,5.956,3047,3036,2.570,2.420,2.030,3,0,13.897,0,0,28,306,1,22,0
28-07 18:18:42,3.782,5.548,68.840,19.416,0,6330556,5395156,394464,4121328,60912.906,34808.240,16747.494,108.933,216.858,12.104,3082,3203,2.570,2.420,2.030,0,1,2.017,0,0,28,306,1,22,0
28-07 18:18:43,4.993,11.234,66.655,15.228,0,6340400,5373736,394472,4133040,30792.158,18343.882,11060.252,287.591,128.817,10.984,3403,3224,2.570,2.420,2.030,2,1,31.955,0,0,28,306,1,22,0
28-07 18:18:44,12.250,11.500,56.749,18.250,0,6334940,5359764,394488,4152180,44390.056,22711.517,18623.604,99.998,217.995,12.000,3971,11814,2.530,2.410,2.030,2,1,22.000,0,0,28,306,1,23,0
28-07 18:18:45,7.262,10.518,65.861,14.524,0,6330532,5348688,394496,4167572,46339.871,28182.359,14644.609,80.135,181.305,6.010,3536,3409,2.530,2.410,2.030,0,1,16.027,0,0,28,306,1,23,0
28-07 18:18:46,5.501,15.003,68.762,8.501,0,6331724,5339872,394496,4175164,30707.274,19851.410,7321.257,4.001,91.016,1.000,3752,3231,2.530,2.410,2.030,1,0,50.009,0,0,28,306,1,20,0
28-07 18:18:47,5.244,9.738,67.920,15.482,0,6330892,5330552,394496,4185268,60069.051,31746.504,9428.863,1881.777,116.862,374.558,3862,3146,2.530,2.410,2.030,0,1,17.979,0,0,28,306,1,20,0
28-07 18:18:48,3.502,3.752,68.536,21.762,0,6331288,5323244,394524,4192136,30132.947,14665.762,6747.571,348.184,77.041,24.013,2438,3028,2.530,2.410,2.030,0,1,0,0,0,28,306,1,20,0
28-07 18:18:49,4.003,6.254,69.544,19.012,0,6331792,5312660,394532,4202160,30062.048,14829.396,9590.077,96.061,113.072,7.004,2712,2868,2.400,2.390,2.020,1,0,13.008,0,0,28,306,1,20,0
28-07 18:18:50,7.241,15.231,67.664,7.990,0,6332068,5308124,394544,4206384,30396.447,21009.353,3919.029,139.823,50.935,13.982,3762,3438,2.400,2.390,2.020,0,1,45.942,0,0,28,306,1,21,0
28-07 18:18:51,3.244,4.242,69.114,21.208,0,6331992,5290988,394568,4223492,37155.134,18228.252,16284.065,275.460,209.589,23.953,2931,3244,2.400,2.390,2.020,0,1,0,0,0,28,306,1,21,0
28-07 18:18:52,5.762,11.774,67.389,12.526,0,6329960,5283112,394584,4233352,48735.363,465210.028,9395.348,132.272,134.277,17.035,3765,3419,2.400,2.390,2.020,1,1,29.060,0,0,28,306,1,21,0
28-07 18:18:53,4.002,8.004,69.287,17.259,0,6331328,5267012,394700,4247900,47503.409,151901.249,13955.464,2249.203,209.112,119.064,3286,3465,2.400,2.390,2.020,1,0,10.005,0,0,28,306,1,21,0
28-07 18:18:54,4.000,6.000,69.495,18.249,0,6332132,5252900,394700,4261160,45308.559,26020.024,12959.016,0,117.991,0,2956,3075,2.290,2.360,2.020,0,1,6.000,0,0,28,306,1,21,0
28-07 18:18:55,5.254,9.506,69.547,15.010,0,6333132,5241824,394720,4271180,44836.589,26073.788,9818.699,248.169,99.068,16.011,3315,3106,2.290,2.360,2.020,2,1,18.012,0,0,28,306,1,20,0
28-07 18:18:56,9.481,12.724,60.626,14.720,0,6364460,5199992,394720,4281636,47142.601,26732.337,10378.777,7.984,108.778,1.996,3564,3237,2.290,2.360,2.020,2,1,16.965,0,0,28,306,1,20,0
28-07 18:18:57,11.519,12.270,60.098,14.273,0,6362340,5191928,394748,4291740,45519.260,27284.512,10016.341,180.294,100.163,12.020,4287,4448,2.290,2.360,2.020,3,0,22.036,0,0,28,306,1,20,0
28-07 18:18:58,4.495,9.739,67.920,14.733,0,6361832,5181848,394768,4302276,44938.014,26436.829,10088.105,339.600,108.872,54.935,3568,3651,2.290,2.360,2.020,0,1,17.979,0,0,28,306,1,20,0
28-07 18:18:59,2.737,4.230,69.423,21.648,0,6361340,5169764,394768,4314788,59197.389,29980.896,11195.310,3.981,123.419,0.995,2479,2768,2.190,2.340,2.010,0,1,0.995,0,0,28,306,1,21,0
28-07 18:19:00,4.775,9.298,69.609,15.078,0,6362504,5155668,394788,4327632,46774.342,26731.929,11945.636,381.971,153.794,18.093,3150,3112,2.190,2.340,2.010,2,0,18.093,0,0,28,306,1,21,0
28-07 18:19:01,4.748,9.996,68.724,14.495,0,6356448,5148344,394796,4340956,45197.036,27441.700,12479.316,67.974,175.934,7.997,3242,3102,2.190,2.340,2.010,1,1,17.993,0,0,28,306,1,21,0
28-07 18:19:02,4.003,4.504,69.309,20.768,0,6342356,5144324,394796,4358988,56229.977,581003.733,17623.037,16.014,225.192,1.001,3184,3101,2.190,2.340,2.010,0,1,1.001,0,0,28,306,1,21,0
28-07 18:19:03,4.745,9.990,68.431,15.235,0,6334332,5140796,394796,4370492,45360.145,25899.818,10725.158,2209.766,157.840,401.594,3737,2967,2.190,2.340,2.010,0,1,15.984,0,0,28,306,1,18,0
28-07 18:19:04,4.233,8.715,69.971,14.692,0,6334392,5131476,394796,4379704,30248.564,19860.923,8789.006,3.984,117.532,0.996,2938,2844,2.090,2.320,2.010,2,1,17.929,0,0,28,306,1,18,0
28-07 18:19:05,5.272,8.787,68.290,16.821,0,6333820,5121144,394820,4390552,60145.017,33361.454,10633.085,228.971,113.481,17.072,3294,3402,2.090,2.320,2.010,2,0,14.060,0,0,28,306,1,18,0
28-07 18:19:06,4.004,6.006,68.815,18.518,0,6332664,5105520,394852,4407220,45087.699,23770.511,16035.186,332.315,161.153,30.028,3157,3552,2.090,2.320,2.010,1,0,2.002,0,0,28,306,1,18,0
28-07 18:19:07,7.969,10.459,65.242,13.945,0,6333700,5088636,394872,4422976,47301.221,28695.689,14980.845,135.465,152.398,12.949,3759,3772,2.090,2.320,2.010,0,1,17.929,0,0,28,306,1,16,0
28-07 18:19:08,17.504,17.504,63.514,0.250,0,6355000,5067024,394912,4423244,61202.109,34787.451,144.031,364.078,3.001,36.008,4471,3993,2.090,2.320,2.010,2,0,70.015,0,0,28,306,1,16,0
28-07 18:19:09,33.236,12.994,51.978,0,0,6438364,4982356,394912,4424532,44660.976,23036.187,0,11.995,0,2.999,3875,3405,2.160,2.330,2.010,1,0,5.997,0,0,28,304,1,16,2
28-07 18:19:10,25.569,8.354,66.581,0,0,6495048,4926040,394920,4424152,30558.553,15043.837,0,413.159,0,20.253,2994,2916,2.160,2.330,2.010,3,0,2.025,0,0,28,304,1,16,2
28-07 18:19:11,25.436,6.421,65.935,0,0,6534080,4887008,394920,4424152,29471.626,14413.794,0,0,0,0,2756,2508,2.160,2.330,2.010,2,0,2.963,0,0,28,306,1,5,2
28-07 18:19:12,26.577,3.510,68.700,0,0,6539148,4881872,394972,4424168,30762.451,16646.404,0,617.796,0,48.140,3021,3119,2.160,2.330,2.010,4,0,1.003,0,0,28,306,1,5,2
28-07 18:19:13,23.590,6.776,68.261,0,0,6427756,4993228,394980,4424192,58246.314,584296.140,0,273.042,0,9.034,3321,3123,2.160,2.330,2.010,2,0,8.031,0,0,28,304,1,5,2
28-07 18:19:14,23.139,4.976,69.915,0,0,6462456,4958512,394996,4424192,44525.781,22522.149,0,171.180,0,11.943,2588,2479,2.070,2.310,2.010,3,0,0,0,0,28,304,1,5,2
28-07 18:19:15,21.208,8.483,69.364,0,0,6488052,4932904,395004,4424196,40424.559,18587.472,0,47.906,0,5.988,2687,2543,2.070,2.310,2.010,2,0,0.998,0,0,28,304,1,5,2
28-07 18:19:16,24.077,5.518,69.471,0,0,6496904,4924036,395004,4424212,19228.153,10888.630,0,4.013,0,1.003,3268,3254,2.070,2.310,2.010,2,0,4.013,0,0,28,306,1,5,2
28-07 18:19:17,27.028,3.504,68.071,0,0,6445124,4975772,395044,4424216,45036.812,24251.207,0,188.196,0,21.022,2895,2581,2.070,2.310,2.010,3,0,1.001,0,0,28,304,1,5,2
28-07 18:19:18,23.251,11.501,63.253,0,0,6421468,4999380,395068,4424236,46458.545,24128.322,0,232.013,0,22.001,3455,3518,2.070,2.310,2.010,3,0,15.001,0,0,28,304,1,5,2
28-07 18:19:19,23.742,5.998,69.475,0,0,6441228,4979620,395068,4424236,29705.428,14586.808,0,1955.304,0,385.863,3239,2539,2.070,2.300,2.010,2,0,2.999,0,0,28,304,1,5,2
28-07 18:19:20,25.991,3.249,68.727,0,0,6441576,4979116,395080,4424376,29825.119,14719.123,0,279.907,0,19.993,2687,2678,2.070,2.300,2.010,2,0,0,0,0,28,304,1,6,2
28-07 18:19:21,8.741,23.476,66.184,0,0,6401032,5019572,395128,4424416,30681.178,17112.809,511.486,599.398,3.996,29.970,4690,4176,2.070,2.300,2.010,3,0,114.885,0,0,28,304,1,6,2
28-07 18:19:22,7.745,24.236,65.461,0,0,6406156,5014460,395128,4424400,61152.620,34323.581,0,235.860,0,3.998,4804,3753,2.070,2.300,2.010,1,0,123.926,0,0,28,304,1,6,2
28-07 18:19:23,7.270,25.821,64.929,0,0,6403188,5017364,395128,4424464,46141.260,24968.865,0,0,0,0,4965,3806,2.070,2.300,2.010,2,0,157.434,0,0,28,304,1,5,2
28-07 18:19:24,9.736,22.218,65.407,0,0,6388892,5031648,395136,4424468,72775.473,619145.236,0,311.557,0,11.983,5341,4616,1.980,2.280,2,1,0,132.811,0,0,28,304,1,5,2
28-07 18:19:25,14.258,16.509,68.036,0,0,6410196,5010340,395136,4424472,60324.071,32513.285,0,4.002,0,1.001,3977,3307,1.980,2.280,2,2,0,91.048,0,0,28,304,1,5,2
28-07 18:19:26,21.999,7.000,69.496,0,0,6421300,4999228,395136,4424480,30459.373,14753.212,0,163.991,0,8.000,2771,2477,1.980,2.280,2,1,0,17.999,0,0,28,304,1,5,2
28-07 18:19:27,17.511,6.254,75.046,0,0,6438436,4982088,395136,4424480,49034.016,23852.601,0,0,0,0,2670,2636,1.980,2.280,2,0,0,17.010,0,0,28,305,1,5,2
28-07 18:19:28,21.907,4.979,71.199,0.249,0,6447696,4966436,395256,4429588,32281.589,16308.087,0,1529.537,0,65.722,3150,3361,1.980,2.280,2,2,0,2.987,0,0,28,304,1,5,2
28-07 18:19:29,25.278,7.508,65.322,0,0,6427780,4985012,395260,4430756,46992.136,24668.369,0,84.093,0,4.004,3247,3046,1.980,2.270,2,1,0,4.004,0,0,28,304,1,6,2
28-07 18:19:30,22.585,11.293,63.490,0,0,6443344,4968192,395276,4431788,44924.590,22169.691,0,550.077,0,9.034,6677,12050,1.980,2.270,2,2,0,10.038,0,0,28,304,1,6,2
28-07 18:19:31,15.160,6.213,77.041,0,0,6434892,4976520,395276,4431900,35740.114,18419.286,0,111.337,0,2.982,2374,2385,1.980,2.270,2,3,0,3.976,0,0,28,305,1,5,2
28-07 18:19:32,23.923,7.476,64.792,0,0,6436348,4974816,395280,4432104,61505.942,39455.589,0,338.914,0,5.981,5759,9524,1.980,2.270,2,2,0,4.984,0,0,28,305,1,5,2
28-07 18:19:33,19.168,12.106,68.600,0,0,6433316,4977740,395280,4432168,30224.210,14720.683,0,88.776,0,1.009,3556,4152,1.980,2.270,2,1,0,12.106,0,0,28,305,1,5,2
28-07 18:19:34,19.222,9.236,69.648,0,0,6408544,5002556,395280,4432120,30736.802,15405.346,0,1042.467,0,84.875,2722,2354,1.900,2.250,1.990,1,0,4.993,0,0,28,305,1,5,2
28-07 18:19:35,16.737,14.988,66.946,0.250,0,6366996,5050980,395416,4426156,58205.140,596028.149,0,1107.109,0,38.969,4409,3809,1.900,2.250,1.990,2,0,69.944,0,0,28,304,1,5,2
28-07 18:19:36,7.005,23.518,65.801,0,0,6367564,5050388,395424,4426172,61418.698,34072.461,0,268.208,0,21.016,5030,4254,1.900,2.250,1.990,2,0,142.110,0,0,28,304,1,5,2
28-07 18:19:37,16.130,15.878,67.038,0,0,6373120,5044828,395424,4426176,60741.873,32253.053,0,16.130,0,3.024,3738,3152,1.900,2.250,1.990,1,0,60.486,0,0,28,304,1,5,2
28-07 18:19:38,25.258,4.752,69.522,0,0,6407372,5010556,395440,4426180,30291.704,14860.761,0,232.074,0,25.008,2750,2747,1.900,2.250,1.990,1,0,0,0,0,28,304,1,5,2
28-07 18:19:39,28.497,10.160,59.225,0,0,6465600,4952092,395448,4426408,29335.882,14594.591,0,130.840,0,9.912,3221,2908,1.910,2.250,2,2,0,3.965,0,0,28,304,1,6,2
28-07 18:19:40,27.588,8.099,63.527,0,0,6385440,5032232,395452,4426424,17165.035,8822.959,0,1911.388,0,340.162,4265,3449,1.910,2.250,2,2,0,14.173,0,0,28,304,1,9,2
28-07 18:19:41,10.125,20.250,66.183,0.247,0,6395804,5021856,395456,4426432,30159.526,16757.048,0,478.095,0,97.792,4437,3514,1.910,2.250,2,1,0,107.670,0,0,28,304,1,9,2
28-07 18:19:42,20.794,7.766,70.399,0,0,6424952,4992700,395460,4426436,44850.185,22900.602,0,76.162,0,5.011,2719,2674,1.910,2.250,2,2,0,0,0,0,28,304,1,9,2
28-07 18:19:43,23.231,5.995,69.442,0,0,6446624,4970896,395460,4426568,15518.985,7613.615,0,43.963,0,3.997,2780,2583,1.910,2.250,2,3,0,1.998,0,0,28,304,1,9,2
28-07 18:19:44,29.767,21.513,47.528,0,0,6398416,5019100,395460,4426572,30206.719,15647.179,0,84.049,0,3.002,4870,12158,2.080,2.280,2.010,1,0,106.062,0,0,28,304,1,10,2
28-07 18:19:45,21.520,8.258,69.065,0,0,6404704,5012812,395460,4426572,44692.285,23175.927,0,0,0,0,2731,2596,2.080,2.280,2.010,1,0,0,0,0,28,304,1,10,2
28-07 18:19:46,24.209,5.241,69.632,0,0,6434172,4983336,395460,4426580,29784.471,14956.626,0,91.844,0,6.988,2780,2580,2.080,2.280,2.010,3,0,1.997,0,0,28,304,1,10,2
28-07 18:19:47,20.212,9.732,68.371,0,0,6402784,5014708,395460,4426596,15641.517,7819.261,0,0,0,0,3461,3035,2.080,2.280,2.010,1,0,46.912,0,0,28,304,1,10,2
28-07 18:19:48,21.313,11.283,65.944,0,0,6434116,4983320,395476,4426636,57320.056,472650.000,0,196.580,0,14.041,3646,3450,2.080,2.280,2.010,1,0,9.027,0,0,28,304,1,9,2
28-07 18:19:49,24.232,5.496,68.949,0,0,6470552,4946876,395476,4426644,34400.318,149928.068,0,99.925,0,2.998,3107,2878,1.990,2.260,2,1,0,3.997,0,0,28,304,1,9,2
28-07 18:19:50,24.180,6.481,67.304,0,0,6441560,4975800,395532,4426656,29688.556,14872.695,0,1671.134,0,290.155,3751,3168,1.990,2.260,2,1,0,8.974,0,0,28,304,1,12,2
28-07 18:19:51,24.316,11.030,63.923,0,0,6440764,4976576,395544,4426664,31719.716,17668.746,0,112.303,0,13.035,3636,3564,1.990,2.260,2,2,0,23.062,0,0,28,304,1,12,2
28-07 18:19:52,24.247,6.249,68.493,0,0,6460444,4956880,395544,4426680,44750.149,22519.559,0,4.000,0,1.000,2876,2766,1.990,2.260,2,1,0,2.000,0,0,28,304,0,11,2
28-07 18:19:53,23.529,6.007,69.084,0.250,0,6416720,5000536,395592,4426700,15408.764,7835.541,0,396.483,0,39.048,3341,3496,1.990,2.260,2,1,0,4.005,0,0,28,304,1,12,2
28-07 18:19:54,16.205,12.465,68.559,0,0,6414896,5002344,395600,4426708,44919.664,24956.366,0,191.466,0,8.975,3132,3125,1.910,2.240,1.990,1,0,42.880,0,0,28,304,1,12,2
28-07 18:19:55,23.530,6.008,69.839,0,0,6446212,4971012,395612,4426712,29694.051,14750.902,0,136.174,0,11.014,2699,2524,1.910,2.240,1.990,2,0,2.003,0,0,28,305,1,12,2
28-07 18:19:56,23.927,6.979,68.043,0,0,6412148,5005048,395644,4426720,29804.266,14691.275,0,570.264,0,25.921,3170,3026,1.910,2.240,1.990,4,0,16.948,0,0,28,304,1,14,2
28-07 18:19:57,30.447,14.974,51.909,0,0,6434188,4982760,395708,4426904,30314.984,16137.778,0,2260.048,0,143.749,5266,5901,1.910,2.240,1.990,3,0,20.963,0,0,28,304,1,15,2
28-07 18:19:58,25.169,5.537,68.710,0,0,6465116,4951816,395716,4426912,45094.969,22309.390,0,120.809,0,14.094,3163,3194,1.910,2.240,1.990,1,0,2.013,0,0,28,304,1,15,2
28-07 18:19:59,24.450,5.489,68.860,0,0,6467856,4949032,395732,4426936,15129.166,7281.161,0,179.634,0,19.959,3314,3457,1.840,2.210,1.990,1,0,0.998,0,0,28,304,1,16,2
28-07 18:20:00,10.013,21.528,65.835,0,0,6410992,5005880,395744,4426940,61204.011,33923.794,0,224.290,0,9.012,4598,3771,1.840,2.210,1.990,2,0,132.171,0,0,28,304,1,15,2
28-07 18:20:01,6.748,10.247,80.224,0,0,6407812,5008920,395800,4427024,73083.470,476182.689,0,267.914,0,17.994,3397,3265,1.840,2.210,1.990,1,0,51.983,0,0,28,306,1,15,2
28-07 18:20:02,7.747,13.244,78.216,0,0,6386284,5030332,395860,4427080,61007.138,157700.563,0,791.651,0,41.982,3587,3620,1.840,2.210,1.990,1,0,64.971,0,0,28,304,1,16,2
28-07 18:20:03,5.744,11.488,80.417,0,0,6376032,5040580,395860,4427084,56795.686,30282.908,0,0,0,0,3114,2976,1.840,2.210,1.990,1,0,58.939,0,0,28,306,1,16,2
28-07 18:20:04,6.498,15.745,75.725,0,0,6371188,5045420,395860,4427088,55729.742,29487.340,0,11.996,0,1.999,3942,3348,1.770,2.190,1.980,3,0,98.968,0,0,28,304,1,17,2
28-07 18:20:05,11.256,22.511,64.032,0,0,6371540,5044992,395880,4427136,61036.445,34050.985,0,3113.553,0,464.232,5517,4032,1.770,2.190,1.980,2,0,111.055,0,0,28,304,1,17,2
28-07 18:20:06,20.739,8.745,68.712,0,0,6391692,5019596,396176,4431472,46289.702,23011.424,0,655.642,0,23.987,3103,3060,1.770,2.190,1.980,1,0,4.997,0,0,28,304,1,17,2
28-07 18:20:07,22.805,8.020,67.915,0,0,6391624,5014672,396396,4435592,45029.567,22885.686,0,661.610,0,16.039,3165,3024,1.770,2.190,1.980,2,0,5.012,0,0,28,304,1,17,2
28-07 18:20:08,20.139,6.962,70.611,0,0,6415684,4987484,396504,4438056,44470.821,22156.843,0,489.302,0,11.934,3008,3123,1.770,2.190,1.980,3,0,16.907,0,0,28,305,1,17,2
28-07 18:20:09,21.098,7.284,70.578,0,0,6435136,4966948,396532,4439068,24597.473,10491.827,0,791.684,0,27.126,2817,2832,1.710,2.170,1.980,1,0,4.019,0,0,28,305,1,17,2
28-07 18:20:10,24.492,7.997,65.978,0.250,0,6415576,4983160,396564,4442172,31191.831,15655.896,0,3266.935,0,116.962,3278,3056,1.710,2.170,1.980,2,0,4.998,0,0,28,304,1,17,2
28-07 18:20:11,16.480,18.228,61.425,1.498,0,6377236,5018784,396644,4444680,15798.724,9500.409,1370.328,3503.725,20.974,103.873,5174,4841,1.710,2.170,1.980,1,0,95.883,0,0,28,304,1,17,2
28-07 18:20:12,10.771,25.050,62.123,0,0,6358548,5037380,396664,4444712,70354.102,476924.958,0,212.420,0,22.044,5274,4034,1.710,2.170,1.980,1,0,144.285,0,0,28,304,1,17,1
28-07 18:20:13,17.490,16.741,63.714,0,0,6388760,5007160,396664,4444720,64807.652,155817.608,0,7.996,0,1.999,4069,3499,1.710,2.170,1.980,2,0,63.964,0,0,28,304,1,17,1
28-07 18:20:14,22.879,5.222,70.628,0,0,6440420,4955500,396664,4444720,29618.893,14646.804,0,0,0,0,2468,2317,1.650,2.150,1.970,3,0,0,0,0,28,304,1,17,1
28-07 18:20:15,23.851,5.523,69.042,0,0,6440872,4955020,396676,4444732,29721.497,14720.155,0,120.509,0,8.034,3257,3255,1.650,2.150,1.970,1,0,0,0,0,28,304,1,17,1
28-07 18:20:16,19.420,12.863,67.340,0,0,6423936,4971936,396684,4444744,30641.690,18825.073,0,133.168,0,14.124,3622,3357,1.650,2.150,1.970,1,0,49.433,0,0,28,304,1,17,1
28-07 18:20:17,22.314,5.950,69.917,0,0,6423828,4972044,396684,4444744,29541.493,15004.794,0,0,0,0,2631,2547,1.650,2.150,1.970,3,0,0,0,0,28,304,1,17,1
28-07 18:20:18,24.194,5.737,68.092,0,0,6437584,4958224,396720,4444772,29705.917,14558.144,0,522.784,0,38.910,3240,3268,1.650,2.150,1.970,2,0,0,0,0,28,305,1,17,1
28-07 18:20:19,21.511,10.005,67.785,0,0,6411108,4984684,396732,4444776,14927.609,7365.755,0,172.088,0,17.009,3066,2897,1.600,2.140,1.970,5,0,18.009,0,0,28,304,1,19,1
28-07 18:20:20,26.816,8.521,63.407,0.251,0,6413576,4982188,396756,4444776,59486.339,30000.306,0,200.497,0,18.045,3158,2904,1.600,2.140,1.970,3,0,0,0,0,28,304,1,20,1
28-07 18:20:21,24.709,6.240,66.889,0,0,6413772,4981936,396796,4444792,29786.718,14795.521,0,2228.313,0,387.359,4216,3775,1.600,2.140,1.970,3,0,0,0,0,28,305,1,19,1
28-07 18:20:22,27.199,8.901,58.848,0,0,6413680,4981684,396956,4444976,15352.961,7427.736,0,1111.688,0,155.280,5985,7720,1.600,2.140,1.970,3,0,2.967,0,0,28,305,1,19,1
28-07 18:20:23,24.573,9.120,66.627,0,0,6368480,5026800,396996,4445020,46104.746,25627.259,0,437.761,0,51.680,3688,3791,1.600,2.140,1.970,1,0,5.067,0,0,28,304,1,19,1
28-07 18:20:24,26.684,6.235,65.088,0,0,6412820,4982448,396996,4445032,38074.503,19568.433,0,3.990,0,0.998,3178,3054,1.630,2.130,1.970,2,0,0,0,0,28,304,1,19,1
28-07 18:20:25,23.359,6.212,67.591,0,0,6429808,4965328,397104,4445048,22813.847,11080.898,0,3244.353,0,165.001,3507,3565,1.630,2.130,1.970,1,0,1.988,0,0,28,305,1,19,1
28-07 18:20:26,23.681,9.069,65.752,0.504,0,6430528,4964484,397196,4445068,40143.440,458195.698,0,749.723,0,100.769,5158,6240,1.630,2.130,1.970,4,0,1.008,0,0,28,305,1,19,1
28-07 18:20:27,24.504,8.251,65.510,0,0,6392084,5002828,397268,4445096,19517.085,143798.733,0,488.077,0,70.011,4499,5151,1.630,2.130,1.970,3,0,13.002,0,0,28,304,1,19,1
28-07 18:20:28,9.006,26.518,62.042,0,0,6393476,5001408,397284,4445104,61349.421,32892.208,0,208.141,0,21.014,5487,4608,1.630,2.130,1.970,3,0,176.119,0,0,28,304,1,19,1
28-07 18:20:29,7.992,26.722,62.434,0,0,6395224,4999648,397300,4445100,61256.995,31676.386,0,415.559,0,34.963,5280,4352,1.820,2.160,1.980,2,0,169.820,0,0,28,304,1,20,1
28-07 18:20:30,7.713,26.375,62.952,0,0,6386016,5008756,397400,4445100,45877.869,23564.474,0,2464.337,0,119.435,5351,4370,1.820,2.160,1.980,1,0,159.246,0,0,28,304,1,20,1
28-07 18:20:31,7.038,27.147,62.839,0,0,6381192,5013448,397532,4445100,61616.804,32014.918,0,3382.268,0,166.901,5402,4477,1.820,2.160,1.980,2,0,167.907,0,0,28,304,1,20,1
28-07 18:20:32,7.976,26.173,63.562,0,0,6381844,5012792,397532,4445104,61263.702,31781.947,0,11.965,0,2.991,5117,3841,1.820,2.160,1.980,1,0,165.510,0,0,28,304,1,20,1
28-07 18:20:33,6.779,26.361,63.769,0,0,6375832,5018800,397532,4445104,60951.171,32011.064,0,16.068,0,4.017,5028,3799,1.820,2.160,1.980,1,0,171.725,0,0,28,304,1,19,1
28-07 18:20:34,7.985,25.951,64.378,0,0,6373632,5020968,397552,4445116,45642.843,23647.362,0,151.714,0,13.974,4924,3918,1.760,2.140,1.970,1,0,163.691,0,0,28,304,1,19,1
28-07 18:20:35,11.738,27.473,57.444,0,0,6375152,5019404,397596,4445116,75342.020,578816.647,0,447.561,0,24.975,5888,4940,1.760,2.140,1.970,1,0,170.832,0,0,28,304,1,19,1
28-07 18:20:36,7.760,27.036,63.085,0,0,6373060,5021440,397664,4445100,60960.940,31754.683,0,2503.365,0,436.587,6104,4632,1.760,2.140,1.970,2,0,166.223,0,0,28,304,1,19,1
28-07 18:20:37,7.254,26.265,63.787,0,0,6370452,5024008,397664,4445140,60979.149,32392.671,0,12.007,0,3.002,5161,3961,1.760,2.140,1.970,1,0,170.098,0,0,28,304,1,19,1
28-07 18:20:38,6.981,26.178,63.076,0,0,6373388,5021044,397688,4445144,45545.188,23913.941,0,183.493,0,15.956,5238,4279,1.760,2.140,1.970,4,0,170.529,0,0,28,304,1,19,1
28-07 18:20:39,7.976,26.172,63.311,0,0,6367404,5027016,397696,4445148,60563.199,32313.534,0,99.702,0,10.967,5313,4102,1.860,2.160,1.980,1,0,166.503,0,0,28,304,1,19,1
28-07 18:20:40,12.304,32.643,53.735,0,0,6390100,5004264,397748,4445144,61448.082,33046.712,0,787.448,0,40.176,5254,3949,1.860,2.160,1.980,5,0,169.743,0,0,28,304,1,19,1
28-07 18:20:41,7.261,29.295,61.345,0,0,6367852,5026496,397748,4445152,60604.061,32354.216,0,14798.969,0,129.201,5343,3877,1.860,2.160,1.980,1,0,170.264,0,0,28,304,1,15,1
28-07 18:20:42,7.240,26.214,63.913,0,0,6364264,5030048,397772,4445156,45608.818,24352.798,0,435.406,0,11.984,5038,3990,1.860,2.160,1.980,3,0,164.775,0,0,28,304,1,15,1
28-07 18:20:43,8.265,26.548,61.861,0,0,6356992,5037296,397792,4445160,74233.211,591315.108,0,256.460,0,15.027,5678,4538,1.860,2.160,1.980,2,0,171.307,0,0,28,304,1,15,1
28-07 18:20:44,6.752,27.759,63.771,0,0,6361044,5033236,397800,4445160,61060.898,31638.310,0,84.027,0,7.002,5041,3937,1.790,2.140,1.970,2,0,172.056,0,0,28,304,1,15,1
28-07 18:20:45,19.445,31.909,46.119,0,0,6365840,5028384,397832,4445168,60350.161,32579.235,0,239.319,0,20.940,5765,13408,1.790,2.140,1.970,3,0,180.486,0,0,28,304,1,15,1
28-07 18:20:46,9.011,27.283,59.822,0,0,6361652,5032404,397852,4445312,47057.691,25203.363,0,196.236,0,18.022,5339,4387,1.790,2.140,1.970,1,0,165.199,0,0,28,304,1,15,1
28-07 18:20:47,6.935,26.006,64.397,0,0,6361856,5032200,397852,4445312,60073.216,31944.732,0,7.926,0,1.981,4951,3888,1.790,2.140,1.970,1,0,160.496,0,0,28,304,1,15,1
28-07 18:20:48,9.047,28.397,60.311,0,0,6360524,5033456,397868,4445360,61009.988,32232.413,0,333.723,0,16.083,5337,4288,1.790,2.140,1.970,2,0,164.851,0,0,28,304,1,15,1
28-07 18:20:49,6.532,26.380,64.318,0,0,6357164,5036800,397884,4445360,60816.301,31559.837,0,172.854,0,12.060,5025,3914,1.720,2.120,1.970,3,0,165.819,0,0,28,304,1,15,1
28-07 18:20:50,7.966,25.888,63.724,0.249,0,6359252,5034644,397932,4445380,48756.065,23914.538,0,577.502,0,33.854,5155,4180,1.720,2.120,1.970,5,0,151.345,0,0,28,304,1,16,1
28-07 18:20:51,19.099,13.822,65.841,0,0,6360100,5033688,398020,4445400,69881.902,592944.723,0,1624.412,0,279.447,5153,4333,1.720,2.120,1.970,2,0,92.479,0,0,28,304,1,16,1
28-07 18:20:52,9.988,18.477,68.914,0,0,6371248,5138316,398052,4341068,44865.253,23205.166,0,1857.692,0,13.983,2896,2934,1.720,2.120,1.970,2,0,2.996,0,0,28,304,1,16,1
28-07 18:20:53,20.007,9.253,70.276,0,0,6375860,5126752,398084,4347692,44742.585,22642.393,0,64.024,0,5.002,2732,2482,1.720,2.120,1.970,1,0,3.001,0,0,28,304,1,12,1
28-07 18:20:54,25.243,4.749,69.480,0.500,0,6399100,5099592,398108,4351320,44134.196,21947.633,0,1131.672,0,12.996,2900,2948,1.670,2.100,1.960,1,0,0,0,0,28,304,1,12,1
28-07 18:20:55,21.000,5.500,71.499,0,0,6406556,5091060,398108,4352196,29616.582,15276.785,0,8.000,0,2.000,2689,2458,1.670,2.100,1.960,1,0,19.000,0,0,28,305,1,12,1
28-07 18:20:56,13.485,3.496,81.161,0,0,6418420,5079020,398184,4352256,26398.974,13177.511,0,1170.713,0,38.957,2394,2807,1.670,2.100,1.960,3,0,0,0,0,28,305,1,12,1
28-07 18:20:57,17.785,3.507,77.153,0,0,6418396,5078768,398264,4352408,27081.558,17032.685,0,1226.425,0,43.085,2640,2770,1.670,2.100,1.960,0,0,0,0,0,28,305,1,9,1
28-07 18:20:58,21.983,5.995,70.445,0,0,6419692,5077044,398316,4352736,26021.670,14583.606,0,1239.032,0,51.959,3827,4358,1.670,2.100,1.960,0,0,7.994,0,0,28,305,1,11,1
28-07 18:20:59,18.239,3.748,75.703,0,0,6439416,5057148,398336,4352848,23572.480,12350.392,0,739.544,0,21.986,2461,2472,1.610,2.080,1.960,2,0,0.999,0,0,28,305,1,12,1
28-07 18:21:00,17.479,1.998,79.156,0,0,6439456,5056896,398376,4352976,24711.616,14858.333,0,811.036,0,23.971,2242,2386,1.610,2.080,1.960,2,0,1.998,0,0,28,305,1,12,1
28-07 18:21:01,18.535,2.505,77.647,0,0,6439164,5056896,398444,4353152,9047.174,5765.945,0,1162.206,0,44.084,2348,2419,1.610,2.080,1.960,1,0,2.004,0,0,28,305,1,12,1
28-07 18:21:02,18.256,2.751,78.026,0,0,6454820,5041020,398468,4353348,23832.909,12506.150,0,604.201,0,18.006,2233,2322,1.610,2.080,1.960,1,0,0,0,0,28,305,1,11,1
28-07 18:21:03,16.266,3.503,79.077,0.500,0,6446992,5040544,398520,4361564,24531.738,14065.611,0,956.926,0,29.028,2277,2413,1.610,2.080,1.960,1,0,0,0,0,28,305,1,11,1
28-07 18:21:04,22.992,4.498,70.475,0,0,6456612,5016380,398548,4375788,940.673,0,0,483.832,0,18.993,2606,2445,1.560,2.060,1.950,1,0,2.999,0,0,28,305,1,11,1
28-07 18:21:05,23.937,5.486,68.820,0.249,0,6446788,5014040,398844,4386084,239.375,0,0,1687.592,0,62.836,3021,3147,1.560,2.060,1.950,1,0,0,0,0,28,305,1,11,1
28-07 18:21:06,24.551,5.511,68.893,0,0,6450116,4995768,398912,4399508,17216.807,8012.664,0,1691.518,0,60.125,3203,3487,1.560,2.060,1.950,1,0,0,0,0,28,305,1,9,1
28-07 18:21:07,24.243,4.499,69.731,0,0,6453144,4986248,398960,4405016,239.934,147.959,0,2031.438,0,286.921,3036,2867,1.560,2.060,1.950,2,0,1.999,0,0,28,305,1,9,1
28-07 18:21:08,27.286,7.327,64.426,0,0,6464344,4957868,399316,4420540,16599.052,8807.351,0,1944.388,0,93.986,3652,3954,1.560,2.060,1.950,2,0,1.011,0,0,28,305,1,9,1
28-07 18:21:09,23.491,4.451,69.483,0.247,0,6459864,4952672,399688,4428444,575.648,0,0,1202.728,0,56.378,2811,2977,1.520,2.050,1.950,1,0,0.989,0,0,28,305,1,9,1
28-07 18:21:10,28.769,9.757,60.040,0.250,0,6496140,4902896,399772,4440280,239.161,0,0,1440.971,0,46.031,3304,3043,1.520,2.050,1.950,2,0,6.004,0,0,28,305,1,9,1
28-07 18:21:11,24.978,6.244,67.440,0,0,6504984,4873328,399916,4458912,179.840,0,0,2345.907,0,92.917,3175,3400,1.520,2.050,1.950,1,0,0,0,0,28,305,1,9,1
28-07 18:21:12,27.509,8.753,63.022,0.250,0,6483020,4907692,399984,4445392,15544.363,7620.629,0,1244.429,0,44.015,2959,2659,1.520,2.050,1.950,2,0,1.000,0,0,28,304,1,9,1
28-07 18:21:13,20.276,8.761,69.840,0,0,6483592,4907100,399984,4445408,522.673,0,0,12.015,0,3.004,2787,2572,1.520,2.050,1.950,2,0,21.027,0,0,28,304,1,9,1
28-07 18:21:14,19.915,7.717,71.196,0,0,6483816,4906876,399984,4445408,782.660,323.619,0,0,0,0,2592,2426,1.640,2.060,1.950,1,0,16.928,0,0,28,305,1,9,1
28-07 18:21:15,16.776,5.258,76.118,0,0,6454444,4930556,400012,4450516,22284.639,10372.122,0,1658.578,0,25.039,2458,2498,1.640,2.060,1.950,1,0,2.003,0,0,28,304,1,9,1
28-07 18:21:16,23.047,7.014,68.640,0,0,6453512,4929980,400012,4451816,44579.960,21998.886,0,6316.889,0,186.380,3222,3030,1.640,2.060,1.950,1,0,8.016,0,0,28,304,1,9,1
28-07 18:21:17,21.751,11.501,63.754,0,0,6459476,4923040,400012,4452704,29875.766,14902.881,0,900.053,0,199.012,6779,11416,1.640,2.060,1.950,1,0,8.000,0,0,28,304,1,9,1
28-07 18:21:18,21.988,8.745,68.713,0,0,6437240,4945148,400040,4452824,14907.025,7292.099,0,2542.640,0,41.978,2949,2912,1.640,2.060,1.950,1,0,0.999,0,0,28,304,1,9,1
28-07 18:21:19,23.003,12.252,61.008,0,0,6446732,4935616,400040,4452864,16128.027,8716.096,0,8.001,0,1.000,7094,12221,1.580,2.040,1.950,1,0,15.002,0,0,28,304,1,9,1
28-07 18:21:20,19.492,10.995,67.972,0,0,6424824,4957468,400068,4452856,27413.581,568996.979,0,699.709,0,25.989,3262,3160,1.580,2.040,1.950,1,0,6.997,0,0,28,304,1,10,1
28-07 18:21:21,20.733,8.743,68.692,0,0,6402156,4988152,400096,4445536,15089.349,7355.833,0,595.501,0,24.979,3048,3160,1.580,2.040,1.950,2,0,9.992,0,0,28,304,1,10,1
28-07 18:21:22,21.955,7.485,69.109,0,0,6412964,4977344,400096,4445536,30584.744,16680.047,0,3.992,0,0.998,3460,3484,1.580,2.040,1.950,1,0,42.913,0,0,28,304,1,7,1
28-07 18:21:23,23.005,11.003,62.515,0,0,6412232,4978052,400096,4445552,60232.230,31671.482,0,0,0,0,7143,12711,1.580,2.040,1.950,2,0,7.002,0,0,28,304,1,7,1
28-07 18:21:24,21.789,7.263,69.624,0,0,6436280,4953996,400096,4445560,44351.826,24006.667,0,20.036,0,1.002,2932,2823,1.540,2.030,1.940,1,0,18.032,0,0,28,304,1,7,1
28-07 18:21:25,21.285,8.013,69.614,0,0,6453364,4936888,400116,4445560,29922.999,15242.960,0,584.958,0,19.031,2708,2480,1.540,2.030,1.940,1,0,19.031,0,0,28,304,2,7,1
28-07 18:21:26,17.604,3.269,79.218,0,0,6459252,4928824,400128,4447724,21586.571,10563.427,0,193.141,0,6.036,2176,2266,1.540,2.030,1.940,1,0,1.006,0,0,28,305,1,7,1
28-07 18:21:27,21.360,8.196,68.054,0,0,6432912,4950540,400140,4451768,15540.204,7729.369,0,12112.656,0,62.590,2861,2679,1.540,2.030,1.940,2,0,1.987,0,0,28,304,1,7,1
28-07 18:21:28,25.257,10.503,60.517,0,0,6433188,4949784,400176,4452168,15222.280,7364.071,0,892.251,0,51.014,7553,13449,1.540,2.030,1.940,5,0,8.002,0,0,28,304,1,7,1
28-07 18:21:29,19.493,11.496,67.725,0.250,0,6447852,4934020,400276,4453032,14910.420,7293.271,0,2583.033,0,124.953,3284,3219,1.490,2.010,1.940,1,0,8.997,0,0,28,304,1,8,1
28-07 18:21:30,24.236,10.993,61.213,0,0,6451340,4930444,400284,4453072,17070.795,8871.697,0,227.864,0,6.996,7414,13095,1.490,2.010,1.940,1,0,10.993,0,0,28,304,1,7,1
28-07 18:21:31,17.281,11.521,69.876,0,0,6451152,4930564,400284,4453136,120.217,0,0,92.166,0,2.004,2641,2394,1.490,2.010,1.940,1,0,10.018,0,0,28,304,1,7,1
28-07 18:21:32,19.183,9.218,70.005,0,0,6415252,4974556,400304,4445640,14906.733,7549.529,0,338.812,0,10.962,2633,2540,1.490,2.010,1.940,1,0,0.997,0,0,28,304,1,7,1
28-07 18:21:33,21.830,7.527,69.504,0,0,6419772,4970024,400312,4445644,508.857,0,0,1569.728,0,257.941,3282,2595,1.490,2.010,1.940,1,0,22.081,0,0,28,304,1,7,1
28-07 18:21:34,20.742,9.246,68.223,0,0,6401636,4988152,400312,4445652,61192.063,41787.653,0,3.998,0,1.000,3245,2734,1.450,1.990,1.930,1,0,41.984,0,0,28,304,1,7,1
28-07 18:21:35,20.705,9.479,68.352,0,0,6420544,4969112,400320,4445776,44399.796,22241.807,0,319.308,0,16.963,3742,3684,1.450,1.990,1.930,1,0,54.881,0,0,28,304,1,7,1
28-07 18:21:36,24.783,10.013,61.583,0,0,6433412,4956216,400340,4445784,45421.936,23092.981,0,292.392,0,21.028,6870,12769,1.450,1.990,1.930,1,0,6.008,0,0,28,304,1,7,1
28-07 18:21:37,22.958,13.476,62.138,0,0,6410980,4978632,400340,4445800,59367.580,583158.829,0,31522.962,0,118.785,4108,3368,1.450,1.990,1.930,1,0,21.960,0,0,28,304,1,7,1
28-07 18:21:38,18.777,6.509,72.854,0,0,6427092,4962488,400372,4445800,33839.200,15916.671,0,789.124,0,19.027,2878,2972,1.450,1.990,1.930,0,0,17.024,0,0,28,305,1,7,1
28-07 18:21:39,20.217,4.992,73.878,0,0,6419720,4964576,400388,4450744,32606.359,16457.925,0,966.410,0,17.970,2593,2570,1.420,1.980,1.930,3,0,1.997,0,0,28,304,1,7,1
28-07 18:21:40,28.035,12.766,56.571,0,0,6455752,4926820,400436,4452208,14999.852,7467.385,0,809.017,0,30.038,4565,5388,1.420,1.980,1.930,2,0,15.019,0,0,28,304,1,7,1
28-07 18:21:41,22.539,12.021,62.608,0,0,6469068,4912512,400436,4453100,17103.395,8663.891,0,0,0,0,5645,9915,1.420,1.980,1.930,2,0,8.014,0,0,28,304,1,7,1
28-07 18:21:42,22.154,11.201,63.474,0,0,6451868,4929560,400436,4453216,15655.988,7411.802,0,2951.180,0,13.939,6742,12113,1.420,1.980,1.930,3,0,5.974,0,0,28,304,1,7,1
28-07 18:21:43,17.818,18.822,62.740,0,0,6435316,4946008,400436,4453308,16103.561,7486.620,0,58242.653,0,164.629,3606,2829,1.420,1.980,1.930,4,0,15.058,0,0,28,304,1,7,1
28-07 18:21:44,17.757,11.254,69.777,0,0,6400720,4988736,400460,4445816,359.139,0,0,2492.966,0,225.087,2842,2376,1.380,1.960,1.920,3,0,2.001,0,0,28,304,1,7,1
28-07 18:21:45,32.599,14.931,49.520,1.244,0,6434548,4954472,400460,4449768,15471.172,7423.535,246.854,3.982,3.982,0.995,4383,14390,1.380,1.960,1.920,5,0,40.811,0,0,29,305,1,7,1
28-07 18:21:46,20.839,8.285,68.793,1.255,0,6442676,4943636,400488,4448768,884.763,0,393.674,1739.398,10.043,13.056,2749,3620,1.380,1.960,1.920,1,0,0,0,0,28,304,1,8,1
28-07 18:21:47,23.993,6.248,66.480,0,0,6441480,4944384,400600,4448984,44662.588,24764.563,0,931.720,0,59.982,4923,5782,1.380,1.960,1.920,1,0,1.999,0,0,28,306,1,9,1
28-07 18:21:48,24.737,7.996,64.216,0,0,6437532,4948160,400700,4449096,30109.124,14812.190,0,3722.037,0,164.913,5349,6037,1.380,1.960,1.920,1,0,0,0,0,28,307,1,13,1
28-07 18:21:49,26.452,8.984,61.390,0.499,0,6437268,4947908,401000,4449312,30341.404,14763.435,0,1525.255,0,206.628,6107,7903,1.430,1.960,1.920,2,0,0.998,0,0,28,307,1,13,1
28-07 18:21:50,16.129,16.377,64.764,0.248,0,6379044,5005916,401096,4449448,30418.642,15856.959,127.046,837.711,0.993,64.516,4723,4565,1.430,1.960,1.920,1,0,86.352,0,0,28,306,1,14,1
28-07 18:21:51,8.595,26.543,63.451,0,0,6379056,5005804,401144,4449500,62088.249,49848.971,0,392.336,0,34.380,5287,4353,1.430,1.960,1.920,3,0,160.777,0,0,28,306,1,13,1
28-07 18:21:52,10.733,23.962,62.402,0,0,6377840,5006952,401192,4449520,62514.759,33973.611,0,662.958,0,31.950,5033,4012,1.430,1.960,1.920,1,0,123.805,0,0,28,306,1,13,1
28-07 18:21:53,14.233,16.480,66.918,0,0,6375584,5009192,401212,4449516,56406.846,253073.733,0,379.535,0,14.982,4152,3432,1.430,1.960,1.920,5,0,73.909,0,0,28,306,1,15,1
28-07 18:21:54,11.777,9.021,77.929,0.752,0,6352520,5034100,401228,4447688,129586.465,375257.401,0,264.607,0,11.025,3045,2902,1.320,1.930,1.910,1,0,19.044,0,0,28,306,1,15,1
28-07 18:21:55,7.492,8.241,81.412,0.250,0,6353140,5033356,401376,4447696,64975.714,31956.432,0,3919.760,0,149.838,3010,3336,1.320,1.930,1.910,0,0,7.991,0,0,28,307,1,15,1
28-07 18:21:56,6.257,2.503,90.846,0,0,6353128,5033356,401388,4447700,67746.946,18083.204,0,128.136,0,10.011,2257,2931,1.320,1.930,1.910,1,0,3.003,0,0,28,307,1,15,1
28-07 18:21:57,7.254,11.256,79.541,0,0,6338700,5047620,401412,4447808,120445.425,38108.751,0,748.388,0,16.008,3487,3484,1.320,1.930,1.910,1,0,35.018,0,0,28,306,1,16,1
28-07 18:21:58,6.998,16.746,73.981,0,0,6334772,5051524,401452,4447792,127511.415,46036.236,0,299.923,0,23.994,4531,4007,1.320,1.930,1.910,2,0,120.969,0,0,28,306,1,16,1
28-07 18:21:59,10.988,22.975,61.932,1.748,0,6345912,5039988,401460,4448180,53854.591,428479.326,43.952,2944.752,5.993,548.395,5988,3976,1.290,1.910,1.910,3,0,198.781,0,0,28,306,1,15,1
28-07 18:22:00,17.271,10.262,60.072,10.262,0,6356516,5027204,401784,4449756,29752.694,14807.765,1778.133,857.028,141.169,64.077,4169,4749,1.290,1.910,1.910,2,0,9.011,0,0,28,306,1,17,1
28-07 18:22:01,10.226,6.734,69.334,10.974,0,6360104,5019280,402236,4452652,15119.815,7440.194,3320.054,71.828,591.584,9.976,3120,3574,1.290,1.910,1.910,1,1,1.995,0,0,28,306,1,17,1
28-07 18:22:02,12.526,5.511,70.143,10.772,0,6367272,5005584,402648,4457272,26789.571,11270.959,5034.255,144.294,257.525,12.024,2679,2905,1.290,1.910,1.910,2,0,0,0,0,28,306,1,17,1
28-07 18:22:03,23.734,8.245,65.207,0.999,0,6335140,5035248,402716,4458072,6036.044,4973.740,671.560,363.762,53.965,20.986,3879,3987,1.290,1.910,1.910,1,0,0.999,0,0,28,306,1,16,1
28-07 18:22:04,19.991,8.496,69.968,0,0,6367648,5002740,402716,4458072,44780.289,22909.404,0,3.998,0,1.000,2696,2626,1.350,1.910,1.910,1,0,1.999,0,0,28,306,1,16,1
28-07 18:22:05,40.088,10.707,47.558,0,0,6239956,5130280,402748,4458208,29694.193,14533.362,0,414.328,0,37.847,4595,4296,1.350,1.910,1.910,4,0,4.980,0,0,28,298,0,21,1
28-07 18:22:06,59.775,13.229,24.008,0,0,6046780,5323408,402760,4458224,58218.177,29926.834,0,270.459,0,23.518,4840,3372,1.350,1.910,1.910,4,0,4.900,0,0,28,284,0,23,1
28-07 18:22:07,83.869,18.666,0.511,0,0,6062632,5307544,402760,4458240,31360.784,15548.452,0,139.099,0,9.205,5337,3154,1.350,1.910,1.910,4,0,5.114,0,0,28,280,0,23,1
28-07 18:22:08,87.330,12.332,0.503,0,0,6136736,5233392,402804,4458244,15262.279,7735.331,0,322.138,0,27.180,5546,3786,1.350,1.910,1.910,7,0,1.007,0,0,28,274,0,25,1
28-07 18:22:09,81.623,17.223,0.499,0,0,6226340,5143016,402904,4458896,44486.527,22926.197,0,1936.975,0,92.855,6674,7196,1.880,2.020,1.940,4,0,8.986,0,0,28,278,1,29,1
28-07 18:22:10,82.128,15.690,0.490,0,0,6310412,5058092,402940,4459712,29294.584,15058.669,0,541.312,0,35.303,6971,6659,1.880,2.020,1.940,4,0,3.923,0,0,28,284,1,32,1
28-07 18:22:11,46.217,11.811,41.852,0,0,6365440,5000760,403016,4461936,30330.914,15469.465,0,2115.728,0,104.759,6750,9525,1.880,2.020,1.940,1,0,4.108,0,0,28,284,1,37,1
28-07 18:22:12,14.688,6.722,77.424,0.249,0,6397496,4969400,403016,4461240,15372.219,7486.451,0,71.698,0,5.975,3402,4415,1.880,2.020,1.940,0,0,0.996,0,0,28,292,1,37,1
28-07 18:22:13,3.484,2.239,93.062,0,0,6397472,4969400,403036,4461244,14846.115,7335.470,0,111.475,0,8.958,1761,2509,1.880,2.020,1.940,0,0,1.991,0,0,28,292,1,37,1
28-07 18:22:14,4.752,2.251,91.546,0,0,6397464,4969400,403036,4461252,16493.235,8793.391,0,0,0,0,1885,2536,1.970,2.030,1.950,0,0,0,0,0,28,292,1,37,1
28-07 18:22:15,2.499,4.998,90.716,0,0,6395032,4971792,403068,4461260,15639.213,7359.277,0,9048.652,0,708.738,2607,2771,1.970,2.030,1.950,1,0,0,0,0,28,292,1,37,1
28-07 18:22:16,2.748,1.998,93.173,0,0,6388128,4978652,403112,4461260,418.656,73.939,0,151.875,0,18.984,1778,2671,1.970,2.030,1.950,0,0,1.998,0,0,28,292,1,37,1
28-07 18:22:17,2.003,1.753,95.162,0,0,6385468,4981312,403112,4461260,14881.363,7847.375,0,0,0,0,1484,2269,1.970,2.030,1.950,1,0,0,0,0,28,292,1,37,1
28-07 18:22:18,3.498,2.249,92.956,0,0,6382004,4984716,403164,4461268,1087.488,0,0,759.643,0,48.977,1917,2984,1.970,2.030,1.950,0,0,0,0,0,28,292,1,37,1
28-07 18:22:19,1.750,3.001,94.023,0,0,6352888,5013828,403164,4461268,15039.753,7525.878,0,3688.921,0,117.029,1782,2323,1.810,2,1.930,0,0,2.000,0,0,28,292,1,37,1
28-07 18:22:20,2.746,2.996,92.877,0,0,6348156,5018532,403188,4461272,598.210,73.902,0,2157.151,0,379.499,2226,2740,1.810,2,1.930,0,0,0.999,0,0,28,292,1,38,1
28-07 18:22:21,2.754,2.253,93.623,0,0,6343808,5022864,403228,4461248,35290.230,8326.908,0,284.373,0,26.034,1835,2763,1.810,2,1.930,0,0,0,0,0,28,292,1,38,1
28-07 18:22:22,2.498,1.749,94.189,0,0,6340412,5026216,403248,4461272,1447.057,147.904,0,91.940,0,12.992,1737,2640,1.810,2,1.930,0,0,1.999,0,0,28,292,1,38,1
28-07 18:22:23,2.501,1.751,94.551,0,0,6337500,5029124,403252,4461272,3791.031,2087.118,0,32.017,0,3.002,1546,2266,1.810,2,1.930,1,0,0,0,0,28,292,1,37,1
28-07 18:22:24,2.499,1.999,93.449,0,0,6332204,5034380,403284,4461280,17541.486,9462.868,0,431.766,0,31.983,1809,2698,1.670,1.960,1.920,1,0,0,0,0,28,292,1,37,1
28-07 18:22:25,4.999,3.000,90.489,0,0,6330592,5035928,403324,4461304,2613.693,1352.841,0,499.941,0,29.996,2186,3021,1.670,1.960,1.920,0,0,2.000,0,0,28,292,1,37,1
28-07 18:22:26,2.502,1.751,95.071,0,0,6330584,5035928,403328,4461308,419.315,0,0,116.087,0,12.009,1510,2299,1.670,1.960,1.920,1,0,0,0,0,28,292,1,37,1
28-07 18:22:27,2.999,2.250,92.484,0,0,6331036,5035476,403328,4461308,27523.206,624219.280,0,0,0,0,2097,2927,1.670,1.960,1.920,1,0,1.000,0,0,28,292,1,37,1
28-07 18:22:28,2.496,2.496,93.618,0,0,6331496,5034976,403364,4461312,478.325,0,0,259.634,0,21.969,1775,2722,1.670,1.960,1.920,0,0,1.997,0,0,28,292,1,37,1
28-07 18:22:29,2.501,1.751,94.040,0,0,6331980,5034484,403372,4461312,600.255,74.031,0,180.077,0,6.003,1603,2455,1.530,1.930,1.910,0,0,0,0,0,28,292,1,38,1
28-07 18:22:30,2.753,1.752,94.612,0.250,0,6332204,5034232,403400,4461312,479.566,0,0,212.250,0,20.024,1486,2271,1.530,1.930,1.910,0,0,1.001,0,0,28,292,1,38,1
28-07 18:22:31,1.749,1.749,95.218,0,0,6332204,5034232,403400,4461312,15363.764,7293.514,0,0,0,0,1527,2241,1.530,1.930,1.910,0,0,1.999,0,0,28,292,1,38,1
28-07 18:22:32,2.248,1.749,94.436,0,0,6332172,5034232,403428,4461316,478.677,147.900,0,247.833,0,20.986,1635,2574,1.530,1.930,1.910,0,0,0,0,0,28,292,1,37,1
28-07 18:22:33,1.989,1.741,94.486,0,0,6332164,5034232,403436,4461316,298.377,0,0,31.827,0,2.984,1411,2215,1.530,1.930,1.910,0,0,0,0,0,28,292,1,37,1
28-07 18:22:34,2.265,1.761,95.110,0,0,6332164,5034232,403436,4461316,361.316,0,0,20.129,0,2.013,1463,2197,1.410,1.900,1.900,1,0,2.013,0,0,28,292,1,37,1
28-07 18:22:35,3.000,2.250,93.007,0,0,6332068,5034232,403508,4461340,15319.183,7524.581,0,888.069,0,72.006,2138,3195,1.410,1.900,1.900,1,0,0,0,0,28,292,1,37,1
28-07 18:22:36,5.989,2.495,89.584,0,0,6332056,5034232,403536,4461324,2045.201,1350.492,0,123.770,0,12.976,2112,2909,1.410,1.900,1.900,1,0,0,0,0,28,292,1,37,1
28-07 18:22:37,1.750,2.000,94.769,0,0,6332028,5034232,403536,4461352,420.084,148.030,0,0,0,0,1538,2296,1.410,1.900,1.900,0,0,2.000,0,0,28,292,1,37,1
28-07 18:22:38,2.745,1.497,93.575,0,0,6331992,5034232,403572,4461352,699.695,0,0,251.531,0,28.946,1792,2760,1.410,1.900,1.900,0,0,0,0,0,28,292,1,37,1
28-07 18:22:39,2.750,2.500,93.765,0,0,6331988,5034232,403572,4461356,300.049,0,0,1096.180,0,4.001,1742,2490,1.300,1.870,1.890,0,0,1.000,0,0,28,292,1,37,1
28-07 18:22:40,3.510,5.516,90.266,0,0,6331708,5034484,403596,4461352,540.593,0,0,349.029,0,19.056,1937,2479,1.300,1.870,1.890,0,0,7.021,0,0,28,292,1,37,1
28-07 18:22:41,10.464,12.208,76.239,0,0,6317084,5048976,403596,4461484,111778.788,36542.720,0,1435.080,0,296.982,3766,3059,1.300,1.870,1.890,1,0,65.775,0,0,28,292,1,37,1
28-07 18:22:42,9.030,25.835,61.955,0,0,6322032,5043964,403660,4461484,44473.903,22566.540,0,413.365,0,34.113,5902,4848,1.300,1.870,1.890,2,0,245.812,0,0,28,292,1,37,1
28-07 18:22:43,20.763,8.255,69.793,0,0,6358320,5007676,403660,4461484,29534.301,14895.230,0,8.005,0,1.001,2761,2728,1.300,1.870,1.890,1,0,3.002,0,0,28,292,1,37,1
28-07 18:22:44,23.689,5.237,70.071,0,0,6394356,4971640,403660,4461484,15337.824,7666.419,0,0,0,0,2676,2587,1.270,1.850,1.890,1,0,1.995,0,0,28,292,1,37,1
28-07 18:22:45,24.785,4.256,68.848,0,0,6399596,4966348,403688,4461516,14883.290,7705.022,0,592.848,0,34.049,3209,3191,1.270,1.850,1.890,1,0,0,0,0,28,295,1,37,1
28-07 18:22:46,36.122,11.459,51.816,0.249,0,6405824,4960076,403720,4461528,15268.899,7563.202,0,191.322,0,21.922,4173,12741,1.270,1.850,1.890,1,0,35.873,0,0,28,298,1,38,1
28-07 18:22:47,12.553,23.349,61.762,0,0,6374412,4991456,403740,4461540,47445.217,24667.616,0,92.392,0,9.038,5209,4069,1.270,1.850,1.890,1,0,197.839,0,0,28,298,1,38,1
28-07 18:22:48,15.498,17.998,64.743,0,0,6397392,4968300,403752,4461704,29779.693,14978.337,0,131.985,0,13.998,4063,3702,1.270,1.850,1.890,1,0,106.988,0,0,28,298,1,32,1
28-07 18:22:49,22.338,6.205,69.991,0,0,6438468,4927224,403752,4461704,29560.028,14552.171,0,0,0,0,2659,2481,1.330,1.860,1.890,2,0,0,0,0,28,298,1,32,1
28-07 18:22:50,25.165,5.285,67.693,0,0,6437852,4927776,403788,4461732,15525.610,7410.499,0,342.240,0,23.152,3554,3604,1.330,1.860,1.890,3,0,3.020,0,0,28,300,1,33,1
28-07 18:22:51,13.504,10.003,75.023,0,0,6411276,4954328,403804,4461740,120177.108,508004.859,0,216.067,0,16.005,3762,3519,1.330,1.860,1.890,3,0,64.020,0,0,28,300,1,33,1
28-07 18:22:52,9.246,24.240,62.974,1.000,0,6405116,4960152,404132,4461748,61227.861,39875.628,139.943,2558.949,4.998,151.938,5636,4720,1.330,1.860,1.890,2,0,198.918,0,0,28,300,1,31,1
28-07 18:22:53,7.011,24.789,64.853,0,0,6387692,4977564,404140,4461752,61155.213,37319.323,0,100.159,0,5.008,5251,4034,1.330,1.860,1.890,1,0,202.322,0,0,28,300,1,31,1
28-07 18:22:54,6.988,23.708,67.382,0,0,6369484,4995760,404140,4461764,61634.081,38893.898,0,3.993,0,0.998,5107,4088,1.390,1.860,1.890,1,0,185.675,0,0,28,300,1,31,1
28-07 18:22:55,6.243,23.473,67.923,0,0,6370012,4995224,404140,4461772,46005.798,28765.360,0,399.547,0,56.935,5104,3894,1.390,1.860,1.890,1,0,182.793,0,0,28,300,1,31,1
28-07 18:22:56,6.515,22.801,67.903,0,0,6373068,4992160,404140,4461780,61481.107,39230.124,0,0,0,0,5172,3934,1.390,1.860,1.890,1,0,184.414,0,0,28,300,1,29,1
28-07 18:22:57,8.731,23.449,64.859,0.249,0,6371064,4994144,404156,4461784,60968.701,38117.288,0,1951.765,0,401.130,5855,4072,1.390,1.860,1.890,2,0,188.591,0,0,28,300,1,29,1
28-07 18:22:58,10.771,25.299,61.869,0,0,6369444,4995700,404192,4461812,62720.709,39092.235,0,360.694,0,28.054,5663,4580,1.390,1.860,1.890,1,0,205.395,0,0,28,300,1,29,1
28-07 18:22:59,8.003,25.761,63.027,0,0,6364264,5000876,404192,4461816,56634.207,466481.391,0,76.032,0,4.002,5598,4097,1.350,1.840,1.880,1,0,208.089,0,0,28,300,1,30,1
28-07 18:23:00,7.490,26.964,63.165,0.250,0,6368160,4996952,404216,4461820,62437.584,151523.139,0,111.849,0,10.985,5412,4191,1.350,1.840,1.880,1,0,221.700,0,0,28,300,1,26,1
28-07 18:23:01,18.733,27.725,50.204,0,0,6356604,5008452,404224,4461868,61599.934,37533.838,0,79.927,0,5.995,6319,5553,1.350,1.840,1.880,3,0,193.824,0,0,28,302,1,27,1
28-07 18:23:02,16.016,23.774,57.308,0,0,6356360,5008616,404268,4461904,61449.837,37834.072,0,224.226,0,26.026,5863,5180,1.350,1.840,1.880,3,0,185.186,0,0,28,300,1,29,1
28-07 18:23:03,17.767,11.761,69.067,0,0,6384828,4980144,404268,4461908,45112.831,23869.191,0,4.004,0,1.001,3284,2994,1.350,1.840,1.880,1,0,39.038,0,0,28,300,1,29,1
28-07 18:23:04,22.494,5.998,70.232,0,0,6428892,4936044,404296,4461916,29703.431,14720.249,0,323.917,0,18.995,2768,2751,1.330,1.830,1.880,2,0,0,0,0,28,300,1,29,1
28-07 18:23:05,24.079,5.710,68.266,0.248,0,6399116,4965792,404312,4461928,29848.584,15958.963,0,135.043,0,12.909,3217,3087,1.330,1.830,1.880,3,0,4.965,0,0,28,300,1,29,1
28-07 18:23:06,23.153,7.550,68.703,0,0,6399576,4965288,404352,4461932,45152.802,23011.773,0,217.434,0,24.159,3118,3246,1.330,1.830,1.880,1,0,2.013,0,0,28,300,1,29,1
28-07 18:23:07,23.473,4.994,69.669,0,0,6421720,4943140,404352,4461936,37161.946,18522.541,0,0,0,0,2793,2709,1.330,1.830,1.880,1,0,0,0,0,28,300,1,29,1
28-07 18:23:08,23.240,8.996,65.471,0.250,0,6422720,4941892,404556,4461980,23884.563,11482.982,0,855.626,0,111.951,4484,5356,1.330,1.830,1.880,1,0,1.000,0,0,28,301,1,21,1
28-07 18:23:09,24.790,11.268,62.852,0,0,6354840,5009588,404708,4462012,31605.531,17503.538,0,629.026,0,84.137,4096,4588,1.620,1.880,1.900,1,0,25.041,0,0,28,301,1,21,1
28-07 18:23:10,23.400,5.228,69.203,0,0,6400440,4963976,404720,4462012,30310.084,14792.595,0,330.583,0,9.957,2570,2528,1.620,1.880,1.900,2,0,0.996,0,0,28,301,1,21,1
28-07 18:23:11,30.133,11.049,58.257,0,0,6454436,4909000,404724,4462988,41541.493,577083.028,0,156.692,0,10.044,3982,3479,1.620,1.880,1.900,1,0,5.022,0,0,28,301,1,21,1
28-07 18:23:12,18.013,5.254,75.056,0,0,6391180,4972012,404828,4463128,15138.209,7647.663,0,512.379,0,63.047,3616,4384,1.620,1.880,1.900,0,0,23.017,0,0,28,299,1,23,1
28-07 18:23:13,7.483,5.238,85.052,0.249,0,6394276,4969904,404836,4462100,44622.287,23565.229,0,2629.888,0,449.954,2629,2546,1.620,1.880,1.900,1,0,0,0,0,28,299,1,11,1
28-07 18:23:14,2.506,2.005,94.218,0,0,6375140,4988932,404940,4462104,33812.402,16754.850,0,1976.583,0,100.232,1869,2803,1.490,1.850,1.890,1,0,0,0,0,28,299,1,11,1
28-07 18:23:15,1.750,2.500,93.736,0,0,6371892,4992168,404952,4462104,25986.082,13186.012,0,91.986,0,6.999,1707,2438,1.490,1.850,1.890,1,0,2.000,0,0,28,299,1,11,1
28-07 18:23:16,2.251,1.751,95.061,0,0,6368492,4995552,404964,4462108,15311.906,7528.871,0,104.067,0,11.007,1446,2276,1.490,1.850,1.890,1,0,0,0,0,28,299,1,11,1
28-07 18:23:17,1.996,2.245,93.548,0,0,6365648,4998396,404964,4462108,15003.661,7567.689,0,0,0,0,1513,2257,1.490,1.850,1.890,0,0,0,0,0,28,299,1,11,1
28-07 18:23:18,3.257,2.004,93.439,0,0,6363384,5000604,405008,4462120,15005.380,7635.459,0,400.811,0,33.067,1883,2770,1.490,1.850,1.890,0,0,2.004,0,0,28,299,1,11,1
28-07 18:23:19,2.488,2.239,93.547,0,0,6361540,5002412,405044,4462120,14844.167,7422.084,0,203.018,0,24.880,1754,2772,1.370,1.820,1.880,0,0,0,0,0,28,299,1,11,1
28-07 18:23:20,5.522,3.012,90.358,0,0,6361624,5002160,405064,4462268,1816.186,1358.375,0,124.493,0,13.052,2126,2870,1.370,1.820,1.880,5,0,1.004,0,0,28,299,1,12,1
28-07 18:23:21,3.248,2.498,92.682,0,0,6361828,5001912,405104,4462272,15144.923,7614.431,0,259.810,0,31.977,2139,3170,1.370,1.820,1.880,1,0,1.999,0,0,28,299,1,11,1
28-07 18:23:22,11.884,7.080,80.406,0,0,6372616,4991108,405120,4462272,891.041,149.687,0,89.003,0,13.148,2529,2933,1.370,1.820,1.880,1,0,9.103,0,0,28,299,1,11,1
28-07 18:23:23,22.466,5.185,69.621,0,0,6405344,4958376,405120,4462276,44345.955,23066.691,0,0,0,0,2740,2669,1.370,1.820,1.880,1,0,0,0,0,28,299,1,11,1
28-07 18:23:24,24.036,5.508,69.353,0,0,6429700,4933944,405180,4462292,29695.082,14775.935,0,797.183,0,46.068,3118,3159,1.340,1.810,1.870,1,0,2.003,0,0,28,301,1,11,1
28-07 18:23:25,20.556,8.273,69.690,0,0,6407836,4955676,405180,4462424,44900.630,24101.826,0,112.307,0,4.011,3209,2981,1.340,1.810,1.870,1,0,25.068,0,0,28,299,1,11,1
28-07 18:23:26,22.459,5.490,70.370,0,0,6451608,4911904,405180,4462424,29982.624,14696.856,0,0,0,0,2576,2483,1.340,1.810,1.870,2,0,0,0,0,28,299,1,11,1
28-07 18:23:27,23.002,6.001,68.757,0,0,6463540,4899964,405180,4462432,29595.013,15131.541,0,0,0,0,3122,3049,1.340,1.810,1.870,1,0,2.000,0,0,28,299,1,11,2
28-07 18:23:28,11.254,4.001,83.527,0,0,6427672,4935868,405216,4462360,47051.931,24979.927,0,1816.576,0,332.105,3043,3151,1.340,1.810,1.870,0,0,5.002,0,0,28,299,1,11,1
28-07 18:23:29,6.733,5.486,68.081,17.207,0,6409536,4937948,405260,4478284,112793.759,623630.562,15182.279,395.019,139.653,21.945,3548,3826,1.310,1.790,1.870,2,1,10.973,0,0,28,299,1,12,1
28-07 18:23:30,6.767,9.022,69.420,12.531,0,6389948,4945076,405300,4490620,53374.022,22707.743,11331.817,280.689,115.283,23.057,2926,2993,1.310,1.790,1.870,0,1,3.007,0,0,28,299,1,12,1
28-07 18:23:31,8.066,8.318,67.050,15.376,0,6377236,4943368,405352,4504908,46035.843,23433.331,13139.846,1008.276,139.142,110.910,3348,3521,1.310,1.790,1.870,2,0,0,0,0,28,299,1,12,1
28-07 18:23:32,7.180,8.418,70.069,11.637,0,6362612,4943704,405372,4519128,29888.571,15093.337,12779.818,106.961,140.633,12.875,3033,3168,1.310,1.790,1.870,1,0,3.962,0,0,28,299,1,12,1
28-07 18:23:33,5.261,7.014,69.890,16.533,0,6360804,4927740,405372,4536820,59678.493,29875.819,16480.999,0,194.389,0,2786,3026,1.310,1.790,1.870,1,1,2.004,0,0,28,299,1,11,1
28-07 18:23:34,5.739,7.735,70.116,14.722,0,6357660,4917820,405372,4549836,44709.815,22543.049,12232.693,231.559,133.745,12.975,2610,2821,1.290,1.780,1.860,0,1,1.996,0,0,28,299,1,11,1
28-07 18:23:35,6.493,8.740,69.673,12.736,0,6353356,4913032,405380,4558872,44626.866,23112.553,8562.573,143.842,93.897,12.986,2798,2998,1.290,1.780,1.860,0,1,3.996,0,0,28,299,1,11,1
28-07 18:23:36,4.011,5.766,69.941,19.303,0,6344988,4904216,405412,4575960,44917.626,22449.287,16208.249,324.887,174.476,23.063,3123,3491,1.290,1.780,1.860,0,1,2.005,0,0,28,299,1,11,1
28-07 18:23:37,2.747,4.744,69.162,21.223,0,6331556,4899188,405504,4594248,29614.353,14829.148,16487.041,2596.699,180.770,137.825,3117,3529,1.290,1.780,1.860,1,1,0,0,0,28,299,1,11,1
28-07 18:23:38,5.508,7.261,69.852,16.274,0,6331760,4887344,405520,4605824,30042.885,15326.388,10519.366,144.211,115.168,16.023,2628,3017,1.290,1.780,1.860,1,0,2.003,0,0,28,299,1,11,1
28-07 18:23:39,13.494,14.493,69.967,0,0,6332480,4884320,405520,4608128,29844.798,14908.905,0,0,0,0,2543,2423,1.270,1.770,1.860,3,0,0,0,0,28,299,1,11,1
28-07 18:23:40,12.257,17.010,65.788,4.002,0,6335684,4876772,405544,4612404,15391.986,8124.743,2329.360,288.168,26.015,17.010,2800,2572,1.270,1.770,1.860,2,1,9.005,0,0,28,299,1,11,1
28-07 18:23:41,5.737,7.233,65.598,18.956,0,6351632,4844012,405576,4629120,44692.507,22537.810,16653.436,486.873,172.600,31.926,3356,3609,1.270,1.770,1.860,1,1,3.991,0,0,28,299,1,11,1
28-07 18:23:42,7.759,6.507,64.572,18.270,0,6358316,4821836,405592,4644532,61076.178,31448.105,14964.705,168.188,153.171,14.016,3613,3774,1.270,1.770,1.860,0,1,2.002,0,0,28,299,1,11,1
28-07 18:23:43,3.002,5.505,70.058,19.516,0,6357468,4808268,405592,4658868,44772.848,22376.416,14339.802,1661.367,150.124,341.281,3380,3030,1.270,1.770,1.860,0,1,2.002,0,0,28,299,1,11,1
28-07 18:23:44,3.246,4.744,70.163,20.475,0,6358488,4795176,405592,4670892,45023.102,22492.075,11969.140,0,123.846,0,2673,2880,1.320,1.770,1.860,0,1,3.995,0,0,28,299,1,11,1
28-07 18:23:45,3.001,5.502,69.276,20.258,0,6358432,4780560,405596,4685496,45287.321,22432.580,14025.364,244.093,184.070,12.005,2904,3002,1.320,1.770,1.860,0,1,2.001,0,0,28,299,1,11,1
