"pcp-dstat 6.2.0 CSV Output"
"Author:","PCP team <pcp@groups.io> and Dag Wieers <dag@wieers.com>",,,,"URL:","https://pcp.io/ and http://dag.wieers.com/home-made/dstat/"
"Host:","ubuntu",,,,"User:","stack"
"Cmdline:","dstat -tcmndrylpg --tcp --output /opt/stack/logs/dstat-csv.log",,,,"Date:","30 Jul 2026 11:48:37 UTC"
"system","total usage",,,,,"memory usage",,,,"net/total",,"dsk/total",,"io/total",,"system",,"load avg",,,"procs",,,"paging",,"tcp sockets",,,,
"time","total usage:usr","total usage:sys","total usage:idl","total usage:wai","total usage:stl","used","free","buf","cach","net/total:recv","net/total:send","dsk/total:read","dsk/total:writ","read","writ","int","csw","1m","5m","15m","run","blk","new","in","out","lis","act","syn","tim","clo"
30-07 11:48:37,,1230212,11529244,147396,3247632,,,,,,,1.800,1.310,1,3,0,,,,12,5,0,9,1
30-07 11:48:38,18.410,23.137,55.480,0.249,0,1224340,11534688,147468,3247920,72597.079,40606.040,0,939.420,0,26.869,4398,2475,1.800,1.310,1,3,0,132.355,0,0,12,4,0,9,2
30-07 11:48:39,21.266,23.768,52.789,0,0,1250040,11508772,147516,3248036,53938.895,30463.532,0,620.459,0,18.013,4482,2350,1.820,1.320,1,2,0,129.095,0,0,12,4,0,9,2
30-07 11:48:40,22.236,25.234,50.718,0,0,1254668,11503988,147564,3248120,68823.868,38792.689,0,631.604,0,17.989,4618,2381,1.820,1.320,1,3,0,137.914,0,0,12,4,0,9,2
30-07 11:48:41,16.791,23.307,56.138,0,0,1252576,11505600,147708,3248352,123454.503,44790.751,0,1134.781,0,40.098,4382,2454,1.820,1.320,1,1,0,127.312,0,0,12,4,0,9,2
30-07 11:48:42,19.464,24.454,53.401,0,0,1248676,11509344,147748,3248536,94870.442,582453.030,0,6907.146,0,327.391,5204,2589,1.820,1.320,1,1,0,113.788,0,0,12,4,0,9,2
30-07 11:48:43,23.033,25.286,50.071,0,0,1263124,11494188,147820,3249128,640545.633,56766.056,0,1189.699,0,22.031,5087,2497,1.820,1.320,1,3,0,120.172,0,0,12,4,0,9,2
30-07 11:48:44,27.491,23.281,44.332,0,0,1267644,11489232,147924,3249824,69298.706,31226.620,0,2706.485,0,347.722,5338,4268,1.750,1.320,1,4,0,86.187,0,0,12,4,0,9,2
30-07 11:48:45,18.677,26.249,54.013,0,0,1253136,11485956,148096,3266348,462691.542,49873.472,0,1797.060,0,44.422,5080,2966,1.750,1.320,1,3,0,97.930,0,0,12,4,0,9,2
30-07 11:48:46,31.588,26.364,39.547,0,0,1275208,11458832,148192,3271336,46340.818,24735.863,0,366.118,0,13.928,5401,4671,1.750,1.320,1,13,0,131.325,0,0,12,4,0,9,2
30-07 11:48:47,36.164,30.387,32.648,0,0,1254004,11470680,148716,3278792,60658.378,31216.201,0,11753.164,0,81.368,4832,4479,1.750,1.320,1,2,0,67.304,0,0,12,4,0,9,2
30-07 11:48:48,32.523,20.264,45.532,0,0,1395612,11321224,148988,3409480,45801.337,23409.528,0,832.588,0,8.006,4296,3273,1.750,1.320,1,1,0,14.010,0,0,13,4,0,9,2
30-07 11:48:49,33.017,19.010,46.524,0,0,1392740,11309488,149240,3422356,47069.919,25155.783,0,552.281,0,26.013,4269,2555,1.770,1.330,1.010,2,0,76.039,0,0,13,6,0,9,2
30-07 11:48:50,39.712,11.239,46.955,0.250,0,1402928,11293936,149404,3426928,61659.988,34440.039,0,727.304,0,22.978,3460,1953,1.770,1.330,1.010,3,0,26.974,0,0,13,6,0,9,2
30-07 11:48:51,34.766,18.508,44.270,0.250,0,1402740,11273288,150124,3445188,72531.142,582599.207,0,2341.070,0,105.048,4666,2974,1.770,1.330,1.010,3,0,76.035,0,0,13,6,0,9,2
30-07 11:48:52,30.433,20.455,44.402,0,0,1399752,11268452,150576,3451332,61685.228,33890.406,0,1281.180,0,41.908,4535,2813,1.770,1.330,1.010,3,0,98.783,0,0,13,6,0,11,2
30-07 11:48:53,39.857,9.525,47.126,2.507,0,1425560,11236080,150860,3456564,46015.170,23732.526,649.739,1435.843,33.089,38.102,3169,1872,1.770,1.330,1.010,2,0,7.019,0,0,13,6,0,11,2
30-07 11:48:54,36.461,10.489,46.950,4.745,0,1445140,11191124,151580,3479140,46244.863,23963.538,3600.175,1686.208,197.790,48.948,3474,2347,1.790,1.340,1.010,3,0,0.999,0,0,13,6,0,11,2
30-07 11:48:55,44.035,7.256,47.288,0.751,0,1482468,11143340,152208,3487528,30860.525,15659.445,76.060,2289.820,1.001,49.039,3146,1758,1.790,1.340,1.010,3,0,0,0,0,13,6,0,11,2
30-07 11:48:56,39.753,8.501,47.753,2.750,0,1461600,11177900,152392,3473316,31459.301,16344.196,1040.076,844.062,17.001,23.002,3033,1640,1.790,1.340,1.010,3,0,4.000,0,0,13,4,0,11,0
30-07 11:48:57,40.827,12.447,44.561,0.249,0,1490532,11147240,153336,3474100,15880.627,8168.346,15.932,15868.678,0.996,423.205,4789,4581,1.790,1.340,1.010,2,0,27.882,0,0,13,6,0,11,0
30-07 11:48:58,31.727,17.737,42.719,2.248,0,1503616,11124084,158292,3479028,34968.017,18309.918,0,29898.639,0,2203.426,12206,17247,1.790,1.340,1.010,5,0,40.971,0,0,13,7,0,11,0
30-07 11:48:59,35.339,15.038,40.853,5.263,0,1499340,11115052,163436,3486572,48070.091,24870.650,0,36251.319,0,2351.925,12490,17310,2.130,1.420,1.040,4,0,27.068,0,0,13,7,0,11,0
30-07 11:49:00,43.074,10.457,37.347,4.731,0,1492512,11115376,166428,3489276,46341.580,28263.474,0,25926.028,0,1726.941,9510,11868,2.130,1.420,1.040,3,0,24.898,0,0,13,6,0,11,0
30-07 11:49:01,32.908,22.529,43.033,0,0,1422852,11184680,166480,3489540,47168.399,25934.317,0,838.387,0,30.376,6826,8460,2.130,1.420,1.040,3,0,82.016,0,0,13,4,0,11,0
30-07 11:49:02,40.839,18.676,37.103,0,0,1442336,11163592,166984,3490456,55246.549,452037.593,0,28606.885,0,425.318,5772,6868,2.130,1.420,1.040,2,0,9.961,0,0,13,4,0,11,0
30-07 11:49:03,41.389,10.721,47.123,0,0,1481936,11123804,167020,3490556,49008.329,158126.160,0,1998.630,0,14.960,3129,1666,2.130,1.420,1.040,2,0,1.995,0,0,13,4,0,11,0
30-07 11:49:04,42.210,13.487,41.211,0,0,1499764,11105916,167028,3490604,30805.613,16359.394,0,103.901,0,2.997,6457,10155,2.120,1.430,1.050,2,0,12.988,0,0,13,4,0,11,0
30-07 11:49:05,38.056,14.521,47.069,0,0,1467868,11137696,167032,3490680,46183.856,25748.832,0,96.141,0,3.004,3068,1448,2.120,1.430,1.050,4,0,19.028,0,0,13,4,0,11,0
30-07 11:49:06,39.649,11.471,47.629,0,0,1428060,11185940,167068,3483260,45939.912,24390.834,0,383.024,0,11.969,2921,1540,2.120,1.430,1.050,3,0,0.997,0,0,13,4,0,11,0
30-07 11:49:07,41.861,13.787,43.867,0,0,1438196,11175760,167072,3483284,45360.653,23673.969,0,276.736,0,4.011,3222,1629,2.120,1.430,1.050,2,0,15.040,0,0,13,4,0,11,0
30-07 11:49:08,43.445,8.739,46.192,0,0,1454484,11159464,167072,3483292,30466.452,15677.164,0,0,0,0,3112,1605,2.120,1.430,1.050,3,0,23.970,0,0,13,4,0,11,0
30-07 11:49:09,23.995,10.748,64.238,0,0,1414340,11199656,167076,3483268,45825.256,24750.277,0,3.999,0,1.000,2935,1714,2.030,1.420,1.050,2,0,61.988,0,0,13,4,0,11,0
30-07 11:49:10,6.251,23.005,68.765,0,0,1395796,11218012,167136,3483404,47117.407,26884.938,0,868.192,0,29.006,4214,2904,2.030,1.420,1.050,1,0,131.029,0,0,13,4,0,11,0
30-07 11:49:11,6.758,23.526,67.826,0,0,1379164,11234616,167144,3483424,65511.537,36439.904,0,56.063,0,6.007,4226,2630,2.030,1.420,1.050,1,0,131.147,0,0,13,4,0,11,0
30-07 11:49:12,7.499,24.246,66.490,0,0,1370276,11243504,167144,3483428,66410.572,329105.322,0,43.993,0,4.999,4425,2762,2.030,1.420,1.050,2,0,118.981,0,0,13,4,0,11,0
30-07 11:49:13,8.251,23.752,65.755,0,0,1360224,11253484,167144,3483500,53317.375,289788.780,0,7820.642,0,275.023,4675,2476,2.030,1.420,1.050,1,0,119.010,0,0,13,4,0,9,0
30-07 11:49:14,6.994,24.230,66.446,0,0,1350168,11263532,167144,3483508,60889.349,31821.052,0,11.990,0,2.998,4175,2563,2.030,1.420,1.050,1,0,118.903,0,0,13,4,0,9,0
30-07 11:49:15,13.483,27.715,56.179,0,0,1331424,11282272,167144,3483964,61043.393,30492.234,0,1370.258,0,262.666,5277,5096,1.950,1.410,1.050,2,0,111.858,0,0,13,4,0,9,0
30-07 11:49:16,18.737,21.235,56.711,0,0,1330188,11283492,167152,3483960,45689.686,25457.553,0,131.910,0,1.999,4447,4589,1.950,1.410,1.050,1,0,61.958,0,0,13,4,0,9,0
30-07 11:49:17,16.825,13.309,63.031,6.027,0,1333264,11278684,167156,3485684,46786.244,24015.894,1824.119,16.072,23.103,3.013,2984,2236,1.950,1.410,1.050,3,0,29.130,0,0,13,4,0,6,0
30-07 11:49:18,47.150,27.192,21.954,2.245,0,1397388,11213268,167156,3486980,61413.062,34205.627,1169.526,14772.744,14.968,61.869,5018,2484,1.950,1.410,1.050,2,0,103.780,0,0,13,5,0,6,0
30-07 11:49:19,43.944,8.287,47.460,0,0,1458120,11152536,167156,3486980,44513.905,23094.156,0,4.018,0,1.004,2897,1413,1.950,1.410,1.050,2,0,0,0,0,13,5,0,6,0
30-07 11:49:20,46.778,3.483,47.276,0.249,0,1475484,11134644,167180,3487484,29971.761,15351.147,19.906,214.980,3.981,0.995,2744,1136,1.950,1.420,1.050,2,0,1.991,0,0,13,5,0,6,0
30-07 11:49:21,37.808,12.519,47.824,1.502,0,1501592,11107932,167196,3488052,15238.477,7535.610,492.759,681.049,6.009,9.014,2735,1410,1.950,1.420,1.050,2,0,0,0,0,13,5,0,6,0
30-07 11:49:22,39.681,11.198,45.767,0,0,1516592,11092068,167228,3488872,14583.173,7577.875,0,163.593,0,6.816,2812,1590,1.950,1.420,1.050,5,0,0,0,0,13,5,0,6,0
30-07 11:49:23,40.252,22.419,36.430,0,0,1529540,11077204,167324,3490576,15321.186,7899.557,0,48713.934,0,183.426,4955,3709,1.950,1.420,1.050,2,0,71.332,0,0,13,6,0,6,0
30-07 11:49:24,31.630,19.484,46.812,2.024,0,1552464,11053480,167456,3491192,57153.349,468073.040,732.800,4.049,15.182,1.012,4373,2684,1.950,1.420,1.050,1,0,74.899,0,0,14,8,0,6,0
30-07 11:49:25,21.645,5.722,69.662,0,0,1583928,11022008,167456,3491200,48688.060,152245.226,0,7.961,0,1.990,2076,1463,1.870,1.420,1.050,1,0,0,0,0,14,8,0,3,0
30-07 11:49:26,23.022,6.506,68.566,0,0,1609952,10995800,167656,3491208,45230.614,23755.907,0,8648.339,0,687.663,3400,2068,1.870,1.420,1.050,1,0,2.002,0,0,14,8,0,3,0
30-07 11:49:27,22.955,4.491,70.612,0,0,1632880,10972868,167704,3491164,31161.245,15884.031,0,387.245,0,21.957,1955,1416,1.870,1.420,1.050,1,0,0,0,0,14,8,0,3,0
30-07 11:49:28,24.697,4.198,69.892,0,0,1637844,10967828,167728,3491216,15696.249,8194.373,0,11941.359,0,39.515,1979,1243,1.870,1.420,1.050,3,0,0,0,0,14,8,0,3,0
30-07 11:49:29,25.043,6.324,68.046,0.506,0,1652568,10952772,167808,3491444,47111.399,34427.950,68.805,21127.277,9.107,97.137,2565,1876,1.870,1.420,1.050,1,0,4.047,0,0,14,10,0,3,0
30-07 11:49:30,37.552,8.317,50.910,0.504,0,1664280,10940172,168448,3491684,62121.174,36972.689,141.136,2766.273,6.049,272.192,5594,6451,1.800,1.410,1.050,2,0,0,0,0,14,20,0,3,0
30-07 11:49:31,17.881,9.685,70.530,0,0,1565704,11038708,168488,3491684,30521.596,14572.883,0,449.008,0,22.848,2591,1680,1.800,1.410,1.050,2,0,41.722,0,0,14,14,0,5,0
30-07 11:49:32,19.504,7.002,72.516,0.250,0,1604788,10999452,168536,3491764,44893.016,22879.105,96.021,552.123,13.003,17.004,1964,1432,1.800,1.410,1.050,2,0,2.000,0,0,14,14,0,5,0
30-07 11:49:33,33.948,12.481,49.924,0.998,0,1625764,10977820,168744,3492120,40197.536,18757.319,363.444,4445.203,12.980,123.811,4170,13385,1.800,1.410,1.050,2,0,35.945,0,0,14,14,0,6,0
30-07 11:49:34,22.770,4.504,71.562,0,0,1635352,10967940,168776,3492336,18820.338,11187.712,0,528.459,0,13.011,2410,2209,1.800,1.410,1.050,1,0,1.001,0,0,14,15,0,5,0
30-07 11:49:35,14.507,3.752,72.785,8.004,0,1634764,10967940,168816,3492640,15309.424,7741.754,332.161,0,82.040,0,1631,1287,1.820,1.420,1.060,0,1,2.001,0,0,14,14,0,5,0
30-07 11:49:36,19.993,5.748,70.474,1.749,0,1635824,10966708,168828,3492744,15192.475,7617.230,111.959,891.676,27.990,4.998,2944,2978,1.820,1.420,1.060,1,0,0,0,0,14,21,0,5,0
30-07 11:49:37,22.992,3.499,71.724,0,0,1612580,10989808,168828,3492888,15035.561,7455.303,0,3.999,0,1.000,2500,2168,1.820,1.420,1.060,1,0,0,0,0,14,20,0,5,0
30-07 11:49:38,15.524,13.020,69.608,0,0,1599300,11003084,168828,3492892,36050.009,446004.933,0,0,0,0,2951,2200,1.820,1.420,1.060,2,0,46.072,0,0,14,20,0,5,0
30-07 11:49:39,21.706,4.740,71.603,0,0,1636592,10965788,168828,3492892,37473.323,148613.909,0,131.730,0,2.994,1880,1225,1.820,1.420,1.060,1,0,0,0,0,14,20,0,5,0
30-07 11:49:40,22.252,5.501,71.507,0,0,1638264,10964036,168892,3492904,29595.093,15107.579,0,592.062,0,34.004,2611,2399,1.750,1.410,1.050,2,0,0,0,0,14,20,0,5,0
30-07 11:49:41,21.494,5.499,70.732,0,0,1638256,10964036,168892,3492912,15157.071,7456.067,0,0,0,0,2834,2750,1.750,1.410,1.050,1,0,1.999,0,0,14,21,0,5,0
30-07 11:49:42,18.985,10.242,69.446,0,0,1575240,11027040,168892,3492924,29922.639,15703.740,0,3.997,0,0.999,2718,1932,1.750,1.410,1.050,1,0,42.966,0,0,14,20,0,5,0
30-07 11:49:43,21.043,26.805,50.604,0,0,1604452,10997812,168900,3492932,44751.144,23973.362,0,100.206,0,8.017,4102,2361,1.750,1.410,1.050,2,0,113.233,0,0,14,20,0,5,0
30-07 11:49:44,41.943,9.795,48.222,0,0,1656868,10945396,168900,3492932,45370.759,23054.076,0,0,0,0,2754,1417,1.750,1.410,1.050,2,0,3.014,0,0,14,20,0,5,0
30-07 11:49:45,43.473,7.204,47.199,0,0,1720312,10881932,168900,3492944,14989.384,7718.763,0,7.949,0,0.994,3274,2195,1.850,1.440,1.070,6,0,0,0,0,14,22,0,5,0
30-07 11:49:46,43.159,8.029,46.170,0,0,1722060,10880168,168916,3492944,29520.427,15133.585,0,132.487,0,6.022,4488,3973,1.850,1.440,1.070,2,0,0,0,0,14,22,0,5,0
30-07 11:49:47,45.770,7.711,43.780,0,0,1722204,10879944,168932,3493008,14965.794,7743.090,0,1436.780,0,236.810,6044,5852,1.850,1.440,1.070,3,0,0.995,0,0,14,21,0,8,0
30-07 11:49:48,33.186,25.701,37.428,0,0,1693068,10909000,168988,3493032,16084.196,8002.673,0,331.365,0,26.948,5504,4485,1.850,1.440,1.070,4,0,154.704,0,0,14,21,0,8,0
30-07 11:49:49,52.710,41.865,6.557,0,0,1682440,10919616,169008,3493020,61289.547,32539.801,0,4240.988,0,334.921,5763,3433,1.850,1.440,1.070,5,0,316.763,0,0,14,20,0,8,0
30-07 11:49:50,69.245,29.856,0,0,0,1801240,10800744,169032,3493032,45527.197,24292.010,0,361.279,0,19.068,5054,3076,2.190,1.510,1.090,6,0,110.391,0,0,14,20,0,8,0
30-07 11:49:51,83.247,15.453,0,0,0,1947212,10654864,169040,3493060,44073.226,22479.768,0,31.903,0,3.988,4985,2633,2.190,1.510,1.090,8,0,1.994,0,0,14,21,0,8,0
30-07 11:49:52,82.224,14.236,1.718,0,0,2028204,10573732,169040,3493200,14585.325,7292.662,0,0,0,0,5224,4046,2.190,1.510,1.090,7,0,0,0,0,14,22,0,8,0
30-07 11:49:53,78.850,12.889,7.834,0,0,2045460,10556372,169072,3493264,39842.695,450431.807,0,181.962,0,13.142,6345,8318,2.190,1.510,1.090,4,0,0,0,0,14,25,0,8,0
30-07 11:49:54,71.176,13.581,13.078,0,0,2040060,10561696,169120,3493292,18102.285,137351.618,0,221.324,0,20.120,6495,7452,2.190,1.510,1.090,6,0,51.307,0,0,14,23,0,6,0
30-07 11:49:55,77.879,17.028,3.255,0.250,0,1960228,10641284,169232,3493420,15534.740,8361.855,0,621.029,0,52.086,6319,7251,2.650,1.620,1.130,4,0,78.129,0,0,14,20,0,6,0
30-07 11:49:56,28.129,30.619,39.082,0,0,1740824,10860572,169256,3493480,59851.288,31560.631,0,246.941,0,12.944,4551,3015,2.650,1.620,1.130,1,0,183.214,0,0,14,20,0,6,0
30-07 11:49:57,22.108,5.527,72.102,0,0,1742724,10858652,169272,3493480,29736.147,14729.899,0,1933.437,0,298.457,2247,1442,2.650,1.620,1.130,3,0,2.010,0,0,14,20,0,6,0
30-07 11:49:58,22.338,4.468,70.736,0,0,1744832,10856492,169320,3493484,30206.294,14885.729,0,567.870,0,28.791,2441,2123,2.650,1.620,1.130,2,0,0,0,0,14,20,0,6,0
30-07 11:49:59,22.396,4.781,70.460,0,0,1731552,10869724,169352,3493500,15544.592,7670.128,0,104.684,0,12.079,3326,3543,2.650,1.620,1.130,1,0,0,0,0,14,21,0,6,0
30-07 11:50:00,17.663,10.697,70.653,0,0,1663968,10937284,169376,3493500,30181.609,16672.030,0,378.141,0,11.941,2934,1975,2.600,1.630,1.130,1,0,60.702,0,0,14,20,0,6,0
30-07 11:50:01,17.988,8.245,72.202,0,0,1664456,10936780,169392,3493500,44297.534,22491.039,0,119.920,0,6.995,2126,1578,2.600,1.630,1.130,1,0,8.994,0,0,14,20,0,6,0
30-07 11:50:02,21.294,7.265,70.647,0,0,1689148,10912024,169408,3493540,29976.238,15241.645,0,84.175,0,6.012,1942,1268,2.600,1.630,1.130,1,0,0,0,0,14,20,0,6,0
30-07 11:50:03,22.732,4.496,71.942,0,0,1698764,10902392,169416,3493540,15082.922,7613.903,0,39.968,0,3.997,2359,1965,2.600,1.630,1.130,2,0,1.998,0,0,14,20,0,6,0
30-07 11:50:04,22.721,4.245,70.660,0,0,1695200,10905860,169488,3493560,15358.350,7448.470,0,219.719,0,29.962,3675,3941,2.600,1.630,1.130,1,0,0.999,0,0,14,20,0,6,0
30-07 11:50:05,14.830,15.836,67.867,0,0,1643608,10957416,169504,3493564,15775.357,8039.500,0,426.307,0,9.049,3316,2109,2.550,1.640,1.140,1,0,91.495,0,0,14,20,0,6,0
30-07 11:50:06,5.974,26.138,65.718,0,0,1636252,10964756,169520,3493564,45297.441,25566.189,0,215.076,0,9.957,4715,2626,2.550,1.640,1.140,3,0,184.209,0,0,14,20,0,6,0
30-07 11:50:07,7.252,29.759,61.268,0,0,1631192,10969756,169584,3493560,61300.536,33751.655,0,884.253,0,42.012,4775,2757,2.550,1.640,1.140,1,0,182.052,0,0,14,20,0,6,0
30-07 11:50:08,11.217,34.149,52.345,0,0,1626908,10973996,169616,3493568,75329.084,586406.690,0,510.489,0,17.947,5366,3219,2.550,1.640,1.140,3,0,217.357,0,0,14,20,0,6,0
30-07 11:50:09,40.321,46.369,12.348,0,0,1651344,10949532,169624,3493584,45746.873,24351.695,0,96.770,0,9.072,5163,3049,2.550,1.640,1.140,5,0,239.908,0,0,14,20,0,6,0
30-07 11:50:10,71.273,27.759,0,0,0,1783820,10817012,169624,3493596,61749.563,32972.446,0,12.004,0,3.001,5149,3056,2.750,1.690,1.160,6,0,138.044,0,0,14,21,0,6,0
30-07 11:50:11,83.123,14.977,0.749,0,0,1885612,10715216,169624,3493600,29785.588,15156.891,0,0,0,0,5784,3868,2.750,1.690,1.160,5,0,0,0,0,14,21,0,6,0
30-07 11:50:12,82.952,12.629,2.229,0,0,1940020,10660784,169624,3493624,29569.549,15421.648,0,3.962,0,0.990,6382,5878,2.750,1.690,1.160,8,0,1.981,0,0,14,22,0,7,0
30-07 11:50:13,82.594,11.331,5.288,0,0,1957936,10642640,169676,3493796,30129.608,15223.445,0,1639.789,0,290.085,6391,7575,2.750,1.690,1.160,6,0,0,0,0,14,23,0,8,0
30-07 11:50:14,81.158,15.884,1.737,0,0,1955564,10644940,169732,3493812,14808.013,7564.833,0,301.799,0,25.812,6508,8557,2.750,1.690,1.160,4,0,30.776,0,0,14,23,0,9,0
30-07 11:50:15,79.704,16.793,2.005,0,0,1933976,10666388,169812,3493868,15304.249,7625.556,0,413.059,0,35.090,6408,7586,2.850,1.730,1.180,5,0,32.082,0,0,14,21,0,9,0
30-07 11:50:16,71.631,27.745,1.009,0,0,1723752,10876548,169868,3493872,1039.159,0,0,375.308,0,28.249,5657,4530,2.850,1.730,1.180,6,0,199.761,0,0,14,21,0,9,0
30-07 11:50:17,76.176,23.554,0.251,0,0,1820996,10779276,169884,3493884,45418.824,24249.968,0,160.370,0,8.019,5072,3172,2.850,1.730,1.180,6,0,52.120,0,0,14,20,0,9,0
30-07 11:50:18,82.311,14.174,1.243,0,0,1923256,10676976,169900,3493908,29375.212,14842.778,0,147.214,0,7.958,6106,5495,2.850,1.730,1.180,6,0,1.989,0,0,14,21,0,9,0
30-07 11:50:19,83.602,14.768,1.252,0,0,2016252,10583804,169916,3494064,29687.215,15072.387,0,116.142,0,7.009,6225,6015,2.850,1.730,1.180,6,0,0,0,0,14,21,0,9,0
30-07 11:50:20,80.632,16.226,1.498,0,0,2038332,10561656,170108,3493940,30103.100,15185.854,0,2029.041,0,110.838,6776,8045,3.180,1.820,1.210,5,0,49.927,0,0,14,22,0,9,0
30-07 11:50:21,63.321,15.955,17.949,0,0,2006784,10592984,170124,3494136,29848.619,15137.208,0,159.549,0,8.975,6491,7263,3.180,1.820,1.210,3,0,51.853,0,0,14,24,0,9,0
30-07 11:50:22,51.881,7.982,36.666,0,0,1989580,10609976,170180,3494288,57102.694,464908.956,0,295.321,0,23.945,7579,7976,3.180,1.820,1.210,4,0,0,0,0,14,23,0,10,0
30-07 11:50:23,66.700,19.308,12.036,0,0,1890768,10708768,170196,3494292,48384.091,154665.801,0,160.481,0,8.024,6322,6902,3.180,1.820,1.210,4,0,69.208,0,0,14,22,0,10,0
30-07 11:50:24,57.141,27.080,14.410,0,0,1683812,10915608,170268,3494332,59701.379,29590.323,0,2905.767,0,405.456,5604,3649,3.180,1.820,1.210,4,0,132.171,0,0,14,22,0,10,0
30-07 11:50:25,40.352,11.601,46.657,0,0,1731168,10868240,170284,3494332,45416.375,24626.933,0,379.310,0,41.361,3373,1869,3.330,1.870,1.230,2,0,0,0,0,14,23,0,10,0
30-07 11:50:26,45.727,8.246,44.978,0,0,1764432,10834900,170348,3494340,29877.249,14974.607,0,511.747,0,31.984,3680,2507,3.330,1.870,1.230,2,0,1.000,0,0,14,25,0,10,0
30-07 11:50:27,45.253,6.788,46.007,0.251,0,1761552,10837644,170444,3494376,15300.474,7729.178,0,418.337,0,39.219,5047,4918,3.330,1.870,1.230,3,0,2.011,0,0,14,25,0,10,0
30-07 11:50:28,30.267,30.763,35.228,0,0,1735480,10863676,170460,3494400,45256.881,23734.905,0,190.530,0,10.916,6029,5418,3.330,1.870,1.230,4,0,176.637,0,0,14,25,0,10,0
30-07 11:50:29,59.019,35.160,5.525,0,0,1684168,10914976,170476,3494396,46402.781,24419.450,0,184.844,0,11.050,5206,3909,3.330,1.870,1.230,4,0,168.770,0,0,14,24,0,10,0
30-07 11:50:30,62.276,14.199,20.925,0,0,1762576,10836544,170476,3494420,59743.020,30839.029,0,7.971,0,1.993,3940,1691,3.540,1.940,1.250,3,0,33.878,0,0,14,24,0,10,0
30-07 11:50:31,62.969,11.200,23.645,0,0,1813376,10785680,170524,3494432,29979.338,14527.231,0,569.461,0,27.876,5187,3779,3.540,1.940,1.250,3,0,0,0,0,14,24,0,8,0
30-07 11:50:32,55.377,9.021,33.577,0,0,1813708,10785204,170524,3494576,30063.155,14950.391,0,4.009,0,1.002,5390,5006,3.540,1.940,1.250,4,0,0,0,0,14,27,0,8,0
30-07 11:50:33,59.441,15.616,22.164,0,0,1778320,10820496,170572,3497400,15839.413,7350.487,0,261.942,0,21.157,7126,14481,3.540,1.940,1.250,12,0,70.523,0,0,14,26,0,8,0
30-07 11:50:34,61.057,30.528,7.007,0,0,1710932,10887808,170680,3494572,30844.752,17456.272,0,560.523,0,46.043,6089,12088,3.540,1.940,1.250,4,0,171.160,0,0,14,24,0,9,0
30-07 11:50:35,73.606,25.201,0.250,0,0,1751852,10846816,170696,3494628,56522.272,576307.001,0,179.648,0,7.984,5287,2536,3.660,1.990,1.270,4,0,55.891,0,0,14,24,0,8,0
30-07 11:50:36,84.197,12.992,1.249,0,0,1858680,10739968,170768,3494576,29573.282,14846.603,0,839.469,0,45.971,5023,2993,3.660,1.990,1.270,4,0,1.999,0,0,14,24,0,9,0
30-07 11:50:37,68.759,10.922,18.120,0,0,1887248,10711292,170768,3494680,15331.409,7244.217,0,15.886,0,2.979,6052,5806,3.660,1.990,1.270,4,0,0,0,0,14,28,0,9,0
30-07 11:50:38,67.932,9.917,17.851,0,0,1840416,10757916,170816,3494836,14732.915,7461.662,0,253.879,0,18.843,6500,6930,3.660,1.990,1.270,3,0,2.975,0,0,14,27,0,9,0
30-07 11:50:39,47.274,33.875,17.443,0,0,1849916,10748368,170864,3494836,61623.888,33436.528,0,780.651,0,23.258,6579,6725,3.660,1.990,1.270,8,0,183.028,0,0,14,26,0,9,0
30-07 11:50:40,76.325,20.453,1.247,0,0,1858292,10739576,170880,3495236,44488.010,22829.663,0,2370.565,0,349.199,6633,6627,4.010,2.090,1.310,6,0,41.904,0,0,14,25,0,9,0
30-07 11:50:41,71.668,21.198,7.066,0,0,1810936,10786892,170912,3495244,31287.732,16138.478,0,230.146,0,16.151,4842,2730,4.010,2.090,1.310,3,0,100.941,0,0,14,24,0,9,0
30-07 11:50:42,64.698,10.202,23.888,0,0,1831540,10766268,170928,3495248,43926.881,22598.475,0,135.368,0,7.963,5200,3903,4.010,2.090,1.310,3,0,1.991,0,0,14,25,0,9,0
30-07 11:50:43,54.844,9.430,31.269,0,0,1831296,10766268,171000,3495416,29313.974,14806.381,0,309.707,0,30.772,6772,7167,4.010,2.090,1.310,4,0,0,0,0,14,25,0,9,0
30-07 11:50:44,54.133,20.858,21.107,0,0,1756800,10840536,171056,3495584,30268.545,16366.906,0,345.654,0,25.825,6270,5900,4.010,2.090,1.310,4,0,102.306,0,0,14,25,0,9,0
30-07 11:50:45,64.278,33.282,2.541,0,0,1725428,10871896,171072,3495580,60963.989,32770.088,0,178.860,0,6.098,5783,5617,4.250,2.170,1.340,5,0,152.438,0,0,14,24,0,10,0
30-07 11:50:46,74.996,15.448,8.471,0,0,1787620,10809656,171088,3495608,44585.181,22639.417,0,215.272,0,10.963,4477,1814,4.250,2.170,1.340,3,0,49.831,0,0,14,24,0,10,0
30-07 11:50:47,60.277,9.963,27.150,0,0,1835092,10762164,171104,3495612,34467.441,454894.502,0,143.469,0,7.971,5258,3960,4.250,2.170,1.340,3,0,0,0,0,14,25,0,7,0
30-07 11:50:48,57.476,9.286,30.871,0,0,1836800,10760400,171120,3495648,32702.440,151505.042,0,140.552,0,9.035,6221,5826,4.250,2.170,1.340,2,0,3.012,0,0,14,26,0,7,1
30-07 11:50:49,58.179,9.448,28.841,0,0,1796768,10800220,171184,3495796,15681.479,7321.604,0,314.266,0,25.857,6575,6611,4.250,2.170,1.340,3,0,8.951,0,0,14,25,0,7,0
30-07 11:50:50,46.574,39.273,12.588,0,0,1756228,10840732,171200,3495804,61477.807,34483.964,0,382.663,0,11.077,6022,5224,4.310,2.220,1.360,4,0,229.598,0,0,14,24,0,7,0
30-07 11:50:51,68.857,20.282,10.266,0,0,1727704,10869236,171216,3495808,44930.858,23664.794,0,196.305,0,10.016,4473,2082,4.310,2.220,1.360,3,0,52.081,0,0,14,24,0,7,0
30-07 11:50:52,63.936,9.874,23.452,0,0,1822396,10774512,171232,3495824,43474.758,22608.296,0,138.241,0,5.925,4312,2592,4.310,2.220,1.360,5,0,0,0,0,14,26,0,8,0
30-07 11:50:53,60.712,10.832,27.711,0,0,1822844,10774020,171248,3495848,30412.244,15622.790,0,124.950,0,9.069,5549,4962,4.310,2.220,1.360,1,0,0,0,0,14,27,0,8,0
30-07 11:50:54,50.951,8.329,36.254,0,0,1822768,10774020,171296,3495876,14791.502,7372.235,0,207.724,0,19.597,6943,7723,4.310,2.220,1.360,5,0,2.939,0,0,14,26,0,10,0
30-07 11:50:55,50.548,26.040,22.976,0,0,1615196,10981524,171344,3495896,15353.217,7601.553,0,298.180,0,22.466,5546,4116,4.280,2.250,1.380,5,0,111.307,0,0,14,24,0,10,0
30-07 11:50:56,58.954,17.132,23.934,0,0,1715104,10881608,171360,3495888,48618.595,25879.395,0,310.391,0,34.264,3918,1748,4.280,2.250,1.380,4,0,3.023,0,0,14,24,0,10,0
30-07 11:50:57,64.072,11.219,23.186,0,0,1809384,10787136,171400,3496040,41058.063,20654.683,0,486.650,0,23.934,4632,3107,4.280,2.250,1.380,4,0,1.994,0,0,14,24,0,10,0
30-07 11:50:58,63.258,10.419,23.319,0,0,1815352,10781088,171464,3496052,14681.731,7239.653,0,297.683,0,28.776,6425,6054,4.280,2.250,1.380,3,0,0,0,0,14,25,0,10,0
30-07 11:50:59,53.163,23.103,20.868,0,0,1752264,10844088,171512,3496088,14761.367,7250.012,0,325.933,0,23.849,7137,7331,4.280,2.250,1.380,5,0,104.338,0,0,14,25,0,10,0
30-07 11:51:00,58.668,39.112,2.794,0,0,1677864,10918456,171532,3496100,46553.542,26072.015,0,3254.938,0,430.741,5986,4598,4.420,2.310,1.400,6,0,208.259,0,0,14,24,0,10,0
30-07 11:51:01,67.513,31.006,0.250,0,0,1791672,10804612,171548,3496116,68435.895,460788.827,0,232.044,0,17.003,5479,3565,4.420,2.310,1.400,6,0,229.043,0,0,14,24,0,10,0
30-07 11:51:02,69.146,30.314,0.251,0,0,1910764,10685468,171572,3496136,48825.777,155270.841,0,348.734,0,17.036,5493,4319,4.420,2.310,1.400,7,0,201.424,0,0,14,24,0,10,0
30-07 11:51:03,74.418,24.640,0.249,0,0,1985656,10610412,171572,3496216,61218.692,35668.758,0,0,0,0,6229,6262,4.420,2.310,1.400,7,0,150.329,0,0,14,25,0,10,0
30-07 11:51:04,73.439,23.730,1.249,0,0,2035756,10560292,171620,3496188,60918.705,35298.857,0,247.795,0,18.984,6866,8365,4.420,2.310,1.400,7,0,127.894,0,0,14,26,0,10,0
30-07 11:51:05,69.442,25.765,1.718,0,0,2047560,10548240,171676,3496376,46855.578,25715.701,0,349.419,0,23.556,7105,9198,4.790,2.420,1.440,9,0,154.098,0,0,14,26,0,10,0
30-07 11:51:06,71.544,28.261,1.018,0,0,2006176,10589532,171692,3496448,64354.350,34754.812,0,171.096,0,9.166,6747,7227,4.790,2.420,1.440,9,0,170.077,0,0,14,26,0,10,0
30-07 11:51:07,66.722,29.876,0.996,0,0,2022968,10572644,171740,3496492,46319.011,26828.220,0,418.257,0,23.900,7545,8992,4.790,2.420,1.440,6,0,179.253,0,0,14,26,0,10,0
30-07 11:51:08,69.563,29.489,0.504,0,0,1871296,10724076,171820,3496640,61541.973,34396.321,0,383.100,0,32.261,5860,4811,4.790,2.420,1.440,6,0,251.031,0,0,14,24,0,10,0
30-07 11:51:09,72.239,25.408,0.498,0,0,1905992,10689340,171836,3496664,52811.274,27972.977,0,183.338,0,7.971,5755,4698,4.790,2.420,1.440,9,0,97.647,0,0,14,25,0,10,0
30-07 11:51:10,81.641,15.729,1.997,0,0,1981284,10614020,171852,3496672,49234.490,556309.794,0,123.835,0,7.989,7061,6934,4.960,2.500,1.470,8,0,0.999,0,0,14,26,0,10,0
30-07 11:51:11,80.462,15.087,3.269,0,0,1987596,10607664,171868,3496700,29761.974,15008.218,0,132.763,0,8.046,6235,7954,4.960,2.500,1.470,7,0,38.220,0,0,14,24,0,11,0
30-07 11:51:12,57.623,24.766,13.486,0,0,1943844,10651200,171884,3496892,44733.221,24510.682,0,164.778,0,9.808,6839,7839,4.960,2.500,1.470,5,0,165.759,0,0,14,27,0,12,0
30-07 11:51:13,46.331,16.456,34.938,0,0,1929024,10665976,171900,3496916,61323.378,32436.962,0,162.033,0,8.102,6739,7150,4.960,2.500,1.470,2,0,61.775,0,0,14,27,0,13,0
30-07 11:51:14,58.795,5.754,31.774,0,0,1915420,10679544,171916,3496936,29776.946,14603.253,0,112.086,0,7.005,6010,5785,4.960,2.500,1.470,3,0,1.001,0,0,14,24,0,15,0
30-07 11:51:15,15.749,37.747,45.247,0,0,1665036,10929904,171924,3496948,46010.926,25872.271,0,75.995,0,7.000,5237,3192,4.970,2.540,1.490,1,0,274.982,0,0,14,24,0,15,0
30-07 11:51:16,6.252,25.257,66.269,0,0,1642184,10952776,171924,3496944,61217.461,33053.428,0,48.014,0,3.001,4514,2637,4.970,2.540,1.490,1,0,162.046,0,0,14,24,0,12,0
30-07 11:51:17,12.973,35.178,47.902,0,0,1634400,10960480,171980,3496968,45398.052,23837.196,0,670.627,0,33.931,5189,3327,4.970,2.540,1.490,2,0,221.546,0,0,14,24,0,12,0
30-07 11:51:18,33.008,45.260,20.505,0,0,1659152,10935724,171980,3496972,60052.919,31421.283,0,24.006,0,6.001,5371,3177,4.970,2.540,1.490,5,0,248.057,0,0,14,24,0,12,0
30-07 11:51:19,52.614,43.047,3.021,0,0,1728308,10866548,171988,3496984,46272.780,24152.915,0,88.612,0,7.049,5375,3879,4.970,2.540,1.490,7,0,285.976,0,0,14,24,0,12,0
30-07 11:51:20,60.860,35.771,1.987,0,0,1818256,10776572,171988,3497016,73724.765,590004.796,0,11.924,0,2.981,6771,6140,5.050,2.600,1.520,7,0,283.186,0,0,14,26,0,12,0
30-07 11:51:21,77.445,20.735,0.749,0,0,1898540,10696212,172044,3497032,44823.015,23225.426,0,4252.965,0,463.669,6061,4183,5.050,2.600,1.520,5,0,56.959,0,0,14,26,0,12,0
30-07 11:51:22,77.235,18.437,2.242,0,0,1960256,10634484,172092,3496996,29771.672,14936.661,0,251.137,0,21.925,6964,7732,5.050,2.600,1.520,5,0,43.849,0,0,14,26,0,12,0
30-07 11:51:23,79.134,17.530,2.003,0,0,1933284,10660956,172348,3497216,29970.621,14911.185,0,2408.067,0,140.237,6531,6696,5.050,2.600,1.520,5,0,67.113,0,0,14,26,0,13,0
30-07 11:51:24,77.184,20.936,1.513,0,0,1842236,10751872,172428,3497264,15049.355,7560.999,0,403.576,0,33.295,6012,7826,5.050,2.600,1.520,6,0,86.769,0,0,14,24,0,12,0
30-07 11:51:25,71.942,26.387,0.747,0,0,1823480,10770584,172444,3497292,15090.380,7675.134,0,159.318,0,8.962,5565,5095,5.050,2.640,1.530,5,0,117.497,0,0,14,25,0,12,0
30-07 11:51:26,81.991,16.298,1.254,0,0,1908228,10685672,172476,3497420,15020.190,7516.113,0,180.531,0,14.041,6394,6590,5.050,2.640,1.530,5,0,0,0,0,14,25,0,12,0
30-07 11:51:27,82.191,13.281,3.007,0,0,1967588,10626200,172492,3497512,14949.760,7511.465,0,296.690,0,36.084,6538,9169,5.050,2.640,1.530,4,0,2.005,0,0,14,28,0,15,0
30-07 11:51:28,68.959,13.545,14.284,0,0,1923396,10670300,172540,3497552,750.665,0,0,248.251,0,19.702,7254,9508,5.050,2.640,1.530,4,0,24.628,0,0,14,28,0,15,0
30-07 11:51:29,62.200,14.296,20.315,0,0,1962200,10631332,172556,3497696,15820.784,7482.017,0,140.451,0,8.026,7413,7611,5.050,2.640,1.530,7,0,5.016,0,0,14,27,0,15,0
30-07 11:51:30,71.577,13.562,13.311,0,0,1940976,10652460,172604,3497744,765.499,148.680,0,245.120,0,21.096,6738,7285,5.120,2.700,1.560,4,0,15.069,0,0,14,28,0,16,0
30-07 11:51:31,62.553,19.610,15.638,0,0,1944092,10649288,172620,3497776,15700.778,7375.285,0,3495.019,0,457.728,7360,8026,5.120,2.700,1.560,4,0,53.617,0,0,14,27,0,17,0
30-07 11:51:32,80.491,15.595,2.515,0,0,1967044,10626128,172668,3497936,869.299,0,0,338.061,0,21.129,6627,10281,5.120,2.700,1.560,7,0,30.184,0,0,14,27,0,18,0
30-07 11:51:33,78.629,19.092,1.507,0,0,1872940,10720092,172748,3497988,15047.567,7331.355,0,321.551,0,30.145,6434,9364,5.120,2.700,1.560,6,0,48.233,0,0,14,25,0,19,0
30-07 11:51:34,77.370,20.400,1.493,0,0,1924216,10668752,172764,3497904,564.225,0,0,147.276,0,6.966,6913,15021,5.120,2.700,1.560,5,0,50.750,0,0,14,26,0,20,0
30-07 11:51:35,82.960,13.575,2.765,0,0,1953512,10639268,172780,3498188,542.004,148.825,0,172.959,0,9.050,6538,7635,5.190,2.750,1.580,4,0,0,0,0,14,27,0,21,0
30-07 11:51:36,73.293,22.037,1.981,0,0,1935032,10657664,172796,3498256,14832.857,7386.715,0,2392.907,0,386.272,6922,11325,5.190,2.750,1.580,6,0,72.302,0,0,14,27,0,19,0
30-07 11:51:37,80.178,16.485,1.748,0,0,1968684,10623896,172844,3498320,538.517,0,0,263.764,0,21.980,6909,11729,5.190,2.750,1.580,5,0,29.973,0,0,14,27,0,19,0
30-07 11:51:38,70.506,12.661,14.151,0,0,1984104,10608256,172860,3498516,701.088,0,0,111.221,0,6.951,7906,10351,5.190,2.750,1.580,3,0,0,0,0,14,28,0,19,0
30-07 11:51:39,79.796,17.733,3.040,0,0,1971992,10620308,172876,3498556,15763.690,7690.841,0,121.594,0,7.093,6329,9722,5.190,2.750,1.580,4,0,40.531,0,0,14,27,0,19,0
30-07 11:51:40,77.220,19.742,1.499,0,0,1901732,10690260,172892,3498844,419.836,147.942,0,151.940,0,7.997,6865,9217,5.180,2.790,1.600,8,0,81.968,0,0,14,26,0,19,0
30-07 11:51:41,73.330,24.611,2.260,0,0,1882360,10709496,172908,3498988,661.977,0,0,120.542,0,7.032,7285,9522,5.180,2.790,1.600,5,0,100.452,0,0,14,26,0,19,0
30-07 11:51:42,82.166,13.986,1.498,0,0,1952860,10638936,172924,3499032,686.296,0,0,119.877,0,7.992,6847,8615,5.180,2.790,1.600,6,0,2.997,0,0,14,25,0,20,0
30-07 11:51:43,77.777,18.637,2.236,0,0,1914116,10677520,172996,3499112,15021.619,8066.926,0,326.017,0,29.819,6746,7523,5.180,2.790,1.600,6,0,100.389,0,0,14,26,0,20,0
30-07 11:51:44,77.251,20.500,1.000,0,0,1933988,10657612,173012,3499128,867.014,0,0,128.002,0,7.000,6173,7087,5.180,2.790,1.600,5,0,1.000,0,0,14,27,0,20,0
30-07 11:51:45,86.745,11.533,1.755,0,0,1993172,10598392,173028,3499148,993.803,148.419,0,136.385,0,8.023,6565,8384,5.400,2.870,1.640,6,0,2.006,0,0,14,26,0,20,0
30-07 11:51:46,73.425,24.308,1.754,0,0,1883672,10707776,173076,3499212,392.936,0,0,208.497,0,19.045,5970,6105,5.400,2.870,1.640,5,0,98.234,0,0,14,26,0,20,0
30-07 11:51:47,81.849,15.519,1.252,0,0,1952716,10638504,173092,3499420,16537.951,7503.052,0,152.184,0,9.011,7030,7737,5.400,2.870,1.640,7,0,0,0,0,14,26,0,21,0
30-07 11:51:48,81.182,13.696,2.988,0,0,2003604,10587404,173108,3499616,749.063,0,0,119.531,0,7.969,6927,10036,5.400,2.870,1.640,6,0,1.992,0,0,14,27,0,23,0
30-07 11:51:49,75.607,15.071,8.038,0.251,0,1989576,10601268,173220,3499660,1138.373,0,0,446.106,0,45.213,6912,8841,5.400,2.870,1.640,5,0,39.185,0,0,14,25,0,22,0
30-07 11:51:50,71.666,25.720,0.999,0,0,1887376,10703448,173236,3499664,626.266,147.827,0,139.836,0,7.991,6727,6626,5.450,2.930,1.660,5,0,110.870,0,0,14,25,0,22,0
30-07 11:51:51,78.346,20.525,0.751,0,0,1862540,10728268,173252,3499680,359.442,0,0,1241.527,0,11.014,6403,6198,5.450,2.930,1.660,6,0,61.075,0,0,14,25,0,22,0
30-07 11:51:52,79.407,16.180,2.738,0,0,1932724,10657876,173268,3499864,238.969,0,0,163.295,0,8.961,6639,7131,5.450,2.930,1.660,7,0,0,0,0,14,26,0,23,0
30-07 11:51:53,82.242,13.749,2.000,0,0,1955092,10635452,173284,3499904,15420.526,7523.281,0,111.989,0,6.999,6461,8466,5.450,2.930,1.660,4,0,8.999,0,0,14,27,0,22,0
30-07 11:51:54,58.508,19.095,17.626,0,0,2008064,10582280,173300,3500084,1007.612,0,0,133.173,0,7.834,7173,9120,5.450,2.930,1.660,4,0,86.171,0,0,14,27,0,24,0
30-07 11:51:55,87.332,13.061,1.024,0,0,1962988,10627296,173316,3500128,841.049,194.640,0,118.833,0,9.220,5524,10538,5.580,3,1.690,5,0,1.024,0,0,14,26,0,25,0
30-07 11:51:56,71.853,26.631,1.005,0,0,1806016,10784220,173348,3500140,361.776,0,0,6017.535,0,582.861,5903,5490,5.580,3,1.690,6,0,154.760,0,0,14,24,0,25,0
30-07 11:51:57,78.083,20.021,0.751,0,0,1872608,10717596,173380,3500140,806.860,0,0,272.290,0,37.039,6190,5533,5.580,3,1.690,5,0,18.019,0,0,14,24,0,23,0
30-07 11:51:58,79.460,17.934,0.747,0,0,1927720,10662436,173396,3500172,701.437,0,0,151.447,0,6.975,5228,3252,5.580,3,1.690,5,0,66.756,0,0,14,25,0,23,0
30-07 11:51:59,79.718,17.189,2.740,0,0,1953660,10636256,173444,3500360,357.733,0,0,251.111,0,19.929,6164,8168,5.580,3,1.690,5,0,0,0,0,14,27,0,23,0
30-07 11:52:00,83.005,12.001,3.750,0,0,1923848,10665964,173532,3500372,15811.031,7780.507,0,364.024,0,36.002,6533,8896,5.770,3.080,1.720,5,0,16.001,0,0,14,26,0,23,0
30-07 11:52:01,66.783,29.434,1.979,0.247,0,1870516,10719204,173580,3500408,619.348,0,0,340.345,0,21.766,5692,5423,5.770,3.080,1.720,4,0,173.140,0,0,14,25,0,23,0
30-07 11:52:02,75.259,22.477,1.768,0,0,1907264,10682404,173596,3500440,857.651,0,0,117.182,0,7.071,5772,5717,5.770,3.080,1.720,4,0,43.438,0,0,14,25,0,23,0
30-07 11:52:03,82.545,14.301,2.509,0,0,1922584,10666852,173628,3500636,360.287,0,0,168.602,0,13.047,5716,7285,5.770,3.080,1.720,5,0,2.007,0,0,14,25,0,25,0
30-07 11:52:04,75.118,9.421,11.652,0,0,1927556,10661776,173724,3500644,118.999,0,0,360.963,0,37.683,7382,8797,5.770,3.080,1.720,6,0,0.992,0,0,14,26,0,25,0
30-07 11:52:05,69.758,24.769,5.560,0,0,1841112,10747972,173740,3500872,302.287,149.627,0,121.319,0,7.077,6008,6462,5.790,3.130,1.750,4,0,90.989,0,0,14,24,0,26,0
30-07 11:52:06,69.901,28.709,0.999,0,0,1777500,10811564,173756,3500872,419.407,0,0,167.763,0,8.987,4778,2339,5.790,3.130,1.750,4,0,140.801,0,0,14,24,0,26,0
30-07 11:52:07,80.581,15.717,1.996,0,0,1877340,10711588,173836,3500904,11243.400,3957.693,0,1496.858,0,53.887,5391,4134,5.790,3.130,1.750,5,0,5.987,0,0,14,25,0,26,0
30-07 11:52:08,58.680,10.692,27.102,0,0,1905732,10683152,173836,3500944,48479.970,26388.285,0,0,0,0,7065,8427,5.790,3.130,1.750,4,0,0,0,0,14,27,0,27,0
30-07 11:52:09,65.893,11.481,20.467,0,0,1906708,10682144,173836,3500976,30085.179,15053.572,0,0,0,0,7301,8019,5.790,3.130,1.750,3,0,1.997,0,0,14,27,0,27,0
30-07 11:52:10,57.191,18.481,21.728,0,0,1857764,10730820,173876,3501196,15140.488,7760.050,0,215.779,0,15.984,7582,8128,5.560,3.120,1.750,4,0,42.956,0,0,14,27,0,28,0
30-07 11:52:11,73.250,16.362,9.062,0,0,1811160,10777328,173924,3501244,27166.619,567068.567,0,201.376,0,18.124,6789,7080,5.560,3.120,1.750,5,0,48.330,0,0,14,25,0,29,0
30-07 11:52:12,47.422,30.787,19.366,0,0,1731012,10857468,173940,3501236,44440.548,22655.265,0,190.681,0,9.931,5549,3847,5.560,3.120,1.750,3,0,174.791,0,0,14,24,0,29,0
30-07 11:52:13,60.921,15.544,23.065,0,0,1769280,10819164,173956,3501252,29718.515,14699.308,0,144.406,0,9.025,5412,4205,5.560,3.120,1.750,3,0,3.008,0,0,14,25,0,26,0
30-07 11:52:14,65.115,10.519,22.289,0,0,1818180,10770112,174036,3501320,30215.388,15170.805,0,320.566,0,33.058,6208,5661,5.560,3.120,1.750,3,0,1.002,0,0,14,24,0,26,0
30-07 11:52:15,54.363,20.199,23.441,0,0,1769004,10819252,174052,3501340,15166.798,7425.297,0,151.618,0,7.980,5618,4249,5.360,3.120,1.760,3,0,60.847,0,0,14,25,0,26,0
30-07 11:52:16,63.933,10.239,22.976,0,0,1811332,10776916,174068,3501332,14780.590,7288.401,0,151.842,0,7.992,6313,5866,5.360,3.120,1.760,4,0,0,0,0,14,25,0,26,0
30-07 11:52:17,59.257,17.827,21.845,0,0,1837440,10750748,174084,3501372,15383.632,7394.026,0,4495.472,0,488.114,6568,5405,5.360,3.120,1.760,4,0,34.148,0,0,14,25,0,25,0
30-07 11:52:18,63.807,11.421,22.096,0,0,1876196,10711940,174100,3501408,15078.236,7567.421,0,127.117,0,8.938,5931,5759,5.360,3.120,1.760,3,0,1.986,0,0,14,26,0,26,0
30-07 11:52:19,57.662,9.357,31.866,0,0,1870472,10717608,174116,3501444,821.425,0,0,149.718,0,8.093,6978,7488,5.360,3.120,1.760,2,0,0,0,0,14,27,0,27,0
30-07 11:52:20,55.666,16.800,24.824,0,0,1745548,10842412,174196,3501484,15249.513,8019.936,0,304.910,0,32.096,5760,4715,5.090,3.100,1.760,4,0,78.233,0,0,14,24,0,28,0
30-07 11:52:21,52.532,23.764,23.014,0,0,1770836,10817120,174212,3501472,581.349,0,0,120.072,0,7.004,4110,2038,5.090,3.100,1.760,3,0,57.034,0,0,14,24,0,28,0
30-07 11:52:22,62.018,11.659,24.559,0,0,1831088,10756696,174236,3501616,14806.889,7596.940,0,309.593,0,13.892,4434,2928,5.090,3.100,1.760,4,0,0,0,0,14,24,0,28,0
30-07 11:52:23,62.490,10.911,23.806,0,0,1831260,10756472,174268,3501632,3063.980,2164.326,0,150.769,0,14.879,6488,6290,5.090,3.100,1.760,4,0,0,0,0,14,26,0,28,0
30-07 11:52:24,48.375,8.314,40.060,0,0,1830952,10756472,174284,3501924,15316.662,7419.481,0,64.500,0,8.062,6737,7617,5.090,3.100,1.760,2,0,3.023,0,0,14,27,0,29,0
30-07 11:52:25,56.721,9.995,30.484,0,0,1782808,10804356,174500,3501964,538.724,147.924,0,1819.068,0,112.942,7316,7752,5.080,3.140,1.780,3,0,9.995,0,0,14,26,0,31,0
30-07 11:52:26,53.130,21.151,24.173,0,0,1722080,10865064,174516,3501968,362.591,0,0,84.605,0,6.043,5881,5534,5.080,3.140,1.780,5,0,64.461,0,0,14,25,0,30,0
30-07 11:52:27,58.377,15.898,23.848,0,0,1766116,10820992,174516,3502000,15562.572,7249.682,0,0,0,0,5052,3833,5.080,3.140,1.780,3,0,34.778,0,0,14,24,0,30,0
30-07 11:52:28,56.382,19.633,23.409,0,0,1786828,10800272,174516,3502008,3239.978,1824.376,0,197.339,0,33.225,4600,2651,5.080,3.140,1.780,3,0,51.348,0,0,14,24,0,30,0
30-07 11:52:29,62.678,11.104,22.949,0,0,1796836,10790204,174556,3502024,472.800,0,0,161.877,0,15.793,5989,5227,5.080,3.140,1.780,5,0,0,0,0,14,25,0,31,0
30-07 11:52:30,52.374,22.052,23.807,0,0,1771940,10814932,174564,3502184,15219.134,7527.873,0,40.095,0,4.010,6533,6141,5,3.150,1.790,3,0,92.219,0,0,14,25,0,28,0
30-07 11:52:31,58.116,17.034,22.795,0,0,1750668,10836128,174620,3502200,540.073,0,0,268.534,0,23.046,6088,5586,5,3.150,1.790,4,0,30.060,0,0,14,25,0,29,0
30-07 11:52:32,46.489,29.743,22.745,0,0,1730248,10856536,174636,3502196,866.791,0,0,115.972,0,5.999,5487,3780,5,3.150,1.790,3,0,153.963,0,0,14,25,0,29,0
30-07 11:52:33,59.002,17.000,23.001,0,0,1771800,10814956,174652,3502204,479.012,0,0,120.003,0,8.000,4564,3084,5,3.150,1.790,3,0,2.000,0,0,14,25,0,29,0
30-07 11:52:34,58.216,20.152,19.903,0,0,1822332,10764324,174732,3503328,15109.163,7260.519,0,290.580,0,31.844,5542,6695,5,3.150,1.790,8,0,100.509,0,0,14,25,0,25,0
30-07 11:52:35,61.963,17.310,20.069,0,0,1866076,10720528,174780,3502224,808.780,148.511,0,236.814,0,21.072,5504,12899,5.160,3.210,1.820,4,0,30.103,0,0,14,25,0,27,0
30-07 11:52:36,52.643,22.060,23.564,0,0,1835584,10750972,174780,3502272,764.077,0,0,4.011,0,1.003,5571,5492,5.160,3.210,1.820,3,0,62.169,0,0,14,25,0,27,1
30-07 11:52:37,63.599,11.180,22.856,0,0,1882428,10704100,174780,3502296,416.378,0,0,604.195,0,3.975,6415,6233,5.160,3.210,1.820,3,0,0,0,0,14,26,0,28,0
30-07 11:52:38,57.254,10.547,29.380,0,0,1897956,10688372,174804,3502468,14922.260,7394.836,0,108.482,0,9.040,6948,7374,5.160,3.210,1.820,4,0,0,0,0,14,25,0,26,0
30-07 11:52:39,62.066,15.138,21.950,0,0,1807124,10779128,174868,3502480,828.561,0,0,4085.282,0,493.504,7069,6469,5.160,3.210,1.820,4,0,34.313,0,0,14,25,0,26,0
30-07 11:52:40,57.918,17.152,22.869,0,0,1812384,10773840,174868,3502508,802.396,188.916,0,11.932,0,0.994,5681,4641,4.900,3.190,1.820,5,0,29.829,0,0,14,24,0,26,0
30-07 11:52:41,56.088,19.606,22.088,0,0,1767972,10818244,174868,3502516,415.946,0,0,0,0,0,4581,2686,4.900,3.190,1.820,4,0,42.687,0,0,14,25,0,26,0
30-07 11:52:42,63.443,10.783,24.575,0,0,1812284,10773920,174868,3502528,467.423,0,0,4.012,0,1.003,5687,5268,4.900,3.190,1.820,4,0,2.006,0,0,14,26,0,26,0
30-07 11:52:43,58.770,10.253,28.510,0,0,1824216,10761824,174868,3502688,1310.444,0,0,4.001,0,1.000,7041,7738,4.900,3.190,1.820,5,0,0,0,0,14,26,0,27,0
30-07 11:52:44,53.995,7.499,34.747,0,0,1824168,10761824,174876,3502728,14974.536,7589.258,0,159.984,0,16.998,6964,7514,4.900,3.190,1.820,3,0,1.000,0,0,14,26,0,27,0
30-07 11:52:45,53.261,19.254,24.505,0,0,1749740,10836220,174876,3502760,589.126,148.032,0,0,0,0,7144,7386,4.830,3.210,1.830,3,0,66.014,0,0,14,26,0,27,0
30-07 11:52:46,56.002,20.090,22.350,0,0,1664512,10921400,174908,3502776,180.812,0,0,104.469,0,13.059,5477,4018,4.830,3.210,1.830,3,0,80.361,0,0,14,24,0,26,0
30-07 11:52:47,43.281,33.580,21.143,0,0,1732124,10853756,174908,3502804,237.798,0,0,3.980,0,0.995,5179,3139,4.830,3.210,1.830,3,0,166.160,0,0,14,24,0,26,0
30-07 11:52:48,44.157,11.039,43.154,0,0,1765260,10820604,174908,3502816,629.240,0,0,1746.217,0,311.108,4498,3013,4.830,3.210,1.830,4,0,22.079,0,0,14,26,0,26,0
30-07 11:52:49,38.423,13.722,46.406,0,0,1748144,10837584,174956,3502900,720.548,0,0,335.324,0,33.932,4273,3276,4.830,3.210,1.830,2,0,53.891,0,0,14,25,0,26,0
30-07 11:52:50,37.341,15.538,45.861,0.251,0,1742488,10842920,174972,3503200,523.271,148.360,0,80.195,0,6.015,5332,5028,4.600,3.190,1.830,2,0,41.100,0,0,14,24,0,23,0
30-07 11:52:51,32.763,20.758,44.767,0,0,1731544,10853856,174972,3503208,45100.613,37278.558,0,8.003,0,2.001,4241,2257,4.600,3.190,1.830,3,0,104.041,0,0,14,24,0,23,0
30-07 11:52:52,40.256,10.501,47.257,0,0,1769496,10815896,174972,3503216,29656.137,15080.104,0,8.001,0,1.000,3717,2827,4.600,3.190,1.830,3,0,0,0,0,14,25,0,23,0
30-07 11:52:53,44.947,7.491,45.446,0,0,1791348,10794040,174972,3503220,29801.746,15383.801,0,3.995,0,0.999,5344,5176,4.600,3.190,1.830,3,0,0,0,0,14,26,0,24,0
30-07 11:52:54,41.370,10.716,45.856,0,0,1740192,10845132,175004,3503248,15054.564,7919.048,0,163.485,0,12.959,4578,4066,4.600,3.190,1.830,2,0,32.896,0,0,14,25,0,22,0
30-07 11:52:55,41.871,10.781,46.886,0,0,1722348,10862968,175036,3503224,15078.655,7790.555,0,116.337,0,13.038,4546,4133,4.390,3.170,1.830,4,0,0,0,0,14,24,0,22,0
30-07 11:52:56,40.056,11.516,48.068,0,0,1703536,10881740,175036,3503264,14997.122,7666.798,0,0,0,0,3037,1930,4.390,3.170,1.830,2,0,5.007,0,0,14,25,0,22,0
30-07 11:52:57,43.698,8.740,45.696,0,0,1743272,10841992,175036,3503276,28345.546,444906.907,0,0,0,0,4512,3835,4.390,3.170,1.830,3,0,1.998,0,0,14,25,0,23,1
30-07 11:52:58,43.797,8.009,46.050,0,0,1743252,10841992,175036,3503292,480.519,0,0,4.004,0,1.001,5083,4896,4.390,3.170,1.830,3,0,0,0,0,14,25,0,22,0
30-07 11:52:59,37.965,14.986,44.459,0,0,1687504,10897684,175060,3503324,17589.692,123319.668,0,87.918,0,8.992,5612,5394,4.390,3.170,1.830,5,0,56.947,0,0,14,25,0,24,0
30-07 11:53:00,40.039,13.013,47.046,0,0,1667796,10917340,175100,3503332,420.409,148.144,0,140.136,0,17.017,3585,2666,4.200,3.150,1.840,5,0,7.007,0,0,14,24,0,24,0
30-07 11:53:01,41.648,8.978,48.132,0,0,1722212,10862920,175100,3503336,15177.926,7278.222,0,3.990,0,0.998,2990,1686,4.200,3.150,1.840,2,0,0,0,0,14,25,0,24,0
30-07 11:53:02,43.329,9.016,46.084,0,0,1739404,10845560,175100,3503504,420.764,0,0,0,0,0,4259,3641,4.200,3.150,1.840,2,0,0,0,0,14,25,0,24,0
30-07 11:53:03,40.469,11.917,45.186,0,0,1675304,10909592,175140,3503532,15273.022,7245.722,0,162.870,0,16.883,5430,5471,4.200,3.150,1.840,3,0,37.738,0,0,14,25,0,24,0
30-07 11:53:04,34.347,17.800,45.879,0,0,1616840,10968008,175176,3503540,688.937,0,0,300.846,0,43.121,4571,3764,4.200,3.150,1.840,2,0,68.192,0,0,14,24,0,24,0
30-07 11:53:05,39.877,11.286,48.404,0,0,1678580,10906268,175176,3503540,883.805,148.471,0,0,0,0,2583,1330,4.030,3.130,1.840,3,0,1.003,0,0,14,24,0,24,0
30-07 11:53:06,43.480,8.496,46.728,0,0,1738008,10846600,175408,3503544,14968.978,7292.579,0,2926.627,0,142.933,3854,2840,4.030,3.130,1.840,4,0,1.999,0,0,14,25,0,24,0
30-07 11:53:07,44.690,10.486,42.943,0,0,1737944,10846600,175448,3503564,538.279,0,0,131.823,0,15.979,5076,5212,4.030,3.130,1.840,5,0,2.996,0,0,14,26,0,21,0
30-07 11:53:08,33.856,18.307,44.890,0,0,1667600,10916912,175464,3503580,361.127,0,0,625.954,0,10.031,5535,5006,4.030,3.130,1.840,2,0,89.279,0,0,14,25,0,21,0
30-07 11:53:09,32.198,21.216,44.928,0,0,1618148,10966304,175512,3503588,15070.867,7511.971,0,267.572,0,20.966,4338,2816,4.030,3.130,1.840,2,0,108.826,0,0,14,24,0,21,0
30-07 11:53:10,27.016,28.767,43.276,0,0,1664444,10919980,175528,3503600,480.291,148.090,0,164.099,0,12.007,4943,2991,3.860,3.110,1.840,3,0,164.099,0,0,14,25,0,21,0
30-07 11:53:11,38.011,13.004,47.013,0,0,1701196,10883188,175560,3503608,599.166,0,0,472.131,0,17.005,3879,3289,3.860,3.110,1.840,2,0,21.006,0,0,14,25,0,18,0
30-07 11:53:12,44.062,8.713,45.556,0,0,1739388,10844884,175560,3503720,684.085,0,0,3.983,0,0.996,5008,4757,3.860,3.110,1.840,2,0,1.992,0,0,14,26,0,19,0
30-07 11:53:13,40.787,12.011,46.292,0,0,1693324,10890776,175592,3503856,15054.632,7759.026,0,136.123,0,14.013,4637,3885,3.860,3.110,1.840,2,0,30.027,0,0,14,25,0,19,0
30-07 11:53:14,40.921,11.297,46.193,0,0,1703112,10880948,175608,3503876,421.766,0,0,60.252,0,6.025,4645,4540,3.860,3.110,1.840,2,0,1.004,0,0,14,24,0,19,0
30-07 11:53:15,37.169,14.469,46.898,0,0,1731836,10852224,175608,3503876,1093.631,147.680,0,3.991,0,0.998,3504,2102,3.710,3.090,1.840,5,0,47.896,0,0,14,25,0,19,0
30-07 11:53:16,43.345,8.519,47.353,0,0,1731828,10852224,175608,3503884,300.656,0,0,4.009,0,1.002,3937,3224,3.710,3.090,1.840,2,0,0,0,0,14,25,0,19,0
30-07 11:53:17,44.110,7.476,45.854,0,0,1737084,10846944,175608,3503908,15439.006,7434.408,0,0,0,0,5598,5619,3.710,3.090,1.840,3,0,0,0,0,14,25,0,19,0
30-07 11:53:18,37.303,15.170,45.261,0,0,1706548,10877464,175608,3503924,743.069,0,0,3529.328,0,476.479,5612,4683,3.710,3.090,1.840,4,0,57.695,0,0,14,25,0,19,0
30-07 11:53:19,42.626,10.341,45.653,0,0,1745224,10838716,175656,3503948,604.335,0,0,294.601,0,20.178,5150,5000,3.710,3.090,1.840,2,0,0,0,0,14,25,0,17,0
30-07 11:53:20,45.004,7.001,46.504,0,0,1715656,10868232,175688,3503968,1134.088,148.012,0,112.009,0,12.001,4570,4192,3.580,3.070,1.840,2,0,2.000,0,0,14,24,0,17,0
30-07 11:53:21,26.469,28.466,42.949,0,0,1704400,10879412,175720,3504008,805.045,0,0,151.820,0,12.985,5288,3830,3.580,3.070,1.840,4,0,167.801,0,0,14,24,0,17,0
30-07 11:53:22,16.731,39.705,41.703,0,0,1655156,10928628,175720,3504036,479.456,0,0,7.991,0,0.999,5192,2999,3.580,3.070,1.840,5,0,254.711,0,0,14,24,0,17,0
30-07 11:53:23,20.043,9.771,69.398,0,0,1688160,10895496,175720,3504164,45678.407,58266.250,0,0,0,0,2219,1528,3.580,3.070,1.840,2,0,16.034,0,0,14,24,0,15,0
30-07 11:53:24,22.684,4.736,71.043,0,0,1717940,10865712,175768,3504120,30197.191,14711.222,0,658.086,0,28.916,2409,2013,3.580,3.070,1.840,3,0,2.991,0,0,14,25,0,15,0
30-07 11:53:25,22.300,5.512,71.410,0,0,1712336,10871232,175792,3504176,30285.697,14935.385,0,88.197,0,10.022,3060,2955,3.370,3.040,1.830,1,0,0,0,0,14,25,0,15,0
30-07 11:53:26,17.764,10.258,70.806,0,0,1627696,10955840,175816,3504180,15288.147,7343.835,0,80.064,0,10.008,3117,2632,3.370,3.040,1.830,1,0,45.036,0,0,14,24,0,15,0
30-07 11:53:27,14.001,13.251,71.506,0,0,1648980,10934552,175816,3504184,15216.380,7428.674,0,0,0,0,2662,1808,3.370,3.040,1.830,2,0,56.005,0,0,14,24,0,12,0
30-07 11:53:28,21.492,4.998,72.723,0,0,1683124,10900408,175840,3504160,15537.189,7455.212,0,235.912,0,10.996,1714,1154,3.370,3.040,1.830,1,0,0,0,0,14,24,0,12,0
30-07 11:53:29,21.943,5.236,72.063,0,0,1693212,10890264,175864,3504192,11177.987,3824.074,0,71.814,0,8.977,2350,2012,3.370,3.040,1.830,2,0,0,0,0,14,24,0,12,0
30-07 11:53:30,23.296,4.258,70.389,0,0,1692116,10891280,175936,3504200,4436.732,3941.758,0,276.544,0,30.059,3586,3835,3.180,3,1.830,1,0,2.004,0,0,14,24,0,12,0
30-07 11:53:31,11.009,16.514,70.810,0,0,1659288,10924096,175936,3504212,15348.064,7692.548,0,4.003,0,1.001,3239,2124,3.180,3,1.830,1,0,94.080,0,0,14,24,0,11,0
30-07 11:53:32,19.247,7.249,72.987,0,0,1691352,10892032,175984,3504164,359.936,0,0,647.885,0,28.995,1824,1367,3.180,3,1.830,1,0,0,0,0,14,24,0,11,0
30-07 11:53:33,21.757,5.002,71.522,0,0,1710548,10872760,176016,3504208,15813.763,7460.247,0,120.036,0,12.004,2512,2231,3.180,3,1.830,1,0,2.001,0,0,14,24,0,11,0
30-07 11:53:34,22.482,4.247,71.194,0,0,1707112,10876180,176016,3504224,299.763,0,0,0,0,0,3055,3097,3.180,3,1.830,1,0,0.999,0,0,14,25,0,11,0
30-07 11:53:35,35.896,12.713,48.609,0,0,1714756,10868504,176020,3504236,15171.082,7745.578,0,183.469,0,34.899,5456,15581,3.010,2.970,1.820,1,0,35.896,0,0,14,25,0,10,0
30-07 11:53:36,19.830,8.283,70.284,0.251,0,1650692,10932516,176204,3504104,361.461,0,0,1855.501,0,108.438,3110,2809,3.010,2.970,1.820,1,0,32.130,0,0,14,24,0,10,0
30-07 11:53:37,20.488,6.246,73.207,0,0,1681416,10901636,176212,3504248,1000.410,0,0,35.979,0,4.997,1761,1235,3.010,2.970,1.820,1,0,0,0,0,14,24,0,10,0
30-07 11:53:38,22.009,4.502,72.029,0,0,1697080,10885964,176212,3504256,15282.093,7460.975,0,0,0,0,2296,1985,3.010,2.970,1.820,1,0,0,0,0,14,24,0,10,0
30-07 11:53:39,23.248,5.000,69.995,0,0,1688668,10894368,176212,3504264,598.958,0,0,1647.884,0,272.981,3829,3757,3.010,2.970,1.820,1,0,2.000,0,0,14,25,0,8,0
30-07 11:53:40,23.494,3.749,70.983,0,0,1685280,10897736,176212,3504280,821.800,147.964,0,59.985,0,4.999,3688,3909,2.920,2.950,1.830,1,0,0,0,0,14,24,0,8,0
30-07 11:53:41,10.480,19.962,68.121,0,0,1648852,10934104,176212,3504336,31421.435,42834.798,0,3.992,0,0.998,3683,2127,2.920,2.950,1.830,4,0,120.771,0,0,14,24,0,8,0
30-07 11:53:42,6.762,27.799,63.362,0,0,1644092,10938832,176228,3504348,61044.340,32219.182,0,144.256,0,6.011,4502,2781,2.920,2.950,1.830,2,0,168.299,0,0,14,24,0,8,0
30-07 11:53:43,27.164,26.915,44.110,0.249,0,1627648,10955200,176312,3504336,70778.419,591216.058,0,526.330,0,26.915,5039,3253,2.920,2.950,1.830,4,0,120.617,0,0,14,24,0,9,0
30-07 11:53:44,40.387,10.536,47.661,0,0,1702068,10880384,176356,3504688,49237.708,26419.450,172.584,120.408,6.020,6.020,3168,1852,2.920,2.950,1.830,2,0,1.003,0,0,14,24,0,9,0
30-07 11:53:45,42.006,8.501,47.257,1.500,0,1777572,10801812,176444,3507432,30185.506,15066.249,1772.265,864.129,21.003,7.001,3034,1557,2.850,2.940,1.830,2,0,5.001,0,0,14,26,0,9,0
30-07 11:53:46,37.293,15.414,38.039,4.724,0,1791980,10779912,180552,3510476,29667.255,14511.417,433.592,19837.838,16.906,1735.363,10316,14273,2.850,2.940,1.830,2,0,58.674,0,0,14,28,0,9,0
30-07 11:53:47,40.947,16.479,34.955,1.748,0,1794980,10767844,186152,3513468,15375.269,7286.649,0,31255.889,0,2486.809,13101,18750,2.850,2.940,1.830,7,0,59.923,0,0,14,28,0,9,0
30-07 11:53:48,37.616,16.551,34.606,5.266,0,1755456,10800604,191184,3514960,30917.075,15589.942,0,22677.738,0,2161.647,12520,17608,2.850,2.940,1.830,8,0,39.120,0,0,14,28,0,9,0
30-07 11:53:49,40.330,14.190,36.098,4.730,0,1765460,10786240,195552,3514816,44706.082,22184.748,0,25456.994,0,2002.582,11000,15812,2.850,2.940,1.830,3,0,11.950,0,0,14,28,0,9,0
30-07 11:53:50,42.057,11.333,45.583,0.756,0,1736924,10814212,196156,3514764,30138.890,15501.094,0,7780.768,0,487.557,4141,3149,2.940,2.950,1.840,3,0,7.051,0,0,14,24,0,9,0
30-07 11:53:51,43.531,8.006,47.283,0,0,1689448,10861588,196212,3514804,15165.657,7625.358,0,576.405,0,30.021,2968,1606,2.940,2.950,1.840,2,0,3.002,0,0,14,24,0,9,0
30-07 11:53:52,41.448,12.235,43.945,0,0,1732832,10816732,197540,3514900,15644.437,7610.483,0,8529.334,0,654.182,5903,6500,2.940,2.950,1.840,6,0,0.999,0,0,14,26,0,9,0
30-07 11:53:53,39.227,13.742,40.726,1.249,0,1767652,10777924,201188,3515140,44894.702,23552.204,0,8483.031,0,1402.179,12034,16043,2.940,2.950,1.840,2,0,0,0,0,14,26,0,9,0
30-07 11:53:54,40.797,12.592,43.315,1.511,0,1807672,10735348,203484,3515324,29869.219,15025.269,0,5866.664,0,906.593,8132,10176,2.940,2.950,1.840,2,0,5.037,0,0,14,24,0,9,0
30-07 11:53:55,28.339,20.136,49.469,0.249,0,1707288,10835648,203548,3515336,30527.817,14992.946,0,851.171,0,40.769,4182,2300,2.870,2.940,1.840,1,0,98.442,0,0,14,24,0,9,0
30-07 11:53:56,20.255,8.252,70.018,0,0,1752604,10789696,204164,3515340,60361.582,30883.972,0,7717.992,0,326.084,3021,2907,2.870,2.940,1.840,1,0,0,0,0,14,24,0,8,0
30-07 11:53:57,22.980,6.245,70.188,0.250,0,1765076,10777148,204236,3515340,58209.835,590780.718,0,711.375,0,31.972,2476,1807,2.870,2.940,1.840,1,0,3.996,0,0,14,24,0,8,0
30-07 11:53:58,20.523,6.007,72.580,0,0,1788036,10754180,204244,3515340,30327.268,15094.558,0,28.031,0,3.003,1863,1365,2.870,2.940,1.840,1,0,0,0,0,14,24,0,8,0
30-07 11:53:59,21.982,3.247,72.939,1.249,0,1781344,10760828,204244,3515380,15388.232,7451.817,39.967,0,2.998,0,1573,963,2.870,2.940,1.840,1,0,0,0,0,14,24,0,8,0
30-07 11:54:00,20.186,6.480,72.023,0,0,1767628,10774520,204244,3515404,15180.068,7743.549,0,239.245,0,56.821,1877,1281,2.720,2.910,1.830,1,0,2.991,0,0,14,24,0,4,0
30-07 11:54:01,21.069,5.518,72.488,0,0,1767616,10774520,204244,3515412,45009.019,23822.343,0,8.026,0,2.007,1867,1369,2.720,2.910,1.830,1,0,0,0,0,14,24,0,4,0
30-07 11:54:02,20.720,6.241,71.146,0,0,1778692,10763444,204244,3515412,30396.376,15055.897,0,0,0,0,1902,1238,2.720,2.910,1.830,1,0,1.997,0,0,14,24,0,4,0
30-07 11:54:03,22.272,5.255,72.320,0,0,1777796,10764284,204252,3515452,30469.669,15417.012,0,112.109,0,2.002,1857,1231,2.720,2.910,1.830,1,0,2.002,0,0,14,24,0,4,0
30-07 11:54:04,21.504,6.001,71.512,0,0,1697080,10844980,204308,3515416,14978.549,7459.270,0,404.069,0,27.005,2074,1711,2.720,2.910,1.830,1,0,2.000,0,0,14,24,0,4,0
30-07 11:54:05,20.990,6.747,71.218,0,0,1738760,10803072,204476,3515472,31692.572,15954.737,0,2043.070,0,104.952,2214,1793,2.580,2.870,1.830,1,0,0,0,0,14,24,0,4,0
30-07 11:54:06,22.512,5.003,71.287,0,0,1760364,10781468,204644,3515304,44813.570,22858.022,0,2785.465,0,151.079,2238,1530,2.580,2.870,1.830,1,0,4.002,0,0,14,24,0,4,0
30-07 11:54:07,19.996,4.749,72.487,1.500,0,1785668,10755788,204664,3515644,19161.633,9316.363,151.973,71.987,5.999,4.999,1699,1175,2.580,2.870,1.830,1,0,0,0,0,14,24,0,4,0
30-07 11:54:08,23.994,7.248,67.733,0,0,1733488,10807908,204668,3515692,26591.262,12728.775,0,0,0,0,2062,1208,2.580,2.870,1.830,1,0,6.998,0,0,14,24,0,4,0
30-07 11:54:09,19.523,7.259,72.085,0,0,1738816,10802580,204668,3515692,15744.550,7436.762,0,0,0,0,1917,1384,2.580,2.870,1.830,1,0,2.002,0,0,14,24,0,4,0
30-07 11:54:10,21.980,4.496,72.934,0,0,1771576,10769820,204668,3515692,16060.466,8510.299,0,35.967,0,0.999,1775,1200,2.450,2.840,1.820,1,0,0,0,0,14,24,0,4,0
30-07 11:54:11,21.271,6.507,71.822,0,0,1787440,10753956,204668,3515692,48269.229,24150.130,0,1629.628,0,162.162,2187,1239,2.450,2.840,1.820,1,0,2.002,0,0,14,24,0,4,0
30-07 11:54:12,18.243,8.747,72.223,0,0,1788868,10752516,204676,3515692,29644.918,14946.412,0,331.876,0,35.987,1902,1195,2.450,2.840,1.820,2,0,1.999,0,0,14,24,0,4,0
30-07 11:54:13,24.443,2.245,72.332,0,0,1784356,10756940,204676,3515776,15552.930,7506.591,0,3.991,0,0.998,1664,967,2.450,2.840,1.820,2,0,0,0,0,14,24,0,4,0
30-07 11:54:14,21.453,7.733,69.100,0,0,1728244,10812884,204736,3515892,47887.982,597873.358,0,462.994,0,23.948,2842,2097,2.450,2.840,1.820,3,0,1.996,0,0,14,24,0,4,0
30-07 11:54:15,23.082,4.014,72.508,0,0,1732212,10808868,204744,3515928,44720.289,22941.716,0,36.129,0,4.014,1909,1349,2.340,2.810,1.820,2,0,3.011,0,0,14,24,0,4,0
30-07 11:54:16,21.146,6.468,71.151,0,0,1728052,10813024,204744,3515928,30496.570,15816.501,0,1389.193,0,9.951,1965,1413,2.340,2.810,1.820,2,0,0,0,0,14,24,0,3,0
30-07 11:54:17,22.603,4.521,72.331,0,0,1728984,10812092,204744,3515928,44721.717,23290.615,0,132.607,0,30.138,1898,1326,2.340,2.810,1.820,2,0,0,0,0,14,24,0,3,0
30-07 11:54:18,20.783,5.509,72.866,0,0,1763268,10777808,204744,3515928,30662.742,14615.233,0,4.006,0,1.002,1948,1287,2.340,2.810,1.820,2,0,4.006,0,0,14,24,0,3,0
30-07 11:54:19,23.637,2.986,72.154,0,0,1766988,10774084,204744,3515932,15146.398,7261.195,0,3.981,0,0.995,1751,1116,2.340,2.810,1.820,2,0,0,0,0,14,24,0,3,0
30-07 11:54:20,20.836,6.276,72.298,0,0,1714352,10826688,204752,3515956,15162.468,7326.183,0,132.546,0,2.008,1831,1250,2.230,2.780,1.810,3,0,1.004,0,0,14,24,0,3,0
30-07 11:54:21,21.492,5.998,71.722,0,0,1746312,10794716,204760,3515960,45183.574,22977.138,0,783.698,0,1.999,1950,1424,2.230,2.780,1.810,3,0,1.999,0,0,14,24,0,3,0
30-07 11:54:22,22.911,3.237,72.469,0,0,1726328,10814624,204760,3515996,29886.238,14535.697,0,0,0,0,1740,1120,2.230,2.780,1.810,1,0,0.996,0,0,14,24,0,3,0
30-07 11:54:23,21.328,6.022,72.265,0,0,1736552,10804400,204760,3515996,30069.099,14808.221,0,136.500,0,32.118,1919,1419,2.230,2.780,1.810,1,0,0,0,0,14,24,0,3,0
30-07 11:54:24,21.963,4.492,71.628,0,0,1765396,10775492,204824,3515996,30636.813,15287.959,0,507.136,0,30.947,2100,1769,2.230,2.780,1.810,1,0,1.997,0,0,14,24,0,3,0
30-07 11:54:25,22.022,6.006,72.073,0,0,1783428,10757444,204832,3516004,44556.364,22270.674,0,36.037,0,4.004,2004,1340,2.130,2.750,1.810,1,0,3.003,0,0,14,24,0,3,0
30-07 11:54:26,23.771,3.003,72.564,0,0,1782456,10758412,204832,3516008,15113.426,7450.619,0,24.021,0,2.002,1714,1144,2.130,2.750,1.810,1,0,0,0,0,14,24,0,3,0
30-07 11:54:27,8.747,18.744,70.727,0,0,1732832,10807900,204840,3516116,31362.938,17090.517,0,0,0,0,3727,2308,2.130,2.750,1.810,1,0,113.963,0,0,14,24,0,3,0
30-07 11:54:28,7.504,25.265,64.037,0,0,1714232,10826468,204840,3516144,68521.912,479405.239,0,252.147,0,3.002,4764,3076,2.130,2.750,1.810,1,0,152.089,0,0,14,24,0,3,0
30-07 11:54:29,7.000,24.501,65.751,0,0,1701144,10839536,204840,3516144,62456.423,161661.682,0,252.006,0,3.000,4406,2671,2.130,2.750,1.810,1,0,150.003,0,0,14,24,0,3,0
30-07 11:54:30,6.253,25.764,66.285,0,0,1687896,10852760,204848,3516152,56434.160,28004.967,0,448.240,0,7.004,4356,2683,2.040,2.720,1.810,2,0,156.083,0,0,14,24,0,3,0
30-07 11:54:31,6.724,22.163,68.979,0,0,1672488,10868148,204852,3516168,50331.511,29711.419,0,127.500,0,5.977,3981,2553,2.040,2.720,1.810,1,0,115.547,0,0,14,24,0,3,0
30-07 11:54:32,6.502,23.756,68.017,0,0,1640376,10900248,204852,3516176,60959.134,33084.214,0,180.045,0,3.001,4197,2573,2.040,2.720,1.810,2,0,131.033,0,0,14,24,0,3,0
30-07 11:54:33,6.526,25.349,66.260,0,0,1630636,10909988,204852,3516176,61606.373,32465.198,0,534.093,0,98.385,4514,2679,2.040,2.720,1.810,1,0,146.574,0,0,14,24,0,3,0
30-07 11:54:34,9.487,24.716,62.915,0.250,0,1625184,10915360,204924,3516184,57800.489,439231.390,0,583.208,0,34.953,4717,3238,2.040,2.720,1.810,2,0,143.805,0,0,14,24,0,3,0
30-07 11:54:35,9.964,24.661,63.273,0.498,0,1630600,10909920,204936,3516980,61427.417,33587.389,7.971,35.871,1.993,2.989,4320,4636,1.960,2.690,1.800,5,0,150.460,0,0,14,24,0,3,0
30-07 11:54:36,15.764,31.028,50.295,0,0,1616776,10923740,204936,3516200,61004.956,33163.875,0,32.029,0,3.003,4987,9972,1.960,2.690,1.800,1,0,142.128,0,0,14,24,0,4,0
30-07 11:54:37,18.305,8.525,71.964,0,0,1640332,10900180,204936,3516204,44992.965,22940.304,0,4.012,0,1.003,2187,1644,1.960,2.690,1.800,1,0,14.042,0,0,14,24,0,3,0
30-07 11:54:38,21.238,5.747,72.458,0,0,1673864,10866664,204936,3516188,44653.914,22662.761,0,0,0,0,1865,1311,1.960,2.690,1.800,1,0,0,0,0,14,24,0,3,0
30-07 11:54:39,20.778,5.758,72.347,0,0,1709620,10830908,204936,3516188,29995.384,14611.672,0,0,0,0,1897,1274,1.960,2.690,1.800,1,0,4.005,0,0,14,24,0,3,0
30-07 11:54:40,22.750,4.250,72.249,0,0,1725236,10815284,204944,3516188,30003.766,14819.884,0,79.999,0,3.000,1849,1297,1.880,2.670,1.800,1,0,0,0,0,14,24,0,3,0
30-07 11:54:41,20.746,6.749,71.737,0,0,1702036,10838468,204944,3516204,16000.191,7574.670,0,87.985,0,2.000,1903,1364,1.880,2.670,1.800,1,0,1.000,0,0,14,24,0,3,0
30-07 11:54:42,22.169,4.982,71.738,0,0,1736072,10804452,204944,3516184,44457.502,22527.659,0,3.985,0,0.996,1959,1430,1.880,2.670,1.800,1,0,1.993,0,0,14,24,0,3,0
30-07 11:54:43,21.830,5.520,72.517,0,0,1752812,10787712,204944,3516184,30005.353,14645.864,0,4.015,0,1.004,1837,1222,1.880,2.670,1.800,1,0,2.007,0,0,14,24,0,3,0
30-07 11:54:44,22.945,4.240,71.829,0,0,1758760,10781764,204992,3516136,29888.746,14718.910,0,466.887,0,25.938,2013,1648,1.880,2.670,1.800,2,0,0,0,0,14,24,0,3,0
30-07 11:54:45,21.143,5.537,72.742,0,0,1725272,10815188,205000,3516192,15262.247,7412.142,0,28.191,0,3.020,1879,1347,1.810,2.640,1.790,1,0,4.027,0,0,14,24,0,1,0
30-07 11:54:46,20.665,5.229,72.204,0,0,1759224,10781232,205004,3516192,30349.502,15560.170,0,533.810,0,62.743,2008,1462,1.810,2.640,1.790,1,0,0,0,0,14,24,0,1,0
30-07 11:54:47,21.479,5.245,72.429,0,0,1780560,10759896,205004,3516192,29985.553,14937.331,0,0,0,0,1806,1252,1.810,2.640,1.790,1,0,1.998,0,0,14,24,0,1,0
30-07 11:54:48,22.162,4.980,71.714,0,0,1789400,10751056,205004,3516192,30043.247,14534.067,0,15.936,0,1.992,1789,1291,1.810,2.640,1.790,1,0,1.992,0,0,14,24,0,1,0
30-07 11:54:49,21.611,5.780,72.623,0.251,0,1669240,10871228,205004,3516180,30354.713,14896.415,0,329.691,0,75.387,1971,1254,1.810,2.640,1.790,2,0,2.010,0,0,14,24,0,1,0
30-07 11:54:50,20.741,5.997,72.469,0,0,1714624,10825840,205016,3516180,15567.298,8322.417,0,91.960,0,1.999,1780,1332,1.740,2.610,1.790,1,0,0,0,0,14,24,0,1,0
30-07 11:54:51,21.983,5.246,72.193,0,0,1730572,10809892,205016,3516180,45184.441,22636.186,0,0,0,0,1869,1187,1.740,2.610,1.790,2,0,3.997,0,0,14,24,0,1,0
30-07 11:54:52,21.266,7.255,70.803,0,0,1748104,10792356,205016,3516184,46653.131,759031.573,0,36.027,0,1.001,2217,1426,1.740,2.610,1.790,1,0,0,0,0,14,24,0,1,0
30-07 11:54:53,24.412,1.762,72.984,0,0,1743592,10796868,205016,3516184,15952.799,7574.232,0,28.187,0,2.013,1601,937,1.740,2.610,1.790,1,0,0,0,0,14,24,0,1,0
30-07 11:54:54,20.376,6.958,71.813,0,0,1722084,10818300,205064,3516212,15632.880,7448.678,0,381.678,0,24.849,1944,1707,1.740,2.610,1.790,1,0,2.982,0,0,14,24,0,1,0
30-07 11:54:55,21.474,5.493,72.164,0,0,1759792,10780584,205072,3516212,44805.312,22810.667,0,195.765,0,35.957,1945,1415,1.680,2.580,1.780,2,0,0.999,0,0,14,24,0,1,0
30-07 11:54:56,22.008,5.002,73.026,0,0,1798596,10741780,205072,3516212,30275.869,14745.294,0,0,0,0,1828,1151,1.680,2.580,1.780,1,0,2.001,0,0,14,24,0,1,0
30-07 11:54:57,21.238,4.997,72.458,0,0,1797040,10743336,205072,3516212,32408.220,15606.956,0,47.972,0,1.999,1787,1157,1.680,2.580,1.780,1,0,1.999,0,0,14,24,0,1,0
30-07 11:54:58,22.214,4.992,72.631,0,0,1759732,10780632,205072,3516224,15135.134,7445.767,0,0,0,0,1713,1143,1.680,2.580,1.780,3,0,0.998,0,0,14,24,0,1,0
30-07 11:54:59,21.064,6.018,71.969,0,0,1754796,10785596,205072,3516196,45056.003,23557.632,0,0,0,0,1858,1360,1.680,2.580,1.780,1,0,0,0,0,14,24,0,1,0
30-07 11:55:00,21.740,4.748,72.466,0,0,1754056,10786328,205080,3516196,29701.952,15070.872,0,191.909,0,33.984,1805,1211,1.710,2.570,1.790,1,0,3.998,0,0,14,24,0,1,0
30-07 11:55:01,22.751,5.000,71.504,0,0,1769504,10770872,205088,3516196,30274.648,15550.847,0,112.006,0,6.000,1908,1309,1.710,2.570,1.790,1,0,3.000,0,0,14,24,0,1,0
30-07 11:55:02,22.258,6.502,70.525,0,0,1699436,10840872,205088,3516264,15409.456,7850.780,0,64.023,0,3.001,1829,1204,1.710,2.570,1.790,1,0,1.000,0,0,14,24,0,1,0
30-07 11:55:03,22.708,4.242,72.365,0,0,1704884,10835504,205088,3516184,31115.001,16401.427,0,0,0,0,1779,1237,1.710,2.570,1.790,4,0,0.998,0,0,14,24,0,1,0
30-07 11:55:04,21.271,5.505,72.322,0,0,1737140,10803248,205088,3516184,44871.810,22396.366,0,0,0,0,1838,1213,1.710,2.570,1.790,1,0,3.003,0,0,14,24,0,1,0
30-07 11:55:05,22.245,4.749,71.983,0,0,1754328,10786060,205088,3516184,29919.909,15368.357,0,0,0,0,1775,1173,1.650,2.550,1.780,1,0,1.000,0,0,14,24,0,1,0
30-07 11:55:06,26.597,25.106,45.240,0,0,1760700,10779644,205096,3516196,25243.134,432100.249,0,652.257,0,93.464,5028,3108,1.650,2.550,1.780,2,0,190.904,0,0,14,24,0,1,0
30-07 11:55:07,27.145,27.397,44.991,0,0,1709280,10830932,205100,3516304,16290.306,74300.202,0,92.496,0,10.054,4892,3036,1.650,2.550,1.780,4,0,223.196,0,0,14,24,0,1,0
30-07 11:55:08,26.767,25.766,46.279,0,0,1737672,10802580,205100,3516260,45650.791,22852.413,0,20.013,0,3.002,4472,2712,1.650,2.550,1.780,1,0,158.100,0,0,14,24,0,1,0
30-07 11:55:09,20.716,6.240,72.380,0,0,1745068,10795172,205100,3516272,30025.073,14795.397,0,0,0,0,1886,1390,1.650,2.550,1.780,1,0,0.998,0,0,14,24,0,1,0
30-07 11:55:10,22.208,5.240,71.616,0,0,1769480,10770780,205100,3516252,59442.912,30870.309,0,0,0,0,1939,1325,1.600,2.520,1.780,1,0,1.996,0,0,14,24,0,1,0
30-07 11:55:11,20.845,6.028,72.582,0,0,1792576,10747668,205112,3516252,30562.914,15012.727,0,506.318,0,71.327,1932,1164,1.600,2.520,1.780,1,0,2.009,0,0,14,24,0,1,0
30-07 11:55:12,22.482,3.497,72.441,0,0,1781340,10758884,205112,3516272,15309.458,7290.028,0,287.764,0,53.956,1789,1090,1.600,2.520,1.780,1,0,0,0,0,14,24,0,1,0
30-07 11:55:13,20.233,6.494,72.438,0,0,1731208,10809016,205112,3516272,15206.009,7289.772,0,3.997,0,0.999,1888,1317,1.600,2.520,1.780,1,0,2.997,0,0,14,24,0,1,0
30-07 11:55:14,21.279,5.507,72.348,0,0,1711524,10828724,205112,3516248,44800.949,22965.243,0,0,0,0,1944,1467,1.600,2.520,1.780,1,0,0,0,0,14,24,0,1,0
30-07 11:55:15,23.240,3.499,72.470,0,0,1679768,10860456,205112,3516272,30164.455,14813.839,0,23.990,0,1.000,1846,1164,1.550,2.500,1.770,1,0,1.999,0,0,14,24,0,1,0
30-07 11:55:16,23.500,16.000,59.249,0,0,1699204,10841032,205112,3516260,30009.476,15225.734,0,8.000,0,2.000,3239,2125,1.550,2.500,1.770,1,0,88.998,0,0,14,24,0,1,0
30-07 11:55:17,21.506,4.751,72.520,0,0,1735836,10804388,205124,3516260,30587.250,16824.538,0,160.043,0,2.001,1807,1254,1.550,2.500,1.770,1,0,0,0,0,14,24,0,1,0
30-07 11:55:18,21.416,5.229,72.465,0,0,1767992,10772228,205124,3516264,36898.815,19005.221,0,3.984,0,0.996,1876,1249,1.550,2.500,1.770,1,0,1.992,0,0,14,24,0,1,0
30-07 11:55:19,22.758,5.002,72.027,0,0,1760472,10779748,205124,3516264,23019.571,11410.248,0,20.007,0,3.001,1822,1142,1.550,2.500,1.770,1,0,2.001,0,0,14,24,0,1,0
30-07 11:55:20,6.008,25.533,66.585,0,0,1715808,10824368,205124,3516308,60777.390,32559.459,0,72.092,0,3.004,4378,2680,1.510,2.470,1.770,1,0,153.195,0,0,14,24,0,1,0
30-07 11:55:21,8.504,25.513,63.532,0,0,1702224,10837952,205124,3516308,64716.526,638785.049,0,120.060,0,5.003,5027,2876,1.510,2.470,1.770,1,0,153.077,0,0,14,24,0,1,0
30-07 11:55:22,7.010,25.037,66.349,0,0,1684984,10855184,205132,3516308,60971.030,32033.827,0,484.724,0,81.121,4490,2686,1.510,2.470,1.770,1,0,149.223,0,0,14,24,0,1,0
30-07 11:55:23,16.452,10.719,71.793,0,0,1693924,10846240,205132,3516312,45262.237,23855.083,0,0,0,0,2152,1644,1.510,2.470,1.770,2,0,11.965,0,0,14,24,0,1,0
30-07 11:55:24,21.412,5.727,71.956,0,0,1736628,10803524,205132,3516324,44786.860,23133.404,0,3.984,0,0.996,1904,1386,1.510,2.470,1.770,2,0,0,0,0,14,24,0,1,0
30-07 11:55:25,23.586,3.513,72.011,0,0,1748028,10792116,205132,3516332,41510.636,19275.950,0,4.015,0,1.004,1846,1191,1.470,2.450,1.760,2,0,3.011,0,0,14,24,0,1,0
30-07 11:55:26,22.313,4.011,72.706,0,0,1714464,10825396,205136,3516604,19527.290,11652.995,0,0,0,0,1835,1143,1.470,2.450,1.760,1,0,9.026,0,0,14,24,0,1,0
30-07 11:55:27,19.260,7.254,72.287,0,0,1710400,10829460,205144,3516596,45602.170,25919.170,0,680.346,0,57.029,1988,1542,1.470,2.450,1.760,1,0,0,0,0,14,24,0,1,0
30-07 11:55:28,21.984,5.246,72.449,0,0,1729972,10809880,205144,3516604,29940.757,15265.169,0,0,0,0,1826,1156,1.470,2.450,1.760,1,0,1.999,0,0,14,24,0,1,0
30-07 11:55:29,21.771,6.006,71.820,0,0,1712108,10827740,205144,3516608,30379.639,14996.631,0,0,0,0,2079,1297,1.470,2.450,1.760,2,0,28.027,0,0,14,24,0,1,0
30-07 11:55:30,7.754,27.764,62.032,0.250,0,1688984,10850752,205144,3516724,46790.112,56517.124,40.021,4.002,2.001,1.001,4398,2779,1.430,2.420,1.760,1,0,176.091,0,0,14,24,0,1,0
30-07 11:55:31,6.729,24.673,66.043,0,0,1667756,10871972,205144,3516732,71090.330,472284.705,0,59.813,0,2.991,4476,2764,1.430,2.420,1.760,1,0,133.582,0,0,14,24,0,1,0
30-07 11:55:32,8.001,24.004,67.511,0,0,1663240,10876444,205152,3516736,64520.559,140338.968,0,156.026,0,5.001,4248,2558,1.430,2.420,1.760,2,0,129.021,0,0,14,24,0,1,0
30-07 11:55:33,6.252,25.509,66.274,0,0,1652636,10887044,205152,3516740,61468.408,31897.628,0,84.031,0,3.001,4346,2598,1.430,2.420,1.760,2,0,141.051,0,0,14,24,0,1,0
30-07 11:55:34,6.996,24.735,66.210,0,0,1644600,10895080,205152,3516740,45832.039,23999.358,0,0,0,0,4273,2516,1.430,2.420,1.760,1,0,141.913,0,0,14,24,0,1,0
30-07 11:55:35,6.491,24.967,65.913,0,0,1641516,10898160,205152,3516744,60858.892,32331.442,0,115.848,0,1.997,4354,2635,1.550,2.430,1.770,1,0,144.809,0,0,14,24,0,1,0
30-07 11:55:36,18.750,33.499,46.249,0,0,1643564,10896108,205152,3516748,62203.629,32485.284,0,91.998,0,2.000,5243,12342,1.550,2.430,1.770,1,0,176.996,0,0,14,24,0,2,0
30-07 11:55:37,6.752,25.258,66.021,0,0,1643520,10896144,205160,3516748,53773.972,27372.639,0,84.027,0,4.001,4346,2588,1.550,2.430,1.770,3,0,149.047,0,0,14,24,0,2,0
30-07 11:55:38,6.523,25.339,66.985,0,0,1639612,10900052,205160,3516748,54185.856,27829.509,0,0,0,0,4191,2559,1.550,2.430,1.770,1,0,139.489,0,0,14,24,0,1,0
30-07 11:55:39,5.986,25.442,66.349,0,0,1634016,10905640,205160,3516756,61164.245,31799.860,0,175.602,0,1.995,4265,2554,1.550,2.430,1.770,2,0,144.672,0,0,14,24,0,1,0
30-07 11:55:40,7.478,24.427,65.553,0,0,1614872,10924776,205160,3516764,73381.392,580887.669,0,263.209,0,2.991,4514,2688,1.510,2.410,1.760,2,0,140.577,0,0,14,24,0,1,0
30-07 11:55:41,6.023,25.348,66.255,0,0,1615944,10923704,205160,3516764,46556.534,23414.291,0,353.363,0,4.015,4272,2603,1.510,2.410,1.760,2,0,151.585,0,0,14,24,0,1,0
30-07 11:55:42,7.512,25.289,66.353,0,0,1614156,10925484,205168,3516764,61040.467,31550.828,0,520.806,0,8.012,4325,2686,1.510,2.410,1.760,1,0,149.231,0,0,14,24,0,1,0
30-07 11:55:43,6.969,24.143,67.201,0,0,1613228,10926404,205168,3516768,60729.191,32043.636,0,481.859,0,52.766,4258,2641,1.510,2.410,1.760,2,0,137.390,0,0,14,24,0,1,0
30-07 11:55:44,6.526,25.852,65.509,0,0,1615248,10924380,205168,3516772,61186.089,31677.335,0,353.398,0,4.016,4304,2593,1.510,2.410,1.760,1,0,142.564,0,0,14,24,0,1,0
30-07 11:55:45,6.245,25.728,65.943,0,0,1619752,10919876,205168,3516772,49408.330,23933.331,0,351.696,0,3.997,4319,2626,1.470,2.390,1.760,4,0,144.875,0,0,14,24,0,1,0
30-07 11:55:46,6.749,25.748,66.495,0,0,1618212,10921412,205168,3516776,57689.499,32135.493,0,263.979,0,3.000,4452,2744,1.470,2.390,1.760,1,0,155.988,0,0,14,24,0,1,0
30-07 11:55:47,6.010,25.290,66.356,0,0,1615560,10924056,205176,3516776,61558.993,31490.128,0,528.842,0,8.013,4344,2635,1.470,2.390,1.760,1,0,147.234,0,0,14,24,0,1,0
30-07 11:55:48,7.746,23.237,67.462,0,0,1605684,10933928,205176,3516780,74065.630,592263.187,0,163.908,0,32.982,4623,2991,1.470,2.390,1.760,1,0,129.927,0,0,14,24,0,1,0
30-07 11:55:49,6.239,23.210,68.132,0,0,1611052,10928552,205176,3516788,46341.906,24657.384,0,59.896,0,2.995,4213,2668,1.470,2.390,1.760,1,0,150.739,0,0,14,24,0,1,0
30-07 11:55:50,5.515,24.314,67.929,0,0,1600752,10938852,205176,3516788,60980.751,33061.152,0,56.148,0,2.005,4264,2658,1.590,2.400,1.760,1,0,146.386,0,0,14,24,0,1,0
30-07 11:55:51,6.246,23.733,68.201,0,0,1603688,10935908,205176,3516796,60835.714,32358.976,0,83.940,0,2.998,4143,2613,1.590,2.400,1.760,1,0,142.898,0,0,14,24,0,1,0
30-07 11:55:52,6.254,24.264,68.539,0,0,1602080,10937516,205184,3516788,60794.945,33169.066,0,144.083,0,4.002,4250,2643,1.590,2.400,1.760,1,0,150.086,0,0,14,24,0,1,0
30-07 11:55:53,5.496,24.481,67.698,0,0,1602688,10936892,205184,3516804,46272.461,24301.336,0,471.638,0,63.951,4201,2572,1.590,2.400,1.760,1,0,139.893,0,0,14,24,0,1,0
30-07 11:55:54,6.246,24.233,66.954,0,0,1607912,10931660,205184,3516808,60778.273,32523.671,0,11.992,0,2.998,4290,2592,1.590,2.400,1.760,2,0,143.901,0,0,14,24,0,1,0
30-07 11:55:55,6.758,25.028,66.075,0,0,1602868,10936704,205184,3516808,62083.436,31828.110,0,24.027,0,6.007,4485,2732,1.460,2.360,1.750,1,0,159.181,0,0,14,24,0,1,0
30-07 11:55:56,7.253,26.260,64.524,0,0,1605736,10933772,205248,3516808,71737.003,593093.252,0,916.345,0,43.016,4830,3199,1.460,2.360,1.750,1,0,159.060,0,0,14,24,0,1,0
30-07 11:55:57,5.989,24.706,67.380,0,0,1607232,10932256,205256,3516820,45713.533,24548.252,0,87.843,0,5.989,4175,2618,1.460,2.360,1.750,2,0,153.726,0,0,14,24,0,1,0
30-07 11:55:58,7.977,21.439,68.556,0,0,1611348,10928112,205256,3516828,60892.117,32645.849,0,87.752,0,2.992,4073,2574,1.460,2.360,1.750,1,0,114.676,0,0,14,24,0,1,0
30-07 11:55:59,16.829,32.150,49.230,0,0,1592924,10943340,205256,3519908,61228.965,32373.197,0,0,0,0,6688,10287,1.460,2.360,1.750,1,0,152.713,0,0,14,24,0,1,0
30-07 11:56:00,13.476,35.186,49.660,0.250,0,1603916,10932288,205328,3519892,45126.012,23086.056,0,578.948,0,29.946,5160,3212,1.430,2.330,1.750,4,0,207.623,0,0,14,24,0,3,0
30-07 11:56:01,25.405,30.387,42.342,0,0,1646968,10889208,205328,3519920,60892.000,31972.808,0,95.643,0,2.989,4865,2567,1.430,2.330,1.750,2,0,140.476,0,0,14,24,0,3,0
30-07 11:56:02,39.987,33.448,25.652,0,0,1709900,10826208,205360,3519956,60896.308,31299.190,0,237.405,0,15.089,5081,2695,1.430,2.330,1.750,4,0,156.929,0,0,14,24,0,3,0
30-07 11:56:03,40.909,54.713,3.765,0,0,1723408,10812632,205468,3519916,45913.858,24111.928,0,1152.490,0,109.426,5356,3751,1.430,2.330,1.750,6,0,414.615,0,0,14,24,0,5,0
30-07 11:56:04,60.786,38.022,0.750,0,0,1812032,10718056,206684,3524616,74128.715,585057.021,1140.673,9657.695,137.081,728.430,6963,4626,1.430,2.330,1.750,4,0,196.116,0,0,14,24,0,7,0
30-07 11:56:05,82.858,15.474,0.998,0,0,1907116,10618596,207004,3527620,44375.081,22832.936,15.973,1924.707,0.998,53.908,5132,2596,1.630,2.360,1.760,4,0,11.980,0,0,14,26,0,8,0
30-07 11:56:06,66.024,21.513,6.182,2.967,0,1929160,10584576,212252,3533772,15140.471,7363.015,423.344,26180.047,8.902,2163.207,12578,17475,1.630,2.360,1.760,4,0,70.228,0,0,14,30,0,8,0
30-07 11:56:07,56.554,22.522,14.514,3.003,0,1958440,10543500,218076,3539272,30287.993,14834.200,0,44658.750,0,2929.805,14934,21427,1.630,2.360,1.760,7,0,67.064,0,0,14,30,0,8,0
30-07 11:56:08,53.695,24.840,12.295,4.767,0,1959608,10532216,223684,3543440,15395.924,7322.598,0,51996.871,0,3122.341,14259,21612,1.630,2.360,1.760,5,1,60.219,0,0,14,28,0,8,0
30-07 11:56:09,54.059,28.161,11.063,4.526,0,1937512,10546500,227516,3547228,15366.869,7337.959,0,38371.410,0,2441.963,13341,19021,1.630,2.360,1.760,4,1,98.564,0,0,14,28,0,8,0
30-07 11:56:10,61.183,20.064,9.908,4.706,0,1960708,10514352,232036,3551388,416.142,0,0,34349.566,0,2392.818,12565,18453,1.980,2.420,1.790,4,0,64.403,0,0,14,28,0,8,0
30-07 11:56:11,62.017,21.933,10.588,3.529,0,1989684,10478356,236392,3553852,15342.790,7506.522,0,42510.065,0,2575.451,13725,19487,1.980,2.420,1.790,6,0,60.504,0,0,14,32,0,9,0
30-07 11:56:12,48.216,19.386,22.120,4.722,0,1983404,10477152,241240,3556260,15413.103,7636.962,0,42246.854,0,2701.071,14601,21153,1.980,2.420,1.790,4,0,61.637,0,0,14,37,0,9,0
30-07 11:56:13,47.564,22.412,20.918,4.731,0,1910456,10542672,245740,3559000,44596.619,22095.602,0,36417.601,0,2396.629,12902,18482,1.980,2.420,1.790,4,0,92.638,0,0,14,36,0,9,0
30-07 11:56:14,43.009,30.936,20.876,3.521,0,1874916,10573776,249020,3560024,29710.945,14813.218,0,22374.760,0,1786.761,11764,14976,1.980,2.420,1.790,3,0,106.642,0,0,14,34,0,9,0
30-07 11:56:15,43.151,29.433,20.703,2.993,0,1908276,10535812,252556,3560960,15403.789,7279.360,0,21873.999,0,1783.922,12362,15902,2.220,2.460,1.800,5,0,140.678,0,0,14,37,0,9,0
30-07 11:56:16,40.710,26.135,19.852,10.303,0,1893316,10542200,256788,3565516,15999.349,7971.027,3518.108,34316.629,44.228,2462.676,13936,19528,2.220,2.460,1.800,7,0,81.419,0,0,14,37,0,9,0
30-07 11:56:17,46.843,29.338,15.532,3.205,0,1881936,10549240,259932,3566088,14951.199,7354.794,0,25375.915,0,1796.787,12921,19130,2.220,2.460,1.800,7,0,73.962,0,0,14,37,0,9,0
30-07 11:56:18,49.205,32.804,14.635,2.523,0,1874776,10553924,261580,3566768,15176.432,7691.169,16.149,20477.484,1.009,1473.636,11918,17732,2.220,2.460,1.800,6,1,104.971,0,0,14,37,0,10,0
30-07 11:56:19,50.107,29.062,15.533,2.756,0,1835172,10591068,263156,3567564,15067.271,7474.008,1066.284,16684.736,22.047,1449.104,10784,14674,2.220,2.460,1.800,9,0,104.223,0,0,14,36,0,10,0
30-07 11:56:20,42.924,31.694,18.717,3.494,0,1857168,10565880,265268,3568564,15350.902,6344.800,794.597,23338.801,12.977,1906.634,11917,16487,2.290,2.470,1.810,10,0,120.787,0,0,14,36,0,10,0
30-07 11:56:21,37.548,15.019,36.296,5.257,0,1879348,10540616,266876,3569960,44395.335,24623.245,0,32020.632,0,2449.108,12759,18664,2.290,2.470,1.810,4,0,30.038,0,0,14,36,0,10,0
30-07 11:56:22,39.471,14.489,35.224,5.746,0,1871136,10544092,269448,3571936,29510.563,15390.820,0,32976.046,0,2478.200,13318,19441,2.290,2.470,1.810,8,0,28.979,0,0,14,37,0,11,0
30-07 11:56:23,39.563,11.695,39.065,4.230,0,1856964,10553844,272184,3573520,15364.224,7261.604,0,22975.173,0,1768.623,11838,16658,2.290,2.470,1.810,3,0,23.887,0,0,14,37,0,11,0
30-07 11:56:24,36.779,15.115,36.275,6.046,0,1850644,10554768,276104,3574860,15090.522,7515.032,0,36230.958,0,2840.557,14850,20189,2.290,2.470,1.810,4,0,24.184,0,0,14,37,0,11,0
30-07 11:56:25,34.131,18.685,36.871,5.232,0,1786364,10612588,280412,3576848,15042.370,7497.767,0,27252.648,0,2251.124,13309,18595,2.340,2.480,1.820,4,0,105.630,0,0,14,36,0,12,0
30-07 11:56:26,36.317,19.536,33.562,5.009,0,1794444,10597008,284900,3579672,24988.058,445380.933,0,31946.885,0,2332.299,13628,19212,2.340,2.480,1.820,2,1,67.124,0,0,14,36,0,12,0
30-07 11:56:27,38.156,16.210,35.662,5.736,0,1848544,10536540,289848,3580916,18295.817,145584.464,0,34023.974,0,2595.590,13283,18818,2.340,2.480,1.820,2,0,33.916,0,0,14,36,0,12,0
30-07 11:56:28,40.607,13.702,35.624,4.982,0,1850372,10529516,293860,3581968,239.157,0,0,27471.214,0,2162.382,12556,17493,2.340,2.480,1.820,8,0,16.940,0,0,14,37,0,13,0
30-07 11:56:29,38.192,13.568,38.694,5.025,0,1844760,10530072,297456,3583300,15171.104,7332.784,0,25234.586,0,1891.488,12147,17681,2.340,2.480,1.820,3,0,21.106,0,0,14,37,0,14,0
30-07 11:56:30,39.427,12.227,37.431,4.991,0,1842440,10526312,301944,3584696,299.448,0,0,31266.335,0,2247.854,13028,18999,2.240,2.460,1.810,4,0,17.967,0,0,14,37,0,14,0
30-07 11:56:31,42.208,11.669,42.953,1.490,0,1718640,10648772,303160,3584824,14812.498,7392.842,0,10423.867,0,677.313,5715,5663,2.240,2.460,1.810,3,0,37.739,0,0,14,34,0,15,0
30-07 11:56:32,26.304,27.316,45.274,0,0,1701308,10665972,303288,3584840,303.512,0,0,1481.139,0,75.878,4635,2566,2.240,2.460,1.810,3,0,138.604,0,0,14,32,0,15,0
30-07 11:56:33,25.493,16.995,56.983,0.500,0,1711608,10655296,303640,3584856,45753.739,37585.106,0,4670.646,0,230.933,4289,3217,2.240,2.460,1.810,2,0,74.978,0,0,14,32,0,15,0
30-07 11:56:34,22.314,4.711,69.173,0,0,1708060,10658812,303656,3584872,32800.607,16542.122,0,4327.927,0,204.297,4038,3932,2.240,2.460,1.810,1,0,1.983,0,0,14,33,0,15,0
30-07 11:56:35,24.654,5.032,69.435,0,0,1704780,10662080,303656,3584880,26273.633,12878.699,0,0,0,0,4332,4736,2.140,2.430,1.810,3,0,1.006,0,0,14,33,0,15,0
30-07 11:56:36,21.046,6.765,70.906,0,0,1622892,10743812,303656,3585036,29939.703,14934.774,0,4.009,0,1.002,3210,2742,2.140,2.430,1.810,2,0,33.073,0,0,14,32,0,15,0
30-07 11:56:37,27.505,18.503,52.510,0,0,1652036,10714668,303656,3585036,15037.786,7297.352,0,4.001,0,1.000,3482,11454,2.140,2.430,1.810,1,0,60.011,0,0,14,32,0,16,0
30-07 11:56:38,21.723,4.245,72.911,0,0,1684032,10682664,303664,3585036,14897.791,7610.698,0,91.888,0,3.995,1640,1141,2.140,2.430,1.810,1,0,0,0,0,14,32,0,16,0
30-07 11:56:39,21.750,6.500,71.248,0,0,1680920,10685768,303664,3585040,820.981,0,0,4155.905,0,20.000,2165,1619,2.140,2.430,1.810,1,0,0,0,0,14,32,0,17,0
30-07 11:56:40,24.506,4.001,70.518,0,0,1681164,10685516,303664,3585048,15045.779,7459.874,0,1712.430,0,298.075,3777,3108,2.050,2.410,1.800,1,0,2.001,0,0,14,32,0,16,0
30-07 11:56:41,16.266,11.762,71.322,0,0,1649820,10716784,303724,3585068,15464.539,7613.650,0,564.567,0,30.030,2516,2074,2.050,2.410,1.800,1,0,34.034,0,0,14,32,0,16,0
30-07 11:56:42,21.496,4.749,72.738,0,0,1659388,10707208,303732,3585068,419.930,0,0,35.994,0,3.999,1654,1094,2.050,2.410,1.800,1,0,0,0,0,14,32,0,16,0
30-07 11:56:43,22.005,4.751,72.265,0,0,1682288,10684304,303732,3585072,15218.189,7297.529,0,4.001,0,1.000,2170,1649,2.050,2.410,1.800,1,0,2.000,0,0,14,32,0,16,0
30-07 11:56:44,18.742,7.996,71.968,0,0,1635624,10730928,303760,3585084,539.763,0,0,399.824,0,15.993,2847,2406,2.050,2.410,1.800,1,0,34.985,0,0,14,32,0,16,0
30-07 11:56:45,17.501,10.250,71.752,0,0,1671700,10694852,303772,3585072,14975.444,7296.217,0,192.006,0,8.000,2204,1597,1.880,2.370,1.790,1,0,26.001,0,0,14,32,0,16,0
30-07 11:56:46,21.752,4.750,72.507,0,0,1709508,10657032,303780,3585076,932.092,148.015,0,36.004,0,3.000,1758,1207,1.880,2.370,1.790,1,0,2.000,0,0,14,33,0,16,0
30-07 11:56:47,22.733,4.747,71.947,0,0,1706020,10660496,303780,3585096,658.515,0,0,0,0,0,2956,2901,1.880,2.370,1.790,2,0,0,0,0,14,33,0,16,0
30-07 11:56:48,19.010,8.504,70.286,0,0,1676184,10690320,303780,3585108,15103.654,7461.781,0,4.002,0,1.001,3223,2755,1.880,2.370,1.790,2,0,38.019,0,0,14,32,0,16,0
30-07 11:56:49,18.001,8.751,72.256,0,0,1684580,10681924,303780,3585108,239.018,0,0,24.002,0,4.000,1943,1411,1.880,2.370,1.790,1,0,7.001,0,0,14,32,0,16,0
30-07 11:56:50,21.487,5.247,72.954,0,0,1691564,10674940,303780,3585108,299.813,0,0,0,0,0,1653,1103,1.810,2.350,1.790,1,0,0,0,0,14,32,0,16,0
30-07 11:56:51,23.518,4.503,71.554,0,0,1694308,10672168,303832,3585084,15286.613,7653.814,0,444.338,0,26.020,2882,2840,1.810,2.350,1.790,1,0,0,0,0,14,33,0,16,0
30-07 11:56:52,22.234,4.996,70.949,0,0,1605252,10761148,303864,3585128,299.784,0,0,135.902,0,15.988,3469,3598,1.810,2.350,1.790,1,0,12.991,0,0,14,32,0,16,0
30-07 11:56:53,4.754,25.023,68.062,0,0,1608732,10757620,303892,3585148,419.381,0,0,328.298,0,20.018,4209,2520,1.810,2.350,1.790,1,0,158.144,0,0,14,32,0,16,0
30-07 11:56:54,5.496,25.982,65.954,0,0,1610896,10755356,303912,3585224,941.350,0,0,251.826,0,13.990,4354,2462,1.810,2.350,1.790,2,0,164.886,0,0,14,32,0,16,0
30-07 11:56:55,5.994,25.474,66.682,0,0,1612880,10753344,303912,3585252,31994.569,77017.932,0,3.996,0,0.999,4367,2585,1.750,2.320,1.780,1,0,160.837,0,0,14,32,0,16,0
30-07 11:56:56,7.495,26.981,63.954,0,0,1620452,10745764,303912,3585260,60718.310,32370.708,0,11.991,0,2.998,4488,2758,1.750,2.320,1.780,3,0,174.874,0,0,14,32,0,16,0
30-07 11:56:57,27.493,36.491,33.992,0,0,1626380,10739768,303968,3585268,55065.907,452482.416,0,395.906,0,21.995,5674,3671,1.750,2.320,1.780,4,0,192.954,0,0,14,34,0,19,0
30-07 11:56:58,59.942,16.119,23.423,0,0,1732960,10632884,304080,3585456,64532.112,140367.619,0,564.162,0,43.320,4448,2555,1.750,2.320,1.780,4,0,20.149,0,0,14,32,0,22,0
30-07 11:56:59,60.881,15.032,24.052,0,0,1852348,10511964,304136,3586852,44951.682,22612.635,0,184.397,0,6.013,3836,1812,1.750,2.320,1.780,3,0,2.004,0,0,14,32,0,22,0
30-07 11:57:00,63.424,11.736,23.721,0.749,0,1947276,10414720,304216,3588732,29957.935,15257.632,11.986,379.543,1.998,9.988,3618,1562,1.930,2.350,1.800,3,0,0,0,0,14,32,0,22,0
30-07 11:57:01,63.846,9.689,23.352,1.987,0,2051032,10307688,304280,3591668,29643.572,15070.712,790.999,1927.811,10.931,67.573,3907,1647,1.930,2.350,1.800,4,0,7.950,0,0,14,32,0,22,0
30-07 11:57:02,50.906,17.134,23.839,3.228,0,2055848,10290868,309144,3598328,29798.691,15515.185,0,30315.202,0,2341.184,13286,19573,1.930,2.350,1.800,3,0,104.295,0,0,14,38,0,22,0
30-07 11:57:03,38.608,21.560,29.081,4.513,0,2055632,10278016,315956,3604232,44450.782,22015.306,0,65895.499,0,4027.215,19245,27205,1.930,2.350,1.800,2,1,114.318,0,0,14,38,0,22,0
30-07 11:57:04,36.289,19.139,31.069,6.462,0,2057096,10264688,321892,3609808,15229.330,7319.384,0,53385.175,0,3450.908,16848,24098,1.930,2.350,1.800,6,1,118.311,0,0,14,38,0,16,0
30-07 11:57:05,34.568,17.663,34.568,7.822,0,2057324,10253348,327916,3614552,30459.585,15734.946,0,52774.141,0,3709.168,16746,24101,1.930,2.350,1.800,2,0,106.986,0,0,14,38,0,16,0
30-07 11:57:06,33.602,18.419,32.607,8.214,0,2057252,10242764,334276,3618528,44361.002,23026.781,0,56276.624,0,3615.109,17007,25256,1.930,2.350,1.800,6,0,71.685,0,0,14,38,0,16,0
30-07 11:57:07,49.988,19.745,21.245,5.999,0,1939564,10350120,339116,3623716,45125.934,22494.484,0,32863.941,0,2406.410,13811,19060,1.930,2.350,1.800,3,1,124.969,0,0,14,36,0,16,0
30-07 11:57:08,41.346,26.061,21.550,6.014,0,1939888,10339284,344516,3628468,60494.829,32477.607,0,44772.228,0,2981.942,15283,21465,1.930,2.350,1.800,4,0,123.287,0,0,14,36,0,15,0
30-07 11:57:09,48.270,20.651,21.398,5.723,0,1978916,10290928,349900,3632140,55651.333,456681.906,0,52453.599,0,3332.093,16617,22600,1.930,2.350,1.800,4,1,66.682,0,0,14,36,0,15,0
30-07 11:57:10,51.546,14.332,25.145,5.029,0,2024664,10234984,353584,3638344,33546.857,152917.103,0,24870.980,0,1768.165,11293,14605,2.020,2.360,1.810,2,1,3.017,0,0,14,36,0,15,0
30-07 11:57:11,46.985,18.244,23.743,6.248,0,2056084,10190912,358648,3645508,30727.350,14735.372,0,53767.114,0,3070.036,14972,20867,2.020,2.360,1.810,6,0,1.999,0,0,14,38,0,15,0
30-07 11:57:12,42.519,20.759,26.012,6.003,0,2010352,10227200,364320,3649000,30073.399,15514.913,0,53215.710,0,3219.434,15928,22505,2.020,2.360,1.810,3,0,64.029,0,0,14,36,0,14,0
30-07 11:57:13,28.775,22.769,33.779,6.756,0,1992544,10239136,368144,3650888,49066.876,23227.824,0,48869.708,0,3266.788,15210,22968,2.020,2.360,1.810,9,0,91.078,0,0,14,36,0,14,0
30-07 11:57:14,34.310,14.917,35.553,7.707,0,1984424,10241896,371616,3652636,40788.000,21928.498,0,41756.633,0,3017.282,14723,21498,2.020,2.360,1.810,4,0,59.669,0,0,14,36,0,14,0
30-07 11:57:15,43.255,11.751,42.505,1.000,0,1833252,10391900,372556,3652840,25706.168,11101.368,0,12461.536,0,698.086,5398,5421,2.420,2.430,1.830,5,0,58.007,0,0,14,32,0,14,0
30-07 11:57:16,6.800,30.976,60.693,0,0,1702360,10522696,372620,3652864,50772.808,41775.095,0,890.504,0,42.309,4891,3116,2.420,2.430,1.830,1,0,201.471,0,0,14,32,0,14,0
30-07 11:57:17,22.025,6.507,70.331,0.751,0,1733412,10491268,372988,3652864,61701.919,32285.108,0,6447.411,0,307.353,2639,2480,2.420,2.430,1.830,1,0,0,0,0,14,32,0,14,0
30-07 11:57:18,20.904,5.475,72.167,0,0,1759896,10464784,372988,3652864,43945.415,21787.561,0,3.982,0,0.995,1858,1320,2.420,2.430,1.830,1,0,0.995,0,0,14,32,0,14,0
30-07 11:57:19,21.561,5.516,72.456,0,0,1791284,10433396,372988,3652864,30267.156,14862.306,0,4.011,0,1.003,1860,1230,2.420,2.430,1.830,2,0,2.006,0,0,14,32,0,14,0
30-07 11:57:20,23.213,3.994,72.383,0,0,1812912,10411764,372988,3652868,14832.058,7284.242,0,0,0,0,1858,1262,2.300,2.410,1.830,1,0,1.997,0,0,14,36,0,14,0
30-07 11:57:21,25.786,2.003,70.098,0,0,1800004,10424640,373016,3652872,54613.645,455284.952,0,368.517,0,59.083,2636,2251,2.300,2.410,1.830,1,0,0,0,0,14,38,0,13,0
30-07 11:57:22,19.256,9.753,70.772,0,0,1727388,10497216,373048,3652876,62833.182,159372.653,0,176.054,0,19.006,2880,2086,2.300,2.410,1.830,1,0,30.009,0,0,14,32,0,13,0
30-07 11:57:23,21.509,5.002,72.031,0,0,1724964,10499624,373064,3652876,47675.823,25819.277,0,180.079,0,9.004,1940,1383,2.300,2.410,1.830,1,0,1.000,0,0,14,32,0,13,0
30-07 11:57:24,21.739,5.497,72.463,0,0,1744684,10479888,373076,3652880,44065.561,22206.692,0,179.908,0,8.995,1864,1303,2.300,2.410,1.830,1,0,0,0,0,14,32,0,13,0
30-07 11:57:25,22.222,5.243,72.160,0,0,1777404,10447144,373100,3652880,15597.470,7286.876,0,223.720,0,12.984,1916,1296,2.200,2.390,1.820,3,0,4.994,0,0,14,32,0,12,0
30-07 11:57:26,24.497,2.000,72.492,0,0,1783484,10441020,373132,3652892,30176.747,15944.281,0,179.981,0,17.998,2047,1622,2.200,2.390,1.820,1,0,0,0,0,14,34,0,12,0
30-07 11:57:27,9.232,31.188,57.636,0,0,1727932,10496516,373176,3652900,60653.197,32695.419,0,678.659,0,60.880,4795,3012,2.200,2.390,1.820,3,0,188.627,0,0,14,32,0,12,0
30-07 11:57:28,10.246,45.734,41.985,0,0,1720944,10503480,373192,3652908,47750.945,27178.293,0,211.924,0,13.995,5662,3419,2.200,2.390,1.820,4,0,293.895,0,0,14,32,0,12,0
30-07 11:57:29,9.780,44.639,42.382,0,0,1718424,10505988,373192,3652920,61227.598,33624.672,0,16.050,0,4.012,5615,3350,2.200,2.390,1.820,2,0,271.846,0,0,14,32,0,10,0
30-07 11:57:30,11.197,45.037,41.056,0,0,1709040,10515360,373192,3652932,60475.510,37808.888,0,3268.516,0,20.901,5632,3378,2.340,2.410,1.840,5,0,279.675,0,0,14,32,0,10,0
30-07 11:57:31,10.051,50.003,37.439,0,0,1686036,10538344,373192,3652952,58054.351,588431.364,0,28.142,0,7.036,5928,3552,2.340,2.410,1.840,4,0,324.640,0,0,14,32,0,10,0
30-07 11:57:32,9.995,48.973,38.979,0,0,1673692,10550684,373192,3652956,60853.551,32112.349,0,299.835,0,66.963,5785,3526,2.340,2.410,1.840,2,0,314.827,0,0,14,32,0,10,0
30-07 11:57:33,10.006,48.527,39.272,0,0,1655908,10568456,373196,3652960,61091.981,32081.845,0,208.116,0,9.005,5702,3421,2.340,2.410,1.840,2,0,302.168,0,0,14,32,0,8,0
30-07 11:57:34,5.503,31.516,61.032,0,0,1644940,10579284,373208,3653088,60994.895,32955.233,0,276.144,0,14.007,4577,2888,2.340,2.410,1.840,1,0,196.103,0,0,14,32,0,8,0
30-07 11:57:35,3.250,7.000,89.001,0,0,1644816,10579400,373208,3653096,48803.674,23598.326,0,1528.021,0,65.001,1867,1535,2.240,2.390,1.830,0,0,31.000,0,0,14,32,0,8,0
30-07 11:57:36,5.487,10.725,81.806,1.247,0,1632244,10591828,373244,3653188,51653.745,24643.673,99.764,263.377,6.983,11.972,2361,2206,2.240,2.390,1.830,3,0,36.913,0,0,13,12,0,8,20
30-07 11:57:37,16.043,32.587,48.881,0.251,0,1640956,10583028,373280,3653240,53678.719,31153.410,36.097,421.128,2.005,19.051,5133,12435,2.240,2.390,1.830,1,0,173.464,0,0,14,12,0,9,20
30-07 11:57:38,6.248,23.741,68.973,0,0,1633292,10590684,373280,3653248,61084.067,33744.779,0,3.998,0,1.000,4206,2716,2.240,2.390,1.830,1,0,142.944,0,0,14,12,0,9,20
30-07 11:57:39,7.496,25.235,65.711,0,0,1638116,10585824,373304,3653260,55163.213,462353.191,0,1007.401,0,197.882,4795,2629,2.240,2.390,1.830,1,0,123.926,0,0,14,12,0,9,20
30-07 11:57:40,7.004,24.263,66.537,0,0,1635052,10588884,373304,3653264,63574.965,148035.416,0,12.007,0,3.002,4262,2626,2.220,2.380,1.830,2,0,122.067,0,0,14,12,0,9,20
30-07 11:57:41,15.162,22.370,60.150,0,0,1634892,10589020,373308,3653264,59878.375,31407.141,0,87.491,0,3.977,4494,5072,2.220,2.380,1.830,1,0,81.525,0,0,14,12,0,7,20
30-07 11:57:42,18.801,24.316,55.650,0,0,1632020,10591888,373308,3653268,45085.767,23645.863,0,8.022,0,2.005,5269,5713,2.220,2.380,1.830,3,0,83.225,0,0,14,12,0,7,20
30-07 11:57:43,26.390,27.137,44.813,0.249,0,1670164,10552892,373316,3654064,45893.808,26202.840,19.917,7.967,0.996,1.992,4887,2676,2.220,2.380,1.830,2,0,136.432,0,0,14,12,0,7,20
30-07 11:57:44,8.060,23.929,65.994,0,0,1684312,10538540,373316,3654272,61160.044,35086.774,153.147,0,2.015,0,4349,2766,2.220,2.380,1.830,1,0,139.041,0,0,16,12,0,7,20
30-07 11:57:45,7.750,24.000,66.500,0,0,1691340,10531504,373316,3654280,60167.360,31518.189,0,12.000,0,3.000,4123,2702,2.120,2.360,1.830,2,0,119.001,0,0,16,12,0,7,20
30-07 11:57:46,6.743,24.725,66.681,0,0,1693216,10529584,373320,3654284,60623.694,32140.967,0,271.721,0,5.994,4251,2756,2.120,2.360,1.830,1,0,125.871,0,0,16,12,0,7,20
30-07 11:57:47,11.013,29.285,57.319,0,0,1705396,10517400,373320,3654752,46188.665,23740.611,0,8.010,0,2.002,5303,5414,2.120,2.360,1.830,1,0,125.151,0,0,16,12,0,7,20
30-07 11:57:48,19.711,24.202,54.642,0,0,1681368,10541424,373320,3654748,63417.812,597744.040,0,806.408,0,3.992,5753,5980,2.120,2.360,1.830,1,0,65.870,0,0,16,12,0,7,20
30-07 11:57:49,20.646,19.900,57.461,0,0,1695672,10527080,373320,3654312,59621.438,31495.753,0,11.940,0,1.990,4118,2728,2.120,2.360,1.830,3,0,66.665,0,0,16,12,0,7,20
30-07 11:57:50,20.134,25.167,52.851,0.503,0,1728040,10494360,373320,3654652,45675.374,25775.198,4.027,0,1.007,0,4606,2935,2.110,2.350,1.830,1,0,137.916,0,0,18,12,0,7,20
30-07 11:57:51,6.996,23.236,67.209,0,0,1737800,10484564,373324,3654664,60322.600,34697.063,0,175.894,0,2.998,4344,3011,2.110,2.350,1.830,1,0,133.919,0,0,18,12,0,7,20
30-07 11:57:52,8.001,23.253,66.509,0,0,1735688,10486668,373324,3654668,60524.470,32204.507,0,12.002,0,3.000,4370,2907,2.110,2.350,1.830,1,0,118.017,0,0,18,12,0,7,20
30-07 11:57:53,6.253,25.261,66.278,0,0,1736672,10485684,373324,3654668,45042.059,23139.791,0,12.005,0,3.001,4319,2920,2.110,2.350,1.830,3,0,122.052,0,0,18,12,0,7,20
30-07 11:57:54,15.759,24.264,58.284,0,0,1735984,10486364,373324,3655148,59794.695,31106.049,0,348.202,0,4.002,4990,5565,2.110,2.350,1.830,1,0,85.049,0,0,18,12,0,7,20
30-07 11:57:55,18.751,22.501,57.753,0,0,1735696,10486656,373324,3655148,45487.011,23067.020,0,4.000,0,1.000,5046,6185,2.020,2.330,1.820,1,0,69.003,0,0,18,12,0,7,20
30-07 11:57:56,25.184,22.962,49.381,0,0,1772244,10450020,373336,3654744,56649.924,57813.342,0,165.920,0,2.963,4737,3241,2.020,2.330,1.820,4,0,80.985,0,0,18,12,0,7,20
30-07 11:57:57,59.386,20.900,21.155,0,0,1990876,10231384,373388,3654696,57456.467,554262.168,0,0,0,0,4598,3014,2.020,2.330,1.820,15,0,18.351,0,0,20,12,0,5,20
30-07 11:57:58,82.751,17.000,0,0,0,2181320,10040368,373388,3655212,31034.343,15066.166,0,0,0,0,5006,3367,2.020,2.330,1.820,15,0,6.000,0,0,20,12,0,5,20
30-07 11:57:59,86.744,12.999,0,0,0,2314660,9906596,373400,3655632,18861.691,11051.233,0,27.998,0,1.000,5111,3638,2.020,2.330,1.820,9,0,41.997,0,0,20,12,0,5,20
30-07 11:58:00,26.565,20.110,50.896,0,0,2379764,9840880,373404,3656016,45102.369,25474.854,0,19.862,0,4.965,4438,3366,2.260,2.370,1.840,1,0,104.275,0,0,20,12,0,5,20
30-07 11:58:01,6.497,23.739,68.217,0,0,2381248,9839368,373412,3656024,47860.072,26479.315,0,467.776,0,6.997,4468,3197,2.260,2.370,1.840,3,0,142.932,0,0,20,12,0,1,20
30-07 11:58:02,7.968,24.652,64.493,0,0,2384656,9835868,373412,3656068,59869.141,31890.766,0,11.952,0,2.988,4393,3065,2.260,2.370,1.840,2,0,111.555,0,0,20,12,0,1,20
30-07 11:58:03,7.780,24.596,65.254,0,0,2351272,9869248,373412,3656072,60522.272,31241.447,0,2843.052,0,442.721,5186,3115,2.260,2.370,1.840,1,0,121.472,0,0,20,12,0,1,20
30-07 11:58:04,11.484,23.468,62.664,0,0,2344688,9875828,373412,3656552,45348.909,23192.246,0,7.989,0,1.997,5288,5439,2.260,2.370,1.840,5,0,102.859,0,0,20,12,0,1,20
30-07 11:58:05,18.990,33.982,45.726,0,0,2337044,9883372,373416,3656476,44711.515,22620.119,0,123.935,0,2.998,5053,5801,2.720,2.470,1.870,2,0,182.904,0,0,20,12,0,1,20
30-07 11:58:06,20.756,22.257,55.016,0,0,2339028,9881292,373416,3656084,61260.050,31413.256,0,572.169,0,72.021,4497,3271,2.720,2.470,1.870,2,0,92.027,0,0,20,12,0,1,20
30-07 11:58:07,26.800,20.538,52.097,0,0,2374020,9846292,373416,3656088,73556.041,596691.687,0,8.015,0,2.004,4592,3066,2.720,2.470,1.870,1,0,91.170,0,0,20,12,0,1,20
30-07 11:58:08,16.255,13.004,69.272,0,0,2375260,9844548,373416,3656544,30187.754,15082.874,0,524.169,0,100.032,3090,2448,2.720,2.470,1.870,1,0,45.015,0,0,21,12,0,2,20
30-07 11:58:09,13.489,14.738,69.941,0,0,2387520,9832280,373416,3656552,60426.139,33130.114,0,0,0,0,3324,2764,2.720,2.470,1.870,1,0,52.955,0,0,21,12,0,2,20
30-07 11:58:10,22.008,6.252,70.526,0,0,2421500,9798284,373428,3656552,31169.557,15481.740,0,208.077,0,2.001,2291,2010,2.580,2.440,1.870,1,0,2.001,0,0,21,12,0,2,20
30-07 11:58:11,23.497,5.249,69.990,0,0,2440980,9778776,373452,3656556,29586.873,14737.944,0,107.985,0,12.998,3059,3186,2.580,2.440,1.870,1,0,0,0,0,21,12,0,2,10
30-07 11:58:12,22.994,5.998,69.481,0,0,2438292,9781416,373480,3656576,29745.890,14588.023,0,691.811,0,21.994,3261,3296,2.580,2.440,1.870,1,0,0,0,0,21,17,0,3,2
30-07 11:58:13,22.000,6.750,69.752,0,0,2416148,9803240,373540,3656840,15779.355,7362.166,0,344.008,0,34.001,3309,3392,2.580,2.440,1.870,1,0,11.000,0,0,21,14,0,7,0
30-07 11:58:14,6.757,25.778,64.821,0,0,2417460,9801908,373540,3656860,15593.158,14133.552,0,4.004,0,1.001,4729,3209,2.580,2.440,1.870,1,0,156.172,0,0,21,14,0,7,0
30-07 11:58:15,6.245,26.728,65.195,0,0,2411764,9807604,373540,3656860,45512.738,24495.407,0,7.993,0,1.998,4660,3371,2.450,2.420,1.860,2,0,154.870,0,0,21,14,0,7,0
30-07 11:58:16,8.758,32.280,56.052,0,0,2406260,9813080,373540,3656868,61270.823,34153.675,0,16.015,0,3.003,5207,3873,2.450,2.420,1.860,2,0,219.203,0,0,21,14,0,7,0
30-07 11:58:17,6.750,23.248,68.246,0,0,2400616,9818712,373540,3656880,61018.036,34291.772,0,71.995,0,2.000,4598,3417,2.450,2.420,1.860,1,0,130.991,0,0,21,14,0,7,0
30-07 11:58:18,8.241,24.722,64.177,0,0,2391408,9827900,373552,3656884,66332.844,589757.797,0,215.756,0,4.994,4992,3842,2.450,2.420,1.860,5,0,119.864,0,0,21,14,0,7,0
30-07 11:58:19,8.749,24.748,64.996,0,0,2390584,9828720,373552,3656888,50299.637,25682.283,0,23.998,0,6.000,4611,3343,2.450,2.420,1.860,1,0,119.992,0,0,21,14,0,7,0
30-07 11:58:20,8.253,23.509,65.275,0,0,2386440,9832860,373552,3656892,60644.188,31325.978,0,12.005,0,3.001,4690,3401,2.340,2.400,1.860,3,0,133.051,0,0,21,14,0,7,0
30-07 11:58:21,11.980,25.209,60.900,0,0,2381228,9838068,373552,3657352,52000.889,25965.502,0,7.987,0,1.997,5745,6124,2.340,2.400,1.860,1,0,115.810,0,0,21,14,0,7,0
30-07 11:58:22,19.289,21.794,57.366,0,0,2374836,9844424,373560,3657380,38953.101,20134.887,0,136.277,0,7.014,4723,5642,2.340,2.400,1.860,4,0,57.116,0,0,21,14,0,8,0
30-07 11:58:23,18.392,20.629,58.903,0,0,2384828,9834356,373572,3657272,44413.458,22270.851,0,3046.062,0,480.172,4639,3518,2.340,2.400,1.860,4,0,48.713,0,0,21,14,0,8,0
30-07 11:58:24,46.573,29.975,21.305,0,0,2449820,9769340,373576,3657380,60144.654,33104.531,0,95.128,0,4.955,5460,3186,2.340,2.400,1.860,3,0,116.928,0,0,21,14,0,8,0
30-07 11:58:25,41.383,12.694,46.206,0,0,2515716,9703344,373576,3657480,45883.414,23720.614,0,8.124,0,2.031,3245,2330,2.310,2.390,1.860,2,0,3.047,0,0,21,15,0,8,0
30-07 11:58:26,50.922,5.216,42.973,0,0,2565092,9653952,373576,3657496,29521.655,15289.419,0,0,0,0,3468,2186,2.310,2.390,1.860,6,0,5.962,0,0,21,21,0,8,0
30-07 11:58:27,48.762,6.535,43.986,0.754,0,2600572,9618196,373600,3657732,30118.585,15485.077,88.475,301.618,1.005,13.070,4239,3475,2.310,2.390,1.860,4,0,12.065,0,0,21,31,0,8,0
30-07 11:58:28,43.580,8.914,45.313,0,0,2645084,9572400,373628,3658880,15043.023,7386.810,0,954.798,0,69.332,3562,2403,2.310,2.390,1.860,2,0,2.971,0,0,21,31,0,8,0
30-07 11:58:29,21.650,24.671,52.362,0,0,2642852,9572244,373644,3661020,60805.805,596675.279,0,366.537,0,14.098,6813,8273,2.310,2.390,1.860,2,0,111.774,0,0,21,30,0,9,0
30-07 11:58:30,17.036,28.059,53.614,0.501,0,2707552,9507480,373672,3661040,49350.515,25321.626,12.025,196.416,3.006,14.030,4814,3387,2.290,2.380,1.860,2,0,118.250,0,0,21,30,0,9,0
30-07 11:58:31,11.182,26.837,57.650,0,0,2687596,9527432,373672,3661496,57143.864,31822.685,0,3.976,0,0.994,5974,6125,2.290,2.380,1.860,9,0,179.907,0,0,21,30,0,9,0
30-07 11:58:32,19.763,24.577,55.236,0,0,2686188,9528760,373672,3661496,45526.292,22872.603,0,1167.549,0,9.121,5382,6320,2.290,2.380,1.860,2,0,74.999,0,0,21,30,0,9,0
30-07 11:58:33,12.671,13.168,67.825,3.230,0,2677500,9534692,373696,3663676,59586.777,30973.994,2802.447,194.780,58.633,2.981,3731,3226,2.290,2.380,1.860,1,0,42.732,0,0,21,30,0,9,0
30-07 11:58:34,16.745,20.244,58.733,3.499,0,2690392,9515836,373772,3669928,45185.160,22575.585,5722.374,2315.342,57.984,111.968,5037,6154,2.290,2.380,1.860,2,0,83.976,0,0,22,30,0,9,0
30-07 11:58:35,17.745,23.244,56.735,0,0,2684604,9521448,373772,3670192,46001.021,23081.989,0,287.925,0,10.997,5146,5919,2.180,2.360,1.860,2,0,69.982,0,0,22,30,0,9,0
30-07 11:58:36,18.129,20.860,55.876,3.725,0,2733268,9470632,373780,3671828,44422.787,23675.597,2209.219,11.920,45.694,1.987,4345,3665,2.180,2.360,1.860,4,0,81.455,0,0,22,30,0,9,0
30-07 11:58:37,29.389,25.873,42.451,0,0,2764768,9438884,373816,3671992,61170.920,32849.691,0,430.038,0,30.143,5230,4138,2.180,2.360,1.860,4,0,115.548,0,0,22,46,0,9,0
30-07 11:58:38,19.521,32.034,46.550,0,0,2763448,9440184,373816,3671996,58268.502,582771.109,0,0,0,0,5915,13220,2.180,2.360,1.860,1,0,138.148,0,0,22,46,0,9,0
30-07 11:58:39,16.761,24.767,57.289,0,0,2759188,9444408,373816,3672492,59979.863,30993.115,0,16.011,0,3.002,5195,5897,2.180,2.360,1.860,1,0,104.071,0,0,22,46,0,9,0
30-07 11:58:40,19.008,23.510,55.774,0,0,2755484,9448064,373816,3672488,45103.316,23287.973,0,0,0,0,5105,6159,2.090,2.340,1.850,1,0,71.030,0,0,22,46,0,9,0
30-07 11:58:41,14.982,22.723,57.431,2.497,0,2748032,9453836,373856,3673528,52078.176,25427.326,1458.241,299.639,31.961,11.986,3999,3594,2.090,2.340,1.850,1,0,121.853,0,0,22,46,0,9,0
30-07 11:58:42,3.998,9.246,84.965,0,0,2740412,9461456,373856,3673528,52740.008,29371.752,0,595.752,0,94.960,2751,2485,2.090,2.340,1.850,2,0,47.980,0,0,22,46,0,9,0
30-07 11:58:43,8.984,22.211,65.635,0.749,0,2737972,9462152,373856,3675644,45833.619,24321.346,1720.982,0,19.965,0,4762,4063,2.090,2.340,1.850,3,0,101.821,0,0,24,46,0,9,0
30-07 11:58:44,19.054,22.564,56.409,0,0,2733904,9466140,373856,3675652,59748.190,30606.156,0,0,0,0,4517,5014,2.090,2.340,1.850,3,0,71.200,0,0,24,46,0,9,0
30-07 11:58:45,17.752,22.502,57.256,1.250,0,2734156,9464672,373856,3676488,44901.384,23094.255,1092.107,0,11.001,0,4999,5689,2.400,2.400,1.870,0,1,102.010,0,0,24,46,0,9,0
30-07 11:58:46,7.256,32.275,57.795,0.250,0,2726196,9471936,373856,3677148,61542.257,31558.746,780.612,176.138,12.009,4.003,5104,3645,2.400,2.400,1.870,2,0,163.128,0,0,24,48,0,9,0
30-07 11:58:47,7.741,22.974,66.676,0,0,2726068,9472056,373856,3677156,53755.015,584072.232,0,39.955,0,6.992,4841,3726,2.400,2.400,1.870,2,0,131.853,0,0,24,48,0,9,0
30-07 11:58:48,7.748,24.494,65.735,0,0,2725932,9472188,373856,3677164,60741.699,33314.157,0,831.804,0,4.999,4641,3821,2.400,2.400,1.870,1,0,130.969,0,0,24,48,0,9,0
30-07 11:58:49,8.758,26.025,63.061,0,0,2722164,9475824,373856,3677296,60874.499,31682.446,0,8532.199,0,889.855,6182,3421,2.400,2.400,1.870,1,0,121.116,0,0,24,48,0,9,0
30-07 11:58:50,7.249,24.496,65.989,0,0,2720580,9477404,373856,3677300,45410.198,23383.982,0,11.998,0,2.999,4469,3250,2.290,2.370,1.870,1,0,118.980,0,0,24,48,0,9,0
30-07 11:58:51,16.995,24.243,56.734,0,0,2721508,9476472,373864,3677764,59985.155,30711.376,0,143.960,0,2.999,4909,5358,2.290,2.370,1.870,4,0,86.976,0,0,24,48,0,9,0
30-07 11:58:52,18.256,23.507,56.017,0,0,2707144,9490800,373864,3677796,44569.839,22424.963,0,8.002,0,2.001,4757,5554,2.290,2.370,1.870,1,0,73.023,0,0,24,48,0,10,0
30-07 11:58:53,21.958,26.199,50.403,0,0,2740988,9456820,373864,3677444,45582.902,24317.002,0,3.992,0,0.998,5034,3579,2.290,2.370,1.870,3,0,94.817,0,0,24,48,0,10,0
30-07 11:58:54,24.624,31.588,41.537,0,0,2787548,9410220,373872,3677464,60267.409,32943.318,0,79.592,0,4.975,5161,3451,2.290,2.370,1.870,4,0,151.226,0,0,24,48,0,10,0
30-07 11:58:55,27.136,29.900,41.960,0,0,2825904,9371764,373896,3677536,69949.601,471252.008,0,52.262,0,3.015,5363,3531,2.270,2.370,1.870,3,0,132.665,0,0,24,48,0,10,0
30-07 11:58:56,28.346,29.092,39.535,0.249,0,2847656,9348860,373940,3678596,63351.289,154101.494,7.957,652.450,0.995,5.968,5931,5442,2.270,2.370,1.870,3,0,142.226,0,0,24,49,0,11,0
30-07 11:58:57,25.455,30.748,42.845,0.504,0,2884188,9312068,373952,3678796,46696.081,25176.769,12.097,0,3.024,0,5259,3497,2.270,2.370,1.870,3,0,160.291,0,0,24,52,0,12,0
30-07 11:58:58,25.217,31.459,40.946,0,0,2947696,9248532,373952,3678812,60877.757,32325.392,0,0,0,0,5358,3457,2.270,2.370,1.870,2,0,162.785,0,0,24,52,0,12,0
30-07 11:58:59,27.005,27.255,44.508,0,0,2984664,9211544,373952,3678824,60972.825,34572.138,0,1392.247,0,7.001,5259,3515,2.270,2.370,1.870,2,0,137.024,0,0,24,52,0,12,0
30-07 11:59:00,36.705,30.463,31.212,0.250,0,3035220,9160640,373956,3679160,60568.253,33327.421,3.995,35.956,0.999,7.990,5276,3458,2.400,2.390,1.880,3,0,141.827,0,0,24,52,0,12,0
30-07 11:59:01,10.273,24.305,62.391,0,0,3011256,9184560,373956,3679188,45245.061,23751.577,0,16.036,0,4.009,4647,3451,2.400,2.390,1.880,3,0,124.280,0,0,24,52,0,12,0
30-07 11:59:02,8.737,25.461,63.903,0.250,0,3009104,9186664,373956,3679232,60739.146,31488.381,0,1034.436,0,87.867,4731,3468,2.400,2.390,1.880,1,0,120.817,0,0,24,52,0,12,0
30-07 11:59:03,8.761,24.281,64.833,0,0,2987620,9208144,373956,3679236,56110.535,579877.286,0,56.071,0,4.005,4971,3586,2.400,2.390,1.880,1,0,121.154,0,0,24,52,0,12,0
30-07 11:59:04,16.998,23.497,57.493,0,0,2998332,9197408,373956,3679240,60025.279,30468.081,0,7.999,0,2.000,5112,6170,2.400,2.390,1.880,1,0,83.989,0,0,24,52,0,12,0
30-07 11:59:05,19.949,23.440,54.860,0,0,2985300,9210420,373956,3679240,44952.936,22572.223,0,299.234,0,10.972,5332,6278,2.290,2.370,1.880,3,0,72.814,0,0,24,52,0,12,0
30-07 11:59:06,37.044,30.036,31.788,0,0,3029680,9166024,373964,3679696,61236.540,33916.176,0,8.009,0,2.002,5211,3492,2.290,2.370,1.880,3,0,97.115,0,0,24,52,0,12,0
30-07 11:59:07,48.581,30.300,20.284,0,0,3121044,9074628,373964,3679728,45851.043,26479.917,0,4.007,0,1.002,5474,3326,2.290,2.370,1.880,3,0,125.208,0,0,24,52,0,12,0
30-07 11:59:08,51.247,29.461,17.825,0,0,3165048,9029400,373976,3680948,60302.409,34145.024,0,55.456,0,4.951,5472,3778,2.290,2.370,1.880,6,0,118.834,0,0,24,52,0,12,0
30-07 11:59:09,49.490,32.658,16.329,0,0,3207100,8986908,373992,3681288,61373.829,31139.109,0,12.059,0,3.015,5453,3391,2.290,2.370,1.880,3,0,124.605,0,0,24,52,0,12,0
30-07 11:59:10,48.536,32.024,18.514,0,0,3234904,8957744,374060,3682516,45057.618,23407.464,0,8154.084,0,760.567,6384,3674,2.430,2.400,1.890,6,0,119.089,0,0,24,52,0,12,0
30-07 11:59:11,47.842,27.052,18.035,6.262,0,3263656,8926692,375148,3683696,63575.392,33035.599,1033.991,348.671,136.262,7.014,5959,5616,2.430,2.400,1.890,3,0,90.174,0,0,24,52,0,11,0
30-07 11:59:12,59.200,24.834,15.302,0,0,3354380,8835708,375400,3683160,55414.385,461895.913,0,1765.972,0,99.336,6828,7108,2.430,2.400,1.890,10,0,82.278,0,0,24,56,0,11,0
30-07 11:59:13,43.455,35.713,17.732,1.249,0,3380456,8794696,378852,3694232,48906.079,148833.036,0,21577.534,0,1577.358,12589,16495,2.430,2.400,1.890,3,0,141.852,0,0,24,56,0,11,0
30-07 11:59:14,45.358,29.158,20.685,1.246,0,3421772,8748608,381092,3696628,61518.890,34441.886,0,8860.188,0,1096.558,10645,13691,2.430,2.400,1.890,5,0,103.675,0,0,24,56,0,11,0
30-07 11:59:15,47.923,31.450,15.974,1.747,0,3443780,8721864,383284,3699052,45130.914,23732.094,0,9828.302,0,1198.086,10452,13853,2.640,2.440,1.900,8,0,120.807,0,0,24,56,0,6,0
30-07 11:59:16,48.739,31.152,16.581,1.256,0,3476048,8685364,384492,3702008,60580.458,31644.858,0,7259.525,0,681.334,8769,9840,2.640,2.440,1.900,6,0,100.492,0,0,24,56,0,6,0
30-07 11:59:17,61.058,33.532,4.755,0.250,0,3507284,8651952,384564,3704204,52767.030,26663.280,528.501,1193.131,7.007,44.042,7236,8789,2.640,2.440,1.900,14,0,203.193,0,0,24,62,0,10,0
30-07 11:59:18,59.093,25.931,13.963,0,0,3550496,8607836,384668,3704952,52601.532,28171.307,0,929.535,0,47.873,6425,8775,2.640,2.440,1.900,2,0,84.775,0,0,24,66,0,14,0
30-07 11:59:19,46.594,31.563,21.293,0,0,3568972,8587264,384708,3706528,45576.575,24519.265,0,717.442,0,33.066,6681,8267,2.640,2.440,1.900,5,0,98.197,0,0,24,72,0,20,0
30-07 11:59:20,28.162,33.147,37.134,0,0,3625868,8530288,384760,3706552,61135.479,35499.370,0,10977.789,0,1029.791,8369,6056,2.820,2.480,1.920,4,0,153.522,0,0,24,78,0,22,0
30-07 11:59:21,30.002,27.026,39.920,0.248,0,3658204,8497620,385080,3706556,56995.436,563265.703,0,5256.509,0,246.957,6053,4409,2.820,2.480,1.920,2,0,118.024,0,0,24,78,0,22,0
30-07 11:59:22,27.487,30.513,41.608,0,0,3693592,8462096,385080,3706692,60636.311,31943.153,0,28.243,0,7.061,5075,3437,2.820,2.480,1.920,4,0,121.043,0,0,24,78,0,23,0
30-07 11:59:23,29.801,27.297,41.821,0,0,3719996,8435644,385080,3706736,45226.284,23151.562,0,1903.252,0,8.014,5120,3515,2.820,2.480,1.920,3,0,120.205,0,0,24,80,0,22,0
30-07 11:59:24,38.713,24.726,34.966,0,0,3740088,8415524,385080,3707224,59582.512,30852.232,0,15.985,0,2.997,5267,5037,2.820,2.480,1.920,2,0,86.916,0,0,24,80,0,22,0
30-07 11:59:25,28.485,25.487,44.477,0,0,3735508,8418596,385084,3708216,44868.121,24095.713,0,0,0,0,5527,8383,3.560,2.640,1.980,1,0,90.954,0,0,24,78,0,24,0
30-07 11:59:26,22.223,28.466,47.693,0,0,3760352,8393704,385092,3708220,56496.352,28501.872,0,143.828,0,1.998,5161,3755,3.560,2.640,1.980,3,0,101.878,0,0,24,78,0,24,0
30-07 11:59:27,26.155,27.650,44.090,0,0,3808688,8345356,385092,3708232,50511.940,29688.406,0,2343.507,0,8.968,5228,3352,3.560,2.640,1.980,2,0,126.541,0,0,24,78,0,24,0
30-07 11:59:28,30.846,26.833,41.378,0,0,3843660,8310348,385116,3708240,60824.635,33229.053,0,216.672,0,9.028,5427,3734,3.560,2.640,1.980,6,0,130.404,0,0,24,80,0,24,0
30-07 11:59:29,32.839,28.326,37.351,0,0,3887608,8266316,385188,3708252,71318.445,472629.338,0,509.374,0,39.106,5533,3872,3.560,2.640,1.980,2,0,128.346,0,0,24,84,0,24,0
30-07 11:59:30,32.897,26.666,39.376,0,0,3943816,8210068,385188,3708292,47520.876,141912.667,0,23.925,0,5.981,5084,3350,3.600,2.670,1.990,5,0,119.625,0,0,24,86,0,24,0
30-07 11:59:31,42.847,33.325,22.801,0,0,3959568,8192904,385212,3709668,62498.130,36011.319,4.009,432.978,1.002,17.038,7094,7959,3.600,2.670,1.990,5,0,126.285,0,0,24,91,0,27,0
30-07 11:59:32,30.918,30.669,35.905,0,0,3963420,8188932,385236,3709756,59949.750,30858.542,0,434.852,0,24.934,6066,5862,3.600,2.670,1.990,6,0,115.695,0,0,24,90,0,26,0
30-07 11:59:33,19.793,24.302,54.367,0.251,0,3967096,8185192,385280,3710168,46538.046,24912.556,0,481.034,0,31.067,5205,4634,3.600,2.670,1.990,5,0,106.228,0,0,24,92,0,26,0
30-07 11:59:34,21.695,23.440,52.865,0.249,0,3977808,8174408,385312,3710280,59829.313,30396.427,0,458.829,0,23.939,5263,5944,3.600,2.670,1.990,1,0,77.801,0,0,24,94,0,26,0
30-07 11:59:35,19.026,23.032,56.328,0,0,3964960,8187144,385328,3709848,45058.357,21918.333,0,128.177,0,10.014,4984,5814,3.470,2.650,1.990,1,0,77.107,0,0,24,94,0,26,0
30-07 11:59:36,42.588,25.901,30.135,0,0,4025872,8126192,385352,3710324,45385.338,25588.651,0,326.757,0,17.932,5095,3344,3.470,2.650,1.990,3,0,98.625,0,0,24,94,0,26,0
30-07 11:59:37,43.618,14.962,41.589,0,0,4091124,8060924,385352,3710340,45502.359,23180.256,0,8.115,0,2.029,3725,2617,3.470,2.650,1.990,2,0,23.330,0,0,24,95,0,26,0
30-07 11:59:38,40.425,21.445,35.988,0,0,4131340,8019696,385452,3714480,54129.640,445570.741,0,2330.828,0,259.310,6257,13073,3.470,2.650,1.990,3,0,92.681,0,0,25,99,0,27,0
30-07 11:59:39,8.284,24.852,64.766,0,0,4112872,8038148,385488,3711172,64241.187,158351.207,0,2209.085,0,50.206,4946,6355,3.470,2.650,1.990,3,0,136.562,0,0,24,98,0,28,0
30-07 11:59:40,6.510,23.285,67.602,0,0,4107144,8043856,385496,3711180,60661.746,31481.614,0,60.091,0,6.009,4612,3574,3.350,2.640,1.990,3,0,123.186,0,0,24,98,0,27,0
30-07 11:59:41,10.242,23.982,64.202,0.250,0,4112160,8038816,385516,3711184,46230.398,26769.963,0,519.611,0,12.990,4595,3464,3.350,2.640,1.990,1,0,127.904,0,0,24,100,0,27,0
30-07 11:59:42,19.437,29.155,48.841,0,0,4187596,7963348,385540,3711192,60758.696,33201.637,0,203.336,0,17.941,5206,3672,3.350,2.640,1.990,3,0,120.606,0,0,24,102,0,27,0
30-07 11:59:43,11.534,24.071,61.431,0,0,4193848,7957016,385596,3711216,61277.555,33344.249,0,292.863,0,28.083,5135,4177,3.350,2.640,1.990,1,0,131.387,0,0,24,102,0,27,0
30-07 11:59:44,22.944,24.191,52.123,0,0,4201436,7949400,385608,3711232,61684.041,33800.827,0,91.777,0,8.978,5065,3592,3.350,2.640,1.990,2,0,121.704,0,0,24,106,0,27,0
30-07 11:59:45,15.557,24.339,58.213,0,0,4201632,7949204,385608,3711232,46299.470,25123.961,0,469.719,0,98.360,5037,3432,3.240,2.630,1.990,2,0,133.489,0,0,24,106,0,27,0
30-07 11:59:46,15.004,15.754,67.266,0,0,4224812,7926020,385608,3711236,68754.562,465034.019,0,0,0,0,3644,3139,3.240,2.630,1.990,1,0,55.013,0,0,24,106,0,27,0
30-07 11:59:47,23.497,5.999,69.490,0,0,4261076,7889732,385632,3711236,34055.047,131118.930,0,103.985,0,11.998,2687,2500,3.240,2.630,1.990,1,0,1.000,0,0,24,106,0,27,0
30-07 11:59:48,29.004,7.001,62.760,0,0,4280444,7870340,385704,3711188,29776.535,14822.258,0,472.072,0,51.008,3623,3757,3.240,2.630,1.990,1,0,2.000,0,0,24,110,0,28,0
30-07 11:59:49,22.985,6.746,68.205,0,0,4280444,7870100,385736,3711392,16125.252,7291.140,0,219.853,0,20.986,4189,4805,3.240,2.630,1.990,1,0,1.999,0,0,24,110,0,29,0
30-07 11:59:50,16.500,12.750,69.000,0,0,4241120,7909400,385748,3711404,30533.837,19445.896,0,155.999,0,8.000,3327,2690,3.060,2.600,1.980,1,0,63.000,0,0,24,110,0,29,0
30-07 11:59:51,22.242,8.747,67.726,0,0,4282428,7868072,385756,3711408,44700.351,22232.217,0,10876.192,0,1072.624,4456,2394,3.060,2.600,1.980,2,0,0,0,0,24,110,0,29,0
30-07 11:59:52,40.261,10.753,46.762,0,0,4298952,7851032,385824,3711852,29881.829,14757.867,0,564.148,0,45.012,5632,5186,3.060,2.600,1.980,3,0,10.003,0,0,24,113,0,30,0
30-07 11:59:53,22.598,5.712,69.533,0,0,4300356,7849600,385848,3711856,15199.838,7312.849,0,135.092,0,9.933,3172,3319,3.060,2.600,1.980,2,0,0,0,0,24,114,0,30,0
30-07 11:59:54,22.164,7.304,69.264,0,0,4297088,7852600,385908,3712060,15627.981,7350.551,0,374.781,0,26.194,3615,4037,3.060,2.600,1.980,2,0,0,0,0,24,113,0,30,0
30-07 11:59:55,26.949,9.482,61.883,0.250,0,4297600,7851368,386212,3712396,15006.674,7282.254,0,1385.385,0,189.642,5266,6762,2.900,2.580,1.980,2,0,5.989,0,0,24,116,0,30,0
30-07 11:59:56,23.278,12.014,62.325,0,0,4303908,7844592,386560,3712508,16385.655,8969.759,0,4477.371,0,273.328,4993,6025,2.900,2.580,1.980,1,0,0,0,0,24,116,0,30,0
30-07 11:59:57,32.024,6.505,59.795,0.250,0,4307444,7840812,386640,3712668,15315.591,7301.526,0,676.512,0,64.048,4477,5403,2.900,2.580,1.980,3,0,2.002,0,0,24,116,0,31,0
30-07 11:59:58,18.214,12.974,67.367,0,0,4255432,7892732,386716,3712680,12027.221,6898.361,0,582.848,0,56.888,4229,4293,2.900,2.580,1.980,2,0,65.870,0,0,24,115,0,31,0
30-07 11:59:59,14.869,13.357,70.062,0,0,4284392,7863752,386732,3712684,49238.693,26516.554,0,241.939,0,13.105,3205,2775,2.900,2.580,1.980,2,0,47.380,0,0,24,115,0,31,0
30-07 12:00:00,22.865,5.716,70.085,0.249,0,4305116,7842836,386796,3712812,29495.238,14933.517,0,1332.107,0,69.588,2594,2349,2.740,2.550,1.970,1,0,0,0,0,24,115,0,29,0
30-07 12:00:01,30.704,11.733,55.168,0,0,4360800,7786960,386844,3712952,29427.110,14879.807,0,283.577,0,30.954,3671,3393,2.740,2.550,1.970,1,0,3.994,0,0,24,115,0,29,0
30-07 12:00:02,25.483,9.494,63.707,0,0,4361384,7786268,386868,3713004,15292.713,7357.051,0,199.866,0,18.987,3919,4163,2.740,2.550,1.970,2,0,0.999,0,0,24,118,0,29,0
30-07 12:00:03,20.026,9.012,69.341,0,0,4357656,7789832,387004,3713024,15622.564,7600.004,0,576.759,0,70.092,3566,4308,2.740,2.550,1.970,1,0,0,0,0,24,118,0,29,0
30-07 12:00:04,21.708,9.232,66.373,0,0,4357068,7790340,387064,3713044,14887.407,7605.393,0,682.689,0,55.893,4105,4884,2.740,2.550,1.970,2,0,3.992,0,0,24,118,0,29,0
30-07 12:00:05,36.093,17.796,44.113,0.251,0,4334392,7812908,387160,3713052,16155.443,8233.120,0,914.346,0,62.159,4800,4003,2.680,2.540,1.970,2,0,64.165,0,0,24,117,0,29,0
30-07 12:00:06,36.987,20.992,40.985,0,0,4348104,7799140,387184,3713068,60967.861,610464.325,0,407.852,0,25.991,4595,3257,2.680,2.540,1.970,2,0,35.987,0,0,24,117,0,29,0
30-07 12:00:07,46.472,10.438,41.999,0,0,4421380,7725732,387292,3713080,31375.454,16047.079,0,1566.635,0,78.531,3985,2909,2.680,2.540,1.970,3,0,1.988,0,0,24,118,0,30,0
30-07 12:00:08,30.691,9.057,59.119,0,0,4433912,7713132,387348,3713092,29958.920,14913.046,0,470.938,0,34.213,3928,4037,2.680,2.540,1.970,2,0,0,0,0,24,119,0,30,0
30-07 12:00:09,20.924,14.198,63.520,0,0,4395552,7751452,387348,3713108,15040.436,7335.388,0,354.713,0,60.780,3806,3045,2.680,2.540,1.970,2,0,50.816,0,0,24,117,0,30,0
30-07 12:00:10,19.282,8.264,70.619,0,0,4395728,7751268,387352,3713108,31739.424,19582.962,0,48.081,0,3.005,2573,2397,2.550,2.520,1.970,1,0,12.020,0,0,24,117,0,30,0
30-07 12:00:11,23.287,5.759,70.863,0,0,4417108,7729876,387352,3713116,45555.959,23641.863,0,12.019,0,2.003,2611,2509,2.550,2.520,1.970,2,0,0,0,0,24,118,0,30,0
30-07 12:00:12,23.686,6.233,68.066,0,0,4420752,7726096,387352,3713252,14935.549,7599.418,0,3291.087,0,543.528,4286,3402,2.550,2.520,1.970,1,0,0,0,0,24,119,0,30,0
30-07 12:00:13,23.066,11.533,63.934,0,0,4382176,7764656,387352,3713268,30452.432,18473.038,0,4.012,0,1.003,3756,3083,2.550,2.520,1.970,1,0,55.158,0,0,24,119,0,30,0
30-07 12:00:14,20.709,8.234,70.362,0,0,4427820,7719012,387352,3713268,59349.689,30723.789,0,0,0,0,2524,2156,2.550,2.520,1.970,2,0,0,0,0,24,119,0,30,0
30-07 12:00:15,22.921,6.478,69.261,0,0,4460532,7686264,387376,3713276,30519.565,15253.305,0,450.444,0,12.955,3029,2899,2.420,2.490,1.960,1,0,0.997,0,0,24,119,0,30,0
30-07 12:00:16,23.276,6.007,69.078,0,0,4456948,7689844,387376,3713280,15523.452,7656.608,0,0,0,0,3213,3255,2.420,2.490,1.960,2,0,2.002,0,0,24,121,0,30,0
30-07 12:00:17,23.593,7.781,68.018,0,0,4456096,7690492,387536,3713320,15498.056,7812.779,0,931.670,0,109.431,4183,4867,2.420,2.490,1.960,1,0,1.004,0,0,24,121,0,30,0
30-07 12:00:18,16.749,16.999,63.996,0,0,4424524,7722012,387576,3713332,47446.112,25525.447,0,343.979,0,24.998,4085,3542,2.420,2.490,1.960,2,0,81.995,0,0,24,121,0,30,0
30-07 12:00:19,22.019,7.507,70.062,0,0,4457432,7689072,387604,3713332,44366.129,22201.581,0,248.219,0,17.015,2615,2296,2.420,2.490,1.960,1,0,2.002,0,0,24,121,0,30,0
30-07 12:00:20,21.730,6.494,69.935,0,0,4468880,7677472,387620,3713468,30011.042,14578.419,0,211.803,0,7.993,2942,2817,2.390,2.480,1.960,2,0,0,0,0,24,121,0,30,0
30-07 12:00:21,23.999,6.500,68.248,0,0,4464632,7681648,387684,3713476,23661.480,444086.239,0,995.978,0,51.999,3774,3867,2.390,2.480,1.960,3,0,0,0,0,24,121,0,14,0
30-07 12:00:22,16.514,13.762,68.310,0,0,4419512,7726740,387696,3713488,17985.676,132745.699,0,144.126,0,10.009,3293,2648,2.390,2.480,1.960,2,0,58.051,0,0,24,121,0,15,0
30-07 12:00:23,21.989,5.747,70.715,0,0,4431080,7715172,387696,3713488,44904.860,26327.019,0,75.963,0,3.998,2464,2187,2.390,2.480,1.960,2,0,0,0,0,24,121,0,15,0
30-07 12:00:24,23.471,5.493,70.164,0,0,4448360,7697888,387696,3713492,30404.708,14867.764,0,7.990,0,1.998,2882,2791,2.390,2.480,1.960,5,0,0,0,0,24,121,0,15,0
30-07 12:00:25,22.678,7.476,68.532,0.249,0,4447056,7699176,387728,3713476,29574.714,14611.418,0,171.453,0,21.930,3770,4148,2.280,2.460,1.960,2,0,2.990,0,0,24,122,0,13,0
30-07 12:00:26,25.575,9.528,61.681,0.251,0,4447240,7698420,388184,3713580,15260.837,7598.324,0,4477.154,0,339.999,5530,7186,2.280,2.460,1.960,4,0,2.006,0,0,24,125,0,13,0
30-07 12:00:27,23.295,10.771,63.121,0,0,4448776,7696656,388360,3713628,16215.076,7700.758,0,905.736,0,92.177,5177,5789,2.280,2.460,1.960,1,0,1.002,0,0,24,127,0,13,0
30-07 12:00:28,23.504,11.252,63.510,0,0,4396276,7748820,388540,3713780,15384.306,7525.128,0,1336.200,0,104.016,4367,4181,2.280,2.460,1.960,1,0,47.007,0,0,24,126,0,14,0
30-07 12:00:29,21.751,9.750,67.503,0,0,4440320,7704720,388580,3713792,31630.355,17585.754,0,428.018,0,24.001,2888,2595,2.280,2.460,1.960,1,0,8.000,0,0,24,126,0,13,0
30-07 12:00:30,23.480,6.245,69.441,0,0,4477564,7667200,388812,3713800,30578.873,15328.903,0,2769.634,0,140.880,2980,2930,2.180,2.430,1.950,1,0,0,0,0,24,127,0,13,0
30-07 12:00:31,31.255,12.502,53.758,0.250,0,4496220,7648524,388824,3713804,29955.665,15264.377,0,164.026,0,12.002,4181,3932,2.180,2.430,1.950,1,0,5.001,0,0,24,127,0,13,0
30-07 12:00:32,22.181,8.723,67.790,0,0,4496144,7648464,388940,3713820,15315.483,7339.229,0,2743.488,0,454.590,4743,5003,2.180,2.430,1.950,2,0,0,0,0,24,127,0,13,0
30-07 12:00:33,24.088,10.037,64.234,0,0,4495524,7648876,388996,3713968,30223.318,14645.457,0,786.872,0,83.304,4369,5274,2.180,2.430,1.950,1,0,0,0,0,24,127,0,10,0
30-07 12:00:34,20.948,7.232,69.828,0,0,4492076,7652284,389028,3713972,4478.962,1921.265,0,383.056,0,30.924,3189,3455,2.180,2.430,1.950,3,0,1.995,0,0,24,127,0,10,0
30-07 12:00:35,39.235,11.246,47.482,0,0,4489316,7654924,389092,3714028,11674.474,5661.805,0,751.709,0,73.971,5729,6655,2.080,2.410,1.950,3,0,1.000,0,0,24,126,0,10,0
30-07 12:00:36,27.804,18.035,52.102,0.250,0,4416788,7727320,389196,3714052,45112.167,24425.738,0,737.441,0,68.133,5110,5094,2.080,2.410,1.950,2,0,77.151,0,0,24,126,0,10,0
30-07 12:00:37,22.168,6.227,69.990,0,0,4462024,7682060,389212,3714056,33970.640,14603.679,0,446.340,0,20.922,2543,2414,2.080,2.410,1.950,2,0,1.993,0,0,24,126,0,10,0
30-07 12:00:38,23.325,5.518,70.476,0,0,4482208,7661860,389228,3714056,26260.258,14572.758,0,284.914,0,13.042,2869,2886,2.080,2.410,1.950,1,0,0,0,0,24,126,0,10,0
30-07 12:00:39,34.496,15.748,47.245,0,0,4475276,7668664,389328,3714084,29974.880,14818.458,0,1711.822,0,110.988,5559,16298,2.080,2.410,1.950,4,0,35.996,0,0,24,127,0,11,0
30-07 12:00:40,25.284,9.763,63.586,0,0,4436436,7707424,389420,3714064,26325.802,449456.243,0,929.264,0,97.132,4743,5351,2,2.390,1.940,3,0,24.033,0,0,24,126,0,11,0
30-07 12:00:41,9.990,23.476,64.434,0,0,4448228,7695552,389440,3714124,15613.100,11224.569,0,351.642,0,15.984,4215,3217,2,2.390,1.940,2,0,125.872,0,0,24,126,0,9,0
30-07 12:00:42,20.665,7.469,70.461,0,0,4481468,7662304,389448,3714124,47182.399,156252.857,0,346.578,0,16.931,2427,2081,2,2.390,1.940,1,0,0,0,0,24,126,0,9,0
30-07 12:00:43,23.328,5.518,69.733,0,0,4504140,7639504,389552,3714144,30138.733,14803.478,0,1990.653,0,102.342,3177,3302,2,2.390,1.940,1,0,2.007,0,0,24,126,0,9,0
30-07 12:00:44,23.029,6.508,69.589,0,0,4498916,7644724,389552,3714148,15175.426,7503.605,0,128.164,0,12.015,3265,3452,2,2.390,1.940,2,0,0,0,0,24,128,0,9,0
30-07 12:00:45,25.513,3.502,69.286,0,0,4494384,7649252,389552,3714152,15162.904,7299.805,0,304.159,0,46.024,3383,3297,2,2.380,1.940,1,0,2.001,0,0,24,127,0,9,0
30-07 12:00:46,20.216,10.732,67.137,0.250,0,4490536,7652924,389712,3714160,15060.718,7431.525,0,3601.953,0,205.655,4496,5396,2,2.380,1.940,1,0,1.997,0,0,24,127,0,9,0
30-07 12:00:47,26.289,8.262,62.844,0.250,0,4488444,7654884,389812,3714192,15685.506,7306.950,0,909.363,0,99.149,4732,5811,2,2.380,1.940,1,0,0,0,0,24,127,0,9,0
30-07 12:00:48,18.736,11.492,67.701,0.250,0,4485796,7657504,389836,3714192,15144.943,7452.559,0,2066.491,0,338.753,4178,4304,2,2.380,1.940,3,0,0,0,0,24,127,0,9,0
30-07 12:00:49,42.602,16.941,38.616,0,0,4485908,7657080,389912,3714412,895.890,0,0,960.665,0,87.696,6911,8711,2,2.380,1.940,7,0,2.990,0,0,24,126,0,8,0
30-07 12:00:50,31.237,25.239,40.483,0,0,4405124,7737740,390008,3714440,60741.955,33997.423,0,1143.510,0,102.956,7252,7445,1.920,2.360,1.940,3,0,124.946,0,0,24,126,0,8,0
30-07 12:00:51,30.889,27.900,38.113,0,0,4405092,7737628,390104,3714480,48022.790,27476.469,0,1044.255,0,86.689,7090,7187,1.920,2.360,1.940,4,0,130.532,0,0,24,126,0,8,0
30-07 12:00:52,18.805,13.038,66.446,0.251,0,4429064,7713632,390124,3714484,45412.669,23862.237,0,469.382,0,19.056,3028,2750,1.920,2.360,1.940,1,0,32.094,0,0,24,126,0,9,0
30-07 12:00:53,22.865,5.779,70.606,0,0,4467076,7675580,390164,3714484,30563.059,15433.797,0,434.189,0,28.142,2486,2139,1.920,2.360,1.940,2,0,0,0,0,24,126,0,9,0
30-07 12:00:54,22.239,6.247,69.215,0,0,4470156,7672316,390332,3714492,29517.088,14674.586,0,2522.726,0,130.934,3461,3625,1.920,2.360,1.940,2,0,0,0,0,24,128,0,7,0
30-07 12:00:55,24.217,6.242,69.156,0,0,4423276,7719192,390332,3714496,15194.341,7286.093,0,7.989,0,1.997,3242,3226,1.840,2.330,1.930,1,0,7.989,0,0,24,126,0,7,0
30-07 12:00:56,6.011,24.296,67.378,0,0,4425704,7716756,390332,3714504,45698.732,25275.971,0,0,0,0,4528,3405,1.840,2.330,1.930,1,0,134.255,0,0,24,126,0,7,0
30-07 12:00:57,8.004,24.512,66.034,0,0,4427072,7715368,390340,3714512,70556.849,604086.932,0,92.047,0,3.002,4953,3791,1.840,2.330,1.930,1,0,132.067,0,0,24,126,0,7,0
30-07 12:00:58,7.466,23.643,66.200,0,0,4424248,7718176,390340,3714524,45226.771,24901.005,0,7.964,0,1.991,4543,3444,1.840,2.330,1.930,5,0,122.444,0,0,24,126,0,6,0
30-07 12:00:59,7.532,25.106,65.528,0,0,4420348,7722072,390340,3714528,61143.118,32359.134,0,12.051,0,3.013,4500,3354,1.840,2.330,1.930,1,0,121.515,0,0,24,126,0,6,0
30-07 12:01:00,8.000,25.252,64.754,0,0,4412860,7729516,390376,3714536,60177.610,31719.903,0,548.033,0,34.002,4886,3895,1.770,2.310,1.930,2,0,121.007,0,0,24,126,0,6,0
30-07 12:01:01,22.250,26.500,49.250,0,0,4412804,7729568,390404,3714604,44734.850,22713.924,0,159.999,0,14.000,5135,5940,1.770,2.310,1.930,2,0,79.000,0,0,24,126,0,6,0
30-07 12:01:02,20.892,24.622,52.478,0,0,4400808,7741228,390456,3714684,45649.021,24408.289,0,254.678,0,23.876,5344,6432,1.770,2.310,1.930,1,0,78.592,0,0,24,126,0,6,0
30-07 12:01:03,25.593,27.349,45.917,0,0,4435060,7706940,390512,3714604,61374.198,34714.244,0,469.708,0,34.124,5555,3981,1.770,2.310,1.930,2,0,107.391,0,0,24,126,0,6,0
30-07 12:01:04,26.539,27.540,44.065,0,0,4490544,7651436,390528,3714608,46138.710,26627.076,0,148.218,0,11.016,5169,3419,1.770,2.310,1.930,4,0,127.187,0,0,24,126,0,6,0
30-07 12:01:05,29.485,27.986,40.480,0,0,4511312,7630256,390572,3714892,69987.868,472150.995,0,383.807,0,18.990,5819,4453,1.790,2.310,1.930,5,0,130.934,0,0,24,129,0,6,0
30-07 12:01:06,26.009,25.759,46.267,0,0,4503344,7638136,390584,3714972,62686.769,151493.025,0,180.065,0,13.005,5366,4274,1.790,2.310,1.930,3,0,111.040,0,0,24,132,0,6,0
30-07 12:01:07,16.257,27.587,51.973,0,0,4506356,7633364,390584,3716732,31194.352,16520.858,0,15.764,0,3.941,6158,6550,1.790,2.310,1.930,2,0,111.335,0,0,24,132,0,6,0
30-07 12:01:08,29.198,34.022,36.561,0,0,4555972,7581988,390620,3718412,61166.827,31592.908,0,658.101,0,36.561,6846,7226,1.790,2.310,1.930,1,0,129.995,0,0,24,138,0,6,0
30-07 12:01:09,12.995,33.237,51.480,0,0,4573368,7564572,390640,3718804,60563.713,31513.883,0,723.722,0,35.986,6214,6765,1.790,2.310,1.930,7,0,140.946,0,0,24,138,0,6,0
30-07 12:01:10,18.494,25.742,53.733,0,0,4582772,7555124,390652,3718888,45292.028,23402.781,0,155.952,0,7.998,5387,6307,1.730,2.280,1.920,1,0,77.976,0,0,24,138,0,5,0
30-07 12:01:11,19.582,18.591,56.269,2.975,0,4588580,7548588,390688,3719544,44296.036,22572.883,773.383,158.643,37.678,9.915,4122,3487,1.730,2.280,1.920,5,1,23.796,0,0,26,138,0,5,0
30-07 12:01:12,48.183,31.369,19.072,1.004,0,4657200,7479824,390716,3719660,61200.959,34540.914,16.061,228.867,4.015,19.072,5717,3772,1.730,2.280,1.920,3,0,132.502,0,0,26,138,0,5,0
30-07 12:01:13,49.736,33.660,15.825,0,0,4721616,7415392,390724,3719664,47405.800,25489.874,0,164.781,0,12.057,5810,3843,1.730,2.280,1.920,4,0,139.662,0,0,26,138,0,5,0
30-07 12:01:14,51.977,26.479,18.633,0,0,4779956,7357012,390732,3719688,68560.176,453184.245,0,184.373,0,8.826,6007,3921,1.730,2.280,1.920,9,0,124.550,0,0,26,142,0,5,0
30-07 12:01:15,57.669,29.988,13.328,0,0,4809096,7326072,390732,3721448,65978.983,157314.072,0,131.230,0,12.303,6834,8896,2.230,2.380,1.950,4,0,138.407,0,0,26,154,0,5,0
30-07 12:01:16,16.667,25.125,55.474,0,0,4814532,7319824,390756,3722132,45149.521,23288.213,0,728.379,0,94.530,5002,3917,2.230,2.380,1.950,1,0,123.387,0,0,26,160,0,5,0
30-07 12:01:17,8.738,24.966,64.162,0,0,4808324,7325984,390776,3722140,61112.092,31800.337,0,295.594,0,21.970,4856,3858,2.230,2.380,1.950,2,0,118.837,0,0,26,160,0,5,0
30-07 12:01:18,13.991,29.480,53.714,0,0,4818836,7315264,390832,3722780,60574.931,30531.804,0,615.593,0,56.962,6399,7444,2.230,2.380,1.950,1,0,132.912,0,0,26,160,0,5,0
30-07 12:01:19,21.267,23.018,54.543,0,0,4824180,7309840,390856,3722680,45506.267,23328.592,0,14195.313,0,1470.172,6770,6331,2.230,2.380,1.950,1,0,80.064,0,0,26,160,0,5,0
30-07 12:01:20,21.281,22.283,54.080,0,0,4838500,7295320,390988,3722296,60888.514,31824.786,0,2323.416,0,118.174,4776,3745,2.130,2.360,1.950,3,0,71.105,0,0,26,160,0,5,0
30-07 12:01:21,29.840,30.088,38.543,0,0,4886328,7247448,391016,3722312,45903.559,24731.226,0,859.386,0,40.781,8791,3446,2.130,2.360,1.950,3,0,122.343,0,0,26,160,0,5,0
30-07 12:01:22,27.296,28.549,42.823,0.250,0,4928792,7204868,391016,3722452,60679.181,33208.469,128.218,4.007,1.002,1.002,5251,3450,2.130,2.360,1.950,4,0,125.213,0,0,26,160,0,5,0
30-07 12:01:23,24.842,26.598,46.421,0.502,0,4953560,7179960,391076,3722512,73122.518,586206.662,0,401.480,0,27.100,5482,3991,2.130,2.360,1.950,2,0,134.496,0,0,27,164,0,5,0
30-07 12:01:24,11.480,25.705,59.895,0,0,4952204,7181180,391076,3722648,46719.384,25296.808,0,1808.840,0,6.988,4990,3688,2.130,2.360,1.950,3,0,144.747,0,0,27,166,0,5,0
30-07 12:01:25,28.023,24.771,46.038,0,0,4953992,7179308,391144,3722656,61475.104,33451.809,0,948.789,0,156.130,5401,4235,2.200,2.370,1.950,1,0,132.110,0,0,27,180,0,5,0
30-07 12:01:26,7.252,25.007,65.019,0,0,4958980,7174268,391160,3722672,60940.076,32943.772,0,172.051,0,11.003,4674,3462,2.200,2.370,1.950,1,0,128.038,0,0,27,180,0,5,0
30-07 12:01:27,8.249,23.746,65.239,0,0,4949752,7183472,391160,3722680,45660.214,23336.021,0,11.998,0,2.999,4393,3296,2.200,2.370,1.950,1,0,114.980,0,0,27,180,0,5,0
30-07 12:01:28,7.987,24.460,65.144,0,0,4948516,7184688,391176,3722684,60471.316,31358.825,0,207.661,0,14.976,4654,3761,2.200,2.370,1.950,1,0,108.822,0,0,27,180,0,5,0
30-07 12:01:29,17.616,24.914,55.616,0,0,4944512,7188644,391180,3722688,45164.598,22945.190,0,249.645,0,10.066,5344,6601,2.200,2.370,1.950,1,0,88.584,0,0,27,180,0,5,0
30-07 12:01:30,19.899,24.127,54.225,0,0,4952804,7180336,391188,3722692,44509.889,23015.083,0,206.949,0,9.949,5022,6077,2.590,2.440,1.980,2,0,84.570,0,0,27,180,0,4,0
30-07 12:01:31,26.760,27.503,42.866,0,0,4986060,7147056,391200,3722704,67469.866,464238.270,0,336.978,0,18.831,5454,3569,2.590,2.440,1.980,4,0,121.907,0,0,27,180,0,4,0
30-07 12:01:32,35.580,34.066,30.281,0,0,5088316,7044772,391216,3722716,64620.822,154919.595,0,153.422,0,14.131,5553,3782,2.590,2.440,1.980,3,0,143.328,0,0,27,180,0,4,0
30-07 12:01:33,29.472,26.974,41.710,0,0,5102616,7030208,391240,3722948,46237.795,25046.055,0,415.603,0,22.978,5708,4526,2.590,2.440,1.980,2,0,124.881,0,0,27,182,0,5,0
30-07 12:01:34,22.993,25.492,49.984,0,0,5097448,7035340,391264,3722960,61681.862,32631.875,0,235.927,0,18.994,5185,3913,2.590,2.440,1.980,2,0,119.963,0,0,27,186,0,5,0
30-07 12:01:35,25.262,31.515,40.019,0,0,5102540,7028432,391264,3724788,54061.071,26841.944,0,168.081,0,10.005,6875,7973,2.460,2.420,1.980,8,0,108.052,0,0,27,186,0,5,0
30-07 12:01:36,26.525,28.777,43.040,0,0,5139324,6989936,391300,3726416,52931.499,29115.227,0,640.599,0,30.028,6309,9698,2.460,2.420,1.980,1,0,129.121,0,0,27,192,0,5,0
30-07 12:01:37,19.248,24.247,53.994,0,0,5141364,6987868,391308,3726416,44669.640,22871.256,0,155.981,0,6.999,5421,6453,2.460,2.420,1.980,1,0,80.990,0,0,27,192,0,5,0
30-07 12:01:38,23.924,27.662,46.851,0,0,5157652,6971512,391320,3726436,60569.624,34017.955,0,243.227,0,17.943,5466,3974,2.460,2.420,1.980,2,0,107.658,0,0,27,192,0,5,0
30-07 12:01:39,33.044,35.047,30.791,0,0,5209244,6919880,391332,3728976,61040.150,37792.243,0,396.527,0,23.031,5728,10484,2.460,2.420,1.980,5,0,179.238,0,0,27,192,0,5,0
30-07 12:01:40,32.733,30.984,34.732,0,0,5225672,6903424,391348,3726460,58055.947,570440.709,0,191.901,0,15.992,6206,11505,2.820,2.500,2,3,0,142.926,0,0,27,193,0,6,0
30-07 12:01:41,34.532,35.766,25.653,0,0,5262520,6863852,391388,3729116,60340.114,31513.371,0,497.268,0,32.559,8161,10074,2.820,2.500,2,4,0,149.970,0,0,27,198,0,6,0
30-07 12:01:42,10.371,27.065,61.717,0,0,5281112,6845204,391412,3729144,61409.877,33139.237,0,291.387,0,23.271,5301,4760,2.820,2.500,2,2,0,164.917,0,0,27,198,0,6,0
30-07 12:01:43,7.282,26.366,64.282,0,0,5281792,6844508,391424,3729148,45872.227,23876.740,0,160.705,0,9.040,4810,3615,2.820,2.500,2,1,0,153.674,0,0,27,198,0,5,0
30-07 12:01:44,16.224,26.458,54.912,0,0,5284768,6841512,391444,3729148,60805.572,31511.509,0,355.430,0,24.960,5245,4003,2.820,2.500,2,1,0,148.762,0,0,27,204,0,5,0
30-07 12:01:45,7.754,23.761,66.531,0,0,5285196,6841020,391488,3729152,60723.331,33393.580,0,268.125,0,24.011,4768,3597,2.680,2.470,2,1,0,126.059,0,0,27,204,0,5,0
30-07 12:01:46,10.010,25.275,63.061,0,0,5290696,6835492,391488,3729180,62444.735,35389.421,0,504.491,0,85.083,5048,3714,2.680,2.470,2,2,0,129.126,0,0,27,204,0,5,0
30-07 12:01:47,9.243,25.480,63.199,0,0,5292912,6833240,391516,3729188,45466.641,23017.593,0,491.607,0,35.971,5086,4355,2.680,2.470,2,1,0,117.906,0,0,27,204,0,5,0
30-07 12:01:48,9.251,24.254,63.510,0,0,5279340,6846740,391564,3729200,70613.073,586413.953,0,416.065,0,38.006,5251,4446,2.680,2.470,2,1,0,111.017,0,0,27,204,0,5,0
30-07 12:01:49,12.535,29.082,56.157,0,0,5289868,6836204,391564,3729604,46253.694,24069.490,0,164.461,0,11.031,6096,6579,2.680,2.470,2,10,0,157.441,0,0,27,204,0,5,0
30-07 12:01:50,18.357,22.574,55.566,0,0,5275648,6850424,391572,3729688,58773.322,30372.964,0,15447.445,0,1684.851,8189,6475,2.700,2.480,2,8,0,78.388,0,0,27,204,0,5,0
30-07 12:01:51,26.891,22.869,49.257,0,0,5284428,6841404,391596,3729348,46456.745,23641.531,0,494.584,0,37.194,4670,3722,2.700,2.480,2,4,0,50.263,0,0,27,210,0,5,0
30-07 12:01:52,31.986,22.240,44.231,0,0,5347916,6777904,391596,3729360,60075.678,32097.936,0,3.998,0,1.000,4607,3186,2.700,2.480,2,4,0,74.967,0,0,27,210,0,6,0
30-07 12:01:53,43.476,9.994,45.725,0,0,5425532,6700288,391596,3729360,45177.943,23307.073,0,0,0,0,3541,2429,2.700,2.480,2,3,0,2.998,0,0,27,210,0,6,0
30-07 12:01:54,42.017,15.006,41.267,0,0,5509388,6615364,391596,3730412,44286.117,21962.985,0,8.003,0,1.000,4345,4381,2.700,2.480,2,3,0,2.001,0,0,27,210,0,6,0
30-07 12:01:55,41.735,12.246,44.734,0,0,5551144,6573292,391612,3730668,15149.723,7359.436,0,2443.149,0,10.996,4464,3956,2.650,2.470,2,3,0,9.997,0,0,27,213,0,4,0
30-07 12:01:56,28.446,22.707,46.911,0,0,5521528,6602808,391632,3730760,60173.279,32368.290,0,902.280,0,15.970,4966,3727,2.650,2.470,2,5,0,87.833,0,0,27,214,0,4,0
30-07 12:01:57,27.869,57.192,10.663,1.454,0,5525672,6594800,392124,3733752,45106.717,23810.119,2504.798,426.514,149.280,27.142,8173,9081,2.650,2.470,2,11,0,171.575,0,0,27,214,0,4,0
30-07 12:01:58,41.573,40.282,18.333,0.258,0,5555620,6561804,392160,3736576,75265.330,614006.859,53.709,351.176,10.329,27.888,8653,11819,2.650,2.470,2,5,0,122.912,0,0,27,214,0,4,0
30-07 12:01:59,47.189,28.963,22.221,0,0,5590720,6526632,392196,3736608,45809.857,26260.097,0,423.453,0,34.955,6669,6227,2.650,2.470,2,3,0,128.834,0,0,27,218,0,4,0
30-07 12:02:00,46.202,30.056,22.107,0,0,5590236,6526956,392196,3736768,59991.000,31298.097,0,270.257,0,14.904,6507,5942,2.670,2.480,2.010,4,0,110.289,0,0,27,221,0,4,0
30-07 12:02:01,40.572,30.996,26.460,0.252,0,5523148,6593628,392512,3736860,45583.008,23657.885,0,3915.093,0,424.370,8138,8688,2.670,2.480,2.010,3,0,109.873,0,0,27,220,0,8,0
30-07 12:02:02,31.262,32.012,35.263,0,0,5566136,6550556,392536,3736892,60650.131,31584.046,0,408.156,0,27.010,5388,3901,2.670,2.480,2.010,2,0,118.045,0,0,27,220,0,8,0
30-07 12:02:03,28.947,27.699,41.424,0,0,5577632,6539020,392548,3736916,60975.541,32755.588,0,459.153,0,26.950,5553,4411,2.670,2.480,2.010,2,0,117.783,0,0,27,220,0,8,0
30-07 12:02:04,39.248,26.749,33.498,0,0,5571432,6545116,392556,3736920,44613.572,22550.773,0,275.985,0,13.999,6175,6879,2.670,2.480,2.010,2,0,92.995,0,0,27,222,0,8,0
30-07 12:02:05,36.130,28.352,34.374,0,0,5492752,6623752,392600,3736936,45225.347,23266.033,0,405.464,0,34.123,6083,6698,2.940,2.540,2.030,2,0,93.337,0,0,27,220,0,8,0
30-07 12:02:06,65.130,29.695,4.492,0,0,5582596,6533844,392640,3737412,70212.048,458589.754,7.985,495.091,0.998,29.945,5750,4048,2.940,2.540,2.030,3,0,124.771,0,0,27,221,0,8,0
30-07 12:02:07,63.625,15.089,20.873,0.251,0,5679564,6436824,392676,3737428,47516.835,138686.751,0,430.536,0,34.201,5070,3547,2.940,2.540,2.030,3,0,0,0,0,27,221,0,9,0
30-07 12:02:08,59.909,16.091,19.805,2.476,0,5736116,6378960,392764,3738644,31035.658,16692.237,720.884,1069.444,11.883,65.355,6151,5828,2.940,2.540,2.030,3,0,5.941,0,0,27,225,0,9,0
30-07 12:02:09,64.468,18.814,16.054,0,0,5739688,6373728,392920,3739848,15353.834,7519.385,0,3499.815,0,176.596,5713,4610,2.940,2.540,2.030,3,0,14.047,0,0,27,225,0,11,0
30-07 12:02:10,39.529,22.016,37.777,0,0,5765448,6347556,392928,3740248,45954.292,24886.029,0,364.264,0,9.007,5133,3872,3.030,2.560,2.040,4,0,93.067,0,0,27,224,0,13,0
30-07 12:02:11,25.992,28.241,43.486,0,0,5784012,6328948,392956,3740260,60676.068,33817.448,0,291.909,0,20.993,5623,4198,3.030,2.560,2.040,3,0,118.963,0,0,27,226,0,13,0
30-07 12:02:12,27.884,27.884,42.075,0,0,5782656,6330240,392996,3740280,44777.940,24601.776,0,513.865,0,38.839,6175,5497,3.030,2.560,2.040,2,0,120.499,0,0,27,224,0,13,0
30-07 12:02:13,25.650,30.680,41.996,0,0,5746308,6366564,393008,3740292,60582.319,31235.197,0,362.124,0,22.130,5255,3679,3.030,2.560,2.040,3,0,116.684,0,0,27,224,0,13,0
30-07 12:02:14,27.681,28.928,42.394,0,0,5780416,6332404,393020,3740296,76183.243,43299.581,0,227.431,0,10.973,5390,3667,3.030,2.560,2.040,2,0,109.725,0,0,27,225,0,13,0
30-07 12:02:15,33.710,30.214,33.710,0,0,5788876,6323900,393060,3740784,45269.236,23232.408,0,827.018,0,43.948,6683,7689,3.020,2.570,2.050,2,0,122.854,0,0,27,226,0,13,0
30-07 12:02:16,38.576,29.247,31.516,0,0,5721284,6391368,393104,3740828,58068.325,582924.173,0,346.929,0,33.281,6974,7272,3.020,2.570,2.050,2,0,91.775,0,0,27,224,0,14,0
30-07 12:02:17,40.726,28.558,28.558,0,0,5769324,6343280,393152,3740308,60453.112,31724.474,0,1505.865,0,163.897,6060,4313,3.020,2.570,2.050,3,0,74.499,0,0,27,224,0,14,0
30-07 12:02:18,48.013,30.350,19.902,0,0,5850420,6262136,393176,3740324,46172.883,25062.180,0,429.876,0,34.828,6083,4406,3.020,2.570,2.050,3,0,116.425,0,0,27,225,0,14,0
30-07 12:02:19,48.947,30.717,19.479,0,0,5882068,6230408,393192,3740364,62383.331,35822.143,0,183.801,0,10.988,6153,4722,3.020,2.570,2.050,5,0,112.878,0,0,27,226,0,15,0
30-07 12:02:20,50.312,31.697,17.861,0,0,5814800,6297212,393288,3740684,61008.588,31608.144,0,921.720,0,55.343,6166,5673,3.340,2.640,2.070,3,0,136.849,0,0,27,230,0,17,0
30-07 12:02:21,38.509,33.007,27.006,0,0,5862264,6248512,393308,3741876,45861.282,23713.317,0,14367.221,0,1300.292,8742,7148,3.340,2.640,2.070,3,0,110.025,0,0,27,232,0,17,0
30-07 12:02:22,30.068,27.086,40.753,0,0,5889252,6221496,393316,3742288,59990.737,31203.056,0,218.676,0,11.928,5583,4861,3.340,2.640,2.070,3,0,97.410,0,0,27,232,0,18,0
30-07 12:02:23,35.848,28.878,33.110,0,0,5902404,6208240,393356,3742100,47139.735,24004.530,0,1103.336,0,41.823,6331,6853,3.340,2.640,2.070,3,0,87.630,0,0,27,234,0,19,0
30-07 12:02:24,38.972,28.344,32.899,0,0,5870828,6239780,393360,3741904,55464.358,469855.750,0,121.473,0,8.098,5624,5775,3.340,2.640,2.070,4,0,87.055,0,0,27,232,0,19,0
30-07 12:02:25,45.064,31.469,23.162,0,0,5939596,6171000,393364,3741916,47894.979,136640.816,0,92.646,0,4.028,5576,3604,3.400,2.670,2.080,3,0,110.772,0,0,27,232,0,19,0
30-07 12:02:26,44.809,31.022,21.912,0,0,5990292,6120268,393364,3741936,60412.840,34319.031,0,1638.742,0,4.924,5959,4137,3.400,2.670,2.080,3,0,124.087,0,0,27,232,0,19,0
30-07 12:02:27,52.381,32.832,13.784,0,0,5986896,6122144,393492,3743288,61087.451,32763.766,0,1002.502,0,77.193,7376,8675,3.400,2.670,2.080,5,0,126.315,0,0,27,240,0,21,0
30-07 12:02:28,26.318,29.793,41.463,0,0,5950828,6158168,393500,3743320,47218.625,25139.702,0,234.375,0,13.904,5353,4344,3.400,2.670,2.080,4,0,111.229,0,0,27,240,0,21,0
30-07 12:02:29,28.168,28.419,41.497,0,0,5985984,6122980,393520,3743332,60829.345,31091.203,0,309.846,0,23.138,5279,3630,3.400,2.670,2.080,2,0,116.695,0,0,27,240,0,21,0
30-07 12:02:30,35.505,32.755,30.504,0,0,5986428,6122320,393556,3743988,46600.841,24552.605,0,792.116,0,31.005,6696,7343,3.520,2.710,2.100,3,0,132.019,0,0,27,242,0,21,0
30-07 12:02:31,41.352,27.067,30.826,0,0,5993752,6114976,393608,3743932,59949.368,30701.984,0,409.012,0,33.082,6868,7829,3.520,2.710,2.100,2,0,87.216,0,0,27,242,0,21,0
30-07 12:02:32,43.877,29.504,26.225,0,0,6017252,6091360,393648,3743500,45908.587,24653.902,0,282.427,0,28.243,5179,4001,3.520,2.710,2.100,3,0,58.503,0,0,27,242,0,21,0
30-07 12:02:33,48.711,29.077,20.131,0,0,6057592,6050964,393680,3743524,56919.116,447294.766,0,302.206,0,18.888,5941,4110,3.520,2.710,2.100,5,0,123.268,0,0,27,242,0,21,0
30-07 12:02:34,60.942,16.734,21.729,0,0,6135492,5972844,393692,3743732,47985.176,144683.832,0,119.886,0,6.993,4950,3186,3.520,2.710,2.100,3,0,0.999,0,0,27,242,0,22,0
30-07 12:02:35,65.884,11.230,20.963,0,0,6185188,5922948,393760,3743852,30693.885,14859.801,0,343.395,0,32.942,6278,5602,3.480,2.710,2.100,3,0,3.993,0,0,27,245,0,25,0
30-07 12:02:36,48.856,18.039,32.821,0.251,0,6206456,5900800,393808,3744664,29944.900,14912.320,0,525.138,0,40.087,5153,5596,3.480,2.710,2.100,4,0,6.013,0,0,27,248,1,27,0
30-07 12:02:37,43.992,9.043,42.770,0,0,6250796,5856356,393856,3744720,15112.838,7363.341,0,1528.978,0,169.126,4816,4582,3.480,2.710,2.100,3,0,0,0,0,27,248,1,27,0
30-07 12:02:38,49.157,8.405,43.299,0,0,6264012,5843068,393920,3744732,16039.876,7508.504,0,484.945,0,42.789,5109,5062,3.480,2.710,2.100,3,0,4.075,0,0,27,256,1,27,0
30-07 12:02:39,32.264,25.459,41.087,0,0,6214168,5892804,393996,3744756,46294.194,24912.054,0,9320.343,0,1007.250,6960,5188,3.480,2.710,2.100,2,0,100.826,0,0,27,254,1,27,0
30-07 12:02:40,36.825,35.581,25.379,0,0,6214408,5892540,394028,3744764,48204.793,26123.785,0,274.694,0,18.910,6016,15595,3.360,2.700,2.100,2,0,156.257,0,0,27,254,1,27,0
30-07 12:02:41,30.535,28.283,39.546,0,0,6229824,5877068,394028,3744788,62571.722,36221.097,0,1013.178,0,14.016,5650,4391,3.360,2.700,2.100,2,0,126.147,0,0,27,255,1,27,0
30-07 12:02:42,27.020,29.747,40.158,0,0,6223604,5883228,394048,3744800,60023.494,30402.914,0,1292.982,0,26.772,5646,4725,3.360,2.700,2.100,2,0,116.011,0,0,27,256,1,27,0
30-07 12:02:43,28.185,29.200,41.896,0,0,6107880,5998908,394080,3744812,46158.669,23516.576,0,499.704,0,34.532,5892,5039,3.360,2.700,2.100,3,0,123.910,0,0,27,254,1,27,0
30-07 12:02:44,9.914,29.991,56.760,0,0,6099616,6007032,394084,3744948,73723.764,477362.362,0,226.049,0,11.897,5637,4320,3.360,2.700,2.100,1,0,139.794,0,0,27,254,1,27,0
30-07 12:02:45,13.196,28.134,55.522,0,0,6105948,6000684,394096,3745448,63127.839,155107.234,0,195.199,0,9.959,6035,6563,3.170,2.670,2.100,7,0,145.403,0,0,27,254,1,27,0
30-07 12:02:46,22.146,28.185,49.576,0,0,6102360,6004216,394120,3745416,45672.548,23949.600,0,237.563,0,18.119,5871,7034,3.170,2.670,2.100,4,0,95.629,0,0,27,256,1,27,0
30-07 12:02:47,25.440,18.639,55.917,0,0,6108404,5998044,394180,3745432,45256.452,22989.419,0,906.761,0,67.503,4564,4399,3.170,2.670,2.100,3,0,30.225,0,0,28,258,1,27,0
30-07 12:02:48,46.598,31.479,19.333,0,0,6161724,5944660,394232,3745448,60743.284,32838.870,0,987.486,0,118.974,6108,4571,3.170,2.670,2.100,3,0,119.966,0,0,28,258,1,27,0
30-07 12:02:49,43.798,13.515,42.296,0,0,6229932,5876392,394236,3745472,45314.258,22734.714,0,160.174,0,9.010,4043,2967,3.170,2.670,2.100,3,0,12.013,0,0,28,261,1,27,0
30-07 12:02:50,45.195,9.239,44.446,0,0,6296260,5809388,394272,3746064,30228.123,14736.023,0,331.595,0,6.991,3713,2628,3.080,2.660,2.100,2,0,3.995,0,0,28,261,1,27,0
30-07 12:02:51,47.068,11.016,39.557,0.250,0,6311464,5792756,394344,3747332,29758.189,14761.423,0,901.308,0,70.102,5893,7086,3.080,2.660,2.100,2,0,25.036,0,0,28,262,1,28,0
30-07 12:02:52,10.999,27.499,59.497,0,0,6304920,5799092,394456,3747412,31920.393,18286.080,0,9395.527,0,982.951,6226,4413,3.080,2.660,2.100,2,0,128.994,0,0,28,262,1,28,0
30-07 12:02:53,6.747,11.244,78.960,0.250,0,6302852,5801120,394492,3747412,60716.868,33457.845,0,995.490,0,27.986,3366,3284,3.080,2.660,2.100,0,0,60.969,0,0,28,263,1,28,0
30-07 12:02:54,2.501,2.001,94.054,0,0,6302844,5801120,394496,3747416,55227.816,23762.689,0,48.028,0,5.003,1589,2388,3.080,2.660,2.100,0,0,0,0,0,28,264,1,28,0
30-07 12:02:55,4.251,2.751,90.517,0,0,6298956,5803756,394496,3748640,1385392.716,622703.388,0,0,0,0,3891,3313,2.910,2.630,2.090,0,0,2.000,0,0,28,263,1,28,0
30-07 12:02:56,8.469,6.974,78.213,0,0,6298848,5799288,394496,3753184,5031655.484,117356.780,0,3.985,0,0.996,9016,6440,2.910,2.630,2.090,3,0,6.974,0,0,28,263,1,28,0
30-07 12:02:57,13.553,9.788,70.775,0,0,6295656,5793028,394544,3762256,9607612.570,204844.927,0,558.166,0,38.148,13442,11257,2.910,2.630,2.090,0,0,4.016,0,0,28,263,1,28,0
30-07 12:02:58,5.494,16.731,73.168,0.499,0,6297312,5789016,394568,3764540,1291333.206,54045.448,974.908,299.664,11.987,24.972,5268,4424,2.910,2.630,2.090,0,1,87.902,0,0,28,262,1,28,0
30-07 12:02:59,6.509,22.782,68.095,0.501,0,6300636,5784484,394576,3765740,47179.058,25880.236,1325.856,120.168,15.021,7.010,4781,3912,2.910,2.630,2.090,1,0,139.195,0,0,28,262,1,28,0
30-07 12:03:00,17.237,11.991,68.949,0,0,6338124,5746976,394588,3765744,59959.697,31650.614,0,255.811,0,15.988,3187,2859,2.760,2.600,2.080,2,0,31.976,0,0,28,262,1,28,0
30-07 12:03:01,26.735,5.747,65.963,0,0,6374408,5710688,394592,3765744,30058.244,15091.587,0,67.962,0,5.997,2832,2424,2.760,2.600,2.080,2,0,1.999,0,0,28,266,1,28,0
30-07 12:03:02,24.420,8.971,64.289,0.249,0,6407908,5676976,394624,3765920,29738.220,14675.746,0,279.082,0,33.889,3621,3668,2.760,2.600,2.080,4,0,3.987,0,0,28,266,1,30,0
30-07 12:03:03,33.826,12.528,52.118,0,0,6439484,5645224,394648,3766072,17782.094,8668.545,0,320.723,0,31.070,5313,5812,2.760,2.600,2.080,1,0,0,0,0,28,271,1,30,0
30-07 12:03:04,25.759,4.001,68.274,0,0,6431920,5652764,394652,3766092,15165.437,7298.617,0,112.040,0,7.003,4313,4818,2.760,2.600,2.080,1,0,0,0,0,28,272,1,30,0
30-07 12:03:05,24.788,6.510,65.601,0,0,6392988,5691600,394708,3766128,15542.990,7307.278,0,368.569,0,41.063,4763,5588,2.620,2.580,2.080,1,0,4.006,0,0,28,275,1,27,0
30-07 12:03:06,25.431,5.236,67.067,0,0,6393364,5691096,394768,3766160,15118.774,7423.757,0,370.988,0,35.902,4754,5581,2.620,2.580,2.080,3,0,0.997,0,0,28,276,1,27,0
30-07 12:03:07,25.863,4.974,66.149,0,0,6393808,5690592,394804,3766180,1218.537,0,0,469.510,0,35.810,4914,5675,2.620,2.580,2.080,2,0,0,0,0,28,276,1,27,0
30-07 12:03:08,22.267,9.507,65.801,0,0,6403352,5680792,394840,3766396,15858.181,7463.733,0,480.369,0,35.027,4731,5517,2.620,2.580,2.080,4,0,2.002,0,0,28,278,1,32,0
30-07 12:03:09,26.848,15.808,52.442,3.011,0,6395632,5671968,394868,3782440,846.092,70.257,0,16395.912,0,49.180,6345,7504,2.620,2.580,2.080,2,0,27.099,0,0,28,276,1,36,0
30-07 12:03:10,12.774,20.038,65.626,0.250,0,6321460,5746120,394880,3782432,46533.162,43769.867,0,196.376,0,11.021,4354,3360,2.570,2.570,2.080,1,0,114.219,0,0,28,276,1,36,0
30-07 12:03:11,9.484,25.707,62.645,0,0,6325364,5742200,394896,3782432,72946.556,604405.481,0,231.611,0,11.980,5471,4184,2.570,2.570,2.080,1,0,158.734,0,0,28,276,1,36,0
30-07 12:03:12,11.484,23.967,62.164,0,0,6338520,5728924,395004,3782440,46166.364,27290.383,0,2280.856,0,101.860,5514,4859,2.570,2.570,2.080,1,0,214.704,0,0,28,278,1,37,0
30-07 12:03:13,22.095,8.788,68.543,0,0,6385896,5681548,395052,3782392,59975.602,30811.827,0,686.939,0,102.438,3108,3138,2.570,2.570,2.080,2,0,0,0,0,28,278,1,33,0
30-07 12:03:14,23.982,7.244,67.198,0,0,6327596,5739772,395064,3782452,31549.694,17303.669,0,191.852,0,8.993,3011,2765,2.570,2.570,2.080,1,0,14.988,0,0,28,278,1,33,0
30-07 12:03:15,7.002,22.756,67.766,0,0,6332400,5734956,395068,3782460,46434.235,25926.273,0,60.015,0,4.001,4594,3707,2.520,2.560,2.080,1,0,122.030,0,0,28,278,1,33,0
30-07 12:03:16,7.005,23.767,67.049,0,0,6332856,5734452,395096,3782480,62293.805,34879.647,0,152.112,0,15.011,4861,4031,2.520,2.560,2.080,1,0,128.094,0,0,28,278,1,33,0
30-07 12:03:17,7.498,22.993,66.981,0,0,6337824,5729416,395152,3782492,61165.388,33734.287,0,659.810,0,47.986,5207,4466,2.520,2.560,2.080,1,0,122.965,0,0,28,278,1,32,0
30-07 12:03:18,8.501,26.752,62.505,0,0,6336884,5730304,395180,3782512,61071.341,37529.282,0,4432.388,0,714.062,5758,4161,2.520,2.560,2.080,2,0,129.011,0,0,28,278,1,32,0
30-07 12:03:19,9.492,24.478,62.945,0,0,6323720,5743412,395216,3782520,53761.697,461845.639,0,275.757,0,23.979,5056,3940,2.520,2.560,2.080,1,0,125.889,0,0,28,278,1,32,0
30-07 12:03:20,3.750,6.749,86.990,0,0,6325484,5741648,395216,3782520,64301.730,146541.432,0,0,0,0,2629,2698,2.400,2.530,2.070,1,0,33.996,0,0,28,278,1,32,0
30-07 12:03:21,16.768,7.508,74.578,0,0,6357988,5709140,395220,3782520,45188.537,23356.570,0,184.194,0,9.009,2708,2685,2.400,2.530,2.070,4,0,9.009,0,0,28,278,1,29,0
30-07 12:03:22,23.238,5.997,68.963,0,0,6397200,5669856,395252,3782560,30063.972,15363.809,0,271.855,0,25.986,2681,2540,2.400,2.530,2.070,3,0,0,0,0,28,278,1,30,0
30-07 12:03:23,24.123,6.715,65.655,0,0,6415304,5651724,395268,3782572,29738.803,15291.683,0,919.172,0,190.002,3708,3529,2.400,2.530,2.070,1,0,1.990,0,0,28,288,1,30,0
30-07 12:03:24,26.117,4.269,67.300,0,0,6415540,5651472,395280,3782572,16891.413,7732.522,0,96.431,0,11.049,3401,3362,2.400,2.530,2.070,1,0,1.004,0,0,28,302,1,30,0
30-07 12:03:25,15.256,18.257,64.526,0,0,6380200,5686776,395288,3782600,32419.898,18686.434,0,52.021,0,3.001,4409,3692,2.370,2.520,2.070,1,0,96.038,0,0,28,302,1,27,0
30-07 12:03:26,5.248,7.996,67.470,15.993,0,6365284,5686848,395396,3796948,60157.306,31478.032,10887.169,0,172.923,0,3265,3134,2.370,2.520,2.070,0,1,17.992,0,0,28,302,1,27,0
30-07 12:03:27,4.252,3.502,69.036,21.261,0,6347432,5685600,395444,3815880,30274.941,15121.962,17893.421,156.082,169.089,18.009,2654,3218,2.370,2.520,2.070,0,1,0,0,0,28,302,1,27,0
30-07 12:03:28,2.749,4.499,68.977,20.993,0,6347848,5661672,395456,3839216,29946.208,14815.156,21472.978,3.999,205.933,1.000,2354,2809,2.370,2.520,2.070,0,1,0,0,0,28,302,1,27,0
30-07 12:03:29,3.250,4.250,68.756,22.002,0,6347788,5643288,395464,3857540,15400.427,7362.682,17245.598,16177.499,158.015,35.003,2298,2667,2.370,2.520,2.070,0,1,2.000,0,0,28,302,1,25,0
30-07 12:03:30,3.500,4.501,68.259,21.503,0,6336540,5632256,395492,3879676,15402.021,7296.958,20962.751,232.030,219.029,21.003,2563,2925,2.420,2.530,2.080,0,1,20.003,0,0,28,304,1,25,0
30-07 12:03:31,2.499,3.249,70.474,22.242,0,6336808,5614616,395496,3896916,16181.099,7507.262,16158.108,0,152.944,0,1985,2584,2.420,2.530,2.080,0,1,0,0,0,28,304,1,25,0
30-07 12:03:32,3.244,3.993,69.625,20.463,0,6336088,5591960,395512,3920164,15611.987,7282.932,22076.387,123.778,206.629,11.979,2624,3177,2.420,2.530,2.080,2,1,1.996,0,0,28,304,1,25,0
30-07 12:03:33,13.016,14.018,56.822,15.019,0,6371272,5544084,395540,3932724,1231.555,0,9760.321,480.607,102.129,32.040,3639,3593,2.420,2.530,2.080,1,1,20.025,0,0,28,304,1,25,0
30-07 12:03:34,4.726,5.472,66.665,20.646,0,6386072,5507380,395568,3954480,30456.776,19649.148,20445.143,103.479,200.989,12.935,2874,3346,2.420,2.530,2.080,2,1,0,0,0,28,304,1,25,0
30-07 12:03:35,9.561,8.051,62.147,19.122,0,6374356,5498552,395608,3974880,55846.178,470150.968,20048.223,177.133,194.242,16.103,3386,3241,2.550,2.560,2.090,1,0,6.039,0,0,28,304,1,25,0
30-07 12:03:36,9.239,10.738,64.926,13.485,0,6355444,5506532,395620,3985724,47506.496,165986.565,10280.206,191.780,95.890,9.989,3870,3517,2.550,2.560,2.090,1,1,23.972,0,0,28,304,1,25,0
30-07 12:03:37,9.508,8.007,60.050,21.018,0,6373484,5467196,395664,4006868,34291.687,18297.307,20633.261,424.355,180.151,34.028,3293,3283,2.550,2.560,2.090,1,1,1.001,0,0,28,304,1,18,0
30-07 12:03:38,5.721,10.945,67.161,12.686,0,6370100,5457116,395668,4020260,30742.990,19557.389,13233.276,1802.909,122.383,372.124,3801,3316,2.550,2.560,2.090,1,0,27.860,0,0,28,304,1,18,0
30-07 12:03:39,3.263,4.017,69.536,22.091,0,6366028,5447288,395680,4034096,45180.670,22243.409,13475.377,273.122,157.648,13.054,2530,2735,2.550,2.560,2.090,0,1,0,0,0,28,304,1,18,0
30-07 12:03:40,3.997,4.497,66.458,22.486,0,6356232,5445284,395680,4046240,30849.512,14648.746,11428.780,0,137.913,0,2516,2705,2.500,2.550,2.090,1,1,13.991,0,0,28,304,1,18,0
30-07 12:03:41,15.265,15.515,54.051,13.513,0,6355028,5434460,395692,4057800,16340.539,7493.126,11490.927,304.289,127.121,26.025,4697,11026,2.500,2.550,2.090,1,0,40.038,0,0,28,304,1,18,0
30-07 12:03:42,3.999,4.749,68.487,21.246,0,6353380,5416900,395692,4076912,45081.667,26037.187,18740.536,7.999,209.961,2.000,2985,2996,2.500,2.550,2.090,0,1,0,0,0,28,304,1,19,0
30-07 12:03:43,5.499,10.749,68.743,13.249,0,6349940,5409632,395708,4087556,45694.441,27451.261,10598.943,203.980,119.988,14.999,3258,3190,2.500,2.550,2.090,2,0,25.997,0,0,28,304,1,19,0
30-07 12:03:44,3.001,4.501,69.767,20.255,0,6348260,5395476,395708,4103328,45091.257,22777.686,14895.719,44.011,200.050,1.000,2784,2782,2.500,2.550,2.090,0,1,2.000,0,0,28,304,1,19,0
30-07 12:03:45,4.247,6.745,68.694,18.985,0,6333376,5394720,395708,4118904,30234.394,14742.003,15099.711,0,175.857,0,2828,2832,2.380,2.520,2.080,1,0,8.993,0,0,28,304,1,19,0
30-07 12:03:46,5.239,7.485,67.363,17.215,0,6331936,5384400,395716,4130624,30819.180,19380.496,11269.030,155.683,151.691,14.969,3036,2941,2.380,2.520,2.080,0,1,7.984,0,0,28,304,1,19,0
30-07 12:03:47,7.772,6.268,63.178,21.310,0,6331004,5370552,395796,4145244,46151.215,24413.883,14023.567,2398.768,178.504,135.382,3730,4079,2.380,2.520,2.080,0,1,2.006,0,0,28,304,1,19,0
30-07 12:03:48,6.002,9.253,68.021,15.005,0,6332432,5358204,395828,4156084,15671.915,7298.289,10603.325,176.055,125.039,19.006,3321,3250,2.380,2.520,2.080,1,1,16.005,0,0,28,304,1,19,0
30-07 12:03:49,3.968,4.464,67.450,20.830,0,6333236,5342660,395828,4170760,56462.771,586918.017,14029.644,194.415,165.650,36.701,3144,3091,2.380,2.520,2.080,0,1,0.992,0,0,28,304,1,19,0
30-07 12:03:50,5.043,9.581,69.587,14.875,0,6334448,5326784,395828,4185376,45885.025,26600.366,14058.580,0,168.421,0,3179,2989,2.270,2.490,2.070,0,1,18.153,0,0,28,304,1,19,0
30-07 12:03:51,4.208,4.951,67.579,20.794,0,6334244,5309396,395868,4202856,44311.034,22241.166,16345.703,467.360,203.975,32.676,2912,3050,2.270,2.490,2.070,0,1,0,0,0,28,304,1,19,0
30-07 12:03:52,8.076,16.910,67.639,6.562,0,6337596,5299820,395868,4209048,46232.569,27875.223,6154.113,8.076,75.715,2.019,4040,3234,2.270,2.490,2.070,2,0,49.467,0,0,28,304,1,20,0
30-07 12:03:53,4.497,8.995,68.458,15.491,0,6337944,5285204,395868,4223236,45477.251,23133.884,13315.875,7.995,171.895,0.999,3378,3162,2.270,2.490,2.070,0,1,18.988,0,0,28,304,1,20,0
30-07 12:03:54,3.003,4.504,68.814,21.520,0,6337960,5269832,395868,4238544,30168.040,14767.726,14809.765,1829.701,172.160,379.353,3098,2824,2.270,2.490,2.070,0,1,0,0,0,28,304,1,18,0
30-07 12:03:55,8.986,17.723,66.897,3.994,0,6344448,5260004,395868,4241872,30502.000,20328.676,3183.095,0,40.937,0,4086,3347,2.170,2.470,2.070,1,0,56.912,0,0,28,304,1,18,0
30-07 12:03:56,3.244,4.742,68.628,20.963,0,6344796,5243372,395876,4258068,44780.184,23140.754,15200.906,83.851,205.633,1.996,2855,2901,2.170,2.470,2.070,0,1,1.996,0,0,28,304,1,18,0
30-07 12:03:57,12.186,8.704,58.442,17.408,0,6339396,5232984,395936,4273732,41048.476,23500.041,14933.230,358.111,189.003,42.774,4665,4965,2.170,2.470,2.070,2,0,9.948,0,0,28,304,1,20,0
30-07 12:03:58,10.085,11.093,64.290,12.606,0,6338492,5222692,395944,4284852,51887.586,26923.014,10580.824,68.576,158.329,6.051,3750,3433,2.170,2.470,2.070,0,1,24.203,0,0,28,304,1,20,0
30-07 12:03:59,5.490,10.231,66.623,15.471,0,6339956,5207352,395944,4298676,54856.471,465894.235,13346.568,3.992,198.622,0.998,3483,3213,2.170,2.470,2.070,1,0,16.968,0,0,28,304,1,20,0
30-07 12:04:00,4.006,5.258,68.351,19.028,0,6339156,5191476,395944,4315304,48027.303,143446.966,16356.283,12.018,156.232,3.004,2835,2916,2.070,2.450,2.060,0,1,2.003,0,0,28,304,1,20,0
30-07 12:04:01,4.995,9.991,68.185,14.486,0,6339932,5177376,395964,4328556,45583.740,26047.281,12835.819,363.655,132.874,15.985,3358,3156,2.070,2.450,2.060,0,1,15.985,0,0,28,304,1,20,0
30-07 12:04:02,5.247,9.245,67.710,15.991,0,6340828,5167296,395976,4337680,29938.496,14781.358,9042.713,127.925,93.945,13.992,3125,3154,2.070,2.450,2.060,1,0,15.991,0,0,28,304,1,20,0
30-07 12:04:03,9.520,7.766,61.881,18.539,0,6374052,5124468,395988,4347224,60290.179,32482.520,9528.099,404.854,93.197,27.057,3103,3100,2.070,2.450,2.060,0,1,2.004,0,0,28,304,1,20,0
30-07 12:04:04,4.484,8.719,69.252,13.701,0,6371948,5117412,395988,4356368,37174.925,23256.748,8836.368,0,87.686,0,3017,2909,2.070,2.450,2.060,2,1,15.943,0,0,28,304,1,20,0
30-07 12:04:05,5.520,8.781,67.490,15.304,0,6369872,5108404,395988,4367400,39221.641,22927.629,10882.746,4.014,121.432,1.004,3190,3002,1.990,2.420,2.060,0,1,19.068,0,0,28,304,1,20,0
30-07 12:04:06,4.739,4.739,67.848,20.454,0,6358928,5101160,396016,4385480,44939.298,22760.996,16099.922,371.168,177.602,24.944,3234,3480,1.990,2.420,2.060,0,1,0.998,0,0,28,304,1,17,0
30-07 12:04:07,5.763,8.770,68.405,14.783,0,6358848,5092528,396044,4394116,31253.804,14733.378,7970.056,585.326,95.216,41.093,3315,3360,1.990,2.420,2.060,0,1,16.036,0,0,28,304,1,17,0
30-07 12:04:08,4.248,4.498,67.964,21.488,0,6355224,5082296,396056,4407896,60261.739,33859.873,12977.053,203.891,170.909,15.991,2694,2888,1.990,2.420,2.060,0,1,1.999,0,0,28,304,1,17,0
30-07 12:04:09,15.761,13.260,55.791,13.760,0,6354248,5071840,396056,4419280,33191.143,21152.386,10655.751,0,153.111,0,4142,3591,1.990,2.420,2.060,1,1,16.012,0,0,28,302,1,17,2
30-07 12:04:10,4.998,8.247,63.480,20.743,0,6350664,5064172,396056,4430472,54574.884,466749.614,10808.610,2107.339,132.958,410.871,3705,3065,1.990,2.410,2.060,0,1,5.998,0,0,28,302,1,7,2
30-07 12:04:11,3.723,4.965,68.015,19.858,0,6349692,5052116,396056,4443452,34953.786,149635.128,12439.310,3.972,173.761,0.993,2859,2801,1.990,2.410,2.060,1,0,5.958,0,0,28,302,1,7,2
30-07 12:04:12,5.039,8.818,68.778,16.124,0,6348672,5037272,396064,4459244,34847.303,21045.433,14978.899,112.866,214.646,8.062,3350,3159,1.990,2.410,2.060,0,1,13.100,0,0,28,302,1,8,2
30-07 12:04:13,4.749,8.997,68.980,14.996,0,6348244,5026016,396064,4470864,46626.172,27729.776,11000.737,0,137.959,0,3191,3012,1.990,2.410,2.060,1,0,15.995,0,0,28,302,1,8,2
30-07 12:04:14,5.752,9.753,68.520,14.254,0,6348400,5013416,396064,4483260,46534.463,25043.245,12195.528,4.001,132.038,1.000,3385,3092,1.990,2.410,2.060,0,1,18.005,0,0,28,302,1,7,2
30-07 12:04:15,3.480,4.723,68.609,20.632,0,6347960,4995776,396064,4501260,44598.733,22479.838,17221.815,0,169.036,0,2775,2842,1.910,2.390,2.050,0,1,0.994,0,0,28,302,1,7,2
30-07 12:04:16,6.028,9.795,68.061,14.315,0,6345600,4984320,396064,4514996,45957.961,27242.458,13083.774,0,136.624,0,3170,2986,1.910,2.390,2.050,0,1,16.073,0,0,28,302,1,7,2
30-07 12:04:17,7.227,15.202,63.797,9.221,0,6348620,4972476,396080,4523752,46903.549,27785.466,8564.710,430.628,86.724,37.879,4121,4016,1.910,2.390,2.050,1,0,61.803,0,0,28,302,1,7,2
30-07 12:04:18,22.806,7.268,67.667,0,0,6369756,4951308,396096,4523764,45620.853,23377.830,0,128.317,0,16.040,3098,2853,1.910,2.390,2.050,3,0,9.022,0,0,28,302,1,7,2
30-07 12:04:19,23.985,6.746,67.459,0,0,6404244,4916784,396100,4523764,59678.673,29841.835,0,127.922,0,9.994,2855,2536,1.910,2.390,2.050,1,0,0.999,0,0,28,302,1,7,2
30-07 12:04:20,27.529,7.258,64.569,0,0,6440520,4880496,396100,4523776,31439.372,16124.115,0,76.081,0,1.001,3143,2705,1.840,2.370,2.040,1,0,2.002,0,0,28,302,1,7,2
30-07 12:04:21,24.758,4.752,68.021,0,0,6472776,4848240,396100,4523776,15977.048,7446.353,0,0,0,0,2677,2411,1.840,2.370,2.040,2,0,3.001,0,0,28,304,1,7,2
30-07 12:04:22,28.488,3.998,65.972,0,0,6485324,4835640,396132,4523792,56516.802,454975.199,0,351.849,0,31.986,3594,3367,1.840,2.370,2.040,1,0,1.999,0,0,28,306,1,7,2
30-07 12:04:23,23.231,6.994,68.445,0,0,6448016,4872940,396140,4523792,47844.594,150792.953,0,115.907,0,7.994,3066,2690,1.840,2.370,2.040,2,0,6.994,0,0,28,302,1,7,2
30-07 12:04:24,23.636,5.474,68.420,0,0,6485260,4835672,396144,4523812,45289.845,23287.826,0,143.310,0,7.962,2737,2413,1.840,2.370,2.040,1,0,0.995,0,0,28,302,1,7,2
30-07 12:04:25,26.115,5.324,69.217,0,0,6502356,4818564,396156,4523812,45445.752,22198.046,0,1837.667,0,305.264,3224,2730,1.770,2.340,2.040,2,0,1.014,0,0,28,302,1,7,2
30-07 12:04:26,20.328,9.420,67.925,0,0,6525496,4795408,396172,4523812,15732.755,7643.267,0,360.943,0,62.471,2861,2529,1.770,2.340,2.040,1,0,4.958,0,0,28,302,1,7,2
30-07 12:04:27,27.276,4.004,67.064,0,0,6525380,4795484,396196,4523828,30103.644,14834.115,0,248.236,0,21.020,3725,3703,1.770,2.340,2.040,1,0,0,0,0,28,306,1,8,2
30-07 12:04:28,27.927,2.768,67.931,0.252,0,6520880,4799944,396220,4523844,30624.184,16720.020,0,177.123,0,18.115,2929,2660,1.770,2.340,2.040,4,0,1.006,0,0,28,302,1,8,2
30-07 12:04:29,21.790,10.152,66.609,0,0,6389456,4931368,396220,4523844,44847.730,23198.912,0,3.962,0,0.990,2975,2660,1.770,2.340,2.040,3,0,16.838,0,0,28,302,1,8,2
30-07 12:04:30,23.800,6.263,68.394,0,0,6428232,4892560,396248,4523844,30422.065,15272.161,0,368.777,0,30.063,2737,2476,1.710,2.320,2.030,3,0,0,0,0,28,302,1,8,2
30-07 12:04:31,27.785,5.006,66.835,0,0,6440320,4880464,396248,4523852,31509.244,16762.409,0,0,0,0,2842,2374,1.710,2.320,2.030,3,0,0,0,0,28,302,1,8,2
30-07 12:04:32,24.261,7.003,66.280,0,0,6362904,4957856,396268,4523856,30497.922,15739.185,0,256.117,0,14.006,3222,2704,1.710,2.320,2.030,2,0,28.013,0,0,28,302,1,8,2
30-07 12:04:33,9.229,25.193,63.605,0,0,6362296,4958256,396284,4524012,45990.193,25256.443,510.836,143.673,3.991,13.968,4719,4016,1.710,2.320,2.030,4,0,131.700,0,0,28,302,1,8,2
30-07 12:04:34,16.282,27.052,54.105,0,0,6376484,4943160,396284,4524916,71243.843,475257.528,0,316.613,0,6.012,5542,4464,1.710,2.320,2.030,1,0,121.235,0,0,28,302,1,8,2
30-07 12:04:35,12.505,27.762,56.025,0,0,6370920,4949548,396284,4524084,64035.117,192636.584,0,8.004,0,2.001,5482,4268,1.650,2.300,2.030,2,0,168.074,0,0,28,302,1,8,2
30-07 12:04:36,11.807,18.589,67.825,0,0,6370780,4949676,396300,4524080,45755.557,25608.884,0,1921.219,0,332.596,5022,3677,1.650,2.300,2.030,2,0,112.540,0,0,28,302,1,8,2
30-07 12:04:37,18.096,12.890,65.939,0,0,6397824,4922584,396328,4524100,60580.455,32287.233,0,241.941,0,22.806,3792,3489,1.650,2.300,2.030,3,0,63.460,0,0,28,302,1,8,2
30-07 12:04:38,22.296,7.265,69.141,0,0,6408868,4911524,396328,4524112,45343.644,23171.343,0,48.098,0,6.012,2996,2683,1.650,2.300,2.030,5,0,20.041,0,0,28,302,1,8,2
30-07 12:04:39,19.014,6.505,72.555,0,0,6432880,4887468,396336,4524116,48785.700,22945.261,0,312.235,0,12.009,2765,2569,1.650,2.300,2.030,3,0,17.013,0,0,28,303,1,8,2
30-07 12:04:40,18.480,5.244,74.920,0,0,6432852,4881364,396360,4529060,32242.499,16675.157,0,938.995,0,18.980,2490,2416,1.520,2.260,2.020,1,0,1.998,0,0,28,302,1,8,2
30-07 12:04:41,38.310,14.428,44.778,0,0,6454328,4858656,396380,4533748,30959.256,16000.541,0,334.340,0,9.951,4400,15008,1.520,2.260,2.020,3,0,38.807,0,0,28,302,1,9,2
30-07 12:04:42,30.225,11.335,55.413,0,0,6445036,4867324,396392,4530664,61663.993,31850.595,0,286.134,0,8.060,7046,11927,1.520,2.260,2.020,1,0,6.045,0,0,28,302,1,10,2
30-07 12:04:43,19.707,8.980,69.847,0,0,6437404,4873948,396392,4531548,29825.526,14560.037,0,235.483,0,5.987,2802,2593,1.520,2.260,2.020,1,0,6.985,0,0,28,302,1,8,2
30-07 12:04:44,16.648,4.540,76.175,0,0,6405220,4905980,396396,4531656,35781.197,18864.230,0,242.147,0,4.036,2486,2390,1.520,2.260,2.020,1,0,2.018,0,0,28,303,1,8,2
30-07 12:04:45,24.050,6.626,65.769,0,0,6415060,4895880,396404,4531864,53925.703,573875.104,0,306.268,0,6.871,4626,5908,1.400,2.220,2,2,0,6.871,0,0,28,303,1,8,2
30-07 12:04:46,20.725,10.868,65.714,0,0,6419540,4891372,396404,4531892,45057.651,23163.725,0,88.967,0,1.011,5204,7956,1.400,2.220,2,1,0,8.088,0,0,28,303,1,8,2
30-07 12:04:47,19.496,11.248,67.238,0,0,6391164,4919664,396460,4531880,15622.154,7618.612,0,675.877,0,47.991,3247,3276,1.400,2.220,2,2,0,8.998,0,0,28,303,1,8,2
30-07 12:04:48,20.447,9.725,67.076,0.249,0,6361224,4956328,396624,4525896,60880.255,31981.135,0,953.529,0,33.912,3508,3261,1.400,2.220,2,1,0,35.907,0,0,28,302,1,8,2
30-07 12:04:49,7.023,23.075,65.964,0,0,6364564,4952992,396624,4525928,61618.154,34578.321,0,4.013,0,1.003,4651,3763,1.400,2.220,2,3,0,139.453,0,0,28,302,1,8,2
30-07 12:04:50,12.262,19.519,65.314,0,0,6382692,4934864,396624,4525928,45890.956,24083.593,0,0,0,0,3884,3275,1.360,2.200,2,1,0,96.094,0,0,28,302,1,8,2
30-07 12:04:51,23.988,5.997,68.216,0,0,6420240,4897316,396632,4525920,44664.502,22252.791,0,487.754,0,20.989,2724,2548,1.360,2.200,2,1,0,0,0,0,28,302,0,8,2
30-07 12:04:52,33.474,4.959,59.261,0,0,6429760,4887516,396652,4526180,14912.872,7309.648,0,1860.638,0,345.150,3963,3171,1.360,2.200,2,3,0,0,0,0,28,302,1,9,2
30-07 12:04:53,26.681,7.411,62.503,0,0,6436532,4880712,396724,4526140,31030.369,16470.277,0,1857.810,0,100.796,3614,3659,1.360,2.200,2,1,0,1.976,0,0,28,308,1,9,2
30-07 12:04:54,20.152,9.693,69.383,0,0,6368332,4948844,396724,4526208,15586.764,7587.273,0,4.081,0,1.020,3589,3440,1.360,2.200,2,1,0,38.773,0,0,28,302,1,13,2
30-07 12:04:55,11.747,18.995,65.234,0,0,6382672,4934492,396728,4526216,15925.022,9739.567,0,83.979,0,2.999,3689,3250,1.420,2.200,2,1,0,78.980,0,0,28,302,1,12,2
30-07 12:04:56,22.257,7.002,69.272,0,0,6429540,4887620,396728,4526220,44281.789,22248.928,0,896.279,0,95.030,2773,2374,1.420,2.200,2,1,0,2.001,0,0,28,302,1,12,2
30-07 12:04:57,29.976,8.993,57.954,0,0,6449556,4867512,396776,4526276,29791.302,14816.214,0,543.568,0,39.968,4161,4343,1.420,2.200,2,1,0,7.994,0,0,28,302,1,14,2
30-07 12:04:58,16.495,13.996,65.479,0,0,6373348,4943716,396776,4526280,26097.811,440257.849,0,7.997,0,1.999,4044,3596,1.420,2.200,2,2,0,69.978,0,0,28,302,1,14,2
30-07 12:04:59,21.746,7.499,68.238,0,0,6409588,4907472,396776,4526284,47936.753,156647.049,0,3.999,0,1.000,2737,2504,1.420,2.200,2,2,0,2.999,0,0,28,302,1,12,2
30-07 12:05:00,24.004,5.501,69.511,0,0,6443828,4873212,396788,4526292,29716.750,14660.343,0,264.042,0,15.002,2789,2623,1.380,2.180,1.990,2,0,0,0,0,28,302,1,12,2
30-07 12:05:01,24.714,4.743,67.900,0,0,6444072,4872960,396788,4526300,29727.229,15077.799,0,75.888,0,0.999,2979,2731,1.380,2.180,1.990,3,0,2.996,0,0,28,302,1,12,2
30-07 12:05:02,15.532,16.785,64.884,0,0,6424700,4892276,396792,4526352,30428.711,18113.330,0,240.496,0,15.031,3801,3477,1.380,2.180,1.990,1,0,58.120,0,0,28,302,1,12,2
30-07 12:05:03,24.007,6.252,68.271,0.250,0,6469056,4847908,396816,4526340,44994.629,22910.940,0,256.078,0,30.009,2862,2831,1.380,2.180,1.990,1,0,0,0,0,28,302,1,12,2
30-07 12:05:04,29.993,8.998,58.986,0,0,6456112,4860680,396820,4526508,16482.075,9036.848,0,39.990,0,3.999,3527,3108,1.380,2.180,1.990,2,0,0,0,0,28,302,1,16,2
30-07 12:05:05,18.519,11.011,67.819,0,0,6448540,4868248,396820,4526512,30438.146,16218.596,0,16.016,0,3.003,3165,2858,1.350,2.160,1.990,1,0,35.036,0,0,28,302,1,16,2
30-07 12:05:06,22.992,5.498,70.225,0,0,6480992,4835796,396820,4526512,44192.396,22028.222,0,15.994,0,2.999,2642,2517,1.350,2.160,1.990,2,0,0,0,0,28,302,1,16,2
30-07 12:05:07,24.005,6.501,67.765,0,0,6479304,4837440,396856,4526520,30359.631,14595.188,0,2912.636,0,472.103,3952,3095,1.350,2.160,1.990,2,0,0,0,0,28,302,1,16,2
30-07 12:05:08,20.984,9.742,66.698,0,0,6425236,4891444,396908,4526532,45672.443,25206.376,0,323.748,0,36.971,4103,4019,1.350,2.160,1.990,1,0,46.963,0,0,28,302,1,16,2
30-07 12:05:09,21.259,8.503,69.028,0,0,6435968,4880712,396908,4526532,44645.267,22095.040,0,0,0,0,2838,2705,1.350,2.160,1.990,1,0,2.001,0,0,28,302,1,16,2
30-07 12:05:10,25.719,8.490,63.922,0,0,6468828,4847828,396928,4526536,29615.773,14771.931,0,579.291,0,31.961,3107,2949,1.320,2.140,1.980,1,0,5.993,0,0,28,302,1,16,2
30-07 12:05:11,23.883,4.976,68.414,0,0,6441504,4875144,396928,4526544,15260.043,7538.969,0,31.844,0,2.985,2797,2548,1.320,2.140,1.980,1,0,6.966,0,0,28,302,1,18,2
30-07 12:05:12,19.596,12.310,66.575,0,0,6440248,4876392,396928,4526552,58732.477,594212.363,0,12.059,0,3.015,3825,3414,1.320,2.140,1.980,1,0,28.137,0,0,28,302,1,19,1
30-07 12:05:13,23.766,6.004,69.297,0,0,6478676,4837932,396952,4526560,29971.181,14601.832,0,232.156,0,19.013,2857,2874,1.320,2.140,1.980,1,0,0,0,0,28,302,1,19,1
30-07 12:05:14,24.476,4.995,68.682,0,0,6478888,4837668,396984,4526580,30269.837,15892.164,0,279.721,0,32.967,3395,3371,1.320,2.140,1.980,1,0,1.998,0,0,28,302,1,19,1
30-07 12:05:15,12.751,22.251,62.003,0,0,6445704,4870836,396984,4526596,62033.698,34030.480,0,124.005,0,7.000,4845,3938,1.300,2.120,1.980,2,0,136.006,0,0,28,302,1,19,1
30-07 12:05:16,6.300,9.324,83.162,0,0,6445616,4870792,397036,4526676,51135.159,27004.017,0,221.766,0,11.088,2878,2893,1.300,2.120,1.980,0,0,44.353,0,0,28,304,1,18,1
30-07 12:05:17,5.203,11.892,80.022,0,0,6421428,4894856,397108,4526728,70224.388,32999.903,0,420.179,0,45.585,3847,4037,1.300,2.120,1.980,1,0,69.369,0,0,28,302,1,19,1
30-07 12:05:18,6.254,11.257,81.051,0.250,0,6416180,4900084,397128,4526728,49796.553,26528.810,0,300.190,0,20.013,3193,3257,1.300,2.120,1.980,0,0,56.036,0,0,28,304,1,19,1
30-07 12:05:19,5.758,17.275,74.608,0,0,6399572,4916680,397132,4526736,62190.224,33375.420,0,192.279,0,9.013,4011,3400,1.300,2.120,1.980,2,0,95.138,0,0,28,302,1,20,1
30-07 12:05:20,9.248,20.995,66.484,0,0,6395400,4920792,397140,4526784,61515.600,34543.914,0,159.963,0,7.998,4549,3674,1.350,2.120,1.980,1,0,114.973,0,0,28,302,1,20,1
30-07 12:05:21,22.494,9.747,66.982,0,0,6413996,4898460,397380,4530048,53822.723,457160.735,0,2319.385,0,46.988,3552,3336,1.350,2.120,1.980,1,0,4.999,0,0,28,302,1,20,1
30-07 12:05:22,22.011,7.504,68.536,0,0,6408412,4897532,397616,4535360,47844.792,140344.723,0,996.516,0,22.011,3065,2896,1.350,2.120,1.980,1,0,2.001,0,0,28,302,1,21,1
30-07 12:05:23,22.009,6.753,69.780,0,0,6411616,4891352,397744,4537672,45193.384,22222.531,0,2517.080,0,417.179,3765,2949,1.350,2.120,1.980,1,0,19.008,0,0,28,303,1,21,1
30-07 12:05:24,12.994,2.999,83.711,0,0,6411416,4891168,397808,4537944,26433.543,11138.751,0,619.708,0,38.982,2239,2493,1.350,2.120,1.980,1,0,0,0,0,28,303,1,20,1
30-07 12:05:25,22.998,6.499,68.495,0.250,0,6415124,4883980,397900,4541112,30230.671,14830.857,0,487.962,0,28.998,2968,2871,1.330,2.100,1.970,1,0,3.000,0,0,28,302,1,20,1
30-07 12:05:26,15.989,15.989,63.957,1.749,0,6364352,4931280,398048,4544348,32388.024,20892.824,1371.070,3461.651,20.986,94.936,5062,4873,1.330,2.100,1.970,1,0,97.934,0,0,28,302,1,20,1
30-07 12:05:27,10.002,24.505,63.763,0,0,6364540,4931040,398076,4544368,45980.067,24096.752,0,128.025,0,14.003,5097,4165,1.330,2.100,1.970,2,0,148.029,0,0,28,302,1,20,1
30-07 12:05:28,14.748,14.998,67.742,0.250,0,6380148,4915416,398092,4544368,60292.515,31302.114,0,103.987,0,7.999,3567,3199,1.330,2.100,1.970,1,0,56.993,0,0,28,302,1,19,1
30-07 12:05:29,23.431,6.047,70.796,0,0,6417896,4877644,398112,4544368,30244.239,15261.696,0,302.332,0,19.148,2762,2563,1.330,2.100,1.970,1,0,2.016,0,0,28,302,1,19,1
30-07 12:05:30,22.825,5.706,69.963,0,0,6430716,4864816,398112,4544376,29884.665,15481.197,0,11.909,0,2.977,2742,2527,1.300,2.080,1.970,2,0,0,0,0,28,302,1,19,1
30-07 12:05:31,19.518,10.259,68.312,0,0,6377432,4917940,398120,4544528,15408.920,7678.937,0,124.112,0,7.006,3643,3334,1.300,2.080,1.970,1,0,47.042,0,0,28,302,1,19,1
30-07 12:05:32,22.008,7.253,69.025,0,0,6420672,4874688,398148,4544528,31106.074,18864.716,0,1412.503,0,90.032,3109,3029,1.300,2.080,1.970,2,0,2.001,0,0,28,302,1,19,1
30-07 12:05:33,24.741,5.498,69.475,0,0,6449160,4846156,398184,4544536,44952.669,22107.968,0,303.890,0,23.991,2976,2908,1.300,2.080,1.970,2,0,0,0,0,28,302,1,19,1
30-07 12:05:34,26.177,10.720,60.831,0,0,6456472,4838832,398184,4544544,14994.381,7275.805,0,11.967,0,2.992,3484,3176,1.300,2.080,1.970,1,0,17.950,0,0,28,302,1,19,1
30-07 12:05:35,23.809,8.271,65.914,0,0,6468904,4825228,398192,4545700,57306.786,593691.249,0,140.350,0,5.012,3564,3514,1.270,2.060,1.960,1,0,4.010,0,0,28,302,1,19,1
30-07 12:05:36,28.756,8.752,61.263,0,0,6496588,4798672,398216,4544548,29898.222,15103.143,0,128.027,0,11.002,3328,2881,1.270,2.060,1.960,1,0,0,0,0,28,302,1,19,1
30-07 12:05:37,27.928,9.226,59.845,0,0,6491356,4803492,398656,4544516,31140.199,15903.734,0,2377.830,0,218.433,5790,7291,1.270,2.060,1.960,2,0,0.997,0,0,28,303,1,19,1
30-07 12:05:38,25.320,9.276,63.426,0,0,6453372,4841056,398916,4544668,15318.513,7382.488,0,4584.724,0,571.586,5929,6708,1.270,2.060,1.960,1,0,7.019,0,0,28,302,1,19,1
30-07 12:05:39,19.987,7.745,69.953,0,0,6457920,4836484,398980,4544628,45277.749,24705.494,0,867.420,0,46.969,2732,2720,1.270,2.060,1.960,1,0,0,0,0,28,302,1,19,1
30-07 12:05:40,23.735,5.746,69.956,0,0,6485172,4809184,398980,4544676,30035.221,14942.658,0,63.960,0,0.999,2695,2543,1.250,2.040,1.960,1,0,0,0,0,28,302,1,19,1
30-07 12:05:41,24.492,6.748,66.728,0,0,6480956,4813120,399236,4544692,29881.254,14735.194,0,2375.225,0,153.950,4568,5116,1.250,2.040,1.960,1,0,1.999,0,0,28,303,1,19,1
30-07 12:05:42,36.274,18.512,43.028,0,0,6468504,4825464,399316,4544720,15045.803,7300.757,0,468.305,0,45.029,5639,15682,1.250,2.040,1.960,3,0,36.023,0,0,28,303,1,21,1
30-07 12:05:43,16.714,14.968,65.858,0,0,6373708,4920116,399444,4544732,30988.262,17815.631,0,403.132,0,50.890,4389,4196,1.250,2.040,1.960,2,0,80.826,0,0,28,302,1,21,1
30-07 12:05:44,6.771,27.335,63.699,0.251,0,6376756,4917044,399464,4544732,61072.629,32593.737,0,188.589,0,11.034,4959,3870,1.250,2.040,1.960,1,0,171.535,0,0,28,302,1,19,1
30-07 12:05:45,7.244,26.977,62.946,0.250,0,6374000,4919668,399600,4544728,60763.235,31816.895,0,2026.274,0,97.917,5372,4356,1.390,2.060,1.960,2,0,169.855,0,0,28,302,1,19,1
30-07 12:05:46,7.750,27.500,62.750,0,0,6363000,4930516,399616,4544864,53777.911,27031.955,0,144.000,0,10.000,5296,4097,1.390,2.060,1.960,2,0,173.000,0,0,28,302,1,19,1
30-07 12:05:47,9.479,26.941,60.367,0,0,6365720,4927680,399720,4544872,63782.394,461969.606,0,626.619,0,46.897,5760,4967,1.390,2.060,1.960,4,0,164.637,0,0,28,302,1,19,1
30-07 12:05:48,11.018,28.297,58.348,0,0,6367440,4925916,399752,4544884,65805.145,155751.698,0,160.268,0,19.032,5575,4473,1.390,2.060,1.960,1,0,159.267,0,0,28,302,1,19,1
30-07 12:05:49,7.510,27.286,62.582,0,0,6367036,4926316,399752,4544888,61479.844,31509.434,0,20.026,0,5.007,5129,3913,1.390,2.060,1.960,2,0,170.224,0,0,28,302,1,19,1
30-07 12:05:50,7.003,26.012,65.031,0,0,6373936,4919396,399760,4544896,46053.622,24167.346,0,180.085,0,7.003,4938,3791,1.360,2.040,1.960,1,0,164.077,0,0,28,302,1,19,1
30-07 12:05:51,7.740,26.467,62.921,0,0,6372748,4920556,399784,4544900,61931.342,32125.716,0,183.770,0,16.979,5165,4017,1.360,2.040,1.960,4,0,169.787,0,0,28,302,1,19,1
30-07 12:05:52,7.007,28.527,62.309,0,0,6369112,4924172,399800,4544900,61180.017,32632.946,0,7843.438,0,60.057,5187,3981,1.360,2.040,1.960,1,0,163.155,0,0,28,302,1,20,1
30-07 12:05:53,7.979,25.681,63.829,0,0,6371420,4921824,399828,4544912,60873.607,31900.375,0,458.769,0,27.925,5320,4323,1.360,2.040,1.960,3,0,163.561,0,0,28,302,1,19,1
30-07 12:05:54,7.250,27.249,62.497,0,0,6366460,4926776,399828,4544916,45735.733,24144.803,0,1855.908,0,371.982,5339,3859,1.360,2.040,1.960,2,0,167.992,0,0,28,302,1,19,1
30-07 12:05:55,8.274,26.828,62.681,0,0,6366684,4926544,399828,4544924,74572.699,484537.511,0,16.046,0,4.012,5517,4195,1.410,2.040,1.960,1,0,162.470,0,0,28,302,1,19,1
30-07 12:05:56,7.439,26.779,63.229,0,0,6366992,4926236,399828,4544924,63389.986,147033.187,0,23.804,0,4.959,5103,3841,1.410,2.040,1.960,1,0,167.620,0,0,28,302,1,19,1
30-07 12:05:57,8.557,27.181,61.660,0.252,0,6361456,4931724,399880,4544920,61222.159,32286.723,0,7735.445,0,56.375,5402,4416,1.410,2.040,1.960,1,0,162.078,0,0,28,302,1,15,1
30-07 12:05:58,8.737,25.464,62.660,0,0,6362644,4930440,399952,4544944,45726.462,24157.376,0,487.302,0,37.946,5145,4118,1.410,2.040,1.960,3,0,166.761,0,0,28,302,1,15,1
30-07 12:05:59,16.473,29.202,52.165,0,0,6362216,4930800,399964,4544996,62408.779,33126.741,0,235.614,0,18.969,5984,5215,1.410,2.040,1.960,3,0,160.737,0,0,28,302,1,17,1
30-07 12:06:00,7.275,24.837,64.726,0,0,6368416,4924596,399964,4545000,61089.093,32493.345,0,24.084,0,6.021,4982,3917,1.300,2.010,1.950,1,0,158.553,0,0,28,302,1,17,1
30-07 12:06:01,7.253,26.510,63.775,0,0,6371680,4921328,399964,4545004,60964.557,32886.707,0,60.023,0,5.002,5065,3906,1.300,2.010,1.950,3,0,170.066,0,0,28,302,1,15,1
30-07 12:06:02,7.747,26.990,62.226,0.250,0,6377308,4915636,399988,4545044,49201.211,26269.968,0,867.669,0,78.970,5323,4229,1.300,2.010,1.950,2,0,160.939,0,0,28,302,1,15,1
30-07 12:06:03,7.736,26.953,62.889,0,0,6374776,4918136,400016,4545048,66677.518,460292.987,0,347.388,0,23.958,5337,4268,1.300,2.010,1.950,1,0,159.719,0,0,28,302,1,15,1
30-07 12:06:04,8.991,27.472,60.937,0,0,6386452,4906460,400016,4545048,64174.675,153349.511,0,35.963,0,4.995,5062,3932,1.300,2.010,1.950,2,0,163.831,0,0,28,302,1,15,1
30-07 12:06:05,11.542,26.847,59.464,0,0,6385124,4907784,400016,4545052,60898.451,32183.977,0,16.058,0,4.014,5089,3867,1.270,1.990,1.940,2,0,164.593,0,0,28,302,1,11,1
30-07 12:06:06,7.731,24.688,64.589,0,0,6377144,4915728,400040,4545060,60544.771,33143.215,0,498.754,0,28.928,5158,4337,1.270,1.990,1.940,3,0,146.634,0,0,28,302,1,11,1
30-07 12:06:07,17.793,12.279,68.665,0,0,6374072,4935460,400072,4529200,44968.900,23197.661,0,445.068,0,28.067,3661,3587,1.270,1.990,1.940,1,0,63.152,0,0,28,302,1,11,1
30-07 12:06:08,15.232,14.983,68.421,0,0,6388632,5020152,400096,4440724,44810.501,23155.388,0,2289.369,0,10.987,2874,3009,1.270,1.990,1.940,2,0,2.997,0,0,28,302,1,11,1
30-07 12:06:09,20.270,8.759,69.319,0,0,6416700,4983948,400116,4448548,45302.357,22686.714,0,704.706,0,18.018,2892,2673,1.270,1.990,1.940,3,0,3.003,0,0,28,302,1,11,1
30-07 12:06:10,27.722,9.241,61.188,0,0,6422140,4975016,400116,4451600,35022.325,16060.640,0,1350.624,0,270.724,3626,2861,1.330,1.990,1.940,2,0,14.985,0,0,28,302,1,11,1
30-07 12:06:11,20.042,5.010,74.155,0,0,6412604,4984144,400132,4451884,30745.243,16658.809,0,4.008,0,1.002,2424,2359,1.330,1.990,1.940,0,0,10.021,0,0,28,303,1,11,1
30-07 12:06:12,14.228,5.741,77.879,0,0,6433652,4962988,400152,4451944,37029.607,20163.748,0,1461.734,0,33.947,2408,2586,1.330,1.990,1.940,3,0,0.998,0,0,28,303,1,13,1
30-07 12:06:13,17.764,4.253,77.562,0,0,6425768,4970604,400228,4452092,26078.719,15870.609,0,1004.798,0,34.027,2362,2456,1.330,1.990,1.940,0,0,0,0,0,28,303,1,10,1
30-07 12:06:14,14.210,2.244,80.775,0.249,0,6426116,4969852,400268,4452380,25867.810,14650.116,0,877.551,0,26.925,2107,2377,1.330,1.990,1.940,0,0,1.994,0,0,28,303,1,10,1
30-07 12:06:15,18.050,3.510,77.715,0,0,6450144,4945660,400300,4452476,7931.986,4178.582,0,601.668,0,19.053,2142,2274,1.310,1.970,1.940,2,0,1.003,0,0,28,303,1,10,1
30-07 12:06:16,16.009,2.251,80.294,0.250,0,6449824,4945660,400324,4452724,24524.375,14351.827,0,820.447,0,24.013,2132,2357,1.310,1.970,1.940,1,0,0,0,0,28,303,1,10,1
30-07 12:06:17,17.246,3.749,77.981,0,0,6450236,4944988,400400,4452876,33401.846,448684.462,0,1179.712,0,57.986,3040,3444,1.310,1.970,1.940,1,0,2.000,0,0,28,303,1,9,1
30-07 12:06:18,18.733,2.498,76.679,0,0,6453996,4940956,400436,4453076,6754.740,4915.444,0,639.407,0,28.973,2318,2527,1.310,1.970,1.940,0,0,0,0,0,28,303,1,9,1
30-07 12:06:19,16.488,3.248,79.942,0,0,6453980,4940704,400456,4453284,29498.648,145740.510,0,851.384,0,24.982,2366,2497,1.310,1.970,1.940,4,0,0.999,0,0,28,303,1,9,1
30-07 12:06:20,21.739,4.997,70.714,0,0,6465840,4908208,400488,4473760,1797.094,827.583,0,1615.186,0,241.878,2918,2500,1.280,1.960,1.930,1,0,2.998,0,0,28,303,1,9,1
30-07 12:06:21,25.483,6.246,66.456,0,0,6455964,4905840,400596,4484284,16935.854,8953.108,0,1602.945,0,72.952,3179,3177,1.280,1.960,1.930,2,0,0,0,0,28,303,1,8,1
30-07 12:06:22,25.065,4.762,69.429,0.251,0,6462092,4889304,400668,4493608,481.244,0,0,1700.395,0,53.137,2855,2942,1.280,1.960,1.930,1,0,0,0,0,28,303,1,9,1
30-07 12:06:23,24.734,4.497,69.205,0,0,6457896,4883856,400668,4502164,1147.262,0,0,27.982,0,1.999,2799,2831,1.280,1.960,1.930,1,0,1.999,0,0,28,303,1,9,1
30-07 12:06:24,22.765,5.003,70.296,0.250,0,6471620,4851936,400736,4518740,14985.739,7787.060,0,1500.975,0,55.036,2761,2781,1.280,1.960,1.930,1,0,0,0,0,28,303,1,9,1
30-07 12:06:25,23.238,5.497,70.214,0,0,6470580,4842232,401100,4527488,718.626,0,0,1647.144,0,77.959,2945,2956,1.260,1.940,1.930,1,0,0.999,0,0,28,303,1,8,1
30-07 12:06:26,23.487,4.997,69.711,0.250,0,6472616,4831772,401116,4534556,479.730,147.917,0,1211.319,0,36.979,2789,2737,1.260,1.940,1.930,1,0,1.999,0,0,28,303,1,8,1
30-07 12:06:27,24.001,6.000,68.753,0,0,6467280,4812996,401532,4556388,15740.694,7458.329,0,1860.082,0,72.003,3171,3291,1.260,1.940,1.930,1,0,0,0,0,28,303,1,8,1
30-07 12:06:28,24.256,5.501,68.266,0.250,0,6473320,4798744,401868,4562924,882.207,0,0,3756.881,0,179.042,3343,3575,1.260,1.940,1.930,1,0,0,0,0,28,303,1,8,1
30-07 12:06:29,22.231,6.245,69.940,0.250,0,6410724,4878880,401868,4545280,640.452,173.851,0,255.781,0,9.991,2638,2491,1.260,1.940,1.930,1,0,3.997,0,0,28,302,1,8,1
30-07 12:06:30,21.497,7.749,69.740,0,0,6431840,4857724,401892,4545292,479.932,0,0,711.899,0,19.997,2634,2388,1.320,1.940,1.930,1,0,17.997,0,0,28,302,1,8,1
30-07 12:06:31,15.030,6.012,77.402,0,0,6457004,4832524,401912,4545308,36794.420,18509.431,0,1258.477,0,223.440,2788,2551,1.320,1.940,1.930,1,0,17.034,0,0,28,303,1,8,1
30-07 12:06:32,25.504,6.751,66.259,0,0,6447508,4835396,401952,4551392,31841.495,16055.266,0,1224.173,0,25.004,3248,3183,1.320,1.940,1.930,1,0,4.001,0,0,28,302,1,8,1
30-07 12:06:33,23.702,10.229,62.622,0,0,6449128,4833380,401972,4551712,29830.046,14855.644,0,6426.868,0,199.592,8088,13738,1.320,1.940,1.930,2,0,5.988,0,0,28,302,1,8,1
30-07 12:06:34,19.531,9.765,68.107,0,0,6470992,4810536,401972,4552596,29758.744,14614.956,0,0,0,0,3987,5270,1.320,1.940,1.930,1,0,8.013,0,0,28,302,1,8,1
30-07 12:06:35,26.428,12.466,58.840,0,0,6456228,4824112,401972,4553744,15054.082,7665.165,0,119.675,0,5.984,6404,9777,1.370,1.940,1.930,2,0,11.967,0,0,28,302,1,8,1
30-07 12:06:36,22.513,14.509,61.286,0,0,6476184,4805240,401996,4552600,15044.874,7448.393,0,1809.067,0,23.014,4968,8284,1.370,1.940,1.930,2,0,8.005,0,0,28,302,1,8,1
30-07 12:06:37,20.797,11.777,66.151,0.251,0,6444440,4844648,402056,4545484,762.738,0,0,713.626,0,37.084,2954,2847,1.370,1.940,1.930,4,0,7.016,0,0,28,302,1,8,1
30-07 12:06:38,21.982,7.244,69.193,0,0,6435520,4853672,402068,4545416,15089.485,7451.819,0,575.523,0,18.984,3013,2846,1.370,1.940,1.930,1,0,11.990,0,0,28,302,1,8,1
30-07 12:06:39,22.022,6.507,70.070,0,0,6448512,4840676,402068,4545420,16011.092,9213.260,0,0,0,0,3225,3238,1.370,1.940,1.930,1,0,41.041,0,0,28,302,1,8,1
30-07 12:06:40,23.475,10.739,62.184,0,0,6449560,4839620,402068,4545424,60369.884,33152.790,0,7.992,0,0.999,7587,13920,1.340,1.930,1.920,1,0,6.993,0,0,28,302,1,8,1
30-07 12:06:41,21.236,7.995,68.705,0,0,6457804,4831364,402068,4545436,44759.864,22153.579,0,859.441,0,192.874,3120,2728,1.340,1.930,1.920,1,0,19.987,0,0,28,302,1,8,1
30-07 12:06:42,21.542,10.520,66.379,0,0,6469772,4819336,402104,4547920,36271.459,18134.227,0,508.989,0,21.041,3474,5607,1.340,1.930,1.920,2,0,51.099,0,0,28,303,1,9,1
30-07 12:06:43,29.480,12.742,56.712,0,0,6441584,4841652,402136,4550880,17337.449,8949.038,0,12027.987,0,63.957,3882,9922,1.340,1.930,1.920,2,0,3.997,0,0,28,302,1,10,1
30-07 12:06:44,21.643,7.802,67.949,0,0,6451012,4831068,402136,4551852,15359.448,7344.510,0,0,0,0,4698,7218,1.340,1.930,1.920,1,0,8.053,0,0,28,302,1,10,1
30-07 12:06:45,21.508,9.754,66.524,0,0,6475192,4805868,402136,4552744,15160.548,7430.719,0,0,0,0,4914,8654,1.310,1.910,1.920,1,0,9.003,0,0,28,302,1,10,1
30-07 12:06:46,21.329,10.665,64.235,0,0,6475264,4805644,402136,4552856,15035.487,7450.284,0,107.141,0,1.984,5999,11050,1.310,1.910,1.920,1,0,5.952,0,0,28,302,1,8,1
30-07 12:06:47,19.142,11.838,68.507,0,0,6467532,4813232,402184,4552948,15499.723,7646.597,0,1192.829,0,36.268,3321,3337,1.310,1.910,1.920,1,0,16.119,0,0,28,302,1,8,1
30-07 12:06:48,17.400,11.931,68.604,0,0,6445372,4843024,402228,4545508,981.334,0,0,457.359,0,23.862,2767,2753,1.310,1.910,1.920,1,0,0,0,0,28,302,1,8,1
30-07 12:06:49,23.433,6.047,69.542,0,0,6432072,4856812,402228,4545456,25977.375,445127.735,0,12.094,0,3.024,3061,2676,1.310,1.910,1.920,1,0,6.047,0,0,28,302,1,8,1
30-07 12:06:50,21.402,7.217,69.432,0,0,6441624,4847236,402228,4545480,16030.471,16153.905,0,0,0,0,2752,2491,1.290,1.900,1.910,1,0,19.909,0,0,28,302,1,8,1
30-07 12:06:51,18.158,12.686,67.160,0,0,6408756,4880108,402256,4545464,48986.767,154451.342,0,664.632,0,17.909,3729,3312,1.290,1.900,1.910,1,0,61.687,0,0,28,302,1,8,1
30-07 12:06:52,23.051,7.517,67.900,0,0,6411048,4877812,402256,4545468,44245.930,22068.845,0,16.035,0,2.004,4140,5078,1.290,1.900,1.910,2,0,37.082,0,0,28,302,1,9,1
30-07 12:06:53,23.614,10.937,62.639,0,0,6417260,4871560,402284,4545480,60067.202,33194.902,0,10272.861,0,61.645,5951,10119,1.290,1.900,1.910,2,0,4.971,0,0,28,302,1,9,1
30-07 12:06:54,23.383,12.068,63.359,0,0,6436268,4852512,402284,4545496,31504.548,16524.651,0,22427.102,0,73.416,3289,2798,1.290,1.900,1.910,1,0,18.103,0,0,28,302,1,8,1
30-07 12:06:55,16.487,6.245,76.441,0,0,6444516,4844236,402296,4545512,36631.660,18114.985,0,887.314,0,9.992,2863,3041,1.430,1.910,1.920,2,0,20.984,0,0,28,303,1,8,1
30-07 12:06:56,23.260,5.753,69.781,0,0,6435152,4847096,402312,4551568,15264.824,7945.552,0,800.358,0,12.005,2700,2533,1.430,1.910,1.920,2,0,4.002,0,0,28,302,1,8,1
30-07 12:06:57,23.490,10.996,62.225,0,0,6435128,4846592,402324,4551908,30151.683,15299.750,0,2103.141,0,343.860,7158,12496,1.430,1.910,1.920,2,0,7.997,0,0,28,302,1,8,1
30-07 12:06:58,19.258,9.504,70.028,0,0,6450260,4830476,402336,4552784,420.171,0,0,280.114,0,10.004,2705,2530,1.430,1.910,1.920,1,0,8.003,0,0,28,302,1,8,1
30-07 12:06:59,21.490,17.992,56.974,0,0,6443836,4836748,402336,4552908,15295.068,7616.548,0,60056.781,0,172.922,7129,12725,1.430,1.910,1.920,4,0,7.996,0,0,28,302,1,8,1
30-07 12:07:00,18.225,11.484,69.154,0,0,6444336,4836144,402336,4553004,15120.930,7447.622,0,99.861,0,3.994,2927,2609,1.390,1.900,1.910,1,0,13.981,0,0,28,302,1,8,1
30-07 12:07:01,30.890,17.438,49.075,0.249,0,6433312,4854796,402376,4545736,15322.392,7937.711,0,2072.613,0,27.901,4869,4884,1.390,1.900,1.910,2,0,5.979,0,0,28,302,1,11,1
30-07 12:07:02,23.982,6.995,67.199,0,0,6434912,4853592,402400,4545556,626.524,0,0,335.745,0,16.987,3145,3250,1.390,1.900,1.910,1,0,5.995,0,0,28,302,1,9,1
30-07 12:07:03,21.375,8.047,68.903,1.257,0,6451280,4833964,402428,4548564,30302.425,16977.405,643.769,1335.821,14.082,15.088,2974,3176,1.390,1.900,1.910,1,0,2.012,0,0,28,302,1,9,1
30-07 12:07:04,24.319,5.956,66.256,0.248,0,6449592,4835092,402540,4548892,29843.336,15127.135,0,1119.646,0,71.467,4749,5742,1.390,1.900,1.910,1,0,0,0,0,28,303,1,11,1
30-07 12:07:05,30.402,11.809,56.031,0,0,6454904,4829664,402608,4548984,31257.569,16254.418,0,3662.345,0,153.770,5704,6391,1.360,1.880,1.910,2,0,1.005,0,0,28,306,1,12,1
30-07 12:07:06,27.060,8.770,60.886,0.251,0,6454036,4830020,402876,4549228,15101.714,7460.656,0,1559.481,0,211.472,6081,8019,1.360,1.880,1.910,1,0,3.007,0,0,28,305,0,12,1
30-07 12:07:07,16.258,16.008,65.783,0.250,0,6392104,4891720,402960,4549376,30508.171,15643.779,128.064,1424.708,1.000,98.049,4621,4762,1.360,1.880,1.910,2,0,77.038,0,0,28,304,0,12,1
30-07 12:07:08,9.499,25.998,61.995,0,0,6388556,4895228,402964,4549412,59453.452,601198.008,0,3123.761,0,554.958,6292,4132,1.360,1.880,1.910,5,0,149.989,0,0,28,304,1,12,1
30-07 12:07:09,7.988,24.213,65.150,0,0,6395528,4888180,403032,4549420,61426.041,32843.761,0,3522.612,0,174.733,5312,4542,1.360,1.880,1.910,1,0,133.795,0,0,28,304,1,12,1
30-07 12:07:10,14.254,20.256,63.020,0,0,6398276,4885412,403044,4549428,60747.081,34404.807,0,172.054,0,10.003,4272,3402,1.330,1.870,1.900,2,0,77.024,0,0,28,305,1,14,1
30-07 12:07:11,14.489,10.742,73.445,0,0,6363932,4921592,403060,4547608,131157.019,45108.302,0,351.737,0,13.990,3297,3120,1.330,1.870,1.900,2,0,26.980,0,0,28,304,1,14,1
30-07 12:07:12,9.756,7.754,81.547,0,0,6373908,4911628,403060,4547604,51176.629,25239.613,0,488.283,0,6.003,2649,2799,1.330,1.870,1.900,0,0,8.005,0,0,28,305,1,15,1
30-07 12:07:13,4.257,2.254,91.651,0,0,6371544,4913968,403084,4547604,82859.218,25373.714,0,745.225,0,17.028,2086,2875,1.330,1.870,1.900,0,0,0,0,0,28,305,1,15,1
30-07 12:07:14,7.241,6.991,83.895,0,0,6361608,4923244,403160,4548156,62759.433,8946.800,0,1034.705,0,16.979,2465,2834,1.330,1.870,1.900,0,0,15.980,0,0,28,304,1,13,1
30-07 12:07:15,6.223,10.704,80.901,0,0,6357872,4927080,403200,4548024,169061.451,519184.569,0,1258.569,0,68.704,3569,3551,1.220,1.840,1.890,0,0,27.880,0,0,28,304,1,14,1
30-07 12:07:16,21.259,25.055,52.641,0,0,6366208,4918528,403260,4548180,117503.132,40611.630,0,2020.610,0,94.147,5858,4513,1.220,1.840,1.890,1,0,211.577,0,0,28,304,1,14,1
30-07 12:07:17,13.395,13.891,65.239,4.961,0,6373348,4910016,403516,4549084,30092.240,14544.053,1111.293,309.575,100.215,45.642,4381,4333,1.220,1.840,1.890,1,0,103.192,0,0,28,304,1,14,1
30-07 12:07:18,10.242,6.495,68.948,11.241,0,6377884,4903744,403732,4550292,29509.612,14646.888,1398.939,87.933,125.904,13.989,2701,3096,1.220,1.840,1.890,0,1,0,0,0,28,304,1,14,1
30-07 12:07:19,10.269,7.013,69.125,12.022,0,6384512,4889268,404228,4556416,15062.241,7611.767,6636.002,4.007,701.268,1.002,3921,3933,1.220,1.840,1.890,1,0,2.004,0,0,28,304,1,14,1
30-07 12:07:20,16.900,7.705,69.093,4.225,0,6393488,4875952,404452,4557908,15268.106,7414.347,1690.050,0,123.274,0,3040,3079,1.290,1.840,1.890,1,0,0,0,0,28,305,1,16,1
30-07 12:07:21,22.102,8.790,68.063,0,0,6385864,4883516,404492,4557928,30601.918,15748.520,0,1072.941,0,66.305,3667,4019,1.290,1.840,1.890,1,0,1.005,0,0,28,304,1,15,1
30-07 12:07:22,29.644,9.964,58.789,0,0,6320240,4949112,404504,4557944,40719.834,21068.374,0,179.356,0,16.939,4033,3745,1.290,1.840,1.890,3,0,3.986,0,0,28,298,0,20,1
30-07 12:07:23,78.302,15.811,6.274,0,0,5939972,5329032,404532,4558248,50775.054,27096.626,309.194,2963.443,3.012,575.221,5944,3642,1.290,1.840,1.890,4,0,11.043,0,0,28,276,0,22,1
30-07 12:07:24,83.598,16.269,0,0,0,6085624,5183376,404536,4558256,30009.334,14741.357,0,140.165,0,8.009,5303,2960,1.290,1.840,1.890,4,0,0,0,0,28,276,0,22,1
30-07 12:07:25,82.461,16.242,0.750,0,0,6203300,5065692,404560,4558240,15027.823,7358.486,0,415.801,0,24.988,5323,3095,1.500,1.880,1.900,4,0,4.998,0,0,28,280,0,22,1
30-07 12:07:26,83.185,12.240,3.997,0,0,6263796,5003476,404616,4559904,15310.096,7644.056,0,851.338,0,51.960,8083,10743,1.500,1.880,1.900,6,0,3.997,0,0,28,286,1,27,1
30-07 12:07:27,64.550,17.379,16.386,0,0,6267800,4999052,404624,4560328,16770.187,8728.203,0,111.225,0,12.910,5187,4266,1.500,1.880,1.900,6,0,5.958,0,0,28,288,1,27,1
30-07 12:07:28,53.903,8.312,38.034,0,0,6325024,4941560,404640,4560580,57533.878,452668.220,0,108.813,0,9.068,4554,4278,1.500,1.880,1.900,1,0,3.023,0,0,28,286,1,32,1
30-07 12:07:29,21.974,6.992,69.668,0,0,6354940,4911644,404640,4560580,32435.851,104728.826,0,3.995,0,0.999,2626,2355,1.500,1.880,1.900,1,0,0.999,0,0,28,288,1,32,1
30-07 12:07:30,24.545,7.514,65.370,0.250,0,6352740,4912884,404656,4561524,30371.562,14825.121,0,308.564,0,28.051,5760,7830,1.460,1.860,1.900,0,0,0,0,0,28,290,1,34,1
30-07 12:07:31,2.000,2.000,94.754,0,0,6348296,4917316,404668,4561524,15215.662,7518.327,0,116.005,0,7.000,1575,2300,1.460,1.860,1.900,0,0,2.000,0,0,28,290,1,34,1
30-07 12:07:32,3.494,1.747,93.087,0,0,6343520,4922036,404712,4561536,15391.123,7283.282,0,227.603,0,30.946,2004,3111,1.460,1.860,1.900,0,0,0,0,0,28,290,1,34,1
30-07 12:07:33,2.754,1.502,94.126,0.250,0,6339336,4926164,404756,4561548,15900.261,7445.956,0,829.109,0,50.067,1807,2768,1.460,1.860,1.900,0,0,0,0,0,28,290,1,34,1
30-07 12:07:34,2.000,2.000,94.500,0,0,6335960,4929536,404756,4561552,15483.061,7524.029,0,1256.005,0,3.000,1530,2256,1.460,1.860,1.900,0,0,2.000,0,0,28,290,1,34,1
30-07 12:07:35,8.240,7.491,83.645,0,0,6368984,4895728,404764,4562328,598.249,0,0,3947.045,0,121.847,2299,2526,1.350,1.830,1.890,1,0,3.995,0,0,28,290,1,34,1
30-07 12:07:36,5.257,2.253,90.613,0,0,6369096,4895744,404792,4562200,14994.647,7453.269,0,468.583,0,23.029,2333,3272,1.350,1.830,1.890,0,0,1.001,0,0,28,290,1,34,1
30-07 12:07:37,7.742,4.745,86.163,0,0,6398904,4866536,404832,4561560,598.394,73.925,0,215.781,0,21.978,2282,2864,1.350,1.830,1.890,0,0,1.998,0,0,28,290,1,34,1
30-07 12:07:38,4.994,2.746,91.133,0,0,6370444,4894988,404832,4561568,16644.568,8637.878,0,0,0,0,1866,2505,1.350,1.830,1.890,2,0,0,0,0,28,290,1,34,1
30-07 12:07:39,2.738,3.733,91.585,0,0,6367364,4898044,404856,4561568,715.760,41.811,0,9978.832,0,1018.390,3276,2472,1.350,1.830,1.890,2,0,2.986,0,0,28,290,1,34,1
30-07 12:07:40,2.518,3.022,93.683,0,0,6364296,4901108,404856,4561572,15490.951,7416.073,0,2063.042,0,410.997,1991,2286,1.240,1.800,1.880,0,0,2.015,0,0,28,290,1,34,1
30-07 12:07:41,3.749,2.000,92.978,0,0,6362216,4903152,404892,4561572,1262.703,147.965,0,223.947,0,23.994,1947,2890,1.240,1.800,1.880,0,0,0,0,0,28,290,1,34,1
30-07 12:07:42,3.000,2.250,93.754,0,0,6360016,4905320,404900,4561596,687.026,0,0,176.007,0,18.001,1861,2772,1.240,1.800,1.880,0,0,0,0,0,28,290,1,35,1
30-07 12:07:43,11.745,10.246,76.719,0,0,6344608,4920692,404936,4561596,15268.919,7455.031,0,687.726,0,37.985,3250,9133,1.240,1.800,1.880,0,0,37.985,0,0,28,290,1,34,1
30-07 12:07:44,2.000,1.750,94.750,0,0,6344608,4920692,404936,4561596,420.000,0,0,535.999,0,119.000,1640,2220,1.240,1.800,1.880,0,0,0,0,0,28,290,1,34,1
30-07 12:07:45,2.752,1.751,94.808,0,0,6344596,4920692,404948,4561596,746.456,0,0,116.071,0,9.006,1496,2297,1.220,1.790,1.870,0,0,1.001,0,0,28,290,1,34,1
30-07 12:07:46,2.499,2.499,93.219,0,0,6344576,4920692,404968,4561596,14911.073,7515.517,0,1519.498,0,20.993,1784,2637,1.220,1.790,1.870,0,0,1.999,0,0,28,288,1,35,1
30-07 12:07:47,2.749,2.749,93.460,0.250,0,6344528,4920692,405048,4561564,1362.420,0,0,583.751,0,53.977,2042,3117,1.220,1.790,1.870,0,0,0,0,0,28,288,1,35,1
30-07 12:07:48,2.502,2.001,93.808,0,0,6344448,4920692,405092,4561600,622.385,0,0,220.136,0,28.017,1688,2606,1.220,1.790,1.870,1,0,0,0,0,28,288,1,35,1
30-07 12:07:49,4.997,2.998,90.444,0,0,6344444,4920692,405092,4561604,2014.743,1352.156,0,3.998,0,0.999,2003,2568,1.220,1.790,1.870,0,0,1.999,0,0,28,288,1,35,1
30-07 12:07:50,2.251,1.250,94.781,0,0,6344296,4920692,405100,4561744,15515.096,7460.450,0,72.024,0,3.001,1461,2231,1.120,1.760,1.860,0,0,0,0,0,28,288,1,35,1
30-07 12:07:51,2.500,3.000,93.749,0,0,6344276,4920692,405116,4561748,418.998,147.999,0,99.999,0,10.000,1570,2289,1.120,1.760,1.860,0,0,0,0,0,28,288,1,35,1
30-07 12:07:52,2.250,2.500,93.498,0,0,6344260,4920692,405152,4561728,299.993,0,0,391.991,0,26.999,1764,2693,1.120,1.760,1.860,0,0,2.000,0,0,28,288,1,36,1
30-07 12:07:53,1.747,1.248,95.110,0,0,6344184,4920692,405192,4561764,418.384,0,0,435.359,0,26.960,1404,2205,1.120,1.760,1.860,0,0,0,0,0,28,288,1,36,1
30-07 12:07:54,2.754,1.752,94.880,0,0,6344184,4920692,405192,4561764,15591.395,7762.652,0,8.011,0,2.003,1482,2226,1.120,1.760,1.860,0,0,0,0,0,28,288,1,36,1
30-07 12:07:55,2.001,2.001,94.811,0,0,6344436,4920440,405192,4561764,479.308,0,0,0,0,0,1507,2253,1.030,1.730,1.850,0,0,3.002,0,0,28,288,1,35,1
30-07 12:07:56,3.250,1.750,93.746,0,0,6344436,4920440,405216,4561740,641.972,147.994,0,95.996,0,12.999,1923,2870,1.030,1.730,1.850,0,0,0,0,0,28,288,1,35,1
30-07 12:07:57,2.747,2.248,92.906,0,0,6344356,4920440,405260,4561776,740.250,0,0,483.510,0,31.968,1936,2922,1.030,1.730,1.850,0,0,2.997,0,0,28,288,1,35,1
30-07 12:07:58,2.252,1.752,95.100,0,0,6344356,4920440,405268,4561768,913.963,0,0,80.084,0,9.009,1455,2228,1.030,1.730,1.850,0,0,0,0,0,28,288,1,35,1
30-07 12:07:59,2.749,1.750,93.975,0,0,6344320,4920440,405288,4561784,822.782,0,0,119.968,0,15.996,1562,2355,1.030,1.730,1.850,0,0,0,0,0,28,288,1,35,1
30-07 12:08:00,8.219,11.457,78.207,0,0,6346828,4917920,405288,4561796,117643.307,37592.179,0,11.955,0,2.989,3634,3404,0.950,1.700,1.840,2,0,80.698,0,0,28,288,1,35,1
30-07 12:08:01,14.550,29.101,54.438,0,0,6348044,4916648,405300,4561840,44420.510,22178.646,0,276.957,0,22.076,6133,5298,0.950,1.700,1.840,1,0,239.829,0,0,28,288,1,35,1
30-07 12:08:02,21.485,9.743,66.952,0.250,0,6379428,4885148,405408,4561848,29582.726,15241.039,0,2686.068,0,156.887,3472,3682,0.950,1.700,1.840,2,0,0,0,0,28,288,1,35,1
30-07 12:08:03,23.719,5.992,69.411,0,0,6411368,4853144,405432,4561888,15548.953,7352.520,0,179.768,0,18.976,2893,2830,0.950,1.700,1.840,1,0,1.997,0,0,28,288,1,35,1
30-07 12:08:04,25.544,4.257,68.867,0,0,6416392,4848104,405436,4561904,14821.257,7308.454,0,2295.912,0,445.760,3674,2790,0.950,1.700,1.840,2,0,0,0,0,28,291,1,33,1
30-07 12:08:05,26.681,2.743,69.320,0,0,6427480,4837016,405436,4561908,14876.436,7504.546,0,123.679,0,2.992,2772,2504,0.950,1.690,1.840,1,0,0.997,0,0,28,294,1,33,1
30-07 12:08:06,15.798,27.835,53.663,0,0,6346200,4918248,405476,4561916,56634.282,567390.007,0,742.258,0,87.265,6153,4930,0.950,1.690,1.840,1,0,204.622,0,0,28,294,1,33,1
30-07 12:08:07,15.471,16.220,65.876,0,0,6359504,4904920,405500,4561916,29595.464,14606.591,0,131.753,0,13.974,3954,3579,0.950,1.690,1.840,3,0,100.811,0,0,28,294,1,33,1
30-07 12:08:08,22.770,5.255,70.062,0,0,6395540,4868884,405500,4561916,29678.207,14604.897,0,40.035,0,2.002,2500,2302,0.950,1.690,1.840,2,0,0,0,0,28,294,1,30,1
30-07 12:08:09,24.007,5.752,69.770,0,0,6419712,4844704,405568,4561856,15339.373,7460.127,0,900.257,0,47.013,2875,2659,0.950,1.690,1.840,2,0,2.001,0,0,28,294,1,30,1
30-07 12:08:10,23.265,7.255,67.794,0,0,6387592,4876708,405588,4561948,29959.606,15920.418,0,120.079,0,11.007,3382,3149,0.960,1.680,1.830,0,0,7.005,0,0,28,296,1,30,1
30-07 12:08:11,10.465,20.931,65.783,0,0,6385124,4879148,405604,4561960,134160.148,50879.052,0,111.632,0,7.974,5040,4243,0.960,1.680,1.830,2,0,172.431,0,0,28,296,1,30,1
30-07 12:08:12,9.526,24.566,63.923,0.251,0,6382800,4881324,405740,4561972,60812.452,37040.166,140.380,8.022,5.014,2.005,5337,4021,0.960,1.680,1.830,1,0,193.523,0,0,28,296,1,28,1
30-07 12:08:13,7.503,22.758,66.775,0,0,6386708,4877404,405748,4561976,60981.418,38208.046,0,96.035,0,6.002,5133,3986,0.960,1.680,1.830,1,0,185.068,0,0,28,296,1,28,1
30-07 12:08:14,6.747,23.738,66.966,0,0,6382904,4881196,405748,4561988,61069.678,38540.233,0,0,0,0,5127,3950,0.960,1.680,1.830,1,0,178.908,0,0,28,296,1,28,1
30-07 12:08:15,7.745,23.484,65.706,0,0,6378148,4885948,405748,4561992,92701.155,554334.179,0,35.976,0,1.999,5736,4149,0.960,1.660,1.830,1,0,180.879,0,0,28,296,1,28,1
30-07 12:08:16,8.753,22.758,66.522,0,0,6376928,4887144,405764,4562000,60662.109,38834.873,0,148.049,0,14.005,5414,4383,0.960,1.660,1.830,1,0,189.063,0,0,28,296,1,27,1
30-07 12:08:17,8.505,24.015,65.540,0,0,6368388,4895608,405824,4562016,61154.337,36822.482,0,632.386,0,46.028,5758,4870,0.960,1.660,1.830,4,0,211.129,0,0,28,296,1,27,1
30-07 12:08:18,7.254,25.013,64.785,0,0,6364504,4899472,405840,4562020,60788.473,37616.095,0,96.051,0,13.007,5430,4352,0.960,1.660,1.830,2,0,192.103,0,0,28,296,1,27,1
30-07 12:08:19,6.981,24.932,65.073,0,0,6365840,4898000,405840,4562156,46240.895,27744.337,0,3.989,0,0.997,5205,3951,0.960,1.660,1.830,2,0,194.470,0,0,28,296,1,27,1
30-07 12:08:20,8.523,28.077,61.920,0.251,0,6364320,4899504,405844,4562168,61257.251,38192.902,0,2017.541,0,400.099,5699,4090,1.040,1.670,1.830,1,0,213.587,0,0,28,296,1,27,1
30-07 12:08:21,7.988,22.966,65.652,0,0,6359440,4904352,405876,4562168,60795.907,37643.597,0,383.425,0,25.961,5202,4008,1.040,1.670,1.830,7,0,179.731,0,0,28,296,1,27,1
30-07 12:08:22,11.506,23.261,63.280,0,0,6363708,4900068,405876,4562184,62313.902,38627.536,0,4.002,0,1.000,5082,4020,1.040,1.670,1.830,1,0,158.076,0,0,28,296,1,28,1
30-07 12:08:23,20.991,8.746,68.470,0,0,6380984,4882792,405876,4562184,56974.212,551196.193,0,3.998,0,1.000,3062,2848,1.040,1.670,1.830,1,0,2.999,0,0,28,296,1,28,1
30-07 12:08:24,23.774,6.256,69.319,0,0,6421272,4842472,405896,4562196,29621.285,14738.571,0,164.162,0,10.010,3004,2793,1.040,1.670,1.830,1,0,0,0,0,28,296,1,19,1
30-07 12:08:25,23.736,5.747,69.209,0,0,6345912,4917820,405896,4562208,30220.883,15966.428,0,0,0,0,3014,2743,1.040,1.660,1.820,2,0,5.996,0,0,28,296,1,19,1
30-07 12:08:26,22.719,8.488,67.906,0,0,6393224,4870500,405908,4562204,44668.313,23006.228,0,171.763,0,12.982,3331,3461,1.040,1.660,1.820,1,0,2.996,0,0,28,296,1,19,1
30-07 12:08:27,24.069,5.766,68.445,0,0,6421400,4842288,405940,4562208,30184.170,14766.155,0,208.596,0,25.072,3156,3219,1.040,1.660,1.820,2,0,0,0,0,28,296,1,20,1
30-07 12:08:28,22.193,8.478,67.077,0,0,6421168,4842288,406100,4562280,30424.679,14620.364,0,805.925,0,123.682,4237,5095,1.040,1.660,1.820,2,0,0.997,0,0,28,298,1,12,1
30-07 12:08:29,21.787,9.516,68.117,0,0,6391392,4872028,406128,4562288,45734.332,24249.534,0,284.487,0,29.050,3435,3257,1.040,1.660,1.820,2,0,24.041,0,0,28,297,1,13,1
30-07 12:08:30,23.761,6.003,69.282,0,0,6412548,4850872,406136,4562280,29725.686,15217.006,0,152.070,0,10.005,2642,2471,1.040,1.650,1.820,2,0,0,0,0,28,297,1,13,1
30-07 12:08:31,30.669,6.732,61.338,0.249,0,6422928,4840316,406264,4562328,30815.665,15544.970,0,2365.756,0,132.650,4115,4105,1.040,1.650,1.820,1,0,0,0,0,28,297,1,15,1
30-07 12:08:32,20.516,9.507,68.302,0,0,6398944,4864252,406304,4562336,15681.031,7505.759,0,228.175,0,28.021,3226,3097,1.040,1.650,1.820,1,0,27.021,0,0,28,297,1,13,1
30-07 12:08:33,26.051,7.264,65.629,0,0,6410100,4852940,406324,4562472,61167.444,33458.883,0,92.182,0,12.024,3209,3086,1.040,1.650,1.820,1,0,0,0,0,28,297,1,13,1
30-07 12:08:34,23.736,5.247,69.710,0,0,6426700,4836320,406324,4562492,30141.515,15437.045,0,0,0,0,3055,2958,1.040,1.650,1.820,1,0,0,0,0,28,297,1,13,1
30-07 12:08:35,9.009,3.253,86.590,0,0,6401936,4861172,406324,4562404,32750.889,16543.118,0,4.004,0,1.001,2064,2431,1.030,1.640,1.810,1,0,6.006,0,0,28,297,1,13,1
30-07 12:08:36,10.447,10.945,60.943,15.173,0,6431468,4825488,406332,4568504,128913.709,598516.848,5416.676,2694.408,54.724,503.460,4632,3973,1.030,1.640,1.810,1,1,14.925,0,0,28,297,1,13,1
30-07 12:08:37,14.304,14.555,60.226,9.536,0,6373128,4873700,406368,4578548,30292.459,15148.739,8877.249,987.699,112.421,102.383,3783,3761,1.030,1.640,1.810,1,0,3.011,0,0,28,297,1,13,1
30-07 12:08:38,13.386,17.174,63.644,5.051,0,6403756,4836428,406384,4585160,60371.148,30682.606,5628.983,198.004,77.787,14.143,3231,2871,1.030,1.640,1.810,1,0,3.031,0,0,28,297,1,13,1
30-07 12:08:39,7.679,10.652,69.359,9.661,0,6394492,4833448,406396,4597356,45819.629,22648.727,11275.812,384.448,151.599,22.789,3307,3262,1.030,1.640,1.810,1,0,4.954,0,0,28,297,1,13,1
30-07 12:08:40,5.976,7.470,69.220,15.438,0,6382628,4832944,406404,4609652,44555.817,22524.910,11684.747,131.468,122.505,14.940,2871,3187,1.030,1.630,1.810,1,0,1.992,0,0,28,297,1,13,1
30-07 12:08:41,3.764,5.019,69.261,20.327,0,6380196,4822956,406412,4622016,51605.837,22886.407,11250.476,208.788,128.485,10.038,2883,3290,1.030,1.630,1.810,0,1,2.008,0,0,28,297,1,13,1
30-07 12:08:42,3.000,3.750,69.242,21.248,0,6376240,4811760,406416,4637100,29801.753,14912.375,13582.520,151.983,146.984,9.999,2889,3255,1.030,1.630,1.810,1,0,2.000,0,0,28,297,1,14,1
30-07 12:08:43,16.989,17.489,55.715,8.745,0,6392028,4786588,406476,4648888,30087.132,14810.712,7971.001,2502.431,89.944,127.920,3890,8795,1.030,1.630,1.810,4,0,33.979,0,0,28,297,1,14,1
30-07 12:08:44,17.717,16.969,63.883,0,0,6375104,4801736,406480,4648116,16276.092,9058.355,0,71.868,0,5.989,3237,8074,1.030,1.630,1.810,1,0,1.996,0,0,28,297,1,15,1
30-07 12:08:45,12.268,13.519,70.101,3.004,0,6371084,4801736,406480,4652136,15176.871,7306.529,2107.036,0,21.030,0,2638,2478,1.030,1.610,1.810,2,1,5.007,0,0,28,297,1,13,1
30-07 12:08:46,3.254,5.757,68.586,20.275,0,6359648,4801484,406500,4663756,45200.523,23130.925,11366.213,156.195,112.140,12.015,2852,3298,1.030,1.610,1.810,0,1,2.003,0,0,28,297,1,13,1
30-07 12:08:47,4.751,5.752,67.271,20.006,0,6342840,4805272,406544,4676684,55348.990,459174.945,12987.987,572.176,137.042,48.015,3619,4030,1.030,1.610,1.810,0,1,3.001,0,0,28,297,1,13,1
30-07 12:08:48,3.971,5.212,68.505,19.608,0,6344764,4790404,406560,4689564,47358.074,131405.251,12517.622,214.452,134.032,20.849,3352,3574,1.030,1.610,1.810,0,1,3.971,0,0,28,297,1,13,1
30-07 12:08:49,4.025,5.534,69.933,19.621,0,6345588,4775536,406564,4703572,45134.375,22527.441,14075.123,205.271,142.884,12.075,3030,3402,1.030,1.610,1.810,0,1,2.012,0,0,28,297,1,12,1
30-07 12:08:50,3.753,5.003,68.796,20.264,0,6345424,4760668,406572,4718516,44712.121,22793.355,14237.591,236.159,187.126,19.013,3152,3351,1.030,1.600,1.800,0,1,2.001,0,0,28,297,1,12,1
