"pcp-dstat 6.2.0 CSV Output"
"Author:","PCP team <pcp@groups.io> and Dag Wieers <dag@wieers.com>",,,,"URL:","https://pcp.io/ and http://dag.wieers.com/home-made/dstat/"
"Host:","ubuntu",,,,"User:","stack"
"Cmdline:","dstat -tcmndrylpg --tcp --output /opt/stack/logs/dstat-csv.log",,,,"Date:","27 Jul 2026 11:00:24 UTC"
"system","total usage",,,,,"memory usage",,,,"net/total",,"dsk/total",,"io/total",,"system",,"load avg",,,"procs",,,"paging",,"tcp sockets",,,,
"time","total usage:usr","total usage:sys","total usage:idl","total usage:wai","total usage:stl","used","free","buf","cach","net/total:recv","net/total:send","dsk/total:read","dsk/total:writ","read","writ","int","csw","1m","5m","15m","run","blk","new","in","out","lis","act","syn","tim","clo"
27-07 11:00:24,,1231916,11534292,146588,3241700,,,,,,,1.900,1.470,1.150,3,0,,,,12,5,0,9,1
27-07 11:00:25,20.262,24.014,54.031,0,0,1235700,11530056,146660,3241928,73142.673,41896.871,0,1040.593,0,30.017,4493,2783,1.900,1.470,1.150,2,0,140.080,0,0,12,4,0,9,2
27-07 11:00:26,22.217,28.458,47.929,0,0,1251652,11513908,146700,3242028,67983.471,38438.160,0,511.244,0,14.978,4667,2474,1.900,1.470,1.150,2,0,152.774,0,0,12,4,0,9,2
27-07 11:00:27,16.755,24.258,57.269,0,0,1248916,11516196,146860,3242220,126418.446,43669.317,0,1256.412,0,42.014,4500,2615,1.990,1.490,1.160,2,0,143.047,0,0,12,4,0,9,2
27-07 11:00:28,23.287,23.287,52.334,0,0,1252136,11512680,146908,3242444,59806.943,30065.231,0,745.195,0,25.040,4353,2272,1.990,1.490,1.160,1,0,115.185,0,0,12,4,0,9,2
27-07 11:00:29,20.949,25.189,52.374,0,0,1267512,11496528,146980,3243076,652734.141,48098.027,0,1173.171,0,22.945,5005,2589,1.990,1.490,1.160,2,0,120.709,0,0,12,4,0,9,2
27-07 11:00:30,24.843,28.105,45.671,0.251,0,1276376,11487240,147092,3243744,81755.557,596087.844,0,1164.352,0,36.135,5683,4686,1.990,1.490,1.160,2,0,128.480,0,0,12,4,0,9,2
27-07 11:00:31,22.673,20.680,55.063,0,0,1264128,11481700,147256,3260260,460367.060,46489.764,0,1598.559,0,40.861,4210,2615,1.990,1.490,1.160,3,0,74.746,0,0,12,4,0,9,2
27-07 11:00:32,30.389,24.954,41.755,0,0,1272908,11466792,147372,3266244,46328.240,26294.968,0,2502.306,0,360.719,5276,3460,1.990,1.500,1.160,6,0,102.780,0,0,12,4,0,9,2
27-07 11:00:33,39.720,26.145,34.440,0,0,1264160,11462688,148044,3276324,45846.456,23927.279,0,1102.093,0,49.272,5376,5367,1.990,1.500,1.160,6,0,112.623,0,0,12,4,0,9,2
27-07 11:00:34,31.744,22.927,44.342,0.252,0,1387112,11324596,148364,3413920,63869.916,34873.591,0,1398.773,0,31.241,4268,3240,1.990,1.500,1.160,1,0,23.179,0,0,13,4,0,9,2
27-07 11:00:35,26.501,12.001,61.003,0,0,1389028,11318576,148380,3417576,46031.203,24458.170,0,16.001,0,2.000,3151,2209,1.990,1.500,1.160,3,0,49.002,0,0,13,6,0,9,2
27-07 11:00:36,37.495,13.998,47.243,0,0,1398712,11290240,148860,3434092,46997.183,25909.242,0,1679.756,0,57.992,3598,2086,1.990,1.500,1.160,2,0,38.994,0,0,13,6,0,9,2
27-07 11:00:37,38.036,14.170,47.234,0.249,0,1407896,11269956,149516,3443072,61637.849,34325.674,0,1770.031,0,84.524,3981,2296,1.990,1.510,1.170,2,0,47.731,0,0,13,6,0,9,2
27-07 11:00:38,31.399,28.385,38.684,0,0,1390972,11278816,149916,3449384,77387.807,488962.932,0,20404.980,0,388.848,5717,3086,1.990,1.510,1.170,2,0,118.564,0,0,13,8,0,10,2
27-07 11:00:39,37.391,13.461,45.866,1.994,0,1410992,11236140,150572,3469812,49413.047,149178.404,582.304,2137.772,27.919,70.794,4026,2622,1.990,1.510,1.170,2,0,32.904,0,0,13,6,0,11,2
27-07 11:00:40,40.553,7.053,48.361,4.030,0,1434452,11199752,151284,3480372,46368.281,24169.499,2889.580,1640.249,140.046,48.361,3371,2162,1.990,1.510,1.170,1,1,0,0,0,13,6,0,11,2
27-07 11:00:41,40.128,9.471,47.356,1.745,0,1431600,11216188,151464,3466244,45931.991,23563.175,1798.518,1196.353,76.766,24.924,3192,1727,1.990,1.510,1.170,2,0,1.994,0,0,13,4,0,11,0
27-07 11:00:42,39.740,11.997,46.988,0.750,0,1463332,11183456,151568,3467092,30740.354,15693.097,111.972,3.999,4.999,1.000,3082,1619,1.990,1.520,1.170,2,0,20.995,0,0,13,4,0,11,0
27-07 11:00:43,37.804,8.207,51.981,0.249,0,1492548,11153748,151756,3467368,20915.582,9390.324,15.917,1774.800,0.995,58.696,3085,2062,1.990,1.520,1.170,2,0,17.907,0,0,13,7,0,11,0
27-07 11:00:44,33.860,17.677,40.831,2.739,0,1500132,11129876,156688,3477488,49814.080,26378.956,0,40476.679,0,2134.178,11374,16811,1.990,1.520,1.170,5,0,27.885,0,0,13,6,0,11,0
27-07 11:00:45,38.243,18.618,37.236,2.264,0,1505444,11113036,162620,3482536,32739.641,15905.878,0,39526.686,0,2726.291,14049,19532,1.990,1.520,1.170,4,0,31.198,0,0,13,6,0,11,0
27-07 11:00:46,45.676,14.889,32.806,2.524,0,1507896,11106484,165656,3483436,31982.596,20108.739,0,18985.250,0,1367.770,12409,20623,1.990,1.520,1.170,3,0,33.311,0,0,13,4,0,11,0
27-07 11:00:47,28.408,23.424,46.101,0,0,1401924,11211384,165656,3484308,61348.818,32603.676,0,2352.401,0,16.945,4172,2362,2.070,1.540,1.180,3,0,83.730,0,0,13,4,0,11,0
27-07 11:00:48,42.670,13.805,41.164,0.502,0,1427776,11184912,166248,3484308,46322.608,24586.986,0,10220.732,0,614.449,8375,11623,2.070,1.540,1.180,3,0,7.028,0,0,13,4,0,11,0
27-07 11:00:49,39.180,16.118,42.651,0,0,1446476,11166024,166276,3484400,44937.508,23149.685,0,19932.991,0,100.181,5117,5954,2.070,1.540,1.180,4,0,14.878,0,0,13,4,0,11,0
27-07 11:00:50,40.185,12.307,47.469,0,0,1440244,11180572,166312,3477076,44669.947,463164.376,0,317.464,0,10.046,3133,1744,2.070,1.540,1.180,3,0,0,0,0,13,4,0,11,0
27-07 11:00:51,42.923,8.188,47.389,0,0,1374316,11246652,166316,3477012,47981.312,154838.900,0,15.879,0,1.985,3083,1554,2.070,1.540,1.180,3,0,15.879,0,0,13,4,0,11,0
27-07 11:00:52,40.666,11.045,47.946,0,0,1378936,11242032,166316,3477012,46957.853,24715.981,0,8.033,0,1.004,3124,1604,2.070,1.550,1.190,4,0,25.103,0,0,13,4,0,11,0
27-07 11:00:53,29.756,11.252,58.513,0,0,1409036,11211940,166316,3477004,45728.959,24240.279,0,16.003,0,3.001,2991,1701,2.070,1.550,1.190,1,0,50.011,0,0,13,4,0,11,0
27-07 11:00:54,22.744,3.499,72.480,0,0,1429944,11191024,166316,3477012,45357.210,24076.211,0,235.933,0,1.999,1934,1333,2.070,1.550,1.190,2,0,1.999,0,0,13,4,0,11,0
27-07 11:00:55,21.434,5.234,72.278,0,0,1393772,11227060,166332,3477148,31430.461,17630.847,0,454.604,0,1.994,1964,1252,2.070,1.550,1.190,2,0,9.969,0,0,13,4,0,11,0
27-07 11:00:56,6.232,22.684,69.298,0.249,0,1383412,11237380,166396,3477124,61715.865,34310.854,0,498.545,0,34.898,4358,3167,2.070,1.550,1.190,2,0,139.593,0,0,13,4,0,11,0
27-07 11:00:57,5.771,24.086,67.491,0,0,1375792,11244944,166396,3477172,62480.067,34094.725,0,40.143,0,3.011,4207,2702,1.980,1.540,1.180,1,0,131.469,0,0,13,4,0,11,0
27-07 11:00:58,6.514,23.800,67.894,0,0,1371616,11249120,166396,3477172,61514.101,31916.503,0,12.025,0,3.006,4370,2654,1.980,1.540,1.180,5,0,133.282,0,0,13,4,0,10,0
27-07 11:00:59,6.976,23.919,67.023,0,0,1367968,11252764,166396,3477176,46736.615,25115.885,0,39.865,0,6.976,4110,2586,1.980,1.540,1.180,1,0,121.588,0,0,13,4,0,10,0
27-07 11:01:00,8.766,24.545,65.121,0,0,1365760,11254964,166396,3477184,74654.184,588754.777,0,16.030,0,4.007,4437,2697,1.980,1.540,1.180,1,0,125.232,0,0,13,4,0,10,0
27-07 11:01:01,14.529,24.549,58.868,0,0,1358068,11262588,166396,3477692,60985.457,32127.511,0,8.016,0,2.004,4790,5278,1.980,1.540,1.180,1,0,85.171,0,0,13,4,0,10,0
27-07 11:01:02,18.471,21.716,58.159,0,0,1336164,11284488,166404,3477684,46293.600,24324.958,0,139.781,0,2.995,4479,5325,1.980,1.550,1.190,2,0,63.900,0,0,13,4,0,7,0
27-07 11:01:03,21.909,17.478,53.664,4.431,0,1348896,11269924,166408,3479524,45407.395,23631.735,1788.135,7.877,22.647,1.969,3627,2408,1.980,1.550,1.190,3,0,46.279,0,0,13,4,0,7,0
27-07 11:01:04,46.761,26.063,26.830,1.022,0,1400704,11216872,166408,3480776,61861.966,33753.483,1201.977,25192.462,16.353,93.010,4807,2417,1.980,1.550,1.190,3,0,87.900,0,0,13,5,0,7,0
27-07 11:01:05,44.707,6.458,47.440,0.248,0,1453216,11164284,166428,3480832,29765.235,15272.069,19.870,11.922,3.974,1.987,2770,1290,1.980,1.550,1.190,3,0,0,0,0,13,5,0,7,0
27-07 11:01:06,48.083,4.028,48.083,0.252,0,1478112,11138328,166440,3481856,30274.367,15346.128,495.426,221.532,4.028,2.014,2739,1139,1.980,1.550,1.190,3,0,2.014,0,0,13,5,0,6,0
27-07 11:01:07,35.302,15.306,46.905,0,0,1487672,11128756,166448,3481856,29402.920,14889.079,0,714.929,0,3.950,2813,1637,1.980,1.560,1.190,3,0,0,0,0,13,5,0,6,0
27-07 11:01:08,46.538,9.559,44.023,0,0,1515888,11098568,166552,3483716,15843.127,7637.303,0,478.967,0,33.206,3755,3552,1.980,1.560,1.190,3,0,0,0,0,13,5,0,6,0
27-07 11:01:09,25.605,26.097,45.301,0,0,1523200,11090432,166552,3484340,15461.516,10069.681,0,28677.665,0,658.838,5831,3232,1.980,1.560,1.190,2,0,112.268,0,0,13,6,0,6,0
27-07 11:01:10,32.521,18.801,46.750,2.287,0,1575816,11037024,166692,3485164,46692.712,24352.489,743.929,41725.056,17.277,321.150,3989,2105,1.980,1.560,1.190,4,0,41.668,0,0,14,12,0,3,0
27-07 11:01:11,34.773,11.843,52.160,0,0,1613060,10999756,166692,3484976,56144.245,461480.842,0,0,0,0,3660,12243,1.980,1.560,1.190,2,0,23.182,0,0,14,12,0,4,0
27-07 11:01:12,23.542,4.708,70.874,0,0,1637200,10975564,166708,3484976,33714.283,144483.128,0,1641.505,0,6.939,2109,1471,1.910,1.550,1.190,2,0,3.965,0,0,14,12,0,4,0
27-07 11:01:13,24.863,3.265,71.325,0,0,1653116,10959436,166708,3485188,30775.356,15596.129,0,4.018,0,1.005,1856,1259,1.910,1.550,1.190,2,0,0,0,0,14,12,0,4,0
27-07 11:01:14,28.672,6.233,61.333,1.745,0,1663104,10948376,167508,3485408,31801.233,28339.678,207.434,5999.631,14.959,402.901,5096,6085,1.910,1.550,1.190,3,0,1.995,0,0,14,18,0,3,0
27-07 11:01:15,28.687,12.365,56.879,0,0,1562232,11049152,167572,3485464,45211.160,23360.830,0,9555.624,0,74.190,3736,2952,1.910,1.550,1.190,5,0,40.557,0,0,14,14,0,5,0
27-07 11:01:16,21.330,9.142,69.577,0.508,0,1581712,11029496,167628,3485544,60958.754,32496.100,97.510,438.793,13.204,21.330,2471,2069,1.910,1.550,1.190,1,0,3.047,0,0,14,18,0,5,0
27-07 11:01:17,21.198,3.741,73.070,0.998,0,1606940,11003820,167644,3485892,29583.256,14951.235,363.107,0,12.968,0,1726,1144,1.830,1.540,1.190,1,0,0,0,0,14,18,0,5,0
27-07 11:01:18,23.949,2.994,72.345,0,0,1615840,10994496,167820,3486108,15488.891,7280.437,0,3312.918,0,121.740,2043,1607,1.830,1.540,1.190,1,0,1.996,0,0,14,18,0,5,0
27-07 11:01:19,20.508,5.002,72.029,1.000,0,1627572,10982652,167840,3486164,15046.160,7513.076,52.021,880.360,13.005,7.003,2318,2113,1.830,1.540,1.190,1,0,0,0,0,14,18,0,6,0
27-07 11:01:20,8.247,2.749,72.472,15.994,0,1629180,10980412,167880,3486512,15778.913,7617.061,391.849,7.997,96.963,1.999,1503,1506,1.830,1.540,1.190,1,0,0,0,0,14,23,0,6,0
27-07 11:01:21,22.998,4.500,71.744,0,0,1557460,11051984,167880,3486656,15500.631,7361.350,0,0,0,0,2645,2328,1.830,1.540,1.190,1,0,6.999,0,0,14,24,0,6,0
27-07 11:01:22,16.100,11.641,70.590,0,0,1593984,11015444,167888,3486660,31092.444,15992.551,0,301.185,0,2.972,2490,1731,1.770,1.530,1.190,2,0,38.639,0,0,14,24,0,6,0
27-07 11:01:23,22.255,4.805,72.833,0,0,1637028,10972400,167888,3486660,29999.240,15252.514,0,0,0,0,1753,1190,1.770,1.530,1.190,3,0,0,0,0,14,24,0,7,0
27-07 11:01:24,21.674,5.481,71.251,0,0,1636916,10972456,167920,3486680,30171.358,15172.874,0,111.609,0,12.955,3007,3145,1.770,1.530,1.190,1,0,1.993,0,0,14,25,0,6,0
27-07 11:01:25,14.960,16.206,67.568,0,0,1638948,10970400,167936,3486688,30286.620,15867.364,0,307.175,0,12.965,3372,2278,1.770,1.530,1.190,3,0,108.708,0,0,14,24,0,6,0
27-07 11:01:26,34.296,23.452,42.365,0,0,1677160,10932140,167952,3486692,45309.843,23466.422,0,145.253,0,8.070,3649,1971,1.770,1.530,1.190,2,0,53.461,0,0,14,24,0,6,0
27-07 11:01:27,44.080,8.172,46.309,0,0,1750636,10858636,167976,3486696,43497.641,586875.417,0,736.980,0,15.849,3676,2143,1.790,1.540,1.190,4,0,2.972,0,0,14,25,0,6,0
27-07 11:01:28,43.680,8.332,47.972,0,0,1765220,10844048,167976,3486700,30537.695,15130.990,0,0,0,0,3632,2546,1.790,1.540,1.190,2,0,0,0,0,14,25,0,6,0
27-07 11:01:29,47.236,6.498,43.987,0,0,1752556,10856616,168000,3486772,15497.415,7897.663,0,103.969,0,8.997,6472,7096,1.790,1.540,1.190,2,0,0,0,0,14,25,0,7,0
27-07 11:01:30,34.532,27.576,35.774,0,0,1697332,10911764,168048,3486796,31145.237,15877.691,0,2094.766,0,337.866,5956,4447,1.790,1.540,1.190,4,0,165.952,0,0,14,24,0,7,0
27-07 11:01:31,54.551,41.730,3.268,0,0,1663284,10945800,168068,3486788,61163.775,32135.467,0,181.000,0,15.083,5176,3284,1.790,1.540,1.190,6,0,297.644,0,0,14,24,0,7,0
27-07 11:01:32,70.779,28.762,0.250,0,0,1806364,10802668,168116,3486776,47089.571,24378.132,0,508.211,0,29.012,5090,3121,2.120,1.610,1.220,6,0,118.049,0,0,14,24,0,7,0
27-07 11:01:33,84.926,14.781,0.752,0,0,1949024,10659824,168116,3486956,44363.759,22787.131,0,0,0,0,5190,3306,2.120,1.610,1.220,6,0,2.004,0,0,14,24,0,7,0
27-07 11:01:34,83.727,14.367,0.991,0,0,2031364,10577460,168140,3486956,18401.219,7613.751,0,103.049,0,10.899,6117,6039,2.120,1.610,1.220,9,0,0,0,0,14,26,0,7,0
27-07 11:01:35,83.436,15.833,1.257,0,0,2015848,10592908,168212,3486948,26663.376,15255.745,0,381.997,0,29.152,7255,9593,2.120,1.610,1.220,5,0,50.263,0,0,14,25,0,7,0
27-07 11:01:36,61.768,25.653,10.710,0,0,1738820,10869564,168292,3487228,60962.538,33356.447,0,478.200,0,38.854,6486,6783,2.120,1.610,1.220,2,0,205.228,0,0,14,24,0,7,0
27-07 11:01:37,15.506,12.755,69.777,0.250,0,1726524,10881832,168308,3487240,44557.409,23683.253,0,184.072,0,9.004,2689,1945,2.030,1.600,1.220,1,0,56.022,0,0,14,24,0,7,0
27-07 11:01:38,22.132,4.527,72.936,0,0,1719124,10889168,168372,3487240,30131.019,15530.789,0,796.760,0,40.240,1876,1304,2.030,1.600,1.220,2,0,0,0,0,14,24,0,7,0
27-07 11:01:39,22.598,5.215,71.022,0,0,1714704,10893584,168372,3487244,29634.719,15189.854,0,1144.305,0,3.973,2362,1987,2.030,1.600,1.220,2,0,1.987,0,0,14,24,0,5,0
27-07 11:01:40,22.796,5.511,69.891,0,0,1631936,10976280,168428,3487256,28067.708,579817.463,0,304.615,0,23.047,3917,3868,2.030,1.600,1.220,3,0,13.026,0,0,14,24,0,5,0
27-07 11:01:41,14.058,14.560,71.045,0,0,1625536,10982660,168444,3487260,30125.123,16333.842,0,172.717,0,8.033,2804,1935,2.030,1.600,1.220,1,0,56.234,0,0,14,24,0,5,0
27-07 11:01:42,21.911,4.980,71.708,0,0,1659692,10948456,168492,3487260,44237.094,22739.522,0,402.364,0,25.895,2043,1385,1.950,1.590,1.220,1,0,2.988,0,0,14,24,0,5,0
27-07 11:01:43,22.143,5.722,70.660,0,0,1662152,10945992,168492,3487264,14969.897,7487.934,0,242.830,0,0.995,2832,2615,1.950,1.590,1.220,1,0,0,0,0,14,25,0,5,0
27-07 11:01:44,20.568,7.776,69.981,0,0,1628476,10979544,168588,3487292,30279.115,15246.411,0,381.261,0,40.133,3514,3226,1.950,1.590,1.220,2,0,35.116,0,0,14,24,0,5,0
27-07 11:01:45,6.253,26.511,65.778,0,0,1623704,10984300,168604,3487292,31131.487,18484.008,0,2052.889,0,310.134,5001,2519,1.950,1.590,1.220,1,0,176.076,0,0,14,24,0,5,0
27-07 11:01:46,6.237,27.443,64.865,0,0,1610748,10997256,168668,3487272,46036.843,24784.233,0,4418.771,0,333.304,5130,2714,1.950,1.590,1.220,2,0,173.637,0,0,14,24,0,5,0
27-07 11:01:47,6.214,29.080,61.640,0,0,1605128,11002832,168692,3487292,59819.113,32375.176,0,174.979,0,11.930,4776,2880,1.870,1.580,1.210,2,0,188.898,0,0,14,24,0,5,0
27-07 11:01:48,26.932,44.210,28.965,0,0,1625096,10982852,168692,3487304,61841.707,31936.659,0,24.392,0,6.098,5323,3019,1.870,1.580,1.210,5,0,233.752,0,0,14,24,0,5,0
27-07 11:01:49,61.408,37.943,0.749,0,0,1721828,10886116,168692,3487308,45603.887,25288.230,0,19.970,0,4.993,5107,3120,1.870,1.580,1.210,5,0,236.647,0,0,14,24,0,5,0
27-07 11:01:50,82.477,16.196,0,0,0,1867924,10740008,168692,3487320,45448.424,22501.450,0,0,0,0,5310,3153,1.870,1.580,1.210,6,0,0,0,0,14,25,0,6,0
27-07 11:01:51,80.277,13.338,5.434,0,0,1953036,10654860,168692,3487352,29237.609,14678.086,0,213.413,0,0.988,6063,5337,1.870,1.580,1.210,3,0,1.976,0,0,14,28,0,6,0
27-07 11:01:52,82.174,12.816,4.775,0,0,1956064,10651612,168724,3487532,20948.214,442043.504,0,152.789,0,12.062,6245,9742,2.120,1.640,1.230,4,0,1.005,0,0,14,27,0,7,0
27-07 11:01:53,76.244,20.130,3.020,0.252,0,1909244,10698300,168852,3487532,17543.603,132797.931,0,519.363,0,53.345,6350,8500,2.120,1.640,1.230,5,0,61.398,0,0,14,25,0,7,0
27-07 11:01:54,72.640,26.959,0.749,0,0,1730372,10877084,168900,3487572,14952.441,7888.099,0,315.524,0,24.962,5308,3567,2.120,1.640,1.230,6,0,166.748,0,0,14,24,0,7,0
27-07 11:01:55,73.849,25.872,0,0,0,1831336,10776036,168916,3487608,46322.720,26243.915,0,192.911,0,10.047,5334,3552,2.120,1.640,1.230,7,0,85.403,0,0,14,24,0,8,0
27-07 11:01:56,82.261,15.069,0.988,0,0,1936356,10671004,168972,3487556,44802.138,22511.244,0,762.825,0,32.608,5551,4041,2.120,1.640,1.230,7,0,0,0,0,14,25,0,8,0
27-07 11:01:57,82.054,15.167,1.243,0,0,2003740,10603508,168988,3487628,15903.474,7334.097,0,47.740,0,5.968,5857,6018,2.590,1.740,1.270,7,0,1.989,0,0,14,26,0,8,0
27-07 11:01:58,83.932,14.200,1.268,0,0,2035768,10571292,168988,3487812,30135.315,15135.107,0,0,0,0,6086,6432,2.590,1.740,1.270,7,0,22.314,0,0,14,25,0,8,0
27-07 11:01:59,66.385,18.578,12.385,0,0,1997924,10609092,168988,3487856,15641.101,7837.395,0,7.927,0,1.982,5828,7018,2.590,1.740,1.270,2,0,77.284,0,0,14,28,0,8,0
27-07 11:02:00,50.646,6.986,37.922,0,0,1985732,10621236,169040,3487860,52495.158,24803.046,0,267.451,0,20.957,6907,7458,2.590,1.740,1.270,4,0,1.996,0,0,14,27,0,9,0
27-07 11:02:01,68.439,23.827,7.604,0,0,1810276,10796480,169088,3488024,54362.578,30889.649,0,3345.889,0,448.146,6415,5298,2.590,1.740,1.270,3,0,170.336,0,0,14,24,0,9,0
27-07 11:02:02,35.304,15.414,46.741,0,0,1711976,10894768,169088,3488036,44185.710,22089.374,0,3.978,0,0.994,3287,1946,2.550,1.750,1.280,3,0,30.829,0,0,14,24,0,9,0
27-07 11:02:03,44.262,8.299,47.280,0,0,1739616,10867088,169152,3488008,29713.848,15463.514,0,655.882,0,36.214,3313,2160,2.550,1.750,1.280,3,0,2.012,0,0,14,24,0,9,0
27-07 11:02:04,44.507,6.465,46.496,0,0,1760612,10846008,169208,3488036,14953.290,7725.784,0,175.044,0,21.880,3963,3716,2.550,1.750,1.280,5,0,0,0,0,14,24,0,9,0
27-07 11:02:05,34.146,23.179,39.629,0,0,1717428,10888912,169420,3488096,14810.784,7889.913,0,2616.014,0,132.595,5641,5087,2.550,1.750,1.280,5,0,132.595,0,0,14,25,0,9,0
27-07 11:02:06,50.994,38.372,9.088,0,0,1727684,10878640,169420,3488112,47293.255,26494.725,0,32.313,0,6.059,5566,4577,2.550,1.750,1.280,4,0,198.928,0,0,14,24,0,9,0
27-07 11:02:07,67.656,17.348,12.143,0,0,1731032,10875288,169420,3488116,55796.173,569236.749,0,7.930,0,1.983,4647,2356,2.740,1.800,1.300,3,0,49.565,0,0,14,24,0,9,0
27-07 11:02:08,64.524,10.254,23.259,0,0,1794032,10812268,169436,3488120,44403.370,22808.409,0,212.078,0,7.003,4706,3045,2.740,1.800,1.300,3,0,0,0,0,14,25,0,9,0
27-07 11:02:09,60.870,10.932,25.839,0.248,0,1796652,10809520,169468,3488192,14823.432,7397.803,0,123.230,0,12.919,5600,5706,2.740,1.800,1.300,2,0,1.988,0,0,14,29,0,9,0
27-07 11:02:10,56.863,9.769,29.809,0,0,1733316,10872524,169620,3488368,29770.332,14945.787,0,561.118,0,59.118,7220,7949,2.740,1.800,1.300,3,0,10.020,0,0,14,26,0,10,0
27-07 11:02:11,48.889,40.866,8.524,0,0,1632744,10973068,169652,3488204,30783.270,17784.418,0,280.796,0,19.054,5618,15142,2.740,1.800,1.300,6,0,283.805,0,0,14,26,0,11,0
27-07 11:02:12,76.678,22.701,0,0,0,1762912,10842880,169668,3488368,44861.722,23239.512,0,213.891,0,10.089,4836,2096,2.840,1.840,1.310,4,0,4.036,0,0,14,26,0,10,0
27-07 11:02:13,85.272,12.430,1.740,0,0,1882468,10723192,169764,3488400,29307.724,14970.090,0,1328.553,0,53.699,5283,3243,2.840,1.840,1.310,5,0,0.994,0,0,14,29,0,12,0
27-07 11:02:14,68.530,11.505,18.008,0,0,1889488,10716148,169764,3488424,15041.682,7741.439,0,40.018,0,1.000,6437,6244,2.840,1.840,1.310,2,0,0,0,0,14,32,0,12,0
27-07 11:02:15,52.689,6.959,37.529,0,0,1889256,10716180,169812,3488576,15213.220,7479.858,0,226.662,0,18.889,6886,7473,2.840,1.840,1.310,4,0,1.988,0,0,14,31,0,14,0
27-07 11:02:16,65.480,21.325,11.039,0,0,1840736,10764652,169868,3488568,15491.471,7484.316,0,2986.501,0,430.514,6805,6000,2.840,1.840,1.310,7,0,126.445,0,0,14,28,0,14,0
27-07 11:02:17,51.749,34.249,13.250,0,0,1718200,10887096,169884,3488644,45410.273,25079.598,0,159.997,0,9.000,4481,2860,2.940,1.870,1.330,3,0,197.997,0,0,14,28,0,14,0
27-07 11:02:18,65.385,11.613,23.478,0,0,1792732,10812544,169940,3488608,30068.866,15462.084,0,468.548,0,29.284,3971,1995,2.940,1.870,1.330,3,0,2.020,0,0,14,29,0,14,0
27-07 11:02:19,63.139,11.345,23.677,0,0,1827944,10777276,169940,3488660,29259.000,15441.428,0,0,0,0,5100,3928,2.940,1.870,1.330,4,0,0,0,0,14,30,0,14,0
27-07 11:02:20,60.347,10.561,26.905,0,0,1740964,10864136,170012,3488704,15651.014,8012.080,0,354.036,0,31.179,7510,8007,2.940,1.870,1.330,3,0,18.104,0,0,14,30,0,13,0
27-07 11:02:21,55.907,32.486,11.332,0,0,1753672,10851368,170068,3488708,46033.774,24903.104,0,314.286,0,26.190,6114,5460,2.940,1.870,1.330,5,0,204.487,0,0,14,28,0,13,0
27-07 11:02:22,59.023,25.295,13.640,0,0,1708200,10896808,170068,3488740,62043.383,453477.658,0,19.840,0,1.984,4628,2558,2.940,1.890,1.330,4,0,81.342,0,0,14,28,0,13,0
27-07 11:02:23,65.478,10.955,22.407,0,0,1787496,10817428,170148,3488740,40167.209,149807.936,0,808.642,0,43.818,4052,2148,2.940,1.890,1.330,3,0,0,0,0,14,29,0,13,0
27-07 11:02:24,63.090,11.266,24.785,0,0,1805852,10799056,170148,3488756,15296.717,7562.737,0,192.273,0,4.006,5513,4258,2.940,1.890,1.330,3,0,2.003,0,0,14,30,0,14,0
27-07 11:02:25,59.017,10.459,27.392,0,0,1775204,10829056,170212,3489316,29535.467,14534.653,0,314.758,0,25.898,7090,7484,2.940,1.890,1.330,4,0,16.933,0,0,14,30,0,14,0
27-07 11:02:26,53.569,37.828,8.886,0,0,1672352,10931812,170228,3489320,31798.941,16707.316,0,203.104,0,12.186,5620,4359,2.940,1.890,1.330,4,0,239.662,0,0,14,28,0,14,0
27-07 11:02:27,58.942,19.647,19.896,0,0,1736252,10867880,170244,3489324,44963.320,22950.214,0,147.232,0,7.958,3906,1908,2.950,1.910,1.340,3,0,41.782,0,0,14,28,0,14,0
27-07 11:02:28,62.845,10.433,25.337,0,0,1810324,10793596,170300,3489480,30026.726,15309.457,0,548.470,0,31.795,4627,3017,2.950,1.910,1.340,3,0,0,0,0,14,29,0,14,0
27-07 11:02:29,63.642,9.810,24.903,0,0,1810304,10793596,170300,3489500,30406.379,15157.407,0,80.496,0,1.006,5682,4823,2.950,1.910,1.340,3,0,0,0,0,14,31,0,14,0
27-07 11:02:30,58.256,6.693,32.227,0,0,1810240,10793596,170356,3489504,15087.014,7234.627,0,214.183,0,23.798,6473,6375,2.950,1.910,1.340,6,0,1.983,0,0,14,28,0,15,1
27-07 11:02:31,48.919,27.990,22.694,0,0,1708988,10894784,170396,3489528,31993.065,17029.885,0,185.590,0,16.138,4870,2704,2.950,1.910,1.340,3,0,112.968,0,0,14,28,0,15,0
27-07 11:02:32,58.815,17.594,23.124,0,0,1771884,10831840,170420,3489548,44704.632,22818.314,0,2525.538,0,378.026,4231,1751,2.950,1.930,1.350,3,0,1.005,0,0,14,28,0,14,0
27-07 11:02:33,64.265,10.876,22.740,0,0,1821440,10782248,170452,3489552,29494.815,14688.086,0,415.253,0,20.763,4743,3058,2.950,1.930,1.350,3,0,1.977,0,0,14,29,0,14,0
27-07 11:02:34,62.429,11.148,24.030,0,0,1822392,10781268,170452,3489576,15136.555,7572.737,0,67.384,0,0.991,5583,5564,2.950,1.930,1.350,3,0,0,0,0,14,30,0,14,0
27-07 11:02:35,59.710,13.799,23.332,0,0,1782708,10820832,170540,3489604,15089.118,7388.008,0,425.498,0,36.127,6536,5966,2.950,1.930,1.350,3,0,46.163,0,0,14,29,0,14,0
27-07 11:02:36,53.945,38.496,7.091,0,0,1747360,10856020,170560,3489740,61440.731,34308.098,0,194.506,0,14.183,5696,4602,2.950,1.930,1.350,6,0,216.794,0,0,14,28,0,14,0
27-07 11:02:37,66.470,30.986,0,0,0,1732620,10870728,170576,3489756,55109.374,456052.214,0,187.916,0,14.993,5475,3512,3.200,2,1.380,7,0,197.912,0,0,14,28,0,14,0
27-07 11:02:38,68.176,29.827,0,0,0,1822012,10781268,170624,3489744,48862.820,150367.189,0,497.280,0,29.075,5142,3286,3.200,2,1.380,7,0,158.408,0,0,14,28,0,14,0
27-07 11:02:39,73.158,25.295,0.248,0,0,1940052,10663164,170632,3489800,60660.534,33159.888,0,87.294,0,3.968,5299,3945,3.200,2,1.380,8,0,158.717,0,0,14,29,0,14,0
27-07 11:02:40,75.170,23.148,0.249,0,0,1995172,10608016,170632,3489808,60718.466,35314.979,0,0,0,0,6279,5237,3.200,2,1.380,8,0,142.375,0,0,14,29,0,14,0
27-07 11:02:41,79.491,20.945,0,0,0,2046056,10557112,170696,3489764,56997.073,31348.087,0,327.047,0,26.245,6632,8004,3.200,2,1.380,12,0,127.185,0,0,14,29,0,15,0
27-07 11:02:42,73.050,25.768,0.500,0,0,2003580,10599308,170696,3490032,51347.948,29882.338,0,36.025,0,3.002,5729,5044,3.500,2.080,1.410,9,0,195.133,0,0,14,29,0,15,0
27-07 11:02:43,66.476,30.739,1.000,0,0,2012020,10590760,170784,3490052,60746.313,36331.029,0,451.839,0,35.987,7006,7709,3.500,2.080,1.410,8,0,162.942,0,0,14,29,0,15,0
27-07 11:02:44,68.753,30.251,1.000,0,0,1941824,10660896,170832,3490060,45912.864,25829.049,0,504.020,0,22.001,5653,4512,3.500,2.080,1.410,7,0,213.009,0,0,14,28,0,15,0
27-07 11:02:45,69.055,29.524,0,0,0,1878084,10724620,170848,3490104,71421.297,464878.946,0,176.141,0,8.006,5559,4075,3.500,2.080,1.410,7,0,190.153,0,0,14,28,0,15,0
27-07 11:02:46,80.232,18.246,0.500,0,0,1927920,10674756,170864,3490116,49866.668,135275.259,0,163.963,0,7.998,5774,4584,3.500,2.080,1.410,6,0,58.987,0,0,14,29,0,15,0
27-07 11:02:47,81.518,11.467,5.484,0,0,1972532,10629940,170880,3490300,44643.097,22412.291,0,123.649,0,7.977,6395,6504,3.540,2.110,1.420,5,0,0,0,0,14,31,0,17,0
27-07 11:02:48,85.379,10.206,2.738,0,0,1975260,10627168,170896,3490324,15208.908,7491.445,0,3114.466,0,434.114,6827,6244,3.540,2.110,1.420,7,0,1.991,0,0,14,29,0,18,0
27-07 11:02:49,63.119,23.544,10.520,0,0,1873408,10728952,170912,3490376,30537.525,16669.401,0,160.302,0,9.017,6714,8041,3.540,2.110,1.420,4,0,163.308,0,0,14,29,0,18,0
27-07 11:02:50,43.931,31.273,20.104,0,0,1701652,10900556,170912,3490528,61941.690,32799.550,0,11.913,0,2.978,5786,5015,3.540,2.110,1.420,2,0,218.412,0,0,14,28,0,19,0
27-07 11:02:51,13.254,27.509,58.019,0,0,1597052,11005172,170912,3490528,45752.660,26106.365,0,4.001,0,1.000,4741,2714,3.540,2.110,1.420,1,0,201.064,0,0,14,28,0,19,0
27-07 11:02:52,5.830,25.348,67.933,0,0,1594864,11007356,170928,3490516,61850.668,33715.159,0,348.791,0,27.376,4588,2783,3.340,2.100,1.420,1,0,172.368,0,0,14,28,0,19,0
27-07 11:02:53,20.945,41.390,34.409,0,0,1608920,10993192,171000,3490552,60841.033,31985.376,0,682.195,0,40.892,5682,3832,3.340,2.100,1.420,3,0,300.206,0,0,14,28,0,17,0
27-07 11:02:54,49.461,42.431,5.524,0,0,1680540,10921568,171000,3490556,61524.588,32474.602,0,32.137,0,8.034,5220,3390,3.340,2.100,1.420,5,0,357.526,0,0,14,28,0,17,0
27-07 11:02:55,63.832,33.794,1.001,0,0,1758920,10843152,171008,3490584,57949.740,576373.366,0,248.320,0,8.010,5516,4061,3.340,2.100,1.420,7,0,257.332,0,0,14,28,0,17,0
27-07 11:02:56,73.108,23.631,0.738,0,0,1859584,10742480,171008,3490592,59982.976,30690.567,0,0,0,0,5382,4610,3.340,2.100,1.420,6,0,104.370,0,0,14,30,0,18,0
27-07 11:02:57,79.207,18.859,1.006,0,0,1903428,10698560,171064,3490612,44705.997,22703.018,0,350.020,0,24.139,5834,4892,3.470,2.140,1.440,6,0,69.401,0,0,14,29,0,17,0
27-07 11:02:58,81.456,14.833,1.760,0,0,1962752,10639172,171112,3490628,15602.286,7499.958,0,249.395,0,20.113,5916,5271,3.470,2.140,1.440,5,0,0,0,0,14,29,0,17,0
27-07 11:02:59,79.047,18.319,2.760,0,0,1984692,10617040,171208,3490720,30347.972,15289.420,0,437.644,0,41.155,6746,7105,3.470,2.140,1.440,5,0,67.253,0,0,14,28,0,17,0
27-07 11:03:00,73.536,24.017,1.733,0,0,1818264,10783216,171240,3490936,15511.455,8129.104,0,415.963,0,17.827,6266,6458,3.470,2.140,1.440,5,0,120.827,0,0,14,29,0,19,0
27-07 11:03:01,72.324,23.701,1.222,0,0,1818616,10782812,171256,3490984,16240.672,7142.495,0,183.742,0,8.796,5995,5732,3.470,2.140,1.440,5,0,79.166,0,0,14,29,0,18,0
27-07 11:03:02,84.645,16.672,0.769,0,0,1875536,10725860,171272,3490996,614.573,0,0,160.056,0,8.208,5900,4867,3.830,2.240,1.480,5,0,1.026,0,0,14,29,0,18,0
27-07 11:03:03,83.755,12.037,2.257,0,0,1941144,10660156,171320,3491040,15933.601,7643.314,0,3169.668,0,435.328,7107,6707,3.830,2.240,1.480,6,0,2.006,0,0,14,29,0,18,0
27-07 11:03:04,72.451,16.872,7.444,0,0,1953284,10647808,171336,3491232,15219.716,7548.820,0,154.827,0,7.940,6953,8189,3.830,2.240,1.480,3,0,29.774,0,0,14,32,0,18,0
27-07 11:03:05,77.703,12.825,7.041,0,0,1957252,10643776,171352,3491276,663.866,0,0,144.844,0,8.047,5678,8110,3.830,2.240,1.480,4,0,0,0,0,14,32,0,18,0
27-07 11:03:06,55.230,7.150,34.025,0,0,1977480,10623364,171368,3491444,15569.867,7420.516,0,169.634,0,9.862,6667,7246,3.830,2.240,1.480,2,0,1.972,0,0,14,33,0,19,0
27-07 11:03:07,64.206,8.057,24.927,0,0,1977388,10623364,171448,3491448,890.321,0,0,338.403,0,32.229,5913,6712,3.690,2.240,1.480,7,0,0,0,0,14,30,0,21,0
27-07 11:03:08,77.158,20.424,2.017,0,0,1796264,10804168,171760,3491456,15615.136,7848.920,0,2985.454,0,174.488,6568,8375,3.690,2.240,1.480,7,0,128.092,0,0,14,29,0,22,0
27-07 11:03:09,71.134,25.459,1.498,0,0,1795660,10804628,171776,3491572,745.786,147.760,0,83.864,0,5.990,6076,5853,3.690,2.240,1.480,8,0,31.948,0,0,14,29,0,22,0
27-07 11:03:10,83.187,14.489,0.749,0,0,1925744,10674372,171776,3491740,418.680,0,0,0,0,0,6467,5712,3.690,2.240,1.480,5,0,0,0,0,14,29,0,23,0
27-07 11:03:11,75.118,19.899,2.487,0,0,1949660,10650436,171776,3492152,14900.205,7324.740,0,322.360,0,0.995,5746,4458,3.690,2.240,1.480,6,0,76.610,0,0,14,30,0,23,0
27-07 11:03:12,73.158,17.095,7.542,0,0,1994024,10606028,171776,3491800,481.689,0,0,16.090,0,2.011,7043,16273,3.870,2.300,1.500,3,0,33.185,0,0,14,32,0,24,0
27-07 11:03:13,67.723,9.996,20.992,0,0,2026620,10573248,171792,3491968,761.702,0,0,151.941,0,7.997,7086,7515,3.870,2.300,1.500,4,0,0,0,0,14,32,0,22,0
27-07 11:03:14,55.029,8.292,34.424,0,0,2029912,10569900,171792,3492020,15292.443,7524.103,0,44.224,0,3.015,7257,7958,3.870,2.300,1.500,3,0,0,0,0,14,32,0,24,0
27-07 11:03:15,56.208,8.456,32.083,0,0,2025184,10574584,171792,3492060,417.828,0,0,0,0,0,7237,7758,3.870,2.300,1.500,2,0,1.990,0,0,14,33,0,24,0
27-07 11:03:16,48.302,6.900,40.416,0,0,2021380,10578216,171792,3492232,853.663,0,0,0,0,0,6803,7645,3.870,2.300,1.500,3,0,0,0,0,14,32,0,25,0
27-07 11:03:17,55.892,19.474,23.520,0,0,1928852,10670712,171792,3492260,485.579,0,0,12.139,0,1.012,6925,7134,3.880,2.330,1.520,3,0,91.046,0,0,14,32,0,19,0
27-07 11:03:18,78.138,18.904,3.025,0,0,1718500,10880952,171872,3492292,15461.312,7652.518,0,431.525,0,35.288,6252,7130,3.880,2.330,1.520,7,0,49.404,0,0,14,29,0,19,0
27-07 11:03:19,70.014,28.404,0.997,0,0,1805148,10794132,171920,3492412,717.577,147.502,0,195.340,0,19.933,5682,5221,3.880,2.330,1.520,6,0,112.620,0,0,14,28,0,19,0
27-07 11:03:20,80.847,18.272,0.751,0,0,1907308,10691904,171936,3492448,840.009,0,0,120.144,0,7.008,5310,3373,3.880,2.330,1.520,5,0,30.036,0,0,14,28,0,19,0
27-07 11:03:21,83.068,14.219,2.245,0,0,1966132,10633000,171952,3492488,926.970,0,0,435.047,0,7.983,5362,5627,3.880,2.330,1.520,5,0,1.996,0,0,14,31,0,19,0
27-07 11:03:22,80.699,16.190,3.238,0,0,1980392,10618664,171952,3492564,656.555,0,0,0,0,0,6559,8599,3.890,2.360,1.530,9,0,34.870,0,0,14,30,0,20,0
27-07 11:03:23,78.015,18.516,1.975,0,0,1949884,10649120,171952,3492616,14848.549,7335.397,0,165.906,0,31.601,6563,9051,3.890,2.360,1.530,6,0,33.576,0,0,14,30,0,21,0
27-07 11:03:24,79.663,18.579,2.545,0,0,1909868,10689044,171952,3492704,731.979,150.672,0,5493.409,0,535.495,7548,8284,3.890,2.360,1.530,8,0,74.318,0,0,14,30,0,22,1
27-07 11:03:25,79.824,16.599,0.976,0,0,1922088,10676512,172040,3492940,1167.823,0,0,359.330,0,32.223,6872,7567,3.890,2.360,1.530,8,0,26.364,0,0,14,30,0,23,0
27-07 11:03:26,73.488,27.142,1.024,0,0,1862356,10736124,172064,3493032,552.060,0,0,417.885,0,13.315,5830,4288,3.890,2.360,1.530,7,0,131.101,0,0,14,30,0,22,0
27-07 11:03:27,75.862,21.251,1.236,0,0,1854704,10743572,172112,3493172,296.528,0,0,217.454,0,18.780,5769,4242,3.980,2.400,1.550,5,0,51.398,0,0,14,29,0,22,0
27-07 11:03:28,82.520,17.520,1.523,0,0,1932768,10665480,172128,3493184,15678.291,7544.105,0,186.876,0,9.141,6439,6108,3.980,2.400,1.550,5,0,10.156,0,0,14,29,0,22,0
27-07 11:03:29,80.903,13.691,4.481,0,0,1978048,10620132,172144,3493232,537.692,147.367,0,111.521,0,6.970,6157,8036,3.980,2.400,1.550,4,0,0,0,0,14,31,0,22,0
27-07 11:03:30,68.154,9.418,19.826,0,0,1950824,10647100,172192,3493440,653.282,0,0,214.126,0,19.826,6784,8135,3.980,2.400,1.550,6,0,21.809,0,0,14,30,0,22,0
27-07 11:03:31,79.116,19.401,1.512,0,0,1900072,10697784,172208,3493488,604.709,0,0,129.005,0,7.055,6171,9112,3.980,2.400,1.550,5,0,44.345,0,0,14,29,0,24,0
27-07 11:03:32,74.896,23.876,1.257,0,0,1878492,10719336,172224,3493500,870.598,0,0,128.680,0,8.042,5602,4819,4.060,2.440,1.570,5,0,134.711,0,0,14,28,0,24,0
27-07 11:03:33,78.066,21.699,0.499,0,0,1896312,10701488,172240,3493508,807.093,0,0,163.613,0,9.976,5373,3865,4.060,2.440,1.570,5,0,48.885,0,0,14,29,0,24,0
27-07 11:03:34,82.546,13.386,2.231,0,0,1943976,10653616,172288,3493664,474.952,146.749,0,3379.197,0,446.197,7268,6554,4.060,2.440,1.570,7,0,0,0,0,14,30,0,23,0
27-07 11:03:35,76.733,21.315,2.006,0.251,0,1956752,10640780,172304,3493708,14961.393,7643.190,0,120.365,0,7.021,6257,6917,4.060,2.440,1.570,7,0,60.183,0,0,14,30,0,23,0
27-07 11:03:36,82.665,15.578,1.759,0,0,1968848,10628432,172408,3493848,652.276,0,0,393.978,0,42.212,7223,10140,4.060,2.440,1.570,7,0,46.232,0,0,14,29,0,24,0
27-07 11:03:37,72.289,26.355,1.255,0,0,1769100,10828088,172464,3493896,481.926,0,0,273.091,0,23.092,5936,5334,4.140,2.490,1.590,5,0,149.598,0,0,14,28,0,24,0
27-07 11:03:38,73.719,22.913,2.241,0,0,1830360,10766760,172480,3493944,656.500,0,0,163.378,0,8.966,5622,5689,4.140,2.490,1.590,4,0,62.761,0,0,14,28,0,24,0
27-07 11:03:39,78.079,18.284,2.471,0,0,1882904,10714136,172496,3494008,916.197,146.275,0,142.322,0,7.907,5185,4549,4.140,2.490,1.590,4,0,44.476,0,0,14,30,0,25,0
27-07 11:03:40,78.175,17.344,4.776,0,0,1828744,10768064,172528,3494188,541.945,0,0,176.962,0,13.071,5560,5006,4.140,2.490,1.590,7,0,34.186,0,0,14,30,0,26,0
27-07 11:03:41,75.581,20.205,2.993,0,0,1835212,10761552,172544,3494216,419.063,0,0,155.652,0,7.982,5752,7530,4.140,2.490,1.590,4,0,95.786,0,0,14,30,0,27,0
27-07 11:03:42,74.666,15.431,7.715,0,0,1860184,10736380,172584,3494372,802.411,0,0,207.074,0,17.920,6619,8281,4.210,2.530,1.600,8,0,2.987,0,0,14,29,0,28,0
27-07 11:03:43,78.762,18.369,3.523,0,0,1762760,10833656,172680,3494416,30625.021,15718.147,0,644.186,0,85.556,6056,5062,4.210,2.530,1.600,4,0,80.523,0,0,14,28,0,28,0
27-07 11:03:44,69.739,29.100,1.254,0,0,1791800,10804588,172712,3494412,44479.230,22773.944,0,272.934,0,16.055,5783,5169,4.210,2.530,1.600,4,0,77.264,0,0,14,29,0,28,0
27-07 11:03:45,74.264,19.556,5.198,0,0,1811524,10784736,172728,3494520,15595.483,7289.774,0,225.763,0,10.892,5172,3020,4.210,2.530,1.600,5,0,87.137,0,0,14,29,0,28,0
27-07 11:03:46,64.899,12.829,21.884,0,0,1826460,10769728,172768,3494552,58012.455,591005.406,0,257.583,0,18.111,6219,5572,4.210,2.530,1.600,3,0,1.006,0,0,14,30,0,29,0
27-07 11:03:47,59.135,13.085,26.171,0,0,1786956,10809044,172784,3494720,30099.185,14754.167,0,177.155,0,7.046,7166,7298,4.190,2.550,1.620,3,0,34.223,0,0,14,30,0,29,0
27-07 11:03:48,60.999,14.134,22.317,0,0,1817064,10778884,172800,3494752,29793.454,14764.810,0,158.697,0,7.935,6428,6071,4.190,2.550,1.620,4,0,39.674,0,0,14,29,0,29,0
27-07 11:03:49,61.909,14.093,23.405,0,0,1850992,10744904,172816,3494788,15708.749,8049.161,0,4541.998,0,501.311,6255,5421,4.190,2.550,1.620,5,0,5.033,0,0,14,28,0,29,0
27-07 11:03:50,56.560,16.943,25.165,0,0,1797248,10798580,172872,3494800,15283.618,7337.332,0,306.968,0,25.913,4906,3020,4.190,2.550,1.620,4,0,64.782,0,0,14,28,0,25,0
27-07 11:03:51,50.979,24.740,22.990,0,0,1799896,10795904,172888,3494808,15029.675,7652.779,0,127.946,0,6.997,4570,2617,4.190,2.550,1.620,4,0,67.971,0,0,14,28,0,26,0
27-07 11:03:52,64.759,11.413,22.082,0,0,1844976,10750804,172888,3494828,15689.975,7467.352,0,0,0,0,5694,4577,4.090,2.560,1.630,3,0,0.992,0,0,14,30,0,26,0
27-07 11:03:53,65.471,9.317,23.670,0,0,1860640,10734956,172936,3494960,543.913,0,0,197.420,0,19.138,5580,5079,4.090,2.560,1.630,4,0,0,0,0,14,29,0,26,0
27-07 11:03:54,55.871,19.041,23.551,0,0,1783576,10811952,172952,3495012,15798.202,7917.140,0,124.269,0,8.017,6649,6501,4.090,2.560,1.630,4,0,61.132,0,0,14,30,0,26,0
27-07 11:03:55,63.298,10.922,22.837,0,0,1824292,10771128,172968,3495104,682.129,0,0,127.092,0,7.943,7067,7086,4.090,2.560,1.630,6,0,0,0,0,14,30,0,26,0
27-07 11:03:56,60.067,16.336,22.619,0,0,1742376,10852932,173016,3495164,15295.742,7660.437,0,225.189,0,20.106,5287,3876,4.090,2.560,1.630,4,0,63.334,0,0,14,28,0,26,0
27-07 11:03:57,59.831,17.202,21.938,0,0,1783420,10811868,173032,3495168,598.314,0,0,1001.179,0,9.972,5820,4745,4.010,2.570,1.630,4,0,11.966,0,0,14,29,0,27,0
27-07 11:03:58,65.475,9.920,22.321,0,0,1827332,10767796,173032,3495328,15153.434,7690.306,0,0,0,0,5359,4079,4.010,2.570,1.630,4,0,0,0,0,14,30,0,28,0
27-07 11:03:59,57.799,18.596,22.366,0,0,1790208,10804904,173032,3495344,1011.228,148.769,0,0,0,0,5771,4964,4.010,2.570,1.630,5,0,43.223,0,0,14,30,0,29,0
27-07 11:04:00,66.042,11.300,21.093,0,0,1740136,10854892,173072,3495384,824.644,0,0,156.692,0,18.080,6341,5800,4.010,2.570,1.630,5,0,2.009,0,0,14,29,0,30,0
27-07 11:04:01,46.457,26.476,25.227,0,0,1755388,10839616,173072,3495408,15735.583,7451.173,0,3.996,0,0.999,6168,5507,4.010,2.570,1.630,3,0,132.878,0,0,14,29,0,30,0
27-07 11:04:02,58.332,15.455,23.682,0,0,1785236,10809656,173072,3495516,537.450,0,0,0,0,0,6426,6399,3.930,2.580,1.640,3,0,12.963,0,0,14,29,0,28,0
27-07 11:04:03,57.256,18.241,24.068,0,0,1751980,10842864,173104,3495528,425.617,0,0,129.712,0,13.174,5473,4322,3.930,2.580,1.640,3,0,53.709,0,0,14,28,0,28,0
27-07 11:04:04,53.583,22.470,22.964,0,0,1726776,10868064,173104,3495532,15661.981,7459.121,0,2338.877,0,363.474,5524,3612,3.930,2.580,1.640,5,0,63.213,0,0,14,29,0,28,0
27-07 11:04:05,65.030,11.461,21.926,0,0,1797264,10797544,173104,3495564,478.380,0,0,593.989,0,53.818,5753,4930,3.930,2.580,1.640,4,0,0,0,0,14,28,0,29,0
27-07 11:04:06,59.936,11.836,26.190,0,0,1818900,10775872,173104,3495596,1119.135,0,0,8.059,0,2.015,6270,5930,3.930,2.580,1.640,3,0,2.015,0,0,14,30,0,28,0
27-07 11:04:07,61.441,13.930,22.139,0.249,0,1769484,10825204,173136,3495648,698.484,0,0,159.199,0,12.935,6390,6336,3.850,2.580,1.650,3,0,33.830,0,0,14,29,0,28,0
27-07 11:04:08,48.653,28.738,22.184,0,0,1743324,10851344,173168,3495636,15751.601,7683.708,0,108.903,0,13.109,5272,3473,3.850,2.580,1.650,5,0,126.045,0,0,14,28,0,28,0
27-07 11:04:09,58.545,18.109,22.327,0,0,1776884,10817724,173168,3495704,756.127,146.859,0,0,0,0,4114,2255,3.850,2.580,1.650,3,0,1.985,0,0,14,28,0,28,0
27-07 11:04:10,62.559,12.164,23.832,0,0,1811816,10782740,173216,3495708,875.826,0,0,190.656,0,17.874,4571,2997,3.850,2.580,1.650,4,0,7.944,0,0,14,30,0,29,0
27-07 11:04:11,54.861,20.384,23.404,0,0,1814052,10780472,173216,3495740,1172.709,0,0,8.053,0,1.007,5758,4810,3.850,2.580,1.650,3,0,52.344,0,0,14,30,0,25,0
27-07 11:04:12,63.395,17.039,17.540,0,0,1794144,10800220,173288,3498420,15926.482,7932.170,0,204.468,0,28.064,6596,10454,3.860,2.610,1.660,5,0,77.177,0,0,14,29,0,25,0
27-07 11:04:13,57.126,20.044,22.049,0,0,1827452,10766716,173304,3495980,703.558,0,0,76.169,0,6.013,5991,9260,3.860,2.610,1.660,3,0,56.124,0,0,14,30,0,26,0
27-07 11:04:14,64.949,10.825,22.908,0,0,1865652,10728348,173304,3496148,482.333,149.030,0,225.559,0,35.244,6857,6624,3.860,2.610,1.660,3,0,0,0,0,14,28,0,27,0
27-07 11:04:15,45.512,29.682,22.509,0,0,1707032,10886960,173304,3496156,356.181,0,0,0,0,0,5134,3241,3.860,2.610,1.660,5,0,153.356,0,0,14,29,0,24,0
27-07 11:04:16,45.259,20.618,32.939,0,0,1719828,10874132,173304,3496188,481.762,0,0,12.069,0,2.012,5621,4866,3.860,2.610,1.660,2,0,89.513,0,0,14,29,0,26,0
27-07 11:04:17,41.934,10.733,46.177,0,0,1679332,10914548,173352,3496216,685.919,0,0,203.679,0,18.970,4444,3844,3.710,2.600,1.660,2,0,27.956,0,0,14,28,0,26,0
27-07 11:04:18,40.333,11.204,47.055,0,0,1700972,10892904,173352,3496220,45384.310,37228.040,0,3.984,0,0.996,3560,2776,3.710,2.600,1.660,3,0,3.984,0,0,14,29,0,26,0
27-07 11:04:19,45.451,8.287,44.698,0.251,0,1734104,10859388,173704,3496248,30269.110,15131.039,0,3523.612,0,218.970,5369,5083,3.710,2.600,1.660,2,0,0,0,0,14,28,0,25,0
27-07 11:04:20,34.296,17.148,45.728,0,0,1658928,10934556,173704,3496256,29994.288,15537.425,0,3.976,0,0.994,4275,2722,3.710,2.600,1.660,2,0,67.597,0,0,14,29,0,25,0
27-07 11:04:21,44.020,9.055,46.535,0,0,1697432,10896028,173704,3496276,15533.152,7733.373,0,0,0,0,4599,4159,3.710,2.600,1.660,3,0,2.012,0,0,14,29,0,25,0
27-07 11:04:22,40.284,11.834,47.334,0,0,1679484,10913964,173704,3496288,15323.198,7511.036,0,8.057,0,1.007,4002,2836,3.580,2.590,1.670,3,0,35.249,0,0,14,29,0,25,0
27-07 11:04:23,38.053,14.674,45.763,0,0,1684180,10909072,173720,3496464,15137.464,7419.506,0,119.381,0,5.969,3858,3216,3.580,2.590,1.670,3,0,29.845,0,0,14,29,0,23,0
27-07 11:04:24,41.438,10.113,46.371,0,0,1699788,10893452,173728,3496468,15616.089,7634.401,0,564.342,0,65.116,3969,2774,3.580,2.590,1.670,3,0,24.665,0,0,14,28,0,23,0
27-07 11:04:25,31.640,22.021,45.055,0,0,1720712,10872492,173752,3496480,485.986,0,0,2964.516,0,402.964,4876,2951,3.580,2.590,1.670,2,0,82.010,0,0,14,29,0,23,0
27-07 11:04:26,43.876,11.032,43.876,0,0,1680956,10912176,173800,3496500,16233.612,7545.666,0,208.599,0,18.052,4041,3072,3.580,2.590,1.670,4,0,16.046,0,0,14,28,0,23,0
27-07 11:04:27,31.013,21.585,46.147,0,0,1692576,10900552,173800,3496504,815.760,0,0,0,0,0,4059,2418,3.450,2.580,1.670,4,0,85.347,0,0,14,28,0,21,0
27-07 11:04:28,43.621,9.276,46.127,0,0,1725296,10867820,173800,3496516,15136.823,7773.478,0,521.441,0,2.006,4416,3888,3.450,2.580,1.670,6,0,0,0,0,14,29,0,21,0
27-07 11:04:29,44.171,8.077,47.200,0,0,1697012,10896048,173832,3496536,484.616,149.423,0,133.269,0,12.115,3795,2987,3.450,2.580,1.670,4,0,5.048,0,0,14,28,0,21,0
27-07 11:04:30,41.414,10.353,45.851,0,0,1698676,10894312,173832,3496608,15266.972,7194.202,0,3.944,0,0.986,4258,3821,3.450,2.580,1.670,4,0,1.972,0,0,14,29,0,21,0
27-07 11:04:31,42.408,10.037,46.423,0,0,1707400,10885536,173864,3496624,929.468,0,0,100.375,0,12.045,4065,3145,3.450,2.580,1.670,3,0,30.112,0,0,14,28,0,20,0
27-07 11:04:32,39.621,12.210,47.097,0,0,1715708,10877220,173864,3496632,477.447,0,0,3.987,0,0.997,3954,3080,3.330,2.570,1.670,2,0,0.997,0,0,14,29,0,20,0
27-07 11:04:33,46.156,7.062,46.156,0,0,1675820,10916924,173904,3496776,15438.859,7820.822,0,157.385,0,17.151,4315,3533,3.330,2.570,1.670,2,0,2.018,0,0,14,28,0,20,0
27-07 11:04:34,38.344,12.698,48.054,0,0,1708668,10884068,173904,3496784,937.177,147.399,0,0,0,0,3228,2179,3.330,2.570,1.670,2,0,4.980,0,0,14,29,0,20,0
27-07 11:04:35,44.512,8.252,46.012,0,0,1723116,10869480,173904,3496924,762.205,0,0,1332.358,0,252.068,4999,4169,3.330,2.570,1.670,4,0,0,0,0,14,29,0,19,0
27-07 11:04:36,40.168,15.219,42.912,0,0,1661040,10931540,173904,3496936,45537.940,603181.357,0,7.984,0,1.996,5293,3834,3.330,2.570,1.670,2,0,59.878,0,0,14,29,0,19,0
27-07 11:04:37,42.417,11.545,45.931,0,0,1687740,10904828,173928,3496924,629.476,0,0,104.411,0,9.036,4888,4376,3.310,2.570,1.680,3,0,2.008,0,0,14,28,0,19,0
27-07 11:04:38,41.027,10.571,48.326,0,0,1687184,10905336,173936,3496964,421.848,0,0,40.272,0,4.027,2916,1563,3.310,2.570,1.680,2,0,5.034,0,0,14,28,0,19,0
27-07 11:04:39,41.971,8.744,47.967,0,0,1712604,10879912,173936,3496968,359.753,147.898,0,7.995,0,0.999,3182,2128,3.310,2.570,1.680,3,0,1.999,0,0,14,29,0,17,0
27-07 11:04:40,43.654,8.185,46.382,0,0,1714800,10877660,173968,3496988,15300.715,7369.583,0,126.993,0,11.906,4181,3338,3.310,2.570,1.680,2,0,4.961,0,0,14,28,0,17,0
27-07 11:04:41,31.224,21.482,45.212,0,0,1714748,10877700,173968,3497000,239.799,0,0,0,0,0,5155,4442,3.310,2.570,1.680,2,0,93.921,0,0,14,29,0,17,0
27-07 11:04:42,39.670,13.056,46.449,0,0,1682152,10910264,173992,3497008,360.541,0,0,84.361,0,11.047,3776,2566,3.200,2.560,1.680,2,0,47.202,0,0,14,28,0,17,0
27-07 11:04:43,25.766,29.268,42.776,0,0,1704536,10887848,174016,3497016,240.148,0,0,148.091,0,13.008,5206,3435,3.200,2.560,1.680,2,0,173.107,0,0,14,28,0,13,0
27-07 11:04:44,35.486,18.493,44.982,0,0,1717536,10874828,174048,3497004,298.882,147.942,0,139.945,0,15.994,4809,3974,3.200,2.560,1.680,2,0,66.974,0,0,14,28,0,13,0
27-07 11:04:45,32.388,19.931,46.588,0,0,1728380,10863952,174048,3497032,14804.655,7695.311,0,0,0,0,3977,2115,3.200,2.560,1.680,2,0,95.668,0,0,14,28,0,13,0
27-07 11:04:46,39.690,11.483,47.928,0,0,1773668,10818660,174048,3497036,625.062,0,0,0,0,0,3274,2225,3.200,2.560,1.680,2,0,0,0,0,14,29,0,13,0
27-07 11:04:47,44.950,7.991,45.449,0,0,1802460,10789712,174048,3497188,581.348,0,0,0,0,0,5169,4893,3.110,2.550,1.680,3,0,0,0,0,14,29,0,12,0
27-07 11:04:48,39.365,13.790,46.135,0,0,1738540,10853612,174048,3497204,360.051,0,0,8.023,0,2.006,4320,3788,3.110,2.550,1.680,2,0,48.141,0,0,14,29,0,13,0
27-07 11:04:49,42.339,10.081,46.623,0,0,1693192,10898944,174080,3497188,423.390,149.195,0,153.227,0,12.097,4279,3846,3.110,2.550,1.680,3,0,2.016,0,0,14,28,0,13,0
27-07 11:04:50,36.309,14.424,47.500,0,0,1711836,10880264,174080,3497224,14896.660,7418.984,0,190.996,0,33.822,3445,2199,3.110,2.550,1.680,2,0,27.854,0,0,14,28,0,13,0
27-07 11:04:51,44.040,9.008,46.292,0,0,1756916,10835184,174080,3497224,240.220,0,0,1805.654,0,312.286,4739,3396,3.110,2.550,1.680,3,0,2.002,0,0,14,29,0,13,0
27-07 11:04:52,44.923,6.988,45.672,0,0,1756880,10835184,174080,3497260,358.386,0,0,0,0,0,5888,6269,3.020,2.540,1.680,2,0,0.998,0,0,14,30,0,14,0
27-07 11:04:53,45.292,8.807,44.788,0,0,1701676,10890372,174112,3497244,241.555,0,0,152.985,0,12.078,5639,5618,3.020,2.540,1.680,2,0,31.201,0,0,14,28,0,14,0
27-07 11:04:54,18.832,36.178,42.620,0,0,1691848,10900088,174112,3497352,296.359,146.693,0,7.929,0,1.982,4952,2750,3.020,2.540,1.680,2,0,224.004,0,0,14,28,0,14,0
27-07 11:04:55,26.094,28.101,44.661,0,0,1725064,10866876,174256,3497208,361.301,42.152,0,2111.604,0,93.336,4695,2540,3.020,2.540,1.680,2,0,149.539,0,0,14,28,0,14,0
27-07 11:04:56,22.001,5.250,71.754,0,0,1720384,10871232,174288,3497496,686.036,0,0,148.008,0,14.001,2344,2108,3.020,2.540,1.680,1,0,0,0,0,14,28,0,14,0
27-07 11:04:57,19.465,9.483,69.874,0,0,1671796,10919816,174320,3497468,46047.696,57254.423,0,111.798,0,11.978,3340,2866,3.020,2.550,1.690,1,0,46.915,0,0,14,28,0,14,0
27-07 11:04:58,14.280,13.027,71.901,0,0,1661656,10929904,174320,3497516,29953.713,15013.433,0,0,0,0,2454,1689,3.020,2.550,1.690,1,0,46.097,0,0,14,28,0,14,0
27-07 11:04:59,20.504,6.251,72.764,0,0,1693996,10897564,174344,3497492,32268.147,16991.237,0,556.106,0,13.002,1861,1314,3.020,2.550,1.690,1,0,0,0,0,14,28,0,14,0
27-07 11:05:00,21.841,5.021,72.051,0,0,1703024,10888500,174352,3497520,14978.636,7392.915,0,36.151,0,4.017,2311,1921,3.020,2.550,1.690,1,0,2.008,0,0,14,29,0,10,0
27-07 11:05:01,22.270,5.505,71.564,0,0,1658776,10932740,174408,3497472,15168.574,7344.573,0,252.226,0,24.021,3361,3397,3.020,2.550,1.690,1,0,17.015,0,0,14,28,0,10,0
27-07 11:05:02,9.950,18.407,69.399,0,0,1660636,10930796,174432,3497532,15418.930,7324.912,0,171.134,0,9.950,3142,2098,2.850,2.530,1.690,1,0,85.567,0,0,14,28,0,10,0
27-07 11:05:03,21.251,5.750,72.752,0,0,1685672,10905720,174472,3497532,15363.374,7296.178,0,384.009,0,22.001,1831,1233,2.850,2.530,1.690,2,0,2.000,0,0,14,28,0,10,0
27-07 11:05:04,22.914,3.736,71.981,0,0,1695524,10895856,174480,3497536,596.773,147.450,0,31.881,0,2.989,2043,1548,2.850,2.530,1.690,1,0,0,0,0,14,29,0,9,0
27-07 11:05:05,20.815,6.520,71.723,0,0,1657160,10934132,174544,3497556,15082.890,7481.258,0,252.786,0,25.078,3594,3764,2.850,2.530,1.690,1,0,22.069,0,0,14,28,0,9,0
27-07 11:05:06,11.841,16.124,71.296,0,0,1657724,10933552,174560,3497556,422.236,0,0,1479.339,0,273.093,3289,1926,2.850,2.530,1.690,1,0,74.572,0,0,14,28,0,9,0
27-07 11:05:07,22.049,4.459,72.340,0,0,1655960,10935268,174608,3497556,15407.518,7390.614,0,566.832,0,27.747,1758,1208,2.700,2.500,1.680,1,0,0,0,0,14,28,0,9,0
27-07 11:05:08,21.048,5.011,72.414,0,0,1669444,10921748,174640,3497560,4425.022,132.300,0,116.263,0,12.027,2187,1821,2.700,2.500,1.680,1,0,0,0,0,14,28,0,8,0
27-07 11:05:09,24.528,5.757,68.579,0,0,1667760,10923376,174640,3497612,15440.878,7452.629,0,4.005,0,1.001,4379,5025,2.700,2.500,1.680,1,0,2.002,0,0,14,29,0,8,0
27-07 11:05:10,19.447,6.732,71.554,0,0,1612068,10979008,174672,3497636,700.079,0,0,111.693,0,11.967,3133,3035,2.700,2.500,1.680,1,0,29.918,0,0,14,28,0,8,0
27-07 11:05:11,19.919,7.060,73.372,0,0,1625852,10965224,174672,3497636,888.533,0,0,0,0,0,1728,1331,2.700,2.500,1.680,2,0,0,0,0,14,28,0,8,0
27-07 11:05:12,22.461,4.742,72.373,0,0,1662840,10928208,174704,3497632,15395.085,7283.267,0,243.574,0,14.974,1944,1410,2.570,2.480,1.680,2,0,2.995,0,0,14,29,0,7,0
27-07 11:05:13,35.431,13.379,48.562,0,0,1681208,10909812,174712,3497648,475.713,0,0,15.857,0,2.973,4652,13075,2.570,2.480,1.680,1,0,35.679,0,0,14,29,0,8,0
27-07 11:05:14,24.057,4.010,70.167,0,0,1681168,10909812,174728,3497668,540.282,148.352,0,132.314,0,11.026,4051,4464,2.570,2.480,1.680,1,0,0,0,0,14,28,0,8,0
27-07 11:05:15,13.264,16.517,68.823,0,0,1629728,10961216,174728,3497724,15663.524,7628.047,0,4.004,0,1.001,3340,1956,2.570,2.480,1.680,1,0,96.101,0,0,14,28,0,8,0
27-07 11:05:16,5.479,25.152,67.486,0,0,1627856,10963072,174736,3497728,1310.871,0,0,95.626,0,4.981,4210,2555,2.570,2.480,1.680,4,0,150.411,0,0,14,28,0,4,0
27-07 11:05:17,21.591,31.382,44.939,0,0,1631484,10959380,174824,3497704,750.151,0,0,498.092,0,27.114,4862,3058,2.520,2.470,1.680,2,0,162.683,0,0,14,28,0,6,0
27-07 11:05:18,40.738,10.497,47.736,0.250,0,1720140,10870516,174852,3497884,1402.593,0,171.950,3.999,5.998,1.000,2834,1485,2.520,2.470,1.680,3,0,1.999,0,0,14,28,0,6,0
27-07 11:05:19,42.481,8.496,47.729,1.000,0,1788816,10799660,174972,3499672,45864.939,52790.910,619.729,1023.552,11.995,12.994,3157,1793,2.520,2.470,1.680,2,0,2.999,0,0,14,30,0,6,0
27-07 11:05:20,40.349,17.186,37.609,2.242,0,1793008,10786568,179112,3504068,29719.549,15218.928,1582.067,20865.752,25.903,1748.443,10727,14601,2.520,2.470,1.680,2,0,58.780,0,0,14,32,0,6,0
27-07 11:05:21,41.676,16.221,35.437,1.747,0,1798644,10772708,184180,3506920,30060.561,15183.009,0,24704.083,0,2398.736,12816,17450,2.520,2.470,1.680,3,0,64.885,0,0,14,32,0,6,0
27-07 11:05:22,39.339,20.296,34.328,2.255,0,1786064,10778264,189788,3508020,15878.118,7769.674,0,34037.425,0,2595.905,13429,18592,2.480,2.460,1.680,3,0,32.073,0,0,14,32,0,6,0
27-07 11:05:23,43.671,12.977,35.686,4.242,0,1812092,10748088,193684,3508132,44493.866,570602.341,0,18123.360,0,1669.992,11038,14715,2.480,2.460,1.680,4,0,15.971,0,0,14,32,0,6,0
27-07 11:05:24,40.467,12.567,44.237,0.503,0,1777076,10782224,194404,3508264,45196.190,22558.885,0,8376.889,0,445.387,4744,4069,2.480,2.460,1.680,2,0,9.048,0,0,14,28,0,6,0
27-07 11:05:25,43.546,7.508,47.801,0,0,1773212,10786000,194468,3508288,15679.605,7435.875,0,664.704,0,36.038,2944,1562,2.480,2.460,1.680,3,0,1.001,0,0,14,28,0,6,0
27-07 11:05:26,42.121,14.456,43.118,0,0,1768240,10790588,194852,3508288,30327.219,15979.115,0,7174.052,0,431.679,4117,2449,2.480,2.460,1.680,2,0,5.982,0,0,14,28,0,6,0
27-07 11:05:27,42.308,13.851,40.293,1.259,0,1788768,10767416,197248,3508460,46589.967,22979.186,0,8969.256,0,1006.322,8971,11067,2.600,2.490,1.690,5,0,5.037,0,0,14,30,0,6,0
27-07 11:05:28,39.627,15.108,39.875,1.238,0,1799292,10753556,200340,3508608,29678.548,14842.246,0,7699.502,0,1218.526,10936,14064,2.600,2.490,1.690,2,0,0,0,0,14,30,0,6,0
27-07 11:05:29,44.507,8.851,44.001,1.264,0,1741196,10809752,202048,3508752,15693.819,7529.796,0,5061.674,0,704.022,7313,8474,2.600,2.490,1.690,2,0,1.012,0,0,14,28,0,6,0
27-07 11:05:30,25.084,22.849,49.672,0.248,0,1690240,10860532,202140,3508832,15500.712,7248.170,39.738,1311.347,2.980,54.639,4223,2360,2.600,2.490,1.690,1,0,101.331,0,0,14,28,0,6,0
27-07 11:05:31,20.955,8.232,70.348,0.249,0,1706676,10843648,202576,3508832,60975.008,31447.925,0,5472.155,0,220.523,2582,2274,2.600,2.490,1.690,2,0,0,0,0,14,28,0,6,0
27-07 11:05:32,21.488,5.497,72.209,0,0,1748668,10801624,202608,3508832,29961.940,14745.604,0,115.934,0,12.993,1906,1443,2.470,2.460,1.690,1,0,0.999,0,0,14,28,0,6,0
27-07 11:05:33,23.515,3.752,72.298,0,0,1701232,10849056,202616,3508832,30354.957,14799.730,0,32.021,0,3.002,1847,1136,2.470,2.460,1.690,1,0,3.002,0,0,14,28,0,6,0
27-07 11:05:34,20.954,5.737,71.842,0,0,1697728,10852528,202616,3508860,32786.117,17397.855,0,0,0,0,1916,1403,2.470,2.460,1.690,1,0,0,0,0,14,28,0,6,0
27-07 11:05:35,23.059,4.261,72.937,0,0,1702404,10847852,202616,3508860,29967.758,14858.057,0,0,0,0,1737,1123,2.470,2.460,1.690,1,0,0,0,0,14,28,0,6,0
27-07 11:05:36,20.683,6.479,72.516,0,0,1741744,10808512,202616,3508860,29616.549,14903.966,0,7.974,0,1.994,1993,1395,2.470,2.460,1.690,1,0,3.987,0,0,14,28,0,6,0
27-07 11:05:37,23.215,3.245,72.143,0,0,1689268,10860972,202616,3508876,15623.749,7416.962,0,0,0,0,1748,1099,2.360,2.440,1.690,2,0,0.999,0,0,14,28,0,6,0
27-07 11:05:38,21.599,6.028,72.835,0,0,1696300,10853928,202624,3508880,30439.819,15517.275,0,64.295,0,3.014,1852,1331,2.360,2.440,1.690,2,0,0,0,0,14,28,0,6,0
27-07 11:05:39,22.505,5.501,71.266,0,0,1725232,10824948,202672,3508880,55403.096,599148.811,0,372.081,0,24.005,2455,2112,2.360,2.440,1.690,1,0,3.001,0,0,14,28,0,6,0
27-07 11:05:40,20.994,5.748,72.479,0,0,1760756,10789416,202680,3508880,29673.431,15073.647,0,31.991,0,2.999,1813,1233,2.360,2.440,1.690,3,0,1.999,0,0,14,28,0,6,0
27-07 11:05:41,20.417,4.980,72.207,0.747,0,1766780,10783176,202696,3509048,15620.564,7589.180,151.385,0,5.976,0,1685,1196,2.360,2.440,1.690,2,0,0,0,0,14,28,0,6,0
27-07 11:05:42,24.130,3.016,72.389,0,0,1655632,10894268,202696,3509100,15117.183,7661.142,0,289.555,0,66.356,1847,1107,2.330,2.430,1.690,1,0,4.022,0,0,14,28,0,6,0
27-07 11:05:43,19.500,6.250,72.748,0,0,1675032,10874868,202696,3509100,15366.667,7457.838,0,0,0,0,1750,1292,2.330,2.430,1.690,1,0,0,0,0,14,28,0,6,0
27-07 11:05:44,20.003,7.001,72.009,0,0,1711660,10838236,202696,3509100,45367.696,23909.002,0,4.001,0,1.000,1851,1226,2.330,2.430,1.690,1,0,2.000,0,0,14,28,0,6,0
27-07 11:05:45,22.747,4.749,71.740,0,0,1739072,10810812,202704,3509100,45888.908,22323.037,0,175.977,0,2.000,1830,1204,2.330,2.430,1.690,1,0,2.000,0,0,14,28,0,6,0
27-07 11:05:46,21.966,4.992,71.890,0,0,1750060,10799824,202704,3509100,29726.624,14635.660,0,3.994,0,0.998,1732,1100,2.330,2.430,1.690,1,0,0,0,0,14,28,0,6,0
27-07 11:05:47,23.023,3.003,72.822,0,0,1698668,10851128,202704,3509184,15437.186,7303.184,0,0,0,0,1652,1034,2.300,2.420,1.690,2,0,1.001,0,0,14,28,0,6,0
27-07 11:05:48,21.517,5.754,71.555,0,0,1695888,10853908,202712,3509176,14927.485,7463.743,0,144.111,0,33.025,1847,1289,2.300,2.420,1.690,2,0,2.002,0,0,14,28,0,6,0
27-07 11:05:49,21.947,6.734,69.083,0.249,0,1677232,10872336,202928,3509188,46866.517,24073.708,0,2769.294,0,135.671,2423,2170,2.300,2.420,1.690,1,0,0.998,0,0,14,28,0,5,0
27-07 11:05:50,20.555,6.267,72.442,0,0,1707952,10841568,202936,3509220,33511.020,17177.631,0,32.085,0,4.011,1852,1365,2.300,2.420,1.690,2,0,0,0,0,14,28,0,5,0
27-07 11:05:51,22.427,4.485,70.769,0,0,1718572,10830948,202936,3509220,45717.495,23574.905,0,2121.064,0,9.967,1800,1192,2.300,2.420,1.690,3,0,0.997,0,0,14,28,0,5,0
27-07 11:05:52,20.511,6.503,72.037,0,0,1741068,10808452,202936,3509220,30573.902,15313.965,0,0,0,0,1870,1227,2.200,2.400,1.690,1,0,4.002,0,0,14,28,0,5,0
27-07 11:05:53,23.761,3.252,72.534,0,0,1743268,10806248,202936,3509220,29784.891,15085.035,0,136.063,0,30.014,1771,1112,2.200,2.400,1.690,1,0,0,0,0,14,28,0,3,0
27-07 11:05:54,21.541,6.512,70.885,0,0,1725856,10823636,202940,3509240,27177.605,564097.118,0,8.015,0,2.004,2254,1690,2.200,2.400,1.690,1,0,1.002,0,0,14,28,0,3,0
27-07 11:05:55,21.986,5.247,72.204,0,0,1753804,10795664,202952,3509248,45228.028,23446.980,0,187.880,0,1.999,1906,1300,2.200,2.400,1.690,1,0,1.999,0,0,14,28,0,3,0
27-07 11:05:56,21.251,5.750,72.504,0,0,1725752,10823640,202952,3509288,30055.640,15078.823,0,4.000,0,1.000,1870,1291,2.200,2.400,1.690,2,0,1.000,0,0,14,28,0,3,0
27-07 11:05:57,21.748,5.499,71.992,0,0,1730792,10818600,202952,3509288,44969.889,22607.430,0,443.950,0,61.993,1935,1306,2.100,2.370,1.680,2,0,0,0,0,14,28,0,3,0
27-07 11:05:58,21.415,5.795,72.812,0,0,1756152,10793240,202952,3509288,29882.680,14868.780,0,0,0,0,1875,1214,2.100,2.370,1.680,1,0,4.031,0,0,14,28,0,3,0
27-07 11:05:59,22.096,4.221,72.494,0,0,1752608,10796712,203016,3509296,30083.045,15186.014,0,691.176,0,64.549,2003,1511,2.100,2.370,1.680,1,0,0,0,0,14,28,0,3,0
27-07 11:06:00,16.750,10.750,71.750,0,0,1637144,10912064,203024,3509396,15806.059,7296.027,0,32.000,0,4.000,2461,1471,2.100,2.370,1.680,1,0,50.000,0,0,14,28,0,3,0
27-07 11:06:01,5.743,23.722,68.420,0,0,1636436,10912712,203032,3509432,31649.160,18884.019,0,95.888,0,1.998,4018,2552,2.100,2.370,1.680,2,0,147.828,0,0,14,28,0,3,0
27-07 11:06:02,6.244,25.474,65.684,0,0,1634392,10914752,203032,3509432,61606.301,31620.332,0,351.648,0,5.994,4354,2707,2.010,2.350,1.680,1,0,155.844,0,0,14,28,0,3,0
27-07 11:06:03,6.761,25.293,67.364,0,0,1626780,10922356,203032,3509440,61158.308,32909.591,0,260.440,0,3.005,4346,2592,2.010,2.350,1.680,1,0,152.257,0,0,14,28,0,3,0
27-07 11:06:04,6.244,24.476,66.936,0,0,1625288,10923836,203036,3509444,56972.246,27631.444,0,395.620,0,32.968,4291,2586,2.010,2.350,1.680,2,0,141.864,0,0,14,28,0,3,0
27-07 11:06:05,6.730,22.682,69.044,0,0,1624972,10924124,203044,3509456,50617.647,29611.458,0,243.273,0,5.982,4046,2486,2.010,2.350,1.680,2,0,112.663,0,0,14,28,0,3,0
27-07 11:06:06,7.019,24.817,65.426,0,0,1621764,10927324,203044,3509464,75584.404,593194.337,0,92.248,0,2.005,4761,2871,2.010,2.350,1.680,2,0,144.389,0,0,14,28,0,3,0
27-07 11:06:07,6.757,25.778,66.573,0,0,1616376,10932712,203044,3509464,61370.167,33222.360,0,124.136,0,2.002,4281,2635,2.010,2.350,1.680,2,0,149.163,0,0,14,28,0,3,0
27-07 11:06:08,6.488,22.707,68.371,0.749,0,1611340,10937736,203048,3509472,45765.585,24110.474,7.985,3.992,1.996,0.998,4031,2526,2.010,2.350,1.680,5,0,135.744,0,0,14,28,0,3,0
27-07 11:06:09,6.269,25.576,65.945,0,0,1607284,10941680,203112,3509516,61444.152,33501.315,0,557.653,0,31.092,4558,2986,2.010,2.350,1.680,1,0,157.467,0,0,14,28,0,3,0
27-07 11:06:10,16.487,11.241,71.696,0,0,1634072,10914880,203120,3509516,59654.761,30992.497,0,47.964,0,2.998,2498,1665,2.010,2.350,1.680,1,0,32.975,0,0,14,28,0,3,0
27-07 11:06:11,21.517,4.754,72.556,0,0,1671884,10877080,203120,3509504,44889.824,22855.731,0,0,0,0,1853,1290,2.010,2.350,1.680,3,0,0,0,0,14,28,0,3,0
27-07 11:06:12,20.739,5.997,71.963,0,0,1699856,10849108,203120,3509504,29636.942,14650.556,0,79.959,0,1.999,1831,1170,1.930,2.320,1.680,2,0,2.998,0,0,14,28,0,3,0
27-07 11:06:13,28.929,8.301,62.637,0,0,1738160,10810804,203120,3512036,30076.813,14845.716,0,16.099,0,1.006,2581,5298,1.930,2.320,1.680,4,0,36.224,0,0,14,28,0,2,0
27-07 11:06:14,25.951,9.392,62.530,0,0,1707620,10841324,203120,3509524,14746.121,7679.530,0,39.544,0,1.977,2484,8350,1.930,2.320,1.680,2,0,2.966,0,0,14,28,0,3,0
27-07 11:06:15,21.858,5.527,72.357,0,0,1728736,10820224,203128,3509500,30844.179,16187.867,0,570.816,0,112.555,1940,1189,1.930,2.320,1.680,1,0,0,0,0,14,28,0,3,0
27-07 11:06:16,22.208,5.989,70.616,0,0,1749064,10799888,203128,3509508,54065.508,461257.596,0,0,0,0,2194,1316,1.930,2.320,1.680,2,0,4.991,0,0,14,28,0,3,0
27-07 11:06:17,22.178,5.041,72.836,0,0,1764436,10784516,203128,3509508,18601.552,130922.585,0,104.843,0,2.016,1727,1073,1.850,2.300,1.670,1,0,0,0,0,14,28,0,3,0
27-07 11:06:18,22.305,3.470,71.625,0,0,1733552,10815380,203128,3509528,29734.414,14786.908,0,7.931,0,1.983,1663,1026,1.850,2.300,1.670,1,0,0.991,0,0,14,28,0,1,0
27-07 11:06:19,21.191,5.983,71.552,0,0,1725832,10823100,203184,3509472,16389.749,8905.413,0,454.744,0,28.920,2030,1726,1.850,2.300,1.670,2,0,1.994,0,0,14,28,0,1,0
27-07 11:06:20,22.189,5.043,72.366,0,0,1753500,10795380,203192,3509516,44829.660,23746.164,0,32.275,0,4.034,1747,1188,1.850,2.300,1.670,2,0,0,0,0,14,28,0,1,0
27-07 11:06:21,21.001,5.500,72.753,0,0,1771000,10777880,203192,3509516,29994.259,15078.633,0,0,0,0,1733,1171,1.850,2.300,1.670,2,0,2.000,0,0,14,28,0,1,0
27-07 11:06:22,22.883,3.482,72.131,0,0,1771504,10777376,203192,3509516,14899.680,7419.993,0,51.735,0,2.985,1728,1112,1.790,2.280,1.670,1,0,2.985,0,0,14,28,0,1,0
27-07 11:06:23,20.515,5.504,72.303,0,0,1716904,10831964,203192,3509528,29726.709,13113.577,0,0,0,0,1705,1113,1.790,2.280,1.670,4,0,1.001,0,0,14,28,0,1,0
27-07 11:06:24,20.019,6.757,73.071,0,0,1715916,10832976,203192,3509504,546.528,1961.896,0,4.004,0,1.001,1661,1117,1.790,2.280,1.670,1,0,2.002,0,0,14,28,0,1,0
27-07 11:06:25,22.495,4.499,71.984,0,0,1741548,10807336,203200,3509504,44829.299,23794.851,0,63.986,0,2.000,1807,1139,1.790,2.280,1.670,1,0,2.000,0,0,14,28,0,1,0
27-07 11:06:26,22.424,6.229,69.762,0,0,1769552,10779332,203200,3509504,29551.348,15188.269,0,175.403,0,38.868,1896,1173,1.790,2.280,1.670,2,0,2.990,0,0,14,28,0,1,0
27-07 11:06:27,23.599,5.774,69.792,0,0,1645348,10903504,203200,3509528,29956.418,15141.392,0,385.614,0,51.214,1954,1097,1.720,2.260,1.670,2,0,4.017,0,0,14,28,0,1,0
27-07 11:06:28,21.236,5.996,72.700,0,0,1680624,10868224,203200,3509532,15085.704,7452.913,0,0,0,0,1789,1302,1.720,2.260,1.670,3,0,1.999,0,0,14,28,0,1,0
27-07 11:06:29,22.267,4.503,71.305,0,0,1719360,10829416,203276,3509528,45075.484,24218.528,0,536.410,0,34.026,2001,1681,1.720,2.260,1.670,3,0,0,0,0,14,28,0,1,0
27-07 11:06:30,20.508,6.002,72.278,0,0,1747324,10801444,203284,3509528,29663.413,15245.866,0,32.012,0,4.002,1810,1246,1.720,2.260,1.670,2,0,2.001,0,0,14,28,0,1,0
27-07 11:06:31,24.465,2.746,72.647,0,0,1748844,10799924,203284,3509528,30115.417,15122.617,0,151.785,0,29.958,1798,1088,1.720,2.260,1.670,2,0,1.997,0,0,14,28,0,1,0
27-07 11:06:32,19.519,7.007,72.070,0,0,1738628,10810124,203284,3509544,14990.567,7465.254,0,16.016,0,2.002,1851,1317,1.660,2.240,1.660,2,0,2.002,0,0,14,28,0,1,0
27-07 11:06:33,22.490,4.998,70.969,0,0,1766552,10782228,203284,3509516,40517.209,455106.166,0,0,0,0,2041,1283,1.660,2.240,1.660,2,0,0,0,0,14,28,0,1,0
27-07 11:06:34,22.009,5.002,72.279,0,0,1786708,10762072,203284,3509516,47722.461,162496.264,0,0,0,0,1902,1171,1.660,2.240,1.660,2,0,5.002,0,0,14,28,0,1,0
27-07 11:06:35,22.999,3.500,72.997,0,0,1797040,10751740,203292,3509508,15154.423,7457.716,0,95.996,0,3.000,1624,996,1.660,2.240,1.660,3,0,0,0,0,14,28,0,1,0
27-07 11:06:36,21.495,5.249,72.234,0,0,1748656,10800084,203292,3509544,29525.283,15398.497,0,3.999,0,1.000,1715,1101,1.660,2.240,1.660,3,0,1.000,0,0,14,28,0,1,0
27-07 11:06:37,20.497,5.999,72.739,0,0,1740676,10808148,203292,3509460,16078.504,8518.678,0,0,0,0,1738,1142,1.610,2.220,1.660,2,0,2.000,0,0,14,28,0,1,0
27-07 11:06:38,20.021,6.757,71.826,0,0,1740920,10807900,203292,3509464,59475.308,29973.906,0,12.013,0,2.002,1867,1215,1.610,2.220,1.660,2,0,2.002,0,0,14,28,0,1,0
27-07 11:06:39,21.733,4.746,72.195,0,0,1760636,10788184,203292,3509464,29988.144,14728.774,0,0,0,0,1703,1087,1.610,2.220,1.660,3,0,0,0,0,14,28,0,1,0
27-07 11:06:40,22.497,4.000,72.741,0,0,1774984,10773824,203300,3509468,29930.264,14818.150,0,151.981,0,3.000,1712,1085,1.610,2.220,1.660,2,0,2.000,0,0,14,28,0,1,0
27-07 11:06:41,23.003,3.250,72.511,0,0,1711672,10837052,203300,3509552,14977.240,7297.092,0,0,0,0,1658,1047,1.610,2.220,1.660,3,0,1.000,0,0,14,28,0,1,0
27-07 11:06:42,21.983,6.245,71.444,0,0,1711684,10837052,203300,3509540,30484.234,15625.818,0,175.863,0,37.970,1890,1279,1.560,2.200,1.650,2,0,0.999,0,0,14,28,0,1,0
27-07 11:06:43,22.277,4.505,72.338,0,0,1696496,10852228,203300,3509552,44507.157,22857.814,0,12.015,0,1.001,1837,1237,1.560,2.200,1.650,2,0,3.004,0,0,14,28,0,1,0
27-07 11:06:44,19.496,6.998,72.733,0,0,1694112,10854612,203300,3509552,30521.024,16252.285,0,3.999,0,1.000,1823,1365,1.560,2.200,1.650,4,0,0,0,0,14,28,0,1,0
27-07 11:06:45,22.999,4.000,71.998,0,0,1728492,10820248,203300,3509536,45234.570,22859.277,0,0,0,0,1765,1171,1.560,2.200,1.650,2,0,0,0,0,14,28,0,1,0
27-07 11:06:46,20.750,6.500,72.750,0,0,1743560,10805172,203308,3509536,29990.871,15077.935,0,72.000,0,2.000,1824,1145,1.560,2.200,1.650,1,0,4.000,0,0,14,28,0,1,0
27-07 11:06:47,22.991,2.749,72.721,0,0,1744148,10804584,203308,3509536,15148.937,7455.016,0,19.992,0,1.000,1615,1027,1.520,2.180,1.650,1,0,0,0,0,14,28,0,1,0
27-07 11:06:48,19.747,6.749,72.489,0,0,1694492,10854220,203308,3509556,15346.741,7456.902,0,151.978,0,32.995,1762,1118,1.520,2.180,1.650,1,0,2.000,0,0,14,28,0,1,0
27-07 11:06:49,22.509,6.002,70.778,0,0,1731160,10817576,203308,3509532,58626.836,590876.157,0,0,0,0,2250,1386,1.520,2.180,1.650,1,0,3.001,0,0,14,28,0,1,0
27-07 11:06:50,22.510,3.752,72.784,0,0,1719120,10829616,203308,3509532,30007.996,15409.187,0,28.013,0,2.001,1696,1059,1.520,2.180,1.650,2,0,1.000,0,0,14,28,0,1,0
27-07 11:06:51,20.857,5.959,71.758,0,0,1711592,10837124,203316,3509544,44895.327,23566.496,0,63.564,0,1.986,1875,1402,1.520,2.180,1.650,1,0,0.993,0,0,14,28,0,1,0
27-07 11:06:52,22.789,3.756,72.123,0,0,1718616,10830100,203316,3509544,29708.825,15266.117,0,0,0,0,1796,1160,1.470,2.160,1.650,1,0,3.005,0,0,14,28,0,1,0
27-07 11:06:53,20.816,5.768,72.731,0,0,1741284,10807432,203316,3509544,31323.522,15354.786,0,140.446,0,31.099,1826,1148,1.470,2.160,1.650,3,0,2.006,0,0,14,28,0,1,0
27-07 11:06:54,23.380,2.985,72.379,0,0,1742892,10805824,203316,3509544,29620.356,15190.232,0,15.919,0,1.990,1692,1072,1.470,2.160,1.650,2,0,0,0,0,14,28,0,1,0
27-07 11:06:55,6.787,23.627,67.866,0,0,1692080,10856560,203316,3509584,15780.045,9014.583,0,72.390,0,3.016,4074,2420,1.470,2.160,1.650,1,0,149.807,0,0,14,28,0,1,0
27-07 11:06:56,6.541,25.411,66.421,0,0,1680160,10868468,203324,3509588,61794.855,32258.559,0,173.098,0,7.045,4306,2568,1.470,2.160,1.650,2,0,156.996,0,0,14,28,0,1,0
27-07 11:06:57,6.217,24.370,66.645,0,0,1672040,10876588,203324,3509588,52897.623,27330.621,0,71.619,0,2.984,4197,2550,1.440,2.140,1.640,1,0,146.222,0,0,14,28,0,1,0
27-07 11:06:58,17.259,9.755,72.039,0,0,1664588,10884040,203324,3509588,53516.792,28261.204,0,28.015,0,2.001,2211,1687,1.440,2.140,1.640,1,0,16.009,0,0,14,28,0,1,0
27-07 11:06:59,21.231,5.245,72.185,0,0,1687824,10860792,203324,3509600,44706.480,22213.866,0,155.859,0,33.969,1841,1216,1.440,2.140,1.640,1,0,0,0,0,14,28,0,1,0
27-07 11:07:00,22.703,3.243,72.601,0,0,1701228,10847380,203324,3509608,29872.692,14562.114,0,3.992,0,0.998,1572,929,1.440,2.140,1.640,2,0,0,0,0,14,28,0,1,0
27-07 11:07:01,23.218,4.993,70.904,0,0,1687128,10861180,203336,3509884,27001.349,455465.759,0,171.767,0,1.997,2280,1291,1.440,2.140,1.640,2,0,10.985,0,0,14,28,0,1,0
27-07 11:07:02,20.085,7.532,71.302,0,0,1686816,10861492,203336,3509884,49481.860,154214.046,0,4.017,0,1.004,2080,1554,1.400,2.120,1.640,3,0,2.009,0,0,14,28,0,1,0
27-07 11:07:03,22.224,4.495,72.415,0,0,1686688,10861620,203336,3509884,44580.443,22089.958,0,203.760,0,42.949,1818,1157,1.400,2.120,1.640,2,0,0,0,0,14,28,0,1,0
27-07 11:07:04,23.336,3.764,72.518,0,0,1705840,10842468,203336,3509884,30556.083,14794.753,0,0,0,0,1683,1027,1.400,2.120,1.640,3,0,2.007,0,0,14,28,0,1,0
27-07 11:07:05,8.931,26.298,61.031,0.248,0,1649560,10898624,203336,3510004,46019.514,48717.788,39.695,146.872,1.985,31.756,4187,2515,1.400,2.120,1.640,2,0,153.818,0,0,14,28,0,1,0
27-07 11:07:06,5.784,23.135,68.901,0,0,1643800,10904368,203344,3510012,61431.558,39654.808,0,152.890,0,6.035,4115,2610,1.400,2.120,1.640,3,0,138.808,0,0,14,28,0,1,0
27-07 11:07:07,5.466,24.101,67.085,0,0,1645544,10902620,203344,3510016,49133.288,24808.648,0,55.656,0,1.988,4289,2596,1.290,2.080,1.630,2,0,147.091,0,0,14,28,0,1,0
27-07 11:07:08,6.784,24.373,68.345,0,0,1646984,10901176,203344,3510020,57690.833,33163.183,0,88.446,0,4.020,4183,2601,1.290,2.080,1.630,2,0,145.735,0,0,14,28,0,1,0
27-07 11:07:09,6.720,25.634,65.455,0,0,1644676,10903444,203344,3510056,61161.162,32053.438,0,0,0,0,4384,2683,1.290,2.080,1.630,2,0,152.313,0,0,14,28,0,1,0
27-07 11:07:10,7.532,24.603,65.525,0,0,1627288,10920832,203344,3510056,69627.753,468025.110,0,265.111,0,34.143,4598,2839,1.290,2.080,1.630,2,0,149.627,0,0,14,28,0,1,0
27-07 11:07:11,6.241,24.217,67.408,0,0,1623620,10924488,203352,3510060,48177.038,134699.575,0,179.754,0,2.996,4398,2736,1.290,2.080,1.630,1,0,153.789,0,0,14,28,0,1,0
27-07 11:07:12,6.517,24.816,65.675,0,0,1615604,10932496,203352,3510064,61368.582,32201.836,0,8.021,0,2.005,4358,2654,1.270,2.060,1.630,1,0,155.414,0,0,14,28,0,1,0
27-07 11:07:13,6.234,24.936,66.080,0,0,1615232,10932868,203352,3510064,60892.745,31580.961,0,0,0,0,4372,2679,1.270,2.060,1.630,1,0,157.596,0,0,14,28,0,1,0
27-07 11:07:14,18.925,33.056,47.439,0,0,1603872,10944204,203352,3510068,61263.503,32174.038,0,270.506,0,4.037,5366,12788,1.270,2.060,1.630,1,0,189.758,0,0,14,28,0,2,0
27-07 11:07:15,7.197,22.833,67.505,0,0,1607252,10940816,203352,3510076,45801.042,24331.524,0,262.078,0,2.978,4215,2592,1.270,2.060,1.630,1,0,140.966,0,0,14,28,0,1,0
27-07 11:07:16,5.749,25.995,65.988,0,0,1610928,10937132,203360,3510076,61590.925,31710.298,0,675.878,0,37.993,4390,2738,1.270,2.060,1.630,2,0,158.971,0,0,14,28,0,1,0
27-07 11:07:17,6.536,25.891,67.116,0,0,1601112,10946948,203360,3510076,62062.564,31791.429,0,353.931,0,4.022,4267,2668,1.410,2.080,1.630,3,0,158.867,0,0,14,28,0,1,0
27-07 11:07:18,7.692,24.068,65.752,0,0,1594104,10953948,203360,3510080,68224.821,471319.159,0,353.322,0,4.962,4634,2959,1.410,2.080,1.630,2,0,154.826,0,0,14,28,0,1,0
27-07 11:07:19,6.303,26.473,66.057,0,0,1591552,10956500,203360,3510080,64692.947,155113.006,0,354.996,0,4.034,4552,2803,1.410,2.080,1.630,1,0,165.396,0,0,14,28,0,1,0
27-07 11:07:20,6.710,24.604,66.853,0,0,1588460,10959588,203360,3510084,45521.886,24164.614,0,441.381,0,5.965,4409,2677,1.410,2.080,1.630,1,0,166.015,0,0,14,28,0,1,0
27-07 11:07:21,6.236,25.193,66.349,0,0,1596288,10951748,203368,3510088,61017.791,31647.797,0,550.744,0,34.920,4541,2751,1.410,2.080,1.630,1,0,165.622,0,0,14,28,0,1,0
27-07 11:07:22,6.297,22.923,69.775,0,0,1598548,10949488,203368,3510088,61156.503,33742.075,0,88.668,0,1.008,4165,2664,1.370,2.060,1.630,1,0,146.100,0,0,14,28,0,1,0
27-07 11:07:23,5.965,23.114,69.093,0,0,1591204,10956824,203368,3510096,60920.433,32800.940,0,83.508,0,2.982,4256,2654,1.370,2.060,1.630,1,0,148.128,0,0,14,28,0,1,0
27-07 11:07:24,5.754,24.768,68.051,0,0,1596740,10951284,203368,3510100,61399.783,33539.009,0,60.045,0,3.002,4210,2667,1.370,2.060,1.630,1,0,154.115,0,0,14,28,0,1,0
27-07 11:07:25,6.233,23.186,68.811,0,0,1597388,10950628,203368,3510108,46006.631,24592.450,0,83.770,0,2.992,4153,2559,1.370,2.060,1.630,2,0,147.595,0,0,14,28,0,1,0
27-07 11:07:26,7.753,25.260,65.026,0,0,1598800,10949208,203376,3510108,73283.742,493580.317,0,136.055,0,5.002,4958,3045,1.370,2.060,1.630,3,0,146.059,0,0,14,28,0,1,0
27-07 11:07:27,7.474,27.652,62.280,0,0,1600780,10947216,203376,3510116,63817.145,153765.808,0,350.759,0,34.877,4486,2634,1.340,2.040,1.630,2,0,142.496,0,0,14,28,0,1,0
27-07 11:07:28,7.022,25.579,66.455,0,0,1603536,10944456,203376,3510120,61124.935,32372.061,0,12.037,0,3.009,4241,2633,1.340,2.040,1.630,1,0,153.474,0,0,14,28,0,1,0
27-07 11:07:29,6.244,25.477,65.690,0,0,1609324,10938668,203376,3510120,45869.275,23838.315,0,115.895,0,7.993,4389,2595,1.340,2.040,1.630,1,0,156.857,0,0,14,28,0,1,0
27-07 11:07:30,6.276,25.855,66.772,0,0,1608032,10939956,203376,3510124,61317.560,32562.528,0,24.098,0,6.025,4431,2688,1.340,2.040,1.630,1,0,165.674,0,0,14,28,0,1,0
27-07 11:07:31,5.741,24.710,66.891,0,0,1608488,10939480,203388,3510132,61102.591,32077.812,0,139.773,0,4.992,4288,2630,1.340,2.040,1.630,1,0,146.761,0,0,14,28,0,1,0
27-07 11:07:32,8.261,20.779,69.597,0,0,1610216,10937744,203388,3510136,60900.671,32989.866,0,380.529,0,83.116,3966,2416,1.230,2.010,1.620,1,0,108.150,0,0,14,28,0,1,0
27-07 11:07:33,18.964,32.688,45.913,0,0,1581780,10963176,203388,3513112,45578.939,22860.835,0,0,0,0,7717,10531,1.230,2.010,1.620,1,0,149.717,0,0,14,28,0,1,0
27-07 11:07:34,13.251,34.754,49.505,0,0,1584972,10959600,203460,3513384,61611.491,31445.313,0,1904.201,0,36.004,5261,3214,1.230,2.010,1.620,2,0,198.021,0,0,14,28,0,3,0
27-07 11:07:35,25.967,30.961,41.198,0,0,1636360,10908192,203476,3513384,74275.303,591246.152,0,167.788,0,7.990,5331,3008,1.230,2.010,1.620,5,0,139.824,0,0,14,28,0,3,0
27-07 11:07:36,39.852,33.336,26.568,0,0,1699788,10844740,203492,3513392,45320.403,23885.348,0,172.443,0,10.026,5035,2583,1.230,2.010,1.620,3,0,152.391,0,0,14,28,0,3,0
27-07 11:07:37,37.735,54.479,7.747,0,0,1719240,10825236,203580,3513324,61147.298,32641.348,0,6689.407,0,560.783,5999,3833,1.620,2.080,1.640,7,0,385.850,0,0,14,28,0,5,0
27-07 11:07:38,61.617,37.724,0.754,0.503,0,1787716,10752588,203756,3517096,45715.965,23680.878,583.471,3291.582,23.138,135.808,5584,3845,1.620,2.080,1.640,4,1,212.263,0,0,14,28,0,7,0
27-07 11:07:39,76.931,20.913,0.498,0.249,0,1909368,10624444,205684,3520960,44589.188,22435.012,553.705,7357.505,112.534,446.151,6587,4955,1.620,2.080,1.640,7,0,37.843,0,0,14,30,0,8,0
27-07 11:07:40,63.825,19.147,8.837,3.191,0,1932088,10588688,211316,3527632,28997.944,14392.925,435.971,29783.477,9.819,2388.020,13283,19663,1.620,2.080,1.640,8,0,72.662,0,0,14,32,0,8,0
27-07 11:07:41,54.784,22.933,15.289,4.077,0,1960328,10549656,216600,3532716,15615.811,7570.932,0,47113.455,0,2812.089,13773,20060,1.620,2.080,1.640,3,1,54.020,0,0,14,34,0,8,0
27-07 11:07:42,57.504,19.333,12.393,4.957,0,1968992,10531764,221188,3537032,14728.853,7233.556,0,33641.588,0,2274.366,12572,17923,1.890,2.120,1.660,5,0,69.401,0,0,14,32,0,8,0
27-07 11:07:43,54.374,27.187,10.476,3.741,0,1968252,10524708,225360,3540388,15312.613,7345.026,0,37082.304,0,2306.669,13092,17853,1.890,2.120,1.660,7,0,81.811,0,0,14,32,0,8,0
27-07 11:07:44,62.351,20.539,7.824,3.912,0,2000952,10486492,228852,3542244,14530.061,7474.335,0,34419.891,0,2083.268,12208,16331,1.890,2.120,1.660,6,0,35.210,0,0,14,32,0,8,0
27-07 11:07:45,62.629,20.622,11.202,4.328,0,2012748,10467604,232844,3545120,16282.606,7442.197,0,33695.595,0,2280.115,12948,17981,1.890,2.120,1.660,4,0,61.102,0,0,14,32,0,8,0
27-07 11:07:46,60.745,19.998,11.499,4.250,0,1981680,10492504,236668,3547300,239.980,0,0,38388.759,0,2293.806,12194,17741,1.890,2.120,1.660,4,1,32.997,0,0,14,37,0,8,0
27-07 11:07:47,50.822,18.963,20.733,5.563,0,1938468,10529032,240720,3549752,15930.201,7542.851,0,26348.397,0,2040.959,12741,17243,2.140,2.170,1.680,9,0,71.808,0,0,14,36,0,9,0
27-07 11:07:48,39.330,26.137,23.399,4.978,0,1918904,10541544,244712,3552608,15377.376,7875.877,0,29316.981,0,2078.993,12469,16961,2.140,2.170,1.680,6,1,96.582,0,0,14,36,0,9,0
27-07 11:07:49,62.597,17.457,12.719,4.240,0,1846576,10609568,248116,3553368,44338.598,22305.466,0,27349.135,0,1929.283,11000,14284,2.140,2.170,1.680,3,0,21.946,0,0,14,36,0,9,0
27-07 11:07:50,41.923,29.446,21.211,3.743,0,1869536,10582444,251412,3554132,29478.119,14697.136,0,25181.971,0,1834.647,11973,15394,2.140,2.170,1.680,7,0,119.781,0,0,14,36,0,9,0
27-07 11:07:51,42.353,29.322,20.801,3.759,0,1864684,10583188,254384,3555152,21699.925,439876.832,0,21724.986,0,1669.071,11634,15796,2.140,2.170,1.680,4,0,117.286,0,0,14,37,0,9,0
27-07 11:07:52,39.504,24.002,21.502,8.751,0,1855592,10585404,257308,3558976,18607.766,140715.358,3500.332,22742.159,44.004,1694.161,11871,16190,2.770,2.300,1.720,4,0,66.006,0,0,14,37,0,10,0
27-07 11:07:53,50.190,29.863,14.053,3.011,0,1856156,10581244,259848,3559880,15152.250,7486.286,0,22529.123,0,1694.402,12035,18411,2.770,2.300,1.720,5,0,79.300,0,0,14,37,0,10,0
27-07 11:07:54,53.265,29.729,12.139,1.982,0,1850516,10585152,261228,3560176,15120.227,7828.667,0,18927.536,0,1404.205,10962,16398,2.770,2.300,1.720,4,1,94.142,0,0,14,36,0,10,0
27-07 11:07:55,46.681,34.317,14.635,4.037,0,1821784,10610520,263308,3561340,15628.415,7636.566,1243.491,20765.888,30.280,1657.314,10824,15752,2.770,2.300,1.720,6,0,119.101,0,0,14,36,0,10,0
27-07 11:07:56,45.175,30.200,18.220,2.995,0,1860768,10568912,264944,3562264,842.595,0,794.675,22075.200,12.978,1796.006,11456,15722,2.770,2.300,1.720,3,0,124.792,0,0,14,36,0,10,0
27-07 11:07:57,39.068,15.277,35.812,5.510,0,1861060,10564728,267008,3564000,45418.188,22835.815,0,31018.081,0,2505.368,11910,19430,2.870,2.330,1.740,3,0,27.047,0,0,14,37,0,10,0
27-07 11:07:58,39.393,14.804,35.880,5.018,0,1855068,10566324,269652,3565640,31466.342,15745.215,0,36681.292,0,2824.263,13663,19760,2.870,2.330,1.740,3,0,32.117,0,0,14,37,0,11,0
27-07 11:07:59,39.744,12.498,39.244,4.499,0,1839448,10577808,272132,3567180,30310.195,14803.653,0,22156.488,0,1704.730,11534,15951,2.870,2.330,1.740,3,1,17.997,0,0,14,37,0,12,0
27-07 11:08:00,36.534,16.265,35.033,6.506,0,1791336,10619596,276876,3568604,15414.392,7464.970,0,38620.059,0,2746.564,14471,21003,2.870,2.330,1.740,3,0,39.036,0,0,14,36,0,12,0
27-07 11:08:01,29.559,25.087,33.781,6.210,0,1794324,10609980,281484,3570456,15764.867,7409.994,0,33192.959,0,2491.857,13723,19238,2.870,2.330,1.740,4,0,114.260,0,0,14,36,0,12,0
27-07 11:08:02,40.275,12.758,38.023,4.753,0,1833520,10564648,285796,3572132,15473.560,7462.611,0,16214.018,0,1856.147,12499,17619,2.800,2.330,1.740,6,0,55.034,0,0,14,36,0,12,0
27-07 11:08:03,39.046,14.517,34.290,6.257,0,1843144,10548884,290608,3573308,15864.533,7304.533,0,30723.892,0,2514.938,13149,18764,2.800,2.330,1.740,3,0,24.028,0,0,14,36,0,12,0
27-07 11:08:04,40.347,13.282,36.838,5.012,0,1841312,10545860,294464,3574152,906.172,148.356,0,30284.588,0,2159.175,12672,18171,2.800,2.330,1.740,5,0,20.048,0,0,14,37,0,12,0
27-07 11:08:05,41.016,13.755,36.514,4.752,0,1838732,10542752,298360,3575744,15405.072,7298.877,0,30039.840,0,2111.832,12426,17940,2.800,2.330,1.740,2,1,12.005,0,0,14,37,0,12,0
27-07 11:08:06,40.374,11.215,37.633,4.984,0,1836284,10539980,302320,3576840,845.365,0,0,22446.049,0,1884.128,11890,16735,2.800,2.330,1.740,3,0,23.925,0,0,14,34,0,13,0
27-07 11:08:07,37.843,17.660,42.889,1.009,0,1641632,10733780,303152,3576840,15590.407,7689.747,0,11520.492,0,573.199,4935,4261,2.730,2.320,1.740,2,0,51.467,0,0,14,32,0,13,0
27-07 11:08:08,26.879,27.874,44.051,0,0,1685388,10689912,303232,3576868,1042.303,0,0,1083.119,0,59.731,4713,2689,2.730,2.320,1.740,3,0,145.345,0,0,14,32,0,13,0
27-07 11:08:09,24.253,13.002,61.258,0.250,0,1697848,10677104,303520,3576908,30757.120,29936.010,0,5540.742,0,177.024,3770,3205,2.730,2.320,1.740,1,0,48.006,0,0,14,33,0,13,0
27-07 11:08:10,24.432,5.485,67.810,0,0,1689612,10685320,303520,3576936,44208.165,21892.675,0,4595.128,0,155.564,4707,4750,2.730,2.320,1.740,1,0,1.994,0,0,14,33,0,13,0
27-07 11:08:11,24.062,4.010,70.181,0,0,1689464,10685320,303520,3577084,15953.134,7477.280,0,0,0,0,4243,4603,2.730,2.320,1.740,1,0,0,0,0,14,33,0,13,0
27-07 11:08:12,16.754,11.503,71.017,0,0,1644564,10730208,303520,3577096,29783.087,15243.627,0,4.001,0,1.000,2786,1755,2.590,2.300,1.730,2,0,56.013,0,0,14,32,0,13,0
27-07 11:08:13,19.849,6.784,73.114,0,0,1667732,10707024,303528,3577096,15642.800,7724.418,0,192.960,0,3.015,1767,1225,2.590,2.300,1.730,1,0,2.010,0,0,14,32,0,13,0
27-07 11:08:14,25.378,7.713,64.690,0,0,1700472,10674280,303528,3577884,15087.597,7892.127,0,1970.544,0,325.438,3256,4121,2.590,2.300,1.730,9,0,33.838,0,0,14,32,0,13,0
27-07 11:08:15,31.677,8.730,57.867,0,0,1699668,10675064,303528,3577116,841.068,0,0,1145.369,0,4.989,4101,11674,2.590,2.300,1.730,2,0,1.995,0,0,14,32,0,14,0
27-07 11:08:16,17.533,10.269,70.631,0,0,1659560,10715132,303576,3577124,15432.610,7796.453,0,228.423,0,19.035,2621,2139,2.590,2.300,1.730,3,0,36.067,0,0,14,32,0,13,0
27-07 11:08:17,22.497,5.249,71.491,0.250,0,1687196,10687188,303880,3577124,15337.135,7619.074,0,4083.503,0,205.975,2168,1817,2.470,2.280,1.730,3,0,0,0,0,14,32,0,13,0
27-07 11:08:18,21.873,4.525,72.658,0,0,1699288,10675092,303928,3577080,728.090,0,0,913.130,0,43.243,2066,1606,2.470,2.280,1.730,2,0,0,0,0,14,32,0,13,0
27-07 11:08:19,18.900,8.953,69.882,0,0,1667904,10706344,303996,3577140,15437.646,7727.278,0,692.351,0,43.769,3319,2782,2.470,2.280,1.730,2,0,52.722,0,0,14,32,0,13,0
27-07 11:08:20,18.254,8.752,72.765,0,0,1699520,10674728,304028,3577108,788.162,0,0,592.122,0,32.007,1998,1488,2.470,2.280,1.730,1,0,9.002,0,0,14,32,0,13,0
27-07 11:08:21,23.406,5.034,71.729,0,0,1735488,10638588,304164,3577140,26103.157,443045.954,0,2464.442,0,116.779,2313,1669,2.470,2.280,1.730,1,0,0,0,0,14,32,0,13,0
27-07 11:08:22,22.076,4.713,71.436,0,0,1730296,10643760,304168,3577156,718.324,0,0,39.686,0,2.976,3133,3097,2.350,2.250,1.720,1,0,2.976,0,0,14,33,0,14,0
27-07 11:08:23,19.955,7.234,70.839,0,0,1686768,10687276,304168,3577168,1062.583,0,0,0,0,0,3053,2533,2.350,2.250,1.720,2,0,39.909,0,0,14,32,0,14,0
27-07 11:08:24,19.081,7.783,72.306,0,0,1693752,10680292,304168,3577168,18771.512,140926.934,0,4.017,0,1.004,1969,1456,2.350,2.250,1.720,1,0,4.017,0,0,14,32,0,14,0
27-07 11:08:25,21.706,4.740,72.853,0,0,1731832,10642208,304168,3577172,901.185,41.916,0,7.984,0,0.998,1973,1427,2.350,2.250,1.720,1,0,1.996,0,0,14,33,0,14,0
27-07 11:08:26,22.505,4.501,71.267,0,0,1727120,10646908,304168,3577184,604.143,0,0,4.001,0,1.000,2878,2762,2.350,2.250,1.720,1,0,0,0,0,14,33,0,14,0
27-07 11:08:27,21.733,10.242,65.949,0,0,1682764,10691232,304200,3577184,15609.013,7518.226,0,143.889,0,12.990,3483,2974,2.240,2.230,1.720,1,0,26.979,0,0,14,32,0,14,0
27-07 11:08:28,6.229,24.915,67.022,0,0,1677012,10696928,304220,3577208,944.785,0,0,239.186,0,13.953,4170,2414,2.240,2.230,1.720,2,0,151.485,0,0,14,32,0,14,0
27-07 11:08:29,6.286,25.900,66.383,0.251,0,1666492,10707316,304268,3577292,1093.314,148.860,0,374.161,0,23.134,4600,2889,2.240,2.230,1.720,2,0,166.964,0,0,14,32,0,14,0
27-07 11:08:30,6.731,24.682,66.566,0,0,1655748,10718024,304284,3577312,901.514,0,0,1324.349,0,230.365,4646,2462,2.240,2.230,1.720,1,0,153.577,0,0,14,32,0,14,0
27-07 11:08:31,6.508,26.283,65.832,0,0,1650660,10723084,304296,3577324,32305.311,78247.639,0,100.125,0,5.006,4374,2586,2.240,2.230,1.720,2,0,157.196,0,0,14,32,0,14,0
27-07 11:08:32,23.242,38.736,36.487,0,0,1620420,10753272,304344,3577328,60620.642,31972.735,0,247.913,0,20.993,5441,3309,2.300,2.250,1.730,5,0,208.926,0,0,14,34,0,17,0
27-07 11:08:33,59.767,15.570,23.857,0,0,1704740,10668668,304440,3577508,45771.742,23965.199,0,570.552,0,41.184,4305,2393,2.300,2.250,1.730,3,0,23.103,0,0,14,32,0,21,0
27-07 11:08:34,63.207,12.193,23.392,0,0,1811012,10561608,304480,3578256,59969.937,30783.267,0,290.652,0,11.945,3886,1637,2.300,2.250,1.730,4,0,3.982,0,0,14,32,0,21,0
27-07 11:08:35,64.315,11.467,22.934,0,0,1916676,10453780,304552,3579992,30209.969,14615.893,0,382.897,0,13.960,3949,1738,2.300,2.250,1.730,6,0,0,0,0,14,32,0,21,0
27-07 11:08:36,64.676,11.487,22.724,0,0,2048888,10320472,304584,3580980,29742.043,14803.099,11.986,878.996,1.998,13.984,3799,1416,2.300,2.250,1.730,4,0,0,0,0,14,32,0,21,0
27-07 11:08:37,62.649,11.685,22.623,1.243,0,2065424,10297116,306056,3585844,30888.008,16081.931,791.567,9562.444,6.961,636.436,6156,6186,2.360,2.260,1.740,5,0,31.822,0,0,14,38,0,19,0
27-07 11:08:38,49.000,18.157,24.873,2.736,0,2065768,10283548,311252,3593440,44409.042,21842.372,0,30774.722,0,2500.222,14768,21300,2.360,2.260,1.740,5,0,107.451,0,0,14,38,0,19,0
27-07 11:08:39,35.660,23.267,30.096,4.552,0,2065540,10272740,317400,3597988,30430.615,15239.081,0,56598.253,0,3609.469,17374,24480,2.360,2.260,1.740,2,2,103.185,0,0,14,38,0,19,0
27-07 11:08:40,36.256,17.503,31.755,8.001,0,2065484,10261904,322760,3603216,15222.460,7429.200,0,50672.188,0,3333.539,15515,24059,2.360,2.260,1.740,8,0,113.018,0,0,14,38,0,19,0
27-07 11:08:41,32.194,17.969,36.188,7.487,0,2065676,10252608,328396,3606440,54616.806,458890.582,0,44283.627,0,3031.771,15818,23649,2.360,2.260,1.740,6,0,95.835,0,0,14,38,0,14,0
27-07 11:08:42,39.535,16.514,29.526,7.507,0,2066876,10241268,334144,3610524,47469.630,134129.629,0,49231.175,0,3213.818,15143,22903,2.570,2.300,1.750,5,1,61.054,0,0,14,38,0,14,0
27-07 11:08:43,47.592,22.663,19.137,6.547,0,1956420,10341596,339560,3614924,31255.480,15505.361,0,45011.275,0,2963.283,14499,21156,2.570,2.300,1.750,5,0,107.774,0,0,14,36,0,14,0
27-07 11:08:44,45.377,21.572,21.820,5.455,0,1983316,10304804,344324,3619760,59865.248,32268.398,0,25121.227,0,2162.203,13411,18456,2.570,2.300,1.750,6,0,130.922,0,0,14,36,0,14,0
27-07 11:08:45,47.935,18.070,22.336,6.274,0,2007432,10269788,349636,3625044,45099.214,23139.385,0,39604.990,0,2807.846,12874,20320,2.570,2.300,1.750,3,1,73.283,0,0,14,36,0,14,0
27-07 11:08:46,54.654,16.970,18.218,5.490,0,2040776,10229704,353660,3627552,29603.905,14728.082,0,45963.116,0,2744.171,11835,17659,2.570,2.300,1.750,5,0,10.981,0,0,14,36,0,14,0
27-07 11:08:47,44.726,18.240,25.236,6.496,0,2067260,10191652,358580,3633832,29698.813,15039.803,0,52395.443,0,3027.350,13518,20662,2.840,2.370,1.780,2,0,1.999,0,0,14,36,0,14,0
27-07 11:08:48,45.938,17.134,25.080,6.953,0,2082376,10164716,363780,3640040,30087.719,15292.174,0,47350.514,0,2815.882,13340,20133,2.840,2.370,1.780,4,0,5.960,0,0,14,38,0,14,0
27-07 11:08:49,35.975,24.151,27.170,6.289,0,2059744,10180852,368640,3641492,30203.887,15062.195,0,46410.238,0,3048.062,14726,22151,2.840,2.370,1.780,4,1,97.610,0,0,14,36,0,13,0
27-07 11:08:50,35.345,17.046,36.098,6.518,0,2052892,10181860,372488,3643340,60106.359,30570.577,0,32732.416,0,2662.191,14238,21865,2.840,2.370,1.780,2,0,67.181,0,0,14,36,0,13,0
27-07 11:08:51,35.252,13.902,36.989,6.703,0,2042128,10187908,375644,3644816,30049.369,14877.223,0,42417.265,0,2826.096,13526,19844,2.840,2.370,1.780,3,0,50.643,0,0,14,36,0,13,0
27-07 11:08:52,47.253,4.776,47.253,0.251,0,1792272,10437580,375684,3644920,30159.450,15617.604,0,1282.867,0,68.366,2953,1324,2.780,2.360,1.780,2,0,8.043,0,0,14,32,0,13,0
27-07 11:08:53,7.250,29.748,61.246,0,0,1746024,10483748,375748,3644932,31025.105,22696.614,0,1543.906,0,75.995,4847,3094,2.780,2.360,1.780,2,0,191.988,0,0,14,32,0,12,0
27-07 11:08:54,17.573,14.310,66.026,0.502,0,1744060,10485512,375932,3644944,62286.338,620945.366,0,6181.838,0,287.200,4232,3306,2.780,2.360,1.780,1,0,53.222,0,0,14,32,0,12,0
27-07 11:08:55,21.967,4.743,71.892,0,0,1772968,10456600,375932,3644948,60152.495,30611.942,0,0,0,0,2030,1393,2.780,2.360,1.780,2,0,2.995,0,0,14,32,0,12,0
27-07 11:08:56,22.045,4.509,72.397,0,0,1808752,10420816,375932,3644948,29836.509,14820.056,0,8.016,0,2.004,1766,1194,2.780,2.360,1.780,3,0,0,0,0,14,32,0,12,0
27-07 11:08:57,21.733,4.996,72.195,0,0,1837740,10391824,375932,3644948,30051.934,14580.809,0,175.865,0,38.970,1956,1412,2.630,2.340,1.770,3,0,1.998,0,0,14,32,0,12,0
27-07 11:08:58,24.995,2.499,71.485,0,0,1843700,10385852,375940,3644952,31135.339,17686.216,0,147.968,0,8.998,2346,2031,2.630,2.340,1.770,2,0,2.000,0,0,14,38,0,12,0
27-07 11:08:59,23.636,3.017,72.417,0,0,1698968,10530572,375952,3644952,45042.138,23207.518,0,72.417,0,7.041,1834,1128,2.630,2.340,1.770,3,0,5.029,0,0,14,32,0,12,0
27-07 11:09:00,18.160,8.707,71.895,0,0,1717716,10511788,375976,3644964,44985.647,24361.587,0,115.429,0,12.936,2412,1811,2.630,2.340,1.770,1,0,21.892,0,0,14,32,0,12,0
27-07 11:09:01,20.753,5.751,72.010,0,0,1747484,10482004,375992,3644964,45045.045,23297.126,0,496.067,0,20.003,1968,1366,2.630,2.340,1.770,1,0,3.000,0,0,14,32,0,10,0
27-07 11:09:02,21.874,5.280,72.662,0,0,1782908,10446572,375996,3644964,30251.473,15230.330,0,217.231,0,34.194,1905,1270,2.500,2.310,1.770,2,0,1.006,0,0,14,32,0,10,0
27-07 11:09:03,21.825,4.464,72.170,0,0,1808140,10421340,375996,3644964,29807.644,14957.888,0,0,0,0,1812,1242,2.500,2.310,1.770,3,0,1.984,0,0,14,32,0,10,0
27-07 11:09:04,24.997,2.250,71.742,0.250,0,1809792,10419672,376012,3644964,30544.567,15980.204,0,119.987,0,12.999,2102,1639,2.500,2.310,1.770,1,0,2.000,0,0,14,34,0,10,0
27-07 11:09:05,10.486,24.717,62.666,0,0,1753344,10476088,376036,3644968,69198.720,463985.253,0,643.142,0,37.949,4450,3042,2.500,2.310,1.770,2,0,128.828,0,0,14,32,0,10,0
27-07 11:09:06,11.022,44.838,41.582,0,0,1728028,10501384,376044,3644980,48974.545,146051.917,0,3555.008,0,33.065,5638,3324,2.500,2.310,1.770,2,0,279.551,0,0,14,32,0,10,0
27-07 11:09:07,10.742,45.467,41.719,0,0,1704540,10524856,376044,3644996,61366.966,34027.030,0,15.988,0,3.997,5526,3296,2.540,2.330,1.780,4,0,269.802,0,0,14,32,0,10,0
27-07 11:09:08,10.511,46.047,40.792,0,0,1678400,10550980,376044,3645012,61068.191,37316.002,0,296.302,0,64.065,5683,3340,2.540,2.330,1.780,4,0,275.280,0,0,14,32,0,10,0
27-07 11:09:09,11.261,47.546,39.038,0.250,0,1672580,10556736,376056,3645060,53222.984,31773.033,0,352.344,0,13.013,5569,3405,2.540,2.330,1.780,5,0,288.282,0,0,14,32,0,10,0
27-07 11:09:10,9.983,47.419,38.934,0,0,1665716,10563596,376056,3645064,54982.187,30054.719,0,31.945,0,7.986,5696,3507,2.540,2.330,1.780,2,0,308.474,0,0,14,32,0,9,0
27-07 11:09:11,10.514,48.814,39.552,0,0,1644444,10584860,376056,3645072,61526.886,32334.509,0,1061.395,0,10.013,5747,3539,2.540,2.330,1.780,2,0,308.405,0,0,14,32,0,9,0
27-07 11:09:12,7.504,38.273,51.781,0,0,1634972,10594332,376056,3645072,60916.126,32631.352,0,48.028,0,9.005,5178,3255,2.500,2.320,1.780,1,0,261.155,0,0,14,32,0,9,0
27-07 11:09:13,5.541,19.647,73.800,0,0,1640184,10589096,376056,3645084,49828.585,25723.829,0,419.126,0,94.706,3528,2502,2.500,2.320,1.780,4,0,97.729,0,0,13,12,0,9,20
27-07 11:09:14,7.439,13.391,75.385,1.488,0,1629940,10599144,376076,3645256,68366.026,567623.302,166.640,365.021,10.911,12.895,3353,2806,2.500,2.320,1.780,2,0,62.490,0,0,14,12,0,9,20
27-07 11:09:15,17.025,32.298,48.572,0,0,1639356,10589712,376092,3645240,61149.232,34054.251,0,416.615,0,18.027,5468,13428,2.500,2.320,1.780,1,0,164.242,0,0,14,12,0,10,20
27-07 11:09:16,6.743,22.728,68.183,0,0,1639804,10589252,376092,3645272,45934.946,24897.580,0,587.424,0,87.914,4178,2547,2.500,2.320,1.780,2,0,123.878,0,0,14,12,0,10,20
27-07 11:09:17,7.757,24.023,67.313,0,0,1639480,10589576,376092,3645272,60587.956,31001.143,0,12.011,0,3.003,4261,2612,2.380,2.300,1.770,1,0,118.111,0,0,14,12,0,10,20
27-07 11:09:18,6.986,24.452,66.369,0,0,1642992,10586052,376092,3645284,60979.584,31104.578,0,15.968,0,3.992,4107,2568,2.380,2.300,1.770,1,0,121.760,0,0,14,12,0,9,20
27-07 11:09:19,17.016,22.771,58.553,0,0,1637184,10591860,376092,3645704,45260.336,23221.208,0,16.015,0,4.004,4475,4940,2.380,2.300,1.770,1,0,75.069,0,0,14,12,0,9,20
27-07 11:09:20,17.517,23.023,58.307,0,0,1634328,10594692,376100,3645760,45552.647,23234.773,0,100.098,0,3.003,4269,4980,2.380,2.300,1.770,1,0,65.064,0,0,14,12,0,9,20
27-07 11:09:21,23.657,25.649,49.805,0,0,1655568,10573444,376108,3645284,60543.382,33239.543,0,0,0,0,4582,2836,2.380,2.300,1.770,4,0,100.605,0,0,14,12,0,9,20
27-07 11:09:22,23.046,27.054,47.094,0.501,0,1677732,10550344,376120,3646164,63023.610,595300.472,44.088,0,2.004,0,5267,3216,2.430,2.310,1.780,1,0,148.296,0,0,16,12,0,9,20
27-07 11:09:23,7.264,24.296,66.627,0.250,0,1683820,10544084,376120,3646304,57277.828,31101.092,128.244,8.015,1.002,2.004,4262,2836,2.430,2.310,1.780,1,0,127.242,0,0,16,12,0,9,20
27-07 11:09:24,7.501,25.254,66.011,0,0,1685864,10542036,376120,3646308,61009.997,31869.222,0,1736.285,0,343.056,4783,2856,2.430,2.310,1.780,1,0,121.020,0,0,16,12,0,9,20
27-07 11:09:25,6.731,24.431,67.062,0,0,1689868,10538008,376136,3646712,45682.912,23121.172,0,666.132,0,82.768,4210,2739,2.430,2.310,1.780,1,0,111.687,0,0,16,12,0,9,20
27-07 11:09:26,20.222,22.195,53.268,0.740,0,1680468,10547016,376144,3647076,59250.039,30015.653,351.176,797.050,12.824,5.919,5105,6465,2.430,2.310,1.780,2,1,66.092,0,0,16,12,0,8,20
27-07 11:09:27,20.214,28.047,50.535,1.011,0,1693552,10533244,376172,3647216,45626.182,23068.293,444.709,0,28.300,0,4456,4507,2.390,2.300,1.780,2,0,98.038,0,0,16,12,0,8,20
27-07 11:09:28,27.234,26.735,44.974,0.250,0,1726448,10499980,376176,3647568,52829.649,28707.507,3.998,0,0.999,0,4924,2802,2.390,2.300,1.780,5,0,126.927,0,0,16,12,0,8,20
27-07 11:09:29,8.052,23.401,66.931,0,0,1738528,10487888,376176,3647576,55117.834,31031.774,0,0,0,0,4366,3037,2.390,2.300,1.780,1,0,139.901,0,0,18,12,0,8,20
27-07 11:09:30,8.963,23.653,65.480,0,0,1741752,10484656,376176,3647584,70849.384,465641.421,0,15.934,0,3.984,4616,3006,2.390,2.300,1.780,2,0,113.533,0,0,18,12,0,8,20
27-07 11:09:31,7.279,25.352,65.012,0,0,1743740,10482652,376184,3647592,66850.569,155402.647,0,180.729,0,6.024,4563,3087,2.390,2.300,1.780,2,0,126.510,0,0,18,12,0,8,20
27-07 11:09:32,12.195,27.128,58.984,0,0,1746000,10480388,376184,3648044,45509.858,22994.350,0,71.677,0,3.982,5433,5563,2.280,2.280,1.780,12,0,132.403,0,0,18,12,0,8,20
27-07 11:09:33,18.933,21.176,58.046,0,0,1740420,10485936,376184,3647988,44701.858,23130.688,0,338.809,0,1.993,4473,5050,2.280,2.280,1.780,7,0,61.783,0,0,18,12,0,8,20
27-07 11:09:34,19.542,23.095,57.357,0,0,1754988,10471360,376188,3647604,52400.707,25523.240,0,0,0,0,4032,2935,2.280,2.280,1.780,3,0,57.864,0,0,18,12,0,1,20
27-07 11:09:35,38.377,17.943,41.866,0,0,1849260,10376892,376244,3647736,53258.694,30043.928,0,0,0,0,4071,2482,2.280,2.280,1.780,13,0,52.831,0,0,20,12,0,1,20
27-07 11:09:36,80.289,19.510,0,0,0,2065836,10160172,376248,3647840,31176.278,14743.225,0,256.126,0,4.002,5131,3614,2.280,2.280,1.780,13,0,0,0,0,20,12,0,1,20
27-07 11:09:37,83.506,16.001,0,0,0,2243296,9982288,376248,3648256,30007.325,14821.149,128.010,84.007,1.000,3.000,5086,3543,3.140,2.460,1.840,13,0,33.003,0,0,20,12,0,1,20
27-07 11:09:38,85.408,12.273,2.755,0,0,2348904,9875744,376272,3649052,15248.208,7441.767,0,328.608,0,8.015,5235,3877,3.140,2.460,1.840,4,0,33.061,0,0,20,12,0,1,20
27-07 11:09:39,11.628,20.782,65.067,0,0,2342624,9881828,376412,3649060,30629.646,17815.091,0,5300.390,0,239.487,4752,3731,3.140,2.460,1.840,1,0,109.848,0,0,20,12,0,1,20
27-07 11:09:40,6.525,23.090,68.518,0,0,2338552,9885892,376412,3649068,61429.922,34651.335,0,60.235,0,1.004,4354,3127,3.140,2.460,1.840,2,0,133.521,0,0,20,12,0,1,20
27-07 11:09:41,8.728,24.439,65.338,0,0,2343288,9881140,376412,3649076,54192.240,457947.218,0,11.970,0,2.993,4504,3287,3.140,2.460,1.840,2,0,109.727,0,0,20,12,0,1,20
27-07 11:09:42,8.049,24.900,65.395,0,0,2348068,9876356,376412,3649080,64563.684,163032.004,0,16.097,0,4.024,4391,3023,2.970,2.440,1.830,1,0,112.680,0,0,20,12,0,1,20
27-07 11:09:43,10.356,24.657,61.395,0,0,2353348,9871068,376412,3649480,59817.950,30674.810,0,31.560,0,3.945,5285,5152,2.970,2.440,1.830,2,0,123.283,0,0,20,12,0,1,20
27-07 11:09:44,21.469,21.219,55.420,0,0,2310500,9913800,376416,3649484,45241.842,22517.570,0,2580.284,0,420.395,4735,5312,2.970,2.440,1.830,2,0,65.905,0,0,20,12,0,1,20
27-07 11:09:45,17.667,21.957,59.815,0,0,2312592,9911720,376416,3649096,46426.425,23287.918,0,0,0,0,3884,3520,2.970,2.440,1.830,3,0,50.477,0,0,20,12,0,1,20
27-07 11:09:46,26.198,25.699,46.906,0,0,2329804,9894500,376416,3649104,60764.407,34167.629,0,0,0,0,4895,3112,2.970,2.440,1.830,4,0,122.754,0,0,20,12,0,1,20
27-07 11:09:47,18.570,6.274,73.777,0,0,2365492,9858364,376416,3649492,45268.997,23285.443,0,4.015,0,1.004,2277,2147,2.810,2.410,1.830,2,0,6.023,0,0,21,12,0,1,20
27-07 11:09:48,11.813,17.342,69.872,0,0,2356552,9867296,376416,3649500,61610.238,33269.247,0,4.021,0,1.005,3923,3062,2.810,2.410,1.830,1,0,86.461,0,0,21,12,0,2,20
27-07 11:09:49,20.658,6.969,70.188,0,0,2385220,9838628,376416,3649500,44672.520,22633.439,0,3.982,0,0.996,2343,2075,2.810,2.410,1.830,1,0,1.991,0,0,21,12,0,2,20
27-07 11:09:50,22.689,5.236,71.558,0,0,2417816,9806024,376420,3649500,29999.648,15089.584,0,131.647,0,1.995,2141,1814,2.810,2.410,1.830,1,0,0,0,0,21,13,0,2,20
27-07 11:09:51,23.407,5.727,68.229,0,0,2413432,9810384,376440,3649504,25772.618,442189.403,0,99.604,0,11.953,3478,3494,2.810,2.410,1.830,1,0,0,0,0,21,17,0,3,10
27-07 11:09:52,22.913,7.302,68.236,0.252,0,2417308,9806160,376508,3649784,18193.492,131439.517,0,1478.523,0,121.867,4275,4775,2.590,2.370,1.820,3,0,4.029,0,0,21,14,0,7,0
27-07 11:09:53,14.740,15.989,67.702,0,0,2375720,9847748,376508,3649784,15274.141,7290.817,0,3.997,0,0.999,3660,2730,2.590,2.370,1.820,1,0,90.935,0,0,21,14,0,7,0
27-07 11:09:54,6.249,25.994,64.735,0,0,2374212,9849240,376508,3649800,46521.350,30167.094,0,3.999,0,1.000,4763,3293,2.590,2.370,1.820,3,0,155.964,0,0,21,14,0,7,0
27-07 11:09:55,7.255,24.768,66.799,0,0,2374504,9848940,376508,3649808,61413.740,32931.991,0,512.373,0,107.078,4716,3375,2.590,2.370,1.820,1,0,137.100,0,0,21,14,0,7,0
27-07 11:09:56,7.998,22.493,67.480,0,0,2370884,9852552,376508,3649816,60928.225,33814.135,0,3.999,0,1.000,4557,3269,2.590,2.370,1.820,1,0,129.962,0,0,21,14,0,7,0
27-07 11:09:57,7.735,24.202,66.619,0,0,2375668,9847752,376508,3649832,46133.124,24505.727,0,7.984,0,1.996,4574,3307,2.460,2.350,1.810,2,0,119.764,0,0,21,14,0,7,0
27-07 11:09:58,7.998,24.745,64.737,0,0,2378784,9844624,376516,3649836,60721.572,30837.688,0,139.971,0,4.999,4694,3404,2.460,2.350,1.810,2,0,129.973,0,0,21,14,0,7,0
27-07 11:09:59,7.265,24.302,66.141,0,0,2370956,9852448,376516,3649840,64219.775,34976.493,0,12.026,0,3.006,4583,3364,2.460,2.350,1.810,1,0,119.254,0,0,21,14,0,7,0
27-07 11:10:00,7.485,24.200,66.862,0,0,2371044,9852356,376516,3649844,44991.473,23200.288,0,19.959,0,3.992,4450,3228,2.460,2.350,1.810,2,0,116.760,0,0,21,14,0,7,0
27-07 11:10:01,16.536,26.808,54.368,0,0,2366292,9857092,376516,3650260,70444.901,577711.927,0,8.017,0,2.004,5574,6512,2.460,2.350,1.810,2,0,101.220,0,0,21,14,0,7,0
27-07 11:10:02,19.988,22.237,55.716,0,0,2366824,9856492,376536,3650256,44529.081,22586.346,0,255.845,0,10.993,4941,6052,2.420,2.340,1.810,2,0,69.958,0,0,21,14,0,7,0
27-07 11:10:03,31.736,21.740,45.480,0,0,2409828,9813468,376544,3650252,45363.108,23635.635,0,3.998,0,1.000,4537,3397,2.420,2.340,1.810,4,0,67.970,0,0,21,14,0,7,0
27-07 11:10:04,44.999,22.000,31.749,0,0,2474356,9748796,376544,3650416,60286.693,32299.300,0,0,0,0,4638,2806,2.420,2.340,1.810,3,0,65.999,0,0,21,15,0,7,0
27-07 11:10:05,44.536,9.007,45.037,0,0,2537596,9685544,376544,3650428,29735.354,14884.191,0,2734.239,0,461.378,3732,2026,2.420,2.340,1.810,2,0,1.001,0,0,21,15,0,7,0
27-07 11:10:06,53.757,5.724,38.824,0.249,0,2573856,9649032,376580,3650640,30059.947,14526.253,87.604,306.612,0.995,14.932,4353,3307,2.420,2.340,1.810,3,0,12.941,0,0,21,29,0,7,0
27-07 11:10:07,46.143,7.774,45.139,0,0,2604136,9618300,376604,3651064,30316.631,14998.322,0,818.528,0,23.071,3791,2744,2.550,2.370,1.830,2,0,8.025,0,0,21,31,0,7,0
27-07 11:10:08,49.562,13.016,36.045,0,0,2620112,9598832,376628,3654112,14814.457,7305.101,0,384.479,0,12.015,5129,6628,2.550,2.370,1.830,4,0,14.017,0,0,21,30,0,7,0
27-07 11:10:09,10.478,25.697,61.373,0,0,2641560,9577280,376628,3654164,15536.883,10190.934,0,1600.691,0,6.986,4557,3331,2.550,2.370,1.830,2,0,132.726,0,0,21,30,0,7,0
27-07 11:10:10,6.766,24.058,66.409,0.501,0,2638912,9579744,376660,3654308,45661.518,24649.120,16.038,461.106,4.010,15.036,4409,3440,2.550,2.370,1.830,2,0,129.310,0,0,21,30,0,7,0
27-07 11:10:11,14.482,27.465,55.929,0,0,2646984,9571592,376660,3654788,60380.689,31486.207,0,0,0,0,5499,5934,2.550,2.370,1.830,2,0,136.827,0,0,21,30,0,7,0
27-07 11:10:12,19.919,22.692,56.730,0,0,2643448,9575096,376660,3654808,44920.034,22530.614,0,4.034,0,1.009,4824,5671,2.900,2.450,1.850,1,0,70.597,0,0,21,30,0,7,0
27-07 11:10:13,14.952,12.709,64.792,4.236,0,2640416,9574724,376680,3657656,58616.384,588532.219,3321.313,673.832,64.792,4.984,4293,3942,2.900,2.450,1.850,3,0,45.852,0,0,21,30,0,7,0
27-07 11:10:14,17.397,19.883,56.665,2.237,0,2645140,9565068,376680,3663020,44618.462,22741.677,4879.181,894.715,48.712,3.977,5084,5929,2.900,2.450,1.850,1,0,82.513,0,0,22,30,0,7,0
27-07 11:10:15,18.716,24.955,53.903,0,0,2641516,9568696,376688,3663004,45161.151,22609.524,0,199.643,0,2.995,5308,6496,2.900,2.450,1.850,2,0,82.852,0,0,22,30,0,7,0
27-07 11:10:16,40.633,22.934,32.157,2.742,0,2670864,9537512,376700,3664340,44869.578,23414.463,1770.892,135.609,22.934,11.965,5802,13342,2.900,2.450,1.850,3,0,80.767,0,0,22,40,0,8,0
27-07 11:10:17,19.537,25.297,51.847,0.751,0,2702600,9505184,376732,3664832,60400.360,31493.107,460.865,156.293,23.043,15.028,4850,3879,2.750,2.420,1.850,2,0,109.205,0,0,22,46,0,8,0
27-07 11:10:18,7.783,22.344,68.035,0,0,2709888,9497880,376732,3664840,61520.668,33446.083,0,4.017,0,1.004,4539,3442,2.750,2.420,1.850,1,0,111.467,0,0,22,46,0,8,0
27-07 11:10:19,14.994,26.240,56.979,0,0,2707768,9499964,376732,3665328,45246.345,23793.242,0,19.993,0,3.999,5476,6117,2.750,2.420,1.850,1,0,125.954,0,0,22,46,0,7,0
27-07 11:10:20,19.995,21.245,55.986,0,0,2681944,9525752,376732,3665260,44604.555,22706.174,0,4754.780,0,235.939,5445,5971,2.750,2.420,1.850,1,0,69.982,0,0,22,46,0,7,0
27-07 11:10:21,10.560,21.372,61.351,4.526,0,2687132,9518904,376768,3666380,60207.651,30906.923,1468.406,301.727,32.184,12.069,3570,3446,2.750,2.420,1.850,0,0,123.708,0,0,22,46,0,7,0
27-07 11:10:22,5.713,11.922,80.226,0,0,2685096,9520940,376768,3666380,55206.744,464598.226,0,3.974,0,0.994,3246,2827,2.610,2.400,1.840,1,0,70.540,0,0,22,46,0,8,0
27-07 11:10:23,12.269,19.279,64.097,2.504,0,2689504,9514784,376768,3668592,64128.358,156788.032,1726.621,476.724,20.030,68.103,5359,5596,2.610,2.400,1.840,2,0,84.128,0,0,24,46,0,8,0
27-07 11:10:24,18.728,24.222,55.685,0,0,2695868,9508328,376768,3668504,44803.915,22248.136,0,7.991,0,0.999,4954,5798,2.610,2.400,1.840,2,0,94.890,0,0,24,46,0,8,0
27-07 11:10:25,16.013,22.268,59.298,0,0,2687700,9516472,376768,3668132,45137.757,24069.601,4.003,3406.774,1.001,635.518,5041,4244,2.610,2.400,1.840,3,0,78.064,0,0,24,46,0,8,0
27-07 11:10:26,7.741,28.465,58.179,3.745,0,2686784,9515492,376772,3670004,60328.395,29410.118,1865.724,215.737,21.973,8.989,4629,3351,2.610,2.400,1.840,3,0,127.844,0,0,24,48,0,8,0
27-07 11:10:27,8.247,27.239,61.726,0,0,2692052,9510220,376772,3670008,46241.055,26713.633,0,0,0,0,4697,3357,2.480,2.380,1.840,1,0,139.946,0,0,24,48,0,8,0
27-07 11:10:28,6.993,23.477,67.435,0,0,2695348,9506916,376772,3670016,61289.122,34450.905,0,3.996,0,0.999,4540,3377,2.480,2.380,1.840,1,0,128.876,0,0,24,48,0,8,0
27-07 11:10:29,8.771,23.808,65.659,0,0,2695860,9506396,376772,3670024,60854.801,31338.112,0,20.049,0,5.012,4509,3319,2.480,2.380,1.840,1,0,116.282,0,0,24,48,0,8,0
27-07 11:10:30,8.000,24.751,65.004,0,0,2693980,9508272,376772,3670028,45779.760,23665.427,0,16.001,0,4.000,4475,3236,2.480,2.380,1.840,2,0,115.007,0,0,24,48,0,8,0
27-07 11:10:31,15.736,29.474,52.953,0,0,2694460,9507772,376772,3670496,73428.213,597390.914,0,111.901,0,4.996,6309,6703,2.480,2.380,1.840,1,0,132.883,0,0,24,48,0,8,0
27-07 11:10:32,20.003,23.754,55.009,0,0,2696428,9505804,376772,3670508,44847.698,23622.054,0,4.001,0,1.000,5161,5740,2.520,2.390,1.850,1,0,72.012,0,0,24,48,0,8,0
27-07 11:10:33,21.246,19.497,57.240,0,0,2717240,9484908,376772,3670044,45253.265,23657.956,0,43.992,0,2.000,4383,3407,2.520,2.390,1.850,3,0,62.989,0,0,24,48,0,8,0
27-07 11:10:34,24.943,31.179,42.652,0,0,2754884,9447256,376780,3670040,63025.749,35237.350,0,47.890,0,1.995,5295,3460,2.520,2.390,1.850,3,0,143.671,0,0,24,48,0,8,0
27-07 11:10:35,28.619,26.862,42.427,0,0,2786604,9415512,376780,3670064,61535.758,32266.632,0,72.302,0,3.013,5119,3308,2.520,2.390,1.850,2,0,135.566,0,0,24,48,0,8,0
27-07 11:10:36,25.721,29.967,41.953,0,0,2830980,9371024,376824,3670128,45800.871,24500.649,0,455.492,0,6.992,5287,3437,2.520,2.390,1.850,2,0,145.837,0,0,24,48,0,8,0
27-07 11:10:37,29.364,29.364,39.069,0.498,0,2850832,9349636,376856,3671516,61005.073,32969.097,11.945,3.982,1.991,0.995,5921,5252,2.560,2.400,1.850,3,0,139.354,0,0,24,52,0,10,0
27-07 11:10:38,26.015,30.768,41.024,0,0,2887052,9313388,376868,3671524,65899.018,33639.918,8.005,12.007,2.001,3.002,5294,3421,2.560,2.400,1.850,3,0,154.091,0,0,24,52,0,10,0
27-07 11:10:39,36.596,35.343,26.821,0,0,2987780,9212644,376868,3671532,56108.830,459163.757,0,669.765,0,8.021,5639,3592,2.560,2.400,1.850,3,0,141.372,0,0,24,52,0,10,0
27-07 11:10:40,28.033,26.781,43.050,0.250,0,3026320,9174080,376876,3671540,62220.829,146621.619,0,456.534,0,6.007,5341,3521,2.560,2.400,1.850,3,0,125.146,0,0,24,52,0,10,0
27-07 11:10:41,31.182,25.445,41.909,0,0,3009844,9190340,376880,3671752,52405.422,27508.381,3.991,15.965,0.998,3.991,5047,3278,2.560,2.400,1.850,3,0,107.766,0,0,24,52,0,10,0
27-07 11:10:42,11.996,24.992,60.481,0,0,3015080,9185056,376880,3671780,54173.415,27699.520,0,15.995,0,3.999,4681,3483,2.440,2.370,1.850,1,0,117.964,0,0,24,52,0,10,0
27-07 11:10:43,9.023,22.307,65.418,0,0,3017840,9182296,376880,3671780,60508.660,31136.098,0,56.144,0,5.013,4435,3303,2.440,2.370,1.850,1,0,106.273,0,0,24,52,0,10,0
27-07 11:10:44,8.504,24.262,64.532,0,0,3016132,9183996,376880,3671788,45634.401,23801.684,0,416.204,0,6.003,4515,3341,2.440,2.370,1.850,1,0,120.059,0,0,24,52,0,10,0
27-07 11:10:45,17.736,22.732,57.455,0,0,3004536,9195564,376888,3671892,59364.139,29972.340,0,159.874,0,2.998,4611,5946,2.440,2.370,1.850,0,0,74.941,0,0,24,52,0,10,0
27-07 11:10:46,19.724,23.969,54.679,0,0,2992284,9207804,376888,3671800,44779.700,22454.766,0,0,0,0,5080,6306,2.440,2.370,1.850,2,0,74.902,0,0,24,52,0,10,0
27-07 11:10:47,36.433,30.943,30.693,0,0,3026664,9173388,376888,3672260,45972.836,24223.127,0,3.993,0,0.998,5154,3422,2.400,2.370,1.850,3,0,91.830,0,0,24,52,0,10,0
27-07 11:10:48,48.667,30.044,19.367,0,0,3113684,9086340,376896,3672284,73565.910,588688.180,0,7.946,0,0.993,5756,3391,2.400,2.370,1.850,5,0,106.272,0,0,24,52,0,9,0
27-07 11:10:49,54.478,27.239,17.655,0,0,3143424,9056164,376904,3672700,61758.932,34379.680,0,177.558,0,5.044,5662,3865,2.400,2.370,1.850,3,0,130.142,0,0,24,52,0,9,0
27-07 11:10:50,50.090,29.052,19.285,0,0,3189544,9009688,376924,3673000,49001.820,25475.657,0,256.460,0,9.016,5329,3327,2.400,2.370,1.850,3,0,102.183,0,0,24,52,0,9,0
27-07 11:10:51,49.775,29.717,18.078,0,0,3222340,8975376,376980,3674404,59782.864,31006.300,0,1525.452,0,204.054,5803,3508,2.400,2.370,1.850,7,0,113.914,0,0,24,52,0,9,0
27-07 11:10:52,40.531,35.496,16.615,6.797,0,3258376,8936408,378088,3676172,45338.556,23209.023,1035.182,737.114,135.943,37.258,6746,6836,2.530,2.390,1.860,4,0,126.880,0,0,24,52,0,9,0
27-07 11:10:53,62.161,22.057,14.287,0,0,3294596,8899700,378088,3676472,44790.863,23250.143,0,0,0,0,5858,5949,2.530,2.390,1.860,5,0,78.202,0,0,24,56,0,9,0
27-07 11:10:54,51.027,27.000,19.569,0.495,0,3339272,8852328,379600,3677128,59873.894,31242.345,0,6955.514,0,776.798,8889,10388,2.530,2.390,1.860,3,0,46.568,0,0,24,56,0,9,0
27-07 11:10:55,42.974,31.481,20.488,1.499,0,3374992,8804768,381556,3686684,45583.480,25076.860,0,17277.569,0,1017.386,9922,12473,2.530,2.390,1.860,4,0,99.940,0,0,24,56,0,9,0
27-07 11:10:56,48.672,25.329,20.114,0.745,0,3403144,8773708,383252,3687816,68990.731,464890.806,0,13024.166,0,1506.838,11088,11785,2.530,2.390,1.860,4,0,93.370,0,0,24,56,0,5,0
27-07 11:10:57,49.902,28.732,15.626,2.772,0,3422476,8748512,385188,3691620,49006.992,139730.213,0,9794.946,0,1084.743,10086,12677,2.970,2.490,1.890,9,0,97.788,0,0,24,56,0,5,0
27-07 11:10:58,49.113,28.065,18.041,1.503,0,3446480,8721812,386684,3692752,59843.595,30736.671,0,6386.685,0,827.904,9497,11470,2.970,2.490,1.890,6,0,90.207,0,0,24,56,0,5,0
27-07 11:10:59,51.844,30.452,13.590,0.755,0,3486284,8678020,387484,3695848,45504.589,24019.191,0,5705.816,0,434.882,7615,8154,2.970,2.490,1.890,8,0,105.701,0,0,24,58,0,5,0
27-07 11:11:00,65.646,29.703,2.995,0,0,3506888,8655820,387528,3697500,60741.008,31472.263,527.167,1401.785,6.989,46.926,7593,8332,2.970,2.490,1.890,6,0,142.774,0,0,24,63,0,8,0
27-07 11:11:01,46.796,29.029,21.521,0.250,0,3547424,8614472,387620,3698316,44962.396,23258.966,0,988.977,0,54.053,6959,8793,2.970,2.490,1.890,3,0,88.087,0,0,24,66,0,13,0
27-07 11:11:02,45.960,35.220,15.736,0.250,0,3579676,8580108,387668,3699888,46027.307,23575.669,3.997,819.293,0.999,26.977,7174,9743,3.130,2.530,1.910,5,0,104.910,0,0,24,78,0,20,0
27-07 11:11:03,24.699,29.439,43.161,0,0,3631912,8527700,387712,3700008,60701.868,35265.304,0,702.552,0,36.924,5463,4017,3.130,2.530,1.910,4,0,135.720,0,0,24,78,0,20,0
27-07 11:11:04,28.736,27.486,41.729,0.250,0,3663032,8496256,387984,3700020,56226.170,28595.846,0,5149.451,0,243.879,5632,4341,3.130,2.530,1.910,3,0,124.938,0,0,24,78,0,20,0
27-07 11:11:05,27.129,29.369,41.813,0,0,3699004,8460276,387984,3700028,59826.576,469501.333,0,23.893,0,5.973,5324,3580,3.130,2.530,1.910,2,0,118.470,0,0,24,78,0,20,0
27-07 11:11:06,32.195,27.668,39.238,0,0,3737548,8421572,387984,3700188,63184.441,150988.287,0,20.122,0,5.031,5218,3671,3.130,2.530,1.910,4,0,115.702,0,0,24,80,0,20,0
27-07 11:11:07,42.398,26.187,29.180,0,0,3769788,8389064,387984,3700900,45118.149,22320.151,0,11.971,0,2.993,6445,6921,3.280,2.570,1.930,4,0,99.759,0,0,24,80,0,20,0
27-07 11:11:08,25.110,28.877,44.697,0,0,3742920,8414900,387988,3701904,45259.145,23192.047,0,12.053,0,3.013,6823,9278,3.280,2.570,1.930,1,0,89.393,0,0,24,78,0,23,0
27-07 11:11:09,24.900,27.888,45.069,0,0,3788032,8369712,387992,3701452,60165.764,31756.671,0,135.457,0,1.992,4887,3758,3.280,2.570,1.930,2,0,83.665,0,0,24,78,0,23,0
27-07 11:11:10,25.481,26.980,44.717,0,0,3822704,8335016,387996,3701468,45851.419,25777.121,0,51.962,0,2.998,5070,3343,3.280,2.570,1.930,4,0,119.912,0,0,24,78,0,24,0
27-07 11:11:11,36.668,27.878,33.654,0,0,3835484,8322204,388068,3701420,60974.766,33501.713,0,2210.141,0,39.180,5601,4097,3.280,2.570,1.930,4,0,131.604,0,0,24,84,0,24,0
27-07 11:11:12,26.383,27.129,43.805,0,0,3861452,8296028,388076,3701620,60714.034,34405.018,0,322.566,0,19.911,5244,3561,3.180,2.560,1.930,4,0,132.411,0,0,24,84,0,24,0
27-07 11:11:13,29.365,26.102,43.420,0,0,3887724,8269708,388076,3701664,45771.085,23429.672,0,20.079,0,5.020,5115,3592,3.180,2.560,1.930,4,0,112.440,0,0,24,86,0,24,0
27-07 11:11:14,30.996,30.500,35.460,0,0,3908320,8248184,388076,3702572,71218.752,581156.605,0,1721.898,0,8.927,6302,6222,3.180,2.560,1.930,5,0,118.033,0,0,24,84,0,25,0
27-07 11:11:15,18.125,28.195,52.110,0,0,3932148,8223532,388096,3703388,61755.197,32102.069,0,374.591,0,15.104,5872,5799,3.180,2.560,1.930,1,0,140.975,0,0,24,88,0,27,0
27-07 11:11:16,26.470,32.408,38.345,0,0,3961224,8194344,388172,3703800,46144.607,26957.269,0,609.562,0,44.530,6455,20344,3.180,2.560,1.930,4,0,150.411,0,0,24,91,0,28,0
27-07 11:11:17,40.344,27.314,30.822,0,0,3970740,8184764,388200,3703908,45182.620,22833.376,0,4698.984,0,735.720,8675,10068,3.080,2.550,1.930,9,0,79.185,0,0,24,92,0,27,0
27-07 11:11:18,36.457,21.623,40.982,0,0,3975220,8180240,388236,3703436,45702.183,23928.703,0,301.711,0,17.097,4915,4500,3.080,2.550,1.930,1,0,79.451,0,0,24,94,0,27,0
27-07 11:11:19,48.400,27.585,23.322,0,0,4060052,8095320,388288,3703912,61063.856,33094.353,0,874.705,0,43.133,5535,3633,3.080,2.550,1.930,2,0,123.382,0,0,24,97,0,27,0
27-07 11:11:20,41.715,11.740,45.961,0,0,4120748,8034588,388304,3703928,45362.985,22676.996,0,223.812,0,7.993,3393,2317,3.080,2.550,1.930,2,0,0,0,0,24,97,0,27,0
27-07 11:11:21,24.139,16.424,56.738,0,0,4134280,8020180,388396,3704612,50896.113,25269.381,0,1051.149,0,73.660,5155,4680,3.080,2.550,1.930,5,0,90.582,0,0,24,100,0,28,0
27-07 11:11:22,8.053,25.922,65.182,0.252,0,4137956,8016432,388460,3704620,55304.898,32076.800,0,13268.021,0,1070.099,6642,3902,2.920,2.530,1.920,1,0,137.915,0,0,24,100,0,29,0
27-07 11:11:23,7.489,23.715,66.402,0,0,4134056,8020304,388480,3704628,73822.109,601854.240,0,139.794,0,8.987,5008,3663,2.920,2.530,1.920,2,0,131.806,0,0,24,100,0,29,0
27-07 11:11:24,9.243,23.233,65.201,0,0,4133208,8021140,388488,3704628,60530.640,33912.587,0,1742.694,0,197.852,4873,3446,2.920,2.530,1.920,1,0,125.906,0,0,24,102,0,29,0
27-07 11:11:25,13.769,29.041,55.828,0,0,4202684,7951648,388492,3704640,45734.896,24980.901,0,88.123,0,4.006,5053,3684,2.920,2.530,1.920,4,0,138.193,0,0,24,104,0,28,0
27-07 11:11:26,15.490,23.985,58.213,0,0,4210240,7944052,388536,3704652,60597.173,33454.564,0,971.378,0,21.986,5298,4163,2.920,2.530,1.920,1,0,127.918,0,0,24,104,0,28,0
27-07 11:11:27,8.262,27.038,63.089,0,0,4206372,7947840,388568,3704668,61510.436,33849.566,0,204.287,0,15.021,4878,3641,2.840,2.520,1.920,2,0,139.196,0,0,24,104,0,28,0
27-07 11:11:28,8.999,22.248,66.995,0,0,4200152,7954024,388600,3704660,60747.170,33945.301,0,183.985,0,17.999,4424,3451,2.840,2.520,1.920,1,0,118.991,0,0,24,104,0,28,0
27-07 11:11:29,31.200,8.237,59.405,0,0,4248104,7906056,388600,3704680,45146.966,22771.667,0,0,0,0,3043,2560,2.840,2.520,1.920,3,0,2.995,0,0,24,106,0,28,0
27-07 11:11:30,39.046,7.008,52.812,0,0,4278816,7875312,388620,3704688,31143.361,16782.594,0,104.122,0,13.015,3903,3468,2.840,2.520,1.920,1,0,1.001,0,0,24,110,0,28,0
27-07 11:11:31,27.511,7.253,63.526,0,0,4281704,7872328,388676,3704712,15423.273,7461.035,0,440.179,0,50.020,4407,5210,2.840,2.520,1.920,1,0,4.002,0,0,24,115,0,28,0
27-07 11:11:32,17.239,11.493,69.457,0,0,4243836,7910172,388684,3704724,15173.587,7615.276,0,151.906,0,7.995,3199,2635,2.690,2.490,1.920,1,0,62.961,0,0,24,114,0,28,0
27-07 11:11:33,21.978,8.242,68.681,0,0,4283740,7870256,388692,3704728,57385.363,581020.432,0,167.831,0,7.992,2844,2700,2.690,2.490,1.920,2,0,1.998,0,0,24,114,0,28,0
27-07 11:11:34,23.784,5.508,69.849,0,0,4313804,7840004,388740,3704864,29694.078,14678.801,0,452.641,0,30.043,3113,3207,2.690,2.490,1.920,1,0,2.003,0,0,24,115,0,28,0
27-07 11:11:35,34.026,9.438,53.896,0,0,4311640,7842060,388780,3704924,29916.259,14905.972,0,341.752,0,25.830,5335,5209,2.690,2.490,1.920,4,0,5.961,0,0,24,118,0,29,0
27-07 11:11:36,25.617,7.102,66.707,0,0,4312648,7840616,388852,3705288,15072.181,7566.527,0,344.948,0,33.480,3834,4574,2.690,2.490,1.920,2,0,2.029,0,0,24,117,0,29,0
27-07 11:11:37,23.792,9.418,63.942,0,0,4308436,7844268,389124,3705524,15073.404,7714.648,0,1312.541,0,146.719,4976,6652,2.880,2.530,1.930,2,0,5.948,0,0,24,118,0,29,0
27-07 11:11:38,21.730,8.992,67.187,0.250,0,4311764,7840688,389296,3705600,15081.864,7451.016,0,1086.981,0,104.902,4237,5494,2.880,2.530,1.930,2,0,0,0,0,24,118,0,29,0
27-07 11:11:39,39.932,12.229,45.423,0,0,4365724,7786552,389448,3705620,16098.780,7607.138,0,1074.184,0,97.835,5846,6590,2.880,2.530,1.930,3,0,3.993,0,0,24,122,0,30,0
27-07 11:11:40,23.766,11.257,63.541,0,0,4307392,7844796,389524,3705628,702.459,190.124,0,892.583,0,60.039,3864,3593,2.880,2.530,1.930,2,0,46.030,0,0,24,121,0,30,0
27-07 11:11:41,16.433,16.184,64.239,0,0,4302268,7849872,389548,3705648,46410.281,25750.291,0,442.202,0,22.907,3922,3219,2.880,2.530,1.930,1,0,66.729,0,0,24,121,0,28,0
27-07 11:11:42,22.956,6.238,69.616,0,0,4309464,7842488,389600,3705780,29801.535,15210.670,0,491.053,0,34.933,2662,2566,2.730,2.510,1.930,2,0,0,0,0,24,121,0,28,0
27-07 11:11:43,22.439,6.807,70.341,0,0,4332592,7819332,389620,3705788,30247.332,15272.417,0,334.815,0,19.161,3043,3017,2.730,2.510,1.930,4,0,3.025,0,0,24,121,0,28,0
27-07 11:11:44,22.257,6.002,69.522,0,0,4332980,7818868,389680,3705800,29481.387,14728.690,0,596.190,0,36.011,3766,4145,2.730,2.510,1.930,1,0,0,0,0,24,122,0,28,0
27-07 11:11:45,22.242,7.247,69.226,0.250,0,4332964,7818868,389832,3705664,15965.445,7573.365,0,623.783,0,66.977,3653,4391,2.730,2.510,1.930,1,0,1.000,0,0,24,123,0,28,0
27-07 11:11:46,24.347,8.447,64.843,0,0,4332572,7818868,390056,3705824,15028.783,7316.135,0,1554.256,0,104.346,4194,4901,2.730,2.510,1.930,2,0,2.981,0,0,24,125,0,28,0
27-07 11:11:47,35.526,12.259,49.787,0.250,0,4298016,7852944,390332,3705984,686.503,0,0,3122.290,0,221.162,4821,4709,2.670,2.500,1.930,3,0,18.013,0,0,24,124,0,29,0
27-07 11:11:48,31.656,24.370,43.212,0,0,4366728,7784176,390380,3705992,45514.593,24044.118,0,1109.450,0,58.286,4468,3282,2.670,2.500,1.930,5,0,81.400,0,0,24,124,0,29,0
27-07 11:11:49,42.248,10.249,45.748,0,0,4407540,7743352,390392,3705992,44384.588,21886.810,0,315.983,0,14.999,3436,2277,2.670,2.500,1.930,3,0,2.000,0,0,24,124,0,29,0
27-07 11:11:50,33.478,8.994,56.962,0.250,0,4443792,7707064,390444,3705976,14965.973,7439.016,0,1566.950,0,83.944,3749,3492,2.670,2.500,1.930,1,0,0,0,0,24,124,0,29,0
27-07 11:11:51,22.766,5.754,68.298,0,0,4443964,7706824,390468,3706020,29731.849,14602.240,0,464.326,0,31.022,3555,3751,2.670,2.500,1.930,1,0,0,0,0,24,124,0,29,0
27-07 11:11:52,20.479,14.235,63.684,0,0,4390736,7760028,390472,3706040,17817.562,13169.372,0,3959.902,0,612.366,4177,2915,2.620,2.490,1.930,1,0,54.943,0,0,24,124,0,30,0
27-07 11:11:53,22.948,7.234,68.845,0,0,4405152,7745612,390472,3706040,58133.804,598644.984,0,35.919,0,1.995,2904,2450,2.620,2.490,1.930,1,0,3.991,0,0,24,124,0,29,0
27-07 11:11:54,22.826,5.769,69.985,0,0,4429584,7721168,390480,3706040,29838.987,14773.504,0,164.551,0,5.017,2853,2823,2.620,2.490,1.930,1,0,0,0,0,24,124,0,29,0
27-07 11:11:55,24.147,5.477,68.707,0,0,4430196,7720412,390480,3706180,15251.980,7639.433,0,75.677,0,3.983,3304,3462,2.620,2.490,1.930,1,0,0,0,0,24,124,0,29,0
27-07 11:11:56,17.291,12.279,68.412,0,0,4392852,7757728,390480,3706192,30077.164,18914.753,0,0,0,0,3220,2593,2.620,2.490,1.930,2,0,53.126,0,0,24,124,0,29,0
27-07 11:11:57,22.499,7.000,69.497,0,0,4424080,7726480,390500,3706192,44265.079,21887.050,0,155.993,0,11.999,2557,2298,2.490,2.470,1.920,1,0,0,0,0,24,124,0,29,0
27-07 11:11:58,24.327,4.468,69.010,0,0,4459104,7691452,390500,3706196,29663.394,14685.733,0,0,0,0,2778,2615,2.490,2.470,1.920,1,0,0,0,0,24,125,0,29,0
27-07 11:11:59,23.658,6.544,69.716,0,0,4459100,7691452,390500,3706200,15257.040,7345.125,0,24.162,0,2.013,3100,3204,2.490,2.470,1.920,1,0,2.013,0,0,24,126,0,29,0
27-07 11:12:00,23.989,8.246,64.970,0,0,4458256,7692132,390616,3706244,15235.949,7602.481,0,1079.500,0,160.926,4320,5033,2.490,2.470,1.920,1,0,0,0,0,24,125,0,29,0
27-07 11:12:01,16.444,14.949,66.525,0,0,4427008,7723336,390668,3706236,15310.171,7432.838,0,514.259,0,46.841,4070,3692,2.490,2.470,1.920,1,0,76.740,0,0,24,124,0,29,0
27-07 11:12:02,20.803,9.023,68.925,0,0,4423576,7726704,390704,3706260,44729.867,23590.052,0,356.909,0,22.056,2833,2616,2.370,2.440,1.920,2,0,7.018,0,0,24,124,0,21,0
27-07 11:12:03,27.843,6.215,64.139,0,0,4454868,7695400,390716,3706260,31072.149,16052.668,0,250.590,0,12.927,3139,2786,2.370,2.440,1.920,2,0,0.994,0,0,24,125,0,21,0
27-07 11:12:04,24.215,6.054,69.365,0,0,4452584,7697600,390784,3706276,29856.630,14722.491,0,1351.983,0,69.617,3353,3465,2.370,2.440,1.920,1,0,0,0,0,24,126,0,21,0
27-07 11:12:05,22.937,6.233,68.561,0,0,4411036,7739116,390800,3706292,15722.765,7650.961,0,131.638,0,13.962,3211,3168,2.370,2.440,1.920,1,0,15.956,0,0,24,124,0,21,0
27-07 11:12:06,17.165,11.864,69.923,0,0,4438556,7711584,390808,3706292,30418.704,19295.673,0,76.738,0,4.039,2978,2589,2.370,2.440,1.920,1,0,41.398,0,0,24,124,0,14,0
27-07 11:12:07,23.449,4.989,70.598,0,0,4469300,7680840,390808,3706292,44622.866,22104.379,0,3.991,0,0.998,2398,2096,2.260,2.420,1.910,1,0,0,0,0,24,124,0,14,0
27-07 11:12:08,23.623,5.222,68.879,0,0,4464444,7685556,390808,3706428,15015.172,7453.875,0,11.936,0,2.984,3006,2960,2.260,2.420,1.910,1,0,1.989,0,0,24,124,0,14,0
27-07 11:12:09,24.984,7.245,66.456,0,0,4460160,7689800,390808,3706464,42078.286,464861.824,0,19.987,0,0.999,3750,3507,2.260,2.420,1.910,2,0,0,0,0,24,126,0,14,0
27-07 11:12:10,33.387,13.205,50.329,0.498,0,4498028,7651468,391044,3706680,18259.058,132677.907,0,1590.604,0,227.229,6082,7483,2.260,2.420,1.910,2,0,2.990,0,0,24,125,0,11,0
27-07 11:12:11,25.300,9.769,64.127,0,0,4497604,7651764,391128,3706716,15245.305,7310.532,0,785.562,0,69.137,4750,5918,2.260,2.420,1.910,1,0,2.004,0,0,24,125,0,11,0
27-07 11:12:12,18.826,11.798,67.021,0,0,4424976,7724288,391204,3706744,542.192,0,0,1297.246,0,91.369,4236,4224,2.160,2.390,1.910,1,0,53.215,0,0,24,124,0,11,0
27-07 11:12:13,20.958,7.734,69.859,0,0,4465976,7683256,391236,3706744,44868.460,23253.078,0,578.832,0,34.930,2635,2411,2.160,2.390,1.910,2,0,0.998,0,0,24,124,0,11,0
27-07 11:12:14,26.740,6.747,65.225,0,0,4494612,7654584,391256,3706760,31210.012,15938.878,0,539.793,0,24.990,3510,3332,2.160,2.390,1.910,2,0,1.999,0,0,24,124,0,10,0
27-07 11:12:15,23.664,6.477,67.755,0,0,4487332,7661740,391372,3706764,30405.023,14890.141,0,2893.534,0,152.449,3867,4183,2.160,2.390,1.910,4,0,0,0,0,24,126,0,10,0
27-07 11:12:16,21.896,7.962,66.933,0.498,0,4479704,7669252,391484,3706764,16645.134,7832.887,0,565.321,0,68.675,4049,4599,2.160,2.390,1.910,5,0,8.958,0,0,24,125,0,10,0
27-07 11:12:17,36.180,18.341,43.968,0,0,4474628,7673964,391768,3706816,16431.626,7531.413,0,3477.274,0,218.083,6047,16664,2.060,2.370,1.900,3,0,29.145,0,0,24,125,0,11,0
27-07 11:12:18,20.043,11.525,66.895,0,0,4479260,7669204,391888,3706820,15623.881,7311.856,0,4100.893,0,546.184,4366,4642,2.060,2.370,1.900,2,0,0,0,0,24,125,0,7,0
27-07 11:12:19,40.729,10.745,45.977,0,0,4479976,7668244,392076,3706864,15609.065,7292.293,0,871.557,0,92.953,5851,6665,2.060,2.370,1.900,6,0,0.999,0,0,24,126,0,7,0
27-07 11:12:20,37.596,16.542,44.112,0,0,4420716,7727220,392196,3707028,721.838,148.378,0,786.002,0,66.169,5622,5589,2.060,2.370,1.900,1,0,79.202,0,0,24,126,0,7,0
27-07 11:12:21,21.667,6.973,69.981,0,0,4465124,7682788,392220,3707028,45149.589,24348.482,0,310.806,0,14.943,2469,2337,2.060,2.370,1.900,1,0,0,0,0,24,126,0,7,0
27-07 11:12:22,24.311,5.013,68.923,0,0,4488288,7659468,392240,3707160,30313.109,14953.545,0,300.755,0,15.038,3000,2912,1.980,2.350,1.900,2,0,0,0,0,24,126,0,7,0
27-07 11:12:23,22.516,7.005,68.548,0,0,4488016,7659612,392352,3707160,29852.065,14668.351,0,1849.305,0,94.066,3662,4046,1.980,2.350,1.900,3,0,3.002,0,0,24,128,0,7,0
27-07 11:12:24,25.242,6.248,66.230,0,0,4488352,7659064,392496,3707224,15418.363,7359.787,0,931.720,0,122.963,4272,5252,1.980,2.350,1.900,1,0,0,0,0,24,126,0,7,0
27-07 11:12:25,13.495,23.741,60.476,0,0,4453852,7693532,392512,3707240,33036.870,19197.370,0,387.846,0,22.991,4633,3588,1.980,2.350,1.900,2,0,134.946,0,0,24,126,0,7,0
27-07 11:12:26,19.833,9.289,69.540,0,0,4454088,7693280,392524,3707240,45535.211,24064.523,0,381.594,0,18.076,2723,2516,1.980,2.350,1.900,2,0,14.059,0,0,24,126,0,6,0
27-07 11:12:27,23.609,4.722,69.585,0,0,4484032,7663304,392540,3707240,29594.589,15149.694,0,334.009,0,14.911,2359,2091,1.900,2.320,1.890,3,0,1.988,0,0,24,127,0,6,0
27-07 11:12:28,24.079,9.029,65.966,0.251,0,4484212,7663052,392600,3707248,29809.385,15127.420,0,1777.808,0,95.311,3383,3471,1.900,2.320,1.890,1,0,4.013,0,0,24,128,0,6,0
27-07 11:12:29,24.987,6.497,65.965,0,0,4473804,7673456,392616,3707236,24004.395,445188.229,0,95.950,0,11.994,4242,4552,1.900,2.320,1.890,3,0,1.999,0,0,24,127,0,6,0
27-07 11:12:30,25.967,4.994,67.663,0,0,4474220,7672980,392656,3707256,19561.860,144730.001,0,219.718,0,30.960,3656,3925,1.900,2.320,1.890,3,0,0.999,0,0,24,127,0,6,0
27-07 11:12:31,23.689,9.476,64.335,0,0,4474176,7672980,392756,3707196,15382.615,7277.367,0,973.507,0,123.683,4656,5683,1.900,2.320,1.890,1,0,0,0,0,24,127,0,6,0
27-07 11:12:32,23.873,8.206,65.152,0,0,4475436,7671468,392896,3707304,15415.721,7257.265,0,636.602,0,74.602,4980,6227,1.830,2.300,1.890,1,0,1.989,0,0,24,127,0,6,0
27-07 11:12:33,19.043,10.023,68.907,0,0,4475920,7670964,392912,3707308,1137.585,0,0,360.820,0,18.041,3280,3437,1.830,2.300,1.890,1,0,1.002,0,0,24,127,0,6,0
27-07 11:12:34,46.819,18.879,32.975,0,0,4478244,7668448,393000,3707400,15078.675,7412.474,0,886.033,0,90.617,7188,8272,1.830,2.300,1.890,3,0,1.007,0,0,24,126,0,7,0
27-07 11:12:35,38.691,17.973,40.688,0.250,0,4408628,7737748,393148,3707548,943.558,147.774,0,2891.581,0,157.759,6050,5454,1.830,2.300,1.890,7,0,79.878,0,0,24,126,0,7,0
27-07 11:12:36,32.951,26.710,36.945,0.250,0,4398940,7747016,393408,3707704,47237.686,28063.227,0,5463.867,0,310.538,7434,7724,1.830,2.300,1.890,3,0,110.835,0,0,24,126,0,7,0
27-07 11:12:37,28.906,22.622,44.993,0,0,4402076,7743756,393480,3707732,61299.467,33633.318,0,683.686,0,65.352,5843,5676,2.240,2.380,1.920,3,0,99.537,0,0,24,126,0,7,0
27-07 11:12:38,20.486,8.494,69.202,0,0,4430164,7715532,393492,3707856,44652.341,22246.725,0,295.797,0,17.988,2629,2343,2.240,2.380,1.920,2,0,1.999,0,0,24,126,0,7,0
27-07 11:12:39,23.248,6.250,69.245,0,0,4458852,7686832,393496,3707864,30456.005,14841.028,0,359.976,0,19.999,2515,2197,2.240,2.380,1.920,2,0,0,0,0,24,126,0,6,0
27-07 11:12:40,33.235,12.244,52.476,0,0,4538740,7606920,393520,3707864,15310.898,7668.443,0,919.573,0,51.976,3735,3220,2.240,2.380,1.920,3,0,1.999,0,0,24,126,0,6,0
27-07 11:12:41,23.201,4.990,67.858,0,0,4538272,7607372,393528,3707872,15344.801,7280.722,0,131.724,0,8.981,3472,3743,2.240,2.380,1.920,2,0,1.996,0,0,24,126,0,6,0
27-07 11:12:42,13.522,17.529,66.109,0,0,4499240,7646392,393536,3707876,15028.745,7536.409,0,64.106,0,5.008,3802,2919,2.140,2.360,1.910,4,0,92.152,0,0,24,126,0,6,0
27-07 11:12:43,6.735,22.200,65.851,0,0,4495892,7649728,393540,3707884,56734.844,30672.714,0,47.892,0,3.991,4514,3426,2.140,2.360,1.910,3,0,128.709,0,0,24,126,0,5,0
27-07 11:12:44,7.488,23.463,65.896,0,0,4482288,7663320,393540,3707896,51309.946,30387.996,0,2823.540,0,493.221,5410,3439,2.140,2.360,1.910,1,0,125.801,0,0,24,126,0,5,0
27-07 11:12:45,8.793,24.622,63.313,0,0,4466460,7678960,393568,3708036,45614.373,23636.786,0,253.251,0,26.129,4783,3910,2.140,2.360,1.910,1,0,116.576,0,0,24,126,0,5,0
27-07 11:12:46,8.984,24.707,60.894,0,0,4456792,7688556,393608,3708048,75612.156,595553.542,0,790.621,0,48.915,5248,4065,2.140,2.360,1.910,2,0,112.803,0,0,24,126,0,5,0
27-07 11:12:47,15.958,29.672,51.864,0,0,4456332,7688992,393620,3708536,61168.885,32376.252,0,155.593,0,8.977,6181,6583,2.130,2.350,1.910,10,0,140.632,0,0,24,126,0,4,0
27-07 11:12:48,18.266,14.763,64.057,0,0,4435828,7709424,393624,3708064,29978.519,15269.508,0,164.145,0,8.007,3703,3961,2.130,2.350,1.910,1,0,7.006,0,0,24,126,0,4,0
27-07 11:12:49,19.040,22.798,56.369,0,0,4426692,7718532,393628,3708068,45130.130,22743.942,0,80.169,0,5.011,4836,5547,2.130,2.350,1.910,1,0,79.167,0,0,24,126,0,4,0
27-07 11:12:50,27.452,24.956,43.673,0,0,4462624,7682576,393636,3708084,60677.358,33808.581,0,83.853,0,2.995,5153,3338,2.130,2.350,1.910,2,0,113.800,0,0,24,126,0,4,0
27-07 11:12:51,27.430,26.682,43.389,0,0,4497444,7647748,393640,3708088,45620.476,25512.835,0,255.348,0,3.990,5181,3360,2.130,2.350,1.910,3,0,117.699,0,0,24,126,0,4,0
27-07 11:12:52,31.381,25.105,40.419,0,0,4514880,7629984,393648,3708364,60480.664,32772.912,0,184.772,0,6.025,5162,3690,2.200,2.360,1.920,3,0,107.449,0,0,24,129,0,5,0
27-07 11:12:53,27.253,26.753,42.755,0,0,4514692,7630144,393656,3708384,47068.364,22866.606,0,128.015,0,9.001,5477,4354,2.200,2.360,1.920,3,0,123.014,0,0,24,132,0,5,0
27-07 11:12:54,16.721,26.065,54.097,0,0,4513200,7630796,393656,3709212,59764.728,31323.320,0,19.672,0,4.918,6384,6389,2.200,2.360,1.920,3,0,115.080,0,0,24,132,0,5,0
27-07 11:12:55,28.243,34.604,35.876,0.254,0,4557484,7584108,393672,3711588,76169.986,594036.532,4.071,700.217,1.018,31.550,8042,9232,2.200,2.360,1.920,1,0,137.397,0,0,24,138,0,4,0
27-07 11:12:56,13.235,28.966,55.685,0.250,0,4566620,7574940,393700,3712080,45418.166,23310.883,0,1678.048,0,42.950,5914,6633,2.200,2.360,1.920,2,0,132.845,0,0,24,138,0,4,0
27-07 11:12:57,21.146,22.141,54.482,0,0,4560880,7580552,393752,3712076,44576.133,23098.587,0,314.456,0,27.863,5611,6936,2.510,2.420,1.940,12,0,77.619,0,0,24,138,0,4,0
27-07 11:12:58,20.815,18.558,58.933,0,0,4571124,7570160,393768,3712140,61340.237,31851.783,0,132.411,0,10.031,3583,3232,2.510,2.420,1.940,6,0,18.056,0,0,26,138,0,4,0
27-07 11:12:59,47.017,29.695,21.034,0,0,4649240,7492032,393768,3712212,45569.322,25989.272,0,3.959,0,0.990,5459,3311,2.510,2.420,1.940,5,0,115.811,0,0,26,138,0,4,0
27-07 11:13:00,49.160,33.781,16.891,0,0,4722780,7418452,393808,3712212,61332.957,32859.751,0,233.949,0,25.210,5832,4117,2.510,2.420,1.940,8,0,136.134,0,0,26,138,0,4,0
27-07 11:13:01,52.378,26.683,18.530,0,0,4782452,7358728,393844,3712228,60504.490,32670.033,0,438.789,0,30.636,5781,4020,2.510,2.420,1.940,5,0,123.533,0,0,26,142,0,4,0
27-07 11:13:02,45.944,30.206,23.860,0,0,4799444,7339848,393880,3714012,46710.342,26916.448,0,743.223,0,105.595,7120,7658,2.870,2.500,1.970,2,0,152.300,0,0,26,154,0,4,0
27-07 11:13:03,17.009,25.513,54.778,0,0,4802072,7337152,393912,3714028,67281.957,458274.103,0,344.179,0,22.011,5138,3960,2.870,2.500,1.970,1,0,125.065,0,0,26,160,0,4,0
27-07 11:13:04,8.506,23.766,65.044,0,0,4805028,7334180,393920,3714032,63234.572,150235.145,0,132.089,0,11.007,4636,3424,2.870,2.500,1.970,2,0,121.082,0,0,26,160,0,4,0
27-07 11:13:05,13.211,28.168,56.585,0,0,4825120,7314028,393956,3714532,45251.096,23451.640,0,422.768,0,27.919,6013,7117,2.870,2.500,1.970,1,0,133.611,0,0,26,160,0,4,0
27-07 11:13:06,18.491,23.489,55.223,0,0,4834544,7304568,393972,3714508,44714.246,23216.705,0,435.788,0,23.988,5167,6524,2.870,2.500,1.970,1,0,79.961,0,0,26,160,0,4,0
27-07 11:13:07,20.298,17.291,60.893,0,0,4815272,7323776,393976,3714044,55950.208,26895.071,0,124.291,0,5.012,3812,3160,2.720,2.470,1.960,2,0,39.092,0,0,26,160,0,4,0
27-07 11:13:08,28.514,27.039,40.805,0,0,4875276,7263752,393988,3714052,49248.738,28984.074,0,228.113,0,14.749,5380,3724,2.720,2.470,1.960,5,0,121.922,0,0,26,160,0,4,0
27-07 11:13:09,32.017,30.238,37.607,0,0,4905932,7233008,393996,3714128,64088.163,35184.761,0,219.543,0,7.115,7559,3683,2.720,2.470,1.960,3,0,124.001,0,0,26,160,0,4,0
27-07 11:13:10,33.058,30.553,35.061,0,0,4983232,7155568,394028,3714184,60862.417,33228.099,0,8803.393,0,1002.753,6195,3565,2.720,2.470,1.960,4,0,130.228,0,0,27,164,0,4,0
27-07 11:13:11,14.201,26.159,57.799,0,0,5004164,7134488,394044,3714316,45963.874,23739.299,0,956.667,0,15.944,4976,3574,2.720,2.470,1.960,4,0,156.455,0,0,27,164,0,4,0
27-07 11:13:12,31.128,23.346,42.173,0.251,0,4999232,7139364,394088,3714324,74943.209,590803.836,0,273.120,0,31.128,5420,4097,2.820,2.500,1.970,1,0,127.523,0,0,27,180,0,4,0
27-07 11:13:13,7.488,23.713,66.646,0,0,4999400,7139188,394088,3714332,60659.949,33375.702,0,75.881,0,2.995,4625,3591,2.820,2.500,1.970,1,0,128.798,0,0,27,180,0,4,0
27-07 11:13:14,8.255,24.765,64.790,0,0,4986848,7151704,394088,3714352,46372.528,23462.434,0,64.039,0,7.004,4578,3414,2.820,2.500,1.970,3,0,120.074,0,0,27,180,0,4,0
27-07 11:13:15,8.753,25.258,63.269,0,0,4987688,7150852,394108,3714360,61220.760,31435.633,0,6089.866,0,616.189,5381,4038,2.820,2.500,1.970,3,0,123.038,0,0,27,180,0,4,0
27-07 11:13:16,16.987,25.481,55.208,0,0,5005712,7132800,394140,3714864,60307.954,30564.663,0,587.551,0,35.973,5181,5977,2.820,2.500,1.970,1,0,91.930,0,0,27,180,0,4,0
27-07 11:13:17,28.886,32.621,35.360,0,0,4997564,7140928,394144,3714840,30326.271,15839.465,0,127.497,0,8.965,6827,17791,2.910,2.520,1.980,5,0,118.532,0,0,27,180,0,5,0
27-07 11:13:18,23.511,22.511,52.275,0,0,5001124,7137324,394144,3714372,60839.033,32365.445,0,196.094,0,11.005,4618,3437,2.910,2.520,1.980,3,0,79.038,0,0,27,180,0,5,0
27-07 11:13:19,27.194,27.942,42.163,0,0,5033100,7105308,394172,3714388,60869.646,32762.530,0,183.622,0,15.967,5325,3533,2.910,2.520,1.980,3,0,131.729,0,0,27,180,0,4,0
27-07 11:13:20,32.361,26.591,40.388,0,0,5063632,7074532,394176,3714620,56104.323,463170.728,0,0,0,0,5409,3820,2.910,2.520,1.980,3,0,129.444,0,0,27,181,0,4,0
27-07 11:13:21,34.085,25.441,36.308,0,0,5063636,7074512,394176,3714640,63714.934,149084.450,0,7.904,0,1.976,5593,4280,2.910,2.520,1.980,2,0,102.750,0,0,27,186,0,4,0
27-07 11:13:22,11.669,25.621,61.389,0,0,5062200,7075816,394176,3714772,61295.354,31459.428,0,73.058,0,6.088,4739,3725,2.760,2.500,1.980,3,0,119.733,0,0,27,186,0,5,0
27-07 11:13:23,35.222,35.222,26.229,0,0,5089644,7045004,394196,3718092,45895.845,23707.324,0,503.603,0,17.986,8156,9845,2.760,2.500,1.980,3,0,115.909,0,0,27,192,0,5,0
27-07 11:13:24,19.826,22.552,54.768,0,0,5100940,7033672,394208,3718092,44821.832,23003.703,0,178.431,0,10.904,4673,5843,2.760,2.500,1.980,3,0,78.311,0,0,27,192,0,4,0
27-07 11:13:25,19.332,25.691,54.688,0,0,5099484,7035060,394236,3718104,61378.592,31400.493,0,301.165,0,25.436,5529,6702,2.760,2.500,1.980,6,0,90.553,0,0,27,192,0,4,0
27-07 11:13:26,26.996,25.758,43.837,0,0,5136616,6997892,394264,3718116,45406.718,25291.999,0,491.376,0,30.711,5287,3648,2.760,2.500,1.980,2,0,120.863,0,0,27,192,0,4,0
27-07 11:13:27,28.047,29.800,39.817,0,0,5178644,6955836,394264,3718128,61043.169,36410.942,0,1049.757,0,8.013,5209,3361,2.700,2.490,1.980,2,0,142.238,0,0,27,192,0,4,0
27-07 11:13:28,30.189,31.436,36.177,0,0,5208096,6926356,394280,3718140,60961.178,32446.097,0,167.659,0,6.986,5700,4178,2.700,2.490,1.980,3,0,144.706,0,0,27,192,0,4,0
27-07 11:13:29,41.217,35.721,21.233,0,0,5236212,6895176,394376,3721060,55360.589,456261.977,0,2450.035,0,123.901,7867,9933,2.700,2.490,1.980,4,0,140.887,0,0,27,198,0,4,0
27-07 11:13:30,10.228,26.442,60.618,0.249,0,5242688,6888664,394428,3721044,64512.620,156022.493,0,586.723,0,47.896,5351,4522,2.700,2.490,1.980,2,0,160.650,0,0,27,198,0,4,0
27-07 11:13:31,13.806,25.855,58.487,0,0,5249764,6881524,394444,3721088,62638.496,33799.787,0,265.073,0,18.073,5262,4143,2.700,2.490,1.980,1,0,153.622,0,0,27,200,0,4,0
27-07 11:13:32,12.523,25.296,59.860,0,0,5254268,6877016,394452,3721092,46149.510,24510.885,0,605.108,0,99.182,5023,3713,2.640,2.480,1.980,1,0,145.266,0,0,27,204,0,4,0
27-07 11:13:33,6.995,23.482,67.449,0,0,5259808,6871476,394452,3721092,60829.289,33231.028,0,7.994,0,0.999,4446,3405,2.640,2.480,1.980,1,0,125.905,0,0,27,204,0,4,0
27-07 11:13:34,7.989,23.217,66.157,0,0,5264792,6866452,394460,3721108,60247.022,33488.764,0,279.606,0,15.977,4684,3659,2.640,2.480,1.980,1,0,128.818,0,0,27,204,0,4,0
27-07 11:13:35,9.515,25.041,63.102,0,0,5269340,6861864,394496,3721128,60897.617,32142.051,0,488.792,0,37.060,5038,4126,2.640,2.480,1.980,1,0,121.196,0,0,27,204,0,4,0
27-07 11:13:36,7.717,24.645,65.471,0,0,5270764,6860404,394508,3721132,44898.597,23838.377,0,163.304,0,10.953,4383,3311,2.640,2.480,1.980,2,0,121.482,0,0,27,204,0,3,0
27-07 11:13:37,14.174,26.110,55.701,0,0,5285252,6845908,394508,3721620,72637.662,575513.246,0,71.616,0,3.979,5847,6308,2.590,2.470,1.980,6,0,138.259,0,0,27,204,0,3,0
27-07 11:13:38,18.709,21.996,58.656,0,0,5270496,6860532,394532,3721644,45181.446,23171.217,0,473.295,0,25.283,4947,6208,2.590,2.470,1.980,2,0,67.758,0,0,27,204,0,3,0
27-07 11:13:39,23.782,21.057,52.766,0,0,5271040,6859892,394536,3721156,44387.975,22412.484,0,126.837,0,14.864,3912,3512,2.590,2.470,1.980,3,0,44.591,0,0,27,210,0,3,0
27-07 11:13:40,29.705,26.181,43.550,0,0,5322588,6808332,394536,3721168,60996.620,33470.808,0,0,0,0,4842,3118,2.590,2.470,1.980,2,0,101.701,0,0,27,210,0,3,0
27-07 11:13:41,53.300,14.764,30.528,0,0,5436356,6694456,394564,3721296,45512.437,23914.298,0,264.246,0,26.024,4059,2529,2.590,2.470,1.980,2,0,6.006,0,0,27,210,0,3,0
27-07 11:13:42,45.972,14.491,38.227,0,0,5501848,6628272,394564,3721968,45635.946,23550.523,0,7.995,0,1.999,4450,4164,2.620,2.480,1.990,3,0,1.999,0,0,27,210,0,3,0
27-07 11:13:43,43.723,10.494,43.474,0,0,5563968,6565464,394568,3722620,29513.011,15134.775,0,115.929,0,3.998,4347,3689,2.620,2.480,1.990,2,0,5.996,0,0,27,213,0,3,0
27-07 11:13:44,39.050,14.335,43.746,0,0,5578368,6550984,394584,3722688,44511.542,24709.521,0,138.407,0,4.943,4267,3178,2.620,2.480,1.990,3,0,45.476,0,0,27,216,0,3,0
27-07 11:13:45,22.236,40.682,34.617,1.516,0,5517740,6610540,394944,3723240,45825.070,23709.488,699.419,1022.849,54.579,41.440,5821,4862,2.620,2.480,1.990,5,1,153.630,0,0,27,214,0,3,0
27-07 11:13:46,36.939,53.707,4.374,1.458,0,5511136,6612220,395108,3727720,55967.847,27933.376,1862.484,19064.218,103.039,2018.987,13891,13461,2.620,2.480,1.990,7,0,137.062,0,0,27,214,0,3,0
27-07 11:13:47,42.658,33.973,22.989,0.255,0,5528480,6593944,395152,3728540,60775.531,472991.022,16.348,449.569,1.022,37.805,7550,9139,2.730,2.510,2,6,0,138.958,0,0,27,215,0,3,0
27-07 11:13:48,47.950,30.628,19.582,0,0,5544032,6578332,395176,3728564,63832.965,160432.454,0,333.389,0,25.105,6535,5777,2.730,2.510,2,3,0,115.481,0,0,27,218,0,3,0
27-07 11:13:49,44.673,30.447,21.463,0,0,5556896,6565228,395212,3728748,45650.229,22942.412,0,1517.382,0,34.940,6637,6223,2.730,2.510,2,3,0,108.812,0,0,27,220,0,4,0
27-07 11:13:50,41.251,28.423,28.674,0.503,0,5493456,6628344,395484,3728820,60885.994,32292.235,0,1943.812,0,277.687,7142,8095,2.730,2.510,2,3,0,116.709,0,0,27,220,0,5,0
27-07 11:13:51,27.331,28.325,41.990,0,0,5532968,6588812,395496,3728824,52172.499,25514.285,0,274.304,0,12.920,5151,3511,2.730,2.510,2,3,0,117.275,0,0,27,220,0,5,0
27-07 11:13:52,34.454,32.693,31.687,0,0,5565812,6555928,395516,3729340,53546.813,29124.316,0,4595.188,0,538.184,6318,6093,2.840,2.530,2.010,2,0,125.744,0,0,27,220,0,5,0
27-07 11:13:53,39.152,29.177,29.925,0,0,5548644,6572924,395588,3729380,46423.101,24665.421,0,1879.308,0,95.761,6183,7576,2.840,2.530,2.010,2,0,87.781,0,0,27,222,0,5,0
27-07 11:13:54,43.175,20.215,34.191,0,0,5536112,6585396,395604,3729320,51285.217,24208.092,0,267.537,0,27.952,5172,4390,2.840,2.530,2.010,9,0,35.938,0,0,27,220,0,6,0
27-07 11:13:55,64.956,24.358,10.149,0,0,5616900,6504512,395664,3729340,54861.082,31615.102,8.119,414.092,1.015,32.478,5171,3717,2.840,2.530,2.010,4,0,103.523,0,0,27,221,0,6,0
27-07 11:13:56,63.659,14.479,20.970,0,0,5684304,6437072,395672,3729368,57259.734,573741.700,0,203.707,0,14.978,5254,3698,2.840,2.530,2.010,4,0,4.993,0,0,27,221,0,6,0
27-07 11:13:57,57.763,13.330,22.217,3.950,0,5726792,6393584,395704,3730284,15068.825,7524.045,718.833,154.036,6.912,7.899,4906,3763,2.930,2.560,2.020,3,0,1.975,0,0,27,227,0,6,0
27-07 11:13:58,67.435,13.436,19.014,0.761,0,5739160,6379304,395800,3731812,30052.638,14797.142,0,4157.640,0,75.040,5683,4990,2.930,2.560,2.020,3,0,8.112,0,0,27,225,0,12,0
27-07 11:13:59,34.068,25.427,38.018,0,0,5784988,6333232,395816,3732024,16280.479,9246.704,0,308.092,0,7.900,5313,4020,2.930,2.560,2.020,4,0,109.610,0,0,27,224,0,13,0
27-07 11:14:00,28.981,26.733,42.223,0,0,5804908,6313272,395844,3732036,61439.761,33932.329,0,391.750,0,33.978,5599,4239,2.930,2.560,2.020,2,0,114.927,0,0,27,225,0,13,0
27-07 11:14:01,27.852,28.354,41.653,0,0,5793460,6324652,395884,3732060,60777.578,33280.426,0,931.426,0,57.210,5537,4497,2.930,2.560,2.020,3,0,116.428,0,0,27,226,0,13,0
27-07 11:14:02,28.652,28.149,40.716,0,0,5790000,6328056,395928,3732072,45390.249,23478.270,0,321.703,0,30.160,5983,5379,2.850,2.550,2.020,3,0,113.601,0,0,27,224,0,13,0
27-07 11:14:03,27.053,28.294,42.441,0,0,5740432,6377568,395944,3732088,60992.446,31383.769,0,226.354,0,15.884,5014,3540,2.850,2.550,2.020,3,0,107.220,0,0,27,224,0,13,0
27-07 11:14:04,36.595,30.371,31.118,0,0,5762432,6355568,395952,3732604,46722.500,24929.089,0,155.340,0,7.966,5662,5800,2.850,2.550,2.020,3,0,118.497,0,0,27,224,0,13,0
27-07 11:14:05,37.720,28.667,32.187,0,0,5756548,6361368,395968,3732608,44936.651,22814.843,0,1597.301,0,44.258,6047,6998,2.850,2.550,2.020,2,0,88.515,0,0,27,224,0,13,0
27-07 11:14:06,39.495,22.853,34.776,0,0,5776960,6340768,396000,3732240,44270.495,22723.454,0,349.744,0,27.821,5737,5326,2.850,2.550,2.020,4,0,49.680,0,0,27,224,0,13,0
27-07 11:14:07,47.114,31.658,19.194,0,0,5758984,6358588,396124,3732276,73375.800,583588.287,0,2484.814,0,132.616,6273,4564,2.950,2.570,2.030,3,0,118.657,0,0,27,224,0,13,0
27-07 11:14:08,49.488,28.561,18.958,0,0,5836068,6281488,396132,3732284,45183.713,25954.610,0,1193.632,0,132.954,5703,3361,2.950,2.570,2.030,6,0,120.151,0,0,27,224,0,13,0
27-07 11:14:09,52.603,30.348,17.450,0,0,5884080,6233156,396192,3732532,60986.487,31954.504,0,756.679,0,37.429,5906,4322,2.950,2.570,2.030,4,0,105.207,0,0,27,230,0,13,0
27-07 11:14:10,44.541,32.141,21.511,0,0,5884328,6231644,396244,3733668,60847.404,31622.267,0,562.840,0,35.431,6973,8785,2.950,2.570,2.030,4,0,111.353,0,0,27,233,0,17,0
27-07 11:14:11,36.910,35.394,27.556,0,0,5932636,6183260,396292,3733684,46576.949,24611.689,0,424.723,0,34.382,5518,4132,2.950,2.570,2.030,3,0,145.619,0,0,27,232,0,17,0
27-07 11:14:12,36.559,26.009,33.860,0,0,5945120,6170732,396316,3733796,43670.957,22088.695,0,514.284,0,15.703,5426,5524,2.870,2.560,2.030,3,0,85.387,0,0,27,232,0,17,0
27-07 11:14:13,40.071,25.202,34.526,0,0,5943588,6172208,396324,3733688,45259.211,22862.973,0,423.388,0,18.145,5858,6287,2.870,2.560,2.030,2,0,88.710,0,0,27,232,0,17,0
27-07 11:14:14,42.515,29.153,23.565,0,0,5943176,6172568,396336,3733712,58810.940,32283.824,0,260.432,0,13.605,6041,5107,2.870,2.560,2.030,4,0,101.063,0,0,27,232,0,18,0
27-07 11:14:15,54.910,31.413,14.302,0,0,5922680,6193000,396372,3733740,56390.839,461327.118,0,310.558,0,36.777,5965,4572,2.870,2.560,2.030,3,0,119.524,0,0,27,234,0,18,0
27-07 11:14:16,50.192,31.180,18.759,0,0,5983996,6131280,396424,3734052,64871.839,154685.727,0,438.042,0,29.406,5896,4234,2.870,2.560,2.030,4,0,121.678,0,0,27,236,0,20,0
27-07 11:14:17,40.654,30.799,25.378,0,0,5999544,6114460,396472,3735240,47857.705,23306.473,0,9122.324,0,815.056,8490,8449,2.800,2.550,2.030,7,0,124.180,0,0,27,240,0,21,0
27-07 11:14:18,36.374,34.353,27.533,0,0,6013964,6099912,396500,3735256,57797.548,31683.370,0,464.773,0,39.405,6532,16909,2.800,2.550,2.030,3,0,151.556,0,0,27,240,0,22,0
27-07 11:14:19,30.851,32.842,34.086,0,0,5987408,6126432,396524,3735756,60117.394,31822.699,0,477.699,0,21.895,6163,6758,2.800,2.550,2.030,14,0,141.319,0,0,27,240,0,22,0
27-07 11:14:20,40.049,23.880,34.328,0,0,6022000,6091816,396544,3735660,44577.996,23404.393,0,302.480,0,14.925,4892,4714,2.800,2.550,2.030,6,0,59.700,0,0,27,242,0,22,0
27-07 11:14:21,36.959,26.902,34.696,0,0,6036100,6077648,396576,3735276,44518.246,22603.567,0,764.314,0,36.204,5311,4524,2.800,2.550,2.030,3,0,52.295,0,0,27,242,0,21,0
27-07 11:14:22,46.227,30.485,21.490,0,0,6054480,6059252,396576,3735292,46111.474,24540.012,0,3674.205,0,682.667,6624,4937,2.820,2.560,2.030,5,0,109.946,0,0,27,244,0,22,0
27-07 11:14:23,55.160,23.067,20.058,0,0,6080852,6032796,396636,3735312,60569.078,31172.621,0,910.647,0,142.414,5354,3906,2.820,2.560,2.030,4,0,55.160,0,0,27,242,0,22,0
27-07 11:14:24,65.276,12.208,20.928,0,0,6146404,5967024,396656,3735512,29550.692,15092.259,0,1239.750,0,17.939,4392,2586,2.820,2.560,2.030,4,0,0.997,0,0,27,244,0,22,0
27-07 11:14:25,69.534,14.810,14.559,0,0,6185744,5926540,396760,3736480,38990.062,448417.339,0,1518.194,0,231.946,7254,6372,2.820,2.560,2.030,2,0,5.020,0,0,27,246,1,25,0
27-07 11:14:26,45.437,10.985,39.945,0,0,6187648,5924552,396808,3736516,19686.728,131365.021,0,375.480,0,35.950,6235,6587,2.820,2.560,2.030,5,0,1.997,0,0,27,250,1,25,0
27-07 11:14:27,48.980,8.996,40.734,0,0,6163836,5948256,396868,3736528,14975.009,7682.926,0,963.614,0,47.981,4315,3738,2.830,2.570,2.040,2,0,5.998,0,0,27,255,1,25,0
27-07 11:14:28,41.784,16.913,39.795,0,0,6184432,5927624,396884,3736544,15525.850,8338.951,0,270.603,0,18.902,4514,3291,2.830,2.570,2.040,2,0,45.764,0,0,27,256,1,25,0
27-07 11:14:29,28.320,26.315,43.607,0,0,6204416,5907616,396900,3736548,60904.544,32872.715,0,248.610,0,11.027,5637,4264,2.830,2.570,2.040,2,0,113.278,0,0,27,256,1,25,0
27-07 11:14:30,28.838,25.357,42.262,0,0,6195768,5916096,396924,3736692,60237.180,34175.769,0,290.367,0,18.894,6274,5458,2.830,2.570,2.040,5,0,119.329,0,0,27,257,1,25,0
27-07 11:14:31,28.967,28.212,40.806,0,0,6147928,5963864,396980,3736708,61027.158,31895.453,0,536.024,0,50.378,5702,4689,2.830,2.570,2.040,2,0,114.862,0,0,27,256,1,26,0
27-07 11:14:32,29.528,27.776,41.289,0,0,6182512,5929260,396992,3736716,46125.452,23666.294,0,240.226,0,12.011,5183,3637,2.850,2.580,2.040,3,0,119.112,0,0,27,256,1,26,0
27-07 11:14:33,29.320,27.580,40.998,0,0,6186024,5925716,397012,3736724,60183.703,30683.213,0,234.557,0,13.914,5524,4221,2.850,2.580,2.040,2,0,117.278,0,0,27,256,1,26,0
27-07 11:14:34,27.292,29.045,41.063,0,0,6181004,5930692,397044,3736732,46353.425,24010.998,0,953.469,0,49.076,5952,5281,2.850,2.580,2.040,4,0,117.181,0,0,27,258,1,26,0
27-07 11:14:35,33.970,29.189,34.221,0,0,6075896,6035708,397124,3737264,70649.968,474400.447,0,595.854,0,54.352,6824,7342,2.850,2.580,2.040,1,0,140.911,0,0,27,258,1,26,0
27-07 11:14:36,19.244,22.993,54.733,0,0,6065672,6045884,397144,3737244,47516.916,142810.665,0,227.928,0,14.995,5359,6387,2.850,2.580,2.040,2,0,89.971,0,0,27,258,1,26,0
27-07 11:14:37,31.901,23.612,42.954,0,0,6096532,6014888,397200,3737224,61971.187,33723.089,0,281.336,0,25.119,5104,4365,3.100,2.630,2.070,3,0,58.277,0,0,28,258,1,26,0
27-07 11:14:38,49.758,26.123,22.889,0,0,6171056,5940308,397244,3737232,45440.743,24920.658,0,740.395,0,37.816,5404,3572,3.100,2.630,2.070,2,0,103.496,0,0,28,261,1,26,0
27-07 11:14:39,42.974,12.243,43.724,0,0,6238488,5872548,397260,3737540,60134.603,31105.173,0,599.637,0,88.946,4201,3155,3.100,2.630,2.070,3,0,1.999,0,0,28,261,1,26,0
27-07 11:14:40,46.170,7.737,44.174,0.250,0,6287656,5822944,397296,3737940,29421.093,15331.472,0,499.136,0,19.965,3702,2501,3.100,2.630,2.070,2,0,1.997,0,0,28,261,1,26,0
27-07 11:14:41,43.782,18.263,36.026,0,0,6336092,5773088,397376,3739160,15406.212,7945.783,0,596.434,0,49.036,6184,6693,3.100,2.630,2.070,3,0,50.036,0,0,28,262,1,27,0
27-07 11:14:42,13.261,24.770,59.797,0,0,6340596,5768392,397396,3739316,45594.213,26412.978,0,464.369,0,23.018,5035,3988,3.010,2.620,2.070,4,0,143.114,0,0,28,262,1,27,0
27-07 11:14:43,14.245,9.247,74.726,0,0,6343768,5765012,397424,3739492,64954.814,33432.096,0,287.906,0,24.992,3972,4248,3.010,2.620,2.070,2,0,31.990,0,0,28,263,1,27,0
27-07 11:14:44,3.494,1.997,92.840,0,0,6344000,5764772,397424,3739500,60694.470,28655.648,0,39.931,0,1.997,1759,2324,3.010,2.620,2.070,1,0,1.997,0,0,28,264,1,27,0
27-07 11:14:45,4.543,3.534,88.343,0,0,6339848,5766992,397472,3741332,2397913.825,76556.274,0,444.238,0,46.443,5264,4515,3.010,2.620,2.070,1,0,0,0,0,28,263,1,27,0
27-07 11:14:46,5.160,4.668,81.325,0.246,0,6334044,5767648,397492,3746364,5082038.967,694734.514,0,200.487,0,18.673,9525,7193,3.010,2.620,2.070,2,0,0.983,0,0,28,263,1,27,0
27-07 11:14:47,5.812,4.801,85.909,0,0,6331020,5767048,397524,3749844,3696459.798,94255.536,0,359.808,0,37.396,7842,6751,2.930,2.610,2.060,0,0,2.021,0,0,28,263,1,27,0
27-07 11:14:48,6.497,5.748,83.215,0,0,6328720,5766764,397532,3752372,2904920.497,105842.421,0,9136.152,0,893.624,6778,4302,2.930,2.610,2.060,0,0,0,0,0,28,263,1,27,0
27-07 11:14:49,4.247,7.745,84.191,0,0,6325272,5766972,397544,3755488,3161552.182,77253.611,0,143.899,0,10.992,6440,4788,2.930,2.610,2.060,1,0,27.980,0,0,28,262,1,27,0
27-07 11:14:50,5.965,19.386,66.111,4.225,0,6325680,5764232,397548,3757796,60623.276,33580.404,2286.545,1037.893,26.842,11.930,4499,3693,2.930,2.610,2.060,1,0,118.304,0,0,28,262,1,26,0
27-07 11:14:51,16.380,20.412,62.243,0,0,6329120,5760748,397568,3757804,61620.826,35220.828,0,451.575,0,24.192,4644,3626,2.930,2.610,2.060,1,0,114.910,0,0,28,266,1,26,0
27-07 11:14:52,21.448,7.731,69.084,0,0,6344228,5745640,397572,3757800,43982.350,22386.226,0,43.895,0,3.990,2701,2458,2.770,2.580,2.060,1,0,0,0,0,28,266,1,27,0
27-07 11:14:53,23.541,6.511,68.621,0,0,6380976,5708876,397580,3757808,30150.961,15074.479,0,1562.745,0,319.561,3602,2856,2.770,2.580,2.060,1,0,3.005,0,0,28,273,1,27,0
27-07 11:14:54,23.117,6.148,67.874,0.246,0,6384744,5705096,397592,3757812,14731.643,7401.234,0,118.042,0,13.772,3720,3994,2.770,2.580,2.060,1,0,0,0,0,28,292,1,26,0
27-07 11:14:55,26.883,6.087,66.446,0,0,6389212,5700560,397612,3757856,17672.597,8261.617,0,296.217,0,26.375,4796,5239,2.770,2.580,2.060,4,0,0,0,0,28,292,1,26,0
27-07 11:14:56,25.296,6.762,64.617,0,0,6391700,5697924,397724,3757884,15003.160,7471.526,0,3153.709,0,181.328,5422,6338,2.770,2.580,2.060,1,0,3.005,0,0,28,295,1,28,0
27-07 11:14:57,25.506,5.501,66.266,0,0,6393692,5695680,397780,3758060,15338.627,7297.725,0,356.084,0,39.009,5160,6362,2.630,2.560,2.050,1,0,1.000,0,0,28,296,1,28,0
27-07 11:14:58,26.987,12.994,55.973,0.750,0,6399848,5657012,397836,3790048,15556.589,7844.263,0,7164.587,0,40.980,6326,7607,2.630,2.560,2.050,0,1,19.990,0,0,28,301,1,34,0
27-07 11:14:59,21.683,11.465,62.307,1.495,0,6323588,5749128,397896,3774128,4536.973,3524.104,0,9614.275,0,48.849,4460,4558,2.630,2.560,2.050,2,0,52.837,0,0,28,296,1,39,0
27-07 11:15:00,9.786,26.848,62.227,0.251,0,6325788,5746832,397932,3774180,61255.272,52398.992,0,441.610,0,37.135,5387,4539,2.630,2.560,2.050,1,0,154.563,0,0,28,296,1,39,0
27-07 11:15:01,9.205,23.136,64.683,0,0,6328740,5743840,397960,3774192,77633.149,601974.843,0,286.594,0,21.893,6107,4915,2.630,2.560,2.050,1,0,199.024,0,0,28,296,1,39,0
27-07 11:15:02,19.035,14.213,65.989,0,0,6363284,5709316,397968,3774196,45422.454,24407.640,0,150.251,0,8.122,3664,3177,2.500,2.530,2.050,1,0,67.004,0,0,28,296,1,32,0
27-07 11:15:03,24.157,4.684,69.020,0,0,6409140,5663452,397976,3774196,29236.093,14387.814,0,173.537,0,7.888,2532,2361,2.500,2.530,2.050,1,0,0.986,0,0,28,296,1,32,0
27-07 11:15:04,13.791,15.797,67.954,0,0,6394992,5677580,397992,3774200,61348.089,33691.098,0,678.035,0,41.123,4185,3516,2.500,2.530,2.050,1,0,77.232,0,0,28,296,1,32,0
27-07 11:15:05,7.504,22.762,67.036,0,0,6392576,5679964,398012,3774208,45635.287,25343.488,0,356.190,0,25.013,4810,3994,2.500,2.530,2.050,1,0,122.065,0,0,28,296,1,32,0
27-07 11:15:06,8.002,23.005,67.265,0,0,6384468,5688068,398012,3774212,60589.627,34061.661,0,48.011,0,4.001,4739,3716,2.500,2.530,2.050,1,0,133.030,0,0,28,296,1,32,0
27-07 11:15:07,8.269,21.799,67.152,0,0,6374104,5698380,398040,3774236,60892.891,33774.482,0,412.935,0,28.064,4814,4029,2.380,2.510,2.040,1,0,115.261,0,0,28,296,1,32,0
27-07 11:15:08,9.668,25.781,60.982,0,0,6360800,5711644,398064,3774252,60828.979,37001.503,0,424.393,0,29.747,5076,4223,2.380,2.510,2.040,3,0,173.525,0,0,28,300,1,32,0
27-07 11:15:09,11.565,22.376,63.607,0,0,6382448,5689864,398124,3774316,45868.517,25121.036,0,498.800,0,52.294,4322,3655,2.380,2.510,2.040,1,0,92.519,0,0,28,300,1,33,0
27-07 11:15:10,12.711,5.483,79.007,0,0,6379800,5692348,398144,3774460,74061.800,586745.111,0,861.346,0,110.659,3225,3251,2.380,2.510,2.040,2,0,9.969,0,0,28,300,1,30,0
27-07 11:15:11,21.876,7.458,69.357,0,0,6399364,5672784,398144,3774460,44077.353,21764.728,0,0,0,0,2728,2644,2.380,2.510,2.040,1,0,1.989,0,0,28,300,1,30,0
27-07 11:15:12,29.759,9.079,60.275,0,0,6451240,5620892,398148,3774472,30015.398,15543.364,0,359.128,0,20.176,3201,2715,2.270,2.480,2.040,1,0,0,0,0,28,300,1,30,0
27-07 11:15:13,26.991,3.749,66.728,0,0,6448836,5623280,398148,3774488,14975.983,7779.394,0,51.983,0,2.999,3543,3575,2.270,2.480,2.040,2,0,1.999,0,0,28,304,1,30,0
27-07 11:15:14,10.160,21.311,64.923,0.248,0,6411604,5660480,398164,3774500,45156.985,25138.756,0,4115.453,0,670.050,5613,3809,2.270,2.480,2.040,2,0,108.041,0,0,28,304,1,30,0
27-07 11:15:15,5.052,6.062,68.707,19.955,0,6395388,5661904,398308,3788688,45485.067,23342.204,10855.711,355.660,173.788,26.270,3255,3717,2.270,2.480,2.040,1,0,4.042,0,0,28,304,1,30,0
27-07 11:15:16,2.499,3.498,69.714,21.739,0,6377092,5660168,398348,3808536,29798.802,14812.445,18282.675,207.894,170.913,18.990,2418,3196,2.270,2.480,2.040,1,1,0,0,0,28,304,1,30,0
27-07 11:15:17,2.747,4.495,68.930,20.979,0,6374236,5640368,398352,3831060,29680.868,14643.134,21214.463,175.822,204.792,17.982,2656,3330,2.170,2.460,2.030,0,1,1.998,0,0,28,304,1,30,0
27-07 11:15:18,14.276,12.272,55.851,17.532,0,6357560,5630548,398368,3857384,15270.594,7309.208,25049.264,180.326,243.440,14.025,4049,9064,2.170,2.460,2.030,0,1,36.065,0,0,28,304,1,26,0
27-07 11:15:19,4.984,9.220,68.527,14.453,0,6344832,5629552,398372,3871020,15553.361,7272.322,12204.265,115.624,113.630,7.974,2966,3045,2.170,2.460,2.030,1,1,15.948,0,0,28,304,1,26,0
27-07 11:15:20,3.254,5.757,68.586,20.776,0,6344768,5606620,398388,3893904,44918.020,27131.837,22227.721,16352.394,220.275,48.060,2830,2991,2.170,2.460,2.030,0,1,2.002,0,0,28,304,1,26,0
27-07 11:15:21,7.761,11.016,66.346,12.518,0,6345016,5596172,398396,3904020,46912.602,29229.120,10042.471,212.306,95.137,1.001,3455,3256,2.170,2.460,2.030,0,1,26.038,0,0,28,304,1,26,0
27-07 11:15:22,3.482,5.472,68.895,19.649,0,6343140,5577088,398412,3924864,29886.868,14582.794,20303.292,282.543,182.061,25.867,2749,3069,2.150,2.450,2.030,3,0,0.995,0,0,28,304,1,26,0
27-07 11:15:23,6.785,12.063,66.346,12.565,0,6336360,5569796,398428,3938852,75080.186,610110.822,13687.314,193.006,158.828,18.094,4193,3864,2.150,2.450,2.030,1,1,29.152,0,0,28,304,1,26,0
27-07 11:15:24,4.499,8.999,69.739,15.498,0,6329856,5561984,398428,3953120,49162.251,26543.816,13721.837,3.999,158.975,1.000,3147,2935,2.150,2.450,2.030,0,1,15.997,0,0,28,304,1,26,0
27-07 11:15:25,4.502,7.753,68.275,17.256,0,6329644,5547872,398440,3967348,44703.049,22241.985,14093.060,312.112,154.055,28.010,3362,3514,2.150,2.450,2.030,2,0,16.006,0,0,28,304,1,26,0
27-07 11:15:26,4.485,6.976,69.017,17.939,0,6329188,5537540,398452,3978060,45157.305,26835.259,10081.909,119.596,136.538,11.960,2958,2978,2.150,2.450,2.030,0,1,11.960,0,0,28,304,1,22,0
27-07 11:15:27,5.521,8.783,70.011,13.801,0,6332476,5519652,398452,3992596,45209.354,26538.827,13992.105,0,172.643,0,3234,3204,2.060,2.420,2.020,0,1,16.060,0,0,28,304,1,22,0
27-07 11:15:28,5.493,12.983,64.663,14.980,0,6332140,5504784,398452,4007720,29612.223,14572.426,14552.452,0,174.765,0,3318,2987,2.060,2.420,2.020,1,1,21.970,0,0,28,304,1,22,0
27-07 11:15:29,5.747,8.996,67.219,15.493,0,6333268,5486892,398464,4024408,60544.851,37194.707,15964.578,331.846,183.914,23.989,3683,3674,2.060,2.420,2.020,1,0,17.992,0,0,28,304,1,22,0
27-07 11:15:30,4.006,6.759,69.346,18.275,0,6335060,5468496,398480,4040948,45193.505,26278.344,15901.993,192.266,193.267,15.021,3024,3351,2.060,2.420,2.020,1,0,10.014,0,0,28,304,1,22,0
27-07 11:15:31,6.752,17.505,67.270,5.001,0,6333168,5465472,398512,4045816,60817.782,32221.421,4321.263,420.123,58.017,30.009,4367,3860,2.060,2.420,2.020,0,1,56.016,0,0,28,304,1,22,0
27-07 11:15:32,7.249,6.749,65.739,18.497,0,6329712,5453124,398516,4061548,31318.603,16008.241,15045.407,95.983,171.970,5.999,3128,3176,2.140,2.430,2.030,1,0,6.999,0,0,28,304,1,22,0
27-07 11:15:33,9.252,17.004,66.014,6.001,0,6330492,5447204,398516,4066624,75513.418,596955.790,4456.969,0,65.014,0,4523,3671,2.140,2.430,2.030,0,1,53.012,0,0,28,304,1,22,0
27-07 11:15:34,4.226,7.458,68.364,17.899,0,6331176,5432588,398516,4080508,49153.156,27944.043,13280.928,2334.802,173.022,462.386,3817,3225,2.140,2.430,2.030,1,0,10.938,0,0,28,304,1,22,0
27-07 11:15:35,5.028,8.296,68.376,17.345,0,6332188,5422004,398536,4090012,60089.379,30791.294,9053.779,482.654,132.730,31.171,3276,3516,2.140,2.430,2.030,0,1,17.094,0,0,28,304,1,21,0
27-07 11:15:36,2.738,5.227,70.437,19.663,0,6332752,5414696,398536,4096724,29461.062,14688.717,6375.664,47.788,96.571,3.982,2331,2563,2.140,2.430,2.030,1,0,8.960,0,0,28,304,1,21,0
27-07 11:15:37,4.264,6.270,68.722,18.811,0,6331640,5408396,398536,4104100,45834.093,26088.293,7283.534,28.091,65.211,3.010,2655,2847,2.040,2.410,2.020,0,1,9.029,0,0,28,304,1,21,0
27-07 11:15:38,6.246,8.744,68.452,14.490,0,6331748,5397056,398536,4115284,37387.738,20655.491,10940.315,11.992,117.917,2.998,3299,3005,2.040,2.410,2.020,3,0,17.987,0,0,28,304,1,21,0
27-07 11:15:39,5.995,10.742,67.947,13.489,0,6333172,5384960,398552,4125900,53532.255,30781.996,10667.681,159.875,105.917,9.992,3457,3238,2.040,2.410,2.020,2,0,18.985,0,0,28,304,1,21,0
27-07 11:15:40,5.760,11.019,68.621,12.773,0,6336160,5372864,398552,4134976,44827.265,27192.082,8763.496,352.624,94.167,60.106,3334,3081,2.040,2.410,2.020,1,0,23.041,0,0,28,304,1,21,0
27-07 11:15:41,3.750,7.999,69.244,16.749,0,6336200,5358764,398552,4148972,44917.425,26353.902,12670.991,0,139.989,0,2936,3086,2.040,2.410,2.020,1,0,12.999,0,0,28,304,1,21,0
27-07 11:15:42,14.004,12.754,56.268,15.755,0,6372488,5310392,398576,4160976,68733.978,472803.183,10575.382,276.088,149.048,25.008,4099,3727,2.120,2.420,2.030,0,1,15.005,0,0,28,304,1,21,0
27-07 11:15:43,9.935,11.674,62.840,12.667,0,6370320,5301564,398576,4171908,49188.043,150580.447,9656.987,3.974,128.164,0.994,3875,3829,2.120,2.420,2.030,0,1,17.883,0,0,28,304,1,20,0
27-07 11:15:44,15.862,14.352,53.882,13.848,0,6379672,5281112,398600,4182932,42718.496,24304.101,11042.192,233.655,142.006,14.100,4466,4453,2.120,2.420,2.030,1,1,24.171,0,0,28,304,1,23,0
27-07 11:15:45,6.240,7.488,67.889,16.972,0,6375112,5272096,398632,4196428,46810.653,29020.668,12898.962,295.518,185.697,30.950,3554,3837,2.120,2.420,2.030,2,0,10.982,0,0,28,304,1,23,0
27-07 11:15:46,5.995,11.741,67.447,11.991,0,6367292,5270600,398652,4205676,45437.053,25078.160,9064.829,255.798,96.923,22.982,3622,3646,2.120,2.420,2.030,0,1,20.983,0,0,28,304,1,23,0
27-07 11:15:47,4.228,7.710,67.650,17.161,0,6356928,5267588,398772,4218864,44829.864,22467.659,12622.638,2499.059,128.335,138.284,3374,3587,2.030,2.400,2.020,1,0,11.938,0,0,28,304,1,23,0
27-07 11:15:48,5.795,8.567,68.787,15.622,0,6356408,5255492,398772,4231432,60417.869,34489.365,12090.427,60.472,123.968,4.031,3055,2948,2.030,2.400,2.020,3,0,19.150,0,0,28,304,1,23,0
27-07 11:15:49,16.708,13.965,67.580,0,0,6379560,5232308,398772,4231432,45280.849,27093.698,0,3.990,0,0.997,3603,2999,2.030,2.400,2.020,1,0,55.859,0,0,28,304,1,23,0
27-07 11:15:50,23.361,6.213,68.345,0,0,6413320,5198540,398772,4231440,63710.006,32608.532,0,0,0,0,2764,2410,2.030,2.400,2.020,1,0,2.982,0,0,28,304,1,23,0
27-07 11:15:51,23.159,5.538,69.980,0,0,6445992,5165868,398772,4231440,30008.667,14759.153,0,112.773,0,1.007,2567,2330,2.030,2.400,2.020,2,0,0,0,0,28,304,1,23,0
27-07 11:15:52,24.402,6.474,67.230,0,0,6459272,5152580,398780,4231440,39945.342,453175.355,0,87.647,0,2.988,3056,2738,1.950,2.370,2.020,4,0,1.992,0,0,28,304,1,24,0
27-07 11:15:53,26.852,3.978,67.129,0,0,6474616,5137208,398804,4231444,33167.854,140740.857,0,290.396,0,32.819,3303,3133,1.950,2.370,2.020,4,0,4.973,0,0,28,308,1,24,0
27-07 11:15:54,27.829,6.894,65.616,0,0,6450128,5161656,398836,4231452,47458.080,24462.307,0,559.652,0,35.744,3349,2965,1.950,2.370,2.020,1,0,5.106,0,0,28,304,1,24,0
27-07 11:15:55,24.759,5.447,66.850,0,0,6479540,5132172,398872,4231484,44422.752,22905.125,0,293.148,0,37.634,3120,3102,1.950,2.370,2.020,1,0,0.990,0,0,28,304,1,21,0
27-07 11:15:56,24.232,6.058,69.666,0,0,6504988,5106720,398872,4231488,44507.344,20336.349,0,4.039,0,1.010,2712,2553,1.950,2.370,2.020,2,0,2.019,0,0,28,304,1,21,0
27-07 11:15:57,21.479,7.407,68.881,0,0,6524120,5087572,398872,4231488,15090.670,9059.735,0,0,0,0,2643,2554,1.870,2.350,2.010,1,0,2.963,0,0,28,304,1,21,0
27-07 11:15:58,33.346,8.023,57.415,0,0,6527856,5083820,398872,4231504,29797.698,14700.278,0,0,0,0,3827,3455,1.870,2.350,2.010,1,0,0,0,0,28,306,1,21,0
27-07 11:15:59,26.987,2.999,68.216,0.250,0,6527948,5083708,398884,4231508,15861.127,9379.344,0,351.825,0,16.992,2816,2540,1.870,2.350,2.010,1,0,2.999,0,0,28,302,1,8,2
27-07 11:16:00,20.881,11.070,66.669,0,0,6434592,5177064,398884,4231508,59485.802,31616.676,0,124.784,0,13.082,3189,3114,1.870,2.350,2.010,1,0,15.095,0,0,28,302,1,8,2
27-07 11:16:01,24.728,5.193,68.991,0,0,6453588,5158052,398900,4231508,29971.306,14913.942,0,209.693,0,17.804,2795,2736,1.870,2.350,2.010,1,0,0,0,0,28,302,1,8,2
27-07 11:16:02,25.606,4.268,68.534,0,0,6456524,5154960,398900,4231660,30128.779,15369.654,0,0,0,0,2713,2397,1.800,2.330,2,1,0,2.008,0,0,28,302,1,8,2
27-07 11:16:03,11.944,17.915,67.680,0,0,6428460,5182864,398900,4231820,30500.737,14734.309,509.590,151.284,3.981,0.995,4117,3275,1.800,2.330,2,2,0,85.595,0,0,28,302,1,8,2
27-07 11:16:04,7.010,25.285,65.090,0,0,6411984,5199324,398924,4231804,46132.852,27217.672,0,692.959,0,28.039,4816,3863,1.800,2.330,2,1,0,133.184,0,0,28,302,1,8,2
27-07 11:16:05,12.812,26.881,58.033,0,0,6413536,5197736,398940,4231824,72582.842,473338.530,0,3452.833,0,600.930,6648,4634,1.800,2.330,2,1,0,144.705,0,0,28,302,1,8,2
27-07 11:16:06,8.476,25.676,62.320,0,0,6413888,5197312,398944,4231888,64699.511,189350.218,0,111.678,0,4.986,5185,3866,1.800,2.330,2,5,0,154.555,0,0,28,302,1,8,2
27-07 11:16:07,15.739,18.237,63.454,0,0,6410680,5200512,398948,4231892,45887.588,26554.665,0,123.910,0,4.996,4403,3529,1.660,2.290,1.990,1,0,101.926,0,0,28,302,1,8,2
27-07 11:16:08,23.049,7.767,68.396,0,0,6420672,5190500,398956,4231904,45006.380,23255.802,0,168.361,0,8.017,2931,2629,1.660,2.290,1.990,1,0,19.041,0,0,28,302,1,8,2
27-07 11:16:09,23.758,6.002,68.024,0,0,6435172,5175956,398956,4231948,45337.072,22461.963,0,4.001,0,1.000,2707,2418,1.660,2.290,1.990,1,0,1.000,0,0,28,302,1,8,2
27-07 11:16:10,14.714,5.487,77.810,0,0,6450304,5160808,398960,4231960,50697.161,25708.202,0,399.025,0,34.915,2507,2514,1.660,2.290,1.990,1,0,16.959,0,0,28,303,1,8,2
27-07 11:16:11,22.942,5.486,69.076,0.499,0,6458856,5145952,398984,4237048,15402.201,7451.230,0,861.829,0,17.955,2585,2403,1.660,2.290,1.990,1,0,2.992,0,0,28,302,1,7,2
27-07 11:16:12,24.864,8.288,65.802,0,0,6457592,5146144,398988,4238104,60738.984,31317.848,0,321.477,0,5.023,3073,2922,1.600,2.270,1.990,2,0,3.014,0,0,28,302,1,7,2
27-07 11:16:13,26.789,11.767,57.083,0,0,6435760,5166784,398988,4239140,44455.349,22376.390,0,0,0,0,7007,12346,1.600,2.270,1.990,2,0,8.012,0,0,28,302,1,7,2
27-07 11:16:14,18.997,9.999,68.990,0,0,6428276,5173852,398988,4239348,29651.720,14729.874,0,191.972,0,7.999,2774,2444,1.600,2.270,1.990,0,0,6.999,0,0,28,302,2,8,2
27-07 11:16:15,18.540,3.955,74.405,0,0,6426388,5175448,399044,4239536,55083.680,203572.012,0,957.134,0,48.450,3148,3556,1.600,2.270,1.990,3,0,0.989,0,0,28,303,1,8,2
27-07 11:16:16,25.916,12.329,58.374,0,0,6430904,5170880,399064,4239568,56129.822,402157.039,0,1380.852,0,109.703,8348,13733,1.600,2.270,1.990,1,0,10.065,0,0,28,303,1,7,2
27-07 11:16:17,17.793,12.280,69.419,0,0,6427084,5174560,399092,4239636,29847.744,14922.368,0,244.596,0,13.032,3095,2956,1.560,2.250,1.980,1,0,12.029,0,0,28,303,1,7,2
27-07 11:16:18,21.736,8.994,68.207,0,0,6406556,5193308,399232,4241048,30860.485,16393.633,0,651.588,0,17.989,2791,2518,1.560,2.250,1.980,2,0,11.992,0,0,28,303,1,7,2
27-07 11:16:19,22.331,26.094,48.425,0,0,6341996,5266480,399272,4233624,61442.582,33127.468,0,646.331,0,19.069,5581,14756,1.560,2.250,1.980,1,0,131.474,0,0,28,302,1,8,2
27-07 11:16:20,7.750,25.250,64.001,0,0,6348164,5260284,399300,4233624,61070.048,35124.603,0,336.006,0,19.000,4954,3988,1.560,2.250,1.980,4,0,164.003,0,0,28,302,1,7,2
27-07 11:16:21,19.938,8.972,70.031,0,0,6383940,5224500,399300,4233632,44376.484,22693.166,0,3.988,0,0.997,2617,2595,1.560,2.250,1.980,1,0,0,0,0,28,302,1,7,2
27-07 11:16:22,25.782,4.005,69.585,0,0,6409436,5198808,399300,4233828,29632.289,14934.289,0,4.005,0,1.001,2539,2288,1.510,2.220,1.980,1,0,0,0,0,28,302,1,8,2
27-07 11:16:23,23.725,5.553,69.156,0,0,6426032,5182176,399300,4233864,15304.117,7596.027,0,0,0,0,2816,2588,1.510,2.220,1.980,1,0,3.029,0,0,28,306,1,10,2
27-07 11:16:24,15.998,12.798,68.422,0,0,6391496,5216704,399300,4233872,14924.922,7182.865,0,3.938,0,0.984,3658,3103,1.510,2.220,1.980,1,0,66.946,0,0,28,302,1,10,2
27-07 11:16:25,17.825,14.059,66.780,0,0,6409468,5198688,399344,4233872,45479.724,24902.431,0,241.011,0,19.080,3569,3318,1.510,2.220,1.980,2,0,48.202,0,0,28,302,1,10,2
27-07 11:16:26,23.692,6.301,68.303,0,0,6409052,5199080,399364,4233876,30249.013,15916.925,0,2024.397,0,390.160,3463,2753,1.510,2.220,1.980,1,0,2.016,0,0,28,302,1,10,2
27-07 11:16:27,29.086,6.961,62.149,0.249,0,6420124,5187944,399404,4233900,31558.825,16404.384,0,306.271,0,17.899,3528,3354,1.550,2.220,1.980,2,0,0,0,0,28,302,1,10,2
27-07 11:16:28,19.210,15.924,63.696,0,0,6371728,5236332,399404,4233908,16352.634,7863.904,0,8.088,0,1.011,3722,3000,1.550,2.220,1.980,1,0,76.839,0,0,28,302,1,10,2
27-07 11:16:29,22.079,6.946,68.471,0,0,6419264,5188792,399408,4233908,43036.504,566755.305,0,63.509,0,2.977,3011,2904,1.550,2.220,1.980,1,0,2.977,0,0,28,302,1,10,2
27-07 11:16:30,23.875,5.223,68.144,0,0,6448652,5159380,399432,4233908,45627.878,23455.590,0,107.439,0,13.927,2956,2850,1.550,2.220,1.980,3,0,0,0,0,28,302,1,10,2
27-07 11:16:31,21.538,8.515,68.620,0,0,6431024,5176920,399488,4233940,15755.588,7603.313,0,384.674,0,27.047,3582,3335,1.550,2.220,1.980,2,0,40.070,0,0,28,302,1,10,2
27-07 11:16:32,19.768,10.509,68.812,0,0,6445536,5162408,399488,4233940,59519.218,32763.295,0,0,0,0,3060,2858,1.510,2.200,1.970,1,0,18.016,0,0,28,302,1,10,2
27-07 11:16:33,24.262,5.002,69.034,0,0,6478728,5129212,399488,4233944,29975.801,15409.609,0,0,0,0,2804,2578,1.510,2.200,1.970,2,0,1.000,0,0,28,302,1,10,2
27-07 11:16:34,23.430,5.795,69.788,0,0,6387392,5220380,399516,4234080,15463.111,7352.637,0,278.143,0,15.116,2970,2631,1.510,2.200,1.970,3,0,13.101,0,0,28,302,1,12,2
27-07 11:16:35,19.515,11.363,65.955,0,0,6416864,5190864,399556,4234084,44561.893,22884.176,0,162.047,0,17.786,3349,3469,1.510,2.200,1.970,2,0,20.750,0,0,28,302,1,12,2
27-07 11:16:36,28.483,6.246,63.462,0,0,6453996,5153652,399632,4234088,29980.231,14583.357,0,419.751,0,34.979,3367,3617,1.510,2.200,1.970,1,0,0,0,0,28,302,1,12,2
27-07 11:16:37,23.772,6.006,68.313,0,0,6452828,5154672,399740,4234128,30114.881,14899.795,0,416.385,0,44.041,3440,3583,1.470,2.180,1.970,1,0,2.002,0,0,28,302,1,13,2
27-07 11:16:38,21.045,13.692,64.657,0,0,6424760,5182716,399756,4234132,32390.537,18950.939,0,154.163,0,10.142,3678,3207,1.470,2.180,1.970,2,0,49.697,0,0,28,302,1,13,2
27-07 11:16:39,22.287,5.943,69.586,0,0,6460520,5146944,399756,4234144,30358.268,14650.182,0,3.962,0,0.991,2526,2472,1.470,2.180,1.970,1,0,0,0,0,28,302,1,13,2
27-07 11:16:40,22.806,6.197,68.665,0,0,6478132,5129316,399756,4234164,29524.613,14615.556,0,0,0,0,2693,2522,1.470,2.180,1.970,1,0,0,0,0,28,302,0,13,2
27-07 11:16:41,20.625,9.307,67.912,0,0,6458044,5149320,399832,4234172,26189.056,11338.865,0,973.915,0,49.299,3552,3350,1.470,2.180,1.970,3,0,34.208,0,0,28,302,1,15,2
27-07 11:16:42,22.033,9.013,67.851,0,0,6452868,5154492,399832,4234176,48880.919,27368.828,0,2692.016,0,518.774,3315,2812,1.430,2.160,1.960,1,0,1.001,0,0,28,302,1,15,2
27-07 11:16:43,31.436,10.229,56.634,0,0,6486520,5120060,399836,4234952,40424.317,447680.323,0,87.820,0,5.988,3683,3236,1.430,2.160,1.960,1,0,5.988,0,0,28,302,1,15,2
27-07 11:16:44,26.469,10.143,60.113,0,0,6453740,5153524,399912,4234204,32681.613,149309.492,0,304.770,0,32.654,4275,4171,1.430,2.160,1.960,2,0,29.685,0,0,28,302,1,13,2
27-07 11:16:45,17.213,28.351,51.892,0,0,6458264,5148872,400012,4234244,61641.914,34612.382,0,465.765,0,40.501,6179,5929,1.430,2.160,1.960,3,0,153.905,0,0,28,302,1,15,2
27-07 11:16:46,5.999,4.249,87.987,0,0,6453056,5153888,400120,4234328,51131.248,26456.989,0,339.948,0,29.995,2423,3085,1.430,2.160,1.960,1,0,4.999,0,0,28,304,1,15,2
27-07 11:16:47,6.487,17.464,73.349,0.249,0,6438928,5167896,400184,4234372,69517.613,33305.304,0,303.374,0,20.957,4141,3648,1.390,2.140,1.960,1,0,104.784,0,0,28,302,1,16,2
27-07 11:16:48,5.767,6.269,86.261,0,0,6437044,5169740,400216,4234376,50372.672,26150.257,0,268.815,0,14.043,2339,2654,1.390,2.140,1.960,0,0,21.064,0,0,28,304,1,16,2
27-07 11:16:49,13.004,22.256,62.517,0,0,6400264,5206284,400264,4234564,74097.984,390216.240,0,572.154,0,33.009,5232,4354,1.390,2.140,1.960,1,0,126.034,0,0,28,302,1,17,2
27-07 11:16:50,13.732,16.978,66.914,0,0,6400024,5206476,400300,4234572,45796.972,24895.911,0,267.655,0,9.987,4063,3564,1.390,2.140,1.960,2,0,85.889,0,0,28,302,1,17,2
27-07 11:16:51,19.751,11.250,67.502,0,0,6419008,5179112,400824,4241368,60065.018,30205.015,0,1780.060,0,99.003,3206,3050,1.390,2.140,1.960,2,0,5.000,0,0,28,302,1,17,2
27-07 11:16:52,24.972,4.245,68.425,0,0,6409780,5184556,400936,4244440,45737.540,22563.107,0,3120.557,0,77.914,2982,2787,1.360,2.120,1.950,2,0,0,0,0,28,302,1,17,2
27-07 11:16:53,16.755,6.252,76.523,0,0,6408732,5184356,400976,4245480,33931.008,16526.875,0,452.133,0,3.001,2631,2573,1.360,2.120,1.950,0,0,20.006,0,0,28,303,1,17,2
27-07 11:16:54,16.712,3.492,76.824,0,0,6413300,5175296,401068,4249612,21876.761,9644.851,0,403.074,0,25.940,2363,2484,1.360,2.120,1.950,3,0,0,0,0,28,303,1,17,2
27-07 11:16:55,22.344,8.285,68.288,0.251,0,6406652,5181856,401164,4249596,15836.861,8011.825,0,1956.259,0,70.297,3576,3709,1.360,2.120,1.950,2,0,19.081,0,0,28,302,1,17,2
27-07 11:16:56,10.245,19.241,65.969,1.999,0,6354236,5231604,401236,4252140,61085.203,34837.577,1379.350,1939.086,20.990,59.972,5090,4571,1.360,2.120,1.950,1,0,126.940,0,0,28,302,1,17,2
27-07 11:16:57,8.236,25.955,63.640,0,0,6358348,5227488,401236,4252144,46688.025,24052.284,0,235.591,0,4.991,5066,3958,1.330,2.100,1.950,2,0,159.723,0,0,28,302,1,17,2
27-07 11:16:58,22.552,7.016,69.661,0,0,6396764,5189072,401236,4252144,60226.767,30917.236,0,0,0,0,2705,2489,1.330,2.100,1.950,1,0,0,0,0,28,302,1,17,2
27-07 11:16:59,24.467,5.493,68.409,0,0,6428732,5157072,401260,4252152,29987.114,15123.884,0,191.745,0,18.975,2939,2675,1.330,2.100,1.950,1,0,1.997,0,0,28,302,1,17,2
27-07 11:17:00,27.520,6.755,64.047,0,0,6397412,5188324,401296,4252180,16788.370,9127.725,0,220.162,0,28.021,3701,3809,1.330,2.100,1.950,2,0,13.010,0,0,28,302,1,17,2
27-07 11:17:01,18.988,11.992,67.957,0,0,6427360,5158356,401324,4252172,45482.203,26013.530,0,135.914,0,14.991,3450,3300,1.330,2.100,1.950,1,0,33.978,0,0,28,302,1,17,1
27-07 11:17:02,23.447,6.417,67.131,0.247,0,6466916,5118764,401332,4252200,29336.316,14405.557,3.949,193.496,0.987,10.859,2873,2652,1.310,2.080,1.940,1,0,4.936,0,0,28,303,1,17,1
27-07 11:17:03,24.486,5.301,68.662,0,0,6462236,5123436,401332,4252208,30004.418,14734.123,0,0,0,0,3139,2917,1.310,2.080,1.940,2,0,1.010,0,0,28,302,1,17,1
27-07 11:17:04,21.955,7.984,68.608,0,0,6426596,5159076,401332,4252208,30928.176,15332.360,0,7.984,0,0.998,2909,2573,1.310,2.080,1.940,4,0,13.971,0,0,28,302,1,17,1
27-07 11:17:05,23.840,7.355,68.731,0,0,6431924,5153716,401360,4252212,30575.390,15251.681,0,304.344,0,23.333,2916,2717,1.310,2.080,1.940,2,0,2.029,0,0,28,302,1,17,1
27-07 11:17:06,23.899,5.913,67.261,0,0,6446044,5139592,401360,4252216,45978.085,742973.686,0,3.942,0,0.986,3151,2845,1.310,2.080,1.940,3,0,0.986,0,0,28,302,1,18,1
27-07 11:17:07,26.088,8.780,63.214,0,0,6443484,5142100,401512,4252116,15674.097,7387.024,0,1344.555,0,136.462,5132,6333,1.280,2.070,1.930,2,0,1.003,0,0,28,303,1,18,1
27-07 11:17:08,27.555,8.267,61.874,0,0,6441120,5144148,401636,4252304,30420.728,17464.864,0,773.544,0,102.204,5441,6816,1.280,2.070,1.930,1,0,2.004,0,0,28,302,1,18,1
27-07 11:17:09,20.274,9.511,67.829,0,0,6432484,5152736,401636,4252352,44971.201,22934.622,0,4.005,0,1.001,2873,2714,1.280,2.070,1.930,1,0,5.006,0,0,28,302,1,18,1
27-07 11:17:10,24.725,5.494,67.930,0,0,6466824,5118388,401704,4252292,29733.525,14922.705,0,279.713,0,29.969,3070,3015,1.280,2.070,1.930,1,0,0,0,0,28,302,1,18,1
27-07 11:17:11,27.750,7.000,61.499,0.500,0,6462184,5122520,401984,4252508,31626.664,16076.829,0,3795.960,0,230.998,4676,5409,1.280,2.070,1.930,1,0,2.000,0,0,28,303,1,18,1
27-07 11:17:12,20.914,10.457,66.475,0.249,0,6458660,5126020,402032,4252484,15442.172,7265.967,0,418.271,0,41.827,4237,4947,1.260,2.050,1.930,3,0,0,0,0,28,303,1,18,1
27-07 11:17:13,26.323,15.042,56.406,0,0,6461008,5123524,402104,4252548,30333.134,17163.606,0,4039.203,0,713.980,5323,4536,1.260,2.050,1.930,2,0,61.170,0,0,28,302,1,18,1
27-07 11:17:14,7.773,26.078,63.440,0,0,6446564,5137964,402108,4252548,61066.898,31939.661,0,60.180,0,7.021,5134,3928,1.260,2.050,1.930,2,0,170.511,0,0,28,302,1,19,1
27-07 11:17:15,8.495,26.734,61.714,0,0,6433668,5150816,402144,4252552,61028.991,31925.163,0,319.811,0,27.983,5580,4727,1.260,2.050,1.930,1,0,169.900,0,0,28,302,1,19,1
27-07 11:17:16,8.242,27.224,61.942,0,0,6404344,5180140,402144,4252552,67548.661,467783.370,0,151.858,0,16.984,5532,4475,1.260,2.050,1.930,1,0,162.847,0,0,28,302,1,19,1
27-07 11:17:17,8.998,26.495,61.988,0,0,6398380,5186096,402144,4252560,47519.429,73515.194,0,11.998,0,2.999,5080,3928,1.320,2.050,1.930,2,0,165.967,0,0,28,302,1,18,1
27-07 11:17:18,6.756,26.523,64.056,0,0,6397456,5187012,402144,4252568,61290.816,31968.069,0,144.127,0,12.011,5099,3876,1.320,2.050,1.930,3,0,164.144,0,0,28,302,1,18,1
27-07 11:17:19,17.439,33.881,46.088,0,0,6398556,5185820,402232,4255728,61030.588,31991.607,0,2391.598,0,111.608,6061,11435,1.320,2.050,1.930,2,0,194.317,0,0,28,302,1,18,1
27-07 11:17:20,10.025,28.069,59.146,0,0,6390400,5193940,402264,4252568,61031.071,31919.009,0,332.824,0,28.069,5286,7723,1.320,2.050,1.930,1,0,158.392,0,0,28,302,1,19,1
27-07 11:17:21,6.996,25.235,63.713,0,0,6386540,5197776,402280,4252576,60777.622,29886.603,0,187.891,0,16.990,5081,3984,1.320,2.050,1.930,3,0,164.904,0,0,28,302,1,18,1
27-07 11:17:22,11.269,27.546,58.848,0,0,6383308,5200996,402280,4252588,47336.954,27194.358,0,20.033,0,5.008,5062,4078,1.450,2.060,1.940,2,0,158.264,0,0,28,302,1,19,1
27-07 11:17:23,8.502,28.507,60.765,0,0,6366208,5218060,402292,4252600,61403.973,32299.876,0,12278.994,0,137.033,5521,4351,1.450,2.060,1.940,1,0,160.039,0,0,28,302,1,19,1
27-07 11:17:24,7.718,26.141,63.237,0,0,6361948,5222320,402292,4252600,60627.387,32291.453,0,19.917,0,4.979,4970,3751,1.450,2.060,1.940,4,0,157.344,0,0,28,302,1,19,1
27-07 11:17:25,10.039,27.104,60.232,0,0,6360304,5223936,402308,4252612,76949.672,633644.957,0,273.053,0,28.108,5843,4641,1.450,2.060,1.940,2,0,165.639,0,0,28,302,1,15,1
27-07 11:17:26,8.242,25.225,63.937,0,0,6362432,5221808,402308,4252612,45691.311,24410.125,0,15.984,0,3.996,4973,3850,1.450,2.060,1.940,1,0,162.841,0,0,28,302,1,15,1
27-07 11:17:27,7.759,27.281,62.322,0,0,6366652,5217576,402320,4252612,61477.972,32073.026,0,560.647,0,32.037,5136,4018,1.420,2.040,1.930,1,0,160.185,0,0,28,302,1,15,1
27-07 11:17:28,8.701,26.600,61.652,0,0,6368408,5215816,402320,4252616,60721.646,31858.380,0,3599.705,0,12.927,5259,3973,1.420,2.040,1.930,3,0,170.041,0,0,28,302,1,15,1
27-07 11:17:29,8.782,28.352,59.966,0,0,6368624,5215564,402340,4252624,61626.770,32187.831,0,381.372,0,23.083,5413,4231,1.420,2.040,1.930,2,0,160.578,0,0,28,302,1,15,1
27-07 11:17:30,9.323,25.952,62.991,0,0,6360888,5223136,402500,4252624,46551.673,24843.550,0,2430.939,0,136.060,5545,4627,1.420,2.040,1.930,3,0,154.201,0,0,28,302,1,15,1
27-07 11:17:31,8.441,24.081,64.052,0.248,0,6364280,5219724,402544,4252600,60461.887,32754.782,0,1267.133,0,66.534,5080,4214,1.420,2.040,1.930,1,0,148.958,0,0,28,302,1,15,1
27-07 11:17:32,8.009,26.280,63.071,0,0,6359740,5224212,402560,4252636,60828.660,32198.344,0,140.158,0,13.015,5062,4009,1.380,2.030,1.930,1,0,153.173,0,0,28,302,1,15,1
27-07 11:17:33,12.496,28.491,56.982,0,0,6356608,5227328,402576,4252636,74963.811,575391.337,0,1643.470,0,315.898,6328,4744,1.380,2.030,1.930,2,0,164.947,0,0,28,302,1,15,1
27-07 11:17:34,7.240,25.965,64.412,0.250,0,6357996,5225888,402604,4252656,45733.533,23935.307,0,535.269,0,27.962,4959,3890,1.380,2.030,1.930,2,0,153.790,0,0,28,302,1,15,1
27-07 11:17:35,7.738,26.959,62.405,0,0,6360240,5223620,402620,4252664,60786.193,31953.215,0,183.720,0,14.977,5240,4285,1.380,2.030,1.930,3,0,168.742,0,0,28,302,1,15,1
27-07 11:17:36,7.765,26.302,64.378,0,0,6361752,5222108,402620,4252664,60821.027,32087.851,0,20.040,0,5.010,4971,3880,1.380,2.030,1.930,2,0,163.325,0,0,28,302,1,15,1
27-07 11:17:37,10.509,20.267,67.055,0,0,6364732,5219088,402640,4252684,61380.697,32935.202,0,288.238,0,14.012,4490,3616,1.350,2.010,1.920,1,0,108.089,0,0,28,302,1,15,1
27-07 11:17:38,15.826,13.565,68.828,0,0,6363044,5278780,402648,4198796,45245.938,22967.614,0,325.554,0,8.038,3170,3014,1.350,2.010,1.920,2,0,41.197,0,0,28,302,1,12,1
27-07 11:17:39,14.700,14.202,69.017,0,0,6384268,5315180,402668,4148580,44301.725,22137.408,0,1494.963,0,12.956,2772,2683,1.350,2.010,1.920,1,0,2.990,0,0,28,302,1,12,1
27-07 11:17:40,20.779,8.762,69.849,0,0,6383152,5307676,402668,4156716,30106.667,15351.756,0,8.011,0,2.003,2699,2530,1.350,2.010,1.920,1,0,1.001,0,0,28,302,1,12,1
27-07 11:17:41,22.688,7.230,68.562,0,0,6408388,5279484,402692,4159360,44193.635,21989.612,0,1878.840,0,14.959,3135,2930,1.350,2.010,1.920,1,0,18.948,0,0,28,302,1,12,1
27-07 11:17:42,19.258,3.001,75.783,0,0,6408312,5279260,402696,4159632,45512.044,458009.713,0,404.178,0,5.002,2796,2763,1.320,1.990,1.910,0,0,0,0,0,28,303,1,10,1
27-07 11:17:43,20.736,7.495,70.952,0,0,6457192,5229624,402780,4160252,27877.133,137051.245,0,1127.237,0,54.963,3005,3121,1.320,1.990,1.910,3,0,4.997,0,0,28,303,1,10,1
27-07 11:17:44,19.352,4.962,72.446,0,0,6465600,5220940,402840,4160388,28080.161,18004.251,0,1381.431,0,49.620,3224,3360,1.320,1.990,1.910,0,0,2.977,0,0,28,303,1,11,1
27-07 11:17:45,28.474,9.323,60.475,0.252,0,6467932,5218564,402964,4160264,27564.387,14798.169,0,1419.141,0,71.562,4309,4734,1.320,1.990,1.910,1,0,6.047,0,0,28,303,1,13,1
27-07 11:17:46,21.262,5.003,73.291,0,0,6482124,5204192,403024,4160344,20453.416,11446.389,0,660.369,0,34.019,2718,2809,1.320,1.990,1.910,0,0,0,0,0,28,303,1,10,1
27-07 11:17:47,16.413,2.736,78.337,0.249,0,6477608,5208512,403076,4160440,25931.168,13750.443,0,1034.541,0,33.822,2451,2598,1.300,1.980,1.910,1,0,1.990,0,0,28,303,1,10,1
27-07 11:17:48,18.702,2.494,76.304,0,0,6481700,5204116,403108,4160680,7536.664,4968.254,0,606.444,0,20.946,2173,2175,1.300,1.980,1.910,1,0,0,0,0,28,303,1,10,1
27-07 11:17:49,18.875,3.020,78.017,0,0,6486168,5199460,403128,4160808,24231.490,13288.009,0,757.014,0,22.147,2256,2312,1.300,1.980,1.910,1,0,0,0,0,28,303,1,10,1
27-07 11:17:50,17.769,4.004,76.081,0,0,6470724,5198184,403188,4177428,22322.788,12613.441,0,961.024,0,37.039,2375,2405,1.300,1.980,1.910,1,0,2.002,0,0,28,303,1,8,1
27-07 11:17:51,24.229,4.291,70.417,0,0,6478788,5183696,403232,4183508,673.378,0,0,593.622,0,24.229,2580,2477,1.300,1.980,1.910,1,0,1.010,0,0,28,303,1,8,1
27-07 11:17:52,22.965,5.186,68.895,0.247,0,6471068,5180876,403292,4192492,418.805,0,0,924.531,0,42.473,2773,2790,1.270,1.960,1.900,1,0,0,0,0,28,303,1,9,1
27-07 11:17:53,24.739,5.498,67.971,0,0,6474176,5168888,403340,4200540,15032.514,7454.784,0,5937.438,0,217.906,3336,3132,1.270,1.960,1.900,3,0,2.999,0,0,28,303,1,9,1
27-07 11:17:54,24.277,5.256,69.077,0,0,6471156,5162192,403396,4209048,364.409,0,0,1061.190,0,41.046,2777,2702,1.270,1.960,1.900,2,0,0,0,0,28,303,1,8,1
27-07 11:17:55,28.769,6.254,63.042,0.250,0,6477816,5137844,403544,4225164,16499.905,9127.032,0,1829.209,0,85.056,3739,3922,1.270,1.960,1.900,2,0,1.001,0,0,28,303,1,8,1
27-07 11:17:56,23.763,5.253,69.037,0.250,0,6472424,5131696,403688,4234924,548.297,0,0,1909.035,0,90.049,2995,3100,1.270,1.960,1.900,1,0,0,0,0,28,303,1,8,1
27-07 11:17:57,24.727,5.245,67.938,0,0,6479416,5116184,403840,4241916,884.190,0,0,1258.846,0,38.964,2988,2945,1.250,1.940,1.900,3,0,1.998,0,0,28,303,1,8,1
27-07 11:17:58,22.932,5.235,69.794,0.249,0,6476188,5095392,403956,4263844,303.105,0,0,1962.208,0,70.791,2788,2793,1.250,1.940,1.900,3,0,0,0,0,28,303,1,8,1
27-07 11:17:59,24.121,5.025,70.102,0,0,6481796,5081880,404012,4270412,15941.043,7658.455,0,1390.984,0,48.242,2808,2849,1.250,1.940,1.900,1,0,0,0,0,28,303,1,8,1
27-07 11:18:00,22.212,6.489,69.132,0,0,6473596,5107588,404024,4252816,768.693,321.453,0,315.463,0,14.975,2814,2788,1.250,1.940,1.900,1,0,3.993,0,0,28,302,1,8,1
27-07 11:18:01,21.515,8.756,69.050,0,0,6508528,5072616,404052,4252828,1173.844,0,0,528.380,0,22.016,3129,2967,1.250,1.940,1.900,1,0,34.024,0,0,28,302,1,8,1
27-07 11:18:02,15.487,4.496,78.185,0,0,6495344,5085784,404056,4252840,22642.241,10726.113,0,191.841,0,6.994,2404,2518,1.150,1.910,1.890,1,0,0.999,0,0,28,303,1,8,1
27-07 11:18:03,23.695,6.485,69.091,0,0,6471164,5103328,404072,4258892,44510.562,22334.598,0,1041.603,0,12.970,2867,2705,1.150,1.910,1.890,1,0,5.986,0,0,28,302,1,8,1
27-07 11:18:04,22.769,11.137,59.644,0,0,6467264,5106660,404092,4259232,29475.726,14605.705,0,2379.837,0,367.271,8497,14679,1.150,1.910,1.890,1,0,4.950,0,0,28,302,1,8,1
27-07 11:18:05,21.164,10.709,68.591,0,0,6486492,5086416,404144,4260124,15273.643,7592.454,0,656.843,0,36.718,3213,3098,1.150,1.910,1.890,1,0,8.160,0,0,28,302,1,8,1
27-07 11:18:06,24.852,9.195,62.131,0,0,6452608,5120136,404144,4260252,16209.696,9051.225,0,91.457,0,1.988,5717,9045,1.150,1.910,1.890,1,0,6.959,0,0,28,302,1,7,1
27-07 11:18:07,18.984,12.240,67.195,0,0,6457208,5115424,404144,4260320,15022.661,7290.012,0,87.928,0,0.999,4446,6619,1.140,1.900,1.880,1,0,9.992,0,0,28,302,1,7,1
27-07 11:18:08,18.801,10.027,69.437,0.251,0,6425216,5147448,404172,4260260,15126.784,7315.724,0,1848.985,0,19.051,2762,2490,1.140,1.900,1.880,1,0,5.014,0,0,28,302,1,7,1
27-07 11:18:09,21.698,8.480,68.835,0,0,6403756,5176916,404172,4252988,15400.154,7667.654,0,23.943,0,3.990,2935,2636,1.140,1.900,1.880,1,0,11.971,0,0,28,302,1,7,1
27-07 11:18:10,22.201,6.735,68.849,0,0,6405756,5174908,404176,4252992,299.344,147.676,0,403.116,0,5.987,3309,3441,1.140,1.900,1.880,1,0,40.910,0,0,28,302,1,7,1
27-07 11:18:11,23.564,10.027,62.420,0,0,6408040,5172612,404176,4252996,60457.258,34668.191,0,4.011,0,1.003,6845,12451,1.140,1.900,1.880,1,0,7.019,0,0,28,302,1,7,1
27-07 11:18:12,21.723,7.990,68.664,0,0,6439752,5140888,404176,4253008,44494.345,22190.243,0,7.990,0,0.999,3040,2793,1.130,1.880,1.880,2,0,19.975,0,0,28,302,1,7,1
27-07 11:18:13,14.180,5.970,78.362,0,0,6455352,5125264,404188,4253016,35955.993,18009.839,0,445.793,0,8.956,2447,2501,1.130,1.880,1.880,2,0,17.911,0,0,28,303,1,7,1
27-07 11:18:14,28.528,10.510,59.810,0,0,6442880,5132224,404212,4258096,24996.951,442727.912,0,12404.382,0,101.101,3518,2785,1.130,1.880,1.880,2,0,2.002,0,0,28,302,1,7,1
27-07 11:18:15,24.106,7.282,67.044,0,0,6442144,5131748,404260,4259144,18479.104,140319.856,0,928.073,0,36.159,3211,3311,1.130,1.880,1.880,2,0,5.022,0,0,28,302,1,7,1
27-07 11:18:16,23.708,9.483,61.891,0,0,6457028,5115872,404296,4260004,14949.659,7283.167,0,491.135,0,21.961,6563,11779,1.130,1.880,1.880,1,0,4.991,0,0,28,302,1,7,1
27-07 11:18:17,22.574,11.036,65.714,0,0,6475084,5097228,404324,4260428,16987.369,8743.499,0,357.164,0,13.043,3413,3364,1.280,1.900,1.890,1,0,8.026,0,0,28,302,1,7,1
27-07 11:18:18,20.449,12.469,62.843,0,0,6474288,5097984,404324,4260464,15058.424,7277.839,0,263.343,0,8.978,6647,11443,1.280,1.900,1.890,2,0,13.965,0,0,28,302,1,7,1
27-07 11:18:19,18.493,10.746,69.722,0,0,6471104,5101068,404324,4260528,718.711,0,0,175.929,0,1.999,2551,2259,1.280,1.900,1.890,1,0,6.997,0,0,28,302,1,7,1
27-07 11:18:20,34.369,17.811,46.912,0,0,6442484,5137724,404364,4253032,15208.481,7469.776,0,927.200,0,29.100,4435,14072,1.280,1.900,1.890,1,0,41.142,0,0,28,302,1,8,1
27-07 11:18:21,21.949,7.483,69.339,0,0,6448880,5131324,404364,4253036,15993.834,9539.832,0,3.991,0,0.998,2753,2437,1.280,1.900,1.890,2,0,19.954,0,0,28,302,1,8,1
27-07 11:18:22,21.036,9.517,67.116,0,0,6418568,5161640,404364,4253044,45928.674,33259.697,0,4.007,0,1.002,3411,2920,1.250,1.880,1.880,1,0,43.075,0,0,28,302,1,9,1
27-07 11:18:23,20.726,8.740,67.923,0,0,6422856,5157352,404364,4253044,59750.845,30313.423,0,7.991,0,1.998,3547,3402,1.250,1.880,1.880,1,0,52.940,0,0,28,302,1,7,1
27-07 11:18:24,24.888,14.785,56.183,0,0,6406144,5174048,404364,4253060,33333.235,17343.770,0,33788.613,0,177.420,6497,9797,1.250,1.880,1.880,4,0,6.900,0,0,28,302,1,7,1
27-07 11:18:25,21.791,9.375,68.415,0,0,6408876,5171312,404412,4253072,57580.759,30742.982,0,985.170,0,29.393,3330,3226,1.250,1.880,1.880,3,0,20.271,0,0,28,302,1,7,1
27-07 11:18:26,19.791,7.014,72.148,0,0,6447664,5132504,404428,4253076,29858.159,15597.950,0,168.345,0,10.021,2761,2651,1.250,1.880,1.880,0,0,17.035,0,0,28,303,1,7,1
27-07 11:18:27,19.220,4.743,73.885,0,0,6453276,5121456,404492,4258116,36377.510,16852.829,0,1138.232,0,38.940,2703,2623,1.230,1.870,1.880,1,0,2.995,0,0,28,302,1,7,1
27-07 11:18:28,26.253,6.251,66.008,0,0,6445960,5127284,404492,4259468,16810.030,8812.064,0,0,0,0,2934,2717,1.230,1.870,1.880,1,0,3.000,0,0,28,302,1,7,1
27-07 11:18:29,24.511,13.756,58.776,0,0,6458344,5114468,404500,4259844,15221.797,7365.289,0,408.182,0,6.003,6534,12059,1.230,1.870,1.880,2,0,11.005,0,0,28,302,1,7,1
27-07 11:18:30,19.942,18.680,58.564,1.767,0,6408424,5163400,404612,4260628,15121.754,7516.449,4.039,65640.692,1.010,296.861,4065,3506,1.230,1.870,1.880,1,0,10.097,0,0,28,302,1,7,1
27-07 11:18:31,22.775,10.150,63.125,0,0,6427800,5144000,404636,4260628,15330.333,7289.879,0,606.005,0,20.794,6662,11683,1.230,1.870,1.880,2,0,8.912,0,0,28,302,1,7,1
27-07 11:18:32,16.773,12.267,69.848,0,0,6427920,5143776,404636,4260724,682.954,0,0,92.129,0,2.003,2633,2366,1.220,1.850,1.870,1,0,10.014,0,0,28,302,1,7,1
27-07 11:18:33,18.985,9.992,69.695,0,0,6400672,5178752,404652,4253396,15083.171,7290.283,0,395.690,0,11.991,2664,2538,1.220,1.850,1.870,1,0,3.997,0,0,28,302,1,7,1
27-07 11:18:34,21.518,6.255,70.059,0.250,0,6409824,5168924,404680,4254060,1164.989,0,248.211,780.663,4.003,16.014,2648,2616,1.220,1.850,1.870,2,0,5.004,0,0,28,302,1,7,1
27-07 11:18:35,22.958,7.237,67.129,1.497,0,6425716,5150332,404868,4256336,54242.844,456278.336,391.292,2830.877,9.982,364.341,3848,3537,1.220,1.850,1.870,2,0,0,0,0,28,303,1,7,1
27-07 11:18:36,24.397,6.473,65.722,0,0,6425100,5150844,404912,4256396,32574.386,133350.645,0,1222.834,0,48.794,5136,6211,1.220,1.850,1.870,2,0,2.987,0,0,28,304,1,8,1
27-07 11:18:37,23.283,8.011,65.844,0,0,6424876,5150916,405000,4256460,30101.908,14612.829,0,664.948,0,87.124,5230,6423,1.200,1.840,1.870,2,0,2.003,0,0,28,305,1,10,1
27-07 11:18:38,27.959,8.737,60.411,0.250,0,6425648,5149668,405240,4256696,15303.408,7285.245,0,1385.954,0,179.735,5706,7385,1.200,1.840,1.870,1,0,0.999,0,0,28,305,1,10,1
27-07 11:18:39,26.063,10.526,60.898,0,0,6374296,5200788,405328,4256840,16825.965,8670.109,128.312,1166.841,1.002,76.185,4579,4558,1.200,1.840,1.870,1,0,34.083,0,0,28,304,1,10,1
27-07 11:18:40,8.026,25.083,63.961,0,0,6379100,5195964,405352,4256836,31879.029,34840.787,0,296.978,0,15.050,4917,3751,1.200,1.840,1.870,2,0,150.496,0,0,28,304,1,10,1
27-07 11:18:41,8.248,24.244,64.985,0,0,6379684,5195316,405360,4256892,45660.574,24688.363,0,223.949,0,11.997,4902,3880,1.200,1.840,1.870,1,0,134.969,0,0,28,304,1,10,1
27-07 11:18:42,10.241,22.230,65.191,0,0,6384528,5190328,405500,4256896,60701.210,33573.696,0,3344.981,0,160.855,4984,4173,1.180,1.830,1.860,1,0,100.909,0,0,28,304,1,10,1
27-07 11:18:43,23.016,10.257,64.795,0,0,6383836,5192928,405504,4255060,78116.796,40794.093,0,244.168,0,14.010,3753,3458,1.180,1.830,1.860,0,0,27.019,0,0,28,304,1,12,1
27-07 11:18:44,15.179,16.672,66.439,0,0,6384532,5192060,405516,4255212,95396.697,31331.420,0,1007.288,0,10.949,3474,3290,1.180,1.830,1.860,0,0,29.860,0,0,28,305,1,13,1
27-07 11:18:45,5.247,2.998,89.203,0.250,0,6384764,5191676,405556,4255324,65291.753,24033.394,0,215.887,0,25.986,2733,3701,1.180,1.830,1.860,0,0,0,0,0,28,305,1,13,1
27-07 11:18:46,14.834,11.062,73.163,0,0,6388220,5188204,405644,4255248,101306.536,547940.285,0,591.336,0,15.085,3624,3620,1.180,1.830,1.860,0,0,15.085,0,0,28,304,1,13,1
27-07 11:18:47,13.482,15.479,68.657,0,0,6380708,5195632,405676,4255312,181748.560,53200.570,0,631.141,0,31.956,4728,4710,1.170,1.810,1.860,1,0,44.939,0,0,28,304,1,13,1
27-07 11:18:48,10.015,24.037,63.597,0,0,6382132,5194196,405688,4255312,44684.214,22987.092,0,168.257,0,10.015,5350,3834,1.170,1.810,1.860,2,0,210.321,0,0,28,304,1,13,1
27-07 11:18:49,13.728,14.726,65.643,3.744,0,6381264,5193732,405960,4256220,29662.752,15119.408,1118.181,255.584,100.836,29.951,4058,3814,1.170,1.810,1.860,1,0,90.852,0,0,28,304,1,13,1
27-07 11:18:50,15.022,9.013,64.593,10.265,0,6379820,5193060,406196,4257688,31758.655,16506.729,1670.401,1301.872,193.278,137.197,3397,3326,1.170,1.810,1.860,3,0,2.003,0,0,28,304,1,13,1
27-07 11:18:51,10.718,6.231,69.293,10.219,0,6390528,5174272,406684,4264248,14930.430,7501.606,7058.928,79.762,671.994,2.991,3430,3707,1.170,1.810,1.860,1,0,0,0,0,28,304,1,13,1
27-07 11:18:52,20.580,8.784,67.765,1.757,0,6393056,5168012,406904,4265064,15155.213,7878.783,979.828,64.251,83.326,5.020,3459,3520,1.150,1.800,1.850,2,0,0,0,0,28,305,1,14,1
27-07 11:18:53,21.469,7.489,69.149,0,0,6386992,5174060,406932,4265052,30134.858,16911.228,0,319.532,0,20.969,3041,3054,1.150,1.800,1.850,1,0,3.994,0,0,28,304,1,14,1
27-07 11:18:54,33.794,8.761,56.573,0,0,6257680,5303320,406952,4265084,45745.911,22420.873,0,144.186,0,17.022,4013,3650,1.150,1.800,1.850,3,0,2.003,0,0,28,296,0,19,1
27-07 11:18:55,64.335,12.967,21.445,0,0,6009556,5551428,406972,4265140,44153.705,22177.095,0,219.437,0,19.949,4913,3374,1.150,1.800,1.850,4,0,7.980,0,0,28,282,0,20,1
27-07 11:18:56,82.974,16.092,0.754,0,0,6005932,5554900,406992,4265204,38968.648,445875.515,0,3693.101,0,161.925,6125,3928,1.150,1.800,1.850,4,0,6.034,0,0,28,278,0,20,1
27-07 11:18:57,81.871,17.668,0,0,0,6150820,5410000,407052,4265204,17017.135,67969.002,0,740.568,0,47.779,5419,3268,1.460,1.850,1.870,5,0,0.995,0,0,28,274,0,21,1
27-07 11:18:58,89.340,10.452,0,0,0,6156612,5403980,407052,4265432,15188.224,7328.333,0,0,0,0,5241,3200,1.460,1.850,1.870,5,0,3.982,0,0,28,272,0,24,1
27-07 11:18:59,82.042,17.616,0.252,0,0,6229692,5330396,407068,4265920,45159.600,23567.833,0,603.994,0,23.153,6055,6438,1.460,1.850,1.870,4,0,7.047,0,0,28,276,1,26,1
27-07 11:19:00,71.180,14.735,12.987,0,0,6304360,5254292,407136,4267288,30231.227,15189.041,0,1186.831,0,58.942,6035,7546,1.460,1.850,1.870,5,0,0.999,0,0,28,280,1,32,1
27-07 11:19:01,30.253,9.001,54.755,3.500,0,6317232,5240432,407240,4268172,31376.831,16668.504,0,1724.156,0,99.009,5913,8476,1.460,1.850,1.870,0,0,0,0,0,28,290,1,33,1
27-07 11:19:02,3.249,1.999,93.216,0.250,0,6317196,5240432,407272,4268176,14850.619,7367.330,0,463.832,0,24.991,1804,2521,1.340,1.820,1.860,0,0,1.999,0,0,28,290,1,33,1
27-07 11:19:03,2.250,1.500,94.745,0,0,6317192,5240432,407272,4268180,15241.159,7369.593,0,39.998,0,3.000,1586,2337,1.340,1.820,1.860,0,0,1.000,0,0,28,290,1,33,1
27-07 11:19:04,2.497,2.996,92.384,0,0,6317096,5240432,407360,4268188,15300.823,7426.692,0,1965.537,0,101.872,2031,3026,1.340,1.820,1.860,0,0,0,0,0,28,290,1,33,1
27-07 11:19:05,3.741,2.245,92.534,0,0,6317056,5240432,407400,4268188,15091.783,7492.516,0,502.827,0,33.921,1929,2822,1.340,1.820,1.860,0,0,1.995,0,0,28,290,1,33,1
27-07 11:19:06,3.259,4.763,90.999,0,0,6311480,5245996,407408,4268188,1175.215,74.203,0,15414.169,0,1455.983,4276,2328,1.340,1.820,1.860,3,0,0,0,0,28,290,1,33,1
27-07 11:19:07,2.743,1.496,93.777,0,0,6311480,5245996,407408,4268188,15606.843,7601.901,0,3.990,0,0.998,1468,2242,1.240,1.790,1.850,0,0,0,0,0,28,290,1,33,1
27-07 11:19:08,3.005,2.504,92.904,0,0,6311968,5245504,407408,4268192,594.985,0,0,80.133,0,6.010,1709,2487,1.240,1.790,1.850,1,0,2.003,0,0,28,290,1,33,1
27-07 11:19:09,2.751,2.501,93.029,0,0,6312168,5245264,407412,4268228,15131.719,7364.297,0,188.059,0,10.003,1655,2338,1.240,1.790,1.850,0,0,0,0,0,28,290,1,33,1
27-07 11:19:10,3.003,2.002,93.350,0,0,6312128,5245264,407448,4268232,1090.164,222.237,0,148.158,0,18.019,1633,2330,1.240,1.790,1.850,0,0,0,0,0,28,290,1,33,1
27-07 11:19:11,3.983,1.743,92.614,0,0,6312356,5245012,407472,4268232,14972.627,7749.716,0,585.561,0,25.892,1850,2596,1.240,1.790,1.850,0,0,0,0,0,28,290,1,33,1
27-07 11:19:12,5.276,3.015,90.443,0,0,6312592,5244760,407472,4268248,1698.317,1359.658,0,205.004,0,13.064,2068,2804,1.220,1.780,1.840,1,0,2.010,0,0,28,290,1,33,1
27-07 11:19:13,2.749,1.749,94.471,0,0,6313084,5244260,407480,4268248,418.871,0,0,43.986,0,2.999,1533,2254,1.220,1.780,1.840,0,0,1.000,0,0,28,290,1,33,1
27-07 11:19:14,7.216,4.728,86.091,0,0,6340520,5216792,407492,4268264,14964.915,7261.507,0,234.884,0,20.901,2263,3041,1.220,1.780,1.840,3,0,0,0,0,28,290,1,34,1
27-07 11:19:15,5.522,3.012,90.364,0.251,0,6348520,5208728,407540,4268280,628.530,148.598,0,771.104,0,59.238,2246,3141,1.220,1.780,1.840,0,0,2.008,0,0,28,290,1,34,1
27-07 11:19:16,2.754,2.003,93.620,0,0,6348508,5208728,407552,4268280,180.231,0,0,392.504,0,20.026,1794,2760,1.220,1.780,1.840,0,0,0,0,0,28,290,1,33,1
27-07 11:19:17,2.515,1.761,95.077,0,0,6345972,5211260,407552,4268284,15006.076,7503.541,0,4.024,0,1.006,1525,2282,1.120,1.750,1.830,0,0,0,0,0,28,290,1,33,1
27-07 11:19:18,2.732,1.242,93.371,0,0,6341988,5215236,407560,4268284,357.592,73.505,0,135.090,0,8.940,1569,2258,1.120,1.750,1.830,0,0,1.987,0,0,28,290,1,33,1
27-07 11:19:19,2.500,2.000,94.245,0,0,6338324,5218888,407572,4268284,538.973,0,0,263.987,0,13.999,1518,2265,1.120,1.750,1.830,0,0,0,0,0,28,290,1,33,1
27-07 11:19:20,10.252,7.251,81.015,0,0,6341940,5215272,407572,4270844,702.132,148.028,0,36.007,0,4.001,2552,5415,1.120,1.750,1.830,2,0,34.006,0,0,28,290,1,33,1
27-07 11:19:21,5.251,4.501,88.513,0,0,6326304,5230896,407584,4268284,14977.220,7459.106,0,88.013,0,10.001,2220,5992,1.120,1.750,1.830,0,0,4.001,0,0,28,290,1,34,1
27-07 11:19:22,2.996,2.247,93.620,0,0,6326264,5230896,407616,4268292,641.106,0,0,275.616,0,21.969,1742,2594,1.030,1.720,1.820,0,0,0,0,0,28,290,1,35,1
27-07 11:19:23,4.748,2.499,90.455,0,0,6326264,5230896,407616,4268292,2209.891,1352.322,0,0,0,0,1950,2591,1.030,1.720,1.820,0,0,0.999,0,0,28,290,1,35,1
27-07 11:19:24,2.501,2.001,94.287,0,0,6326244,5230896,407628,4268300,300.119,0,0,140.056,0,12.005,1675,2618,1.030,1.720,1.820,0,0,2.001,0,0,28,290,1,33,1
27-07 11:19:25,3.004,3.505,91.379,0.250,0,6326688,5230420,407656,4268304,15404.692,7682.818,0,2591.649,0,483.681,2821,2715,1.030,1.720,1.820,0,0,2.003,0,0,28,290,1,33,1
27-07 11:19:26,2.998,1.499,94.439,0,0,6326688,5230420,407664,4268296,239.845,0,0,35.977,0,3.997,1491,2200,1.030,1.720,1.820,0,0,0,0,0,28,290,1,33,1
27-07 11:19:27,1.998,2.747,93.889,0,0,6326656,5230420,407688,4268304,805.051,0,0,894.945,0,87.896,1698,2277,0.950,1.690,1.810,0,0,1.998,0,0,28,290,1,33,1
27-07 11:19:28,2.502,1.251,94.319,0,0,6326656,5230420,407688,4268304,240.176,0,0,0,0,0,1476,2146,0.950,1.690,1.810,1,0,1.001,0,0,28,290,1,33,1
27-07 11:19:29,4.254,6.757,87.335,0,0,6327120,5229916,407720,4268312,359.350,0,0,344.336,0,28.027,2328,3132,0.950,1.690,1.810,0,0,6.006,0,0,28,290,1,33,1
27-07 11:19:30,2.743,1.247,93.744,0,0,6327116,5229916,407724,4268312,299.184,189.483,0,91.750,0,12.965,1716,2543,0.950,1.690,1.810,0,0,0,0,0,28,290,1,33,1
27-07 11:19:31,6.999,13.248,77.738,0,0,6327828,5229192,407752,4268296,112186.245,36632.529,0,407.939,0,32.995,3981,3926,0.950,1.690,1.810,1,0,105.984,0,0,28,290,1,33,1
27-07 11:19:32,10.022,23.801,64.138,0,0,6332852,5224152,407752,4268312,44913.744,21935.248,0,4.009,0,1.002,5233,3922,0.950,1.680,1.810,1,0,208.449,0,0,28,290,1,33,1
27-07 11:19:33,21.256,7.002,69.271,0,0,6372416,5184588,407764,4268300,29605.978,15410.674,0,148.045,0,14.004,2814,2765,0.950,1.680,1.810,1,0,1.000,0,0,28,290,1,33,1
27-07 11:19:34,27.889,6.723,64.742,0,0,6405384,5151576,407780,4268328,49245.696,559797.523,0,286.857,0,14.940,3330,2908,0.950,1.680,1.810,3,0,2.988,0,0,28,290,1,33,1
27-07 11:19:35,23.802,6.013,68.901,0,0,6405520,5151324,407820,4268408,15068.050,7534.526,0,372.818,0,35.077,3320,3318,0.950,1.680,1.810,1,0,0,0,0,28,293,1,33,1
27-07 11:19:36,26.298,2.505,69.877,0,0,6405516,5151324,407820,4268416,15272.698,7309.256,0,4.007,0,1.002,2591,2235,0.950,1.680,1.810,2,0,0,0,0,28,295,1,32,1
27-07 11:19:37,20.749,10.499,66.996,0,0,6363172,5193660,407820,4268424,14914.161,7361.586,0,1123.937,0,252.986,4178,3043,1.040,1.680,1.810,2,0,81.995,0,0,28,296,1,32,1
27-07 11:19:38,8.992,25.726,61.942,0,0,6365728,5191100,407820,4268428,30261.462,15385.491,0,59.943,0,4.995,5418,4001,1.040,1.680,1.810,3,0,223.789,0,0,28,296,1,32,1
27-07 11:19:39,22.499,8.000,68.247,0,0,6413620,5143192,407840,4268424,45101.055,22151.045,0,239.990,0,13.999,2849,2671,1.040,1.680,1.810,1,0,0,0,0,28,296,1,32,1
27-07 11:19:40,23.784,5.508,69.600,0,0,6437848,5118956,407840,4268432,21951.589,11264.210,0,0,0,0,2747,2530,1.040,1.680,1.810,2,0,2.003,0,0,28,296,1,30,1
27-07 11:19:41,26.430,3.989,67.819,0.249,0,6434072,5122728,407852,4268424,23780.690,12043.936,0,187.501,0,20.944,3226,3101,1.040,1.680,1.810,2,0,0,0,0,28,298,1,30,1
27-07 11:19:42,6.979,14.457,76.275,0,0,6344256,5212372,407852,4268596,127441.838,48784.007,0,3.988,0,0.997,3860,3354,1.030,1.670,1.800,2,0,104.691,0,0,28,298,1,30,1
27-07 11:19:43,7.782,25.104,64.015,0.753,0,6346380,5210104,407996,4268596,61212.328,36250.021,140.582,116.482,5.021,5.021,5091,3851,1.030,1.670,1.800,1,0,188.781,0,0,28,298,1,30,1
27-07 11:19:44,8.721,24.667,63.038,0,0,6344540,5211892,408028,4268616,60570.753,37334.722,0,382.716,0,28.903,5512,4385,1.030,1.670,1.800,1,0,184.381,0,0,28,298,1,28,1
27-07 11:19:45,19.315,29.599,48.914,0,0,6369816,5186296,408072,4268892,54400.899,528728.902,0,465.557,0,36.121,6216,5543,1.030,1.670,1.800,2,0,175.587,0,0,28,298,1,28,1
27-07 11:19:46,13.407,25.296,58.940,0,0,6372896,5183320,408088,4268772,62043.658,39330.642,0,137.612,0,17.201,5575,4685,1.030,1.670,1.800,4,0,167.967,0,0,28,298,1,28,1
27-07 11:19:47,7.660,23.226,65.477,0,0,6364540,5191668,408088,4268780,60889.725,38400.386,0,0,0,0,5199,3960,1.190,1.690,1.810,1,0,178.887,0,0,28,298,1,28,1
27-07 11:19:48,7.262,24.040,66.360,0,0,6362692,5193496,408092,4268796,61927.459,38844.268,0,104.172,0,5.008,5189,3923,1.190,1.690,1.810,2,0,187.310,0,0,28,298,1,28,1
27-07 11:19:49,15.971,27.699,52.902,0,0,6361880,5194268,408100,4268828,45706.623,26712.687,0,343.366,0,16.969,5901,5046,1.190,1.690,1.810,3,0,199.631,0,0,28,300,1,26,1
27-07 11:19:50,19.499,26.499,50.998,0,0,6355480,5200624,408116,4268856,61168.128,37654.848,0,151.995,0,13.000,5925,5182,1.190,1.690,1.810,1,0,178.995,0,0,28,298,1,28,1
27-07 11:19:51,9.250,26.750,61.500,0,0,6349364,5206704,408148,4268860,60887.151,37680.093,0,96.000,0,12.000,5304,4098,1.190,1.690,1.810,1,1,210.001,0,0,28,298,1,28,1
27-07 11:19:52,7.513,25.044,64.614,0,0,6342000,5214040,408160,4268876,61913.010,37215.525,0,428.755,0,58.102,5379,4089,1.170,1.680,1.810,1,0,194.342,0,0,28,298,1,29,1
27-07 11:19:53,7.987,24.209,65.141,0,0,6343380,5212656,408160,4268880,55550.056,472543.358,0,0,0,0,5407,4169,1.170,1.680,1.810,3,0,175.706,0,0,28,298,1,28,1
27-07 11:19:54,9.974,19.698,67.075,0,0,6352176,5203836,408188,4268876,63259.506,162137.830,0,422.894,0,22.940,4445,3581,1.170,1.680,1.810,4,0,117.692,0,0,28,298,1,28,1
27-07 11:19:55,25.072,7.020,66.441,0,0,6398380,5157468,408336,4268892,45121.884,22394.463,0,2511.229,0,142.410,3588,3821,1.170,1.680,1.810,1,0,1.003,0,0,28,298,1,28,1
27-07 11:19:56,26.262,7.323,66.160,0,0,6422544,5133276,408352,4268904,31294.398,16239.108,0,121.210,0,13.131,3113,2880,1.170,1.680,1.810,3,0,0,0,0,28,298,1,28,1
27-07 11:19:57,23.671,5.425,67.560,0,0,6384448,5171348,408364,4268916,31127.903,15703.510,0,78.902,0,5.918,3105,2838,1.240,1.690,1.810,2,0,6.904,0,0,28,298,1,21,1
27-07 11:19:58,22.881,6.789,69.397,0,0,6390448,5165348,408364,4268916,60501.814,30196.597,0,0,0,0,2816,2679,1.240,1.690,1.810,2,0,0,0,0,28,298,1,21,1
27-07 11:19:59,24.746,5.499,68.489,0,0,6410808,5144976,408364,4268928,32375.629,16741.223,0,0,0,0,2887,2778,1.240,1.690,1.810,2,0,0,0,0,28,298,1,21,1
27-07 11:20:00,23.484,10.243,62.958,0.250,0,6413824,5141704,408560,4268984,15734.418,7504.952,0,1175.210,0,149.899,4870,5972,1.240,1.690,1.810,3,0,5.996,0,0,28,299,1,23,1
27-07 11:20:01,28.013,10.755,59.027,0,0,6376752,5178500,408680,4269140,15651.203,7365.389,0,744.343,0,91.042,4335,4436,1.240,1.690,1.810,1,0,22.010,0,0,28,297,1,12,1
27-07 11:20:02,23.176,5.794,69.529,0,0,6396144,5159096,408692,4269140,45347.310,23434.448,0,588.481,0,98.752,2996,2764,1.220,1.680,1.800,1,0,0,0,0,28,297,1,12,1
27-07 11:20:03,23.538,5.946,68.631,0,0,6419284,5135952,408692,4269144,29890.271,14622.051,0,0,0,0,2801,2465,1.220,1.680,1.800,1,0,2.973,0,0,28,297,1,12,1
27-07 11:20:04,24.053,7.517,68.400,0.501,0,6395300,5159824,408796,4269152,30452.880,15866.846,0,2244.930,0,112.247,3631,3501,1.220,1.680,1.800,1,0,25.055,0,0,28,297,1,12,1
27-07 11:20:05,21.837,7.693,67.248,0,0,6439216,5115884,408816,4269156,44861.820,23206.614,0,131.021,0,13.896,2953,3033,1.220,1.680,1.800,2,0,0,0,0,28,297,1,12,1
27-07 11:20:06,24.871,6.280,67.829,0,0,6460604,5094484,408820,4269164,42669.210,571696.264,0,176.859,0,15.073,3130,2984,1.220,1.680,1.800,1,0,2.010,0,0,28,297,1,12,1
27-07 11:20:07,20.280,5.508,73.357,0,0,6438404,5116748,408828,4269092,63321.660,33029.332,0,228.334,0,13.019,3075,3097,1.200,1.660,1.800,0,0,5.007,0,0,28,297,1,12,1
27-07 11:20:08,4.250,5.250,78.753,9.000,0,6420964,5128328,408836,4274912,82769.120,23206.875,5804.219,3760.142,48.002,632.024,3357,2727,1.200,1.660,1.800,0,1,10.000,0,0,28,297,1,12,1
27-07 11:20:09,8.476,9.474,58.836,20.942,0,6415132,5116628,408852,4292320,44203.682,21958.740,16557.807,131.633,157.560,10.969,3107,3011,1.200,1.660,1.800,0,1,0.997,0,0,28,297,1,12,1
27-07 11:20:10,5.261,4.510,69.401,18.290,0,6398884,5117908,408896,4307144,29716.735,14838.324,14247.036,260.568,135.295,27.059,2821,3274,1.200,1.660,1.800,1,0,0,0,0,28,297,1,12,1
27-07 11:20:11,6.744,8.742,68.937,13.737,0,6386152,5121312,408928,4316408,45080.635,22595.267,8388.303,571.476,91.916,36.966,2911,3095,1.200,1.660,1.800,2,1,3.996,0,0,28,297,1,12,1
27-07 11:20:12,2.503,3.505,69.843,22.280,0,6384616,5108160,408932,4331012,29913.774,14611.428,14134.794,8.011,134.178,2.003,2441,2819,1.190,1.650,1.800,1,1,0,0,0,28,297,1,12,1
27-07 11:20:13,8.009,9.010,69.328,12.264,0,6378200,5104188,408932,4341352,30285.179,15431.415,9018.178,4.005,86.097,1.001,2711,2741,1.190,1.650,1.800,0,1,3.003,0,0,28,297,1,12,1
27-07 11:20:14,3.999,3.499,68.228,21.993,0,6373556,5098300,408948,4351820,44193.511,22108.752,9748.804,511.832,105.965,22.992,2943,3462,1.190,1.650,1.800,0,1,2.999,0,0,28,297,1,13,1
27-07 11:20:15,11.737,10.987,62.179,13.235,0,6367640,5093216,408984,4362748,29677.107,14765.137,9664.962,391.553,93.893,33.961,3400,3613,1.190,1.650,1.800,0,1,1.998,0,0,28,297,1,13,1
27-07 11:20:16,3.503,4.003,70.054,20.766,0,6366040,5076040,409004,4381408,31078.965,15169.698,17881.789,172.133,221.171,17.013,2981,3312,1.190,1.650,1.800,1,1,0,0,0,28,297,1,13,1
27-07 11:20:17,7.236,9.481,66.618,14.471,0,6363860,5062740,409012,4396832,53494.094,459739.824,14706.884,135.731,154.694,11.976,3602,3539,1.170,1.640,1.790,1,0,4.990,0,0,28,297,1,12,1
27-07 11:20:18,10.336,10.840,66.049,12.353,0,6347756,5064252,409012,4411360,64466.271,113345.883,13839.123,4.034,147.225,1.008,3215,3070,1.170,1.640,1.790,1,0,2.017,0,0,28,297,1,12,1
27-07 11:20:19,3.477,4.470,69.788,20.365,0,6344504,5051160,409016,4427620,44494.188,22240.637,16089.394,325.841,160.934,18.875,2853,3038,1.170,1.640,1.790,1,0,1.987,0,0,28,297,1,12,1
27-07 11:20:20,3.500,4.500,69.003,20.501,0,6341412,5037552,409036,4444252,45029.680,22698.847,15064.562,236.009,165.006,25.001,3064,3524,1.170,1.640,1.790,0,1,2.000,0,0,28,297,1,12,1
27-07 11:20:21,15.507,11.755,53.525,17.758,0,6330272,5034788,409084,4458028,30066.801,15349.045,12529.751,544.250,129.059,37.017,4198,9594,1.170,1.640,1.790,0,1,36.017,0,0,28,297,1,12,1
27-07 11:20:22,4.247,5.496,69.944,17.986,0,6330164,5020704,409084,4472172,29508.384,15065.943,13121.499,3.997,138.889,0.999,2480,2875,1.160,1.630,1.790,2,0,0,0,0,28,297,1,13,1
27-07 11:20:23,13.510,15.511,69.799,0,0,6331124,5017680,409084,4474236,15225.720,7691.415,0,20.014,0,2.001,2553,2274,1.160,1.630,1.790,1,0,3.002,0,0,28,297,1,13,1
27-07 11:20:24,12.501,14.251,70.253,2.500,0,6330936,5014668,409096,4477404,15489.723,7620.356,996.047,256.012,13.001,13.001,2534,2390,1.160,1.630,1.790,1,1,2.000,0,0,28,297,1,13,1
27-07 11:20:25,2.749,4.999,67.981,21.244,0,6330108,5002736,409116,4490096,31962.200,15773.657,12600.531,307.915,124.966,24.993,2680,3215,1.160,1.630,1.790,1,0,1.999,0,0,28,297,1,12,1
27-07 11:20:26,3.749,5.749,69.240,20.247,0,6331672,4985864,409128,4505344,44729.560,23200.660,15037.835,123.982,160.977,8.999,2994,3100,1.160,1.630,1.790,0,1,3.999,0,0,28,297,1,12,1
27-07 11:20:27,3.003,5.256,69.329,20.023,0,6332160,4970252,409128,4520404,45635.847,22641.723,14824.843,12.014,150.171,2.002,2805,3026,1.230,1.640,1.790,0,1,2.002,0,0,28,297,1,12,1
27-07 11:20:28,3.975,3.478,68.072,21.863,0,6331508,4958924,409140,4532320,59444.194,29760.853,11706.386,2480.402,119.250,481.969,3245,3016,1.230,1.640,1.790,1,0,0,0,0,28,297,1,12,1
27-07 11:20:29,7.291,10.057,62.854,18.102,0,6332876,4943300,409140,4546496,31989.406,16671.017,14204.105,0,146.828,0,3400,3390,1.230,1.640,1.790,0,1,10.057,0,0,28,297,1,12,1
27-07 11:20:30,5.240,5.490,67.127,20.462,0,6333324,4932212,409160,4557052,72835.477,600010.052,10081.518,195.641,119.780,24.954,3426,3668,1.230,1.640,1.790,0,1,2.995,0,0,28,297,1,12,1
