"pcp-dstat 6.2.0 CSV Output"
"Author:","PCP team <pcp@groups.io> and Dag Wieers <dag@wieers.com>",,,,"URL:","https://pcp.io/ and http://dag.wieers.com/home-made/dstat/"
"Host:","ubuntu",,,,"User:","stack"
"Cmdline:","dstat -tcmndrylpg --tcp --output /opt/stack/logs/dstat-csv.log",,,,"Date:","04 Aug 2026 14:44:59 UTC"
"system","total usage",,,,,"memory usage",,,,"net/total",,"dsk/total",,"io/total",,"system",,"load avg",,,"procs",,,"paging",,"tcp sockets",,,,
"time","total usage:usr","total usage:sys","total usage:idl","total usage:wai","total usage:stl","used","free","buf","cach","net/total:recv","net/total:send","dsk/total:read","dsk/total:writ","read","writ","int","csw","1m","5m","15m","run","blk","new","in","out","lis","act","syn","tim","clo"
04-08 14:44:59,,1279640,11393388,145268,3334148,,,,,,,1.560,1.390,1.300,3,0,,,,12,4,0,9,2
04-08 14:45:00,23.583,23.583,51.180,0,0,1291104,11381824,145376,3334100,84016.135,39698.454,0,826.905,0,29.102,4601,2324,1.560,1.390,1.300,2,0,123.434,0,0,12,4,0,9,2
04-08 14:45:01,21.002,22.502,54.005,0.250,0,1291252,11381320,145440,3334328,71554.971,41159.010,0,904.088,0,25.002,4393,2328,1.560,1.390,1.300,2,0,122.012,0,0,12,4,0,9,2
04-08 14:45:02,21.908,26.441,50.616,0,0,1282848,11372000,145588,3351312,463616.639,48939.802,0,1430.340,0,33.240,4961,2540,1.560,1.390,1.300,2,0,129.939,0,0,12,4,0,9,2
04-08 14:45:03,28.393,24.442,44.194,0,0,1294344,11353128,145772,3357840,59692.670,576623.255,0,592.542,0,25.677,4987,2628,1.600,1.400,1.300,3,0,127.397,0,0,12,4,0,9,2
04-08 14:45:04,28.382,28.633,39.936,0,0,1267788,11368356,146376,3366676,61951.293,33149.262,0,10979.092,0,66.309,4459,2267,1.600,1.400,1.300,2,0,94.439,0,0,12,4,0,9,2
04-08 14:45:05,28.447,24.954,43.420,0,0,1275164,11353060,146568,3373748,61608.180,32890.236,0,1529.175,0,22.958,4437,2252,1.600,1.400,1.300,2,0,112.792,0,0,12,4,0,9,2
04-08 14:45:06,29.577,26.068,42.360,0.251,0,1285600,11332736,146728,3382196,46646.663,24940.048,0,368.962,0,16.042,4399,2192,1.600,1.400,1.300,3,0,99.259,0,0,12,4,0,9,2
04-08 14:45:07,42.210,19.346,36.682,0,0,1277136,11335900,146892,3387104,46219.630,23885.670,0,691.435,0,18.090,4073,4019,1.600,1.400,1.300,3,0,57.285,0,0,12,4,0,9,2
04-08 14:45:08,27.950,27.208,41.059,0,0,1280864,11315312,147344,3401836,45626.651,23668.634,0,1527.583,0,61.341,5003,2694,1.630,1.410,1.300,2,0,97.947,0,0,12,4,0,9,2
04-08 14:45:09,32.329,23.445,40.966,0.247,0,1275496,11311660,147844,3409428,60525.343,31484.748,0,3648.460,0,521.209,5728,3619,1.630,1.410,1.300,3,0,78.971,0,0,12,4,0,9,2
04-08 14:45:10,38.268,25.762,34.266,0,0,1281152,11298544,148220,3415320,46072.964,23650.275,0,1328.633,0,36.017,5160,4508,1.630,1.410,1.300,7,0,65.031,0,0,12,4,0,9,2
04-08 14:45:11,34.717,26.608,38.265,0,0,1309004,11250788,148672,3445116,46331.109,24466.045,0,956.869,0,34.464,5071,4244,1.630,1.410,1.300,2,0,67.913,0,0,13,4,0,9,2
04-08 14:45:12,27.717,20.725,49.441,0,0,1426808,11124452,148992,3564816,53193.293,461528.252,0,1006.794,0,29.964,4474,3229,1.630,1.410,1.300,4,0,54.934,0,0,13,6,0,9,2
04-08 14:45:13,38.637,13.548,46.665,0.251,0,1431244,11115212,149344,3568556,66312.619,161018.697,0,1148.062,0,39.138,3668,2094,1.660,1.420,1.310,2,0,30.107,0,0,13,6,0,9,2
04-08 14:45:14,37.694,12.981,46.431,1.248,0,1408520,11153536,149428,3552924,62428.184,34353.924,926.622,271.596,11.982,12.981,3464,1844,1.660,1.420,1.310,4,0,26.960,0,0,13,4,0,9,0
04-08 14:45:15,32.042,26.284,39.802,0,0,1419284,11142748,149428,3552944,61748.275,32284.971,0,32730.551,0,301.392,4610,2257,1.660,1.420,1.310,3,0,96.125,0,0,13,4,0,9,0
04-08 14:45:16,29.453,21.715,46.925,0,0,1417428,11144628,149492,3552944,47817.433,27575.845,0,3446.481,0,35.942,4334,2601,1.660,1.420,1.310,2,0,104.832,0,0,13,5,0,11,0
04-08 14:45:17,33.000,8.000,54.250,4.250,0,1429020,11131240,149548,3554684,67351.550,34362.771,647.996,307.998,33.000,7.000,2827,1605,1.660,1.420,1.310,2,0,11.000,0,0,13,5,0,11,0
04-08 14:45:18,37.092,10.526,47.367,3.509,0,1437340,11114228,149756,3562252,32024.045,16812.498,2750.790,1796.434,128.317,19.047,3236,1826,1.690,1.430,1.310,2,0,4.010,0,0,13,4,0,11,0
04-08 14:45:19,41.116,11.031,45.628,0.752,0,1454396,11094912,149832,3563852,46504.960,23069.966,862.429,722.033,70.198,13.037,4267,4400,1.690,1.430,1.310,3,0,6.017,0,0,13,4,0,11,0
04-08 14:45:20,40.150,15.960,38.404,0.998,0,1487364,11059428,149956,3565752,30829.949,16158.616,187.531,6208.484,5.985,22.943,5956,8998,1.690,1.430,1.310,3,0,13.965,0,0,13,4,0,11,0
04-08 14:45:21,42.970,8.244,47.717,0,0,1483592,11062996,149956,3565888,16056.862,8718.952,15.989,135.906,0.999,3.997,2791,1268,1.690,1.430,1.310,3,0,2.998,0,0,13,4,0,11,0
04-08 14:45:22,35.486,22.086,34.494,1.489,0,1503784,11036076,152948,3569348,55311.889,161184.976,0,21448.581,0,1310.261,13117,20760,1.690,1.430,1.310,4,0,21.838,0,0,13,6,0,11,0
04-08 14:45:23,31.164,24.379,36.191,3.016,0,1503220,11028348,157596,3572696,49102.893,441120.790,0,24207.634,0,2019.649,12414,16019,1.790,1.460,1.320,4,0,45.239,0,0,13,6,0,11,0
04-08 14:45:24,36.189,17.351,34.454,6.445,0,1496276,11035968,162204,3568064,15813.070,8133.088,0,32833.760,0,2130.685,11661,16036,1.790,1.460,1.320,7,0,22.804,0,0,13,6,0,11,0
04-08 14:45:25,43.049,11.902,39.503,3.292,0,1457516,11072336,164348,3568312,62366.724,36518.344,0,15833.766,0,1067.604,7358,8739,1.790,1.460,1.320,2,0,25.323,0,0,13,6,0,11,0
04-08 14:45:26,30.763,21.009,45.769,0,0,1393728,11136116,164396,3568268,46135.853,25351.360,0,620.253,0,29.012,4085,2269,1.790,1.460,1.320,2,0,92.038,0,0,13,4,0,11,0
04-08 14:45:27,34.955,16.729,46.191,0,0,1421164,11108092,164920,3568316,49648.478,27471.852,0,6639.505,0,326.582,4324,2898,1.790,1.460,1.320,4,0,51.934,0,0,13,4,0,11,0
04-08 14:45:28,21.509,5.752,71.780,0,0,1453252,11075968,164952,3568316,57629.065,30265.638,0,200.084,0,12.005,2074,1619,1.730,1.450,1.320,1,0,0,0,0,13,4,0,11,0
04-08 14:45:29,22.475,3.746,72.420,0,0,1465136,11064076,164960,3568316,30590.089,16129.120,0,83.907,0,3.996,1792,1280,1.730,1.450,1.320,1,0,0,0,0,13,4,0,11,0
04-08 14:45:30,24.231,2.748,71.943,0,0,1464352,11064848,164964,3568324,31434.182,18126.689,0,0,0,0,1846,1197,1.730,1.450,1.320,1,0,1.998,0,0,13,4,0,10,0
04-08 14:45:31,19.764,8.256,70.549,0,0,1412824,11116360,164964,3568304,46718.350,24415.907,0,4.003,0,1.001,2346,1562,1.730,1.450,1.320,1,0,12.008,0,0,13,4,0,10,0
04-08 14:45:32,21.527,5.006,72.341,0,0,1414232,11114952,164964,3568304,45946.535,24409.566,0,0,0,0,1925,1422,1.730,1.450,1.320,1,0,0,0,0,13,4,0,10,0
04-08 14:45:33,21.144,5.473,71.890,0,0,1439716,11089468,164964,3568304,30855.695,16293.518,0,7.960,0,1.990,1953,1401,1.670,1.440,1.320,2,0,2.985,0,0,13,4,0,10,0
04-08 14:45:34,25.092,4.517,70.257,0,0,1430852,11098312,164976,3568312,41801.926,461248.412,0,84.308,0,2.007,2345,1852,1.670,1.440,1.320,1,0,1.004,0,0,13,4,0,6,0
04-08 14:45:35,15.534,14.282,68.150,0,0,1333124,11195508,165568,3568252,49480.235,157258.172,0,7264.037,0,364.805,4114,3473,1.670,1.440,1.320,1,0,62.137,0,0,13,4,0,6,0
04-08 14:45:36,6.740,26.710,63.904,0,0,1323928,11204612,165576,3568332,61773.922,35868.954,0,28868.502,0,95.856,4401,2682,1.670,1.440,1.320,1,0,131.801,0,0,13,4,0,6,0
04-08 14:45:37,6.479,24.670,66.285,0,0,1324772,11203660,165576,3568440,46858.264,24918.310,3.987,11.961,0.997,2.990,4133,2522,1.670,1.440,1.320,2,0,121.606,0,0,13,4,0,6,0
04-08 14:45:38,7.512,24.037,67.604,0,0,1325672,11202616,165576,3568580,61480.861,32156.616,0,12.019,0,3.005,4136,2545,1.700,1.450,1.320,1,0,117.181,0,0,13,4,0,6,0
04-08 14:45:39,7.020,23.566,66.435,0,0,1324776,11203508,165576,3568588,46647.989,24220.493,0,24.067,0,5.014,4033,2417,1.700,1.450,1.320,1,0,116.324,0,0,13,4,0,6,0
04-08 14:45:40,7.484,23.950,66.363,0,0,1326272,11201972,165576,3568628,61942.707,32910.837,7.983,874.189,0.998,180.626,4327,2539,1.700,1.450,1.320,1,0,121.748,0,0,13,4,0,6,0
04-08 14:45:41,17.535,28.056,53.357,0.251,0,1327340,11200856,165584,3569096,45619.712,23800.848,0,42665.773,0,138.278,4802,4642,1.700,1.450,1.320,1,0,74.149,0,0,13,4,0,6,0
04-08 14:45:42,18.764,23.768,56.543,0,0,1328560,11199644,165584,3569092,45623.998,23687.170,0,10103.751,0,8.006,4717,4586,1.700,1.450,1.320,2,0,65.050,0,0,13,4,0,6,0
04-08 14:45:43,23.249,17.313,52.186,3.463,0,1357300,11169064,165588,3570928,57681.134,525960.336,1796.569,7.914,22.754,1.979,4223,2840,1.640,1.440,1.320,6,0,40.561,0,0,13,4,0,6,0
04-08 14:45:44,47.230,24.499,25.257,1.768,0,1411048,11114128,165588,3572116,52676.785,62800.758,1188.084,0,16.164,0,4715,2349,1.640,1.440,1.320,2,0,92.945,0,0,13,5,0,6,0
04-08 14:45:45,41.911,9.230,46.900,0,0,1471276,11053900,165588,3572116,44586.323,22845.489,0,7.983,0,1.996,2904,1470,1.640,1.440,1.320,2,0,1.996,0,0,13,5,0,6,0
04-08 14:45:46,45.517,4.002,48.018,1.250,0,1489372,11035252,165632,3572608,33162.567,15089.718,20.008,1180.447,4.002,9.003,2699,1102,1.640,1.440,1.320,4,0,0,0,0,13,5,0,3,0
04-08 14:45:47,39.250,14.750,45.249,0,0,1504372,11019684,165632,3573192,23294.727,12863.849,491.994,15875.814,4.000,297.997,3182,1752,1.640,1.440,1.320,3,0,0,0,0,13,5,0,3,0
04-08 14:45:48,39.561,13.607,46.113,0,0,1518428,11004060,165696,3574692,16870.682,7698.547,0,4.032,0,1.008,3151,2587,1.670,1.450,1.320,2,0,2.016,0,0,13,5,0,3,0
04-08 14:45:49,33.317,14.669,50.721,0,0,1542344,10978860,165724,3575856,15561.488,7949.318,0,0,0,0,4095,3596,1.670,1.450,1.320,1,0,58.678,0,0,13,6,0,3,0
04-08 14:45:50,24.733,19.237,45.719,6.745,0,1564760,10955692,165856,3576456,47422.729,26882.706,723.508,0,14.990,0,3814,2382,1.670,1.450,1.320,1,0,80.945,0,0,14,8,0,3,0
04-08 14:45:51,33.467,14.236,50.700,0,0,1615076,10905304,165872,3576464,46109.357,23799.441,0,1138.873,0,3.996,3631,12046,1.670,1.450,1.320,2,0,37.962,0,0,14,8,0,4,0
04-08 14:45:52,21.286,6.511,71.371,0,0,1648840,10871536,165872,3576468,30616.792,15521.256,0,1718.908,0,6.010,1962,1438,1.670,1.450,1.320,2,0,0,0,0,14,8,0,4,0
04-08 14:45:53,23.997,3.750,71.991,0,0,1659676,10860700,165872,3576468,31771.834,16300.862,0,3.999,0,1.000,1968,1412,1.620,1.440,1.320,1,0,1.000,0,0,14,8,0,4,0
04-08 14:45:54,25.223,2.997,71.174,0,0,1665300,10854832,165872,3576704,16655.154,8675.704,0,1638.245,0,3.996,1939,1186,1.620,1.440,1.320,1,0,2.997,0,0,14,10,0,4,0
04-08 14:45:55,24.759,6.252,66.274,0.750,0,1677348,10842036,166408,3576940,62140.624,46339.871,208.076,8271.011,15.005,1051.383,5767,5103,1.620,1.440,1.320,1,0,1.000,0,0,14,14,0,3,0
04-08 14:45:56,28.737,11.745,55.976,0.250,0,1645040,10874296,166496,3576900,46522.763,25563.880,0,519.774,0,39.983,4045,3512,1.620,1.440,1.320,1,0,41.982,0,0,14,14,0,5,0
04-08 14:45:57,19.274,8.010,70.087,1.502,0,1642572,10876564,166536,3577024,55159.086,595340.861,96.119,688.850,13.016,12.015,2284,1656,1.620,1.440,1.320,1,0,3.004,0,0,14,14,0,5,0
04-08 14:45:58,22.233,2.748,71.944,1.998,0,1653328,10865420,166696,3577228,29890.870,14736.596,363.719,2034.426,12.990,84.934,1825,1334,1.570,1.440,1.320,1,0,0,0,0,14,14,0,5,0
04-08 14:45:59,21.749,5.500,71.998,0,0,1670488,10847812,166728,3577596,15478.602,7361.811,0,627.984,0,13.000,2502,2283,1.570,1.440,1.320,1,0,1.000,0,0,14,14,0,5,0
04-08 14:46:00,9.003,3.251,72.527,14.755,0,1667628,10850348,166748,3577832,15443.722,7512.783,252.093,8.003,62.023,1.000,1362,1190,1.570,1.440,1.320,0,1,2.001,0,0,14,14,0,5,0
04-08 14:46:01,16.231,4.495,70.666,6.492,0,1664056,10853456,166780,3578064,15187.040,7353.304,191.773,882.956,47.943,4.994,2479,2639,1.570,1.440,1.320,1,0,0,0,0,14,21,0,5,0
04-08 14:46:02,23.031,4.005,71.595,0,0,1662360,10855140,166780,3578076,14995.922,7696.224,0,8.011,0,1.001,2774,2647,1.570,1.440,1.320,1,0,0,0,0,14,20,0,5,0
04-08 14:46:03,15.493,12.494,70.718,0,0,1634468,10883028,166780,3578080,30567.304,16086.792,0,0,0,0,2628,1883,1.520,1.430,1.320,1,0,45.979,0,0,14,20,0,5,0
04-08 14:46:04,21.759,5.002,72.031,0,0,1634464,10883028,166780,3578080,29724.733,15444.616,0,0,0,0,1777,1227,1.520,1.430,1.320,2,0,0,0,0,14,20,0,5,0
04-08 14:46:05,21.255,6.251,71.266,0,0,1645828,10871476,166836,3578212,30179.979,15265.530,0,532.123,0,32.007,2608,2519,1.520,1.430,1.320,2,0,0,0,0,14,20,0,5,0
04-08 14:46:06,21.970,6.990,69.405,0,0,1646532,10870720,166836,3578260,15217.085,7513.673,0,0,0,0,3219,3288,1.520,1.430,1.320,1,0,1.997,0,0,14,20,0,5,0
04-08 14:46:07,15.437,21.413,61.251,0,0,1597200,10920008,166836,3578272,14974.162,7589.166,0,51.790,0,6.972,3898,2336,1.520,1.430,1.320,4,0,145.409,0,0,14,20,0,5,0
04-08 14:46:08,38.140,13.387,48.243,0,0,1653580,10863616,166844,3578276,46898.659,24617.780,0,109.116,0,3.031,3015,1635,1.640,1.460,1.330,4,0,10.103,0,0,14,20,0,5,0
04-08 14:46:09,42.175,8.435,46.144,0,0,1720544,10796640,166844,3578288,29483.851,14837.688,0,0,0,0,3497,2296,1.640,1.460,1.330,4,0,1.985,0,0,14,21,0,5,0
04-08 14:46:10,43.444,8.192,46.175,0,0,1720532,10796640,166844,3578300,25464.593,12903.093,0,0,0,0,4799,4392,1.640,1.460,1.330,2,0,0,0,0,14,21,0,5,0
04-08 14:46:11,45.654,8.828,43.636,0,0,1724216,10792860,166876,3578364,19436.967,9352.748,0,246.178,0,16.143,6803,7734,1.640,1.460,1.330,2,0,0,0,0,14,21,0,5,0
04-08 14:46:12,31.627,29.635,35.114,0,0,1626544,10890452,166932,3578384,23893.271,10013.139,0,322.747,0,26.896,4810,3084,1.640,1.460,1.330,5,0,193.250,0,0,14,20,0,5,0
04-08 14:46:13,53.607,42.987,4.046,0,0,1702716,10814272,166948,3578376,55580.121,30879.531,0,178.015,0,14.160,5200,3241,1.830,1.500,1.340,5,0,244.771,0,0,14,20,0,5,0
04-08 14:46:14,70.624,28.002,0.496,0,0,1856724,10660180,166972,3578412,60182.658,583282.919,0,340.978,0,17.842,5600,3690,1.830,1.500,1.340,8,0,144.718,0,0,14,22,0,5,0
04-08 14:46:15,84.100,16.115,0.252,0,0,1981416,10535452,166980,3578420,41488.946,23499.626,0,60.431,0,4.029,5626,3770,1.830,1.500,1.340,6,0,2.014,0,0,14,22,0,5,0
04-08 14:46:16,82.619,14.931,1.742,0,0,2035392,10481300,166980,3578592,29396.356,15301.395,0,2154.061,0,397.167,6815,9505,1.830,1.500,1.340,7,0,0,0,0,14,22,0,5,0
04-08 14:46:17,79.023,18.623,2.768,0,0,2028480,10488020,167084,3578672,15014.329,7996.905,0,483.197,0,45.300,6548,8883,1.830,1.500,1.340,4,0,100.666,0,0,14,20,0,5,0
04-08 14:46:18,54.134,16.638,27.315,0,0,1802756,10713628,167176,3578692,44781.263,23930.223,0,520.481,0,41.718,5226,5568,1.840,1.510,1.340,2,0,115.221,0,0,14,20,0,5,0
04-08 14:46:19,16.992,18.242,64.221,0,0,1766776,10749588,167192,3578696,60073.473,31395.614,0,191.912,0,9.995,3148,2223,1.840,1.510,1.340,1,0,95.956,0,0,14,20,0,3,0
04-08 14:46:20,22.762,8.004,68.035,0,0,1768552,10747584,167240,3578824,31226.975,15393.875,0,668.342,0,30.015,2170,1406,1.840,1.510,1.340,1,0,6.003,0,0,14,20,0,3,0
04-08 14:46:21,22.241,5.248,71.720,0,0,1772668,10743460,167240,3578832,29698.756,14909.853,0,0,0,0,2578,2284,1.840,1.510,1.340,1,0,1.999,0,0,14,21,0,3,0
04-08 14:46:22,24.241,2.999,68.476,2.749,0,1762532,10753524,167296,3578848,15879.398,7815.243,0,231.918,0,21.992,3249,3405,1.840,1.510,1.340,2,0,0,0,0,14,20,0,3,0
04-08 14:46:23,12.750,17.000,69.749,0,0,1708344,10807712,167296,3578848,30991.723,16685.851,0,2771.975,0,308.997,3262,2010,1.780,1.500,1.340,1,0,68.999,0,0,14,20,0,3,0
04-08 14:46:24,21.517,5.254,72.806,0,0,1728432,10787652,167312,3578848,29614.726,15221.681,0,152.117,0,7.005,1886,1277,1.780,1.500,1.340,1,0,2.002,0,0,14,20,0,3,0
04-08 14:46:25,22.005,5.251,71.767,0,0,1733788,10782284,167320,3578852,31173.215,16043.713,0,40.009,0,4.001,2392,2002,1.780,1.500,1.340,1,0,0,0,0,14,20,0,3,0
04-08 14:46:26,22.504,5.751,70.263,0.250,0,1691908,10824068,167392,3578872,29819.720,14660.812,0,336.064,0,30.006,3786,4177,1.780,1.500,1.340,1,0,10.002,0,0,14,20,0,3,0
04-08 14:46:27,5.497,26.484,66.461,0,0,1676480,10839480,167408,3578872,16108.433,9742.214,0,487.710,0,8.995,4601,2623,1.780,1.500,1.340,1,0,180.893,0,0,14,20,0,3,0
04-08 14:46:28,6.747,26.987,63.970,0.250,0,1651884,10864008,167472,3578872,74154.707,607832.711,0,1023.513,0,37.982,5210,3138,1.710,1.490,1.340,1,0,179.914,0,0,14,20,0,3,0
04-08 14:46:29,6.255,28.023,63.552,0,0,1627636,10888228,167504,3578868,45708.146,24285.736,0,192.156,0,16.013,4692,2917,1.710,1.490,1.340,5,0,196.159,0,0,14,20,0,3,0
04-08 14:46:30,26.369,45.026,27.115,0,0,1631340,10884496,167512,3578884,59930.409,31591.131,0,95.526,0,9.951,5405,3138,1.710,1.490,1.340,5,0,253.740,0,0,14,20,0,3,0
04-08 14:46:31,62.825,36.837,1.262,0,0,1759592,10756232,167512,3578896,50017.914,25541.835,0,12.111,0,3.028,5152,3022,1.710,1.490,1.340,7,0,222.033,0,0,14,20,0,3,0
04-08 14:46:32,81.124,17.668,0.498,0,0,1882724,10633084,167512,3578912,40603.847,22246.911,0,3.982,0,0.995,5792,4036,1.710,1.490,1.340,5,0,0,0,0,14,22,0,4,0
04-08 14:46:33,82.116,14.726,2.995,0,0,1974908,10540864,167512,3578948,29662.749,15382.977,0,219.643,0,1.997,7403,7629,1.980,1.550,1.360,4,0,2.995,0,0,14,24,0,4,0
04-08 14:46:34,68.813,14.461,15.209,0,0,1969772,10545936,167544,3578992,14815.665,7276.191,0,147.598,0,11.967,7784,9732,1.980,1.550,1.360,5,0,29.919,0,0,14,23,0,4,0
04-08 14:46:35,80.942,16.289,2.005,0,0,1919444,10596116,167632,3579044,25962.530,13594.218,0,364.865,0,38.090,6808,10637,1.980,1.550,1.360,6,0,30.071,0,0,14,22,0,4,0
04-08 14:46:36,73.960,26.252,0.757,0,0,1825804,10689672,167712,3579044,4431.537,1829.561,0,395.799,0,35.339,5698,4322,1.980,1.550,1.360,8,0,152.463,0,0,14,20,0,4,0
04-08 14:46:37,72.475,27.147,0.498,0,0,1900420,10615028,167728,3579056,59533.292,32632.282,0,207.214,0,10.958,5842,4572,1.980,1.550,1.360,6,0,100.619,0,0,14,20,0,4,0
04-08 14:46:38,82.394,16.429,0.498,0,0,1986308,10529108,167744,3579068,29405.015,15031.089,0,159.312,0,8.961,6427,6925,2.300,1.620,1.390,7,0,0,0,0,14,21,0,4,1
04-08 14:46:39,81.823,16.063,1.506,0,0,2046964,10468164,167760,3579336,30641.942,15085.542,0,156.618,0,8.032,7403,8604,2.300,1.620,1.390,5,0,38.151,0,0,14,24,0,4,0
04-08 14:46:40,74.967,16.243,7.747,0,0,2028560,10486380,167776,3579508,54306.156,449630.580,0,151.933,0,6.997,7422,10314,2.300,1.620,1.390,3,0,50.978,0,0,14,24,0,4,0
04-08 14:46:41,54.575,17.195,26.166,0,0,1948172,10566660,167832,3579556,48108.657,146458.130,0,5151.473,0,705.736,8572,8408,2.300,1.620,1.390,2,0,63.795,0,0,14,23,0,5,0
04-08 14:46:42,49.501,23.750,25.250,0,0,1721040,10793708,167888,3579580,60169.143,32086.609,0,360.007,0,24.000,6555,5763,2.300,1.620,1.390,2,0,126.002,0,0,14,20,0,5,0
04-08 14:46:43,36.031,15.764,47.541,0,0,1730240,10784496,167904,3579580,44305.653,22201.369,0,192.168,0,9.008,3263,1879,2.270,1.630,1.390,2,0,25.022,0,0,14,20,0,5,0
04-08 14:46:44,42.952,9.240,47.447,0.250,0,1758184,10756496,167960,3579580,29439.387,15061.315,0,747.172,0,36.959,3433,2266,2.270,1.630,1.390,2,0,0,0,0,14,20,0,5,0
04-08 14:46:45,42.734,9.193,45.964,0,0,1758376,10756272,167976,3579596,15124.898,7463.564,0,51.678,0,5.963,5036,4868,2.270,1.630,1.390,2,0,1.988,0,0,14,22,0,5,0
04-08 14:46:46,38.153,16.818,44.177,0,0,1719064,10795088,168304,3579752,15128.780,7391.696,0,3843.441,0,377.517,5632,5271,2.270,1.630,1.390,2,0,73.294,0,0,14,21,0,5,0
04-08 14:46:47,42.681,43.186,13.385,0,0,1738856,10775276,168320,3579756,62838.069,33686.450,0,169.715,0,12.123,5881,4949,2.270,1.630,1.390,5,0,248.512,0,0,14,20,0,5,0
04-08 14:46:48,64.335,21.610,13.662,0,0,1762768,10751344,168324,3579772,44455.024,24330.933,0,67.564,0,4.968,4332,2086,2.330,1.650,1.400,3,0,60.609,0,0,14,20,0,5,0
04-08 14:46:49,63.521,11.504,24.008,0,0,1818600,10695440,168368,3579796,44341.648,22447.415,0,336.111,0,19.006,4930,3790,2.330,1.650,1.400,3,0,0,0,0,14,24,0,5,0
04-08 14:46:50,62.745,10.208,24.152,0,0,1818800,10695188,168392,3579824,15154.386,7802.278,0,87.644,0,8.964,6945,7056,2.330,1.650,1.400,2,0,0.996,0,0,14,27,0,5,0
04-08 14:46:51,52.250,12.621,33.824,0,0,1843896,10670000,168432,3582292,30894.586,15530.590,0,129.236,0,15.145,6864,13006,2.330,1.650,1.400,6,0,36.348,0,0,14,26,0,7,0
04-08 14:46:52,51.890,28.035,16.969,0,0,1631516,10882268,168536,3579864,15336.747,8396.798,0,448.564,0,43.282,6288,10829,2.330,1.650,1.400,4,0,164.277,0,0,14,24,0,8,0
04-08 14:46:53,69.361,31.759,0.254,0,0,1742288,10771472,168552,3579872,61171.008,474369.782,0,215.452,0,8.130,5188,2612,2.470,1.690,1.410,5,0,96.547,0,0,14,24,0,8,0
04-08 14:46:54,82.853,14.884,1.240,0,0,1896332,10617328,168624,3579896,43160.898,153334.405,0,928.746,0,45.644,5308,3302,2.470,1.690,1.410,4,0,1.985,0,0,14,25,0,11,0
04-08 14:46:55,66.840,12.720,18.955,0,0,1899408,10614092,168624,3580056,15059.004,8174.460,0,11.971,0,1.995,6119,6302,2.470,1.690,1.410,4,0,0,0,0,14,28,0,12,0
04-08 14:46:56,48.997,7.710,39.795,0,0,1899324,10614092,168672,3580088,29380.575,14744.010,0,202.954,0,18.903,6917,7643,2.470,1.690,1.410,3,0,0,0,0,14,27,0,11,0
04-08 14:46:57,60.482,23.689,15.120,0,0,1866024,10647344,168688,3580116,19191.819,8410.974,0,161.284,0,9.072,6516,7633,2.470,1.690,1.410,10,0,129.027,0,0,14,26,0,12,0
04-08 14:46:58,61.382,33.961,5.534,0,0,1744620,10768696,168736,3580120,57644.544,33216.604,0,837.207,0,22.138,5432,4257,2.590,1.730,1.430,3,0,199.239,0,0,14,24,0,12,0
04-08 14:46:59,60.727,14.376,23.547,0,0,1831988,10681264,168768,3580152,43906.503,22335.457,0,309.333,0,46.598,4023,2026,2.590,1.730,1.430,3,0,0,0,0,14,25,0,12,0
04-08 14:47:00,62.437,11.940,23.383,0,0,1861116,10651968,168792,3580292,29880.366,15486.447,0,350.246,0,14.925,5696,4814,2.590,1.730,1.430,3,0,1.990,0,0,14,26,0,12,0
04-08 14:47:01,64.880,9.770,23.297,0,0,1856492,10656460,168880,3580332,16311.625,7617.235,0,360.721,0,37.074,7692,7896,2.590,1.730,1.430,3,0,0,0,0,14,26,0,13,0
04-08 14:47:02,49.849,32.152,16.201,0,0,1715688,10797204,168928,3580344,45861.660,23604.284,0,362.897,0,22.930,6774,7063,2.590,1.730,1.430,4,0,190.421,0,0,14,25,0,13,0
04-08 14:47:03,64.388,28.533,7.575,0,0,1724656,10788204,168944,3580360,61193.360,31768.795,0,197.962,0,9.090,4905,3187,2.700,1.770,1.440,3,0,112.111,0,0,14,24,0,13,0
04-08 14:47:04,63.943,10.990,23.979,0,0,1813916,10698784,168960,3580500,44228.365,22192.113,0,143.871,0,6.994,4179,2839,2.700,1.770,1.440,3,0,0,0,0,14,24,0,13,0
04-08 14:47:05,59.900,10.982,27.953,0,0,1820408,10692232,168976,3580540,30478.109,15787.639,0,135.773,0,8.985,6575,6700,2.700,1.770,1.440,3,0,0,0,0,14,27,0,13,0
04-08 14:47:06,51.703,21.770,23.007,0,0,1774568,10737900,169040,3580608,15023.994,7605.507,0,356.230,0,28.696,7306,7971,2.700,1.770,1.440,6,0,94.005,0,0,14,26,0,13,0
04-08 14:47:07,53.768,36.855,9.088,0,0,1738716,10773716,169056,3580628,60306.299,586030.814,0,4479.175,0,653.297,7019,4368,2.700,1.770,1.440,3,0,195.888,0,0,14,24,0,13,0
04-08 14:47:08,61.185,15.296,24.073,0,0,1810680,10701732,169072,3580632,44877.877,22508.148,0,144.437,0,7.021,3757,1645,2.730,1.790,1.450,3,0,0,0,0,14,24,0,13,0
04-08 14:47:09,62.642,12.278,24.305,0,0,1847100,10665276,169128,3580612,29802.345,15410.824,0,697.576,0,34.077,4788,3922,2.730,1.790,1.450,3,0,2.005,0,0,14,25,0,14,0
04-08 14:47:10,54.898,9.440,33.287,0,0,1846888,10665276,169144,3580808,15220.457,7396.598,0,59.618,0,6.955,7204,7957,2.730,1.790,1.450,3,0,0,0,0,14,27,0,15,0
04-08 14:47:11,55.430,17.056,25.834,0.251,0,1727232,10784868,169232,3580780,15023.891,7482.349,0,449.463,0,38.124,6514,5821,2.730,1.790,1.450,3,0,59.193,0,0,14,24,0,15,0
04-08 14:47:12,54.108,24.663,21.895,0,0,1719516,10792524,169248,3580824,59768.491,29571.677,0,120.799,0,7.047,4413,2199,2.730,1.790,1.450,4,0,55.366,0,0,14,24,0,15,0
04-08 14:47:13,62.775,12.455,23.665,0,0,1820732,10691248,169288,3580840,30384.335,16638.495,0,418.503,0,23.914,4377,2593,2.750,1.810,1.460,3,0,0.996,0,0,14,25,0,15,0
04-08 14:47:14,61.280,10.961,25.409,0,0,1825728,10686220,169288,3580872,14846.727,7532.970,0,0,0,0,6663,6858,2.750,1.810,1.460,3,0,0,0,0,14,26,0,15,0
04-08 14:47:15,56.365,12.275,29.811,0,0,1754416,10757412,169376,3580904,15065.758,7501.314,0,392.802,0,37.076,7154,7348,2.750,1.810,1.460,3,0,38.078,0,0,14,25,0,15,0
04-08 14:47:16,51.254,42.963,5.276,0,0,1729504,10782304,169392,3580908,45802.634,25747.400,0,176.875,0,14.070,5538,4260,2.750,1.810,1.460,5,0,293.452,0,0,14,24,0,15,0
04-08 14:47:17,69.001,31.250,0,0,0,1823220,10688532,169420,3580924,60815.689,32888.373,0,2164.025,0,378.004,5913,3371,2.750,1.810,1.460,6,0,203.002,0,0,14,24,0,15,0
04-08 14:47:18,69.707,29.732,0.250,0,0,1926696,10585024,169452,3580936,45541.821,24708.711,0,455.718,0,22.986,5811,4876,3.090,1.900,1.490,7,0,161.900,0,0,14,24,0,15,0
04-08 14:47:19,70.961,27.637,0.996,0,0,2001692,10509812,169452,3581120,67703.110,468532.730,0,71.708,0,4.980,7554,8296,3.090,1.900,1.490,7,0,163.334,0,0,14,26,0,15,0
04-08 14:47:20,75.143,22.838,0.491,0,0,2056572,10454908,169488,3581108,58010.670,153616.591,0,188.595,0,13.752,7397,7611,3.090,1.900,1.490,8,0,157.163,0,0,14,25,0,15,0
04-08 14:47:21,63.295,34.024,1.751,0,0,2026144,10485172,169488,3581184,50729.371,32763.490,0,4.003,0,1.001,7244,8308,3.090,1.900,1.490,9,0,228.164,0,0,14,26,0,15,0
04-08 14:47:22,71.210,27.975,2.289,0,0,2029276,10481988,169576,3581148,61568.132,36292.665,0,488.297,0,36.622,7410,9568,3.090,1.900,1.490,7,0,177.008,0,0,14,25,0,15,0
04-08 14:47:23,68.217,30.485,1.249,0,0,1977480,10533620,169648,3581252,56438.009,32280.562,0,343.836,0,30.985,7347,8904,3.400,1.980,1.520,10,0,201.903,0,0,14,26,0,15,0
04-08 14:47:24,69.728,29.346,0.752,0,0,1864352,10646652,169680,3581312,52711.996,32688.661,0,317.034,0,15.049,6128,5303,3.400,1.980,1.520,6,0,228.746,0,0,14,25,0,15,0
04-08 14:47:25,79.153,19.037,1.503,0,0,1915736,10595264,169696,3581316,60161.623,31448.964,0,128.249,0,8.016,6435,6536,3.400,1.980,1.520,6,0,19.037,0,0,14,25,0,16,0
04-08 14:47:26,77.384,20.338,1.240,0,0,1936496,10574468,169712,3581352,30110.419,16691.192,0,178.579,0,8.929,5957,5492,3.400,1.980,1.520,5,0,110.124,0,0,14,26,0,16,0
04-08 14:47:27,59.268,13.088,24.695,0,0,1941076,10569764,169728,3581456,59088.768,30343.014,0,150.144,0,6.915,7250,8645,3.400,1.980,1.520,4,0,23.707,0,0,14,26,0,16,0
04-08 14:47:28,70.934,18.233,9.741,0,0,1850292,10660364,169744,3581628,40360.403,558837.421,0,135.873,0,7.993,7381,8915,3.530,2.030,1.540,5,0,68.936,0,0,14,26,0,16,0
04-08 14:47:29,50.050,27.438,22.611,0,0,1748724,10761788,169744,3581788,62215.966,36027.579,0,743.884,0,32.520,6828,7780,3.530,2.030,1.540,2,0,200.198,0,0,14,24,0,17,0
04-08 14:47:30,12.996,26.491,58.981,0,0,1647508,10863012,169744,3581784,60088.194,32171.396,0,7.997,0,1.999,4653,2680,3.530,2.030,1.540,1,0,173.943,0,0,14,24,0,17,0
04-08 14:47:31,5.733,25.675,66.806,0,0,1626624,10883924,169744,3581788,45714.299,25113.101,0,11.965,0,1.994,4439,2735,3.530,2.030,1.540,1,0,164.522,0,0,14,24,0,17,0
04-08 14:47:32,16.741,40.478,40.728,0,0,1626772,10883668,169824,3581808,60141.535,31584.950,0,779.579,0,46.975,5466,3570,3.530,2.030,1.540,3,0,240.870,0,0,14,24,0,17,0
04-08 14:47:33,37.782,46.540,14.512,0,0,1666608,10843812,169832,3581820,60786.862,31895.212,0,4063.467,0,610.521,6449,3351,3.570,2.060,1.550,4,0,264.225,0,0,14,24,0,16,0
04-08 14:47:34,61.519,38.071,1.765,0,0,1760552,10749856,169832,3581832,49862.381,26511.514,0,16.136,0,4.034,5460,3868,3.570,2.060,1.550,5,0,310.619,0,0,14,24,0,16,0
04-08 14:47:35,66.679,31.966,1.249,0,0,1852748,10657644,169888,3581792,64648.843,31867.910,0,283.697,0,25.972,6705,7144,3.570,2.060,1.550,5,0,222.762,0,0,14,24,0,16,0
04-08 14:47:36,78.490,20.312,1.003,0,0,1923188,10587128,169936,3581820,45136.281,22787.813,0,216.664,0,18.055,6160,5938,3.570,2.060,1.550,5,0,69.212,0,0,14,24,0,16,0
04-08 14:47:37,74.899,22.569,1.240,0,0,1914388,10595832,169952,3581892,41527.617,558149.183,0,119.044,0,7.936,6638,6542,3.570,2.060,1.550,5,0,67.458,0,0,14,26,0,16,0
04-08 14:47:38,81.706,17.598,1.006,0,0,1919952,10590020,170048,3582044,31805.585,16924.497,0,430.403,0,40.225,6477,7642,3.760,2.130,1.570,6,0,34.191,0,0,14,25,0,16,0
04-08 14:47:39,71.654,25.697,1.235,0,0,1915160,10594708,170080,3582112,14800.224,7276.077,0,241.152,0,14.825,6284,6466,3.760,2.130,1.570,6,0,124.529,0,0,14,26,0,16,0
04-08 14:47:40,79.989,18.383,0.745,0,0,1935148,10574664,170096,3582148,14761.725,7396.761,0,162.959,0,6.956,6301,7796,3.760,2.130,1.570,6,0,42.727,0,0,14,26,0,16,0
04-08 14:47:41,83.244,14.974,2.792,0,0,1982556,10527064,170112,3582320,15327.073,7473.699,0,158.367,0,9.137,6610,9570,3.760,2.130,1.570,6,0,0,0,0,14,26,0,16,0
04-08 14:47:42,75.413,15.182,8.462,0,0,1948420,10561084,170160,3582384,14789.897,7424.815,0,234.950,0,20.907,6918,10043,3.760,2.130,1.570,6,0,31.858,0,0,14,26,0,16,0
04-08 14:47:43,67.308,13.462,16.453,0,0,2001660,10507660,170176,3582552,357.981,0,0,115.671,0,7.977,7642,8849,3.700,2.140,1.580,4,0,0.997,0,0,14,28,0,16,0
04-08 14:47:44,57.274,10.708,29.882,0.498,0,2022316,10486940,170200,3582588,15237.967,7267.369,0,179.294,0,13.945,7300,8025,3.700,2.140,1.580,4,0,0,0,0,14,28,0,17,0
04-08 14:47:45,67.302,17.449,13.211,0,0,1927524,10581660,170248,3582612,298.123,147.566,0,291.144,0,21.935,6882,8077,3.700,2.140,1.580,9,0,68.798,0,0,14,26,0,17,0
04-08 14:47:46,78.734,21.013,1.519,0,0,1900552,10608568,170296,3582624,15044.104,7388.380,0,238.988,0,21.266,7085,9696,3.700,2.140,1.580,5,0,30.380,0,0,14,26,0,18,0
04-08 14:47:47,78.935,19.045,1.754,0,0,1896488,10612376,170544,3582624,359.844,0,0,2389.602,0,137.322,7089,7895,3.700,2.140,1.580,6,0,60.141,0,0,14,25,0,18,0
04-08 14:47:48,80.780,17.150,1.243,0,0,1982056,10526500,170592,3582876,14829.647,7772.739,0,214.750,0,18.890,7357,8296,3.890,2.210,1.610,6,0,1.988,0,0,14,25,0,18,0
04-08 14:47:49,74.386,17.972,6.740,0,0,1993564,10514784,170624,3583048,358.449,0,0,179.724,0,13.979,7491,8771,3.890,2.210,1.610,4,0,70.891,0,0,14,28,0,19,0
04-08 14:47:50,76.417,16.482,5.744,0,0,2008376,10499916,170660,3583068,1012.905,147.840,0,355.616,0,17.981,6360,9442,3.890,2.210,1.610,4,0,0,0,0,14,28,0,21,0
04-08 14:47:51,57.736,10.543,29.872,0,0,2036284,10471944,170660,3583128,15364.880,7488.647,0,0,0,0,7268,8031,3.890,2.210,1.610,2,0,2.008,0,0,14,29,0,21,0
04-08 14:47:52,60.935,16.801,21.315,0,0,2058792,10449264,170660,3583300,568.725,0,0,0,0,0,7371,19273,3.890,2.210,1.610,4,0,36.110,0,0,14,28,0,24,0
04-08 14:47:53,56.706,7.924,31.696,0,0,2058756,10449264,170660,3583332,943.948,0,0,7.924,0,1.981,7345,8153,3.730,2.200,1.610,3,0,0.991,0,0,14,28,0,20,0
04-08 14:47:54,63.185,21.901,13.845,0,0,1986920,10521020,170708,3583360,15019.511,7346.632,0,7201.632,0,903.225,8389,8445,3.730,2.200,1.610,7,0,73.507,0,0,14,27,0,20,0
04-08 14:47:55,77.917,19.230,2.248,0,0,1943968,10563804,170724,3583508,418.554,189.798,0,131.860,0,8.990,7348,11005,3.730,2.200,1.610,5,0,29.968,0,0,14,26,0,20,0
04-08 14:47:56,82.097,15.817,1.506,0,0,1818248,10689436,170724,3583592,180.763,0,0,0,0,0,6400,8138,3.730,2.200,1.610,8,0,46.195,0,0,14,26,0,21,0
04-08 14:47:57,71.283,26.918,1.994,0,0,1832084,10675544,170756,3583612,1009.922,0,0,135.587,0,12.961,6328,7345,3.730,2.200,1.610,5,0,134.590,0,0,14,26,0,21,0
04-08 14:47:58,82.737,16.198,0.498,0,0,1929248,10578300,170804,3583644,15134.876,7595.848,0,255.189,0,19.937,7335,10245,4,2.280,1.640,5,0,0,0,0,14,26,0,17,0
04-08 14:47:59,84.454,14.830,1.005,0,0,1926812,10580640,170852,3583688,300.617,0,0,209.125,0,20.108,6850,9370,4,2.280,1.640,5,0,0,0,0,14,26,0,18,0
04-08 14:48:00,77.048,18.321,4.517,0,0,1858212,10649072,170868,3583836,865.351,148.575,0,1072.152,0,10.039,6913,8264,4,2.280,1.640,4,0,38.148,0,0,14,27,0,18,0
04-08 14:48:01,76.747,20.184,2.243,0,0,1853788,10653324,170884,3583988,706.672,0,0,143.527,0,8.970,6821,8484,4,2.280,1.640,7,0,98.675,0,0,14,25,0,18,0
04-08 14:48:02,77.524,21.827,1.004,0,0,1931992,10574952,170900,3584140,14968.947,7683.176,0,124.440,0,7.025,6548,6705,4,2.280,1.640,6,0,34.121,0,0,14,25,0,17,0
04-08 14:48:03,84.637,13.651,1.241,0,0,2014608,10492296,170916,3584160,892.533,0,0,111.194,0,6.950,6561,7175,4.160,2.350,1.660,5,0,2.978,0,0,14,25,0,17,0
04-08 14:48:04,73.155,20.794,5.762,0,0,1958208,10548492,170916,3584356,1004.130,0,0,0,0,0,7277,9841,4.160,2.350,1.660,6,0,59.125,0,0,14,27,0,17,0
04-08 14:48:05,78.480,17.356,3.270,0,0,1933744,10572824,170996,3584404,663.056,148.911,0,567.471,0,71.437,7105,10482,4.160,2.350,1.660,5,0,61.375,0,0,14,25,0,17,0
04-08 14:48:06,76.229,21.244,1.750,0,0,1940608,10565896,171044,3584420,1160.681,0,0,295.919,0,22.994,6346,8499,4.160,2.350,1.660,5,0,60.983,0,0,14,24,0,17,0
04-08 14:48:07,73.622,26.294,1.002,0,0,1876568,10629708,171060,3584628,299.498,0,0,128.213,0,8.013,5866,5157,4.160,2.350,1.660,5,0,124.206,0,0,14,24,0,17,0
04-08 14:48:08,81.238,17.942,0.249,0,0,1928456,10577796,171076,3584636,15328.522,7499.792,0,119.614,0,6.977,5261,3696,4.220,2.390,1.680,5,0,33.891,0,0,14,25,0,17,0
04-08 14:48:09,80.080,14.876,3.719,0,0,1969212,10536972,171092,3584684,475.027,0,0,119.005,0,6.942,7373,9939,4.220,2.390,1.680,5,0,1.983,0,0,14,26,0,19,0
04-08 14:48:10,78.154,19.789,1.753,0,0,1885192,10620948,171108,3584712,360.712,148.293,0,120.237,0,7.014,6232,6427,4.220,2.390,1.680,5,0,86.170,0,0,14,26,0,18,0
04-08 14:48:11,81.629,16.776,1.753,0,0,1952780,10552908,171180,3585084,299.473,0,0,348.550,0,33.052,7167,8278,4.220,2.390,1.680,6,0,0,0,0,14,25,0,19,0
04-08 14:48:12,75.217,23.067,1.504,0,0,1890028,10615596,171196,3585128,361.042,0,0,124.359,0,7.020,6269,6835,4.220,2.390,1.680,5,0,126.365,0,0,14,26,0,20,0
04-08 14:48:13,80.508,17.340,1.239,0,0,1861676,10643804,171212,3585256,415.173,0,0,154.575,0,8.918,6516,7336,4.290,2.430,1.700,5,0,10.900,0,0,14,26,0,20,0
04-08 14:48:14,79.417,19.603,1.759,0,0,1936816,10568288,171300,3585528,241.266,0,0,7817.026,0,999.244,8974,9446,4.290,2.430,1.700,5,0,44.232,0,0,14,25,0,19,0
04-08 14:48:15,74.847,22.856,1.758,0,0,1883160,10621860,171316,3585592,15044.835,7870.533,0,707.283,0,12.056,5967,5218,4.290,2.430,1.700,4,0,140.653,0,0,14,25,0,20,0
04-08 14:48:16,76.316,15.463,7.731,0,0,1897184,10607748,171332,3585656,119.711,0,0,211.489,0,8.978,6813,9341,4.290,2.430,1.700,4,0,0,0,0,14,25,0,20,0
04-08 14:48:17,72.888,17.473,8.237,0,0,1902504,10602244,171348,3585824,418.359,0,0,167.743,0,8.986,6582,9211,4.290,2.430,1.700,4,0,42.934,0,0,14,25,0,23,0
04-08 14:48:18,78.121,18.529,3.505,0,0,1902572,10601964,171412,3585972,703.089,0,0,292.453,0,26.040,5769,6876,4.420,2.490,1.720,4,0,36.056,0,0,14,25,0,23,0
04-08 14:48:19,71.935,27.667,1.258,0,0,1820596,10683740,171428,3586156,481.917,0,0,201.218,0,10.061,5154,3429,4.420,2.490,1.720,4,0,126.767,0,0,14,24,0,23,0
04-08 14:48:20,77.292,17.453,4.488,0,0,1901260,10602904,171444,3586308,299.196,147.604,0,159.571,0,7.979,5512,5980,4.420,2.490,1.720,5,0,5.984,0,0,14,27,0,23,0
04-08 14:48:21,75.616,18.529,5.258,0,0,1851940,10651996,171524,3586452,539.832,0,0,368.568,0,38.059,6305,7428,4.420,2.490,1.720,4,0,95.147,0,0,14,25,0,23,0
04-08 14:48:22,75.423,20.096,3.225,0,0,1896384,10607160,171556,3586808,1065.852,0,0,206.422,0,13.894,6343,8810,4.420,2.490,1.720,4,0,33.742,0,0,14,26,0,23,0
04-08 14:48:23,71.298,18.384,8.198,0,0,1878756,10624424,171572,3587152,47501.145,24703.537,0,218.615,0,10.931,6227,7140,4.550,2.550,1.740,3,0,86.452,0,0,14,26,0,23,0
04-08 14:48:24,55.420,18.641,25.443,0,0,1783972,10719112,171612,3587204,44424.364,22877.218,0,253.923,0,16.122,6368,6660,4.550,2.550,1.740,5,0,72.549,0,0,14,26,0,23,0
04-08 14:48:25,63.809,12.512,22.771,0,0,1797036,10706008,171628,3587224,15229.062,7775.180,0,4231.908,0,622.575,6743,5528,4.550,2.550,1.740,4,0,1.001,0,0,14,24,0,23,0
04-08 14:48:26,51.020,25.010,23.509,0,0,1816788,10686220,171644,3587260,29783.630,14663.726,24.009,568.222,1.000,10.004,4794,2927,4.550,2.550,1.740,4,0,77.030,0,0,14,24,0,22,0
04-08 14:48:27,62.902,12.680,23.122,0,0,1820796,10682192,171660,3587264,14832.914,7482.591,0,111.384,0,6.961,4909,3572,4.550,2.550,1.740,3,0,1.989,0,0,14,25,0,22,0
04-08 14:48:28,60.810,11.215,26.417,0,0,1833596,10669340,171676,3587296,14749.875,7273.255,0,111.651,0,6.978,6525,6121,4.510,2.580,1.760,3,0,0,0,0,14,26,0,22,0
04-08 14:48:29,58.204,11.842,28.472,0,0,1770500,10732092,171732,3587584,15394.961,7353.298,0,245.916,0,23.181,7662,8548,4.510,2.580,1.760,4,0,20.157,0,0,14,26,0,23,0
04-08 14:48:30,58.061,17.194,22.427,0,0,1804420,10698100,171772,3587612,16980.653,7694.919,0,187.389,0,15.948,6904,7008,4.510,2.580,1.760,3,0,41.864,0,0,14,25,0,23,0
04-08 14:48:31,52.358,23.662,23.662,0,0,1709052,10793408,171820,3587624,713.880,0,0,350.395,0,23.158,4869,3173,4.510,2.580,1.760,5,0,89.613,0,0,14,24,0,23,0
04-08 14:48:32,61.841,13.660,23.097,0,0,1796668,10705768,171836,3587632,14996.841,7474.578,0,115.238,0,6.954,4867,3568,4.510,2.580,1.760,3,0,0,0,0,14,25,0,23,0
04-08 14:48:33,64.871,11.566,22.881,0,0,1833540,10668724,171852,3587784,1067.107,0,0,112.645,0,7.040,6560,6561,4.390,2.580,1.760,4,0,3.017,0,0,14,26,0,23,0
04-08 14:48:34,57.451,16.344,23.278,0,0,1814144,10687932,171868,3587956,25309.310,435691.389,0,122.827,0,6.934,7425,7649,4.390,2.580,1.760,3,0,42.593,0,0,14,26,0,23,0
04-08 14:48:35,63.578,13.767,22.277,0,0,1765116,10736948,171884,3587952,746.912,148.181,0,112.137,0,8.010,6737,6523,4.390,2.580,1.760,5,0,7.009,0,0,14,25,0,23,0
04-08 14:48:36,59.308,16.016,23.022,0,0,1793120,10708752,171900,3588124,19017.516,150338.371,0,424.413,0,45.044,6214,5649,4.390,2.580,1.760,3,0,39.038,0,0,14,25,0,23,0
04-08 14:48:37,64.379,12.118,22.722,0,0,1833968,10667716,171916,3588292,604.911,0,0,141.382,0,9.089,6710,6307,4.390,2.580,1.760,4,0,0,0,0,14,26,0,24,0
04-08 14:48:38,56.696,17.331,23.520,0,0,1764840,10736768,171964,3588316,1787.531,0,0,202.026,0,19.806,6181,6202,4.430,2.620,1.780,3,0,50.506,0,0,14,25,0,25,0
04-08 14:48:39,51.336,23.539,24.290,0,0,1741188,10760260,171980,3588460,15484.816,7720.872,0,164.274,0,8.013,6320,5585,4.430,2.620,1.780,7,0,93.155,0,0,14,25,0,25,0
04-08 14:48:40,54.796,19.949,25.251,0,0,1784232,10717168,172028,3588460,363.621,191.911,0,246.454,0,20.201,5812,4796,4.430,2.620,1.780,3,0,54.543,0,0,14,24,0,25,0
04-08 14:48:41,54.924,21.277,21.772,0,0,1759272,10742080,172044,3588492,533.404,0,0,178.131,0,11.875,5465,4139,4.430,2.620,1.780,3,0,63.336,0,0,14,25,0,25,0
04-08 14:48:42,61.227,16.310,22.082,0,0,1827500,10673828,172060,3588500,15420.141,7684.476,0,124.461,0,7.026,5129,3351,4.430,2.620,1.780,3,0,36.134,0,0,14,24,0,26,0
04-08 14:48:43,61.203,14.799,23.829,0,0,1871316,10629980,172076,3588512,748.486,0,0,132.440,0,9.030,5817,5981,4.320,2.630,1.790,3,0,1.003,0,0,14,26,0,26,0
04-08 14:48:44,64.533,9.432,22.587,0.248,0,1898684,10602512,172124,3588560,178.708,0,0,210.478,0,19.856,7635,7951,4.320,2.630,1.790,3,0,0,0,0,14,25,0,26,0
04-08 14:48:45,51.334,22.428,24.172,0,0,1804932,10696056,172172,3588716,357.845,147.524,0,231.254,0,19.936,6507,6558,4.320,2.630,1.790,3,0,96.688,0,0,14,25,0,28,0
04-08 14:48:46,56.090,21.066,23.857,0,0,1786628,10714328,172220,3588700,15415.914,7571.411,0,5071.973,0,710.645,5934,3896,4.320,2.630,1.790,3,0,60.912,0,0,14,24,0,28,0
04-08 14:48:47,58.383,16.012,23.156,0,0,1794088,10706840,172236,3588712,635.557,0,0,118.243,0,7.883,4153,2274,4.320,2.630,1.790,5,0,29.561,0,0,14,24,0,27,0
04-08 14:48:48,66.858,10.636,23.552,0,0,1829740,10671068,172308,3588752,650.344,0,0,356.575,0,30.390,5109,4314,4.210,2.640,1.790,3,0,2.026,0,0,14,25,0,27,0
04-08 14:48:49,50.993,21.678,23.895,0,0,1810392,10690372,172340,3588764,412.867,0,0,189.190,0,14.780,6510,6521,4.210,2.640,1.790,5,0,92.624,0,0,14,26,0,28,0
04-08 14:48:50,67.216,10.573,21.650,0,0,1852656,10648048,172356,3588808,15591.078,8281.407,0,149.033,0,7.049,7039,7025,4.210,2.640,1.790,3,0,0,0,0,14,24,0,28,0
04-08 14:48:51,56.879,18.793,22.802,0,0,1847724,10652812,172388,3588940,687.561,0,0,228.519,0,15.034,6038,5762,4.210,2.640,1.790,3,0,45.102,0,0,14,25,0,26,0
04-08 14:48:52,66.615,15.718,16.217,0,0,1910432,10590064,172564,3590132,179.637,0,0,2227.500,0,104.788,7423,10945,4.210,2.640,1.790,5,0,33.931,0,0,14,26,0,26,0
04-08 14:48:53,58.741,20.997,19.247,0,0,1819332,10680896,172612,3589012,541.913,0,0,171.972,0,19.997,6344,12939,4.280,2.680,1.810,3,0,88.986,0,0,14,25,0,28,0
04-08 14:48:54,40.326,29.556,29.305,0,0,1760892,10739288,172612,3589060,360.680,0,0,16.030,0,2.004,5695,5248,4.280,2.680,1.810,2,0,145.274,0,0,14,25,0,28,0
04-08 14:48:55,37.964,13.895,46.649,0,0,1765492,10734656,172660,3589044,297.758,146.894,0,258.057,0,19.851,4335,3230,4.280,2.680,1.810,2,0,41.686,0,0,14,24,0,26,0
04-08 14:48:56,38.426,14.472,45.662,0,0,1765944,10734152,172680,3589076,30330.471,29814.466,0,2646.892,0,447.137,4703,3149,4.280,2.680,1.810,3,0,25.950,0,0,14,25,0,25,0
04-08 14:48:57,45.348,9.270,45.097,0,0,1771124,10728888,172680,3589160,44302.420,22716.929,0,0,0,0,5567,5443,4.280,2.680,1.810,4,0,2.004,0,0,14,26,0,25,0
04-08 14:48:58,39.554,12.849,46.356,0,0,1683056,10816572,172736,3589480,15336.939,7975.329,0,262.015,0,22.170,5125,4861,4.090,2.660,1.810,2,0,38.294,0,0,14,25,0,26,0
04-08 14:48:59,39.601,14.446,45.827,0,0,1633140,10866460,172752,3589492,29539.713,14602.985,0,135.490,0,8.966,4441,3648,4.090,2.660,1.810,3,0,34.869,0,0,14,24,0,23,0
04-08 14:49:00,31.621,21.582,45.925,0,0,1694280,10805304,172768,3589492,15991.036,7926.254,0,160.613,0,9.034,4048,2257,4.090,2.660,1.810,3,0,95.364,0,0,14,25,0,23,0
04-08 14:49:01,43.301,9.208,47.532,0,0,1733324,10766244,172792,3589484,15094.709,7672.779,0,334.465,0,16.922,3794,3169,4.090,2.660,1.810,3,0,0,0,0,14,25,0,23,0
04-08 14:49:02,42.562,9.318,47.095,0,0,1701716,10797752,172864,3589524,753.520,0,0,314.302,0,28.207,4502,3818,4.090,2.660,1.810,3,0,20.148,0,0,14,24,0,23,0
04-08 14:49:03,33.889,18.689,45.351,0,0,1702312,10797128,172880,3589536,15390.550,7595.104,0,115.621,0,6.977,5269,4720,3.930,2.650,1.820,2,0,76.748,0,0,14,25,0,22,0
04-08 14:49:04,43.294,9.510,47.047,0,0,1735488,10763896,172928,3589544,15471.554,7601.642,0,200.201,0,18.018,3882,3048,3.930,2.650,1.820,2,0,5.005,0,0,14,24,0,22,0
04-08 14:49:05,41.235,9.746,47.982,0,0,1789852,10709508,172944,3589548,581.788,147.946,0,115.958,0,8.997,3217,2100,3.930,2.650,1.820,2,0,0,0,0,14,24,0,22,0
04-08 14:49:06,44.552,9.158,44.304,0,0,1806872,10692412,172960,3589608,14831.801,7769.840,0,114.845,0,6.930,5515,5348,3.930,2.650,1.820,4,0,1.980,0,0,14,25,0,22,0
04-08 14:49:07,42.116,10.844,45.899,0,0,1793160,10706064,173000,3589628,1142.931,0,0,294.559,0,51.447,5618,5383,3.930,2.650,1.820,2,0,30.263,0,0,14,25,0,23,0
04-08 14:49:08,42.435,10.044,46.954,0,0,1741532,10757620,173048,3589652,15047.533,8274.034,0,144.630,0,18.079,4359,3795,3.770,2.640,1.820,2,0,3.013,0,0,14,24,0,23,0
04-08 14:49:09,41.383,10.470,47.615,0,0,1739408,10759740,173048,3589656,639.192,0,0,0,0,0,3333,2211,3.770,2.640,1.820,2,0,3.989,0,0,14,24,0,23,0
04-08 14:49:10,41.724,8.693,47.188,0,0,1772884,10726120,173048,3589792,298.032,147.029,0,7.948,0,0.993,4133,3585,3.770,2.640,1.820,2,0,0,0,0,14,26,0,23,0
04-08 14:49:11,46.255,6.787,46.255,0,0,1773216,10725764,173048,3589816,15299.284,7565.680,0,48.266,0,3.017,5228,4882,3.770,2.640,1.820,4,0,0,0,0,14,25,0,20,0
04-08 14:49:12,38.247,15.601,44.789,0,0,1745472,10753492,173048,3589828,362.338,0,0,2653.121,0,463.994,6110,4997,3.770,2.640,1.820,2,0,58.377,0,0,14,25,0,20,0
04-08 14:49:13,42.034,9.949,48.003,0.249,0,1686636,10812292,173080,3589832,476.549,0,0,155.202,0,11.939,3157,1927,3.630,2.630,1.820,2,0,5.969,0,0,14,24,0,20,0
04-08 14:49:14,42.729,8.746,48.226,0,0,1750572,10748352,173080,3589836,14968.690,7682.248,0,0,0,0,3002,1943,3.630,2.630,1.820,2,0,0,0,0,14,24,0,20,0
04-08 14:49:15,44.983,8.042,46.491,0,0,1759360,10739532,173120,3589824,663.437,148.771,0,132.687,0,17.089,4995,5011,3.630,2.630,1.820,2,0,2.010,0,0,14,25,0,20,0
04-08 14:49:16,32.311,20.381,44.242,0,0,1716432,10782404,173120,3589880,935.539,0,0,0,0,0,5813,5180,3.630,2.630,1.820,2,0,98.425,0,0,14,25,0,20,0
04-08 14:49:17,36.908,16.708,45.138,0,0,1664552,10834244,173152,3589884,597.513,0,0,271.325,0,40.898,4249,3071,3.630,2.630,1.820,2,0,57.856,0,0,14,24,0,20,0
04-08 14:49:18,27.033,29.036,43.303,0,0,1693768,10805020,173152,3589892,14994.457,7629.391,0,24.030,0,6.007,5159,3301,3.500,2.620,1.820,3,0,165.203,0,0,14,24,0,20,0
04-08 14:49:19,35.520,18.629,44.959,0,0,1715656,10783128,173152,3589896,654.759,0,0,3.974,0,0.994,4872,3758,3.500,2.620,1.820,2,0,62.595,0,0,14,25,0,16,0
04-08 14:49:20,34.932,17.965,45.163,0,0,1717124,10781624,173180,3589904,745.557,147.714,0,135.737,0,8.983,3994,2421,3.500,2.620,1.820,3,0,79.845,0,0,14,24,0,17,0
04-08 14:49:21,39.036,16.370,44.577,0,0,1731812,10766800,173180,3590040,1277.371,0,0,4.030,0,1.007,3900,2697,3.500,2.620,1.820,2,0,22.163,0,0,14,25,0,17,0
04-08 14:49:22,44.160,8.233,45.657,0,0,1764052,10734544,173180,3590056,685.609,0,0,375.239,0,0.998,4955,4537,3.500,2.620,1.820,2,0,0,0,0,14,25,0,17,0
04-08 14:49:23,39.743,13.248,46.492,0,0,1741580,10757004,173180,3590068,15480.234,7618.639,0,7.999,0,2.000,4552,3448,3.380,2.610,1.820,2,0,46.992,0,0,14,25,0,18,0
04-08 14:49:24,42.803,10.513,45.556,0,0,1778480,10720092,173180,3590080,419.519,0,0,4.005,0,1.001,5386,5210,3.380,2.610,1.820,3,0,2.002,0,0,14,25,0,18,0
04-08 14:49:25,41.654,10.790,46.923,0,0,1723100,10775376,173244,3590108,481.780,190.705,0,264.979,0,23.085,4413,4098,3.380,2.610,1.820,2,0,30.111,0,0,14,24,0,18,0
04-08 14:49:26,40.774,9.637,46.952,0,0,1755740,10742724,173244,3590120,796.698,0,0,0,0,0,3886,3415,3.380,2.610,1.820,2,0,0,0,0,14,25,0,18,0
04-08 14:49:27,44.747,13.522,37.125,1.967,0,1781860,10713496,173268,3593112,734.638,0,106.213,2415.356,9.835,420.917,6242,5115,3.380,2.610,1.820,4,0,2.950,0,0,14,25,0,18,0
04-08 14:49:28,47.592,19.037,23.410,11.062,0,1776768,10715132,173336,3596384,15807.647,7507.655,45.276,341.631,11.319,50.421,5704,5316,3.430,2.630,1.830,3,0,1.029,0,0,14,25,0,19,0
04-08 14:49:29,31.840,37.810,23.880,4.477,0,1747588,10744104,173336,3596576,963.150,0,95.519,7.960,23.880,1.990,5492,4612,3.430,2.630,1.830,3,0,131.339,0,0,14,25,0,19,0
04-08 14:49:30,25.405,39.491,33.455,1.258,0,1652584,10838996,173356,3596660,362.215,148.911,44.271,169.034,11.068,16.098,5366,3535,3.430,2.630,1.830,2,0,199.218,0,0,14,24,0,19,0
04-08 14:49:31,18.495,17.995,62.731,0,0,1645776,10845808,173356,3596656,990.708,41.988,0,0,0,0,2773,1703,3.430,2.630,1.830,2,0,75.978,0,0,14,24,0,19,0
04-08 14:49:32,22.232,4.746,72.193,0,0,1681292,10810108,173528,3596664,299.762,0,0,2370.121,0,129.897,2115,1627,3.430,2.630,1.830,1,0,0,0,0,14,25,0,17,0
04-08 14:49:33,22.025,4.755,72.081,0,0,1680724,10810644,173560,3596664,1031.155,0,0,120.135,0,12.013,2578,2421,3.230,2.610,1.830,1,0,3.003,0,0,14,25,0,17,0
04-08 14:49:34,16.502,11.751,71.008,0,0,1608364,10882968,173592,3596668,300.035,0,0,92.011,0,12.001,3282,2706,3.230,2.610,1.830,1,0,61.007,0,0,14,24,0,17,0
04-08 14:49:35,17.237,10.242,71.196,0,0,1639424,10851908,173592,3596668,39510.764,54802.063,0,7.994,0,1.998,2326,1593,3.230,2.610,1.830,1,0,29.977,0,0,14,24,0,17,0
04-08 14:49:36,22.375,5.279,72.906,0,0,1685468,10805832,173616,3596672,37713.017,19295.453,0,257.434,0,12.067,2102,1602,3.230,2.610,1.830,1,0,2.011,0,0,14,25,0,17,0
04-08 14:49:37,23.855,5.218,69.577,0,0,1682000,10809296,173616,3596676,28079.473,555599.841,0,0,0,0,3486,3408,3.230,2.610,1.830,2,0,0,0,0,14,25,0,17,0
04-08 14:49:38,19.516,8.757,70.810,0,0,1650824,10840428,173648,3596688,29496.936,14868.569,0,100.085,0,13.011,3119,2755,3.050,2.580,1.820,2,0,40.034,0,0,14,24,0,17,0
04-08 14:49:39,13.332,14.590,71.943,0,0,1676316,10814928,173656,3596688,15128.172,7800.039,0,44.273,0,3.019,2636,1761,3.050,2.580,1.820,1,0,61.378,0,0,14,24,0,17,0
04-08 14:49:40,20.873,5.715,71.564,0,0,1688856,10802364,173680,3596688,14885.332,7917.772,0,222.644,0,10.933,1788,1290,3.050,2.580,1.820,1,0,0,0,0,14,24,0,15,0
04-08 14:49:41,22.186,4.736,72.292,0,0,1700588,10790628,173680,3596692,878.473,0,0,3.989,0,0.997,2206,1835,3.050,2.580,1.820,2,0,0,0,0,14,24,0,15,0
04-08 14:49:42,24.284,3.755,70.598,0,0,1696452,10794672,173752,3596712,15204.049,7696.656,0,264.366,0,29.040,3583,3898,3.050,2.580,1.820,1,0,2.003,0,0,14,24,0,16,0
04-08 14:49:43,10.246,17.743,70.723,0,0,1637288,10853816,173768,3596712,14910.391,7521.171,0,119.955,0,5.998,3305,2091,2.890,2.550,1.820,3,0,94.964,0,0,14,24,0,16,0
04-08 14:49:44,19.538,6.763,73.392,0,0,1672296,10818752,173824,3596712,540.045,0,0,621.202,0,32.062,1938,1579,2.890,2.550,1.820,1,0,0,0,0,14,24,0,14,0
04-08 14:49:45,22.246,6.499,69.738,0.750,0,1689336,10801660,173872,3596716,14973.323,7670.629,0,7546.651,0,27.995,4139,1981,2.890,2.550,1.820,1,0,3.999,0,0,14,25,0,14,0
04-08 14:49:46,22.390,4.229,71.648,0,0,1686668,10804320,173872,3596720,416.954,0,0,7.961,0,1.990,2866,2769,2.890,2.550,1.820,1,0,0,0,0,14,25,0,14,0
04-08 14:49:47,23.858,4.520,70.820,0,0,1684516,10806456,173872,3596736,14923.332,7491.802,0,4.018,0,1.005,3973,4400,2.890,2.550,1.820,1,0,0,0,0,14,25,0,14,0
04-08 14:49:48,20.254,8.502,70.765,0,0,1611720,10879212,173904,3596744,479.103,0,0,104.022,0,13.003,2842,2408,2.740,2.530,1.810,1,0,32.007,0,0,14,24,0,11,0
04-08 14:49:49,19.005,7.502,72.768,0,0,1645148,10845784,173904,3596744,419.105,0,0,0,0,0,1716,1225,2.740,2.530,1.810,1,0,0,0,0,14,24,0,11,0
04-08 14:49:50,22.252,5.501,72.257,0,0,1682132,10808780,173920,3596744,14917.362,7606.695,0,192.018,0,8.001,2251,1958,2.740,2.530,1.810,1,0,0,0,0,14,24,0,11,0
04-08 14:49:51,22.310,4.710,70.401,0,0,1681960,10808772,173952,3596892,620.720,0,0,99.156,0,11.899,3247,3328,2.740,2.530,1.810,3,0,1.983,0,0,14,25,0,12,0
04-08 14:49:52,23.682,4.535,70.542,0,0,1681944,10808772,173960,3596900,302.322,0,0,60.464,0,4.031,4087,4521,2.740,2.530,1.810,3,0,0,0,0,14,25,0,10,0
04-08 14:49:53,22.972,23.221,52.436,0,0,1640588,10850048,173960,3596964,31089.789,42863.319,0,219.730,0,2.996,4229,10081,2.680,2.520,1.810,1,0,134.834,0,0,14,24,0,11,0
04-08 14:49:54,6.988,27.202,64.385,0,0,1643268,10847356,173960,3596976,62315.111,33614.184,0,15.972,0,3.993,4436,2719,2.680,2.520,1.810,4,0,169.698,0,0,14,24,0,11,0
04-08 14:49:55,24.350,28.115,45.938,0,0,1645420,10845120,174048,3596968,45855.591,25106.709,0,546.235,0,26.107,4708,2922,2.680,2.520,1.810,2,0,141.579,0,0,14,24,0,13,0
04-08 14:49:56,39.953,10.302,48.245,1.508,0,1726788,10763248,174092,3597424,47256.789,23605.780,172.877,0,6.031,0,2894,1522,2.680,2.520,1.810,3,0,0,0,0,14,24,0,11,0
04-08 14:49:57,42.299,7.509,48.556,1.251,0,1779552,10709612,174172,3598056,42093.759,22472.030,28.032,921.067,2.002,13.015,2943,1720,2.680,2.520,1.810,2,0,1.001,0,0,14,26,0,11,0
04-08 14:49:58,35.070,17.782,38.034,4.692,0,1808096,10671108,178592,3603204,29497.354,14930.943,2153.596,20386.061,35.564,1835.496,11351,15149,2.700,2.530,1.820,6,0,65.201,0,0,14,28,0,11,0
04-08 14:49:59,42.109,13.206,36.378,3.488,0,1814636,10655776,183728,3606392,15325.710,7271.664,0,23094.710,0,2091.999,12034,17372,2.700,2.530,1.820,3,1,68.770,0,0,14,28,0,11,0
04-08 14:50:00,37.994,19.123,35.226,3.774,0,1805376,10657376,189564,3607904,30260.014,15887.866,0,32536.611,0,2620.803,13930,19193,2.700,2.530,1.820,3,1,31.200,0,0,14,28,0,10,0
04-08 14:50:01,45.383,12.286,33.097,5.015,0,1836072,10623232,193352,3607452,58932.834,592784.476,0,28900.758,0,1905.589,10356,13814,2.700,2.530,1.820,2,1,11.032,0,0,14,24,0,10,0
04-08 14:50:02,39.966,11.740,47.709,0.250,0,1794664,10664560,193420,3607460,29865.281,14645.388,0,911.215,0,39.966,2987,1599,2.700,2.530,1.820,2,0,6.994,0,0,14,24,0,10,0
04-08 14:50:03,43.533,9.310,46.552,0.252,0,1834216,10624496,193904,3607480,15134.272,7542.979,0,8833.358,0,603.921,3902,2507,2.650,2.520,1.820,2,0,1.007,0,0,14,24,0,10,0
04-08 14:50:04,41.327,12.373,42.317,0.495,0,1881124,10575104,196160,3607640,44640.730,23152.838,0,8572.192,0,952.246,8537,10490,2.650,2.520,1.820,4,0,3.959,0,0,14,26,0,10,0
04-08 14:50:05,40.356,14.947,39.111,0.996,0,1900000,10552296,199776,3607848,29932.385,14849.110,0,8445.917,0,1400.013,12033,15799,2.650,2.520,1.820,4,0,1.993,0,0,14,26,0,10,0
04-08 14:50:06,39.493,15.093,44.775,1.006,0,1809296,10641748,200832,3608008,32271.468,15986.315,0,3078.935,0,434.673,5799,5840,2.650,2.520,1.820,3,0,29.179,0,0,14,24,0,10,0
04-08 14:50:07,22.794,15.781,60.117,0,0,1796640,10654340,200880,3608020,30640.403,15403.864,0,629.220,0,27.052,3309,2030,2.650,2.520,1.820,1,0,72.140,0,0,14,24,0,10,0
04-08 14:50:08,22.245,5.999,69.983,0.250,0,1819388,10631040,201416,3608024,44756.437,23126.542,0,6818.391,0,288.932,2827,2512,2.520,2.490,1.820,1,0,0,0,0,14,24,0,10,0
04-08 14:50:09,21.257,5.502,72.772,0,0,1828752,10621644,201448,3608024,29633.090,14596.477,0,108.033,0,12.004,2027,1519,2.520,2.490,1.820,2,0,2.001,0,0,14,24,0,9,0
04-08 14:50:10,18.749,10.500,69.747,0.500,0,1830060,10619948,201816,3608032,31133.608,15337.314,0,6239.721,0,281.987,2807,2338,2.520,2.490,1.820,2,0,2.000,0,0,14,24,0,9,0
04-08 14:50:11,23.493,2.749,72.729,0,0,1791564,10658364,201824,3608096,15417.594,7521.850,39.989,111.968,2.999,6.998,1729,1083,2.520,2.490,1.820,3,0,1.000,0,0,14,24,0,9,0
04-08 14:50:12,20.508,6.253,73.030,0,0,1781020,10668904,201824,3608100,15575.406,7461.069,0,4.002,0,1.000,1883,1399,2.520,2.490,1.820,3,0,0,0,0,14,24,0,9,0
04-08 14:50:13,21.492,5.748,72.222,0,0,1801144,10648776,201824,3608104,30048.203,15793.799,0,0,0,0,1967,1369,2.390,2.470,1.810,1,0,3.998,0,0,14,24,0,9,0
04-08 14:50:14,21.713,5.241,72.377,0,0,1820436,10629484,201824,3608104,44638.058,22659.450,0,0,0,0,1881,1229,2.390,2.470,1.810,1,0,0.998,0,0,14,24,0,9,0
04-08 14:50:15,22.286,5.008,72.867,0,0,1761736,10688172,201824,3608116,15322.642,7780.513,0,0,0,0,1753,1115,2.390,2.470,1.810,2,0,1.002,0,0,14,24,0,9,0
04-08 14:50:16,20.999,6.000,71.498,0,0,1755740,10694144,201872,3608092,30064.232,16285.584,0,419.989,0,23.999,2138,1762,2.390,2.470,1.810,2,0,2.000,0,0,14,24,0,9,0
04-08 14:50:17,22.002,7.001,70.008,0,0,1780108,10669744,201880,3608116,56508.390,598295.653,0,40.005,0,4.000,2412,1677,2.390,2.470,1.810,1,0,2.000,0,0,14,24,0,8,0
04-08 14:50:18,22.385,4.974,71.880,0,0,1790728,10659120,201884,3608112,29558.849,14517.274,0,330.300,0,65.662,1925,1201,2.280,2.440,1.810,1,0,0,0,0,14,24,0,8,0
04-08 14:50:19,23.126,3.268,72.897,0.754,0,1737280,10712288,201896,3608336,15326.537,7468.708,152.833,0,6.033,0,1813,1159,2.280,2.440,1.810,1,0,3.016,0,0,14,24,0,8,0
04-08 14:50:20,21.206,5.738,72.351,0,0,1757004,10692564,201896,3608336,15390.375,7428.735,0,0,0,0,1892,1368,2.280,2.440,1.810,1,0,0,0,0,14,24,0,8,0
04-08 14:50:21,23.800,7.766,68.393,0,0,1790308,10659248,201896,3608336,45304.712,24338.882,0,0,0,0,2246,1452,2.280,2.440,1.810,1,0,6.013,0,0,14,24,0,7,0
04-08 14:50:22,21.238,5.997,71.960,0,0,1806908,10642644,201896,3608340,45633.628,22431.528,0,0,0,0,2047,1324,2.280,2.440,1.810,2,0,3.998,0,0,14,24,0,7,0
04-08 14:50:23,21.752,5.750,72.756,0,0,1801980,10647560,201904,3608340,15479.280,7428.614,0,276.023,0,13.001,1799,1120,2.180,2.420,1.800,1,0,0,0,0,14,24,0,7,0
04-08 14:50:24,22.015,5.254,72.301,0,0,1744372,10705080,201904,3608424,31467.095,15254.711,0,16.011,0,2.001,1953,1280,2.180,2.420,1.800,2,0,2.001,0,0,14,24,0,7,0
04-08 14:50:25,20.970,5.492,72.398,0,0,1754912,10694520,201912,3608436,15542.013,8382.142,0,0,0,0,1842,1292,2.180,2.420,1.800,3,0,1.997,0,0,14,24,0,6,0
04-08 14:50:26,22.508,5.502,71.777,0,0,1738328,10711044,201960,3608448,45658.085,22304.346,0,484.181,0,25.009,2079,1554,2.180,2.420,1.800,1,0,1.000,0,0,14,24,0,6,0
04-08 14:50:27,21.016,5.754,72.804,0,0,1734704,10714660,201968,3608448,30529.728,15391.458,0,36.027,0,3.002,1871,1368,2.180,2.420,1.800,1,0,0,0,0,14,24,0,6,0
04-08 14:50:28,22.257,5.252,71.774,0,0,1764556,10684808,201968,3608448,44683.862,22123.358,0,0,0,0,1919,1223,2.080,2.390,1.800,1,0,4.001,0,0,14,24,0,6,0
04-08 14:50:29,23.727,3.746,72.181,0,0,1775696,10673664,201968,3608448,29581.924,15079.688,0,1682.403,0,15.985,1809,1132,2.080,2.390,1.800,1,0,0,0,0,14,24,0,5,0
04-08 14:50:30,20.518,6.005,72.814,0,0,1727320,10722016,201972,3608468,15348.529,7450.567,0,8.007,0,2.002,1781,1219,2.080,2.390,1.800,1,0,1.001,0,0,14,24,0,5,0
04-08 14:50:31,22.459,5.240,72.119,0,0,1771124,10678196,201976,3608480,44824.386,22700.668,0,0,0,0,1967,1387,2.080,2.390,1.800,1,0,1.996,0,0,14,24,0,5,0
04-08 14:50:32,22.980,5.245,71.188,0,0,1732556,10716696,201984,3608508,43299.258,585715.465,0,155.864,0,1.998,2177,1307,2.080,2.390,1.800,1,0,1.998,0,0,14,24,0,5,0
04-08 14:50:33,20.528,7.260,71.348,0,0,1734252,10714988,201984,3608516,30041.344,15335.105,0,0,0,0,1927,1436,2,2.370,1.800,1,0,0,0,0,14,24,0,5,0
04-08 14:50:34,22.526,5.256,72.083,0,0,1761988,10687248,201988,3608516,45916.123,22189.673,0,997.154,0,70.081,2058,1333,2,2.370,1.800,1,0,5.006,0,0,14,24,0,5,0
04-08 14:50:35,22.484,3.997,72.699,0,0,1775300,10673936,201988,3608516,29691.048,14891.491,0,91.935,0,10.992,1806,1250,2,2.370,1.800,1,0,0,0,0,14,24,0,5,0
04-08 14:50:36,8.492,20.480,69.181,0.250,0,1726672,10722328,202076,3608660,45745.459,25582.532,0,603.399,0,34.965,3839,2843,2,2.370,1.800,2,0,126.874,0,0,14,24,0,5,0
04-08 14:50:37,6.761,25.541,66.607,0,0,1715872,10733120,202084,3608660,46036.874,25292.586,0,316.508,0,6.010,4328,2687,2,2.370,1.800,1,0,157.252,0,0,14,24,0,5,0
04-08 14:50:38,5.986,24.444,67.346,0,0,1702660,10746324,202084,3608664,61019.076,32445.599,0,251.423,0,2.993,4293,2610,1.920,2.350,1.790,1,0,149.657,0,0,14,24,0,5,0
04-08 14:50:39,6.764,26.053,65.883,0,0,1684104,10764868,202084,3608672,61628.785,32696.203,0,364.739,0,5.010,4498,2746,1.920,2.350,1.790,1,0,166.337,0,0,14,24,0,5,0
04-08 14:50:40,6.996,21.239,70.212,0,0,1670632,10778316,202088,3608688,46052.105,25122.419,0,179.903,0,12.993,3907,2528,1.920,2.350,1.790,1,0,107.942,0,0,14,24,0,5,0
04-08 14:50:41,6.005,25.019,67.801,0,0,1660524,10788404,202088,3608692,60844.116,33039.042,0,180.137,0,3.002,4195,2633,1.920,2.350,1.790,1,0,144.109,0,0,14,24,0,5,0
04-08 14:50:42,7.999,25.247,64.742,0,0,1656772,10792148,202096,3608692,73466.248,592775.384,0,211.975,0,4.000,4730,3067,1.920,2.350,1.790,1,0,143.983,0,0,14,24,0,5,0
04-08 14:50:43,6.748,24.994,66.234,0,0,1657296,10791624,202100,3608688,45867.889,24382.094,0,0,0,0,4307,2670,1.840,2.330,1.790,0,1,145.965,0,0,14,24,0,5,0
04-08 14:50:44,6.000,23.502,68.505,0.250,0,1647216,10801688,202100,3608704,61107.559,34392.566,8.001,24.002,2.000,1.000,4155,2705,1.840,2.330,1.790,1,0,145.011,0,0,14,24,0,5,0
04-08 14:50:45,11.754,17.757,69.777,0,0,1653512,10795388,202100,3608704,61735.555,32724.486,0,280.107,0,47.018,3443,2167,1.840,2.330,1.790,1,0,89.034,0,0,14,24,0,4,0
04-08 14:50:46,20.258,7.253,71.780,0,0,1697596,10751264,202148,3608696,44835.547,23841.863,0,412.171,0,24.010,2187,1780,1.840,2.330,1.790,1,0,2.001,0,0,14,24,0,4,0
04-08 14:50:47,22.166,5.479,71.729,0,0,1735456,10713388,202156,3608704,29814.523,15152.835,0,31.880,0,3.985,1958,1303,1.840,2.330,1.790,1,0,1.992,0,0,14,24,0,4,0
04-08 14:50:48,21.791,5.009,72.886,0,0,1755600,10693240,202156,3608708,29951.051,15268.574,0,20.037,0,2.004,1834,1240,1.780,2.300,1.780,1,0,0,0,0,14,24,0,4,0
04-08 14:50:49,22.759,4.752,72.529,0,0,1727268,10721556,202156,3608724,15166.016,8151.233,0,88.035,0,1.000,1857,1227,1.780,2.300,1.780,1,0,3.001,0,0,14,24,0,4,0
04-08 14:50:50,21.026,6.258,72.590,0,0,1725648,10723196,202156,3608704,46234.208,24270.031,0,120.149,0,15.019,1931,1349,1.780,2.300,1.780,1,0,0,0,0,14,24,0,4,0
04-08 14:50:51,21.009,5.753,72.783,0,0,1737268,10711576,202156,3608704,30821.802,15839.093,0,0,0,0,1836,1173,1.780,2.300,1.780,2,0,2.001,0,0,14,24,0,4,0
04-08 14:50:52,23.735,3.998,72.205,0,0,1749840,10698996,202164,3608704,31369.486,15572.313,0,83.948,0,2.998,1801,1129,1.780,2.300,1.780,2,0,1.999,0,0,14,24,0,4,0
04-08 14:50:53,22.546,9.910,65.655,0,0,1722116,10726712,202164,3609712,14905.026,7521.885,0,7.928,0,1.982,2431,2705,1.710,2.280,1.780,7,0,34.686,0,0,14,24,0,4,0
04-08 14:50:54,31.514,11.093,57.481,0,0,1703588,10745240,202164,3608712,55412.389,591109.182,0,88.742,0,2.017,3248,10039,1.710,2.280,1.780,2,0,4.034,0,0,14,24,0,3,0
04-08 14:50:55,20.517,6.756,72.810,0,0,1748444,10700384,202164,3608712,29740.403,14926.247,0,0,0,0,1947,1268,1.710,2.280,1.780,1,0,4.003,0,0,14,24,0,3,0
04-08 14:50:56,23.247,3.750,72.241,0,0,1695468,10753296,202212,3608724,30923.279,15540.130,0,543.935,0,35.996,2072,1563,1.710,2.280,1.780,2,0,1.000,0,0,14,24,0,3,0
04-08 14:50:57,20.440,6.730,72.286,0,0,1695368,10753412,202220,3608700,19535.257,10076.216,0,39.882,0,2.991,1851,1336,1.710,2.280,1.780,1,0,0,0,0,14,24,0,3,0
04-08 14:50:58,21.748,5.750,71.995,0,0,1724096,10724684,202220,3608700,41024.088,20452.548,0,0,0,0,1947,1264,1.660,2.260,1.770,1,0,4.000,0,0,14,24,0,1,0
04-08 14:50:59,22.067,5.015,73.221,0,0,1749436,10699344,202220,3608700,25788.880,11223.895,0,48.145,0,2.006,1849,1215,1.660,2.260,1.770,1,0,0,0,0,14,24,0,1,0
04-08 14:51:00,22.400,4.978,71.929,0,0,1710324,10738432,202220,3608724,19744.845,11311.497,0,39.822,0,2.987,1755,1024,1.660,2.260,1.770,1,0,0.996,0,0,14,24,0,1,0
04-08 14:51:01,21.097,6.530,72.836,0,0,1740980,10707776,202220,3608724,15503.551,7721.637,0,84.389,0,9.042,1954,1407,1.660,2.260,1.770,1,0,2.009,0,0,14,24,0,1,0
04-08 14:51:02,22.954,3.992,72.356,0,0,1763660,10685096,202228,3608716,30464.366,16319.519,0,67.865,0,1.996,1846,1249,1.660,2.260,1.770,1,0,0,0,0,14,24,0,1,0
04-08 14:51:03,21.289,5.761,72.633,0,0,1789260,10659496,202228,3608716,29954.810,15105.640,0,0,0,0,1851,1224,1.600,2.240,1.770,1,0,2.004,0,0,14,24,0,1,0
04-08 14:51:04,21.982,5.246,71.941,0,0,1753108,10695632,202228,3608732,30149.205,15591.178,0,115.905,0,5.995,1924,1221,1.600,2.240,1.770,1,0,3.997,0,0,14,24,0,1,0
04-08 14:51:05,19.259,7.253,73.032,0,0,1767148,10681620,202228,3608704,15448.862,7609.380,0,4.002,0,1.000,1838,1337,1.600,2.240,1.770,1,0,0,0,0,14,24,0,1,0
04-08 14:51:06,23.994,4.999,70.983,0,0,1761960,10686708,202288,3608744,59400.980,30612.775,0,535.874,0,36.991,2217,1736,1.600,2.240,1.770,2,0,1.000,0,0,14,24,0,1,0
04-08 14:51:07,20.240,6.996,72.464,0,0,1761652,10687008,202296,3608744,17503.194,7922.014,0,39.980,0,2.998,1914,1249,1.600,2.240,1.770,1,0,3.998,0,0,14,24,0,1,0
04-08 14:51:08,23.776,3.003,72.580,0,0,1686316,10762316,202296,3608772,27403.268,14998.566,0,28.031,0,1.001,1785,1088,1.560,2.220,1.760,1,0,1.001,0,0,14,24,0,1,0
04-08 14:51:09,20.600,6.280,73.606,0,0,1718232,10730480,202296,3608692,15052.886,7494.287,0,0,0,0,1815,1299,1.560,2.220,1.760,2,0,0,0,0,14,24,0,1,0
04-08 14:51:10,24.493,3.499,70.979,0,0,1750496,10698216,202296,3608692,45547.441,246700.557,0,239.929,0,38.988,2113,1625,1.560,2.220,1.760,4,0,2.999,0,0,14,24,0,1,0
04-08 14:51:11,20.903,6.470,71.917,0,0,1761756,10686956,202296,3608692,41278.884,362151.284,0,47.779,0,2.986,2072,1252,1.560,2.220,1.760,1,0,1.991,0,0,14,24,0,1,0
04-08 14:51:12,20.978,5.245,72.924,0,0,1763088,10685624,202296,3608692,15713.542,7288.366,0,175.816,0,10.988,1715,1045,1.560,2.220,1.760,1,0,0,0,0,14,24,0,1,0
04-08 14:51:13,21.981,5.245,70.438,1.998,0,1736216,10712408,202304,3608768,30313.131,14974.726,0,91.919,0,1.998,1805,1253,1.510,2.200,1.760,1,0,2.997,0,0,14,24,0,1,0
04-08 14:51:14,21.795,5.261,72.400,0,0,1750324,10698300,202304,3608768,15719.566,8263.119,0,12.025,0,1.002,1896,1330,1.510,2.200,1.760,1,0,1.002,0,0,14,24,0,1,0
04-08 14:51:15,20.748,6.249,72.744,0,0,1734840,10713772,202304,3608780,44742.233,23712.004,0,7.999,0,2.000,1936,1360,1.510,2.200,1.760,1,0,1.000,0,0,14,24,0,1,0
04-08 14:51:16,23.244,3.999,71.980,0,0,1769760,10678872,202304,3608760,44378.830,22919.715,0,0,0,0,1913,1296,1.510,2.200,1.760,1,0,1.999,0,0,14,24,0,1,0
04-08 14:51:17,20.262,7.504,72.543,0,0,1791348,10657284,202304,3608760,29869.782,15385.159,0,8.005,0,2.001,1920,1271,1.510,2.200,1.760,1,0,2.001,0,0,14,24,0,1,0
04-08 14:51:18,22.751,3.500,72.503,0,0,1758116,10690488,202312,3608780,15127.560,7524.278,0,180.007,0,15.001,1762,1098,1.470,2.180,1.760,1,0,1.000,0,0,14,24,0,1,0
04-08 14:51:19,20.730,6.743,72.180,0,0,1748968,10699660,202312,3608756,45085.400,23625.153,0,0,0,0,1920,1355,1.470,2.180,1.760,1,0,1.998,0,0,14,24,0,1,0
04-08 14:51:20,23.015,4.253,72.549,0,0,1716416,10732188,202312,3608780,30035.092,15398.301,0,104.070,0,16.011,1766,1080,1.470,2.180,1.760,1,0,1.001,0,0,14,24,0,1,0
04-08 14:51:21,23.005,8.502,68.264,0,0,1742680,10705932,202312,3608772,30314.402,15773.331,0,0,0,0,2112,1381,1.470,2.180,1.760,1,0,6.001,0,0,14,24,0,1,0
04-08 14:51:22,23.314,3.760,72.448,0,0,1761824,10686788,202312,3608772,44902.986,22146.658,0,0,0,0,1892,1214,1.470,2.180,1.760,1,0,2.005,0,0,14,24,0,1,0
04-08 14:51:23,20.688,6.231,72.282,0,0,1777228,10671372,202324,3608772,29632.670,15068.574,0,175.471,0,12.961,1920,1245,1.430,2.160,1.750,1,0,1.994,0,0,14,24,0,1,0
04-08 14:51:24,19.478,8.990,71.420,0,0,1730908,10717656,202324,3608808,15501.633,7287.835,0,15.982,0,1.998,2340,1462,1.430,2.160,1.750,1,0,39.955,0,0,14,24,0,1,0
04-08 14:51:25,7.250,25.002,64.754,0,0,1717752,10730676,202324,3608944,51557.294,467981.902,0,132.008,0,12.001,4595,2899,1.430,2.160,1.750,1,0,154.010,0,0,14,24,0,1,0
04-08 14:51:26,7.002,26.258,65.771,0,0,1693868,10754560,202324,3608944,52729.583,161374.752,0,96.030,0,4.001,4443,2642,1.430,2.160,1.750,2,0,153.048,0,0,14,24,0,1,0
04-08 14:51:27,8.762,21.531,67.846,0,0,1678124,10770288,202324,3608944,45734.979,24578.921,0,48.068,0,2.003,3880,2428,1.430,2.160,1.750,1,0,121.172,0,0,14,24,0,1,0
04-08 14:51:28,18.454,8.977,71.819,0,0,1695740,10752672,202336,3608932,45829.718,22668.978,0,199.498,0,12.967,2124,1591,1.400,2.140,1.750,1,0,1.995,0,0,14,24,0,1,0
04-08 14:51:29,23.290,4.758,72.624,0,0,1729712,10718672,202336,3608956,62192.975,29366.039,0,4.007,0,1.002,1949,1291,1.400,2.140,1.750,2,0,0,0,0,14,24,0,1,0
04-08 14:51:30,24.517,2.252,72.302,0,0,1745620,10702560,202336,3609160,30551.785,17050.158,0,4.003,0,1.001,1781,1085,1.400,2.140,1.750,2,0,0,0,0,14,24,0,1,0
04-08 14:51:31,19.493,7.997,72.223,0,0,1698176,10749884,202336,3609236,32789.930,17953.391,0,11.996,0,1.000,2149,1486,1.400,2.140,1.750,1,0,10.996,0,0,14,24,0,1,0
04-08 14:51:32,21.244,5.998,72.229,0,0,1699224,10748836,202336,3609236,44912.081,24015.092,0,0,0,0,1925,1427,1.400,2.140,1.750,2,0,0,0,0,14,24,0,1,0
04-08 14:51:33,23.238,3.748,72.961,0,0,1732120,10715940,202336,3609236,29760.027,15105.892,0,0,0,0,1792,1197,1.360,2.120,1.740,1,0,0,0,0,14,24,0,1,0
04-08 14:51:34,14.221,20.708,63.121,0,0,1685264,10762688,202344,3609332,29953.876,25685.586,39.919,215.560,1.996,11.976,3593,2163,1.360,2.120,1.740,4,0,127.739,0,0,14,24,0,1,0
04-08 14:51:35,6.756,25.023,67.563,0,0,1688448,10759476,202344,3609360,47968.731,47816.589,0,548.511,0,36.034,4319,2670,1.360,2.120,1.740,1,0,147.137,0,0,14,24,0,1,0
04-08 14:51:36,7.013,25.296,66.121,0,0,1674384,10773536,202344,3609364,70914.902,586099.621,0,60.110,0,3.006,4555,2845,1.360,2.120,1.740,2,0,150.275,0,0,14,24,0,1,0
04-08 14:51:37,5.746,24.483,67.453,0,0,1667092,10780824,202344,3609368,46267.535,25314.238,0,83.941,0,2.998,4222,2638,1.360,2.120,1.740,1,0,146.897,0,0,14,24,0,1,0
04-08 14:51:38,6.506,25.023,67.062,0,0,1664336,10783568,202344,3609376,61858.642,32876.636,0,28.026,0,1.001,4313,2671,1.260,2.080,1.730,1,0,150.140,0,0,14,24,0,1,0
04-08 14:51:39,6.996,24.736,67.462,0,0,1666992,10780888,202356,3609380,45649.959,23882.376,0,219.875,0,3.998,4246,2579,1.260,2.080,1.730,1,0,151.913,0,0,14,24,0,1,0
04-08 14:51:40,6.505,24.769,66.552,0,0,1662684,10785188,202356,3609388,60926.377,32205.043,0,188.146,0,12.009,4362,2643,1.260,2.080,1.730,1,0,147.114,0,0,14,24,0,1,0
04-08 14:51:41,6.744,26.225,66.687,0,0,1661068,10786804,202356,3609388,59631.484,31735.922,0,11.989,0,2.997,4404,2654,1.260,2.080,1.730,2,0,154.853,0,0,14,24,0,1,0
04-08 14:51:42,5.991,26.209,65.398,0,0,1657604,10790268,202356,3609388,48298.873,26321.059,0,3.994,0,0.998,4390,2679,1.260,2.080,1.730,1,0,147.770,0,0,14,24,0,1,0
04-08 14:51:43,6.747,24.740,66.474,0,0,1654656,10793212,202356,3609392,45985.759,24262.376,0,175.930,0,1.999,4339,2608,1.320,2.080,1.730,1,0,150.940,0,0,14,24,0,1,0
04-08 14:51:44,6.517,24.813,66.920,0.501,0,1656108,10791752,202364,3609392,46239.368,25649.104,0,356.906,0,5.013,4256,2605,1.320,2.080,1.730,2,0,145.369,0,0,14,24,0,1,0
04-08 14:51:45,7.992,25.474,64.934,0,0,1647544,10800304,202364,3609400,73201.346,581155.310,0,439.552,0,4.995,4779,2940,1.320,2.080,1.730,1,0,151.845,0,0,14,24,0,1,0
04-08 14:51:46,6.504,26.264,65.786,0,0,1649236,10798612,202364,3609400,50941.520,25857.969,0,452.244,0,17.009,4440,2654,1.320,2.080,1.730,1,0,161.087,0,0,14,24,0,1,0
04-08 14:51:47,5.980,25.415,66.279,0,0,1646560,10801284,202364,3609400,57731.775,30189.481,0,267.111,0,3.987,4274,2579,1.320,2.080,1.730,1,0,143.522,0,0,14,24,0,1,0
04-08 14:51:48,7.014,25.550,67.131,0,0,1641172,10806672,202364,3609400,52614.739,25656.098,0,444.869,0,6.012,4344,2582,1.290,2.060,1.730,1,0,152.297,0,0,14,24,0,1,0
04-08 14:51:49,6.511,25.541,66.608,0,0,1624848,10822980,202372,3609408,55445.727,30270.987,0,320.519,0,5.008,4394,2675,1.290,2.060,1.730,1,0,153.248,0,0,14,24,0,1,0
04-08 14:51:50,6.248,25.742,66.729,0,0,1615860,10831968,202372,3609408,46887.956,24308.201,0,439.859,0,4.998,4276,2583,1.290,2.060,1.730,2,0,152.951,0,0,14,24,0,1,0
04-08 14:51:51,5.751,25.004,67.261,0,0,1621096,10826732,202372,3609408,60890.248,32427.457,0,364.061,0,15.003,4276,2653,1.290,2.060,1.730,1,0,145.024,0,0,14,24,0,1,0
04-08 14:51:52,6.753,24.012,68.033,0,0,1621460,10826284,202452,3609412,56794.645,29194.210,0,1092.532,0,49.024,4330,2894,1.290,2.060,1.730,2,0,144.070,0,0,14,24,0,1,0
04-08 14:51:53,6.246,24.235,67.459,0,0,1619132,10828604,202460,3609412,60651.301,469871.689,0,155.906,0,6.996,4420,2830,1.270,2.050,1.730,1,0,140.915,0,0,14,24,0,1,0
04-08 14:51:54,19.735,33.224,45.465,0,0,1644672,10803048,202460,3609428,64739.158,156295.669,0,59.954,0,2.998,5338,13232,1.270,2.050,1.730,1,0,170.868,0,0,14,24,0,2,0
04-08 14:51:55,5.497,25.487,66.967,0,0,1644292,10803424,202460,3609432,46035.005,24657.683,0,55.972,0,1.999,4258,2604,1.270,2.050,1.730,1,0,151.924,0,0,14,24,0,1,0
04-08 14:51:56,5.993,24.723,67.675,0,0,1643284,10804432,202460,3609432,55056.329,29439.558,0,83.908,0,2.997,4227,2662,1.270,2.050,1.730,1,0,144.840,0,0,14,24,0,1,0
04-08 14:51:57,7.261,23.035,68.355,0,0,1642240,10805468,202460,3609440,52191.380,29381.250,0,272.420,0,14.022,4113,2525,1.270,2.050,1.730,2,0,125.193,0,0,14,24,0,1,0
04-08 14:51:58,7.493,25.976,65.439,0,0,1633576,10814116,202468,3609444,61204.369,32268.143,0,103.904,0,5.994,4392,2670,1.250,2.030,1.720,2,0,160.851,0,0,14,24,0,1,0
04-08 14:51:59,5.483,25.922,65.552,0,0,1627480,10820212,202468,3609444,45528.306,24043.284,0,19.940,0,4.985,4313,2566,1.250,2.030,1.720,1,0,150.545,0,0,14,24,0,1,0
04-08 14:52:00,5.776,26.619,66.797,0,0,1631756,10815936,202468,3609444,61681.648,32362.098,0,20.089,0,5.022,4332,2571,1.250,2.030,1.720,1,0,151.675,0,0,14,24,0,1,0
04-08 14:52:01,6.253,24.261,67.530,0,0,1627204,10820480,202468,3609452,46268.729,24561.004,0,12.005,0,3.001,4219,2540,1.250,2.030,1.720,1,0,144.065,0,0,14,24,0,1,0
04-08 14:52:02,9.711,21.165,67.728,0,0,1627888,10819788,202468,3609468,58763.029,582126.396,0,270.912,0,43.824,4380,2915,1.250,2.030,1.720,2,0,101.592,0,0,14,24,0,1,0
04-08 14:52:03,16.504,32.758,47.511,0,0,1615872,10827648,202484,3613512,61678.275,31493.289,0,224.052,0,2.000,7277,9675,1.220,2.010,1.720,1,0,158.037,0,0,14,24,0,1,0
04-08 14:52:04,14.809,37.649,46.936,0.251,0,1600348,10843116,202552,3613496,56741.738,27039.094,0,437.734,0,29.115,5299,3321,1.220,2.010,1.720,3,0,212.843,0,0,14,24,0,3,0
04-08 14:52:05,25.406,29.889,43.340,0,0,1645248,10798164,202568,3613532,50086.662,28697.808,0,199.263,0,9.963,4932,2808,1.220,2.010,1.720,2,0,139.484,0,0,14,24,0,3,0
04-08 14:52:06,43.135,34.054,22.955,0,0,1714268,10729088,202588,3613568,63526.350,32480.078,0,286.559,0,15.135,5240,2807,1.220,2.010,1.720,5,0,181.622,0,0,14,24,0,3,0
04-08 14:52:07,40.269,54.844,2.470,0,0,1743716,10699492,202720,3613576,45721.424,24182.906,0,782.644,0,42.492,5535,4119,1.220,2.010,1.720,8,0,411.086,0,0,14,24,0,7,0
04-08 14:52:08,69.930,31.164,0.253,0.253,0,1872088,10563856,203956,3619068,62252.772,31579.917,1151.309,5152.513,137.833,73.984,5677,3827,1.530,2.060,1.740,4,0,159.116,0,0,14,24,0,7,0
04-08 14:52:09,76.698,18.990,1.726,1.480,0,1941792,10486296,206660,3623452,43732.300,22077.255,15.784,14911.519,0.986,1065.390,9152,10451,1.530,2.060,1.740,8,0,29.594,0,0,14,28,0,8,0
04-08 14:52:10,58.287,22.014,13.509,3.252,0,1953840,10460116,212352,3631248,15570.988,7676.924,428.275,28810.481,9.006,2348.506,13939,19555,1.530,2.060,1.740,6,0,94.060,0,0,14,30,0,8,0
04-08 14:52:11,53.264,23.894,14.685,4.231,0,1978120,10425592,218352,3635208,30049.110,14850.326,0,62220.834,0,3672.758,16126,23982,1.530,2.060,1.740,6,0,48.784,0,0,14,30,0,8,0
04-08 14:52:12,51.852,28.191,12.837,4.027,0,1945616,10448980,222992,3639348,15341.059,7875.419,0,31300.311,0,2231.134,12808,18525,1.530,2.060,1.740,9,0,112.765,0,0,14,28,0,8,0
04-08 14:52:13,63.409,22.306,8.521,3.759,0,1946280,10440440,227820,3642144,25399.610,438181.372,0,39406.689,0,2506.277,12447,18773,1.650,2.080,1.740,4,1,61.153,0,0,14,28,0,8,0
04-08 14:52:14,57.720,21.396,13.186,4.478,0,1985996,10392812,232816,3644828,3230.310,122443.267,0,43226.042,0,2807.364,14755,21115,1.650,2.080,1.740,4,1,58.715,0,0,14,32,0,9,0
04-08 14:52:15,44.567,17.777,23.535,11.517,0,2003100,10370888,234648,3647680,15128.794,7521.332,0,11761.721,0,899.355,8876,12109,1.650,2.080,1.740,1,2,60.091,0,0,14,37,0,9,0
04-08 14:52:16,34.847,23.895,21.904,16.428,0,1909520,10458596,238780,3649268,16261.800,8102.524,0,38483.506,0,2405.468,12722,17822,1.650,2.080,1.740,4,0,101.555,0,0,14,36,0,9,0
04-08 14:52:17,54.303,20.019,18.518,3.503,0,1922480,10437932,244560,3651004,44315.017,22461.804,0,40915.717,0,3032.944,14390,21022,1.650,2.080,1.740,5,0,33.032,0,0,14,36,0,9,0
04-08 14:52:18,50.991,24.365,18.588,3.517,0,1851828,10503648,248268,3652084,30260.043,14793.933,0,25339.784,0,1896.967,11327,15284,1.750,2.090,1.750,8,0,96.456,0,0,14,34,0,9,0
04-08 14:52:19,40.210,31.275,21.843,3.723,0,1850580,10500404,251792,3652924,15051.598,7243.830,0,25277.948,0,1989.670,13020,18460,1.750,2.090,1.750,8,1,142.970,0,0,14,37,0,9,0
04-08 14:52:20,40.669,24.840,21.431,6.088,0,1853368,10489596,255456,3657540,15575.166,7251.331,3409.412,26799.923,42.861,1970.640,13826,19416,1.750,2.090,1.750,11,0,79.878,0,0,14,37,0,9,0
04-08 14:52:21,48.141,40.418,11.070,1.545,0,1849060,10490960,257656,3658136,15425.595,7580.990,0,16978.452,0,1271.736,11668,17439,1.750,2.090,1.750,4,1,139.016,0,0,14,37,0,11,0
04-08 14:52:22,50.886,29.726,14.107,3.023,0,1824800,10510124,260716,3659532,15599.359,7678.258,1088.257,22049.297,23.176,1712.997,11328,15959,1.750,2.090,1.750,7,0,91.696,0,0,14,36,0,11,0
04-08 14:52:23,52.772,25.141,16.927,2.738,0,1872896,10458824,262860,3660480,15214.149,7425.859,0,17356.874,0,1506.480,9772,13215,1.850,2.110,1.760,4,1,78.660,0,0,14,36,0,11,0
04-08 14:52:24,39.925,27.948,24.205,4.242,0,1883308,10444892,265028,3661676,2967.429,2016.215,794.508,27540.293,12.976,2039.171,12842,17806,1.850,2.110,1.760,5,0,107.798,0,0,14,36,0,12,0
04-08 14:52:25,38.758,14.503,35.758,5.751,0,1876636,10447000,267512,3663608,59733.098,29994.577,0,28710.295,0,2287.502,13513,19475,1.850,2.110,1.760,3,0,26.006,0,0,14,37,0,12,0
04-08 14:52:26,38.571,14.527,36.066,5.260,0,1871312,10448848,269392,3665108,30575.363,14618.949,0,32495.903,0,2422.466,13774,20360,1.850,2.110,1.760,8,0,36.066,0,0,14,37,0,13,0
04-08 14:52:27,38.789,15.266,35.286,5.255,0,1865060,10450764,272260,3666460,14995.254,7303.429,0,36813.448,0,2554.599,13865,20592,1.850,2.110,1.760,4,0,24.024,0,0,14,36,0,14,0
04-08 14:52:28,26.822,26.070,36.598,5.765,0,1826552,10483660,275892,3668304,15443.310,7478.003,0,30485.546,0,2620.008,13868,19161,2.030,2.140,1.770,3,0,127.341,0,0,14,36,0,14,0
04-08 14:52:29,41.132,15.705,33.155,5.235,0,1837540,10465856,280416,3670428,15641.200,7340.974,0,30444.799,0,2443.003,13936,19745,2.030,2.140,1.770,4,0,47.863,0,0,14,36,0,14,0
04-08 14:52:30,37.083,15.535,34.828,6.515,0,1856776,10439944,285480,3671868,15373.285,7460.639,0,35827.902,0,2670.957,13168,19564,2.030,2.140,1.770,4,0,33.074,0,0,14,36,0,15,0
04-08 14:52:31,40.523,13.837,35.334,4.695,0,1851840,10439464,289584,3673008,15033.014,7211.103,0,26930.939,0,2099.285,12345,18570,2.030,2.140,1.770,7,0,16.802,0,0,14,37,0,15,0
04-08 14:52:32,40.640,13.378,37.611,4.796,0,1847964,10437980,293324,3674528,548.263,0,0,24959.593,0,1966.881,11682,17796,2.030,2.140,1.770,2,0,21.204,0,0,14,37,0,15,0
04-08 14:52:33,36.801,16.523,36.050,5.508,0,1798360,10481832,297604,3675816,15523.576,7306.155,0,31035.135,0,2282.172,12665,18055,2.100,2.150,1.780,2,0,54.075,0,0,14,34,0,16,0
04-08 14:52:34,39.617,12.788,46.387,0.251,0,1708844,10571152,297816,3675776,909.693,0,0,2519.459,0,144.428,3601,2344,2.100,2.150,1.780,4,0,26.077,0,0,14,32,0,16,0
04-08 14:52:35,27.683,27.433,43.893,0,0,1735992,10543912,297876,3675808,19105.425,9313.296,0,654.405,0,36.910,5056,3202,2.100,2.150,1.780,6,0,152.628,0,0,14,32,0,17,0
04-08 14:52:36,24.791,11.269,62.853,0.250,0,1734096,10545512,298288,3675688,1349.219,0,0,6178.162,0,308.507,4919,4829,2.100,2.150,1.780,2,0,36.059,0,0,14,33,0,17,0
04-08 14:52:37,23.758,4.501,69.773,0,0,1730496,10548940,298288,3675852,45366.940,37852.465,0,116.038,0,5.002,4449,4840,2.100,2.150,1.780,1,0,2.001,0,0,14,33,0,17,0
04-08 14:52:38,24.167,4.485,69.511,0,0,1687612,10591812,298308,3675844,43150.581,446645.733,0,2168.541,0,8.969,3481,3255,2.020,2.130,1.770,2,0,4.983,0,0,14,32,0,17,0
04-08 14:52:39,15.303,13.045,71.247,0,0,1714756,10564644,298308,3675864,33058.535,147193.969,0,0,0,0,2657,1857,2.020,2.130,1.770,1,0,51.177,0,0,14,32,0,17,0
04-08 14:52:40,22.007,5.252,72.774,0,0,1756536,10522864,298316,3675856,15464.173,7608.545,0,48.016,0,3.001,1816,1161,2.020,2.130,1.770,1,0,2.001,0,0,14,32,0,17,0
04-08 14:52:41,22.741,4.248,71.471,0,0,1751124,10528232,298332,3675880,15093.842,7778.826,0,63.974,0,6.997,3261,3281,2.020,2.130,1.770,5,0,0,0,0,14,33,0,18,0
04-08 14:52:42,19.905,9.704,69.419,0,0,1708696,10570556,298364,3675952,15206.410,7261.337,0,5302.687,0,108.482,3131,2396,2.020,2.130,1.770,1,0,33.838,0,0,14,32,0,18,0
04-08 14:52:43,19.011,8.005,72.291,0,0,1715248,10563988,298380,3675952,15472.702,7624.288,0,148.083,0,8.005,1964,1453,1.930,2.120,1.770,1,0,2.001,0,0,14,32,0,18,0
04-08 14:52:44,22.601,4.771,72.071,0,0,1750148,10529076,298388,3675956,605.699,0,0,1422.337,0,218.976,2500,1710,1.930,2.120,1.770,1,0,1.004,0,0,14,32,0,18,0
04-08 14:52:45,24.200,2.744,71.603,0,0,1744732,10534412,298452,3675972,14889.371,7428.718,0,510.949,0,37.922,2475,2261,1.930,2.120,1.770,1,0,0,0,0,14,32,0,18,0
04-08 14:52:46,13.273,14.275,72.375,0,0,1694412,10584728,298452,3675976,1411.434,0,0,0,0,0,2709,1784,1.930,2.120,1.770,1,0,62.107,0,0,14,32,0,18,0
04-08 14:52:47,22.265,5.504,72.048,0,0,1728700,10550440,298460,3675968,15518.339,7625.080,0,84.056,0,6.004,1886,1325,1.930,2.120,1.770,1,0,0,0,0,14,32,0,18,0
04-08 14:52:48,23.185,3.989,72.297,0,0,1730492,10548504,298460,3676112,941.352,0,0,3.989,0,0.997,2584,2280,1.860,2.100,1.760,1,0,0,0,0,14,33,0,18,0
04-08 14:52:49,23.807,4.010,70.920,0,0,1686424,10592556,298460,3676128,14837.619,7313.557,0,4.010,0,1.002,3288,3167,1.860,2.100,1.760,1,0,8.019,0,0,14,32,0,18,0
04-08 14:52:50,15.744,11.995,72.221,0,0,1702332,10576648,298460,3676128,358.855,147.940,0,0,0,0,2300,1618,1.860,2.100,1.760,2,0,36.985,0,0,14,32,0,18,0
04-08 14:52:51,21.968,4.494,72.895,0,0,1731936,10547044,298460,3676128,760.907,0,0,0,0,0,1745,1206,1.860,2.100,1.760,2,0,0,0,0,14,32,0,18,0
04-08 14:52:52,22.779,4.756,72.092,0,0,1743976,10534992,298460,3676140,15863.216,7629.723,0,4.005,0,1.001,2170,1624,1.860,2.100,1.760,1,0,2.003,0,0,14,32,0,18,0
04-08 14:52:53,24.262,3.752,70.786,0,0,1742064,10536712,298504,3676288,420.216,0,0,200.103,0,19.010,3817,4211,1.790,2.080,1.760,2,0,0,0,0,14,32,0,18,0
04-08 14:52:54,7.739,23.468,67.158,0,0,1695144,10583592,298528,3676304,298.590,0,0,986.646,0,137.811,4407,2546,1.790,2.080,1.760,3,0,159.781,0,0,14,32,0,18,0
04-08 14:52:55,17.482,33.216,46.702,0.250,0,1657108,10621524,298552,3676380,31287.744,51263.151,0,271.720,0,12.987,5285,11008,1.790,2.080,1.760,1,0,189.804,0,0,14,32,0,19,0
04-08 14:52:56,6.256,25.276,66.568,0,0,1640216,10638384,298556,3676408,61921.413,56756.123,0,72.074,0,3.003,4395,2535,1.790,2.080,1.760,2,0,152.156,0,0,14,32,0,19,0
04-08 14:52:57,7.228,24.676,66.550,0,0,1642860,10635736,298556,3676412,60574.269,31742.767,0,31.904,0,2.991,4463,2708,1.790,2.080,1.760,1,0,147.557,0,0,14,32,0,18,0
04-08 14:52:58,19.267,37.533,41.537,0,0,1641532,10636996,298624,3676412,45873.616,24231.454,0,464.411,0,31.027,5211,3235,1.810,2.080,1.760,5,0,213.189,0,0,14,32,0,20,0
04-08 14:52:59,54.155,21.060,23.818,0.251,0,1710392,10567840,298728,3676600,46912.180,25344.491,0,593.698,0,40.115,4718,2663,1.810,2.080,1.760,5,0,55.158,0,0,14,32,0,24,0
04-08 14:53:00,64.015,13.253,22.755,0,0,1830380,10446908,298780,3677484,45374.641,23751.570,0,272.064,0,13.003,4071,1802,1.810,2.080,1.760,4,0,2.000,0,0,14,32,0,24,0
04-08 14:53:01,67.031,11.755,21.260,0,0,1935592,10339176,298860,3679492,61512.262,558112.424,12.006,212.097,2.001,3.001,4310,1887,1.810,2.080,1.760,4,0,2.001,0,0,14,32,0,24,0
04-08 14:53:02,63.809,11.216,23.181,1.745,0,2045728,10225848,298920,3682416,14810.638,7597.244,793.623,1698.911,8.973,70.788,4067,1742,1.810,2.080,1.760,4,0,5.982,0,0,14,32,0,24,0
04-08 14:53:03,55.615,15.462,23.942,1.746,0,2066768,10193884,302968,3688816,30232.450,16344.238,3.990,27453.211,0.998,1982.178,12046,16008,2.060,2.130,1.780,8,0,78.808,0,0,14,38,0,24,0
04-08 14:53:04,38.600,23.060,29.827,3.008,0,2066852,10180792,309396,3694972,44682.725,22239.599,0,55892.758,0,3629.400,17830,25535,2.060,2.130,1.780,9,0,122.317,0,0,14,38,0,24,0
04-08 14:53:05,35.806,24.038,29.797,3.756,0,2067112,10168724,315504,3700336,29860.882,14763.178,0,62658.375,0,3812.986,17981,25449,2.060,2.130,1.780,6,0,93.146,0,0,14,38,0,22,0
04-08 14:53:06,34.408,18.071,33.666,7.674,0,2067664,10158140,321132,3704452,14887.223,7224.289,0,43718.037,0,3083.393,15460,23135,2.060,2.130,1.780,5,0,121.791,0,0,14,38,0,22,0
04-08 14:53:07,33.948,16.848,35.959,8.298,0,2067376,10147304,327400,3708952,44909.627,22923.544,0,42769.158,0,3225.792,15848,23705,2.060,2.130,1.780,8,0,83.486,0,0,14,38,0,22,0
04-08 14:53:08,48.169,18.968,22.213,5.990,0,1980732,10223912,332660,3713452,45667.350,23498.559,0,32329.736,0,2511.784,13928,19860,2.220,2.160,1.790,6,1,128.784,0,0,14,36,0,22,0
04-08 14:53:09,41.354,25.314,22.557,6.266,0,2002428,10191452,337920,3718628,60815.469,32143.114,0,54437.374,0,3202.081,14843,22450,2.220,2.160,1.790,2,1,114.288,0,0,14,36,0,18,0
04-08 14:53:10,47.479,17.649,22.870,6.960,0,2032140,10150572,343544,3723844,44877.094,22947.147,0,37621.468,0,2748.328,13976,20315,2.220,2.160,1.790,4,0,74.575,0,0,14,36,0,18,0
04-08 14:53:11,53.151,16.798,20.809,6.017,0,2068912,10104712,348496,3727660,29828.541,14633.475,0,42508.479,0,2734.751,13255,18379,2.220,2.160,1.790,3,0,9.026,0,0,14,36,0,18,0
04-08 14:53:12,43.672,18.322,26.605,6.526,0,2096460,10064792,353408,3734704,29800.410,14782.240,0,51209.761,0,3057.044,13364,20378,2.220,2.160,1.790,5,2,2.008,0,0,14,36,0,18,0
04-08 14:53:13,48.182,17.475,23.217,6.740,0,2054752,10096548,358528,3739224,30061.315,15911.407,0,50196.723,0,2963.792,14203,20888,2.440,2.200,1.810,5,0,25.963,0,0,14,36,0,17,0
04-08 14:53:14,29.558,24.799,34.067,6.262,0,2035308,10109108,363612,3740844,69683.698,606784.323,0,36186.988,0,2719.334,15307,21757,2.440,2.200,1.810,2,1,116.228,0,0,14,36,0,17,0
04-08 14:53:15,25.553,14.530,37.578,16.785,0,2027792,10111132,367728,3742076,29936.410,15227.746,0,40243.899,0,2579.377,13411,20795,2.440,2.200,1.810,0,2,33.069,0,0,14,36,0,17,0
04-08 14:53:16,37.946,10.485,40.692,6.740,0,2015400,10117832,371608,3743712,29488.797,14637.052,0,18417.641,0,1829.382,10798,16294,2.440,2.200,1.810,3,0,49.929,0,0,14,36,0,17,0
04-08 14:53:17,32.016,24.262,40.770,1.501,0,1748848,10383648,372276,3743764,15043.380,7623.740,0,16316.005,0,842.413,6072,5384,2.440,2.200,1.810,1,0,133.065,0,0,14,32,0,16,0
04-08 14:53:18,10.517,20.534,67.360,0,0,1734544,10397908,372304,3743776,61608.721,46055.294,0,1133.854,0,52.085,3989,2596,2.330,2.180,1.800,1,0,116.190,0,0,14,32,0,16,0
04-08 14:53:19,22.243,5.748,70.728,0.500,0,1732992,10399272,372492,3743772,62108.331,32147.819,0,4398.607,0,210.933,2481,2079,2.330,2.180,1.800,1,0,2.999,0,0,14,32,0,16,0
04-08 14:53:20,20.762,5.503,72.791,0,0,1765820,10366440,372492,3743776,29667.858,15660.899,0,0,0,0,1823,1291,2.330,2.180,1.800,2,0,0,0,0,14,32,0,16,0
04-08 14:53:21,23.486,7.745,68.459,0,0,1795988,10336264,372492,3743776,29454.426,15200.931,0,0,0,0,2069,1313,2.330,2.180,1.800,4,0,5.996,0,0,14,32,0,16,0
04-08 14:53:22,22.506,4.751,71.520,0,0,1815136,10317112,372496,3743776,15039.154,7592.097,0,208.057,0,28.008,2332,1904,2.330,2.180,1.800,2,0,4.001,0,0,14,38,0,16,0
04-08 14:53:23,26.242,1.749,71.478,0,0,1815116,10317112,372512,3743780,59628.009,33325.945,0,107.967,0,10.997,2054,1474,2.220,2.160,1.800,1,0,0,0,0,14,34,0,16,0
04-08 14:53:24,17.764,9.257,72.058,0,0,1771348,10360860,372524,3743788,45694.713,24167.417,0,112.090,0,13.010,2578,1978,2.220,2.160,1.800,1,0,28.023,0,0,14,32,0,16,0
04-08 14:53:25,22.494,5.748,71.229,0,0,1796392,10335808,372532,3743788,69567.922,593760.639,0,443.872,0,23.993,2426,1668,2.220,2.160,1.800,1,0,2.999,0,0,14,32,0,13,0
04-08 14:53:26,22.748,5.250,72.493,0,0,1831396,10300780,372548,3743796,29828.224,15142.591,0,75.993,0,5.999,1891,1366,2.220,2.160,1.800,1,0,0,0,0,14,32,0,13,0
04-08 14:53:27,22.007,6.252,70.272,0.250,0,1856544,10275412,372760,3743796,30129.492,15808.980,0,7226.277,0,328.103,2811,2334,2.220,2.160,1.800,1,0,2.001,0,0,14,34,0,13,0
04-08 14:53:28,23.032,5.007,71.099,0,0,1706896,10424964,372856,3743796,44917.604,23278.444,0,2511.500,0,129.180,2646,2095,2.120,2.140,1.790,1,0,12.017,0,0,14,32,0,13,0
04-08 14:53:29,8.478,36.655,52.614,0,0,1706300,10425528,372876,3743804,45147.582,24079.907,0,183.527,0,10.972,5106,3168,2.120,2.140,1.790,3,0,225.419,0,0,14,32,0,11,0
04-08 14:53:30,10.482,45.173,41.679,0,0,1694412,10437396,372888,3743812,60831.439,33175.521,0,227.613,0,14.975,5761,3466,2.120,2.140,1.790,2,0,287.511,0,0,14,32,0,11,0
04-08 14:53:31,10.526,47.118,41.103,0,0,1673316,10458472,372888,3743832,61257.631,34087.490,0,12.030,0,3.008,5621,3362,2.120,2.140,1.790,3,0,290.729,0,0,14,32,0,11,0
04-08 14:53:32,11.479,45.666,41.174,0,0,1655888,10475880,372888,3743852,61011.074,40783.183,0,7.985,0,1.996,5603,3455,2.120,2.140,1.790,2,0,284.478,0,0,14,32,0,11,0
04-08 14:53:33,10.205,48.785,37.833,0.249,0,1654284,10477464,372892,3743864,45471.264,24364.442,3.982,4703.237,0.996,29.868,5716,3474,2.110,2.140,1.790,2,0,309.633,0,0,14,32,0,10,0
04-08 14:53:34,12.050,48.451,38.409,0,0,1651572,10480172,372892,3743868,71696.434,469096.051,0,32.133,0,8.033,5914,3619,2.110,2.140,1.790,2,0,308.279,0,0,14,32,0,10,0
04-08 14:53:35,9.962,49.563,38.107,0,0,1642060,10489672,372896,3743872,62832.467,156855.517,0,266.995,0,9.962,5780,3542,2.110,2.140,1.790,2,0,301.864,0,0,14,32,0,10,0
04-08 14:53:36,6.789,26.655,66.134,0,0,1644224,10487500,372896,3743880,61176.627,32710.148,0,64.374,0,8.047,4481,2752,2.110,2.140,1.790,1,0,160.936,0,0,14,32,0,10,0
04-08 14:53:37,7.002,14.754,75.520,1.250,0,1630912,10500780,372904,3743904,45542.957,23486.166,112.029,0,9.002,0,2871,2163,2.110,2.140,1.790,0,0,60.016,0,0,14,12,0,8,20
04-08 14:53:38,5.741,18.221,73.135,0.749,0,1637212,10494248,372948,3744048,60372.476,31928.011,47.925,1026.393,1.997,39.937,3652,2723,2.100,2.140,1.800,2,0,96.848,0,0,14,12,0,8,20
04-08 14:53:39,5.746,22.736,69.707,0,0,1643236,10488208,372952,3744060,45704.066,26032.089,0,15.990,0,2.998,4150,2620,2.100,2.140,1.800,1,0,136.916,0,0,14,12,0,8,20
04-08 14:53:40,7.963,24.884,65.446,0,0,1641676,10489756,372952,3744072,60127.531,31204.961,0,11.944,0,2.986,4231,2700,2.100,2.140,1.800,1,0,116.459,0,0,14,12,0,8,20
04-08 14:53:41,6.508,25.032,66.834,0,0,1643892,10487528,372952,3744080,60670.387,31417.556,0,20.025,0,4.005,4028,2525,2.100,2.140,1.800,1,0,117.147,0,0,14,12,0,8,20
04-08 14:53:42,12.497,24.993,60.984,0,0,1647632,10483788,372952,3744528,46885.374,24365.438,0,11.997,0,2.999,4734,5053,2.100,2.140,1.800,9,0,129.965,0,0,14,12,0,7,20
04-08 14:53:43,18.866,26.412,53.831,0,0,1647236,10484180,372952,3744532,71292.083,589749.957,0,551.388,0,82.507,5216,5005,2.090,2.140,1.800,1,0,73.451,0,0,14,12,0,7,20
04-08 14:53:44,20.649,18.410,59.460,0,0,1664296,10467116,372960,3744088,45168.417,23913.218,0,127.378,0,2.985,4058,2472,2.090,2.140,1.800,5,0,53.738,0,0,14,12,0,7,20
04-08 14:53:45,27.792,26.540,44.067,0.501,0,1691700,10438796,372972,3744960,45801.259,25015.828,44.067,0,2.003,0,4810,2665,2.090,2.140,1.800,6,0,133.201,0,0,16,12,0,7,20
04-08 14:53:46,7.761,23.533,67.344,0.250,0,1694048,10436436,372972,3744972,61020.352,34406.125,128.179,4.006,1.001,1.001,4204,2740,2.090,2.140,1.800,2,0,123.172,0,0,16,12,0,7,20
04-08 14:53:47,8.259,24.027,66.074,0,0,1696156,10434192,372972,3745104,60356.034,31281.261,0,16.018,0,4.005,4326,2745,2.090,2.140,1.800,2,0,118.133,0,0,16,12,0,7,20
04-08 14:53:48,7.754,24.263,66.787,0,0,1692220,10437996,372972,3745236,46832.913,24547.583,0,16.009,0,4.002,4120,2662,2.010,2.120,1.790,1,0,117.065,0,0,16,12,0,7,20
04-08 14:53:49,12.999,28.248,56.497,0,0,1694428,10435748,372980,3745720,60100.422,30600.178,0,227.986,0,4.000,5066,4911,2.010,2.120,1.790,2,0,119.993,0,0,16,12,0,7,20
04-08 14:53:50,18.982,20.481,58.944,0,0,1695164,10435000,372980,3745636,44818.799,23485.886,0,811.236,0,4.995,4583,4763,2.010,2.120,1.790,2,0,65.938,0,0,16,12,0,7,20
04-08 14:53:51,22.408,23.155,53.281,0,0,1728156,10401980,372980,3745256,45170.926,23977.230,0,0,0,0,4691,2800,2.010,2.120,1.790,3,0,84.651,0,0,16,12,0,7,20
04-08 14:53:52,16.575,25.364,56.003,0.251,0,1760416,10369340,372980,3745600,71722.486,593488.781,4.018,0,1.005,0,5105,3441,2.010,2.120,1.790,1,0,136.616,0,0,18,12,0,7,20
04-08 14:53:53,7.502,23.507,66.770,0,0,1753572,10376184,372980,3745616,44977.468,24627.374,0,1648.494,0,237.071,4761,2998,1.930,2.100,1.790,2,0,126.038,0,0,18,12,0,7,20
04-08 14:53:54,7.487,24.956,66.135,0,0,1747524,10382224,372980,3745620,60649.140,32255.699,0,187.672,0,5.990,4417,2977,1.930,2.100,1.790,2,0,117.794,0,0,18,12,0,7,20
04-08 14:53:55,17.600,30.738,49.330,0,0,1767336,10362408,372980,3748208,60004.588,31406.328,0,11.899,0,2.975,5312,10199,1.930,2.100,1.790,4,0,149.724,0,0,18,12,0,7,20
04-08 14:53:56,20.118,26.908,51.051,0,0,1773364,10356364,372980,3746100,44933.535,22536.679,0,346.037,0,3.018,5191,10681,1.930,2.100,1.790,1,0,84.497,0,0,18,12,0,8,20
04-08 14:53:57,18.839,22.606,56.516,0,0,1759868,10369856,372980,3746100,45114.491,22899.859,0,0,0,0,5303,5957,1.930,2.100,1.790,1,0,67.317,0,0,18,12,0,8,20
04-08 14:53:58,23.982,22.733,52.211,0,0,1795968,10333680,372984,3745660,52054.115,28976.354,0,0,0,0,5060,3226,1.930,2.100,1.790,2,0,81.939,0,0,18,12,0,7,20
04-08 14:53:59,51.541,17.851,30.422,0,0,1929056,10200548,373048,3745640,54256.360,27326.299,0,132.750,0,3.017,4042,2624,1.930,2.100,1.790,14,0,19.108,0,0,20,12,0,7,20
04-08 14:54:00,81.102,19.024,0,0,0,2136628,9992396,373048,3746164,29808.673,14986.941,0,4.005,0,1.001,5080,3424,1.930,2.100,1.790,15,0,2.003,0,0,20,12,0,7,20
04-08 14:54:01,86.148,13.983,0,0,0,2309036,9819552,373060,3746572,23815.781,433875.911,0,43.948,0,0.999,5298,3726,1.930,2.100,1.790,14,0,33.960,0,0,20,12,0,7,20
04-08 14:54:02,54.730,18.160,26.121,0,0,2383776,9744272,373064,3746976,18557.398,137268.424,0,15.921,0,3.980,5006,3533,1.930,2.100,1.790,2,0,88.563,0,0,20,12,0,1,20
04-08 14:54:03,7.501,23.003,68.008,0,0,2381196,9746832,373064,3746992,45983.124,27201.031,0,68.008,0,3.000,4586,3177,1.860,2.080,1.790,1,0,128.014,0,0,20,12,0,1,20
04-08 14:54:04,7.722,24.411,66.507,0,0,2384168,9743824,373064,3747000,60258.953,32993.518,0,338.763,0,4.982,4412,3153,1.860,2.080,1.790,2,0,115.578,0,0,20,12,0,1,20
04-08 14:54:05,8.022,24.067,65.934,0,0,2370516,9757452,373064,3747008,45739.457,23728.120,0,16.045,0,3.008,4439,3075,1.860,2.080,1.790,2,0,115.321,0,0,20,12,0,1,20
04-08 14:54:06,8.478,25.186,64.586,0,0,2372480,9755436,373064,3747044,59938.677,31476.010,0,15.959,0,3.990,4481,3086,1.860,2.080,1.790,1,0,120.693,0,0,20,12,0,1,20
04-08 14:54:07,18.117,22.585,56.586,0,0,2376928,9750928,373064,3747048,44616.245,23110.744,0,3.971,0,0.993,5132,6151,1.860,2.080,1.790,4,0,76.440,0,0,20,12,0,1,20
04-08 14:54:08,19.305,23.877,56.899,0,0,2377820,9749984,373064,3747048,60181.867,30339.358,0,0,0,0,5512,6097,1.790,2.060,1.780,2,0,70.108,0,0,20,12,0,1,20
04-08 14:54:09,25.597,25.845,47.217,0,0,2382052,9745704,373072,3747060,46169.210,25548.832,0,691.852,0,102.386,5590,3193,1.790,2.060,1.780,3,0,116.303,0,0,20,12,0,1,20
04-08 14:54:10,24.001,8.751,66.004,0,0,2400220,9727116,373072,3747452,55874.393,27507.670,0,0,0,0,2887,2426,1.790,2.060,1.780,3,0,28.002,0,0,21,12,0,1,20
04-08 14:54:11,8.255,17.761,72.296,0,0,2382420,9744912,373072,3747456,57829.073,459226.402,0,40.026,0,2.001,4067,3177,1.790,2.060,1.780,1,0,92.059,0,0,21,12,0,2,20
04-08 14:54:12,20.991,7.247,70.718,0,0,2410300,9717032,373072,3747456,47005.899,143011.802,0,3.998,0,1.000,2394,2200,1.790,2.060,1.780,1,0,0,0,0,21,12,0,2,20
04-08 14:54:13,23.740,5.498,70.720,0,0,2446916,9680412,373072,3747456,29519.657,14651.874,0,0,0,0,2396,2026,1.810,2.060,1.780,1,0,1.999,0,0,21,12,0,2,20
04-08 14:54:14,23.520,5.755,69.309,0.500,0,2447428,9679868,373096,3747460,14927.705,7302.215,0,696.593,0,82.070,3163,3152,1.810,2.060,1.780,1,0,1.001,0,0,21,12,0,3,10
04-08 14:54:15,22.234,7.245,68.449,0,0,2447744,9679396,373104,3747608,14785.079,7666.337,0,519.616,0,10.992,3981,4346,1.810,2.060,1.780,1,0,0,0,0,21,17,0,4,0
04-08 14:54:16,15.723,14.974,67.884,0,0,2427348,9699596,373148,3747744,15129.207,7349.470,0,335.428,0,32.944,3770,2973,1.810,2.060,1.780,1,0,76.869,0,0,21,14,0,8,0
04-08 14:54:17,7.760,26.284,64.084,0,0,2415308,9711628,373148,3747752,45743.933,30023.336,0,4.005,0,1.001,4799,3335,1.810,2.060,1.780,2,0,157.206,0,0,21,14,0,8,0
04-08 14:54:18,7.246,24.237,66.466,0,0,2411852,9715060,373160,3747760,60669.585,32884.972,0,223.884,0,11.994,4739,3354,1.740,2.040,1.780,2,0,131.932,0,0,21,14,0,8,0
04-08 14:54:19,7.764,22.292,67.877,0,0,2410852,9716056,373160,3747764,60689.191,33825.087,0,4.007,0,1.002,4575,3343,1.740,2.040,1.780,1,0,130.243,0,0,21,14,0,8,0
04-08 14:54:20,8.243,23.479,66.940,0,0,2409484,9717412,373160,3747776,46196.703,24899.741,0,3.996,0,0.999,4455,3266,1.740,2.040,1.780,2,0,124.888,0,0,21,14,0,8,0
04-08 14:54:21,8.492,25.974,62.937,0,0,2400896,9725996,373160,3747780,60107.951,30991.039,0,11.988,0,2.997,4529,3231,1.740,2.040,1.780,4,0,118.881,0,0,21,14,0,8,0
04-08 14:54:22,9.491,26.475,62.192,0,0,2375012,9751868,373160,3747784,69048.757,580797.626,0,11.989,0,2.997,4858,3561,1.740,2.040,1.780,2,0,121.887,0,0,21,14,0,8,0
04-08 14:54:23,8.268,24.304,66.147,0,0,2377756,9749112,373168,3747788,49997.822,27541.046,0,100.222,0,6.013,4450,3159,1.680,2.020,1.770,1,0,109.242,0,0,21,14,0,8,0
04-08 14:54:24,12.202,26.895,57.773,0,0,2372908,9753956,373168,3748248,60177.035,31078.137,0,2892.657,0,239.063,6219,6118,1.680,2.020,1.770,10,0,132.481,0,0,21,14,0,8,0
04-08 14:54:25,19.593,26.124,53.755,0,0,2371932,9754848,373180,3748252,44768.707,22754.110,0,132.630,0,7.033,5117,5671,1.680,2.020,1.770,1,0,73.348,0,0,21,14,0,8,0
04-08 14:54:26,23.448,17.524,57.015,0,0,2389664,9736960,373184,3748380,44047.554,22278.989,0,75.033,0,3.949,4053,2957,1.680,2.020,1.770,5,0,33.568,0,0,21,14,0,8,0
04-08 14:54:27,49.106,25.566,25.566,0,0,2463424,9663124,373188,3748456,62812.584,34670.092,0,0,0,0,5253,3057,1.680,2.020,1.770,2,0,98.213,0,0,21,15,0,8,0
04-08 14:54:28,42.747,10.249,45.997,0,0,2535952,9590548,373188,3748500,44741.735,23442.289,0,0,0,0,3454,2142,1.710,2.020,1.780,3,0,2.000,0,0,21,15,0,8,0
04-08 14:54:29,54.462,4.725,39.292,0,0,2575488,9550984,373188,3748528,29328.911,15498.047,0,55.705,0,1.989,3856,2521,1.710,2.020,1.780,3,0,8.953,0,0,21,27,0,8,0
04-08 14:54:30,46.744,8.042,44.985,0,0,2617300,9508900,373208,3748760,15114.015,7748.509,88.462,317.661,1.005,14.074,3974,3061,1.710,2.020,1.780,4,0,10.053,0,0,21,31,0,8,0
04-08 14:54:31,46.563,9.362,42.375,0,0,2658484,9465876,373256,3750320,14639.957,7450.059,0,1087.945,0,90.662,4180,3744,1.710,2.020,1.780,6,0,1.971,0,0,21,31,0,8,0
04-08 14:54:32,25.538,28.067,45.008,0,0,2717764,9404388,373272,3752312,46689.995,25954.956,0,436.932,0,18.205,6253,7088,1.710,2.020,1.780,3,0,115.301,0,0,21,30,0,8,0
04-08 14:54:33,8.753,24.258,64.270,0.500,0,2719656,9402428,373308,3752336,70420.250,472383.251,12.004,224.071,3.001,11.003,4853,3534,1.650,2.010,1.770,2,0,119.038,0,0,21,30,0,9,0
04-08 14:54:34,13.171,26.093,57.902,0,0,2723424,9398652,373308,3752792,63755.863,159175.444,0,1077.525,0,6.958,6246,6345,1.650,2.010,1.770,7,0,168.984,0,0,21,30,0,9,0
04-08 14:54:35,18.888,29.213,50.871,0,0,2685304,9436712,373308,3752812,46905.682,23704.675,0,8.059,0,1.007,5808,6333,1.650,2.010,1.770,2,0,85.624,0,0,21,30,0,9,0
04-08 14:54:36,14.757,12.256,68.035,3.752,0,2679348,9439420,373328,3755484,44904.772,24088.216,3205.626,48.024,64.032,3.002,3933,3068,1.650,2.010,1.770,1,0,43.022,0,0,21,30,0,9,0
04-08 14:54:37,18.271,19.772,58.315,2.253,0,2680700,9432400,373328,3761620,44666.132,23135.967,5610.297,40.045,56.063,2.002,5017,5655,1.650,2.010,1.770,1,0,85.096,0,0,22,30,0,9,0
04-08 14:54:38,19.986,22.734,55.712,0,0,2683768,9429288,373340,3761620,44836.420,23434.017,0,199.864,0,2.998,5243,5692,1.920,2.060,1.790,2,0,69.952,0,0,22,30,0,9,0
04-08 14:54:39,17.974,17.475,58.415,4.993,0,2735176,9375948,373356,3763032,44677.321,24394.684,1753.462,5088.633,24.964,234.660,4685,3366,1.920,2.060,1.790,1,1,59.913,0,0,22,34,0,9,0
04-08 14:54:40,24.795,24.544,45.582,2.755,0,2750904,9359608,373400,3763520,45847.764,24450.137,456.825,172.311,22.040,21.038,4867,3984,1.920,2.060,1.790,4,0,107.194,0,0,22,46,0,9,0
04-08 14:54:41,8.999,22.248,67.495,0,0,2752668,9357844,373400,3763520,60571.233,34153.312,0,15.999,0,4.000,4500,3419,1.920,2.060,1.790,1,0,105.992,0,0,22,46,0,9,0
04-08 14:54:42,13.481,27.960,55.422,0,0,2740916,9369592,373400,3763936,69846.260,466416.636,0,1597.741,0,5.992,6061,6553,1.920,2.060,1.790,2,0,129.816,0,0,22,46,0,9,0
04-08 14:54:43,20.208,21.705,57.131,0,0,2739092,9371380,373400,3763996,31248.993,135723.657,0,0,0,0,5075,6180,1.840,2.040,1.780,1,0,71.851,0,0,22,46,0,9,0
04-08 14:54:44,18.078,24.857,54.233,2.260,0,2731176,9377752,373428,3764980,60487.191,32220.600,1466.307,345.486,32.138,10.043,4792,4085,1.840,2.040,1.780,1,0,124.536,0,0,22,46,0,9,0
04-08 14:54:45,3.244,5.739,89.574,0.250,0,2731592,9377248,373452,3765048,45193.358,22875.133,0,2874.362,0,336.340,2456,2244,1.840,2.040,1.780,1,0,21.957,0,0,22,46,0,9,0
04-08 14:54:46,7.509,22.277,67.333,0.751,0,2729924,9377172,373452,3766772,45853.228,26009.895,1726.117,44.054,20.025,3.004,4454,3370,1.840,2.040,1.780,1,0,114.140,0,0,24,46,0,9,0
04-08 14:54:47,17.491,23.157,56.169,0,0,2718244,9388816,373452,3766776,43906.548,22475.548,0,3.942,0,0.985,5047,6192,1.840,2.040,1.780,4,0,79.819,0,0,24,46,0,9,0
04-08 14:54:48,22.090,22.598,55.353,0,0,2721788,9385220,373452,3766784,46464.845,23201.445,0,4.063,0,1.016,6127,7155,1.780,2.020,1.780,2,0,77.189,0,0,24,46,0,9,0
04-08 14:54:49,8.246,28.987,58.725,1.499,0,2721168,9383924,373456,3768668,60141.993,32839.799,1875.189,0,23.990,0,5246,3524,1.780,2.020,1.780,1,0,142.938,0,0,24,48,0,9,0
04-08 14:54:50,7.247,23.989,66.469,0,0,2722668,9382420,373456,3768672,60786.771,32726.802,0,43.980,0,5.997,4653,3517,1.780,2.020,1.780,2,0,144.933,0,0,24,48,0,9,0
04-08 14:54:51,7.501,22.503,67.759,0,0,2728612,9376444,373460,3768684,45624.143,26757.602,0,128.017,0,2.000,4557,3428,1.780,2.020,1.780,2,0,135.018,0,0,24,48,0,9,0
04-08 14:54:52,10.505,25.013,63.282,0,0,2730084,9374964,373460,3768692,76264.207,611416.312,0,24.012,0,6.003,5080,3657,1.780,2.020,1.780,1,0,119.060,0,0,24,48,0,9,0
04-08 14:54:53,8.495,23.986,65.211,0,0,2726976,9377952,373460,3768820,60469.821,31053.421,0,15.990,0,3.998,4628,3316,1.710,2,1.780,3,0,116.930,0,0,24,48,0,9,0
04-08 14:54:54,14.098,30.211,54.631,0,0,2728332,9376584,373460,3769236,45587.025,23276.381,0,12.084,0,3.021,5672,6037,1.710,2,1.780,1,0,129.906,0,0,24,48,0,9,0
04-08 14:54:55,19.859,21.845,55.853,0,0,2720828,9384036,373460,3769312,44345.181,22633.320,0,7.944,0,1.986,5356,6005,1.710,2,1.780,1,0,73.478,0,0,24,48,0,9,0
04-08 14:54:56,31.735,27.487,39.232,0,0,2748076,9356776,373460,3768844,45156.247,23703.106,0,135.938,0,1.999,5736,15964,1.710,2,1.780,4,0,82.962,0,0,24,48,0,10,0
04-08 14:54:57,25.624,30.102,42.540,0,0,2792496,9312328,373468,3768864,60382.281,33118.706,0,23.882,0,0.995,5238,3418,1.710,2,1.780,3,0,137.323,0,0,24,48,0,10,0
04-08 14:54:58,29.493,28.244,41.741,0,0,2832040,9272784,373468,3768864,62199.115,33028.627,0,95.979,0,3.999,5074,3237,2.140,2.090,1.800,3,0,138.969,0,0,24,48,0,10,0
04-08 14:54:59,27.777,28.278,42.542,0,0,2868336,9236164,373516,3769108,60629.480,30630.049,0,96.094,0,3.003,5154,3325,2.140,2.090,1.800,4,0,127.125,0,0,24,48,0,9,0
04-08 14:55:00,28.275,30.277,38.784,1.251,0,2890272,9212900,373528,3770328,58544.797,582951.766,12.011,104.092,2.002,4.004,5925,5292,2.140,2.090,1.800,4,0,145.128,0,0,24,52,0,11,0
04-08 14:55:01,25.808,32.323,40.090,0.251,0,2957896,9145112,373540,3770464,61993.089,32322.519,8.018,489.097,2.004,2.004,5332,3449,2.140,2.090,1.800,4,0,155.349,0,0,24,52,0,11,0
04-08 14:55:02,30.734,43.477,24.487,0.500,0,3008100,9094816,373552,3770516,45468.603,23937.156,55.970,611.672,7.996,4.997,5861,4131,2.140,2.090,1.800,3,0,262.859,0,0,24,52,0,11,0
04-08 14:55:03,37.989,41.465,18.374,0.248,0,3036592,9065904,373572,3770908,60346.728,33290.911,178.770,11.918,11.918,2.979,6054,4336,2.210,2.100,1.810,5,0,293.977,0,0,24,52,0,12,0
04-08 14:55:04,17.091,41.470,35.689,3.519,0,3036144,9065832,373580,3771300,60831.601,32458.131,361.919,24.128,14.075,6.032,5832,4355,2.210,2.100,1.810,2,0,253.344,0,0,24,52,0,12,0
04-08 14:55:05,11.251,38.252,48.253,0,0,3024636,9077348,373580,3771272,46001.523,23501.289,0,28.002,0,7.000,5432,3960,2.210,2.100,1.810,2,0,221.012,0,0,24,52,0,12,0
04-08 14:55:06,9.531,26.337,62.455,0,0,3024992,9076932,373588,3771324,61094.959,31124.377,0,276.911,0,4.013,4665,3396,2.210,2.100,1.810,1,0,113.373,0,0,24,52,0,12,0
04-08 14:55:07,7.974,25.169,64.542,0,0,3021408,9080508,373588,3771332,44983.232,23590.081,0,19.936,0,4.984,4593,3333,2.210,2.100,1.810,1,0,118.618,0,0,24,52,0,12,0
04-08 14:55:08,14.519,30.038,53.819,0,0,3019800,9082116,373588,3771824,61139.214,31372.134,0,52.067,0,3.004,5813,6273,2.190,2.100,1.810,1,0,123.158,0,0,24,52,0,12,0
04-08 14:55:09,21.967,21.218,55.666,0.250,0,3024988,9076872,373592,3771828,57531.372,573562.356,0,111.832,0,3.994,6067,6658,2.190,2.100,1.810,9,0,66.899,0,0,24,52,0,12,0
04-08 14:55:10,20.489,22.987,54.970,0,0,3018756,9083072,373596,3771348,44770.193,22729.406,3.998,943.477,0.999,142.921,4564,3393,2.190,2.100,1.810,2,0,55.969,0,0,24,52,0,12,0
04-08 14:55:11,44.391,35.711,18.104,0,0,3075084,9026688,373604,3771800,48918.401,24751.834,0,11.904,0,2.976,5481,3606,2.190,2.100,1.810,6,0,141.853,0,0,24,52,0,12,0
04-08 14:55:12,49.092,29.455,21.399,0,0,3154308,8947312,373604,3771952,58145.542,34520.171,0,4.028,0,1.007,5538,3413,2.190,2.100,1.810,4,0,123.862,0,0,24,52,0,11,0
04-08 14:55:13,52.928,28.596,18.061,0,0,3199864,8901332,373612,3772356,61077.793,33988.520,0,369.244,0,3.010,5551,3864,2.260,2.120,1.820,5,0,116.392,0,0,24,52,0,11,0
04-08 14:55:14,50.685,28.821,18.883,0,0,3241808,8858772,373648,3772860,44924.084,23150.269,0,401.507,0,4.969,5323,3400,2.260,2.120,1.820,4,0,115.284,0,0,24,52,0,11,0
04-08 14:55:15,47.278,30.680,19.112,1.760,0,3280212,8817460,374176,3774832,60807.629,31320.204,434.556,5275.024,15.089,184.083,5649,3490,2.260,2.120,1.820,4,0,96.568,0,0,24,52,0,11,0
04-08 14:55:16,48.353,30.565,16.535,5.011,0,3289152,8807748,374776,3775336,45179.215,23818.725,601.281,4.009,121.258,1.002,6003,6780,2.260,2.120,1.820,3,0,118.252,0,0,24,56,0,5,0
04-08 14:55:17,58.889,25.238,13.361,0,0,3380100,8715112,375464,3776192,44158.052,22756.005,0,4920.966,0,488.929,8301,9128,2.260,2.120,1.820,8,0,75.220,0,0,24,56,0,5,0
04-08 14:55:18,42.123,25.073,28.583,1.755,0,3368544,8714308,377272,3785980,62157.323,597912.210,0,19408.618,0,1297.786,11475,14619,2.480,2.160,1.840,5,0,33.097,0,0,24,56,0,5,0
04-08 14:55:19,44.171,32.691,18.966,1.497,0,3397672,8680796,379300,3788220,60527.414,33302.256,0,8876.076,0,1124.982,10566,13794,2.480,2.160,1.840,5,0,112.798,0,0,24,56,0,5,0
04-08 14:55:20,48.505,26.753,21.002,1.000,0,3417760,8656848,380628,3790664,46549.934,25952.751,0,10505.114,0,1296.137,10772,13348,2.480,2.160,1.840,4,0,100.011,0,0,24,56,0,5,0
04-08 14:55:21,48.152,32.101,17.054,1.003,0,3454100,8615880,382516,3793280,61152.812,32705.118,0,13530.662,0,1117.524,9930,12386,2.480,2.160,1.840,4,0,104.329,0,0,24,56,0,5,0
04-08 14:55:22,62.705,31.854,4.264,0.251,0,3477312,8590288,382612,3795256,61080.433,31930.255,529.730,746.437,7.023,21.069,7139,7638,2.480,2.160,1.840,4,0,188.616,0,0,24,60,0,8,0
04-08 14:55:23,50.664,38.876,10.283,0,0,3524764,8541928,382688,3796540,45230.718,23560.425,0,601.953,0,35.114,7297,9038,2.600,2.190,1.850,3,0,153.498,0,0,24,66,0,13,0
04-08 14:55:24,41.046,29.563,25.898,0.244,0,3582696,8482384,382712,3798104,58577.211,29496.277,3.909,152.456,0.977,10.750,7425,9925,2.600,2.190,1.850,6,0,83.069,0,0,24,66,0,15,0
04-08 14:55:25,32.495,27.633,40.682,0,0,3595248,8469112,382728,3798264,46141.563,24728.783,0,298.850,0,12.281,6305,6923,2.600,2.190,1.850,3,0,86.994,0,0,24,78,0,20,0
04-08 14:55:26,25.709,29.203,43.930,0,0,3642756,8421584,382740,3798268,54899.109,260560.854,0,195.687,0,10.982,5395,3591,2.600,2.190,1.850,2,0,127.795,0,0,24,78,0,20,0
04-08 14:55:27,28.995,26.495,42.492,0,0,3669764,8394320,382852,3798408,59914.809,337181.020,0,2879.462,0,137.974,5626,3896,2.600,2.190,1.850,3,0,123.977,0,0,24,78,0,20,0
04-08 14:55:28,28.001,28.751,42.501,0,0,3706796,8357280,382852,3798416,60630.651,31652.862,0,24.001,0,6.000,5072,3394,2.550,2.190,1.850,2,0,117.003,0,0,24,78,0,20,0
04-08 14:55:29,29.453,27.706,41.933,0,0,3726616,8337420,382852,3798452,45419.339,23508.392,0,15.974,0,3.994,5074,3532,2.550,2.190,1.850,3,0,118.810,0,0,24,80,0,20,0
04-08 14:55:30,37.671,25.775,33.706,0,0,3747916,8315816,382852,3799216,59943.353,30610.595,0,7.931,0,1.983,5999,6092,2.550,2.190,1.850,5,0,116.978,0,0,24,80,0,20,0
04-08 14:55:31,25.988,27.754,46.425,0,0,3744976,8317212,382856,3800284,45088.745,22903.661,0,4.037,0,1.009,7341,9025,2.550,2.190,1.850,1,0,97.896,0,0,24,78,0,22,0
04-08 14:55:32,24.201,28.941,44.659,0,0,3769080,8293104,382860,3800284,60945.449,34865.320,0,3121.672,0,16.966,5089,3539,2.550,2.190,1.850,3,0,113.769,0,0,24,78,0,22,0
04-08 14:55:33,34.770,34.770,29.017,0,0,3871176,8190988,382876,3800288,45638.799,25833.169,0,256.150,0,10.006,5319,3587,2.670,2.220,1.860,3,0,128.075,0,0,24,80,0,24,0
04-08 14:55:34,32.298,27.541,38.808,0,0,3907084,8154968,382968,3800308,62428.473,34101.059,4.006,745.116,1.001,42.063,5422,3686,2.670,2.220,1.860,4,0,128.192,0,0,24,82,0,24,0
04-08 14:55:35,29.576,28.322,40.353,0,0,3933652,8128336,382992,3800348,73074.712,582789.073,0,96.246,0,12.031,5487,3987,2.670,2.220,1.860,4,0,123.315,0,0,24,84,0,24,0
04-08 14:55:36,29.715,26.719,42.201,0,0,3953576,8108252,382992,3800504,46352.081,23824.286,0,4534.725,0,163.809,5358,3526,2.670,2.220,1.860,3,0,115.865,0,0,24,86,0,23,0
04-08 14:55:37,31.249,31.749,35.249,0,0,3978840,8081616,383020,3801852,60448.549,31295.249,0,227.995,0,15.000,6628,7638,2.670,2.220,1.860,2,0,125.997,0,0,24,84,0,25,0
04-08 14:55:38,16.015,27.025,55.301,0,0,3976792,8083524,383068,3801940,60817.501,30696.518,0,512.476,0,25.023,5240,4107,2.530,2.200,1.860,3,0,122.113,0,0,24,88,0,26,0
04-08 14:55:39,12.730,22.965,61.655,0.250,0,3982796,8077488,383088,3802344,45810.238,23411.837,0,319.506,0,17.972,5660,5959,2.530,2.200,1.860,5,0,94.853,0,0,24,88,0,26,0
04-08 14:55:40,20.814,26.761,50.302,0,0,3980668,8079548,383124,3802348,43875.958,21882.969,0,186.339,0,15.859,5660,6084,2.530,2.200,1.860,3,0,117.949,0,0,24,90,0,26,0
04-08 14:55:41,18.292,22.051,58.384,0,0,3993128,8066900,383144,3802540,45416.205,23505.933,0,8090.563,0,288.662,4949,3618,2.530,2.200,1.860,4,0,42.097,0,0,24,90,0,26,0
04-08 14:55:42,48.161,27.736,24.206,0,0,4070544,7989440,383164,3802560,61150.247,34264.068,0,221.891,0,10.086,5425,3418,2.530,2.200,1.860,2,0,112.963,0,0,24,91,0,26,0
04-08 14:55:43,43.970,9.688,44.964,0,0,4130160,7929344,383204,3802940,43749.323,22536.446,0,3223.467,0,30.804,3826,2916,2.570,2.210,1.860,2,0,1.987,0,0,24,91,0,26,0
04-08 14:55:44,18.103,21.120,59.085,0,0,4127260,7931728,383468,3803148,59188.752,594779.925,0,1496.489,0,118.673,5535,4993,2.570,2.210,1.860,1,0,109.622,0,0,24,94,0,26,0
04-08 14:55:45,7.482,22.944,67.585,0,0,4129768,7929172,383500,3803148,60368.676,33206.961,0,131.679,0,12.968,4718,3635,2.570,2.210,1.860,2,0,130.681,0,0,24,94,0,26,0
04-08 14:55:46,7.018,23.059,67.924,0,0,4128892,7930016,383524,3803156,60845.286,31777.623,0,280.721,0,10.026,4549,3444,2.570,2.210,1.860,3,0,129.332,0,0,24,94,0,26,0
04-08 14:55:47,9.500,22.999,65.748,0,0,4132972,7925900,383532,3803160,45945.293,27164.991,0,79.997,0,4.000,4446,3318,2.570,2.210,1.860,2,0,120.996,0,0,24,96,0,26,0
04-08 14:55:48,16.286,28.814,52.868,0,0,4203920,7854948,383556,3803140,60896.393,33957.499,0,100.223,0,9.020,5083,3658,2.520,2.210,1.860,3,0,128.285,0,0,24,98,0,26,0
04-08 14:55:49,17.211,23.696,56.622,0,0,4212864,7845788,383588,3803308,60770.274,33366.380,0,231.475,0,19.955,5243,4021,2.520,2.210,1.860,2,0,125.715,0,0,24,98,0,26,0
04-08 14:55:50,7.253,22.760,67.780,0,0,4218656,7839980,383588,3803324,61619.379,33570.916,0,0,0,0,4607,3375,2.520,2.210,1.860,4,0,128.057,0,0,24,98,0,26,0
04-08 14:55:51,6.745,23.482,67.197,0,0,4210868,7847764,383588,3803328,45783.021,25260.149,0,855.328,0,111.912,4768,3340,2.520,2.210,1.860,1,0,129.898,0,0,24,98,0,26,0
04-08 14:55:52,22.763,8.255,68.290,0.250,0,4248780,7809836,383636,3803296,54568.292,577956.016,0,172.102,0,21.012,3116,2863,2.520,2.210,1.860,5,0,3.002,0,0,24,98,0,26,0
04-08 14:55:53,23.003,6.251,70.009,0,0,4285484,7773056,383672,3803332,30195.698,15565.906,0,260.032,0,22.003,3121,3131,2.400,2.190,1.860,3,0,0,0,0,24,99,0,26,0
04-08 14:55:54,27.985,7.246,62.966,0.250,0,4286136,7772304,383748,3803352,29515.156,14584.171,0,347.813,0,42.977,3928,4218,2.400,2.190,1.860,1,0,2.998,0,0,24,106,0,26,0
04-08 14:55:55,24.966,4.993,68.906,0,0,4288120,7770300,383760,3803360,14715.876,7433.834,0,155.787,0,7.989,3255,3234,2.400,2.190,1.860,1,0,1.997,0,0,24,104,0,26,0
04-08 14:55:56,21.261,17.509,60.032,0,0,4238672,7819704,383776,3805612,15103.072,7299.901,0,116.062,0,7.004,3932,4977,2.400,2.190,1.860,4,0,97.052,0,0,24,104,0,26,0
04-08 14:55:57,45.797,16.767,35.537,0,0,4266088,7792264,383812,3803360,47784.085,30891.733,0,212.218,0,19.020,5730,14070,2.400,2.190,1.860,2,0,2.002,0,0,24,107,0,26,0
04-08 14:55:58,57.786,14.321,27.134,0,0,4295700,7762276,383892,3803632,30786.352,16090.627,0,498.467,0,44.219,6381,7252,2.610,2.240,1.880,5,0,11.055,0,0,24,110,0,29,0
04-08 14:55:59,33.303,7.704,56.416,0.249,0,4295912,7762024,383932,3803632,29674.472,15494.349,0,262.448,0,23.859,4232,4139,2.610,2.240,1.880,4,0,1.988,0,0,24,111,0,29,0
04-08 14:56:00,22.708,8.484,67.625,0.250,0,4296864,7760552,384100,3803920,15067.098,7430.240,0,810.499,0,95.823,3605,4375,2.610,2.240,1.880,3,0,1.996,0,0,24,111,0,29,0
04-08 14:56:01,27.941,11.226,57.878,0.249,0,4302544,7754268,384496,3804112,14824.714,7280.635,0,3676.242,0,266.438,5482,7062,2.610,2.240,1.880,5,0,3.992,0,0,24,116,0,27,0
04-08 14:56:02,21.319,8.779,67.469,0,0,4304828,7751748,384680,3804160,15254.587,7319.794,0,1432.657,0,112.365,3885,4636,2.610,2.240,1.880,1,0,2.007,0,0,24,116,0,27,0
04-08 14:56:03,38.447,9.237,51.429,0,0,4340892,7715460,384840,3804188,747.971,0,0,1114.467,0,101.860,5443,6312,2.560,2.230,1.880,2,0,0,0,0,24,115,0,29,0
04-08 14:56:04,9.519,20.290,68.134,0,0,4278868,7777464,384852,3804196,15305.130,7538.841,0,320.631,0,13.026,4066,3179,2.560,2.230,1.880,4,0,112.221,0,0,24,115,0,29,0
04-08 14:56:05,20.983,7.744,70.693,0,0,4306068,7750248,384864,3804196,30019.587,17389.858,0,527.571,0,14.988,2473,2219,2.560,2.230,1.880,1,0,1.998,0,0,24,115,0,28,0
04-08 14:56:06,23.712,7.737,67.391,0,0,4325340,7730844,384952,3804232,41233.229,19013.211,0,4872.110,0,451.269,3813,3471,2.560,2.230,1.880,4,0,0,0,0,24,115,0,28,0
04-08 14:56:07,22.752,7.251,68.007,0,0,4326508,7729612,384992,3804252,18805.840,10921.069,0,600.059,0,68.007,3933,4289,2.560,2.230,1.880,2,0,0,0,0,24,117,0,28,0
04-08 14:56:08,22.951,6.985,68.106,0,0,4328716,7727344,385060,3804244,29468.706,15082.118,0,399.156,0,45.903,3457,3918,2.440,2.210,1.870,4,0,1.996,0,0,24,116,0,28,0
04-08 14:56:09,24.125,8.795,66.594,0,0,4329576,7726364,385144,3804276,15373.429,7400.234,0,490.534,0,53.275,3892,4574,2.440,2.210,1.870,3,0,1.005,0,0,24,118,0,28,0
04-08 14:56:10,38.966,10.990,47.709,0,0,4344372,7711244,385296,3804444,16844.422,8789.393,0,787.319,0,85.926,5075,5484,2.440,2.210,1.870,2,0,5.995,0,0,24,119,0,28,0
04-08 14:56:11,32.892,22.676,43.358,0,0,4377076,7678512,385316,3804452,390.717,41.863,0,310.979,0,18.938,4569,3203,2.440,2.210,1.870,5,0,97.679,0,0,24,119,0,28,0
04-08 14:56:12,39.888,12.794,46.913,0,0,4430484,7625088,385328,3804452,45077.297,24191.881,0,405.406,0,15.052,3376,2429,2.440,2.210,1.870,2,0,0,0,0,24,119,0,28,0
04-08 14:56:13,43.941,10.486,44.190,0,0,4490256,7565180,385456,3804460,42884.248,585677.270,0,1505.972,0,83.887,4507,4015,2.400,2.210,1.870,1,0,0.999,0,0,24,119,0,28,0
04-08 14:56:14,23.199,6.808,70.354,0,0,4490456,7564940,385476,3804464,29847.119,14948.272,0,726.232,0,17.147,3318,3319,2.400,2.210,1.870,1,0,3.026,0,0,24,121,0,28,0
04-08 14:56:15,18.789,10.878,67.738,0,0,4443304,7612072,385476,3804480,14690.749,7426.463,0,0,0,0,3456,2878,2.400,2.210,1.870,1,0,54.388,0,0,24,119,0,28,0
04-08 14:56:16,21.277,7.760,70.340,0,0,4453596,7601768,385484,3804480,30566.010,19120.402,0,84.107,0,6.008,2487,2259,2.400,2.210,1.870,1,0,0,0,0,24,119,0,28,0
04-08 14:56:17,23.808,6.265,69.169,0,0,4490360,7565000,385484,3804484,44699.003,22206.152,0,4.010,0,1.002,2939,2751,2.400,2.210,1.870,2,0,2.005,0,0,24,120,0,28,0
04-08 14:56:18,22.999,6.000,69.746,0,0,4484732,7570624,385484,3804488,15196.124,7523.566,0,4.000,0,1.000,3173,3209,2.290,2.190,1.870,2,0,0,0,0,24,121,0,28,0
04-08 14:56:19,20.007,9.003,69.526,0,0,4438928,7616416,385484,3804500,30011.112,15207.631,0,4.001,0,1.000,3248,2696,2.290,2.190,1.870,3,0,42.016,0,0,24,119,0,28,0
04-08 14:56:20,20.474,8.988,69.161,0.250,0,4472772,7582524,385532,3804500,45244.933,26591.872,0,231.703,0,29.962,2856,2614,2.290,2.190,1.870,1,0,10.986,0,0,24,119,0,28,0
04-08 14:56:21,25.296,6.011,67.373,0,0,4506556,7548724,385532,3804516,45693.740,24389.697,0,0,0,0,3078,2954,2.290,2.190,1.870,1,0,0,0,0,24,120,0,28,0
04-08 14:56:22,27.696,10.230,60.381,0,0,4501552,7553644,385572,3804536,15451.638,7347.562,0,491.035,0,80.841,3929,3904,2.290,2.190,1.870,1,0,7.984,0,0,24,123,0,28,0
04-08 14:56:23,23.283,7.260,67.095,0,0,4496228,7558744,385768,3804560,16174.816,7306.306,0,749.057,0,99.140,4457,5507,2.180,2.170,1.860,1,0,2.003,0,0,24,121,0,28,0
04-08 14:56:24,13.511,16.263,68.306,0,0,4460428,7594524,385780,3804568,15930.139,7302.023,0,224.185,0,13.011,3658,2926,2.180,2.170,1.860,1,0,83.069,0,0,24,121,0,28,0
04-08 14:56:25,21.997,7.249,70.241,0.250,0,4460800,7594148,385784,3804568,44670.373,23543.034,0,227.971,0,9.999,2569,2371,2.180,2.170,1.860,1,0,0,0,0,24,121,0,13,0
04-08 14:56:26,22.722,6.242,69.165,0,0,4482444,7572452,385824,3804580,29734.488,14897.707,0,1090.661,0,60.925,3227,3303,2.180,2.170,1.860,2,0,1.998,0,0,24,121,0,13,0
04-08 14:56:27,23.512,6.003,69.034,0,0,4479720,7575156,385840,3804584,29666.693,14599.231,0,1892.938,0,334.166,4028,3653,2.180,2.170,1.860,3,0,0,0,0,24,121,0,13,0
04-08 14:56:28,18.526,11.766,68.595,0,0,4431300,7623560,385840,3804600,30609.394,18908.188,0,24.033,0,3.004,3281,2583,2.170,2.160,1.860,1,0,55.076,0,0,24,121,0,13,0
04-08 14:56:29,21.496,8.498,69.486,0,0,4456148,7598712,385844,3804596,37312.505,570661.374,0,67.986,0,3.999,2734,2508,2.170,2.160,1.860,1,0,2.999,0,0,24,121,0,13,0
04-08 14:56:30,22.748,5.750,69.995,0,0,4484388,7570464,385844,3804604,29888.980,15032.984,0,0,0,0,2937,2828,2.170,2.160,1.860,1,0,0,0,0,24,121,0,13,0
04-08 14:56:31,23.444,6.484,69.085,0,0,4480464,7574320,385896,3804616,15059.937,7278.571,0,223.465,0,25.938,3523,3796,2.170,2.160,1.860,2,0,0,0,0,24,122,0,13,0
04-08 14:56:32,33.291,9.261,54.317,0.250,0,4478252,7575880,386304,3804844,31249.303,16096.730,0,1778.180,0,218.268,6079,7453,2.170,2.160,1.860,1,0,3.004,0,0,24,124,0,13,0
04-08 14:56:33,28.593,13.675,55.446,0.249,0,4496212,7557424,386740,3804884,417.712,0,0,5199.519,0,320.246,5381,6835,2.080,2.140,1.860,8,0,1.989,0,0,24,123,0,14,0
04-08 14:56:34,26.278,14.655,58.873,0,0,4469008,7584572,386780,3804896,15377.737,7374.037,0,582.161,0,29.310,3800,2903,2.080,2.140,1.860,3,0,55.588,0,0,24,123,0,10,0
04-08 14:56:35,21.349,7.696,69.508,0,0,4492500,7561056,386800,3804900,44686.938,23787.754,0,317.753,0,15.888,2494,2234,2.080,2.140,1.860,2,0,1.986,0,0,24,123,0,10,0
04-08 14:56:36,23.271,6.756,69.064,0,0,4513740,7539684,386916,3804896,29885.537,15416.205,0,2037.878,0,102.094,3276,3396,2.080,2.140,1.860,2,0,0,0,0,24,123,0,10,0
04-08 14:56:37,22.278,6.258,68.837,0,0,4507008,7546368,386948,3804912,29569.550,15325.462,0,248.315,0,24.031,3545,3894,2.080,2.140,1.860,3,0,0,0,0,24,124,0,10,0
04-08 14:56:38,23.666,6.975,68.505,0,0,4503104,7550268,386996,3804868,15752.767,7270.048,0,346.762,0,38.861,3478,3744,1.990,2.130,1.850,4,0,1.993,0,0,24,124,0,7,0
04-08 14:56:39,24.152,8.217,64.987,0,0,4500512,7552656,387112,3804952,15196.469,7266.577,0,601.564,0,62.746,4270,5154,1.990,2.130,1.850,12,0,1.992,0,0,24,125,0,8,0
04-08 14:56:40,23.167,9.569,66.480,0,0,4498964,7554000,387284,3804980,15265.233,7673.411,0,761.499,0,92.669,4787,6382,1.990,2.130,1.850,1,0,0,0,0,24,125,0,8,0
04-08 14:56:41,20.351,10.672,66.514,0.496,0,4496568,7556292,387372,3804992,14748.349,7243.131,0,595.652,0,57.580,4334,5141,1.990,2.130,1.850,2,0,1.986,0,0,24,125,0,8,0
04-08 14:56:42,31.247,8.499,57.245,0,0,4494520,7558020,387520,3805160,1414.870,0,0,871.920,0,81.992,6987,9540,1.990,2.130,1.850,4,0,1.000,0,0,24,126,0,8,0
04-08 14:56:43,38.049,17.135,44.097,0,0,4413948,7638456,387628,3805184,32166.892,18661.716,0,637.008,0,56.444,5584,5277,2.070,2.140,1.860,1,0,77.610,0,0,24,126,0,8,0
04-08 14:56:44,22.510,6.753,70.531,0,0,4461800,7590576,387644,3805196,44848.619,21963.608,0,316.138,0,18.008,2639,2304,2.070,2.140,1.860,1,0,3.001,0,0,24,126,0,8,0
04-08 14:56:45,23.444,5.986,69.585,0,0,4483912,7568428,387676,3805196,29581.650,14866.645,0,570.643,0,20.950,2987,3007,2.070,2.140,1.860,1,0,0,0,0,24,126,0,8,0
04-08 14:56:46,23.814,5.953,68.465,0,0,4483804,7568428,387796,3805180,14918.411,7400.167,0,1623.314,0,96.248,3787,4082,2.070,2.140,1.860,2,0,0,0,0,24,127,0,8,0
04-08 14:56:47,24.238,7.322,67.411,0,0,4443988,7607996,387968,3805252,21949.141,9737.445,0,1034.136,0,122.198,4312,5070,2.070,2.140,1.860,1,0,12.119,0,0,24,126,0,8,0
04-08 14:56:48,10.505,23.761,63.030,0,0,4445168,7606780,387996,3805260,65623.904,467057.946,0,384.181,0,20.009,5047,3875,2.060,2.140,1.860,1,0,138.065,0,0,24,126,0,8,0
04-08 14:56:49,22.245,7.248,70.483,0,0,4445648,7606276,388016,3805260,47364.329,155229.751,0,307.924,0,14.996,2634,2304,2.060,2.140,1.860,1,0,0,0,0,24,126,0,8,0
04-08 14:56:50,22.988,5.497,69.214,0,0,4481036,7570756,388132,3805272,29755.391,14894.187,0,1847.031,0,94.950,3307,3432,2.060,2.140,1.860,1,0,1.999,0,0,24,127,0,8,0
04-08 14:56:51,23.711,6.988,67.887,0.250,0,4480848,7570756,388312,3805276,15544.221,7283.920,0,4280.901,0,196.674,3576,3610,2.060,2.140,1.860,3,0,0,0,0,24,128,0,8,0
04-08 14:56:52,23.811,6.266,69.177,0,0,4480824,7570756,388328,3805280,15133.785,7314.747,0,112.288,0,12.031,3634,3873,2.060,2.140,1.860,2,0,0,0,0,24,127,0,8,0
04-08 14:56:53,21.708,9.731,66.371,0,0,4480696,7570756,388476,3805260,14946.948,7281.847,0,946.161,0,138.730,4699,5644,1.980,2.120,1.860,2,0,1.996,0,0,24,127,0,8,0
04-08 14:56:54,29.034,10.012,59.319,0.250,0,4481444,7569776,388600,3805328,16444.137,8659.077,0,680.792,0,70.082,5013,5673,1.980,2.120,1.860,3,0,1.001,0,0,24,127,0,8,0
04-08 14:56:55,20.180,9.585,69.369,0,0,4483172,7568024,388616,3805332,15050.227,7577.581,0,343.060,0,17.153,3418,3533,1.980,2.120,1.860,2,0,0,0,0,24,127,0,8,0
04-08 14:56:56,36.726,18.115,42.682,0,0,4486396,7564496,388708,3805540,356.346,0,0,742.469,0,69.482,6756,7830,1.980,2.120,1.860,5,0,3.970,0,0,24,129,0,8,0
04-08 14:56:57,52.010,20.406,25.134,0,0,4421424,7629220,388928,3805560,14907.110,7262.438,0,2627.856,0,168.223,6772,17165,1.980,2.120,1.860,2,0,101.531,0,0,24,128,0,10,0
04-08 14:56:58,33.260,23.257,41.513,0,0,4423008,7627432,389076,3805616,15693.919,11353.558,0,812.255,0,84.026,6755,6653,1.900,2.100,1.850,3,0,127.040,0,0,24,128,0,6,0
04-08 14:56:59,25.224,23.711,49.439,0,0,4416632,7633688,389164,3805628,60812.053,32742.778,0,3293.246,0,405.602,5665,5056,1.900,2.100,1.850,1,0,95.851,0,0,24,128,0,6,0
04-08 14:57:00,23.791,5.700,68.896,0,0,4457440,7592864,389180,3805628,29539.892,14770.442,0,273.600,0,14.870,2603,2256,1.900,2.100,1.850,1,0,1.983,0,0,24,128,0,6,0
04-08 14:57:01,23.701,5.295,70.096,0,0,4484600,7565660,389204,3805632,29912.195,15037.792,0,278.366,0,20.171,2934,2733,1.900,2.100,1.850,2,0,0,0,0,24,129,0,6,0
04-08 14:57:02,24.206,5.681,68.172,0.247,0,4484776,7565420,389264,3805636,15540.302,7208.471,0,1173.748,0,61.256,3355,3280,1.900,2.100,1.850,2,0,1.976,0,0,24,130,0,6,0
04-08 14:57:03,24.058,6.331,69.893,0,0,4421684,7628504,389264,3805644,30157.479,14780.933,0,12.155,0,3.039,3229,3130,1.830,2.080,1.850,1,0,9.117,0,0,24,128,0,7,0
04-08 14:57:04,12.347,25.187,59.017,0.247,0,4455916,7594248,389280,3805652,441.517,69.141,0,169.890,0,13.828,4753,3482,1.830,2.080,1.850,2,0,133.344,0,0,24,128,0,7,0
04-08 14:57:05,12.033,23.314,62.922,0,0,4448476,7601676,389280,3805664,62394.371,37507.416,0,4.011,0,1.003,4825,3625,1.830,2.080,1.850,1,0,127.348,0,0,24,128,0,7,0
04-08 14:57:06,9.483,24.705,62.885,0,0,4444828,7605276,389280,3805708,68070.635,467757.407,0,7.985,0,1.996,4890,3619,1.830,2.080,1.850,4,0,118.783,0,0,24,128,0,5,0
04-08 14:57:07,9.784,24.585,64.722,0,0,4443780,7606264,389324,3805720,49095.775,145524.264,0,256.883,0,25.086,4887,4004,1.830,2.080,1.850,1,0,120.414,0,0,24,128,0,5,0
04-08 14:57:08,9.559,23.647,64.400,0,0,4443104,7606868,389380,3805732,61053.554,31640.702,0,841.230,0,48.300,4930,4003,1.760,2.060,1.840,1,0,131.819,0,0,24,128,0,5,0
04-08 14:57:09,21.216,19.469,58.407,0,0,4431324,7618476,389396,3805968,44605.169,22272.632,0,175.721,0,9.984,4502,5652,1.760,2.060,1.840,5,0,76.878,0,0,24,128,0,5,0
04-08 14:57:10,21.137,21.386,55.205,0,0,4432456,7617220,389428,3805860,44735.803,22909.505,0,234.745,0,15.915,6610,6841,1.760,2.060,1.840,2,0,93.500,0,0,24,128,0,5,0
04-08 14:57:11,28.829,25.570,44.622,0,0,4478028,7571640,389428,3805872,60982.692,33575.777,0,8.022,0,2.005,5168,3314,1.760,2.060,1.840,2,0,116.318,0,0,24,128,0,5,0
04-08 14:57:12,26.970,27.719,43.702,0,0,4513504,7536152,389436,3805876,60782.000,34366.118,0,71.921,0,2.997,5282,3379,1.760,2.060,1.840,3,0,122.865,0,0,24,128,0,5,0
04-08 14:57:13,29.970,27.223,41.458,0,0,4529148,7520144,389464,3806168,45384.327,23716.133,0,355.642,0,11.988,5704,4569,1.860,2.080,1.850,4,0,122.876,0,0,24,130,0,5,0
04-08 14:57:14,19.762,25.015,52.782,0,0,4533404,7515868,389476,3806176,60791.926,31897.375,0,136.083,0,9.005,5069,4016,1.860,2.080,1.850,3,0,130.079,0,0,24,134,0,5,0
04-08 14:57:15,31.562,33.816,33.315,0,0,4573232,7473500,389492,3808708,55151.966,565643.304,0,232.455,0,16.031,7733,9438,1.860,2.080,1.850,4,0,124.243,0,0,24,136,0,5,0
04-08 14:57:16,12.489,26.228,58.700,0,0,4598024,7448500,389548,3808824,62158.273,33020.989,0,1954.342,0,34.970,5476,5089,1.860,2.080,1.850,1,0,133.886,0,0,24,140,0,5,0
04-08 14:57:17,18.088,21.805,57.238,0,0,4598656,7447864,389560,3809324,44387.194,22447.329,0,166.511,0,8.920,5413,6552,1.860,2.080,1.850,1,0,89.203,0,0,24,140,0,5,0
04-08 14:57:18,19.685,25.490,54.514,0,0,4587164,7459244,389612,3809328,60144.723,30307.578,0,480.528,0,34.323,5748,6359,1.870,2.080,1.850,1,0,79.751,0,0,24,140,0,5,0
04-08 14:57:19,35.574,23.633,38.310,0,0,4631260,7415164,389616,3809300,45392.786,24669.603,0,191.052,0,9.951,5316,3566,1.870,2.080,1.850,3,0,78.610,0,0,26,140,0,5,0
04-08 14:57:20,46.505,34.503,18.502,0,0,4716168,7330248,389616,3809308,61472.203,35047.537,0,0,0,0,5624,3536,1.870,2.080,1.850,3,0,146.015,0,0,26,140,0,5,0
04-08 14:57:21,51.176,28.709,19.222,0,0,4785968,7260400,389648,3809320,60749.364,31574.451,0,287.585,0,20.970,5764,3725,1.870,2.080,1.850,5,0,125.818,0,0,26,140,0,5,0
04-08 14:57:22,52.644,28.308,17.631,0,0,4815192,7231072,389732,3809340,45702.506,27813.648,0,282.090,0,36.751,6640,5663,1.870,2.080,1.850,7,0,163.890,0,0,26,156,0,5,0
04-08 14:57:23,27.005,29.529,41.895,0,0,4821036,7223236,389820,3811172,70644.888,479946.701,0,1122.597,0,118.115,6556,7691,1.800,2.060,1.840,2,0,124.172,0,0,26,156,0,5,0
04-08 14:57:24,19.551,24.815,53.891,0,0,4817668,7226552,389860,3811180,58029.174,146718.750,0,236.621,0,20.053,5056,3814,1.800,2.060,1.840,2,0,122.321,0,0,26,162,0,5,0
04-08 14:57:25,11.327,22.655,61.809,0,0,4821944,7222272,389860,3811584,52957.420,28740.265,0,11.820,0,2.955,5419,5277,1.800,2.060,1.840,5,0,92.590,0,0,26,162,0,5,0
04-08 14:57:26,22.412,23.941,54.503,0,0,4828960,7215080,389964,3811592,45451.501,23227.484,0,843.524,0,50.937,6192,7316,1.800,2.060,1.840,4,0,95.762,0,0,26,162,0,5,0
04-08 14:57:27,22.480,24.951,49.902,0.247,0,4835488,7208352,390128,3811216,46047.827,23538.740,0,1861.676,0,102.768,5257,4683,1.800,2.060,1.840,2,0,77.076,0,0,26,162,0,5,0
04-08 14:57:28,27.153,27.656,43.998,0,0,4890388,7153424,390148,3811220,61833.086,33599.691,0,269.522,0,12.068,5235,3382,1.820,2.060,1.850,2,0,124.704,0,0,26,162,0,5,0
04-08 14:57:29,32.876,27.856,37.895,0,0,4935440,7108328,390160,3811244,61323.356,33608.440,0,9391.893,0,462.769,8691,3514,1.820,2.060,1.850,2,0,118.453,0,0,26,162,0,5,0
04-08 14:57:30,27.689,27.190,43.154,0,0,4960652,7083060,390204,3811256,61074.780,34375.892,0,1125.508,0,51.885,5429,3599,1.820,2.060,1.850,3,0,131.708,0,0,26,162,0,5,0
04-08 14:57:31,15.276,27.046,55.845,0,0,4955292,7088348,390228,3811300,45503.738,23848.743,0,220.376,0,18.031,5204,3841,1.820,2.060,1.850,1,0,161.276,0,0,27,166,0,5,0
04-08 14:57:32,25.239,24.489,47.978,0,0,4957148,7086436,390264,3811304,69815.489,579748.330,0,487.780,0,38.982,5583,4273,1.820,2.060,1.850,1,0,138.937,0,0,27,180,0,5,0
04-08 14:57:33,10.303,24.123,64.580,0,0,4963548,7080000,390264,3811320,61686.564,33907.457,0,112.576,0,7.036,4659,3573,1.830,2.060,1.850,1,0,131.674,0,0,27,182,0,6,0
04-08 14:57:34,18.392,29.080,50.952,0,0,5027796,7015740,390264,3811328,44880.234,22977.471,0,23.860,0,5.965,4785,3414,1.830,2.060,1.850,3,0,122.284,0,0,27,182,0,6,0
04-08 14:57:35,8.502,25.755,64.012,0,0,5010528,7032996,390264,3811336,64148.148,34024.443,0,16.003,0,4.001,4554,3386,1.830,2.060,1.850,1,0,119.023,0,0,27,182,0,5,0
04-08 14:57:36,17.683,25.653,54.045,0,0,5010952,7032532,390292,3811840,56045.882,27037.670,0,494.130,0,24.906,5618,6616,1.830,2.060,1.850,2,0,98.627,0,0,27,182,0,5,0
04-08 14:57:37,20.100,25.125,54.019,0,0,4996600,7046780,390324,3811864,49889.764,27629.770,0,361.804,0,29.145,6118,7486,1.830,2.060,1.850,1,0,81.406,0,0,27,182,0,5,0
04-08 14:57:38,25.833,21.610,50.672,0.248,0,4964972,7078292,390360,3811372,48918.449,26859.194,0,246.406,0,18.878,5378,4036,1.930,2.070,1.850,3,0,69.550,0,0,27,182,0,5,0
04-08 14:57:39,28.573,27.069,43.111,0,0,5005252,7037984,390380,3811380,60737.725,34241.792,0,140.360,0,11.028,5313,3565,1.930,2.070,1.850,2,0,135.347,0,0,27,182,0,5,0
04-08 14:57:40,29.618,25.916,41.465,0,0,5044132,6999088,390384,3811392,62529.971,457167.667,0,43.439,0,2.962,5393,3684,1.930,2.070,1.850,5,0,130.318,0,0,27,182,0,5,0
04-08 14:57:41,31.085,25.657,39.720,0,0,5055800,6987096,390396,3811688,54408.322,140359.360,0,272.362,0,12.829,5693,4475,1.930,2.070,1.850,3,0,111.511,0,0,27,188,0,5,0
04-08 14:57:42,16.982,26.502,58.408,0,0,5060200,6982684,390396,3811700,61863.150,31712.236,0,12.351,0,3.088,4961,3891,1.930,2.070,1.850,2,0,128.652,0,0,27,188,0,5,0
04-08 14:57:43,30.998,31.998,33.998,0,0,5079408,6960812,390400,3814876,45933.570,24570.700,0,327.983,0,9.000,7615,10877,1.930,2.070,1.850,5,0,145.992,0,0,27,188,0,4,0
04-08 14:57:44,24.608,22.371,51.453,0,0,5111592,6928536,390440,3814768,44013.317,21959.430,0,501.112,0,30.822,5965,6578,1.930,2.070,1.850,2,0,43.748,0,0,27,194,0,4,0
04-08 14:57:45,18.891,25.354,54.187,0,0,5116060,6923988,390440,3814380,44699.715,22597.427,0,0,0,0,5078,4961,1.930,2.070,1.850,3,0,94.454,0,0,27,194,0,4,0
04-08 14:57:46,27.635,28.892,42.458,0,0,5166952,6873044,390488,3814388,61728.640,34414.727,0,631.094,0,40.197,5450,3776,1.930,2.070,1.850,4,0,123.606,0,0,27,194,0,4,0
04-08 14:57:47,27.949,28.947,40.925,0,0,5211376,6828552,390492,3814404,48890.751,28056.783,0,1904.523,0,12.976,5387,3614,1.930,2.070,1.850,5,0,147.730,0,0,27,194,0,4,0
04-08 14:57:48,28.780,27.778,41.793,0,0,5224996,6814880,390524,3814424,57457.921,32709.542,0,328.337,0,30.031,5918,4560,1.940,2.070,1.850,4,0,149.153,0,0,27,196,0,6,0
04-08 14:57:49,39.617,36.061,24.634,0,0,5272084,6765296,390572,3816848,75129.636,591755.589,0,349.440,0,28.443,8850,11363,1.940,2.070,1.850,3,0,158.467,0,0,27,200,0,6,0
04-08 14:57:50,8.410,24.737,63.079,0,0,5272768,6764572,390588,3816852,45326.515,24665.445,0,146.441,0,11.874,5069,3961,1.940,2.070,1.850,2,0,148.420,0,0,27,200,0,6,0
04-08 14:57:51,10.952,26.135,60.732,0,0,5269596,6767728,390596,3816856,60250.538,31734.180,0,238.947,0,14.934,5072,3776,1.940,2.070,1.850,2,0,153.324,0,0,27,202,0,6,0
04-08 14:57:52,16.123,23.680,58.948,0,0,5271732,6765560,390616,3816864,61287.072,32519.301,0,294.238,0,24.184,5134,4098,1.940,2.070,1.850,1,0,140.065,0,0,27,206,0,6,0
04-08 14:57:53,7.803,23.158,67.713,0,0,5277484,6759772,390644,3816872,62189.588,34055.052,0,527.611,0,35.241,4756,3940,1.860,2.050,1.850,2,0,133.916,0,0,27,206,0,6,0
04-08 14:57:54,8.678,25.041,64.214,0,0,5277368,6759864,390656,3816884,48620.935,24933.762,0,583.130,0,99.172,4951,3825,1.860,2.050,1.850,2,0,133.882,0,0,27,206,0,6,0
04-08 14:57:55,8.013,24.540,65.606,0,0,5279612,6757624,390656,3816892,56663.737,30924.065,0,16.026,0,4.006,4748,3637,1.860,2.050,1.850,1,0,132.214,0,0,27,206,0,6,0
04-08 14:57:56,9.235,25.210,63.899,0,0,5279576,6757500,390676,3817032,60269.743,31665.952,0,307.514,0,19.968,4688,3748,1.860,2.050,1.850,2,0,112.822,0,0,27,206,0,6,0
04-08 14:57:57,21.537,26.296,50.838,0,0,5281220,6755832,390688,3817540,53715.087,464649.224,0,160.278,0,8.014,6002,6870,1.860,2.050,1.850,2,0,110.191,0,0,27,206,0,6,0
04-08 14:57:58,33.999,28.499,35.999,0,0,5293908,6743088,390728,3817532,48222.656,139250.120,0,491.986,0,27.999,6248,14609,1.790,2.030,1.840,2,0,111.997,0,0,27,206,0,7,0
04-08 14:57:59,30.749,28.249,39.998,0,0,5304804,6732064,390768,3817060,45081.954,23876.916,0,287.987,0,30.999,5652,4078,1.790,2.030,1.840,2,0,108.995,0,0,27,212,0,7,0
04-08 14:58:00,45.725,16.898,36.779,0,0,5382904,6653944,390768,3817084,61427.615,33101.947,0,51.689,0,2.982,4434,3068,1.790,2.030,1.840,3,0,50.695,0,0,27,212,0,5,0
04-08 14:58:01,46.322,20.281,32.049,0,0,5446244,6589936,390768,3817732,44678.991,21921.851,0,9851.212,0,526.813,5749,4729,1.790,2.030,1.840,2,0,71.110,0,0,27,212,0,5,0
04-08 14:58:02,41.499,13.664,44.282,0,0,5531040,6504444,390772,3818376,30305.223,14933.478,0,8.097,0,2.024,4013,3140,1.790,2.030,1.840,2,0,9.109,0,0,27,216,0,5,0
04-08 14:58:03,42.162,13.721,42.661,0,0,5566248,6469180,390792,3818412,15184.375,7280.836,0,379.210,0,14.969,4761,3992,1.890,2.050,1.850,1,0,38.919,0,0,27,218,0,6,0
04-08 14:58:04,27.360,27.113,42.149,0.493,0,5561328,6473764,390932,3818604,45022.746,23922.740,370.712,847.905,18.733,17.747,5016,3874,1.890,2.050,1.850,5,0,71.973,0,0,27,216,0,5,0
04-08 14:58:05,39.917,54.729,4.268,1.757,0,5567872,6460080,391108,3825160,61685.507,32371.661,2120.888,20.084,140.589,5.021,9669,14101,1.890,2.050,1.850,7,0,188.791,0,0,27,216,0,5,0
04-08 14:58:06,41.474,34.978,21.487,0.250,0,5573668,6453108,391168,3826172,60831.533,31594.540,19.988,615.621,1.999,51.968,7730,9592,1.890,2.050,1.850,7,0,117.927,0,0,27,216,0,5,0
04-08 14:58:07,47.962,28.827,20.875,0,0,5578560,6448136,391204,3826204,45145.687,26528.570,0,512.918,0,34.791,6446,5579,1.890,2.050,1.850,5,0,130.217,0,0,27,222,0,7,0
04-08 14:58:08,46.641,31.847,19.810,0.251,0,5583140,6443376,391228,3826356,74619.140,590337.072,0,417.265,0,24.073,7247,7074,2.060,2.080,1.860,4,0,106.322,0,0,27,219,0,7,0
04-08 14:58:09,43.265,30.939,24.902,0.252,0,5524004,6502124,391488,3826472,45240.995,23369.081,0,2990.309,0,251.540,7343,8149,2.060,2.080,1.860,5,0,107.659,0,0,27,222,0,7,0
04-08 14:58:10,30.498,29.506,38.432,0,0,5558704,6467388,391516,3826484,59917.587,30977.868,0,404.654,0,24.795,5195,3665,2.060,2.080,1.860,3,0,138.852,0,0,27,222,0,7,0
04-08 14:58:11,35.395,33.103,30.556,0,0,5571508,6454480,391536,3826888,48038.876,25529.947,0,998.179,0,140.560,6407,5472,2.060,2.080,1.860,8,0,170.098,0,0,27,223,0,7,0
04-08 14:58:12,38.274,25.927,33.335,0,0,5564000,6461952,391544,3827008,59670.444,30583.412,0,347.673,0,13.828,6486,7161,2.060,2.080,1.860,5,0,83.955,0,0,27,224,0,7,0
04-08 14:58:13,40.292,27.779,30.782,0,0,5551560,6474316,391592,3826512,44314.242,22043.002,0,460.481,0,37.039,6952,7019,2.050,2.080,1.860,2,0,84.088,0,0,27,222,0,7,0
04-08 14:58:14,58.363,28.806,12.274,0,0,5559388,6466264,391648,3827136,46616.614,25970.482,8.016,605.176,1.002,35.068,5453,4053,2.050,2.080,1.860,7,0,134.261,0,0,27,223,0,7,0
04-08 14:58:15,65.502,15.116,19.903,0,0,5670036,6355384,391868,3827144,44609.839,23318.688,0,3039.290,0,163.251,4575,3166,2.050,2.080,1.860,5,0,0,0,0,27,223,0,7,0
04-08 14:58:16,63.640,13.372,20.305,0.991,0,5744096,6280568,391888,3827876,29369.398,15255.724,721.086,221.873,6.934,7.924,5054,3569,2.050,2.080,1.860,4,0,3.962,0,0,27,229,0,7,0
04-08 14:58:17,62.437,14.577,18.707,0.243,0,5761184,6262240,392040,3828880,14669.931,7597.345,0,1527.632,0,84.545,5747,5197,2.050,2.080,1.860,4,0,1.944,0,0,27,227,0,8,0
04-08 14:58:18,64.861,18.017,18.789,0,0,5747220,6274932,392048,3829848,25921.893,449007.389,0,2936.263,0,24.709,5444,4473,2.450,2.160,1.890,2,0,41.182,0,0,27,226,0,13,0
04-08 14:58:19,29.676,25.437,43.143,0,0,5787480,6234648,392068,3829852,56901.705,158037.569,0,323.197,0,20.948,5352,3615,2.450,2.160,1.890,4,0,116.710,0,0,27,227,0,13,0
04-08 14:58:20,28.001,25.251,44.252,0,0,5792744,6229364,392076,3829864,54303.776,30463.557,0,152.008,0,8.000,5566,4498,2.450,2.160,1.890,4,0,125.006,0,0,27,228,0,13,0
04-08 14:58:21,30.771,26.735,41.364,0,0,5797580,6224336,392108,3830016,61365.139,32007.734,0,621.470,0,45.400,5941,5276,2.450,2.160,1.890,2,0,111.986,0,0,27,226,0,13,0
04-08 14:58:22,30.986,31.985,36.733,0.250,0,5752404,6269472,392120,3830040,51263.686,26862.783,0,367.833,0,21.990,5394,4012,2.450,2.160,1.890,2,0,124.943,0,0,27,226,0,13,0
04-08 14:58:23,31.173,25.483,41.069,0,0,5775500,6246344,392144,3830436,56113.621,28202.285,0,348.347,0,25.730,5434,4291,2.410,2.160,1.890,2,0,97.973,0,0,27,226,0,13,0
04-08 14:58:24,41.321,23.684,33.763,0,0,5783508,6238096,392172,3830540,45267.081,22875.926,0,387.010,0,22.172,6999,8074,2.410,2.160,1.890,7,0,100.784,0,0,27,226,0,13,0
04-08 14:58:25,39.719,27.229,30.726,0,0,5796336,6225260,392188,3830180,44460.929,22664.123,0,1458.849,0,167.868,6566,6020,2.410,2.160,1.890,5,0,87.931,0,0,27,230,0,13,0
04-08 14:58:26,47.777,28.666,21.561,0,0,5777836,6243688,392232,3830208,59933.953,33084.514,0,4845.365,0,224.431,6190,4374,2.410,2.160,1.890,4,0,123.486,0,0,27,228,0,13,0
04-08 14:58:27,48.979,30.772,21.797,0,0,5820628,6200880,392240,3830216,58648.673,586425.182,0,225.663,0,9.232,5690,3500,2.410,2.160,1.890,3,0,125.140,0,0,27,228,0,13,0
04-08 14:58:28,51.752,29.714,15.848,0,0,5888244,6133132,392316,3830264,60114.807,31469.323,0,1097.445,0,59.428,5899,4351,2.700,2.220,1.910,5,0,127.771,0,0,27,233,0,13,0
04-08 14:58:29,49.753,29.044,21.214,0,0,5913560,6107484,392332,3830528,61194.556,32233.820,0,715.230,0,5.051,5856,4436,2.700,2.220,1.910,3,0,134.358,0,0,27,236,0,13,0
04-08 14:58:30,44.848,28.312,24.804,0,0,5914440,6105216,392384,3831832,45735.427,23617.861,0,597.312,0,45.099,7529,8510,2.700,2.220,1.910,4,0,114.251,0,0,27,236,0,15,0
04-08 14:58:31,38.978,28.370,30.344,0,0,5884316,6135304,392384,3832360,44387.453,22717.708,0,9398.117,0,640.422,7533,7061,2.700,2.220,1.910,4,0,97.691,0,0,27,236,0,15,0
04-08 14:58:32,41.281,26.592,32.164,0,0,5940292,6079288,392412,3831860,45490.646,23042.651,0,368.747,0,21.274,5748,5032,2.700,2.220,1.910,6,0,90.161,0,0,27,236,0,15,0
04-08 14:58:33,51.340,29.802,18.532,0,0,5947420,6071980,392448,3832008,62906.689,35078.165,0,597.041,0,26.045,5937,4535,2.730,2.240,1.920,4,0,111.194,0,0,27,238,0,16,0
04-08 14:58:34,45.314,29.962,22.038,0,0,5994516,6024856,392476,3832008,60354.036,33856.103,0,162.436,0,12.876,6439,5325,2.730,2.240,1.920,4,0,122.818,0,0,27,236,0,16,0
04-08 14:58:35,52.173,31.353,13.717,0,0,5962596,6056384,392504,3832332,45142.438,24559.195,0,423.265,0,25.474,5911,4463,2.730,2.240,1.920,6,0,132.270,0,0,27,238,0,18,0
04-08 14:58:36,43.081,31.930,24.581,0,0,5985584,6031944,392524,3833736,73985.970,586592.407,0,377.081,0,23.314,6867,7739,2.730,2.240,1.920,2,0,96.298,0,0,27,242,0,18,0
04-08 14:58:37,29.650,27.891,41.209,0,0,6000900,6016592,392536,3833760,62423.378,32136.878,0,313.589,0,24.122,5598,4572,2.730,2.240,1.920,3,0,116.591,0,0,27,242,0,19,0
04-08 14:58:38,34.007,31.257,32.757,0,0,6015672,6001756,392560,3834276,46137.113,23201.086,0,484.106,0,23.005,6830,7700,3.070,2.320,1.950,2,0,136.030,0,0,27,244,0,19,0
04-08 14:58:39,38.860,26.575,33.595,0,0,5960052,6057316,392600,3834280,45109.502,22972.933,0,304.862,0,28.079,6351,6553,3.070,2.320,1.950,2,0,93.264,0,0,27,242,0,19,0
04-08 14:58:40,44.070,24.649,30.376,0,0,6012040,6005252,392612,3833788,45729.716,23633.211,0,246.988,0,14.939,5376,3424,3.070,2.320,1.950,3,0,69.714,0,0,27,244,0,19,0
04-08 14:58:41,50.674,27.618,21.790,0,0,6069452,5947828,392624,3833800,62049.771,33670.088,0,599.985,0,27.364,5698,4160,3.070,2.320,1.950,3,0,105.403,0,0,27,244,0,20,0
04-08 14:58:42,60.091,15.389,20.274,0,0,6137236,5879788,392664,3834012,43369.822,22594.088,0,285.308,0,30.290,5984,5111,3.070,2.320,1.950,4,0,0.977,0,0,27,244,0,20,0
04-08 14:58:43,66.061,12.149,22.273,0,0,6162220,5854620,392708,3834128,30289.868,14937.386,0,311.828,0,18.224,4738,3284,3.060,2.330,1.950,3,0,6.075,0,0,27,247,0,21,0
04-08 14:58:44,54.378,15.715,29.434,0,0,6197904,5817604,392768,3835344,16594.894,8703.539,0,490.902,0,43.902,5838,6883,3.060,2.330,1.950,3,0,3.991,0,0,27,250,1,25,0
04-08 14:58:45,45.935,8.032,44.429,0,0,6202632,5812856,392776,3835356,15522.453,7548.370,0,192.776,0,10.040,4923,4535,3.060,2.330,1.950,5,0,0,0,0,27,249,1,26,0
04-08 14:58:46,48.685,9.487,40.696,0.250,0,6224824,5790428,392852,3835520,15416.487,7426.119,0,1134.490,0,66.911,5593,5449,3.060,2.330,1.950,4,0,1.997,0,0,27,257,1,26,0
04-08 14:58:47,35.187,20.107,43.732,0,0,6173344,5841876,392868,3835520,45728.846,24916.320,0,257.367,0,19.101,4830,3534,3.060,2.330,1.950,3,0,81.432,0,0,27,256,1,26,0
04-08 14:58:48,29.128,27.385,41.326,0,0,6190628,5824576,392884,3835516,71345.054,598637.237,0,1645.084,0,18.920,5700,3909,3.060,2.340,1.960,3,0,122.485,0,0,27,256,1,26,0
04-08 14:58:49,28.205,27.456,42.182,0,0,6183460,5831676,392932,3835536,60794.520,33640.060,0,966.450,0,52.915,5789,4641,3.060,2.340,1.960,3,0,122.803,0,0,27,256,1,24,0
04-08 14:58:50,29.631,27.888,40.339,0,0,6165112,5849960,392968,3835560,46630.391,23989.995,0,382.469,0,31.872,6223,5747,3.060,2.340,1.960,3,0,103.585,0,0,27,256,1,24,0
04-08 14:58:51,27.635,29.896,40.950,0,0,6172260,5842804,392968,3835568,60584.339,31461.891,0,168.826,0,11.054,5407,3894,3.060,2.340,1.960,4,0,121.595,0,0,27,256,1,24,0
04-08 14:58:52,28.692,29.191,40.918,0,0,6212216,5802828,392980,3835572,60166.097,31255.193,0,351.294,0,21.956,5461,4100,3.060,2.340,1.960,2,0,124.749,0,0,27,256,1,24,0
04-08 14:58:53,32.882,29.594,36.677,0,0,6222360,5792636,393028,3835964,46496.810,23812.972,0,849.885,0,44.518,6678,7510,2.970,2.330,1.960,3,0,147.718,0,0,27,256,1,24,0
04-08 14:58:54,41.631,25.692,26.406,0,0,6175824,5839088,393092,3836068,54466.808,406464.230,0,433.915,0,40.917,7755,8119,2.970,2.330,1.960,4,0,89.447,0,0,27,261,1,24,0
04-08 14:58:55,36.462,27.347,39.327,0,0,6148668,5866148,393136,3836008,47995.045,26249.862,0,900.102,0,116.680,5922,5068,2.970,2.330,1.960,4,0,85.426,0,0,28,260,1,24,0
04-08 14:58:56,49.156,29.395,19.020,0,0,6184160,5830616,393152,3836092,60393.804,32906.684,0,245.041,0,12.845,5694,3614,2.970,2.330,1.960,4,0,120.545,0,0,28,260,1,24,0
04-08 14:58:57,45.131,14.542,39.365,0,0,6254536,5760056,393200,3836224,45768.280,23999.889,0,5187.105,0,309.902,4644,3225,2.970,2.330,1.960,2,0,18.053,0,0,28,263,1,24,0
04-08 14:58:58,52.759,13.379,33.574,0.252,0,6321884,5692056,393316,3838904,30186.457,14734.263,0,2427.437,0,116.121,4647,5590,2.970,2.350,1.970,11,0,36.351,0,0,28,263,1,24,0
04-08 14:58:59,49.808,15.768,33.539,0,0,6314020,5698432,393400,3837996,30018.020,15167.695,0,480.561,0,37.043,6229,16538,2.970,2.350,1.970,1,0,38.044,0,0,28,264,1,26,0
04-08 14:59:00,7.947,23.095,65.559,0,0,6319956,5692392,393436,3838052,38017.520,18815.559,0,572.155,0,31.786,4946,4023,2.970,2.350,1.970,3,0,130.126,0,0,28,264,1,26,0
04-08 14:59:01,6.804,9.576,83.157,0,0,6319936,5692392,393452,3838052,59863.974,31917.172,0,911.199,0,15.119,2987,3117,2.970,2.350,1.970,0,0,50.398,0,0,28,265,1,25,0
04-08 14:59:02,3.729,3.481,90.995,0,0,6320144,5692152,393472,3838060,55518.998,25939.098,0,7247.792,0,656.359,3089,2478,2.970,2.350,1.970,0,0,1.989,0,0,28,266,1,25,1
04-08 14:59:03,4.778,3.521,90.276,0,0,6316464,5694264,393496,3839572,1739945.669,70140.588,0,370.156,0,23.135,4131,3661,2.820,2.320,1.960,0,0,0,0,0,28,265,1,26,0
04-08 14:59:04,5.993,6.992,76.913,0,0,6316536,5686124,393536,3847396,8377960.091,195672.754,0,815.078,0,26.970,14796,10959,2.820,2.320,1.960,1,0,0.999,0,0,28,265,1,26,0
04-08 14:59:05,16.982,11.987,65.180,0,0,6385940,5610240,393600,3853692,6992668.517,137764.172,0,439.528,0,46.950,9818,6680,2.820,2.320,1.960,1,0,4.995,0,0,28,265,1,25,0
04-08 14:59:06,10.610,23.493,63.659,1.010,0,6370668,5622716,393600,3856380,168670.177,22267.394,2324.046,12.125,27.282,3.031,5096,4144,2.820,2.320,1.960,2,0,135.401,0,0,28,264,1,25,0
04-08 14:59:07,12.135,22.784,60.923,0,0,6353008,5640324,393620,3856408,69634.019,468349.058,0,158.498,0,12.878,5384,4604,2.820,2.320,1.960,3,0,125.808,0,0,28,264,1,25,0
04-08 14:59:08,27.337,10.032,60.694,0,0,6369040,5624192,393676,3856436,51630.129,313869.851,0,509.630,0,39.125,3911,3989,2.750,2.320,1.960,1,0,6.019,0,0,28,264,1,25,0
04-08 14:59:09,31.460,5.789,60.655,0,0,6411364,5581856,393688,3856436,30666.733,14690.072,0,80.538,0,9.060,3023,2449,2.750,2.320,1.960,1,0,2.013,0,0,28,268,1,23,0
04-08 14:59:10,23.900,5.913,67.265,0.246,0,6413348,5579840,393696,3856464,30403.914,14893.966,0,114.326,0,10.841,3365,3400,2.750,2.320,1.960,1,0,0,0,0,28,274,1,24,0
04-08 14:59:11,25.296,6.830,65.768,0,0,6412364,5580788,393724,3856468,16020.160,7515.805,0,230.695,0,23.272,4236,4788,2.750,2.320,1.960,1,0,2.024,0,0,28,274,1,24,0
04-08 14:59:12,24.345,4.720,66.575,0,0,6409664,5583336,393736,3856608,15521.985,7315.335,0,115.265,0,6.956,4113,4441,2.750,2.320,1.960,2,0,0,0,0,28,274,1,24,0
04-08 14:59:13,24.471,6.243,65.172,0,0,6416032,5576888,393788,3856636,15647.353,7353.237,0,379.548,0,36.956,4716,5490,2.770,2.330,1.970,1,0,0.999,0,0,28,277,1,26,0
04-08 14:59:14,25.251,6.000,64.003,0,0,6421560,5571292,393820,3856668,15473.722,7296.340,0,456.021,0,28.001,4864,5584,2.770,2.330,1.970,1,0,3.000,0,0,28,285,1,26,0
04-08 14:59:15,25.517,5.504,64.794,0,0,6421692,5571084,393844,3856700,424.288,148.101,0,364.248,0,30.020,4620,5303,2.770,2.330,1.970,2,0,1.001,0,0,28,294,1,26,0
04-08 14:59:16,23.972,7.741,64.176,0.499,0,6431980,5560500,393888,3856924,15970.636,7677.172,3.995,563.352,0.999,43.949,4613,5186,2.770,2.330,1.970,1,0,0,0,0,28,302,1,29,0
04-08 14:59:17,30.872,12.946,51.536,0.249,0,6412100,5563780,393924,3872980,1957.866,1347.402,0,16284.343,0,62.739,6348,7401,2.770,2.330,1.970,1,0,22.905,0,0,28,298,1,36,0
04-08 14:59:18,14.321,18.592,63.815,0,0,6345504,5630396,393944,3872936,46281.365,32026.025,0,249.230,0,18.089,4169,3242,2.710,2.320,1.970,2,0,99.491,0,0,28,298,1,36,0
04-08 14:59:19,7.993,24.730,63.198,0,0,6349236,5626616,393964,3872964,61381.946,43584.459,0,243.801,0,9.992,4799,3685,2.710,2.320,1.970,1,0,134.890,0,0,28,298,1,36,0
04-08 14:59:20,8.745,21.987,65.213,0,0,6349404,5626388,394012,3872976,61150.191,36213.386,0,1007.427,0,51.970,5393,4433,2.710,2.320,1.970,1,0,195.888,0,0,28,298,1,36,0
04-08 14:59:21,21.738,11.880,65.215,0,0,6381884,5593880,394040,3872976,45889.070,23800.923,0,368.035,0,27.299,3416,3327,2.710,2.320,1.970,1,0,37.410,0,0,28,298,1,36,0
04-08 14:59:22,26.679,9.634,60.027,0,0,6422144,5553616,394056,3872964,45617.912,512107.926,0,122.525,0,13.833,3781,2995,2.710,2.320,1.970,1,0,5.929,0,0,28,298,1,31,0
04-08 14:59:23,17.523,13.518,67.087,0,0,6416276,5559428,394076,3872980,60610.548,32470.079,0,304.394,0,23.030,3969,3447,2.490,2.280,1.960,1,0,62.080,0,0,28,298,1,31,0
04-08 14:59:24,8.501,22.502,66.006,0,0,6413580,5562092,394096,3872992,46159.330,25326.376,0,132.012,0,15.001,4798,3870,2.490,2.280,1.960,1,0,119.011,0,0,28,298,1,31,0
04-08 14:59:25,10.248,22.247,62.991,0.250,0,6407132,5568464,394148,3873016,61242.807,33826.922,0,591.911,0,49.992,5143,4475,2.490,2.280,1.960,2,0,134.980,0,0,28,300,1,31,0
04-08 14:59:26,8.743,21.733,65.949,0,0,6397420,5578160,394160,3873020,61421.559,33442.170,0,831.358,0,112.913,4895,3676,2.490,2.280,1.960,1,0,111.914,0,0,28,300,1,31,0
04-08 14:59:27,7.995,24.984,62.709,0,0,6391096,5584412,394200,3873044,60846.630,36988.067,0,763.506,0,52.966,5001,3960,2.490,2.280,1.960,2,0,122.920,0,0,28,300,1,31,0
04-08 14:59:28,11.504,24.508,60.268,0,0,6382384,5593112,394200,3873056,48780.969,26215.045,0,3212.986,0,489.150,5593,3706,2.290,2.250,1.950,1,0,119.037,0,0,28,300,1,31,0
04-08 14:59:29,5.065,5.572,89.153,0,0,6380116,5595380,394208,3873048,60850.732,31345.259,0,68.891,0,3.039,2342,2634,2.290,2.250,1.950,1,0,26.341,0,0,28,300,1,31,0
04-08 14:59:30,20.425,7.472,69.743,0,0,6400308,5575180,394208,3873056,44754.022,22660.466,0,0,0,0,2820,2567,2.290,2.250,1.950,1,0,8.967,0,0,28,300,1,30,0
04-08 14:59:31,25.214,6.491,66.404,0,0,6426660,5548812,394220,3873060,44418.048,611178.047,0,127.816,0,12.981,3546,3271,2.290,2.250,1.950,1,0,0.999,0,0,28,300,1,30,0
04-08 14:59:32,24.002,6.186,65.572,0,0,6441936,5533508,394240,3873068,29698.007,14442.704,0,273.176,0,25.734,3472,3500,2.290,2.250,1.950,4,0,21.775,0,0,28,302,1,30,0
04-08 14:59:33,27.113,5.272,64.771,0.251,0,6441820,5533528,394268,3873132,15163.351,7555.566,0,522.182,0,50.210,3583,3596,2.190,2.230,1.940,1,0,1.004,0,0,28,306,1,32,0
04-08 14:59:34,16.207,14.461,66.822,0,0,6404760,5570580,394288,3873120,30569.480,16140.957,0,103.723,0,12.965,3939,3335,2.190,2.230,1.940,1,0,74.801,0,0,28,306,1,30,0
04-08 14:59:35,10.280,13.539,62.431,11.032,0,6402412,5566632,394400,3879040,61053.522,31623.432,3020.734,240.696,89.258,20.058,4077,3687,2.190,2.230,1.940,1,1,39.113,0,0,28,306,1,30,0
04-08 14:59:36,6.244,5.495,64.935,20.729,0,6379252,5576792,394428,3891904,44932.254,22093.997,12147.902,16231.835,119.881,34.965,2464,2717,2.190,2.230,1.940,0,1,0,0,0,28,306,1,30,0
04-08 14:59:37,3.505,2.754,68.346,23.032,0,6369156,5576792,394476,3901868,15463.677,7372.334,9220.926,364.511,87.122,26.036,2217,2919,2.190,2.230,1.940,0,1,0,0,0,28,306,1,30,0
04-08 14:59:38,3.976,4.473,66.096,21.866,0,6357292,5576792,394508,3913612,30154.528,14634.473,10881.432,258.419,100.386,21.866,2388,2940,2.090,2.200,1.940,0,1,1.988,0,0,28,306,1,26,0
04-08 14:59:39,6.532,3.769,67.083,21.105,0,6353876,5568224,394512,3925520,16976.291,8758.488,11320.207,0,102.509,0,2272,2724,2.090,2.200,1.940,0,1,0,0,0,28,306,1,26,0
04-08 14:59:40,4.507,4.006,69.862,20.283,0,6343148,5559416,394520,3944900,15487.928,7456.000,18057.063,4.006,171.276,1.002,2442,2740,2.090,2.200,1.940,2,0,0,0,0,28,306,1,26,0
04-08 14:59:41,2.995,4.741,68.375,21.461,0,6343264,5535236,394528,3968828,764.605,0,22451.027,403.264,216.605,18.965,2524,2815,2.090,2.200,1.940,0,1,1.996,0,0,28,306,1,26,0
04-08 14:59:42,3.541,3.794,69.557,20.994,0,6343340,5511296,394540,3992528,16277.850,7381.639,22683.162,84.986,219.547,8.094,2319,2806,2.090,2.200,1.940,0,1,0,0,0,28,306,1,25,0
04-08 14:59:43,3.458,3.211,69.164,20.996,0,6343460,5492928,394552,4010664,15097.515,7368.931,17053.869,122.519,168.958,11.857,2255,2676,2.010,2.180,1.930,0,1,0,0,0,28,306,1,25,0
04-08 14:59:44,5.765,8.522,68.926,15.038,0,6342732,5482356,394552,4021900,812.068,0,9087.142,116.296,92.235,13.033,2864,3181,2.010,2.180,1.930,0,1,19.049,0,0,28,306,1,25,0
04-08 14:59:45,3.998,4.498,67.721,21.741,0,6342496,5467992,394564,4036380,30427.171,21079.112,13662.239,1767.255,130.945,317.866,3031,2794,2.010,2.180,1.930,0,1,1.999,0,0,28,306,1,25,0
04-08 14:59:46,3.985,4.483,68.243,20.672,0,6342980,5448588,394572,4055212,30183.237,14579.051,17864.667,59.775,177.332,7.970,2703,2931,2.010,2.180,1.930,1,1,0,0,0,28,306,1,19,0
04-08 14:59:47,3.260,4.514,69.220,21.569,0,6343376,5429952,394584,4073320,29991.383,14704.766,17415.387,168.536,169.539,8.026,2675,2874,2.010,2.180,1.930,0,1,2.006,0,0,28,306,1,19,0
04-08 14:59:48,5.499,10.998,67.737,12.248,0,6343404,5418624,394588,4084544,46400.844,27894.496,10549.918,19.996,99.980,2.999,3175,3041,1.920,2.160,1.920,0,1,25.995,0,0,28,306,1,19,0
04-08 14:59:49,5.751,4.501,65.516,20.505,0,6343380,5399220,394632,4103832,56921.881,570247.057,19116.662,396.097,164.040,38.009,3323,3617,1.920,2.160,1.920,0,1,1.000,0,0,28,306,1,19,0
04-08 14:59:50,6.744,6.244,64.939,19.731,0,6343452,5380068,394716,4122768,16653.253,8788.690,18694.323,2121.994,176.833,109.896,3208,3416,1.920,2.160,1.920,2,0,1.998,0,0,28,306,1,19,0
04-08 14:59:51,6.010,11.019,66.616,12.271,0,6345752,5364444,394740,4135980,60805.681,35133.062,12874.376,184.320,151.263,13.023,3625,3290,1.920,2.160,1.920,0,1,26.045,0,0,28,306,1,19,0
04-08 14:59:52,3.750,4.250,67.250,20.750,0,6345596,5345304,394780,4155140,44391.061,22094.030,18488.025,332.000,223.000,25.000,2970,3175,1.920,2.160,1.920,1,1,0,0,0,28,306,1,19,0
04-08 14:59:53,5.788,9.060,66.943,14.345,0,6346776,5332452,394800,4166744,31314.250,18967.535,11278.646,318.105,121.806,23.153,3277,3323,2.010,2.180,1.930,0,1,18.120,0,0,28,306,1,19,0
04-08 14:59:54,3.496,3.746,69.918,21.475,0,6345708,5318088,394812,4182084,44642.534,22024.116,15086.270,159.812,166.804,19.977,2637,3157,2.010,2.180,1.930,0,1,0.999,0,0,28,306,1,19,0
04-08 14:59:55,4.229,6.965,68.158,18.159,0,6345444,5303724,394812,4196664,29508.094,14732.157,14423.703,7.960,160.197,1.990,2960,2999,2.010,2.180,1.930,1,0,9.950,0,0,28,306,1,19,0
04-08 14:59:56,5.247,8.246,68.715,15.492,0,6343816,5291628,394812,4210324,45297.101,26518.594,12905.476,0,165.916,0,3185,3032,2.010,2.180,1.930,0,1,17.991,0,0,28,306,1,19,0
04-08 14:59:57,4.249,4.749,68.982,20.245,0,6344432,5271216,394832,4230020,30095.124,14912.098,18927.047,679.822,236.938,77.980,3077,3070,2.010,2.180,1.930,2,0,0,0,0,28,306,1,19,0
04-08 14:59:58,4.503,8.255,68.290,15.509,0,6344676,5255592,394840,4245324,45717.724,26487.483,14860.687,132.077,188.110,12.007,3204,3058,1.930,2.160,1.930,1,1,16.009,0,0,28,306,1,19,0
04-08 14:59:59,16.252,12.252,51.006,17.752,0,6366604,5216572,394844,4262332,29659.749,14659.853,16414.075,1468.186,198.025,301.038,4746,11158,1.930,2.160,1.930,1,1,38.005,0,0,28,306,1,20,0
04-08 15:00:00,6.239,9.733,66.134,14.724,0,6369724,5200192,394852,4275504,30435.492,18745.045,12525.979,91.839,154.728,8.984,3477,3232,1.930,2.160,1.930,0,1,19.965,0,0,28,306,1,20,0
04-08 15:00:01,7.973,5.482,64.036,20.432,0,6366772,5184996,394852,4293568,54473.924,463822.698,17306.155,0,205.314,0,3664,3661,1.930,2.160,1.930,1,1,0,0,0,28,306,1,20,0
04-08 15:00:02,6.272,10.035,66.735,14.551,0,6364856,5172660,394860,4307760,49451.144,163987.487,13523.624,120.424,171.604,8.028,3476,3193,1.930,2.160,1.930,0,1,18.064,0,0,28,306,1,18,0
04-08 15:00:03,10.266,7.762,60.096,20.283,0,6361448,5156576,394880,4327148,44647.600,22217.630,18541.735,180.289,243.390,14.022,4268,4423,2.020,2.170,1.930,0,1,6.010,0,0,28,306,1,20,0
04-08 15:00:04,11.154,19.829,63.947,0.496,0,6362908,5154492,394912,4327740,31600.962,20427.503,646.415,364.848,8.923,23.794,4387,3731,2.020,2.170,1.930,1,0,66.426,0,0,28,306,1,20,0
04-08 15:00:05,3.526,4.534,69.012,20.905,0,6361356,5139384,394912,4344332,59981.098,30558.766,15805.285,0,195.450,0,2913,3072,2.020,2.170,1.930,0,1,2.015,0,0,28,306,1,20,0
04-08 15:00:06,10.402,11.145,55.476,20.556,0,6392652,5091904,394912,4360408,29555.715,14681.270,14257.277,31.700,176.334,6.934,3529,3371,2.020,2.170,1.930,0,1,3.963,0,0,28,306,1,20,0
04-08 15:00:07,11.361,16.158,61.349,9.594,0,6396764,5083420,394944,4364696,30966.513,20886.037,4245.474,484.735,55.543,31.306,3955,3812,2.020,2.170,1.930,3,0,40.395,0,0,28,306,1,19,0
04-08 15:00:08,8.457,9.949,63.175,14.675,0,6386528,5082608,394968,4375672,59813.693,30640.577,10088.170,330.303,140.279,24.872,3609,3486,1.930,2.150,1.930,0,1,17.908,0,0,28,306,1,19,0
04-08 15:00:09,3.016,4.524,69.615,21.111,0,6371328,5079836,394968,4393564,30156.136,14964.472,17310.776,20.105,220.154,2.011,2688,2813,1.930,2.150,1.930,0,1,0,0,0,28,306,1,19,0
04-08 15:00:10,5.737,9.479,67.350,13.719,0,6371332,5074292,394968,4399088,30301.329,19239.034,5212.359,3.991,64.855,0.998,2925,2756,1.930,2.150,1.930,1,0,24.944,0,0,28,306,1,19,0
04-08 15:00:11,4.508,5.259,67.614,19.783,0,6366260,5063456,394992,4414916,44815.413,22539.929,15145.486,500.843,241.406,32.054,3039,2970,1.930,2.150,1.930,0,1,3.005,0,0,28,306,1,18,0
04-08 15:00:12,8.676,10.164,64.948,13.138,0,6358960,5058668,394992,4426956,31489.570,15876.169,11613.372,3.966,152.703,0.992,3541,3279,1.930,2.150,1.930,1,1,15.865,0,0,28,306,1,18,0
04-08 15:00:13,4.287,5.296,67.084,20.932,0,6356860,5042608,394996,4445048,62303.641,609105.069,17843.409,76.668,176.538,6.053,3631,3273,2.020,2.170,1.930,1,0,1.009,0,0,28,306,1,18,0
04-08 15:00:14,6.976,8.970,66.027,14.700,0,6356436,5034796,395016,4453232,44773.544,26548.195,8028.841,183.380,78.734,20.929,3342,3510,2.020,2.170,1.930,0,1,19.933,0,0,28,306,1,18,0
04-08 15:00:15,4.767,7.025,68.492,18.566,0,6356860,5018920,395028,4468608,44964.699,25449.823,15097.285,333.176,155.549,19.067,3290,3329,2.020,2.170,1.930,1,0,9.032,0,0,28,306,1,16,0
04-08 15:00:16,4.986,6.482,68.305,16.702,0,6353904,5009848,395036,4480576,44915.093,22499.926,11770.481,67.807,110.685,3.989,2996,3132,2.020,2.170,1.930,1,1,6.980,0,0,28,306,1,16,0
04-08 15:00:17,13.965,13.217,54.864,15.212,0,6354640,5001028,395036,4488644,44634.982,27042.738,8063.943,91.772,80.799,2.993,3852,3422,2.020,2.170,1.930,0,1,17.955,0,0,28,304,1,16,2
04-08 15:00:18,4.018,3.516,68.804,21.847,0,6354628,4993216,395040,4496448,29907.118,14885.759,7537.297,96.426,89.395,7.031,2366,2603,2.180,2.200,1.940,0,1,0,0,0,28,304,1,16,2
04-08 15:00:19,5.747,8.996,68.720,14.244,0,6351436,4989452,395040,4503372,45656.061,27054.185,6757.049,0,72.968,0,3008,2894,2.180,2.200,1.940,0,1,15.993,0,0,28,304,1,5,2
04-08 15:00:20,3.251,3.251,68.767,22.506,0,6350420,4980644,395040,4513164,44971.245,22107.528,8646.162,0,96.024,0,2460,2632,2.180,2.200,1.940,1,1,2.001,0,0,28,304,1,5,2
04-08 15:00:21,4.299,3.793,69.029,21.493,0,6350308,4967036,395040,4526820,30241.464,14922.494,12311.007,16.183,137.553,2.023,2580,2728,2.180,2.200,1.940,0,1,0,0,0,28,304,1,5,2
04-08 15:00:22,6.895,9.358,64.274,14.776,0,6350860,4956452,395072,4536752,44655.059,26087.940,9125.460,287.633,106.385,27.581,3338,3395,2.180,2.200,1.940,2,0,18.716,0,0,28,304,1,5,2
04-08 15:00:23,8.803,7.797,60.866,20.373,0,6350408,4942352,395096,4551228,31354.656,16107.919,13819.147,265.598,182.096,22.133,3378,3375,2.240,2.210,1.950,1,1,5.030,0,0,28,304,1,5,2
04-08 15:00:24,6.293,9.062,68.220,15.104,0,6348052,4935452,395112,4560436,38747.902,460924.926,8752.287,116.805,113.784,12.083,3331,3339,2.240,2.210,1.950,0,1,17.118,0,0,28,304,1,5,2
04-08 15:00:25,3.478,3.974,68.060,21.114,0,6348528,4920344,395112,4575004,48775.012,153906.077,13969.783,3.974,174.871,0.994,2785,2915,2.240,2.210,1.950,0,1,0.994,0,0,28,304,1,5,2
04-08 15:00:26,4.746,9.241,69.436,14.986,0,6351504,4905484,395112,4586840,30524.904,18646.837,11265.631,0,164.848,0,3122,2916,2.240,2.210,1.950,0,1,17.983,0,0,28,304,1,5,2
04-08 15:00:27,4.004,4.504,68.815,20.770,0,6351380,4886332,395128,4606020,44314.058,22040.919,18325.393,400.380,260.247,20.019,2969,2915,2.240,2.210,1.950,1,1,0,0,0,28,304,1,5,2
04-08 15:00:28,4.741,8.733,68.618,15.221,0,6354288,4872232,395128,4617164,45425.694,28139.916,10431.950,319.386,123.762,58.887,3282,2957,2.390,2.240,1.960,0,1,15.969,0,0,28,304,1,5,2
04-08 15:00:29,5.247,9.744,67.461,14.242,0,6355524,4857880,395128,4630216,45421.986,24729.837,12536.820,0,134.923,0,3354,3148,2.390,2.240,1.960,1,1,17.990,0,0,28,304,1,5,2
04-08 15:00:30,4.000,5.250,69.245,19.999,0,6353904,4842256,395128,4647380,45157.631,22196.344,17042.728,2847.788,164.988,487.964,3468,3044,2.390,2.240,1.960,0,1,1.000,0,0,28,304,1,5,2
04-08 15:00:31,6.007,9.510,68.075,14.516,0,6353560,4827896,395128,4662004,45461.992,26941.626,13947.337,0,141.155,0,3247,3104,2.390,2.240,1.960,0,1,16.018,0,0,28,304,1,5,2
04-08 15:00:32,5.240,16.467,64.870,8.733,0,6350696,4820092,395140,4672608,30723.635,19181.688,10495.038,131.737,99.801,7.984,3831,3291,2.390,2.240,1.960,1,0,67.864,0,0,28,304,1,5,2
04-08 15:00:33,24.829,6.019,68.217,0,0,6382668,4788100,395160,4672608,60520.143,30946.250,0,244.777,0,17.054,2918,2653,2.270,2.220,1.950,1,0,3.010,0,0,28,304,1,7,2
04-08 15:00:34,26.989,7.747,64.473,0,0,6412064,4758644,395196,4672632,46409.268,23826.869,0,191.918,0,21.991,3168,2935,2.270,2.220,1.950,2,0,1.999,0,0,28,304,1,7,2
04-08 15:00:35,24.951,5.739,66.369,0,0,6448568,4722132,395204,4672632,44667.889,571945.792,0,43.913,0,5.988,3141,2816,2.270,2.220,1.950,1,0,1.996,0,0,28,304,1,5,2
04-08 15:00:36,31.056,8.515,59.356,0,0,6502728,4667952,395216,4672636,30134.858,14942.706,0,156.279,0,14.025,3221,2803,2.270,2.220,1.950,1,0,0,0,0,28,304,1,5,2
04-08 15:00:37,25.225,3.746,68.182,0.250,0,6522944,4647712,395280,4672596,30867.153,16649.362,0,555.445,0,51.948,3168,3270,2.270,2.220,1.950,2,0,3.996,0,0,28,308,1,5,2
04-08 15:00:38,25.508,4.752,67.522,0,0,6479376,4691212,395288,4672656,44465.815,21895.295,0,184.061,0,20.007,2967,2758,2.330,2.230,1.960,1,0,7.002,0,0,28,304,1,5,2
04-08 15:00:39,23.514,6.504,67.790,0,0,6487924,4682644,395288,4672676,46263.454,23736.086,0,144.086,0,8.005,2638,2374,2.330,2.230,1.960,2,0,0,0,0,28,304,1,5,2
04-08 15:00:40,24.716,5.492,68.655,0,0,6517148,4653412,395296,4672676,44389.699,22269.247,0,123.829,0,6.990,2748,2423,2.330,2.230,1.960,3,0,0,0,0,28,304,1,5,2
04-08 15:00:41,22.527,6.758,68.331,0,0,6537744,4632776,395336,4672676,29691.387,14675.491,0,492.587,0,32.038,2801,2661,2.330,2.230,1.960,1,0,3.004,0,0,28,304,1,5,2
04-08 15:00:42,23.217,5.742,68.153,0,0,6547812,4622696,395348,4672676,15518.910,7351.535,0,91.869,0,9.986,2914,2878,2.330,2.230,1.960,1,0,1.997,0,0,28,307,1,5,2
04-08 15:00:43,26.203,3.275,68.278,0,0,6542088,4628272,395348,4672824,15463.640,7352.888,0,0,0,0,3057,2880,2.230,2.210,1.950,1,0,1.008,0,0,28,310,1,6,2
04-08 15:00:44,23.979,7.663,64.521,0,0,6415968,4754372,395384,4672804,44423.181,23933.638,0,229.409,0,21.754,3310,3026,2.230,2.210,1.950,1,0,17.799,0,0,28,304,1,6,2
04-08 15:00:45,26.639,9.047,64.085,0,0,6453936,4716372,395384,4672836,61181.730,31477.498,0,1616.447,0,313.639,3497,2861,2.230,2.210,1.950,2,0,0,0,0,28,304,1,6,2
04-08 15:00:46,23.992,5.248,67.726,0,0,6473524,4696784,395392,4672828,29764.511,14748.802,0,79.972,0,6.998,2605,2279,2.230,2.210,1.950,2,0,0,0,0,28,304,1,6,2
04-08 15:00:47,27.484,2.499,68.960,0,0,6469600,4700504,395416,4672988,15091.144,7291.721,0,239.859,0,17.989,2550,2231,2.230,2.210,1.950,2,0,1.999,0,0,28,304,1,6,2
04-08 15:00:48,7.481,24.688,64.837,0,0,6442840,4727264,395416,4672988,45923.603,24915.393,510.717,223.439,3.990,4.987,4661,3620,2.130,2.190,1.950,3,0,132.667,0,0,28,304,1,6,2
04-08 15:00:49,8.775,22.064,65.440,0,0,6396544,4773532,395420,4673004,73007.993,607592.261,4.012,224.652,1.003,2.006,5028,3952,2.130,2.190,1.950,1,0,109.317,0,0,28,304,1,6,2
04-08 15:00:50,8.978,24.938,63.840,0,0,6394788,4775212,395420,4673076,46714.195,24223.431,0,0,0,0,4912,3701,2.130,2.190,1.950,2,0,158.603,0,0,28,304,1,6,2
04-08 15:00:51,9.527,21.060,66.441,0,0,6388900,4781088,395428,4673080,61464.304,61943.679,0,156.449,0,3.009,4740,3706,2.130,2.190,1.950,4,0,128.368,0,0,28,304,1,6,2
04-08 15:00:52,13.741,16.739,65.706,0,0,6392140,4777816,395452,4673088,61330.673,33311.553,0,127.914,0,12.991,4192,3571,2.130,2.190,1.950,2,0,88.940,0,0,28,304,1,6,2
04-08 15:00:53,24.014,8.005,67.290,0,0,6384636,4785304,395488,4673068,44238.515,21967.166,0,308.185,0,27.016,3073,2773,2.040,2.170,1.940,1,0,19.011,0,0,28,304,1,6,2
04-08 15:00:54,23.150,5.974,66.712,0,0,6414800,4755068,395520,4673108,44725.880,22584.483,0,231.003,0,22.901,2766,2618,2.040,2.170,1.940,1,0,1.991,0,0,28,304,1,6,2
04-08 15:00:55,17.047,5.766,75.207,0.501,0,6434064,4735676,395624,4673128,36118.518,17557.376,0,2262.233,0,126.348,2998,3217,2.040,2.170,1.940,1,0,17.047,0,0,28,305,1,6,2
04-08 15:00:56,26.072,7.019,65.430,0,0,6442160,4720468,395644,4679048,32069.207,16941.598,0,794.184,0,13.036,3158,2806,2.040,2.170,1.940,1,0,4.011,0,0,28,304,1,6,2
04-08 15:00:57,24.648,7.294,66.651,0,0,6451724,4710164,395644,4679532,60000.822,30678.489,0,0,0,0,4870,7206,2.040,2.170,1.940,3,0,6.036,0,0,28,304,1,6,2
04-08 15:00:58,25.012,10.648,60.176,0,0,6445564,4715304,395644,4680416,42523.640,460684.488,0,150.565,0,3.962,5196,6991,2.190,2.200,1.960,3,0,7.924,0,0,28,304,1,6,2
04-08 15:00:59,31.845,11.534,55.165,0,0,6429696,4730972,395704,4682788,53536.803,145031.909,0,1023.054,0,39.117,4505,6684,2.190,2.200,1.960,5,0,37.111,0,0,28,305,1,6,2
04-08 15:01:00,29.748,10.749,56.746,0,0,6419132,4741308,395704,4680760,46877.626,32501.660,0,127.991,0,4.000,4919,13106,2.190,2.200,1.960,2,0,8.999,0,0,28,305,0,6,2
04-08 15:01:01,21.982,12.240,62.450,0,0,6428416,4731984,395704,4680792,43992.717,22010.347,0,1614.705,0,333.732,6088,9968,2.190,2.200,1.960,1,0,7.994,0,0,28,305,1,6,2
04-08 15:01:02,19.219,10.233,67.640,0,0,6428528,4731760,395716,4680852,15180.255,7358.006,0,666.913,0,15.974,2792,2463,2.190,2.200,1.960,2,0,8.985,0,0,28,305,1,6,2
04-08 15:01:03,24.730,7.318,67.377,0.252,0,6364860,4802316,395824,4674812,60956.984,31908.796,0,1178.966,0,111.033,3259,2689,2.100,2.180,1.950,1,0,13.122,0,0,28,304,1,8,2
04-08 15:01:04,9.604,23.639,62.546,0,0,6371896,4795264,395832,4674820,46113.651,25101.144,0,417.630,0,13.790,4839,4096,2.100,2.180,1.950,3,0,125.092,0,0,28,304,1,6,2
04-08 15:01:05,15.025,26.544,55.341,0,0,6378808,4788272,395868,4674864,61150.818,34494.871,0,456.753,0,32.053,5527,4840,2.100,2.180,1.950,1,0,138.228,0,0,28,304,1,8,2
04-08 15:01:06,25.905,12.072,59.859,0,0,6434316,4732716,395876,4674904,44737.314,22160.911,0,112.676,0,13.078,3327,2969,2.100,2.180,1.950,2,0,3.018,0,0,28,304,1,8,2
04-08 15:01:07,41.014,10.440,46.234,0,0,6482048,4684324,395940,4675500,30691.499,16050.696,0,349.987,0,33.806,4282,3845,2.100,2.180,1.950,2,0,1.989,0,0,28,304,1,9,2
04-08 15:01:08,31.402,9.546,58.281,0.251,0,6530076,4636496,395956,4675284,15107.936,7405.752,0,176.854,0,13.063,3608,3237,2.170,2.200,1.960,1,0,2.010,0,0,28,308,1,13,2
04-08 15:01:09,19.734,10.242,67.445,0,0,6490168,4676380,395968,4675296,14843.957,7356.032,0,123.899,0,6.994,3496,3109,2.170,2.200,1.960,2,0,45.963,0,0,28,304,1,14,2
04-08 15:01:10,16.126,17.638,65.009,0,0,6477228,4689320,395968,4675296,74195.403,600245.498,0,28.221,0,3.024,4318,3499,2.170,2.200,1.960,2,0,71.560,0,0,28,304,1,14,2
04-08 15:01:11,23.183,6.166,68.317,0,0,6500808,4665720,395988,4675296,29015.562,14395.317,0,366.986,0,17.757,2726,2427,2.170,2.200,1.960,2,0,1.973,0,0,28,304,1,14,2
04-08 15:01:12,23.834,5.269,68.994,0,0,6504488,4662024,395992,4675308,29635.734,14718.014,0,120.426,0,7.025,2900,2774,2.170,2.200,1.960,2,0,0,0,0,28,305,1,14,2
04-08 15:01:13,19.011,14.008,65.788,0,0,6466296,4700220,395992,4675308,30491.516,15875.119,0,0,0,0,3631,2879,2.080,2.180,1.950,1,0,70.040,0,0,28,304,1,14,2
04-08 15:01:14,21.677,8.472,67.773,0,0,6464264,4702236,396008,4675308,43939.714,22783.629,0,119.599,0,11.960,2928,2901,2.080,2.180,1.950,3,0,3.987,0,0,28,304,1,14,2
04-08 15:01:15,25.357,5.272,67.536,0,0,6486952,4679540,396016,4675308,29940.669,15467.437,0,216.918,0,15.064,2757,2454,2.080,2.180,1.950,2,0,0,0,0,28,304,1,14,2
04-08 15:01:16,24.548,5.511,66.881,0,0,6484176,4682176,396016,4675448,15348.986,7945.522,0,1791.500,0,345.675,3509,2955,2.080,2.180,1.950,3,0,0,0,0,28,304,1,15,2
04-08 15:01:17,18.002,14.001,66.007,0,0,6391804,4774528,396024,4675460,15043.586,7848.827,0,136.014,0,14.001,3632,2938,2.080,2.180,1.950,3,0,58.006,0,0,28,304,1,15,2
04-08 15:01:18,25.427,7.977,64.566,0,0,6430476,4735836,396036,4675468,46119.406,27067.767,0,75.784,0,9.972,3000,2835,1.990,2.160,1.950,2,0,0,0,0,28,304,1,15,2
04-08 15:01:19,24.680,4.986,67.059,0,0,6457120,4709176,396044,4675476,29388.284,15196.711,0,147.580,0,5.983,2688,2405,1.990,2.160,1.950,4,0,0,0,0,28,304,1,15,2
04-08 15:01:20,23.503,7.001,67.758,0,0,6425176,4741112,396044,4675484,29714.535,15153.803,0,0,0,0,3076,2794,1.990,2.160,1.950,1,0,21.002,0,0,28,304,1,17,1
04-08 15:01:21,18.861,11.568,67.647,0,0,6434352,4731920,396056,4675488,30237.598,16675.945,0,144.851,0,12.071,3144,3119,1.990,2.160,1.950,2,0,13.077,0,0,28,304,1,17,1
04-08 15:01:22,24.129,5.721,67.910,0,0,6465552,4700700,396076,4675488,44105.886,22907.161,0,103.481,0,12.935,2794,2739,1.990,2.160,1.950,3,0,0,0,0,28,304,1,17,1
04-08 15:01:23,24.830,10.033,63.205,0,0,6468768,4697460,396096,4675492,14964.490,7807.298,0,381.235,0,28.091,3161,2842,1.910,2.140,1.940,2,0,8.026,0,0,28,304,1,17,1
04-08 15:01:24,20.945,10.971,65.828,0,0,6428984,4737172,396144,4675516,30226.190,17448.506,0,406.939,0,45.880,4058,3981,1.910,2.140,1.940,1,0,45.880,0,0,28,304,1,17,1
04-08 15:01:25,24.046,9.268,64.873,0,0,6447896,4718260,396144,4675516,56464.998,580794.573,0,148.281,0,8.015,3367,3010,1.910,2.140,1.940,1,0,3.006,0,0,28,304,1,17,1
04-08 15:01:26,23.751,6.000,69.002,0,0,6481264,4684888,396148,4675516,29531.753,15454.394,0,112.003,0,7.000,2632,2358,1.910,2.140,1.940,1,0,2.000,0,0,28,304,1,17,1
04-08 15:01:27,23.064,5.265,69.191,0,0,6485836,4680272,396180,4675528,14836.882,7478.607,0,429.183,0,25.069,2912,2841,1.910,2.140,1.940,2,0,0,0,0,28,307,1,18,1
04-08 15:01:28,21.735,9.993,66.454,0,0,6448656,4717428,396192,4675540,15024.530,7680.648,0,111.922,0,11.992,3202,2678,1.840,2.120,1.930,2,0,31.978,0,0,28,304,1,19,1
04-08 15:01:29,24.526,9.009,64.818,0,0,6466744,4699332,396192,4675548,46054.276,25039.247,0,216.227,0,2.002,3103,2825,1.840,2.120,1.930,2,0,2.002,0,0,28,304,1,19,1
04-08 15:01:30,25.209,4.742,66.393,0,0,6486348,4679708,396212,4675548,29735.191,15539.016,0,155.750,0,12.979,2764,2637,1.840,2.120,1.930,1,0,0,0,0,28,304,1,19,1
04-08 15:01:31,25.155,5.728,66.000,0,0,6483956,4682076,396236,4675552,29826.920,15329.881,0,306.837,0,24.906,3079,2889,1.840,2.120,1.930,2,0,0,0,0,28,304,1,19,1
04-08 15:01:32,21.077,12.044,65.239,0.251,0,6394984,4770820,396284,4675732,30809.911,16630.948,0,521.913,0,66.243,4223,3937,1.840,2.120,1.930,1,0,53.195,0,0,28,304,1,19,1
04-08 15:01:33,10.011,23.526,64.070,0,0,6387732,4777916,396356,4675812,60894.581,33881.045,0,240.263,0,27.030,4888,3866,1.850,2.120,1.930,0,0,128.140,0,0,28,304,2,21,1
04-08 15:01:34,6.531,3.265,88.166,0,0,6388440,4777188,396368,4675820,66124.701,33932.954,0,1896.942,0,21.099,2145,2652,1.850,2.120,1.930,0,0,1.005,0,0,28,306,1,21,1
04-08 15:01:35,7.948,19.374,69.050,0,0,6382608,4782888,396456,4675864,54733.127,25408.332,0,993.522,0,56.631,4577,4012,1.850,2.120,1.930,2,0,107.300,0,0,28,304,1,22,1
04-08 15:01:36,6.999,5.749,84.991,0,0,6386576,4778920,396456,4675864,65492.259,34385.461,0,4.000,0,1.000,2466,2734,1.850,2.120,1.930,0,0,17.998,0,0,28,306,1,22,1
04-08 15:01:37,14.445,24.408,57.533,0,0,6396208,4769260,396468,4675880,64391.604,583448.606,0,2291.339,0,403.475,5724,4067,1.850,2.120,1.930,3,0,114.567,0,0,28,304,1,21,1
04-08 15:01:38,12.563,20.352,65.578,0.251,0,6390900,4774456,396476,4675988,54141.425,30156.626,0,422.108,0,27.136,4440,3693,1.780,2.100,1.930,4,0,96.482,0,0,28,304,1,21,1
04-08 15:01:39,19.912,9.209,67.951,0,0,6401448,4758556,396696,4680488,59151.769,29699.341,0,935.883,0,80.645,2902,2561,1.780,2.100,1.930,3,0,4.978,0,0,28,304,1,21,1
04-08 15:01:40,27.340,7.525,63.961,0,0,6401796,4753344,396912,4684504,47119.458,23819.586,0,750.476,0,10.033,3295,2903,1.780,2.100,1.930,1,0,1.003,0,0,28,304,1,21,1
04-08 15:01:41,20.992,7.247,70.472,0,0,6423236,4728932,397016,4686904,29905.087,15124.975,0,387.845,0,2.999,2890,2687,1.780,2.100,1.930,1,0,18.992,0,0,28,305,1,21,1
04-08 15:01:42,14.526,2.755,81.394,0.250,0,6422888,4728932,397076,4687140,40682.043,18829.344,0,909.611,0,46.082,2369,2680,1.780,2.100,1.930,1,0,0,0,0,28,305,1,21,1
04-08 15:01:43,23.980,5.246,69.441,0,0,6415828,4732500,397116,4690372,15364.955,7463.663,0,227.807,0,8.992,2682,2524,1.720,2.080,1.920,1,0,2.997,0,0,28,304,1,21,1
04-08 15:01:44,9.254,15.507,67.531,5.002,0,6358256,4786712,397204,4693528,31342.275,18752.541,1352.616,3249.480,21.010,94.043,4888,4804,1.720,2.080,1.920,1,0,102.046,0,0,28,304,1,21,1
04-08 15:01:45,8.001,25.255,62.512,0,0,6362888,4782032,397212,4693536,60691.331,31907.957,0,252.047,0,15.003,5072,4097,1.720,2.080,1.920,1,0,153.029,0,0,28,304,1,20,1
04-08 15:01:46,15.517,14.265,68.323,0,0,6392616,4752300,397212,4693540,45491.477,23803.366,0,84.090,0,6.006,3546,3178,1.720,2.080,1.920,1,0,48.051,0,0,28,304,1,20,1
04-08 15:01:47,23.993,6.248,68.731,0,0,6434560,4710228,397212,4693668,44315.429,22013.755,0,915.740,0,176.950,3089,2423,1.720,2.080,1.920,1,0,1.999,0,0,28,304,1,20,1
04-08 15:01:48,25.258,5.502,67.021,0,0,6443544,4701224,397216,4693680,25339.090,439756.394,0,68.022,0,7.002,3570,3469,1.660,2.060,1.920,1,0,0,0,0,28,304,1,20,1
04-08 15:01:49,19.802,11.139,66.090,0,0,6417540,4727212,397228,4693684,33445.891,142934.153,0,102.971,0,11.881,3723,3289,1.660,2.060,1.920,1,0,47.525,0,0,28,304,1,20,1
04-08 15:01:50,22.719,8.583,68.662,0,0,6450644,4694072,397252,4693696,45391.819,23149.282,0,234.260,0,20.195,2867,2655,1.660,2.060,1.920,2,0,2.019,0,0,28,304,1,20,1
04-08 15:01:51,26.942,6.736,64.861,0,0,6474312,4670376,397264,4693712,30975.727,17094.426,0,187.599,0,8.981,3178,2879,1.660,2.060,1.920,1,0,0,0,0,28,304,1,20,1
04-08 15:01:52,24.926,4.237,68.547,0,0,6389968,4754580,397268,4693848,15944.786,7663.308,0,111.669,0,12.962,3016,2984,1.660,2.060,1.920,4,0,0.997,0,0,28,304,1,20,1
04-08 15:01:53,20.816,10.534,68.468,0.251,0,6422424,4722120,397268,4693852,44764.720,23514.971,0,136.435,0,16.051,3196,3099,1.610,2.040,1.910,1,0,15.048,0,0,28,304,1,20,1
04-08 15:01:54,24.401,5.976,68.224,0,0,6462500,4682016,397284,4693864,29710.650,15244.249,0,139.435,0,18.923,2973,2919,1.610,2.040,1.910,1,0,0.996,0,0,28,304,1,20,1
04-08 15:01:55,28.949,8.235,61.641,0,0,6459160,4685160,397436,4693908,29940.831,15344.751,0,2363.802,0,185.670,5192,6161,1.610,2.040,1.910,4,0,0.998,0,0,28,305,1,20,1
04-08 15:01:56,26.924,9.562,61.649,0.252,0,6459032,4685104,397564,4693960,15012.147,7818.596,0,881.706,0,119.775,5792,7579,1.610,2.040,1.910,2,0,1.007,0,0,28,304,1,20,1
04-08 15:01:57,22.016,7.756,69.051,0,0,6410824,4733292,397568,4693976,44534.962,25064.551,0,104.077,0,7.005,2854,2741,1.610,2.040,1.910,1,0,6.004,0,0,28,304,1,20,1
04-08 15:01:58,24.517,5.504,69.798,0,0,6456436,4687680,397568,4693976,29551.288,14602.025,0,4.003,0,1.001,2553,2288,1.560,2.030,1.910,1,0,0,0,0,28,304,1,20,1
04-08 15:01:59,24.419,5.980,66.777,0.249,0,6456508,4687456,397696,4693992,29314.287,14543.522,0,3400.665,0,184.385,4007,4267,1.560,2.030,1.910,2,0,0,0,0,28,305,1,20,1
04-08 15:02:00,34.458,18.977,45.195,0,0,6477384,4666540,397728,4694000,14956.842,7287.153,0,459.442,0,42.948,5797,15303,1.560,2.030,1.910,1,0,39.951,0,0,28,305,1,21,1
04-08 15:02:01,25.847,7.779,64.241,0.251,0,6468160,4675536,397788,4694164,14911.861,7471.991,0,521.955,0,67.252,4480,5247,1.560,2.030,1.910,2,0,0,0,0,28,304,1,20,1
04-08 15:02:02,12.252,26.505,59.261,0,0,6425572,4718108,397792,4694176,32980.864,19724.507,0,2068.368,0,391.070,5580,3981,1.560,2.030,1.910,1,0,144.026,0,0,28,304,1,20,1
04-08 15:02:03,9.496,26.488,61.721,0,0,6424816,4718860,397792,4694180,56796.324,27157.245,0,23.989,0,5.997,5052,3768,1.510,2.010,1.900,6,0,155.927,0,0,28,304,1,22,1
04-08 15:02:04,10.463,26.904,60.284,0,0,6419576,4724016,397884,4694168,65070.320,598344.430,0,2096.503,0,108.612,5858,4746,1.510,2.010,1.900,2,0,153.451,0,0,28,304,1,22,1
04-08 15:02:05,9.704,27.868,59.219,0,0,6413744,4729800,397900,4694200,60409.731,31005.074,0,441.906,0,21.896,5345,4344,1.510,2.010,1.900,2,0,147.302,0,0,28,304,1,18,1
04-08 15:02:06,15.134,27.746,54.988,0,0,6409388,4734072,397912,4694268,61238.433,32001.987,0,250.220,0,19.170,5695,4913,1.510,2.010,1.900,1,0,151.343,0,0,28,304,1,20,1
04-08 15:02:07,15.212,30.672,52.617,0,0,6424168,4718880,397932,4694656,45763.287,24442.198,0,187.526,0,18.952,5375,4336,1.510,2.010,1.900,2,0,153.612,0,0,28,304,1,20,1
04-08 15:02:08,9.008,28.525,59.551,0,0,6381676,4761340,397956,4694664,61196.871,32389.983,0,588.508,0,35.030,5509,4733,1.470,1.990,1.900,1,0,157.136,0,0,28,304,1,20,1
04-08 15:02:09,13.245,29.239,55.478,0,0,6396404,4746988,397964,4694280,60898.193,31673.618,0,183.928,0,9.996,5302,4056,1.470,1.990,1.900,2,0,153.940,0,0,28,304,1,14,1
04-08 15:02:10,8.465,27.637,61.747,0,0,6396512,4746852,397964,4694304,60447.499,32118.492,0,7517.221,0,45.812,5079,3829,1.470,1.990,1.900,1,0,149.388,0,0,28,304,1,14,1
04-08 15:02:11,8.534,27.359,62.751,0,0,6391484,4751864,397972,4694304,61415.261,62650.193,0,421.684,0,17.068,5154,4246,1.470,1.990,1.900,4,0,152.609,0,0,28,304,1,14,1
04-08 15:02:12,9.267,26.800,61.615,0,0,6383912,4759384,398012,4694312,59930.482,552830.368,0,761.416,0,46.086,5576,4296,1.470,1.990,1.900,2,0,150.280,0,0,28,304,1,14,1
04-08 15:02:13,10.740,26.476,60.445,0,0,6372996,4770284,398012,4694328,61976.052,33536.725,0,7.993,0,1.998,5182,4027,1.430,1.970,1.890,1,0,148.866,0,0,28,304,1,14,1
04-08 15:02:14,9.957,26.136,61.234,0.249,0,6377752,4765500,398036,4694332,60372.334,31335.666,0,270.822,0,25.887,5382,4439,1.430,1.970,1.890,1,0,157.316,0,0,28,304,1,14,1
04-08 15:02:15,11.560,30.408,56.292,0,0,6404180,4739044,398052,4694344,60825.429,30622.804,0,8568.434,0,126.657,5501,4128,1.430,1.970,1.890,4,0,161.839,0,0,28,304,1,14,1
04-08 15:02:16,9.512,27.285,60.829,0,0,6419788,4723420,398064,4694344,45856.252,25893.458,0,348.450,0,16.021,5108,3887,1.430,1.970,1.890,2,0,156.202,0,0,28,304,1,14,1
04-08 15:02:17,8.002,26.757,63.517,0,0,6424048,4719156,398064,4694348,60651.935,31784.351,0,12.003,0,3.001,5056,3853,1.430,1.970,1.890,2,0,152.040,0,0,28,304,1,14,1
04-08 15:02:18,8.488,27.210,63.158,0,0,6422096,4721080,398084,4694356,60948.396,31827.730,0,1417.939,0,270.607,5394,3889,1.480,1.980,1.890,1,0,155.774,0,0,28,304,1,13,1
04-08 15:02:19,7.982,25.692,63.607,0,0,6422496,4720672,398088,4694360,56847.881,30026.329,0,91.793,0,5.987,5035,3765,1.480,1.980,1.890,3,0,151.658,0,0,28,304,1,13,1
04-08 15:02:20,9.539,24.851,64.009,0,0,6417728,4725440,398088,4694360,63553.288,588986.443,0,60.244,0,6.024,5258,3936,1.480,1.980,1.890,1,0,149.606,0,0,28,304,1,13,1
04-08 15:02:21,7.247,27.240,63.227,0,0,6414884,4728244,398112,4694376,60958.088,32812.205,0,239.914,0,22.992,5362,4403,1.480,1.980,1.890,1,0,155.944,0,0,28,304,1,13,1
04-08 15:02:22,8.706,25.868,62.929,0,0,6401316,4741788,398136,4694376,60933.135,31391.847,0,465.625,0,29.848,5197,4317,1.480,1.980,1.890,2,0,151.228,0,0,28,304,1,11,1
04-08 15:02:23,9.800,29.902,58.046,0,0,6402760,4740292,398176,4694380,77350.172,44155.011,0,221.127,0,23.118,5515,4484,1.440,1.960,1.890,1,0,167.855,0,0,28,304,1,11,1
04-08 15:02:24,10.500,26.750,60.500,0,0,6404964,4738064,398184,4694392,49676.690,28020.825,0,139.999,0,13.000,5325,4297,1.440,1.960,1.890,2,0,166.999,0,0,28,304,1,11,1
04-08 15:02:25,9.226,26.430,62.335,0,0,6395792,4747220,398196,4694392,60715.657,31951.620,0,199.473,0,13.963,5282,4158,1.440,1.960,1.890,2,0,164.565,0,0,28,304,1,11,1
04-08 15:02:26,8.471,24.416,64.280,0,0,6395956,4747052,398196,4694396,60613.369,32420.942,0,11.959,0,2.990,4771,3591,1.440,1.960,1.890,1,0,130.553,0,0,28,304,1,11,1
04-08 15:02:27,17.594,14.578,65.851,0,0,6404712,4738260,398220,4694408,72443.294,470828.630,0,438.337,0,19.102,4484,3710,1.440,1.960,1.890,2,0,86.461,0,0,28,304,1,11,1
04-08 15:02:28,8.687,21.592,67.507,0.496,0,6377280,4859680,398460,4607076,47283.527,131622.314,0,5706.307,0,148.912,3545,3676,1.410,1.940,1.880,1,0,10.920,0,0,28,304,1,11,1
04-08 15:02:29,18.327,11.549,69.793,0,0,6400952,4851964,398460,4595724,29596.396,14816.274,0,4.017,0,1.004,2701,2535,1.410,1.940,1.880,2,0,3.013,0,0,28,304,1,11,1
04-08 15:02:30,24.090,5.521,68.756,0,0,6403048,4846196,398480,4598960,44962.486,22682.493,0,12.045,0,3.011,2930,2725,1.410,1.940,1.880,1,0,3.011,0,0,28,304,1,9,1
04-08 15:02:31,24.186,7.730,67.073,0,0,6422576,4824304,398508,4600904,29394.524,14928.652,0,1839.153,0,13.963,3141,2950,1.410,1.940,1.880,1,0,16.955,0,0,28,304,1,9,1
04-08 15:02:32,18.532,3.506,77.382,0.250,0,6423904,4822592,398588,4601168,37516.012,18833.134,0,805.374,0,38.065,2596,2656,1.410,1.940,1.880,1,0,0,0,0,28,305,1,9,1
04-08 15:02:33,19.378,4.223,74.284,0,0,6440620,4805720,398632,4601236,22197.615,13141.481,0,1856.344,0,256.390,2879,2417,1.290,1.910,1.870,1,0,1.988,0,0,28,305,1,11,1
04-08 15:02:34,15.594,3.270,80.232,0,0,6440356,4805496,398788,4601520,28385.546,15788.863,0,1501.018,0,70.423,2584,2887,1.290,1.910,1.870,3,0,1.006,0,0,28,305,1,9,1
04-08 15:02:35,19.475,3.745,74.903,0.250,0,6440800,4804740,398832,4601756,31154.622,17851.863,0,1098.576,0,35.953,2739,2762,1.290,1.910,1.870,1,0,0,0,0,28,305,1,9,1
04-08 15:02:36,16.755,3.751,78.523,0,0,6464832,4780576,398876,4601812,19846.796,10830.163,0,536.157,0,26.008,2576,2851,1.290,1.910,1.870,1,0,2.001,0,0,28,305,1,9,1
04-08 15:02:37,20.153,4.976,74.391,0,0,6480692,4764448,398940,4601972,11155.122,7252.969,0,1138.501,0,45.779,2593,2766,1.290,1.910,1.870,2,0,0,0,0,28,305,1,9,1
04-08 15:02:38,23.651,4.277,71.457,0,0,6496388,4748320,398976,4602296,23394.537,14505.720,0,760.863,0,31.199,2772,2718,1.270,1.890,1.870,1,0,0,0,0,28,305,1,7,1
04-08 15:02:39,19.652,3.234,75.623,0,0,6509504,4734996,399000,4602436,7395.095,4979.151,0,684.584,0,20.896,2310,2315,1.270,1.890,1.870,2,0,1.990,0,0,28,305,1,7,1
04-08 15:02:40,17.722,3.494,77.377,0,0,6500088,4739704,399044,4607092,24586.979,13484.599,0,874.612,0,25.959,2493,2515,1.270,1.890,1.870,2,0,0,0,0,28,305,1,7,1
04-08 15:02:41,24.874,5.779,68.844,0,0,6499928,4723480,399080,4623176,709.549,148.744,0,808.041,0,35.176,2835,2789,1.270,1.890,1.870,2,0,1.005,0,0,28,305,1,7,1
04-08 15:02:42,23.797,6.513,68.135,0.250,0,6487976,4723856,399188,4633380,15004.717,7310.478,0,2096.151,0,80.159,3049,2964,1.270,1.890,1.870,2,0,2.004,0,0,28,305,1,7,1
04-08 15:02:43,24.610,4.972,69.106,0.249,0,6489452,4713340,399208,4641636,119.320,0,0,978.425,0,18.892,2724,2642,1.250,1.880,1.860,2,0,0,0,0,28,305,1,7,1
04-08 15:02:44,26.155,5.030,68.909,0,0,6484488,4708352,399252,4650128,485.887,0,0,700.160,0,24.143,2935,2981,1.250,1.880,1.860,1,0,1.006,0,0,28,305,1,7,1
04-08 15:02:45,24.902,5.229,67.982,0,0,6491960,4683588,399356,4666088,15068.677,7428.754,0,1366.620,0,53.788,3047,2990,1.250,1.880,1.860,2,0,1.992,0,0,28,305,1,7,1
04-08 15:02:46,27.598,7.778,63.977,0,0,6487584,4678632,399644,4673852,1999.099,1506.349,0,6920.577,0,278.991,3797,3463,1.250,1.880,1.860,1,0,0,0,0,28,305,1,7,1
04-08 15:02:47,23.870,4.973,68.627,0,0,6491356,4665860,400112,4680840,481.387,0,0,1416.311,0,44.757,2805,2777,1.250,1.880,1.860,1,0,0,0,0,28,305,1,7,1
04-08 15:02:48,24.376,5.529,69.107,0,0,6505188,4629920,400504,4700872,15205.556,7496.730,0,993.131,0,37.192,2750,2629,1.310,1.880,1.870,1,0,2.010,0,0,28,305,1,7,1
04-08 15:02:49,24.984,5.247,68.957,0.250,0,6505100,4621436,400560,4708188,539.663,0,0,2246.598,0,261.837,3156,2763,1.310,1.880,1.870,1,0,0,0,0,28,305,1,7,1
04-08 15:02:50,24.284,5.007,69.599,0,0,6522748,4616716,400596,4694536,1164.651,174.247,0,909.289,0,30.043,2680,2490,1.310,1.880,1.870,1,0,0,0,0,28,304,1,7,1
04-08 15:02:51,21.004,8.501,69.762,0,0,6475284,4664100,400596,4694504,480.084,148.026,0,60.010,0,5.001,2990,2748,1.310,1.880,1.870,1,0,21.004,0,0,28,304,1,7,1
04-08 15:02:52,19.993,8.247,70.476,0,0,6490588,4648756,400624,4694512,45431.671,23337.126,0,479.838,0,12.996,3025,2931,1.310,1.880,1.870,1,0,17.994,0,0,28,305,1,7,1
04-08 15:02:53,19.138,4.474,75.060,0,0,6497648,4636000,400668,4699580,36281.177,17455.607,0,1491.252,0,39.767,2706,2781,1.360,1.880,1.870,1,0,0.994,0,0,28,304,1,7,1
04-08 15:02:54,24.619,6.532,68.332,0,0,6481244,4651164,400692,4700668,30139.243,14729.471,0,365.775,0,10.049,2886,2779,1.360,1.880,1.870,3,0,6.029,0,0,28,304,1,7,1
04-08 15:02:55,23.477,10.490,62.190,0,0,6505664,4625816,400700,4701508,14901.547,7354.866,0,27.973,0,3.996,7410,13703,1.360,1.880,1.870,1,0,4.995,0,0,28,304,1,7,1
04-08 15:02:56,22.799,8.268,68.145,0,0,6487568,4643324,400708,4701928,26858.188,458363.978,0,661.408,0,13.028,3287,2867,1.360,1.880,1.870,2,0,8.017,0,0,28,304,1,7,1
04-08 15:02:57,25.981,11.242,59.706,0.250,0,6486212,4644656,400740,4701928,20442.773,158930.617,0,1418.943,0,19.985,7579,13038,1.360,1.880,1.870,1,0,11.991,0,0,28,304,1,7,1
04-08 15:02:58,17.270,11.764,70.333,0,0,6484560,4646200,400740,4702028,15112.744,7304.577,0,92.108,0,2.002,2623,2350,1.500,1.900,1.870,1,0,10.012,0,0,28,304,1,7,1
04-08 15:02:59,19.746,8.748,69.735,0,0,6422844,4716072,400752,4694688,701.851,0,0,339.928,0,10.998,2583,2451,1.500,1.900,1.870,1,0,1.000,0,0,28,304,1,7,1
04-08 15:03:00,25.042,11.317,59.475,0,0,6422516,4716532,400752,4695440,32750.526,16082.942,0,793.649,0,177.223,4246,6046,1.500,1.900,1.870,10,0,82.832,0,0,28,304,1,7,1
04-08 15:03:01,30.884,18.015,49.928,0,0,6415676,4723360,400752,4694636,42351.703,23893.608,0,11208.686,0,51.473,8009,20101,1.500,1.900,1.870,2,0,8.236,0,0,28,304,1,8,1
04-08 15:03:02,23.773,9.759,66.064,0,0,6433948,4704976,400784,4694720,60043.029,31866.798,0,940.909,0,19.018,3566,3684,1.500,1.900,1.870,1,0,23.022,0,0,28,304,1,8,1
04-08 15:03:03,24.463,6.809,68.092,0,0,6455304,4683568,400812,4694740,30083.331,14786.449,0,286.489,0,17.149,2941,2717,1.450,1.890,1.870,2,0,3.026,0,0,28,304,1,9,1
04-08 15:03:04,15.235,5.744,77.423,0.250,0,6470140,4668700,400836,4694748,36157.964,17691.368,0,331.669,0,19.980,2582,2765,1.450,1.890,1.870,2,0,17.982,0,0,28,305,1,9,1
04-08 15:03:05,23.761,5.753,69.033,0.250,0,6458908,4673988,400876,4700076,15532.345,7635.611,0,1020.483,0,24.011,2897,2809,1.450,1.890,1.870,2,0,2.001,0,0,28,304,1,9,1
04-08 15:03:06,23.994,7.498,67.732,0,0,6468396,4663404,400884,4701036,15619.945,7765.984,0,595.845,0,5.998,3124,2972,1.450,1.890,1.870,3,0,7.998,0,0,28,304,1,9,1
04-08 15:03:07,23.868,13.177,59.174,0,0,6481112,4649392,400932,4702092,14893.838,7417.083,0,469.410,0,26.852,8133,14740,1.450,1.890,1.870,7,0,9.945,0,0,28,304,1,5,1
04-08 15:03:08,34.455,17.102,47.030,0,0,6490992,4638120,400988,4703388,2477.745,1361.100,0,873.196,0,44.263,5583,6878,1.420,1.870,1.860,2,0,13.078,0,0,28,304,1,7,1
04-08 15:03:09,24.245,13.247,59.737,0,0,6501044,4629064,400988,4702392,14912.873,7456.436,0,3.999,0,1.000,6005,9640,1.420,1.870,1.860,3,0,9.998,0,0,28,304,1,7,1
04-08 15:03:10,20.747,12.748,65.990,0,0,6500800,4629316,400988,4702376,15212.719,7456.882,0,179.973,0,3.000,2870,2508,1.420,1.870,1.860,1,0,6.999,0,0,28,304,1,7,1
04-08 15:03:11,21.367,8.199,68.823,0,0,6478528,4659748,401008,4694960,4275.483,278.274,0,3951.492,0,33.790,2756,2570,1.420,1.870,1.860,2,0,0.994,0,0,28,304,1,7,1
04-08 15:03:12,22.096,7.784,69.051,0,0,6488084,4650176,401032,4694960,30645.752,16510.057,0,735.209,0,21.092,2959,2726,1.420,1.870,1.860,2,0,24.105,0,0,28,304,1,7,1
04-08 15:03:13,19.535,11.771,67.872,0,0,6441108,4697148,401032,4694968,60742.270,41162.047,0,96.173,0,3.005,3609,3090,1.470,1.880,1.860,1,0,54.097,0,0,28,304,1,7,1
04-08 15:03:14,22.738,6.569,69.981,0,0,6439704,4698528,401052,4694972,45241.568,22252.436,0,230.407,0,12.127,3590,3705,1.470,1.880,1.860,1,0,42.443,0,0,28,304,1,7,1
04-08 15:03:15,25.035,10.659,60.233,0,0,6417752,4720448,401060,4694996,55718.138,567401.728,0,1602.258,0,291.500,7490,11947,1.470,1.880,1.860,1,0,8.923,0,0,28,304,0,7,1
04-08 15:03:16,21.727,8.741,68.428,0,0,6442492,4695688,401068,4695008,45089.687,22760.118,0,127.866,0,3.996,3101,2856,1.470,1.880,1.860,1,0,17.981,0,0,28,304,0,7,1
04-08 15:03:17,17.254,15.004,66.517,0,0,6462768,4675424,401072,4695016,33620.702,15840.100,0,57846.972,0,264.068,3651,2837,1.470,1.880,1.860,0,0,17.004,0,0,28,305,1,7,1
04-08 15:03:18,21.999,5.750,71.247,0,0,6462120,4670220,401144,4700316,32394.426,16624.192,0,1267.938,0,39.998,2840,2771,1.430,1.860,1.860,1,0,4.000,0,0,28,304,1,7,1
04-08 15:03:19,25.461,8.986,63.903,0,0,6462916,4667992,401144,4701560,16682.681,8709.781,0,315.521,0,2.995,4823,6984,1.430,1.860,1.860,1,0,5.991,0,0,28,304,1,7,1
04-08 15:03:20,21.010,10.505,66.032,0,0,6471744,4658164,401144,4702448,14982.211,7667.690,0,0,0,0,4906,7945,1.430,1.860,1.860,1,0,8.004,0,0,28,304,1,7,1
04-08 15:03:21,23.814,11.411,60.279,0,0,6471548,4658164,401176,4702572,15124.922,7459.763,0,817.617,0,26.791,7528,13608,1.430,1.860,1.860,3,0,6.946,0,0,28,304,1,7,1
04-08 15:03:22,18.285,17.033,63.121,0,0,6460364,4669204,401196,4702688,15391.578,7384.190,0,35852.898,0,110.212,3844,3680,1.430,1.860,1.860,1,0,15.029,0,0,28,304,1,7,1
04-08 15:03:23,19.862,15.588,64.112,0,0,6402192,4735412,401252,4695240,362.043,0,0,1331.512,0,35.199,3094,2910,1.470,1.860,1.860,1,0,7.040,0,0,28,304,1,7,1
04-08 15:03:24,23.526,7.008,68.827,0.250,0,6408252,4729276,401280,4695396,15336.049,7378.203,0,380.423,0,15.017,2912,2774,1.470,1.860,1.860,0,1,8.009,0,0,28,304,1,7,1
04-08 15:03:25,20.987,7.995,69.209,1.499,0,6430972,4703864,401296,4697776,959.427,0,259.845,3.998,5.996,0.999,2675,2792,1.470,1.860,1.860,1,0,0,0,0,28,304,1,7,1
04-08 15:03:26,23.000,5.500,67.250,0.750,0,6433192,4700896,401344,4698352,44800.679,24093.828,379.997,1719.988,8.000,59.000,4532,5296,1.470,1.860,1.860,3,0,0,0,0,28,305,1,8,1
04-08 15:03:27,24.224,7.663,65.257,0,0,6433412,4700396,401552,4698424,29199.425,14653.104,0,3385.441,0,196.759,5535,6561,1.470,1.860,1.860,1,0,1.977,0,0,28,308,1,11,1
04-08 15:03:28,26.551,8.850,63.216,0.253,0,6433380,4700144,401784,4698476,29930.018,15034.294,0,1662.835,0,171.948,5672,7163,1.440,1.850,1.860,3,0,1.011,0,0,28,307,1,11,1
04-08 15:03:29,22.497,9.249,65.242,0.250,0,6395016,4737948,402008,4698812,14914.158,7295.099,127.984,999.877,1.000,120.985,4742,5472,1.440,1.850,1.860,2,0,30.996,0,0,28,306,1,11,1
04-08 15:03:30,12.238,25.724,59.691,0,0,6392680,4740228,402032,4698844,32650.527,30966.203,0,2369.643,0,431.571,5807,4168,1.440,1.850,1.860,1,0,140.860,0,0,28,306,1,11,1
04-08 15:03:31,8.995,25.986,62.466,0,0,6385988,4746888,402044,4698864,60653.330,36782.188,0,175.905,0,15.991,5208,4090,1.440,1.850,1.860,3,0,138.925,0,0,28,306,1,11,1
04-08 15:03:32,10.514,22.529,65.085,0,0,6385048,4747824,402044,4698868,72339.163,484923.220,0,8.010,0,2.003,5338,3971,1.440,1.850,1.860,1,0,98.128,0,0,28,306,1,11,1
04-08 15:03:33,20.965,13.727,62.894,0.250,0,6391848,4740872,402208,4698856,63004.255,163829.033,0,3450.209,0,167.719,4266,3858,1.400,1.830,1.850,2,0,33.943,0,0,28,306,1,15,1
04-08 15:03:34,13.231,7.489,77.390,0,0,6366452,4768036,402252,4697048,110735.815,36124.723,0,738.951,0,29.957,3061,3320,1.400,1.830,1.850,3,0,18.973,0,0,28,306,1,15,1
04-08 15:03:35,13.721,9.730,74.344,0,0,6377992,4756456,402264,4697056,59905.627,31164.777,0,1165.561,0,17.962,3105,3012,1.400,1.830,1.850,1,0,7.983,0,0,28,307,1,13,1
04-08 15:03:36,4.270,2.260,93.181,0,0,6378208,4756232,402272,4697056,50937.777,16984.617,0,88.409,0,4.019,1895,2441,1.400,1.830,1.850,0,0,0,0,0,28,307,1,13,1
04-08 15:03:37,7.997,6.997,84.216,0,0,6369716,4764428,402300,4697256,58997.215,17431.972,0,759.694,0,13.994,2593,2972,1.400,1.830,1.850,0,0,16.993,0,0,28,306,1,13,1
04-08 15:03:38,12.257,13.508,72.542,0.250,0,6373664,4760460,402328,4697252,147085.947,51681.199,0,656.384,0,35.020,3708,3562,1.610,1.870,1.860,0,0,27.016,0,0,28,306,1,14,1
04-08 15:03:39,9.261,21.276,67.833,0,0,6374120,4759944,402376,4697280,110979.511,471489.710,0,280.342,0,26.032,5280,4455,1.610,1.870,1.860,1,0,177.216,0,0,28,306,1,14,1
04-08 15:03:40,12.983,17.477,63.417,2.996,0,6384840,4749108,402404,4697364,44550.584,21925.251,43.942,227.701,5.992,22.970,4484,3611,1.610,1.870,1.860,1,1,137.819,0,0,28,306,1,14,1
04-08 15:03:41,13.997,6.249,65.485,13.247,0,6393480,4738832,402640,4698552,16242.300,8794.997,1443.671,59.986,118.973,5.999,2871,3012,1.610,1.870,1.860,0,1,0,0,0,28,306,1,14,1
04-08 15:03:42,10.516,6.510,69.108,12.770,0,6396748,4734072,402708,4699636,29817.727,14777.157,1157.814,4.006,160.251,1.002,2456,2781,1.610,1.870,1.860,0,1,2.003,0,0,28,306,1,14,1
04-08 15:03:43,4.995,4.245,69.425,19.729,0,6396328,4731636,402968,4701544,14959.753,8123.178,2161.652,431.531,431.531,22.975,2361,3208,1.560,1.860,1.860,1,0,0,0,0,28,306,1,14,1
04-08 15:03:44,7.240,4.993,67.157,18.724,0,6397672,4726120,403368,4705072,15139.948,7285.869,3878.607,87.878,141.803,8.988,2573,3051,1.560,1.860,1.860,0,1,0.999,0,0,28,306,1,14,1
04-08 15:03:45,14.244,6.997,69.471,8.247,0,6395652,4723136,403612,4707020,585.754,0,2155.096,483.797,190.920,18.992,2840,2846,1.560,1.860,1.860,2,0,1.999,0,0,28,306,1,14,1
04-08 15:03:46,24.061,8.020,66.167,0,0,6377984,4740780,403624,4707032,14952.742,7529.004,0,1989.020,0,386.977,4460,4095,1.560,1.860,1.860,1,0,1.003,0,0,28,306,1,15,1
04-08 15:03:47,21.960,7.985,68.873,0,0,6398036,4720672,403648,4707048,29890.997,16176.234,0,191.647,0,21.960,3328,3396,1.560,1.860,1.860,1,0,0,0,0,28,306,1,17,1
04-08 15:03:48,61.998,12.750,24.499,0,0,6251948,4866740,403660,4707060,45195.534,23171.248,0,4211.863,0,162.995,5156,3450,1.680,1.870,1.860,5,0,7.000,0,0,28,292,0,20,1
04-08 15:03:49,75.432,16.289,7.518,0,0,6004344,5114380,403692,4707048,29783.670,14957.994,0,204.492,0,19.046,5379,3533,1.680,1.870,1.860,6,0,7.017,0,0,28,280,0,22,1
04-08 15:03:50,81.719,17.582,0,0,0,6145208,4973512,403700,4707052,30137.013,14911.507,0,63.394,0,5.943,5362,2973,1.680,1.870,1.860,4,0,0.991,0,0,28,282,0,22,1
04-08 15:03:51,86.864,12.337,0.755,0,0,6227420,4890912,403756,4707384,15291.003,7837.357,0,874.174,0,68.484,6674,6521,1.680,1.870,1.860,7,0,4.028,0,0,28,278,1,27,1
04-08 15:03:52,83.974,15.792,0.251,0,0,6245880,4871880,403784,4707928,31533.226,16601.343,0,585.564,0,23.062,5966,4830,1.680,1.870,1.860,6,0,7.019,0,0,28,280,1,27,1
04-08 15:03:53,76.005,15.151,7.700,0,0,6321908,4794908,403824,4708832,44880.759,22308.736,0,369.593,0,29.806,6869,10103,1.780,1.890,1.870,5,0,0,0,0,28,286,1,30,1
04-08 15:03:54,36.739,7.549,55.612,0,0,6373836,4742492,403860,4709284,15193.842,7943.677,0,322.095,0,26.170,3759,4129,1.780,1.890,1.870,5,0,4.026,0,0,28,284,1,35,1
04-08 15:03:55,14.735,5.994,76.922,0,0,6373200,4742252,403876,4710128,29545.947,15364.372,0,227.768,0,14.985,4500,7053,1.780,1.890,1.870,0,0,0,0,0,28,292,1,35,1
04-08 15:03:56,3.248,2.249,94.191,0,0,6369248,4746188,403892,4710128,15487.322,7579.264,0,127.920,0,9.994,1660,2373,1.780,1.890,1.870,0,0,0,0,0,28,292,1,35,1
04-08 15:03:57,3.002,2.002,93.325,0,0,6365060,4750336,403920,4710140,15315.329,7301.878,0,180.145,0,23.019,1817,2549,1.780,1.890,1.870,0,0,2.002,0,0,28,292,1,35,1
04-08 15:03:58,2.742,2.243,93.961,0,0,6361848,4753520,403948,4710140,1189.343,0,0,650.001,0,38.880,1640,2446,1.640,1.860,1.860,0,0,0,0,0,28,292,1,35,1
04-08 15:03:59,4.516,3.513,91.076,0,0,6359548,4755804,403960,4710140,31563.034,597060.199,0,2757.877,0,20.072,2229,2537,1.640,1.860,1.860,1,0,0,0,0,28,292,1,35,1
04-08 15:04:00,3.750,2.500,93.507,0,0,6357320,4758028,403960,4710144,16290.295,7506.597,0,4.000,0,1.000,1743,2357,1.640,1.860,1.860,0,0,4.000,0,0,28,292,1,35,1
04-08 15:04:01,15.745,12.246,70.476,0,0,6371432,4743916,403960,4710144,299.898,147.950,0,8773.026,0,690.766,4335,7176,1.640,1.860,1.860,0,0,35.988,0,0,28,292,1,36,1
04-08 15:04:02,3.485,2.241,93.111,0,0,6355760,4759564,403976,4710152,15151.724,7265.657,0,191.202,0,16.929,1782,2449,1.640,1.860,1.860,0,0,0,0,0,28,292,1,36,1
04-08 15:04:03,6.777,3.514,88.358,0,0,6356004,4759312,403976,4710160,1927.819,1432.811,0,8.033,0,2.008,2200,2662,1.510,1.830,1.850,0,0,2.008,0,0,28,292,1,38,1
04-08 15:04:04,3.499,1.999,93.726,0,0,6355976,4759312,404000,4710164,15211.062,7294.111,0,159.959,0,15.996,1799,2550,1.510,1.830,1.850,1,0,1.000,0,0,28,292,1,35,1
04-08 15:04:05,3.496,1.998,93.150,0.499,0,6355936,4759312,404032,4710172,521.442,0,0,287.692,0,24.973,1936,2819,1.510,1.830,1.850,0,0,0,0,0,28,292,1,35,1
04-08 15:04:06,3.754,3.254,92.357,0,0,6356136,4759072,404032,4710208,7965.223,346.401,0,997.155,0,190.220,2063,2302,1.510,1.830,1.850,1,0,2.002,0,0,28,292,1,35,1
04-08 15:04:07,5.701,4.958,86.762,0,0,6354124,4760956,404140,4710224,14671.135,7234.428,0,2363.881,0,136.835,2934,4108,1.510,1.830,1.850,3,0,1.983,0,0,28,292,1,35,1
04-08 15:04:08,23.953,9.731,63.374,0,0,6374244,4739748,404256,4711192,298.409,0,0,2175.689,0,118.765,5115,6047,1.630,1.850,1.860,4,0,5.988,0,0,28,292,1,35,1
04-08 15:04:09,7.827,4.292,87.611,0,0,6390760,4723228,404256,4711196,181.787,0,0,327.217,0,4.040,2231,2903,1.630,1.850,1.860,2,0,4.040,0,0,28,292,1,35,1
04-08 15:04:10,7.998,3.499,86.478,0,0,6382632,4732128,404256,4710424,15366.111,7522.096,0,95.976,0,4.999,2193,2789,1.630,1.850,1.860,0,0,0,0,0,28,292,1,35,1
04-08 15:04:11,2.754,2.003,95.140,0,0,6365076,4749668,404272,4710424,120.176,222.326,0,392.576,0,19.028,1418,2195,1.630,1.850,1.860,1,0,0,0,0,28,292,1,35,1
04-08 15:04:12,2.750,2.000,94.761,0,0,6362800,4751944,404272,4710424,419.049,0,0,4.000,0,1.000,1546,2288,1.630,1.850,1.860,0,0,2.000,0,0,28,292,1,35,1
04-08 15:04:13,2.499,1.500,94.222,0,0,6362196,4752528,404288,4710428,628.816,0,0,191.944,0,15.995,1563,2331,1.500,1.820,1.850,0,0,0,0,0,28,292,1,35,1
04-08 15:04:14,6.492,3.246,89.641,0,0,6362152,4752524,404328,4710436,16357.047,9027.987,0,199.756,0,23.971,2383,3210,1.500,1.820,1.850,0,0,1.998,0,0,28,292,1,35,1
04-08 15:04:15,3.254,2.503,93.624,0,0,6362108,4752524,404356,4710452,120.159,0,0,1293.709,0,18.024,1869,2800,1.500,1.820,1.850,0,0,2.003,0,0,28,292,1,35,1
04-08 15:04:16,2.749,1.500,94.971,0,0,6362096,4752524,404368,4710452,358.890,147.955,0,123.962,0,7.998,1452,2232,1.500,1.820,1.850,0,0,0,0,0,28,292,1,35,1
04-08 15:04:17,2.501,2.251,94.283,0,0,6362068,4752524,404388,4710460,180.063,0,0,108.038,0,13.005,1634,2523,1.500,1.820,1.850,0,0,0,0,0,28,292,1,35,1
04-08 15:04:18,3.248,2.249,92.955,0.250,0,6362280,4752272,404452,4710436,358.828,0,0,739.646,0,54.974,1954,2804,1.380,1.790,1.840,0,0,1.999,0,0,28,292,1,35,1
04-08 15:04:19,2.749,1.500,94.976,0,0,6362248,4752272,404452,4710468,14852.306,7522.129,0,539.866,0,71.982,1611,2234,1.380,1.790,1.840,0,0,0,0,0,28,292,1,35,1
04-08 15:04:20,2.249,1.749,94.470,0,0,6362248,4752272,404452,4710468,418.869,0,0,0,0,0,1487,2210,1.380,1.790,1.840,0,0,0,0,0,28,292,1,35,1
04-08 15:04:21,2.752,2.001,94.560,0,0,6362248,4752272,404452,4710468,569.361,190.121,0,0,0,0,1558,2304,1.380,1.790,1.840,1,0,2.001,0,0,28,292,1,35,1
04-08 15:04:22,3.752,1.751,93.287,0,0,6362244,4752272,404468,4710456,806.323,0,0,148.059,0,13.005,1951,2840,1.380,1.790,1.840,0,0,1.000,0,0,28,292,1,35,1
04-08 15:04:23,4.499,5.999,88.739,0.250,0,6361344,4753124,404492,4710480,1175.851,0,0,275.965,0,20.997,2134,2794,1.270,1.760,1.830,1,0,5.999,0,0,28,292,1,35,1
04-08 15:04:24,4.993,4.743,88.874,0,0,6363048,4751416,404512,4710464,96286.331,28789.137,0,235.665,0,22.967,2402,2981,1.270,1.760,1.830,1,0,22.967,0,0,28,292,1,35,1
04-08 15:04:25,13.975,24.956,58.396,0,0,6361860,4752560,404532,4710488,45864.233,24165.917,0,231.587,0,19.964,5836,4868,1.270,1.760,1.830,1,0,216.614,0,0,28,292,1,35,1
04-08 15:04:26,16.012,13.760,68.302,0,0,6393464,4720948,404540,4710488,29553.517,14913.363,0,112.085,0,7.005,3452,3083,1.270,1.760,1.830,1,0,75.057,0,0,28,292,1,35,1
04-08 15:04:27,24.231,6.495,68.448,0,0,6416120,4698268,404556,4710496,29389.475,14654.768,0,1946.508,0,367.718,2987,2552,1.270,1.760,1.830,2,0,1.998,0,0,28,292,1,35,1
04-08 15:04:28,23.033,6.009,69.599,0,0,6437756,4676596,404584,4710504,15119.582,7306.429,0,596.852,0,34.049,2807,2718,1.250,1.750,1.820,2,0,0,0,0,28,292,1,35,1
04-08 15:04:29,25.759,3.501,69.274,0,0,6439512,4674832,404584,4710520,15205.206,7298.499,0,0,0,0,2926,2675,1.250,1.750,1.820,1,0,0,0,0,28,295,1,31,1
04-08 15:04:30,26.990,2.499,69.725,0,0,6449340,4665004,404584,4710520,15149.615,7455.350,0,7.997,0,1.999,2663,2344,1.250,1.750,1.820,1,0,1.999,0,0,28,297,1,31,1
04-08 15:04:31,15.461,16.458,66.082,0,0,6390684,4723656,404584,4710524,15285.121,7842.053,0,0,0,0,4153,3244,1.250,1.750,1.820,1,0,119.696,0,0,28,298,1,31,1
04-08 15:04:32,12.273,22.041,63.868,0,0,6391916,4722412,404596,4710524,44228.874,22481.617,0,104.193,0,8.015,4990,3771,1.250,1.750,1.820,1,0,182.338,0,0,28,298,1,31,1
04-08 15:04:33,23.239,7.996,67.969,0,0,6435696,4678620,404604,4710528,29688.453,14977.166,0,71.967,0,4.998,2882,2701,1.220,1.730,1.820,1,0,1.999,0,0,28,298,1,32,1
04-08 15:04:34,25.244,6.249,66.735,0,0,6465628,4648660,404620,4710540,31169.907,505378.998,0,175.960,0,16.996,3392,3206,1.220,1.730,1.820,3,0,2.000,0,0,28,298,1,32,1
04-08 15:04:35,26.224,5.744,66.433,0,0,6457760,4656472,404688,4710528,15233.668,7354.598,0,411.586,0,38.961,3652,3652,1.220,1.730,1.820,0,0,0.999,0,0,28,300,1,33,1
04-08 15:04:36,22.463,19.967,55.908,0,0,6431308,4682748,404688,4710704,129737.067,51867.871,0,11.980,0,1.997,4998,3817,1.220,1.730,1.820,4,0,150.753,0,0,28,300,1,33,1
04-08 15:04:37,9.287,25.100,62.751,0.251,0,6423876,4690020,404836,4710716,61529.250,37343.455,140.563,156.627,5.020,12.048,5399,4408,1.220,1.730,1.820,1,0,185.743,0,0,28,300,1,30,1
04-08 15:04:38,8.755,23.514,65.540,0,0,6414412,4699452,404856,4710728,62995.037,37804.827,0,108.065,0,12.007,5270,4212,1.210,1.720,1.810,2,0,175.106,0,0,28,300,1,30,1
04-08 15:04:39,11.991,25.480,60.453,0,0,6442300,4671556,404856,4710736,45654.834,29257.464,0,143.889,0,7.994,5200,3963,1.210,1.720,1.810,3,0,174.865,0,0,28,300,1,30,1
04-08 15:04:40,7.950,22.607,65.832,0,0,6437996,4675860,404856,4710736,60503.100,38004.854,0,3.975,0,0.994,5039,3955,1.210,1.720,1.810,2,0,164.953,0,0,28,300,1,30,1
04-08 15:04:41,7.786,23.106,67.308,0,0,6429400,4684424,404880,4710744,61180.155,38970.453,0,329.509,0,18.083,5233,3979,1.210,1.720,1.810,1,0,177.814,0,0,28,300,1,29,1
04-08 15:04:42,9.497,23.992,64.228,0,0,6424416,4689400,404880,4710752,69815.409,478930.165,0,7.997,0,1.999,5720,4236,1.210,1.720,1.810,3,0,189.936,0,0,28,300,1,29,1
04-08 15:04:43,7.738,23.213,66.144,0,0,6420204,4693604,404880,4710760,51744.712,112568.809,0,83.865,0,4.992,5218,3982,1.270,1.730,1.810,1,0,193.688,0,0,28,300,1,29,1
04-08 15:04:44,8.021,26.067,63.664,0,0,6413820,4699976,404892,4710760,61182.545,38106.123,0,72.186,0,9.023,5331,4087,1.270,1.730,1.810,2,0,198.511,0,0,28,300,1,29,1
04-08 15:04:45,9.719,28.161,59.812,0,0,6400428,4713280,404960,4710780,60577.454,37709.385,0,2181.139,0,382.796,6161,4645,1.270,1.730,1.810,1,0,205.354,0,0,28,300,1,29,1
04-08 15:04:46,7.749,23.746,65.488,0,0,6398424,4715276,404964,4710784,45794.711,28008.930,0,111.980,0,10.998,5088,3825,1.270,1.730,1.810,1,0,178.968,0,0,28,300,1,29,1
04-08 15:04:47,12.069,24.891,62.354,0,0,6396196,4717472,404976,4710804,62392.503,39722.697,0,213.211,0,10.057,5339,4094,1.270,1.730,1.810,1,0,168.960,0,0,28,300,1,29,1
04-08 15:04:48,13.752,16.503,67.512,0,0,6394652,4719012,404976,4710808,60894.495,35794.169,0,4.001,0,1.000,3939,3375,1.250,1.710,1.810,1,0,89.015,0,0,28,300,1,29,1
04-08 15:04:49,23.466,6.241,69.897,0,0,6436232,4677428,404988,4710800,29488.739,15349.482,0,199.707,0,11.982,2634,2519,1.250,1.710,1.810,5,0,0,0,0,28,300,1,21,1
04-08 15:04:50,24.803,5.261,68.896,0,0,6447676,4665964,404988,4710820,30025.646,15079.965,0,0,0,0,3028,2874,1.250,1.710,1.810,1,0,0,0,0,28,300,1,21,1
04-08 15:04:51,21.541,8.666,68.337,0,0,6425420,4688216,404992,4710820,44980.873,24377.639,0,39.616,0,2.971,2911,2712,1.250,1.710,1.810,4,0,6.933,0,0,28,300,1,21,1
04-08 15:04:52,25.464,7.130,68.243,0,0,6430932,4682688,405004,4710824,58284.355,591175.272,0,110.003,0,14.260,3469,3402,1.250,1.710,1.810,1,0,1.019,0,0,28,300,1,21,1
04-08 15:04:53,24.961,4.943,67.222,0,0,6445484,4668112,405040,4710812,14626.700,7277.762,0,260.979,0,20.760,3266,3256,1.310,1.720,1.810,1,0,0,0,0,28,301,1,15,1
04-08 15:04:54,31.489,9.422,56.531,0.496,0,6447512,4665844,405328,4710764,29526.075,14471.952,0,1321.042,0,193.396,5115,6074,1.310,1.720,1.810,2,0,3.967,0,0,28,301,1,17,1
04-08 15:04:55,22.203,11.101,66.104,0.252,0,6409588,4703452,405500,4710908,38505.915,16405.938,0,3887.529,0,246.251,4190,4236,1.310,1.720,1.810,2,0,22.203,0,0,28,299,1,18,1
04-08 15:04:56,24.490,4.748,69.722,0,0,6448396,4664644,405500,4710908,30040.864,14961.956,0,0,0,0,2618,2326,1.310,1.720,1.810,1,0,0,0,0,28,299,1,18,1
04-08 15:04:57,25.007,5.752,68.519,0,0,6456652,4656340,405532,4710924,29480.382,14728.188,0,256.073,0,17.005,3279,3090,1.310,1.720,1.810,1,0,2.001,0,0,28,299,1,13,1
04-08 15:04:58,23.601,10.434,64.592,0,0,6447568,4665416,405532,4710932,16262.238,8916.655,0,1725.099,0,330.909,3605,2847,1.280,1.710,1.810,2,0,24.843,0,0,28,299,1,13,1
04-08 15:04:59,24.164,5.789,69.473,0,0,6484668,4628316,405532,4710932,59986.331,30799.656,0,0,0,0,2768,2473,1.280,1.710,1.810,1,0,0,0,0,28,299,1,13,1
04-08 15:05:00,27.032,5.558,67.959,0,0,6496504,4616432,405568,4710944,30024.023,14909.442,0,695.248,0,33.348,3205,3000,1.280,1.710,1.810,3,0,4.042,0,0,28,301,1,13,1
04-08 15:05:01,18.551,5.936,72.721,0,0,6474800,4638088,405568,4713132,32046.815,15820.580,0,0,0,0,3028,5954,1.280,1.710,1.810,1,0,38.587,0,0,28,299,1,12,1
04-08 15:05:02,18.775,18.024,57.076,4.506,0,6436048,4673324,405568,4714504,96888.063,29933.874,2663.548,8.011,61.081,2.003,4046,8886,1.280,1.710,1.810,2,0,17.023,0,0,28,299,1,13,1
04-08 15:05:03,12.251,12.751,66.504,6.750,0,6433056,4672980,405604,4717804,69390.550,464724.471,2360.155,376.025,50.003,26.002,3505,3237,1.260,1.700,1.800,1,0,2.000,0,0,28,299,1,15,1
04-08 15:05:04,8.205,9.448,67.877,12.432,0,6424848,4676636,405656,4722288,46237.215,99460.086,3604.217,763.808,66.634,94.481,3216,3402,1.260,1.700,1.800,2,0,3.978,0,0,28,299,1,15,1
04-08 15:05:05,11.563,13.323,67.870,6.033,0,6411884,4685296,405664,4726584,45645.100,23894.400,3857.049,128.702,44.241,13.071,3222,3198,1.260,1.700,1.800,0,1,6.033,0,0,28,299,1,15,1
04-08 15:05:06,4.756,7.008,67.830,19.273,0,6408140,4676240,405664,4739336,44967.972,22400.388,11833.940,4.005,130.153,1.001,2769,2910,1.260,1.700,1.800,0,1,2.002,0,0,28,299,1,13,1
04-08 15:05:07,5.228,6.971,65.974,20.166,0,6381012,4684360,405680,4758248,44899.354,22023.956,16570.747,203.151,188.213,16.929,3411,4120,1.260,1.700,1.800,3,1,2.988,0,0,28,299,1,13,1
04-08 15:05:08,12.094,9.826,65.258,11.086,0,6370776,4683364,405760,4769336,30497.232,14839.433,10163.056,1136.843,111.870,80.627,3854,4258,1.240,1.680,1.800,2,0,5.039,0,0,28,299,1,13,1
04-08 15:05:09,23.626,20.144,54.215,0,0,6369212,4682100,405760,4772132,16399.645,8735.005,0,11.937,0,2.984,3469,2931,1.240,1.680,1.800,2,0,3.979,0,0,28,299,1,13,1
04-08 15:05:10,14.504,14.004,67.768,2.751,0,6368740,4679424,405764,4775256,15621.068,7820.036,1356.353,132.034,13.003,8.002,3050,3001,1.240,1.680,1.800,0,1,2.001,0,0,28,299,1,11,1
04-08 15:05:11,8.737,7.489,62.160,19.971,0,6395764,4637728,405788,4789872,60087.280,30851.474,14966.400,347.498,150.782,18.973,3325,3310,1.240,1.680,1.800,0,1,3.994,0,0,28,299,1,11,1
04-08 15:05:12,3.756,5.509,69.614,19.782,0,6393696,4624136,405804,4805404,45515.340,22394.577,15521.351,140.229,155.254,10.016,2979,3264,1.240,1.680,1.800,0,1,2.003,0,0,28,299,1,11,1
04-08 15:05:13,3.752,4.502,70.284,20.010,0,6388336,4622420,405832,4812436,44979.909,22398.910,6995.407,332.162,71.035,28.014,2596,3513,1.220,1.670,1.790,0,1,2.001,0,0,28,299,1,11,1
04-08 15:05:14,4.486,5.733,67.546,20.687,0,6379976,4622648,405872,4820464,44881.304,22386.316,7808.392,2440.621,77.765,440.668,3447,3328,1.220,1.670,1.790,1,1,4.985,0,0,28,299,1,11,1
04-08 15:05:15,6.008,6.259,66.591,19.777,0,6365952,4623008,405872,4834080,59228.574,484699.381,13386.210,144.196,144.196,14.019,4103,4097,1.220,1.670,1.790,2,0,2.003,0,0,28,299,1,11,1
