"pcp-dstat 6.2.0 CSV Output"
"Author:","PCP team <pcp@groups.io> and Dag Wieers <dag@wieers.com>",,,,"URL:","https://pcp.io/ and http://dag.wieers.com/home-made/dstat/"
"Host:","ubuntu",,,,"User:","stack"
"Cmdline:","dstat -tcmndrylpg --tcp --output /opt/stack/logs/dstat-csv.log",,,,"Date:","04 Aug 2026 07:08:24 UTC"
"system","total usage",,,,,"memory usage",,,,"net/total",,"dsk/total",,"io/total",,"system",,"load avg",,,"procs",,,"paging",,"tcp sockets",,,,
"time","total usage:usr","total usage:sys","total usage:idl","total usage:wai","total usage:stl","used","free","buf","cach","net/total:recv","net/total:send","dsk/total:read","dsk/total:writ","read","writ","int","csw","1m","5m","15m","run","blk","new","in","out","lis","act","syn","tim","clo"
04-08 07:08:24,,1283800,11304392,196048,3354984,,,,,,,1.870,1.400,0.940,2,0,,,,12,4,0,9,2
04-08 07:08:25,42.377,33.952,22.552,0,0,1307072,11280736,196140,3355132,66300.111,34491.760,0,1098.344,0,26.765,5224,2898,1.870,1.400,0.940,2,0,177.440,0,0,12,6,0,9,2
04-08 07:08:26,35.274,28.270,35.775,0,0,1310280,11276984,196268,3355468,124314.890,42947.673,0,1016.702,0,33.023,4940,2582,1.870,1.400,0.940,4,0,157.109,0,0,12,6,0,9,2
04-08 07:08:27,28.749,35.499,33.749,0,0,1323472,11262880,196312,3356292,662128.051,56972.886,0,899.982,0,12.000,5975,3198,1.870,1.400,0.940,5,0,236.995,0,0,12,6,0,9,2
04-08 07:08:28,29.270,30.771,32.272,5.754,0,1331408,11247144,196456,3363820,75087.410,34061.321,7465.111,1272.871,81.055,40.027,5004,2876,1.960,1.420,0.950,1,1,154.106,0,0,12,4,0,9,2
04-08 07:08:29,44.354,25.059,29.319,0.501,0,1320660,11250216,196532,3371156,194486.049,42730.980,8.019,1250.927,2.005,34.080,5065,2529,1.960,1.420,0.950,3,0,136.319,0,0,12,4,0,9,2
04-08 07:08:30,47.176,27.479,23.831,0.243,0,1372552,11188000,196648,3381400,323740.655,41636.652,120.615,1046.631,1.945,27.236,5631,4256,1.960,1.420,0.950,7,0,125.479,0,0,12,4,0,9,2
04-08 07:08:31,58.386,24.177,17.490,0.514,0,1417920,11126652,196912,3395856,53784.806,331967.213,4.115,9061.872,1.029,40.124,5088,2498,1.960,1.420,0.950,5,0,52.470,0,0,12,4,0,9,2
04-08 07:08:32,43.366,36.347,19.302,0.501,0,1407892,11237872,197712,3293876,52858.308,269585.694,40.107,3621.682,1.003,478.279,5720,2998,1.960,1.420,0.950,4,0,145.389,0,0,12,4,0,9,2
04-08 07:08:33,55.642,24.203,18.714,0,0,1439176,11199464,197960,3300688,60717.888,31481.760,0,1193.678,0,23.953,5029,3860,2.040,1.450,0.970,3,0,99.806,0,0,12,4,0,9,2
04-08 07:08:34,51.955,30.370,17.569,0.753,0,1379072,11136776,198244,3419492,46297.316,23909.153,0,10276.468,0,31.123,4898,4135,2.040,1.450,0.970,3,0,71.281,0,0,12,4,0,9,2
04-08 07:08:35,44.192,29.461,25.716,0,0,1496696,11012944,198452,3549336,46523.072,24560.834,67.911,1222.399,0.999,19.974,5946,4134,2.040,1.450,0.970,3,0,142.813,0,0,13,6,0,9,2
04-08 07:08:36,59.077,18.865,20.603,0.248,0,1512104,10976784,199320,3567520,61356.137,36303.333,0,2331.325,0,99.290,4791,2689,2.040,1.450,0.970,3,0,64.538,0,0,13,6,0,9,2
04-08 07:08:37,63.434,13.142,23.756,0,0,1510596,10969812,199936,3574092,47279.906,27103.305,0,1031.120,0,36.392,4186,1924,2.040,1.450,0.970,4,0,26.283,0,0,13,6,0,9,2
04-08 07:08:38,51.390,25.571,21.350,0,0,1501392,10965180,200668,3585620,61775.670,34681.723,0,1747.740,0,55.610,5263,2857,2.120,1.480,0.980,3,0,135.053,0,0,13,8,0,9,2
04-08 07:08:39,58.495,14.437,22.153,3.236,0,1493428,10955720,201240,3601196,61597.600,34042.666,139.393,3887.063,11.948,66.709,4643,2537,2.120,1.480,0.980,2,1,34.848,0,0,13,6,0,11,2
04-08 07:08:40,44.256,9.501,42.756,2.750,0,1490144,10949060,201900,3609000,40776.452,448789.003,1376.184,1700.227,48.006,42.006,3725,2241,2.120,1.480,0.980,2,0,5.001,0,0,13,6,0,11,2
04-08 07:08:41,39.962,10.556,47.251,2.513,0,1432416,11021628,201980,3594264,52046.150,159742.573,2497.250,876.651,121.645,18.096,3439,1957,2.120,1.480,0.980,2,0,5.027,0,0,13,4,0,11,0
04-08 07:08:42,39.918,11.726,46.654,0.499,0,1491296,10961664,202120,3595096,45088.356,21820.166,111.770,3.992,4.990,0.998,3286,1851,2.120,1.480,0.980,3,0,19.959,0,0,13,4,0,11,0
04-08 07:08:43,36.694,7.738,54.667,0.250,0,1512532,10940112,202264,3595252,21435.276,12214.353,15.976,1961.006,0.998,55.915,3016,1993,2.110,1.490,0.980,2,0,17.973,0,0,13,7,0,11,0
04-08 07:08:44,35.232,20.489,37.730,2.749,0,1519080,10918592,206412,3604648,47440.183,25716.547,15.992,50849.399,1.999,1853.031,11579,14770,2.110,1.490,0.980,7,0,17.991,0,0,13,6,0,11,0
04-08 07:08:45,37.583,17.288,36.080,4.761,0,1510504,10917628,211184,3608928,30914.507,16249.008,0,28847.928,0,2136.735,12089,16997,2.110,1.490,0.980,6,0,41.091,0,0,13,6,0,11,0
04-08 07:08:46,39.154,18.338,31.224,5.452,0,1535984,10885160,215656,3611212,30987.317,18608.647,0,31267.839,0,2107.387,14217,22016,2.110,1.490,0.980,6,1,31.720,0,0,13,6,0,11,0
04-08 07:08:47,34.080,16.038,31.073,17.040,0,1433460,10986216,216200,3612044,47697.309,25916.022,4.009,110379.902,1.002,341.805,5109,5316,2.110,1.490,0.980,3,0,31.073,0,0,13,4,0,11,0
04-08 07:08:48,33.435,20.363,45.250,0.503,0,1429744,10988988,216684,3612348,61607.616,33663.116,0,9532.704,0,589.258,4612,3101,2.180,1.510,0.990,2,0,55.306,0,0,13,4,0,11,0
04-08 07:08:49,43.587,13.201,38.357,0.498,0,1470992,10947156,217236,3612348,46263.275,24031.279,0,8289.053,0,342.720,8552,12754,2.180,1.510,0.990,4,0,3.985,0,0,13,4,0,11,0
04-08 07:08:50,38.897,15.660,45.464,0,0,1503448,10914648,217260,3612376,30958.743,16149.708,0,15421.279,0,401.091,4398,3193,2.180,1.510,0.990,2,0,10.103,0,0,13,4,0,11,0
04-08 07:08:51,39.745,11.923,47.694,0,0,1511664,10906332,217264,3612436,31149.854,16190.969,0,186.800,0,3.974,2894,1442,2.180,1.510,0.990,3,0,6.955,0,0,13,4,0,11,0
04-08 07:08:52,40.041,11.762,47.298,0,0,1410712,11016004,217300,3605048,31353.061,17913.318,0,3992.082,0,14.014,3035,1582,2.180,1.510,0.990,2,0,12.012,0,0,13,4,0,11,0
04-08 07:08:53,42.260,11.003,46.261,0,0,1458296,10968396,217300,3605052,58466.400,583146.627,0,8.002,0,2.000,3529,1968,2.170,1.520,1,2,0,29.007,0,0,13,4,0,11,0
04-08 07:08:54,40.993,10.683,47.452,0,0,1497864,10928832,217300,3605048,45350.495,23916.958,0,3.975,0,0.994,3213,1584,2.170,1.520,1,2,0,25.838,0,0,13,4,0,11,0
04-08 07:08:55,25.093,6.022,67.752,0,0,1501456,10925236,217304,3605048,47274.913,26001.754,0,20.075,0,2.007,2300,1351,2.170,1.520,1,1,0,24.090,0,0,13,4,0,11,0
04-08 07:08:56,8.006,21.766,69.302,0,0,1445280,10981352,217332,3605052,46722.279,26096.705,0,516.390,0,10.008,4172,2906,2.170,1.520,1,2,0,131.099,0,0,13,4,0,10,0
04-08 07:08:57,7.050,22.662,69.245,0,0,1423852,11002728,217380,3605056,62106.255,34948.995,0,451.228,0,28.202,4172,2743,2.170,1.520,1,2,0,136.980,0,0,13,4,0,10,0
04-08 07:08:58,8.405,21.755,67.491,0,0,1401156,11025416,217380,3605064,60923.844,32382.819,0,11.867,0,2.967,4209,2538,2.070,1.510,1,1,0,121.632,0,0,13,4,0,10,0
04-08 07:08:59,6.784,23.869,67.838,0,0,1386052,11040508,217380,3605076,47160.999,24756.359,0,12.060,0,3.015,4103,2491,2.070,1.510,1,2,0,125.626,0,0,13,4,0,10,0
04-08 07:09:00,7.260,24.035,67.097,0,0,1382304,11044248,217380,3605084,61169.418,31700.822,0,56.081,0,7.010,4146,2556,2.070,1.510,1,1,0,122.177,0,0,13,4,0,7,0
04-08 07:09:01,15.722,23.708,58.148,0,0,1365376,11061044,217380,3605664,61092.627,32058.656,0,15.972,0,1.996,5143,5460,2.070,1.510,1,2,0,111.804,0,0,13,4,0,7,0
04-08 07:09:02,19.286,22.793,57.609,0,0,1344920,11081480,217388,3605212,59198.756,578475.050,0,168.318,0,4.008,5399,5628,2.070,1.510,1,2,0,68.129,0,0,13,4,0,7,0
04-08 07:09:03,30.374,22.407,42.324,3.734,0,1387084,11037632,217392,3607348,46439.018,24215.371,1720.849,7.967,20.913,1.992,4523,2379,2.390,1.580,1.030,3,0,78.673,0,0,13,4,0,7,0
04-08 07:09:04,46.322,20.532,30.297,2.253,0,1464028,10959408,217392,3608624,60387.247,33802.196,1101.701,1750.703,14.022,342.529,4703,2118,2.390,1.580,1.030,2,0,58.090,0,0,13,5,0,6,0
04-08 07:09:05,46.127,8.523,44.372,0.251,0,1482016,10941280,217412,3608736,29672.640,15185.781,20.055,33283.575,4.011,116.320,3200,1387,2.390,1.580,1.030,2,0,2.006,0,0,13,5,0,6,0
04-08 07:09:06,45.760,5.751,47.510,0.250,0,1508192,10914048,217432,3609736,29944.352,15229.231,492.104,220.047,4.001,2.000,2653,1305,2.390,1.580,1.030,3,0,0,0,0,13,5,0,6,0
04-08 07:09:07,33.999,17.499,48.498,0,0,1516396,10905228,217472,3610296,29650.054,15467.507,0,1079.966,0,6.000,2619,1856,2.390,1.580,1.030,3,0,0,0,0,13,5,0,6,0
04-08 07:09:08,43.203,12.986,42.454,0,0,1536620,10882832,217576,3612128,15499.229,8883.388,0,0,0,0,4610,4955,2.360,1.590,1.030,1,0,43.952,0,0,13,6,0,6,0
04-08 07:09:09,25.647,21.912,50.048,0.498,0,1559560,10859416,217708,3612408,61408.393,32827.634,398.394,0,10.956,0,4321,2585,2.360,1.590,1.030,2,0,96.610,0,0,14,8,0,6,0
04-08 07:09:10,24.477,9.741,62.690,2.248,0,1610132,10808828,217708,3612416,45689.509,25349.870,0,23685.454,0,73.930,2507,1707,2.360,1.590,1.030,3,0,1.998,0,0,14,8,0,6,0
04-08 07:09:11,34.197,19.110,45.764,0.251,0,1678516,10740432,217712,3612424,46183.316,23886.743,4.023,35890.965,1.006,112.650,3879,14114,2.360,1.590,1.030,2,0,37.215,0,0,14,8,0,7,0
04-08 07:09:12,24.001,3.000,72.753,0,0,1686276,10732620,217724,3612428,16291.691,8427.358,0,1600.068,0,7.000,1932,1371,2.360,1.590,1.030,2,0,1.000,0,0,14,8,0,3,0
04-08 07:09:13,24.759,2.251,71.527,0.500,0,1697256,10721292,217756,3612724,31724.122,26122.982,68.026,516.197,9.003,14.005,2057,1585,2.250,1.580,1.030,1,0,3.001,0,0,14,10,0,3,0
04-08 07:09:14,38.353,8.272,52.140,0,0,1717288,10700656,218308,3612768,69283.352,587742.853,0,1612.337,0,214.577,5721,6430,2.250,1.580,1.030,2,0,2.005,0,0,14,20,0,3,0
04-08 07:09:15,15.439,13.447,68.230,0.249,0,1617092,10800472,218684,3612768,45090.532,24569.753,0,4557.960,0,230.089,3417,2930,2.250,1.580,1.030,1,0,41.834,0,0,14,14,0,5,0
04-08 07:09:16,17.752,6.751,72.258,3.000,0,1657716,10759396,218740,3613116,29535.397,14807.703,352.040,1700.196,20.002,27.003,1817,1384,2.250,1.580,1.030,0,1,0,0,0,14,14,0,5,0
04-08 07:09:17,23.416,3.737,71.244,0.747,0,1666980,10749676,218892,3613392,30005.124,14539.726,107.613,2706.270,5.979,102.631,2168,1599,2.250,1.580,1.030,1,0,1.993,0,0,14,14,0,5,0
04-08 07:09:18,21.309,6.017,71.448,0,0,1679796,10736772,218908,3613416,30057.225,14632.516,0,1632.520,0,9.025,2331,1971,2.150,1.570,1.030,3,0,0,0,0,14,14,0,5,0
04-08 07:09:19,13.490,4.497,72.196,9.493,0,1676176,10739624,218960,3613816,15083.768,7290.571,443.670,1514.872,109.918,4.996,2203,2193,2.150,1.570,1.030,1,0,0,0,0,14,21,0,5,0
04-08 07:09:20,22.544,5.511,70.388,0,0,1673404,10742376,218960,3613836,15065.469,7472.617,0,4500.804,0,502.984,4067,3256,2.150,1.570,1.030,1,0,2.004,0,0,14,20,0,5,0
04-08 07:09:21,16.089,12.067,71.397,0,0,1625252,10790524,218960,3613840,542.011,148.827,0,4364.242,0,343.910,3014,1663,2.150,1.570,1.030,2,0,43.240,0,0,14,20,0,5,0
04-08 07:09:22,21.631,4.973,72.105,0,0,1663304,10752468,218960,3613840,45198.166,22617.980,0,0,0,0,1880,1257,2.150,1.570,1.030,1,0,0.995,0,0,14,20,0,5,0
04-08 07:09:23,21.986,5.497,71.955,0,0,1679080,10736688,218960,3613844,30094.002,14582.794,0,0,0,0,2349,2038,2.060,1.560,1.030,1,0,1.999,0,0,14,20,0,5,0
04-08 07:09:24,22.508,5.752,71.025,0,0,1675248,10740564,218984,3613864,29974.706,14943.337,0,128.046,0,11.004,3307,3586,2.060,1.560,1.030,2,0,0,0,0,14,20,0,5,0
04-08 07:09:25,14.506,25.010,58.523,0,0,1600412,10815368,219000,3613880,30784.855,16866.495,0,144.055,0,11.004,4220,2421,2.060,1.560,1.030,4,0,156.060,0,0,14,20,0,5,0
04-08 07:09:26,38.475,13.241,47.469,0,0,1657588,10758176,219016,3613880,44179.480,22993.157,0,311.799,0,9.994,2857,1498,2.060,1.560,1.030,4,0,1.999,0,0,14,20,0,5,0
04-08 07:09:27,43.636,8.228,46.878,0,0,1732292,10683412,219048,3613888,29513.876,15361.857,0,359.062,0,17.953,3496,2512,2.060,1.560,1.030,2,0,0,0,0,14,21,0,5,0
04-08 07:09:28,44.347,8.268,46.101,0,0,1732920,10682656,219064,3614000,15231.308,7474.345,0,68.149,0,6.013,5204,5348,2.050,1.570,1.040,5,0,0,0,0,14,22,0,5,0
04-08 07:09:29,37.921,15.759,42.846,0,0,1691692,10723584,219080,3614284,14932.989,7505.400,0,122.135,0,9.850,5838,5491,2.050,1.570,1.040,2,0,69.932,0,0,14,20,0,7,0
04-08 07:09:30,46.754,41.900,12.519,0,0,1711944,10703248,219136,3614296,53008.303,602142.439,0,273.881,0,28.614,5894,4626,2.050,1.570,1.040,4,0,249.355,0,0,14,20,0,6,0
04-08 07:09:31,62.984,36.991,0.250,0,0,1756652,10658508,219152,3614312,60739.488,32989.575,0,227.942,0,12.997,5334,3574,2.050,1.570,1.040,6,0,265.932,0,0,14,20,0,6,0
04-08 07:09:32,81.083,18.961,0,0,0,1909812,10505316,219168,3614320,44338.424,22597.328,0,155.678,0,7.984,4989,2796,2.050,1.570,1.040,7,0,2.994,0,0,14,21,0,6,0
04-08 07:09:33,84.614,14.726,0,0,0,2019096,10396000,219192,3614308,29603.377,14832.139,0,299.518,0,14.976,5543,3748,2.370,1.640,1.060,6,0,0,0,0,14,22,0,6,0
04-08 07:09:34,86.025,13.292,0.752,0,0,2062052,10352948,219272,3614320,15306.872,7518.004,0,260.833,0,32.102,6342,7924,2.370,1.640,1.060,6,0,0,0,0,14,20,0,6,0
04-08 07:09:35,83.140,14.438,1.245,0,0,2027068,10387852,219336,3614336,15236.071,7264.565,0,342.518,0,27.879,6220,6109,2.370,1.640,1.060,5,0,71.690,0,0,14,22,0,6,0
04-08 07:09:36,64.081,14.769,20.276,0,0,1994544,10420084,219360,3614604,59775.877,31441.911,0,268.341,0,15.019,7292,8574,2.370,1.640,1.060,4,0,80.102,0,0,14,22,0,6,0
04-08 07:09:37,38.977,20.738,38.478,0,0,1875624,10538952,219408,3614624,46112.249,24939.532,0,359.791,0,22.987,5520,4353,2.370,1.640,1.060,2,0,109.936,0,0,14,20,0,6,0
04-08 07:09:38,21.455,15.468,62.370,0,0,1775556,10639004,219424,3614624,48389.996,23718.492,0,175.633,0,8.981,2920,1847,2.340,1.650,1.070,3,0,51.892,0,0,14,20,0,6,0
04-08 07:09:39,23.013,4.503,72.041,0,0,1767876,10646664,219440,3614628,40814.179,22584.826,0,172.098,0,7.004,2129,1608,2.340,1.650,1.070,1,0,0,0,0,14,21,0,6,0
04-08 07:09:40,22.814,4.763,71.701,0,0,1759600,10654896,219480,3614632,19075.593,9506.709,0,485.364,0,24.068,2829,2785,2.340,1.650,1.070,1,0,0,0,0,14,21,0,6,0
04-08 07:09:41,19.921,7.968,69.971,0,0,1673240,10741196,219536,3614636,26065.147,12990.242,0,2717.174,0,377.496,3812,2929,2.340,1.650,1.070,1,0,32.869,0,0,14,20,0,4,0
04-08 07:09:42,16.260,11.757,70.792,0,0,1679312,10735108,219552,3614636,25051.838,431039.293,0,128.076,0,9.005,2662,1906,2.340,1.650,1.070,1,0,38.023,0,0,14,20,0,4,0
04-08 07:09:43,22.083,5.019,72.774,0,0,1678640,10735764,219568,3614636,38305.252,145250.995,0,112.423,0,7.026,1856,1212,2.230,1.640,1.070,1,0,1.004,0,0,14,20,0,4,0
04-08 07:09:44,22.507,4.251,72.523,0,0,1705508,10708852,219608,3614640,29661.546,14596.698,0,584.188,0,20.006,1859,1198,2.230,1.640,1.070,1,0,2.001,0,0,14,21,0,4,0
04-08 07:09:45,22.415,4.483,71.976,0,0,1702348,10712008,219608,3614644,14977.894,7268.288,0,3.985,0,0.996,2805,2728,2.230,1.640,1.070,1,0,0,0,0,14,21,0,4,0
04-08 07:09:46,25.133,2.737,69.926,0,0,1697816,10716444,219680,3614664,29395.686,14737.659,0,211.021,0,28.866,3007,3019,2.230,1.640,1.070,1,0,0,0,0,14,20,0,4,0
04-08 07:09:47,6.067,26.036,67.492,0,0,1636632,10777608,219696,3614668,801.810,0,0,424.666,0,9.100,4454,2482,2.230,1.640,1.070,1,0,173.911,0,0,14,20,0,4,0
04-08 07:09:48,5.950,26.030,64.952,0,0,1619524,10794704,219712,3614664,60344.936,34445.422,0,206.260,0,9.916,4804,2603,2.050,1.610,1.060,1,0,175.519,0,0,14,20,0,4,0
04-08 07:09:49,6.265,26.812,65.402,0,0,1613656,10800484,219800,3614660,60605.492,33186.932,0,942.184,0,50.116,4905,3087,2.050,1.610,1.060,2,0,196.455,0,0,14,20,0,4,0
04-08 07:09:50,25.143,45.005,29.417,0,0,1625100,10789004,219824,3614672,46452.686,24489.010,0,193.096,0,16.091,5326,3099,2.050,1.610,1.060,6,0,266.513,0,0,14,20,0,4,0
04-08 07:09:51,62.591,36.407,0.499,0,0,1743184,10670900,219824,3614692,61342.770,33209.421,0,15.959,0,3.990,5000,2975,2.050,1.610,1.060,5,0,231.411,0,0,14,20,0,4,0
04-08 07:09:52,82.631,17.277,0.501,0,0,1887232,10526808,219824,3614704,44918.447,23359.155,0,220.350,0,2.003,5257,3014,2.050,1.610,1.060,6,0,1.002,0,0,14,21,0,4,0
04-08 07:09:53,83.027,15.458,0.997,0,0,1992268,10421736,219824,3614720,29814.829,15205.114,0,3.989,0,0.997,6144,5930,2.290,1.670,1.080,6,0,1.995,0,0,14,22,0,4,0
04-08 07:09:54,75.720,13.072,8.879,0.247,0,1993556,10420236,219856,3614896,15074.854,7422.985,0,165.744,0,12.825,6423,8899,2.290,1.670,1.080,4,0,0,0,0,14,24,0,5,0
04-08 07:09:55,65.575,16.269,17.020,0,0,1953492,10460188,219920,3614944,15608.956,7502.631,0,228.263,0,26.030,7591,8843,2.290,1.670,1.080,6,0,30.035,0,0,14,22,0,5,0
04-08 07:09:56,70.525,28.817,1.264,0,0,1790964,10622520,219968,3615088,15946.179,7757.218,0,2066.704,0,319.510,7473,7963,2.290,1.670,1.080,8,0,221.433,0,0,14,21,0,6,0
04-08 07:09:57,75.669,23.803,0.251,0,0,1871564,10541732,220016,3615224,55043.671,590159.233,0,529.179,0,59.132,5882,4391,2.290,1.670,1.080,6,0,62.138,0,0,14,21,0,6,0
04-08 07:09:58,80.362,19.026,0.751,0,0,1978336,10434924,220032,3615256,29725.297,14810.576,0,176.245,0,8.011,5452,3829,2.580,1.740,1.110,6,0,2.003,0,0,14,21,0,6,0
04-08 07:09:59,82.701,14.448,1.993,0,0,2041788,10371432,220048,3615280,29755.598,14736.808,0,143.482,0,8.968,6637,7249,2.580,1.740,1.110,4,0,1.993,0,0,14,25,0,7,0
04-08 07:10:00,79.875,16.474,3.994,0,0,2033304,10379748,220068,3615428,15056.358,7875.633,0,159.749,0,9.984,6904,8898,2.580,1.740,1.110,9,0,19.969,0,0,14,22,0,8,0
04-08 07:10:01,65.680,19.979,12.986,0,0,1987500,10425404,220084,3615496,30510.306,15713.162,0,175.812,0,10.988,7501,9277,2.580,1.740,1.110,3,0,81.912,0,0,14,24,0,8,0
04-08 07:10:02,65.419,13.681,18.158,0,0,1964188,10448500,220132,3615664,60076.211,31647.965,0,322.370,0,22.884,6914,7806,2.580,1.740,1.110,5,0,70.643,0,0,14,22,0,8,0
04-08 07:10:03,60.592,25.393,14.079,0,0,1684056,10728552,220180,3615688,45956.381,23088.312,0,265.498,0,23.131,5604,5810,2.700,1.780,1.130,4,0,130.738,0,0,14,20,0,8,0
04-08 07:10:04,42.542,12.763,44.544,0,0,1713984,10698604,220196,3615692,45268.175,22800.754,0,168.168,0,7.007,3464,2267,2.700,1.780,1.130,4,0,3.003,0,0,14,20,0,8,0
04-08 07:10:05,43.514,8.951,45.255,0,0,1746432,10666108,220236,3615652,29805.360,15157.797,0,183.008,0,15.914,4244,3920,2.700,1.780,1.130,2,0,4.973,0,0,14,21,0,8,0
04-08 07:10:06,40.055,15.271,43.560,0.250,0,1706604,10705712,220324,3615768,29844.978,14760.266,0,404.555,0,39.054,5355,4910,2.700,1.780,1.130,3,0,51.070,0,0,14,21,0,8,0
04-08 07:10:07,35.820,41.582,20.540,0,0,1709080,10703196,220340,3615792,46132.633,25710.511,0,256.504,0,14.028,6341,5743,2.700,1.780,1.130,4,0,256.504,0,0,14,20,0,8,0
04-08 07:10:08,65.944,22.065,11.785,0,0,1768332,10643936,220356,3615784,45309.483,23932.506,0,216.638,0,10.030,4390,2061,2.800,1.810,1.140,3,0,73.216,0,0,14,20,0,8,0
04-08 07:10:09,64.274,13.005,22.508,0,0,1837400,10574780,220404,3615824,55107.585,574922.753,0,272.102,0,22.008,4877,3763,2.800,1.810,1.140,3,0,0,0,0,14,23,0,8,0
04-08 07:10:10,57.212,9.950,31.094,0,0,1838924,10573016,220492,3615972,15084.187,7552.044,0,780.079,0,44.775,6229,6469,2.800,1.810,1.140,2,0,0.995,0,0,14,27,0,9,0
04-08 07:10:11,59.467,17.815,21.077,0,0,1816868,10594968,220548,3618432,30620.815,16159.006,0,349.275,0,29.106,7226,13337,2.800,1.810,1.140,6,0,87.319,0,0,14,26,0,10,0
04-08 07:10:12,61.508,36.654,1.757,0,0,1727768,10683984,220600,3616040,52159.078,28383.215,0,3554.931,0,458.928,6279,11036,2.800,1.810,1.140,4,0,210.886,0,0,14,24,0,11,0
04-08 07:10:13,84.002,16.048,0,0,0,1853676,10558072,220616,3616028,37758.432,18896.769,0,188.566,0,8.024,4818,1682,2.900,1.850,1.160,4,0,0,0,0,14,24,0,11,0
04-08 07:10:14,79.842,12.437,6.716,0,0,1901964,10509688,220684,3616052,29499.440,12912.099,0,851.653,0,45.766,5752,4375,2.900,1.850,1.160,5,0,1.990,0,0,14,24,0,11,0
04-08 07:10:15,61.591,7.979,29.673,0,0,1902040,10509436,220684,3616228,15034.213,9084.563,0,486.744,0,0.997,6899,7909,2.900,1.850,1.160,3,0,0,0,0,14,28,0,11,0
04-08 07:10:16,58.608,13.717,25.189,0,0,1863380,10548020,220724,3616260,14792.266,7426.061,0,239.422,0,21.947,6905,7423,2.900,1.850,1.160,5,0,39.904,0,0,14,27,0,12,0
04-08 07:10:17,62.756,29.992,7.309,0,0,1797164,10614204,220756,3616256,15667.371,9460.306,0,342.765,0,28.228,6515,7671,2.900,1.850,1.160,5,0,166.342,0,0,14,24,0,12,0
04-08 07:10:18,62.713,24.735,12.243,0,0,1754624,10656568,220876,3616304,59888.653,31999.114,0,2346.615,0,116.931,4951,3197,3.070,1.900,1.180,3,0,120.929,0,0,14,24,0,10,0
04-08 07:10:19,63.913,10.942,23.625,0,0,1828664,10582520,220876,3616312,36466.581,16753.598,0,0,0,0,4773,3201,3.070,1.900,1.180,5,0,0,0,0,14,25,0,10,0
04-08 07:10:20,59.048,9.966,28.652,0,0,1828888,10582268,220876,3616340,23322.204,12754.362,0,7.973,0,0.997,6654,6908,3.070,1.900,1.180,2,0,1.993,0,0,14,27,0,10,0
04-08 07:10:21,56.756,11.751,28.753,0,0,1812256,10598828,220916,3616368,30577.171,15507.608,0,460.048,0,42.004,7528,7965,3.070,1.900,1.180,4,0,28.003,0,0,14,25,0,10,0
04-08 07:10:22,48.956,40.628,10.599,0,0,1779732,10631320,220924,3616388,46651.079,24316.258,0,209.954,0,12.113,5805,4739,3.070,1.900,1.180,4,0,224.085,0,0,14,24,0,10,0
04-08 07:10:23,64.423,21.057,15.040,0,0,1754288,10656744,220936,3616396,72629.957,595680.959,0,196.528,0,9.024,4721,2330,3.140,1.940,1.190,3,0,52.140,0,0,14,24,0,10,0
04-08 07:10:24,62.093,11.132,24.491,0,0,1826072,10584936,220940,3616416,29494.711,15086.267,0,209.779,0,14.843,4998,3806,3.140,1.940,1.190,3,0,0,0,0,14,25,0,10,0
04-08 07:10:25,56.915,10.190,31.564,0,0,1826528,10584432,220964,3616436,29553.289,14637.960,0,532.868,0,26.842,6543,6601,3.140,1.940,1.190,4,0,0,0,0,14,27,0,10,0
04-08 07:10:26,53.676,15.728,27.712,0,0,1787444,10623388,220988,3616540,30457.769,16117.652,0,279.612,0,23.967,7315,7615,3.140,1.940,1.190,3,0,53.925,0,0,14,25,0,12,0
04-08 07:10:27,50.672,44.561,5.602,0,0,1683232,10727456,221000,3616672,47072.836,25386.086,0,195.560,0,11.204,5411,3900,3.140,1.940,1.190,4,0,232.227,0,0,14,24,0,12,0
04-08 07:10:28,62.191,13.433,23.384,0,0,1809948,10600708,221012,3616684,59253.592,31326.352,0,210.952,0,10.946,3852,1609,3.130,1.960,1.200,4,0,6.965,0,0,14,24,0,12,0
04-08 07:10:29,63.103,10.974,24.942,0,0,1844140,10566488,221020,3616704,29853.514,14821.502,0,107.749,0,5.986,4888,3656,3.130,1.960,1.200,3,0,1.995,0,0,14,24,0,12,0
04-08 07:10:30,55.485,10.247,32.241,0,0,1843976,10566488,221028,3616860,15426.840,7653.936,0,119.968,0,8.998,6316,6929,3.130,1.960,1.200,2,0,0,0,0,14,27,0,11,0
04-08 07:10:31,56.186,8.277,33.862,0,0,1786804,10623608,221064,3616872,15418.011,7468.710,0,341.129,0,33.110,6520,6589,3.130,1.960,1.200,3,0,8.027,0,0,14,24,0,12,0
04-08 07:10:32,46.697,29.558,22.107,0,0,1729124,10681260,221080,3616884,44630.537,23767.847,0,151.021,0,7.948,4636,2586,3.130,1.960,1.200,4,0,106.310,0,0,14,24,0,12,0
04-08 07:10:33,64.299,13.112,23.450,0,0,1809448,10600912,221092,3616900,30241.312,14881.110,0,3594.705,0,459.929,4630,2001,3.120,1.970,1.210,3,0,0,0,0,14,25,0,12,0
04-08 07:10:34,63.944,11.897,23.050,0,0,1846708,10563616,221128,3616900,29487.769,14787.506,0,618.625,0,36.681,5184,4294,3.120,1.970,1.210,5,0,0,0,0,14,25,0,12,0
04-08 07:10:35,47.441,7.203,41.480,0,0,1846852,10563392,221148,3616956,15812.940,7248.757,0,151.016,0,16.890,7059,8404,3.120,1.970,1.210,6,0,1.987,0,0,14,26,0,13,0
04-08 07:10:36,56.503,20.592,22.601,0,0,1702412,10707780,221172,3616984,15469.312,7706.530,0,257.152,0,26.117,6268,5101,3.120,1.970,1.210,4,0,106.477,0,0,14,24,0,13,0
04-08 07:10:37,49.773,44.720,5.811,0,0,1727220,10682840,221184,3617104,31471.955,17524.283,0,206.168,0,16.170,5070,3095,3.120,1.970,1.210,6,0,283.986,0,0,14,24,0,13,0
04-08 07:10:38,69.008,31.254,0,0,0,1823476,10586540,221192,3617136,74470.456,593985.445,0,180.020,0,14.002,5590,3540,3.270,2.030,1.230,7,0,194.022,0,0,14,24,0,13,0
04-08 07:10:39,72.933,26.476,0.250,0,0,1932648,10477328,221208,3617144,49205.884,27662.637,0,359.670,0,14.986,6014,4962,3.270,2.030,1.230,7,0,167.846,0,0,14,24,0,13,0
04-08 07:10:40,74.791,24.182,0.249,0,0,2007796,10402164,221208,3617160,57323.517,33883.141,0,0,0,0,6361,6395,3.270,2.030,1.230,6,0,146.590,0,0,14,27,0,13,0
04-08 07:10:41,74.260,23.175,1.744,0,0,2054320,10355556,221216,3617228,61662.041,35499.457,0,75.756,0,3.987,6429,9129,3.270,2.030,1.230,10,0,121.608,0,0,14,26,0,13,0
04-08 07:10:42,67.325,30.534,2.002,0,0,1939932,10469904,221232,3617252,45700.952,25696.649,0,164.183,0,14.016,7493,8128,3.270,2.030,1.230,7,0,239.267,0,0,14,27,0,13,0
04-08 07:10:43,68.566,29.529,1.251,0,0,1973156,10436480,221276,3617404,61006.073,34785.684,0,304.295,0,29.028,6919,9672,3.570,2.110,1.270,8,0,145.141,0,0,14,26,0,13,0
04-08 07:10:44,70.880,28.302,1.002,0.250,0,1892144,10517420,221300,3617448,46955.917,25560.770,0,284.521,0,20.037,6541,7002,3.570,2.110,1.270,6,0,177.324,0,0,14,25,0,14,0
04-08 07:10:45,67.759,32.004,0,0,0,1851300,10558212,221336,3617464,61329.001,35950.690,0,308.040,0,20.003,5631,4190,3.570,2.110,1.270,9,0,234.031,0,0,14,24,0,14,0
04-08 07:10:46,79.664,19.229,0.499,0,0,1914392,10495084,221344,3617488,55154.161,561506.795,0,671.272,0,7.991,5875,4261,3.570,2.110,1.270,6,0,49.946,0,0,14,26,0,14,0
04-08 07:10:47,85.767,13.463,1.247,0,0,1972696,10436620,221352,3617636,44119.269,22157.868,0,123.664,0,6.981,6578,7218,3.570,2.110,1.270,6,0,1.995,0,0,14,25,0,14,0
04-08 07:10:48,65.671,21.305,11.781,0,0,1929616,10479636,221360,3617692,15107.353,7315.055,0,152.397,0,12.031,6746,7571,3.680,2.160,1.290,5,0,78.204,0,0,14,26,0,14,0
04-08 07:10:49,76.797,15.958,6.732,0,0,1798788,10610416,221372,3617728,60355.362,32402.297,0,159.578,0,7.979,7042,8255,3.680,2.160,1.290,8,0,64.829,0,0,14,25,0,15,0
04-08 07:10:50,44.104,33.639,20.183,0,0,1788556,10620604,221372,3617768,60407.856,33245.849,0,7.974,0,1.993,7359,8531,3.680,2.160,1.290,4,0,213.293,0,0,14,26,0,15,0
04-08 07:10:51,32.636,20.837,45.439,0,0,1639380,10769652,221372,3617896,45752.053,24102.120,0,4.017,0,1.004,4741,3240,3.680,2.160,1.290,1,0,127.530,0,0,14,24,0,15,0
04-08 07:10:52,5.239,25.944,66.356,0,0,1630048,10778988,221372,3617892,60722.597,33445.624,0,3.991,0,0.998,4549,2623,3.680,2.160,1.290,1,0,175.620,0,0,14,24,0,15,0
04-08 07:10:53,8.777,33.353,56.424,0,0,1616660,10792336,221396,3617904,61187.269,31583.179,0,425.309,0,28.086,5090,3342,3.470,2.140,1.280,2,0,222.685,0,0,14,24,0,15,0
04-08 07:10:54,27.081,44.472,26.584,0,0,1650684,10758280,221424,3617908,45360.133,23496.955,0,4058.601,0,465.089,5860,3033,3.470,2.140,1.280,4,0,222.607,0,0,14,24,0,15,0
04-08 07:10:55,52.151,41.570,7.054,0,0,1716344,10692584,221428,3617940,71059.360,467323.149,0,116.899,0,9.070,5756,3887,3.470,2.140,1.280,5,0,284.185,0,0,14,25,0,14,0
04-08 07:10:56,62.716,36.124,0.502,0,0,1794456,10614464,221428,3617948,55081.616,151914.961,0,12.041,0,3.010,5874,5201,3.470,2.140,1.280,7,0,273.943,0,0,14,25,0,14,0
04-08 07:10:57,74.245,24.748,1.250,0,0,1874252,10534620,221452,3617972,54243.096,29467.879,0,227.984,0,18.999,5543,4997,3.470,2.140,1.280,5,0,123.991,0,0,14,25,0,14,0
04-08 07:10:58,76.195,21.235,1.749,0,0,1922616,10486212,221476,3617984,45145.443,22345.885,0,259.813,0,19.986,6414,6079,3.670,2.200,1.310,5,0,58.957,0,0,14,24,0,14,0
04-08 07:10:59,78.984,18.996,1.750,0,0,1917788,10491012,221492,3617992,29676.941,14786.981,0,115.976,0,7.998,6299,5815,3.670,2.200,1.310,4,0,68.986,0,0,14,25,0,13,0
04-08 07:11:00,76.716,20.293,1.732,0,0,1893464,10515032,221604,3618184,15196.683,7418.183,0,514.739,0,48.504,7285,9057,3.670,2.200,1.310,4,0,66.322,0,0,14,26,0,13,0
04-08 07:11:01,78.076,22.235,0,0,0,1875528,10532920,221612,3618224,16254.909,7656.979,0,185.967,0,8.086,5305,3417,3.670,2.200,1.310,6,0,133.411,0,0,14,24,0,13,0
04-08 07:11:02,79.189,19.115,1.241,0,0,1931000,10477404,221624,3618252,14962.054,7602.169,0,158.875,0,5.958,6265,7194,3.670,2.200,1.310,5,0,4.965,0,0,14,27,0,15,0
04-08 07:11:03,82.710,15.197,1.495,0,0,1989644,10418688,221632,3618308,15253.434,7533.544,0,302.936,0,34.878,6123,9146,3.940,2.280,1.340,4,0,0,0,0,14,27,0,13,0
04-08 07:11:04,53.791,8.006,36.778,0,0,1997868,10410384,221636,3618380,15361.714,7301.568,0,140.107,0,8.006,6485,8029,3.940,2.280,1.340,5,0,0,0,0,14,28,0,13,0
04-08 07:11:05,70.618,13.628,13.628,0,0,1998520,10409644,221664,3618420,1035.735,0,0,225.979,0,20.814,6681,8729,3.940,2.280,1.340,4,0,7.929,0,0,14,27,0,15,0
04-08 07:11:06,60.231,16.519,22.872,0,0,1949636,10458452,221676,3618484,15227.955,8061.261,0,170.781,0,9.149,7480,7856,3.940,2.280,1.340,5,0,30.497,0,0,14,28,0,14,0
04-08 07:11:07,74.359,14.223,9.981,0,0,1931716,10476180,221736,3618596,15319.860,7479.773,3.992,335.362,0.998,31.939,6597,8342,3.940,2.280,1.340,5,0,37.928,0,0,14,26,0,16,0
04-08 07:11:08,76.275,20.507,2.251,0,0,1887320,10520508,221760,3618636,926.299,0,0,252.081,0,20.006,7009,9321,4.020,2.330,1.360,6,0,61.020,0,0,14,26,0,16,0
04-08 07:11:09,80.179,18.426,1.245,0,0,1875332,10532340,221788,3618764,449.203,0,0,338.645,0,15.936,6839,8228,4.020,2.330,1.360,5,0,29.880,0,0,14,26,0,16,0
04-08 07:11:10,83.921,15.877,0.756,0,0,1955464,10451952,221832,3618964,15205.516,7354.776,0,354.836,0,38.306,6919,7749,4.020,2.330,1.360,7,0,30.242,0,0,14,25,0,16,0
04-08 07:11:11,78.941,15.692,2.173,0,0,2011348,10396048,221832,3619004,377.566,142.915,0,220.167,0,9.656,6033,6523,4.020,2.330,1.360,5,0,1.931,0,0,14,26,0,17,0
04-08 07:11:12,84.495,15.762,2.584,0,0,2042896,10364324,221840,3621564,15849.998,7541.023,0,157.105,0,9.302,6208,10620,4.020,2.330,1.360,10,0,36.175,0,0,14,28,0,18,0
04-08 07:11:13,66.441,23.066,9.778,0,0,1970944,10436208,221848,3619228,950.729,0,0,120.345,0,7.020,7298,15742,4.420,2.440,1.400,4,0,73.210,0,0,14,28,0,22,0
04-08 07:11:14,64.261,10.547,21.829,0,0,1998320,10408796,221852,3619260,810.381,0,0,113.807,0,6.868,7628,7992,4.420,2.440,1.400,4,0,1.962,0,0,14,28,0,22,0
04-08 07:11:15,54.940,10.035,32.613,0,0,2014224,10392696,221872,3619432,332.151,0,0,4909.005,0,495.717,7316,7756,4.420,2.440,1.400,6,0,0,0,0,14,28,0,21,0
04-08 07:11:16,66.022,15.815,17.572,0,0,1950940,10455948,221884,3619452,15070.088,7583.243,0,160.662,0,11.046,7183,7732,4.420,2.440,1.400,7,0,30.124,0,0,14,25,0,22,2
04-08 07:11:17,76.911,11.736,9.489,0,0,1993220,10413612,221892,3619496,390.549,0,0,966.884,0,10.987,6704,9039,4.420,2.440,1.400,4,0,1.998,0,0,14,28,0,23,0
04-08 07:11:18,62.965,13.045,21.574,0,0,2007148,10399500,221904,3619664,453.551,0,0,152.522,0,9.031,7049,7142,4.310,2.450,1.410,7,0,29.100,0,0,14,28,0,23,0
04-08 07:11:19,69.817,26.119,4.018,0,0,1960976,10445624,221912,3619700,15228.183,7654.776,0,124.566,0,7.032,6277,7317,4.310,2.450,1.410,7,0,120.548,0,0,14,25,0,22,0
04-08 07:11:20,74.628,24.130,1.244,0,0,1938704,10467828,221932,3619744,674.633,0,0,202.987,0,15.921,6763,9373,4.310,2.450,1.410,5,0,72.637,0,0,14,26,0,22,0
04-08 07:11:21,82.585,14.265,2.753,0,0,1979848,10426528,221940,3619892,1046.074,148.152,0,208.214,0,18.018,6775,8033,4.310,2.450,1.410,6,0,0,0,0,14,26,0,22,0
04-08 07:11:22,80.490,14.794,4.263,0,0,2011004,10395308,221956,3619936,513.532,0,0,136.407,0,10.030,6108,6646,4.310,2.450,1.410,7,0,31.093,0,0,14,26,0,22,0
04-08 07:11:23,78.368,19.717,1.497,0,0,1954100,10452188,221968,3619948,601.987,0,0,115.805,0,7.987,6775,8522,4.360,2.490,1.430,4,0,72.877,0,0,14,27,0,22,0
04-08 07:11:24,77.627,18.729,1.971,0,0,1970780,10435324,221976,3620124,14853.148,7706.524,0,138.004,0,8.872,6891,7592,4.360,2.490,1.430,5,0,33.515,0,0,14,26,0,22,0
04-08 07:11:25,78.200,21.211,2.300,0,0,1960860,10445216,221984,3620140,753.373,0,0,139.021,0,7.156,5741,5822,4.360,2.490,1.430,5,0,34.755,0,0,14,25,0,22,0
04-08 07:11:26,87.365,11.732,0.749,0,0,1989916,10416104,222128,3620052,331.489,147.772,0,2192.619,0,139.784,6307,6869,4.360,2.490,1.430,6,0,1.997,0,0,14,25,0,22,0
04-08 07:11:27,80.078,17.961,1.247,0,0,1995908,10409936,222128,3620224,390.160,0,0,0,0,0,5937,7005,4.360,2.490,1.430,4,0,29.936,0,0,14,27,0,22,0
04-08 07:11:28,82.893,11.600,1.692,0,0,2008052,10397588,222160,3620392,409.873,0,0,204.936,0,24.167,6300,8585,4.420,2.530,1.450,6,0,0,0,0,14,26,0,21,0
04-08 07:11:29,75.611,24.946,1.800,0,0,1898460,10507124,222176,3620428,652.207,0,0,222.203,0,14.402,6321,8405,4.420,2.530,1.450,7,0,123.446,0,0,14,26,0,21,0
04-08 07:11:30,77.406,20.675,2.269,0,0,1863152,10542392,222204,3620440,15420.695,7588.313,0,246.086,0,21.180,5696,6609,4.420,2.530,1.450,6,0,61.521,0,0,14,25,0,21,0
04-08 07:11:31,79.160,18.978,1.498,0,0,1891936,10513576,222212,3620464,390.555,147.832,0,107.877,0,6.992,6015,6415,4.420,2.530,1.450,5,0,29.966,0,0,14,25,0,21,0
04-08 07:11:32,82.007,15.251,2.000,0,0,1965040,10440272,222220,3620652,272.025,0,0,140.013,0,8.001,6708,7429,4.420,2.530,1.450,4,0,1.000,0,0,14,27,0,21,0
04-08 07:11:33,83.777,14.004,2.251,0,0,1992692,10412564,222228,3620692,603.194,0,0,112.036,0,7.002,6809,8680,4.700,2.620,1.480,6,0,2.001,0,0,14,25,0,21,0
04-08 07:11:34,73.365,22.803,2.479,0,0,1902080,10502988,222244,3620868,731.671,0,0,249.839,0,32.717,6506,9148,4.700,2.620,1.480,5,0,130.868,0,0,14,26,0,23,0
04-08 07:11:35,76.110,23.769,1.517,0,0,1783564,10621476,222244,3620892,395.468,0,0,5162.329,0,485.486,6871,6513,4.700,2.620,1.480,5,0,81.926,0,0,14,25,0,23,0
04-08 07:11:36,80.339,17.605,0.744,0,0,1905756,10499268,222244,3620908,14982.646,7704.567,0,7.935,0,1.984,6418,5843,4.700,2.620,1.480,5,0,2.976,0,0,14,26,0,22,0
04-08 07:11:37,84.458,13.614,2.017,0,0,1964880,10440088,222244,3620964,515.319,0,0,12.101,0,1.008,6213,6919,4.700,2.620,1.480,5,0,0,0,0,14,25,0,22,0
04-08 07:11:38,77.752,17.140,4.223,0,0,1960952,10443776,222296,3621148,979.727,0,0,969.791,0,37.758,7093,9098,4.730,2.660,1.500,6,0,50.676,0,0,14,26,0,22,0
04-08 07:11:39,71.492,26.590,2.258,0,0,1855156,10549496,222332,3621184,452.532,0,0,301.019,0,27.092,5734,5842,4.730,2.660,1.500,6,0,126.428,0,0,14,25,0,22,0
04-08 07:11:40,74.381,22.365,2.513,0,0,1889232,10515392,222360,3621184,333.711,0,0,245.258,0,16.082,6252,6182,4.730,2.660,1.500,4,0,69.356,0,0,14,24,0,22,0
04-08 07:11:41,77.746,20.056,0.990,0,0,1873112,10531464,222376,3621216,597.210,146.579,0,138.656,0,10.894,5369,4756,4.730,2.660,1.500,4,0,71.309,0,0,14,25,0,23,0
04-08 07:11:42,79.144,18.283,2.755,0,0,1901104,10503280,222384,3621392,392.714,0,0,152.277,0,10.018,5689,5591,4.730,2.660,1.500,5,0,37.067,0,0,14,26,0,23,0
04-08 07:11:43,86.171,11.672,1.738,0,0,1931296,10473040,222396,3621428,956.578,0,0,123.173,0,6.953,5901,7590,4.830,2.720,1.530,4,0,0,0,0,14,25,0,24,0
04-08 07:11:44,66.768,18.436,12.955,0,0,1925888,10478332,222412,3621532,29987.659,15199.115,0,183.362,0,13.951,7574,8259,4.830,2.720,1.530,7,0,42.851,0,0,14,26,0,24,0
04-08 07:11:45,84.055,13.245,3.566,0,0,1945432,10458604,222440,3621684,30397.409,15197.176,0,256.750,0,26.490,6009,7301,4.830,2.720,1.530,4,0,11.207,0,0,14,25,0,25,0
04-08 07:11:46,64.846,32.796,1.988,0,0,1804796,10599196,222456,3621712,40954.787,558610.976,0,258.390,0,12.919,5582,5003,4.830,2.720,1.530,4,0,176.898,0,0,14,25,0,25,0
04-08 07:11:47,83.376,14.772,1.502,0,0,1874324,10529644,222488,3621700,15095.812,7307.042,0,288.436,0,22.033,5281,5000,4.830,2.720,1.530,4,0,0,0,0,14,24,0,25,0
04-08 07:11:48,76.989,18.626,3.229,0,0,1875268,10528620,222512,3621752,29887.668,14853.434,0,190.734,0,10.927,5479,4050,4.760,2.740,1.540,4,0,68.545,0,0,14,26,0,24,0
04-08 07:11:49,75.229,14.199,9.715,0,0,1885844,10517784,222556,3621964,509.166,0,0,310.880,0,23.914,6947,8278,4.760,2.740,1.540,4,0,0,0,0,14,26,0,24,0
04-08 07:11:50,65.156,20.126,13.836,0,0,1914968,10488552,222560,3622068,16405.329,7734.243,0,193.205,0,11.069,6213,8341,4.760,2.740,1.540,4,0,86.540,0,0,14,26,0,24,0
04-08 07:11:51,62.114,11.926,23.106,0,0,1869536,10533916,222568,3622156,44399.009,22525.975,0,194.789,0,7.951,6742,6704,4.760,2.740,1.540,5,0,29.815,0,0,14,26,0,24,0
04-08 07:11:52,63.480,13.151,22.762,0,0,1867392,10536024,222584,3622176,29814.859,14925.639,0,165.908,0,8.093,6505,5958,4.760,2.740,1.540,4,0,16.186,0,0,14,25,0,23,0
04-08 07:11:53,49.633,25.917,21.516,0,0,1750076,10653200,222596,3622300,30272.509,14270.739,0,164.301,0,8.802,4838,2498,4.620,2.740,1.550,3,0,102.688,0,0,14,26,0,23,0
04-08 07:11:54,61.965,15.619,24.325,0,0,1811128,10592104,222612,3622324,15523.035,7773.808,0,143.390,0,8.194,4779,3449,4.620,2.740,1.550,5,0,2.048,0,0,14,25,0,24,0
04-08 07:11:55,63.206,11.945,22.894,0,0,1866464,10536720,222624,3622360,15025.221,7262.273,0,115.464,0,6.968,6213,5738,4.620,2.740,1.550,2,0,0,0,0,14,27,0,25,0
04-08 07:11:56,55.209,17.906,24.372,0,0,1696996,10706056,222704,3622392,14963.244,7727.329,0,4985.759,0,551.099,6869,5557,4.620,2.740,1.550,3,0,65.654,0,0,14,25,0,26,0
04-08 07:11:57,50.980,24.228,24.228,0,0,1734604,10668436,222708,3622400,1408.247,0,0,125.178,0,7.066,5599,5196,4.620,2.740,1.550,5,0,57.541,0,0,14,25,0,26,0
04-08 07:11:58,63.218,11.360,22.472,0,0,1811664,10591336,222720,3622428,15299.826,7722.515,0,640.086,0,7.902,6054,5366,4.490,2.750,1.560,4,0,0,0,0,14,26,0,26,0
04-08 07:11:59,60.659,10.734,27.459,0,0,1832896,10569928,222732,3622592,15196.319,7351.028,0,135.797,0,7.988,6081,6644,4.490,2.750,1.560,3,0,0,0,0,14,26,0,26,0
04-08 07:12:00,61.566,14.382,23.466,0,0,1813944,10588828,222748,3622628,670.166,0,0,270.489,0,25.232,7553,7959,4.490,2.750,1.560,4,0,32.297,0,0,14,26,0,28,0
04-08 07:12:01,59.328,15.887,22.837,0,0,1813144,10589596,222760,3622644,15510.580,7552.236,0,146.954,0,5.958,6034,5580,4.490,2.750,1.560,3,0,40.710,0,0,14,24,0,28,0
04-08 07:12:02,55.745,21.031,23.818,0,0,1759436,10643284,222768,3622652,1387.545,0,0,162.167,0,8.108,4537,2789,4.490,2.750,1.560,3,0,46.623,0,0,14,24,0,28,0
04-08 07:12:03,62.662,11.058,23.590,0,0,1825920,10576784,222780,3622656,15376.046,7395.600,0,114.020,0,6.881,5370,4285,4.370,2.750,1.570,3,0,1.966,0,0,14,26,0,28,0
04-08 07:12:04,64.011,10.752,24.254,0,0,1850228,10552380,222788,3622744,544.095,0,0,132.023,0,8.001,6242,5893,4.370,2.750,1.570,3,0,0,0,0,14,26,0,26,0
04-08 07:12:05,52.726,12.614,32.796,0,0,1849976,10552380,222796,3622968,2285.654,0,0,149.350,0,12.109,7142,8275,4.370,2.750,1.570,4,0,6.055,0,0,14,27,0,27,0
04-08 07:12:06,49.936,8.489,38.950,0,0,1849852,10552380,222840,3623044,15527.033,7704.093,0,287.630,0,23.969,7011,7862,4.370,2.750,1.570,2,0,1.997,0,0,14,26,0,28,0
04-08 07:12:07,51.187,23.970,23.471,0,0,1643136,10759056,222860,3623064,782.031,0,0,243.698,0,19.975,6131,5472,4.370,2.750,1.570,7,0,118.853,0,0,14,24,0,29,0
04-08 07:12:08,45.267,32.763,21.508,0,0,1730732,10671440,222876,3623068,728.281,0,0,368.142,0,8.003,4997,2709,4.260,2.760,1.570,4,0,141.055,0,0,14,24,0,26,0
04-08 07:12:09,62.294,13.510,23.266,0,0,1837776,10564388,222880,3623072,15169.740,7625.399,0,136.096,0,8.006,4362,2731,4.260,2.760,1.570,4,0,2.001,0,0,14,25,0,26,0
04-08 07:12:10,60.746,11.405,25.042,0,0,1861848,10540232,222936,3623096,539.526,0,0,817.223,0,79.342,6190,5871,4.260,2.760,1.570,4,0,0,0,0,14,26,0,27,0
04-08 07:12:11,56.335,20.371,23.389,0,0,1850852,10551060,222964,3623236,848.039,148.885,0,277.650,0,25.149,6316,6202,4.260,2.760,1.570,6,0,92.550,0,0,14,25,0,27,0
04-08 07:12:12,55.914,20.059,22.817,0,0,1826652,10575208,222972,3623276,828.430,0,0,148.435,0,8.024,5727,5259,4.260,2.760,1.570,3,0,40.118,0,0,14,25,0,27,0
04-08 07:12:13,72.954,16.797,10.028,0,0,1888256,10513584,222972,3623272,15616.726,7316.486,0,116.326,0,7.020,5874,14625,4.240,2.780,1.590,6,0,36.101,0,0,14,25,0,27,0
04-08 07:12:14,62.430,10.738,24.722,0,0,1886844,10514956,222992,3623312,543.392,0,0,307.656,0,19.978,6838,7155,4.240,2.780,1.590,4,0,0,0,0,14,26,0,27,0
04-08 07:12:15,50.408,27.220,22.180,0.252,0,1773020,10628728,223020,3623336,1194.671,0,0,241.959,0,30.245,5557,4532,4.240,2.780,1.590,3,0,143.159,0,0,14,24,0,27,0
04-08 07:12:16,52.877,22.342,24.080,0,0,1783056,10618688,223020,3623340,480.612,146.964,0,0,0,0,3889,1831,4.240,2.780,1.590,3,0,43.692,0,0,14,24,0,27,0
04-08 07:12:17,62.652,13.125,22.783,0,0,1856952,10544752,223060,3623340,660.697,0,0,4584.264,0,488.341,4693,2548,4.240,2.780,1.590,5,0,0,0,0,14,25,0,21,0
04-08 07:12:18,62.633,11.068,24.902,0,0,1867560,10533984,223060,3623500,15313.750,7666.936,0,8.049,0,2.012,6058,5940,4.140,2.780,1.590,4,0,2.012,0,0,14,26,0,20,0
04-08 07:12:19,47.280,8.005,42.277,0,0,1867524,10533984,223060,3623532,543.346,0,0,0,0,0,6877,8059,4.140,2.780,1.590,3,0,0,0,0,14,27,0,21,0
04-08 07:12:20,48.395,5.956,43.679,0,0,1867744,10533732,223060,3623560,361.346,0,0,7.942,0,0.993,6413,7108,4.140,2.780,1.590,3,0,0,0,0,14,26,0,21,0
04-08 07:12:21,57.070,19.274,22.528,0,0,1727256,10674176,223076,3623584,1046.277,148.181,0,128.156,0,14.017,6564,6095,4.140,2.780,1.590,3,0,70.086,0,0,14,25,0,20,0
04-08 07:12:22,62.546,15.255,22.628,0,0,1788596,10612688,223088,3623720,1860.099,0,0,122.040,0,7.119,5406,4173,4.140,2.780,1.590,3,0,6.102,0,0,14,24,0,20,0
04-08 07:12:23,50.852,24.429,23.183,0,0,1775364,10625888,223096,3623744,15519.892,7597.917,0,119.652,0,6.980,5175,3112,4.050,2.790,1.600,3,0,115.664,0,0,14,25,0,20,0
04-08 07:12:24,45.529,20.401,32.840,0,0,1775444,10625384,223096,3624168,3258.156,2010.225,0,7.961,0,1.990,6041,5671,4.050,2.790,1.600,2,0,84.589,0,0,14,26,0,20,0
04-08 07:12:25,45.959,7.493,43.961,0,0,1775412,10625384,223096,3624200,662.405,0,0,7.993,0,0.999,6856,7843,4.050,2.790,1.600,2,0,0,0,0,14,26,0,20,0
04-08 07:12:26,31.787,20.524,46.554,0,0,1687528,10713084,223124,3624352,887.025,148.171,0,152.176,0,15.017,4637,3399,4.050,2.790,1.600,3,0,130.150,0,0,14,24,0,20,0
04-08 07:12:27,38.147,12.716,47.871,0,0,1697104,10703508,223124,3624352,904.563,0,0,0,0,0,2807,1420,4.050,2.790,1.600,2,0,3.989,0,0,14,24,0,20,0
04-08 07:12:28,43.193,8.489,48.187,0,0,1744160,10656412,223160,3624356,1244.363,0,0,647.148,0,35.953,2999,1619,3.880,2.770,1.600,3,0,0,0,0,14,25,0,20,0
04-08 07:12:29,44.022,7.710,46.260,0,0,1758300,10642076,223220,3624492,838.647,0,0,1520.110,0,77.597,4446,4032,3.880,2.770,1.600,3,0,0,0,0,14,25,0,19,0
04-08 07:12:30,46.417,7.820,43.895,0,0,1758416,10641824,223272,3624568,45660.588,36837.247,0,379.412,0,36.327,6216,6675,3.880,2.770,1.600,2,0,2.018,0,0,14,24,0,19,0
04-08 07:12:31,21.228,32.716,44.453,0,0,1636804,10763412,223284,3624572,30047.439,14790.465,0,187.803,0,10.988,4833,2741,3.880,2.770,1.600,2,0,194.795,0,0,14,24,0,19,0
04-08 07:12:32,39.258,12.834,47.059,0,0,1719064,10681140,223296,3624572,39134.876,458151.248,0,165.084,0,6.040,3190,1688,3.880,2.770,1.600,2,0,3.020,0,0,14,24,0,19,0
04-08 07:12:33,43.305,8.960,46.540,0.249,0,1769628,10630528,223332,3624584,17044.206,129271.554,0,557.488,0,26.879,3780,2756,3.730,2.760,1.610,3,0,1.991,0,0,14,25,0,18,0
04-08 07:12:34,45.452,6.993,46.201,0,0,1769788,10630356,223332,3624596,15204.030,7354.275,0,303.681,0,0.999,4988,4853,3.730,2.760,1.610,3,0,0,0,0,14,26,0,18,0
04-08 07:12:35,47.273,7.003,43.771,0,0,1769468,10630608,223376,3624620,15880.591,7431.552,0,236.113,0,30.014,6667,7382,3.730,2.760,1.610,2,0,1.000,0,0,14,24,0,18,0
04-08 07:12:36,36.185,16.585,47.492,0,0,1700808,10699252,223388,3624624,15422.655,7482.159,0,144.738,0,10.051,3236,1743,3.730,2.760,1.610,2,0,37.190,0,0,14,24,0,18,0
04-08 07:12:37,42.551,8.510,48.308,0,0,1782580,10617464,223400,3624628,3269.953,1814.193,0,104.126,0,6.007,2856,1466,3.730,2.760,1.610,2,0,0,0,0,14,25,0,16,0
04-08 07:12:38,43.199,8.240,46.695,0,0,1789996,10609888,223416,3624772,15534.743,7515.168,0,3300.122,0,430.494,5087,3767,3.590,2.750,1.610,2,0,0,0,0,14,26,0,16,0
04-08 07:12:39,45.307,7.180,43.822,0,0,1786516,10613316,223432,3624804,537.742,0,0,150.528,0,15.845,6758,7724,3.590,2.750,1.610,3,0,1.981,0,0,14,25,0,17,0
04-08 07:12:40,37.429,15.072,46.975,0,0,1659580,10740236,223440,3624812,15419.869,7530.073,0,116.558,0,7.034,4403,3094,3.590,2.750,1.610,3,0,61.294,0,0,14,24,0,17,0
04-08 07:12:41,40.760,10.753,47.512,0,0,1730592,10669212,223452,3624812,847.217,148.038,0,320.082,0,45.012,2884,1573,3.590,2.750,1.610,2,0,0,0,0,14,25,0,17,0
04-08 07:12:42,43.029,8.954,46.760,0,0,1763524,10636268,223468,3624804,15733.199,7419.894,0,330.304,0,17.908,4195,3735,3.590,2.750,1.610,2,0,2.985,0,0,14,25,0,17,0
04-08 07:12:43,44.911,8.782,45.413,0,0,1763452,10636268,223492,3624848,775.786,0,0,84.303,0,9.032,6363,7091,3.470,2.730,1.610,3,0,0,0,0,14,26,0,17,0
04-08 07:12:44,31.784,21.022,45.548,0,0,1703184,10696476,223548,3624852,947.005,0,0,364.387,0,27.029,4420,2850,3.470,2.730,1.610,2,0,104.111,0,0,14,24,0,17,0
04-08 07:12:45,40.747,10.749,47.747,0,0,1746220,10653440,223568,3624832,15461.955,7781.474,0,167.989,0,11.999,2949,1680,3.470,2.730,1.610,2,0,2.000,0,0,14,24,0,14,0
04-08 07:12:46,42.173,9.233,47.663,0,0,1781332,10618284,223572,3624868,543.011,147.731,0,267.513,0,13.975,3742,2977,3.470,2.730,1.610,2,0,0,0,0,14,25,0,14,0
04-08 07:12:47,44.565,8.262,44.815,0,0,1778496,10620968,223572,3625020,603.881,0,0,4.006,0,1.001,6037,6683,3.470,2.730,1.610,2,0,0,0,0,14,26,0,15,0
04-08 07:12:48,29.529,24.023,44.543,0,0,1657972,10741424,223624,3625036,15174.736,7789.564,0,352.342,0,37.036,5113,3913,3.350,2.720,1.610,2,0,155.151,0,0,14,24,0,15,0
04-08 07:12:49,22.246,33.744,42.742,0,0,1701700,10697636,223672,3625044,602.886,0,0,363.931,0,26.995,5110,3118,3.350,2.720,1.610,4,0,185.965,0,0,14,24,0,15,0
04-08 07:12:50,36.858,15.938,46.321,0,0,1765568,10633712,223708,3625048,931.401,0,0,796.921,0,34.865,3723,2493,3.350,2.720,1.610,3,0,38.850,0,0,14,25,0,15,0
04-08 07:12:51,44.316,7.261,47.571,0,0,1805068,10594208,223708,3625052,931.385,148.220,0,28.042,0,2.003,3851,2893,3.350,2.720,1.610,3,0,2.003,0,0,14,26,0,15,0
04-08 07:12:52,45.085,7.264,45.586,0,0,1795000,10604268,223708,3625072,14948.279,7309.829,0,0,0,0,5633,5978,3.350,2.720,1.610,3,0,1.002,0,0,14,26,0,15,0
04-08 07:12:53,41.562,11.448,44.797,0.249,0,1702404,10696824,223724,3625096,600.279,0,0,119.459,0,11.946,5939,5869,3.240,2.710,1.620,3,0,29.865,0,0,14,25,0,15,0
04-08 07:12:54,36.198,16.340,47.259,0,0,1711900,10687320,223724,3625104,486.666,0,0,12.066,0,3.017,3343,1870,3.240,2.710,1.620,2,0,48.264,0,0,14,24,0,15,0
04-08 07:12:55,42.698,8.739,47.691,0,0,1770612,10628604,223724,3625108,726.109,0,0,0,0,0,3279,2101,3.240,2.710,1.620,2,0,0,0,0,14,24,0,15,0
04-08 07:12:56,42.691,9.487,47.435,0,0,1792980,10606216,223732,3625120,15019.281,7499.654,0,367.493,0,12.982,4240,3723,3.240,2.710,1.620,2,0,0,0,0,14,25,0,15,0
04-08 07:12:57,45.065,7.511,44.814,0,0,1788108,10610928,223732,3625276,876.256,42.060,0,8.011,0,1.001,6155,6876,3.240,2.710,1.620,2,0,2.003,0,0,14,26,0,16,0
04-08 07:12:58,40.264,12.754,45.516,0,0,1766904,10632112,223732,3625296,879.305,0,0,0,0,0,5625,5486,3.140,2.700,1.620,3,0,56.019,0,0,14,25,0,13,0
04-08 07:12:59,40.777,11.758,46.280,0,0,1709024,10689976,223748,3625296,879.578,0,0,132.087,0,12.008,4354,3615,3.140,2.700,1.620,3,0,26.017,0,0,14,24,0,13,0
04-08 07:13:00,27.007,28.757,42.760,0,0,1720120,10678800,223748,3625372,664.161,0,0,16.004,0,4.001,5016,3106,3.140,2.700,1.620,4,0,171.041,0,0,14,24,0,13,0
04-08 07:13:01,26.991,26.741,45.235,0,0,1713836,10685052,223764,3625388,1111.627,147.950,0,239.919,0,15.995,5186,3789,3.140,2.700,1.620,1,0,152.949,0,0,14,24,0,13,0
04-08 07:13:02,10.002,18.504,69.765,0,0,1659824,10739064,223764,3625388,31426.944,50463.151,0,8.002,0,1.000,3363,2234,3.140,2.700,1.620,1,0,92.020,0,0,14,24,0,11,0
04-08 07:13:03,21.242,5.748,72.472,0,0,1679640,10719248,223764,3625388,45021.671,22917.179,0,0,0,0,1945,1329,2.970,2.670,1.620,1,0,1.999,0,0,14,24,0,11,0
04-08 07:13:04,22.201,4.739,72.090,0,0,1695648,10703212,223784,3625392,15883.781,7992.279,0,387.142,0,15.965,2392,1994,2.970,2.670,1.620,2,0,0,0,0,14,24,0,11,0
04-08 07:13:05,25.278,6.758,65.824,0,0,1695864,10702988,223804,3625380,29808.521,15227.124,0,136.153,0,16.018,3834,4123,2.970,2.670,1.620,1,0,6.007,0,0,14,24,0,11,0
04-08 07:13:06,11.217,18.196,68.547,0,0,1655044,10743740,223804,3625448,15237.793,7583.501,0,135.598,0,8.973,3486,2238,2.970,2.670,1.620,1,0,100.701,0,0,14,24,0,9,0
04-08 07:13:07,20.342,6.529,73.331,0,0,1669192,10729592,223804,3625448,15824.415,7720.844,0,0,0,0,1672,1342,2.970,2.670,1.620,1,0,0,0,0,14,24,0,9,0
04-08 07:13:08,22.482,4.996,70.942,0,0,1693600,10705160,223828,3625448,827.323,0,0,3297.301,0,415.660,3095,2040,2.810,2.640,1.610,1,0,0,0,0,14,24,0,9,0
04-08 07:13:09,24.216,4.244,71.399,0,0,1693588,10705160,223828,3625460,15261.371,7609.216,0,3.994,0,0.999,2891,2720,2.810,2.640,1.610,1,0,1.997,0,0,14,25,0,9,0
04-08 07:13:10,18.774,9.512,70.590,0,0,1654084,10744612,223864,3625472,15239.375,7305.288,0,268.341,0,28.036,3229,2717,2.810,2.640,1.610,1,0,44.056,0,0,14,24,0,7,0
04-08 07:13:11,14.013,12.762,71.816,0,0,1665516,10733180,223880,3625456,723.661,148.135,0,412.377,0,54.049,2744,1997,2.810,2.640,1.610,1,0,50.046,0,0,14,24,0,7,0
04-08 07:13:12,21.742,5.248,72.224,0,0,1710404,10688248,223908,3625472,15543.298,7455.265,0,623.771,0,32.988,1928,1303,2.810,2.640,1.610,1,0,2.999,0,0,14,24,0,7,0
04-08 07:13:13,24.882,6.718,66.931,0,0,1719688,10678952,223924,3626056,1332.655,0,0,103.507,0,11.943,2998,3559,2.670,2.610,1.610,3,0,33.839,0,0,14,25,0,7,0
04-08 07:13:14,31.877,11.295,54.969,0,0,1706324,10692292,223924,3625492,19136.258,7620.367,0,0,0,0,5502,15120,2.670,2.610,1.610,2,0,2.008,0,0,14,25,0,7,0
04-08 07:13:15,20.000,7.500,70.999,0,0,1615032,10783444,223940,3625612,662.994,0,0,91.999,0,13.000,3340,3201,2.670,2.610,1.610,1,0,32.000,0,0,14,24,0,7,0
04-08 07:13:16,19.274,7.009,72.839,0,0,1638428,10760020,223940,3625636,806.985,148.181,0,0,0,0,1782,1270,2.670,2.610,1.610,1,0,0,0,0,14,24,0,7,0
04-08 07:13:17,21.448,5.487,72.324,0,0,1681264,10717180,223940,3625640,15463.366,7505.733,0,15.961,0,1.995,2029,1541,2.670,2.610,1.610,1,0,0,0,0,14,25,0,7,0
04-08 07:13:18,23.050,4.259,71.906,0,0,1681256,10717180,223944,3625644,789.718,0,0,204.445,0,10.022,2930,2923,2.530,2.590,1.610,1,0,2.004,0,0,14,25,0,7,0
04-08 07:13:19,23.484,4.247,70.952,0,0,1681244,10717180,223948,3625652,602.592,0,0,39.973,0,2.998,4115,4720,2.530,2.590,1.610,1,0,0,0,0,14,25,0,7,0
04-08 07:13:20,16.254,12.253,70.769,0,0,1599108,10799300,223948,3625668,15758.237,7628.051,0,12.003,0,2.001,3237,2349,2.530,2.590,1.610,1,0,65.017,0,0,14,24,0,7,0
04-08 07:13:21,5.490,24.953,67.622,0,0,1603112,10795236,223948,3625728,541.975,147.721,0,0,0,0,4181,2551,2.530,2.590,1.610,1,0,156.704,0,0,14,24,0,7,0
04-08 07:13:22,17.762,32.522,47.782,0,0,1599720,10798580,223980,3625740,604.408,42.028,0,452.305,0,30.020,5011,3019,2.530,2.590,1.610,2,0,188.127,0,0,14,24,0,8,0
04-08 07:13:23,40.551,10.513,48.310,0.751,0,1668548,10729532,224028,3625908,1258.567,0,172.214,412.514,6.007,17.021,2909,1625,2.490,2.580,1.610,3,0,0,0,0,14,24,0,8,0
04-08 07:13:24,44.028,8.255,46.530,0,0,1761368,10635856,224116,3626636,42913.767,487135.194,0,12.008,0,3.002,3269,1716,2.490,2.580,1.610,2,0,2.001,0,0,14,24,0,8,0
04-08 07:13:25,37.228,13.898,42.191,3.723,0,1808688,10581492,226072,3631320,46611.942,129091.442,2164.165,13258.984,35.739,1286.586,9257,11924,2.490,2.580,1.610,2,0,59.564,0,0,14,28,0,8,0
04-08 07:13:26,38.512,17.368,34.988,4.279,0,1827240,10555856,229516,3634636,15532.841,7724.636,16.110,34172.854,2.014,2591.660,13038,19293,2.490,2.580,1.610,4,0,57.391,0,0,14,28,0,8,0
04-08 07:13:27,40.812,14.683,35.586,4.728,0,1774116,10603232,233264,3636348,30248.938,14817.878,0,28453.193,0,2425.848,12102,18156,2.490,2.580,1.610,2,0,44.794,0,0,14,28,0,8,0
04-08 07:13:28,38.156,15.462,36.909,4.988,0,1812448,10562212,236016,3636196,16630.038,8291.577,0,28609.531,0,2123.769,11297,16388,2.450,2.570,1.610,3,0,11.971,0,0,14,28,0,8,0
04-08 07:13:29,42.022,10.317,47.307,0.252,0,1757868,10616588,236212,3636200,45030.923,22296.543,0,3559.073,0,168.090,3602,2479,2.450,2.570,1.610,5,0,7.046,0,0,14,24,0,8,0
04-08 07:13:30,43.273,8.505,47.776,0,0,1818736,10555712,236284,3636136,29731.870,14893.950,0,760.406,0,40.021,3076,1709,2.450,2.570,1.610,2,0,2.001,0,0,14,24,0,8,0
04-08 07:13:31,41.860,12.458,41.611,1.246,0,1783744,10589184,237552,3636348,15108.650,7485.056,0,10018.613,0,913.954,7785,8963,2.450,2.570,1.610,3,0,1.993,0,0,14,26,0,8,0
04-08 07:13:32,41.189,14.728,37.445,1.498,0,1824832,10545432,239952,3636548,44734.007,22804.359,0,15449.209,0,1709.478,13054,17036,2.450,2.570,1.610,5,0,0.999,0,0,14,26,0,8,0
04-08 07:13:33,40.198,13.732,40.697,1.997,0,1767884,10600596,241576,3636656,30122.960,14573.113,0,14880.714,0,1157.500,8391,10344,2.410,2.560,1.610,2,0,17.977,0,0,14,24,0,8,0
04-08 07:13:34,26.150,16.595,55.317,0.251,0,1766932,10601468,241592,3636720,45287.406,22877.040,0,225.290,0,14.081,3750,2254,2.410,2.560,1.610,2,0,88.507,0,0,14,24,0,8,0
04-08 07:13:35,20.738,7.246,71.708,0,0,1800240,10568136,241608,3636728,30084.484,14649.471,0,191.888,0,9.994,2064,1619,2.410,2.560,1.610,2,0,0,0,0,14,24,0,8,0
04-08 07:13:36,21.505,5.501,72.265,0,0,1830144,10538176,241664,3636728,48553.410,23122.958,0,960.206,0,49.011,2133,1510,2.410,2.560,1.610,2,0,4.001,0,0,14,24,0,8,0
04-08 07:13:37,21.512,5.003,72.539,0,0,1848792,10519528,241664,3636728,41057.287,22061.976,0,0,0,0,1839,1242,2.410,2.560,1.610,2,0,1.001,0,0,14,24,0,8,0
04-08 07:13:38,21.007,4.752,73.025,0.500,0,1802104,10566148,241664,3636792,15289.286,7298.523,40.014,8.003,3.001,2.001,1693,1020,2.300,2.530,1.610,1,0,1.000,0,0,14,24,0,8,0
04-08 07:13:39,21.945,7.731,69.825,0,0,1713212,10655040,241664,3636792,26612.207,451273.358,0,1220.936,0,233.414,2529,1709,2.300,2.530,1.610,1,0,1.995,0,0,14,24,0,8,0
04-08 07:13:40,22.560,4.261,72.694,0,0,1713448,10654804,241664,3636792,48545.782,163840.009,0,0,0,0,1935,1371,2.300,2.530,1.610,1,0,1.003,0,0,14,24,0,8,0
04-08 07:13:41,19.496,7.248,72.484,0,0,1738848,10629388,241672,3636796,33717.557,16790.294,0,107.976,0,2.000,1754,1273,2.300,2.530,1.610,1,0,2.000,0,0,14,24,0,8,0
04-08 07:13:42,22.135,4.276,73.447,0,0,1695488,10672732,241672,3636808,30287.478,14814.232,0,8.049,0,2.012,1910,1304,2.300,2.530,1.610,1,0,4.025,0,0,14,24,0,8,0
04-08 07:13:43,20.881,5.717,72.088,0,0,1724184,10644008,241708,3636800,30482.895,15614.815,0,409.660,0,26.847,2049,1836,2.200,2.510,1.610,1,0,0,0,0,14,24,0,7,0
04-08 07:13:44,21.492,4.998,72.725,0,0,1743228,10624956,241708,3636808,44316.535,22918.002,0,7.997,0,1.000,1813,1198,2.200,2.510,1.610,1,0,1.999,0,0,14,24,0,7,0
04-08 07:13:45,21.257,4.251,73.024,1.000,0,1762212,10605784,241724,3636976,15223.994,7622.501,152.050,0,6.002,0,1701,1241,2.200,2.510,1.610,1,0,3.001,0,0,14,24,0,7,0
04-08 07:13:46,22.005,5.001,72.266,0,0,1707704,10660236,241724,3637028,29722.681,15229.423,0,4.001,0,1.000,1782,1228,2.200,2.510,1.610,2,0,1.000,0,0,14,24,0,7,0
04-08 07:13:47,21.745,4.499,72.984,0,0,1719624,10648312,241724,3637032,15863.471,8396.132,0,0,0,0,1754,1279,2.200,2.510,1.610,2,0,0,0,0,14,24,0,7,0
04-08 07:13:48,20.756,6.252,72.271,0,0,1754020,10613916,241732,3637024,44585.013,22704.627,0,196.057,0,5.001,1898,1373,2.100,2.480,1.600,1,0,4.001,0,0,14,24,0,7,0
04-08 07:13:49,20.491,6.497,72.220,0,0,1762740,10605184,241732,3637032,30126.446,15071.719,0,319.867,0,72.970,1868,1232,2.100,2.480,1.600,3,0,0,0,0,14,24,0,7,0
04-08 07:13:50,22.748,3.750,72.743,0,0,1710260,10657580,241736,3637112,15038.451,7295.249,0,4.000,0,1.000,1673,1092,2.100,2.480,1.600,2,0,1.000,0,0,14,24,0,7,0
04-08 07:13:51,20.995,5.749,72.734,0,0,1724060,10643756,241744,3637128,15155.596,7766.256,0,0,0,0,1799,1291,2.100,2.480,1.600,3,0,2.000,0,0,14,24,0,6,0
04-08 07:13:52,22.676,5.731,71.765,0,0,1715228,10652576,241744,3637140,59738.252,30519.993,0,1750.265,0,164.461,2248,1406,2.100,2.480,1.600,3,0,1.993,0,0,14,24,0,6,0
04-08 07:13:53,21.324,6.021,71.748,0,0,1713404,10654388,241776,3637136,41496.682,21992.148,0,525.821,0,31.108,2139,1902,2.010,2.460,1.600,3,0,0,0,0,14,24,0,6,0
04-08 07:13:54,23.257,5.252,71.271,0,0,1753944,10613832,241776,3637152,46741.782,565534.755,0,4.001,0,1.000,2318,1633,2.010,2.460,1.600,2,0,5.001,0,0,14,24,0,6,0
04-08 07:13:55,23.256,3.251,73.019,0,0,1763312,10604464,241776,3637152,15228.937,7459.928,0,148.038,0,34.009,1729,1148,2.010,2.460,1.600,2,0,0,0,0,14,24,0,6,0
04-08 07:13:56,20.249,6.500,72.748,0,0,1732540,10635208,241780,3637172,30123.082,15947.514,0,0,0,0,1800,1313,2.010,2.460,1.600,2,0,1.000,0,0,14,24,0,6,0
04-08 07:13:57,22.246,4.499,72.237,0,0,1765504,10602224,241784,3637180,44611.173,22760.007,0,0,0,0,1886,1377,2.010,2.460,1.600,2,0,2.000,0,0,14,24,0,6,0
04-08 07:13:58,21.155,6.720,71.929,0,0,1731040,10636608,241792,3637216,30032.790,15010.919,0,2269.856,0,8.960,1916,1364,1.930,2.430,1.600,2,0,0.996,0,0,14,24,0,6,0
04-08 07:13:59,21.848,5.274,72.325,0,0,1739132,10628516,241792,3637216,45001.041,23901.309,0,0,0,0,1784,1346,1.930,2.430,1.600,2,0,0,0,0,14,24,0,5,0
04-08 07:14:00,20.505,6.252,72.768,0,0,1765120,10602528,241792,3637216,29663.434,15243.820,0,8.002,0,2.001,1858,1347,1.930,2.430,1.600,2,0,4.001,0,0,14,24,0,5,0
04-08 07:14:01,17.723,9.485,71.889,0,0,1723576,10643968,241792,3637316,30136.508,16516.520,0,0,0,0,2487,1615,1.930,2.430,1.600,1,0,47.926,0,0,14,24,0,5,0
04-08 07:14:02,6.258,24.283,67.841,0,0,1715740,10651740,241804,3637352,60961.806,33468.913,0,92.124,0,2.003,4276,2777,1.930,2.430,1.600,2,0,156.210,0,0,14,24,0,5,0
04-08 07:14:03,6.499,25.247,66.241,0,0,1692932,10674536,241848,3637316,45968.822,23788.803,0,951.872,0,38.995,4528,3211,1.940,2.420,1.600,1,0,161.978,0,0,14,24,0,5,0
04-08 07:14:04,6.480,24.425,66.545,0,0,1689632,10677780,241848,3637364,60569.221,32192.726,0,259.201,0,2.991,4347,2707,1.940,2.420,1.600,1,0,155.520,0,0,14,24,0,5,0
04-08 07:14:05,7.732,27.435,62.850,0,0,1684052,10683352,241852,3637364,68790.316,470498.463,0,263.373,0,2.993,4654,2887,1.940,2.420,1.600,1,0,136.675,0,0,14,24,0,5,0
04-08 07:14:06,7.543,24.137,66.879,0,0,1670732,10696612,241852,3637416,64345.896,159361.716,0,502.852,0,91.519,4447,2767,1.940,2.420,1.600,2,0,135.770,0,0,14,24,0,5,0
04-08 07:14:07,5.992,23.968,67.908,0,0,1660744,10706596,241852,3637416,45799.939,24980.151,0,175.762,0,1.997,4298,2649,1.940,2.420,1.600,1,0,142.806,0,0,14,24,0,5,0
04-08 07:14:08,6.474,25.149,66.234,0,0,1658452,10708884,241856,3637416,60274.230,31278.537,0,147.409,0,4.980,4346,2768,2.020,2.430,1.610,2,0,151.393,0,0,14,24,0,5,0
04-08 07:14:09,5.791,22.914,70.251,0.252,0,1648688,10718632,241860,3637428,61131.218,33686.378,8.057,0,2.014,0,4154,2682,2.020,2.430,1.610,1,0,134.963,0,0,14,24,0,5,0
04-08 07:14:10,5.989,24.456,67.878,0,0,1646748,10720564,241860,3637432,60467.208,32633.287,0,0,0,0,4304,2704,2.020,2.430,1.610,1,0,144.740,0,0,14,24,0,5,0
04-08 07:14:11,18.483,7.993,71.685,0,0,1682808,10684496,241860,3637436,45087.084,23820.383,0,311.717,0,70.936,2359,1678,2.020,2.430,1.610,1,0,14.986,0,0,14,24,0,5,0
04-08 07:14:12,22.267,5.004,72.304,0,0,1718424,10648892,241860,3637424,44982.696,23863.876,0,12.009,0,3.002,1995,1392,2.020,2.430,1.610,1,0,3.002,0,0,14,24,0,5,0
04-08 07:14:13,19.892,7.211,71.363,0,0,1762908,10604352,241904,3637436,30054.068,15062.342,0,588.808,0,35.806,2131,1793,1.940,2.410,1.600,1,0,1.989,0,0,14,24,0,5,0
04-08 07:14:14,35.943,13.322,50.522,0,0,1722080,10645164,241904,3637620,30582.551,15225.924,0,32.173,0,3.016,3525,10682,1.940,2.410,1.600,1,0,37.200,0,0,14,24,0,6,0
04-08 07:14:15,21.964,6.489,70.384,0,0,1706292,10660972,241904,3637432,42295.322,565362.609,0,0,0,0,2306,1839,1.940,2.410,1.600,1,0,2.995,0,0,14,24,0,3,0
04-08 07:14:16,21.530,5.508,72.351,0,0,1731224,10636040,241904,3637432,44149.535,22781.753,0,0,0,0,1961,1370,1.940,2.410,1.600,1,0,2.003,0,0,14,24,0,3,0
04-08 07:14:17,22.756,4.001,72.521,0,0,1711044,10656200,241904,3637452,14985.241,7460.111,0,180.051,0,35.010,1814,1217,1.940,2.410,1.600,1,0,1.000,0,0,14,24,0,3,0
04-08 07:14:18,20.254,7.001,72.515,0,0,1748848,10618408,241904,3637440,31250.637,16177.436,0,80.017,0,2.000,1907,1428,1.940,2.400,1.610,1,0,2.000,0,0,14,24,0,3,0
04-08 07:14:19,21.999,4.500,72.746,0,0,1777076,10590176,241908,3637440,44204.674,22762.802,0,75.996,0,2.000,1837,1321,1.940,2.400,1.610,1,0,0,0,0,14,24,0,3,0
04-08 07:14:20,20.720,5.991,72.644,0,0,1789664,10577588,241908,3637440,29554.812,15121.903,0,3.994,0,0.999,1846,1298,1.940,2.400,1.610,1,0,1.997,0,0,14,24,0,3,0
04-08 07:14:21,22.521,4.254,72.069,0,0,1762136,10605116,241908,3637440,15598.885,7745.391,0,12.011,0,1.001,1855,1278,1.940,2.400,1.610,1,0,2.002,0,0,14,24,0,3,0
04-08 07:14:22,20.704,5.737,73.087,0,0,1752188,10615052,241908,3637452,14763.151,7441.442,0,0,0,0,1675,1347,1.940,2.400,1.610,2,0,1.996,0,0,14,24,0,3,0
04-08 07:14:23,20.807,6.017,72.199,0,0,1770592,10596656,241940,3637412,15016.377,7641.055,0,1147.161,0,119.329,2112,1770,1.870,2.380,1.600,3,0,0,0,0,14,24,0,3,0
04-08 07:14:24,20.996,5.999,72.238,0,0,1801316,10565912,241940,3637432,45232.356,23254.070,0,7.999,0,2.000,1983,1338,1.870,2.380,1.600,2,0,3.999,0,0,14,24,0,1,0
04-08 07:14:25,19.984,6.744,72.690,0,0,1808112,10559116,241940,3637432,29518.730,15315.408,0,0,0,0,1712,1162,1.870,2.380,1.600,1,0,0,0,0,14,24,0,1,0
04-08 07:14:26,22.521,4.004,72.316,0,0,1751892,10615312,241940,3637456,29828.291,15534.213,0,28.026,0,2.002,1806,1225,1.870,2.380,1.600,2,0,1.001,0,0,14,24,0,1,0
04-08 07:14:27,21.992,5.748,72.724,0,0,1747552,10619664,241940,3637444,30255.133,16352.126,0,0,0,0,1887,1336,1.870,2.380,1.600,2,0,1.999,0,0,14,24,0,1,0
04-08 07:14:28,23.760,4.252,71.281,0,0,1759408,10607804,241944,3637444,44046.979,23097.953,0,256.110,0,32.014,1909,1273,1.800,2.360,1.600,2,0,0,0,0,14,24,0,1,0
04-08 07:14:29,20.239,6.496,72.959,0,0,1792404,10574808,241944,3637444,14966.670,7453.851,0,0,0,0,1791,1247,1.800,2.360,1.600,3,0,1.999,0,0,14,24,0,1,0
04-08 07:14:30,22.747,3.999,72.239,0,0,1747468,10619728,241944,3637460,29593.682,15531.734,0,19.997,0,3.000,1876,1247,1.800,2.360,1.600,2,0,3.000,0,0,14,24,0,1,0
04-08 07:14:31,21.511,6.503,70.537,0,0,1684188,10683036,241944,3637432,40814.641,451963.641,0,0,0,0,2343,1987,1.800,2.360,1.600,3,0,1.001,0,0,14,24,0,1,0
04-08 07:14:32,21.986,4.997,71.953,0,0,1717176,10650048,241944,3637432,33817.990,156737.991,0,7.995,0,0.999,2022,1281,1.800,2.360,1.600,2,0,2.998,0,0,14,24,0,1,0
04-08 07:14:33,23.251,4.500,71.754,0,0,1739272,10627868,242020,3637440,29652.632,15534.855,0,1652.091,0,85.005,2204,1850,1.730,2.330,1.600,2,0,2.000,0,0,14,24,0,1,0
04-08 07:14:34,20.804,5.514,72.687,0,0,1698892,10668220,242020,3637468,15357.538,7705.838,0,140.361,0,30.077,1842,1262,1.730,2.330,1.600,2,0,1.003,0,0,14,24,0,1,0
04-08 07:14:35,22.707,4.741,72.114,0,0,1699840,10667352,242020,3637388,29942.368,16173.410,0,0,0,0,1876,1388,1.730,2.330,1.600,1,0,0,0,0,14,24,0,1,0
04-08 07:14:36,20.658,5.476,71.929,0,0,1748728,10618464,242020,3637388,44011.405,22690.643,0,47.787,0,2.987,1930,1340,1.730,2.330,1.600,1,0,4.978,0,0,14,24,0,1,0
04-08 07:14:37,19.589,7.534,72.579,0,0,1759060,10608132,242020,3637388,30401.991,14658.533,0,0,0,0,1803,1192,1.730,2.330,1.600,1,0,0,0,0,14,24,0,1,0
04-08 07:14:38,23.496,3.249,72.738,0,0,1713608,10653492,242024,3637476,15255.460,7456.758,0,179.970,0,5.999,1693,1058,1.680,2.310,1.590,1,0,1.000,0,0,14,24,0,1,0
04-08 07:14:39,21.250,5.500,72.500,0,0,1745876,10621236,242024,3637464,15377.078,7296.037,0,132.001,0,28.000,1880,1286,1.680,2.310,1.590,1,0,2.000,0,0,14,24,0,1,0
04-08 07:14:40,22.429,4.735,72.273,0,0,1742656,10624456,242024,3637464,44482.170,23492.152,0,11.962,0,0.997,1881,1317,1.680,2.310,1.590,1,0,0.997,0,0,14,24,0,1,0
04-08 07:14:41,19.775,6.508,72.342,0,0,1727240,10639880,242024,3637456,45002.485,23502.021,0,0,0,0,1910,1463,1.680,2.310,1.590,1,0,0,0,0,14,24,0,1,0
04-08 07:14:42,21.783,5.759,71.860,0,0,1754680,10612440,242024,3637456,44425.310,22702.909,0,12.018,0,3.005,1949,1341,1.680,2.310,1.590,1,0,5.008,0,0,14,24,0,1,0
04-08 07:14:43,21.505,4.751,72.766,0,0,1774800,10592320,242024,3637456,14858.311,7753.728,0,20.004,0,1.000,1737,1234,1.620,2.290,1.590,1,0,0,0,0,14,24,0,1,0
04-08 07:14:44,22.239,5.247,72.463,0,0,1730360,10636736,242028,3637476,29953.673,15070.289,0,67.965,0,2.998,1797,1206,1.620,2.290,1.590,1,0,0.999,0,0,14,24,0,1,0
04-08 07:14:45,21.754,5.001,72.764,0,0,1734400,10632720,242028,3637452,15728.089,8489.667,0,144.028,0,31.006,1879,1318,1.620,2.290,1.590,1,0,2.000,0,0,14,24,0,1,0
04-08 07:14:46,23.489,4.998,70.467,0,0,1683204,10683892,242028,3637476,56409.445,590152.178,0,23.989,0,1.000,2281,1498,1.620,2.290,1.590,1,0,1.000,0,0,14,24,0,1,0
04-08 07:14:47,20.771,5.505,72.822,0,0,1714952,10652152,242028,3637468,35574.303,30320.089,0,0,0,0,1831,1320,1.620,2.290,1.590,2,0,0,0,0,14,24,0,1,0
04-08 07:14:48,21.483,5.496,72.442,0,0,1746492,10620612,242028,3637468,40639.476,20725.413,0,7.994,0,1.998,1885,1264,1.570,2.270,1.580,1,0,3.997,0,0,14,24,0,1,0
04-08 07:14:49,21.969,4.743,72.647,0,0,1759064,10608036,242032,3637468,29549.130,15284.343,0,79.887,0,2.996,1692,1170,1.570,2.270,1.580,1,0,0,0,0,14,24,0,1,0
04-08 07:14:50,13.007,16.009,69.289,0,0,1712160,10654896,242032,3637512,15492.629,7624.246,0,192.107,0,33.018,3344,1998,1.570,2.270,1.580,1,0,96.053,0,0,14,24,0,1,0
04-08 07:14:51,7.013,26.047,65.869,0,0,1706276,10660748,242032,3637512,60789.208,33013.853,0,96.174,0,4.007,4424,2723,1.570,2.270,1.580,1,0,162.294,0,0,14,24,0,1,0
04-08 07:14:52,5.741,25.959,66.147,0,0,1696472,10670552,242032,3637512,60421.466,31774.287,0,95.850,0,3.994,4346,2694,1.570,2.270,1.580,3,0,157.753,0,0,14,24,0,1,0
04-08 07:14:53,13.004,14.504,71.020,0,0,1702768,10664256,242032,3637512,45750.151,23582.779,0,0,0,0,2865,2020,1.530,2.250,1.580,1,0,51.015,0,0,14,24,0,1,0
04-08 07:14:54,22.017,5.504,71.805,0,0,1742516,10624492,242032,3637528,59619.827,30553.485,0,216.166,0,23.018,2066,1464,1.530,2.250,1.580,1,0,2.002,0,0,14,24,0,1,0
04-08 07:14:55,23.513,3.252,72.789,0,0,1754580,10612420,242032,3637536,29666.887,14665.854,0,0,0,0,1740,1099,1.530,2.250,1.580,1,0,0,0,0,14,24,0,1,0
04-08 07:14:56,21.969,4.494,72.899,0,0,1736400,10630328,242032,3637804,31033.855,17363.860,0,155.783,0,32.954,2001,1230,1.530,2.250,1.580,2,0,8.988,0,0,14,24,0,1,0
04-08 07:14:57,18.750,8.250,72.000,0,0,1748192,10618536,242032,3637804,44795.165,22772.084,0,0,0,0,2031,1596,1.530,2.250,1.580,2,0,2.000,0,0,14,24,0,1,0
04-08 07:14:58,21.735,6.745,70.701,0,0,1754972,10611756,242032,3637804,58666.580,585440.644,0,0,0,0,2316,1473,1.480,2.230,1.580,1,0,0.999,0,0,14,24,0,1,0
04-08 07:14:59,22.725,3.996,72.672,0,0,1769152,10597576,242032,3637804,30071.542,15385.394,0,379.590,0,18.980,1749,1108,1.480,2.230,1.580,1,0,0,0,0,14,24,0,1,0
04-08 07:15:00,15.542,17.046,66.428,0,0,1720372,10646304,242036,3637852,15299.073,7381.818,0,144.388,0,4.011,3071,1917,1.480,2.230,1.580,1,0,105.283,0,0,14,24,0,1,0
04-08 07:15:01,6.249,25.747,65.991,0.250,0,1710732,10655864,242036,3637932,46564.921,57492.494,39.995,163.979,2.000,30.996,4346,2687,1.480,2.230,1.580,1,0,156.980,0,0,14,24,0,1,0
04-08 07:15:02,6.001,25.006,67.015,0,0,1700352,10666232,242036,3637936,60889.531,33123.361,0,60.013,0,3.001,4301,2728,1.480,2.230,1.580,2,0,153.034,0,0,14,24,0,1,0
04-08 07:15:03,6.001,25.006,67.765,0,0,1685184,10681396,242036,3637940,61677.839,32581.310,0,84.019,0,3.001,4276,2664,1.440,2.200,1.570,1,0,144.032,0,0,14,24,0,1,0
04-08 07:15:04,5.996,25.233,66.704,0,0,1677736,10688836,242036,3637948,45862.626,24123.497,0,27.981,0,0.999,4233,2623,1.440,2.200,1.570,1,0,151.896,0,0,14,24,0,1,0
04-08 07:15:05,6.979,28.164,62.559,0,0,1668500,10698060,242044,3637952,60630.122,32177.881,0,127.611,0,2.991,4466,2675,1.440,2.200,1.570,2,0,153.532,0,0,14,24,0,1,0
04-08 07:15:06,7.018,26.570,64.920,0,0,1654964,10711544,242044,3637996,61135.935,32170.159,0,188.493,0,5.013,4483,2734,1.440,2.200,1.570,1,0,156.409,0,0,14,24,0,1,0
04-08 07:15:07,7.225,25.911,64.278,0,0,1650488,10716020,242044,3637996,72839.843,474406.215,0,302.955,0,64.777,4892,3010,1.440,2.200,1.570,1,0,152.474,0,0,14,24,0,1,0
04-08 07:15:08,6.760,25.787,66.096,0,0,1647724,10718776,242044,3637996,48532.182,133689.327,0,0,0,0,4387,2585,1.490,2.200,1.580,1,0,148.214,0,0,14,24,0,1,0
04-08 07:15:09,7.255,24.266,66.793,0,0,1640872,10725624,242044,3637996,60854.420,31974.712,0,176.114,0,2.001,4216,2581,1.490,2.200,1.580,3,0,136.088,0,0,14,24,0,1,0
04-08 07:15:10,7.001,23.754,67.510,0,0,1641592,10724884,242052,3638000,60981.016,32684.832,0,400.059,0,5.001,4274,2607,1.490,2.200,1.580,2,0,140.021,0,0,14,24,0,1,0
04-08 07:15:11,6.513,25.800,65.877,0,0,1632232,10734204,242052,3638040,61221.016,32284.235,0,352.680,0,4.008,4315,2563,1.490,2.200,1.580,1,0,148.286,0,0,14,24,0,1,0
04-08 07:15:12,6.275,26.356,66.016,0,0,1638040,10728396,242052,3638040,46004.376,23884.242,0,502.023,0,36.146,4436,2593,1.490,2.200,1.580,2,0,158.639,0,0,14,24,0,1,0
04-08 07:15:13,6.478,24.416,66.772,0,0,1635340,10731096,242052,3638040,60362.544,31785.286,0,354.787,0,4.983,4159,2520,1.450,2.180,1.570,1,0,139.523,0,0,14,24,0,1,0
04-08 07:15:14,7.990,26.967,64.171,0,0,1639728,10726704,242052,3638044,61252.637,32146.448,0,351.567,0,3.995,4455,2713,1.450,2.180,1.570,4,0,167.794,0,0,14,24,0,1,0
04-08 07:15:15,16.262,31.523,50.036,0,0,1647832,10718588,242060,3638048,71246.227,471124.745,0,416.299,0,6.004,5345,13097,1.450,2.180,1.570,1,0,173.124,0,0,14,24,0,2,0
04-08 07:15:16,6.463,25.105,65.620,0,0,1647164,10719256,242060,3638048,48863.121,143505.219,0,262.480,0,2.983,4413,2652,1.450,2.180,1.570,1,0,149.137,0,0,14,24,0,2,0
04-08 07:15:17,6.782,25.120,66.067,0,0,1646288,10720132,242060,3638048,61276.593,32196.261,0,442.118,0,5.024,4275,2610,1.450,2.180,1.570,1,0,146.703,0,0,14,24,0,1,0
04-08 07:15:18,6.480,22.931,69.540,0,0,1647992,10718424,242060,3638052,60855.958,33193.615,0,155.530,0,33.897,4182,2602,1.330,2.140,1.560,1,0,129.608,0,0,14,24,0,1,0
04-08 07:15:19,6.745,23.481,68.196,0,0,1643740,10722668,242060,3638060,61389.968,33069.587,0,87.930,0,3.997,4294,2657,1.330,2.140,1.560,1,0,136.891,0,0,14,24,0,1,0
04-08 07:15:20,5.506,24.275,68.319,0,0,1631856,10734548,242064,3638060,56337.294,31277.809,0,136.138,0,4.004,4297,2638,1.330,2.140,1.560,1,0,151.154,0,0,14,24,0,1,0
04-08 07:15:21,5.521,24.344,68.265,0,0,1633364,10733028,242064,3638072,50095.454,27042.972,0,84.327,0,3.012,4159,2683,1.330,2.140,1.560,1,0,147.573,0,0,14,24,0,1,0
04-08 07:15:22,6.220,23.638,68.176,0,0,1629064,10737328,242064,3638072,60874.283,32760.086,0,55.735,0,1.991,4283,2633,1.330,2.140,1.560,2,0,135.356,0,0,14,24,0,1,0
04-08 07:15:23,7.776,25.085,65.724,0,0,1623648,10742736,242064,3638080,68054.481,476155.601,0,204.696,0,3.010,4690,2813,1.390,2.140,1.570,1,0,140.478,0,0,14,24,0,1,0
04-08 07:15:24,7.008,24.277,66.823,0,0,1621804,10744572,242064,3638084,59308.885,151285.508,0,168.184,0,37.041,4491,2746,1.390,2.140,1.570,1,0,145.159,0,0,14,24,0,1,0
04-08 07:15:25,5.745,26.479,65.698,0,0,1620572,10745804,242064,3638084,49921.148,25549.604,0,135.892,0,8.993,4544,2736,1.390,2.140,1.570,2,0,168.865,0,0,14,24,0,1,0
04-08 07:15:26,6.753,25.763,66.034,0,0,1622160,10744216,242064,3638084,60726.836,31590.041,0,16.008,0,4.002,4404,2644,1.390,2.140,1.570,1,0,154.078,0,0,14,24,0,1,0
04-08 07:15:27,6.724,24.155,67.485,0,0,1619828,10746540,242064,3638092,60756.079,31904.537,0,11.953,0,2.988,4173,2489,1.390,2.140,1.570,2,0,135.467,0,0,14,24,0,1,0
04-08 07:15:28,7.032,23.357,68.062,0,0,1620160,10746208,242064,3638092,61497.349,33672.599,0,8.037,0,2.009,4122,2542,1.520,2.160,1.580,2,0,126.581,0,0,14,24,0,1,0
04-08 07:15:29,16.725,32.451,48.427,0,0,1613272,10748320,242064,3642788,45937.642,23236.916,0,379.427,0,81.876,7610,11035,1.520,2.160,1.580,2,0,137.792,0,0,14,24,0,1,0
04-08 07:15:30,10.983,32.948,54.664,0,0,1612404,10749128,242104,3642800,60846.171,32748.423,0,571.101,0,53.915,4959,3136,1.520,2.160,1.580,2,0,193.695,0,0,14,24,0,3,0
04-08 07:15:31,24.922,31.719,42.040,0,0,1648500,10712992,242136,3642804,71749.534,467693.579,0,1691.660,0,24.167,5437,3412,1.520,2.160,1.580,2,0,162.117,0,0,14,24,0,3,0
04-08 07:15:32,36.265,31.794,30.055,0,0,1707204,10654280,242136,3642812,48406.538,136670.972,0,11.923,0,2.981,4985,2697,1.520,2.160,1.580,4,0,150.028,0,0,14,24,0,3,0
04-08 07:15:33,41.792,47.798,10.010,0,0,1748740,10612564,242180,3642944,61187.958,33006.883,0,252.251,0,15.015,5432,3452,1.720,2.190,1.590,7,0,330.329,0,0,14,26,0,4,0
04-08 07:15:34,50.296,49.039,0.754,0.754,0,1793072,10564912,242352,3645872,46860.018,23916.877,675.982,9693.095,42.249,562.312,6247,4572,1.720,2.190,1.590,4,1,294.736,0,0,14,24,0,7,0
04-08 07:15:35,81.486,17.747,0.500,0,0,1931088,10420584,243788,3650012,59982.333,30926.500,467.917,1523.729,94.983,50.991,5427,3209,1.720,2.190,1.590,4,0,28.995,0,0,14,26,0,8,0
04-08 07:15:36,64.696,21.401,7.134,2.952,0,1962400,10378504,247352,3656580,29176.732,14763.513,436.883,27807.043,9.840,2212.953,12589,18202,1.720,2.190,1.590,4,1,63.958,0,0,14,28,0,8,0
04-08 07:15:37,53.695,21.977,15.984,5.744,0,1980484,10351036,250844,3662088,15199.374,7288.507,0,52689.830,0,3217.692,15414,23324,1.720,2.190,1.590,4,1,70.927,0,0,14,30,0,8,0
04-08 07:15:38,53.606,26.174,12.583,4.278,0,1976092,10347788,253604,3666732,15607.529,8196.369,0,37291.365,0,2405.959,13393,18752,1.900,2.220,1.600,6,0,99.661,0,0,14,28,0,8,0
04-08 07:15:39,58.244,25.105,9.289,4.770,0,1949660,10367596,256784,3669980,15566.229,7754.495,0,43887.909,0,2693.286,13985,19851,1.900,2.220,1.600,7,1,71.299,0,0,14,28,0,8,0
04-08 07:15:40,65.113,18.888,9.692,3.976,0,1978016,10331824,260940,3673012,14827.926,7252.919,0,21750.805,0,1899.716,11142,16507,1.900,2.220,1.600,8,1,60.640,0,0,14,33,0,8,0
04-08 07:15:41,63.913,20.051,9.274,4.261,0,1994384,10308892,265060,3675240,15401.170,7462.981,0,40029.809,0,2512.390,13220,19027,1.900,2.220,1.600,4,2,39.099,0,0,14,37,0,8,0
04-08 07:15:42,49.927,21.577,19.569,4.516,0,1959404,10335380,269928,3678608,240.855,0,0,43522.465,0,2734.706,14006,20881,1.900,2.220,1.600,9,0,83.296,0,0,14,36,0,8,0
04-08 07:15:43,45.783,24.500,19.551,5.692,0,1948284,10339876,274536,3680444,45005.260,22565.984,0,31942.410,0,2375.784,13489,18452,2.310,2.300,1.630,11,0,100.971,0,0,14,36,0,8,0
04-08 07:15:44,57.556,19.943,16.913,4.544,0,1865160,10418464,278056,3681348,30233.971,15128.093,0,26269.688,0,1953.869,11139,14399,2.310,2.300,1.630,4,1,39.380,0,0,14,34,0,8,0
04-08 07:15:45,43.780,30.270,20.514,3.002,0,1877720,10402012,281140,3682064,30073.294,14667.898,0,24292.393,0,1815.225,12200,16052,2.310,2.300,1.630,4,0,129.087,0,0,14,36,0,8,0
04-08 07:15:46,40.552,25.282,22.028,7.259,0,1876780,10395488,285004,3685488,14754.777,7615.692,2242.854,30919.349,24.031,2164.755,12917,18158,2.310,2.300,1.630,3,1,99.126,0,0,14,37,0,9,0
04-08 07:15:47,39.960,30.945,18.518,5.117,0,1883912,10383608,287984,3687584,14595.119,7333.134,1224.138,20436.091,18.518,1593.524,12830,19141,2.310,2.300,1.630,14,0,112.083,0,0,14,37,0,9,0
04-08 07:15:48,46.410,30.433,12.680,9.383,0,1885244,10378668,289984,3689056,29206.489,581782.383,0,22435.161,0,1410.059,12028,16633,2.280,2.290,1.630,9,0,81.154,0,0,14,37,0,9,0
04-08 07:15:49,50.577,29.228,17.028,2.796,0,1800936,10460604,291424,3689480,15406.866,7484.351,406.648,12577.614,4.066,1176.229,9684,12663,2.280,2.290,1.630,4,0,80.313,0,0,14,36,0,9,0
04-08 07:15:50,49.316,26.384,16.274,3.699,0,1846740,10411256,293656,3690660,118.358,0,1286.155,24197.278,19.726,1969.672,11351,17182,2.280,2.290,1.630,5,0,89.755,0,0,14,36,0,9,0
04-08 07:15:51,38.971,27.154,26.651,3.771,0,1868440,10385300,296312,3692120,45804.479,23609.748,152.866,33417.307,7.040,2478.038,13213,19580,2.280,2.290,1.630,3,0,115.655,0,0,14,36,0,9,0
04-08 07:15:52,38.545,14.517,37.293,5.006,0,1866208,10383032,298200,3694620,29566.151,14879.187,0,32665.731,0,2481.867,14451,21133,2.280,2.290,1.630,3,0,37.043,0,0,14,37,0,9,0
04-08 07:15:53,37.008,14.753,36.258,5.751,0,1863792,10380568,301300,3696244,29597.736,14595.322,0,35516.083,0,2570.585,14466,20977,2.340,2.300,1.640,3,0,27.006,0,0,14,37,0,9,0
04-08 07:15:54,35.254,17.627,35.502,5.710,0,1788592,10449868,305412,3697876,15152.213,7245.415,0,34820.894,0,2921.602,14534,19567,2.340,2.300,1.640,3,0,64.549,0,0,14,36,0,9,0
04-08 07:15:55,33.997,22.161,34.752,5.540,0,1798084,10434524,309396,3699600,29960.514,14928.381,0,26492.335,0,2165.723,12944,18221,2.340,2.300,1.640,2,0,98.717,0,0,14,36,0,9,0
04-08 07:15:56,39.849,14.943,34.121,6.226,0,1834504,10391436,314328,3701148,807.934,147.440,0,31863.084,0,2497.522,13089,18786,2.340,2.300,1.640,5,0,44.830,0,0,14,36,0,9,0
04-08 07:15:57,40.654,15.308,34.882,5.270,0,1850780,10369540,318728,3702224,15091.989,7552.519,0,30519.243,0,2348.870,12353,17068,2.340,2.300,1.640,3,0,14.053,0,0,14,37,0,9,0
04-08 07:15:58,41.096,12.279,38.841,4.511,0,1849236,10366264,322296,3703344,15293.775,7379.262,0,22412.427,0,1858.347,11753,17665,2.470,2.330,1.650,2,0,18.042,0,0,14,37,0,9,0
04-08 07:15:59,38.860,12.455,37.615,4.733,0,1849324,10360216,326124,3705284,14981.140,7269.864,0,28987.784,0,2046.642,12593,17920,2.470,2.330,1.650,4,0,14.946,0,0,14,37,0,10,0
04-08 07:16:00,42.854,11.528,38.844,4.260,0,1808896,10397140,329092,3705736,180.439,0,0,21917.264,0,1696.122,9714,12185,2.470,2.330,1.650,2,0,46.112,0,0,14,34,0,11,0
04-08 07:16:01,29.725,22.481,46.460,0,0,1679496,10526504,329136,3705736,15363.822,7437.620,0,535.541,0,29.974,4126,2404,2.470,2.330,1.650,2,0,88.924,0,0,14,32,0,11,0
04-08 07:16:02,26.555,25.052,47.849,0.251,0,1708356,10497232,329500,3705772,420.868,0,0,5415.169,0,268.554,5055,3604,2.470,2.330,1.650,2,0,128.265,0,0,14,32,0,11,0
04-08 07:16:03,21.983,5.246,70.945,0,0,1708356,10497232,329500,3705772,11534.061,20544.078,0,59.954,0,0.999,3400,3599,2.350,2.310,1.650,1,0,1.998,0,0,14,33,0,11,0
04-08 07:16:04,24.266,4.003,69.797,0,0,1708316,10497232,329500,3705812,48650.849,24142.301,0,0,0,0,4410,4843,2.350,2.310,1.650,1,0,0,0,0,14,33,0,11,0
04-08 07:16:05,21.506,8.002,69.268,0.250,0,1668224,10537300,329512,3705824,29940.957,14661.897,0,2140.569,0,8.002,3317,3057,2.350,2.310,1.650,2,0,25.007,0,0,14,32,0,11,0
04-08 07:16:06,17.004,14.504,67.517,0,0,1663284,10542152,329520,3705868,14919.699,7511.862,0,3272.811,0,17.004,2443,1648,2.350,2.310,1.650,1,0,38.009,0,0,14,32,0,11,0
04-08 07:16:07,21.496,4.499,72.987,0,0,1703600,10501832,329520,3705868,14972.373,7294.720,0,0,0,0,2105,1711,2.350,2.310,1.650,1,0,0,0,0,14,33,0,11,0
04-08 07:16:08,21.973,4.994,71.661,0,0,1703592,10501832,329520,3705876,15460.898,7286.997,0,71.911,0,1.998,2903,2780,2.250,2.290,1.650,1,0,0,0,0,14,33,0,11,0
04-08 07:16:09,18.252,9.001,71.256,0,0,1664268,10541144,329520,3705888,14976.352,7458.673,0,0,0,0,2467,1799,2.250,2.290,1.650,1,0,36.003,0,0,14,32,0,11,0
04-08 07:16:10,22.273,5.506,71.825,0,0,1682112,10523252,329568,3705888,15839.452,7465.755,0,2042.121,0,313.325,2435,1586,2.250,2.290,1.650,1,0,0,0,0,14,32,0,11,0
04-08 07:16:11,21.912,5.478,71.960,0,0,1703252,10502112,329592,3705864,638.428,147.406,0,1637.404,0,19.920,2032,1532,2.250,2.290,1.650,2,0,0,0,0,14,32,0,11,0
04-08 07:16:12,17.514,11.259,70.055,0,0,1673676,10531600,329644,3705900,14987.772,7463.862,0,372.292,0,31.024,3391,2806,2.250,2.290,1.650,1,0,63.050,0,0,14,32,0,11,0
04-08 07:16:13,18.562,7.274,73.243,0,0,1714948,10490328,329660,3705884,1151.821,0,0,176.586,0,11.037,1789,1323,2.150,2.270,1.640,1,0,0,0,0,14,32,0,11,0
04-08 07:16:14,22.478,4.745,72.430,0,0,1745100,10460156,329660,3705904,15914.704,7582.712,0,3.996,0,0.999,2148,1697,2.150,2.270,1.640,2,0,0,0,0,14,32,0,11,0
04-08 07:16:15,33.267,12.757,53.277,0,0,1730748,10474296,329660,3706196,1163.593,0,0,0,0,0,4315,12623,2.150,2.270,1.640,1,0,38.019,0,0,14,33,0,12,0
04-08 07:16:16,17.752,11.001,70.508,0,0,1707808,10497284,329660,3706052,15097.730,7768.890,0,40.005,0,3.000,2770,2082,2.150,2.270,1.640,1,0,43.005,0,0,14,32,0,12,0
04-08 07:16:17,20.754,5.501,73.014,0,0,1736652,10468436,329660,3706056,1163.222,42.008,0,0,0,0,1777,1323,2.150,2.270,1.640,1,0,0,0,0,14,32,0,12,0
04-08 07:16:18,22.481,5.495,70.939,0,0,1751024,10454056,329664,3706060,25897.668,440624.041,0,87.924,0,3.997,2468,1899,2.050,2.250,1.640,2,0,1.998,0,0,14,32,0,12,0
04-08 07:16:19,23.511,4.002,71.282,0,0,1745136,10459924,329692,3706052,719.326,0,0,100.045,0,13.006,3727,4016,2.050,2.250,1.640,1,0,0,0,0,14,32,0,12,0
04-08 07:16:20,8.982,20.209,68.612,0,0,1706028,10498952,329724,3706096,419.156,0,0,307.381,0,16.966,3756,2302,2.050,2.250,1.640,3,0,130.737,0,0,14,32,0,12,0
04-08 07:16:21,5.759,25.790,66.853,0,0,1696244,10508684,329724,3706148,702.086,148.229,0,24.037,0,1.002,4272,2465,2.050,2.250,1.640,1,0,162.251,0,0,14,32,0,12,0
04-08 07:16:22,6.249,26.747,65.743,0,0,1684836,10519980,329768,3706212,62373.207,221203.910,0,459.950,0,26.997,4950,3166,2.050,2.250,1.640,1,0,163.982,0,0,14,32,0,12,0
04-08 07:16:23,5.979,24.911,66.761,0,0,1674300,10530520,329776,3706200,50645.570,26263.914,0,63.772,0,2.989,4316,2701,2.050,2.240,1.640,1,0,149.465,0,0,14,32,0,12,0
04-08 07:16:24,17.533,36.068,44.083,0,0,1658656,10546100,329824,3706216,60461.867,31501.326,0,264.498,0,23.043,5363,3248,2.050,2.240,1.640,4,0,216.408,0,0,14,32,0,14,0
04-08 07:16:25,54.450,22.436,23.696,0,0,1719080,10485376,329932,3706400,60850.216,32321.289,0,653.403,0,43.359,4867,2829,2.050,2.240,1.640,5,0,60.500,0,0,14,32,0,18,0
04-08 07:16:26,63.129,12.924,22.866,0,0,1818704,10384856,329964,3707224,45107.264,23637.272,0,1029.955,0,172.985,4096,1731,2.050,2.240,1.640,3,0,1.988,0,0,14,32,0,18,0
04-08 07:16:27,64.720,11.745,22.989,0,0,1930336,10270980,330040,3709184,44246.536,22753.477,0,491.773,0,8.996,3756,1637,2.050,2.240,1.640,3,0,1.999,0,0,14,32,0,18,0
04-08 07:16:28,65.252,10.750,23.501,0.500,0,2067900,10130644,330096,3711572,15198.533,7458.262,464.016,1048.037,4.000,20.001,3661,1600,2.130,2.250,1.650,3,2,6.000,0,0,14,32,0,18,0
04-08 07:16:29,56.375,11.973,25.942,2.744,0,2075220,10115100,333124,3716356,30178.097,16473.479,343.239,19664.405,5.987,1501.671,10053,12381,2.130,2.250,1.650,3,0,53.881,0,0,14,38,0,18,0
04-08 07:16:30,40.653,17.315,29.110,6.776,0,2076372,10100508,339116,3723432,44555.776,22169.480,0,52907.223,0,3441.961,16999,24800,2.130,2.250,1.650,5,0,110.416,0,0,14,38,0,18,0
04-08 07:16:31,37.612,18.311,30.931,7.423,0,2076852,10087908,345012,3729248,29746.168,14975.527,0,51548.279,0,3435.562,16663,24445,2.130,2.250,1.650,3,0,109.867,0,0,14,38,0,16,0
04-08 07:16:32,39.344,16.141,31.778,7.062,0,2078420,10075868,350304,3734100,24641.622,447727.754,0,36023.214,0,2764.187,15180,21719,2.130,2.250,1.650,2,1,137.201,0,0,14,38,0,16,0
04-08 07:16:33,32.431,16.465,35.674,8.232,0,2078424,10064780,356244,3738936,47717.339,131928.928,0,41260.096,0,2984.641,16001,23169,2.440,2.320,1.670,6,0,80.828,0,0,14,38,0,16,0
04-08 07:16:34,48.554,18.020,20.773,7.508,0,1941904,10190444,362132,3743592,44845.796,23071.619,0,53535.445,0,3391.766,15932,23326,2.440,2.320,1.670,5,0,86.096,0,0,14,36,0,16,0
04-08 07:16:35,38.689,27.956,23.463,5.741,0,1962576,10160064,367352,3747772,60192.458,31919.865,0,44082.761,0,2907.433,15140,21530,2.440,2.320,1.670,3,1,157.752,0,0,14,36,0,12,0
04-08 07:16:36,46.122,19.050,22.560,6.517,0,1995860,10115460,373144,3752988,45203.802,23530.362,0,49406.941,0,3180.429,14347,22140,2.440,2.320,1.670,7,0,71.189,0,0,14,36,0,12,0
04-08 07:16:37,55.370,16.387,18.125,5.214,0,2034052,10068588,378072,3756428,44364.217,22096.199,0,40736.142,0,2662.707,12095,17999,2.440,2.320,1.670,4,0,20.857,0,0,14,36,0,12,0
04-08 07:16:38,45.356,16.199,26.167,6.978,0,2072576,10017432,382768,3764064,15189.778,7338.702,0,40056.835,0,2651.582,13335,19673,2.560,2.340,1.680,5,1,1.994,0,0,14,36,0,12,0
04-08 07:16:39,49.349,15.951,23.429,6.979,0,2074176,10005588,387732,3768920,59577.285,30947.608,123.623,51921.636,1.994,2964.957,13597,20736,2.560,2.340,1.680,3,0,13.957,0,0,14,38,0,11,0
04-08 07:16:40,23.440,28.733,34.782,6.805,0,2050996,10022264,392912,3770076,46262.836,24510.593,0,46762.888,0,3000.309,15383,22108,2.560,2.340,1.680,4,0,114.931,0,0,14,36,0,11,0
04-08 07:16:41,34.622,15.053,36.880,8.028,0,2042964,10023020,397972,3772108,44423.607,22113.959,0,41016.596,0,2867.107,13500,20336,2.560,2.340,1.680,2,0,39.138,0,0,14,36,0,11,0
04-08 07:16:42,40.625,11.215,38.132,6.231,0,2035036,10026044,401232,3773624,29425.144,14588.954,0,27969.638,0,2215.160,11135,16203,2.560,2.340,1.680,5,0,56.825,0,0,14,36,0,11,0
04-08 07:16:43,25.384,21.866,50.266,0.503,0,1762428,10297936,401792,3773764,15462.756,7467.483,0,8287.820,0,429.270,4766,3861,2.520,2.340,1.690,2,0,126.670,0,0,14,32,0,11,0
04-08 07:16:44,9.992,22.483,65.699,0.250,0,1758588,10301444,402100,3773780,59511.683,609477.656,0,4528.476,0,215.832,4775,3165,2.520,2.340,1.690,2,0,123.904,0,0,14,32,0,11,0
04-08 07:16:45,21.705,4.990,72.101,0,0,1786948,10273084,402100,3773780,60219.517,30632.677,0,0,0,0,1981,1381,2.520,2.340,1.690,1,0,2.994,0,0,14,32,0,11,0
04-08 07:16:46,21.533,6.009,72.613,0,0,1816332,10243700,402100,3773780,29704.052,14925.140,0,88.137,0,2.003,1851,1276,2.520,2.340,1.690,1,0,0,0,0,14,32,0,11,0
04-08 07:16:47,22.484,4.497,72.447,0,0,1843500,10216532,402100,3773780,29689.328,14581.356,0,0,0,0,1810,1227,2.520,2.340,1.690,1,0,1.999,0,0,14,32,0,10,0
04-08 07:16:48,23.756,3.501,71.267,0,0,1859140,10200868,402116,3773784,30307.132,16007.767,0,284.067,0,44.010,2356,1891,2.390,2.320,1.680,1,0,2.000,0,0,14,38,0,10,0
04-08 07:16:49,25.759,1.250,72.527,0,0,1853940,10206048,402132,3773788,45279.597,24034.810,0,120.044,0,9.003,2001,1412,2.390,2.320,1.680,1,0,0,0,0,14,34,0,10,0
04-08 07:16:50,17.501,9.250,71.752,0,0,1730484,10329496,402140,3773788,59635.761,29612.874,0,40.001,0,3.000,2373,1624,2.390,2.320,1.680,2,0,27.001,0,0,14,32,0,10,0
04-08 07:16:51,22.514,7.755,69.543,0.250,0,1767256,10292512,402364,3773772,44812.841,24605.286,0,7432.618,0,367.228,3061,2723,2.390,2.320,1.680,2,0,3.002,0,0,14,32,0,10,0
04-08 07:16:52,21.974,5.244,71.167,0,0,1814372,10245132,402472,3773924,30774.036,15523.858,0,2880.634,0,141.834,2259,1783,2.390,2.320,1.680,2,0,0,0,0,14,32,0,10,0
04-08 07:16:53,23.633,4.274,72.408,0.251,0,1831168,10228292,402508,3773932,30229.157,15740.602,0,422.378,0,56.317,2159,1688,2.280,2.290,1.680,2,0,3.017,0,0,14,34,0,10,0
04-08 07:16:54,15.186,13.194,69.705,0,0,1687624,10371820,402532,3773920,44487.998,22855.415,0,589.509,0,31.865,3110,2060,2.280,2.290,1.680,1,0,73.689,0,0,14,32,0,10,0
04-08 07:16:55,11.754,46.016,40.764,0,0,1668744,10390656,402544,3773948,71579.477,597826.427,0,192.066,0,14.005,5982,3718,2.280,2.290,1.680,5,0,290.099,0,0,14,32,0,10,0
04-08 07:16:56,10.001,45.504,42.503,0,0,1668452,10390936,402556,3773948,45561.576,26494.079,0,392.031,0,70.005,5675,3366,2.280,2.290,1.680,2,0,279.022,0,0,14,32,0,10,0
04-08 07:16:57,10.733,47.176,40.187,0,0,1671644,10387720,402556,3773972,60665.487,37790.502,0,1649.403,0,13.978,5620,3442,2.280,2.290,1.680,2,0,288.546,0,0,14,32,0,10,0
04-08 07:16:58,10.499,46.245,40.996,0,0,1673220,10386124,402556,3773992,61043.713,37702.117,0,15.998,0,4.000,5561,3414,2.180,2.270,1.670,2,0,286.970,0,0,14,32,0,10,0
04-08 07:16:59,10.225,49.129,38.405,0,0,1664992,10394348,402556,3773996,60545.501,31985.023,0,27.931,0,6.983,5740,3567,2.180,2.270,1.670,2,0,330.185,0,0,14,32,0,9,0
04-08 07:17:00,10.543,47.695,39.411,0,0,1665680,10393652,402556,3774004,45859.834,24484.283,0,36.148,0,9.037,5560,3403,2.180,2.270,1.670,2,0,312.279,0,0,14,32,0,9,0
04-08 07:17:01,7.971,38.113,52.312,0,0,1662856,10396468,402560,3774004,60597.327,31913.363,0,187.327,0,8.968,5104,3077,2.180,2.270,1.670,1,0,239.141,0,0,14,32,0,9,0
04-08 07:17:02,4.513,19.808,73.965,0,0,1665580,10393724,402564,3774012,61113.665,32634.874,0,3056.887,0,75.219,3527,2374,2.180,2.270,1.670,0,0,105.306,0,0,14,32,0,9,0
04-08 07:17:03,6.990,11.982,78.882,0.999,0,1654584,10404580,402588,3774108,61077.832,592609.444,99.851,179.732,6.990,9.985,3201,2707,2.010,2.230,1.660,0,0,41.937,0,0,14,12,0,8,20
04-08 07:17:04,5.512,21.296,70.401,0.501,0,1656752,10402340,402612,3774156,60478.036,32808.543,36.078,412.888,1.002,18.039,3815,2596,2.010,2.230,1.660,1,0,119.256,0,0,14,12,0,8,20
04-08 07:17:05,6.750,22.251,69.252,0,0,1658236,10400840,402620,3774168,61038.596,33888.886,0,196.005,0,10.000,4168,2717,2.010,2.230,1.660,1,0,128.003,0,0,14,12,0,8,20
04-08 07:17:06,8.490,27.968,62.179,0,0,1658936,10400096,402620,3774208,44912.479,23293.279,0,23.973,0,4.994,4266,2495,2.010,2.230,1.660,1,0,127.853,0,0,14,12,0,8,20
04-08 07:17:07,6.980,24.182,67.062,0,0,1657776,10401232,402620,3774212,60707.760,31936.442,0,15.955,0,3.989,4182,2480,2.010,2.230,1.660,1,0,117.670,0,0,14,12,0,8,20
04-08 07:17:08,13.258,27.016,56.784,0,0,1649548,10409456,402620,3774672,60204.371,31593.086,0,8.005,0,2.001,5270,5756,2,2.230,1.670,2,0,116.070,0,0,14,12,0,8,20
04-08 07:17:09,20.022,22.274,57.562,0,0,1663368,10395616,402620,3774688,45065.795,22978.880,0,1401.517,0,282.306,5422,5403,2,2.230,1.670,4,0,68.074,0,0,14,12,0,8,20
04-08 07:17:10,21.216,21.216,55.911,0,0,1683728,10375244,402632,3774224,44892.476,23588.418,0,115.815,0,1.997,4230,2380,2,2.230,1.670,4,0,72.884,0,0,14,12,0,8,20
04-08 07:17:11,20.075,26.098,52.446,0.251,0,1705024,10352980,402644,3775096,69830.537,469420.124,44.165,16.060,2.008,1.004,4949,3078,2,2.230,1.670,1,0,139.523,0,0,16,12,0,8,20
04-08 07:17:12,6.239,23.957,67.378,0.250,0,1714932,10342920,402644,3775232,62988.261,158086.540,127.769,11.978,0.998,2.995,4248,2838,2,2.230,1.670,2,0,129.766,0,0,16,12,0,8,20
04-08 07:17:13,7.255,24.266,67.043,0,0,1705584,10352260,402644,3775236,45172.003,23340.986,0,12.008,0,3.002,4279,2725,1.920,2.210,1.660,3,0,121.078,0,0,16,12,0,8,20
04-08 07:17:14,8.046,24.138,67.134,0,0,1709832,10348008,402644,3775240,61155.755,31294.979,0,12.069,0,3.017,4234,2698,1.920,2.210,1.660,1,0,123.707,0,0,16,12,0,8,20
04-08 07:17:15,19.387,25.104,53.688,0,0,1724336,10333464,402644,3775716,59473.275,30896.396,0,226.682,0,2.983,5007,5355,1.920,2.210,1.660,2,0,92.463,0,0,16,12,0,8,20
04-08 07:17:16,26.506,26.756,45.510,0,0,1712964,10344832,402644,3775244,44691.332,23702.950,0,812.170,0,7.001,5936,16550,1.920,2.210,1.660,1,0,96.020,0,0,16,12,0,8,20
04-08 07:17:17,25.580,26.822,45.945,0,0,1754888,10302520,402644,3775600,45429.448,25562.322,3.974,0,0.993,0,5011,2913,1.920,2.210,1.660,6,0,123.182,0,0,18,12,0,8,20
04-08 07:17:18,7.266,23.302,67.399,0,0,1765860,10291540,402644,3775608,61280.473,34107.401,0,8.018,0,2.004,4335,3001,1.850,2.190,1.660,1,0,138.306,0,0,18,12,0,8,20
04-08 07:17:19,7.543,24.641,66.128,0,0,1764684,10292704,402644,3775620,64222.096,33841.439,0,12.069,0,3.017,4540,3059,1.850,2.190,1.660,1,0,128.736,0,0,18,12,0,8,20
04-08 07:17:20,8.749,25.248,64.496,0,0,1763704,10293676,402644,3775624,49136.993,575878.754,0,179.989,0,5.000,4640,3289,1.850,2.190,1.660,2,0,129.992,0,0,18,12,0,7,20
04-08 07:17:21,13.251,27.502,56.754,0,0,1783576,10273800,402644,3776100,60824.577,31678.384,0,8.001,0,2.000,5900,6349,1.850,2.190,1.660,4,0,136.010,0,0,18,12,0,7,20
04-08 07:17:22,17.961,22.950,57.624,0,0,1768992,10288360,402644,3776100,44758.392,23830.032,0,391.147,0,2.993,5421,6247,1.850,2.190,1.660,2,0,66.854,0,0,18,12,0,7,20
04-08 07:17:23,22.018,20.767,56.046,0,0,1780816,10276536,402648,3775632,45420.452,23403.298,0,0,0,0,4505,2962,1.780,2.170,1.650,2,0,63.052,0,0,18,12,0,7,20
04-08 07:17:24,46.335,18.785,34.063,0,0,1921100,10136184,402700,3775648,62447.227,33475.769,0,8.015,0,2.004,4322,2883,1.780,2.170,1.650,14,0,39.072,0,0,20,12,0,7,20
04-08 07:17:25,80.207,20.115,0,0,0,2128212,9928592,402708,3776048,29700.222,14874.751,0,2369.501,0,402.292,5855,3618,1.780,2.170,1.650,13,0,4.023,0,0,20,12,0,7,20
04-08 07:17:26,83.690,16.488,0,0,0,2318036,9738584,402708,3776192,15069.168,7422.664,0,51.963,0,2.998,5084,3524,1.780,2.170,1.650,14,0,33.976,0,0,20,12,0,7,20
04-08 07:17:27,73.058,8.668,17.336,0,0,2394772,9660980,402724,3776972,29313.450,14732.507,0,372.473,0,6.934,4602,3337,1.780,2.170,1.650,1,0,28.728,0,0,20,12,0,7,20
04-08 07:17:28,6.318,24.513,67.979,0,0,2402312,9653432,402724,3776976,30864.779,19044.096,0,60.650,0,1.011,4560,3204,1.800,2.170,1.660,0,0,149.603,0,0,20,12,0,1,20
04-08 07:17:29,6.715,23.377,67.644,0,0,2411856,9643864,402724,3776992,45693.265,25145.521,0,3.979,0,0.995,4415,3157,1.800,2.170,1.660,1,0,138.272,0,0,20,12,0,1,20
04-08 07:17:30,7.229,23.683,66.312,0,0,2407836,9647844,402728,3777016,60948.753,31562.284,0,279.206,0,6.980,4376,3154,1.800,2.170,1.660,2,0,115.671,0,0,20,12,0,1,20
04-08 07:17:31,8.225,24.676,64.557,0,0,2398272,9657400,402728,3777020,75050.306,600946.818,0,11.964,0,2.991,4968,3571,1.800,2.170,1.660,1,0,124.627,0,0,20,12,0,1,20
04-08 07:17:32,16.309,22.833,60.219,0,0,2391044,9664604,402728,3777020,44839.340,22809.089,0,4.015,0,1.004,4969,5648,1.800,2.170,1.660,1,0,85.311,0,0,20,12,0,1,20
04-08 07:17:33,18.008,23.760,56.774,0,0,2364488,9691064,402728,3777108,44916.303,23035.900,0,620.267,0,80.034,5397,5748,1.730,2.150,1.650,1,0,69.030,0,0,20,12,0,1,20
04-08 07:17:34,25.445,24.946,47.148,0,0,2360928,9694632,402728,3777036,60499.261,32489.790,0,0,0,0,5467,3452,1.730,2.150,1.650,3,0,114.752,0,0,20,12,0,1,20
04-08 07:17:35,20.791,10.270,68.637,0,0,2380808,9674328,402736,3777424,45883.325,23578.931,0,140.279,0,3.006,2864,2453,1.730,2.150,1.650,0,0,30.060,0,0,21,12,0,1,20
04-08 07:17:36,7.994,16.737,73.445,0,0,2376612,9678504,402736,3777440,45983.283,24471.524,0,11.991,0,2.998,3817,3051,1.730,2.150,1.650,1,0,90.931,0,0,21,12,0,2,20
04-08 07:17:37,20.763,6.504,71.045,0,0,2422112,9633004,402736,3777440,47461.127,25284.049,0,36.023,0,1.001,2439,2227,1.730,2.150,1.650,1,0,2.001,0,0,21,12,0,2,20
04-08 07:17:38,23.707,5.490,69.625,0,0,2447020,9608072,402752,3777448,30528.141,15212.663,0,171.691,0,10.980,3056,3165,1.680,2.130,1.650,1,0,0,0,0,21,13,0,2,10
04-08 07:17:39,23.203,5.988,69.859,0.249,0,2446380,9608688,402760,3777464,29531.454,15047.659,0,147.702,0,7.984,3163,3220,1.680,2.130,1.650,3,0,0,0,0,21,17,0,3,2
04-08 07:17:40,23.853,6.277,68.043,0,0,2447728,9607032,402808,3777724,14980.462,7652.931,0,3358.452,0,485.087,4180,3637,1.680,2.130,1.650,1,0,2.009,0,0,21,14,0,7,0
04-08 07:17:41,8.250,26.000,63.750,0,0,2437672,9617076,402808,3777736,57305.147,478459.226,0,68.000,0,2.000,5332,3888,1.680,2.130,1.650,1,0,170.000,0,0,21,14,0,7,0
04-08 07:17:42,6.990,26.211,64.404,0,0,2432620,9622120,402828,3777724,57034.250,154210.850,0,235.650,0,12.981,4829,3375,1.680,2.130,1.650,1,0,146.782,0,0,21,14,0,7,0
04-08 07:17:43,7.486,22.956,67.372,0,0,2422280,9632436,402828,3777744,57224.534,31604.096,0,3.992,0,0.998,4504,3290,1.620,2.110,1.640,1,0,128.756,0,0,21,14,0,7,0
04-08 07:17:44,7.024,23.079,67.731,0,0,2416356,9638348,402828,3777756,61357.175,34405.292,0,0,0,0,4430,3289,1.620,2.110,1.640,1,0,128.438,0,0,21,14,0,7,0
04-08 07:17:45,8.246,23.989,65.471,0,0,2416132,9638536,402828,3777768,60468.908,31230.008,0,11.995,0,2.999,4464,3159,1.620,2.110,1.640,2,0,108.951,0,0,21,14,0,7,0
04-08 07:17:46,7.986,24.208,65.138,0,0,2410088,9644560,402828,3777772,45208.374,23268.047,0,15.973,0,3.993,4349,3201,1.620,2.110,1.640,1,0,108.813,0,0,21,14,0,7,0
04-08 07:17:47,8.244,23.983,65.454,0,0,2412272,9642372,402832,3777772,60244.629,31248.023,0,103.927,0,5.996,4532,3299,1.620,2.110,1.640,1,0,112.921,0,0,21,14,0,7,0
04-08 07:17:48,8.244,24.731,65.199,0,0,2404532,9650108,402832,3777776,56355.776,27524.401,0,15.987,0,3.997,4397,3217,1.570,2.090,1.640,2,0,114.910,0,0,21,14,0,7,0
04-08 07:17:49,18.801,24.316,53.895,0,0,2398620,9655992,402836,3778256,49283.968,27117.162,0,100.271,0,7.019,5236,5952,1.570,2.090,1.640,1,0,80.216,0,0,21,14,0,7,0
04-08 07:17:50,20.491,24.739,52.976,0,0,2396456,9658096,402844,3778256,56710.732,577778.566,0,67.970,0,2.999,6023,6386,1.570,2.090,1.640,1,0,69.969,0,0,21,14,0,7,0
04-08 07:17:51,27.204,19.467,52.661,0,0,2404140,9650392,402848,3778232,45273.280,23947.419,0,3.993,0,0.998,4548,3263,1.570,2.090,1.640,3,0,42.927,0,0,21,14,0,7,0
04-08 07:17:52,47.535,24.268,27.020,0,0,2464228,9590196,402852,3778312,60560.217,33780.664,0,0,0,0,4967,2985,1.570,2.090,1.640,2,0,90.066,0,0,21,15,0,7,0
04-08 07:17:53,43.099,9.772,46.607,0,0,2519372,9535008,402852,3778356,44655.218,22978.599,0,1158.652,0,51.117,3452,2251,1.610,2.090,1.640,3,0,1.002,0,0,21,15,0,7,0
04-08 07:17:54,49.751,4.975,44.278,0,0,2575040,9479316,402852,3778380,29384.961,15164.121,0,7.960,0,1.990,3379,2000,1.610,2.090,1.640,3,0,2.985,0,0,21,21,0,7,0
04-08 07:17:55,50.414,5.769,41.385,0,0,2599464,9454424,402896,3778760,14903.446,7319.794,104.339,634.061,1.003,30.098,4491,3800,1.610,2.090,1.640,2,0,16.052,0,0,21,31,0,7,0
04-08 07:17:56,44.261,10.059,46.021,0,0,2636572,9415644,402956,3780076,14883.793,7502.253,0,325.922,0,9.053,3467,2232,1.610,2.090,1.640,2,0,2.012,0,0,21,31,0,7,0
04-08 07:17:57,39.072,20.407,37.828,0,0,2684472,9365820,402956,3781924,15251.543,7732.784,0,1600.710,0,7.964,6373,8100,1.610,2.090,1.640,2,0,53.755,0,0,21,30,0,7,0
04-08 07:17:58,7.247,22.242,67.975,0.750,0,2683404,9366868,402964,3781928,45600.955,26356.148,3.999,0,1.000,0,4390,3252,1.560,2.070,1.640,1,0,125.953,0,0,21,30,0,7,0
04-08 07:17:59,7.019,25.318,65.928,0,0,2690156,9360088,402972,3781932,60925.472,32962.986,8.022,0,2.005,0,4678,3431,1.560,2.070,1.640,1,0,148.401,0,0,21,30,0,7,0
04-08 07:18:00,18.686,20.928,58.799,0,0,2698016,9352192,402972,3781932,44744.977,23246.500,0,11.959,0,1.993,4768,5549,1.560,2.070,1.640,1,0,84.710,0,0,21,30,0,7,0
04-08 07:18:01,20.340,21.846,56.248,0,0,2691120,9359076,402980,3781932,44873.105,22734.367,0,196.869,0,2.009,5485,6087,1.560,2.070,1.640,1,0,72.319,0,0,21,30,0,7,0
04-08 07:18:02,14.942,9.713,65.249,7.720,0,2688508,9355720,402996,3787836,56946.777,587777.290,5877.374,47.816,82.682,2.988,4406,3511,1.560,2.070,1.640,1,0,43.831,0,0,21,30,0,7,0
04-08 07:18:03,16.244,19.743,56.980,4.998,0,2680132,9361900,402996,3790472,44779.148,22574.009,2159.236,0,23.992,0,4706,5784,1.510,2.050,1.640,1,0,83.970,0,0,22,30,0,7,0
04-08 07:18:04,22.906,23.404,52.036,0,0,2688628,9353360,402996,3790476,44433.219,22571.151,0,0,0,0,5378,5781,1.510,2.050,1.640,5,0,72.701,0,0,22,32,0,7,0
04-08 07:18:05,37.636,18.195,39.380,2.742,0,2710924,9329196,403060,3791820,44868.789,23991.169,1754.673,602.172,21.933,42.870,5229,3855,1.510,2.050,1.640,3,0,58.821,0,0,22,46,0,7,0
04-08 07:18:06,12.080,31.961,51.087,2.517,0,2745356,9294052,403072,3792432,60568.098,32168.497,463.059,8109.570,23.153,803.306,6171,3763,1.510,2.050,1.640,2,0,109.725,0,0,22,46,0,7,0
04-08 07:18:07,8.539,22.604,67.562,0,0,2739528,9299868,403072,3792436,46211.424,25381.221,0,12.056,0,2.009,4544,3441,1.510,2.050,1.640,2,0,113.524,0,0,22,46,0,7,0
04-08 07:18:08,14.444,25.152,57.277,0,0,2734912,9304456,403072,3792852,59934.298,31331.827,0,15.938,0,2.988,5429,5845,1.470,2.030,1.630,1,0,125.511,0,0,22,46,0,8,0
04-08 07:18:09,21.516,19.514,58.293,0,0,2734332,9304940,403072,3792944,44827.857,22550.529,0,0,0,0,5034,5545,1.470,2.030,1.630,1,0,70.051,0,0,22,46,0,8,0
04-08 07:18:10,17.451,22.935,55.095,2.493,0,2723244,9314444,403100,3793952,45017.168,23449.932,1439.943,366.966,27.921,9.972,4834,4192,1.470,2.030,1.630,0,0,124.649,0,0,22,46,0,8,0
04-08 07:18:11,4.980,7.221,85.654,0,0,2723152,9314536,403100,3793952,57175.713,470889.158,0,565.712,0,122.504,2997,2707,1.470,2.030,1.630,3,0,31.871,0,0,22,46,0,8,0
04-08 07:18:12,8.509,23.274,66.318,0.501,0,2728520,9307536,403100,3795584,63875.221,157496.815,1725.762,836.854,20.020,3.003,4611,3369,1.470,2.030,1.630,1,0,106.108,0,0,24,46,0,8,0
04-08 07:18:13,19.012,22.765,55.536,0,0,2724960,9310968,403100,3795792,44709.857,23795.358,0,0,0,0,5047,6033,1.510,2.030,1.630,1,0,79.051,0,0,24,46,0,8,0
04-08 07:18:14,21.555,20.803,56.644,0,0,2723016,9312888,403100,3796184,44839.599,23371.210,0,497.260,0,59.150,5307,5754,1.510,2.030,1.630,1,0,72.183,0,0,24,46,0,8,0
04-08 07:18:15,10.799,29.633,57.006,2.009,0,2719824,9314428,403108,3797332,45473.387,24457.930,1876.434,156.704,22.099,4.018,5605,3721,1.510,2.030,1.630,2,0,136.614,0,0,24,48,0,8,0
04-08 07:18:16,15.489,28.480,52.963,0,0,2743252,9290732,403108,3797432,60473.609,32421.273,0,35.975,0,3.997,5750,14198,1.510,2.030,1.630,1,0,193.864,0,0,24,48,0,9,0
04-08 07:18:17,7.954,22.371,66.865,0,0,2739532,9294444,403108,3797600,60448.608,34433.544,0,3.977,0,0.994,4645,3514,1.510,2.030,1.630,1,0,132.238,0,0,24,48,0,8,0
04-08 07:18:18,13.624,26.744,58.785,0,0,2768468,9265380,403108,3797732,60720.903,31519.001,0,28.257,0,7.064,4731,3318,1.550,2.030,1.640,2,0,117.066,0,0,24,48,0,8,0
04-08 07:18:19,7.955,24.114,65.381,0,0,2771980,9261864,403108,3797736,45009.168,23050.008,0,11.933,0,2.983,4538,3339,1.550,2.030,1.640,2,0,122.310,0,0,24,48,0,8,0
04-08 07:18:20,16.982,26.472,54.693,0,0,2763908,9269924,403116,3798232,72509.288,589170.807,0,155.837,0,4.995,6054,6311,1.550,2.030,1.640,2,0,125.869,0,0,24,48,0,8,0
04-08 07:18:21,20.776,21.277,56.821,0,0,2760112,9273700,403116,3798236,45199.629,23177.038,0,12.015,0,2.003,5119,5801,1.550,2.030,1.640,1,0,72.090,0,0,24,48,0,8,0
04-08 07:18:22,23.042,19.786,56.352,0,0,2775196,9258552,403116,3797760,45103.792,23799.158,0,0,0,0,4643,3124,1.550,2.030,1.640,2,0,75.136,0,0,24,48,0,8,0
04-08 07:18:23,25.789,30.749,41.412,0,0,2817496,9216224,403124,3797776,60884.556,33615.353,0,71.417,0,2.976,5385,3501,1.670,2.050,1.640,4,0,161.679,0,0,24,48,0,8,0
04-08 07:18:24,29.208,27.697,42.050,0,0,2841536,9192168,403124,3797788,61379.489,32872.301,0,60.431,0,5.036,5228,3433,1.670,2.050,1.640,2,0,136.976,0,0,24,48,0,8,0
04-08 07:18:25,27.479,27.979,43.217,0,0,2870612,9162688,403188,3798076,60588.863,32667.125,0,539.589,0,3.997,5380,3442,1.670,2.050,1.640,2,0,146.888,0,0,24,48,0,8,0
04-08 07:18:26,27.069,31.787,38.741,0,0,2884012,9148132,403204,3799120,45249.309,25048.441,11.920,0,1.987,0,6187,5654,1.670,2.050,1.640,2,0,147.017,0,0,24,52,0,10,0
04-08 07:18:27,31.883,34.896,32.636,0.251,0,2983644,9048472,403212,3799128,60807.758,31463.300,8.034,16.067,2.008,4.017,5308,3469,1.670,2.050,1.640,6,0,157.658,0,0,24,52,0,10,0
04-08 07:18:28,31.165,28.921,38.395,0,0,3006604,9025508,403212,3799132,69912.874,463311.411,0,602.353,0,3.989,5402,3677,1.860,2.080,1.660,2,0,122.665,0,0,24,52,0,10,0
04-08 07:18:29,31.386,24.805,43.282,0,0,3020580,9011380,403216,3799272,49594.217,149381.003,4.050,417.124,1.012,57.709,5346,3428,1.860,2.080,1.660,3,0,130.604,0,0,24,52,0,10,0
04-08 07:18:30,16.638,27.068,53.390,0,0,3026740,9004976,403216,3799496,60229.908,31596.962,0,357.589,0,8.940,5023,3593,1.860,2.080,1.660,2,0,124.163,0,0,24,52,0,10,0
04-08 07:18:31,7.752,24.257,66.519,0,0,3017556,9014152,403216,3799504,45215.976,23314.691,0,12.003,0,3.001,4609,3381,1.860,2.080,1.660,2,0,124.036,0,0,24,52,0,10,0
04-08 07:18:32,7.998,25.743,63.482,0,0,3002432,9029272,403216,3799508,61261.110,31563.298,0,5854.386,0,698.807,5698,3329,1.860,2.080,1.660,1,0,115.968,0,0,24,52,0,10,0
04-08 07:18:33,14.110,23.764,59.163,0,0,3008464,9023232,403216,3799976,59617.721,30984.699,0,7.921,0,1.980,5599,6680,1.790,2.060,1.650,7,0,120.802,0,0,24,52,0,10,0
04-08 07:18:34,20.052,19.300,59.655,0,0,2994000,9037636,403216,3800000,29729.151,15087.153,0,4.010,0,1.003,4933,5810,1.790,2.060,1.650,3,0,33.086,0,0,24,52,0,10,0
04-08 07:18:35,19.862,21.119,58.330,0,0,3003720,9027876,403224,3799908,48692.298,23396.279,0,120.682,0,3.017,4483,3660,1.790,2.060,1.650,4,0,74.421,0,0,24,52,0,10,0
04-08 07:18:36,44.305,33.602,20.908,0,0,3049304,8982268,403236,3799980,57986.700,33713.568,0,91.597,0,8.961,5450,3440,1.790,2.060,1.650,5,0,124.452,0,0,24,52,0,10,0
04-08 07:18:37,48.260,30.006,20.254,0,0,3122552,8908992,403236,3800008,70262.025,463407.098,0,44.009,0,3.001,5735,3529,1.790,2.060,1.650,6,0,119.025,0,0,24,52,0,10,0
04-08 07:18:38,53.549,27.022,17.602,0,0,3157840,8873492,403244,3800208,47147.045,141657.314,0,59.499,0,4.958,5514,3870,1.880,2.080,1.660,6,0,115.031,0,0,24,52,0,10,0
04-08 07:18:39,50.838,32.028,18.047,0,0,3202460,8828192,403264,3800808,61174.821,32346.897,0,12.201,0,3.050,5456,3604,1.880,2.080,1.660,4,0,124.044,0,0,24,52,0,10,0
04-08 07:18:40,50.366,28.639,18.517,0,0,3238036,8791476,403340,3802280,60621.784,31481.653,0,371.325,0,24.689,5837,4252,1.880,2.080,1.660,6,0,97.769,0,0,24,52,0,10,0
04-08 07:18:41,47.482,26.490,14.994,9.746,0,3280148,8746768,404288,3803332,48666.370,24744.527,867.668,763.708,125.952,4.998,6256,6349,1.880,2.080,1.660,6,0,73.972,0,0,24,52,0,10,0
04-08 07:18:42,61.447,24.428,14.606,0,0,3332344,8694480,404288,3802988,45408.009,23277.170,0,8.059,0,2.015,6539,5929,1.880,2.080,1.660,4,0,99.725,0,0,24,56,0,5,0
04-08 07:18:43,48.286,35.361,11.706,0.975,0,3429792,8593448,405952,3804828,59382.020,32715.469,0,12571.917,0,1266.166,10529,14537,2.210,2.140,1.680,6,0,123.885,0,0,24,56,0,5,0
04-08 07:18:44,47.871,30.627,19.303,0.772,0,3465436,8545944,407428,3814860,50743.491,26814.059,0,16587.120,0,1100.523,10320,13474,2.210,2.140,1.680,10,0,100.890,0,0,24,56,0,5,0
04-08 07:18:45,47.685,29.058,17.137,1.739,0,3503876,8502636,408888,3818136,56929.034,31386.718,3.974,9429.725,0.993,961.649,10014,12507,2.210,2.140,1.680,5,1,95.370,0,0,24,56,0,5,0
04-08 07:18:46,48.958,32.222,13.988,2.248,0,3527296,8474752,410812,3820528,57480.935,568874.416,0,12904.984,0,1046.107,10097,12314,2.210,2.140,1.680,3,0,105.910,0,0,24,56,0,5,0
04-08 07:18:47,60.722,29.859,8.531,0.753,0,3556744,8441304,411708,3823276,60502.132,32679.441,529.937,3219.768,7.026,320.170,7290,8021,2.210,2.140,1.680,6,0,142.521,0,0,24,60,0,7,0
04-08 07:18:48,61.433,31.333,4.934,0,0,3574064,8421412,411724,3825736,44473.793,22305.485,0,311.854,0,11.843,8596,12560,2.680,2.240,1.720,5,0,102.636,0,0,24,67,0,16,0
04-08 07:18:49,30.994,26.421,43.188,0,0,3583880,8411456,411808,3825792,45519.936,23246.212,0,487.768,0,33.534,6721,8777,2.680,2.240,1.720,4,0,123.974,0,0,24,78,0,20,0
04-08 07:18:50,23.702,30.687,43.661,0,0,3636520,8358796,411824,3825792,60518.296,34182.129,0,159.674,0,7.984,5370,3642,2.680,2.240,1.720,5,0,126.741,0,0,24,78,0,20,0
04-08 07:18:51,29.301,25.545,43.326,0.501,0,3665160,8330000,411968,3825800,61402.249,35101.310,0,2328.066,0,115.201,5589,3942,2.680,2.240,1.720,4,0,136.238,0,0,24,78,0,20,0
04-08 07:18:52,26.802,30.560,41.080,0,0,3706428,8288716,411968,3825812,45379.624,23449.796,0,24.047,0,6.012,5106,3404,2.680,2.240,1.720,3,0,123.241,0,0,24,78,0,20,0
04-08 07:18:53,29.680,29.930,39.408,0,0,3732436,8262568,411968,3825952,60020.375,31145.028,0,9908.784,0,957.756,6900,3704,2.620,2.240,1.720,3,0,118.722,0,0,24,80,0,20,0
04-08 07:18:54,34.539,30.535,33.788,0,0,3765696,8229272,411968,3826380,68199.469,457089.215,0,16.018,0,4.005,6539,6653,2.620,2.240,1.720,2,0,135.154,0,0,24,80,0,20,0
04-08 07:18:55,33.252,31.252,33.502,0,0,3761548,8232000,411972,3827788,32953.010,142294.680,0,0,0,0,8384,10835,2.620,2.240,1.720,2,0,91.006,0,0,24,78,0,22,0
04-08 07:18:56,19.477,20.226,58.681,0,0,3745156,8248384,411976,3827404,60283.600,31627.065,0,127.851,0,1.998,4438,3307,2.620,2.240,1.720,3,0,49.942,0,0,24,78,0,22,0
04-08 07:18:57,23.946,29.933,43.901,0,0,3794176,8199348,411976,3827416,60894.330,32285.539,0,2729.873,0,15.964,5270,3378,2.620,2.240,1.720,3,0,117.736,0,0,24,78,0,22,0
04-08 07:18:58,36.724,30.729,31.228,0,0,3907052,8086464,411980,3827416,45570.132,26653.361,0,8482.068,0,656.541,6116,3486,2.570,2.230,1.720,6,0,126.911,0,0,24,80,0,22,0
04-08 07:18:59,28.597,28.847,40.386,0,0,3919664,8073800,412012,3827436,60967.040,34885.898,0,569.926,0,44.149,5594,4057,2.570,2.230,1.720,2,0,131.444,0,0,24,82,0,22,0
04-08 07:19:00,31.782,27.778,39.539,0,0,3936216,8057200,412016,3827480,60227.823,32510.292,0,276.274,0,16.016,5212,3611,2.570,2.230,1.720,4,0,113.112,0,0,24,86,0,22,0
04-08 07:19:01,30.171,27.428,41.392,0.249,0,3982432,8010948,412020,3827496,45617.966,24049.247,3.990,227.407,0.997,3.990,5037,3367,2.570,2.230,1.720,7,0,125.672,0,0,24,86,0,22,0
04-08 07:19:02,26.043,32.804,38.814,0,0,3993700,7998116,412024,3829056,60272.714,31707.931,0,244.400,0,15.025,6656,7585,2.570,2.230,1.720,3,0,118.194,0,0,24,88,0,25,0
04-08 07:19:03,8.737,25.711,62.405,0,0,3991340,8000444,412044,3829068,72074.734,570465.257,0,467.285,0,28.956,5164,4066,2.530,2.230,1.720,1,0,113.826,0,0,24,88,0,25,0
04-08 07:19:04,16.002,27.503,54.256,0,0,3998792,7992936,412080,3829572,45472.116,23178.608,0,284.032,0,21.002,5833,6393,2.530,2.230,1.720,2,0,131.015,0,0,24,88,0,25,0
04-08 07:19:05,22.528,22.778,53.315,0,0,3982208,8009456,412096,3829552,45510.687,22998.141,0,1822.230,0,215.263,5907,6509,2.530,2.230,1.720,1,0,77.094,0,0,24,90,0,25,0
04-08 07:19:06,28.712,24.218,45.690,0,0,4012252,7979312,412108,3829572,45246.477,23455.144,0,179.764,0,10.986,4940,3623,2.530,2.230,1.720,4,0,56.925,0,0,24,90,0,25,0
04-08 07:19:07,45.063,23.783,29.792,0,0,4093112,7898424,412112,3829584,60720.086,33200.523,0,56.079,0,1.001,4834,3196,2.530,2.230,1.720,2,0,78.109,0,0,24,91,0,25,0
04-08 07:19:08,41.520,11.005,46.773,0,0,4148468,7842080,412304,3830300,44823.834,21898.667,0,2257.099,0,92.045,4315,3947,2.480,2.220,1.730,4,0,21.010,0,0,24,94,0,27,0
04-08 07:19:09,7.249,23.246,66.990,0,0,4142004,7848440,412396,3830308,45669.936,24888.150,0,1011.843,0,53.992,4708,3706,2.480,2.220,1.730,1,0,122.981,0,0,24,94,0,27,0
04-08 07:19:10,7.003,23.010,67.279,0,0,4136020,7854396,412416,3830316,60586.401,33038.397,0,104.045,0,9.004,4567,3425,2.480,2.220,1.730,1,0,123.054,0,0,24,94,0,26,0
04-08 07:19:11,10.465,23.671,64.286,0,0,4141576,7848836,412416,3830320,60795.248,33153.433,0,0,0,0,4630,3396,2.480,2.220,1.730,3,0,124.585,0,0,24,96,0,26,0
04-08 07:19:12,11.961,23.174,62.545,0,0,4140924,7849468,412424,3830328,52738.242,592224.017,0,51.830,0,4.984,4937,3605,2.480,2.220,1.730,3,0,122.598,0,0,24,98,0,26,0
04-08 07:19:13,23.132,29.418,45.511,0,0,4218848,7771472,412484,3830340,61500.037,33769.301,0,358.050,0,32.184,5615,4544,2.690,2.270,1.740,2,0,124.714,0,0,24,98,0,26,0
04-08 07:19:14,6.493,23.223,67.672,0,0,4222332,7767948,412500,3830360,60796.100,33629.335,0,83.904,0,5.993,4605,3472,2.690,2.270,1.740,3,0,129.851,0,0,24,98,0,26,0
04-08 07:19:15,20.103,25.381,53.023,0,0,4217912,7772296,412548,3830368,54370.637,31302.996,0,192.993,0,18.093,5701,4790,2.690,2.270,1.740,6,0,128.662,0,0,24,101,0,26,0
04-08 07:19:16,33.126,26.204,37.082,0,0,4222648,7767516,412548,3830968,53480.794,30800.602,0,0,0,0,6341,6230,2.690,2.270,1.740,8,0,139.427,0,0,24,100,0,26,0
04-08 07:19:17,54.266,14.823,30.650,0,0,4256276,7733748,412584,3830488,45244.038,23184.781,0,164.809,0,16.079,4874,14170,2.690,2.270,1.740,2,0,5.025,0,0,24,102,0,27,0
04-08 07:19:18,25.683,6.483,66.576,0,0,4292212,7697724,412620,3830532,30047.550,14994.850,0,195.490,0,17.953,3161,3141,2.630,2.270,1.750,2,0,0,0,0,24,105,0,27,0
04-08 07:19:19,26.059,7.267,65.149,0,0,4293112,7696716,412716,3830544,15189.665,7312.689,0,348.796,0,39.089,3820,4126,2.630,2.270,1.750,2,0,4.009,0,0,24,110,0,26,0
04-08 07:19:20,22.818,5.767,69.207,0.251,0,4293844,7695960,412748,3830536,15020.823,7480.322,0,176.527,0,13.039,3148,3208,2.630,2.270,1.750,1,0,0,0,0,24,108,0,26,0
04-08 07:19:21,16.899,12.922,68.837,0,0,4257060,7732696,412764,3830568,15535.820,7252.501,0,123.261,0,7.952,3314,2598,2.630,2.270,1.750,1,0,62.624,0,0,24,108,0,26,0
04-08 07:19:22,26.611,10.694,61.927,0.249,0,4294868,7694824,412820,3830576,44449.866,26483.692,0,437.714,0,26.860,3324,2993,2.630,2.270,1.750,4,0,5.969,0,0,24,109,0,28,0
04-08 07:19:23,38.843,9.080,50.193,0,0,4311324,7677984,412964,3830800,30036.346,14788.646,0,782.916,0,66.588,5114,5592,2.740,2.300,1.760,1,0,5.045,0,0,24,110,0,27,0
04-08 07:19:24,26.291,7.261,65.352,0,0,4312016,7677284,412964,3830808,46692.935,597435.208,0,8469.229,0,860.344,5733,3988,2.740,2.300,1.760,1,0,0,0,0,24,112,0,27,0
04-08 07:19:25,21.995,6.249,69.984,0,0,4313676,7675296,413004,3831052,14911.515,7360.280,0,183.957,0,11.997,3157,3401,2.740,2.300,1.760,2,0,2.000,0,0,24,111,0,27,0
04-08 07:19:26,33.745,9.499,54.242,0.250,0,4316520,7671768,413604,3831124,14793.942,7294.985,0,4787.334,0,370.948,6418,8117,2.740,2.300,1.760,1,0,5.999,0,0,24,116,0,27,0
04-08 07:19:27,23.145,7.964,66.696,0,0,4318156,7669940,413748,3831164,14847.435,7475.980,0,955.651,0,91.583,3807,4397,2.740,2.300,1.760,1,0,0,0,0,24,116,0,25,0
04-08 07:19:28,49.003,14.073,36.187,0,0,4390656,7597184,413968,3831192,15378.507,7607.330,0,1302.735,0,131.681,6126,6885,2.600,2.270,1.750,4,0,6.031,0,0,24,117,0,26,0
04-08 07:19:29,15.956,20.693,61.081,0,0,4312996,7674768,413988,3831244,1302.388,1209.645,0,482.661,0,24.931,4479,3615,2.600,2.270,1.750,3,0,111.690,0,0,24,117,0,26,0
04-08 07:19:30,22.081,8.029,69.254,0,0,4325684,7661944,414028,3831340,44780.187,24433.586,0,770.826,0,40.147,2896,2895,2.600,2.270,1.750,1,0,0,0,0,24,117,0,26,0
04-08 07:19:31,22.920,6.228,69.508,0,0,4357368,7630192,414048,3831388,29547.956,14702.727,0,310.916,0,14.948,2993,2950,2.600,2.270,1.750,1,0,1.993,0,0,24,117,0,26,0
04-08 07:19:32,24.794,5.510,68.622,0,0,4354936,7632616,414112,3831332,29584.467,14766.187,0,376.668,0,30.053,3764,4165,2.600,2.270,1.750,1,0,0,0,0,24,118,0,26,0
04-08 07:19:33,24.980,6.994,65.696,0,0,4357412,7629916,414252,3831412,15486.351,7290.045,0,955.220,0,90.926,3882,4433,2.550,2.270,1.750,1,0,2.998,0,0,24,121,0,26,0
04-08 07:19:34,22.524,7.508,68.825,0,0,4356068,7631232,414316,3831376,15172.472,7466.106,0,496.539,0,38.041,3378,3747,2.550,2.270,1.750,2,0,2.002,0,0,24,121,0,26,0
04-08 07:19:35,32.224,9.243,56.205,0,0,4359440,7627600,414484,3831440,15262.710,7290.130,0,1650.671,0,189.847,4864,5398,2.550,2.270,1.750,3,0,3.997,0,0,24,120,0,27,0
04-08 07:19:36,32.749,23.499,42.998,0.250,0,4371116,7615880,414500,3831460,15725.361,8963.636,0,439.982,0,22.999,4564,3054,2.550,2.270,1.750,4,0,94.996,0,0,24,120,0,27,0
04-08 07:19:37,41.529,12.008,45.782,0,0,4408592,7578404,414512,3831448,44864.928,23089.917,0,240.166,0,11.008,3410,2389,2.550,2.270,1.750,5,0,2.001,0,0,24,120,0,27,0
04-08 07:19:38,41.515,10.754,46.767,0,0,4443212,7543748,414604,3831392,29869.770,14921.380,0,1520.548,0,78.028,3945,3237,2.510,2.260,1.760,2,0,0,0,0,24,120,0,28,0
04-08 07:19:39,25.274,6.256,66.313,0,0,4444100,7542740,414620,3831492,16680.722,8819.313,0,204.192,0,19.018,3736,4014,2.510,2.260,1.760,2,0,0,0,0,24,120,0,27,0
04-08 07:19:40,20.995,13.247,63.984,0,0,4409228,7577580,414636,3831504,31620.124,454308.833,0,131.967,0,7.998,4095,3076,2.510,2.260,1.760,1,0,56.986,0,0,24,120,0,27,0
04-08 07:19:41,21.996,6.499,70.488,0,0,4454252,7532552,414640,3831504,44733.501,26321.588,0,115.981,0,7.999,2507,2279,2.510,2.260,1.760,1,0,0,0,0,24,120,0,27,0
04-08 07:19:42,23.185,5.292,70.816,0,0,4478488,7508304,414648,3831508,29830.440,15155.138,0,455.642,0,18.145,3012,3096,2.510,2.260,1.760,1,0,0,0,0,24,120,0,28,0
04-08 07:19:43,22.561,6.198,69.420,0,0,4474624,7512160,414648,3831516,29345.688,14953.002,0,0,0,0,3536,3851,2.390,2.240,1.750,2,0,2.975,0,0,24,120,0,28,0
04-08 07:19:44,18.761,10.506,68.791,0,0,4437632,7549120,414668,3831528,30722.194,19155.344,0,112.066,0,9.005,3210,2581,2.390,2.240,1.750,2,0,51.030,0,0,24,120,0,28,0
04-08 07:19:45,22.008,8.003,69.275,0,0,4453188,7533552,414676,3831532,44162.885,22934.249,0,2636.948,0,460.166,3317,2398,2.390,2.240,1.750,1,0,0,0,0,24,120,0,28,0
04-08 07:19:46,23.980,5.995,69.192,0,0,4480688,7506028,414676,3831540,29567.286,15065.408,0,3.997,0,0.999,2916,2950,2.390,2.240,1.750,1,0,1.998,0,0,24,120,0,28,0
04-08 07:19:47,22.959,5.989,69.127,0,0,4475976,7510720,414684,3831548,14948.425,7754.215,0,143.744,0,13.975,3449,3824,2.390,2.240,1.750,1,0,0,0,0,24,122,0,28,0
04-08 07:19:48,23.286,7.011,67.354,0.501,0,4473892,7512504,414816,3831716,15059.249,7373.383,0,793.225,0,96.148,3940,4740,2.280,2.220,1.750,1,0,0,0,0,24,120,0,28,0
04-08 07:19:49,13.355,18.142,67.781,0,0,4450772,7535564,414864,3831724,60829.569,31895.888,0,419.285,0,36.284,4095,3573,2.280,2.220,1.750,1,0,84.663,0,0,24,120,0,28,0
04-08 07:19:50,25.825,6.208,66.798,0,0,4458796,7527520,414876,3831732,31688.664,16612.635,0,226.468,0,12.913,2716,2377,2.280,2.220,1.750,1,0,0,0,0,24,120,0,28,0
04-08 07:19:51,22.996,5.499,69.989,0,0,4475244,7511068,414876,3831736,29586.457,14979.700,0,179.972,0,8.999,2984,2997,2.280,2.220,1.750,1,0,0,0,0,24,120,0,13,0
04-08 07:19:52,22.990,5.997,69.468,0,0,4472440,7513860,414880,3831744,26352.002,13407.895,0,179.918,0,6.997,3365,3633,2.280,2.220,1.750,2,0,1.999,0,0,24,120,0,13,0
04-08 07:19:53,17.497,11.248,68.739,0,0,4419756,7566524,414888,3831756,19774.707,13947.677,0,179.970,0,11.998,3299,2683,2.170,2.200,1.740,2,0,55.991,0,0,24,120,0,13,0
04-08 07:19:54,21.258,7.503,70.526,0,0,4464196,7522068,414900,3831756,44362.429,23030.529,0,176.065,0,10.004,2406,2236,2.170,2.200,1.740,2,0,0,0,0,24,120,0,13,0
04-08 07:19:55,25.500,7.500,66.001,0,0,4483296,7502940,414924,3831760,30242.525,14916.259,0,544.009,0,30.001,3227,3113,2.170,2.200,1.740,2,0,4.000,0,0,24,122,0,12,0
04-08 07:19:56,21.961,5.740,69.627,0,0,4481612,7504620,414928,3831760,14769.908,7349.017,0,75.866,0,6.988,3130,3369,2.170,2.200,1.740,1,0,0,0,0,24,124,0,12,0
04-08 07:19:57,25.012,9.504,63.029,0.500,0,4480732,7505052,415280,3831848,16083.495,7675.577,0,6106.846,0,450.210,6132,8180,2.170,2.200,1.740,4,0,0,0,0,24,123,0,12,0
04-08 07:19:58,25.525,12.012,59.058,0,0,4492904,7492824,415388,3831788,14870.721,7303.230,0,1241.229,0,126.125,5706,7389,2.080,2.180,1.740,5,0,4.004,0,0,24,122,0,12,0
04-08 07:19:59,25.872,15.921,56.968,0,0,4458968,7526612,415408,3831912,15305.349,7260.115,0,370.170,0,17.911,3572,2691,2.080,2.180,1.740,3,0,53.734,0,0,24,122,0,12,0
04-08 07:20:00,22.031,6.509,70.100,0,0,4500940,7484608,415440,3831912,30042.726,16175.004,0,420.598,0,29.041,2464,2291,2.080,2.180,1.740,1,0,0,0,0,24,122,0,12,0
04-08 07:20:01,26.612,7.532,65.024,0,0,4520260,7465220,415492,3831928,55605.431,471545.021,0,2277.602,0,102.432,3852,3792,2.080,2.180,1.740,2,0,3.013,0,0,24,122,0,12,0
04-08 07:20:02,24.882,7.962,65.192,0,0,4516104,7469356,415504,3831932,21761.173,296560.682,0,246.834,0,20.901,4336,4692,2.080,2.180,1.740,1,0,1.991,0,0,24,123,0,12,0
04-08 07:20:03,21.057,9.024,68.436,0,0,4514140,7471224,415576,3831952,30032.489,14697.881,0,553.502,0,57.155,3960,4744,1.990,2.160,1.730,1,0,1.003,0,0,24,123,0,12,0
04-08 07:20:04,24.271,10.759,63.306,0,0,4511736,7473356,415688,3832112,15049.195,7302.403,0,900.790,0,102.090,4659,5819,1.990,2.160,1.730,3,0,2.002,0,0,24,123,0,9,0
04-08 07:20:05,26.229,11.741,59.952,0,0,4508604,7476404,415748,3832132,15984.124,7356.074,0,575.536,0,55.955,4649,5431,1.990,2.160,1.730,2,0,0,0,0,24,123,0,9,0
04-08 07:20:06,44.927,18.969,34.444,0,0,4455776,7529040,415804,3832220,869.591,0,0,3598.169,0,572.073,7014,6164,1.990,2.160,1.730,4,0,70.885,0,0,24,124,0,9,0
04-08 07:20:07,32.726,10.321,55.382,0,0,4469712,7515024,415860,3832240,45626.015,24404.495,0,692.783,0,65.452,4446,4547,1.990,2.160,1.730,1,0,15.104,0,0,24,124,0,9,0
04-08 07:20:08,23.113,5.965,69.588,0,0,4506644,7478088,415876,3832228,29541.173,14798.422,0,318.117,0,13.918,2720,2493,1.910,2.140,1.730,4,0,0,0,0,24,125,0,10,0
04-08 07:20:09,22.526,6.758,68.831,0,0,4503896,7480740,415948,3832252,29809.889,14609.098,0,1810.119,0,94.110,3554,3720,1.910,2.140,1.730,1,0,0,0,0,24,126,0,10,0
04-08 07:20:10,24.439,6.484,66.583,0.499,0,4501412,7483104,416060,3832256,15185.942,7343.596,0,1069.320,0,127.680,4525,5673,1.910,2.140,1.730,3,0,1.995,0,0,24,124,0,10,0
04-08 07:20:11,11.294,22.338,64.504,0.251,0,4447292,7537144,416072,3832308,46042.045,25813.503,0,526.069,0,30.118,4484,3425,1.910,2.140,1.730,1,0,135.533,0,0,24,124,0,10,0
04-08 07:20:12,22.730,10.491,65.692,0,0,4483988,7500448,416084,3832296,46275.119,25062.859,0,435.615,0,23.979,3109,2754,1.910,2.140,1.730,1,0,11.989,0,0,24,124,0,8,0
04-08 07:20:13,25.373,6.029,67.076,0,0,4521068,7463332,416096,3832320,29980.696,15025.017,0,341.660,0,22.107,2978,2651,1.840,2.120,1.720,1,0,4.020,0,0,24,127,0,8,0
04-08 07:20:14,23.130,5.969,69.143,0,0,4518024,7466344,416140,3832308,29672.604,14970.607,0,1345.047,0,71.630,3347,3436,1.840,2.120,1.720,1,0,0,0,0,24,128,0,8,0
04-08 07:20:15,23.251,5.750,68.754,0,0,4515124,7469192,416144,3832336,15403.805,7296.381,0,88.005,0,12.001,3852,4269,1.840,2.120,1.720,3,0,0,0,0,24,127,0,9,0
04-08 07:20:16,20.499,9.000,67.997,0,0,4512740,7471568,416180,3832308,15039.413,7457.709,0,539.979,0,51.998,4071,4862,1.840,2.120,1.720,3,0,2.000,0,0,24,127,0,9,0
04-08 07:20:17,37.287,18.018,42.793,0,0,4498712,7485244,416420,3832380,25138.228,442722.307,0,5585.606,0,334.336,7160,19644,1.840,2.120,1.720,3,0,36.036,0,0,24,127,0,10,0
04-08 07:20:18,18.743,10.746,69.225,0,0,4499924,7484012,416436,3832380,15214.537,7293.381,0,259.907,0,16.994,3391,3669,1.770,2.100,1.720,2,0,1.000,0,0,24,127,0,10,0
04-08 07:20:19,30.086,14.421,52.215,0,0,4501860,7481760,416520,3832592,2103.511,62124.681,0,918.981,0,79.565,7204,9558,1.770,2.100,1.720,1,0,2.984,0,0,24,127,0,10,0
04-08 07:20:20,37.585,15.535,44.851,0,0,4426612,7556860,416640,3832612,15444.894,7312.521,0,1010.283,0,105.238,6659,7135,1.770,2.100,1.720,2,0,69.156,0,0,24,126,0,9,0
04-08 07:20:21,31.837,24.316,40.861,0,0,4427504,7555856,416712,3832648,992.702,0,0,874.380,0,74.202,6792,6737,1.770,2.100,1.720,2,0,125.341,0,0,24,126,0,9,0
04-08 07:20:22,15.378,20.419,62.771,0,0,4444924,7538404,416720,3832656,46427.315,28557.004,0,657.456,0,33.276,4168,3689,1.770,2.100,1.720,1,0,94.787,0,0,24,126,0,9,0
04-08 07:20:23,25.300,5.953,66.475,0,0,4485728,7497580,416728,3832668,45509.596,23304.953,0,289.712,0,14.882,2945,2656,1.790,2.100,1.720,1,0,0.992,0,0,24,126,0,9,0
04-08 07:20:24,23.262,6.753,69.286,0,0,4509396,7473892,416744,3832672,15047.719,7747.975,0,328.168,0,21.011,3030,2994,1.790,2.100,1.720,1,0,0,0,0,24,126,0,8,0
04-08 07:20:25,23.235,6.746,68.455,0,0,4509376,7473892,416760,3832676,29939.389,14648.405,0,275.819,0,16.989,3663,3894,1.790,2.100,1.720,1,0,1.999,0,0,24,126,0,8,0
04-08 07:20:26,12.988,16.734,68.436,0,0,4463928,7519312,416776,3832684,26211.523,12995.864,0,251.765,0,11.989,3919,3085,1.790,2.100,1.720,2,0,104.902,0,0,24,126,0,8,0
04-08 07:20:27,7.011,23.788,67.857,0,0,4471712,7511512,416784,3832692,50881.222,29218.067,0,220.347,0,11.017,4667,3499,1.790,2.100,1.720,2,0,137.216,0,0,24,126,0,8,0
04-08 07:20:28,7.751,23.753,66.258,0,0,4477384,7505808,416812,3832696,60551.615,33936.268,0,940.118,0,47.006,4786,3568,1.730,2.080,1.720,1,0,128.016,0,0,24,126,0,7,0
04-08 07:20:29,12.239,27.476,58.449,0,0,4493836,7489348,416812,3832712,61011.566,31848.108,0,11.989,0,2.997,4637,3439,1.730,2.080,1.720,3,0,119.895,0,0,24,126,0,7,0
04-08 07:20:30,7.933,24.542,65.197,0.248,0,4492240,7490908,416832,3832728,45129.434,23191.405,0,598.923,0,39.664,4758,3927,1.730,2.080,1.720,4,0,121.966,0,0,24,126,0,7,0
04-08 07:20:31,18.078,23.099,57.246,0,0,4457852,7525256,416832,3833224,60947.410,31863.187,0,96.415,0,5.022,5037,5781,1.730,2.080,1.720,3,0,104.450,0,0,24,126,0,7,0
04-08 07:20:32,21.055,22.559,54.894,0,0,4460356,7522580,416844,3832960,58031.966,604015.714,0,144.378,0,14.037,5537,6427,1.730,2.080,1.720,3,0,79.207,0,0,24,126,0,7,0
04-08 07:20:33,26.030,27.032,46.054,0,0,4466856,7516040,416864,3832872,46148.949,25059.295,0,232.272,0,16.019,5814,3976,1.830,2.100,1.730,2,0,106.124,0,0,24,126,0,7,0
04-08 07:20:34,30.233,27.755,39.650,0,0,4498324,7484532,416888,3832888,61909.041,35015.641,0,257.723,0,22.799,5634,4145,1.830,2.100,1.730,4,0,129.853,0,0,24,126,0,7,0
04-08 07:20:35,28.985,26.736,42.477,0,0,4542412,7440092,416916,3833168,61718.122,32574.647,0,235.874,0,11.994,5219,3607,1.830,2.100,1.730,3,0,118.937,0,0,24,129,0,7,0
04-08 07:20:36,30.046,27.521,41.156,0.252,0,4538500,7443980,416916,3833188,46433.686,24079.344,0,4104.457,0,579.714,6803,4896,1.830,2.100,1.730,2,0,121.195,0,0,24,132,0,6,0
04-08 07:20:37,11.982,25.212,59.660,0,0,4542860,7439216,416916,3833584,60902.904,30997.127,0,483.269,0,60.908,5397,4959,1.830,2.100,1.730,3,0,120.817,0,0,24,132,0,6,0
04-08 07:20:38,25.022,33.529,39.284,0,0,4593984,7384916,416936,3836720,61587.322,31693.440,0,792.686,0,33.029,7193,9737,2.160,2.160,1.750,3,0,158.137,0,0,24,138,0,7,0
04-08 07:20:39,18.507,22.008,58.022,0,0,4595972,7382904,416948,3837220,45198.038,22560.504,0,196.074,0,10.004,5056,5985,2.160,2.160,1.750,1,0,97.037,0,0,24,138,0,7,0
04-08 07:20:40,20.872,24.895,52.557,0,0,4595592,7383208,416960,3836820,59418.654,477185.950,0,160.939,0,7.041,6074,6680,2.160,2.160,1.750,3,0,81.475,0,0,24,138,0,6,0
04-08 07:20:41,34.757,25.255,38.008,0,0,4648300,7330480,416980,3837088,63658.689,141000.320,0,332.071,0,20.004,5390,3657,2.160,2.160,1.750,6,0,78.017,0,0,26,138,0,6,0
04-08 07:20:42,47.219,31.644,19.530,0,0,4717320,7261432,416984,3837200,45880.202,25815.772,0,83.066,0,7.911,5588,3584,2.160,2.160,1.750,8,0,144.377,0,0,26,138,0,6,0
04-08 07:20:43,49.808,30.285,19.272,0,0,4782516,7196192,417020,3837208,61015.558,32467.545,0,308.357,0,24.028,5729,3741,2.230,2.180,1.760,5,0,124.144,0,0,26,138,0,6,0
04-08 07:20:44,57.351,27.192,14.585,0.247,0,4827660,7150888,417052,3837332,60426.651,34393.058,0,399.482,0,45.486,6213,5054,2.230,2.180,1.760,10,0,143.379,0,0,26,152,0,6,0
04-08 07:20:45,25.852,29.400,42.833,0,0,4829316,7146884,417060,3839604,54582.450,29654.920,0,170.320,0,9.124,7107,9279,2.230,2.180,1.760,3,0,134.837,0,0,26,154,0,5,0
04-08 07:20:46,16.499,24.748,56.496,0,0,4828188,7147960,417072,3839612,54004.273,28058.064,0,227.984,0,15.999,4977,3669,2.230,2.180,1.760,4,0,124.991,0,0,26,160,0,5,0
04-08 07:20:47,11.940,25.123,60.197,0,0,4832168,7143928,417108,3840120,60179.870,31592.865,0,421.875,0,33.830,6029,6668,2.230,2.180,1.760,4,0,126.363,0,0,26,160,0,5,0
04-08 07:20:48,18.550,23.563,56.150,0,0,4840764,7135244,417152,3840024,45443.377,22802.905,0,561.500,0,36.096,5975,7225,2.210,2.170,1.760,5,0,94.252,0,0,26,160,0,5,0
04-08 07:20:49,19.839,23.104,56.253,0.251,0,4841560,7134348,417180,3839640,60967.458,609467.651,0,253.140,0,22.099,5483,5110,2.210,2.170,1.760,2,0,54.244,0,0,26,160,0,5,0
04-08 07:20:50,26.205,27.702,43.924,0,0,4884896,7090988,417192,3839652,61164.870,33561.765,0,155.730,0,7.986,5275,3489,2.210,2.170,1.760,2,0,131.771,0,0,26,160,0,5,0
04-08 07:20:51,32.266,27.013,39.770,0,0,4913680,7062176,417200,3839672,61518.258,33118.289,0,36.018,0,3.001,8326,3408,2.210,2.170,1.760,3,0,117.058,0,0,26,160,0,5,0
04-08 07:20:52,25.073,27.831,46.135,0,0,4948088,7027704,417212,3839724,45914.044,25496.436,0,2310.746,0,96.281,5307,3458,2.210,2.170,1.760,1,0,142.416,0,0,27,160,0,5,0
04-08 07:20:53,12.229,25.707,58.901,0,0,4951048,7024712,417232,3839732,60711.224,31433.305,0,303.491,0,14.975,5030,3668,2.120,2.150,1.750,1,0,156.737,0,0,27,164,0,5,0
04-08 07:20:54,21.625,23.613,52.446,0,0,4950552,7025188,417240,3839740,60749.662,33716.450,0,186.916,0,20.879,5205,3810,2.120,2.150,1.750,1,0,127.262,0,0,27,174,0,5,0
04-08 07:20:55,19.078,24.600,53.718,0,0,4955516,7020176,417260,3839760,61388.415,32612.501,0,441.795,0,29.118,5085,3958,2.120,2.150,1.750,1,0,133.543,0,0,27,180,0,5,0
04-08 07:20:56,11.509,24.769,61.797,0,0,4958516,7017172,417260,3839764,46975.463,24901.799,0,48.036,0,6.005,4841,3643,2.120,2.150,1.750,2,0,118.089,0,0,27,180,0,5,0
04-08 07:20:57,10.008,25.269,63.049,0,0,4962712,7012836,417260,3839904,70625.372,479683.288,0,24.018,0,6.005,5192,3774,2.120,2.150,1.750,1,0,124.096,0,0,27,180,0,4,0
04-08 07:20:58,18.864,22.133,57.345,0,0,4961572,7013904,417388,3839944,46677.014,136292.535,0,3303.891,0,171.030,5976,7625,2.030,2.140,1.750,1,0,89.539,0,0,27,180,0,4,0
04-08 07:20:59,28.768,30.256,38.936,0,0,5018996,6956368,417396,3839912,44440.962,22881.655,0,55.552,0,7.936,6157,6277,2.030,2.140,1.750,5,0,87.297,0,0,27,180,0,4,0
04-08 07:21:00,26.044,27.797,45.577,0,0,5055924,6919396,417400,3839928,61118.809,33364.122,0,104.175,0,5.008,5621,3679,2.030,2.140,1.750,2,0,116.195,0,0,27,180,0,4,0
04-08 07:21:01,26.756,27.506,44.009,0,0,5102252,6873064,417400,3839932,50097.385,25807.350,0,4.001,0,1.000,5144,3355,2.030,2.140,1.750,5,0,127.026,0,0,27,180,0,4,0
04-08 07:21:02,29.499,27.499,40.749,0,0,5114004,6861060,417420,3840160,57474.157,34730.886,0,8683.722,0,449.986,6428,4577,2.030,2.140,1.750,2,0,130.996,0,0,27,180,0,4,0
04-08 07:21:03,26.458,24.960,46.675,0,0,5106340,6868684,417428,3840176,60673.542,31100.045,0,171.724,0,9.984,5298,4147,2.100,2.150,1.760,1,0,113.817,0,0,27,186,0,4,0
04-08 07:21:04,17.613,27.536,51.351,0,0,5105800,6867716,417440,3841656,60166.421,30832.389,0,297.687,0,21.830,6176,6873,2.100,2.150,1.760,2,0,116.098,0,0,27,186,0,4,0
04-08 07:21:05,34.303,36.826,27.998,0,0,5139392,6832388,417472,3843844,46038.052,23417.045,0,617.459,0,34.303,7804,11121,2.100,2.150,1.760,2,0,147.302,0,0,27,192,0,4,0
04-08 07:21:06,21.490,27.488,49.228,0,0,5140220,6831180,417476,3843920,57677.124,580451.591,0,307.862,0,18.991,6160,7433,2.100,2.150,1.760,1,0,87.961,0,0,27,192,0,4,0
04-08 07:21:07,26.505,24.504,46.508,0,0,5154708,6816612,417496,3843540,46917.332,25713.566,0,13658.425,0,1549.275,7744,3876,2.100,2.150,1.760,4,0,74.013,0,0,27,192,0,4,0
04-08 07:21:08,27.235,30.734,40.978,0,0,5197484,6773816,417516,3843552,61880.020,39165.127,0,867.538,0,116.938,5838,4159,2.180,2.160,1.760,2,0,145.922,0,0,27,192,0,5,0
04-08 07:21:09,27.495,28.733,41.366,0,0,5235744,6735528,417524,3843572,60503.012,32779.524,0,154.564,0,7.926,5510,3908,2.180,2.160,1.760,2,0,146.638,0,0,27,193,0,4,0
04-08 07:21:10,36.178,34.930,27.196,0,0,5260864,6707024,417548,3846888,56480.968,30942.077,0,291.417,0,21.956,7525,8756,2.180,2.160,1.760,7,0,152.694,0,0,27,194,0,4,0
04-08 07:21:11,11.133,28.086,59.207,0,0,5283220,6684372,417556,3847148,50690.594,26966.161,0,344.111,0,21.254,5533,5537,2.180,2.160,1.760,1,0,161.935,0,0,27,198,0,4,0
04-08 07:21:12,7.505,25.518,65.046,0,0,5288660,6678916,417560,3847156,61205.433,32419.006,0,216.153,0,18.013,4872,3672,2.180,2.160,1.760,1,0,157.111,0,0,27,198,0,4,0
04-08 07:21:13,15.459,26.680,55.105,0,0,5286808,6680756,417568,3847160,60772.996,31772.349,0,351.076,0,21.942,5249,3890,2.080,2.140,1.760,1,0,158.582,0,0,27,204,0,4,0
04-08 07:21:14,8.270,23.056,66.159,0,0,5292240,6675312,417576,3847164,69395.235,582377.469,0,160.387,0,13.031,5005,3769,2.080,2.140,1.760,1,0,127.307,0,0,27,204,0,4,0
04-08 07:21:15,7.227,23.424,67.531,0,0,5296944,6670600,417576,3847172,49976.570,27241.462,0,43.857,0,4.984,4555,3431,2.080,2.140,1.760,2,0,131.572,0,0,27,204,0,4,0
04-08 07:21:16,10.514,24.533,62.084,0,0,5300908,6666632,417580,3847184,62290.022,31897.025,0,384.519,0,24.032,4809,3880,2.080,2.140,1.760,1,0,112.151,0,0,27,204,0,4,0
04-08 07:21:17,10.622,26.678,59.779,0,0,5313280,6654240,417592,3847804,60094.591,31263.139,0,343.855,0,30.631,5071,5705,2.080,2.140,1.760,13,0,147.225,0,0,27,204,0,3,0
04-08 07:21:18,25.439,30.224,42.565,0,0,5311844,6655512,417608,3847844,47598.716,25411.303,0,628.658,0,39.291,6297,15560,2.240,2.180,1.770,4,0,96.717,0,0,27,204,0,4,0
04-08 07:21:19,21.555,25.816,51.381,0,0,5304068,6663204,417620,3847740,44564.821,22076.385,0,100.256,0,12.031,6491,7953,2.240,2.180,1.770,5,0,112.287,0,0,27,204,0,4,0
04-08 07:21:20,25.918,19.254,52.330,0,0,5311072,6656188,417632,3847352,45819.652,22458.600,0,225.119,0,23.697,3951,3644,2.240,2.180,1.770,3,0,51.343,0,0,27,210,0,4,0
04-08 07:21:21,26.385,28.161,44.905,0,0,5332572,6634616,417632,3847364,46823.589,25526.117,0,259.787,0,12.178,5707,3650,2.240,2.180,1.770,2,0,113.657,0,0,27,210,0,3,0
04-08 07:21:22,41.812,11.586,46.597,0,0,5387004,6580184,417632,3847364,48359.338,24391.749,0,32.240,0,3.023,3528,2439,2.240,2.180,1.770,3,0,7.053,0,0,27,210,0,3,0
04-08 07:21:23,47.696,12.736,37.957,0.250,0,5442488,6523008,417636,3849036,60620.980,589930.336,3.995,2305.375,0.999,6.992,5105,4469,2.220,2.170,1.770,4,0,1.998,0,0,27,210,0,3,0
04-08 07:21:24,42.586,11.389,44.567,0,0,5524380,6440364,417648,3849756,43905.029,21873.285,0,138.652,0,5.942,3950,3031,2.220,2.170,1.770,3,0,6.933,0,0,27,214,0,3,0
04-08 07:21:25,43.300,11.513,43.800,0,0,5560372,6404328,417652,3849808,15360.604,7790.929,0,116.133,0,3.003,4349,3574,2.220,2.170,1.770,2,0,33.038,0,0,27,214,0,4,0
04-08 07:21:26,30.119,20.244,46.166,0,0,5581388,6383228,417668,3849864,30076.643,16690.922,0,825.560,0,18.763,4564,3363,2.220,2.170,1.770,2,0,48.388,0,0,27,216,0,4,0
04-08 07:21:27,32.155,46.612,15.205,5.733,0,5487732,6471576,418108,3854388,60944.007,31213.302,3258.323,19.941,170.494,4.985,7041,9215,2.220,2.170,1.770,6,0,133.603,0,0,27,214,0,4,0
04-08 07:21:28,39.376,39.630,20.323,0,0,5503992,6452428,418136,3857064,46761.881,25152.116,130.069,686.928,4.065,52.841,8363,11387,2.600,2.250,1.800,4,0,154.457,0,0,27,214,0,4,0
04-08 07:21:29,51.872,28.159,17.291,0,0,5573128,6383128,418140,3857220,61853.174,35295.693,0,351.742,0,26.677,6224,5018,2.600,2.250,1.800,6,0,120.541,0,0,27,219,0,4,0
04-08 07:21:30,51.794,29.525,17.014,0,0,5583604,6372592,418160,3857268,60809.099,32004.894,0,344.289,0,27.023,6365,5921,2.600,2.250,1.800,5,0,112.094,0,0,27,221,0,4,0
04-08 07:21:31,40.052,29.724,28.213,0.252,0,5579516,6376292,418304,3857476,45605.111,23682.697,0,3071.173,0,262.984,7751,8762,2.600,2.250,1.800,2,0,112.852,0,0,27,220,0,4,0
04-08 07:21:32,27.744,30.493,41.240,0,0,5529804,6425992,418324,3857468,60278.034,31212.768,0,459.893,0,26.994,5279,3854,2.600,2.250,1.800,4,0,113.974,0,0,27,220,0,4,0
04-08 07:21:33,31.843,29.085,37.109,0,0,5563932,6391836,418376,3857444,57206.268,589581.901,0,10554.862,0,1144.346,7224,4189,2.550,2.250,1.800,5,0,99.290,0,0,27,220,0,4,0
04-08 07:21:34,36.128,28.404,33.387,0,0,5574600,6381088,418384,3857992,59948.172,30536.682,0,231.218,0,22.922,6706,7104,2.550,2.250,1.800,7,0,122.585,0,0,27,220,0,4,0
04-08 07:21:35,39.464,25.890,33.431,0,0,5564612,6391072,418384,3858024,31171.149,14834.499,0,12.065,0,1.005,6846,7443,2.550,2.250,1.800,3,0,60.327,0,0,27,221,0,4,0
04-08 07:21:36,39.226,26.316,32.771,0,0,5529468,6426136,418468,3857936,44369.870,22945.618,0,691.169,0,63.556,5873,5359,2.550,2.250,1.800,5,0,61.570,0,0,27,220,0,4,0
04-08 07:21:37,66.652,25.809,7.267,0,0,5615708,6339728,418480,3858144,61621.947,35020.101,8.018,264.605,1.002,11.025,5169,3242,2.550,2.250,1.800,5,0,117.268,0,0,27,221,0,4,0
04-08 07:21:38,65.081,14.018,20.526,0,0,5703132,6252296,418488,3858144,44748.919,22696.362,0,8370.460,0,589.737,5801,3385,2.590,2.260,1.810,4,0,0,0,0,27,221,0,5,0
04-08 07:21:39,60.327,15.145,20.446,3.786,0,5760604,6193860,418524,3859068,30777.604,15514.505,735.036,258.474,10.097,10.097,5469,4501,2.590,2.260,1.810,3,0,4.039,0,0,27,227,0,6,0
04-08 07:21:40,67.320,15.289,15.042,0,0,5778256,6174496,418648,3860380,16669.698,8915.822,0,4923.972,0,213.056,6242,5876,2.590,2.260,1.810,3,0,1.973,0,0,27,225,0,7,0
04-08 07:21:41,54.642,18.045,27.702,0,0,5770264,6181964,418676,3860820,15538.679,7746.466,0,402.572,0,26.432,5260,4214,2.590,2.260,1.810,3,0,54.896,0,0,27,224,0,13,0
04-08 07:21:42,28.040,25.559,43.673,0,0,5794088,6158108,418680,3860848,60812.246,32225.021,0,166.753,0,10.918,5174,3400,2.590,2.260,1.810,3,0,117.124,0,0,27,224,0,12,0
04-08 07:21:43,27.957,26.709,42.934,0,0,5806068,6146104,418692,3860860,45976.611,28156.892,0,595.089,0,26.959,5532,4110,2.540,2.260,1.810,3,0,122.812,0,0,27,224,0,12,0
04-08 07:21:44,28.778,27.777,40.540,0,0,5807424,6144696,418712,3860880,73858.699,598727.328,0,224.221,0,21.021,6315,5475,2.540,2.260,1.810,2,0,102.100,0,0,27,224,0,12,1
04-08 07:21:45,25.760,31.012,42.266,0.250,0,5808512,6143588,418724,3860888,60739.900,32124.111,0,280.106,0,23.009,5293,4018,2.540,2.260,1.810,3,0,118.045,0,0,27,224,0,12,0
04-08 07:21:46,29.486,26.738,41.731,0,0,5805088,6146964,418748,3861288,45941.580,24478.587,0,291.864,0,20.990,5055,3564,2.540,2.260,1.810,2,0,95.955,0,0,27,224,0,12,0
04-08 07:21:47,41.771,24.012,33.017,0,0,5801832,6150156,418784,3860900,45127.588,22983.504,0,280.140,0,24.012,5929,6551,2.540,2.260,1.810,3,0,79.040,0,0,27,225,0,12,0
04-08 07:21:48,41.402,27.099,31.365,0,0,5808776,6143144,418808,3861024,60650.287,30818.953,0,200.736,0,14.051,6862,7843,2.580,2.270,1.820,2,0,86.316,0,0,27,226,0,12,0
04-08 07:21:49,44.293,29.612,23.889,0.249,0,5816416,6135420,418844,3860936,46340.838,24710.734,0,465.827,0,41.805,6605,5542,2.580,2.270,1.820,3,0,99.536,0,0,27,224,0,13,0
04-08 07:21:50,44.709,32.970,20.731,0,0,5813068,6138728,418860,3860956,60944.519,33699.321,0,303.724,0,25.976,5688,3778,2.580,2.270,1.820,3,0,122.888,0,0,27,224,0,13,0
04-08 07:21:51,51.795,29.739,16.356,0,0,5899592,6051844,418884,3861288,46753.638,25766.841,0,261.703,0,14.869,5718,3773,2.580,2.270,1.820,3,0,113.999,0,0,27,229,0,13,0
04-08 07:21:52,50.013,31.574,17.934,0,0,5898408,6051840,418908,3862320,62938.292,32703.300,0,1374.088,0,30.311,6997,7934,2.580,2.270,1.820,3,0,125.285,0,0,27,234,0,15,0
04-08 07:21:53,29.888,27.398,40.598,0,0,5898988,6051192,418944,3862332,57942.562,565579.344,0,506.109,0,38.855,6361,5735,2.690,2.300,1.830,2,0,121.546,0,0,27,232,0,15,0
04-08 07:21:54,29.758,34.259,34.509,0,0,5900220,6049932,418956,3862840,60427.606,31400.109,0,2204.569,0,17.004,5966,6424,2.690,2.300,1.830,3,0,152.039,0,0,27,232,0,15,0
04-08 07:21:55,40.195,24.117,35.673,0,0,5929712,6020284,418984,3862832,45258.155,22754.183,0,643.114,0,29.141,5704,6363,2.690,2.300,1.830,3,0,89.433,0,0,27,232,0,15,0
04-08 07:21:56,41.947,24.719,31.460,0,0,5957284,5992604,419012,3862472,60796.775,31296.247,0,962.777,0,134.829,6339,4749,2.690,2.300,1.830,5,0,71.909,0,0,27,234,0,15,0
04-08 07:21:57,48.057,27.888,22.161,0,0,6007288,5942564,419016,3862508,46153.735,24971.761,0,119.520,0,7.968,6057,4654,2.690,2.300,1.830,4,0,113.544,0,0,27,232,0,15,0
04-08 07:21:58,46.049,31.612,20.162,0,0,5998328,5951512,419024,3862512,60218.842,33828.170,0,7.965,0,1.991,5686,3719,2.720,2.310,1.840,6,0,137.400,0,0,27,234,0,16,0
04-08 07:21:59,40.427,31.019,28.477,0,0,6009780,5938388,419068,3864104,63126.765,32738.047,0,919.391,0,50.851,6942,7822,2.720,2.310,1.840,5,0,126.111,0,0,27,239,0,17,0
04-08 07:22:00,36.252,32.527,29.299,0.248,0,6060136,5888008,419068,3864124,45339.729,23395.896,0,27.810,0,6.952,5745,4711,2.720,2.310,1.840,2,0,127.130,0,0,27,240,0,17,0
04-08 07:22:01,32.231,29.752,34.462,0,0,6011664,5936428,419100,3864536,68872.176,454623.602,0,725.941,0,48.594,7254,8580,2.720,2.310,1.840,13,0,153.717,0,0,27,238,0,17,0
04-08 07:22:02,38.280,27.238,31.900,0,0,6010352,5937732,419108,3864544,49492.630,147800.622,0,239.498,0,17.668,6352,6909,2.720,2.310,1.840,4,0,65.764,0,0,27,240,0,17,0
04-08 07:22:03,39.795,26.020,34.948,0,0,6039052,5908984,419124,3864168,46085.831,23342.399,0,261.219,0,22.449,5570,4311,2.660,2.310,1.840,5,0,56.121,0,0,27,241,0,17,0
04-08 07:22:04,45.955,31.719,20.979,0,0,6083316,5864664,419144,3864192,61221.633,32763.694,0,359.645,0,22.977,6164,4982,2.660,2.310,1.840,4,0,126.875,0,0,27,242,0,17,0
04-08 07:22:05,59.877,18.775,21.566,0,0,6049232,5898712,419168,3864204,46553.133,23228.360,0,381.591,0,35.520,5389,4155,2.660,2.310,1.840,5,0,22.327,0,0,27,240,0,17,0
04-08 07:22:06,64.168,14.151,18.543,0,0,6149224,5798204,419196,3864684,29333.827,14527.842,0,386.472,0,31.230,4860,3240,2.660,2.310,1.840,5,0,4.880,0,0,27,245,0,18,0
04-08 07:22:07,59.015,16.861,25.292,0,0,6218908,5727672,419248,3865424,30427.038,15273.300,0,564.088,0,41.898,6163,7357,2.660,2.310,1.840,2,0,6.131,0,0,27,249,1,22,0
04-08 07:22:08,45.384,8.432,43.896,0,0,6226928,5719608,419272,3865440,16204.448,7311.098,0,305.538,0,22.816,5031,4894,2.690,2.320,1.840,2,0,0,0,0,27,253,1,24,0
04-08 07:22:09,50.370,9.022,39.845,0.251,0,6207440,5739040,419324,3865448,15760.703,7387.673,0,15007.903,0,1584.791,7347,4473,2.690,2.320,1.840,3,0,7.017,0,0,27,254,1,24,0
04-08 07:22:10,29.196,24.953,44.417,0,0,6176736,5769736,419324,3865456,30417.315,17425.526,0,195.635,0,9.981,4962,3471,2.690,2.320,1.840,5,0,116.782,0,0,27,254,1,24,0
04-08 07:22:11,27.081,27.582,44.132,0,0,6199196,5747256,419328,3865472,61537.994,34784.002,0,212.636,0,9.027,5682,4390,2.690,2.320,1.840,3,0,130.390,0,0,27,254,1,23,0
04-08 07:22:12,28.160,28.409,41.367,0,0,6200800,5745616,419348,3865488,60388.328,33243.385,0,378.785,0,23.923,5785,4772,2.690,2.320,1.840,2,0,119.616,0,0,27,256,1,23,0
04-08 07:22:13,31.564,28.830,36.286,0,0,6173912,5772364,419392,3865576,57972.303,571910.077,0,477.187,0,37.777,6295,5464,2.710,2.330,1.850,3,0,118.303,0,0,27,254,1,23,0
04-08 07:22:14,27.451,29.466,42.562,0,0,6218008,5728256,419396,3865584,61112.614,32028.591,0,290.125,0,13.096,5160,3791,2.710,2.330,1.850,3,0,110.812,0,0,27,254,1,23,0
04-08 07:22:15,28.968,28.468,40.954,0,0,6238624,5707488,419408,3865724,61251.416,32229.912,0,731.181,0,34.961,5497,4412,2.710,2.330,1.850,3,0,111.875,0,0,27,254,1,23,0
04-08 07:22:16,35.917,32.675,29.432,0,0,6238496,5707564,419436,3866236,45224.750,23336.207,0,275.365,0,31.926,6872,8326,2.710,2.330,1.850,2,0,136.685,0,0,27,258,1,23,0
04-08 07:22:17,34.343,29.831,35.096,0,0,6167432,5778424,419468,3866376,45610.135,23552.100,0,629.714,0,54.147,7172,7971,2.710,2.330,1.850,3,0,127.347,0,0,27,258,1,23,0
04-08 07:22:18,36.976,25.733,35.477,0,0,6177280,5768540,419488,3869332,60751.467,31269.652,0,291.810,0,22.985,5358,10675,2.570,2.310,1.840,11,0,86.943,0,0,28,258,1,23,0
04-08 07:22:19,49.548,28.027,21.271,0,0,6206072,5739728,419500,3866352,45799.283,25330.492,0,308.298,0,29.028,5714,8237,2.570,2.310,1.840,2,0,109.105,0,0,28,261,1,23,0
04-08 07:22:20,43.021,10.755,44.772,0,0,6268852,5676896,419504,3866384,44722.316,24532.242,0,244.122,0,7.003,3676,2854,2.570,2.310,1.840,5,0,2.001,0,0,28,261,1,23,0
04-08 07:22:21,46.160,7.984,44.913,0.250,0,6322052,5623032,419548,3866944,30380.884,14887.032,0,750.540,0,28.944,3560,2601,2.570,2.310,1.840,3,0,1.996,0,0,28,261,1,23,0
04-08 07:22:22,43.182,14.059,41.425,0,0,6331496,5612392,419616,3867980,29657.037,15519.432,0,1076.539,0,71.301,6196,7544,2.570,2.310,1.840,1,0,46.195,0,0,28,262,1,24,0
04-08 07:22:23,8.713,25.640,63.479,0,0,6322308,5621360,419620,3868176,56033.575,590688.061,0,653.209,0,8.962,5280,4079,2.370,2.270,1.830,1,0,135.421,0,0,28,262,1,24,0
04-08 07:22:24,13.471,11.226,72.842,0,0,6323516,5620104,419628,3868216,54867.005,28548.085,0,7.983,0,1.996,3920,4004,2.370,2.270,1.830,1,0,38.916,0,0,28,264,1,24,0
04-08 07:22:25,6.540,2.767,89.298,0,0,6323736,5619852,419632,3868236,72005.696,34029.745,0,1658.172,0,23.142,2510,3215,2.370,2.270,1.830,4,0,4.025,0,0,28,264,1,24,1
04-08 07:22:26,4.002,3.001,89.790,0,0,6323976,5617640,419640,3870136,2403231.453,81892.340,0,224.099,0,19.008,4480,3927,2.370,2.270,1.830,0,0,2.001,0,0,28,263,1,24,0
04-08 07:22:27,3.749,4.248,86.718,0,0,6322856,5615136,419648,3873664,3891639.847,102042.710,0,151.944,0,17.993,5994,4557,2.370,2.270,1.830,0,0,0,0,0,28,263,1,23,0
04-08 07:22:28,4.492,6.239,81.102,0,0,6319060,5612428,419676,3879960,6382334.829,146918.210,0,475.134,0,34.936,11238,9107,2.260,2.250,1.830,1,0,1.996,0,0,28,263,1,23,0
04-08 07:22:29,5.756,12.764,75.081,0,0,6319112,5607996,419716,3884192,4569294.190,94936.830,0,2022.190,0,103.112,9491,7144,2.260,2.250,1.830,1,0,53.057,0,0,28,262,1,23,0
04-08 07:22:30,10.986,21.473,59.924,4.994,0,6355920,5568876,419720,3886464,49032.050,26368.684,2297.098,43.944,26.966,3.995,4557,3651,2.260,2.250,1.830,3,0,111.859,0,0,28,262,1,23,0
04-08 07:22:31,11.526,18.040,68.904,0,0,6359376,5565352,419720,3886532,57348.195,33865.703,0,4.009,0,1.002,4113,3408,2.260,2.250,1.830,1,0,94.211,0,0,28,262,1,23,0
04-08 07:22:32,28.485,6.497,62.968,0,0,6388324,5536400,419724,3886532,44124.400,22804.320,0,159.918,0,17.991,3157,2969,2.260,2.250,1.830,2,0,1.999,0,0,28,266,1,23,0
04-08 07:22:33,24.247,6.499,68.241,0,0,6406356,5518352,419728,3886540,41079.359,457843.130,0,183.975,0,8.999,3640,3517,2.160,2.220,1.820,3,0,1.000,0,0,28,266,1,23,0
04-08 07:22:34,24.426,7.477,66.050,0,0,6406800,5517848,419768,3886560,16616.566,121289.866,0,438.669,0,51.843,4546,5319,2.160,2.220,1.820,2,0,2.991,0,0,28,272,1,25,0
04-08 07:22:35,28.110,7.027,62.996,0,0,6407016,5517608,419768,3886584,16496.440,8749.177,0,7400.910,0,880.439,6186,4953,2.160,2.220,1.820,1,0,0,0,0,28,272,1,25,0
04-08 07:22:36,24.111,7.209,65.125,0.249,0,6417024,5507404,419800,3886748,14889.350,7480.966,0,576.683,0,50.708,4884,5955,2.160,2.220,1.820,1,0,0.994,0,0,28,276,1,26,0
04-08 07:22:37,25.193,5.488,66.599,0,0,6417092,5507152,419824,3886904,17479.371,9235.063,0,371.159,0,30.930,4941,5765,2.160,2.220,1.820,3,0,2.993,0,0,28,275,1,28,0
04-08 07:22:38,26.449,5.290,67.003,0,0,6418928,5505136,419844,3887064,15451.080,7417.727,0,427.210,0,22.167,4928,5755,2.060,2.200,1.820,1,0,1.008,0,0,28,279,1,29,0
04-08 07:22:39,22.464,7.987,67.142,0,0,6424228,5499604,419876,3887224,14832.071,7354.135,0,299.517,0,26.957,4729,5743,2.060,2.200,1.820,4,0,0,0,0,28,292,1,29,0
04-08 07:22:40,23.019,11.259,57.797,4.253,0,6415584,5491644,419904,3903340,299.243,0,0,19788.094,0,592.482,6944,7998,2.060,2.200,1.820,1,0,23.019,0,0,28,288,1,41,0
04-08 07:22:41,13.506,19.008,66.030,0,0,6348216,5559028,419908,3903316,15793.058,27956.493,0,260.116,0,12.005,4256,3332,2.060,2.200,1.820,1,0,114.051,0,0,28,288,1,41,0
04-08 07:22:42,7.253,25.011,65.528,0,0,6353232,5553992,419924,3903320,60945.135,33478.356,0,276.118,0,17.007,5065,3952,2.060,2.200,1.820,1,0,163.070,0,0,28,288,1,41,0
04-08 07:22:43,11.230,22.709,63.386,0,0,6371328,5535864,419948,3903328,60725.215,35482.436,0,1141.954,0,66.880,5313,4613,1.980,2.180,1.810,2,0,190.658,0,0,28,288,1,34,0
04-08 07:22:44,21.972,7.491,69.911,0,0,6418956,5488236,419948,3903328,44871.157,22022.102,0,71.909,0,5.992,2719,2670,1.980,2.180,1.810,2,0,0,0,0,28,288,1,34,0
04-08 07:22:45,22.300,7.016,68.905,0.251,0,6427236,5479932,419968,3903328,30007.340,15412.588,0,324.729,0,24.054,2922,2531,1.980,2.180,1.810,1,0,18.040,0,0,28,288,1,34,0
04-08 07:22:46,18.253,24.004,55.510,0,0,6421180,5485932,419988,3903344,62036.520,35617.614,0,340.063,0,25.005,5324,4226,1.980,2.180,1.810,1,0,125.023,0,0,28,288,1,34,0
04-08 07:22:47,7.740,23.969,66.415,0,0,6404756,5502300,420020,3903360,45374.239,25873.064,0,471.400,0,48.938,5013,4363,1.980,2.180,1.810,1,0,150.808,0,0,28,290,1,35,0
04-08 07:22:48,7.010,23.284,66.847,0,0,6387048,5519992,420028,3903368,70585.447,470613.040,0,144.209,0,12.017,5014,4092,1.900,2.160,1.810,1,0,121.176,0,0,28,290,1,35,0
04-08 07:22:49,9.000,24.751,64.502,0,0,6381628,5525364,420052,3903392,63085.667,158640.192,0,324.009,0,28.001,5191,4229,1.900,2.160,1.810,1,0,133.004,0,0,28,290,1,35,0
04-08 07:22:50,7.711,23.880,65.172,0,0,6376772,5530180,420084,3903396,60390.703,33296.227,0,254.717,0,24.875,4800,3670,1.900,2.160,1.810,1,0,130.343,0,0,28,290,1,35,0
04-08 07:22:51,2.762,4.017,92.146,0,0,6372284,5534668,420084,3903396,44688.203,22856.304,0,381.641,0,18.078,1938,2428,1.900,2.160,1.810,0,0,15.065,0,0,28,290,1,35,0
04-08 07:22:52,19.267,8.007,72.062,0,0,6410456,5496492,420084,3903400,44593.528,22895.781,0,36.031,0,3.003,2774,2722,1.900,2.160,1.810,2,0,11.010,0,0,28,290,1,34,0
04-08 07:22:53,23.734,5.996,68.954,0,0,6450332,5456608,420088,3903404,30135.756,14648.160,0,119.919,0,11.992,2876,2765,1.830,2.140,1.810,1,0,0.999,0,0,28,295,1,34,0
04-08 07:22:54,24.231,5.746,68.447,0,0,6450328,5456608,420088,3903408,29747.757,14808.430,0,11.991,0,1.998,3646,3775,1.830,2.140,1.810,1,0,0.999,0,0,28,300,1,34,0
04-08 07:22:55,14.010,16.262,68.551,0,0,6424980,5481932,420092,3903428,30490.835,16906.662,0,104.078,0,4.003,4119,3395,1.830,2.140,1.810,3,0,94.070,0,0,28,300,1,34,0
04-08 07:22:56,4.748,9.247,68.977,14.245,0,6420868,5475100,420208,3913912,60474.164,31589.638,7109.668,111.963,128.958,11.996,3370,3476,1.830,2.140,1.810,1,0,18.994,0,0,28,300,1,32,0
04-08 07:22:57,4.788,4.536,68.288,21.419,0,6404976,5473900,420244,3930864,31451.925,17170.348,16405.318,411.242,157.239,40.318,2793,3419,1.830,2.140,1.810,2,1,20.159,0,0,28,302,1,32,0
04-08 07:22:58,2.234,3.227,70.499,21.348,0,6399116,5461296,420260,3949180,29887.688,14715.466,16780.795,103.266,153.907,6.951,2173,2761,1.760,2.130,1.800,0,1,1.986,0,0,28,302,1,32,0
04-08 07:22:59,2.508,4.012,70.720,21.818,0,6390500,5449240,420272,3969720,15513.210,7318.744,19444.427,120.374,180.561,8.025,2467,2860,1.760,2.130,1.800,0,1,0,0,0,28,302,1,32,0
04-08 07:23:00,6.475,8.966,61.264,21.169,0,6394528,5426748,420284,3988024,24349.369,449501.522,16472.657,18229.900,168.353,446.284,3902,3723,1.760,2.130,1.800,1,1,2.989,0,0,28,302,1,30,0
04-08 07:23:01,5.744,3.996,65.433,22.727,0,6388740,5419080,420284,4001384,16740.928,134660.676,11967.795,35.963,114.883,2.997,2534,2956,1.760,2.130,1.800,1,1,3.996,0,0,28,302,1,30,0
04-08 07:23:02,7.767,7.015,63.388,20.795,0,6421432,5364900,420300,4022732,15878.638,7526.419,20364.424,136.297,197.431,13.028,2856,3267,1.760,2.130,1.800,0,1,0,0,0,28,302,1,30,0
04-08 07:23:03,2.248,4.497,70.448,21.734,0,6418764,5342620,420308,4047520,806.407,0,23490.733,175.871,229.831,8.993,2493,2805,1.700,2.110,1.800,0,1,0.999,0,0,28,302,1,30,0
04-08 07:23:04,5.230,8.218,67.988,15.441,0,6404292,5346204,420324,4058336,30415.912,19753.956,8658.668,231.110,90.651,26.896,3280,3388,1.700,2.110,1.800,0,1,17.931,0,0,28,302,1,30,0
04-08 07:23:05,2.761,4.016,70.275,21.835,0,6396364,5335380,420328,4076980,44724.754,22269.012,17773.447,32.126,178.698,3.012,2457,2743,1.700,2.110,1.800,0,1,0,0,0,28,302,1,30,0
04-08 07:23:06,2.749,4.747,68.463,21.738,0,6392072,5324456,420360,4092084,15650.631,7292.100,14180.417,451.758,131.929,29.984,2598,3082,1.700,2.110,1.800,0,1,0,0,0,28,302,1,30,0
04-08 07:23:07,4.502,11.005,65.031,17.258,0,6385204,5316872,420396,4106400,29546.122,14921.132,13910.649,132.063,141.067,12.006,3158,3177,1.700,2.110,1.800,2,0,19.009,0,0,28,302,1,30,0
04-08 07:23:08,7.754,8.755,66.538,15.759,0,6382564,5305724,420432,4120080,31599.006,21353.168,13191.517,452.258,121.069,32.018,3282,3280,1.720,2.100,1.800,0,1,15.009,0,0,28,302,1,26,0
04-08 07:23:09,2.750,3.750,69.749,21.750,0,6379760,5290768,420432,4137744,29993.398,14819.703,17339.652,0,150.997,0,2558,2913,1.720,2.100,1.800,1,0,0,0,0,28,302,1,26,0
04-08 07:23:10,3.749,6.748,68.479,18.494,0,6375676,5279448,420464,4153040,30312.835,14587.590,15119.429,571.827,141.957,75.977,3048,3258,1.720,2.100,1.800,2,0,11.996,0,0,28,302,1,26,0
04-08 07:23:11,4.244,8.238,69.894,15.976,0,6371164,5268576,420468,4168352,44554.567,27150.908,14701.749,39.940,176.733,1.997,3110,3014,1.720,2.100,1.800,0,1,15.976,0,0,28,302,1,26,0
04-08 07:23:12,2.502,4.003,70.304,22.017,0,6370544,5252460,420472,4185020,30061.109,14913.464,16040.331,64.049,190.146,4.003,2537,2721,1.720,2.100,1.800,0,1,0,0,0,28,302,1,24,0
04-08 07:23:13,4.253,8.755,69.542,15.259,0,6370096,5242380,420476,4195472,29963.955,18531.104,10302.173,8.005,118.071,2.001,3048,2967,1.670,2.090,1.790,0,1,19.011,0,0,28,302,1,24,0
04-08 07:23:14,2.751,4.001,70.020,21.256,0,6360444,5234316,420480,4213104,44615.848,21960.324,17437.021,64.018,191.055,6.002,2774,2982,1.670,2.090,1.790,2,0,0,0,0,28,302,1,24,0
04-08 07:23:15,3.745,7.739,69.156,17.726,0,6361284,5219952,420480,4226580,29491.796,14646.034,13285.889,107.853,144.803,8.988,3095,3195,1.670,2.090,1.790,1,0,12.982,0,0,28,302,1,24,0
04-08 07:23:16,6.002,8.252,67.519,16.505,0,6361500,5206876,420492,4239380,51955.426,439191.950,12099.360,480.133,154.043,33.009,3646,3699,1.670,2.090,1.790,1,1,15.004,0,0,28,302,1,24,0
04-08 07:23:17,3.749,4.499,68.735,21.495,0,6354892,5198452,420496,4254356,36519.892,169516.366,14520.776,175.961,176.961,18.996,3020,3158,1.670,2.090,1.790,0,1,1.000,0,0,28,302,1,25,0
04-08 07:23:18,9.257,12.009,61.297,15.512,0,6385952,5159156,420504,4262568,30328.180,18928.467,7833.988,356.272,101.077,22.017,3167,2935,1.690,2.080,1.800,0,1,17.013,0,0,28,302,1,25,0
04-08 07:23:19,17.982,13.986,46.953,18.731,0,6350860,5176052,420568,4280568,46398.039,23577.645,17298.864,2301.720,229.772,128.872,5215,10846,1.690,2.080,1.800,1,1,37.962,0,0,28,302,1,26,0
04-08 07:23:20,4.007,6.511,70.871,18.281,0,6351844,5158956,420580,4296604,29761.663,14616.882,15590.540,108.184,183.312,12.020,2733,2892,1.690,2.080,1.800,1,0,9.015,0,0,28,302,1,25,0
04-08 07:23:21,3.750,6.251,69.008,18.252,0,6346100,5152404,420592,4308840,30069.543,18522.183,11617.369,2284.269,140.016,443.052,3520,2835,1.690,2.080,1.800,0,1,7.001,0,0,28,302,1,25,0
04-08 07:23:22,2.498,3.497,69.931,21.978,0,6346416,5138796,420596,4322080,44870.875,22176.193,12755.457,27.972,145.857,2.997,2596,2880,1.690,2.080,1.800,0,1,0,0,0,28,302,1,25,0
04-08 07:23:23,4.247,8.743,69.695,16.237,0,6348832,5127732,420596,4330696,45414.429,26387.332,8109.648,0,105.917,0,2848,2891,1.640,2.070,1.790,0,1,18.985,0,0,28,302,1,25,0
04-08 07:23:24,2.003,3.004,70.348,23.032,0,6348760,5119428,420596,4339040,29572.238,14678.469,7983.132,12.017,103.144,3.004,2045,2578,1.640,2.070,1.790,0,1,0,0,0,28,302,1,24,0
04-08 07:23:25,2.498,4.497,69.452,21.485,0,6348460,5104056,420600,4354644,30568.679,14857.637,15105.464,63.955,184.871,5.996,2680,2834,1.640,2.070,1.790,0,1,0,0,0,28,302,1,24,0
04-08 07:23:26,13.987,21.480,60.445,1.748,0,6357180,5093504,420608,4356444,46194.002,28550.043,1702.452,363.669,24.977,26.975,5164,4708,1.640,2.070,1.790,2,0,73.933,0,0,28,303,1,26,0
04-08 07:23:27,5.508,4.256,67.850,21.031,0,6356132,5080148,420624,4370768,44682.123,23222.366,13544.043,224.332,174.258,20.030,3069,3476,1.640,2.070,1.790,0,1,2.003,0,0,28,302,1,26,0
04-08 07:23:28,2.751,4.752,69.524,21.758,0,6355888,5065028,420624,4386084,29988.567,14729.190,14669.169,92.032,177.062,1.000,2599,2739,1.590,2.050,1.790,0,1,0,0,0,28,302,1,26,0
04-08 07:23:29,8.249,14.497,65.738,8.998,0,6357348,5057960,420664,4391620,53060.643,462546.432,5347.057,363.936,68.988,23.996,4150,3686,1.590,2.050,1.790,1,0,49.991,0,0,28,302,1,26,0
04-08 07:23:30,6.499,8.248,66.486,16.997,0,6353944,5045668,420664,4407252,49210.983,153607.732,14597.029,51.989,192.961,4.999,3460,3317,1.590,2.050,1.790,1,1,8.998,0,0,28,302,1,26,0
04-08 07:23:31,6.001,6.251,64.514,21.755,0,6365756,5017260,420664,4423784,30183.733,14595.256,15863.539,8.002,199.044,2.000,2859,2823,1.590,2.050,1.790,0,1,0,0,0,28,302,1,26,0
04-08 07:23:32,5.752,12.004,69.021,11.754,0,6366084,5006452,420680,4434200,60365.448,34798.634,9798.995,144.044,146.045,12.004,3598,3431,1.590,2.050,1.790,0,1,28.009,0,0,28,302,1,26,0
04-08 07:23:33,2.749,4.248,69.969,21.490,0,6366680,4992856,420684,4447148,29578.773,14585.478,12474.422,243.891,194.913,11.995,2414,2831,1.540,2.030,1.780,0,1,1.000,0,0,28,302,1,26,0
04-08 07:23:34,9.087,11.863,62.597,15.144,0,6390608,4958080,420700,4457944,45638.254,26436.122,10576.872,205.964,116.107,23.221,3580,3440,1.540,2.030,1.780,0,1,17.164,0,0,28,302,1,27,0
04-08 07:23:35,2.229,3.715,70.083,21.793,0,6390672,4942960,420700,4472936,29550.630,14454.371,14680.220,0,145.614,0,2549,2821,1.540,2.030,1.780,1,1,1.981,0,0,28,302,1,27,0
04-08 07:23:36,5.246,9.243,67.451,15.239,0,6388088,4933904,420768,4484440,44948.092,26168.841,11235.774,723.470,110.919,51.962,3685,3925,1.540,2.030,1.780,0,1,16.988,0,0,28,302,1,27,0
04-08 07:23:37,4.755,9.259,69.319,15.265,0,6375804,4935428,420772,4495144,44726.682,25303.278,10586.576,48.048,107.107,7.007,3211,3216,1.540,2.030,1.780,0,1,17.017,0,0,28,302,1,23,0
04-08 07:23:38,3.497,6.744,68.942,18.485,0,6364800,4931912,420800,4509584,44230.013,22001.601,14300.042,403.662,137.885,31.973,3064,3176,1.500,2.010,1.780,1,0,7.993,0,0,28,302,1,24,0
04-08 07:23:39,4.005,6.508,69.331,18.021,0,6364344,4923356,420800,4518544,44860.471,27255.880,8690.164,20.023,95.111,2.002,2999,3128,1.500,2.010,1.780,2,1,10.012,0,0,28,302,1,24,0
04-08 07:23:40,12.983,12.234,56.177,16.728,0,6366136,4913052,420808,4527032,43724.304,578567.785,8481.003,163.788,94.877,8.988,3994,3694,1.500,2.010,1.780,1,0,13.982,0,0,28,302,1,24,0
04-08 07:23:41,5.253,6.754,66.536,19.511,0,6362300,4901460,420808,4542392,46796.534,27920.234,13463.346,0,151.082,0,3145,3158,1.500,2.010,1.780,1,0,5.003,0,0,28,302,1,8,0
04-08 07:23:42,3.501,6.001,69.011,20.003,0,6362588,4890372,420816,4553136,33366.248,16796.642,9665.520,2704.425,108.017,504.079,3234,3015,1.500,2.010,1.780,1,0,7.001,0,0,28,302,1,8,0
04-08 07:23:43,3.753,7.005,70.050,18.013,0,6362952,4876276,420816,4566820,44720.058,26697.138,13081.377,0,162.116,0,2928,2947,1.460,2,1.770,0,1,10.007,0,0,28,302,1,8,0
04-08 07:23:44,5.250,9.500,68.501,14.750,0,6363872,4861672,420816,4580420,29918.538,14724.265,12500.225,24.000,170.003,2.000,3423,3272,1.460,2,1.770,0,1,18.000,0,0,28,302,1,8,0
04-08 07:23:45,2.500,4.499,70.739,20.497,0,6349340,4855624,420816,4600936,44910.809,27665.570,19836.824,0,256.959,0,2719,2955,1.460,2,1.770,0,1,0,0,0,28,302,1,8,0
04-08 07:23:46,5.244,9.740,68.178,13.735,0,6348388,4844068,420832,4613332,45101.146,27247.090,11791.489,671.288,167.822,67.928,3566,3470,1.460,2,1.770,0,1,15.983,0,0,28,302,1,8,0
04-08 07:23:47,3.253,5.504,69.305,21.017,0,6347764,4826932,420836,4631024,44303.174,22744.057,16857.384,148.118,231.184,16.013,2822,3232,1.460,2,1.770,0,1,2.002,0,0,28,302,1,9,0
04-08 07:23:48,4.537,8.317,70.066,15.626,0,6349120,4814808,420840,4641724,46556.057,28012.270,10234.671,197.596,117.953,11.090,3042,3060,1.420,1.980,1.770,0,1,16.130,0,0,28,302,1,9,0
04-08 07:23:49,4.959,8.926,68.680,14.877,0,6351120,4799944,420856,4654520,44314.300,24701.042,12095.636,91.243,126.947,13.885,3401,3541,1.420,1.980,1.770,1,0,15.868,0,0,28,302,1,8,0
04-08 07:23:50,2.752,6.504,69.541,19.261,0,6351048,4782808,420856,4671648,44172.937,21900.860,16977.969,0,167.098,0,2892,2992,1.420,1.980,1.770,1,0,8.005,0,0,28,302,1,8,0
04-08 07:23:51,4.997,7.246,67.962,18.240,0,6351256,4767436,420872,4686744,53845.760,462786.100,14671.760,343.807,146.917,22.987,3305,3236,1.420,1.980,1.770,0,1,10.994,0,0,28,302,1,8,0
04-08 07:23:52,11.751,17.002,62.758,6.751,0,6358172,4753160,420872,4694072,48387.034,150853.813,7104.886,32.004,70.009,3.000,4297,3595,1.420,1.980,1.770,1,0,69.009,0,0,28,302,1,8,0
04-08 07:23:53,22.938,5.984,69.811,0,0,6399744,4711580,420872,4694080,44902.544,23402.699,0,0,0,0,2763,2622,1.390,1.960,1.770,2,0,3.989,0,0,28,302,1,8,0
04-08 07:23:54,22.795,6.513,69.387,0,0,6448632,4662692,420872,4694080,44576.699,22321.916,0,112.221,0,6.012,2782,2692,1.390,1.960,1.770,1,0,0,0,0,28,302,1,8,0
04-08 07:23:55,23.977,5.245,70.183,0,0,6478112,4633208,420872,4694080,29563.630,14643.947,0,3.996,0,0.999,2576,2370,1.390,1.960,1.770,1,0,1.998,0,0,28,302,1,8,0
04-08 07:23:56,26.031,4.756,68.082,0,0,6497248,4614056,420916,4694052,45846.194,24655.683,0,760.916,0,56.067,3425,3597,1.390,1.960,1.770,2,0,4.005,0,0,28,306,1,8,0
04-08 07:23:57,23.237,6.496,69.212,0,0,6449320,4661940,420916,4694096,45602.130,22963.476,0,27.985,0,3.998,2783,2583,1.390,1.960,1.770,1,0,4.997,0,0,28,302,1,8,0
04-08 07:23:58,24.760,5.002,68.777,0,0,6449300,4661940,420920,4694112,59646.675,31068.332,0,1696.673,0,326.129,3289,2618,1.350,1.950,1.760,2,0,0,0,0,28,302,1,8,0
04-08 07:23:59,22.750,8.000,68.251,0,0,6461128,4650096,420944,4694104,29412.381,14724.191,0,340.004,0,31.000,2955,3037,1.350,1.950,1.760,1,0,3.000,0,0,28,302,1,8,0
04-08 07:24:00,22.658,6.474,68.970,0,0,6483024,4628172,420944,4694132,29471.470,14760.136,0,7.968,0,0.996,3048,3121,1.350,1.950,1.760,1,0,1.992,0,0,28,305,1,8,0
04-08 07:24:01,34.299,7.761,56.581,0,0,6528704,4581936,420944,4694656,29989.026,16673.923,0,16.023,0,4.006,3539,3059,1.350,1.950,1.760,2,0,5.007,0,0,28,302,1,8,0
04-08 07:24:02,22.423,13.703,61.788,0,0,6478116,4632496,420968,4694660,57103.164,475437.479,0,279.043,0,26.908,4210,3967,1.350,1.950,1.760,1,0,16.942,0,0,28,302,1,8,0
04-08 07:24:03,28.889,8.541,61.296,0,0,6502272,4608844,420972,4694152,50229.316,159950.632,0,213.028,0,10.048,3460,2981,1.410,1.950,1.760,2,0,2.010,0,0,28,302,1,8,0
04-08 07:24:04,24.006,5.251,69.517,0,0,6517988,4593108,420984,4694160,15380.832,7297.818,0,96.024,0,12.003,2699,2609,1.410,1.950,1.760,2,0,0,0,0,28,302,1,8,0
04-08 07:24:05,24.467,5.742,69.158,0,0,6462700,4648236,420984,4694316,30079.858,15153.777,0,247.669,0,8.988,2764,2429,1.410,1.950,1.760,2,0,22.969,0,0,28,302,1,8,0
04-08 07:24:06,9.766,25.793,61.853,0,0,6457508,4653368,420996,4694356,61259.077,33275.448,512.855,576.961,4.007,35.058,5047,4195,1.410,1.950,1.760,1,0,123.205,0,0,28,302,1,8,0
04-08 07:24:07,9.257,26.020,62.299,0,0,6448120,4662480,420996,4694620,45653.670,25702.082,0,280.219,0,6.005,4813,3678,1.410,1.950,1.760,1,0,124.097,0,0,28,302,1,8,0
04-08 07:24:08,7.997,25.989,63.473,0,0,6433512,4677020,420996,4694688,60788.996,32482.105,0,95.959,0,3.998,5125,3793,1.370,1.930,1.760,1,0,154.934,0,0,28,302,1,9,0
04-08 07:24:09,10.732,19.967,66.890,0,0,6426204,4684328,421000,4694684,61411.296,61808.645,0,123.797,0,5.990,4594,3788,1.370,1.930,1.760,1,0,110.818,0,0,28,302,1,8,0
04-08 07:24:10,13.770,16.774,67.348,0,0,6424956,4685568,421000,4694692,60777.483,32397.165,0,100.146,0,5.007,4030,3344,1.370,1.930,1.760,2,0,89.130,0,0,28,302,1,8,0
04-08 07:24:11,22.429,7.227,69.032,0,0,6431200,4679308,421004,4694700,29363.471,14773.446,0,27.912,0,2.991,2791,2445,1.370,1.930,1.760,1,0,19.937,0,0,28,302,1,8,0
04-08 07:24:12,18.330,6.529,73.823,0,0,6442588,4667908,421008,4694708,59784.300,569430.823,0,144.632,0,8.035,2989,2796,1.370,1.930,1.760,0,0,18.079,0,0,28,303,1,8,0
04-08 07:24:13,20.668,6.972,70.719,0,0,6440792,4663392,421020,4699812,32029.590,16300.160,0,2808.827,0,394.431,3060,2527,1.340,1.920,1.750,1,0,2.988,0,0,28,302,1,8,0
04-08 07:24:14,26.585,7.775,64.959,0,0,6438828,4664096,421036,4700940,62083.588,32625.887,0,196.632,0,6.019,3367,3122,1.340,1.920,1.750,2,0,6.019,0,0,28,302,1,8,0
04-08 07:24:15,22.510,10.755,62.529,0,0,6455752,4646140,421036,4701904,44398.649,22516.472,0,0,0,0,8173,14739,1.340,1.920,1.750,2,0,7.003,0,0,28,302,1,8,0
04-08 07:24:16,16.252,7.751,74.760,0,0,6447576,4653888,421068,4702136,34497.469,18290.370,0,900.117,0,28.004,2691,2890,1.340,1.920,1.750,0,0,3.000,0,0,28,303,1,8,0
04-08 07:24:17,22.495,7.498,67.985,0,0,6449520,4651740,421088,4702332,63095.724,41065.709,0,1531.653,0,115.974,5093,7072,1.340,1.920,1.750,2,0,6.998,0,0,28,303,1,9,0
04-08 07:24:18,18.732,12.238,66.436,0,0,6445860,4655268,421096,4702424,29742.166,15195.269,0,315.694,0,10.989,5231,8928,1.310,1.900,1.750,1,0,13.986,0,0,28,303,1,8,0
04-08 07:24:19,27.782,13.265,57.316,0,0,6452640,4648352,421124,4705128,29968.266,14903.040,0,268.307,0,15.017,3740,8088,1.310,1.900,1.750,2,0,36.041,0,0,28,303,1,8,0
04-08 07:24:20,15.504,19.505,63.266,0.250,0,6382572,4725440,421264,4696388,56521.271,31649.991,0,600.152,0,21.005,4712,7638,1.310,1.900,1.750,1,0,104.026,0,0,28,302,1,9,0
04-08 07:24:21,8.235,25.205,63.636,0,0,6388924,4719060,421268,4696396,49752.785,27283.077,0,483.134,0,9.982,4917,3958,1.310,1.900,1.750,1,0,161.710,0,0,28,302,1,9,0
04-08 07:24:22,21.478,8.242,68.681,0,0,6416628,4691340,421268,4696412,44750.076,23218.691,0,95.904,0,1.998,2825,2821,1.310,1.900,1.750,1,0,5.994,0,0,28,302,0,8,0
04-08 07:24:23,35.796,5.507,56.322,0,0,6439820,4667904,421304,4696620,57139.073,597381.969,0,508.650,0,41.053,4362,4113,1.290,1.890,1.740,4,0,4.005,0,0,28,302,1,8,0
04-08 07:24:24,23.482,5.995,68.696,0,0,6461700,4645980,421312,4696656,15375.021,9108.903,0,131.897,0,10.991,2969,2838,1.290,1.890,1.740,2,0,0,0,0,28,306,1,10,0
04-08 07:24:25,21.540,13.525,63.618,0,0,6415556,4692100,421312,4696680,16336.218,8739.165,0,0,0,0,4197,3906,1.290,1.890,1.740,1,0,59.109,0,0,28,302,1,11,0
04-08 07:24:26,16.467,15.220,66.368,0,0,6440792,4666848,421324,4696684,44711.792,24513.092,0,163.673,0,15.968,3739,3528,1.290,1.890,1.740,1,0,60.879,0,0,28,302,1,11,0
04-08 07:24:27,28.360,7.214,62.442,0.249,0,6481720,4625876,421336,4696716,29327.437,14741.336,0,199.019,0,13.931,3311,3156,1.290,1.890,1.740,5,0,3.980,0,0,28,303,1,13,0
04-08 07:24:28,27.558,5.762,66.140,0,0,6485896,4621664,421372,4696716,29880.346,14829.438,0,1928.088,0,90.191,3468,3584,1.270,1.870,1.740,2,0,2.004,0,0,28,302,1,14,0
04-08 07:24:29,15.568,16.572,66.037,0,0,6472840,4634692,421372,4696748,30070.594,15838.787,0,2293.962,0,457.989,4539,3201,1.270,1.870,1.740,2,0,72.314,0,0,28,302,1,14,0
04-08 07:24:30,22.758,6.002,69.525,0,0,6509408,4598120,421376,4696748,29727.725,15385.551,0,84.030,0,5.002,2573,2419,1.270,1.870,1.740,1,0,0,0,0,28,302,1,12,0
04-08 07:24:31,27.726,7.993,63.196,0,0,6519332,4588056,421376,4696888,29566.904,15131.157,0,51.956,0,3.997,3069,2789,1.270,1.870,1.740,2,0,0,0,0,28,302,1,14,0
04-08 07:24:32,16.506,14.256,66.526,0,0,6474772,4632604,421380,4696896,30538.968,18297.170,0,220.086,0,13.005,3656,3345,1.270,1.870,1.740,1,0,58.023,0,0,28,302,1,14,0
04-08 07:24:33,23.533,6.760,69.598,0,0,6491148,4616220,421384,4696900,44270.515,23024.513,0,48.068,0,6.008,2755,2585,1.240,1.860,1.740,2,0,1.001,0,0,28,302,1,14,0
04-08 07:24:34,24.018,5.754,69.051,0,0,6512448,4594904,421396,4696904,29732.929,15001.064,0,84.062,0,12.009,2890,2813,1.240,1.860,1.740,1,0,0,0,0,28,302,1,14,0
04-08 07:24:35,21.212,8.485,67.877,0,0,6460312,4647020,421404,4696916,14948.970,7510.420,0,115.791,0,8.984,3323,2965,1.240,1.860,1.740,4,0,33.939,0,0,28,302,1,18,0
04-08 07:24:36,25.227,8.742,65.190,0,0,6498400,4608920,421428,4696904,46428.030,24666.171,0,263.756,0,21.980,3231,3274,1.240,1.860,1.740,1,0,0,0,0,28,302,1,18,0
04-08 07:24:37,23.695,5.487,69.838,0,0,6521048,4586244,421436,4696924,29804.976,15322.515,0,199.538,0,8.979,2663,2570,1.240,1.860,1.740,1,0,0,0,0,28,302,1,18,0
04-08 07:24:38,21.820,10.032,66.462,0,0,6412876,4694376,421452,4696948,40150.978,455273.148,0,437.394,0,43.137,4204,4060,1.220,1.840,1.730,1,0,49.157,0,0,28,302,1,17,0
04-08 07:24:39,21.477,7.492,69.177,0,0,6440512,4666732,421456,4696952,48093.071,156406.371,0,115.877,0,6.993,2937,2775,1.220,1.840,1.730,1,0,0.999,0,0,28,302,1,17,0
04-08 07:24:40,23.973,5.244,69.921,0.250,0,6472264,4634980,421464,4696944,29677.521,14641.483,0,439.504,0,17.980,2640,2405,1.220,1.840,1.730,6,0,0,0,0,28,302,1,17,0
04-08 07:24:41,21.543,8.266,69.388,0,0,6395916,4711300,421468,4696968,29590.871,14849.543,0,56.112,0,7.014,3290,3042,1.220,1.840,1.730,1,0,30.060,0,0,28,302,1,19,0
04-08 07:24:42,19.998,8.499,69.991,0,0,6436740,4670476,421468,4696968,30115.312,15936.048,0,4.000,0,1.000,2646,2543,1.220,1.840,1.730,1,0,4.000,0,0,28,302,1,19,0
04-08 07:24:43,23.996,4.999,68.739,0,0,6475036,4632172,421472,4696972,44233.154,22148.572,0,447.931,0,30.995,2997,3021,1.210,1.830,1.730,1,0,1.000,0,0,28,302,1,19,0
04-08 07:24:44,21.776,8.760,68.331,0,0,6467156,4639984,421512,4697000,30841.768,16167.274,0,408.487,0,43.051,3809,3714,1.210,1.830,1.730,4,0,41.049,0,0,28,302,1,19,0
04-08 07:24:45,6.991,24.219,66.164,0,0,6473764,4633232,421564,4697088,45722.866,24799.926,0,2277.055,0,455.411,5592,3791,1.210,1.830,1.730,0,0,139.819,0,0,28,302,2,19,0
04-08 07:24:46,6.005,3.253,89.319,0,0,6465688,4641296,421592,4697072,65834.884,33536.921,0,732.566,0,46.036,2252,3010,1.210,1.830,1.730,0,0,0,0,0,28,304,1,19,0
04-08 07:24:47,9.739,21.475,65.424,0.250,0,6448604,4658256,421648,4697140,71187.617,35543.866,0,371.570,0,30.964,5092,4465,1.210,1.830,1.730,0,0,125.854,0,0,28,302,2,21,0
04-08 07:24:48,5.252,6.502,87.531,0,0,6439668,4667192,421648,4697140,51281.296,25992.273,0,784.280,0,71.025,2441,2610,1.190,1.810,1.720,1,0,23.008,0,0,28,302,1,22,0
04-08 07:24:49,9.245,22.738,65.965,0,0,6422040,4684732,421676,4697196,55027.118,585196.850,0,143.924,0,12.993,5318,4467,1.190,1.810,1.720,2,0,141.926,0,0,28,302,1,22,0
04-08 07:24:50,16.995,12.996,67.981,0,0,6430808,4675928,421700,4697208,60210.434,32165.150,0,3.999,0,1.000,3384,2976,1.190,1.810,1.720,1,0,48.987,0,0,28,302,1,21,0
04-08 07:24:51,19.781,9.765,69.360,0,0,6446192,4652112,422108,4704212,59867.003,30642.627,0,1093.736,0,20.032,2840,2634,1.190,1.810,1.720,1,0,3.005,0,0,28,302,1,21,0
04-08 07:24:52,24.003,4.751,70.009,0,0,6466288,4627960,422272,4707476,29534.706,14807.858,0,0,0,0,2704,2760,1.190,1.810,1.720,1,0,0,0,0,28,302,1,21,0
04-08 07:24:53,17.148,5.965,75.054,0,0,6465776,4627456,422336,4708300,35458.471,16728.676,0,2787.450,0,50.699,2904,2985,1.170,1.800,1.720,1,0,19.882,0,0,28,303,1,21,0
04-08 07:24:54,18.296,3.759,76.692,0,0,6458636,4631000,422384,4711576,20936.388,9625.084,0,533.335,0,31.078,2592,2804,1.170,1.800,1.720,1,0,1.003,0,0,28,302,1,21,0
04-08 07:24:55,16.545,11.782,68.936,2.005,0,6408084,4678780,422424,4714252,30267.715,16450.412,1283.465,2230.020,19.051,61.165,3920,3874,1.170,1.800,1.720,1,0,55.149,0,0,28,302,1,21,0
04-08 07:24:56,9.444,22.865,63.873,0.249,0,6389952,4696308,422460,4714740,60658.560,33591.503,71.577,1344.058,1.988,55.671,5273,4652,1.170,1.800,1.720,1,0,150.113,0,0,28,302,1,21,0
04-08 07:24:57,12.092,20.658,66.509,0,0,6397180,4689056,422464,4714760,45371.050,23663.002,0,326.497,0,31.239,4222,3580,1.170,1.800,1.720,3,0,98.755,0,0,28,302,1,21,0
04-08 07:24:58,25.410,7.473,65.766,0,0,6438876,4647224,422464,4714896,45677.701,23804.420,0,279.009,0,3.986,3013,2770,1.160,1.790,1.720,2,0,0,0,0,28,302,1,21,0
04-08 07:24:59,24.055,5.763,69.409,0,0,6462992,4623072,422480,4714908,14950.246,7615.444,0,116.266,0,7.016,2834,2644,1.160,1.790,1.720,2,0,2.005,0,0,28,302,1,21,0
04-08 07:25:00,20.510,9.504,68.282,0,0,6432228,4653820,422480,4714924,30319.094,18966.817,0,4.002,0,1.000,3509,3234,1.160,1.790,1.720,2,0,42.020,0,0,28,302,1,21,0
04-08 07:25:01,22.741,8.899,66.988,0,0,6426444,4659584,422480,4714928,57711.366,580910.462,0,3.955,0,0.989,3304,3024,1.160,1.790,1.720,2,0,6.921,0,0,28,302,1,21,0
04-08 07:25:02,32.824,32.067,33.329,0,0,6502804,4582876,422492,4715220,30134.690,15541.530,0,286.834,0,15.150,5867,5029,1.160,1.790,1.720,3,0,216.135,0,0,28,302,1,22,0
04-08 07:25:03,32.771,30.040,35.005,0,0,6466976,4618840,422504,4714964,29505.634,14881.914,0,234.361,0,13.903,5867,4915,1.230,1.790,1.720,6,0,202.583,0,0,28,302,1,22,0
04-08 07:25:04,25.702,27.970,45.105,0,0,6501060,4584744,422508,4714944,30823.275,15878.810,0,245.933,0,14.111,5222,4269,1.230,1.790,1.720,1,0,171.347,0,0,28,302,1,22,0
04-08 07:25:05,23.264,5.503,69.792,0,0,6525156,4560640,422508,4714952,44432.840,23035.915,0,0,0,0,2752,2493,1.230,1.790,1.720,1,0,2.001,0,0,28,302,1,22,0
04-08 07:25:06,28.667,10.719,58.083,0.249,0,6517600,4567860,422604,4715196,15171.310,7436.584,0,1216.497,0,150.566,5589,6986,1.230,1.790,1.720,1,0,0.997,0,0,28,303,1,22,0
04-08 07:25:07,26.579,12.286,58.423,0,0,6466724,4618676,422632,4715228,30801.979,17788.541,0,565.671,0,71.210,4534,4965,1.230,1.790,1.720,2,0,11.033,0,0,28,302,1,22,0
04-08 07:25:08,22.985,7.245,68.955,0,0,6460840,4624556,422636,4715228,44238.401,22005.774,0,175.886,0,13.991,2852,2643,1.210,1.780,1.710,2,0,1.999,0,0,28,302,1,23,0
04-08 07:25:09,27.233,6.496,65.210,0,0,6474184,4611116,422708,4715248,31082.746,16390.847,0,3389.900,0,167.896,3582,3413,1.210,1.780,1.710,3,0,0,0,0,28,302,1,23,0
04-08 07:25:10,23.237,6.247,67.463,0,0,6473092,4612128,422768,4715264,15206.729,7453.946,0,607.669,0,76.958,3918,4782,1.210,1.780,1.710,2,0,0,0,0,28,303,1,23,0
04-08 07:25:11,22.272,10.761,64.565,0,0,6470776,4614228,422828,4715416,15111.147,7303.320,0,3627.636,0,655.657,5573,5471,1.210,1.780,1.710,1,0,2.002,0,0,28,303,1,22,0
04-08 07:25:12,17.748,27.997,51.995,0,0,6407684,4677228,422892,4715436,15475.432,7671.223,0,2947.701,0,159.984,5203,4794,1.210,1.780,1.710,1,0,186.981,0,0,28,302,1,22,0
04-08 07:25:13,7.489,25.963,63.659,0,0,6403132,4681760,422904,4715436,60615.791,33813.909,0,539.233,0,24.964,5174,3978,1.190,1.760,1.710,1,0,165.764,0,0,28,302,1,22,0
04-08 07:25:14,7.704,27.335,62.125,0,0,6405164,4679684,422940,4715444,60688.934,31505.961,0,1809.088,0,86.478,5211,4181,1.190,1.760,1.710,3,0,162.023,0,0,28,302,1,22,0
04-08 07:25:15,9.813,27.426,60.640,0,0,6398188,4686640,422956,4715444,63979.112,605597.404,0,233.500,0,16.103,5672,4358,1.190,1.760,1.710,2,0,161.035,0,0,28,302,1,22,0
04-08 07:25:16,8.952,26.111,62.169,0.249,0,6393776,4691040,422964,4715448,60314.271,31560.175,0,354.117,0,25.862,5181,4183,1.190,1.760,1.710,1,0,155.175,0,0,28,302,1,22,0
04-08 07:25:17,9.535,27.351,60.975,0,0,6394160,4690644,422972,4715452,60680.247,32032.377,0,264.979,0,21.078,5224,4102,1.190,1.760,1.710,5,0,164.608,0,0,28,302,1,23,0
04-08 07:25:18,7.262,26.295,64.360,0,0,6392364,4692440,422972,4715452,45929.407,23586.265,0,372.636,0,17.029,4909,3858,1.340,1.780,1.720,2,0,161.275,0,0,28,302,1,23,0
04-08 07:25:19,9.244,25.484,62.961,0.250,0,6393852,4690932,422980,4715464,60844.181,33241.338,0,359.776,0,26.983,5154,4194,1.340,1.780,1.720,1,0,157.902,0,0,28,302,1,22,0
04-08 07:25:20,23.293,35.315,39.322,0,0,6382524,4702240,422992,4715472,63617.657,34079.492,0,164.301,0,19.035,6289,14391,1.340,1.780,1.720,2,0,189.347,0,0,28,302,1,23,0
04-08 07:25:21,6.998,26.243,63.483,0,0,6388016,4696744,422992,4715476,60859.443,32153.253,0,15.996,0,3.999,5058,3786,1.340,1.780,1.720,1,0,168.954,0,0,28,302,1,23,0
04-08 07:25:22,8.254,26.012,64.030,0,0,6391948,4692800,423004,4715476,45692.570,24207.428,0,584.276,0,34.016,5217,4227,1.340,1.780,1.720,4,0,169.080,0,0,28,302,1,23,0
04-08 07:25:23,7.745,26.732,62.707,0,0,6392232,4692508,423008,4715480,71465.252,581007.684,0,91.937,0,7.995,5457,4083,1.310,1.770,1.710,1,0,171.883,0,0,28,302,1,22,0
04-08 07:25:24,6.252,29.511,61.773,0,0,6390024,4694712,423008,4715480,61071.359,32211.793,0,12556.597,0,142.052,5489,4085,1.310,1.770,1.710,2,0,172.063,0,0,28,302,1,22,0
04-08 07:25:25,7.503,25.509,64.524,0,0,6386820,4697908,423008,4715488,61124.625,32011.849,0,24.009,0,6.002,4995,3875,1.310,1.770,1.710,1,0,169.063,0,0,28,302,1,22,0
04-08 07:25:26,8.196,26.325,62.833,0,0,6387728,4696972,423020,4715496,45363.797,23551.624,0,643.726,0,24.835,5366,4389,1.310,1.770,1.710,1,0,174.839,0,0,28,302,1,22,0
04-08 07:25:27,11.032,29.336,57.167,0,0,6373476,4711168,423048,4715524,60915.838,32649.316,0,1765.153,0,344.004,6117,4751,1.310,1.770,1.710,3,0,167.489,0,0,28,303,1,21,0
04-08 07:25:28,9.261,26.282,61.324,0.250,0,6380636,4703980,423056,4715544,61068.511,31830.316,0,372.448,0,24.029,5477,4554,1.280,1.760,1.710,2,0,168.202,0,0,28,302,1,21,0
04-08 07:25:29,8.768,25.804,64.386,0,0,6383596,4701008,423056,4715556,60944.507,32338.188,0,3363.091,0,15.032,5138,3936,1.280,1.760,1.710,1,0,154.325,0,0,28,302,1,21,0
04-08 07:25:30,6.738,26.702,63.136,0,0,6384840,4699748,423068,4715556,46049.725,23966.659,0,295.466,0,26.951,5054,3943,1.280,1.760,1.710,2,0,169.693,0,0,28,302,1,21,0
04-08 07:25:31,10.520,27.552,60.115,0,0,6385332,4699244,423068,4715568,75313.472,583694.938,0,8.015,0,2.004,5521,4268,1.280,1.760,1.710,2,0,160.305,0,0,28,302,1,18,0
04-08 07:25:32,11.763,28.280,57.312,0,0,6420072,4664504,423076,4715560,61204.849,32154.595,0,164.177,0,16.017,5293,4156,1.280,1.760,1.710,1,0,163.176,0,0,28,302,1,18,0
04-08 07:25:33,7.246,25.984,64.212,0,0,6424680,4659880,423076,4715576,60959.524,31852.941,0,223.866,0,11.993,5128,4013,1.420,1.780,1.720,1,0,168.899,0,0,28,302,1,18,0
04-08 07:25:34,7.754,25.512,64.532,0,0,6410424,4674128,423076,4715584,45753.406,23977.742,0,180.088,0,20.010,5034,4091,1.420,1.780,1.720,1,0,163.080,0,0,28,302,1,18,0
04-08 07:25:35,7.499,24.247,66.243,0,0,6411856,4672676,423076,4715604,61076.413,32656.478,0,27.997,0,4.000,4927,3768,1.420,1.780,1.720,2,0,150.984,0,0,28,302,1,12,0
04-08 07:25:36,21.464,9.091,68.432,0,0,6423016,4671860,423112,4705812,45367.204,23502.262,0,529.276,0,36.362,3733,3903,1.420,1.780,1.720,1,0,52.524,0,0,28,302,1,12,0
04-08 07:25:37,13.092,15.809,68.919,0,0,6439172,4760616,423128,4611208,54846.345,28310.468,0,1960.351,0,12.845,2789,2934,1.420,1.780,1.720,1,0,0.988,0,0,28,302,1,12,0
04-08 07:25:38,20.490,9.359,70.069,0,0,6451588,4739840,423240,4619040,34723.991,17480.379,0,1032.067,0,24.284,2788,2630,1.390,1.770,1.710,2,0,5.059,0,0,28,302,1,13,0
04-08 07:25:39,23.274,4.952,69.327,0,0,6452956,4735080,423240,4622112,43783.138,22640.303,0,202.039,0,3.962,2908,2862,1.390,1.770,1.710,1,0,16.837,0,0,28,302,1,12,0
04-08 07:25:40,18.994,3.499,76.224,0,0,6452644,4735120,423240,4622344,29719.009,14563.104,0,11.996,0,1.000,2224,2264,1.390,1.770,1.710,0,0,0,0,0,28,303,1,12,0
04-08 07:25:41,17.245,3.499,77.475,0,0,6467148,4720468,423280,4622408,38873.615,551372.338,0,1275.594,0,30.990,2709,2604,1.390,1.770,1.710,2,0,1.999,0,0,28,303,1,12,0
04-08 07:25:42,17.019,3.754,78.339,0,0,6464660,4722656,423340,4622612,31763.918,41068.440,0,1225.386,0,43.049,2578,2671,1.390,1.770,1.710,1,0,0,0,0,28,303,1,12,0
04-08 07:25:43,15.497,2.500,80.985,0,0,6461956,4724976,423376,4622920,25698.324,15687.145,0,907.835,0,26.995,2193,2368,1.360,1.750,1.710,0,0,1.000,0,0,28,303,1,12,0
04-08 07:25:44,19.222,3.245,76.138,0.250,0,6466356,4720440,423408,4622988,7538.946,4144.922,0,659.034,0,19.971,2331,2387,1.360,1.750,1.710,1,0,1.997,0,0,28,303,1,10,0
04-08 07:25:45,16.775,2.253,79.118,0,0,6466340,4720216,423460,4623136,24715.843,14068.972,0,833.242,0,27.040,2168,2276,1.360,1.750,1.710,1,0,0,0,0,28,303,1,10,0
04-08 07:25:46,19.238,3.498,76.702,0,0,6474056,4712164,423528,4623344,23348.508,13452.650,0,1067.338,0,47.970,2608,2834,1.360,1.750,1.710,1,0,0,0,0,28,303,1,10,0
04-08 07:25:47,17.998,3.000,77.243,0,0,6489992,4696036,423568,4623456,9830.130,6620.414,0,943.916,0,37.997,2443,2622,1.360,1.750,1.710,1,0,2.000,0,0,28,303,1,11,0
04-08 07:25:48,19.399,4.725,73.866,0,0,6481136,4688224,423588,4640096,20862.659,11777.837,0,2682.072,0,404.897,3050,2410,1.250,1.720,1.700,1,0,0,0,0,28,303,1,9,0
04-08 07:25:49,24.626,4.523,69.858,0.251,0,6488216,4671900,423756,4648576,361.854,0,0,1013.190,0,55.283,2991,3047,1.250,1.720,1.700,1,0,1.005,0,0,28,303,1,9,0
04-08 07:25:50,23.270,5.755,69.809,0.250,0,6481712,4669016,423788,4656732,15314.927,7464.300,0,548.463,0,24.020,2671,2587,1.250,1.720,1.700,1,0,2.002,0,0,28,303,1,9,0
04-08 07:25:51,23.067,5.209,69.450,0,0,6493900,4642428,423988,4669688,178.585,0,0,1631.081,0,40.678,2790,2679,1.250,1.720,1.700,1,0,0,0,0,28,303,1,9,0
04-08 07:25:52,24.006,4.751,69.767,0,0,6495680,4636420,424012,4673340,628.155,148.037,0,568.140,0,18.004,2757,2830,1.250,1.720,1.700,2,0,0,0,0,28,303,1,8,0
04-08 07:25:53,27.410,6.287,65.381,0,0,6498508,4614356,424148,4691012,16401.692,8995.482,0,1862.869,0,85.499,3332,3269,1.230,1.710,1.700,2,0,3.018,0,0,28,303,1,8,0
04-08 07:25:54,24.274,4.755,70.069,0.250,0,6497744,4603924,424252,4700348,359.354,0,0,1637.615,0,61.060,2763,2905,1.230,1.710,1.700,2,0,0,0,0,28,303,1,8,0
04-08 07:25:55,22.500,5.250,70.751,0,0,6499460,4585120,424632,4715464,629.005,0,0,1328.010,0,48.000,2547,2595,1.230,1.710,1.700,1,0,0,0,0,28,303,1,8,0
04-08 07:25:56,24.476,4.745,68.934,0,0,6501068,4568864,424784,4728420,15168.422,7288.995,0,1298.752,0,50.951,3123,3210,1.230,1.710,1.700,3,0,1.998,0,0,28,303,1,8,0
04-08 07:25:57,23.780,5.257,70.339,0.250,0,6429916,4651868,424828,4715576,462.586,322.408,0,1309.659,0,49.062,2775,2674,1.230,1.710,1.700,1,0,1.001,0,0,28,302,1,8,0
04-08 07:25:58,20.206,7.982,69.847,0,0,6457384,4624400,424828,4715556,358.213,0,0,23.947,0,2.993,2625,2401,1.210,1.700,1.690,2,0,18.958,0,0,28,302,1,8,0
04-08 07:25:59,18.787,7.014,72.143,0,0,6454388,4627344,424872,4715560,4208.365,1172.330,0,7005.926,0,205.408,3177,2961,1.210,1.700,1.690,0,0,19.038,0,0,28,303,1,8,0
04-08 07:26:00,20.248,5.000,73.744,0,0,6446752,4629328,424900,4720664,32748.485,17129.684,0,1175.910,0,20.998,2496,2406,1.210,1.700,1.690,1,0,2.000,0,0,28,302,1,8,0
04-08 07:26:01,23.511,7.754,68.032,0,0,6446200,4628352,424904,4721964,44169.063,22678.815,0,276.132,0,3.001,4069,5326,1.210,1.700,1.690,2,0,6.003,0,0,28,302,1,8,0
04-08 07:26:02,27.213,13.482,55.925,0,0,6514128,4559468,424920,4722856,15194.494,7433.967,0,395.466,0,14.980,5348,8007,1.210,1.700,1.690,1,0,13.981,0,0,28,302,1,8,0
04-08 07:26:03,21.774,9.260,67.073,0,0,6512164,4560084,424956,4724128,30437.330,14968.391,0,1725.890,0,22.024,3360,3484,1.190,1.690,1.690,4,0,6.007,0,0,28,302,1,8,0
04-08 07:26:04,30.235,15.492,51.475,0,0,6543724,4529636,424960,4723012,16536.908,8710.737,0,1307.360,0,266.869,6865,9850,1.190,1.690,1.690,1,0,7.996,0,0,28,302,1,7,0
04-08 07:26:05,18.207,10.226,70.335,0,0,6514852,4558480,424960,4723004,14940.892,7344.741,0,183.569,0,2.993,2688,2425,1.190,1.690,1.690,2,0,8.979,0,0,28,302,1,7,0
04-08 07:26:06,21.538,8.515,67.869,0,0,6474132,4607300,424964,4715720,927.623,0,0,721.262,0,26.046,3110,2973,1.190,1.690,1.690,1,0,10.018,0,0,28,302,1,7,0
04-08 07:26:07,24.016,10.507,64.793,0,0,6481736,4599696,424964,4715720,44772.052,24770.627,0,0,0,0,3759,3531,1.190,1.690,1.690,1,0,47.032,0,0,28,302,1,7,0
04-08 07:26:08,22.481,11.240,62.447,0,0,6457432,4623972,424976,4715732,60235.469,32638.078,0,631.460,0,18.984,7118,12614,1.260,1.690,1.690,2,0,8.992,0,0,28,302,1,7,0
04-08 07:26:09,21.485,8.244,69.202,0,0,6489804,4591576,424984,4715744,44117.174,22136.532,0,175.877,0,14.990,2976,2800,1.260,1.690,1.690,1,0,17.987,0,0,28,302,1,7,0
04-08 07:26:10,14.999,7.499,75.494,0,0,6489368,4592004,424988,4715748,35052.439,17168.745,0,11279.176,0,53.996,2592,2461,1.260,1.690,1.690,1,0,16.999,0,0,28,303,1,7,0
04-08 07:26:11,22.701,6.237,70.098,0.249,0,6441556,4634244,425004,4720684,29103.019,569508.546,0,878.100,0,14.968,3056,2755,1.260,1.690,1.690,1,0,4.989,0,0,28,302,1,7,0
04-08 07:26:12,22.292,5.761,69.883,0,0,6462528,4611816,425008,4721992,15003.503,7656.546,0,344.655,0,8.015,2675,2501,1.260,1.690,1.690,1,0,2.004,0,0,28,302,1,7,0
04-08 07:26:13,23.761,10.255,63.029,0,0,6492148,4581604,425008,4722544,14922.785,7299.319,0,0,0,0,6915,12428,1.240,1.680,1.690,3,0,6.003,0,0,28,302,1,7,0
04-08 07:26:14,19.744,9.747,69.727,0.250,0,6456824,4616140,425020,4723224,15276.006,7455.563,0,419.863,0,16.994,2855,2601,1.240,1.680,1.690,1,0,9.997,0,0,28,302,1,7,0
04-08 07:26:15,23.494,12.747,59.984,0,0,6460320,4612640,425020,4723184,16411.551,8646.656,0,231.937,0,1.999,7348,12586,1.240,1.680,1.690,4,0,11.997,0,0,28,302,1,7,0
04-08 07:26:16,18.554,12.536,67.948,0.251,0,6460604,4612148,425116,4723260,360.048,0,0,2591.544,0,128.374,3197,3117,1.240,1.680,1.690,4,0,7.020,0,0,28,302,1,7,0
04-08 07:26:17,21.447,8.728,68.082,0,0,6433128,4647804,425140,4715780,14939.150,7425.683,0,857.884,0,28.929,2952,2892,1.240,1.680,1.690,2,0,7.980,0,0,28,302,1,8,0
04-08 07:26:18,22.021,6.757,69.567,0,0,6417700,4663212,425160,4715780,15764.173,9312.964,0,316.304,0,18.017,2770,2528,1.220,1.670,1.680,2,0,17.016,0,0,28,302,1,8,0
04-08 07:26:19,21.108,10.554,68.100,0,0,6426132,4654776,425164,4715780,46761.157,34471.037,0,1242.381,0,259.332,3930,3286,1.220,1.670,1.680,1,0,54.279,0,0,28,302,1,8,0
04-08 07:26:20,27.520,11.652,59.006,0,0,6434444,4646472,425164,4716820,45288.844,22045.437,0,13736.995,0,57.518,4444,5852,1.220,1.670,1.680,6,0,80.328,0,0,28,302,1,6,0
04-08 07:26:21,34.130,14.054,49.941,0,0,6449040,4631856,425172,4715796,60651.842,34062.203,0,586.241,0,9.035,5870,15505,1.220,1.670,1.680,1,0,5.019,0,0,28,302,1,7,0
04-08 07:26:22,21.241,8.746,69.220,0,0,6481028,4599852,425184,4715800,30140.058,15219.465,0,111.952,0,5.997,2896,2637,1.220,1.670,1.680,1,0,33.985,0,0,28,302,1,7,0
04-08 07:26:23,15.511,4.503,78.554,0,0,6487840,4592040,425188,4716796,36608.176,18045.410,0,192.132,0,6.004,2314,2352,1.200,1.660,1.680,2,0,4.003,0,0,28,303,1,7,0
04-08 07:26:24,25.757,6.252,66.517,0.250,0,6462564,4611528,425196,4722060,15380.898,7471.894,0,1104.280,0,17.004,3121,3152,1.200,1.660,1.680,2,0,6.002,0,0,28,302,1,7,0
04-08 07:26:25,23.493,19.245,52.235,1.500,0,6467676,4606164,425224,4722236,29643.760,14911.855,11.997,55700.517,2.999,160.955,7089,11798,1.200,1.660,1.680,1,0,5.998,0,0,28,302,1,7,0
04-08 07:26:26,23.003,9.251,66.008,0,0,6491132,4581724,425236,4723136,1929.241,1353.169,0,1548.193,0,28.003,3290,3181,1.200,1.660,1.680,1,0,11.001,0,0,28,302,1,7,0
04-08 07:26:27,22.471,10.487,63.419,0,0,6467252,4605436,425236,4723248,15223.550,7919.882,0,323.587,0,7.990,7359,14195,1.200,1.660,1.680,2,0,9.987,0,0,28,302,1,7,0
04-08 07:26:28,17.529,11.519,70.115,0,0,6467608,4604944,425236,4723344,15179.950,7470.278,0,188.310,0,5.008,2753,2409,1.180,1.650,1.670,3,0,10.016,0,0,28,302,1,7,0
04-08 07:26:29,25.406,11.209,62.021,0,0,6433048,4647444,425240,4716052,15265.609,7753.359,0,358.675,0,10.960,3407,3340,1.180,1.650,1.670,5,0,7.971,0,0,28,302,1,7,0
04-08 07:26:30,23.072,7.022,68.463,0.251,0,6447380,4631848,425308,4717260,923.877,0,248.775,513.599,4.012,18.056,2958,3009,1.180,1.650,1.670,1,0,6.019,0,0,28,302,1,7,0
04-08 07:26:31,21.126,9.693,65.864,1.988,0,6444460,4632620,425372,4719020,15294.459,9007.267,389.718,24599.980,9.942,144.156,3237,3012,1.180,1.650,1.670,1,0,0,0,0,28,303,1,8,0
04-08 07:26:32,25.886,10.807,61.071,0.251,0,6462516,4614268,425424,4719272,61678.910,606913.232,0,2199.551,0,65.343,6161,6993,1.180,1.650,1.670,4,0,2.011,0,0,28,303,1,12,0
04-08 07:26:33,27.602,10.444,59.183,0.249,0,6477420,4599148,425564,4719348,29314.751,14675.279,0,1217.469,0,179.040,6161,7656,1.410,1.690,1.690,1,0,0.995,0,0,28,305,1,12,0
04-08 07:26:34,26.388,7.288,63.835,0.251,0,6432148,4644192,425716,4719424,15114.317,7334.490,128.675,2292.028,1.005,202.060,5380,6788,1.410,1.690,1.690,2,0,1.005,0,0,28,304,1,12,0
04-08 07:26:35,7.999,26.248,63.494,0,0,6423084,4653100,425716,4719580,61401.305,44925.833,0,2975.724,0,552.949,5936,3898,1.410,1.690,1.690,2,0,153.986,0,0,28,304,1,12,0
04-08 07:26:36,8.754,25.761,62.276,0.250,0,6415252,4660836,425804,4719588,61164.211,36631.099,0,3897.607,0,185.076,5662,4845,1.410,1.690,1.690,2,0,147.061,0,0,28,304,1,12,0
04-08 07:26:37,9.994,23.737,63.714,0.250,0,6409260,4666772,425808,4719640,46981.432,26941.764,0,83.953,0,9.994,5039,4298,1.410,1.690,1.690,1,0,112.936,0,0,28,304,0,12,0
04-08 07:26:38,19.524,10.763,68.335,0,0,6406068,4669980,425812,4719648,60548.080,33980.135,0,100.124,0,7.009,3373,2896,1.380,1.670,1.680,0,0,29.036,0,0,28,304,0,15,0
04-08 07:26:39,8.249,10.748,78.739,0,0,6408648,4669236,425828,4717812,126905.078,45063.636,0,1027.855,0,19.997,3170,3175,1.380,1.670,1.680,0,0,24.996,0,0,28,305,1,15,0
04-08 07:26:40,2.990,1.993,93.938,0,0,6406908,4670976,425828,4717812,53281.249,23629.613,0,31.894,0,2.990,1663,2324,1.380,1.670,1.680,0,0,0,0,0,28,305,1,15,0
04-08 07:26:41,5.255,2.502,90.584,0,0,6402732,4675168,425828,4717812,73262.589,459606.012,0,132.122,0,6.006,2190,2589,1.380,1.670,1.680,1,0,0,0,0,28,305,1,14,0
04-08 07:26:42,3.258,2.005,93.744,0,0,6400268,4677648,425828,4717812,19575.894,87028.259,0,8.021,0,2.005,1622,2238,1.380,1.670,1.680,0,0,3.008,0,0,28,305,1,14,0
04-08 07:26:43,8.478,11.720,76.803,0,0,6370688,4706872,425892,4718056,124059.757,38300.749,0,909.666,0,24.936,3506,3419,1.430,1.680,1.680,2,0,35.908,0,0,28,304,1,15,0
04-08 07:26:44,9.520,16.035,72.656,0,0,6374048,4703420,425908,4718132,127427.372,45670.336,0,368.794,0,35.076,4440,4029,1.430,1.680,1.680,1,0,113.244,0,0,28,304,1,15,0
04-08 07:26:45,8.459,23.139,63.942,1.244,0,6380056,4697400,425916,4718136,44225.086,22105.577,43.789,0,5.971,0,5107,3823,1.430,1.680,1.680,1,0,205.013,0,0,28,304,1,15,0
04-08 07:26:46,11.551,5.776,68.806,12.054,0,6385448,4691128,426028,4718872,30167.192,14797.825,831.700,719.199,80.357,43.192,2668,3063,1.430,1.680,1.680,0,1,0,0,0,28,304,1,15,0
04-08 07:26:47,12.244,8.996,67.218,9.745,0,6385752,4686452,426352,4721840,14788.913,7440.434,3086.521,355.829,580.722,35.983,3334,4061,1.430,1.680,1.680,1,1,1.999,0,0,28,304,1,16,0
04-08 07:26:48,15.996,8.248,66.483,6.748,0,6394432,4669860,426800,4726520,16480.732,8712.744,5210.651,279.928,273.929,15.996,3429,3343,1.390,1.670,1.680,1,0,0,0,0,28,304,1,16,0
04-08 07:26:49,22.264,6.754,67.793,1.251,0,6374732,4688540,426840,4727280,15267.752,7756.955,644.412,180.115,47.030,22.014,3953,4472,1.390,1.670,1.680,2,0,1.001,0,0,28,304,1,16,0
04-08 07:26:50,22.014,7.505,68.795,0,0,6393328,4669920,426852,4727292,44769.968,23577.255,0,140.091,0,16.010,3318,3519,1.390,1.670,1.680,1,0,2.001,0,0,28,304,1,17,0
04-08 07:26:51,57.090,12.631,30.819,0,0,6075784,4987448,426856,4727300,45291.144,23050.255,0,129.337,0,7.073,4504,3101,1.390,1.670,1.680,2,0,5.052,0,0,28,288,0,21,0
04-08 07:26:52,57.282,13.086,28.147,0,0,6110320,4952756,426860,4727428,52909.429,446350.035,0,225.176,0,14.814,4651,3294,1.390,1.670,1.680,4,0,4.938,0,0,28,282,0,22,0
04-08 07:26:53,82.292,18.064,0,0,0,6137764,4925292,426892,4727416,15595.350,76150.269,0,626.223,0,40.142,5439,3317,1.600,1.710,1.690,4,0,6.021,0,0,28,278,0,22,0
04-08 07:26:54,87.580,10.579,0.246,0,0,6217108,4845688,426984,4727584,29178.047,14951.646,0,3605.557,0,173.193,6450,6534,1.600,1.710,1.690,6,0,0.984,0,0,28,276,1,27,0
04-08 07:26:55,81.333,18.496,0.760,0,0,6271748,4790488,426992,4728136,30344.088,15565.280,0,389.183,0,10.135,5913,4880,1.600,1.710,1.690,4,0,8.108,0,0,28,276,1,27,0
04-08 07:26:56,84.556,15.397,1.010,0,0,6342596,4718444,427040,4729252,30220.963,15206.900,0,1712.316,0,245.338,7691,9625,1.600,1.710,1.690,3,0,4.038,0,0,28,279,1,33,0
04-08 07:26:57,26.763,7.186,63.934,0.248,0,6368412,4691996,427052,4729872,29213.574,15106.368,0,884.178,0,17.842,4308,4928,1.600,1.710,1.690,4,0,0.991,0,0,28,282,1,35,0
04-08 07:26:58,11.947,5.227,79.893,0,0,6367864,4691744,427080,4730644,15150.315,7337.221,0,262.826,0,22.898,4383,6601,1.550,1.700,1.690,0,0,0,0,0,28,290,1,35,0
04-08 07:26:59,5.267,3.010,90.539,0,0,6367848,4691744,427084,4730656,50992.646,16991.195,0,48.154,0,6.019,2020,2642,1.550,1.700,1.690,0,0,2.006,0,0,28,290,1,35,0
04-08 07:27:00,3.238,1.495,94.161,0,0,6366648,4692908,427104,4730672,357.712,73.735,0,223.197,0,20.925,1713,2585,1.550,1.700,1.690,1,0,0,0,0,28,290,1,35,0
04-08 07:27:01,2.759,2.759,94.067,0,0,6356488,4703048,427120,4730672,15311.599,7320.670,0,3122.523,0,41.139,1704,2486,1.550,1.700,1.690,0,0,0,0,0,28,290,1,35,0
04-08 07:27:02,2.756,2.004,94.208,0,0,6352552,4706980,427124,4730672,15068.205,8021.677,0,276.610,0,15.033,1787,2640,1.550,1.700,1.690,0,0,2.004,0,0,28,290,1,35,0
04-08 07:27:03,7.753,6.503,84.286,0,0,6388596,4669904,427124,4731704,15042.470,7623.279,0,224.096,0,12.005,2296,2910,1.510,1.680,1.690,0,0,5.002,0,0,28,290,1,35,0
04-08 07:27:04,6.219,3.732,87.817,0,0,6401472,4658040,427132,4730684,416.945,0,0,103.490,0,15.922,2190,3020,1.510,1.680,1.690,2,0,0,0,0,28,290,1,35,0
04-08 07:27:05,4.503,2.752,91.557,0.250,0,6415028,4644484,427140,4730676,15579.652,7462.623,0,100.062,0,7.004,1748,2473,1.510,1.680,1.690,0,0,2.001,0,0,28,290,1,35,0
04-08 07:27:06,3.759,5.012,88.966,0.251,0,6412276,4647168,427164,4730720,359.875,74.180,0,12161.555,0,1345.269,3291,2815,1.510,1.680,1.690,0,0,0,0,0,28,290,1,35,0
04-08 07:27:07,2.253,3.254,92.864,0,0,6410984,4648488,427168,4730720,14934.393,7453.179,0,2459.029,0,174.215,1766,2278,1.510,1.680,1.690,3,0,3.004,0,0,28,290,1,35,0
04-08 07:27:08,3.751,5.251,89.521,0,0,6407680,4651776,427188,4730720,1073.252,0,0,376.088,0,27.006,2105,2860,1.390,1.660,1.680,0,0,5.001,0,0,28,290,1,36,0
04-08 07:27:09,2.751,1.750,94.023,0,0,6400948,4658500,427192,4730724,642.155,0,0,100.024,0,13.003,1581,2490,1.390,1.660,1.680,0,0,0,0,0,28,290,1,36,0
04-08 07:27:10,7.243,3.247,88.419,0,0,6393904,4665396,427200,4730864,16409.881,9126.591,0,395.635,0,32.970,2488,3436,1.390,1.660,1.680,2,0,0,0,0,28,290,1,35,0
04-08 07:27:11,2.002,1.501,94.336,0,0,6387540,4671756,427204,4730864,240.219,0,0,24.022,0,3.003,1622,2473,1.390,1.660,1.680,0,0,2.002,0,0,28,290,1,35,0
04-08 07:27:12,2.001,1.751,95.048,0,0,6383744,4675552,427204,4730864,1133.575,148.075,0,268.136,0,54.027,1496,2227,1.390,1.660,1.680,0,0,0,0,0,28,290,1,35,0
04-08 07:27:13,1.998,1.749,94.173,0,0,6380680,4678616,427216,4730852,14843.885,7517.864,0,323.736,0,14.988,1617,2399,1.280,1.630,1.670,0,0,0.999,0,0,28,290,1,35,0
04-08 07:27:14,3.252,2.001,94.567,0,0,6378164,4681112,427220,4730868,299.212,74.052,0,60.043,0,9.006,1554,2326,1.280,1.630,1.670,0,0,2.001,0,0,28,290,1,35,0
04-08 07:27:15,1.749,1.499,94.949,0,0,6375720,4683556,427220,4730868,469.750,0,0,3.998,0,0.999,1443,2221,1.280,1.630,1.670,0,0,0,0,0,28,290,1,35,0
04-08 07:27:16,2.502,2.252,94.325,0,0,6373912,4685344,427240,4730868,359.285,0,0,268.213,0,21.017,1768,2702,1.280,1.630,1.670,0,0,0,0,0,28,290,1,35,0
04-08 07:27:17,2.998,2.249,93.200,0,0,6372860,4686388,427248,4730868,14831.992,7763.808,0,507.726,0,18.990,1793,2658,1.280,1.630,1.670,0,0,1.999,0,0,28,290,1,36,0
04-08 07:27:18,3.002,2.001,93.799,0,0,6372428,4686792,427268,4730876,299.157,0,0,368.193,0,29.015,1722,2691,1.170,1.600,1.660,0,0,0,0,0,28,290,1,35,0
04-08 07:27:19,2.249,1.749,94.203,0,0,6372420,4686792,427272,4730880,239.881,0,0,83.958,0,11.994,1714,2650,1.170,1.600,1.660,0,0,0,0,0,28,290,1,35,0
04-08 07:27:20,2.494,2.494,94.020,0,0,6372472,4686736,427296,4730860,1072.373,0,0,199.511,0,23.941,1738,2596,1.170,1.600,1.660,0,0,1.995,0,0,28,290,1,35,0
04-08 07:27:21,18.299,10.278,70.188,0.251,0,6348880,4710268,427308,4730820,2245.016,1356.635,0,441.182,0,26.070,4061,10186,1.170,1.600,1.660,0,0,36.097,0,0,28,290,1,36,0
04-08 07:27:22,2.001,1.501,95.283,0,0,6348824,4710324,427308,4730892,14980.127,7770.660,0,16.005,0,1.000,1444,2260,1.170,1.600,1.660,0,0,0,0,0,28,290,1,35,0
04-08 07:27:23,1.750,1.750,94.484,0,0,6348820,4710324,427312,4730892,299.950,0,0,47.992,0,3.999,1477,2290,1.160,1.590,1.650,0,0,2.999,0,0,28,290,1,35,0
04-08 07:27:24,1.999,1.999,95.185,0,0,6348820,4710324,427312,4730892,3517.583,2018.613,0,7.995,0,1.999,1501,2370,1.160,1.590,1.650,0,0,0,0,0,28,290,1,35,0
04-08 07:27:25,2.000,1.750,94.756,0,0,6348816,4710324,427312,4730896,240.015,0,0,0,0,0,1610,2458,1.160,1.590,1.650,0,0,1.000,0,0,28,290,1,35,0
04-08 07:27:26,3.248,2.249,93.451,0,0,6348784,4710324,427340,4730900,640.664,0,0,343.820,0,25.986,1886,2894,1.160,1.590,1.650,0,0,1.999,0,0,28,290,1,35,0
04-08 07:27:27,2.250,1.750,94.235,0,0,6348792,4710324,427340,4730892,35170.259,13707.763,0,111.982,0,6.999,1640,2442,1.160,1.590,1.650,0,0,0,0,0,28,290,1,35,0
04-08 07:27:28,10.005,24.512,63.030,0,0,6347952,4711108,427372,4730916,110284.830,37553.649,0,804.378,0,30.014,5797,4593,1.150,1.580,1.650,3,0,213.100,0,0,28,290,1,35,0
04-08 07:27:29,18.169,19.912,59.486,0,0,6349668,4709372,427372,4730936,40315.045,539208.503,0,0,0,0,4864,4190,1.150,1.580,1.650,3,0,104.536,0,0,28,292,1,36,0
04-08 07:27:30,37.676,9.796,51.491,0,0,6388964,4670060,427392,4730932,29850.631,14793.198,0,313.466,0,23.108,4659,4703,1.150,1.580,1.650,1,0,2.009,0,0,28,290,1,35,0
04-08 07:27:31,23.747,5.499,69.242,0,0,6412684,4646148,427400,4731116,14914.352,7369.186,0,127.986,0,14.998,2876,2651,1.150,1.580,1.650,1,0,2.000,0,0,28,290,1,35,0
04-08 07:27:32,29.187,4.989,63.861,0,0,6422728,4636096,427408,4731124,16717.672,8843.782,0,2486.597,0,495.922,4275,3443,1.150,1.580,1.650,1,0,0,0,0,28,295,1,35,0
04-08 07:27:33,28.193,7.485,62.623,0,0,6407332,4651468,427408,4731148,14951.707,7764.269,0,3.992,0,0.998,3274,2790,1.130,1.570,1.650,4,0,23.951,0,0,28,296,1,35,0
04-08 07:27:34,8.032,27.108,63.253,0,0,6408872,4649908,427412,4731148,16029.137,7973.906,0,136.546,0,12.048,5544,4350,1.130,1.570,1.650,2,0,245.984,0,0,28,296,1,30,0
04-08 07:27:35,18.260,11.256,69.039,0,0,6413620,4645160,427412,4731148,44634.952,22032.317,0,72.040,0,5.003,3211,2910,1.130,1.570,1.650,1,0,36.020,0,0,28,296,1,30,0
04-08 07:27:36,25.970,5.993,67.172,0,0,6451840,4606884,427456,4731160,29676.370,14682.866,0,819.044,0,61.928,3436,3573,1.130,1.570,1.650,2,0,0.999,0,0,28,297,1,30,0
04-08 07:27:37,24.508,4.501,68.773,0,0,6449608,4609096,427456,4731180,17911.907,9325.075,0,236.078,0,49.016,3293,3070,1.130,1.570,1.650,1,0,2.001,0,0,28,298,1,30,0
04-08 07:27:38,12.760,15.262,70.056,0,0,6392268,4666436,427456,4731184,117261.359,42247.997,0,136.110,0,13.010,4400,3736,1.040,1.540,1.640,3,0,116.093,0,0,28,298,1,28,0
04-08 07:27:39,8.483,25.449,63.622,0,0,6390640,4667916,427596,4731192,57588.227,36139.347,139.719,99.799,4.990,2.994,5258,4030,1.040,1.540,1.640,3,0,203.591,0,0,28,298,1,28,0
04-08 07:27:40,7.490,24.718,65.166,0,0,6373904,4684644,427608,4731188,60737.029,37501.857,0,267.656,0,17.977,5380,4255,1.040,1.540,1.640,1,0,188.758,0,0,28,298,1,28,0
04-08 07:27:41,7.261,24.788,65.101,0,0,6372892,4685636,427656,4731160,71150.286,573118.361,0,2227.453,0,100.155,5772,4523,1.040,1.540,1.640,2,0,180.279,0,0,28,298,1,28,0
04-08 07:27:42,7.517,22.802,67.403,0,0,6367740,4690716,427676,4731212,45699.063,29072.202,0,236.539,0,22.050,5119,3938,1.040,1.540,1.640,2,0,180.411,0,0,28,298,1,28,0
04-08 07:27:43,10.342,23.963,64.322,0,0,6369592,4688840,427676,4731236,62882.752,40962.981,0,0,0,0,5264,4138,1.040,1.530,1.630,1,0,179.596,0,0,28,298,1,28,0
04-08 07:27:44,7.671,23.261,65.823,0,0,6375364,4683056,427676,4731248,60545.916,36821.071,0,31.674,0,0.990,5272,3969,1.040,1.530,1.630,1,0,205.881,0,0,28,298,1,28,0
04-08 07:27:45,6.749,24.497,65.993,0,0,6374092,4684324,427676,4731252,60931.737,37470.148,0,4.000,0,1.000,5060,3922,1.040,1.530,1.630,1,0,194.980,0,0,28,298,1,28,0
04-08 07:27:46,6.736,24.949,65.118,0.499,0,6378080,4680296,427704,4731264,45518.429,27679.708,0,291.407,0,20.957,5432,4320,1.040,1.530,1.630,1,0,194.604,0,0,28,298,1,27,0
04-08 07:27:47,9.028,27.586,61.692,0,0,6381720,4676640,427724,4731260,60644.570,38062.352,0,220.686,0,24.075,5506,4290,1.040,1.530,1.630,2,0,208.649,0,0,28,298,1,28,0
04-08 07:27:48,7.000,25.001,65.002,0,0,6377964,4680384,427724,4731272,61544.076,36975.247,0,2380.080,0,445.015,5995,4376,1.040,1.520,1.630,1,0,184.006,0,0,28,298,1,28,0
04-08 07:27:49,8.248,24.244,64.484,0,0,6374432,4683892,427736,4731284,72792.492,596536.523,0,99.976,0,12.997,5752,4641,1.040,1.520,1.630,1,0,177.957,0,0,28,298,1,28,0
04-08 07:27:50,18.178,11.704,68.977,0,0,6411520,4646804,427736,4731284,45882.701,23686.406,0,0,0,0,3163,2861,1.040,1.520,1.630,1,0,35.858,0,0,28,298,1,28,0
04-08 07:27:51,23.521,5.255,70.064,0,0,6455364,4602956,427740,4731284,29618.959,14767.441,0,184.168,0,9.008,2517,2303,1.040,1.520,1.630,1,0,0,0,0,28,298,1,25,0
04-08 07:27:52,24.570,5.265,69.447,0,0,6431196,4627120,427740,4731288,31087.403,16200.068,0,0,0,0,3044,2853,1.040,1.520,1.630,1,0,5.014,0,0,28,298,1,25,0
04-08 07:27:53,21.468,7.489,69.147,0,0,6431852,4626428,427760,4731304,51624.205,24323.817,0,107.840,0,8.987,2803,2843,1.030,1.520,1.630,2,0,2.996,0,0,28,298,1,25,0
04-08 07:27:54,27.025,6.756,65.059,0,0,6453856,4604280,427764,4731444,38814.199,21400.407,0,44.040,0,5.005,3085,2918,1.030,1.520,1.630,1,0,0,0,0,28,298,1,25,0
04-08 07:27:55,21.753,8.501,68.010,0,0,6453776,4604280,427804,4731484,15038.186,7459.084,0,628.091,0,80.012,3904,4679,1.030,1.520,1.630,1,0,0,0,0,28,299,1,17,0
04-08 07:27:56,21.220,9.986,65.906,0,0,6430524,4627468,427840,4731512,28613.011,7680.997,0,507.273,0,76.890,3783,4051,1.030,1.520,1.630,1,0,24.964,0,0,28,299,1,17,0
04-08 07:27:57,29.027,6.815,64.111,0,0,6477856,4580104,427864,4731520,45644.919,23829.051,0,226.155,0,35.337,3311,3402,1.030,1.520,1.630,1,0,0,0,0,28,299,1,18,0
04-08 07:27:58,23.271,6.437,67.833,0.248,0,6489472,4568468,427880,4731524,29302.876,14806.414,0,439.677,0,54.464,3164,3061,1.030,1.510,1.620,1,0,0,0,0,28,297,1,20,0
04-08 07:27:59,23.060,7.018,68.677,0,0,6387804,4670116,427888,4731536,31074.309,16071.535,0,252.653,0,8.021,3350,3065,1.030,1.510,1.620,1,0,27.070,0,0,28,297,1,12,0
04-08 07:28:00,21.192,7.729,70.059,0,0,6414768,4643152,427888,4731536,44559.691,23488.056,0,23.935,0,2.992,2709,2576,1.030,1.510,1.620,1,0,0,0,0,28,297,1,12,0
04-08 07:28:01,25.466,12.483,60.418,0,0,6452440,4605396,427948,4731560,29372.372,15057.685,0,2480.653,0,119.838,3839,3879,1.030,1.510,1.620,2,0,57.922,0,0,28,297,1,12,0
04-08 07:28:02,22.291,9.768,66.872,0,0,6420440,4637364,427968,4731572,58385.295,463159.221,0,272.496,0,18.033,4143,3986,1.030,1.510,1.620,1,0,54.098,0,0,28,297,1,12,0
04-08 07:28:03,9.483,10.730,74.114,2.994,0,6451040,4604788,428016,4733500,97666.548,151609.433,738.643,19.963,13.974,3.993,2837,2893,1.030,1.500,1.620,2,0,14.972,0,0,28,297,1,12,0
04-08 07:28:04,13.705,13.705,64.786,6.229,0,6448092,4604956,428040,4736256,45211.498,22571.363,1953.540,3081.809,46.845,551.177,4324,3521,1.030,1.500,1.620,2,0,2.990,0,0,28,297,1,12,0
04-08 07:28:05,17.623,15.357,58.406,7.301,0,6472744,4575344,428040,4741216,46926.600,24366.587,4664.464,4.028,93.652,1.007,3700,3326,1.030,1.500,1.620,2,0,4.028,0,0,28,297,1,12,0
04-08 07:28:06,9.992,13.739,66.445,7.993,0,6469484,4571920,428072,4747836,60503.716,30334.789,5683.277,467.611,68.943,33.972,3510,3577,1.030,1.500,1.620,0,1,5.995,0,0,28,297,1,12,0
04-08 07:28:07,4.503,5.003,69.293,19.762,0,6460176,4566676,428088,4762308,44643.425,22549.852,13736.438,216.133,150.092,19.012,3006,3398,1.030,1.500,1.620,0,1,2.001,0,0,28,297,1,12,0
04-08 07:28:08,5.753,8.254,63.532,20.010,0,6436920,4571740,428096,4780408,44391.628,22127.279,16388.354,116.059,187.095,15.008,3250,3364,1.110,1.510,1.620,0,1,6.003,0,0,28,297,1,13,0
04-08 07:28:09,7.001,7.501,69.256,14.501,0,6428400,4573324,428100,4787308,18559.659,7362.658,6244.558,72.006,70.006,3.000,2311,2566,1.110,1.510,1.620,5,0,2.000,0,0,28,297,1,13,0
04-08 07:28:10,14.715,15.214,69.335,0,0,6422936,4576836,428124,4789236,26296.470,14653.157,0,774.159,0,39.905,2778,2658,1.110,1.510,1.620,1,0,0,0,0,28,297,1,13,0
04-08 07:28:11,13.525,14.026,69.881,1.252,0,6415832,4580528,428128,4792644,15350.804,7472.021,1102.068,68.128,11.021,7.013,2544,2304,1.110,1.510,1.620,1,1,2.004,0,0,28,297,1,12,0
04-08 07:28:12,5.504,13.008,61.289,18.512,0,6390276,4592092,428144,4806556,15577.026,8029.168,13800.883,220.142,134.086,12.008,3478,3317,1.110,1.510,1.620,1,1,56.036,0,0,28,297,1,12,0
04-08 07:28:13,4.989,8.481,65.355,18.210,0,6370556,4597028,428148,4821236,68237.628,467107.812,14455.932,147.672,149.668,3.991,3984,4022,1.100,1.500,1.620,1,0,35.920,0,0,28,297,1,12,0
04-08 07:28:14,3.506,4.507,69.863,21.034,0,6355828,4603200,428148,4829776,47311.459,114925.730,8517.765,0,87.141,0,2416,2800,1.100,1.500,1.620,0,1,3.005,0,0,28,297,1,12,0
04-08 07:28:15,3.493,5.489,68.857,19.959,0,6354420,4592468,428172,4841848,45060.332,22569.085,11955.148,147.693,120.749,14.969,2845,3060,1.100,1.500,1.620,0,1,3.992,0,0,28,297,1,12,0
04-08 07:28:16,6.265,6.515,65.151,19.295,0,6354700,4577108,428196,4856808,46356.348,24283.233,14425.405,713.653,199.462,49.114,3544,4012,1.100,1.500,1.620,0,0,2.005,0,0,28,297,1,12,0
