"pcp-dstat 6.2.0 CSV Output"
"Author:","PCP team <pcp@groups.io> and Dag Wieers <dag@wieers.com>",,,,"URL:","https://pcp.io/ and http://dag.wieers.com/home-made/dstat/"
"Host:","ubuntu",,,,"User:","stack"
"Cmdline:","dstat -tcmndrylpg --tcp --output /opt/stack/logs/dstat-csv.log",,,,"Date:","28 Jul 2026 15:48:43 UTC"
"system","total usage",,,,,"memory usage",,,,"net/total",,"dsk/total",,"io/total",,"system",,"load avg",,,"procs",,,"paging",,"tcp sockets",,,,
"time","total usage:usr","total usage:sys","total usage:idl","total usage:wai","total usage:stl","used","free","buf","cach","net/total:recv","net/total:send","dsk/total:read","dsk/total:writ","read","writ","int","csw","1m","5m","15m","run","blk","new","in","out","lis","act","syn","tim","clo"
28-07 15:48:43,,1225608,11587220,143760,3199664,,,,,,,1.830,1.420,1.250,2,0,,,,12,4,0,9,0
28-07 15:48:44,13.513,26.024,59.556,0,0,1195888,11616616,143784,3199940,59072.203,27726.911,72.067,16867.763,3.003,51.048,4964,3906,1.830,1.420,1.250,4,0,148.138,0,0,12,4,0,9,0
28-07 15:48:45,18.888,23.113,55.421,0,0,1192892,11619204,143820,3200216,81042.779,592082.299,0,409.568,0,10.935,4820,2942,1.830,1.420,1.250,1,0,133.209,0,0,12,5,0,9,0
28-07 15:48:46,21.516,26.019,51.287,0,0,1216056,11595844,143876,3200296,70943.495,39559.715,0,748.543,0,22.016,4677,2440,1.830,1.420,1.250,1,0,138.100,0,0,12,5,0,9,0
28-07 15:48:47,15.722,23.458,57.647,0,0,1222780,11588804,143968,3200468,74713.834,32127.737,59.893,790.591,0.998,24.956,4218,2278,1.840,1.430,1.250,2,0,119.786,0,0,12,6,0,9,0
28-07 15:48:48,20.362,23.838,52.643,0.248,0,1218448,11592600,144040,3200844,71718.540,40209.264,55.623,1044.912,0.993,29.798,4195,2230,1.840,1.430,1.250,4,0,105.286,0,0,12,5,0,9,1
28-07 15:48:49,22.925,24.940,48.117,0.756,0,1229948,11581016,144088,3200988,69479.535,35678.925,24.184,6670.842,1.008,311.373,4620,2211,1.840,1.430,1.250,3,0,105.806,0,0,12,4,0,9,2
28-07 15:48:50,31.795,26.788,40.808,0,0,1245592,11565216,144120,3201516,51048.380,29108.272,0,476.676,0,15.021,4815,3999,1.840,1.430,1.250,2,0,108.153,0,0,12,4,0,9,2
28-07 15:48:51,24.906,17.862,56.101,0.755,0,1245588,11564752,144232,3201320,104405.312,31832.189,0,917.743,0,30.189,3922,2176,1.840,1.430,1.250,1,1,72.453,0,0,12,4,0,9,2
28-07 15:48:52,22.104,23.097,50.665,0.993,0,1247744,11562288,144316,3201516,72019.522,37021.070,115.238,906.006,0.993,30.796,4243,2242,1.930,1.460,1.260,3,0,103.316,0,0,12,4,0,9,2
28-07 15:48:53,31.887,23.168,43.346,0,0,1248116,11561108,144352,3202612,641606.283,50802.492,0,900.799,0,11.958,5399,4609,1.930,1.460,1.260,2,0,65.766,0,0,12,4,0,9,2
28-07 15:48:54,28.951,24.420,45.315,0.252,0,1255860,11552880,144500,3202484,87894.158,595121.080,80.560,3351.303,1.007,373.598,5987,5175,1.930,1.460,1.260,3,0,69.483,0,0,12,4,0,9,2
28-07 15:48:55,16.881,17.377,62.557,0,0,1377032,11418112,144604,3340248,188189.319,33663.785,0,1108.158,0,27.803,3638,2672,1.930,1.460,1.260,2,0,52.628,0,0,13,6,0,9,2
28-07 15:48:56,33.781,13.361,51.428,0,0,1391948,11394960,144784,3347780,323158.564,42160.894,0,1169.735,0,36.302,3657,2215,1.930,1.460,1.260,3,0,38.319,0,0,13,6,0,9,2
28-07 15:48:57,39.737,11.246,47.735,0.250,0,1396840,11382932,145096,3353764,61775.279,34024.138,0,1039.668,0,47.985,3336,1975,1.940,1.470,1.260,3,0,24.992,0,0,13,6,0,9,2
28-07 15:48:58,29.990,22.554,43.869,0,0,1401816,11368184,145520,3361536,62432.235,33837.371,0,269.660,0,13.880,4461,2543,1.940,1.470,1.260,2,0,116.985,0,0,13,6,0,9,2
28-07 15:48:59,34.617,17.810,44.902,1.254,0,1403716,11352136,145876,3373824,47239.415,26038.871,84.284,12722.935,7.024,90.305,4295,2826,1.940,1.470,1.260,2,0,54.183,0,0,13,6,0,11,2
28-07 15:49:00,39.207,6.786,47.249,5.278,0,1423144,11327480,145928,3378444,45600.542,23796.526,1524.039,0,62.329,0,2889,1700,1.940,1.470,1.260,2,0,0,0,0,13,6,0,11,2
28-07 15:49:01,39.305,9.453,47.514,2.488,0,1451260,11281728,146312,3394176,45494.815,24529.050,2638.880,3880.706,161.199,47.763,3308,2046,1.940,1.470,1.260,2,0,0,0,0,13,6,0,11,2
28-07 15:49:02,41.211,9.046,47.744,0.503,0,1482748,11238800,147180,3403172,31442.897,15711.397,225.152,3119.965,5.026,91.468,3182,1973,1.950,1.480,1.270,2,0,2.010,0,0,13,6,0,11,2
28-07 15:49:03,43.594,6.514,48.104,1.002,0,1494408,11217772,147844,3410356,30631.244,15909.406,200.433,1411.052,7.015,38.082,2961,1667,1.950,1.480,1.270,3,0,0,0,0,13,6,0,11,2
28-07 15:49:04,41.015,10.624,44.721,0.494,0,1515816,11182172,149608,3421252,26739.970,562712.506,15.813,7554.714,0.988,483.288,5679,5939,1.950,1.480,1.270,7,0,10.872,0,0,13,8,0,11,2
28-07 15:49:05,36.641,17.947,39.134,2.742,0,1516716,11152292,155208,3442912,41798.847,21092.350,0,32156.487,0,2193.485,12499,17129,1.950,1.480,1.270,10,0,35.893,0,0,13,8,0,11,2
28-07 15:49:06,39.290,16.623,35.260,3.022,0,1519876,11132216,161276,3452260,34835.059,19361.878,0,43557.424,0,2589.106,14050,18847,1.950,1.480,1.270,3,0,24.178,0,0,13,8,0,11,2
28-07 15:49:07,42.513,9.753,40.513,4.251,0,1484804,11181356,163556,3436104,46403.644,28449.978,928.293,16377.168,12.004,1019.322,7140,8718,2.030,1.500,1.280,2,0,19.006,0,0,13,4,0,11,0
28-07 15:49:08,28.256,22.505,47.010,0,0,1416620,11249476,163604,3436112,46809.631,25794.307,0,776.160,0,30.006,4130,2271,2.030,1.500,1.280,3,0,95.020,0,0,13,4,0,11,0
28-07 15:49:09,38.703,11.736,47.442,0.250,0,1451624,11213924,164148,3436112,49369.081,25709.796,0,17227.091,0,362.560,3902,3053,2.030,1.500,1.280,1,0,16.979,0,0,13,5,0,11,0
28-07 15:49:10,37.966,8.297,53.052,0,0,1457216,11202576,164224,3441048,48018.263,25806.862,0,2518.331,0,238.356,3164,1669,2.030,1.500,1.280,2,0,2.011,0,0,13,4,0,11,0
28-07 15:49:11,41.898,7.686,47.353,0,0,1486656,11171608,164224,3442368,30530.850,15631.851,0,0,0,0,2862,1494,2.030,1.500,1.280,2,0,2.975,0,0,13,4,0,11,0
28-07 15:49:12,45.210,11.366,40.917,0,0,1412204,11245512,164228,3442848,46123.688,25458.247,0,0,0,0,7223,11658,2.030,1.510,1.280,3,0,11.113,0,0,13,4,0,11,0
28-07 15:49:13,35.793,14.071,47.395,0,0,1406140,11250556,164228,3443736,45026.636,23692.773,0,102.690,0,2.962,3055,1542,2.030,1.510,1.280,3,0,11.849,0,0,13,4,0,11,0
28-07 15:49:14,41.499,17.207,38.210,0.253,0,1433220,11223464,164232,3443672,47291.188,24530.242,4.049,19429.854,1.012,74.902,5991,7517,2.030,1.510,1.280,2,0,13.158,0,0,13,4,0,11,0
28-07 15:49:15,39.237,14.245,44.735,0,0,1472088,11184444,164252,3443736,30776.623,15625.732,0,2415.186,0,8.997,5205,6307,2.030,1.510,1.280,2,0,12.996,0,0,13,4,0,11,0
28-07 15:49:16,40.530,10.443,47.492,0,0,1429660,11235052,164296,3436360,38837.320,441444.301,0,318.273,0,11.935,3104,1784,2.030,1.510,1.280,2,0,4.973,0,0,13,4,0,11,0
28-07 15:49:17,38.186,13.727,45.674,0.250,0,1369352,11295272,164364,3436380,48945.481,158241.446,0,846.590,0,32.945,3928,2260,2.020,1.520,1.290,2,0,62.895,0,0,13,4,0,11,0
28-07 15:49:18,26.457,26.457,45.607,0,0,1379440,11285176,164364,3436388,62686.029,36075.005,0,0,0,0,4843,2687,2.020,1.520,1.290,2,0,160.253,0,0,13,4,0,11,0
28-07 15:49:19,14.401,30.292,51.645,0,0,1358368,11306244,164364,3436392,46606.823,24941.657,0,8151.998,0,296.960,4796,2763,2.020,1.520,1.290,2,0,171.820,0,0,13,4,0,11,0
28-07 15:49:20,7.494,23.980,66.194,0,0,1350192,11314288,164364,3436528,61208.479,32014.053,0,27.976,0,5.995,4121,2631,2.020,1.520,1.290,1,0,119.899,0,0,13,4,0,8,0
28-07 15:49:21,6.745,24.481,66.198,0,0,1337640,11326832,164364,3436536,46800.080,25718.711,0,831.344,0,167.868,4470,2506,2.020,1.520,1.290,1,0,123.902,0,0,13,4,0,8,0
28-07 15:49:22,7.762,23.036,66.603,0,0,1342364,11322092,164376,3436540,61534.845,32631.295,0,184.284,0,5.008,4061,2520,2.020,1.530,1.290,2,0,125.193,0,0,13,4,0,8,0
28-07 15:49:23,17.762,20.764,59.542,0,0,1333956,11330480,164376,3436540,45933.017,24205.872,0,0,0,0,4356,4965,2.020,1.530,1.290,1,0,65.045,0,0,13,4,0,8,0
28-07 15:49:24,19.004,22.755,57.012,0,0,1332236,11332204,164376,3436540,46003.988,24160.246,0,36.008,0,1.000,3853,4709,2.020,1.530,1.290,2,0,60.013,0,0,13,4,0,7,0
28-07 15:49:25,36.145,23.432,36.644,1.745,0,1360304,11302076,164384,3439048,72977.508,580573.474,2010.174,31.908,25.925,3.988,4982,2755,2.020,1.530,1.290,3,0,92.731,0,0,13,4,0,7,0
28-07 15:49:26,44.131,14.794,38.615,1.003,0,1430504,11230764,164384,3440160,45397.716,23790.597,1103.274,0,14.042,0,3521,1821,2.020,1.530,1.290,2,0,37.110,0,0,13,5,0,7,0
28-07 15:49:27,45.583,5.009,48.087,0.250,0,1457332,11203800,164404,3440272,44348.495,22252.389,20.036,12.022,4.007,3.005,2752,1191,2.020,1.540,1.290,3,0,0,0,0,13,5,0,7,0
28-07 15:49:28,44.899,5.987,48.142,0.249,0,1480264,11179860,164440,3441240,14941.424,7654.798,490.897,538.789,3.991,13.969,2728,1268,2.020,1.540,1.290,2,0,0,0,0,13,5,0,7,0
28-07 15:49:29,33.185,18.352,47.767,0,0,1486060,11174064,164448,3441232,29697.690,15621.154,0,0,0,0,2786,1779,2.020,1.540,1.290,2,0,2.011,0,0,13,5,0,6,0
28-07 15:49:30,44.661,15.383,35.481,1.241,0,1503304,11153516,164576,3444344,15823.812,7401.780,611.356,29626.971,9.925,117.110,4334,4296,2.020,1.540,1.290,2,0,20.842,0,0,13,4,0,6,0
28-07 15:49:31,29.670,24.138,42.996,0.754,0,1526788,11129844,164708,3444368,16583.951,10761.616,132.760,386.211,5.029,3.017,4489,2590,2.020,1.540,1.290,2,1,110.633,0,0,13,8,0,6,0
28-07 15:49:32,21.930,7.476,67.785,1.744,0,1568528,11087508,164708,3444964,60865.864,31945.632,590.127,4230.576,9.968,369.826,2758,1639,1.940,1.530,1.290,1,0,10.965,0,0,14,8,0,6,0
28-07 15:49:33,23.005,4.751,71.515,0,0,1600496,11055504,164720,3444968,45250.453,23861.985,0,1388.290,0,5.001,1927,1400,1.940,1.530,1.290,1,0,0,0,0,14,8,0,3,0
28-07 15:49:34,34.061,13.674,49.723,0,0,1634260,11021736,164720,3444972,32238.660,16021.872,0,0,0,0,3418,11670,1.940,1.530,1.290,1,0,35.801,0,0,14,8,0,4,0
28-07 15:49:35,24.386,11.564,63.855,0,0,1633088,11022908,164724,3444980,16626.511,8178.505,4.022,54615.885,1.006,126.705,2442,1325,1.940,1.530,1.290,1,0,3.017,0,0,14,8,0,4,0
28-07 15:49:36,24.693,4.989,68.842,0.499,0,1648672,11006780,165012,3445284,47246.454,34054.761,67.844,3986.840,8.979,163.624,2702,2300,1.940,1.530,1.290,2,0,1.995,0,0,14,10,0,4,0
28-07 15:49:37,33.459,7.241,53.185,3.745,0,1654604,11000004,165676,3445460,61949.786,35127.351,139.830,3527.717,5.993,302.633,5554,6338,2.020,1.550,1.300,3,0,0,0,0,14,20,0,3,0
28-07 15:49:38,20.026,10.764,68.087,0,0,1551740,11102824,165716,3445460,59660.985,587689.487,0,476.607,0,25.032,3313,2258,2.020,1.550,1.300,2,0,45.057,0,0,14,14,0,5,0
28-07 15:49:39,17.762,7.005,71.797,1.751,0,1566212,11088208,165764,3445540,44176.833,22226.507,96.063,432.282,13.008,20.013,1922,1423,2.020,1.550,1.300,1,0,0,0,0,14,14,0,5,0
28-07 15:49:40,20.020,6.006,68.819,3.754,0,1584704,11069048,166036,3445888,30816.088,14618.748,364.368,14838.970,13.013,192.194,2110,1700,2.020,1.550,1.300,2,0,0,0,0,14,14,0,5,0
28-07 15:49:41,22.726,4.745,72.424,0,0,1607604,11045864,166060,3446108,15601.637,7288.356,0,631.338,0,9.990,2006,1443,2.020,1.550,1.300,1,0,1.998,0,0,14,15,0,5,0
28-07 15:49:42,16.553,4.264,72.482,5.768,0,1607916,11045164,166100,3446344,15143.397,7319.392,276.885,12.038,68.218,1.003,1984,1708,1.940,1.540,1.300,1,0,0,0,0,14,14,0,5,0
28-07 15:49:43,18.430,5.728,70.979,3.238,0,1607872,11044912,166104,3446516,14919.119,7415.727,167.362,3.985,41.840,0.996,2823,2886,1.940,1.540,1.300,1,0,0,0,0,14,21,0,5,0
28-07 15:49:44,20.289,7.515,70.636,0,0,1557184,11095584,166104,3446532,15190.312,7634.732,0,0,0,0,2835,2444,1.940,1.540,1.300,2,0,26.050,0,0,14,20,0,5,0
28-07 15:49:45,17.622,9.566,71.496,0,0,1592604,11060160,166104,3446536,30859.073,16013.085,0,12.084,0,2.014,2225,1550,1.940,1.540,1.300,1,0,20.140,0,0,14,20,0,5,0
28-07 15:49:46,20.849,5.709,71.980,0,0,1604700,11048064,166104,3446536,43933.552,22600.696,0,7.943,0,0.993,1685,1111,1.940,1.540,1.300,1,0,0,0,0,14,20,0,5,0
28-07 15:49:47,21.782,6.259,71.104,0.250,0,1608172,11044548,166136,3446540,15118.128,7697.266,0,1702.492,0,153.224,2726,2404,1.870,1.530,1.300,1,0,2.003,0,0,14,20,0,5,0
28-07 15:49:48,22.079,6.022,70.502,0,0,1609492,11043036,166152,3446712,30443.844,15479.342,0,156.560,0,8.029,3317,3330,1.870,1.530,1.300,1,0,0,0,0,14,20,0,5,0
28-07 15:49:49,13.678,18.651,65.403,0,0,1541924,11110576,166168,3446724,15302.906,8441.267,0,135.283,0,10.942,3538,2066,1.870,1.530,1.300,2,0,117.378,0,0,14,20,0,5,0
28-07 15:49:50,34.938,17.219,46.667,0,0,1610452,11042032,166184,3446724,59772.175,30755.035,0,139.750,0,6.988,3437,1881,1.870,1.530,1.300,3,0,39.929,0,0,14,20,0,5,0
28-07 15:49:51,43.017,8.454,47.244,0,0,1676408,10976036,166216,3446728,29832.202,14966.826,0,377.950,0,18.898,3218,1856,1.870,1.530,1.300,3,0,0,0,0,14,21,0,5,0
28-07 15:49:52,43.163,8.030,46.927,0,0,1702100,10950332,166216,3446740,30064.553,15105.051,0,4.015,0,1.004,3989,3034,1.880,1.540,1.300,2,0,0,0,0,14,21,0,5,0
28-07 15:49:53,43.896,8.027,44.899,0,0,1702320,10950080,166224,3446760,14965.761,7535.054,0,148.494,0,6.020,5117,5106,1.880,1.540,1.300,2,0,2.007,0,0,14,22,0,5,0
28-07 15:49:54,44.893,8.230,44.394,0,0,1706216,10946048,166296,3446824,15065.089,7829.337,0,247.410,0,27.933,5890,6326,1.880,1.540,1.300,2,0,0,0,0,14,20,0,5,0
28-07 15:49:55,32.704,29.685,37.483,0,0,1606340,11045896,166316,3446832,39026.890,450258.258,0,161.002,0,12.075,4767,2879,1.880,1.540,1.300,4,0,191.190,0,0,14,20,0,5,0
28-07 15:49:56,51.949,41.660,3.764,0,0,1669756,10982392,166336,3446976,48075.348,152681.468,0,4208.136,0,348.336,5499,2915,1.880,1.540,1.300,5,0,235.905,0,0,14,20,0,5,0
28-07 15:49:57,70.312,27.427,0,0,0,1809512,10842632,166368,3446976,59660.748,31557.763,0,1795.208,0,251.329,5518,3160,2.210,1.620,1.330,6,0,156.582,0,0,14,20,0,5,0
28-07 15:49:58,78.929,17.678,0.996,0,0,1920780,10731316,166368,3447004,29590.766,14919.379,0,83.660,0,0.996,6104,4907,2.210,1.620,1.330,6,0,0,0,0,14,21,0,5,0
28-07 15:49:59,81.302,15.462,1.247,0,0,1990024,10662028,166368,3447028,30651.309,15125.143,0,0,0,0,7142,7565,2.210,1.620,1.330,5,0,1.995,0,0,14,23,0,5,0
28-07 15:50:00,82.242,10.815,4.527,0,0,2042312,10609372,166440,3447320,15246.288,7605.539,108.651,309.855,4.024,28.169,6584,8496,2.210,1.620,1.330,6,0,0,0,0,14,20,0,5,0
28-07 15:50:01,67.780,19.759,10.004,0,0,1932084,10719428,166552,3447380,31594.789,15384.714,0,516.225,0,48.021,6473,6917,2.210,1.620,1.330,5,0,150.065,0,0,14,20,0,4,0
28-07 15:50:02,31.112,24.890,41.566,0,0,1718500,10932964,166568,3447396,45063.761,23938.163,0,199.120,0,9.956,4399,2751,2.110,1.610,1.330,1,0,164.274,0,0,14,20,0,4,0
28-07 15:50:03,18.496,7.998,72.234,0,0,1711940,10939500,166584,3447396,44318.440,22259.198,0,335.928,0,10.998,1945,1479,2.110,1.610,1.330,1,0,0,0,0,14,20,0,4,0
28-07 15:50:04,21.959,4.492,72.364,0,0,1714508,10936856,166656,3447400,29996.450,14564.542,0,710.660,0,39.925,2001,1393,2.110,1.610,1.330,1,0,0,0,0,14,21,0,5,0
28-07 15:50:05,21.752,5.251,71.258,0,0,1703244,10948120,166656,3447400,15157.598,7362.776,0,0,0,0,2890,2652,2.110,1.610,1.330,1,0,3.000,0,0,14,21,0,5,0
28-07 15:50:06,22.818,4.513,70.710,0.251,0,1645272,11006016,166712,3447420,26303.053,11199.233,0,513.524,0,26.077,3186,3152,2.110,1.610,1.330,4,0,6.018,0,0,14,20,0,5,0
28-07 15:50:07,12.487,14.734,70.174,0,0,1639804,11011484,166712,3447420,49796.252,28411.334,0,3.996,0,0.999,2882,2021,2.020,1.600,1.320,1,0,61.933,0,0,14,20,0,5,0
28-07 15:50:08,22.986,5.497,70.707,0,0,1657876,10993372,166752,3447420,53962.457,455803.122,0,431.740,0,23.986,2338,1795,2.020,1.600,1.320,1,0,2.998,0,0,14,20,0,5,0
28-07 15:50:09,22.235,4.747,71.452,0,0,1677420,10973824,166752,3447424,18275.650,137507.079,0,27.981,0,2.998,2259,1762,2.020,1.600,1.320,1,0,0,0,0,14,21,0,5,0
28-07 15:50:10,22.020,4.754,71.314,0,0,1672700,10978540,166752,3447428,30140.178,14671.229,0,0,0,0,2995,2855,2.020,1.600,1.320,3,0,0,0,0,14,21,0,5,0
28-07 15:50:11,19.974,8.988,69.909,0,0,1617324,11033828,166824,3447440,15423.818,7851.726,0,571.253,0,28.962,3154,2726,2.020,1.600,1.320,1,0,40.946,0,0,14,20,0,5,0
28-07 15:50:12,5.502,25.761,66.029,0,0,1609972,11041160,166840,3447444,60902.108,33662.983,0,168.075,0,7.003,4550,2616,1.940,1.590,1.320,1,0,175.078,0,0,14,20,0,5,0
28-07 15:50:13,5.729,26.153,64.760,0,0,1596952,11054112,166912,3447440,60938.132,32780.499,0,2423.019,0,309.852,5127,2810,1.940,1.590,1.320,3,0,173.357,0,0,14,20,0,5,0
28-07 15:50:14,7.535,32.150,58.021,0,0,1591136,11059896,166936,3447444,61094.814,32439.760,0,168.790,0,12.056,4758,2770,1.940,1.590,1.320,4,0,200.940,0,0,14,20,0,5,0
28-07 15:50:15,27.911,46.015,24.642,0,0,1613964,11037052,166936,3447460,46249.097,23939.739,0,52.301,0,9.052,5228,3083,1.940,1.590,1.320,4,0,264.522,0,0,14,20,0,5,0
28-07 15:50:16,65.174,32.462,0.499,0,0,1744444,10906556,166936,3447476,61145.989,33151.500,0,15.981,0,3.995,4937,2818,1.940,1.590,1.320,5,0,195.773,0,0,14,20,0,5,0
28-07 15:50:17,82.437,16.036,0.501,0,0,1874960,10776032,166936,3447484,44993.914,22593.175,0,0,0,0,5190,2857,2.180,1.640,1.340,5,0,2.005,0,0,14,22,0,5,0
28-07 15:50:18,81.135,13.852,2.968,0,0,1939148,10711812,166936,3447512,29661.606,14810.025,0,0,0,0,6031,6598,2.180,1.640,1.340,3,0,0,0,0,14,24,0,5,0
28-07 15:50:19,54.553,9.338,31.700,0,0,1940416,10710340,166968,3447676,26627.892,555193.022,0,169.066,0,13.761,7054,7832,2.180,1.640,1.340,4,0,0.983,0,0,14,23,0,6,0
28-07 15:50:20,75.795,17.123,5.540,0,0,1932156,10718408,167024,3447808,16198.428,7614.732,0,346.490,0,25.181,7273,8918,2.180,1.640,1.340,4,0,32.232,0,0,14,23,0,7,0
28-07 15:50:21,84.404,14.535,0.765,0,0,1814316,10836092,167104,3447884,16493.171,7521.375,0,387.595,0,34.680,6347,8334,2.180,1.640,1.340,6,0,48.959,0,0,14,21,0,7,0
28-07 15:50:22,66.434,30.470,0.749,0,0,1757568,10892784,167152,3447904,46474.016,24753.507,0,367.636,0,24.975,5999,4807,2.490,1.720,1.370,6,0,226.776,0,0,14,20,0,7,0
28-07 15:50:23,77.498,21.249,0.750,0,0,1866156,10784172,167168,3447912,44914.615,23555.274,0,167.995,0,8.000,5634,4766,2.490,1.720,1.370,6,0,7.000,0,0,14,21,0,7,0
28-07 15:50:24,83.908,13.235,0.250,0,0,1959512,10690760,167184,3447932,29798.283,14773.779,0,143.842,0,7.991,5945,5955,2.490,1.720,1.370,6,0,0,0,0,14,22,0,7,0
28-07 15:50:25,79.356,15.970,0.737,0,0,1986028,10664060,167200,3448100,44022.914,22707.239,0,286.961,0,8.845,6323,7600,2.490,1.720,1.370,6,0,50.120,0,0,14,21,0,7,0
28-07 15:50:26,79.105,18.373,3.572,0,0,1976920,10673124,167220,3448124,32369.741,16002.674,0,318.461,0,40.828,6567,7651,2.490,1.720,1.370,4,0,53.077,0,0,14,23,0,7,0
28-07 15:50:27,54.577,6.392,33.189,0,0,1969012,10680964,167240,3448164,55992.972,26255.925,0,169.139,0,7.867,7197,7891,2.530,1.740,1.380,4,0,0,0,0,14,23,0,9,0
28-07 15:50:28,57.530,17.994,22.809,0,0,1849176,10800728,167312,3448164,34778.571,19054.362,0,373.058,0,29.399,7240,7396,2.530,1.740,1.380,3,0,78.058,0,0,14,22,0,9,0
28-07 15:50:29,50.390,24.819,22.814,0,0,1729716,10919988,167336,3448336,62026.874,32271.944,0,2811.837,0,301.841,5941,3802,2.530,1.740,1.380,3,0,100.279,0,0,14,20,0,9,0
28-07 15:50:30,40.482,13.494,44.730,0,0,1753276,10896380,167384,3448336,45422.646,23175.615,0,223.900,0,18.991,3301,1964,2.530,1.740,1.380,2,0,22.990,0,0,14,20,0,9,0
28-07 15:50:31,43.830,9.162,44.325,0,0,1762840,10886608,167576,3448352,29694.292,14518.794,0,2369.283,0,127.775,4359,3707,2.530,1.740,1.380,2,0,0,0,0,14,23,0,9,0
28-07 15:50:32,46.344,9.269,41.585,0,0,1762976,10886412,167616,3448372,43343.305,463019.330,0,176.359,0,16.033,5715,5277,2.410,1.720,1.370,3,0,4.008,0,0,14,26,0,9,0
28-07 15:50:33,36.978,16.240,43.224,0,0,1675320,10973956,167696,3448400,33016.189,146931.836,0,399.760,0,34.979,5641,5310,2.410,1.720,1.370,3,0,70.957,0,0,14,25,0,9,0
28-07 15:50:34,39.401,42.412,15.058,0,0,1643924,11005312,167716,3451172,46032.930,24172.383,0,204.783,0,13.050,5812,10570,2.410,1.720,1.370,8,0,275.051,0,0,14,24,0,9,0
28-07 15:50:35,57.089,23.434,17.700,0,0,1721860,10927360,167732,3448420,59933.100,31573.023,0,187.472,0,8.975,4376,5528,2.410,1.720,1.370,4,0,71.798,0,0,14,24,0,10,0
28-07 15:50:36,62.628,11.774,22.797,0,0,1813316,10835860,167772,3448424,30114.757,15145.058,0,476.978,0,22.045,4096,2112,2.410,1.720,1.370,5,0,0,0,0,14,24,0,10,0
28-07 15:50:37,57.926,10.939,27.596,0,0,1812828,10836240,167772,3448528,29835.028,14671.889,79.555,19.889,0.994,1.989,5904,5807,2.540,1.760,1.390,3,0,0,0,0,14,27,0,10,0
28-07 15:50:38,47.789,7.965,39.077,0,0,1810488,10838364,167836,3448672,15088.309,7572.529,0,238.944,0,25.886,6805,7574,2.540,1.760,1.390,3,0,1.991,0,0,14,26,0,8,0
28-07 15:50:39,51.970,24.353,20.838,0.251,0,1642648,11006024,167924,3448756,31121.664,16987.869,32.136,502.124,1.004,39.166,6262,6242,2.540,1.760,1.390,4,0,130.552,0,0,14,24,0,8,0
28-07 15:50:40,60.301,37.341,1.766,0,0,1704416,10944228,167940,3448768,60843.149,32369.883,0,213.956,0,7.065,5016,2854,2.540,1.760,1.390,6,0,129.181,0,0,14,24,0,8,0
28-07 15:50:41,82.567,16.013,0,0,0,1847268,10801356,167956,3448768,29675.973,14801.958,0,176.142,0,9.007,4804,2043,2.540,1.760,1.390,4,0,2.002,0,0,14,25,0,8,0
28-07 15:50:42,78.240,14.950,5.233,0,0,1886688,10761832,168020,3448808,29953.642,14932.468,0,777.421,0,38.871,5851,6509,2.810,1.830,1.410,3,0,0,0,0,14,27,0,9,0
28-07 15:50:43,46.603,7.975,40.622,0,0,1886656,10761832,168020,3448840,15108.361,7420.602,0,15.950,0,2.991,6931,8041,2.810,1.830,1.410,4,0,0,0,0,14,28,0,10,0
28-07 15:50:44,59.103,10.386,25.718,0,0,1854312,10793976,168060,3448996,14872.185,7537.483,0,205.748,0,16.816,6551,7363,2.810,1.830,1.410,5,0,24.729,0,0,14,26,0,11,0
28-07 15:50:45,58.597,38.980,2.293,0,0,1697472,10950736,168116,3449016,31104.290,17338.588,0,391.326,0,27.515,5817,5481,2.810,1.830,1.410,4,0,306.742,0,0,14,24,0,11,0
28-07 15:50:46,61.692,14.179,22.388,0,0,1733088,10915096,168132,3449024,57020.531,572271.006,0,147.265,0,7.960,4192,2217,2.810,1.830,1.410,3,0,2.985,0,0,14,24,0,11,0
28-07 15:50:47,61.688,11.442,23.879,0.249,0,1794688,10853384,168164,3449100,29562.548,14972.308,63.678,437.787,0.995,18.904,5052,3834,2.910,1.870,1.430,3,0,1.990,0,0,14,24,0,11,0
28-07 15:50:48,61.568,12.264,22.775,0,0,1799512,10848384,168220,3449188,31146.597,14810.451,0,236.262,0,23.026,6389,7397,2.910,1.870,1.430,5,0,0,0,0,14,26,0,12,0
28-07 15:50:49,50.080,25.040,20.577,0,0,1753720,10893968,168268,3449344,29809.896,15442.438,0,333.204,0,22.809,6934,6930,2.910,1.870,1.430,9,0,122.968,0,0,14,25,0,12,0
28-07 15:50:50,60.404,34.407,5.097,0,0,1646692,11000956,168284,3449364,47300.757,24563.322,0,175.350,0,8.156,5529,3922,2.910,1.870,1.430,5,0,146.805,0,0,14,24,0,12,0
28-07 15:50:51,61.761,14.634,21.331,0,0,1760536,10887064,168316,3449364,59569.908,30244.314,0,214.302,0,15.874,3939,1810,2.910,1.870,1.430,3,0,32.741,0,0,14,24,0,12,0
28-07 15:50:52,62.621,12.323,23.640,0,0,1795732,10851808,168364,3449376,29827.608,14745.306,0,611.621,0,31.185,5038,3848,2.920,1.890,1.430,4,0,0,0,0,14,25,0,14,0
28-07 15:50:53,50.804,9.170,35.439,0,0,1796660,10850800,168404,3449412,29275.238,14814.071,0,186.365,0,17.844,6589,7519,2.920,1.890,1.430,3,0,1.983,0,0,14,26,0,14,0
28-07 15:50:54,51.809,21.464,21.957,0,0,1680640,10966772,168420,3449440,29603.964,15591.941,0,181.577,0,9.868,6582,6374,2.920,1.890,1.430,6,0,102.630,0,0,14,25,0,14,0
28-07 15:50:55,53.558,40.745,5.638,0,0,1669852,10977524,168440,3449456,46608.870,24649.779,0,196.805,0,11.275,5002,3471,2.920,1.890,1.430,4,0,188.604,0,0,14,24,0,14,0
28-07 15:50:56,62.405,11.437,23.619,0,0,1771604,10875756,168472,3449440,48231.976,24506.327,0,672.278,0,12.928,3801,1757,2.920,1.890,1.430,4,0,1.989,0,0,14,25,0,14,0
28-07 15:50:57,61.497,11.453,23.901,0,0,1811692,10835436,168532,3449608,36791.355,17179.192,0,593.554,0,32.865,5226,4731,2.920,1.910,1.440,5,0,0,0,0,14,25,0,14,0
28-07 15:50:58,50.406,8.691,37.494,0,0,1811640,10835436,168556,3449632,18913.865,11153.847,0,75.485,0,8.939,6469,7110,2.920,1.910,1.440,4,0,0,0,0,14,26,0,15,0
28-07 15:50:59,54.614,20.638,21.896,0,0,1693428,10953548,168628,3449660,24747.108,440051.941,0,326.176,0,31.208,6530,6006,2.920,1.910,1.440,5,0,95.638,0,0,14,25,0,15,0
28-07 15:51:00,56.431,19.650,23.177,0,0,1709356,10937600,168644,3449664,48589.422,155131.843,0,3567.269,0,322.465,4727,2239,2.920,1.910,1.440,4,0,20.154,0,0,14,24,0,15,0
28-07 15:51:01,62.007,11.905,23.066,0,0,1792804,10854128,168660,3449668,29801.837,14476.794,0,115.084,0,6.945,4086,2078,2.920,1.910,1.440,4,0,0,0,0,14,25,0,15,0
28-07 15:51:02,62.067,12.463,23.182,0,0,1797260,10849632,168676,3449688,30090.204,15554.100,0,494.541,0,49.853,6299,5605,2.930,1.930,1.450,3,0,1.994,0,0,14,26,0,15,0
28-07 15:51:03,57.514,16.004,23.756,0,0,1799796,10846860,168748,3449856,15290.697,7511.816,0,320.077,0,29.007,7455,7926,2.930,1.930,1.450,4,0,45.011,0,0,14,26,0,14,0
28-07 15:51:04,57.239,34.191,7.598,0,0,1761408,10885168,168796,3449884,30926.327,17427.021,0,283.663,0,26.340,5802,5216,2.930,1.930,1.450,5,0,241.113,0,0,14,24,0,14,0
28-07 15:51:05,62.495,35.997,0.250,0,0,1769216,10877320,168812,3449904,45614.258,25035.946,0,183.985,0,13.999,5202,3317,2.930,1.930,1.450,6,0,224.982,0,0,14,24,0,14,0
28-07 15:51:06,70.724,27.202,0,0,0,1873964,10772520,168844,3449920,60139.163,31391.577,0,443.138,0,24.729,5238,3787,2.930,1.930,1.450,7,0,157.274,0,0,14,25,0,14,0
28-07 15:51:07,73.280,24.343,1.004,0,0,1961396,10685076,168844,3449932,47490.256,27506.986,0,24.092,0,2.008,5741,4578,3.260,2.010,1.480,7,0,140.536,0,0,14,25,0,13,0
28-07 15:51:08,74.135,23.963,0.749,0,0,2016060,10630372,168844,3449972,60727.172,35285.481,0,0,0,0,7121,8020,3.260,2.010,1.480,9,0,134.792,0,0,14,26,0,13,0
28-07 15:51:09,73.499,21.805,1.225,0,0,2034936,10611432,168876,3450000,45025.631,25026.979,0,160.718,0,12.740,7450,8448,3.260,2.010,1.480,7,0,117.599,0,0,14,27,0,13,0
28-07 15:51:10,72.112,26.500,1.274,0,0,2042768,10603400,168916,3450160,72620.223,581296.096,0,236.465,0,16.308,7441,9279,3.260,2.010,1.480,7,0,153.906,0,0,14,26,0,13,0
28-07 15:51:11,69.797,28.269,0.250,0,0,2061548,10584500,168964,3450228,45708.831,26880.131,0,304.205,0,21.014,7384,8818,3.260,2.010,1.480,8,0,162.109,0,0,14,26,0,13,0
28-07 15:51:12,70.078,28.383,0.251,0,0,1907560,10738388,169036,3450248,61480.744,34282.450,0,482.257,0,35.165,6710,6385,3.480,2.080,1.510,6,0,224.049,0,0,14,24,0,13,0
28-07 15:51:13,63.052,35.279,0.751,0,0,1851644,10794292,169052,3450256,46131.810,28367.250,0,148.121,0,7.006,5365,4145,3.480,2.080,1.510,6,0,249.204,0,0,14,24,0,13,0
28-07 15:51:14,80.371,17.222,0.250,0,0,1900968,10744940,169068,3450268,46604.114,24197.119,0,135.782,0,6.989,5870,4726,3.480,2.080,1.510,5,0,22.963,0,0,14,25,0,13,0
28-07 15:51:15,82.416,12.737,3.746,0,0,1946556,10699128,169084,3450436,44699.268,23026.442,0,115.881,0,7.992,6423,7893,3.480,2.080,1.510,7,0,0.999,0,0,14,25,0,13,1
28-07 15:51:16,73.136,21.467,1.997,0,0,1915644,10729984,169100,3450472,30479.602,15831.381,0,131.795,0,7.988,6763,8536,3.480,2.080,1.510,7,0,96.849,0,0,14,26,0,13,0
28-07 15:51:17,51.040,24.649,20.914,0,0,1906672,10738896,169116,3450512,60387.423,33516.035,0,167.311,0,8.963,7432,8565,3.600,2.120,1.530,6,0,131.459,0,0,14,27,0,13,0
28-07 15:51:18,58.023,19.090,19.843,0,0,1809364,10836048,169116,3450668,60915.494,31691.048,0,12.057,0,3.014,6361,6492,3.600,2.120,1.530,2,0,89.421,0,0,14,24,0,13,0
28-07 15:51:19,18.958,28.438,49.142,0,0,1643184,11002260,169116,3450668,54330.659,462488.109,0,7.982,0,1.996,4756,2763,3.600,2.120,1.530,2,0,179.605,0,0,14,24,0,12,0
28-07 15:51:20,6.266,25.816,66.169,0,0,1621524,11023924,169116,3450664,63942.483,154306.520,0,0,0,0,4578,2645,3.600,2.120,1.530,1,0,168.431,0,0,14,24,0,12,0
28-07 15:51:21,8.222,33.886,55.314,0,0,1599616,11045764,169172,3450676,61850.061,32070.181,0,3723.482,0,359.790,5589,3342,3.600,2.120,1.530,2,0,205.310,0,0,14,24,0,12,0
28-07 15:51:22,25.808,42.847,29.316,0,0,1609560,11035792,169188,3450688,45714.573,23695.686,0,180.409,0,11.025,5137,3011,3.630,2.160,1.540,4,0,235.534,0,0,14,24,0,12,0
28-07 15:51:23,48.140,43.627,6.018,0,0,1676440,10968896,169188,3450704,62082.885,32097.519,0,20.058,0,5.015,5055,3194,3.630,2.160,1.540,5,0,236.690,0,0,14,25,0,11,0
28-07 15:51:24,63.727,34.988,0.750,0,0,1767784,10877520,169212,3450708,61341.102,32102.540,0,315.887,0,17.994,5561,5099,3.630,2.160,1.540,7,0,276.901,0,0,14,25,0,11,0
28-07 15:51:25,68.654,30.429,0.503,0,0,1819332,10825864,169268,3450744,61607.375,32235.610,0,309.822,0,23.136,5798,5430,3.630,2.160,1.540,5,0,182.071,0,0,14,24,0,12,0
28-07 15:51:26,75.586,20.456,1.746,0,0,1899104,10746020,169316,3450760,30614.463,16140.920,0,770.326,0,20.954,6279,6257,3.630,2.160,1.540,5,0,43.905,0,0,14,24,0,12,0
28-07 15:51:27,78.603,18.274,1.252,0,0,1940116,10704960,169380,3450744,40687.191,18882.686,0,288.377,0,27.035,6307,6666,3.740,2.200,1.560,6,0,67.088,0,0,14,24,0,11,0
28-07 15:51:28,75.801,19.012,2.222,0,0,1897308,10747400,169456,3451028,18779.795,11156.275,0,478.013,0,32.592,6644,8557,3.740,2.200,1.560,5,0,66.171,0,0,14,25,0,12,0
28-07 15:51:29,75.583,23.004,0.758,0,0,1821644,10822844,169664,3451036,15460.403,7577.519,0,2386.302,0,123.360,5709,4999,3.740,2.200,1.560,6,0,124.371,0,0,14,25,0,12,0
28-07 15:51:30,77.270,19.193,1.246,0,0,1878968,10765472,169680,3451064,25377.416,553812.518,0,123.632,0,7.976,6882,6658,3.740,2.200,1.560,5,0,13.958,0,0,14,25,0,12,0
28-07 15:51:31,80.607,14.385,2.232,0,0,1922300,10721876,169712,3451296,14980.446,7369.189,0,146.828,0,11.905,6590,9068,3.740,2.200,1.560,6,0,0,0,0,14,26,0,13,0
28-07 15:51:32,67.968,10.457,18.175,0,0,1949532,10694408,169760,3451480,15418.005,7265.842,0,155.355,0,17.926,7185,9177,3.760,2.230,1.570,3,0,1.992,0,0,14,28,0,14,0
28-07 15:51:33,72.719,19.627,6.794,0,0,1901980,10741788,169776,3451636,362.339,148.961,0,261.689,0,37.240,6487,8285,3.760,2.230,1.570,4,0,30.195,0,0,14,27,0,15,0
28-07 15:51:34,68.539,11.629,16.083,0,0,1944728,10698948,169824,3451676,15219.118,7512.070,0,217.741,0,18.805,7508,8507,3.760,2.230,1.570,5,0,0,0,0,14,27,0,15,0
28-07 15:51:35,75.861,21.675,1.260,0,0,1938476,10705112,169872,3451900,362.925,0,0,262.112,0,19.154,6371,15134,3.760,2.230,1.570,7,0,89.723,0,0,14,26,0,16,0
28-07 15:51:36,75.751,20.500,2.250,0,0,1954852,10688552,169928,3451840,15155.241,7362.117,0,272.004,0,25.000,6790,9008,3.760,2.230,1.570,7,0,47.001,0,0,14,26,0,17,0
28-07 15:51:37,83.297,14.596,1.258,0,0,1945620,10697640,169976,3451928,998.553,0,0,229.506,0,19.126,6418,8589,3.860,2.280,1.590,7,0,30.198,0,0,14,26,0,18,0
28-07 15:51:38,76.923,18.858,0.993,0,0,1895688,10747520,169992,3451964,14863.459,7591.034,0,250.123,0,10.918,6501,7820,3.860,2.280,1.590,5,0,31.762,0,0,14,25,0,20,0
28-07 15:51:39,83.191,14.075,2.262,0,0,1933164,10710000,169992,3452008,1098.819,0,0,4.021,0,1.005,6512,8698,3.860,2.280,1.590,5,0,0,0,0,14,26,0,19,0
28-07 15:51:40,69.205,20.164,7.219,0,0,1913708,10729404,169992,3452056,817.519,0,0,11.949,0,0.996,7241,8496,3.860,2.280,1.590,5,0,70.699,0,0,14,26,0,19,0
28-07 15:51:41,82.868,14.565,2.009,0,0,1958960,10684044,169992,3452164,15169.365,7557.562,0,0,0,0,5945,8891,3.860,2.280,1.590,7,0,2.009,0,0,14,27,0,19,0
28-07 15:51:42,63.157,19.123,15.349,0,0,1903676,10739148,169992,3452336,932.000,0,0,4323.836,0,314.022,7506,8808,3.790,2.290,1.600,3,0,71.460,0,0,14,28,0,19,0
28-07 15:51:43,73.700,15.882,7.941,0,0,1928272,10714452,170032,3452392,641.218,146.904,0,178.667,0,14.889,6522,8577,3.790,2.290,1.600,4,0,0,0,0,14,27,0,19,0
28-07 15:51:44,70.047,16.655,8.327,0,0,1920544,10722052,170048,3452504,15233.098,7594.506,0,141.074,0,6.858,7115,9369,3.790,2.290,1.600,5,0,31.350,0,0,14,27,0,17,0
28-07 15:51:45,77.131,14.001,8.400,0,0,1963452,10678960,170064,3452668,1032.489,0,65.167,171.063,1.018,9.164,6316,7964,3.790,2.290,1.600,4,0,1.018,0,0,14,27,0,16,0
28-07 15:51:46,75.712,20.056,2.256,0,0,1880916,10761280,170096,3452848,420.177,0,0,208.584,0,13.037,6366,9468,3.790,2.290,1.600,5,0,115.323,0,0,14,25,0,17,0
28-07 15:51:47,77.096,20.341,1.507,0,0,1916212,10725748,170152,3453024,898.035,0,0,277.246,0,23.104,6867,10051,3.890,2.340,1.620,5,0,36.162,0,0,14,26,0,18,0
28-07 15:51:48,79.840,16.467,1.747,0,0,1922648,10719224,170168,3453092,15532.939,7752.498,0,151.697,0,8.982,6603,8129,3.890,2.340,1.620,6,0,29.940,0,0,14,26,0,19,0
28-07 15:51:49,79.790,15.258,3.252,0,0,1933380,10708388,170224,3453136,300.151,0,0,228.115,0,22.011,6753,7355,3.890,2.340,1.620,5,0,30.015,0,0,14,25,0,19,0
28-07 15:51:50,80.395,15.183,2.489,0,0,1960388,10681200,170240,3453296,757.652,0,0,135.402,0,7.965,6697,7951,3.890,2.340,1.620,6,0,1.991,0,0,14,26,0,20,0
28-07 15:51:51,74.004,24.584,0.502,0,0,1851220,10790344,170256,3453316,629.158,0,0,148.509,0,8.028,5465,4247,3.890,2.340,1.620,5,0,137.472,0,0,14,25,0,20,0
28-07 15:51:52,78.627,17.972,1.248,0,0,1883624,10757904,170272,3453336,15803.249,7350.487,0,127.800,0,6.989,6741,6566,3.980,2.380,1.640,5,0,1.997,0,0,14,24,0,19,0
28-07 15:51:53,81.083,14.426,1.990,0,0,1951544,10689932,170288,3453372,358.159,147.243,0,167.141,0,8.954,6928,7604,3.980,2.380,1.640,6,0,1.990,0,0,14,27,0,19,0
28-07 15:51:54,74.715,14.339,8.805,0,0,1959164,10682120,170304,3453544,1210.542,0,0,144.903,0,8.050,6047,8773,3.980,2.380,1.640,4,0,0,0,0,14,27,0,20,0
28-07 15:51:55,72.509,11.752,14.002,0,0,1919500,10721684,170384,3453560,567.073,0,0,316.041,0,33.004,7103,9614,3.980,2.380,1.640,6,0,36.005,0,0,14,26,0,20,0
28-07 15:51:56,70.230,27.089,1.003,0,0,1836060,10804908,170400,3453756,743.434,0,0,132.434,0,7.023,6420,9156,3.980,2.380,1.640,5,0,146.480,0,0,14,25,0,19,0
28-07 15:51:57,72.376,24.458,1.248,0,0,1827188,10813728,170416,3453776,299.487,0,0,1249.860,0,11.979,6511,6434,4.060,2.430,1.650,6,0,93.839,0,0,14,25,0,19,0
28-07 15:51:58,80.407,18.787,1.503,0,0,1847996,10792840,170464,3453800,15326.945,7753.148,0,212.415,0,19.037,5669,4372,4.060,2.430,1.650,5,0,30.059,0,0,14,24,0,19,0
28-07 15:51:59,78.891,15.877,1.985,0,0,1914940,10725848,170480,3453816,577.539,0,0,146.866,0,8.931,5895,6239,4.060,2.430,1.650,5,0,1.985,0,0,14,25,1,19,0
28-07 15:52:00,80.720,15.292,2.507,0,0,1949412,10691180,170496,3453992,1256.417,0,0,140.382,0,9.025,6456,8656,4.060,2.430,1.650,6,0,34.093,0,0,14,26,0,19,0
28-07 15:52:01,74.990,19.241,2.713,0,0,1943228,10697316,170496,3454036,355.214,0,0,7.894,0,0.987,6863,8086,4.060,2.430,1.650,5,0,42.428,0,0,14,26,0,21,0
28-07 15:52:02,78.766,20.902,0.765,0,0,1874712,10765756,170544,3454064,737.193,0,0,289.575,0,20.393,6478,7351,4.140,2.470,1.670,5,0,71.374,0,0,14,25,0,21,0
28-07 15:52:03,76.869,19.653,0.995,0,0,1935800,10704492,170560,3454224,945.319,189.064,0,4593.253,0,296.532,6342,6717,4.140,2.470,1.670,5,0,41.793,0,0,14,26,0,21,0
28-07 15:52:04,83.754,12.538,2.257,0,0,1924496,10715708,170608,3454256,15385.613,7613.065,0,341.033,0,45.137,5635,6668,4.140,2.470,1.670,6,0,4.012,0,0,14,25,0,23,0
28-07 15:52:05,71.867,24.038,1.983,0,0,1917764,10722328,170656,3454304,539.247,0,0,265.658,0,18.834,6602,8540,4.140,2.470,1.670,6,0,109.039,0,0,14,26,0,23,0
28-07 15:52:06,82.135,15.322,1.507,0,0,1919888,10720092,170728,3454344,989.634,0,0,345.618,0,32.151,7314,8385,4.140,2.470,1.670,5,0,29.136,0,0,14,25,0,23,0
28-07 15:52:07,73.393,24.129,2.011,0,0,1882632,10757164,170744,3454508,902.833,0,0,217.163,0,8.043,6498,7747,4.120,2.500,1.680,6,0,109.587,0,0,14,25,0,23,0
28-07 15:52:08,72.179,11.906,13.146,0,0,1895176,10744564,170760,3454544,898.894,146.839,0,111.122,0,6.945,6728,7089,4.120,2.500,1.680,4,0,1.984,0,0,14,27,0,24,0
28-07 15:52:09,61.010,12.752,23.004,0.250,0,1831080,10808576,170808,3454572,830.139,0,0,232.039,0,23.004,6871,7594,4.120,2.500,1.680,4,0,25.004,0,0,14,25,0,24,0
28-07 15:52:10,73.201,22.060,2.256,0,0,1728112,10911476,170840,3454608,484.327,0,0,192.528,0,13.036,5260,5050,4.120,2.500,1.680,5,0,72.198,0,0,14,25,0,24,0
28-07 15:52:11,77.047,21.654,1.007,0,0,1760576,10878836,170856,3454768,816.803,0,0,112.801,0,8.057,4924,3574,4.120,2.500,1.680,4,0,78.558,0,0,14,24,0,24,0
28-07 15:52:12,77.241,18.438,2.242,0,0,1840520,10798876,170856,3454780,16599.420,7833.770,0,15.947,0,1.993,5136,4544,4.110,2.520,1.700,4,0,29.900,0,0,14,26,0,25,0
28-07 15:52:13,79.284,15.507,3.752,0,0,1879284,10760036,170888,3454820,44297.264,22921.968,0,168.073,0,12.005,6172,9738,4.110,2.520,1.700,5,0,60.026,0,0,14,26,0,25,0
28-07 15:52:14,71.301,14.359,11.883,0,0,1926968,10712156,170912,3454992,29367.023,15032.588,0,257.475,0,43.573,6692,7472,4.110,2.520,1.700,6,0,3.961,0,0,14,25,0,26,0
28-07 15:52:15,77.320,19.267,2.535,0,0,1950028,10688968,170928,3455064,15251.104,7465.334,0,89.235,0,8.112,5993,7685,4.110,2.520,1.700,4,0,73.011,0,0,14,24,0,28,0
28-07 15:52:16,61.072,26.315,10.923,0,0,1839016,10799928,170952,3455088,15719.769,7310.735,0,95.332,0,10.923,5366,4541,4.110,2.520,1.700,3,0,155.907,0,0,14,25,0,28,0
28-07 15:52:17,64.514,10.752,22.005,0,0,1846304,10792620,170952,3455108,45326.593,23981.076,0,8.002,0,1.000,5660,4749,4.020,2.530,1.700,3,0,2.000,0,0,14,24,0,28,0
28-07 15:52:18,55.901,18.056,23.003,0,0,1760952,10877824,170952,3455256,29518.456,14743.892,0,3.958,0,0.989,6007,5618,4.020,2.530,1.700,4,0,42.544,0,0,14,26,0,28,0
28-07 15:52:19,60.580,14.579,23.377,0,0,1756368,10882388,170952,3455276,29818.311,14738.225,0,0,0,0,6006,5311,4.020,2.530,1.700,3,0,34.186,0,0,14,25,0,29,0
28-07 15:52:20,60.937,13.792,22.820,0,0,1801608,10837128,170952,3455296,15386.097,7384.604,0,0,0,0,5751,5155,4.020,2.530,1.700,3,0,2.006,0,0,14,25,0,30,0
28-07 15:52:21,59.550,11.259,27.023,0,0,1835172,10803408,170960,3455436,15112.621,7302.098,0,112.094,0,3.003,6629,6656,4.020,2.530,1.700,2,0,0,0,0,14,27,0,31,0
28-07 15:52:22,60.246,9.421,26.280,0,0,1828304,10810084,170992,3455592,16112.307,7396.171,0,119.005,0,12.892,7595,7803,3.940,2.540,1.710,4,0,0,0,0,14,26,0,31,0
28-07 15:52:23,47.845,27.699,22.411,0,0,1686120,10952188,171064,3455612,17717.601,9695.829,0,4319.106,0,353.546,5905,3938,3.940,2.540,1.710,4,0,152.095,0,0,14,24,0,32,0
28-07 15:52:24,58.937,15.800,23.575,0,0,1740868,10897436,171064,3455616,3156.026,1817.775,0,132.421,0,27.086,3802,1623,3.940,2.540,1.710,4,0,0,0,0,14,24,0,32,0
28-07 15:52:25,62.664,12.682,22.629,0,0,1812100,10825936,171208,3455736,27650.716,575292.848,0,1782.441,0,88.525,5751,4306,3.940,2.540,1.710,3,0,1.989,0,0,14,26,0,32,0
28-07 15:52:26,61.631,10.861,26.269,0,0,1812056,10825936,171208,3455780,609.242,0,0,0,0,0,6664,6718,3.940,2.540,1.710,3,0,2.021,0,0,14,27,0,31,0
28-07 15:52:27,45.837,6.690,42.863,0,0,1812248,10825712,171208,3455812,15471.441,7230.775,0,3.964,0,0.991,6869,7893,3.790,2.530,1.710,2,0,0,0,0,14,27,0,32,0
28-07 15:52:28,45.694,8.240,41.948,0,0,1812216,10825712,171208,3455844,602.259,189.767,0,826.983,0,3.995,6923,7930,3.790,2.530,1.710,4,0,0,0,0,14,26,0,32,0
28-07 15:52:29,56.318,17.771,23.028,0,0,1711384,10926392,171208,3455996,15460.679,7304.825,0,0,0,0,6045,5303,3.790,2.530,1.710,3,0,65.079,0,0,14,25,0,30,0
28-07 15:52:30,52.189,24.087,22.833,0,0,1673220,10964552,171208,3456000,933.388,0,0,4.015,0,1.004,4336,2777,3.790,2.530,1.710,3,0,74.270,0,0,14,24,0,30,0
28-07 15:52:31,61.514,13.753,23.755,0,0,1775208,10862532,171232,3456004,871.194,0,0,128.028,0,8.002,4246,2421,3.790,2.530,1.710,3,0,0,0,0,14,24,0,30,0
28-07 15:52:32,59.438,11.392,26.004,0,0,1822724,10814956,171272,3456020,15980.994,7905.302,0,150.577,0,14.860,5777,5169,3.560,2.500,1.710,3,0,1.981,0,0,14,27,0,30,0
28-07 15:52:33,57.966,9.787,28.607,0,0,1822912,10814732,171272,3456056,485.814,148.555,0,92.345,0,3.011,6907,7244,3.560,2.500,1.710,3,0,0,0,0,14,27,0,27,0
28-07 15:52:34,54.476,17.661,23.134,0,0,1737560,10899972,171344,3456096,599.986,0,0,350.240,0,28.855,7051,7213,3.560,2.500,1.710,4,0,72.635,0,0,14,25,0,27,0
28-07 15:52:35,40.077,36.592,21.906,0,0,1643572,10993932,171360,3456104,15035.212,7426.001,0,119.485,0,6.970,5025,3061,3.560,2.500,1.710,5,0,183.211,0,0,14,24,0,27,0
28-07 15:52:36,70.777,16.097,13.798,0,0,1755920,10881568,171376,3456104,738.940,0,0,126.734,0,8.176,4523,8757,3.560,2.500,1.710,3,0,25.551,0,0,14,24,0,28,0
28-07 15:52:37,61.211,11.354,24.682,0,0,1821468,10815836,171416,3456244,1268.650,0,0,394.910,0,21.720,4854,3621,3.520,2.510,1.720,3,0,0,0,0,14,24,0,24,0
28-07 15:52:38,64.097,10.766,24.287,0.250,0,1821360,10815836,171496,3456272,603.911,148.224,0,344.520,0,33.050,5570,5647,3.520,2.510,1.720,3,0,2.003,0,0,14,25,0,24,0
28-07 15:52:39,44.307,30.039,22.779,0.250,0,1672832,10964324,171520,3456284,19171.657,7761.983,0,168.216,0,11.014,6122,5260,3.520,2.510,1.720,3,0,155.200,0,0,14,24,0,24,1
28-07 15:52:40,60.200,14.738,22.481,0,0,1749900,10887212,171536,3456308,542.547,0,0,115.903,0,6.994,5125,4223,3.520,2.510,1.720,3,0,0,0,0,14,25,0,24,0
28-07 15:52:41,63.735,11.203,22.656,0,0,1805764,10831308,171552,3456332,1410.146,0,0,107.554,0,5.975,6182,5574,3.520,2.510,1.720,3,0,1.992,0,0,14,26,0,22,0
28-07 15:52:42,64.536,8.505,23.513,0,0,1807300,10829544,171752,3456356,723.407,0,0,1877.055,0,112.063,6795,6989,3.480,2.520,1.720,3,0,0,0,0,14,26,0,22,0
28-07 15:52:43,59.174,17.778,22.095,0,0,1787652,10848952,171824,3456520,15339.545,8189.895,0,288.505,0,29.460,6380,6364,3.480,2.520,1.720,4,0,43.682,0,0,14,24,0,23,0
28-07 15:52:44,46.899,29.187,23.200,0,0,1716056,10920532,171840,3456520,422.087,0,0,3121.249,0,324.299,4684,2287,3.480,2.520,1.720,3,0,125.728,0,0,14,24,0,23,0
28-07 15:52:45,61.907,12.680,23.619,0,0,1793848,10842716,171856,3456528,746.865,0,0,119.339,0,7.956,4249,2609,3.480,2.520,1.720,4,0,0.994,0,0,14,25,0,23,0
28-07 15:52:46,59.522,9.713,28.142,0,0,1810164,10826376,171856,3456552,724.226,0,0,0,0,0,6193,6227,3.480,2.520,1.720,4,0,0,0,0,14,25,0,23,0
28-07 15:52:47,53.447,8.782,34.879,0,0,1810380,10826124,171856,3456580,606.236,0,0,0,0,0,6845,7555,3.440,2.530,1.730,2,0,2.007,0,0,14,27,0,25,0
28-07 15:52:48,45.039,8.958,42.053,0,0,1810424,10825884,171856,3456776,880.870,147.309,0,3.981,0,0.995,6585,7235,3.440,2.530,1.730,2,0,0,0,0,14,27,0,25,0
28-07 15:52:49,54.295,7.756,35.029,0,0,1811008,10825184,171928,3456816,15112.424,7788.403,0,276.227,0,30.025,6927,7649,3.440,2.530,1.730,4,0,0,0,0,14,25,0,22,0
28-07 15:52:50,47.364,29.822,21.552,0,0,1646176,10989992,171944,3456824,849.042,0,0,1387.337,0,232.559,5687,3391,3.440,2.530,1.730,3,0,142.342,0,0,14,24,0,22,0
28-07 15:52:51,45.316,33.299,20.530,0,0,1717964,10918176,171944,3456852,544.798,0,0,8.012,0,2.003,4970,2505,3.440,2.530,1.730,2,0,159.233,0,0,14,24,0,22,0
28-07 15:52:52,42.415,8.483,46.906,0,0,1739520,10896504,172056,3456848,1109.769,0,0,1201.584,0,62.874,4182,3593,3.320,2.520,1.730,2,0,0,0,0,14,25,0,22,0
28-07 15:52:53,43.440,8.738,44.688,0,0,1739588,10896280,172072,3456984,603.161,189.736,0,123.828,0,6.990,5745,6318,3.320,2.520,1.730,2,0,1.997,0,0,14,26,0,21,0
28-07 15:52:54,46.763,5.561,46.005,0,0,1723492,10912352,172072,3457008,852.357,0,0,16.178,0,2.022,5122,5114,3.320,2.520,1.730,2,0,0,0,0,14,24,0,21,0
28-07 15:52:55,20.086,31.989,44.388,0,0,1673148,10962692,172072,3457012,1167.485,0,0,23.806,0,2.976,4506,2678,3.320,2.520,1.730,2,0,165.650,0,0,14,24,0,21,0
28-07 15:52:56,42.026,8.755,47.529,0,0,1706508,10929332,172072,3457012,46455.255,37146.594,0,0,0,0,2867,1340,3.320,2.520,1.730,2,0,2.001,0,0,14,24,0,21,0
28-07 15:52:57,42.197,8.739,47.690,0,0,1730980,10904704,172088,3457152,29978.502,15418.714,0,255.680,0,9.988,3702,2837,3.220,2.510,1.740,2,0,0,0,0,14,24,0,19,0
28-07 15:52:58,46.501,6.250,44.751,0,0,1731004,10904452,172152,3457312,30015.696,15226.353,0,276.006,0,26.001,5633,5827,3.220,2.510,1.740,4,0,0,0,0,14,25,0,19,0
28-07 15:52:59,31.564,19.540,46.094,0,0,1654744,10980672,172184,3457320,15311.069,7605.433,0,160.325,0,13.026,5136,4294,3.220,2.510,1.740,2,0,96.195,0,0,14,24,0,19,0
28-07 15:53:00,38.236,12.745,48.233,0,0,1667076,10968324,172200,3457320,15966.353,7779.249,0,343.878,0,45.984,2931,1562,3.220,2.510,1.740,2,0,4.998,0,0,14,24,0,19,0
28-07 15:53:01,42.612,8.223,47.347,0,0,1732824,10902552,172216,3457328,15795.826,7595.393,0,107.651,0,5.981,3286,2115,3.220,2.510,1.740,2,0,0,0,0,14,25,0,18,0
28-07 15:53:02,43.852,8.720,45.845,0,0,1733032,10902328,172216,3457344,15287.252,7432.840,0,3.987,0,0.997,5177,5043,3.120,2.500,1.740,3,0,1.993,0,0,14,26,0,16,0
28-07 15:53:03,45.572,7.011,44.570,0,0,1732968,10902328,172248,3457372,1174.854,148.234,0,108.171,0,13.021,6469,7045,3.120,2.500,1.740,2,0,0,0,0,14,25,0,16,0
28-07 15:53:04,36.161,16.072,45.955,0,0,1645060,10990180,172288,3457388,15468.004,7720.441,0,1912.532,0,284.268,4112,2597,3.120,2.500,1.740,3,0,35.157,0,0,14,24,0,16,0
28-07 15:53:05,42.527,8.505,48.031,0,0,1701760,10933480,172288,3457388,788.509,0,0,12.008,0,2.001,2677,1338,3.120,2.500,1.740,4,0,3.002,0,0,14,24,0,16,0
28-07 15:53:06,42.024,9.449,46.749,0,0,1728344,10906796,172376,3457396,16530.105,7792.096,0,986.694,0,52.717,4258,3830,3.120,2.500,1.740,5,0,0,0,0,14,25,0,15,0
28-07 15:53:07,44.186,7.281,44.688,0,0,1728312,10906796,172376,3457428,656.761,0,0,8.034,0,1.004,6580,7300,3.030,2.490,1.740,5,0,0,0,0,14,25,0,16,0
28-07 15:53:08,38.588,13.692,45.061,0,0,1641184,10993744,172408,3457572,15662.192,7962.544,0,127.464,0,11.950,4857,3816,3.030,2.490,1.740,4,0,62.736,0,0,14,24,0,16,0
28-07 15:53:09,38.184,13.565,48.233,0,0,1687552,10947376,172408,3457572,939.531,0,0,482.326,0,2.010,2734,1457,3.030,2.490,1.740,3,0,0,0,0,14,24,0,16,0
28-07 15:53:10,43.757,7.501,47.508,0,0,1727256,10907640,172432,3457580,543.087,0,0,288.046,0,13.002,3481,2673,3.030,2.490,1.740,3,0,0,0,0,14,24,0,15,0
28-07 15:53:11,44.693,8.240,45.193,0,0,1728744,10906128,172432,3457604,15020.968,7610.358,0,0,0,0,5255,5237,3.030,2.490,1.740,2,0,1.997,0,0,14,26,0,15,0
28-07 15:53:12,38.073,14.027,45.336,0,0,1649056,10985736,172504,3457612,931.775,0,0,296.565,0,31.059,5106,4337,2.950,2.480,1.740,2,0,68.130,0,0,14,24,0,15,0
28-07 15:53:13,20.747,35.244,41.993,0,0,1654576,10980196,172520,3457612,1068.830,147.976,0,123.980,0,9.998,4976,2837,2.950,2.480,1.740,3,0,207.967,0,0,14,24,0,15,0
28-07 15:53:14,30.715,23.474,44.700,0,0,1699052,10935624,172600,3457628,15325.782,7611.449,0,747.161,0,41.953,4496,2922,2.950,2.480,1.740,2,0,108.878,0,0,14,25,0,13,0
28-07 15:53:15,42.200,11.915,43.193,0,0,1715676,10918992,172600,3457636,745.695,0,0,3.972,0,0.993,3784,2988,2.950,2.480,1.740,2,0,6.951,0,0,14,25,0,13,0
28-07 15:53:16,41.080,10.333,47.381,0,0,1656616,10977988,172648,3457648,816.569,0,0,221.784,0,19.154,4276,3679,2.950,2.480,1.740,2,0,29.235,0,0,14,24,0,13,0
28-07 15:53:17,33.942,18.968,45.423,0,0,1675648,10958924,172664,3457664,869.517,0,0,115.802,0,5.990,4942,4239,2.870,2.480,1.740,2,0,66.886,0,0,14,25,0,13,0
28-07 15:53:18,42.712,9.045,46.732,0,0,1631604,11002956,172664,3457672,15906.956,7643.942,0,8.040,0,2.010,4020,3155,2.870,2.480,1.740,3,0,11.055,0,0,14,24,0,11,0
28-07 15:53:19,37.606,14.943,46.821,0,0,1679744,10954824,172664,3457680,1378.737,0,0,3.985,0,0.996,3749,2443,2.870,2.480,1.740,5,0,35.863,0,0,14,24,0,11,0
28-07 15:53:20,44.362,8.224,45.109,0,0,1717520,10917024,172672,3457696,601.126,0,0,1527.238,0,252.214,5515,4937,2.870,2.480,1.740,4,0,1.994,0,0,14,25,0,11,0
28-07 15:53:21,44.708,8.083,46.476,0,0,1709512,10924832,172728,3457840,1018.441,0,0,303.107,0,25.259,4963,4711,2.870,2.480,1.740,2,0,2.021,0,0,14,25,0,11,0
28-07 15:53:22,39.937,12.651,44.898,0,0,1709696,10924612,172744,3457856,15883.547,7721.500,0,115.098,0,5.953,5273,5030,2.880,2.480,1.750,2,0,27.782,0,0,14,25,0,8,0
28-07 15:53:23,44.313,7.468,45.807,0,0,1725776,10908512,172744,3457876,927.088,147.378,0,0,0,0,5196,4950,2.880,2.480,1.750,2,0,1.992,0,0,14,26,0,8,0
28-07 15:53:24,36.450,17.094,45.500,0,0,1683288,10950900,172792,3457928,1210.647,0,0,237.303,0,21.116,4793,3711,2.880,2.480,1.750,3,0,91.502,0,0,14,25,0,8,0
28-07 15:53:25,25.640,28.129,42.069,0,0,1670448,10963716,172792,3457952,1813.216,0,0,0,0,0,6126,5286,2.880,2.480,1.750,4,0,158.320,0,0,14,25,0,8,0
28-07 15:53:26,23.822,19.809,54.915,0,0,1592504,11041636,172792,3457976,817.455,0,0,72.217,0,4.012,4414,3439,2.880,2.480,1.750,1,0,115.346,0,0,14,24,0,7,0
28-07 15:53:27,15.272,12.017,72.105,0,0,1622612,11011528,172792,3457976,757.100,0,0,4.006,0,1.001,2398,1707,2.730,2.460,1.740,2,0,42.061,0,0,14,24,0,7,0
28-07 15:53:28,21.645,4.976,71.902,0,0,1665852,10968256,172820,3457976,45582.526,57874.074,0,413.998,0,14.928,1871,1272,2.730,2.460,1.740,1,0,0,0,0,14,24,0,7,0
28-07 15:53:29,22.337,6.275,70.024,0,0,1663144,10970944,172828,3457984,39267.452,456750.923,0,16.063,0,3.012,3139,2807,2.730,2.460,1.740,1,0,2.008,0,0,14,25,0,7,0
28-07 15:53:30,18.994,10.497,68.979,0.250,0,1651396,10982656,172860,3457988,33873.897,135469.594,0,111.967,0,12.996,3635,3003,2.730,2.460,1.740,1,0,44.987,0,0,14,24,0,6,0
28-07 15:53:31,14.488,13.239,70.944,0,0,1652152,10981900,172860,3457988,15239.865,7452.066,0,151.879,0,31.975,2556,1763,2.730,2.460,1.740,4,0,46.963,0,0,14,24,0,6,0
28-07 15:53:32,21.775,5.006,72.334,0,0,1652128,10981900,172884,3457988,15825.384,7791.051,0,244.284,0,11.013,1864,1301,2.590,2.430,1.740,1,0,2.002,0,0,14,24,0,6,0
28-07 15:53:33,22.264,5.003,72.044,0,0,1659364,10974632,172908,3457996,15478.508,7448.576,0,72.044,0,10.006,2344,1940,2.590,2.430,1.740,2,0,0,0,0,14,24,0,6,0
28-07 15:53:34,23.259,3.501,70.776,0,0,1659160,10974632,172964,3458140,15441.753,7622.840,0,192.072,0,23.009,3588,3946,2.590,2.430,1.740,3,0,0,0,0,14,24,0,6,0
28-07 15:53:35,11.496,17.244,69.475,0,0,1620672,11013100,172980,3458144,814.705,0,0,1443.477,0,241.912,3727,2140,2.590,2.430,1.740,3,0,101.963,0,0,14,24,0,6,0
28-07 15:53:36,29.514,15.758,53.776,0,0,1634712,10999044,172996,3458144,15199.379,7461.623,0,196.095,0,10.005,3165,11756,2.590,2.430,1.740,2,0,36.017,0,0,14,24,0,7,0
28-07 15:53:37,21.688,4.986,72.294,0,0,1667072,10966636,173036,3458148,784.762,0,0,370.942,0,21.937,2051,1640,2.460,2.410,1.730,1,0,0,0,0,14,25,0,7,0
28-07 15:53:38,23.298,4.760,71.146,0,0,1651888,10981812,173036,3458156,15517.769,7946.268,0,4.008,0,1.002,2953,2977,2.460,2.410,1.730,1,0,2.004,0,0,14,25,0,6,0
28-07 15:53:39,16.262,10.758,70.801,0,0,1616820,11016804,173100,3458168,755.542,0,0,264.189,0,27.019,3334,2778,2.460,2.410,1.730,1,0,57.041,0,0,14,24,0,6,0
28-07 15:53:40,15.241,12.742,70.958,0,0,1647424,10986168,173132,3458168,15189.008,7909.318,0,371.780,0,12.992,2577,1996,2.460,2.410,1.730,1,0,36.978,0,0,14,24,0,6,0
28-07 15:53:41,21.753,4.250,72.759,0.250,0,1679660,10953872,173184,3458172,1022.119,0,0,640.075,0,31.004,1857,1291,2.460,2.410,1.730,2,0,2.000,0,0,14,24,0,6,0
28-07 15:53:42,22.265,4.753,72.049,0,0,1683640,10949880,173192,3458176,1028.700,0,0,32.022,0,4.003,2264,1900,2.350,2.390,1.730,1,0,0,0,0,14,24,0,6,0
28-07 15:53:43,23.465,4.493,70.396,0,0,1679532,10953976,173192,3458188,15472.248,7636.770,0,3.994,0,0.999,3982,4354,2.350,2.390,1.730,1,0,0,0,0,14,25,0,6,0
28-07 15:53:44,23.500,4.500,70.501,0,0,1676344,10957112,173224,3458204,516.011,0,0,112.002,0,12.000,3780,4094,2.350,2.390,1.730,1,0,2.000,0,0,14,24,0,6,0
28-07 15:53:45,17.014,10.759,71.310,0,0,1600388,11033064,173224,3458208,861.723,0,0,0,0,0,2259,1623,2.350,2.390,1.730,3,0,31.026,0,0,14,24,0,6,0
28-07 15:53:46,21.006,5.251,72.771,0,0,1640456,10992996,173224,3458208,15108.313,7460.130,0,4.001,0,1.000,1787,1324,2.350,2.390,1.730,2,0,0,0,0,14,24,0,6,0
28-07 15:53:47,22.503,4.251,71.759,0,0,1655012,10978420,173240,3458212,1424.172,0,0,192.023,0,8.001,2327,2014,2.240,2.360,1.730,2,0,2.000,0,0,14,24,0,5,0
28-07 15:53:48,23.242,5.248,69.727,0,0,1655192,10978180,173240,3458268,759.750,147.951,0,3.999,0,1.000,4198,4878,2.240,2.360,1.730,1,0,0,0,0,14,25,0,5,0
28-07 15:53:49,24.505,3.251,71.015,0,0,1655176,10978180,173248,3458276,962.204,0,0,56.012,0,4.001,3060,3033,2.240,2.360,1.730,2,0,0,0,0,14,24,0,5,0
28-07 15:53:50,6.245,24.732,67.450,0,0,1610100,11023200,173248,3458332,46387.700,50396.735,0,3.997,0,0.999,4279,2495,2.240,2.360,1.730,2,0,152.887,0,0,14,24,0,5,0
28-07 15:53:51,9.723,30.915,57.341,0,0,1616268,11017012,173256,3458344,61038.256,33020.712,0,973.309,0,182.495,4873,2818,2.240,2.360,1.730,2,0,180.501,0,0,14,26,0,3,0
28-07 15:53:52,29.207,22.409,46.831,0.252,0,1626568,11006440,173344,3458520,45846.501,24318.124,128.912,576.077,5.036,26.185,3941,2419,2.220,2.360,1.730,2,0,75.535,0,0,14,24,0,5,0
28-07 15:53:53,42.055,9.012,47.812,0,0,1694824,10937924,173384,3458736,45193.671,23081.965,44.057,44.057,1.001,2.003,2966,1546,2.220,2.360,1.730,2,0,2.003,0,0,14,24,0,5,0
28-07 15:53:54,42.633,7.978,47.121,0.748,0,1756484,10874736,173508,3459896,44302.801,22187.302,363.007,885.577,9.973,13.962,3137,1750,2.220,2.360,1.730,2,0,2.992,0,0,14,26,0,5,0
28-07 15:53:55,38.841,15.437,38.841,3.486,0,1771908,10851100,177216,3464068,15280.462,7427.601,1836.484,18846.865,27.886,1559.617,9848,12710,2.220,2.360,1.730,3,0,53.780,0,0,14,28,0,5,0
28-07 15:53:56,42.008,14.338,33.707,4.528,0,1777644,10837016,182016,3467144,30052.486,14682.131,0,27452.525,0,2150.200,11946,16435,2.220,2.360,1.730,6,0,51.315,0,0,14,28,0,5,0
28-07 15:53:57,40.066,16.277,33.555,5.759,0,1696220,10911860,186972,3468580,26706.752,444958.950,0,30369.753,0,2339.833,12818,17941,2.440,2.400,1.750,3,0,42.069,0,0,14,28,0,5,0
28-07 15:53:58,38.891,12.307,36.183,5.415,0,1732488,10870280,191100,3469604,15605.532,8343.298,0,19439.472,0,1725.962,10426,14157,2.440,2.400,1.750,3,0,21.661,0,0,14,28,0,5,0
28-07 15:53:59,45.213,11.052,37.928,2.512,0,1750844,10849784,193968,3468800,47836.058,148313.784,0,16670.431,0,1311.169,7561,10610,2.440,2.400,1.750,3,0,5.024,0,0,14,24,0,5,0
28-07 15:54:00,43.458,9.601,48.006,0.253,0,1743112,10857456,194008,3468820,30516.878,15141.708,0,578.098,0,24.256,2985,1539,2.440,2.400,1.750,2,0,7.075,0,0,14,24,0,5,0
28-07 15:54:01,42.112,10.217,46.348,0,0,1744420,10855704,194440,3468820,15646.849,7660.956,0,5450.183,0,275.101,3243,2297,2.440,2.400,1.750,2,0,0.997,0,0,14,24,0,5,0
28-07 15:54:02,41.614,10.529,44.371,0.501,0,1768520,10830000,195880,3468948,15414.118,7640.878,0,3914.697,0,640.751,5757,6934,2.570,2.430,1.760,10,0,1.003,0,0,14,26,0,5,0
28-07 15:54:03,40.175,12.648,40.423,1.984,0,1766088,10828992,199048,3469120,45265.878,23771.728,0,7451.729,0,1213.187,10234,14690,2.570,2.430,1.760,2,0,1.984,0,0,14,26,0,5,0
28-07 15:54:04,39.971,11.492,42.720,1.499,0,1798688,10793712,201452,3469312,44593.172,20325.493,0,7594.579,0,979.301,8358,10961,2.570,2.430,1.760,3,0,1.999,0,0,14,26,0,5,0
28-07 15:54:05,30.649,18.590,49.239,0,0,1709396,10882932,201508,3469324,15391.857,9478.096,0,691.362,0,36.176,4060,2291,2.570,2.430,1.760,1,0,100.489,0,0,14,24,0,5,0
28-07 15:54:06,19.984,6.245,72.193,0.250,0,1703288,10888976,201556,3469340,45200.145,23551.318,0,695.448,0,26.979,2096,1589,2.570,2.430,1.760,1,0,1.998,0,0,14,24,0,5,0
28-07 15:54:07,23.753,5.751,70.008,0,0,1712168,10879476,202164,3469340,30105.351,14593.625,0,9337.039,0,490.055,2639,2476,2.440,2.400,1.750,1,0,0,0,0,14,24,0,4,0
28-07 15:54:08,20.838,6.778,72.555,0,0,1751860,10839752,202196,3469340,29859.523,15001.061,0,104.439,0,12.051,2008,1437,2.440,2.400,1.750,3,0,2.008,0,0,14,24,0,4,0
28-07 15:54:09,19.805,5.766,72.951,1.003,0,1754916,10836644,202204,3469380,30093.090,14698.584,40.111,28.078,3.008,4.011,1792,1170,2.440,2.400,1.750,2,0,2.006,0,0,14,24,0,4,0
28-07 15:54:10,22.937,3.241,72.801,0,0,1686784,10904752,202204,3469404,14907.232,7276.102,0,0,0,0,1718,1071,2.440,2.400,1.750,2,0,0.997,0,0,14,24,0,4,0
28-07 15:54:11,20.394,5.720,72.374,0,0,1687624,10903912,202204,3469404,15486.631,8203.428,0,0,0,0,1666,1342,2.440,2.400,1.750,1,0,0,0,0,14,24,0,3,0
28-07 15:54:12,22.515,5.003,72.047,0,0,1709720,10881816,202204,3469404,44215.009,22358.669,0,276.181,0,38.025,1978,1338,2.330,2.380,1.750,1,0,2.001,0,0,14,24,0,3,0
28-07 15:54:13,22.201,5.987,70.844,0,0,1691408,10900128,202204,3469404,38346.763,442531.880,0,0,0,0,2139,1495,2.330,2.380,1.750,1,0,1.996,0,0,14,24,0,3,0
28-07 15:54:14,22.661,4.784,72.515,0,0,1723000,10868456,202268,3469416,17834.607,142938.713,0,491.489,0,28.200,2097,1818,2.330,2.380,1.750,1,0,1.007,0,0,14,24,0,3,0
28-07 15:54:15,23.038,7.262,68.362,0,0,1680972,10910484,202268,3469416,15359.158,7830.827,0,4.007,0,1.002,2149,1396,2.330,2.380,1.750,1,0,10.016,0,0,14,24,0,3,0
28-07 15:54:16,20.370,5.714,72.786,0,0,1694056,10897392,202276,3469416,15004.292,7410.729,0,59.620,0,2.981,1849,1344,2.330,2.380,1.750,2,0,0,0,0,14,24,0,3,0
28-07 15:54:17,22.490,4.498,72.217,0,0,1715824,10875624,202276,3469416,45049.468,22731.640,0,0,0,0,1921,1297,2.220,2.360,1.740,1,0,1.999,0,0,14,24,0,3,0
28-07 15:54:18,21.855,5.527,72.850,0,0,1735220,10856228,202280,3469412,30095.579,14811.153,0,136.656,0,28.135,1939,1244,2.220,2.360,1.740,1,0,2.010,0,0,14,24,0,3,0
28-07 15:54:19,22.891,2.239,71.906,0.746,0,1671320,10919848,202292,3469636,29882.216,14522.608,151.277,0,5.971,0,1774,1146,2.220,2.360,1.740,1,0,0.995,0,0,14,24,0,3,0
28-07 15:54:20,21.502,5.751,72.758,0,0,1665944,10925224,202292,3469636,15101.720,7782.886,0,0,0,0,1828,1320,2.220,2.360,1.740,1,0,0,0,0,14,24,0,3,0
28-07 15:54:21,21.675,4.734,72.001,0,0,1693020,10898136,202300,3469636,30106.818,16038.500,0,159.448,0,2.990,1894,1330,2.220,2.360,1.740,1,0,1.993,0,0,14,24,0,3,0
28-07 15:54:22,21.493,5.748,72.226,0,0,1714252,10876904,202300,3469636,44686.962,22042.582,0,39.987,0,3.999,1904,1220,2.120,2.340,1.740,1,0,1.999,0,0,14,24,0,3,0
28-07 15:54:23,21.824,8.529,69.233,0,0,1731364,10859788,202300,3469640,24427.331,327301.148,0,0,0,0,2127,1280,2.120,2.340,1.740,2,0,0,0,0,14,24,0,3,0
28-07 15:54:24,24.547,2.755,72.139,0,0,1678472,10912540,202348,3469732,29681.000,15076.954,0,412.793,0,25.048,2078,1561,2.120,2.340,1.740,1,0,3.006,0,0,14,24,0,3,0
28-07 15:54:25,20.642,5.471,72.372,0,0,1674724,10916256,202364,3469744,15947.718,8203.161,0,19.896,0,2.984,1862,1368,2.120,2.340,1.740,2,0,0,0,0,14,24,0,3,0
28-07 15:54:26,22.285,4.758,71.864,0,0,1656164,10934804,202364,3469756,44310.041,21922.653,0,0,0,0,1955,1336,2.120,2.340,1.740,1,0,2.003,0,0,14,24,0,3,0
28-07 15:54:27,21.047,6.264,72.661,0,0,1699012,10891956,202364,3469756,30217.799,15642.579,0,2112.670,0,10.022,2004,1461,2.030,2.310,1.740,1,0,2.004,0,0,14,24,0,3,0
28-07 15:54:28,23.100,4.017,72.063,0,0,1692408,10898560,202364,3469756,44372.647,22457.501,0,4.017,0,1.004,1897,1256,2.030,2.310,1.740,1,0,0,0,0,14,24,0,3,0
28-07 15:54:29,20.765,6.505,72.802,0,0,1691420,10899548,202364,3469756,29764.192,14668.444,0,148.105,0,31.022,1932,1314,2.030,2.310,1.740,3,0,2.001,0,0,14,24,0,3,0
28-07 15:54:30,23.629,3.233,72.131,0,0,1699428,10891504,202376,3469776,15363.335,7258.833,0,210.920,0,2.985,1810,1165,2.030,2.310,1.740,2,0,1.990,0,0,14,24,0,3,0
28-07 15:54:31,20.231,6.494,71.683,0,0,1626328,10964584,202380,3469792,30629.498,15851.250,0,0,0,0,1887,1307,2.030,2.310,1.740,2,0,0.999,0,0,14,24,0,3,0
28-07 15:54:32,21.955,4.990,72.351,0,0,1667388,10923508,202388,3469800,44089.312,22813.075,0,19.959,0,0.998,1867,1329,2.030,2.310,1.740,2,0,0,0,0,14,24,0,3,0
28-07 15:54:33,23.074,4.264,72.483,0,0,1657540,10933332,202388,3469824,29931.182,15317.221,0,4.013,0,1.003,1789,1163,2.030,2.310,1.740,3,0,3.010,0,0,14,24,0,3,0
28-07 15:54:34,20.238,6.746,71.956,0,0,1659052,10931820,202460,3469752,14938.830,7453.425,0,687.578,0,63.961,2146,1899,2.030,2.310,1.740,2,0,0.999,0,0,14,24,0,3,0
28-07 15:54:35,23.441,3.990,72.069,0,0,1667000,10923784,202468,3469832,44981.047,23750.360,0,27.930,0,2.992,1892,1341,2.030,2.310,1.740,4,0,0,0,0,14,24,0,3,0
28-07 15:54:36,20.905,7.964,69.684,0,0,1699112,10891672,202468,3469832,29490.475,14591.932,0,7.964,0,1.991,2161,1484,2.030,2.310,1.740,2,0,15.928,0,0,14,24,0,3,0
28-07 15:54:37,33.714,13.335,52.332,0,0,1648268,10942380,202468,3469928,29993.399,14914.679,0,398.530,0,55.351,3520,11809,1.950,2.290,1.730,1,0,41.262,0,0,14,24,0,4,0
28-07 15:54:38,7.223,22.166,69.238,0,0,1643756,10946844,202476,3469968,30831.162,18697.145,0,0,0,0,3915,2538,1.950,2.290,1.730,1,0,131.502,0,0,14,24,0,4,0
28-07 15:54:39,6.517,25.567,65.672,0,0,1632592,10958008,202476,3469968,61007.095,32074.169,0,477.252,0,31.082,4417,2645,1.950,2.290,1.730,3,0,158.416,0,0,14,24,0,4,0
28-07 15:54:40,6.309,25.741,67.381,0,0,1628492,10962092,202484,3469976,46008.725,24668.946,0,262.457,0,4.038,4211,2626,1.950,2.290,1.730,1,0,146.370,0,0,14,24,0,3,0
28-07 15:54:41,7.202,24.834,65.314,0,0,1630108,10960464,202484,3469984,69326.701,480104.469,0,437.085,0,4.967,4610,2832,1.950,2.290,1.730,1,0,156.953,0,0,14,24,0,3,0
28-07 15:54:42,7.242,22.225,68.924,0,0,1619648,10970784,202488,3470120,70655.665,374520.776,0,39.956,0,4.994,4351,2712,1.870,2.260,1.730,2,0,110.877,0,0,14,24,0,3,0
28-07 15:54:43,6.504,24.515,67.290,0,0,1618408,10972012,202488,3470128,61095.294,32663.404,0,176.105,0,2.001,4286,2650,1.870,2.260,1.730,2,0,145.086,0,0,14,24,0,3,0
28-07 15:54:44,5.998,25.991,65.978,0,0,1614032,10976324,202552,3470128,45622.465,23793.898,0,635.784,0,31.989,4445,3068,1.870,2.260,1.730,1,0,150.949,0,0,14,24,0,3,0
28-07 15:54:45,6.742,24.471,65.921,0.499,0,1618132,10972120,202644,3470140,61116.104,32157.644,7.990,1282.470,1.998,136.837,4516,2930,1.870,2.260,1.730,1,0,135.838,0,0,14,24,0,3,0
28-07 15:54:46,6.755,23.769,68.304,0,0,1624348,10965812,202724,3470148,61385.622,33500.535,0,968.767,0,48.038,4295,2785,1.870,2.260,1.730,2,0,140.111,0,0,14,24,0,3,0
28-07 15:54:47,11.514,17.272,69.337,0,0,1635416,10954732,202740,3470140,60420.842,31799.916,4.005,72.090,1.001,8.010,3403,2308,1.800,2.240,1.720,1,0,85.107,0,0,14,24,0,3,0
28-07 15:54:48,22.733,7.245,69.198,0,0,1682276,10907836,202740,3470176,53745.621,460462.054,0,3.997,0,0.999,2533,1853,1.800,2.240,1.720,1,0,2.998,0,0,14,24,0,3,0
28-07 15:54:49,22.500,3.750,73.250,0,0,1705396,10884716,202740,3470176,31143.819,47237.726,0,0,0,0,1820,1166,1.800,2.240,1.720,2,0,2.000,0,0,14,24,0,3,0
28-07 15:54:50,20.000,6.250,72.750,0,0,1728932,10861180,202740,3470176,29596.172,14658.085,0,0,0,0,1771,1248,1.800,2.240,1.720,1,0,0,0,0,14,24,0,3,0
28-07 15:54:51,23.022,4.004,72.320,0,0,1652604,10937492,202740,3470192,29892.087,14768.371,0,284.277,0,56.055,1891,1119,1.800,2.240,1.720,1,0,3.003,0,0,14,24,0,3,0
28-07 15:54:52,19.967,6.489,72.631,0,0,1687704,10902400,202752,3470172,15510.642,8004.913,0,103.830,0,2.995,1839,1369,1.740,2.220,1.720,1,0,0,0,0,14,24,0,1,0
28-07 15:54:53,22.291,4.508,72.633,0,0,1696380,10893724,202752,3470172,44707.804,22304.812,0,116.213,0,3.005,1814,1261,1.740,2.220,1.720,1,0,0,0,0,14,24,0,1,0
28-07 15:54:54,20.449,6.733,71.823,0,0,1721848,10868200,202808,3470172,29772.432,14556.032,0,438.915,0,28.929,2168,1715,1.740,2.220,1.720,2,0,3.990,0,0,14,24,0,1,0
28-07 15:54:55,24.050,3.006,72.652,0,0,1707960,10882060,202816,3470192,15597.707,7473.671,0,40.084,0,4.008,1798,1178,1.740,2.220,1.720,1,0,1.002,0,0,14,24,0,1,0
28-07 15:54:56,20.256,5.752,72.770,0,0,1742996,10847032,202816,3470184,15012.113,7298.000,0,0,0,0,1860,1391,1.740,2.220,1.720,1,0,1.000,0,0,14,24,0,1,0
28-07 15:54:57,23.233,3.997,72.197,0,0,1757608,10832416,202816,3470188,44974.258,23241.080,0,147.892,0,28.979,1909,1231,1.680,2.200,1.720,1,0,1.999,0,0,14,24,0,1,0
28-07 15:54:58,20.258,7.003,72.529,0,0,1781656,10808364,202816,3470188,40314.029,21042.367,0,152.060,0,4.002,1852,1242,1.680,2.200,1.720,1,0,2.001,0,0,14,24,0,1,0
28-07 15:54:59,23.410,3.272,73.755,0,0,1744796,10845212,202816,3470200,19232.556,9496.962,0,12.083,0,1.007,1687,1060,1.680,2.200,1.720,1,0,1.007,0,0,14,24,0,1,0
28-07 15:55:00,20.360,6.207,72.005,0,0,1737900,10852112,202828,3470180,15767.514,7567.930,0,95.344,0,3.973,1853,1351,1.680,2.200,1.720,1,0,1.986,0,0,14,24,0,1,0
28-07 15:55:01,23.109,3.768,72.844,0,0,1741680,10848332,202828,3470180,45747.931,23856.604,0,0,0,0,1788,1250,1.680,2.200,1.720,1,0,0,0,0,14,24,0,1,0
28-07 15:55:02,20.341,6.450,70.699,0,0,1765688,10824316,202836,3470180,29513.976,14961.395,0,345.309,0,60.528,2053,1278,1.620,2.180,1.710,1,0,4.961,0,0,14,24,0,1,0
28-07 15:55:03,21.549,5.513,73.168,0,0,1762652,10827340,202836,3470192,29757.245,15880.420,0,88.202,0,3.007,1786,1122,1.620,2.180,1.710,1,0,2.005,0,0,14,24,0,1,0
28-07 15:55:04,22.273,5.005,72.575,0,0,1707408,10882528,202884,3470200,15175.666,7627.874,0,468.484,0,26.027,1909,1468,1.620,2.180,1.710,1,0,1.001,0,0,14,24,0,1,0
28-07 15:55:05,19.739,6.496,72.211,0,0,1700716,10889212,202892,3470200,30254.643,15953.375,0,35.981,0,2.998,1865,1401,1.620,2.180,1.710,1,0,0,0,0,14,24,0,1,0
28-07 15:55:06,22.839,6.024,71.028,0,0,1706276,10883652,202892,3470200,56575.330,635307.408,0,4.016,0,1.004,2402,1519,1.620,2.180,1.710,1,0,5.020,0,0,14,24,0,1,0
28-07 15:55:07,23.925,6.230,67.289,2.492,0,1726252,10863588,202908,3470276,15480.498,7434.706,75.763,11.963,8.972,0.997,2144,1404,1.730,2.200,1.720,1,1,15.950,0,0,14,24,0,1,0
28-07 15:55:08,25.675,22.435,45.368,4.487,0,1699464,10890028,202964,3470532,29858.894,15343.240,319.069,307.104,23.930,56.834,4763,2849,1.730,2.200,1.720,1,1,172.497,0,0,14,24,0,1,0
28-07 15:55:09,26.051,24.798,45.088,2.505,0,1727296,10861948,202980,3470696,16038.324,8666.927,168.329,20.039,12.023,5.010,4641,2852,1.730,2.200,1.720,2,0,192.376,0,0,14,24,0,1,0
28-07 15:55:10,26.190,27.437,44.897,0.249,0,1762496,10826604,203000,3470800,44138.500,22645.924,87.798,179.587,3.991,3.991,4610,2767,1.730,2.200,1.720,2,0,172.603,0,0,14,24,0,1,0
28-07 15:55:11,26.072,15.042,57.409,0.501,0,1767384,10821648,203004,3470836,29951.781,15119.788,52.144,40.111,3.008,4.011,3151,2027,1.730,2.200,1.720,1,0,97.269,0,0,14,24,0,1,0
28-07 15:55:12,21.533,5.258,72.610,0,0,1727604,10861512,203004,3470752,15495.528,7631.588,0,4.006,0,1.002,1761,1156,1.670,2.180,1.720,1,0,3.005,0,0,14,24,0,1,0
28-07 15:55:13,20.966,5.491,73.131,0,0,1766660,10822452,203004,3470756,25813.036,11487.325,0,191.688,0,37.938,1814,1278,1.670,2.180,1.720,3,0,0,0,0,14,24,0,1,0
28-07 15:55:14,22.614,4.523,72.365,0,0,1772652,10816460,203004,3470756,48962.822,26951.864,0,341.723,0,66.334,1948,1204,1.670,2.180,1.720,1,0,2.010,0,0,14,24,0,1,0
28-07 15:55:15,22.390,8.707,67.419,0,0,1785940,10803156,203016,3470756,29842.605,15004.395,0,179.121,0,1.990,2104,1348,1.670,2.180,1.720,1,0,7.961,0,0,14,24,0,1,0
28-07 15:55:16,20.490,6.497,73.213,0,0,1779996,10809016,203016,3470840,15120.328,7778.053,0,87.955,0,1.999,1627,1014,1.670,2.180,1.720,1,0,0.999,0,0,14,24,0,1,0
28-07 15:55:17,21.487,5.996,71.705,0,0,1672388,10916636,203016,3470828,16057.947,7615.232,0,0,0,0,1775,1186,1.620,2.160,1.710,1,0,0.999,0,0,14,24,0,1,0
28-07 15:55:18,21.696,4.738,72.070,0,0,1707240,10881784,203016,3470828,44836.183,23551.265,0,23.940,0,2.993,1877,1353,1.620,2.160,1.710,1,0,1.995,0,0,14,24,0,1,0
28-07 15:55:19,23.079,5.268,72.750,0,0,1707020,10882012,203016,3470820,29905.564,15292.447,0,12.041,0,1.003,1777,1250,1.620,2.160,1.710,2,0,1.003,0,0,14,24,0,1,0
28-07 15:55:20,21.007,5.502,72.525,0,0,1739028,10850004,203016,3470820,30036.207,15871.394,0,160.054,0,34.012,1841,1327,1.620,2.160,1.710,1,0,0,0,0,14,24,0,1,0
28-07 15:55:21,22.743,5.998,70.727,0,0,1766204,10822816,203028,3470820,57164.469,568647.661,0,95.969,0,2.999,2278,1570,1.620,2.160,1.710,1,0,4.998,0,0,14,24,0,1,0
28-07 15:55:22,22.753,4.000,72.759,0,0,1776972,10812020,203028,3470844,29627.623,14659.793,0,20.002,0,1.000,1730,1172,1.570,2.140,1.710,2,0,0,0,0,14,24,0,1,0
28-07 15:55:23,20.637,6.040,72.984,0,0,1731532,10857484,203028,3470820,15348.788,7656.777,0,185.228,0,36.240,1784,1221,1.570,2.140,1.710,2,0,1.007,0,0,14,24,0,1,0
28-07 15:55:24,21.604,4.967,72.263,0,0,1744624,10844392,203028,3470820,44684.845,23877.079,0,7.946,0,1.987,1851,1396,1.570,2.140,1.710,2,0,1.987,0,0,14,24,0,1,0
28-07 15:55:25,22.149,4.231,72.420,0,0,1719008,10869984,203028,3470844,30410.282,15236.498,0,159.273,0,29.864,1799,1215,1.570,2.140,1.710,2,0,0.995,0,0,14,24,0,1,0
28-07 15:55:26,21.322,6.522,71.994,0,0,1717816,10871172,203040,3470836,45231.453,23337.174,0,96.327,0,2.007,1939,1500,1.570,2.140,1.710,2,0,1.003,0,0,14,24,0,1,0
28-07 15:55:27,21.629,6.036,72.179,0,0,1738456,10850532,203040,3470836,29828.442,15331.202,0,4.024,0,1.006,1856,1256,1.520,2.120,1.700,2,0,4.024,0,0,14,24,0,1,0
28-07 15:55:28,21.850,4.221,72.255,0,0,1752436,10836540,203040,3470848,29509.738,14800.556,0,75.483,0,15.891,1762,1186,1.520,2.120,1.700,2,0,0,0,0,14,24,0,1,0
28-07 15:55:29,11.240,18.733,68.687,0,0,1706224,10882720,203040,3470880,23369.460,9974.806,0,47.956,0,1.998,3406,2157,1.520,2.120,1.700,2,0,107.901,0,0,14,24,0,1,0
28-07 15:55:30,7.013,25.296,66.120,0,0,1677308,10911636,203040,3470880,54035.878,30383.034,0,100.181,0,5.009,4321,2624,1.520,2.120,1.700,2,0,151.274,0,0,14,24,0,1,0
28-07 15:55:31,6.468,24.629,66.424,0,0,1666880,10922056,203048,3470880,60398.667,31654.693,0,306.496,0,35.824,4446,2746,1.520,2.120,1.700,2,0,158.224,0,0,14,24,0,1,0
28-07 15:55:32,13.581,15.342,70.674,0,0,1661740,10927196,203048,3470880,64302.484,34235.235,0,0,0,0,2732,1998,1.480,2.100,1.700,1,0,48.289,0,0,14,24,0,1,0
28-07 15:55:33,20.510,7.504,71.035,0,0,1685008,10903916,203048,3470892,55207.907,463213.756,0,0,0,0,2279,1756,1.480,2.100,1.700,2,0,3.001,0,0,14,24,0,1,0
28-07 15:55:34,22.665,3.985,72.230,0,0,1701604,10887312,203048,3470900,32575.036,145909.700,0,3.985,0,0.996,1802,1260,1.480,2.100,1.700,3,0,0,0,0,14,24,0,1,0
28-07 15:55:35,25.118,2.009,72.843,0,0,1710100,10878548,203048,3471164,29972.219,15215.691,0,0,0,0,1662,1068,1.480,2.100,1.700,2,0,0,0,0,14,24,0,1,0
28-07 15:55:36,18.724,8.488,71.899,0,0,1668412,10920220,203056,3471172,30083.751,17797.006,0,155.781,0,2.996,2034,1594,1.480,2.100,1.700,2,0,11.983,0,0,14,24,0,1,0
28-07 15:55:37,32.609,14.936,51.279,0,0,1732316,10856316,203056,3474688,44847.471,23626.047,0,139.398,0,30.867,3360,12450,1.520,2.100,1.700,5,0,35.845,0,0,15,25,0,0,0
28-07 15:55:38,23.603,5.273,71.060,0,0,1729028,10859604,203056,3471172,29952.575,15292.667,0,0,0,0,1882,2563,1.520,2.100,1.700,2,0,0,0,0,14,24,0,1,0
28-07 15:55:39,19.604,8.043,71.883,0,0,1695728,10892900,203056,3471176,30856.213,17848.990,0,4.021,0,1.005,2268,1397,1.520,2.100,1.700,2,0,37.198,0,0,14,24,0,1,0
28-07 15:55:40,7.958,28.599,60.679,0.497,0,1685672,10902836,203056,3471296,60961.520,61906.521,39.790,0,1.989,0,4467,2780,1.520,2.100,1.700,1,0,175.074,0,0,14,24,0,1,0
28-07 15:55:41,6.477,24.165,67.761,0,0,1679916,10908584,203056,3471300,46431.428,25189.262,0,83.705,0,2.989,4206,2576,1.520,2.100,1.700,1,0,146.484,0,0,14,24,0,1,0
28-07 15:55:42,5.521,23.839,69.259,0,0,1678064,10910424,203064,3471304,61164.448,32553.587,0,273.020,0,37.139,4280,2780,1.480,2.080,1.700,1,0,150.562,0,0,14,24,0,1,0
28-07 15:55:43,5.748,24.992,66.979,0,0,1666792,10921688,203064,3471312,60795.990,32491.840,0,55.982,0,1.999,4362,2783,1.480,2.080,1.700,2,0,157.951,0,0,14,24,0,1,0
28-07 15:55:44,7.499,25.997,65.992,0,0,1648380,10940100,203064,3471312,71777.832,586863.215,0,551.937,0,29.997,4747,3062,1.480,2.080,1.700,1,0,159.982,0,0,14,24,0,1,0
28-07 15:55:45,5.729,25.905,65.759,0,0,1638120,10950352,203064,3471316,48967.870,25586.402,0,179.344,0,2.989,4427,2751,1.480,2.080,1.700,3,0,162.406,0,0,14,24,0,1,0
28-07 15:55:46,6.274,24.843,67.253,0,0,1630148,10958320,203064,3471320,57436.087,30320.071,0,4.015,0,1.004,4344,2739,1.480,2.080,1.700,1,0,155.585,0,0,14,24,0,1,0
28-07 15:55:47,6.497,24.239,66.720,0,0,1617988,10970460,203076,3471324,61174.082,31619.570,0,123.943,0,1.999,4386,2789,1.440,2.060,1.690,1,0,153.930,0,0,14,24,0,1,0
28-07 15:55:48,7.491,26.967,64.422,0,0,1622316,10966080,203076,3471372,60682.445,32386.743,0,327.603,0,35.956,4473,2786,1.440,2.060,1.690,1,0,159.806,0,0,14,24,0,1,0
28-07 15:55:49,6.009,24.786,68.100,0,0,1623060,10965324,203076,3471380,60844.154,32399.474,0,276.405,0,4.006,4319,2700,1.440,2.060,1.690,2,0,149.219,0,0,14,24,0,1,0
28-07 15:55:50,6.005,25.770,66.551,0,0,1621624,10966760,203076,3471380,45767.109,23776.239,0,440.338,0,5.004,4281,2668,1.440,2.060,1.690,1,0,161.124,0,0,14,24,0,1,0
28-07 15:55:51,5.744,25.971,66.427,0,0,1616740,10971644,203076,3471380,60868.015,31517.315,0,355.609,0,4.995,4466,2769,1.440,2.060,1.690,1,0,163.820,0,0,14,24,0,1,0
28-07 15:55:52,7.503,24.009,66.275,0,0,1609792,10978584,203084,3471380,72645.381,591947.111,0,460.173,0,6.002,4751,3108,1.410,2.040,1.690,1,0,145.055,0,0,14,24,0,1,0
28-07 15:55:53,7.245,25.232,65.953,0,0,1609608,10978764,203084,3471384,62274.567,32674.686,0,547.609,0,37.973,4372,2613,1.410,2.040,1.690,1,0,146.895,0,0,14,24,0,1,0
28-07 15:55:54,6.227,25.156,65.753,0,0,1604600,10983764,203084,3471388,45544.938,23571.468,0,266.997,0,3.985,4229,2568,1.410,2.040,1.690,1,0,149.439,0,0,14,24,0,1,0
28-07 15:55:55,7.035,25.626,66.829,0,0,1600132,10988232,203084,3471388,61640.450,31529.215,0,353.741,0,4.020,4356,2635,1.410,2.040,1.690,1,0,144.712,0,0,14,24,0,1,0
28-07 15:55:56,6.739,24.461,66.643,0,0,1597548,10990816,203084,3471388,60820.104,32373.891,0,351.434,0,3.994,4238,2624,1.410,2.040,1.690,2,0,141.772,0,0,14,24,0,1,0
28-07 15:55:57,6.010,23.038,69.115,0,0,1597976,10990372,203092,3471396,60915.936,33297.172,0,120.199,0,3.005,4145,2636,1.370,2.020,1.690,2,0,133.221,0,0,14,24,0,1,0
28-07 15:55:58,5.981,24.671,67.533,0,0,1600328,10988016,203092,3471400,46271.109,24251.962,0,59.808,0,2.990,4290,2688,1.370,2.020,1.690,1,0,145.532,0,0,14,24,0,1,0
28-07 15:55:59,6.768,23.812,68.178,0,0,1596684,10991652,203092,3471408,61148.518,33032.171,0,220.575,0,34.089,4308,2614,1.370,2.020,1.690,2,0,140.366,0,0,14,24,0,1,0
28-07 15:56:00,7.251,23.505,66.763,0,0,1597832,10990500,203092,3471412,71383.680,586270.353,0,60.012,0,3.001,4621,2909,1.370,2.020,1.690,1,0,141.027,0,0,14,24,0,1,0
28-07 15:56:01,6.216,24.368,67.135,0,0,1600204,10988128,203092,3471412,60975.469,33203.469,0,55.697,0,1.989,4320,2698,1.370,2.020,1.690,1,0,145.210,0,0,14,24,0,1,0
28-07 15:56:02,7.010,24.285,67.346,0,0,1602432,10985876,203100,3471424,46139.695,24418.768,0,272.388,0,6.009,4256,2614,1.340,2.010,1.680,2,0,135.192,0,0,14,24,0,1,0
28-07 15:56:03,6.272,25.087,66.731,0,0,1596084,10992220,203100,3471428,61535.369,32785.682,0,16.056,0,4.014,4367,2659,1.340,2.010,1.680,1,0,153.532,0,0,14,24,0,1,0
28-07 15:56:04,5.503,26.516,66.040,0,0,1595212,10993092,203100,3471428,60793.240,31785.471,0,340.208,0,74.045,4481,2580,1.340,2.010,1.680,1,0,152.093,0,0,14,24,0,1,0
28-07 15:56:05,6.754,25.267,66.544,0,0,1598572,10989732,203100,3471428,61759.740,31999.109,0,20.013,0,5.003,4331,2614,1.340,2.010,1.680,1,0,153.101,0,0,14,24,0,1,0
28-07 15:56:06,6.497,25.239,66.970,0,0,1601260,10987036,203100,3471436,45951.132,24191.014,0,15.993,0,3.998,4165,2614,1.340,2.010,1.680,3,0,148.932,0,0,14,24,0,1,0
28-07 15:56:07,7.745,21.986,68.705,0,0,1604540,10983712,203108,3471440,61075.319,32199.080,0,99.935,0,2.998,3996,2524,1.320,1.990,1.680,1,0,116.924,0,0,14,24,0,1,0
28-07 15:56:08,17.745,30.991,49.235,0,0,1580988,11002740,203108,3475884,74362.034,589351.911,0,0,0,0,6305,8453,1.320,1.990,1.680,1,0,138.959,0,0,14,24,0,1,0
28-07 15:56:09,12.740,34.723,50.711,0,0,1574288,11009388,203156,3475884,46061.657,24111.500,0,331.745,0,18.985,5153,3233,1.320,1.990,1.680,3,0,199.847,0,0,14,24,0,3,0
28-07 15:56:10,24.731,31.476,41.718,0,0,1620080,10963556,203180,3475896,61009.098,31525.764,0,8321.603,0,490.623,5646,2768,1.320,1.990,1.680,2,0,142.890,0,0,14,24,0,3,0
28-07 15:56:11,38.721,33.190,27.658,0,0,1696908,10886704,203196,3475904,61001.418,32415.143,0,68.391,0,9.052,5186,2909,1.320,1.990,1.680,3,0,165.948,0,0,14,24,0,3,0
28-07 15:56:12,38.589,54.876,6.264,0,0,1696684,10886800,203280,3475940,46120.008,24315.891,0,424.977,0,29.067,5338,3772,1.530,2.020,1.690,6,0,390.898,0,0,14,24,0,5,0
28-07 15:56:13,60.001,37.594,0.996,0.498,0,1785392,10790928,204560,3481296,60597.861,31128.990,1135.295,1290.651,136.435,35.851,5739,4295,1.530,2.020,1.690,4,0,228.055,0,0,14,24,0,7,0
28-07 15:56:14,83.346,15.768,1.001,0.501,0,1893184,10678856,205460,3484032,36674.058,17161.681,16.018,4140.749,1.001,263.302,5770,4222,1.530,2.020,1.690,8,0,15.017,0,0,14,26,0,8,0
28-07 15:56:15,61.938,24.629,6.340,2.438,0,1930212,10629756,211284,3489708,22271.209,12547.490,417.469,37049.429,8.779,2592.602,14025,20650,1.530,2.020,1.690,6,0,63.401,0,0,14,28,0,8,0
28-07 15:56:16,58.582,23.023,14.070,3.070,0,1946300,10601784,216904,3495504,30403.034,14931.377,0,45256.643,0,2871.261,14984,21552,1.530,2.020,1.690,7,1,67.535,0,0,14,30,0,8,0
28-07 15:56:17,53.771,24.912,13.813,3.453,0,1959436,10579132,221796,3499820,15725.873,7263.560,0,40199.196,0,2515.903,13294,18878,2.050,2.120,1.730,8,1,76.957,0,0,14,28,0,8,0
28-07 15:56:18,58.863,24.046,9.518,4.759,0,1970756,10559228,226072,3503824,15004.736,7524.410,0,29416.336,0,2135.089,11550,17346,2.050,2.120,1.730,3,1,69.132,0,0,14,28,0,8,0
28-07 15:56:19,61.245,22.590,8.785,4.016,0,1997940,10525964,230176,3505616,601.402,0,0,42594.131,0,2610.427,12800,18436,2.050,2.120,1.730,4,1,55.221,0,0,14,28,0,8,0
28-07 15:56:20,59.392,20.377,13.171,4.473,0,1990296,10525712,234640,3508860,15464.729,7639.922,0,26675.117,0,2300.127,13020,18320,2.050,2.120,1.730,5,1,65.604,0,0,14,32,0,8,0
28-07 15:56:21,55.878,24.163,13.844,3.524,0,2011676,10497516,238812,3511328,25870.035,442471.743,0,44078.231,0,2568.378,14103,20714,2.050,2.120,1.730,3,1,68.463,0,0,14,36,0,8,0
28-07 15:56:22,39.985,25.491,24.491,5.498,0,1940476,10559676,243472,3515464,49417.809,145466.453,0,37894.051,0,2572.053,14142,20230,2.130,2.140,1.730,5,0,106.961,0,0,14,36,0,8,0
28-07 15:56:23,61.021,14.432,18.484,4.051,0,1942552,10552664,247140,3516572,30152.017,14995.491,0,22378.790,0,1946.598,9678,14856,2.130,2.140,1.730,3,0,21.269,0,0,14,36,0,8,0
28-07 15:56:24,42.433,30.344,19.489,3.701,0,1874960,10615332,250856,3517652,29319.975,14719.196,0,26497.710,0,2018.018,12009,16979,2.130,2.140,1.730,4,0,113.483,0,0,14,36,0,8,0
28-07 15:56:25,40.303,30.040,22.530,3.254,0,1867248,10618772,254340,3518336,15235.096,7630.065,0,30267.925,0,2132.813,12888,18052,2.130,2.140,1.730,4,0,127.168,0,0,14,37,0,8,0
28-07 15:56:26,38.435,23.614,24.619,8.792,0,1855516,10623756,256976,3522340,15108.810,7331.330,3516.948,22464.256,44.213,1791.634,12515,17379,2.130,2.140,1.730,2,1,75.363,0,0,14,37,0,8,0
28-07 15:56:27,50.270,29.468,15.106,1.981,0,1829912,10647028,258380,3523160,15807.915,7226.928,0,18982.573,0,1490.752,12246,17878,2.520,2.220,1.760,7,0,81.224,0,0,14,37,0,8,0
28-07 15:56:28,50.593,32.810,12.022,2.755,0,1761744,10712476,260288,3523864,15003.597,7457.718,0,20345.423,0,1564.878,11196,16668,2.520,2.220,1.760,11,1,108.199,0,0,14,36,0,9,0
28-07 15:56:29,43.443,33.398,16.825,3.264,0,1799768,10671660,261636,3525200,1429.337,0,1068.738,20271.876,19.085,1756.789,11626,17012,2.520,2.220,1.760,4,0,108.481,0,0,14,36,0,9,0
28-07 15:56:30,46.785,27.521,19.014,4.003,0,1838776,10629608,263304,3526444,14987.225,7367.518,796.597,30034.495,13.010,2480.858,12802,17630,2.520,2.220,1.760,5,0,108.081,0,0,14,36,0,9,0
28-07 15:56:31,38.315,17.279,34.058,5.259,0,1836860,10627340,265820,3527980,539.920,0,0,26232.704,0,2163.687,12849,18678,2.520,2.220,1.760,2,0,43.073,0,0,14,37,0,9,0
28-07 15:56:32,41.158,12.971,34.922,5.737,0,1833792,10625352,268992,3529716,44456.177,22856.677,0,30719.022,0,2204.051,13195,18661,2.470,2.220,1.760,8,1,26.940,0,0,14,37,0,9,0
28-07 15:56:33,37.252,15.751,36.002,5.750,0,1829192,10623852,273356,3531280,30223.639,14806.803,0,35961.950,0,2497.135,14320,20812,2.470,2.220,1.760,2,1,26.001,0,0,14,36,0,9,0
28-07 15:56:34,28.950,23.210,38.433,5.490,0,1738576,10708492,277564,3532900,29660.579,14698.518,0,25651.529,0,2140.290,12390,17687,2.470,2.220,1.760,4,0,124.784,0,0,14,36,0,9,0
28-07 15:56:35,38.497,15.999,34.247,5.000,0,1769348,10671448,282164,3534408,15093.711,7295.377,0,30953.357,0,2430.792,12270,19473,2.470,2.220,1.760,5,0,44.996,0,0,14,36,0,9,0
28-07 15:56:36,37.871,16.693,34.134,6.478,0,1804840,10629140,287420,3535792,14925.102,7432.653,0,35411.239,0,2758.593,13259,20154,2.470,2.220,1.760,4,1,32.888,0,0,14,36,0,9,0
28-07 15:56:37,41.851,12.781,35.586,4.762,0,1806008,10623092,291228,3536744,15372.271,7313.733,0,27879.596,0,2099.089,11553,17220,2.440,2.210,1.760,4,0,18.044,0,0,14,37,0,9,0
28-07 15:56:38,46.644,21.089,23.570,3.970,0,1820896,10603716,294516,3537816,15269.509,7548.413,0,21281.642,0,1655.371,11946,27333,2.440,2.210,1.760,3,0,53.591,0,0,14,37,0,10,0
28-07 15:56:39,40.595,12.607,36.813,5.043,0,1822636,10596448,298344,3539360,483.107,0,0,28260.235,0,2000.002,11924,17138,2.440,2.210,1.760,2,0,11.094,0,0,14,37,0,10,0
28-07 15:56:40,40.052,13.603,40.808,3.275,0,1756060,10659952,300960,3539736,15210.801,7417.986,0,16802.817,0,1316.939,8762,11040,2.440,2.210,1.760,4,0,48.365,0,0,14,34,0,11,0
28-07 15:56:41,30.353,21.894,46.276,0,0,1675136,10740852,301000,3539736,596.111,0,0,1906.759,0,258.746,4665,2405,2.440,2.210,1.760,3,0,94.542,0,0,14,32,0,11,0
28-07 15:56:42,26.343,22.580,50.178,0.251,0,1696760,10719092,301100,3539768,46219.578,38183.136,0,1577.583,0,78.277,4500,2911,2.320,2.190,1.760,2,0,119.423,0,0,14,32,0,11,0
28-07 15:56:43,22.752,6.001,68.507,0,0,1692864,10722516,301420,3539916,44673.861,22170.412,0,6928.754,0,242.026,4406,4787,2.320,2.190,1.760,1,0,0,0,0,14,33,0,11,0
28-07 15:56:44,25.212,4.493,68.146,0,0,1690408,10724948,301420,3539940,40276.536,586636.764,0,0,0,0,4901,5197,2.320,2.190,1.760,1,0,0.998,0,0,14,33,0,11,0
28-07 15:56:45,21.040,8.015,70.385,0,0,1596604,10818732,301420,3539956,15813.351,7310.030,0,3719.138,0,19.037,3338,2857,2.320,2.190,1.760,1,0,24.046,0,0,14,32,0,11,0
28-07 15:56:46,16.457,11.220,71.063,0,0,1631108,10784212,301420,3539956,14936.592,7276.801,0,3.989,0,0.997,2305,1626,2.320,2.190,1.760,1,0,33.911,0,0,14,32,0,11,0
28-07 15:56:47,21.788,4.508,72.879,0,0,1664608,10750696,301432,3539956,15241.909,7507.254,0,244.432,0,4.007,1755,1176,2.220,2.170,1.760,2,0,0,0,0,14,32,0,11,0
28-07 15:56:48,23.017,6.255,70.802,0,0,1676892,10738360,301432,3540000,15046.947,7491.450,0,4.003,0,1.001,2826,2506,2.220,2.170,1.760,1,0,2.001,0,0,14,33,0,11,0
28-07 15:56:49,20.484,6.745,70.944,0,0,1598004,10817236,301432,3540012,15023.083,7518.036,0,0,0,0,3183,2701,2.220,2.170,1.760,1,0,33.973,0,0,14,32,0,11,0
28-07 15:56:50,19.271,7.758,71.827,0,0,1640300,10774900,301468,3540012,13570.565,5489.892,0,1793.925,0,107.115,2184,1787,2.220,2.170,1.760,2,0,0,0,0,14,32,0,11,0
28-07 15:56:51,22.474,4.994,71.917,0,0,1680308,10734872,301480,3540016,2016.683,1875.845,0,1466.316,0,204.765,2495,1708,2.220,2.170,1.760,1,0,1.998,0,0,14,32,0,11,0
28-07 15:56:52,22.972,4.245,71.663,0,0,1680268,10734872,301516,3540020,15077.654,7448.936,0,159.806,0,16.979,2362,2200,2.120,2.150,1.750,2,0,0,0,0,14,32,0,11,0
28-07 15:56:53,13.771,14.021,71.858,0,0,1652772,10762344,301536,3540024,599.903,148.223,0,324.488,0,18.027,2704,1916,2.120,2.150,1.750,1,0,60.090,0,0,14,32,0,11,0
28-07 15:56:54,21.261,5.253,72.539,0,0,1665092,10749996,301560,3540024,480.256,0,0,176.094,0,12.006,1777,1196,2.120,2.150,1.750,1,0,2.001,0,0,14,32,0,11,0
28-07 15:56:55,22.960,4.492,71.876,0,0,1675644,10739424,301568,3540036,15069.039,7768.616,0,35.938,0,4.991,2542,2451,2.120,2.150,1.750,2,0,0,0,0,14,33,0,11,0
28-07 15:56:56,22.456,5.489,70.862,0,0,1636064,10778992,301568,3540048,359.303,0,0,0,0,0,3316,3226,2.120,2.150,1.750,2,0,17.965,0,0,14,32,0,11,0
28-07 15:56:57,16.803,11.035,71.477,0,0,1670304,10744752,301568,3540048,15323.605,7644.247,0,4.013,0,1.003,2237,1607,2.030,2.130,1.750,1,0,28.089,0,0,14,32,0,11,0
28-07 15:56:58,22.465,4.743,72.636,0,0,1710060,10704992,301568,3540052,419.342,147.768,0,0,0,0,1963,1529,2.030,2.130,1.750,2,0,0,0,0,14,33,0,11,0
28-07 15:56:59,22.028,5.006,71.841,0,0,1706392,10708516,301568,3540196,701.884,0,0,0,0,0,2918,2808,2.030,2.130,1.750,2,0,0,0,0,14,33,0,11,0
28-07 15:57:00,19.759,8.004,70.782,0,0,1658484,10756332,301632,3540208,15042.705,7785.470,0,388.173,0,32.014,3358,3034,2.030,2.130,1.750,1,0,34.015,0,0,14,32,0,11,0
28-07 15:57:01,5.503,26.263,67.033,0,0,1656364,10758436,301632,3540224,479.233,0,0,28.014,0,2.001,4303,2506,2.030,2.130,1.750,2,0,164.080,0,0,14,32,0,11,0
28-07 15:57:02,5.238,25.440,66.593,0,0,1650864,10763820,301664,3540304,824.061,0,0,227.465,0,12.969,4432,2840,1.950,2.110,1.740,3,0,161.620,0,0,14,32,0,11,0
28-07 15:57:03,5.759,25.789,67.352,0,0,1647892,10766724,301700,3540336,762.157,148.225,0,416.633,0,23.035,4210,2572,1.950,2.110,1.740,1,0,154.234,0,0,14,32,0,11,0
28-07 15:57:04,7.222,29.635,61.013,0,0,1650380,10764224,301704,3540344,16770.813,70013.863,0,79.690,0,5.977,4495,2747,1.950,2.110,1.740,3,0,190.260,0,0,14,34,0,11,0
28-07 15:57:05,32.572,34.076,32.322,0,0,1647060,10767268,301828,3540488,48859.287,24454.198,0,701.555,0,47.104,5265,3284,1.950,2.110,1.740,4,0,167.371,0,0,14,34,0,16,0
28-07 15:57:06,61.095,14.463,23.191,0,0,1741916,10672268,301880,3540580,56739.600,32812.494,0,387.015,0,24.937,4081,2217,1.950,2.110,1.740,3,0,11.970,0,0,14,32,0,17,0
28-07 15:57:07,63.720,14.160,23.516,0.253,0,1858608,10553868,301964,3541980,45306.645,23693.570,0,1047.833,0,167.896,4118,1779,2.030,2.130,1.750,3,0,2.023,0,0,14,32,0,17,0
28-07 15:57:08,62.969,11.698,23.645,0.498,0,1946880,10462980,302424,3543912,29450.630,15648.198,11.947,7104.310,1.991,310.614,4310,2579,2.030,2.130,1.750,3,0,0,0,0,14,32,0,17,0
28-07 15:57:09,64.828,11.470,22.939,0.748,0,2036148,10370776,302520,3546492,30032.374,15235.605,793.895,1978.754,9.974,29.921,3857,1572,2.030,2.130,1.750,3,0,7.979,0,0,14,32,0,17,0
28-07 15:57:10,52.350,17.039,24.447,1.729,0,2050424,10345852,306868,3552340,30136.023,16052.791,0,26242.342,0,2141.426,12452,17207,2.030,2.130,1.750,7,0,88.897,0,0,14,38,0,17,0
28-07 15:57:11,37.977,24.396,29.677,2.767,0,2050716,10331768,313256,3559384,54498.477,463713.396,0,53398.910,0,3474.752,17461,25002,2.030,2.130,1.750,6,0,112.673,0,0,14,38,0,15,0
28-07 15:57:12,33.319,21.044,32.568,7.265,0,2051212,10319924,319096,3564584,18114.719,122923.954,0,65340.052,0,3831.979,17671,26203,2.190,2.160,1.760,4,0,95.198,0,0,14,38,0,15,0
28-07 15:57:13,36.643,17.317,32.627,7.780,0,2051016,10308584,325288,3569556,30296.959,15490.311,0,47886.443,0,3309.887,16428,24581,2.190,2.160,1.760,4,1,132.516,0,0,14,38,0,15,0
28-07 15:57:14,35.110,16.434,33.616,7.968,0,2051556,10296992,331664,3573920,43853.041,22028.115,0,48602.094,0,3325.731,16674,24362,2.190,2.160,1.760,2,1,80.678,0,0,14,38,0,15,0
28-07 15:57:15,48.698,23.596,20.082,5.522,0,1949272,10388024,337452,3578996,46098.483,23754.610,0,50770.484,0,3201.019,15947,23061,2.190,2.160,1.760,8,0,135.551,0,0,14,36,0,10,0
28-07 15:57:16,40.549,23.633,23.882,6.468,0,1946888,10379168,343180,3584188,59943.213,31860.256,0,47552.561,0,3120.550,16441,22791,2.190,2.160,1.760,3,1,119.409,0,0,14,36,0,10,0
28-07 15:57:17,52.180,17.310,20.571,5.770,0,1983588,10333316,347864,3588368,44949.643,22641.896,0,32712.543,0,2541.745,13551,18795,2.410,2.210,1.780,4,0,67.231,0,0,14,36,0,10,0
28-07 15:57:18,47.828,17.188,23.416,6.726,0,2026680,10277120,352936,3595976,29647.108,14848.464,0,46691.654,0,2929.438,14435,20191,2.410,2.210,1.780,4,0,1.993,0,0,14,36,0,10,0
28-07 15:57:19,44.570,19.781,24.789,7.261,0,2060764,10229744,358720,3603028,30249.504,14843.310,124.195,56556.818,2.003,3257.115,15949,22411,2.410,2.210,1.780,6,1,14.022,0,0,14,36,0,10,0
28-07 15:57:20,42.866,17.046,27.825,6.768,0,1949908,10333848,363964,3604352,30531.358,15453.686,0,45358.354,0,3125.431,14591,22057,2.410,2.210,1.780,3,0,44.119,0,0,14,36,0,10,0
28-07 15:57:21,31.618,25.394,31.369,5.726,0,1948696,10329248,367796,3606160,59630.540,30347.552,0,41379.585,0,2905.892,14519,21338,2.410,2.210,1.780,1,0,107.552,0,0,14,36,0,10,0
28-07 15:57:22,37.192,13.319,37.946,6.282,0,1946932,10325524,371392,3607920,30028.859,14667.641,0,45458.429,0,3007.510,13884,20094,2.380,2.200,1.780,2,0,57.295,0,0,14,36,0,10,0
28-07 15:57:23,33.760,17.005,48.264,0.250,0,1679104,10593276,371456,3607932,38847.426,450858.614,0,1388.408,0,72.021,3941,2301,2.380,2.200,1.780,1,0,102.030,0,0,14,32,0,10,0
28-07 15:57:24,7.503,25.009,65.524,0.250,0,1678884,10593188,371744,3607948,51290.837,166843.276,0,5389.980,0,271.100,4933,3482,2.380,2.200,1.780,1,0,150.055,0,0,14,32,0,10,0
28-07 15:57:25,21.260,5.502,72.032,0,0,1678556,10593512,371748,3607948,60932.459,31061.998,0,60.027,0,3.001,2009,1440,2.380,2.200,1.780,2,0,1.000,0,0,14,32,0,10,0
28-07 15:57:26,21.486,5.496,72.451,0,0,1722656,10549412,371748,3607948,31069.090,15303.700,0,0,0,0,1897,1385,2.380,2.200,1.780,1,0,0.999,0,0,14,32,0,10,0
28-07 15:57:27,23.118,4.020,72.871,0,0,1753400,10518668,371748,3607948,29983.727,14829.537,0,4.020,0,1.005,1874,1229,2.270,2.180,1.780,2,0,2.010,0,0,14,32,0,10,0
28-07 15:57:28,23.085,4.220,71.240,0,0,1781584,10490472,371756,3607952,15429.539,7391.087,0,262.123,0,40.709,2432,2044,2.270,2.180,1.780,2,0,1.986,0,0,14,38,0,9,0
28-07 15:57:29,25.803,2.004,72.398,0,0,1781560,10490472,371776,3607956,60169.014,32135.701,0,100.205,0,9.018,1957,1336,2.270,2.180,1.780,1,0,0,0,0,14,34,0,9,0
28-07 15:57:30,17.011,10.007,71.548,0.250,0,1726964,10545032,371808,3607956,45447.624,23691.965,0,276.186,0,22.015,2484,1945,2.270,2.180,1.780,2,0,29.020,0,0,14,32,0,9,0
28-07 15:57:31,21.729,4.995,72.680,0,0,1748256,10523728,371820,3607956,45260.263,23119.658,0,155.849,0,8.991,1829,1253,2.270,2.180,1.780,1,0,0.999,0,0,14,32,0,9,0
28-07 15:57:32,22.214,4.992,72.631,0,0,1748336,10523640,371828,3607956,29423.927,14568.198,0,31.948,0,3.993,1750,1214,2.170,2.160,1.770,2,0,0,0,0,14,32,0,9,0
28-07 15:57:33,21.774,5.256,72.331,0,0,1763680,10508296,371828,3607956,30354.095,14798.622,0,140.157,0,31.035,1888,1243,2.170,2.160,1.770,1,0,4.004,0,0,14,32,0,9,0
28-07 15:57:34,20.771,7.007,71.573,0,0,1670268,10601624,371900,3607964,45478.562,24100.675,0,664.681,0,44.045,2488,1930,2.170,2.160,1.770,1,0,21.022,0,0,14,32,0,9,0
28-07 15:57:35,9.231,38.423,49.401,0,0,1671160,10600684,371928,3607980,59108.068,574997.044,0,199.598,0,15.968,5569,3633,2.170,2.160,1.770,2,0,240.516,0,0,14,32,0,9,0
28-07 15:57:36,10.506,46.276,40.773,0,0,1672592,10599248,371932,3607980,61281.253,33576.768,0,348.195,0,13.007,5702,3509,2.170,2.160,1.770,3,0,291.163,0,0,14,32,0,9,0
28-07 15:57:37,11.266,46.314,41.308,0,0,1652908,10618904,371932,3608008,61598.754,37183.765,0,12.017,0,3.004,5603,3385,2.310,2.190,1.780,3,0,282.393,0,0,14,32,0,9,0
28-07 15:57:38,15.891,46.680,34.762,0,0,1673756,10598024,371932,3609624,45676.189,25888.703,0,19.864,0,3.973,5630,7015,2.310,2.190,1.780,10,0,293.987,0,0,14,32,0,9,0
28-07 15:57:39,17.837,50.748,29.393,0,0,1653088,10618672,371932,3608028,61185.521,36727.190,0,313.530,0,71.348,6121,10927,2.310,2.190,1.780,2,0,299.461,0,0,14,32,0,10,0
28-07 15:57:40,10.028,48.636,39.360,0,0,1643840,10627892,371932,3608036,60806.208,32508.999,0,28.079,0,7.020,5676,3518,2.310,2.190,1.780,4,0,318.893,0,0,14,32,0,7,0
28-07 15:57:41,8.974,48.612,39.637,0,0,1635212,10636512,371936,3608036,60917.444,32232.169,0,159.545,0,8.974,5741,3594,2.310,2.190,1.780,2,0,316.099,0,0,14,32,0,7,0
28-07 15:57:42,5.762,26.553,66.383,0,0,1621560,10650152,371936,3608044,46046.100,24092.188,0,3979.961,0,22.044,4398,2673,2.210,2.170,1.780,1,0,161.323,0,0,14,32,0,7,0
28-07 15:57:43,6.750,13.001,78.253,1.000,0,1620480,10651200,371944,3608068,72434.043,578262.297,64.003,0,8.000,0,2861,2104,2.210,2.170,1.780,1,0,52.002,0,0,14,12,0,7,20
28-07 15:57:44,3.974,14.158,77.747,1.242,0,1616204,10655008,372268,3608216,48408.699,23408.500,369.608,929.981,10.929,35.769,3063,2582,2.210,2.170,1.780,2,0,72.531,0,0,14,12,0,7,20
28-07 15:57:45,6.284,23.378,69.128,0,0,1614452,10656752,372268,3608224,57472.919,34430.058,0,647.537,0,127.697,4323,2757,2.210,2.170,1.780,3,0,140.769,0,0,14,12,0,7,20
28-07 15:57:46,6.738,24.706,66.881,0,0,1616180,10655004,372268,3608240,59875.073,31717.358,0,11.979,0,2.995,4261,2646,2.210,2.170,1.780,2,0,121.783,0,0,14,12,0,7,20
28-07 15:57:47,6.769,24.068,67.692,0,0,1619880,10651300,372268,3608244,66794.375,32245.422,0,152.432,0,7.020,4234,2618,2.110,2.150,1.770,1,0,125.355,0,0,14,12,0,7,20
28-07 15:57:48,11.206,26.148,60.266,0,0,1623512,10647632,372268,3608748,44975.410,23560.541,0,11.954,0,2.988,5214,4981,2.110,2.150,1.770,6,0,132.486,0,0,14,12,0,7,20
28-07 15:57:49,18.581,26.867,53.734,0,0,1624016,10647100,372268,3608748,44930.403,23156.709,0,32.140,0,4.017,4814,5377,2.110,2.150,1.770,1,0,78.341,0,0,14,12,0,7,20
28-07 15:57:50,19.582,16.067,63.516,0,0,1624368,10646676,372300,3608296,48173.951,22646.939,0,1333.591,0,235.989,3858,2422,2.110,2.150,1.770,3,0,37.156,0,0,14,12,0,7,20
28-07 15:57:51,26.647,26.149,45.076,0.249,0,1657816,10612408,372316,3609088,57458.751,33540.267,19.923,3.985,0.996,0.996,4893,2706,2.110,2.150,1.770,2,0,138.464,0,0,14,12,0,7,20
28-07 15:57:52,9.993,24.983,63.458,0.250,0,1676464,10593548,372316,3609296,72827.506,583781.277,151.899,547.635,1.999,88.941,4815,3208,2.020,2.130,1.770,1,0,135.910,0,0,16,12,0,7,20
28-07 15:57:53,7.238,24.209,66.638,0,0,1682864,10587144,372316,3609300,60251.433,31421.033,0,47.919,0,3.993,4182,2755,2.020,2.130,1.770,2,0,117.801,0,0,16,12,0,7,20
28-07 15:57:54,7.514,24.296,66.625,0,0,1682656,10587348,372316,3609304,45643.961,23380.032,0,20.038,0,5.009,4175,2673,2.020,2.130,1.770,1,0,120.226,0,0,16,12,0,7,20
28-07 15:57:55,13.998,26.247,57.993,0,0,1675228,10594776,372320,3609780,60003.662,31342.167,0,275.966,0,5.999,5141,5483,2.020,2.130,1.770,2,0,115.986,0,0,16,12,0,7,20
28-07 15:57:56,20.399,21.910,57.670,0,0,1680080,10589912,372320,3609780,45298.954,23398.433,0,817.958,0,6.044,4676,5304,2.020,2.130,1.770,1,0,66.484,0,0,16,12,0,7,20
28-07 15:57:57,20.612,21.109,55.877,0,0,1703080,10566836,372320,3609376,45367.933,23644.053,0,0,0,0,4048,2604,2.100,2.150,1.780,2,0,76.489,0,0,16,12,0,7,20
28-07 15:57:58,16.235,24.977,56.947,0.500,0,1723204,10546248,372320,3609800,60711.157,35167.073,3.996,0,0.999,0,4635,2969,2.100,2.150,1.780,1,0,139.869,0,0,18,12,0,7,20
28-07 15:57:59,6.949,23.079,66.756,0,0,1730968,10538476,372320,3609808,59844.327,32509.524,0,3.971,0,0.993,4301,2941,2.100,2.150,1.780,2,0,124.082,0,0,18,12,0,7,20
28-07 15:58:00,8.292,25.631,65.585,0,0,1730528,10538872,372328,3609812,53842.852,525160.789,0,225.149,0,8.041,4577,3058,2.100,2.150,1.780,6,0,120.616,0,0,18,12,0,7,20
28-07 15:58:01,7.771,24.816,65.674,0,0,1731444,10537948,372328,3609816,62570.657,93950.736,0,1736.598,0,323.857,5003,2966,2.100,2.150,1.780,2,0,124.329,0,0,18,12,0,7,20
28-07 15:58:02,16.322,22.504,58.362,0.495,0,1733800,10535556,372328,3609824,44074.075,22802.666,3.957,3.957,0.989,0.989,4537,5285,2.010,2.130,1.770,4,0,78.146,0,0,18,12,0,7,20
28-07 15:58:03,21.125,32.945,44.513,0.503,0,1728280,10540960,372344,3609864,60617.991,31276.711,44.261,346.044,7.042,3.018,5605,5715,2.010,2.130,1.770,7,0,175.034,0,0,18,12,0,7,20
28-07 15:58:04,30.666,21.114,47.507,0,0,1788444,10480700,372352,3609932,45930.617,25536.224,0,0,0,0,4556,2814,2.010,2.130,1.770,1,0,82.446,0,0,20,12,0,7,20
28-07 15:58:05,65.077,20.352,14.322,0,0,2003568,10265016,372412,3610396,44615.374,22553.423,0,0,0,0,4628,3284,2.010,2.130,1.770,14,0,15.076,0,0,20,12,0,6,20
28-07 15:58:06,83.935,16.237,0,0,0,2203132,10065432,372424,3610396,29449.316,15072.390,0,331.744,0,4.996,5077,3487,2.010,2.130,1.770,14,0,19.985,0,0,20,12,0,6,20
28-07 15:58:07,86.758,13.251,0.250,0,0,2346964,9920568,372728,3611076,16450.575,7536.721,0,7648.732,0,345.033,5973,5307,2.250,2.180,1.790,6,0,43.004,0,0,20,12,0,6,20
28-07 15:58:08,13.866,17.828,64.875,0,0,2360236,9907212,372744,3611080,60090.665,33225.671,0,376.371,0,13.866,4010,2892,2.250,2.180,1.790,3,0,97.064,0,0,20,12,0,6,20
28-07 15:58:09,6.777,22.841,68.773,0,0,2363748,9903684,372752,3611088,45793.106,25712.250,0,100.399,0,5.020,4414,3099,2.250,2.180,1.790,2,0,132.527,0,0,20,12,0,1,20
28-07 15:58:10,8.755,24.514,64.286,0,0,2358392,9909008,372752,3611096,72292.066,589396.659,0,12.007,0,3.002,4676,3146,2.250,2.180,1.790,1,0,115.064,0,0,20,12,0,1,20
28-07 15:58:11,7.502,24.507,66.020,0,0,2359144,9908252,372752,3611100,60593.065,32065.560,0,12.004,0,3.001,4503,3083,2.250,2.180,1.790,1,0,121.036,0,0,20,12,0,1,20
28-07 15:58:12,12.860,27.450,57.868,0,0,2360888,9906492,372756,3611588,45526.936,24124.607,3.957,35.611,0.989,4.946,5254,5765,2.310,2.190,1.800,5,0,156.294,0,0,20,12,0,1,20
28-07 15:58:13,20.495,24.494,53.237,0,0,2355800,9911348,372756,3611504,44357.756,22258.358,0,7.998,0,1.999,4769,5188,2.310,2.190,1.800,3,0,85.978,0,0,20,12,0,1,20
28-07 15:58:14,18.182,25.252,55.807,0,0,2332168,9935008,372776,3611116,46768.913,24187.473,0,202.017,0,5.050,4443,4101,2.310,2.190,1.800,3,0,89.897,0,0,20,12,0,1,20
28-07 15:58:15,26.037,23.283,49.070,0,0,2355776,9911284,372776,3611228,61115.180,34379.041,0,4.006,0,1.001,4710,3062,2.310,2.190,1.800,1,0,115.164,0,0,20,12,0,1,20
28-07 15:58:16,17.207,11.471,70.322,0,0,2363768,9902820,372776,3611640,44322.107,22479.250,0,2358.047,0,404.978,3483,2353,2.310,2.190,1.800,1,0,29.924,0,0,21,12,0,2,20
28-07 15:58:17,11.784,16.798,70.200,0,0,2380824,9885752,372776,3611652,46189.715,25300.146,0,124.355,0,6.017,3593,2834,2.210,2.170,1.790,1,0,69.197,0,0,21,12,0,2,20
28-07 15:58:18,22.733,5.496,70.698,0,0,2413836,9852740,372776,3611652,44159.483,22289.587,0,7.994,0,1.999,2434,2007,2.210,2.170,1.790,1,0,1.999,0,0,21,12,0,2,20
28-07 15:58:19,22.990,5.997,69.969,0,0,2434636,9831888,372820,3611656,29760.628,14651.417,0,391.824,0,24.989,3116,3200,2.210,2.170,1.790,1,0,0,0,0,21,12,0,2,10
28-07 15:58:20,21.503,6.751,69.760,0,0,2434272,9832224,372832,3611672,14978.091,7297.019,0,460.064,0,10.001,3334,3533,2.210,2.170,1.790,3,0,0,0,0,21,17,0,3,2
28-07 15:58:21,22.495,9.748,65.736,0,0,2402200,9864100,372888,3611808,27503.070,450076.955,0,355.923,0,33.993,4049,3706,2.210,2.170,1.790,4,0,32.993,0,0,21,14,0,8,0
28-07 15:58:22,7.010,25.787,65.093,0,0,2388380,9877908,372888,3611820,64405.466,166733.377,0,4.006,0,1.001,4855,3343,2.110,2.150,1.790,1,0,158.227,0,0,21,14,0,8,0
28-07 15:58:23,6.998,25.991,65.479,0,0,2381048,9885240,372888,3611820,61282.943,32011.523,0,7.997,0,1.999,4743,3404,2.110,2.150,1.790,1,0,149.951,0,0,21,14,0,8,0
28-07 15:58:24,6.999,22.747,68.241,0,0,2375208,9891068,372888,3611828,46285.683,25580.509,0,3.999,0,1.000,4477,3237,2.110,2.150,1.790,1,0,134.982,0,0,21,14,0,8,0
28-07 15:58:25,7.504,24.011,67.031,0,0,2373552,9892700,372888,3611852,61473.796,34111.979,0,12.006,0,3.001,4726,3470,2.110,2.150,1.790,1,0,132.062,0,0,21,14,0,8,0
28-07 15:58:26,7.717,24.645,65.471,0,0,2371884,9894352,372896,3611856,60524.178,31067.658,0,159.321,0,5.975,4500,3304,2.110,2.150,1.790,2,0,118.495,0,0,21,14,0,8,0
28-07 15:58:27,7.782,24.852,65.269,0,0,2372528,9893704,372896,3611860,61966.438,31879.413,0,16.066,0,4.017,4536,3336,2.100,2.150,1.790,1,0,124.513,0,0,21,14,0,8,0
28-07 15:58:28,7.969,24.155,65.492,0,0,2364092,9902008,372896,3611992,44907.255,23427.794,0,565.773,0,83.671,4546,3220,2.100,2.150,1.790,2,0,120.526,0,0,21,14,0,8,0
28-07 15:58:29,13.311,27.627,57.013,0,0,2359372,9906724,372896,3612464,69620.058,470103.918,0,8.037,0,2.009,5916,6267,2.100,2.150,1.790,1,0,129.598,0,0,21,14,0,8,0
28-07 15:58:30,20.442,22.686,55.094,0,0,2351172,9914844,372908,3612476,48884.858,144124.722,0,147.583,0,6.980,5169,5725,2.100,2.150,1.790,2,0,69.803,0,0,21,14,0,8,0
28-07 15:58:31,26.485,19.239,52.220,0,0,2371572,9894408,372916,3612476,45296.696,23280.481,0,2510.542,0,362.789,4576,3141,2.100,2.150,1.790,6,0,45.973,0,0,21,14,0,8,0
28-07 15:58:32,46.851,24.553,28.562,0,0,2445048,9820824,372920,3612576,60931.270,33468.103,0,0,0,0,4977,2990,2.090,2.150,1.790,4,0,85.184,0,0,21,15,0,8,0
28-07 15:58:33,42.763,10.003,46.014,0,0,2520648,9745224,372920,3612576,44803.021,22403.011,0,4.001,0,1.000,3394,2136,2.090,2.150,1.790,2,0,2.001,0,0,21,15,0,8,0
28-07 15:58:34,49.474,5.997,43.477,0,0,2556160,9709692,372920,3612596,30320.301,14584.448,0,0,0,0,3782,2548,2.090,2.150,1.790,4,0,5.997,0,0,21,23,0,8,0
28-07 15:58:35,49.736,6.998,42.488,0.250,0,2568644,9696616,372988,3613032,15090.872,7425.968,87.976,423.884,1.000,18.995,4186,3357,2.090,2.150,1.790,2,0,11.997,0,0,21,31,0,8,0
28-07 15:58:36,49.415,11.730,38.185,0,0,2601096,9660844,373032,3616016,14950.389,7349.410,0,1924.703,0,13.976,5204,6098,2.090,2.150,1.790,4,0,6.988,0,0,21,30,0,8,0
28-07 15:58:37,12.521,24.791,60.100,0,0,2610636,9650312,373048,3616948,61439.121,33127.062,0,220.366,0,14.023,5560,5529,2.170,2.160,1.800,2,0,133.221,0,0,21,30,0,8,0
28-07 15:58:38,17.238,28.731,51.715,1.249,0,2685916,9574968,373076,3616976,60890.874,33137.619,19.987,1075.274,4.997,10.993,4807,3377,2.170,2.160,1.800,1,0,125.915,0,0,21,30,0,8,0
28-07 15:58:39,21.529,35.799,41.056,0,0,2684084,9576748,373076,3617456,60249.291,31246.678,0,0,0,0,6202,19211,2.170,2.160,1.800,1,0,188.257,0,0,21,30,0,9,0
28-07 15:58:40,19.231,21.728,56.694,0,0,2649008,9611760,373076,3617460,52226.242,593108.205,0,0,0,0,5128,5931,2.170,2.160,1.800,2,0,69.931,0,0,21,30,0,9,0
28-07 15:58:41,15.735,10.990,67.436,4.246,0,2645048,9611832,373096,3620832,45218.015,23165.978,3712.471,0,67.935,0,3628,3147,2.170,2.160,1.800,1,0,42.959,0,0,21,30,0,8,0
28-07 15:58:42,18.778,19.529,58.837,1.252,0,2639664,9612524,373096,3625940,45206.689,22777.602,4654.867,12.018,47.069,3.004,5052,5870,2.070,2.140,1.790,2,0,84.124,0,0,22,30,0,8,0
28-07 15:58:43,18.998,22.748,57.245,0,0,2644940,9607216,373104,3625944,44731.437,22714.190,0,175.986,0,3.000,5024,5832,2.070,2.140,1.790,1,0,68.995,0,0,22,30,0,8,0
28-07 15:58:44,20.081,21.061,53.631,2.694,0,2705020,9544768,373124,3627732,44097.982,23002.106,2182.467,86.202,46.039,5.877,4407,3586,2.070,2.140,1.790,6,0,80.324,0,0,22,32,0,8,0
28-07 15:58:45,23.983,23.473,51.028,0,0,2704976,9544644,373148,3627868,62353.637,32817.381,0,257.183,0,25.514,4932,4012,2.070,2.140,1.790,3,0,107.160,0,0,22,46,0,8,0
28-07 15:58:46,8.239,22.469,66.909,0,0,2706556,9543048,373148,3627880,60819.842,33318.444,0,0,0,0,4599,3502,2.070,2.140,1.790,3,0,123.831,0,0,22,46,0,8,0
28-07 15:58:47,18.017,23.522,56.804,0,0,2704200,9545388,373152,3628372,45306.094,23868.703,4.004,16.015,1.001,4.004,5189,6120,1.990,2.120,1.790,1,0,90.086,0,0,22,46,0,8,0
28-07 15:58:48,19.879,24.849,53.426,0,0,2689232,9560212,373152,3628408,58808.932,29027.753,0,91.445,0,3.976,5456,6387,1.990,2.120,1.790,4,0,70.572,0,0,22,46,0,8,0
28-07 15:58:49,10.578,21.659,63.214,3.022,0,2679956,9567820,373196,3629444,56658.457,473721.635,1470.785,1140.362,32.236,13.096,4244,3932,1.990,2.120,1.790,0,0,123.909,0,0,22,46,0,8,0
28-07 15:58:50,4.748,13.745,79.972,0,0,2680428,9567348,373196,3629444,49464.743,154084.244,0,11.996,0,1.999,3270,2831,1.990,2.120,1.790,1,0,78.972,0,0,22,46,0,8,0
28-07 15:58:51,12.423,23.355,60.128,1.491,0,2684292,9561756,373200,3631644,60381.127,32025.700,1713.391,7.951,19.877,1.988,5692,6208,1.990,2.120,1.790,5,0,118.268,0,0,24,46,0,9,0
28-07 15:58:52,20.892,27.940,50.090,0,0,2687780,9558208,373200,3631640,44987.581,23634.539,0,5275.836,0,413.811,5968,6274,2.550,2.240,1.830,1,0,87.595,0,0,24,46,0,9,0
28-07 15:58:53,14.826,17.792,64.000,0.741,0,2682452,9561844,373204,3632864,44398.056,23611.486,1854.285,51.398,23.722,3.954,3830,3152,2.550,2.240,1.830,4,0,59.305,0,0,24,48,0,9,0
28-07 15:58:54,7.333,29.330,61.947,0,0,2675436,9568628,373208,3633060,63046.621,33230.020,0,226.550,0,11.125,4985,3473,2.550,2.240,1.830,1,0,153.730,0,0,24,48,0,9,0
28-07 15:58:55,7.750,22.499,67.747,0,0,2681800,9562248,373208,3633072,45549.260,25435.028,0,4.000,0,1.000,4564,3609,2.550,2.240,1.830,1,0,134.995,0,0,24,48,0,9,0
28-07 15:58:56,7.221,23.654,66.480,0,0,2686344,9557688,373208,3633084,60402.951,33561.843,0,7.968,0,1.992,4539,3383,2.550,2.240,1.830,3,0,122.503,0,0,24,48,0,9,0
28-07 15:58:57,8.782,25.343,64.738,0,0,2688604,9555420,373208,3633088,60837.281,31296.864,0,2589.504,0,298.094,5030,3337,2.420,2.210,1.820,1,0,121.446,0,0,24,48,0,9,0
28-07 15:58:58,8.473,24.921,64.297,0,0,2693388,9550504,373208,3633220,58632.489,588549.852,0,15.950,0,3.987,4834,3422,2.420,2.210,1.820,2,0,121.615,0,0,24,48,0,9,0
28-07 15:58:59,18.264,22.767,57.294,0,0,2687176,9556696,373216,3633708,59728.901,30631.540,0,200.154,0,5.004,5153,6279,2.420,2.210,1.820,1,0,78.060,0,0,24,48,0,9,0
28-07 15:59:00,18.291,24.054,56.125,0,0,2677476,9566384,373216,3633716,45326.109,22975.251,0,4.009,0,1.002,5122,5959,2.420,2.210,1.820,2,0,73.163,0,0,24,48,0,9,0
28-07 15:59:01,21.700,27.437,48.887,0,0,2715764,9528088,373224,3633228,45832.205,24080.415,0,0,0,0,5156,3682,2.420,2.210,1.820,3,0,101.765,0,0,24,48,0,9,0
28-07 15:59:02,27.966,29.714,41.699,0,0,2768652,9475176,373224,3633252,60748.108,33283.515,0,79.903,0,4.994,5282,3398,2.470,2.230,1.830,3,0,149.818,0,0,24,48,0,9,0
28-07 15:59:03,27.100,28.355,42.909,0,0,2811512,9432180,373248,3633332,61368.765,33003.953,0,542.003,0,71.263,5241,3335,2.470,2.230,1.830,4,0,123.456,0,0,24,48,0,9,0
28-07 15:59:04,28.754,29.254,40.256,0.250,0,2844460,9397656,373300,3634804,60705.143,32064.829,12.002,648.098,2.000,7.001,5963,5251,2.470,2.230,1.830,2,0,143.022,0,0,24,50,0,10,0
28-07 15:59:05,25.108,28.340,42.262,0.994,0,2865280,9376768,373316,3634820,45474.434,25074.530,7.955,0,1.989,0,5216,3489,2.470,2.230,1.830,3,0,154.130,0,0,24,52,0,11,0
28-07 15:59:06,25.469,34.707,39.202,0,0,2934608,9307304,373316,3634956,69616.555,462416.447,0,7.990,0,1.998,5641,3655,2.470,2.230,1.830,2,0,157.806,0,0,24,52,0,11,0
28-07 15:59:07,26.821,28.325,42.864,0,0,2974640,9267260,373316,3634964,64475.480,152509.617,0,609.621,0,6.016,5298,3570,2.590,2.260,1.840,4,0,125.333,0,0,24,52,0,11,0
28-07 15:59:08,39.692,29.207,29.706,0,0,3017096,9224776,373320,3634980,45780.583,27557.419,3.994,11.982,0.999,2.996,5275,3492,2.590,2.260,1.840,4,0,135.800,0,0,24,52,0,11,0
28-07 15:59:09,16.062,26.100,55.713,0,0,3024552,9217088,373328,3635196,60726.611,31091.093,0,232.892,0,7.027,4887,3513,2.590,2.260,1.840,2,0,122.469,0,0,24,52,0,11,0
28-07 15:59:10,8.078,24.487,67.149,0,0,3015496,9226120,373328,3635212,45524.047,23565.793,0,12.117,0,3.029,4440,3339,2.590,2.260,1.840,2,0,119.152,0,0,24,52,0,11,0
28-07 15:59:11,7.933,23.550,65.444,0,0,3004120,9237492,373328,3635216,60286.912,31254.518,0,11.899,0,2.975,4483,3274,2.590,2.260,1.840,1,0,113.040,0,0,24,52,0,11,0
28-07 15:59:12,14.182,27.617,55.235,0,0,2995000,9246576,373328,3635712,59414.894,31263.978,0,15.924,0,3.981,5875,6546,2.460,2.240,1.840,1,0,125.398,0,0,24,52,0,11,0
28-07 15:59:13,20.851,23.614,54.764,0,0,2984496,9257084,373328,3635704,44831.169,23087.324,0,0,0,0,5082,5759,2.460,2.240,1.840,1,0,72.349,0,0,24,52,0,11,0
28-07 15:59:14,27.356,18.901,52.474,0,0,2984704,9256836,373344,3635684,45317.776,23721.303,0,875.398,0,23.874,4374,3516,2.460,2.240,1.840,5,0,42.775,0,0,24,52,0,11,0
28-07 15:59:15,47.766,32.511,18.756,0,0,3016376,9225132,373352,3635708,76305.206,604185.579,0,4.001,0,1.000,6161,3894,2.460,2.240,1.840,4,0,132.044,0,0,24,52,0,11,0
28-07 15:59:16,49.312,31.806,16.520,0,0,3098948,9142524,373352,3635716,44866.353,26687.847,0,0,0,0,5410,3144,2.460,2.240,1.840,4,0,124.267,0,0,24,52,0,11,0
28-07 15:59:17,53.137,29.099,17.459,0,0,3140188,9100800,373360,3636176,61018.444,31444.939,0,4765.121,0,378.538,5902,3639,2.510,2.250,1.840,3,0,95.140,0,0,24,52,0,11,0
28-07 15:59:18,51.451,28.087,19.139,0,0,3171976,9068588,373380,3636516,59957.912,32002.210,0,11.931,0,2.983,5442,3438,2.510,2.250,1.840,3,0,119.307,0,0,24,52,0,10,0
28-07 15:59:19,49.883,31.398,19.244,0,0,3223436,9015444,373460,3638268,45844.433,23903.158,0,1434.189,0,43.552,5511,3589,2.510,2.250,1.840,3,0,97.233,0,0,24,52,0,10,0
28-07 15:59:20,34.525,24.017,18.764,22.016,0,3243532,8993380,374508,3638464,44642.472,22486.356,972.708,556.405,121.088,17.012,5731,6319,2.510,2.250,1.840,3,2,73.053,0,0,24,52,0,10,0
28-07 15:59:21,56.478,23.471,14.670,2.445,0,3262308,8974496,374560,3638468,43749.498,22861.032,54.766,7.824,13.692,1.956,6061,6386,2.510,2.250,1.840,7,0,77.260,0,0,24,56,0,11,0
28-07 15:59:22,55.647,37.606,6.861,0.254,0,3400040,8835196,375268,3639268,62099.411,34703.628,0,8765.349,0,951.341,8458,8575,2.630,2.280,1.850,3,0,184.983,0,0,24,56,0,5,0
28-07 15:59:23,46.186,29.709,19.223,1.498,0,3442404,8780008,377720,3649316,60670.856,33863.036,0,16900.561,0,1107.464,10158,13068,2.630,2.280,1.850,5,0,98.863,0,0,24,56,0,5,0
28-07 15:59:24,51.681,28.600,16.307,1.254,0,3437000,8781696,380132,3650508,56502.266,576256.078,0,7771.269,0,1064.736,10262,13135,2.630,2.280,1.850,4,0,90.317,0,0,24,56,0,5,0
28-07 15:59:25,46.154,30.025,19.107,1.241,0,3465284,8747976,382204,3653736,60178.418,30999.890,0,9727.168,0,1063.041,10553,12881,2.630,2.280,1.850,4,0,98.264,0,0,24,56,0,5,0
28-07 15:59:26,49.296,30.684,16.600,1.006,0,3493408,8715468,383964,3656244,45751.606,23352.162,0,9565.413,0,998.996,9548,12249,2.630,2.280,1.850,9,0,101.610,0,0,24,58,0,5,0
28-07 15:59:27,63.417,27.745,5.945,1.734,0,3554868,8650236,384396,3659344,59613.404,31054.738,527.158,2489.135,7.927,193.225,6949,9316,2.740,2.310,1.870,5,0,92.153,0,0,24,62,0,7,0
28-07 15:59:28,61.813,29.004,4.042,0,0,3555068,8647040,384444,3662684,42485.329,22545.487,0,772.184,0,28.529,8066,12672,2.740,2.310,1.870,4,0,88.440,0,0,24,69,0,14,0
28-07 15:59:29,41.327,34.928,29.062,0,0,3586088,8615596,384540,3662436,48714.652,26472.734,4.266,1190.217,1.067,59.724,6893,7884,2.740,2.310,1.870,3,0,118.382,0,0,24,78,0,21,0
28-07 15:59:30,26.047,28.301,43.829,0.250,0,3636240,8565372,384596,3662444,60980.543,34576.679,0,617.119,0,30.054,5323,3603,2.740,2.310,1.870,3,0,131.238,0,0,24,78,0,21,0
28-07 15:59:31,28.028,29.530,41.042,0,0,3668592,8532684,384904,3662452,60816.526,32955.340,0,8036.130,0,274.277,5722,4346,2.740,2.310,1.870,2,0,125.127,0,0,24,78,0,21,0
28-07 15:59:32,26.974,30.191,40.089,0,0,3695064,8506056,384912,3662600,55142.296,449457.176,0,87.108,0,5.939,5374,3657,2.740,2.310,1.870,2,0,117.794,0,0,24,78,0,21,0
28-07 15:59:33,30.697,26.420,41.768,0,0,3737000,8464076,384912,3662628,63001.503,151075.989,0,28.181,0,7.045,5242,3549,2.680,2.300,1.870,4,0,124.801,0,0,24,80,0,21,0
28-07 15:59:34,36.953,30.668,31.423,0,0,3729588,8469644,384912,3664948,58070.893,28271.250,0,8.044,0,2.011,7625,10057,2.680,2.300,1.870,2,0,98.541,0,0,24,78,0,23,0
28-07 15:59:35,18.465,23.206,56.393,0,0,3727864,8471292,384916,3664948,46768.137,24363.707,0,0,0,0,4823,5573,2.680,2.300,1.870,4,0,74.858,0,0,24,78,0,23,0
28-07 15:59:36,20.927,28.152,50.075,0,0,3756176,8442892,384916,3664456,45447.490,24663.978,0,3.986,0,0.997,5044,3519,2.680,2.300,1.870,3,0,99.652,0,0,24,78,0,23,0
28-07 15:59:37,25.024,28.778,44.042,0,0,3796376,8402676,384920,3664468,60933.424,33940.543,0,104.100,0,4.004,5181,3410,2.680,2.300,1.870,3,0,124.119,0,0,24,78,0,23,0
28-07 15:59:38,42.009,30.756,25.755,0,0,3871956,8327076,384948,3664456,47477.767,29394.047,0,220.045,0,15.003,5935,4445,2.620,2.300,1.870,11,0,119.024,0,0,24,83,0,23,0
28-07 15:59:39,53.783,32.172,11.788,0,0,3895568,8303204,385028,3664844,60304.061,33869.216,0,2137.578,0,244.603,7099,6270,2.620,2.300,1.870,5,0,153.245,0,0,24,86,0,23,0
28-07 15:59:40,57.339,33.169,11.056,0,0,3894340,8304368,385064,3664692,63899.968,33801.807,0,333.236,0,20.570,6235,15773,2.620,2.300,1.870,4,0,142.962,0,0,24,90,0,24,0
28-07 15:59:41,29.787,27.305,40.709,0,0,3924612,8274068,385088,3664696,59525.816,588581.846,0,206.525,0,12.908,5612,3965,2.620,2.300,1.870,6,0,128.085,0,0,24,90,0,24,0
28-07 15:59:42,31.256,31.256,35.257,0,0,3924144,8273052,385128,3666144,61281.173,31658.289,0,312.062,0,23.005,7255,8127,2.620,2.300,1.870,3,0,126.025,0,0,24,92,0,27,0
28-07 15:59:43,10.995,25.738,61.222,0,0,3920824,8276116,385152,3666760,60439.474,30302.199,0,4825.802,0,682.689,5948,3564,2.570,2.290,1.870,2,0,102.953,0,0,24,92,0,26,0
28-07 15:59:44,21.563,24.290,51.058,0.248,0,3933788,8263076,385236,3666364,43953.505,24460.253,0,360.876,0,36.682,5479,6988,2.570,2.290,1.870,2,0,74.356,0,0,24,94,0,26,0
28-07 15:59:45,19.761,24.067,56.242,0,0,3926112,8270720,385240,3666372,45995.612,23508.035,0,154.031,0,8.107,4703,6007,2.570,2.290,1.870,5,0,74.989,0,0,24,94,0,26,0
28-07 15:59:46,40.358,25.660,32.386,0,0,3998608,8198172,385256,3666848,46180.638,25067.866,0,263.075,0,10.961,5333,3476,2.570,2.290,1.870,3,0,98.653,0,0,24,94,0,26,0
28-07 15:59:47,41.466,17.486,39.967,0,0,4069388,8127360,385268,3666864,60177.212,32013.513,0,63.947,0,2.998,3936,2640,2.570,2.290,1.870,2,0,27.977,0,0,24,95,0,26,0
28-07 15:59:48,35.091,14.932,47.535,0,0,4090012,8105724,385480,3667600,30796.584,16196.678,0,10866.806,0,433.040,5347,4608,2.530,2.290,1.870,1,0,59.730,0,0,24,98,0,26,0
28-07 15:59:49,7.791,24.128,66.855,0,0,4094768,8100940,385504,3667604,61184.068,33389.396,0,108.577,0,9.048,4675,3579,2.530,2.290,1.870,1,0,135.721,0,0,24,98,0,26,0
28-07 15:59:50,8.245,22.486,66.710,0,0,4098696,8096972,385536,3667612,74041.247,597506.848,0,459.722,0,29.982,4984,3885,2.530,2.290,1.870,1,0,121.926,0,0,24,98,0,26,0
28-07 15:59:51,20.888,24.120,52.468,0,0,4106484,8089164,385544,3667628,46958.730,25442.320,0,2689.551,0,11.936,5105,3685,2.530,2.290,1.870,3,0,131.295,0,0,24,102,0,27,0
28-07 15:59:52,18.586,25.367,55.005,0,0,4116276,8079344,385552,3667640,61954.716,34164.106,0,112.521,0,3.014,4962,3453,2.530,2.290,1.870,3,0,131.609,0,0,24,104,0,27,0
28-07 15:59:53,22.523,29.280,46.799,0.250,0,4202408,7993164,385584,3667656,61264.803,33675.070,0,228.238,0,17.018,5454,4198,2.400,2.270,1.870,1,0,125.130,0,0,24,106,0,27,0
28-07 15:59:54,7.751,22.752,67.757,0,0,4208664,7986872,385608,3667668,60969.185,33673.416,0,152.015,0,14.001,4661,3556,2.400,2.270,1.870,3,0,130.013,0,0,24,106,0,27,0
28-07 15:59:55,6.992,22.973,67.421,0.250,0,4213180,7982352,385612,3667668,45883.055,24545.142,0,79.906,0,3.995,4570,3502,2.400,2.270,1.870,1,0,125.852,0,0,24,106,0,26,0
28-07 15:59:56,16.453,13.711,68.804,0,0,4240640,7954884,385612,3667676,61772.006,31669.770,0,3.989,0,0.997,3198,2772,2.400,2.270,1.870,3,0,45.869,0,0,24,106,0,26,0
28-07 15:59:57,22.838,5.521,70.771,0,0,4288500,7907004,385632,3667676,30006.038,15142.052,0,136.523,0,13.050,2509,2338,2.400,2.270,1.870,2,0,2.008,0,0,24,106,0,26,0
28-07 15:59:58,30.190,9.980,57.387,0,0,4322460,7872984,385672,3667692,29413.927,15100.187,0,622.770,0,45.909,3899,3804,2.290,2.240,1.860,3,0,2.994,0,0,24,112,0,27,0
28-07 15:59:59,24.291,7.012,67.866,0,0,4324156,7871220,385728,3667704,15000.532,7308.439,0,288.491,0,31.053,4131,4711,2.290,2.240,1.860,1,0,0,0,0,24,110,0,27,0
28-07 16:00:00,16.728,14.481,67.661,0,0,4254472,7940880,385740,3667716,40803.067,461533.955,0,123.836,0,7.989,3767,3128,2.290,2.240,1.860,1,0,65.913,0,0,24,110,0,27,0
28-07 16:00:01,22.544,5.511,70.387,0,0,4286168,7909156,385764,3667716,46556.304,143223.808,0,208.404,0,17.033,2657,2539,2.290,2.240,1.860,2,0,0,0,0,24,110,0,27,0
28-07 16:00:02,23.988,5.497,69.964,0,0,4310304,7884964,385808,3667724,15831.797,7490.119,0,299.845,0,23.988,3037,3215,2.290,2.240,1.860,1,0,0,0,0,24,110,0,27,0
28-07 16:00:03,40.413,12.473,44.654,0,0,4307548,7887264,385888,3668092,30974.358,16321.883,0,451.030,0,47.897,6973,7687,2.350,2.260,1.870,1,0,9.979,0,0,24,114,0,28,0
28-07 16:00:04,22.692,7.231,68.574,0,0,4311316,7883008,386044,3668356,14997.580,7277.357,0,766.038,0,85.780,3655,4434,2.350,2.260,1.870,3,0,1.995,0,0,24,113,0,28,0
28-07 16:00:05,28.294,9.765,59.594,0.250,0,4311608,7882260,386396,3668444,15178.837,7307.476,0,1610.529,0,193.304,5518,7404,2.350,2.260,1.870,2,0,3.005,0,0,24,116,0,28,0
28-07 16:00:06,26.222,8.491,63.931,0,0,4314268,7879420,386532,3668488,179.807,0,0,1138.779,0,93.899,4430,5473,2.350,2.260,1.870,6,0,3.996,0,0,24,118,0,29,0
28-07 16:00:07,29.104,4.516,64.731,0,0,4318276,7875212,386696,3668520,15213.230,7322.101,0,1031.678,0,107.383,4473,5366,2.350,2.260,1.870,1,0,2.007,0,0,24,117,0,27,0
28-07 16:00:08,9.494,20.488,67.709,0,0,4269892,7923556,386732,3668520,22608.218,11686.876,0,487.703,0,25.984,4066,3182,2.320,2.250,1.870,1,0,110.932,0,0,24,117,0,27,0
28-07 16:00:09,25.978,10.088,64.061,0,0,4303272,7890040,386860,3668520,38086.731,20301.893,0,2397.003,0,120.052,3065,2723,2.320,2.250,1.870,2,0,2.018,0,0,24,117,0,27,0
28-07 16:00:10,22.827,4.962,69.722,0,0,4326836,7866452,386876,3668524,29734.951,14482.390,0,138.948,0,13.895,3138,3166,2.320,2.250,1.870,1,0,0,0,0,24,117,0,27,0
28-07 16:00:11,22.497,6.749,69.241,0,0,4323888,7869392,386876,3668532,15543.922,7295.025,0,0,0,0,3368,3585,2.320,2.250,1.870,1,0,0,0,0,24,118,0,27,0
28-07 16:00:12,23.221,6.742,68.914,0.250,0,4321912,7871260,386972,3668544,29679.082,14573.872,0,595.260,0,69.913,3788,4427,2.320,2.250,1.870,1,0,0,0,0,24,118,0,27,0
28-07 16:00:13,22.713,9.734,65.894,0,0,4323344,7869748,387032,3668560,781.739,147.762,0,487.214,0,44.928,3672,4003,2.290,2.250,1.870,3,0,2.995,0,0,24,120,0,27,0
28-07 16:00:14,39.138,10.788,48.170,0,0,4361504,7831196,387256,3668724,16859.363,9004.706,0,3018.629,0,230.813,4991,5286,2.290,2.250,1.870,4,0,4.014,0,0,24,119,0,27,0
28-07 16:00:15,29.922,25.433,43.137,0,0,4327376,7865276,387280,3668732,45447.889,23913.327,0,921.585,0,113.702,4858,3277,2.290,2.250,1.870,2,0,94.752,0,0,24,119,0,27,0
28-07 16:00:16,44.327,14.444,39.596,0,0,4395584,7796988,387356,3668736,29540.998,14732.647,0,1896.617,0,92.639,3905,2692,2.290,2.250,1.870,2,0,8.965,0,0,24,119,0,27,0
28-07 16:00:17,33.748,8.815,57.422,0,0,4435196,7757316,387392,3668752,31240.695,14700.081,0,834.133,0,39.289,3645,3389,2.290,2.250,1.870,1,0,0,0,0,24,119,0,27,0
28-07 16:00:18,22.966,5.492,70.147,0,0,4435192,7757316,387392,3668756,30523.329,14880.223,0,7.988,0,1.997,2982,3007,2.270,2.240,1.870,1,0,0,0,0,24,121,0,27,0
28-07 16:00:19,17.917,12.193,67.437,0,0,4357960,7834532,387392,3668768,15901.173,11614.077,0,3432.065,0,484.749,3918,2872,2.270,2.240,1.870,1,0,56.737,0,0,24,119,0,27,0
28-07 16:00:20,22.091,8.284,69.538,0,0,4398248,7794240,387392,3668768,55427.325,592091.724,0,160.665,0,6.025,2993,2739,2.270,2.240,1.870,1,0,1.004,0,0,24,119,0,27,0
28-07 16:00:21,23.486,5.747,69.708,0,0,4435536,7756944,387392,3668776,29996.738,14649.082,0,7.995,0,1.999,2712,2493,2.270,2.240,1.870,1,0,0,0,0,24,120,0,28,0
28-07 16:00:22,23.275,6.006,69.824,0,0,4435532,7756944,387392,3668780,15738.713,7531.998,0,140.149,0,2.002,3281,3325,2.270,2.240,1.870,1,0,2.002,0,0,24,121,0,28,0
28-07 16:00:23,19.257,10.004,69.275,0,0,4423120,7769340,387392,3668796,15648.567,7446.649,0,0,0,0,3374,2900,2.250,2.240,1.870,1,0,48.017,0,0,24,119,0,28,0
28-07 16:00:24,19.975,8.739,69.914,0,0,4437464,7754932,387448,3668804,45157.275,26553.233,0,311.615,0,27.965,2654,2454,2.250,2.240,1.870,1,0,2.996,0,0,24,119,0,27,0
28-07 16:00:25,26.379,6.221,66.444,0,0,4437884,7754468,387448,3668816,38749.744,20172.204,0,3.982,0,0.995,2895,2683,2.250,2.240,1.870,3,0,1.991,0,0,24,120,0,27,0
28-07 16:00:26,22.857,5.526,70.078,0,0,4437880,7754468,387448,3668820,23180.433,11429.464,0,4.019,0,1.005,3136,3232,2.250,2.240,1.870,2,0,1.005,0,0,24,121,0,27,0
28-07 16:00:27,23.652,8.465,65.977,0,0,4439092,7752956,387692,3668864,15661.291,7588.646,0,1187.095,0,136.436,4670,5978,2.250,2.240,1.870,1,0,0,0,0,24,119,0,27,0
28-07 16:00:28,14.812,14.812,68.535,0.251,0,4356956,7835076,387708,3668864,15811.792,7475.104,0,261.086,0,12.050,3682,2958,2.390,2.270,1.880,2,0,84.351,0,0,24,119,0,23,0
28-07 16:00:29,21.245,7.498,70.234,0,0,4402756,7789240,387744,3668864,45328.607,23458.621,0,299.931,0,24.994,2800,2777,2.390,2.270,1.880,2,0,0,0,0,24,119,0,23,0
28-07 16:00:30,25.750,6.500,66.250,0,0,4430424,7761548,387760,3668872,30665.118,14658.056,0,232.001,0,13.000,3101,2987,2.390,2.270,1.880,4,0,2.000,0,0,24,121,0,24,0
28-07 16:00:31,23.743,5.998,68.980,0,0,4430412,7761548,387768,3668876,30273.253,14815.719,0,183.947,0,9.997,3528,3684,2.390,2.270,1.880,3,0,1.999,0,0,24,121,0,24,0
28-07 16:00:32,16.263,13.010,69.304,0,0,4393028,7798904,387780,3668892,30480.834,19353.133,0,188.147,0,9.007,3216,2621,2.390,2.270,1.880,2,0,55.043,0,0,24,121,0,12,0
28-07 16:00:33,22.235,5.746,70.702,0,0,4400788,7791092,387832,3668892,33712.201,17106.431,0,755.489,0,42.971,2367,2194,2.360,2.260,1.880,3,0,0,0,0,24,121,0,12,0
28-07 16:00:34,23.269,5.504,69.555,0,0,4421176,7770680,387852,3668896,29739.722,15035.994,0,124.099,0,12.010,3089,3105,2.360,2.260,1.880,2,0,2.002,0,0,24,121,0,12,0
28-07 16:00:35,23.609,6.213,69.086,0,0,4422920,7768916,387860,3668900,15310.265,7413.580,0,337.975,0,10.934,3369,3612,2.360,2.260,1.880,7,0,0,0,0,24,122,0,12,0
28-07 16:00:36,30.498,10.838,55.955,0.756,0,4422744,7768412,388292,3669140,41444.803,454008.525,0,2032.517,0,256.081,6765,8613,2.360,2.260,1.880,1,0,1.008,0,0,24,122,0,10,0
28-07 16:00:37,30.750,7.688,58.773,0,0,4422984,7767908,388508,3669180,862.989,0,0,1495.847,0,129.944,4606,5232,2.360,2.260,1.880,2,0,1.984,0,0,24,121,0,10,0
28-07 16:00:38,15.241,14.741,68.958,0,0,4372264,7818592,388536,3669184,17177.429,134573.185,0,495.695,0,22.986,3301,2720,2.410,2.280,1.890,2,0,53.967,0,0,24,121,0,10,0
28-07 16:00:39,33.259,11.003,55.016,0,0,4460824,7729888,388672,3669184,44871.781,23342.649,0,3136.894,0,158.045,3504,2888,2.410,2.280,1.890,1,0,2.001,0,0,24,121,0,10,0
28-07 16:00:40,33.855,11.536,53.416,0,0,4489760,7700936,388680,3672452,30520.046,14932.503,0,76.237,0,4.012,3651,9112,2.410,2.280,1.890,2,0,38.119,0,0,24,122,0,9,0
28-07 16:00:41,27.585,7.022,64.699,0,0,4474064,7716616,388688,3669196,29987.194,14769.408,0,68.210,0,7.022,3386,5949,2.410,2.280,1.890,1,0,1.003,0,0,24,125,0,10,0
28-07 16:00:42,24.012,5.503,68.783,0,0,4474028,7716616,388720,3669200,15107.240,7431.562,0,140.067,0,14.007,3429,3593,2.410,2.280,1.890,1,0,0,0,0,24,124,0,10,0
28-07 16:00:43,21.487,7.995,68.708,0,0,4474688,7715860,388804,3669212,15693.491,7505.452,0,359.782,0,34.979,3511,3801,2.460,2.290,1.900,1,0,1.999,0,0,24,124,0,10,0
28-07 16:00:44,24.231,8.243,65.198,0,0,4475460,7714852,388984,3669260,15469.600,7356.104,0,783.372,0,79.936,4481,5620,2.460,2.290,1.900,3,0,2.998,0,0,24,125,0,8,0
28-07 16:00:45,21.251,10.501,66.753,0.250,0,4473048,7717104,389136,3669260,15486.765,7296.361,0,580.029,0,63.003,4705,5885,2.460,2.290,1.900,1,0,0,0,0,24,125,0,8,0
28-07 16:00:46,20.384,11.186,66.124,0,0,4472732,7717276,389292,3669248,920.759,0,0,1002.295,0,117.332,4045,4653,2.460,2.290,1.900,1,0,2.983,0,0,24,125,0,8,0
28-07 16:00:47,30.446,10.317,56.112,0,0,4471044,7718604,389556,3669332,16777.260,8868.224,0,3905.199,0,249.611,7236,9736,2.460,2.290,1.900,4,0,0,0,0,24,125,0,8,0
28-07 16:00:48,37.370,7.225,53.315,0,0,4405112,7784384,389596,3669388,725.485,147.489,0,554.079,0,41.855,4823,5302,2.420,2.280,1.900,3,0,8.969,0,0,24,124,0,8,0
28-07 16:00:49,19.496,16.747,62.488,0.250,0,4415104,7774348,389624,3669404,45258.455,24453.383,0,2615.506,0,336.936,4616,3813,2.420,2.280,1.900,2,0,69.987,0,0,24,124,0,8,0
28-07 16:00:50,23.344,5.522,70.533,0,0,4458764,7730672,389636,3669404,30149.032,15042.387,0,967.886,0,144.580,2638,2202,2.420,2.280,1.900,1,0,0,0,0,24,124,0,8,0
28-07 16:00:51,24.011,6.003,68.782,0,0,4471080,7718256,389724,3669412,29728.792,15283.090,0,2016.936,0,100.046,3368,3326,2.420,2.280,1.900,1,0,0,0,0,24,124,0,9,0
28-07 16:00:52,23.717,6.241,66.908,0,0,4470944,7718284,389824,3669420,15866.132,7609.512,0,643.114,0,77.893,4556,5461,2.420,2.280,1.900,2,0,1.997,0,0,24,125,0,9,0
28-07 16:00:53,20.521,10.260,67.569,0,0,4430720,7758380,389900,3669468,15456.706,7841.968,0,816.830,0,73.074,3841,4063,2.470,2.300,1.900,1,0,33.034,0,0,24,124,0,8,0
28-07 16:00:54,10.731,21.462,65.634,0,0,4421992,7767100,389900,3669476,30136.786,18325.641,0,3.993,0,0.998,4203,3216,2.470,2.300,1.900,1,0,113.799,0,0,24,124,0,8,0
28-07 16:00:55,23.541,6.511,69.370,0.250,0,4458980,7730020,389988,3669476,29946.653,14617.212,0,2376.098,0,111.192,2751,2515,2.470,2.300,1.900,2,0,2.003,0,0,24,124,0,8,0
28-07 16:00:56,22.370,6.214,69.099,0.249,0,4476752,7712228,390000,3669484,29929.524,14639.150,0,155.101,0,12.925,3124,3145,2.470,2.300,1.900,1,0,0.994,0,0,24,124,0,8,0
28-07 16:00:57,23.378,6.787,68.375,0,0,4475928,7713016,390024,3669496,15792.725,7987.865,0,197.082,0,22.121,3731,4147,2.470,2.300,1.900,1,0,0,0,0,24,125,0,8,0
28-07 16:00:58,26.856,7.460,63.162,0,0,4474888,7714040,390028,3669508,41062.007,455009.250,0,190.977,0,19.893,4313,4430,2.430,2.290,1.900,1,0,1.989,0,0,24,125,0,9,0
28-07 16:00:59,22.320,10.533,64.954,0,0,4473128,7715624,390168,3669540,725.277,0,0,846.658,0,101.318,5555,7499,2.430,2.290,1.900,1,0,0,0,0,24,125,0,9,0
28-07 16:01:00,22.411,7.719,67.483,0,0,4474492,7714200,390220,3669548,18536.612,142868.371,0,462.170,0,41.834,3916,4385,2.430,2.290,1.900,1,0,0.996,0,0,24,125,0,9,0
28-07 16:01:01,19.028,10.734,66.600,0.488,0,4474968,7713696,390240,3669552,14909.526,7119.569,0,339.585,0,13.661,3458,3702,2.430,2.290,1.900,17,0,1.952,0,0,24,125,0,8,0
28-07 16:01:02,38.718,16.261,43.622,0,0,4477816,7710460,390460,3669696,15994.046,7532.926,0,2717.470,0,194.105,8335,10561,2.430,2.290,1.900,3,0,2.065,0,0,24,126,0,9,0
28-07 16:01:03,35.874,19.681,41.355,0,0,4384612,7803460,390528,3669832,600.890,147.482,0,589.928,0,59.790,6470,6552,2.560,2.320,1.920,3,0,85.699,0,0,24,126,0,9,0
28-07 16:01:04,31.340,24.624,41.040,0,0,4384816,7803164,390576,3669876,15554.423,10985.796,0,680.518,0,65.664,6518,6314,2.560,2.320,1.920,4,0,123.369,0,0,24,126,0,9,0
28-07 16:01:05,23.195,22.439,52.442,0.504,0,4394704,7792924,390868,3669888,62483.261,33917.669,0,7103.832,0,661.572,5934,5116,2.560,2.320,1.920,1,0,80.680,0,0,24,126,0,8,0
28-07 16:01:06,22.935,5.484,70.300,0,0,4436996,7750616,390876,3669892,44174.158,22109.016,0,87.750,0,7.977,2565,2346,2.560,2.320,1.920,1,0,0.997,0,0,24,126,0,8,0
28-07 16:01:07,23.278,6.758,68.583,0,0,4459900,7727696,390888,3669896,16677.254,7741.402,0,180.219,0,13.016,3216,3099,2.560,2.320,1.920,2,0,2.002,0,0,24,126,0,8,0
28-07 16:01:08,23.770,6.756,68.558,0,0,4460116,7727444,390912,3669904,30293.830,14842.655,0,168.143,0,9.008,3481,3618,2.510,2.310,1.920,2,0,0,0,0,24,127,0,8,0
28-07 16:01:09,30.789,17.666,51.736,0,0,4434892,7752656,390912,3669916,17305.456,9738.420,0,12.114,0,3.028,3945,2905,2.510,2.310,1.920,5,0,49.464,0,0,24,126,0,7,0
28-07 16:01:10,11.136,23.509,62.362,0,0,4440760,7746780,390912,3669924,60661.973,33633.675,0,0,0,0,4729,3481,2.510,2.310,1.920,1,0,130.662,0,0,24,126,0,7,0
28-07 16:01:11,6.966,23.138,67.174,0,0,4439552,7747980,390912,3669932,60710.021,34211.771,0,0,0,0,4558,3445,2.510,2.310,1.920,2,0,131.362,0,0,24,126,0,7,0
28-07 16:01:12,8.809,24.414,65.189,0,0,4429776,7757708,390936,3669948,46560.284,23900.818,0,213.436,0,15.102,4771,3633,2.510,2.310,1.920,2,0,120.813,0,0,24,126,0,7,0
28-07 16:01:13,8.496,24.739,64.972,0,0,4430452,7756908,390976,3670028,60385.204,31026.746,0,739.684,0,41.982,4922,3958,2.470,2.310,1.920,1,0,122.947,0,0,24,126,0,7,0
28-07 16:01:14,14.247,24.994,58.237,0,0,4433192,7754156,390984,3670528,58004.992,585472.701,0,291.935,0,21.995,6357,6766,2.470,2.310,1.920,7,0,124.972,0,0,24,126,0,7,0
28-07 16:01:15,19.414,26.632,52.019,0,0,4417984,7769212,391000,3670504,60463.965,30731.767,0,219.029,0,10.951,5591,6197,2.470,2.310,1.920,11,0,112.501,0,0,24,126,0,7,0
28-07 16:01:16,19.958,22.453,56.133,0,0,4412824,7774396,391008,3670040,45033.316,23163.812,0,51.892,0,2.994,4047,3182,2.470,2.310,1.920,2,0,41.913,0,0,24,126,0,7,0
28-07 16:01:17,29.584,26.575,42.621,0,0,4456088,7731108,391016,3670056,61745.390,33280.535,0,397.128,0,63.179,5280,3351,2.470,2.310,1.920,2,0,117.333,0,0,24,126,0,7,0
28-07 16:01:18,27.959,26.448,44.835,0,0,4486180,7701008,391016,3670064,46389.808,26330.848,0,88.663,0,6.045,5178,3323,2.510,2.320,1.920,2,0,118.889,0,0,24,126,0,7,0
28-07 16:01:19,30.398,26.691,40.037,0,0,4494456,7692208,391064,3670472,60146.014,31805.954,0,395.424,0,22.737,5630,4551,2.510,2.320,1.920,3,0,113.684,0,0,24,129,0,7,0
28-07 16:01:20,24.454,26.470,47.647,0,0,4500280,7686232,391064,3670620,47049.822,24882.214,0,12.101,0,3.025,5190,4183,2.510,2.320,1.920,1,0,119.999,0,0,24,132,0,7,0
28-07 16:01:21,27.310,32.571,39.085,0,0,4509884,7674408,391064,3672816,61056.134,31508.705,24.052,20.044,1.002,5.011,7343,9218,2.510,2.320,1.920,4,0,119.260,0,0,24,132,0,8,0
28-07 16:01:22,15.937,28.637,52.792,0,0,4543400,7640400,391112,3673236,70324.518,468775.001,0,904.444,0,36.855,6040,6058,2.510,2.320,1.920,1,0,136.463,0,0,24,138,0,8,0
28-07 16:01:23,17.513,23.768,57.294,0,0,4560844,7622932,391116,3673744,48126.948,145431.650,0,208.160,0,14.011,5189,6097,2.550,2.330,1.930,1,0,94.072,0,0,24,138,0,8,0
28-07 16:01:24,19.751,23.001,56.003,0,0,4567988,7615672,391136,3673244,44802.395,22403.198,0,1528.082,0,36.002,5085,6453,2.550,2.330,1.930,1,0,78.004,0,0,24,138,0,8,0
28-07 16:01:25,38.938,25.545,33.978,0,0,4624132,7559504,391144,3673720,52544.845,27334.906,0,87.300,0,4.960,5348,3754,2.550,2.330,1.930,6,0,89.284,0,0,26,138,0,7,0
28-07 16:01:26,45.875,35.096,18.049,0,0,4687628,7496004,391144,3673724,54163.032,29460.518,0,4.011,0,1.003,5535,3481,2.550,2.330,1.930,6,0,141.386,0,0,26,138,0,7,0
28-07 16:01:27,50.913,30.096,18.308,0,0,4753804,7429760,391200,3673736,61352.971,33262.245,0,517.653,0,47.151,5812,4200,2.550,2.330,1.930,4,0,117.375,0,0,26,138,0,7,0
28-07 16:01:28,58.108,27.694,11.869,0,0,4795956,7386920,391216,3674392,49231.688,25705.794,0,209.682,0,16.814,6360,6800,2.750,2.380,1.950,6,0,143.414,0,0,26,154,0,7,0
28-07 16:01:29,20.230,27.310,51.586,0,0,4798944,7382636,391236,3675636,58197.425,33298.443,0,295.357,0,21.241,6602,7352,2.750,2.380,1.950,2,0,121.380,0,0,26,154,0,7,0
28-07 16:01:30,18.015,25.771,54.295,0.250,0,4796088,7385428,391272,3675644,60706.260,31207.838,0,512.424,0,36.030,4986,3842,2.750,2.380,1.950,1,0,120.099,0,0,26,160,0,7,0
28-07 16:01:31,11.506,26.014,60.282,0,0,4795908,7385564,391288,3675668,58844.618,581649.532,0,4730.542,0,207.111,5406,4153,2.750,2.380,1.950,1,0,115.062,0,0,26,160,0,7,0
28-07 16:01:32,19.244,22.493,56.233,0,0,4793516,7387860,391316,3676068,45252.145,22691.053,0,255.922,0,15.995,5523,6787,2.750,2.380,1.950,1,0,81.975,0,0,26,160,0,7,0
28-07 16:01:33,19.132,23.605,55.160,0,0,4789256,7392072,391324,3675680,59635.880,30438.619,0,147.094,0,7.951,5328,6179,2.930,2.420,1.960,2,0,80.504,0,0,26,160,0,7,0
28-07 16:01:34,26.649,28.157,44.498,0,0,4840632,7340676,391332,3675692,46237.829,25699.303,0,225.256,0,11.062,5224,3451,2.930,2.420,1.960,5,0,122.684,0,0,26,160,0,6,0
28-07 16:01:35,30.788,28.786,38.548,0,0,4887432,7293828,391344,3675712,61074.876,33095.115,0,196.244,0,6.007,9696,3594,2.930,2.420,1.960,3,0,129.160,0,0,26,160,0,6,0
28-07 16:01:36,25.010,27.011,46.269,0,0,4923336,7257832,391384,3675764,61148.332,33131.725,0,184.076,0,15.006,5329,3670,2.930,2.420,1.960,2,0,129.053,0,0,27,160,0,6,0
28-07 16:01:37,13.250,28.000,56.751,0.250,0,4924192,7256944,391412,3675768,61388.722,31892.375,0,6684.079,0,678.008,6125,3858,2.930,2.420,1.960,1,0,162.002,0,0,27,164,0,6,0
28-07 16:01:38,24.979,24.729,48.959,0,0,4929344,7251744,391440,3675784,45748.064,24771.458,0,259.785,0,23.980,5122,3878,2.930,2.430,1.970,1,0,138.885,0,0,27,178,0,6,0
28-07 16:01:39,10.996,24.992,61.480,0,0,4934932,7246124,391444,3675796,72481.032,482016.604,0,115.962,0,5.998,5302,3925,2.930,2.430,1.970,1,0,131.956,0,0,27,180,0,6,0
28-07 16:01:40,13.758,26.516,57.785,0,0,4961492,7219560,391444,3675800,63240.749,147002.071,0,12.007,0,3.002,4796,3490,2.930,2.430,1.970,1,0,118.072,0,0,27,180,0,6,0
28-07 16:01:41,19.990,31.734,46.727,0,0,4971840,7209176,391468,3675808,45811.308,23068.573,0,259.871,0,17.991,5502,13977,2.930,2.430,1.970,1,0,142.929,0,0,27,180,0,7,0
28-07 16:01:42,21.270,26.525,50.298,0,0,4960936,7219992,391532,3676324,61961.569,31889.143,0,600.568,0,44.042,5716,6537,2.930,2.430,1.970,1,0,113.107,0,0,27,180,0,6,0
28-07 16:01:43,18.001,21.751,57.502,0,0,4953860,7227004,391544,3676324,45038.636,22874.831,0,144.005,0,7.000,5075,6182,3.020,2.460,1.980,1,0,82.003,0,0,27,180,0,6,0
28-07 16:01:44,23.738,22.738,52.223,0,0,4952016,7228788,391576,3675836,45406.482,23935.603,0,267.861,0,21.989,4964,4027,3.020,2.460,1.980,3,0,78.959,0,0,27,180,0,6,0
28-07 16:01:45,26.118,28.605,43.529,0,0,4997180,7183620,391576,3675840,60571.957,33050.465,0,151.233,0,10.945,5370,3627,3.020,2.460,1.980,2,0,132.329,0,0,27,180,0,6,0
28-07 16:01:46,27.751,26.001,44.251,0,0,5033704,7146860,391580,3676064,61210.720,34112.959,0,196.006,0,8.000,5489,3972,3.020,2.460,1.980,4,0,138.004,0,0,27,181,0,5,0
28-07 16:01:47,31.102,27.590,39.880,0,0,5033676,7146736,391584,3676216,46331.237,23462.588,0,88.288,0,7.023,5654,4294,3.020,2.460,1.980,2,0,121.396,0,0,27,186,0,5,0
28-07 16:01:48,11.191,26.113,59.934,0,0,5032604,7147612,391584,3676408,69893.004,594907.731,0,15.916,0,3.979,5239,4356,2.940,2.450,1.980,3,0,115.392,0,0,27,186,0,5,0
28-07 16:01:49,41.228,34.692,21.871,0,0,5097028,7080860,391612,3679184,45169.317,23102.026,0,603.344,0,29.162,9104,13029,2.940,2.450,1.980,2,0,97.541,0,0,27,192,0,5,0
28-07 16:01:50,19.195,23.183,55.589,0,0,5103800,7074044,391620,3679196,44730.674,22602.651,0,123.643,0,5.983,4972,5834,2.940,2.450,1.980,2,0,77.775,0,0,27,192,0,5,0
28-07 16:01:51,17.576,24.606,56.494,0,0,5094232,7083584,391628,3678692,60384.141,30441.650,0,216.938,0,10.043,4269,3809,2.940,2.450,1.980,2,0,96.417,0,0,27,192,0,6,0
28-07 16:01:52,27.881,28.130,42.071,0,0,5144804,7032940,391680,3678716,46071.465,25517.147,0,1242.699,0,144.384,5541,3904,2.940,2.450,1.980,2,0,133.431,0,0,27,192,0,6,0
28-07 16:01:53,30.116,29.614,39.402,0,0,5189628,6988088,391692,3678728,63038.529,37993.172,0,144.556,0,9.035,5589,3906,3.020,2.470,1.990,4,0,147.568,0,0,27,192,0,6,0
28-07 16:01:54,29.239,27.739,40.984,0,0,5190368,6987316,391708,3678744,61528.983,32135.456,0,231.909,0,18.993,5870,4712,3.020,2.470,1.990,2,0,149.941,0,0,27,194,0,5,0
28-07 16:01:55,30.287,34.542,32.539,0.250,0,5241324,6933804,391752,3681228,61012.883,32761.672,0,392.475,0,26.032,8223,11179,3.020,2.470,1.990,1,0,165.200,0,0,27,198,0,5,0
28-07 16:01:56,7.230,26.429,64.326,0,0,5246844,6928264,391756,3681244,45672.646,23915.409,0,3031.812,0,18.949,4912,3608,3.020,2.470,1.990,1,0,156.577,0,0,27,198,0,5,0
28-07 16:01:57,17.294,27.424,51.882,0.741,0,5241252,6933804,391788,3681248,73357.640,584068.365,0,8977.123,0,1042.587,7303,4441,3.020,2.470,1.990,5,0,146.259,0,0,27,200,0,5,0
28-07 16:01:58,10.142,24.847,63.639,0,0,5248260,6926760,391808,3681248,61742.774,33072.140,0,283.968,0,18.255,4829,3683,3.100,2.500,2,1,0,136.913,0,0,27,204,0,4,0
28-07 16:01:59,7.982,23.446,66.097,0.249,0,5255904,6918956,391936,3681264,61044.120,34426.549,0,1963.469,0,116.731,5172,4429,3.100,2.500,2,1,0,131.696,0,0,27,204,0,4,0
28-07 16:02:00,8.249,24.746,64.740,0,0,5258500,6916196,391952,3681404,45768.226,23606.506,0,159.976,0,15.998,4839,3747,3.100,2.500,2,1,0,125.981,0,0,27,204,0,4,0
28-07 16:02:01,8.021,24.563,65.167,0,0,5260248,6914444,391952,3681408,60975.598,31374.576,0,12.031,0,3.008,4637,3443,3.100,2.500,2,2,0,123.317,0,0,27,204,0,4,0
28-07 16:02:02,7.484,25.196,65.110,0,0,5261812,6912840,391988,3681412,45860.560,22996.638,0,618.672,0,35.923,4896,3858,3.100,2.500,2,1,0,121.739,0,0,27,204,0,4,0
28-07 16:02:03,18.146,25.107,54.937,0,0,5264216,6910400,392016,3681924,60107.170,30535.834,0,4780.732,0,235.656,5811,6652,2.930,2.470,2,3,0,91.478,0,0,27,204,0,4,0
28-07 16:02:04,24.133,26.144,46.507,0,0,5270144,6904384,392056,3681944,47649.866,24663.057,0,257.420,0,27.150,6158,7437,2.930,2.470,2,1,0,88.488,0,0,27,208,0,4,0
28-07 16:02:05,26.646,24.405,48.561,0,0,5297856,6876612,392064,3681448,65641.102,585284.303,0,35.860,0,2.988,5215,3923,2.930,2.470,2,2,0,80.685,0,0,27,210,0,4,0
28-07 16:02:06,38.992,15.345,44.778,0,0,5370932,6803532,392064,3681452,54361.572,28911.534,0,80.500,0,4.025,4023,2817,2.930,2.470,2,3,0,38.237,0,0,27,210,0,3,0
28-07 16:02:07,44.001,13.750,41.751,0,0,5444456,6729192,392064,3682248,45367.112,22748.558,0,64.002,0,5.000,4409,4300,2.930,2.470,2,3,0,3.000,0,0,27,210,0,3,0
28-07 16:02:08,41.426,11.659,45.891,0,0,5526448,6646536,392072,3682888,29594.731,14836.063,0,0,0,0,3813,3050,2.860,2.470,2,5,0,6.946,0,0,27,214,0,3,0
28-07 16:02:09,42.591,11.593,44.607,0,0,5553344,6619572,392080,3682952,30284.415,14925.473,0,310.485,0,15.121,4553,4179,2.860,2.470,2,2,0,33.266,0,0,27,216,0,3,0
28-07 16:02:10,28.094,38.784,31.077,0.249,0,5490916,6681864,392088,3683100,57665.877,35474.454,139.225,859.215,2.983,20.884,5463,3925,2.860,2.470,2,4,1,137.236,0,0,27,214,0,3,0
28-07 16:02:11,31.512,51.299,10.015,4.397,0,5475068,6692528,392660,3687272,48759.272,25893.683,3087.700,336.129,156.339,1.954,6856,6780,2.860,2.470,2,5,0,155.362,0,0,27,214,0,3,0
28-07 16:02:12,42.384,38.831,18.274,0.254,0,5520740,6643740,392720,3690200,61496.503,34244.586,150.249,714.698,11.167,52.790,10148,15462,2.860,2.470,2,3,0,127.915,0,0,27,215,0,3,0
28-07 16:02:13,46.285,30.351,22.510,0,0,5525496,6638756,392744,3690376,45677.460,24766.533,0,461.337,0,35.410,6913,6896,3.030,2.510,2.010,4,0,125.451,0,0,27,220,0,3,0
28-07 16:02:14,47.713,28.826,20.377,0,0,5527512,6636488,392800,3690568,67626.519,460234.871,0,1991.997,0,73.557,7395,7397,3.030,2.510,2.010,4,0,104.371,0,0,27,219,0,3,0
28-07 16:02:15,34.441,34.189,30.167,0,0,5490860,6672788,393036,3690644,65290.335,148611.457,0,1906.551,0,253.402,7608,8171,3.030,2.510,2.010,2,0,143.796,0,0,27,220,0,3,0
28-07 16:02:16,29.521,30.272,38.528,0,0,5534924,6628692,393048,3690656,45263.317,23314.646,0,336.240,0,16.011,5332,3717,3.030,2.510,2.010,2,0,120.086,0,0,27,221,0,3,0
28-07 16:02:17,35.284,28.027,34.784,0,0,5532344,6631204,393120,3691160,60204.837,30994.290,0,1877.835,0,91.089,6290,6539,3.030,2.510,2.010,2,0,119.116,0,0,27,222,0,3,0
28-07 16:02:18,36.970,27.977,33.973,0.250,0,5547556,6615884,393144,3691176,44400.122,22581.752,0,383.690,0,38.969,6707,8430,3.030,2.520,2.020,2,0,83.932,0,0,27,220,0,4,0
28-07 16:02:19,50.537,32.274,16.512,0.250,0,5538912,6624460,393160,3691156,45644.356,24555.945,8.006,164.120,1.001,6.004,5442,3799,3.030,2.520,2.020,4,0,121.088,0,0,27,220,0,4,0
28-07 16:02:20,66.576,14.213,18.202,0,0,5649864,6513328,393196,3691300,59978.032,32534.854,0,311.186,0,33.911,4984,3336,3.030,2.520,2.020,5,0,17.953,0,0,27,221,0,4,0
28-07 16:02:21,61.973,13.882,21.071,0.744,0,5710828,6451404,393228,3692224,29325.698,14599.884,721.863,277.640,6.941,8.924,5006,4085,3.030,2.520,2.020,5,0,3.966,0,0,27,227,0,5,0
28-07 16:02:22,65.453,15.668,18.701,0,0,5740016,6420224,393364,3693748,29792.076,14883.907,0,3145.797,0,129.390,6443,6086,3.030,2.520,2.020,3,0,2.022,0,0,27,225,0,5,0
28-07 16:02:23,48.494,21.247,28.746,0,0,5785984,6374136,393384,3693848,33534.551,18425.555,0,10066.664,0,684.909,6357,4322,3.020,2.530,2.020,5,0,71.990,0,0,27,224,0,10,0
28-07 16:02:24,29.554,26.325,42.220,0,0,5815288,6344820,393384,3693860,70126.669,462795.089,0,11.921,0,1.987,5593,4253,3.020,2.530,2.020,2,0,128.150,0,0,27,225,0,10,0
28-07 16:02:25,28.921,27.915,41.999,0,0,5810456,6349540,393424,3693880,48848.484,148298.844,0,297.765,0,26.155,5989,5025,3.020,2.530,2.020,3,0,131.781,0,0,27,226,0,10,0
28-07 16:02:26,30.457,29.209,38.696,0,0,5732728,6427060,393468,3694036,61472.011,33006.829,0,539.246,0,37.947,5866,4884,3.020,2.530,2.020,2,0,108.848,0,0,27,224,0,10,0
28-07 16:02:27,25.474,30.719,41.208,0,0,5739976,6419756,393488,3694040,60345.990,31298.357,0,323.673,0,25.974,5331,3829,3.020,2.530,2.020,2,0,115.883,0,0,27,224,0,10,0
28-07 16:02:28,33.204,31.469,33.204,0,0,5779240,6380448,393520,3694536,44810.358,23427.065,0,4115.298,0,592.714,7289,6631,2.940,2.520,2.020,2,0,130.833,0,0,27,225,0,10,0
28-07 16:02:29,38.679,27.377,32.902,0,0,5772368,6387164,393532,3694556,45754.992,22721.272,0,104.484,0,13.061,6381,7982,2.940,2.520,2.020,4,0,85.396,0,0,27,226,0,11,0
28-07 16:02:30,40.536,24.021,34.280,0,0,5746520,6412868,393588,3694072,44715.727,23118.539,0,520.462,0,45.040,5749,5190,2.940,2.520,2.020,3,0,47.042,0,0,27,224,0,11,0
28-07 16:02:31,49.689,29.362,20.578,0,0,5821064,6338296,393604,3694084,61167.408,32969.268,0,156.595,0,10.038,5575,3452,2.940,2.520,2.020,4,0,123.469,0,0,27,224,0,11,0
28-07 16:02:32,47.202,30.469,20.729,0,0,5882328,6276936,393648,3694136,46174.482,26351.453,0,1122.869,0,43.956,6002,4554,2.940,2.520,2.020,5,0,130.868,0,0,27,224,0,11,0
28-07 16:02:33,49.991,29.896,15.928,0,0,5896232,6262032,393752,3694948,67815.669,450960.232,0,776.324,0,64.694,7294,7576,2.950,2.520,2.030,7,0,118.605,0,0,27,230,0,13,0
28-07 16:02:34,29.211,33.311,38.692,0,0,5878004,6279716,393764,3695460,49293.341,147065.180,0,258.290,0,13.324,5741,4948,2.950,2.520,2.030,2,0,139.394,0,0,27,232,0,13,0
28-07 16:02:35,31.361,26.706,38.711,0,0,5911888,6245820,393772,3695868,59600.465,31443.251,0,168.565,0,9.800,5931,5299,2.950,2.520,2.030,3,0,96.043,0,0,27,232,0,13,0
28-07 16:02:36,36.949,26.781,34.221,0,0,5907340,6250344,393792,3695864,44070.403,21776.314,0,491.986,0,14.879,5938,6261,2.950,2.520,2.030,4,0,86.296,0,0,27,234,0,14,0
28-07 16:02:37,42.880,30.812,26.961,0,0,5876400,6281160,393896,3695496,47916.177,25396.508,0,2563.582,0,133.520,6842,7228,2.950,2.520,2.030,5,0,111.951,0,0,27,232,0,14,0
28-07 16:02:38,45.792,33.281,20.269,0,0,5891740,6265788,393908,3695512,61204.205,33504.768,0,196.180,0,8.007,5571,3496,2.950,2.530,2.030,3,0,126.116,0,0,27,232,0,14,0
28-07 16:02:39,47.267,30.102,21.146,0,0,5972568,6184900,393940,3695524,60212.711,34364.901,0,557.258,0,26.868,5871,3955,2.950,2.530,2.030,3,0,136.329,0,0,27,233,0,14,0
28-07 16:02:40,48.784,32.022,17.262,0,0,6002704,6153192,394012,3696984,48777.541,23356.060,0,1084.746,0,62.043,7109,8335,2.950,2.530,2.030,4,0,100.069,0,0,27,240,0,16,0
28-07 16:02:41,32.860,33.110,32.107,0,0,6012420,6143428,394040,3699408,60494.735,31599.376,0,449.499,0,40.134,6632,10169,2.950,2.530,2.030,5,0,147.492,0,0,27,238,0,16,0
28-07 16:02:42,31.275,33.027,34.278,0.250,0,5977980,6177824,394072,3697000,73505.799,588688.912,0,280.228,0,22.018,6288,11232,2.950,2.530,2.030,4,0,126.103,0,0,27,238,0,17,0
28-07 16:02:43,37.730,28.485,32.733,0,0,6002560,6153200,394084,3697520,44873.340,22392.194,0,1303.313,0,13.993,5745,6752,2.960,2.540,2.040,2,0,98.948,0,0,27,239,0,16,0
28-07 16:02:44,40.664,27.192,29.937,0,0,6006860,6148804,394120,3697524,44521.771,23927.358,0,319.324,0,29.937,6453,6990,2.960,2.540,2.040,4,0,86.816,0,0,27,242,0,16,0
28-07 16:02:45,41.685,26.459,29.953,0,0,6015340,6140252,394156,3697056,45138.248,24621.407,0,355.443,0,32.948,6200,5252,2.960,2.540,2.040,5,0,72.886,0,0,27,240,0,16,0
28-07 16:02:46,48.832,29.550,20.284,0,0,5999928,6155652,394160,3697064,60617.591,33187.620,0,216.363,0,11.018,5366,3414,2.960,2.540,2.040,3,0,107.180,0,0,27,240,0,16,0
28-07 16:02:47,63.641,15.284,21.548,0.251,0,6124912,6030420,394172,3697296,44512.796,22688.357,0,653.450,0,36.080,4682,2928,2.960,2.540,2.040,3,0,1.002,0,0,27,241,0,16,0
28-07 16:02:48,66.457,15.940,14.223,0,0,6177516,5977052,394228,3697988,30390.497,16246.782,0,537.538,0,32.370,6340,6473,2.960,2.550,2.050,5,0,1.962,0,0,27,244,1,21,0
28-07 16:02:49,43.760,13.993,41.979,0,0,6170628,5983356,394284,3698500,16042.495,7693.559,0,9281.119,0,740.861,7019,6640,2.960,2.550,2.050,5,0,7.124,0,0,27,246,1,22,0
28-07 16:02:50,50.511,8.252,40.508,0,0,6189184,5964736,394344,3698508,14963.133,7575.586,0,476.100,0,50.010,4316,3579,2.960,2.550,2.050,2,0,4.001,0,0,27,253,1,22,0
28-07 16:02:51,44.579,10.268,44.078,0,0,6166332,5987552,394364,3698520,15181.794,7515.264,0,905.598,0,28.050,4669,3937,2.960,2.550,2.050,4,0,18.032,0,0,27,254,1,22,0
28-07 16:02:52,27.630,27.381,42.814,0,0,6166116,5987732,394388,3698532,45649.456,26383.251,0,362.424,0,30.866,6251,5746,2.960,2.550,2.050,4,0,128.441,0,0,27,254,1,22,0
28-07 16:02:53,27.560,27.811,43.094,0,0,6098776,6055052,394392,3698544,72084.134,466861.696,0,621.354,0,13.028,5853,4402,2.880,2.540,2.040,4,0,131.286,0,0,27,254,1,22,0
28-07 16:02:54,29.339,27.333,41.878,0,0,6137976,6015820,394392,3698552,63321.984,157554.171,0,2652.083,0,498.519,6088,3796,2.880,2.540,2.040,3,0,114.348,0,0,27,254,1,22,0
28-07 16:02:55,28.614,28.365,41.055,0,0,6148172,6005560,394440,3698564,45574.470,23627.742,0,1807.413,0,59.716,5728,4781,2.880,2.540,2.040,2,0,119.433,0,0,27,256,1,22,0
28-07 16:02:56,29.389,28.883,40.790,0,0,6139212,6014448,394488,3698588,61036.392,31316.773,0,526.980,0,40.537,6105,5579,2.880,2.540,2.040,3,0,114.517,0,0,27,254,1,22,0
28-07 16:02:57,16.115,29.503,51.073,0,0,6047992,6105644,394504,3698592,45341.924,23670.109,0,265.778,0,22.809,5354,4107,2.880,2.540,2.040,2,0,156.690,0,0,27,254,1,22,0
28-07 16:02:58,20.192,24.679,53.097,0,0,6061180,6092408,394528,3698596,60114.273,30583.615,0,482.605,0,29.914,5273,5861,2.730,2.510,2.040,3,0,98.715,0,0,27,256,1,22,0
28-07 16:02:59,24.810,27.065,46.863,0,0,6070024,6083508,394560,3699120,46641.371,24838.843,0,252.609,0,24.058,6265,7298,2.730,2.510,2.040,1,0,88.213,0,0,27,256,1,22,0
28-07 16:03:00,35.889,26.418,37.135,0,0,6101272,6051992,394632,3699228,45189.793,24091.254,0,502.441,0,45.858,5425,4483,2.730,2.510,2.040,4,0,75.765,0,0,28,258,1,22,0
28-07 16:03:01,48.166,22.578,27.846,0,0,6170300,5982948,394648,3699228,60621.436,32708.462,0,160.552,0,14.048,5101,3392,2.730,2.510,2.040,2,0,85.293,0,0,28,261,1,22,0
28-07 16:03:02,43.688,10.735,44.187,0,0,6250032,5902840,394676,3699508,29670.004,15122.595,0,611.135,0,20.970,3856,2926,2.730,2.510,2.040,3,0,3.994,0,0,28,261,1,22,0
28-07 16:03:03,47.900,7.235,43.659,0,0,6294740,5857548,394736,3699964,41603.305,561659.593,0,419.127,0,24.948,4255,3265,2.670,2.500,2.040,3,0,4.990,0,0,28,265,1,22,0
28-07 16:03:04,21.775,21.775,54.311,0,0,6298864,5852260,394796,3701048,45597.442,24803.983,0,1301.468,0,64.072,6038,6964,2.670,2.500,2.040,2,0,105.119,0,0,28,262,1,23,0
28-07 16:03:05,9.011,19.273,69.834,0,0,6304384,5846724,394808,3701048,60902.042,33496.173,0,788.946,0,17.020,4422,3709,2.670,2.500,2.040,1,0,108.130,0,0,28,263,1,23,0
28-07 16:03:06,3.256,2.504,93.410,0,0,6304596,5846472,394844,3701052,51592.494,24100.338,0,228.392,0,22.038,1860,2652,2.670,2.500,2.040,1,0,1.002,0,0,28,264,1,23,0
28-07 16:03:07,3.491,2.992,91.261,0,0,6304652,5845784,394860,3701620,1088107.167,54055.326,0,147.613,0,10.971,3216,3205,2.670,2.500,2.040,1,0,1.995,0,0,28,263,1,23,0
28-07 16:03:08,5.234,3.988,85.483,0,0,6297036,5849520,394868,3705384,3642907.346,107709.686,0,79.751,0,2.991,7017,5581,2.460,2.460,2.030,2,0,0.997,0,0,28,263,1,23,0
28-07 16:03:09,15.568,10.797,64.783,0,0,6293488,5843404,394936,3714732,10063046.047,220192.656,0,526.296,0,47.206,16888,12345,2.460,2.460,2.030,1,0,5.022,0,0,28,263,1,23,0
28-07 16:03:10,8.002,17.503,69.514,0.250,0,6286444,5847960,394992,3717088,2526869.925,56538.230,0,356.071,0,32.006,6143,5403,2.460,2.460,2.030,3,1,90.018,0,0,28,262,1,23,0
28-07 16:03:11,16.732,27.720,53.193,0.999,0,6355716,5776372,394996,3719396,60696.099,33787.871,2297.543,167.821,26.971,8.990,5148,3898,2.460,2.460,2.030,2,0,136.854,0,0,28,262,1,23,0
28-07 16:03:12,17.985,12.739,67.943,0,0,6353340,5778716,395028,3719396,64265.836,254195.762,0,411.653,0,28.976,3600,3489,2.460,2.460,2.030,4,0,34.971,0,0,28,262,1,23,0
28-07 16:03:13,24.296,5.315,70.357,0,0,6395300,5736752,395028,3719400,39037.618,351498.511,0,0,0,0,2870,2681,2.340,2.440,2.020,1,0,3.037,0,0,28,263,1,23,0
28-07 16:03:14,29.235,7.680,60.948,0,0,6393808,5738176,395064,3719432,29265.890,15089.311,0,7131.399,0,762.096,5222,4184,2.340,2.440,2.020,1,0,1.982,0,0,28,272,1,24,0
28-07 16:03:15,23.631,7.214,67.660,0,0,6391316,5740636,395076,3719436,15019.576,7259.545,0,222.881,0,12.935,4436,5195,2.340,2.440,2.020,1,0,0,0,0,28,272,1,24,0
28-07 16:03:16,24.781,6.443,65.175,0,0,6390016,5741912,395080,3719456,15023.514,7458.229,0,63.441,0,3.965,4683,5229,2.340,2.440,2.020,2,0,6.939,0,0,28,272,1,24,0
28-07 16:03:17,27.075,8.097,63.513,0,0,6391560,5740164,395112,3719612,15097.392,7518.331,0,380.573,0,34.413,4963,5683,2.340,2.440,2.020,2,0,4.049,0,0,28,275,1,25,0
28-07 16:03:18,25.484,4.747,67.459,0,0,6391868,5739772,395164,3719640,418.745,0,0,335.796,0,26.984,4613,5284,2.230,2.410,2.020,1,0,0.999,0,0,28,276,1,25,0
28-07 16:03:19,24.786,7.261,65.595,0,0,6392364,5739140,395264,3719672,15325.167,7454.783,0,2892.183,0,164.238,5438,6313,2.230,2.410,2.020,1,0,2.003,0,0,28,282,1,25,0
28-07 16:03:20,24.919,10.715,62.048,0,0,6384068,5743896,395320,3723148,15327.141,7338.129,0,582.106,0,41.864,5121,5953,2.230,2.410,2.020,2,0,0,0,0,28,289,1,30,0
28-07 16:03:21,27.588,11.035,54.173,4.765,0,6382420,5732208,395392,3735920,1695.416,1357.336,0,16721.413,0,75.240,6010,7172,2.230,2.410,2.020,1,0,21.067,0,0,28,286,1,36,0
28-07 16:03:22,10.855,22.719,65.128,0,0,6325008,5789568,395404,3735956,46770.111,44236.675,0,238.298,0,15.146,4772,3731,2.230,2.410,2.020,1,0,145.402,0,0,28,286,1,36,0
28-07 16:03:23,6.426,23.726,65.988,0,0,6325732,5788828,395412,3735964,45351.579,25519.469,0,150.266,0,7.909,5122,3969,2.130,2.390,2.010,2,0,173.003,0,0,28,286,1,36,0
28-07 16:03:24,13.025,19.538,65.878,0,0,6334520,5780012,395436,3735968,61060.975,35190.567,0,581.132,0,31.061,4535,3839,2.130,2.390,2.010,1,0,148.289,0,0,28,286,1,29,0
28-07 16:03:25,23.423,6.977,68.027,0,0,6379564,5734944,395464,3735964,44063.829,21956.162,0,470.461,0,29.902,3104,3025,2.130,2.390,2.010,1,0,21.928,0,0,28,288,1,29,0
28-07 16:03:26,16.809,13.045,68.489,0,0,6380064,5734408,395496,3735968,30284.612,16190.461,0,212.742,0,27.094,3644,2998,2.130,2.390,2.010,2,0,59.206,0,0,28,288,1,30,0
28-07 16:03:27,8.003,22.758,66.523,0,0,6364048,5750380,395520,3735988,60656.569,34431.676,0,480.163,0,37.013,5003,4343,2.130,2.390,2.010,1,0,124.042,0,0,28,288,1,30,0
28-07 16:03:28,8.992,23.730,65.195,0,0,6358604,5755792,395536,3736004,72699.891,598420.991,0,227.809,0,19.983,5386,4378,2.040,2.370,2,2,0,128.892,0,0,28,288,1,30,0
28-07 16:03:29,8.230,22.195,67.084,0,0,6349492,5764876,395560,3736008,60664.967,34357.030,0,203.497,0,18.953,4984,4041,2.040,2.370,2,2,0,116.711,0,0,28,288,1,30,0
28-07 16:03:30,7.507,26.024,64.309,0,0,6350552,5763776,395572,3736032,46046.415,29142.844,0,892.822,0,123.113,5265,4164,2.040,2.370,2,1,0,138.127,0,0,28,288,1,30,0
28-07 16:03:31,7.011,18.528,72.610,0,0,6348072,5766212,395612,3736036,61190.832,32739.669,0,256.389,0,27.041,4180,3547,2.040,2.370,2,0,0,108.164,0,0,28,288,1,30,0
28-07 16:03:32,9.753,4.501,84.525,0,0,6346116,5768144,395628,3736044,46465.689,23962.059,0,696.205,0,36.011,2531,2849,2.040,2.370,2,1,0,9.003,0,0,28,288,1,29,0
28-07 16:03:33,20.755,8.252,70.266,0,0,6368796,5745464,395628,3736044,59527.948,30143.063,0,36.008,0,4.001,2602,2413,1.960,2.340,2,2,0,0,0,0,28,288,1,29,0
28-07 16:03:34,24.229,6.245,68.691,0,0,6392928,5721312,395636,3736056,30699.790,14727.426,0,47.959,0,2.997,3457,3516,1.960,2.340,2,1,0,1.998,0,0,28,298,1,30,0
28-07 16:03:35,23.762,7.504,67.534,0,0,6353856,5760372,395636,3736068,15043.526,7299.652,0,3113.558,0,536.268,4433,3467,1.960,2.340,2,1,0,13.007,0,0,28,300,1,30,0
28-07 16:03:36,8.999,20.997,67.240,1.000,0,6364272,5749808,395640,3736208,45784.080,25254.183,7.999,75.989,2.000,4.999,4559,3845,1.960,2.340,2,0,1,98.985,0,0,28,300,1,27,0
28-07 16:03:37,3.749,4.499,68.489,21.247,0,6353684,5740324,395788,3755696,44542.918,22046.495,15769.493,303.952,218.965,29.995,3114,3384,1.960,2.340,2,1,1,21.997,0,0,28,302,1,27,0
28-07 16:03:38,3.498,4.748,69.218,20.990,0,6330648,5740100,395832,3778744,36594.070,456790.672,20978.295,475.780,197.908,30.986,2856,3483,1.880,2.320,1.990,0,1,0,0,0,28,302,1,27,0
28-07 16:03:39,3.502,2.752,70.539,22.012,0,6328492,5726492,395836,3794424,18045.009,134874.815,14960.298,72.040,135.075,8.004,2261,2697,1.880,2.320,1.990,1,0,0,0,0,28,302,1,27,0
28-07 16:03:40,2.995,4.243,68.641,22.215,0,6325688,5716928,395864,3806700,15071.094,7284.445,11585.622,16338.084,127.797,48.922,2504,3106,1.880,2.320,1.990,0,1,1.997,0,0,28,302,1,25,0
28-07 16:03:41,6.758,6.258,65.081,21.026,0,6353836,5662536,395872,3832792,15096.712,7305.055,24798.738,4.005,237.294,1.001,2500,2824,1.880,2.320,1.990,0,1,0,0,0,28,302,1,25,0
28-07 16:03:42,17.256,17.756,49.016,13.254,0,6361784,5636620,395900,3850604,15039.923,7298.389,15797.171,244.080,147.048,22.007,4567,14039,1.880,2.320,1.990,2,1,52.017,0,0,28,302,1,26,0
28-07 16:03:43,5.004,4.004,67.309,22.019,0,6347592,5636380,395912,3864960,31729.974,21169.664,13628.015,184.162,134.118,9.008,2659,2913,1.810,2.300,1.990,1,1,2.002,0,0,28,302,1,26,0
28-07 16:03:44,3.249,4.498,69.973,21.242,0,6338672,5623528,395928,3886612,44651.738,22093.459,21263.779,107.958,205.920,14.994,2697,3203,1.810,2.300,1.990,1,1,0,0,0,28,302,1,26,0
28-07 16:03:45,4.747,11.992,68.704,12.492,0,6337452,5610940,395956,3900260,30003.841,20320.347,13187.140,179.879,120.919,18.987,3283,3177,1.810,2.300,1.990,0,1,25.983,0,0,28,302,1,25,0
28-07 16:03:46,2.996,4.744,69.160,21.472,0,6331828,5598088,395976,3918620,44089.942,22021.501,18048.643,431.442,160.792,25.966,2743,2940,1.810,2.300,1.990,0,1,2.996,0,0,28,302,1,25,0
28-07 16:03:47,4.999,10.749,69.740,12.498,0,6327280,5590780,395988,3930392,45746.708,27190.260,11522.415,39.994,117.984,3.000,3271,3063,1.810,2.300,1.990,1,1,25.996,0,0,28,302,1,25,0
28-07 16:03:48,3.507,5.261,68.896,21.546,0,6327196,5571376,395988,3949800,29653.961,14689.188,18771.856,8.017,215.457,2.004,2726,2852,1.750,2.280,1.980,1,0,0,0,0,28,302,1,25,0
28-07 16:03:49,4.498,9.745,69.218,15.243,0,6327692,5555940,395988,3964660,44673.187,26155.814,14489.249,0,167.922,0,3483,3302,1.750,2.280,1.980,0,1,17.992,0,0,28,302,1,20,0
28-07 16:03:50,3.000,4.000,68.992,21.498,0,6327900,5543088,396004,3977224,44202.180,21951.606,12290.660,1739.810,129.986,353.961,3118,3227,1.750,2.280,1.980,1,0,0,0,0,28,302,1,20,0
28-07 16:03:51,6.504,11.007,68.796,12.508,0,6326160,5531772,396004,3990232,31710.989,20317.448,12460.247,124.082,164.109,3.002,3367,3129,1.750,2.280,1.980,0,1,26.017,0,0,28,302,1,21,0
28-07 16:03:52,4.748,8.997,68.977,15.245,0,6325816,5517408,396024,4004852,44786.364,26591.310,14087.396,287.906,164.946,14.995,3170,3091,1.750,2.280,1.980,0,1,17.994,0,0,28,302,1,21,0
28-07 16:03:53,3.999,4.999,67.985,21.495,0,6312792,5511164,396044,4024020,56447.247,593533.905,18395.844,151.966,236.946,13.997,3440,3565,1.690,2.260,1.980,1,0,1.000,0,0,28,302,1,19,0
28-07 16:03:54,7.749,10.248,65.238,15.247,0,6315648,5494300,396076,4037948,46650.717,27616.097,13389.623,271.952,151.973,23.996,3704,3684,1.690,2.260,1.980,0,1,15.997,0,0,28,302,1,19,0
28-07 16:03:55,4.749,9.748,68.733,14.746,0,6315408,5480200,396076,4052240,29524.907,14750.456,13656.719,143.965,166.960,3.999,3349,3184,1.690,2.260,1.980,0,1,17.996,0,0,28,302,1,19,0
28-07 16:03:56,3.502,3.752,69.035,21.761,0,6314816,5464324,396076,4068628,59713.361,33483.024,15603.934,4.002,191.097,1.001,2699,2879,1.690,2.260,1.980,2,0,1.001,0,0,28,302,1,20,0
28-07 16:03:57,8.005,17.261,67.794,6.504,0,6321664,5451488,396104,4074564,45653.803,28232.430,5743.750,324.212,72.047,21.014,4239,3712,1.690,2.260,1.980,1,0,55.036,0,0,28,302,1,20,0
28-07 16:03:58,3.992,7.484,69.104,17.214,0,6320468,5437376,396116,4089796,44700.716,22855.792,14441.539,207.562,174.632,11.975,3205,3111,1.630,2.240,1.970,1,1,12.973,0,0,28,302,1,20,0
28-07 16:03:59,5.508,10.765,69.595,11.766,0,6321340,5425028,396136,4101204,29632.556,14760.201,10995.048,88.121,128.175,13.018,3538,3487,1.630,2.240,1.970,2,0,29.040,0,0,28,302,1,20,0
28-07 16:04:00,6.002,10.504,68.278,13.506,0,6322860,5418476,396168,4106188,60251.657,35784.644,4653.905,468.192,65.027,77.032,3389,3325,1.630,2.240,1.970,1,1,27.011,0,0,28,302,1,20,0
28-07 16:04:01,3.002,3.753,70.300,22.266,0,6322832,5404112,396168,4120516,29553.177,14668.511,13677.801,0,172.123,0,2375,2638,1.630,2.240,1.970,0,1,2.001,0,0,28,302,1,20,0
28-07 16:04:02,4.499,10.499,69.490,12.998,0,6324972,5392788,396200,4129632,30986.674,18737.384,8746.779,311.956,120.983,16.998,3191,3042,1.630,2.240,1.970,0,1,25.996,0,0,28,302,1,20,0
28-07 16:04:03,2.745,6.489,69.878,18.967,0,6324448,5376408,396208,4146464,44990.188,25928.579,16003.965,39.930,240.579,3.993,2855,2981,1.580,2.210,1.970,1,0,8.984,0,0,28,302,1,20,0
28-07 16:04:04,6.758,7.509,66.826,17.270,0,6321900,5365124,396228,4160228,58397.693,595516.111,13539.463,200.229,123.141,21.024,3743,3636,1.580,2.210,1.970,0,1,12.014,0,0,28,302,1,20,0
28-07 16:04:05,6.996,9.494,65.958,15.740,0,6314284,5365156,396228,4167780,46576.456,28504.919,7411.299,0,76.951,0,3304,3183,1.580,2.210,1.970,1,0,15.990,0,0,28,302,1,19,0
28-07 16:04:06,5.491,9.485,68.140,15.974,0,6316100,5354572,396228,4176496,45046.053,25285.054,8586.096,2076.637,91.851,410.336,3611,3178,1.580,2.210,1.970,0,1,16.973,0,0,28,302,1,19,0
28-07 16:04:07,5.260,9.517,69.127,14.527,0,6318036,5341972,396236,4187112,60395.015,35258.811,10627.535,108.199,104.192,7.013,3343,3225,1.580,2.210,1.970,0,1,18.033,0,0,28,302,1,19,0
28-07 16:04:08,4.501,9.002,69.518,14.254,0,6316892,5331644,396236,4198520,44878.322,26896.786,11070.793,4.001,116.029,1.000,3183,3155,1.530,2.190,1.960,0,1,16.004,0,0,28,302,1,19,0
28-07 16:04:09,8.997,7.497,61.729,19.243,0,6320952,5310728,396264,4215300,44587.701,22256.364,15074.828,399.863,169.942,27.990,4012,4463,1.530,2.190,1.960,0,1,5.998,0,0,28,302,1,21,0
28-07 16:04:10,5.503,9.005,68.536,14.758,0,6318836,5297984,396284,4230040,45293.061,26888.284,13679.267,168.089,186.099,16.009,3601,3589,1.530,2.190,1.960,0,1,18.010,0,0,28,302,1,21,0
28-07 16:04:11,10.256,13.257,59.533,15.008,0,6360496,5239264,396284,4247036,44892.957,27207.125,15272.490,36.020,203.113,4.002,3908,3399,1.530,2.190,1.960,0,1,20.011,0,0,28,302,1,21,0
28-07 16:04:12,7.245,9.993,66.452,14.490,0,6352216,5232844,396300,4261636,44888.567,25841.329,13582.186,327.763,178.871,21.984,3866,3885,1.530,2.190,1.960,1,1,15.988,0,0,28,302,1,21,0
28-07 16:04:13,9.749,12.999,60.243,14.998,0,6386812,5182396,396308,4277408,56753.777,477167.682,15518.299,239.974,220.976,9.999,4473,3726,1.490,2.170,1.950,2,0,17.998,0,0,28,302,1,21,0
28-07 16:04:14,4.030,7.808,69.515,17.379,0,6380900,5176876,396336,4288748,47130.266,149576.459,11106.305,96.717,118.881,12.090,3267,3281,1.490,2.170,1.950,1,0,15.112,0,0,28,302,1,21,0
28-07 16:04:15,3.477,4.719,69.543,20.366,0,6380476,5165448,396360,4300524,44503.755,24306.386,11218.332,111.269,112.263,9.935,2594,2905,1.490,2.170,1.950,2,1,1.987,0,0,28,302,1,21,0
28-07 16:04:16,7.729,10.223,65.575,14.711,0,6374756,5158948,396432,4312620,46193.843,28682.530,11317.826,2018.618,117.686,98.737,3711,3764,1.490,2.170,1.950,0,1,18.949,0,0,28,302,1,21,0
28-07 16:04:17,6.512,18.035,63.121,10.771,0,6364560,5160532,396440,4321184,45350.906,27526.749,8452.197,32.061,85.163,3.006,3943,3378,1.490,2.170,1.950,2,0,70.134,0,0,28,302,1,19,0
28-07 16:04:18,21.965,6.739,69.638,0,0,6392028,5133064,396440,4321184,60190.579,31439.636,0,3.994,0,0.998,2786,2555,1.450,2.150,1.950,1,0,4.992,0,0,28,302,1,19,0
28-07 16:04:19,22.011,8.004,69.034,0,0,6429312,5095772,396444,4321188,44289.663,22208.863,0,76.037,0,6.003,2900,2693,1.450,2.150,1.950,3,0,3.001,0,0,28,302,1,19,0
28-07 16:04:20,25.757,6.002,66.769,0,0,6463372,5061652,396496,4321196,30121.446,14986.202,0,516.145,0,45.013,3255,3281,1.450,2.150,1.950,2,0,1.000,0,0,28,302,1,19,0
28-07 16:04:21,33.252,10.001,55.003,0.250,0,6486756,5038216,396528,4321212,30469.607,16814.887,0,2340.123,0,411.022,4701,3619,1.450,2.150,1.950,1,0,4.000,0,0,28,304,1,8,2
28-07 16:04:22,23.780,5.757,69.338,0,0,6438596,5086348,396532,4321236,44791.639,23373.556,0,80.101,0,3.004,2864,2619,1.450,2.150,1.950,1,0,7.009,0,0,28,300,1,8,2
28-07 16:04:23,23.996,5.249,69.739,0,0,6438588,5086348,396540,4321236,60038.628,31487.085,0,303.953,0,13.998,2694,2501,1.410,2.130,1.940,1,0,0,0,0,28,300,1,8,2
28-07 16:04:24,22.512,8.004,68.038,0,0,6458396,5066512,396568,4321236,44547.621,573767.118,0,168.093,0,20.011,3349,3077,1.410,2.130,1.940,1,0,2.001,0,0,28,300,1,8,2
28-07 16:04:25,24.316,6.451,66.994,0,0,6471856,5052904,396568,4321380,29402.029,14708.955,0,75.431,0,3.970,3640,3661,1.410,2.130,1.940,2,0,3.970,0,0,28,304,1,8,2
28-07 16:04:26,26.396,5.782,67.373,0,0,6413332,5111416,396572,4321388,30226.175,16513.332,0,370.047,0,20.111,3014,2686,1.410,2.130,1.940,4,0,16.089,0,0,28,300,1,9,2
28-07 16:04:27,22.997,9.249,66.240,0,0,6447756,5076948,396596,4321408,46003.335,24093.509,3.999,199.971,1.000,14.998,3195,3171,1.410,2.130,1.940,3,0,1.000,0,0,28,300,1,9,2
28-07 16:04:28,24.035,5.758,69.853,0,0,6447920,5076784,396596,4321408,30090.402,14841.901,0,0,0,0,2663,2488,1.380,2.120,1.940,1,0,2.003,0,0,28,300,1,9,2
28-07 16:04:29,25.982,3.997,69.203,0,0,6447896,5076784,396616,4321412,29691.831,14861.905,0,95.935,0,11.992,2838,2687,1.380,2.120,1.940,1,0,0,0,0,28,300,1,9,2
28-07 16:04:30,11.017,21.032,66.100,0,0,6390244,5134248,396644,4321568,32189.856,17360.349,512.778,440.669,4.006,28.043,4519,3965,1.380,2.120,1.940,1,0,106.161,0,0,28,300,1,8,2
28-07 16:04:31,7.243,23.726,65.933,0,0,6386724,5137756,396644,4321576,60574.545,33869.638,0,223.773,0,1.998,4779,3830,1.380,2.120,1.940,1,0,126.871,0,0,28,300,1,8,2
28-07 16:04:32,7.237,25.456,65.137,0,0,6386772,5137696,396652,4321580,61452.524,32859.066,0,395.315,0,16.971,4995,3851,1.380,2.120,1.940,2,0,158.725,0,0,28,300,1,8,2
28-07 16:04:33,7.513,22.540,67.369,0,0,6371420,5152980,396656,4321644,46167.789,53582.925,0,76.135,0,4.007,4631,3692,1.430,2.110,1.940,1,0,136.241,0,0,28,300,1,8,2
28-07 16:04:34,15.502,16.002,67.509,0,0,6362920,5161476,396656,4321648,61867.562,34344.753,0,0,0,0,3975,3427,1.430,2.110,1.940,1,0,91.013,0,0,28,300,1,8,2
28-07 16:04:35,22.763,8.005,68.040,0,0,6368700,5155680,396660,4321660,42256.757,560780.550,0,216.127,0,9.005,3081,2919,1.430,2.110,1.940,1,0,19.011,0,0,28,300,1,8,2
28-07 16:04:36,20.729,6.993,71.178,0,0,6380632,5143748,396660,4321660,45014.593,22851.949,0,323.674,0,69.929,2877,2539,1.430,2.110,1.940,1,0,17.982,0,0,28,301,1,8,2
28-07 16:04:37,20.252,3.000,75.258,0,0,6389416,5133712,396684,4322808,35814.000,17421.946,0,440.049,0,22.002,2553,2503,1.430,2.110,1.940,1,0,2.000,0,0,28,301,1,8,2
28-07 16:04:38,24.733,7.745,65.956,0,0,6384636,5132088,396704,4327936,46849.576,25224.081,0,791.469,0,13.991,3083,2964,1.400,2.100,1.930,1,0,2.998,0,0,28,300,1,7,2
28-07 16:04:39,23.739,10.495,62.471,0,0,6391032,5124752,396712,4328752,45489.177,22979.481,0,347.841,0,6.997,6933,12940,1.400,2.100,1.930,1,0,5.997,0,0,28,300,1,7,2
28-07 16:04:40,19.015,8.256,71.055,0,0,6390232,5125076,396748,4329076,33757.316,16292.701,0,820.640,0,41.032,3081,3156,1.400,2.100,1.930,2,0,9.007,0,0,28,301,1,7,2
28-07 16:04:41,20.015,7.756,70.802,0,0,6417524,5097520,396760,4329284,62999.860,42183.707,0,224.163,0,10.007,3379,4030,1.400,2.100,1.930,3,0,5.004,0,0,28,301,1,7,2
28-07 16:04:42,25.981,16.912,52.697,0,0,6430688,5084312,396776,4329920,29699.480,14594.344,0,278.436,0,13.726,6470,12243,1.400,2.100,1.930,4,0,41.177,0,0,28,301,1,7,2
28-07 16:04:43,27.478,14.502,58.518,0,0,6413268,5101668,396780,4329300,30512.878,14984.711,0,455.933,0,13.230,3619,10446,1.770,2.160,1.960,2,0,11.195,0,0,28,301,1,8,2
28-07 16:04:44,16.781,12.773,68.625,0,0,6375112,5146608,396940,4323340,61491.203,33122.439,0,713.302,0,33.060,3937,3626,1.770,2.160,1.960,1,0,63.115,0,0,28,300,1,8,2
28-07 16:04:45,7.503,23.759,66.774,0,0,6377420,5144276,396940,4323348,45748.522,26251.481,0,4.001,0,1.000,4756,3815,1.770,2.160,1.960,2,0,145.052,0,0,28,300,1,8,2
28-07 16:04:46,16.516,16.516,65.064,0,0,6387308,5134380,396956,4323344,70846.906,609527.435,0,472.466,0,9.009,4066,3469,1.770,2.160,1.960,1,0,65.064,0,0,28,300,1,7,2
28-07 16:04:47,26.503,4.751,68.008,0,0,6409148,5112536,396956,4323348,30263.746,14593.806,0,1988.246,0,401.050,3273,2289,1.770,2.160,1.960,2,0,0,0,0,28,300,1,7,2
28-07 16:04:48,25.231,6.245,66.950,0,0,6432312,5089092,396972,4323612,29868.525,14742.907,0,143.892,0,10.992,2978,2748,1.780,2.160,1.960,1,0,0,0,0,28,304,1,10,2
28-07 16:04:49,22.230,13.488,62.444,0,0,6389072,5132308,396972,4323636,32231.126,17956.913,0,0,0,0,4591,4173,1.780,2.160,1.960,2,0,58.947,0,0,28,300,1,11,2
28-07 16:04:50,16.518,15.016,67.073,0.250,0,6410020,5111336,396992,4323640,45192.362,23763.956,0,168.184,0,18.020,3664,3457,1.780,2.160,1.960,2,0,59.065,0,0,28,300,1,11,2
28-07 16:04:51,23.492,5.498,69.475,0,0,6433144,5088212,396992,4323640,44458.076,22108.081,0,7.997,0,1.999,2780,2569,1.780,2.160,1.960,1,0,0,0,0,28,300,1,12,2
28-07 16:04:52,24.228,5.245,68.936,0,0,6442736,5078588,397008,4323656,15302.884,7289.276,0,271.749,0,14.986,2882,2747,1.780,2.160,1.960,1,0,1.998,0,0,28,300,1,12,2
28-07 16:04:53,14.384,15.898,68.892,0,0,6398628,5122696,397008,4323656,30100.507,15871.910,0,48.452,0,3.028,3610,3189,1.720,2.140,1.950,2,0,70.658,0,0,28,300,1,12,2
28-07 16:04:54,22.805,5.701,69.904,0,0,6399336,5121980,397016,4323656,44112.585,22045.881,0,79.323,0,3.966,2627,2471,1.720,2.140,1.950,1,0,0,0,0,28,300,1,11,2
28-07 16:04:55,24.993,5.748,68.730,0,0,6420872,5100440,397016,4323660,29403.258,14911.567,0,3.999,0,1.000,2863,2557,1.720,2.140,1.950,1,0,1.999,0,0,28,300,1,11,2
28-07 16:04:56,19.153,10.944,67.656,0,0,6385840,5135328,397016,4323804,15183.850,7485.963,0,3.980,0,0.995,3665,3178,1.720,2.140,1.950,1,0,56.712,0,0,28,300,1,12,2
28-07 16:04:57,21.386,8.303,69.441,0,0,6426036,5095112,397032,4323808,45432.448,25630.728,0,358.275,0,17.109,2858,2962,1.720,2.140,1.950,1,0,0,0,0,28,300,1,12,2
28-07 16:04:58,26.978,8.243,63.448,0,0,6486140,5034996,397040,4323812,30370.236,15131.662,0,235.808,0,10.991,3033,2684,1.660,2.120,1.950,1,0,2.998,0,0,28,300,1,11,2
28-07 16:04:59,21.447,8.978,67.334,0.249,0,6448224,5072864,397072,4323828,29501.453,15188.649,0,231.431,0,23.941,3653,3502,1.660,2.120,1.950,1,0,31.922,0,0,28,300,1,13,2
28-07 16:05:00,24.330,8.779,66.718,0,0,6442072,5078988,397092,4323836,45588.139,591132.853,0,120.394,0,14.046,3564,3532,1.660,2.120,1.950,1,0,1.003,0,0,28,300,1,13,2
28-07 16:05:01,23.240,5.498,69.721,0,0,6452304,5068752,397092,4323840,44489.458,21944.854,0,0,0,0,2821,2586,1.660,2.120,1.950,2,0,1.999,0,0,28,300,1,13,2
28-07 16:05:02,25.258,6.002,66.772,0,0,6390472,5130488,397156,4323872,18577.126,7430.450,0,1176.388,0,73.024,3570,3677,1.660,2.120,1.950,2,0,3.001,0,0,28,300,0,13,2
28-07 16:05:03,26.204,15.473,56.650,0,0,6413080,5107832,397188,4323888,56893.082,32604.166,0,2671.262,0,494.124,5537,4638,1.610,2.100,1.940,2,0,46.917,0,0,28,300,1,13,2
28-07 16:05:04,24.012,5.753,69.035,0,0,6450160,5070744,397188,4323896,29546.129,14953.657,0,0,0,0,2851,2700,1.610,2.100,1.940,2,0,4.002,0,0,28,300,1,14,2
28-07 16:05:05,21.775,8.510,69.080,0,0,6431212,5089668,397200,4323908,30371.349,14881.320,0,316.368,0,15.017,3242,2932,1.610,2.100,1.940,1,0,24.028,0,0,28,300,1,17,2
28-07 16:05:06,19.445,8.975,69.553,0,0,6449528,5071352,397200,4323908,30474.607,16042.521,0,3.989,0,0.997,2919,2890,1.610,2.100,1.940,4,0,8.975,0,0,28,300,1,17,2
28-07 16:05:07,24.052,5.261,69.150,0,0,6476004,5044868,397200,4323916,44588.478,22001.606,0,849.839,0,92.199,3026,2689,1.610,2.100,1.940,1,0,2.004,0,0,28,300,1,17,2
28-07 16:05:08,21.006,9.753,67.770,0,0,6382340,5138496,397220,4323932,30469.799,15956.608,0,372.107,0,32.009,3758,3585,1.560,2.080,1.930,1,0,38.011,0,0,28,300,1,17,2
28-07 16:05:09,8.248,23.995,65.236,0,0,6379804,5140884,397268,4324032,60807.083,34210.733,0,23.995,0,5.999,5113,4271,1.560,2.080,1.930,3,0,142.970,0,0,28,301,1,17,2
28-07 16:05:10,11.007,5.754,81.054,0.250,0,6380524,5139916,397340,4324204,65651.631,33088.990,0,1136.755,0,73.049,3430,4275,1.560,2.080,1.930,0,0,6.004,0,0,28,302,1,19,2
28-07 16:05:11,10.247,21.743,65.480,0,0,6363324,5157008,397388,4324264,66374.422,477183.060,0,123.962,0,11.996,5119,4171,1.560,2.080,1.930,0,0,124.961,0,0,28,300,2,18,2
28-07 16:05:12,12.738,9.991,75.930,0,0,6372220,5147192,397404,4325164,69884.490,162542.958,0,299.723,0,20.981,3199,3365,1.560,2.080,1.930,3,0,18.982,0,0,28,300,1,19,2
28-07 16:05:13,10.258,24.770,62.550,0,0,6350964,5169272,397416,4324328,45588.361,26216.911,0,288.230,0,18.014,5204,4359,1.520,2.060,1.930,3,0,141.113,0,0,28,300,1,19,2
28-07 16:05:14,19.258,15.006,64.025,0,0,6390984,5129220,397452,4324324,62049.677,33415.289,0,224.089,0,19.008,4001,3665,1.520,2.060,1.930,2,0,57.023,0,0,28,300,1,19,2
28-07 16:05:15,20.461,8.983,68.870,0,0,6414828,5096916,397952,4331240,44879.021,22872.690,39.924,523.010,1.996,6.987,2923,2630,1.520,2.060,1.930,1,0,2.994,0,0,28,300,1,19,2
28-07 16:05:16,25.021,5.004,69.808,0.250,0,6424284,5083048,398164,4334876,44673.332,23239.421,0,932.779,0,14.012,2862,2765,1.520,2.060,1.930,2,0,3.003,0,0,28,300,1,19,2
28-07 16:05:17,15.771,8.011,74.600,0.250,0,6430128,5076408,398216,4335472,35231.263,17927.049,0,2078.789,0,24.032,2825,2722,1.520,2.060,1.930,2,0,23.031,0,0,28,301,1,19,2
28-07 16:05:18,18.330,5.450,73.816,0,0,6393588,5109372,398356,4338704,20673.477,9511.880,0,4165.411,0,502.346,3498,2950,1.550,2.060,1.930,1,0,1.982,0,0,28,300,1,19,2
28-07 16:05:19,17.820,10.793,68.772,1.757,0,6373536,5126628,398416,4341336,30185.399,16457.097,1309.178,2136.451,20.079,53.210,3869,3711,1.550,2.060,1.930,1,0,48.191,0,0,28,300,1,19,2
28-07 16:05:20,10.275,22.305,64.910,0,0,6355484,5144008,398484,4341888,46385.408,26304.880,72.178,1531.778,2.005,70.173,5326,4688,1.550,2.060,1.930,2,0,149.368,0,0,28,300,1,19,2
28-07 16:05:21,12.013,21.272,64.317,0,0,6356148,5143316,398500,4341896,60579.266,31793.203,0,228.238,0,22.023,4476,3796,1.550,2.060,1.930,2,0,106.111,0,0,28,300,1,20,2
28-07 16:05:22,26.258,8.002,64.519,0,0,6396868,5102576,398508,4341904,46146.563,573451.539,0,300.088,0,5.001,3556,3115,1.550,2.060,1.930,2,0,3.001,0,0,28,300,1,20,2
28-07 16:05:23,24.527,6.006,68.824,0,0,6419784,5079656,398508,4341908,29624.014,15234.463,0,0,0,0,2690,2391,1.510,2.040,1.920,1,0,0,0,0,28,300,1,19,1
28-07 16:05:24,20.006,10.003,68.019,0,0,6384708,5114700,398520,4341928,30373.429,19203.329,0,72.020,0,7.002,3652,3336,1.510,2.040,1.920,1,0,47.013,0,0,28,300,1,19,1
28-07 16:05:25,21.726,7.242,68.924,0,0,6416324,5083080,398520,4341932,44464.827,22874.703,0,35.960,0,1.998,2849,2827,1.510,2.040,1.920,1,0,1.998,0,0,28,300,1,19,1
28-07 16:05:26,24.750,6.000,69.001,0,0,6447960,5051436,398520,4341936,29837.226,15240.116,0,4.000,0,1.000,2804,2564,1.510,2.040,1.920,1,0,1.000,0,0,28,300,1,20,1
28-07 16:05:27,23.731,6.495,68.194,0.250,0,6423328,5076032,398544,4341940,14963.754,7355.980,0,303.751,0,27.977,3440,3501,1.510,2.040,1.920,1,0,13.989,0,0,28,300,1,19,1
28-07 16:05:28,21.275,7.258,69.831,0,0,6419548,5079808,398544,4341944,31829.951,16298.921,0,0,0,0,2596,2463,1.470,2.030,1.920,1,0,2.002,0,0,28,300,1,19,1
28-07 16:05:29,23.744,5.749,69.232,0,0,6436016,5063296,398576,4341956,44196.622,22096.311,0,227.941,0,18.995,3039,2966,1.470,2.030,1.920,1,0,0,0,0,28,300,1,19,1
28-07 16:05:30,27.080,8.695,61.364,0.248,0,6432488,5066428,398888,4342036,15824.507,7476.990,0,1148.777,0,152.044,5621,7336,1.470,2.030,1.920,2,0,0.994,0,0,28,301,1,19,1
28-07 16:05:31,27.157,9.052,63.116,0,0,6386076,5112668,399024,4342064,30285.508,17690.519,0,639.707,0,74.431,4078,4591,1.470,2.030,1.920,1,0,7.041,0,0,28,300,1,19,1
28-07 16:05:32,22.770,5.755,70.062,0,0,6406808,5091892,399064,4342068,44306.039,22171.536,0,188.166,0,16.014,2626,2449,1.470,2.030,1.920,1,0,0,0,0,28,300,1,19,1
28-07 16:05:33,26.223,6.993,64.934,0,0,6421180,5077208,399228,4342216,34803.506,17818.828,0,3420.512,0,165.831,3732,3732,1.430,2.010,1.910,2,0,0,0,0,28,301,1,19,1
28-07 16:05:34,22.711,9.983,64.888,0,0,6421548,5076628,399412,4342240,15128.824,7658.749,0,930.390,0,128.777,5066,6318,1.430,2.010,1.910,1,0,1.997,0,0,28,301,1,19,1
28-07 16:05:35,21.286,11.019,66.112,0.250,0,6351092,5146896,399572,4342264,15061.552,7308.399,0,613.040,0,73.124,4323,4589,1.430,2.010,1.910,2,0,41.070,0,0,28,300,1,19,1
28-07 16:05:36,7.260,26.536,62.836,0,0,6352180,5145780,399592,4342268,61018.887,34072.842,0,220.303,0,13.018,5168,4071,1.430,2.010,1.910,1,0,172.237,0,0,28,300,1,19,1
28-07 16:05:37,9.474,27.426,61.085,0,0,6352172,5145600,399764,4342276,77129.145,616263.234,0,2413.496,0,115.688,6019,4691,1.430,2.010,1.910,1,0,166.551,0,0,28,300,1,19,1
28-07 16:05:38,7.516,26.556,63.132,0,0,6356536,5141200,399796,4342276,45989.465,23823.972,0,252.530,0,17.036,5090,4049,1.400,1.990,1.910,1,0,168.353,0,0,28,300,1,19,1
28-07 16:05:39,7.257,27.027,63.313,0,0,6357528,5140200,399804,4342276,60764.408,31983.796,0,2526.512,0,459.457,5694,3913,1.400,1.990,1.910,1,0,161.160,0,0,28,300,1,19,1
28-07 16:05:40,8.737,26.460,62.406,0.250,0,6349360,5148316,399848,4342284,61055.290,32181.661,0,235.646,0,23.964,5267,4191,1.400,1.990,1.910,1,0,170.744,0,0,28,300,1,19,1
28-07 16:05:41,7.753,26.012,63.528,0,0,6352380,5145296,399848,4342284,60669.141,31906.273,0,16.007,0,4.002,4966,3742,1.400,1.990,1.910,3,0,169.076,0,0,28,300,1,19,1
28-07 16:05:42,11.763,28.031,58.064,0,0,6387996,5109640,399880,4342288,61046.677,32311.821,0,404.448,0,27.030,5335,4154,1.400,1.990,1.910,1,0,163.181,0,0,28,300,1,19,1
28-07 16:05:43,20.704,34.424,42.656,0,0,6380092,5117508,399916,4342292,45840.137,23576.125,0,1959.688,0,113.750,6087,14487,1.360,1.970,1.900,4,0,198.563,0,0,28,300,1,19,1
28-07 16:05:44,11.760,27.773,58.549,0,0,6374628,5122908,399964,4342308,69791.825,472479.239,0,216.182,0,24.020,5672,4759,1.360,1.970,1.900,3,0,168.142,0,0,28,300,1,19,1
28-07 16:05:45,7.498,25.993,63.734,0,0,6371916,5125568,400004,4342316,63019.697,146678.056,0,307.920,0,21.994,5243,4327,1.360,1.970,1.900,1,0,164.957,0,0,28,300,1,19,1
28-07 16:05:46,7.238,26.957,63.148,0,0,6369360,5128120,400004,4342320,61438.203,31998.544,0,15.974,0,3.994,5086,3831,1.360,1.970,1.900,1,0,174.719,0,0,28,300,1,19,1
28-07 16:05:47,7.518,26.314,64.406,0,0,6369328,5128124,400032,4342320,45722.930,23813.776,0,509.235,0,25.061,5026,3826,1.360,1.970,1.900,1,0,165.401,0,0,28,300,1,19,1
28-07 16:05:48,8.199,30.062,59.379,0,0,6350568,5146816,400040,4342376,60317.697,32039.584,0,11197.954,0,51.677,5229,3905,1.340,1.960,1.900,3,0,169.937,0,0,28,300,1,19,1
28-07 16:05:49,8.045,25.894,63.605,0,0,6348820,5148536,400056,4342380,60855.240,32042.623,0,374.085,0,11.062,5083,3947,1.340,1.960,1.900,1,0,162.908,0,0,28,300,1,19,1
28-07 16:05:50,7.502,27.006,63.015,0,0,6338904,5158396,400104,4342384,61027.551,32103.654,0,372.089,0,25.006,5333,4353,1.340,1.960,1.900,1,0,168.040,0,0,28,300,1,19,1
28-07 16:05:51,8.506,25.517,64.042,0,0,6342416,5154880,400104,4342388,45702.031,24323.983,0,16.011,0,4.003,5080,4039,1.340,1.960,1.900,1,0,162.107,0,0,28,300,1,20,1
28-07 16:05:52,7.245,25.733,64.457,0.250,0,6342412,5154876,400120,4342380,61062.369,32548.342,0,247.835,0,17.988,4994,3958,1.340,1.960,1.900,2,0,160.893,0,0,28,300,1,15,1
28-07 16:05:53,8.499,26.748,62.745,0,0,6345276,5152004,400120,4342388,70314.581,592228.354,0,3371.740,0,18.999,5337,4078,1.470,1.980,1.910,1,0,159.988,0,0,28,300,1,15,1
28-07 16:05:54,8.246,26.488,62.721,0,0,6347432,5149740,400212,4342404,61313.634,33126.674,0,555.743,0,41.981,5173,4322,1.470,1.980,1.910,2,0,163.924,0,0,28,300,1,15,1
28-07 16:05:55,11.010,28.024,58.551,0,0,6346660,5150500,400212,4342416,47264.892,25094.711,0,1265.095,0,269.233,5867,4390,1.470,1.980,1.910,4,0,164.142,0,0,28,300,1,15,1
28-07 16:05:56,8.005,25.767,63.791,0,0,6345376,5151784,400212,4342416,60548.015,32394.874,0,20.013,0,5.003,5033,3861,1.470,1.980,1.910,1,0,161.104,0,0,28,300,1,16,1
28-07 16:05:57,7.477,26.169,63.554,0,0,6346820,5150284,400260,4342416,60329.719,31534.630,0,326.990,0,21.932,5160,4133,1.470,1.980,1.910,1,0,153.526,0,0,28,300,1,16,1
28-07 16:05:58,8.019,25.561,63.903,0,0,6351052,5145888,400416,4342424,61026.712,32970.723,0,3488.329,0,159.381,5335,4375,1.430,1.960,1.900,1,0,153.366,0,0,28,300,1,16,1
28-07 16:05:59,17.494,12.495,67.975,0,0,6371656,5125228,400448,4342448,45007.753,24477.164,0,343.876,0,20.992,4068,3707,1.430,1.960,1.900,2,0,88.968,0,0,28,300,1,16,1
28-07 16:06:00,12.315,17.593,69.115,0,0,6388020,5225012,400468,4238116,45032.550,22327.781,0,1962.352,0,18.095,2997,3182,1.430,1.960,1.900,1,0,1.005,0,0,28,300,1,13,1
28-07 16:06:01,20.899,8.708,68.918,0,0,6379472,5224428,401000,4246120,51298.661,452273.346,0,7.962,0,1.990,3084,3117,1.430,1.960,1.900,1,0,5.971,0,0,28,300,1,13,1
28-07 16:06:02,22.958,6.738,69.123,0,0,6403668,5196764,401192,4249000,48033.814,144197.267,0,1066.043,0,15.971,3022,2775,1.430,1.960,1.900,2,0,16.969,0,0,28,300,1,13,1
28-07 16:06:03,16.781,3.256,79.399,0,0,6403556,5196540,401228,4249256,36304.092,17514.851,0,280.526,0,9.017,2236,2361,1.400,1.940,1.900,1,0,0,0,0,28,301,1,13,1
28-07 16:06:04,17.499,4.000,76.995,0,0,6412708,5187244,401272,4249352,23876.298,13439.042,0,835.940,0,30.998,2553,2626,1.400,1.940,1.900,1,0,4.000,0,0,28,301,1,13,1
28-07 16:06:05,11.497,2.999,83.976,0,0,6412676,5187020,401316,4249508,24689.088,13955.093,0,1931.459,0,253.929,2583,2556,1.400,1.940,1.900,2,0,0,0,0,28,301,1,13,1
28-07 16:06:06,18.239,3.998,76.204,0,0,6412484,5186796,401360,4249804,27192.732,16760.973,0,927.445,0,27.983,2679,2850,1.400,1.940,1.900,0,0,0.999,0,0,28,301,1,13,1
28-07 16:06:07,17.990,3.498,77.458,0.250,0,6432228,5166900,401380,4249892,22035.103,12288.365,0,675.635,0,24.987,2331,2461,1.400,1.940,1.900,0,0,1.999,0,0,28,301,1,13,1
28-07 16:06:08,15.952,2.742,79.759,0,0,6432096,5166660,401420,4250180,26536.953,14605.942,0,949.137,0,29.910,2232,2373,1.360,1.930,1.890,0,0,0,0,0,28,301,1,9,1
28-07 16:06:09,18.558,3.009,77.744,0,0,6439644,5158848,401444,4250380,8949.100,5211.363,0,746.343,0,22.069,2224,2287,1.360,1.930,1.890,1,0,0,0,0,28,301,1,9,1
28-07 16:06:10,20.022,4.004,74.831,0,0,6447432,5150784,401516,4250540,22925.686,13302.324,0,924.996,0,44.047,2892,3286,1.360,1.930,1.890,1,0,3.003,0,0,28,301,1,9,1
28-07 16:06:11,22.739,5.497,69.965,0.250,0,6450936,5134908,401588,4262796,23526.349,12739.691,0,883.562,0,32.984,3135,3347,1.360,1.930,1.890,1,0,4.998,0,0,28,301,1,11,1
28-07 16:06:12,27.477,7.744,63.198,0,0,6481092,5094228,401732,4272888,418.656,73.939,0,595.511,0,31.974,3003,2890,1.360,1.930,1.890,3,0,3.997,0,0,28,301,1,8,1
28-07 16:06:13,25.529,7.509,65.325,0.250,0,6482572,5080180,402532,4283028,240.276,0,4.005,2094.405,1.001,73.084,3385,3459,1.420,1.930,1.890,3,0,3.003,0,0,28,301,1,8,1
28-07 16:06:14,30.984,10.744,56.971,0.250,0,6488976,5059620,402980,4295360,15210.128,7829.947,0,6244.768,0,234.878,3938,3506,1.420,1.930,1.890,4,0,0.999,0,0,28,301,1,9,1
28-07 16:06:15,28.259,4.501,66.021,0,0,6476660,5066996,403100,4299556,447.145,0,0,40.013,0,2.001,2883,2699,1.420,1.930,1.890,3,0,0,0,0,28,301,1,9,1
28-07 16:06:16,23.263,6.003,69.540,0,0,6467356,5057768,403648,4316228,15781.090,8080.654,0,1949.123,0,72.041,3064,3075,1.420,1.930,1.890,2,0,3.002,0,0,28,301,1,8,1
28-07 16:06:17,26.447,8.982,63.123,0.249,0,6457300,5055652,404492,4325772,1626.733,1350.288,0,2271.438,0,89.820,3398,3327,1.420,1.930,1.890,1,0,5.988,0,0,28,301,1,8,1
28-07 16:06:18,22.907,5.478,69.715,0.249,0,6450076,5045464,405336,4340264,1424.188,0,0,1677.156,0,60.752,2830,2886,1.380,1.910,1.890,2,0,0,0,0,28,301,1,8,1
28-07 16:06:19,23.601,5.021,69.798,0,0,6451388,5025680,406024,4356316,6967.779,2245.597,0,1349.769,0,47.202,2867,2896,1.380,1.910,1.890,1,0,2.009,0,0,28,301,1,8,1
28-07 16:06:20,24.275,5.756,67.819,0.250,0,6396992,5092584,406428,4342576,8507.701,5874.008,0,1585.622,0,73.075,3311,3446,1.380,1.910,1.890,1,0,3.003,0,0,28,300,1,8,1
28-07 16:06:21,20.741,9.746,68.221,0,0,6425144,5064360,406468,4342608,761.671,0,0,2175.060,0,360.844,3437,2761,1.380,1.910,1.890,2,0,17.992,0,0,28,300,1,9,1
28-07 16:06:22,17.008,6.253,76.284,0,0,6447032,5042464,406476,4342608,4708.128,1236.559,0,76.034,0,4.002,2408,2388,1.380,1.910,1.890,1,0,19.009,0,0,28,301,1,9,1
28-07 16:06:23,19.731,4.995,73.180,0,0,6438336,5045576,406500,4347572,17991.760,9825.585,0,1218.832,0,18.982,2494,2399,1.270,1.880,1.880,1,0,1.998,0,0,28,300,1,9,1
28-07 16:06:24,23.549,7.516,68.644,0,0,6461016,5021412,406508,4348868,44955.485,23254.876,0,300.632,0,8.017,2809,2679,1.270,1.880,1.880,1,0,2.004,0,0,28,300,1,8,1
28-07 16:06:25,22.999,9.999,63.496,0,0,6464684,5016620,406508,4349872,29650.074,14915.031,0,4.000,0,1.000,7357,13714,1.270,1.880,1.880,1,0,8.999,0,0,28,300,1,8,1
28-07 16:06:26,20.570,9.281,69.736,0,0,6449168,5031936,406512,4350028,15086.015,7712.079,0,1653.592,0,9.031,2653,2506,1.270,1.880,1.880,1,0,7.024,0,0,28,300,1,9,1
28-07 16:06:27,22.408,10.706,62.742,0,0,6450164,5030860,406560,4350056,14914.696,7427.471,0,362.510,0,26.889,7240,13600,1.270,1.880,1.880,1,0,8.963,0,0,28,300,1,9,1
28-07 16:06:28,19.270,13.014,66.319,0,0,6450592,5030356,406564,4350124,16682.482,8886.312,0,352.369,0,10.010,2993,2706,1.490,1.920,1.890,1,0,10.010,0,0,28,300,1,8,1
28-07 16:06:29,22.222,7.740,68.664,0,0,6406320,5082804,406632,4342712,15077.115,7434.688,0,503.370,0,24.969,2959,3008,1.490,1.920,1.890,1,0,2.996,0,0,28,300,1,8,1
28-07 16:06:30,22.268,7.506,68.805,0,0,6392768,5096308,406660,4342736,30833.641,16513.197,0,432.346,0,14.011,3691,3835,1.490,1.920,1.890,1,0,48.038,0,0,28,300,1,8,1
28-07 16:06:31,23.760,10.504,62.776,0,0,6400800,5088272,406660,4342740,51222.553,454823.374,0,0,0,0,7652,14253,1.490,1.920,1.890,2,0,6.003,0,0,28,300,1,8,1
28-07 16:06:32,20.206,8.980,69.099,0,0,6416612,5072428,406684,4342748,64197.371,167425.244,0,550.793,0,16.963,3086,2736,1.490,1.920,1.890,3,0,22.950,0,0,28,300,1,8,1
28-07 16:06:33,19.289,6.513,72.396,0,0,6445044,5043984,406688,4342756,29796.891,15500.155,0,100.201,0,4.008,2571,2486,1.450,1.900,1.880,1,0,18.036,0,0,28,301,1,8,1
28-07 16:06:34,18.477,6.492,73.908,0.250,0,6460964,5022368,406716,4347856,36106.236,17749.994,0,12336.705,0,68.915,2695,2546,1.450,1.900,1.880,1,0,0.999,0,0,28,300,1,8,1
28-07 16:06:35,23.257,6.320,70.782,0,0,6452300,5029720,406716,4349012,15022.051,7444.288,0,0,0,0,2754,2634,1.450,1.900,1.880,1,0,5.056,0,0,28,300,1,8,1
28-07 16:06:36,23.289,9.167,63.424,0,0,6451344,5029720,406716,4349872,14899.721,7295.760,0,3.964,0,0.991,7033,13554,1.450,1.900,1.880,1,0,9.910,0,0,28,300,1,8,1
28-07 16:06:37,19.204,9.727,70.084,0,0,6404592,5076084,406720,4350164,14940.560,7344.578,0,626.514,0,7.981,2748,2524,1.450,1.900,1.880,1,0,3.991,0,0,28,300,1,8,1
28-07 16:06:38,20.709,12.226,62.876,0,0,6418188,5062448,406732,4350192,11065.183,3730.644,0,171.662,0,11.976,6612,11526,1.410,1.890,1.880,2,0,13.972,0,0,28,300,1,8,1
28-07 16:06:39,19.427,12.702,66.001,0,0,6418948,5061472,406740,4350360,5786.132,5039.952,0,342.705,0,7.970,3077,2796,1.410,1.890,1.880,2,0,6.974,0,0,28,300,1,8,1
28-07 16:06:40,21.907,9.317,68.993,0,0,6405060,5083676,406812,4342776,14961.951,7348.529,0,733.241,0,35.252,3129,3153,1.410,1.890,1.880,1,0,5.036,0,0,28,300,1,8,1
28-07 16:06:41,20.717,8.237,69.639,0,0,6409596,5079140,406812,4342776,820.697,0,0,19.968,0,1.997,2755,2486,1.410,1.890,1.880,1,0,19.968,0,0,28,300,1,8,1
28-07 16:06:42,19.255,11.753,67.769,0,0,6388184,5100504,406844,4342792,45941.633,35181.675,0,544.150,0,29.008,3618,3103,1.410,1.890,1.880,2,0,54.015,0,0,28,300,1,8,1
28-07 16:06:43,26.012,12.006,60.028,0,0,6427424,5061248,406860,4342792,44392.489,22030.168,0,296.137,0,11.005,3761,3468,1.380,1.870,1.870,3,0,55.025,0,0,28,300,1,8,1
28-07 16:06:44,33.531,20.269,44.541,0,0,6424708,5063952,406876,4342800,45598.917,25835.750,0,29619.228,0,192.177,8848,21624,1.380,1.870,1.870,1,0,31.029,0,0,28,300,1,9,1
28-07 16:06:45,20.761,8.004,69.537,0,0,6435704,5052948,406876,4342808,44177.533,22710.098,0,8.004,0,1.001,2957,2798,1.380,1.870,1.870,1,0,18.010,0,0,28,300,1,8,1
28-07 16:06:46,14.718,6.486,78.332,0,0,6441656,5047044,406880,4342820,35936.929,17509.449,0,886.100,0,15.966,2461,2505,1.380,1.870,1.870,3,0,17.961,0,0,28,301,1,8,1
28-07 16:06:47,22.536,6.009,69.359,0,0,6430772,5051128,406912,4348968,15444.376,7547.913,0,2600.104,0,314.496,3263,2701,1.380,1.870,1.870,4,0,4.006,0,0,28,300,1,8,1
28-07 16:06:48,22.972,10.238,63.174,0,0,6433212,5048356,406912,4349244,15283.499,7287.179,0,3.995,0,0.999,6472,11729,1.350,1.860,1.870,4,0,5.993,0,0,28,300,1,8,1
28-07 16:06:49,19.740,9.995,69.215,0,0,6452884,5027640,406920,4350136,15194.354,7764.093,0,371.813,0,9.995,3158,3513,1.350,1.860,1.870,3,0,7.996,0,0,28,300,1,8,1
28-07 16:06:50,26.036,19.026,50.820,0.501,0,6426384,5053908,406968,4350268,25658.552,432598.407,4.006,68783.306,1.001,256.355,8061,12482,1.350,1.860,1.870,1,0,10.014,0,0,28,300,1,8,1
28-07 16:06:51,17.512,12.009,69.049,0,0,6427012,5053152,406968,4350364,18229.003,133625.320,0,92.066,0,2.001,2984,2668,1.350,1.860,1.870,1,0,13.009,0,0,28,300,1,9,1
28-07 16:06:52,19.742,8.746,70.721,0,0,6401156,5087220,406996,4342868,478.807,0,0,983.603,0,23.990,2635,2669,1.350,1.860,1.870,1,0,1.000,0,0,28,300,1,9,1
28-07 16:06:53,20.500,7.000,69.999,1.250,0,6405616,5081668,407000,4343960,14855.832,7493.915,247.997,40.000,4.000,2.000,2629,2636,1.400,1.860,1.870,2,0,7.000,0,0,28,300,1,8,1
28-07 16:06:54,18.912,5.723,69.926,4.230,0,6416620,5068288,407004,4346032,15550.961,9004.288,390.192,27.871,9.954,2.986,2375,2443,1.400,1.860,1.870,1,0,0,0,0,28,300,1,8,1
28-07 16:06:55,24.822,7.773,65.190,0,0,6414680,5069880,407136,4346168,44665.203,22084.378,0,2695.859,0,92.269,5440,6547,1.400,1.860,1.870,1,0,0,0,0,28,302,1,9,1
28-07 16:06:56,23.965,7.988,65.404,0,0,6415920,5068464,407244,4346236,29667.252,14702.319,0,750.893,0,82.878,5310,6493,1.400,1.860,1.870,3,0,2.996,0,0,28,303,1,14,1
28-07 16:06:57,26.815,8.521,62.150,0,0,6415516,5068464,407584,4346300,15072.389,7476.049,0,4615.142,0,317.767,5536,6942,1.400,1.860,1.870,1,0,1.002,0,0,28,303,1,13,1
28-07 16:06:58,23.011,10.005,63.780,0.500,0,6361880,5121644,407744,4346596,15609.307,7365.448,128.060,1472.689,1.000,132.062,4844,5566,1.370,1.840,1.860,1,0,36.017,0,0,28,304,1,13,1
28-07 16:06:59,8.756,25.518,64.296,0,0,6365268,5118196,407760,4346640,61063.908,49739.766,0,252.181,0,19.014,5130,4326,1.370,1.840,1.860,2,0,157.113,0,0,28,304,1,13,1
28-07 16:07:00,8.501,24.253,65.008,0,0,6364728,5118700,407792,4346644,46189.907,24631.150,0,524.067,0,34.004,5059,4198,1.370,1.840,1.860,1,0,136.017,0,0,28,304,1,13,1
28-07 16:07:01,11.742,21.985,64.455,0,0,6372756,5110640,407804,4346664,62548.189,34786.634,0,239.832,0,8.994,4563,3745,1.370,1.840,1.860,2,0,92.935,0,0,28,304,1,13,1
28-07 16:07:02,16.005,9.503,72.524,0,0,6354508,5130752,407812,4344828,77005.757,38804.979,0,2908.973,0,497.166,3824,2841,1.370,1.840,1.860,0,0,21.007,0,0,28,304,1,15,1
28-07 16:07:03,9.243,12.240,76.440,0.250,0,6355628,5129580,407880,4344836,109431.497,542968.794,0,2637.915,0,86.931,3560,3335,1.260,1.810,1.850,0,0,25.979,0,0,28,305,1,15,1
28-07 16:07:04,3.253,2.002,93.573,0,0,6355828,5129356,407900,4344840,65683.017,23998.640,0,112.087,0,12.009,1939,2793,1.260,1.810,1.850,0,0,2.002,0,0,28,305,1,15,1
28-07 16:07:05,7.743,6.994,83.424,0,0,6350704,5134264,407928,4345044,59044.288,17503.078,0,951.135,0,22.979,2704,3072,1.260,1.810,1.850,0,0,13.987,0,0,28,304,1,15,1
28-07 16:07:06,6.252,10.754,81.528,0,0,6341324,5143616,407952,4345048,213659.609,67158.451,0,180.063,0,15.005,3560,3407,1.260,1.810,1.850,1,0,39.014,0,0,28,304,1,16,1
28-07 16:07:07,8.750,24.749,64.248,0,0,6344840,5140088,407956,4345056,44800.737,23301.343,0,91.997,0,4.000,5401,4014,1.260,1.810,1.850,1,0,226.994,0,0,28,304,1,16,1
28-07 16:07:08,14.657,14.409,63.845,3.726,0,6359004,5124520,408236,4345964,29908.077,14660.900,1112.933,512.744,100.363,40.741,4093,4031,1.160,1.780,1.840,2,0,77.508,0,0,28,304,1,16,1
28-07 16:07:09,11.571,8.301,69.926,9.055,0,6356332,5122868,408524,4349024,29944.630,14993.444,3364.520,32.196,591.608,3.018,3818,3903,1.160,1.780,1.840,3,0,2.012,0,0,28,304,1,16,1
28-07 16:07:10,12.981,5.492,67.401,12.482,0,6360452,5112884,408960,4353820,15800.777,7351.196,5200.357,107.842,272.599,12.981,3148,3595,1.160,1.780,1.840,2,0,0.999,0,0,28,304,1,16,1
28-07 16:07:11,24.239,10.995,59.974,1.999,0,6370248,5099304,409224,4354840,35798.347,8030.489,1171.488,303.867,88.961,29.987,4561,4728,1.160,1.780,1.840,1,0,4.998,0,0,28,305,1,18,1
28-07 16:07:12,23.566,9.025,65.935,0,0,6375980,5093536,409240,4354860,31537.325,17239.281,0,244.685,0,20.056,3308,3323,1.160,1.780,1.840,2,0,3.008,0,0,28,304,1,18,1
28-07 16:07:13,42.605,14.700,41.858,0,0,6275952,5193344,409284,4355024,54391.243,494500.276,0,458.443,0,42.854,5317,4996,1.150,1.770,1.840,4,0,6.976,0,0,28,295,0,20,1
28-07 16:07:14,70.924,15.593,13.330,0,0,5922376,5546736,409308,4355152,44939.894,22699.823,0,237.421,0,20.120,5428,4256,1.150,1.770,1.840,6,0,9.054,0,0,28,278,0,22,1
28-07 16:07:15,84.318,15.513,0,0,0,6062720,5406504,409328,4355028,29681.962,15030.134,0,196.158,0,15.012,5446,3359,1.150,1.770,1.840,6,0,3.002,0,0,28,274,0,23,1
28-07 16:07:16,78.813,19.211,0.246,0,0,6100512,5368708,409364,4354996,30354.875,14775.491,0,614.742,0,30.540,5414,3483,1.150,1.770,1.840,5,0,4.926,0,0,28,272,0,23,1
28-07 16:07:17,89.579,11.640,0.253,0,0,6178352,5290616,409392,4355220,44929.404,22422.190,0,206.488,0,12.146,5544,3693,1.150,1.770,1.840,6,0,6.073,0,0,28,272,0,27,1
28-07 16:07:18,76.037,16.008,7.504,0,0,6256864,5210768,409416,4356532,15102.334,7571.677,0,3753.823,0,648.315,8165,11643,1.780,1.890,1.880,4,0,6.003,0,0,28,280,1,29,1
28-07 16:07:19,59.851,12.666,26.325,0.248,0,6298048,5167676,409448,4358388,30194.796,15139.120,0,226.491,0,18.874,6598,9047,1.780,1.890,1.880,1,0,1.987,0,0,28,290,1,36,1
28-07 16:07:20,4.771,2.009,92.413,0,0,6306076,5159612,409464,4358408,15283.223,7728.499,0,188.843,0,20.090,1917,2841,1.780,1.890,1.880,0,0,0,0,0,28,290,1,36,1
28-07 16:07:21,3.002,2.251,93.560,0.250,0,6306096,5159612,409480,4358412,15105.731,7536.855,0,3918.524,0,194.125,1899,2338,1.780,1.890,1.880,0,0,0,0,0,28,290,1,37,1
28-07 16:07:22,2.749,1.999,93.971,0,0,6306076,5159612,409516,4358412,940.707,73.977,0,355.889,0,23.993,1639,2368,1.780,1.890,1.880,1,0,1.999,0,0,28,290,1,36,1
28-07 16:07:23,5.501,3.250,90.260,0,0,6306004,5159612,409568,4358432,19038.208,11068.284,0,492.057,0,42.005,2236,3159,1.710,1.870,1.870,1,0,0,0,0,28,290,1,36,1
28-07 16:07:24,2.501,1.750,94.770,0,0,6305996,5159612,409576,4358432,17494.747,9582.052,0,36.008,0,4.001,1468,2256,1.710,1.870,1.870,0,0,0,0,0,28,290,1,36,1
28-07 16:07:25,3.003,2.252,94.830,0,0,6306236,5159372,409576,4358432,360.305,74.063,0,4.003,0,1.001,1556,2279,1.710,1.870,1.870,0,0,2.002,0,0,28,290,1,36,1
28-07 16:07:26,2.250,3.501,92.264,0,0,6306712,5158896,409576,4358432,15277.284,7297.091,0,2580.386,0,12.002,1648,2274,1.710,1.870,1.870,0,0,1.000,0,0,28,290,1,37,1
28-07 16:07:27,2.997,2.248,93.656,0,0,6306672,5158896,409608,4358440,806.195,0,0,547.453,0,28.971,1781,2654,1.710,1.870,1.870,0,0,0,0,0,28,290,1,37,1
28-07 16:07:28,2.750,2.000,93.499,0,0,6306652,5158896,409628,4358440,15214.831,7619.915,0,91.999,0,13.000,1820,2680,1.580,1.840,1.860,1,0,2.000,0,0,28,290,1,37,1
28-07 16:07:29,3.501,2.001,94.033,0,0,6306616,5158896,409664,4358440,822.288,222.078,0,256.090,0,31.011,1914,2906,1.580,1.840,1.860,0,0,0,0,0,28,290,1,37,1
28-07 16:07:30,2.750,2.250,93.988,0,0,6306604,5158896,409676,4358440,478.936,0,0,187.975,0,19.997,1736,2588,1.580,1.840,1.860,0,0,0,0,0,28,290,1,36,1
28-07 16:07:31,1.999,1.999,94.724,0,0,6306600,5158896,409676,4358444,14971.879,7617.903,0,1223.663,0,5.998,1511,2265,1.580,1.840,1.860,0,0,1.999,0,0,28,290,1,36,1
28-07 16:07:32,1.750,1.500,94.986,0,0,6306600,5158896,409680,4358440,940.861,0,0,367.946,0,16.997,1423,2214,1.580,1.840,1.860,0,0,0,0,0,28,290,1,36,1
28-07 16:07:33,3.751,2.750,92.264,0,0,6306412,5158896,409840,4358468,687.104,0,0,3160.479,0,168.025,2383,3498,1.450,1.810,1.850,0,0,0,0,0,28,290,1,36,1
28-07 16:07:34,5.754,2.752,90.063,0,0,6306516,5158644,409848,4358608,16436.556,9127.417,0,48.034,0,3.002,2144,2928,1.450,1.810,1.850,0,0,2.001,0,0,28,290,1,36,1
28-07 16:07:35,2.250,1.750,95.000,0,0,6306516,5158644,409848,4358608,359.999,0,0,0,0,0,1469,2277,1.450,1.810,1.850,0,0,0,0,0,28,290,1,36,1
28-07 16:07:36,2.251,1.751,95.029,0,0,6306512,5158644,409852,4358608,659.200,0,0,108.033,0,8.002,1444,2231,1.450,1.810,1.850,0,0,1.000,0,0,28,290,1,36,1
28-07 16:07:37,2.500,2.250,94.501,0,0,6306732,5158404,409864,4358616,420.004,74.001,0,588.006,0,19.000,1634,2393,1.450,1.810,1.850,0,0,2.000,0,0,28,290,1,36,1
28-07 16:07:38,3.230,3.230,91.431,0,0,6306720,5158404,409876,4358616,15061.213,7572.843,0,8546.779,0,908.344,3378,2415,1.330,1.780,1.840,0,0,0,0,0,28,290,1,36,1
28-07 16:07:39,2.756,2.255,93.946,0.251,0,6306680,5158404,409912,4358620,591.234,148.309,0,292.611,0,25.052,1783,2666,1.330,1.780,1.840,1,0,0,0,0,28,290,1,36,1
28-07 16:07:40,2.507,2.005,94.002,0,0,6306912,5158152,409928,4358624,808.164,0,0,104.279,0,12.032,1803,2717,1.330,1.780,1.840,0,0,2.005,0,0,28,290,1,36,1
28-07 16:07:41,2.493,1.496,95.245,0,0,6306912,5158152,409928,4358624,718.079,0,0,19.947,0,0.997,1380,2166,1.330,1.780,1.840,0,0,0,0,0,28,290,1,36,1
28-07 16:07:42,2.258,1.756,95.077,0,0,6306904,5158152,409936,4358624,1049.613,0,0,232.801,0,12.041,1478,2219,1.330,1.780,1.840,0,0,0,0,0,28,290,1,36,1
28-07 16:07:43,6.502,4.752,87.283,0.250,0,6338628,5126400,409964,4358624,15041.753,7298.791,0,2392.915,0,167.064,2513,3101,1.230,1.750,1.830,0,0,2.001,0,0,28,290,1,36,1
28-07 16:07:44,12.753,9.252,76.520,0,0,6336028,5128948,410000,4358640,479.124,148.038,0,236.061,0,29.007,3335,7217,1.230,1.750,1.830,0,0,36.009,0,0,28,290,1,37,1
28-07 16:07:45,4.999,2.999,90.979,0,0,6334896,5130072,410000,4358648,2745.367,1352.688,0,0,0,0,1921,2588,1.230,1.750,1.830,0,0,0,0,0,28,290,1,37,1
28-07 16:07:46,2.744,2.245,94.548,0,0,6331824,5133140,410000,4358652,804.283,0,0,0,0,0,1566,2250,1.230,1.750,1.830,0,0,3.991,0,0,28,290,1,36,1
28-07 16:07:47,2.002,1.502,95.117,0,0,6329324,5135636,410004,4358652,747.920,0,0,200.246,0,9.011,1414,2200,1.230,1.750,1.830,0,0,0,0,0,28,290,1,36,1
28-07 16:07:48,4.748,6.996,87.205,0,0,6329180,5135736,410012,4358688,97829.471,28977.033,0,131.932,0,8.995,2695,3019,1.130,1.720,1.820,2,0,31.983,0,0,28,290,1,36,1
28-07 16:07:49,10.257,25.016,61.791,0,0,6318740,5146140,410048,4358688,56869.299,580674.847,0,260.171,0,20.013,6149,4848,1.130,1.720,1.820,1,0,243.159,0,0,28,290,1,36,1
28-07 16:07:50,19.174,11.704,66.736,0,0,6343924,5120924,410076,4358688,29653.672,14600.233,0,992.075,0,193.235,3728,3417,1.130,1.720,1.820,2,0,41.834,0,0,28,290,1,36,1
28-07 16:07:51,23.567,6.519,69.699,0,0,6385748,5079092,410076,4358696,30185.197,14928.630,0,4.011,0,1.003,2743,2567,1.130,1.720,1.820,1,0,2.006,0,0,28,290,1,37,1
28-07 16:07:52,25.027,4.255,69.576,0,0,6385736,5079092,410076,4358716,15378.714,7664.330,0,348.379,0,50.054,2911,2657,1.130,1.720,1.820,1,0,0,0,0,28,293,1,37,1
28-07 16:07:53,26.260,2.751,70.026,0,0,6397296,5067500,410100,4358728,14981.608,7372.760,0,336.126,0,26.010,2900,2806,1.120,1.710,1.820,1,0,0,0,0,28,296,1,38,1
28-07 16:07:54,11.460,22.671,64.026,0,0,6351160,5113616,410116,4358732,30073.997,15398.237,0,171.402,0,15.944,5245,4087,1.120,1.710,1.820,1,0,194.322,0,0,28,296,1,37,1
28-07 16:07:55,15.304,17.061,65.482,0,0,6365436,5099308,410136,4358744,44814.069,21965.969,0,305.083,0,25.089,4259,3891,1.120,1.710,1.820,1,0,109.388,0,0,28,296,1,37,1
28-07 16:07:56,26.132,6.720,65.952,0,0,6407760,5056952,410156,4358756,30835.891,14362.208,0,529.611,0,26.879,2968,2866,1.120,1.710,1.820,2,0,0.996,0,0,28,296,1,38,1
28-07 16:07:57,23.595,5.522,69.529,0,0,6416404,5048288,410160,4358772,15381.769,9401.755,0,48.194,0,3.012,3202,3039,1.120,1.710,1.820,2,0,2.008,0,0,28,297,1,38,1
28-07 16:07:58,16.421,5.474,76.632,0,0,6386224,5078452,410172,4358776,108663.090,29621.726,0,107.484,0,11.943,3054,3148,1.270,1.730,1.820,1,0,20.900,0,0,28,298,1,38,1
28-07 16:07:59,8.783,25.096,63.492,0.251,0,6385368,5079136,410336,4358784,61676.198,40193.274,140.536,305.164,5.019,31.119,5687,4687,1.270,1.730,1.820,1,0,211.808,0,0,28,298,1,32,1
28-07 16:08:00,8.504,25.262,64.029,0,0,6372784,5091668,410372,4358800,46211.145,28559.068,0,276.126,0,30.014,5552,4484,1.270,1.730,1.820,1,0,205.094,0,0,28,298,1,32,1
28-07 16:08:01,7.758,22.774,66.320,0,0,6370604,5093840,410372,4358808,73613.772,543312.004,0,0,0,0,5470,4187,1.270,1.730,1.820,1,0,180.190,0,0,28,298,1,32,1
28-07 16:08:02,7.723,23.170,67.268,0,0,6367032,5097400,410376,4358816,60982.959,38620.979,0,358.764,0,18.935,5070,3942,1.270,1.730,1.820,1,0,181.375,0,0,28,298,1,32,1
28-07 16:08:03,7.525,22.323,67.221,0,0,6362564,5101864,410376,4358820,61562.157,38572.664,0,44.145,0,3.010,5156,4076,1.170,1.700,1.810,1,0,180.593,0,0,28,298,1,30,1
28-07 16:08:04,8.254,22.760,66.279,0,0,6350608,5113796,410400,4358820,45888.816,28944.499,0,120.052,0,15.006,5163,4076,1.170,1.700,1.810,3,0,193.083,0,0,28,298,1,30,1
28-07 16:08:05,7.501,24.504,66.260,0,0,6346840,5117544,410400,4358840,61065.197,36793.542,0,0,0,0,5215,4020,1.170,1.700,1.810,1,0,208.031,0,0,28,298,1,30,1
28-07 16:08:06,8.490,23.472,65.172,0,0,6341868,5122496,410412,4358848,61065.933,38116.393,0,115.861,0,9.988,5168,4050,1.170,1.700,1.810,2,0,197.763,0,0,28,298,1,30,1
28-07 16:08:07,10.760,27.274,59.553,0,0,6342664,5121672,410416,4358872,62273.536,39844.534,0,204.182,0,8.007,5497,4322,1.170,1.700,1.810,2,0,212.189,0,0,28,298,1,29,1
28-07 16:08:08,7.223,24.659,65.259,0,0,6340984,5123212,410424,4359004,45753.784,27635.791,0,91.661,0,7.971,5209,4040,1.230,1.710,1.810,4,0,195.278,0,0,28,298,1,29,1
28-07 16:08:09,9.493,23.983,64.455,0,0,6336988,5127172,410452,4359012,68875.502,478203.281,0,2598.171,0,478.663,6313,4410,1.230,1.710,1.810,2,0,181.872,0,0,28,298,1,29,1
28-07 16:08:10,13.823,17.342,67.358,0,0,6346208,5117940,410460,4359016,63926.796,165990.302,0,120.641,0,15.080,4253,3650,1.230,1.710,1.810,2,0,87.465,0,0,28,298,1,29,1
28-07 16:08:11,23.971,6.991,68.167,0,0,6394832,5069304,410460,4359028,30243.131,14736.035,0,0,0,0,2761,2635,1.230,1.710,1.810,2,0,0.999,0,0,28,298,1,27,1
28-07 16:08:12,41.746,9.999,46.746,0,0,6402512,5061544,410484,4359096,30279.101,14590.603,0,759.927,0,74.993,5433,5278,1.230,1.710,1.810,3,0,5.000,0,0,28,298,1,29,1
28-07 16:08:13,22.976,9.490,65.930,0,0,6387164,5076676,410496,4359300,45523.720,23726.837,0,111.881,0,14.984,3083,3093,1.210,1.700,1.810,2,0,8.990,0,0,28,298,1,29,1
28-07 16:08:14,29.212,8.739,60.422,0,0,6433596,5030172,410504,4359364,44633.584,22331.273,0,131.830,0,12.983,3536,3415,1.210,1.700,1.810,3,0,1.997,0,0,28,298,1,29,1
28-07 16:08:15,27.337,9.530,61.946,0,0,6465528,4998480,410504,4359124,15328.579,7319.196,0,4.013,0,1.003,3661,3598,1.210,1.700,1.810,1,0,0,0,0,28,299,1,24,1
28-07 16:08:16,22.665,9.714,64.509,0.249,0,6426708,5036960,410796,4359172,31286.170,15051.793,0,4335.809,0,320.802,5124,5930,1.210,1.700,1.810,1,0,25.903,0,0,28,299,1,24,1
28-07 16:08:17,22.986,10.743,65.210,0,0,6425248,5038392,410808,4359176,45180.523,22970.031,0,111.932,0,12.992,2951,2748,1.210,1.700,1.810,2,0,5.996,0,0,28,299,1,24,1
28-07 16:08:18,27.050,6.011,65.372,0,0,6449148,5014476,410812,4359188,46385.385,21763.531,0,192.358,0,14.026,3290,3144,1.200,1.680,1.810,2,0,0,0,0,28,299,1,24,1
28-07 16:08:19,27.070,7.018,64.666,0,0,6414468,5048936,410880,4359340,15325.391,9213.682,0,465.196,0,55.142,3893,4061,1.200,1.680,1.810,0,0,23.059,0,0,28,297,1,15,1
28-07 16:08:20,4.251,2.250,92.512,0.250,0,6402808,5060552,410920,4359344,45230.945,24003.155,0,304.040,0,31.004,2151,3235,1.200,1.680,1.810,0,0,1.000,0,0,28,297,1,15,1
28-07 16:08:21,2.746,2.247,93.613,0,0,6393944,5069408,410928,4359344,29976.219,15217.774,0,147.784,0,8.987,1651,2416,1.200,1.680,1.810,0,0,0,0,0,28,297,1,16,1
28-07 16:08:22,3.755,2.503,93.374,0,0,6385248,5078076,410956,4359344,40989.598,458332.494,0,152.203,0,14.019,2044,2624,1.200,1.680,1.810,1,0,3.004,0,0,28,297,1,16,1
28-07 16:08:23,2.488,1.493,94.303,0,0,6374408,5088892,410980,4359344,18814.895,134100.918,0,517.549,0,24.882,1629,2316,1.260,1.690,1.810,0,0,0,0,0,28,297,1,12,1
28-07 16:08:24,2.512,2.512,94.433,0,0,6370436,5092828,411012,4359348,15738.184,7478.299,0,144.664,0,19.088,1690,2547,1.260,1.690,1.810,0,0,0,0,0,28,297,1,12,1
28-07 16:08:25,2.499,1.750,93.725,0,0,6367720,5095536,411020,4359348,15279.859,7360.006,0,67.982,0,3.999,1665,2415,1.260,1.690,1.810,1,0,1.999,0,0,28,297,1,12,1
28-07 16:08:26,2.501,2.250,94.021,0,0,6365588,5097624,411056,4359356,663.147,74.016,0,420.093,0,29.006,1668,2592,1.260,1.690,1.810,0,0,1.000,0,0,28,297,1,13,1
28-07 16:08:27,2.501,2.251,94.296,0,0,6363232,5099976,411060,4359356,15494.589,7527.687,0,32.016,0,3.001,1539,2272,1.260,1.690,1.810,0,0,0,0,0,28,297,1,12,1
28-07 16:08:28,3.500,2.750,92.254,0.250,0,6363664,5099472,411128,4359364,15625.643,7686.316,0,768.032,0,95.004,2193,3149,1.240,1.680,1.800,0,0,2.000,0,0,28,297,1,12,1
28-07 16:08:29,7.995,3.997,86.695,0.250,0,6371640,5091424,411180,4359384,2052.690,1500.043,0,219.860,0,29.981,2695,3454,1.240,1.680,1.800,2,0,8.994,0,0,28,297,1,12,1
28-07 16:08:30,22.012,7.754,69.538,0,0,6417628,5045396,411212,4359392,30951.034,15908.755,0,216.119,0,20.011,2927,3003,1.240,1.680,1.800,2,0,0,0,0,28,297,1,12,1
28-07 16:08:31,23.469,5.992,69.408,0,0,6442816,5020196,411220,4359396,44779.432,22799.671,0,35.952,0,2.996,2851,2655,1.240,1.680,1.800,1,0,1.997,0,0,28,297,1,12,1
28-07 16:08:32,22.776,6.007,69.829,0,0,6358048,5104956,411220,4359404,15563.627,7790.824,0,4.005,0,1.001,3183,2915,1.240,1.680,1.800,1,0,25.028,0,0,28,297,1,12,1
28-07 16:08:33,21.482,8.243,69.443,0,0,6405172,5057832,411220,4359404,59486.908,30718.649,0,0,0,0,2923,2977,1.460,1.720,1.820,1,0,0,0,0,28,297,1,12,1
28-07 16:08:34,23.747,5.249,69.240,0,0,6429812,5033176,411228,4359412,30194.635,14779.864,0,351.949,0,15.998,2783,2603,1.460,1.720,1.820,2,0,0,0,0,28,297,1,12,1
28-07 16:08:35,16.514,4.003,78.565,0,0,6331404,5131664,411228,4359332,47720.210,23821.574,0,44.036,0,3.002,2646,2796,1.460,1.720,1.820,0,0,7.006,0,0,28,297,1,12,1
28-07 16:08:36,3.500,5.000,79.255,10.501,0,6333744,5120084,411252,4368500,104624.121,30886.102,8788.598,168.011,79.005,11.001,2679,3186,1.460,1.720,1.820,0,1,11.001,0,0,28,297,1,12,1
28-07 16:08:37,2.747,3.496,70.424,22.226,0,6333524,5106224,411264,4382464,30136.411,14897.889,12953.992,191.793,130.858,1.998,2301,2747,1.460,1.720,1.820,1,0,0,0,0,28,297,1,12,1
28-07 16:08:38,8.756,9.507,67.550,11.759,0,6330380,5098716,411312,4393020,60623.836,549998.765,9731.197,696.515,101.075,43.032,3735,3560,1.660,1.760,1.830,1,1,3.002,0,0,28,297,1,12,1
28-07 16:08:39,4.243,5.490,68.382,19.965,0,6328572,5085876,411348,4407568,30018.050,14714.535,13520.601,215.627,136.763,26.953,2732,3279,1.660,1.760,1.830,2,0,1.997,0,0,28,297,1,12,1
28-07 16:08:40,10.018,10.018,64.618,13.274,0,6326848,5076300,411360,4418808,46787.728,23946.877,9954.239,3237.933,108.198,546.000,4191,3530,1.660,1.760,1.830,0,1,2.004,0,0,28,297,1,12,1
28-07 16:08:41,6.247,8.746,70.219,13.994,0,6327692,5063700,411364,4430512,44780.129,22539.998,10527.329,59.973,130.942,2.999,2626,2682,1.660,1.760,1.830,0,1,1.999,0,0,28,297,1,12,1
28-07 16:08:42,5.255,6.256,69.572,16.517,0,6328172,5046312,411384,4447320,44496.938,21976.688,15916.432,356.368,182.188,19.020,2788,2853,1.660,1.760,1.830,1,0,2.002,0,0,28,297,1,12,1
28-07 16:08:43,6.735,9.229,69.593,13.470,0,6329508,5031708,411412,4460512,30359.440,15057.995,12711.294,367.171,134.696,23.946,2891,3024,1.690,1.760,1.830,4,0,1.995,0,0,28,297,1,12,1
28-07 16:08:44,10.256,12.006,59.532,15.508,0,6361716,4986864,411436,4473664,59507.054,29980.149,12010.470,200.108,127.068,16.009,3475,3417,1.690,1.760,1.830,2,1,27.015,0,0,28,297,1,12,1
28-07 16:08:45,12.261,11.260,57.551,17.516,0,6375024,4955900,411440,4490632,44900.143,22540.152,15954.264,44.039,172.154,5.004,4057,11755,1.690,1.760,1.830,0,1,15.013,0,0,28,297,1,13,1
28-07 16:08:46,2.750,3.000,70.741,22.247,0,6368732,4950324,411448,4502444,30218.048,14752.070,10686.602,211.972,115.985,8.999,2313,2775,1.690,1.760,1.830,0,1,1.000,0,0,28,297,1,13,1
28-07 16:08:47,2.247,2.997,70.170,22.724,0,6362408,4944640,411448,4514404,30327.578,14641.382,11035.474,35.959,121.862,2.997,2383,2819,1.690,1.760,1.830,0,1,0,0,0,28,297,1,13,1
28-07 16:08:48,12.772,14.024,68.115,4.007,0,6357776,4944828,411484,4518796,15304.823,7374.443,2784.699,356.602,29.049,27.046,3046,3138,1.720,1.760,1.830,1,0,2.003,0,0,28,297,1,12,1
28-07 16:08:49,14.241,14.990,69.205,0,0,6352392,4947784,411504,4521188,15030.142,7439.121,0,139.908,0,14.990,2696,2677,1.720,1.760,1.830,1,0,0.999,0,0,28,297,1,12,1
28-07 16:08:50,6.753,7.003,68.031,17.008,0,6339808,4949828,411536,4531672,30376.703,15068.798,9752.399,732.330,100.045,127.057,3217,3390,1.720,1.760,1.830,0,1,2.001,0,0,28,297,1,12,1
28-07 16:08:51,6.233,6.482,65.322,19.198,0,6339812,4936052,411536,4545348,56320.707,463122.477,13395.540,3.989,142.612,0.997,3325,3391,1.720,1.760,1.830,0,1,4.986,0,0,28,297,1,13,1
28-07 16:08:52,3.008,4.763,70.184,20.805,0,6339024,4926768,411536,4555372,48907.567,169268.970,10010.315,4.011,102.269,1.003,2595,2841,1.720,1.760,1.830,0,1,2.005,0,0,28,297,1,12,1
28-07 16:08:53,3.998,5.247,69.463,19.989,0,6338188,4911696,411564,4571184,44656.191,22442.035,15539.715,531.717,162.913,24.987,2854,3146,1.740,1.770,1.830,1,1,1.999,0,0,28,297,1,12,1
28-07 16:08:54,2.999,4.749,69.731,20.245,0,6338584,4895624,411572,4586788,44966.798,22691.843,15495.795,107.971,157.957,6.998,2900,3112,1.740,1.770,1.830,0,1,3.999,0,0,28,297,1,12,1
28-07 16:08:55,3.755,5.758,69.598,19.527,0,6323552,4894112,411572,4603268,44923.138,22810.059,15722.097,4.006,207.291,1.001,2996,3140,1.740,1.770,1.830,0,1,2.003,0,0,28,297,1,12,1
