"pcp-dstat 6.2.0 CSV Output"
"Author:","PCP team <pcp@groups.io> and Dag Wieers <dag@wieers.com>",,,,"URL:","https://pcp.io/ and http://dag.wieers.com/home-made/dstat/"
"Host:","ubuntu",,,,"User:","stack"
"Cmdline:","dstat -tcmndrylpg --tcp --output /opt/stack/logs/dstat-csv.log",,,,"Date:","04 Aug 2026 09:41:00 UTC"
"system","total usage",,,,,"memory usage",,,,"net/total",,"dsk/total",,"io/total",,"system",,"load avg",,,"procs",,,"paging",,"tcp sockets",,,,
"time","total usage:usr","total usage:sys","total usage:idl","total usage:wai","total usage:stl","used","free","buf","cach","net/total:recv","net/total:send","dsk/total:read","dsk/total:writ","read","writ","int","csw","1m","5m","15m","run","blk","new","in","out","lis","act","syn","tim","clo"
04-08 09:41:00,,1271924,11407420,147692,3325828,,,,,,,1.700,1.250,0.890,2,0,,,,12,6,0,9,0
04-08 09:41:01,19.473,22.968,54.675,0,0,1276756,11402168,147772,3326116,57880.454,33973.310,0,1090.501,0,29.959,4406,2400,1.700,1.250,0.890,2,0,130.820,0,0,12,5,0,9,1
04-08 09:41:02,22.275,23.527,52.059,0,0,1297012,11381664,147820,3326232,69141.932,38918.867,0,660.745,0,20.023,4375,2304,1.700,1.250,0.890,2,0,119.134,0,0,12,4,0,9,2
04-08 09:41:03,26.769,23.767,47.784,0,0,1288064,11390464,147852,3326308,67278.554,36979.688,0,2273.641,0,372.269,4994,2293,1.700,1.250,0.890,3,0,125.090,0,0,12,4,0,9,2
04-08 09:41:04,17.902,23.197,57.487,0,0,1284864,11393172,148016,3326524,126878.901,63888.761,0,1299.015,0,42.359,4361,2499,1.720,1.260,0.900,6,0,120.018,0,0,12,4,0,9,2
04-08 09:41:05,24.337,24.088,47.680,0,0,1283452,11394276,148056,3326764,70599.297,566277.422,0,754.935,0,23.840,4501,2484,1.720,1.260,0.900,1,0,109.267,0,0,12,4,0,9,2
04-08 09:41:06,18.777,22.782,55.079,0,0,1292116,11384928,148084,3327388,649981.588,46477.256,0,805.148,0,11.016,4686,2340,1.720,1.260,0.900,3,0,98.140,0,0,12,4,0,9,2
04-08 09:41:07,23.041,22.790,51.591,0,0,1285700,11390956,148212,3328024,75065.979,32426.443,0,1109.966,0,36.064,4530,3381,1.720,1.260,0.900,3,0,96.170,0,0,12,4,0,9,2
04-08 09:41:08,32.499,21.174,41.855,0,0,1287928,11388468,148268,3327700,53343.466,28099.714,0,752.398,0,22.651,3800,2771,1.720,1.260,0.900,6,0,62.043,0,0,12,4,0,9,2
04-08 09:41:09,21.493,26.550,50.572,0,0,1267104,11391532,148416,3344660,463880.464,47333.544,0,1343.197,0,32.366,5273,2636,1.740,1.270,0.910,2,0,112.270,0,0,12,4,0,9,2
04-08 09:41:10,34.428,29.722,33.438,0,0,1276176,11376996,148548,3350040,45876.441,24440.685,0,10212.598,0,40.621,5514,4765,1.740,1.270,0.910,9,0,117.899,0,0,12,4,0,9,2
04-08 09:41:11,39.236,20.121,38.733,0.252,0,1271588,11375316,149024,3354996,46644.396,23500.269,0,1871.249,0,59.357,4767,4046,1.740,1.270,0.910,6,0,55.333,0,0,12,4,0,9,2
04-08 09:41:12,37.000,22.653,40.272,0,0,1335424,11302332,149576,3409136,46495.173,23777.668,0,8.054,0,2.014,4949,3563,1.740,1.270,0.910,3,0,25.170,0,0,13,4,0,9,2
04-08 09:41:13,23.468,8.488,66.658,0,0,1402348,11220556,149992,3499352,45702.870,23588.417,0,1310.190,0,30.957,2586,1986,1.740,1.270,0.910,1,0,0,0,0,13,4,0,9,2
04-08 09:41:14,36.530,16.764,45.288,0,0,1407380,11211600,150080,3502696,74149.511,602732.996,0,20.017,0,4.003,4792,2949,1.770,1.290,0.910,2,0,82.068,0,0,13,6,0,9,2
04-08 09:41:15,39.904,11.796,47.182,0.251,0,1423696,11177428,150600,3518700,46889.133,26087.777,0,1726.670,0,60.233,3450,2017,1.770,1.290,0.910,3,0,26.101,0,0,13,6,0,9,2
04-08 09:41:16,33.482,19.097,44.395,0.248,0,1431180,11159148,151448,3527132,61118.051,33381.942,0,1742.063,0,81.349,4389,2557,1.770,1.290,0.910,3,0,79.365,0,0,13,6,0,9,2
04-08 09:41:17,33.378,19.826,45.173,0,0,1438308,11143880,152032,3533328,62073.468,33808.337,0,1529.853,0,51.196,4504,2826,1.770,1.290,0.910,3,0,98.376,0,0,13,6,0,11,2
04-08 09:41:18,40.242,8.498,47.241,4.249,0,1459320,11101896,152676,3552268,46133.735,24340.112,647.870,1663.666,32.993,48.990,3066,1905,1.770,1.290,0.910,3,0,0,0,0,13,6,0,11,2
04-08 09:41:19,36.442,8.486,46.676,7.488,0,1465532,11083148,153328,3562568,46286.314,24809.504,3558.335,3746.036,187.701,503.199,3941,2083,1.780,1.300,0.920,3,0,0,0,0,13,6,0,11,2
04-08 09:41:20,42.231,9.746,45.479,1.499,0,1502476,11057512,153784,3549968,30956.794,16389.479,43.980,20742.481,10.995,432.801,3566,1796,1.780,1.300,0.920,4,0,1.999,0,0,13,4,0,11,1
04-08 09:41:21,41.128,8.025,48.401,1.505,0,1465248,11093016,153912,3551672,31289.629,16384.121,1007.142,24.075,13.041,2.006,2817,1396,1.780,1.300,0.920,3,0,2.006,0,0,13,4,0,11,0
04-08 09:41:22,41.453,8.490,47.945,0.749,0,1493132,11064952,153920,3551824,16114.569,8487.292,111.872,2261.413,4.994,12.985,2939,1471,1.780,1.300,0.920,3,0,17.979,0,0,13,4,0,11,0
04-08 09:41:23,37.648,13.051,46.432,1.004,0,1521392,11030932,156380,3555028,47246.608,26336.462,16.063,13593.402,1.004,988.885,7089,8926,1.780,1.300,0.920,1,0,29.114,0,0,13,7,0,11,0
04-08 09:41:24,32.525,14.538,41.642,4.189,0,1523472,11018596,161460,3559928,36435.433,17547.987,0,28752.521,0,2230.459,11556,17222,2.120,1.380,0.950,3,0,36.468,0,0,13,7,0,11,0
04-08 09:41:25,37.092,16.815,34.125,6.182,0,1500660,11028292,166212,3566964,42977.263,458786.489,0,41234.434,0,2211.672,12757,17610,2.120,1.380,0.950,3,0,21.761,0,0,13,6,0,11,0
04-08 09:41:26,44.766,14.069,36.069,3.581,0,1522196,11003168,168664,3567920,52251.124,160735.774,0,33750.143,0,1252.431,8545,10077,2.120,1.380,0.950,3,0,21.488,0,0,13,6,0,11,0
04-08 09:41:27,34.842,21.900,38.575,0,0,1445276,11079356,168864,3568344,60640.273,32407.645,0,2651.942,0,125.430,8117,11945,2.120,1.380,0.950,5,0,72.670,0,0,13,4,0,11,0
04-08 09:41:28,38.181,13.564,47.475,0,0,1473176,11050524,168904,3569068,46346.752,23715.446,0,1306.193,0,26.124,3216,1651,2.120,1.380,0.950,2,0,14.067,0,0,13,4,0,11,0
04-08 09:41:29,45.919,17.220,33.940,0,0,1509168,11014012,169360,3569044,46254.849,24270.419,0,6492.609,0,264.536,6796,8748,2.270,1.420,0.960,3,0,14.974,0,0,13,4,0,11,0
04-08 09:41:30,38.541,13.765,47.551,0,0,1532456,10990576,169384,3569136,31066.314,15795.939,0,328.352,0,12.013,3156,1659,2.270,1.420,0.960,2,0,13.014,0,0,13,4,0,11,0
04-08 09:41:31,41.047,9.702,47.515,0.249,0,1512756,11018660,169424,3561720,31247.278,17229.687,0,601.024,0,11.941,2870,1393,2.270,1.420,0.960,2,0,1.990,0,0,13,4,0,11,0
04-08 09:41:32,40.511,12.753,46.513,0,0,1452776,11078612,169424,3561748,60807.636,31283.559,0,28.008,0,4.001,3390,1724,2.270,1.420,0.960,2,0,22.006,0,0,13,4,0,11,0
04-08 09:41:33,42.054,9.762,47.060,0,0,1451688,11079696,169424,3561752,49969.696,25619.657,0,0,0,0,3055,1518,2.270,1.420,0.960,2,0,17.022,0,0,13,4,0,11,0
04-08 09:41:34,40.092,11.777,46.607,0,0,1474916,11056528,169424,3561748,30819.605,15666.892,0,16.037,0,3.007,3382,1673,2.250,1.430,0.970,1,0,50.115,0,0,13,4,0,10,0
04-08 09:41:35,35.742,11.747,50.738,0,0,1452776,11078652,169428,3561760,47489.745,25560.942,0,423.900,0,92.978,3702,11427,2.250,1.430,0.970,1,0,37.991,0,0,13,4,0,11,0
04-08 09:41:36,14.212,15.209,68.565,0,0,1400488,11130856,169504,3561772,71149.134,585829.212,0,933.483,0,36.900,3732,2795,2.250,1.430,0.970,2,0,82.777,0,0,13,4,0,11,0
04-08 09:41:37,6.245,21.981,69.441,0,0,1398964,11132364,169512,3561780,47114.727,26752.133,0,59.949,0,2.997,4136,2677,2.250,1.430,0.970,3,0,134.885,0,0,13,4,0,11,0
04-08 09:41:38,7.284,23.610,66.058,0,0,1391768,11139548,169512,3561788,61742.820,33030.977,0,20.094,0,5.023,3958,2482,2.250,1.430,0.970,1,0,108.506,0,0,13,4,0,6,0
04-08 09:41:39,7.700,22.851,66.814,0,0,1383624,11147556,169512,3561924,50100.931,25860.179,0,11.922,0,2.981,4085,2467,2.230,1.440,0.970,1,0,111.274,0,0,13,4,0,6,0
04-08 09:41:40,8.548,23.885,66.123,0,0,1372496,11158676,169512,3561932,58702.299,30579.582,0,989.585,0,199.124,4276,2506,2.230,1.440,0.970,1,0,116.658,0,0,13,4,0,6,0
04-08 09:41:41,6.998,24.994,65.236,0,0,1355188,11175952,169512,3561968,61877.301,32405.826,0,8994.009,0,46.990,4239,2530,2.230,1.440,0.970,2,0,119.973,0,0,13,4,0,6,0
04-08 09:41:42,17.751,24.252,56.754,0,0,1347712,11183424,169524,3562412,45716.124,23814.628,0,272.019,0,5.000,4528,4835,2.230,1.440,0.970,2,0,73.005,0,0,13,4,0,6,0
04-08 09:41:43,20.004,21.754,56.261,0,0,1337456,11193664,169524,3562432,46466.869,23541.493,0,0,0,0,5251,5497,2.230,1.440,0.970,1,0,63.012,0,0,13,4,0,6,0
04-08 09:41:44,26.151,18.996,47.861,4.194,0,1347972,11181332,169528,3564240,67717.076,449202.797,1705.238,15.789,20.723,2.960,4387,2754,2.130,1.430,0.980,3,0,55.262,0,0,13,4,0,6,0
04-08 09:41:45,47.577,20.863,28.750,2.544,0,1425868,11102328,169528,3565348,50276.183,146704.848,1119.465,28.495,14.248,3.053,4370,2162,2.130,1.430,0.980,3,0,79.380,0,0,13,5,0,6,0
04-08 09:41:46,42.047,7.823,44.736,2.200,0,1468896,11059156,169548,3565472,44518.912,22687.748,19.557,6398.958,3.911,20.535,2947,1415,2.130,1.430,0.980,4,0,0.978,0,0,13,5,0,3,0
04-08 09:41:47,48.999,8.124,42.906,1.016,0,1486268,11040696,169568,3566492,31163.533,15312.144,499.640,42688.770,5.078,134.050,3249,1285,2.130,1.430,0.980,4,0,2.031,0,0,13,5,0,3,0
04-08 09:41:48,36.835,14.032,48.361,0,0,1489520,11037420,169580,3566492,15255.149,7475.223,0,1110.559,0,7.016,2764,1544,2.130,1.430,0.980,5,0,0,0,0,13,5,0,3,0
04-08 09:41:49,41.991,8.301,45.653,0,0,1506260,11019780,169624,3567324,14978.990,7441.157,0,343.738,0,23.437,2829,1757,2.120,1.440,0.980,4,0,0,0,0,13,5,0,3,0
04-08 09:41:50,43.360,16.069,41.830,0,0,1531696,10992444,169712,3569068,15873.965,8403.744,0,281.587,0,15.304,4813,4236,2.120,1.440,0.980,1,0,69.377,0,0,13,6,0,4,0
04-08 09:41:51,28.385,17.081,49.485,2.512,0,1552708,10970656,169844,3569672,62464.717,34217.538,727.456,377.795,15.072,1.005,3901,2329,2.120,1.440,0.980,2,0,74.353,0,0,14,8,0,4,0
04-08 09:41:52,22.124,10.559,66.121,0.251,0,1587180,10936160,169848,3569684,45912.343,24898.559,4.023,40040.430,1.006,294.652,2594,1489,2.120,1.440,0.980,3,0,0,0,0,14,8,0,4,0
04-08 09:41:53,21.955,5.489,71.106,0,0,1617876,10905416,169860,3569692,33911.093,16206.069,0,1353.250,0,3.992,1892,1387,2.120,1.440,0.980,3,0,0,0,0,14,8,0,4,0
04-08 09:41:54,24.387,3.484,70.922,0,0,1631232,10892060,169860,3569692,27225.113,15549.102,0,7.963,0,1.991,1885,1387,2.030,1.430,0.980,2,0,1.991,0,0,14,8,0,4,0
04-08 09:41:55,25.036,3.004,71.103,0,0,1650904,10872152,169860,3569928,31275.502,25752.467,0,8.012,0,1.001,1884,1268,2.030,1.430,0.980,2,0,1.001,0,0,14,10,0,4,0
04-08 09:41:56,22.693,5.736,65.585,2.743,0,1663516,10858796,170372,3570160,47399.517,25520.668,207.477,7908.066,14.962,1083.269,5335,4762,2.030,1.430,0.980,1,0,1.995,0,0,14,14,0,4,0
04-08 09:41:57,38.341,6.515,52.876,0.251,0,1645368,10876716,170588,3570168,73460.611,596358.504,0,846.011,0,89.212,4681,4379,2.030,1.430,0.980,2,0,2.005,0,0,14,14,0,6,0
04-08 09:41:58,14.001,14.001,71.004,0,0,1587512,10934540,170620,3570168,44728.535,23067.307,0,504.029,0,19.001,2663,1916,2.030,1.430,0.980,3,0,42.002,0,0,14,14,0,6,0
04-08 09:41:59,18.250,5.000,72.502,3.250,0,1615468,10906092,170668,3570520,29973.621,14658.304,376.008,544.011,22.000,13.000,1740,1224,1.950,1.430,0.980,1,0,0,0,0,14,14,0,6,0
04-08 09:42:00,24.349,3.514,71.290,0.502,0,1625784,10895256,170836,3570812,30730.880,14878.461,84.343,2156.764,4.016,94.384,2147,1625,1.950,1.430,0.980,1,0,2.008,0,0,14,14,0,6,0
04-08 09:42:01,22.395,4.230,71.664,0,0,1641844,10879140,170852,3570816,15084.304,7261.965,0,481.742,0,6.967,2353,2091,1.950,1.430,0.980,1,0,0,0,0,14,14,0,6,0
04-08 09:42:02,12.195,4.231,72.421,9.706,0,1641568,10878664,170904,3571216,14967.929,7424.236,441.990,864.070,109.502,3.982,1915,1697,1.950,1.430,0.980,2,0,0,0,0,14,19,0,6,0
04-08 09:42:03,23.306,5.513,70.168,0,0,1642312,10877908,170904,3571228,15071.122,7313.529,0,92.221,0,1.002,3312,3363,1.950,1.430,0.980,1,0,2.005,0,0,14,21,0,6,0
04-08 09:42:04,17.513,9.507,71.304,0,0,1604408,10915804,170904,3571236,15741.871,8090.101,0,0,0,0,2570,1798,1.870,1.420,0.980,2,0,43.032,0,0,14,20,0,6,0
04-08 09:42:05,20.514,7.755,70.797,0,0,1644316,10875844,170904,3571268,44536.684,22579.049,0,0,0,0,1967,1407,1.870,1.420,0.980,1,0,0,0,0,14,20,0,6,0
04-08 09:42:06,21.767,6.005,71.057,0,0,1667532,10852592,170936,3571272,29495.600,14927.944,0,156.125,0,15.012,2624,2465,1.870,1.420,0.980,1,0,3.002,0,0,14,20,0,6,0
04-08 09:42:07,22.504,5.501,71.263,0,0,1663972,10856116,170968,3571276,15244.871,7783.466,0,444.084,0,22.004,2777,2696,1.870,1.420,0.980,1,0,0,0,0,14,21,0,6,0
04-08 09:42:08,18.759,8.504,70.785,0,0,1636072,10883872,170968,3571420,14863.271,7461.650,0,40.020,0,2.001,2871,2297,1.870,1.420,0.980,1,0,41.020,0,0,14,20,0,6,0
04-08 09:42:09,20.763,27.017,50.282,0,0,1656200,10863728,170976,3571428,60325.895,31954.603,0,104.067,0,6.004,4195,2450,1.800,1.410,0.980,2,0,117.075,0,0,14,20,0,6,0
04-08 09:42:10,42.950,8.990,46.696,0,0,1680136,10839796,170976,3571432,29759.668,15046.641,0,922.935,0,1.998,2814,1293,1.800,1.410,0.980,2,0,0,0,0,14,20,0,6,0
04-08 09:42:11,44.590,6.975,46.583,0,0,1741556,10778368,170976,3571440,29425.652,15347.056,0,35.872,0,0.996,3274,2055,1.800,1.410,0.980,2,0,0,0,0,14,22,0,6,0
04-08 09:42:12,44.600,7.724,45.845,0,0,1741484,10778380,170992,3571480,29372.976,15027.339,0,167.436,0,9.966,4646,4515,1.800,1.410,0.980,7,0,1.993,0,0,14,22,0,6,0
04-08 09:42:13,47.201,5.245,43.704,0,0,1741936,10777876,171008,3571516,14959.362,7486.174,0,139.854,0,7.992,5927,6261,1.800,1.410,0.980,2,0,0,0,0,14,21,0,6,0
04-08 09:42:14,34.895,25.174,37.387,0,0,1700532,10819180,171068,3571540,15152.238,6444.536,0,295.109,0,25.922,5263,4030,1.740,1.400,0.980,4,0,153.536,0,0,14,20,0,6,0
04-08 09:42:15,44.830,47.632,7.132,0,0,1657312,10862336,171084,3571552,57680.684,595543.666,0,175.244,0,12.226,5360,3404,1.740,1.400,0.980,5,0,209.885,0,0,14,20,0,6,0
04-08 09:42:16,65.114,32.432,0,0,0,1755860,10763724,171116,3571564,45055.560,25281.009,0,431.096,0,22.952,5316,3419,1.740,1.400,0.980,6,0,214.550,0,0,14,20,0,6,0
04-08 09:42:17,80.830,17.852,0.496,0,0,1873200,10646344,171116,3571568,44307.617,23239.308,0,1785.198,0,328.278,5731,3120,1.740,1.400,0.980,6,0,6.942,0,0,14,21,0,7,0
04-08 09:42:18,86.176,13.647,0.505,0,0,1979748,10539788,171116,3571572,29852.887,15314.616,0,8.087,0,2.022,5228,3047,1.740,1.400,0.980,7,0,2.022,0,0,14,20,0,7,0
04-08 09:42:19,83.457,13.164,1.490,0,0,2051668,10467716,171116,3571720,29399.870,14694.471,0,0,0,0,6064,5521,2.080,1.480,1.010,7,0,0,0,0,14,22,0,5,0
04-08 09:42:20,86.107,10.203,1.493,0,0,2056576,10462676,171204,3571764,15114.034,7672.988,0,378.274,0,34.841,6392,8201,2.080,1.480,1.010,5,0,0,0,0,14,23,0,6,0
04-08 09:42:21,79.045,17.817,2.258,0,0,1923764,10595324,171276,3571840,45781.920,23640.257,0,666.488,0,34.127,6621,8407,2.080,1.480,1.010,5,0,115.431,0,0,14,21,0,6,0
04-08 09:42:22,32.657,21.938,42.878,0,0,1704360,10814660,171324,3571856,60855.726,32144.475,0,339.035,0,25.926,4894,4324,2.080,1.480,1.010,2,0,153.563,0,0,14,20,0,6,0
04-08 09:42:23,15.229,14.230,69.405,0,0,1713224,10805776,171340,3571860,47100.453,24999.740,0,3223.582,0,317.565,3002,1839,2.080,1.480,1.010,1,0,42.941,0,0,14,20,0,6,0
04-08 09:42:24,21.300,5.012,71.918,0,0,1740760,10778236,171396,3571860,29781.515,14626.140,0,621.451,0,33.077,1899,1384,1.990,1.470,1.010,1,0,2.005,0,0,14,20,0,6,0
04-08 09:42:25,22.777,4.255,71.336,0,0,1743544,10775320,171396,3571992,29626.701,14919.979,0,0,0,0,2396,2044,1.990,1.470,1.010,1,0,0,0,0,14,20,0,6,0
04-08 09:42:26,23.500,4.000,70.001,0,0,1732072,10786740,171436,3572000,14796.175,7296.086,0,160.002,0,17.000,3569,3977,1.990,1.470,1.010,1,0,1.000,0,0,14,20,0,6,0
04-08 09:42:27,14.741,15.241,69.208,0,0,1698832,10819964,171452,3572000,40609.641,458253.126,0,131.921,0,6.996,3345,2347,1.990,1.470,1.010,1,0,69.958,0,0,14,20,0,6,0
04-08 09:42:28,19.771,7.508,71.324,0,0,1713080,10805696,171468,3572000,48316.382,148136.468,0,332.347,0,7.007,2175,1677,1.990,1.470,1.010,1,0,1.001,0,0,14,20,0,6,0
04-08 09:42:29,23.506,8.502,67.767,0,0,1736620,10782052,171500,3572008,29718.308,14757.629,0,380.093,0,20.005,2657,2123,1.910,1.460,1.010,1,0,6.001,0,0,14,20,0,6,0
04-08 09:42:30,21.642,4.726,70.398,0,0,1725368,10793300,171500,3572012,14841.701,7406.920,0,11.940,0,2.985,2884,2687,1.910,1.460,1.010,2,0,1.990,0,0,14,21,0,6,0
04-08 09:42:31,19.446,9.972,69.057,0,0,1630576,10887984,171596,3572024,30274.551,15335.223,0,355.010,0,36.897,3443,3007,1.910,1.460,1.010,2,0,46.869,0,0,14,20,0,6,0
04-08 09:42:32,5.788,25.921,66.438,0,0,1626420,10892116,171612,3572028,45914.957,24815.740,0,201.328,0,9.060,4499,2599,1.910,1.460,1.010,1,0,172.136,0,0,14,20,0,6,0
04-08 09:42:33,6.503,26.264,65.034,0,0,1613300,10905172,171684,3572020,61191.217,33201.480,0,3053.608,0,438.231,5387,2871,1.910,1.460,1.010,1,0,177.093,0,0,14,20,0,6,0
04-08 09:42:34,7.231,28.924,61.589,0,0,1599628,10918840,171684,3572024,60471.954,32574.864,0,227.406,0,3.990,4659,2785,1.840,1.460,1.010,3,0,190.502,0,0,14,20,0,6,0
04-08 09:42:35,28.397,43.726,26.135,0,0,1628932,10889388,171812,3572264,54109.450,27063.772,0,1885.739,0,90.467,5419,3346,1.840,1.460,1.010,7,0,231.194,0,0,14,20,0,6,0
04-08 09:42:36,57.571,40.800,1.752,0,0,1711656,10806644,171812,3572060,54350.733,30259.153,0,32.039,0,8.010,5676,12449,1.840,1.460,1.010,6,0,259.318,0,0,14,20,0,6,0
04-08 09:42:37,79.650,18.284,0.250,0,0,1857044,10661252,171812,3572064,47099.823,25193.511,0,0,0,0,5244,3073,1.840,1.460,1.010,5,0,4.008,0,0,14,20,0,6,0
04-08 09:42:38,83.486,13.130,1.239,0,0,1947720,10570556,171812,3572084,40786.507,563939.853,0,7.927,0,0.991,5976,4151,1.840,1.460,1.010,5,0,0,0,0,14,23,0,6,0
04-08 09:42:39,82.344,14.517,1.752,0,0,1974116,10544096,171844,3572112,29805.181,15263.504,0,220.253,0,14.016,5842,7955,2.170,1.530,1.040,8,0,2.002,0,0,14,22,0,6,0
04-08 09:42:40,66.168,14.676,16.666,0,0,1955300,10562744,171844,3572280,14841.590,7729.248,0,0,0,0,6989,7134,2.170,1.530,1.040,4,0,29.850,0,0,14,24,0,6,0
04-08 09:42:41,67.198,11.785,18.304,0.251,0,1993760,10524164,171916,3572324,15265.893,7804.952,0,300.885,0,30.088,7127,7110,2.170,1.530,1.040,6,0,0,0,0,14,23,0,6,0
04-08 09:42:42,79.972,17.912,1.514,0,0,1989736,10528012,172044,3572368,15112.415,7756.011,0,565.101,0,56.510,5902,8337,2.170,1.530,1.040,5,0,73.665,0,0,14,20,0,7,0
04-08 09:42:43,67.115,31.686,0.748,0,0,1779812,10737908,172060,3572380,15531.759,8798.303,0,375.245,0,11.976,5329,4684,2.170,1.530,1.040,6,0,208.580,0,0,14,20,0,7,1
04-08 09:42:44,77.158,20.358,0.754,0,0,1864540,10653136,172080,3572400,45793.105,22547.205,0,245.297,0,11.058,6219,5597,2.480,1.610,1.060,6,0,0,0,0,14,20,0,7,0
04-08 09:42:45,83.085,16.717,0,0,0,1959272,10558384,172096,3572400,31195.087,15417.401,0,147.707,0,6.986,4832,2488,2.480,1.610,1.060,7,0,48.903,0,0,14,20,0,7,0
04-08 09:42:46,82.668,13.902,0.745,0,0,1985764,10531724,172112,3572552,33468.477,17320.116,0,178.742,0,8.937,5831,5154,2.480,1.610,1.060,5,0,3.972,0,0,14,21,0,10,0
04-08 09:42:47,75.800,11.719,10.971,0,0,1987480,10529960,172128,3572580,40516.282,20466.093,0,147.611,0,7.979,6401,7492,2.480,1.610,1.060,4,0,0,0,0,14,25,0,10,0
04-08 09:42:48,57.662,7.772,32.090,0,0,1971748,10545612,172176,3572608,30043.477,12978.493,0,3353.429,0,536.509,7714,7291,2.480,1.610,1.060,5,0,4.011,0,0,14,24,0,10,0
04-08 09:42:49,60.728,20.577,15.308,0,0,1982268,10535004,172224,3572644,15808.415,11033.469,0,260.981,0,20.075,6628,8094,2.600,1.650,1.080,5,0,66.249,0,0,14,23,0,11,0
04-08 09:42:50,81.974,16.044,1.253,0,0,1857836,10659264,172240,3572800,44208.608,23305.581,0,120.328,0,7.019,6150,6126,2.600,1.650,1.080,6,0,56.153,0,0,14,20,0,11,0
04-08 09:42:51,58.667,23.467,16.227,0,0,1740088,10776984,172256,3572812,60935.495,31059.907,0,167.762,0,9.986,4927,2845,2.600,1.650,1.080,4,0,125.821,0,0,14,23,0,11,0
04-08 09:42:52,44.746,9.198,42.508,0,0,1772468,10744508,172344,3572820,44049.686,22152.120,0,385.808,0,36.791,4596,3662,2.600,1.650,1.080,2,0,0.994,0,0,14,26,0,10,0
04-08 09:42:53,46.509,7.213,44.271,0.249,0,1770236,10746652,172408,3572844,39076.583,448811.160,0,306.413,0,27.856,5138,4786,2.600,1.650,1.080,3,0,0.995,0,0,14,25,0,10,0
04-08 09:42:54,29.360,34.881,33.877,0,0,1731740,10785108,172424,3572868,34629.670,157019.958,0,594.225,0,45.169,6309,5574,2.550,1.650,1.080,4,0,195.733,0,0,14,25,0,10,0
04-08 09:42:55,56.744,38.081,4.792,0,0,1715696,10801116,172440,3572884,61335.619,32732.775,0,234.036,0,12.105,5602,3918,2.550,1.650,1.080,5,0,185.615,0,0,14,24,0,10,0
04-08 09:42:56,62.809,11.668,24.329,0,0,1812560,10704228,172456,3572888,44565.893,22194.071,0,182.716,0,7.944,3836,1718,2.550,1.650,1.080,5,0,1.986,0,0,14,25,0,10,0
04-08 09:42:57,62.792,11.573,22.408,0.246,0,1844868,10671828,172536,3572900,29323.597,14691.840,0,823.436,0,42.354,5504,4509,2.550,1.650,1.080,3,0,1.970,0,0,14,25,0,10,0
04-08 09:42:58,55.726,9.119,34.195,0,0,1841952,10674532,172536,3573112,15739.992,7623.283,0,8.106,0,1.013,5877,5837,2.550,1.650,1.080,2,0,0,0,0,14,27,0,10,0
04-08 09:42:59,53.250,6.782,36.672,0,0,1838644,10677748,172584,3573148,19084.550,7559.471,0,164.773,0,19.090,6763,7112,2.510,1.660,1.090,3,0,0,0,0,14,26,0,10,0
04-08 09:43:00,48.583,30.802,18.782,0,0,1687824,10828448,172664,3573188,15121.747,7456.696,0,456.778,0,39.067,5963,5052,2.510,1.660,1.090,5,0,162.276,0,0,14,24,0,8,0
04-08 09:43:01,60.923,36.353,1.504,0,0,1709728,10806520,172680,3573192,45109.045,24471.464,0,208.592,0,8.023,4982,2616,2.510,1.660,1.090,6,0,98.279,0,0,14,24,0,8,0
04-08 09:43:02,83.576,15.218,0.249,0,0,1865948,10650280,172696,3573196,29590.563,14891.082,0,171.644,0,8.981,4879,2216,2.510,1.660,1.090,8,0,0,0,0,14,24,0,8,1
04-08 09:43:03,78.181,14.192,5.478,0,0,1909144,10606988,172768,3573216,29889.057,14956.978,0,816.668,0,42.825,5767,5486,2.510,1.660,1.090,4,0,1.992,0,0,14,27,0,12,0
04-08 09:43:04,45.744,6.886,42.793,0,0,1909068,10606988,172808,3573252,14968.711,7242.354,0,283.319,0,15.740,6810,8427,2.470,1.660,1.100,3,0,0,0,0,14,27,0,14,0
04-08 09:43:05,59.026,21.601,16.578,0,0,1869644,10646192,172824,3573448,31508.398,16085.248,0,128.602,0,9.042,7094,7667,2.470,1.660,1.100,6,0,84.395,0,0,14,25,0,15,0
04-08 09:43:06,59.849,37.437,2.292,0,0,1678404,10837352,172872,3573480,62288.695,33285.155,0,309.686,0,22.412,6018,5589,2.470,1.660,1.100,4,0,241.433,0,0,14,24,0,15,0
04-08 09:43:07,60.821,14.767,23.527,0,0,1771320,10744420,172888,3573480,55161.001,453566.254,0,152.177,0,8.009,4117,2135,2.470,1.660,1.100,3,0,7.008,0,0,14,24,0,15,0
04-08 09:43:08,63.215,11.156,23.303,0,0,1838484,10677204,172928,3573492,32955.203,131166.347,0,420.443,0,19.832,5198,3865,2.470,1.660,1.100,4,0,0,0,0,14,24,0,15,0
04-08 09:43:09,54.042,10.258,33.026,0,0,1839224,10676448,172928,3573508,29854.371,14669.484,0,3782.961,0,576.451,6428,5027,2.590,1.700,1.110,2,0,2.002,0,0,14,27,0,15,0
04-08 09:43:10,54.926,8.947,32.061,0,0,1830912,10684512,173000,3573672,15168.525,7465.961,0,369.819,0,29.824,6736,6912,2.590,1.700,1.110,5,0,3.977,0,0,14,26,0,16,0
04-08 09:43:11,47.656,32.019,16.878,0,0,1821652,10693712,173064,3573668,31017.273,16340.139,0,397.135,0,28.792,6423,6150,2.590,1.700,1.110,5,0,170.768,0,0,14,24,0,16,0
04-08 09:43:12,59.023,30.145,10.386,0,0,1744720,10770588,173080,3573704,60947.321,31056.799,0,178.336,0,11.146,4648,2587,2.590,1.700,1.110,4,0,126.659,0,0,14,24,0,16,0
04-08 09:43:13,64.334,11.969,23.440,0,0,1786536,10728756,173096,3573704,29877.055,14620.347,0,175.548,0,6.982,3707,1423,2.590,1.700,1.110,4,0,0,0,0,14,24,0,16,0
04-08 09:43:14,64.908,10.445,23.874,0,0,1844568,10670612,173128,3573784,29442.671,15613.628,0,473.502,0,20.890,4455,2818,2.620,1.730,1.120,3,0,0,0,0,14,25,0,16,0
04-08 09:43:15,63.666,9.059,25.668,0,0,1844552,10670612,173128,3573800,15013.193,7493.008,0,44.290,0,5.033,6297,5853,2.620,1.730,1.120,6,0,2.013,0,0,14,27,0,16,0
04-08 09:43:16,56.308,6.536,36.198,0,0,1844580,10670372,173172,3573964,29754.497,14835.018,0,189.032,0,17.093,6299,6512,2.620,1.730,1.120,4,0,1.005,0,0,14,25,0,16,0
04-08 09:43:17,46.447,35.270,16.145,0,0,1705656,10809256,173188,3573988,815.679,0,0,186.782,0,9.935,6030,5299,2.620,1.730,1.120,6,0,215.594,0,0,14,25,0,16,0
04-08 09:43:18,71.727,25.581,2.759,0,0,1743924,10770952,173220,3573992,59955.716,32219.953,0,236.749,0,17.054,5064,2844,2.620,1.730,1.120,3,0,72.229,0,0,14,24,0,17,0
04-08 09:43:19,65.111,10.189,23.609,0,0,1799300,10715552,173236,3574000,44003.893,23016.381,0,170.978,0,6.958,4102,2128,2.650,1.750,1.130,3,0,0,0,0,14,25,0,17,0
04-08 09:43:20,64.915,10.777,23.059,0,0,1829708,10685088,173284,3574008,30262.995,14940.010,0,601.530,0,31.079,5080,3865,2.650,1.750,1.130,3,0,0,0,0,14,25,0,18,0
04-08 09:43:21,57.625,8.807,32.965,0,0,1829928,10684836,173284,3574036,15133.535,7343.816,0,0,0,0,6296,6518,2.650,1.750,1.130,4,0,2.013,0,0,14,27,0,16,0
04-08 09:43:22,61.483,10.703,25.390,0,0,1766304,10748344,173372,3574060,15119.227,7425.696,0,342.510,0,34.848,6775,6493,2.650,1.750,1.130,3,0,29.870,0,0,14,25,0,17,0
04-08 09:43:23,52.012,25.506,22.005,0,0,1702000,10812616,173388,3574076,55751.622,591555.926,0,124.028,0,7.002,5076,2921,2.650,1.750,1.130,4,0,83.019,0,0,14,24,0,17,0
04-08 09:43:24,63.299,12.559,23.863,0,0,1761608,10752984,173412,3574076,44779.326,23107.049,0,140.664,0,12.057,3801,1530,2.680,1.770,1.140,3,0,2.009,0,0,14,24,0,17,0
04-08 09:43:25,64.926,10.656,22.798,0,0,1829564,10684972,173452,3574088,15022.193,7961.614,0,455.969,0,22.798,4140,2083,2.680,1.770,1.140,4,0,0,0,0,14,25,0,17,0
04-08 09:43:26,65.501,10.211,22.913,0,0,1829792,10684732,173452,3574100,29420.201,15026.896,0,7.970,0,0.996,5373,4308,2.680,1.770,1.140,5,0,0.996,0,0,14,25,0,17,0
04-08 09:43:27,47.801,7.548,43.524,0,0,1829640,10684732,173452,3574252,15069.944,7475.095,0,0,0,0,6399,7290,2.680,1.770,1.140,4,0,2.013,0,0,14,27,0,19,0
04-08 09:43:28,57.134,14.850,26.931,0,0,1729912,10784324,173564,3574272,15487.977,8188.976,0,430.893,0,46.311,6200,5822,2.680,1.770,1.140,4,0,89.602,0,0,14,24,0,19,0
04-08 09:43:29,40.517,43.018,16.257,0,0,1663976,10850184,173580,3574300,61010.756,32531.733,0,3585.514,0,580.245,5938,3427,2.710,1.790,1.150,6,0,276.117,0,0,14,24,0,19,0
04-08 09:43:30,70.050,29.771,0,0,0,1756104,10757952,173604,3574316,45644.566,24471.459,0,364.260,0,42.030,5350,3240,2.710,1.790,1.150,7,0,159.114,0,0,14,24,0,19,0
04-08 09:43:31,70.837,27.784,0,0,0,1875220,10638788,173636,3574328,60967.604,33961.558,0,408.500,0,23.028,5187,3541,2.710,1.790,1.150,8,0,160.196,0,0,14,24,0,19,0
04-08 09:43:32,74.998,22.176,0.249,0,0,1982032,10531968,173636,3574336,60917.508,35028.414,0,0,0,0,5718,4600,2.710,1.790,1.150,7,0,142.522,0,0,14,24,0,20,0
04-08 09:43:33,74.715,21.916,0.747,0,0,2033156,10480824,173636,3574356,48274.922,26279.792,0,0,0,0,6041,5491,2.710,1.790,1.150,8,0,116.556,0,0,14,26,0,20,0
04-08 09:43:34,72.578,23.694,1.995,0,0,2059504,10454448,173636,3574384,61775.398,565813.244,0,0,0,0,7339,8035,3.370,1.940,1.210,6,0,133.683,0,0,14,28,0,20,0
04-08 09:43:35,60.128,28.076,9.193,0,0,2061896,10451884,173636,3574552,57045.671,33933.821,0,413.439,0,1.988,6715,7982,3.370,1.940,1.210,6,0,181.874,0,0,14,28,0,20,0
04-08 09:43:36,69.998,28.303,1.011,0,0,2040772,10472948,173668,3577672,62929.611,35208.317,0,161.729,0,15.162,6823,16636,3.370,1.940,1.210,10,0,228.442,0,0,14,26,0,20,0
04-08 09:43:37,65.534,28.299,3.724,0,0,1971364,10542220,173748,3574628,52562.280,27438.908,0,401.148,0,34.753,7226,12511,3.370,1.940,1.210,7,0,171.779,0,0,14,26,0,21,0
04-08 09:43:38,65.336,30.909,1.005,0,0,1846736,10666444,174004,3574768,54623.231,32145.503,0,2448.607,0,136.704,6817,7570,3.370,1.940,1.210,5,0,184.952,0,0,14,24,0,22,0
04-08 09:43:39,77.286,21.902,0.252,0,0,1812960,10700192,174004,3574792,45240.718,23720.488,0,0,0,0,5011,2666,3.500,1.990,1.230,5,0,62.433,0,0,14,24,0,22,0
04-08 09:43:40,82.431,14.195,1.245,0,0,1912200,10600944,174004,3574800,29657.099,15143.330,0,3.985,0,0.996,5086,2741,3.500,1.990,1.230,5,0,0,0,0,14,25,0,22,0
04-08 09:43:41,82.541,13.965,1.247,0,0,1969364,10543752,174004,3574828,30100.782,14950.145,0,0,0,0,6345,6707,3.500,1.990,1.230,4,0,0,0,0,14,27,0,23,0
04-08 09:43:42,81.437,13.531,3.007,0,0,1968052,10545012,174004,3574880,15190.791,7445.051,0,8.018,0,2.005,6783,9249,3.500,1.990,1.230,3,0,16.037,0,0,14,28,0,23,0
04-08 09:43:43,53.907,23.491,18.299,0,0,1967600,10545292,174012,3575036,45114.328,24175.844,0,118.693,0,3.956,7033,7940,3.500,1.990,1.230,3,0,117.704,0,0,14,27,0,24,0
04-08 09:43:44,57.289,14.260,24.266,0,0,1838364,10674500,174012,3575064,55879.763,456534.524,0,4.003,0,1.001,7268,6999,3.460,2.010,1.240,3,0,58.039,0,0,14,26,0,24,0
04-08 09:43:45,43.044,32.472,21.648,0,0,1681136,10831728,174012,3575080,64388.426,156395.339,0,48.330,0,4.027,5997,4494,3.460,2.010,1.240,4,0,209.429,0,0,14,24,0,23,0
04-08 09:43:46,6.997,32.737,56.727,0,0,1660812,10852052,174012,3575076,46914.858,25607.552,0,7.997,0,1.999,4771,2814,3.460,2.010,1.240,1,0,216.911,0,0,14,24,0,23,0
04-08 09:43:47,6.531,25.873,64.808,0,0,1650160,10862608,174096,3575084,62228.418,33187.552,0,691.282,0,41.196,4542,3022,3.460,2.010,1.240,2,0,153.730,0,0,14,24,0,23,0
04-08 09:43:48,19.610,41.207,35.745,0,0,1668860,10843892,174096,3575100,60260.941,31799.586,0,27.802,0,6.951,5302,3209,3.460,2.010,1.240,4,0,252.204,0,0,14,24,0,23,0
04-08 09:43:49,38.518,45.022,14.007,0,0,1673988,10838752,174096,3575112,61030.172,32499.534,0,12.006,0,3.001,5180,3060,3.430,2.030,1.250,5,0,238.114,0,0,14,24,0,19,0
04-08 09:43:50,58.357,38.737,1.509,0,0,1750484,10762208,174096,3575128,46886.037,24741.468,0,4064.885,0,609.733,6201,3758,3.430,2.030,1.250,6,0,268.645,0,0,14,24,0,19,0
04-08 09:43:51,65.436,31.350,1.493,0,0,1828688,10683976,174096,3575152,60870.981,32508.048,0,11.943,0,2.986,5958,5250,3.430,2.030,1.250,6,0,228.902,0,0,14,25,0,19,0
04-08 09:43:52,79.864,16.722,0.749,0,0,1914740,10597832,174176,3575164,60261.484,30885.458,0,351.402,0,30.947,6494,6022,3.430,2.030,1.250,5,0,18.968,0,0,14,26,0,19,0
04-08 09:43:53,78.595,19.524,1.752,0,0,1912856,10599636,174224,3575192,42234.021,551302.000,0,228.276,0,20.024,6414,6194,3.430,2.030,1.250,5,0,67.081,0,0,14,25,0,19,0
04-08 09:43:54,76.677,21.118,1.760,0,0,1893704,10618552,174296,3575352,14818.514,7469.593,0,293.635,0,31.174,6348,6823,3.550,2.080,1.270,6,0,69.386,0,0,14,25,0,20,0
04-08 09:43:55,80.406,16.430,1.743,0,0,1916512,10595620,174360,3575412,29470.931,15196.991,0,354.484,0,27.881,6072,7114,3.550,2.080,1.270,6,0,66.715,0,0,14,26,0,21,0
04-08 09:43:56,75.363,23.035,0.751,0,0,1884016,10628080,174376,3575428,15220.868,7763.664,0,172.259,0,8.012,5823,5142,3.550,2.080,1.270,5,0,74.111,0,0,14,25,0,21,0
04-08 09:43:57,75.761,20.753,2.250,0,0,1927056,10585016,174376,3575452,15958.378,7657.141,0,0,0,0,6348,6519,3.550,2.080,1.270,5,0,63.009,0,0,14,26,0,21,0
04-08 09:43:58,82.989,14.205,1.745,0,0,1962384,10549512,174376,3575624,299.061,0,0,0,0,0,6360,8403,3.550,2.080,1.270,5,0,0,0,0,14,27,0,22,0
04-08 09:43:59,70.289,11.506,16.259,0,0,1981976,10529856,174408,3575656,15153.369,7528.158,0,124.069,0,13.007,6873,7591,3.510,2.090,1.280,5,0,0,0,0,14,28,0,22,0
04-08 09:44:00,77.261,15.752,5.751,0,0,1977376,10534396,174424,3575700,15260.104,7673.058,0,160.022,0,9.001,6235,8936,3.510,2.090,1.280,4,0,32.004,0,0,14,27,0,24,0
04-08 09:44:01,67.070,9.652,19.057,0,0,1977192,10534396,174440,3575860,355.396,0,0,340.547,0,37.619,6752,7438,3.510,2.090,1.280,3,0,0,0,0,14,28,0,24,0
04-08 09:44:02,52.309,8.380,38.089,0,0,1977908,10533680,174456,3575892,15272.109,7806.693,0,109.696,0,7.110,6640,7213,3.510,2.090,1.280,2,0,0,0,0,14,29,0,26,0
04-08 09:44:03,73.229,12.703,11.956,0,0,1933740,10577736,174536,3575920,716.348,0,0,326.790,0,31.882,6327,8045,3.510,2.090,1.280,8,0,48.819,0,0,14,26,0,27,0
04-08 09:44:04,71.921,23.474,2.248,0,0,1904368,10606876,174608,3576076,14899.626,7839.385,0,327.640,0,28.968,7047,9438,3.710,2.160,1.300,5,0,49.945,0,0,14,26,0,28,0
04-08 09:44:05,80.611,16.323,2.260,0,0,1909328,10601772,174656,3576168,1300.817,148.665,0,269.204,0,22.099,6205,6142,3.710,2.160,1.300,6,0,55.247,0,0,14,25,0,28,0
04-08 09:44:06,77.921,19.108,1.985,0,0,1965424,10545632,174672,3576196,562.818,0,0,913.214,0,14.889,6413,6406,3.710,2.160,1.300,7,0,7.941,0,0,14,26,0,22,0
04-08 09:44:07,83.323,12.115,1.731,0,0,1982096,10528776,174688,3576360,15089.172,7601.453,0,150.328,0,7.912,6924,8187,3.710,2.160,1.300,5,0,0,0,0,14,26,0,25,0
04-08 09:44:08,76.497,21.712,2.020,0,0,1963292,10547508,174704,3576416,484.733,0,0,149.459,0,6.059,6438,8400,3.710,2.160,1.300,4,0,71.700,0,0,14,27,0,25,0
04-08 09:44:09,74.684,12.198,10.705,0,0,1999016,10511724,174720,3576456,417.232,0,0,143.392,0,6.970,6602,8954,3.890,2.220,1.330,4,0,1.992,0,0,14,28,0,25,0
04-08 09:44:10,55.976,10.246,31.736,0,0,2019784,10490808,174736,3576580,14849.661,7668.727,0,6565.198,0,854.635,7965,7431,3.890,2.220,1.330,4,0,0,0,0,14,29,0,25,0
04-08 09:44:11,65.184,11.117,22.739,0,0,1960312,10550204,174784,3576608,302.170,0,0,254.672,0,21.223,6689,7969,3.890,2.220,1.330,5,0,28.297,0,0,14,26,0,26,0
04-08 09:44:12,81.141,15.338,1.732,0,0,1892380,10618068,174800,3576656,237.487,0,0,134.576,0,8.906,6276,9828,3.890,2.220,1.330,5,0,13.853,0,0,14,27,0,27,0
04-08 09:44:13,70.100,23.283,5.258,0,0,1944084,10566288,174816,3576712,299.427,0,0,120.172,0,7.010,6596,9603,3.890,2.220,1.330,3,0,61.087,0,0,14,28,0,27,0
04-08 09:44:14,80.080,16.673,2.526,0,0,1897396,10612896,174864,3576748,15417.865,7699.838,0,218.263,0,19.199,6242,6930,3.900,2.250,1.340,8,0,66.692,0,0,14,25,0,27,0
04-08 09:44:15,71.665,24.302,2.232,0,0,1908176,10601976,174880,3576856,356.093,188.461,0,119.028,0,6.943,6802,8962,3.900,2.250,1.340,6,0,84.312,0,0,14,26,0,27,0
04-08 09:44:16,83.227,15.637,1.261,0,0,1950376,10559532,174956,3577020,242.116,0,0,330.892,0,30.265,6395,6037,3.900,2.250,1.340,6,0,31.273,0,0,14,26,0,27,0
04-08 09:44:17,76.823,14.217,6.485,0,0,1989476,10520248,174972,3577184,298.314,0,0,127.706,0,6.984,6743,8032,3.900,2.250,1.340,4,0,0,0,0,14,27,0,27,0
04-08 09:44:18,85.424,12.489,0.999,0,0,1955392,10554268,174988,3577228,359.679,0,0,143.872,0,9.991,6488,8522,3.900,2.250,1.340,4,0,3.996,0,0,14,27,0,26,0
04-08 09:44:19,75.383,20.401,2.737,0,0,1948568,10560928,175004,3577388,14962.122,7421.849,0,123.399,0,6.966,6638,7756,3.910,2.280,1.360,5,0,93.544,0,0,14,25,0,26,0
04-08 09:44:20,75.907,21.294,2.505,0,0,1904932,10604512,175052,3577388,240.498,148.307,0,208.432,0,19.039,6607,7238,3.910,2.280,1.360,6,0,43.089,0,0,14,25,0,27,0
04-08 09:44:21,82.161,14.804,0.987,0,0,1891220,10618156,175068,3577440,970.137,0,0,4338.477,0,654.325,6894,5818,3.910,2.280,1.360,7,0,25.660,0,0,14,26,0,27,0
04-08 09:44:22,81.705,16.695,1.518,0,0,1941012,10568316,175084,3577468,843.866,0,0,137.609,0,8.095,6441,6863,3.910,2.280,1.360,5,0,6.071,0,0,14,26,0,27,1
04-08 09:44:23,85.163,11.590,2.772,0,0,1985884,10523208,175148,3577636,751.857,0,0,253.978,0,25.196,6035,7252,3.910,2.280,1.360,5,0,0,0,0,14,26,0,28,0
04-08 09:44:24,70.238,24.819,2.482,0,0,1789348,10719664,175196,3577672,14867.531,7630.331,0,274.001,0,21.841,6198,7461,4.080,2.340,1.380,7,0,149.906,0,0,14,26,0,28,0
04-08 09:44:25,77.895,19.536,2.505,0,0,1866152,10642804,175212,3577708,299.557,148.276,0,152.283,0,8.015,6258,8641,4.080,2.340,1.380,6,0,30.056,0,0,14,26,0,28,0
04-08 09:44:26,82.730,15.590,0.503,0,0,1900596,10608180,175244,3577856,120.700,0,0,120.700,0,14.082,6555,6319,4.080,2.340,1.380,5,0,31.181,0,0,14,25,0,28,0
04-08 09:44:27,77.275,17.393,2.485,0,0,1937580,10571136,175260,3577896,297.172,0,0,2667.587,0,465.138,6524,7322,4.080,2.340,1.380,5,0,3.976,0,0,14,26,0,28,0
04-08 09:44:28,76.955,17.948,3.442,0,0,1949132,10559544,175260,3577936,177.022,0,0,0,0,0,6431,8293,4.080,2.340,1.380,4,0,92.445,0,0,14,27,0,28,0
04-08 09:44:29,81.273,18.146,1.022,0,0,1962568,10545936,175260,3578104,602.139,0,0,0,0,0,6263,7811,4.390,2.440,1.420,6,0,37.825,0,0,14,24,0,30,0
04-08 09:44:30,77.673,20.979,0.250,0,0,1862224,10646232,175260,3578120,299.703,147.853,0,7.992,0,1.998,5345,4820,4.390,2.440,1.420,6,0,90.910,0,0,14,26,0,28,1
04-08 09:44:31,79.489,18.324,1.238,0,0,1929400,10579032,175260,3578144,14892.340,7743.819,0,114.899,0,23.772,6860,6422,4.390,2.440,1.420,5,0,0,0,0,14,26,0,28,0
04-08 09:44:32,85.943,12.133,1.517,0,0,1993084,10515276,175300,3578172,181.996,0,0,165.819,0,14.155,6360,7197,4.390,2.440,1.420,5,0,0,0,0,14,25,0,28,0
04-08 09:44:33,77.121,19.218,2.496,0,0,2004216,10503936,175332,3578348,819.634,0,0,131.780,0,12.978,6442,6555,4.390,2.440,1.420,7,0,68.885,0,0,14,26,0,28,0
04-08 09:44:34,76.127,19.968,1.498,0,0,1883920,10624196,175364,3578368,299.514,0,0,103.832,0,11.981,5829,6486,4.440,2.480,1.440,6,0,83.864,0,0,14,26,0,27,0
04-08 09:44:35,80.129,18.086,1.005,0,0,1915452,10592444,175428,3578516,1078.104,148.704,0,208.989,0,25.119,6084,7598,4.440,2.480,1.440,6,0,27.128,0,0,14,25,0,29,0
04-08 09:44:36,74.057,24.519,0.250,0,0,1862564,10645288,175436,3578552,360.279,0,0,44.034,0,5.004,5252,3439,4.440,2.480,1.440,5,0,123.095,0,0,14,24,0,29,0
04-08 09:44:37,74.600,20.571,3.222,0,0,1917160,10590672,175436,3578572,1063.736,0,0,955.677,0,3.965,5638,11963,4.440,2.480,1.440,5,0,53.534,0,0,14,26,0,30,0
04-08 09:44:38,75.852,12.226,9.980,0,0,1945104,10562700,175436,3578596,359.298,0,0,7.984,0,0.998,5582,6208,4.440,2.480,1.440,2,0,0,0,0,14,28,0,27,0
04-08 09:44:39,52.315,7.474,36.372,0,0,1944816,10562700,175436,3578884,44637.418,22534.447,0,0,0,0,6591,7120,4.240,2.470,1.440,5,0,1.993,0,0,14,26,0,27,0
04-08 09:44:40,74.631,17.087,7.538,0,0,1878984,10628500,175436,3578916,29623.247,15599.647,0,0,0,0,6667,7702,4.240,2.470,1.440,5,0,34.174,0,0,14,26,0,27,0
04-08 09:44:41,76.476,19.499,3.292,0,0,1880380,10626596,175484,3579368,29912.623,15704.355,0,234.998,0,18.233,5952,6690,4.240,2.470,1.440,4,0,43.556,0,0,14,24,0,28,0
04-08 09:44:42,70.248,28.499,1.250,0,0,1782324,10724644,175484,3579376,15853.549,7655.782,0,163.995,0,33.999,5210,3078,4.240,2.470,1.440,4,0,127.996,0,0,14,24,0,28,0
04-08 09:44:43,83.748,13.460,1.246,0,0,1873700,10633224,175516,3579388,14930.078,7501.430,0,175.472,0,12.961,5213,3446,4.240,2.470,1.440,4,0,0,0,0,14,24,0,27,0
04-08 09:44:44,75.227,19.994,3.499,0,0,1928488,10578288,175516,3579536,14971.372,7455.695,0,0,0,0,5417,5716,4.380,2.530,1.460,6,0,59.981,0,0,14,25,0,28,0
04-08 09:44:45,78.345,12.852,5.932,0.247,0,1969192,10537024,175596,3580004,14922.706,7554.775,0,253.078,0,31.635,6758,8612,4.380,2.530,1.460,4,0,1.977,0,0,14,25,0,28,1
04-08 09:44:46,67.335,24.598,5.466,0,0,1880648,10625408,175596,3580160,298.162,0,0,5641.233,0,742.424,6970,6163,4.380,2.530,1.460,4,0,88.455,0,0,14,25,0,28,0
04-08 09:44:47,62.601,21.785,14.523,0,0,1899260,10606764,175596,3580192,30107.560,15505.008,0,104.168,0,23.037,6926,7793,4.380,2.530,1.460,4,0,65.105,0,0,14,26,0,28,0
04-08 09:44:48,62.453,10.114,25.285,0,0,1918868,10587116,175596,3580228,55154.708,462575.806,0,16.182,0,3.034,7052,6893,4.380,2.530,1.460,7,0,3.034,0,0,14,25,0,28,0
04-08 09:44:49,50.584,24.040,23.790,0,0,1797408,10708584,175596,3580236,17428.057,143415.108,0,0,0,0,5310,3737,4.270,2.540,1.470,3,0,103.172,0,0,14,25,0,30,0
04-08 09:44:50,61.586,14.212,22.440,0,0,1787876,10717980,175604,3580364,30184.422,14766.580,0,119.681,0,1.995,5001,3410,4.270,2.540,1.470,3,0,10.971,0,0,14,24,0,30,0
04-08 09:44:51,58.889,17.218,22.458,0,0,1809184,10696396,175604,3580636,15213.385,7509.875,0,1357.447,0,276.480,4937,2580,4.270,2.540,1.470,4,0,35.932,0,0,14,25,0,30,0
04-08 09:44:52,64.138,11.024,22.799,0,0,1827064,10678468,175636,3580652,14948.203,7636.451,0,120.259,0,12.026,5829,4901,4.270,2.540,1.470,4,0,0,0,0,14,26,0,31,0
04-08 09:44:53,56.919,10.235,30.457,0,0,1849820,10655412,175900,3580680,759.919,0,0,3047.664,0,158.774,7403,8120,4.270,2.540,1.470,3,0,0,0,0,14,27,0,33,0
04-08 09:44:54,53.806,14.629,28.267,0,0,1843860,10661300,175948,3580704,15077.498,7301.707,0,226.133,0,21.820,6151,5603,4.170,2.550,1.480,4,0,49.591,0,0,14,26,0,34,0
04-08 09:44:55,57.425,17.127,23.927,0,0,1808820,10696264,175996,3580728,15086.606,7632.463,0,201.491,0,19.142,6401,5958,4.170,2.550,1.480,3,0,38.283,0,0,14,25,0,34,0
04-08 09:44:56,56.099,18.783,23.291,0,0,1850544,10654524,175996,3580744,180.320,0,0,0,0,0,5504,4738,4.170,2.550,1.480,3,0,34.060,0,0,14,26,0,34,0
04-08 09:44:57,61.387,13.475,23.207,0,0,1775616,10729268,176028,3580896,15288.887,7282.609,0,107.802,0,11.978,5106,4032,4.170,2.550,1.480,3,0,31.941,0,0,14,25,0,34,0
04-08 09:44:58,61.258,13.252,23.503,0,0,1818184,10686680,176028,3580916,180.024,0,0,0,0,0,5546,4686,4.170,2.550,1.480,4,0,0,0,0,14,25,0,34,0
04-08 09:44:59,58.729,16.244,24.241,0,0,1778308,10726536,176028,3580936,15199.600,7617.294,0,7.997,0,1.000,4949,4024,4.080,2.550,1.490,5,0,42.985,0,0,14,26,0,33,0
04-08 09:45:00,61.533,13.507,22.512,0,0,1787832,10716988,176028,3580956,240.129,190.102,0,8.004,0,2.001,6293,5950,4.080,2.550,1.490,3,0,2.001,0,0,14,26,0,33,0
04-08 09:45:01,60.627,15.405,22.114,0,0,1757808,10746984,176036,3580972,416.437,0,0,83.486,0,2.982,5727,4530,4.080,2.550,1.490,3,0,45.719,0,0,14,25,0,33,0
04-08 09:45:02,61.075,13.824,23.374,0,0,1801852,10702912,176036,3580996,15404.023,7564.278,0,0,0,0,5705,4907,4.080,2.550,1.490,4,0,0,0,0,14,26,0,33,0
04-08 09:45:03,62.486,10.954,23.401,0,0,1844544,10660072,176036,3581144,536.736,0,0,0,0,0,7169,7085,4.080,2.550,1.490,4,0,1.992,0,0,14,27,0,28,0
04-08 09:45:04,57.982,9.036,31.627,0,0,1844472,10660072,176068,3581184,301.207,0,0,128.515,0,12.048,6668,6960,4.070,2.580,1.500,3,0,0,0,0,14,26,0,28,0
04-08 09:45:05,50.096,24.674,22.431,0,0,1709876,10794440,176108,3581368,15048.664,7582.653,0,243.251,0,17.945,6019,5122,4.070,2.580,1.500,3,0,114.647,0,0,14,25,0,28,0
04-08 09:45:06,61.394,15.600,21.639,0,0,1794568,10709696,176156,3581372,706.539,0,0,237.526,0,21.136,5559,4475,4.070,2.580,1.500,5,0,3.019,0,0,14,24,0,28,0
04-08 09:45:07,53.951,23.086,22.333,0,0,1799348,10704752,176172,3581516,869.243,0,0,116.434,0,6.022,4812,2929,4.070,2.580,1.500,3,0,93.348,0,0,14,25,0,24,0
04-08 09:45:08,54.362,18.780,23.227,0,0,1824740,10679328,176188,3581532,679.031,0,0,794.674,0,9.884,5531,4438,4.070,2.580,1.500,3,0,51.397,0,0,14,26,0,24,0
04-08 09:45:09,64.529,12.653,22.775,0,0,1788216,10715648,176236,3581688,15340.182,7779.917,0,271.275,0,22.269,6153,5428,4.060,2.600,1.520,5,0,31.379,0,0,14,24,0,24,0
04-08 09:45:10,47.581,26.905,22.670,0,0,1726860,10776976,176252,3581700,358.727,147.477,0,187.335,0,10.961,4803,3036,4.060,2.600,1.520,4,0,99.646,0,0,14,24,0,24,0
04-08 09:45:11,63.240,11.998,22.247,0,0,1795876,10707928,176268,3581716,358.945,0,0,135.979,0,6.999,5641,5000,4.060,2.600,1.520,3,0,0,0,0,14,25,0,22,0
04-08 09:45:12,62.582,11.873,23.499,0,0,1831096,10672660,176284,3581748,356.196,0,7.915,4393.088,0.989,671.826,6713,5494,4.060,2.600,1.520,6,0,1.979,0,0,14,26,0,23,0
04-08 09:45:13,62.733,11.429,23.874,0,0,1832820,10670896,176300,3581768,425.669,0,0,121.910,0,7.111,6409,6127,4.060,2.600,1.520,3,0,0,0,0,14,27,0,24,0
04-08 09:45:14,60.912,11.983,25.214,0,0,1777248,10726340,176404,3581788,14894.587,7285.526,0,327.529,0,40.941,6705,6269,3.980,2.610,1.530,3,0,44.935,0,0,14,25,0,25,0
04-08 09:45:15,40.888,34.157,23.436,0,0,1659720,10843832,176436,3581792,298.186,147.597,0,111.695,0,11.967,4917,2933,3.980,2.610,1.530,4,0,140.616,0,0,14,24,0,23,0
04-08 09:45:16,63.550,12.559,23.109,0,0,1767564,10735988,176436,3581792,120.569,0,0,4.019,0,1.005,3721,1413,3.980,2.610,1.530,3,0,1.005,0,0,14,24,0,23,0
04-08 09:45:17,61.542,13.259,23.766,0,0,1830344,10673072,176540,3581816,641.438,0,0,1368.935,0,65.044,4424,3595,3.980,2.610,1.530,3,0,0,0,0,14,24,0,24,0
04-08 09:45:18,51.788,9.168,36.673,0,0,1831196,10672064,176540,3581968,297.347,0,0,7.929,0,1.982,6532,6907,3.980,2.610,1.530,2,0,1.982,0,0,14,27,0,24,0
04-08 09:45:19,47.589,7.013,42.329,0,0,1831164,10672064,176540,3582000,15469.976,7375.815,0,0,0,0,6310,6777,3.980,2.630,1.540,2,0,0,0,0,14,27,0,25,0
04-08 09:45:20,54.377,6.236,36.418,0,0,1831088,10672064,176588,3582024,1293.071,147.666,0,143.675,0,18.957,6203,6254,3.980,2.630,1.540,5,0,0,0,0,14,25,0,25,0
04-08 09:45:21,53.508,22.503,22.503,0,0,1734252,10768868,176604,3582040,419.062,0,0,120.018,0,7.001,5786,4990,3.980,2.630,1.540,6,0,75.011,0,0,14,25,0,26,0
04-08 09:45:22,64.005,12.452,20.920,0,0,1816892,10686212,176604,3582056,1129.670,0,0,11.954,0,0.996,5754,4627,3.980,2.630,1.540,4,0,0,0,0,14,25,0,26,0
04-08 09:45:23,57.662,18.051,23.065,0,0,1764164,10738800,176604,3582196,1773.997,0,0,192.542,0,41.116,5323,3735,3.980,2.630,1.540,6,0,52.147,0,0,14,24,0,26,0
04-08 09:45:24,47.314,29.290,22.030,0,0,1765848,10737064,176604,3582244,180.246,0,0,12.016,0,3.004,6159,5836,3.900,2.640,1.550,3,0,149.203,0,0,14,26,0,23,0
04-08 09:45:25,45.221,7.495,44.222,0,0,1765824,10737064,176604,3582268,298.810,147.906,0,0,0,0,6272,6860,3.900,2.640,1.550,2,0,0,0,0,14,26,0,23,0
04-08 09:45:26,33.608,19.312,45.646,0,0,1656312,10846524,176636,3582284,46029.465,36962.417,0,160.514,0,12.039,4493,3041,3.900,2.640,1.550,2,0,108.347,0,0,14,24,0,23,0
04-08 09:45:27,35.968,15.986,46.209,0,0,1682012,10820820,176636,3582288,29891.738,14645.133,0,7.993,0,0.999,3228,1749,3.900,2.640,1.550,4,0,26.976,0,0,14,24,0,23,0
04-08 09:45:28,43.244,8.499,47.244,0,0,1748448,10754332,176684,3582292,29588.013,14883.994,0,583.921,0,28.996,3257,2168,3.900,2.640,1.550,3,0,0,0,0,14,24,0,23,0
04-08 09:45:29,43.016,8.003,47.267,0,0,1752468,10750300,176684,3582304,15939.767,7562.736,0,312.113,0,2.001,4222,3489,3.750,2.630,1.550,3,0,0,0,0,14,26,0,23,0
04-08 09:45:30,43.189,11.983,41.691,0.250,0,1670716,10831840,176756,3582432,15356.439,7433.563,0,307.568,0,30.957,5846,6040,3.750,2.630,1.550,2,0,35.950,0,0,14,25,0,24,0
04-08 09:45:31,29.381,23.654,45.566,0,0,1634528,10867884,176772,3582564,15315.137,7655.079,0,123.501,0,5.976,4419,2597,3.750,2.630,1.550,2,0,116.529,0,0,14,24,0,24,0
04-08 09:45:32,34.481,17.870,46.562,0,0,1694204,10808192,176788,3582564,767.139,0,0,153.025,0,9.061,3449,1800,3.750,2.630,1.550,2,0,51.344,0,0,14,24,0,22,0
04-08 09:45:33,43.806,9.956,45.299,0.249,0,1747060,10755284,176836,3582568,15354.025,7425.128,0,4392.553,0,608.307,4381,2164,3.750,2.630,1.550,3,0,1.991,0,0,14,24,0,22,0
04-08 09:45:34,45.580,6.974,45.580,0,0,1761152,10741172,176836,3582588,15706.413,7430.284,0,3.985,0,0.996,5029,4762,3.610,2.620,1.550,3,0,0,0,0,14,25,0,23,0
04-08 09:45:35,46.283,6.505,45.282,0,0,1760952,10741172,176884,3582732,479.337,148.104,0,148.104,0,18.013,5070,4846,3.610,2.620,1.550,2,0,0,0,0,14,25,0,23,0
04-08 09:45:36,39.667,13.808,44.688,0,0,1728244,10773864,176884,3582748,15307.548,7489.582,0,12.051,0,3.013,5074,4638,3.610,2.620,1.550,1,0,33.140,0,0,14,25,0,21,0
04-08 09:45:37,48.841,14.277,36.067,0,0,1742208,10759832,176932,3585324,642.199,0,0,232.434,0,19.036,3879,7452,3.610,2.620,1.550,7,0,39.073,0,0,14,24,0,21,0
04-08 09:45:38,45.078,13.523,40.320,0,0,1764368,10737668,176932,3582756,14821.657,7795.494,0,0,0,0,3805,10166,3.610,2.620,1.550,2,0,2.003,0,0,14,24,0,22,0
04-08 09:45:39,43.181,8.237,47.175,0,0,1790888,10711116,176956,3582764,699.889,0,0,443.296,0,14.976,3760,3042,3.480,2.610,1.550,2,0,1.997,0,0,14,25,0,22,0
04-08 09:45:40,44.976,7.246,45.726,0,0,1788224,10713716,176988,3582792,119.937,147.922,0,127.932,0,11.994,5168,4943,3.480,2.610,1.550,3,0,0,0,0,14,25,0,22,0
04-08 09:45:41,37.154,15.959,44.385,0,0,1699140,10802788,176988,3582804,14996.082,7600.276,0,0,0,0,5371,4755,3.480,2.610,1.550,4,0,55.855,0,0,14,25,0,22,0
04-08 09:45:42,43.196,9.292,46.712,0,0,1700864,10801000,177028,3582828,629.858,0,0,156.711,0,18.082,3861,3045,3.480,2.610,1.550,4,0,7.032,0,0,14,24,0,22,0
04-08 09:45:43,40.983,9.996,48.230,0,0,1748788,10753072,177028,3582832,478.798,0,0,0,0,0,2749,1631,3.480,2.610,1.550,3,0,0,0,0,14,25,0,22,0
04-08 09:45:44,44.214,9.242,45.213,0,0,1753752,10748036,177092,3582836,23338.832,564480.387,0,751.383,0,35.970,4121,3501,3.360,2.600,1.560,6,0,0,0,0,14,25,0,21,0
04-08 09:45:45,40.171,11.800,46.197,0,0,1719324,10782416,177124,3582852,824.509,148.633,0,112.479,0,14.060,4506,3777,3.360,2.600,1.560,4,0,43.184,0,0,14,25,0,23,0
04-08 09:45:46,34.745,17.621,44.425,0,0,1725120,10776476,177124,3582992,1157.519,0,0,0,0,0,5646,5268,3.360,2.600,1.560,3,0,58.571,0,0,14,25,0,23,0
04-08 09:45:47,41.323,10.519,47.835,0,0,1700876,10800668,177172,3582996,479.849,0,0,224.397,0,19.034,3241,2126,3.360,2.600,1.560,2,0,5.009,0,0,14,24,0,23,0
04-08 09:45:48,42.567,9.068,47.353,0,0,1746216,10755320,177172,3583004,15148.901,7417.279,0,24.180,0,3.023,3246,2118,3.360,2.600,1.560,2,0,2.015,0,0,14,24,0,21,0
04-08 09:45:49,42.670,8.187,46.639,0,0,1771020,10730452,177220,3583016,653.937,0,0,146.863,0,17.862,4717,4656,3.490,2.640,1.580,3,0,0,0,0,14,24,0,21,0
04-08 09:45:50,36.598,15.792,46.123,0,0,1728144,10773300,177236,3583028,541.444,148.396,0,216.577,0,7.019,4991,4090,3.490,2.640,1.580,3,0,72.192,0,0,14,25,0,21,0
04-08 09:45:51,39.286,13.095,46.589,0,0,1671288,10830096,177284,3583040,1402.201,42.308,0,201.466,0,20.147,4347,3506,3.490,2.640,1.580,2,0,29.213,0,0,14,24,0,22,0
04-08 09:45:52,26.307,28.789,42.687,0,0,1690884,10810456,177324,3583040,924.227,0,0,266.050,0,18.862,4952,2921,3.490,2.640,1.580,3,0,165.785,0,0,14,24,0,19,0
04-08 09:45:53,30.907,22.931,43.868,0,0,1693028,10808244,177376,3583056,15380.585,7758.586,0,398.797,0,24.925,4746,3302,3.490,2.640,1.580,2,0,111.663,0,0,14,25,0,19,0
04-08 09:45:54,40.831,12.775,45.089,0,0,1726260,10774980,177392,3583072,480.952,0,0,2777.499,0,467.926,5524,4559,3.370,2.630,1.580,4,0,2.004,0,0,14,25,0,20,0
04-08 09:45:55,45.641,6.485,45.641,0,0,1761968,10739196,177440,3583096,942.758,147.649,0,275.345,0,18.955,4511,4077,3.370,2.630,1.580,2,0,0,0,0,14,25,0,20,0
04-08 09:45:56,36.891,14.807,47.432,0,0,1705996,10795148,177456,3583100,574.199,0,0,112.431,0,7.027,3726,2775,3.370,2.630,1.580,2,0,31.119,0,0,14,25,0,16,0
04-08 09:45:57,43.773,8.705,45.514,0,0,1743120,10757880,177456,3583244,536.220,0,0,0,0,0,4616,4606,3.370,2.630,1.580,2,0,1.990,0,0,14,25,0,16,0
04-08 09:45:58,38.922,13.560,46.706,0,0,1695724,10805268,177456,3583252,15834.887,7653.780,0,176.780,0,30.133,3895,2492,3.370,2.630,1.580,3,0,46.204,0,0,14,24,0,16,0
04-08 09:45:59,42.265,9.753,46.266,0,0,1741832,10759152,177456,3583260,529.186,0,0,0,0,0,4819,4636,3.260,2.610,1.580,2,0,0,0,0,14,25,0,16,0
04-08 09:46:00,45.977,6.247,44.977,0,0,1767764,10733196,177456,3583284,641.674,147.925,0,67.965,0,3.998,4935,4578,3.260,2.610,1.580,3,0,1.999,0,0,14,24,0,15,0
04-08 09:46:01,36.144,16.950,46.364,0,0,1733036,10767904,177464,3583292,657.075,0,0,119.649,0,1.994,4569,3518,3.260,2.610,1.580,2,0,55.836,0,0,14,25,0,15,0
04-08 09:46:02,43.886,8.478,45.632,0,0,1770872,10730048,177464,3583312,418.913,0,0,0,0,0,5095,4589,3.260,2.610,1.580,2,0,0,0,0,14,25,0,15,0
04-08 09:46:03,45.249,7.541,45.249,0,0,1782336,10718464,177496,3583396,602.310,0,0,104.575,0,13.072,5092,4782,3.260,2.610,1.580,2,0,2.011,0,0,14,25,0,15,0
04-08 09:46:04,25.458,30.450,42.929,0,0,1674096,10826612,177544,3583436,740.777,0,0,215.644,0,18.969,5021,3714,3.240,2.620,1.590,2,0,185.693,0,0,14,24,0,15,0
04-08 09:46:05,20.733,35.471,41.217,0,0,1677224,10823420,177544,3583500,47499.633,52035.969,0,0,0,0,5057,2807,3.240,2.620,1.590,3,0,190.846,0,0,14,24,0,15,0
04-08 09:46:06,24.305,14.282,60.637,0,0,1706448,10794120,177624,3583496,60653.088,38082.073,0,789.785,0,44.100,3322,2207,3.240,2.620,1.590,3,0,65.147,0,0,14,24,0,15,0
04-08 09:46:07,22.031,5.257,72.100,0,0,1708464,10792080,177640,3583500,33430.338,16961.510,0,80.111,0,6.008,2520,2229,3.240,2.620,1.590,0,0,0,0,0,14,25,0,15,0
04-08 09:46:08,23.706,4.242,70.369,0,0,1695880,10804616,177680,3583508,26724.261,12870.046,0,127.762,0,15.970,3498,3728,3.240,2.620,1.590,2,0,1.996,0,0,14,24,0,15,0
04-08 09:46:09,10.773,18.540,69.650,0,0,1690540,10809928,177704,3583512,30338.420,14623.533,0,2248.849,0,412.890,4200,2304,3.060,2.590,1.580,1,0,99.214,0,0,14,24,0,15,0
04-08 09:46:10,20.994,5.498,72.479,0,0,1726304,10774144,177720,3583516,15091.535,7507.779,0,103.969,0,5.998,1789,1223,3.060,2.590,1.580,1,0,0,0,0,14,24,0,15,0
04-08 09:46:11,21.481,4.995,72.185,0,0,1743364,10757036,177760,3583520,15733.740,7613.100,0,431.609,0,23.978,2370,1986,3.060,2.590,1.580,1,0,0,0,0,14,24,0,15,0
04-08 09:46:12,21.998,5.750,70.244,0,0,1733356,10766908,177816,3583600,806.932,0,0,163.986,0,23.998,3441,3539,3.060,2.590,1.580,1,0,2.000,0,0,14,25,0,15,0
04-08 09:46:13,15.733,13.236,69.924,0,0,1689616,10810356,178040,3583664,15645.018,7935.387,0,2349.450,0,129.859,3525,2672,3.060,2.590,1.580,2,0,69.924,0,0,14,24,0,14,0
04-08 09:46:14,17.039,10.023,72.163,0,0,1697092,10802860,178056,3583664,15130.216,7510.986,0,52.118,0,6.014,2291,1711,2.900,2.570,1.580,1,0,24.054,0,0,14,24,0,14,0
04-08 09:46:15,21.465,4.992,72.132,0,0,1724984,10774952,178080,3583656,598.020,147.758,0,91.849,0,8.985,1810,1321,2.900,2.570,1.580,2,0,1.997,0,0,14,24,0,14,0
04-08 09:46:16,21.731,5.495,71.437,0,0,1726088,10773832,178080,3583672,15865.969,7451.410,0,3.996,0,0.999,2444,2015,2.900,2.570,1.580,2,0,0.999,0,0,14,25,0,14,0
04-08 09:46:17,23.269,3.503,70.559,0,0,1719412,10780500,178080,3583680,1104.920,0,0,4.003,0,1.001,3786,4148,2.900,2.570,1.580,1,0,0,0,0,14,25,0,12,0
04-08 09:46:18,24.264,4.503,69.790,0,0,1713064,10786780,178120,3583708,15714.030,7786.474,0,132.076,0,16.009,3877,4089,2.900,2.570,1.580,1,0,2.001,0,0,14,24,0,12,0
04-08 09:46:19,18.761,8.505,72.043,0,0,1622312,10877528,178120,3583712,881.531,0,0,12.007,0,2.001,2110,1386,2.740,2.540,1.580,1,0,30.018,0,0,14,24,0,12,0
04-08 09:46:20,20.505,5.501,72.767,0,0,1664080,10835760,178120,3583712,240.055,148.034,0,0,0,0,1650,1126,2.740,2.540,1.580,1,0,0,0,0,14,24,0,12,0
04-08 09:46:21,22.679,5.234,72.275,0,0,1686836,10812984,178136,3583716,15595.351,7727.893,0,191.403,0,7.975,2421,2057,2.740,2.540,1.580,1,0,1.994,0,0,14,24,0,10,0
04-08 09:46:22,22.522,5.005,71.070,0.250,0,1686236,10813568,178144,3583724,420.416,0,0,60.059,0,4.004,2987,3007,2.740,2.540,1.580,2,0,0,0,0,14,25,0,10,0
04-08 09:46:23,23.280,4.256,70.341,0,0,1686020,10813764,178144,3583740,662.862,0,0,4.005,0,1.001,4127,4648,2.740,2.540,1.580,1,0,0,0,0,14,25,0,10,0
04-08 09:46:24,14.752,14.002,69.761,0,0,1640644,10859072,178144,3583804,15386.466,7861.260,0,44.007,0,3.000,3177,1947,2.600,2.520,1.570,2,0,89.014,0,0,14,24,0,10,0
04-08 09:46:25,5.507,25.781,67.081,0,0,1635232,10864480,178144,3583808,61699.479,59740.114,0,1253.513,0,257.311,4694,2603,2.600,2.520,1.570,1,0,149.180,0,0,14,24,0,8,0
04-08 09:46:26,23.741,31.488,43.234,0,0,1636324,10863316,178216,3583804,71973.579,582792.059,0,319.883,0,15.994,5371,3315,2.600,2.520,1.570,2,0,172.937,0,0,14,24,0,10,0
04-08 09:46:27,40.322,11.270,47.835,0.250,0,1717392,10781808,178284,3584168,45767.717,23173.375,172.308,532.952,6.011,17.030,3109,1767,2.600,2.520,1.570,2,0,2.004,0,0,14,24,0,10,0
04-08 09:46:28,44.640,6.484,47.383,0.499,0,1755572,10742788,178360,3584812,44320.467,22061.478,27.931,3.990,1.995,0.998,2916,1554,2.600,2.520,1.570,2,0,0,0,0,14,24,0,10,0
04-08 09:46:29,37.779,14.261,41.532,4.003,0,1784992,10705404,181428,3589308,29903.694,15251.575,2181.656,14206.782,36.027,1274.968,8509,10723,2.640,2.520,1.580,3,0,47.036,0,0,14,28,0,10,0
04-08 09:46:30,41.896,18.953,31.921,3.242,0,1796280,10685496,186440,3592460,15402.652,7880.380,0,28229.716,0,2202.516,11925,16524,2.640,2.520,1.580,4,0,67.831,0,0,14,28,0,10,0
04-08 09:46:31,39.034,14.512,35.030,6.005,0,1765356,10709868,191196,3594048,14987.902,7302.286,0,26318.656,0,2141.844,11843,16435,2.640,2.520,1.580,2,0,40.034,0,0,14,28,0,10,0
04-08 09:46:32,40.493,13.415,35.276,5.962,0,1807368,10661716,196076,3595136,44994.472,23176.923,0,27052.330,0,2152.342,10731,15269,2.640,2.520,1.580,3,0,23.849,0,0,14,28,0,10,0
04-08 09:46:33,41.573,12.346,42.832,2.016,0,1787268,10680720,197988,3594292,34006.850,17429.229,0,10908.637,0,868.740,6472,7853,2.640,2.520,1.580,3,0,9.070,0,0,14,24,0,9,0
04-08 09:46:34,43.972,8.495,47.220,0,0,1833880,10634028,198064,3594296,29795.351,15068.569,0,2498.436,0,214.866,3001,1562,2.580,2.510,1.580,4,0,0,0,0,14,24,0,9,0
04-08 09:46:35,40.805,10.014,47.314,0,0,1833088,10634396,198496,3594312,15397.878,7814.596,0,5671.690,0,281.382,3307,2503,2.580,2.510,1.580,2,0,1.001,0,0,14,24,0,9,0
04-08 09:46:36,41.228,14.992,39.229,1.249,0,1858008,10606628,201080,3594488,44712.284,22891.858,0,12361.443,0,1176.376,9062,11972,2.580,2.510,1.580,4,0,3.998,0,0,14,26,0,9,0
04-08 09:46:37,38.997,15.999,38.747,1.500,0,1879560,10581416,204456,3594652,30377.996,15047.007,0,13627.101,0,1466.903,11209,15423,2.580,2.510,1.580,4,0,2.000,0,0,14,26,0,8,0
04-08 09:46:38,54.483,16.495,25.492,1.500,0,1867356,10591884,205968,3594828,29864.512,14587.365,0,4046.714,0,613.805,7717,21275,2.580,2.510,1.580,2,0,35.989,0,0,14,24,0,9,0
04-08 09:46:39,26.521,24.019,49.039,0.250,0,1736360,10722840,206000,3594836,30671.445,16168.887,0,424.338,0,21.017,4246,2198,2.540,2.510,1.590,1,0,101.081,0,0,14,24,0,9,0
04-08 09:46:40,23.300,4.710,69.654,0,0,1755516,10703652,206032,3594836,55968.721,589799.351,0,428.332,0,17.847,2363,1670,2.540,2.510,1.590,1,0,0.992,0,0,14,24,0,9,0
04-08 09:46:41,21.655,7.050,70.755,0.252,0,1787360,10671404,206424,3594836,30269.077,14829.863,0,4890.914,0,290.071,2530,2126,2.540,2.510,1.590,2,0,2.014,0,0,14,24,0,7,0
04-08 09:46:42,19.468,7.238,72.132,0,0,1790584,10668152,206448,3594836,15173.193,7445.827,0,147.758,0,10.982,1873,1255,2.540,2.510,1.590,2,0,1.997,0,0,14,24,0,7,0
04-08 09:46:43,23.573,3.009,72.975,0,0,1739072,10719604,206448,3594900,15349.384,7318.593,40.124,0,3.009,0,1709,1081,2.540,2.510,1.590,1,0,1.003,0,0,14,24,0,7,0
04-08 09:46:44,20.484,6.245,72.692,0,0,1762628,10696048,206448,3594900,15587.631,7290.215,0,0,0,0,1802,1334,2.410,2.480,1.580,1,0,0.999,0,0,14,24,0,7,0
04-08 09:46:45,21.420,5.230,71.981,0,0,1787344,10671332,206448,3594900,44688.043,22996.085,0,0,0,0,1916,1277,2.410,2.480,1.580,1,0,3.985,0,0,14,24,0,5,0
04-08 09:46:46,21.565,6.018,71.716,0,0,1802676,10656000,206448,3594900,29741.628,14744.433,0,148.447,0,32.097,1909,1317,2.410,2.480,1.580,3,0,1.003,0,0,14,24,0,5,0
04-08 09:46:47,22.272,4.254,73.072,0,0,1677244,10781412,206456,3594912,29620.141,14768.529,0,92.091,0,3.003,1747,1149,2.410,2.480,1.580,1,0,1.001,0,0,14,24,0,5,0
04-08 09:46:48,20.757,6.502,71.023,0,0,1678344,10780248,206520,3594912,30531.894,15643.069,0,472.153,0,33.011,2162,1874,2.410,2.480,1.580,1,0,2.001,0,0,14,24,0,5,0
04-08 09:46:49,22.959,3.743,72.619,0,0,1711564,10747016,206528,3594912,29783.319,15212.581,0,39.928,0,2.995,1782,1226,2.300,2.460,1.580,1,0,1.996,0,0,14,24,0,5,0
04-08 09:46:50,20.280,6.009,72.358,0,0,1735792,10722784,206528,3594916,29576.044,15248.708,0,16.024,0,1.001,1841,1235,2.300,2.460,1.580,2,0,0,0,0,14,24,0,5,0
04-08 09:46:51,22.753,3.501,72.261,1.250,0,1692972,10765356,206548,3595136,30281.522,15050.248,152.023,0,6.001,0,1802,1097,2.300,2.460,1.580,2,0,3.000,0,0,14,24,0,5,0
04-08 09:46:52,20.495,6.499,72.734,0,0,1736316,10722012,206548,3595136,15662.558,8032.235,0,0,0,0,1802,1376,2.300,2.460,1.580,1,0,0,0,0,14,24,0,5,0
04-08 09:46:53,22.488,3.748,72.462,0,0,1764792,10693536,206548,3595136,44777.264,23509.538,0,7.996,0,1.999,1843,1289,2.300,2.460,1.580,1,0,0,0,0,14,24,0,5,0
04-08 09:46:54,21.766,5.504,72.054,0,0,1794008,10664248,206556,3595200,44121.195,22522.945,0,196.148,0,4.003,1935,1317,2.200,2.430,1.580,1,0,4.003,0,0,14,24,0,4,0
04-08 09:46:55,21.233,5.246,72.691,0,0,1793540,10664624,206556,3595288,15184.766,7665.824,0,35.971,0,0.999,1690,1059,2.200,2.430,1.580,1,0,0,0,0,14,24,0,4,0
04-08 09:46:56,22.274,5.256,71.578,0,0,1766696,10691464,206560,3595288,42094.873,584252.690,0,0,0,0,2316,1588,2.200,2.430,1.580,1,0,3.003,0,0,14,24,0,4,0
04-08 09:46:57,21.457,5.489,72.354,0,0,1798376,10659760,206568,3595300,30058.233,15929.796,0,199.596,0,40.917,1885,1363,2.200,2.430,1.580,1,0,1.996,0,0,14,24,0,4,0
04-08 09:46:58,21.181,5.295,72.874,0,0,1735864,10722208,206628,3595304,30071.641,15371.698,0,524.494,0,28.242,2050,1764,2.200,2.430,1.580,1,0,1.009,0,0,14,24,0,3,0
04-08 09:46:59,20.865,5.961,72.032,0,0,1732044,10726016,206628,3595316,44930.361,23384.215,0,3.974,0,0.994,1861,1384,2.180,2.420,1.580,1,0,0,0,0,14,24,0,3,0
04-08 09:47:00,21.489,5.497,72.211,0,0,1729032,10729024,206628,3595316,29576.192,15379.780,0,1811.032,0,9.995,1879,1226,2.180,2.420,1.580,1,0,3.998,0,0,14,24,0,3,0
04-08 09:47:01,22.694,3.990,72.323,0,0,1729152,10728880,206628,3595336,29698.314,15202.792,0,0,0,0,1752,1221,2.180,2.420,1.580,1,0,0,0,0,14,24,0,3,0
04-08 09:47:02,21.559,6.016,72.198,0,0,1670244,10787788,206632,3595332,30262.942,15518.532,0,136.374,0,30.082,1794,1230,2.180,2.420,1.580,1,0,1.003,0,0,14,24,0,3,0
04-08 09:47:03,21.251,5.250,72.253,0.500,0,1692628,10765360,206656,3595352,46069.992,22872.989,12.001,184.008,2.000,2.000,1859,1321,2.180,2.420,1.580,1,0,2.000,0,0,14,24,0,3,0
04-08 09:47:04,22.004,4.501,73.013,0,0,1676968,10780992,206656,3595376,29597.381,15242.771,0,0,0,0,1719,1147,2.090,2.400,1.580,1,0,1.000,0,0,14,24,0,3,0
04-08 09:47:05,22.623,6.033,71.136,0,0,1677156,10780768,206656,3595412,30349.618,16344.654,0,772.188,0,67.365,1982,1381,2.090,2.400,1.580,1,0,0,0,0,14,24,0,3,0
04-08 09:47:06,21.386,4.974,71.868,0,0,1714740,10743184,206656,3595412,44195.006,22416.805,0,7.958,0,1.989,1900,1320,2.090,2.400,1.580,1,0,4.974,0,0,14,24,0,3,0
04-08 09:47:07,21.985,4.997,72.449,0,0,1739732,10718188,206656,3595412,15635.078,7290.907,0,147.897,0,31.978,1822,1294,2.090,2.400,1.580,1,0,0,0,0,14,24,0,3,0
04-08 09:47:08,17.503,9.502,71.514,0,0,1693584,10764176,206712,3595516,29891.970,16043.204,0,464.093,0,27.005,2801,2058,2.090,2.400,1.580,1,0,55.011,0,0,14,24,0,3,0
04-08 09:47:09,7.250,23.999,66.497,0,0,1683692,10773996,206724,3595556,68689.877,470548.603,0,83.996,0,1.000,4620,2954,2.080,2.390,1.580,1,0,152.993,0,0,14,24,0,3,0
04-08 09:47:10,5.991,25.461,66.149,0,0,1675084,10782600,206724,3595560,55416.982,157696.069,0,363.442,0,5.991,4414,2671,2.080,2.390,1.580,5,0,156.760,0,0,14,24,0,3,0
04-08 09:47:11,6.259,25.285,67.093,0,0,1672664,10785008,206724,3595572,54275.489,30696.694,0,304.423,0,5.007,4288,2662,2.080,2.390,1.580,2,0,152.212,0,0,14,24,0,3,0
04-08 09:47:12,5.996,23.485,67.706,0,0,1670436,10787180,206728,3595620,61269.966,32484.774,0,275.820,0,4.997,4206,2619,2.080,2.390,1.580,2,0,135.911,0,0,14,24,0,3,0
04-08 09:47:13,7.751,22.753,67.509,0,0,1666940,10790652,206736,3595632,60763.206,33562.532,0,732.099,0,109.015,4290,2662,2.080,2.390,1.580,2,0,122.016,0,0,14,24,0,3,0
04-08 09:47:14,5.990,24.210,67.388,0,0,1659180,10798400,206736,3595640,45466.452,24489.308,0,87.854,0,0.998,4214,2602,1.990,2.370,1.580,1,0,136.773,0,0,14,24,0,3,0
04-08 09:47:15,6.246,25.234,66.708,0,0,1653084,10804492,206736,3595644,61105.112,31855.727,0,111.929,0,1.999,4341,2698,1.990,2.370,1.580,2,0,142.909,0,0,14,24,0,3,0
04-08 09:47:16,6.744,22.981,68.443,0.500,0,1647348,10810184,206740,3595652,60627.428,32181.156,7.993,0,1.998,0,4116,2614,1.990,2.370,1.580,1,0,127.893,0,0,14,24,0,3,0
04-08 09:47:17,7.511,24.286,66.347,0,0,1640628,10816900,206740,3595656,66997.332,468962.294,0,8.012,0,2.003,4419,2724,1.990,2.370,1.580,3,0,142.209,0,0,14,24,0,3,0
04-08 09:47:18,14.542,14.291,69.953,0.251,0,1643092,10814384,206804,3595640,47922.889,134014.397,0,505.465,0,33.096,3175,2445,1.990,2.370,1.580,2,0,53.154,0,0,14,24,0,3,0
04-08 09:47:19,21.714,5.491,72.129,0,0,1688944,10768520,206804,3595652,45575.563,23688.271,0,0,0,0,1931,1367,1.910,2.350,1.570,2,0,1.997,0,0,14,24,0,3,0
04-08 09:47:20,21.276,5.757,72.339,0,0,1712288,10745176,206804,3595652,44082.051,22467.548,0,28.034,0,2.002,1830,1167,1.910,2.350,1.570,3,0,2.002,0,0,14,24,0,3,0
04-08 09:47:21,21.607,5.216,72.273,0,0,1734424,10722896,206804,3595796,14936.493,7848.241,0,15.895,0,0.993,1713,1106,1.910,2.350,1.570,3,0,0,0,0,14,24,0,3,0
04-08 09:47:22,22.854,4.018,72.330,0,0,1694104,10763216,206804,3595796,30251.880,15020.459,0,0,0,0,1786,1128,1.910,2.350,1.570,3,0,3.014,0,0,14,24,0,3,0
04-08 09:47:23,20.795,7.266,72.155,0,0,1733860,10723480,206804,3595776,33309.390,18182.970,0,12.026,0,3.006,1844,1390,1.910,2.350,1.570,2,0,0,0,0,14,24,0,3,0
04-08 09:47:24,22.168,4.234,72.234,0,0,1761372,10695956,206812,3595776,29303.957,14861.207,0,378.604,0,76.717,1858,1155,1.840,2.320,1.570,3,0,1.993,0,0,14,24,0,3,0
04-08 09:47:25,20.958,6.060,73.479,0,0,1782484,10674844,206812,3595776,30414.896,15065.540,0,181.805,0,5.050,1789,1169,1.840,2.320,1.570,1,0,2.020,0,0,14,24,0,3,0
04-08 09:47:26,23.599,2.981,72.040,0,0,1779696,10677612,206812,3595796,15220.764,7718.690,0,19.873,0,0.994,1740,1149,1.840,2.320,1.570,1,0,0.994,0,0,14,24,0,1,0
04-08 09:47:27,20.256,6.252,72.521,0,0,1656256,10801060,206812,3595788,30007.875,16274.813,0,0,0,0,1885,1381,1.840,2.320,1.570,1,0,1.000,0,0,14,24,0,1,0
04-08 09:47:28,22.989,4.998,71.715,0,0,1700532,10756708,206892,3595780,44453.088,22686.817,0,571.718,0,37.981,2099,1734,1.840,2.320,1.570,2,0,1.999,0,0,14,24,0,1,0
04-08 09:47:29,20.196,6.233,72.056,0,0,1732724,10724508,206892,3595788,29980.369,15522.254,0,151.592,0,32.911,1859,1234,1.770,2.300,1.560,1,0,1.995,0,0,14,24,0,1,0
04-08 09:47:30,24.748,6.499,67.743,0,0,1702184,10755028,206892,3595800,15277.473,7619.238,0,11.999,0,1.000,1982,1176,1.770,2.300,1.560,1,0,6.999,0,0,14,24,0,1,0
04-08 09:47:31,20.270,6.507,72.823,0,0,1702204,10755028,206892,3595780,14990.126,7974.046,0,28.028,0,2.002,1856,1359,1.770,2.300,1.560,1,0,2.002,0,0,14,24,0,1,0
04-08 09:47:32,22.051,6.265,70.914,0,0,1717800,10739432,206892,3595780,57824.088,457721.407,0,0,0,0,2212,1522,1.770,2.300,1.560,1,0,2.005,0,0,14,24,0,1,0
04-08 09:47:33,22.198,4.739,72.330,0,0,1734908,10722324,206900,3595772,33011.273,145238.026,0,71.831,0,1.995,1903,1238,1.770,2.300,1.560,1,0,0.998,0,0,14,24,0,1,0
04-08 09:47:34,22.294,5.260,72.142,0,0,1736388,10720812,206900,3595804,29590.417,14783.185,0,24.047,0,1.002,1807,1063,1.710,2.280,1.560,1,0,2.004,0,0,14,24,0,1,0
04-08 09:47:35,20.485,5.996,72.946,0,0,1698864,10758348,206900,3595792,15352.730,7290.648,0,151.889,0,32.976,1900,1282,1.710,2.280,1.560,1,0,0.999,0,0,14,24,0,1,0
04-08 09:47:36,21.521,5.756,71.820,0,0,1698864,10758348,206900,3595792,44785.438,24103.378,0,360.350,0,46.045,2055,1470,1.710,2.280,1.560,2,0,1.001,0,0,14,24,0,1,0
04-08 09:47:37,21.729,5.744,71.681,0,0,1709952,10747260,206900,3595792,31836.441,17329.366,0,0,0,0,1928,1233,1.710,2.280,1.560,1,0,3.996,0,0,14,24,0,1,0
04-08 09:47:38,25.380,7.962,64.196,0,0,1741996,10715032,207060,3596420,29393.036,14750.264,0,1556.641,0,86.591,2749,4176,1.710,2.280,1.560,7,0,33.840,0,0,14,24,0,1,0
04-08 09:47:39,31.423,10.558,57.568,0,0,1680272,10776784,207060,3595784,15853.491,7336.488,0,0,0,0,2975,7053,1.650,2.260,1.560,2,0,3.017,0,0,14,24,0,1,0
04-08 09:47:40,20.715,6.240,71.631,0,0,1689560,10767496,207060,3595784,29934.117,15611.984,0,139.767,0,30.948,1953,1360,1.650,2.260,1.560,1,0,1.997,0,0,14,24,0,1,0
04-08 09:47:41,21.039,5.761,72.384,0,0,1714824,10742228,207060,3595788,30033.552,14767.315,0,12.022,0,3.006,1869,1222,1.650,2.260,1.560,1,0,2.004,0,0,14,24,0,1,0
04-08 09:47:42,22.737,3.998,72.710,0,0,1731180,10725844,207060,3595816,29917.338,14583.878,0,31.982,0,1.999,1787,1145,1.650,2.260,1.560,2,0,0,0,0,14,24,0,1,0
04-08 09:47:43,22.232,4.746,72.440,0,0,1699812,10757292,207060,3595736,31394.164,14855.774,0,0,0,0,1900,1267,1.650,2.260,1.560,2,0,2.998,0,0,14,24,0,1,0
04-08 09:47:44,21.247,5.999,72.238,0,0,1699800,10757292,207068,3595740,15381.543,8422.654,0,63.990,0,2.000,1840,1331,1.600,2.240,1.550,1,0,0,0,0,14,24,0,1,0
04-08 09:47:45,27.027,4.755,66.816,0,0,1698308,10758784,207068,3595740,60640.815,462472.176,0,4.004,0,1.001,2666,1528,1.600,2.240,1.550,1,0,0,0,0,14,24,0,1,0
04-08 09:47:46,21.629,5.785,72.181,0,0,1730312,10726780,207068,3595740,29709.552,14961.413,0,160.962,0,35.210,2001,1310,1.600,2.240,1.550,2,0,4.024,0,0,14,24,0,1,0
04-08 09:47:47,19.873,7.204,71.543,0,0,1735772,10721236,207068,3595824,29344.690,14660.421,0,95.391,0,2.981,1728,1099,1.600,2.240,1.550,2,0,0.994,0,0,14,24,0,1,0
04-08 09:47:48,22.272,4.004,73.072,0,0,1683076,10773932,207068,3595824,15779.554,7303.199,0,4.004,0,1.001,1752,1149,1.600,2.240,1.550,2,0,1.001,0,0,14,24,0,1,0
04-08 09:47:49,20.635,6.216,71.354,0,0,1683396,10773616,207076,3595812,30292.868,15229.473,0,75.581,0,1.989,1959,1429,1.550,2.220,1.550,2,0,1.989,0,0,14,24,0,1,0
04-08 09:47:50,22.369,5.278,72.385,0,0,1659716,10797304,207076,3595804,44384.308,22005.159,0,12.064,0,1.005,1861,1306,1.550,2.220,1.550,2,0,1.005,0,0,14,24,0,1,0
04-08 09:47:51,20.739,5.997,71.713,0,0,1682648,10774372,207076,3595804,29984.611,15615.985,0,151.922,0,32.983,1950,1400,1.550,2.220,1.550,2,0,0,0,0,14,24,0,1,0
04-08 09:47:52,21.520,5.255,72.068,0,0,1689424,10767596,207076,3595804,44248.704,21974.711,0,0,0,0,1885,1246,1.550,2.220,1.550,2,0,4.004,0,0,14,24,0,1,0
04-08 09:47:53,21.725,5.244,72.665,0,0,1713568,10743432,207076,3595824,14778.668,7353.376,0,27.967,0,2.996,1703,1202,1.550,2.220,1.550,2,0,0,0,0,14,24,0,1,0
04-08 09:47:54,23.011,3.752,72.534,0,0,1689872,10767120,207084,3595824,29888.849,15054.975,0,60.028,0,3.001,1740,1147,1.510,2.200,1.550,2,0,1.000,0,0,14,24,0,1,0
04-08 09:47:55,21.666,5.291,73.060,0,0,1728628,10728388,207084,3595800,30243.857,16528.713,0,0,0,0,1805,1270,1.510,2.200,1.550,2,0,2.015,0,0,14,24,0,1,0
04-08 09:47:56,22.332,3.970,72.454,0,0,1746268,10710748,207084,3595800,29369.523,15243.052,0,138.952,0,20.843,1702,1114,1.510,2.200,1.550,2,0,0,0,0,14,24,0,1,0
04-08 09:47:57,20.993,6.248,71.977,0,0,1730632,10726372,207084,3595812,29729.552,15271.147,0,151.952,0,33.989,1935,1379,1.510,2.200,1.550,1,0,1.999,0,0,14,24,0,1,0
04-08 09:47:58,22.205,4.740,71.856,0,0,1739668,10717336,207084,3595812,44768.066,23343.106,0,0,0,0,1977,1470,1.510,2.200,1.550,1,0,1.996,0,0,14,24,0,1,0
04-08 09:47:59,21.565,6.018,72.467,0,0,1758080,10698916,207092,3595812,30080.086,15580.662,0,80.240,0,4.012,1892,1273,1.470,2.180,1.540,1,0,2.006,0,0,14,24,0,1,0
04-08 09:48:00,23.215,3.245,72.392,0,0,1761816,10695168,207092,3595824,29547.046,15415.069,0,15.976,0,1.997,1761,1163,1.470,2.180,1.540,2,0,0,0,0,14,24,0,1,0
04-08 09:48:01,7.232,24.191,66.837,0,0,1718360,10738588,207092,3595860,30394.060,16775.191,0,71.825,0,2.993,4164,2548,1.470,2.180,1.540,1,0,149.636,0,0,14,24,0,1,0
04-08 09:48:02,6.761,25.793,66.111,0,0,1701832,10755116,207092,3595860,60977.788,31671.387,0,248.419,0,37.062,4394,2621,1.470,2.180,1.540,2,0,145.245,0,0,14,24,0,1,0
04-08 09:48:03,8.755,25.264,64.036,0,0,1682804,10774112,207092,3595860,79015.973,782839.657,0,72.040,0,3.002,4925,3045,1.470,2.180,1.540,2,0,136.076,0,0,14,24,0,1,0
04-08 09:48:04,15.983,11.987,70.424,0,0,1675820,10781096,207092,3595860,45153.953,23246.749,0,0,0,0,2616,1911,1.430,2.160,1.540,1,0,36.960,0,0,14,24,0,1,0
04-08 09:48:05,20.540,7.515,71.641,0,0,1692388,10764472,207100,3595908,45046.410,22949.041,0,96.189,0,4.008,2046,1502,1.430,2.160,1.540,1,0,0,0,0,14,24,0,1,0
04-08 09:48:06,23.214,3.994,71.890,0,0,1715268,10741580,207100,3595920,44544.773,22199.997,0,107.835,0,14.977,1872,1228,1.430,2.160,1.540,2,0,0,0,0,14,24,0,1,0
04-08 09:48:07,24.465,3.027,72.892,0,0,1684748,10771828,207100,3596184,15169.588,7360.822,0,0,0,0,1832,1171,1.430,2.160,1.540,1,0,7.062,0,0,14,24,0,1,0
04-08 09:48:08,18.599,8.183,71.172,0,0,1682180,10774392,207100,3596188,59920.023,33257.711,0,142.839,0,31.742,2135,1655,1.430,2.160,1.540,1,0,4.960,0,0,14,24,0,1,0
04-08 09:48:09,21.514,5.504,72.548,0,0,1690296,10766276,207100,3596188,44357.299,22845.089,0,0,0,0,1888,1367,1.390,2.140,1.540,1,0,0,0,0,14,24,0,1,0
04-08 09:48:10,22.701,4.490,71.597,0,0,1712116,10744444,207108,3596188,30052.653,15045.785,0,207.556,0,3.991,1822,1115,1.390,2.140,1.540,1,0,1.996,0,0,14,24,0,1,0
04-08 09:48:11,16.951,13.711,67.806,0,0,1679308,10777232,207108,3596208,14933.202,7584.264,0,414.811,0,31.909,2775,1671,1.390,2.140,1.540,3,0,69.800,0,0,14,24,0,1,0
04-08 09:48:12,9.021,27.313,61.392,0.501,0,1676288,10780144,207108,3596316,58773.029,498487.743,40.093,32.074,2.005,2.005,4663,2780,1.390,2.140,1.540,4,0,154.357,0,0,14,24,0,1,0
04-08 09:48:13,7.025,24.586,66.231,0,0,1670448,10785980,207108,3596320,63018.876,86363.326,0,212.742,0,34.119,4312,2664,1.390,2.140,1.540,2,0,139.487,0,0,14,24,0,1,0
04-08 09:48:14,6.745,23.233,68.451,0,0,1670360,10786060,207108,3596324,60949.112,32666.478,0,55.960,0,1.999,4089,2562,1.280,2.100,1.530,1,0,134.903,0,0,14,24,0,1,0
04-08 09:48:15,5.978,24.661,66.260,0,0,1664736,10791672,207116,3596328,60843.883,32283.208,0,171.380,0,3.986,4326,2624,1.280,2.100,1.530,1,0,139.495,0,0,14,24,0,1,0
04-08 09:48:16,6.774,25.590,65.982,0,0,1652164,10804244,207116,3596328,47463.839,24158.920,0,0,0,0,4305,2654,1.280,2.100,1.530,1,0,151.533,0,0,14,24,0,1,0
04-08 09:48:17,6.251,25.756,66.266,0,0,1642876,10813528,207116,3596332,60834.236,32719.657,0,124.029,0,4.001,4365,2694,1.280,2.100,1.530,1,0,149.035,0,0,14,24,0,1,0
04-08 09:48:18,5.746,25.231,66.199,0,0,1633416,10822980,207116,3596340,61357.987,32495.102,0,91.930,0,1.998,4324,2637,1.280,2.100,1.530,2,0,153.882,0,0,14,24,0,1,0
04-08 09:48:19,6.485,24.692,66.344,0,0,1631044,10825352,207116,3596340,60736.732,31186.436,0,3.991,0,0.998,4244,2649,1.260,2.080,1.530,1,0,144.659,0,0,14,24,0,1,0
04-08 09:48:20,7.009,25.031,66.581,0,0,1628228,10828156,207124,3596344,61414.135,30453.257,0,88.108,0,2.002,4259,2643,1.260,2.080,1.530,3,0,144.176,0,0,14,24,0,1,0
04-08 09:48:21,8.017,25.554,65.138,0,0,1630284,10826092,207124,3596344,56505.468,610839.483,0,352.746,0,4.008,4552,2804,1.260,2.080,1.530,1,0,142.301,0,0,14,24,0,1,0
04-08 09:48:22,6.238,24.951,66.618,0,0,1628216,10828152,207124,3596352,61070.317,33034.719,0,263.479,0,2.994,4397,2763,1.260,2.080,1.530,1,0,158.686,0,0,14,24,0,1,0
04-08 09:48:23,6.755,25.017,66.545,0,0,1630008,10826360,207124,3596352,61203.051,31575.178,0,364.244,0,6.004,4439,2694,1.260,2.080,1.530,2,0,156.105,0,0,14,24,0,1,0
04-08 09:48:24,6.010,25.544,66.365,0,0,1621856,10834512,207124,3596352,61349.190,32466.196,0,625.082,0,46.080,4427,2670,1.320,2.080,1.530,2,0,155.269,0,0,14,24,0,1,0
04-08 09:48:25,7.481,24.688,66.334,0,0,1621540,10834816,207132,3596356,45681.491,23582.885,0,347.130,0,4.987,4347,2577,1.320,2.080,1.530,1,0,154.612,0,0,14,24,0,1,0
04-08 09:48:26,6.750,25.250,66.249,0,0,1620908,10835444,207132,3596360,61124.362,32149.664,0,439.995,0,5.000,4333,2678,1.320,2.080,1.530,1,0,151.998,0,0,14,24,0,1,0
04-08 09:48:27,5.757,26.281,66.327,0,0,1621376,10834976,207132,3596360,60950.860,31847.025,0,352.410,0,4.005,4495,2649,1.320,2.080,1.530,1,0,157.183,0,0,14,24,0,1,0
04-08 09:48:28,6.496,24.986,65.963,0,0,1625396,10830956,207132,3596360,60905.139,31036.745,0,351.804,0,3.998,4394,2655,1.320,2.080,1.530,2,0,151.916,0,0,14,24,0,1,0
04-08 09:48:29,7.492,23.726,67.182,0,0,1617124,10839224,207132,3596364,59278.357,581966.451,0,95.904,0,2.997,4633,2937,1.290,2.060,1.530,1,0,138.860,0,0,14,24,0,1,0
04-08 09:48:30,6.765,26.811,64.646,0,0,1619116,10837208,207140,3596368,61257.330,32798.064,0,156.353,0,6.014,4335,2668,1.290,2.060,1.530,1,0,152.344,0,0,14,24,0,1,0
04-08 09:48:31,6.004,24.265,68.291,0,0,1616300,10840016,207140,3596376,61444.986,33972.449,0,56.034,0,2.001,4271,2704,1.290,2.060,1.530,1,0,145.087,0,0,14,24,0,1,0
04-08 09:48:32,5.742,24.217,67.657,0,0,1622020,10834288,207140,3596384,60855.738,32889.002,0,55.923,0,1.997,4291,2731,1.290,2.060,1.530,1,0,151.792,0,0,14,24,0,1,0
04-08 09:48:33,6.245,23.233,69.200,0,0,1624020,10832288,207140,3596384,46006.741,24939.971,0,83.939,0,2.998,4136,2627,1.290,2.060,1.530,1,0,138.900,0,0,14,24,0,1,0
04-08 09:48:34,6.248,24.241,67.476,0,0,1626748,10829548,207140,3596396,60961.613,32116.733,0,203.928,0,2.999,4297,2666,1.270,2.040,1.520,1,0,148.948,0,0,14,24,0,1,0
04-08 09:48:35,5.507,25.535,66.340,0,0,1624816,10831468,207148,3596400,61255.048,33136.926,0,316.429,0,46.062,4400,2654,1.270,2.040,1.520,1,0,143.194,0,0,14,24,0,1,0
04-08 09:48:36,6.251,25.753,65.507,0,0,1614776,10841508,207148,3596400,61107.803,31905.552,0,20.002,0,5.001,4380,2665,1.270,2.040,1.520,1,0,156.017,0,0,14,24,0,1,0
04-08 09:48:37,7.750,26.249,63.998,0,0,1615856,10840428,207148,3596400,58051.840,592149.971,0,19.999,0,5.000,4719,2955,1.270,2.040,1.520,1,0,160.994,0,0,14,24,0,1,0
04-08 09:48:38,6.507,24.525,67.820,0,0,1616908,10839368,207148,3596408,61105.989,32055.043,0,12.012,0,3.003,4326,2623,1.270,2.040,1.520,1,0,147.152,0,0,14,24,0,1,0
04-08 09:48:39,19.752,31.502,47.504,0,0,1616140,10840132,207148,3596412,60884.655,32770.506,0,8.001,0,2.000,5171,12947,1.330,2.040,1.530,1,0,159.012,0,0,14,24,0,2,0
04-08 09:48:40,15.082,30.414,51.529,0,0,1604924,10847948,207168,3599700,57403.301,29511.529,0,221.196,0,4.022,7282,10956,1.330,2.040,1.530,2,0,151.821,0,0,14,24,0,1,0
04-08 09:48:41,11.387,34.161,51.489,0,0,1610128,10842692,207212,3599708,48910.134,25512.562,0,201.993,0,18.813,5110,3341,1.330,2.040,1.530,4,0,215.856,0,0,14,24,0,3,0
04-08 09:48:42,25.025,29.530,43.544,0.250,0,1646128,10806664,207252,3599696,60782.389,32234.556,0,656.663,0,23.023,4820,2725,1.330,2.040,1.530,2,0,130.131,0,0,14,24,0,3,0
04-08 09:48:43,38.304,34.020,27.720,0,0,1707820,10744948,207252,3599720,61312.175,33499.636,0,12.096,0,3.024,5234,3012,1.330,2.040,1.530,3,0,161.279,0,0,14,24,0,3,0
04-08 09:48:44,44.336,48.073,5.978,0,0,1724976,10727624,207328,3599764,45263.889,23525.147,0,370.632,0,23.912,5344,3676,1.540,2.080,1.540,6,0,384.580,0,0,14,24,0,5,0
04-08 09:48:45,60.026,39.431,0.753,0,0,1807740,10640532,207544,3603464,73789.290,587141.733,799.677,11324.069,71.328,1068.915,6999,4620,1.540,2.080,1.540,5,0,238.095,0,0,14,24,0,7,0
04-08 09:48:46,82.881,15.727,0.250,1.248,0,1921336,10520928,209012,3607304,30317.421,15048.369,443.363,1326.094,69.900,52.924,5325,3007,1.540,2.080,1.540,4,0,11.983,0,0,14,26,0,8,0
04-08 09:48:47,66.276,20.354,6.702,2.979,0,1954288,10479968,212668,3611320,29903.910,14619.336,424.958,23336.925,8.936,1809.049,10499,13628,1.540,2.080,1.540,3,1,55.602,0,0,14,28,0,8,0
04-08 09:48:48,59.133,21.707,12.725,2.745,0,1978304,10444940,218228,3616332,22238.916,10946.301,0,41477.779,0,2720.607,13859,19705,1.540,2.080,1.540,7,0,49.901,0,0,14,30,0,8,0
04-08 09:48:49,59.918,17.623,15.357,4.783,0,1933820,10479492,222888,3621204,23113.161,11159.814,0,23157.470,0,1971.748,11725,16934,1.740,2.110,1.550,9,0,66.463,0,0,14,28,0,8,0
04-08 09:48:50,48.952,29.178,10.851,4.341,0,1941720,10462984,227440,3624996,3876.596,63.661,0,56697.263,0,3122.304,14822,21247,1.740,2.110,1.550,6,0,84.882,0,0,14,28,0,8,0
04-08 09:48:51,68.848,17.726,9.762,3.340,0,1991876,10407776,229884,3627436,12072.120,7748.024,0,17251.170,0,1546.522,10730,14345,1.740,2.110,1.550,5,0,56.517,0,0,14,28,0,8,0
04-08 09:48:52,60.927,19.318,11.393,4.458,0,1990664,10401988,234260,3629860,14958.239,7388.473,0,41418.244,0,2600.528,14138,19489,1.740,2.110,1.550,5,0,53.497,0,0,14,32,0,9,0
04-08 09:48:53,65.339,19.527,8.762,4.005,0,1984160,10401484,238668,3632236,15060.574,7305.981,0,36610.013,0,2470.375,13219,19394,1.740,2.110,1.550,9,0,40.055,0,0,14,37,0,9,0
04-08 09:48:54,53.845,23.652,15.097,3.774,0,1960556,10419488,242564,3633764,546.505,0,0,32846.691,0,2168.912,12608,17803,1.920,2.140,1.570,5,1,74.478,0,0,14,36,0,9,0
04-08 09:48:55,41.452,25.720,21.725,5.993,0,1953148,10419476,246936,3636636,15616.054,8158.624,0,37413.005,0,2473.158,13530,18386,1.920,2.140,1.570,5,0,96.889,0,0,14,36,0,9,0
04-08 09:48:56,61.926,13.396,16.429,5.308,0,1945992,10421856,250492,3637728,45067.036,22673.547,0,21514.897,0,1863.344,10719,14748,1.920,2.140,1.570,6,1,18.199,0,0,14,36,0,9,0
04-08 09:48:57,48.738,25.612,17.655,3.979,0,1845280,10518576,253704,3638392,29437.641,14740.703,0,26199.063,0,1806.283,11780,14877,1.920,2.140,1.570,2,1,99.465,0,0,14,36,0,9,0
04-08 09:48:58,40.913,29.188,21.953,4.241,0,1847468,10512112,257200,3639068,15408.109,7442.114,0,26894.589,0,1943.851,12297,16623,1.920,2.140,1.570,5,0,127.727,0,0,14,37,0,9,0
04-08 09:48:59,39.258,23.505,23.755,8.252,0,1843416,10509140,260068,3643084,15861.047,7621.464,3500.672,18931.636,44.008,1531.294,11545,15660,2.170,2.190,1.590,5,0,83.016,0,0,14,37,0,9,0
04-08 09:49:00,51.316,26.034,16.271,3.004,0,1845932,10502900,262756,3644460,15118.526,7305.435,0,21227.416,0,1628.103,12190,18004,2.170,2.190,1.590,8,0,67.087,0,0,14,37,0,9,0
04-08 09:49:01,53.560,27.652,12.705,2.989,0,1844652,10501668,264596,3644656,15169.167,7549.209,0,23524.514,0,1653.133,12018,17092,2.170,2.190,1.590,7,0,82.706,0,0,14,36,0,10,0
04-08 09:49:02,44.041,34.782,15.014,2.502,0,1775784,10567536,265704,3646352,15353.135,7596.994,1080.995,9926.138,23.021,879.810,9462,11662,2.170,2.190,1.590,6,0,121.112,0,0,14,36,0,10,0
04-08 09:49:03,54.648,23.672,16.873,2.015,0,1830100,10511336,267092,3646772,15688.238,5590.710,801.839,11056.511,13.095,1021.438,8526,10480,2.170,2.190,1.590,11,0,67.491,0,0,14,36,0,10,0
04-08 09:49:04,39.991,22.495,28.744,4.749,0,1856696,10481476,268888,3648124,852.813,1745.616,0,29357.549,0,2216.513,12715,17680,2.390,2.240,1.600,2,0,75.983,0,0,14,36,0,11,0
04-08 09:49:05,37.370,15.695,35.626,5.979,0,1852460,10481820,270800,3650004,15514.100,7671.348,0,33507.586,0,2501.310,13580,19522,2.390,2.240,1.600,3,0,23.917,0,0,14,37,0,11,0
04-08 09:49:06,37.703,13.483,36.954,5.243,0,1847620,10482620,273440,3651300,44578.585,22236.358,0,25244.619,0,2027.480,12863,18354,2.390,2.240,1.600,5,0,32.959,0,0,14,37,0,11,0
04-08 09:49:07,37.414,15.066,36.159,5.524,0,1843432,10481164,277092,3653160,30315.104,14656.351,0,36456.067,0,2535.131,14463,20741,2.390,2.240,1.600,2,0,27.119,0,0,14,37,0,11,0
04-08 09:49:08,32.420,19.950,34.664,6.733,0,1798272,10519912,281764,3654732,15181.321,7277.937,0,31685.360,0,2475.855,13831,19383,2.390,2.240,1.600,3,0,89.777,0,0,14,36,0,11,0
04-08 09:49:09,36.719,20.483,30.974,5.246,0,1828564,10483132,286380,3656440,28676.114,584015.533,0,30003.008,0,2460.950,14308,20043,2.680,2.300,1.630,3,0,71.940,0,0,14,36,0,11,0
04-08 09:49:10,39.137,16.809,31.862,6.272,0,1860656,10444308,291348,3658020,15332.755,7749.168,0,38302.284,0,3209.251,14667,20043,2.680,2.300,1.630,3,0,47.165,0,0,14,37,0,12,0
04-08 09:49:11,40.403,14.465,35.165,5.986,0,1855204,10444124,295592,3659276,15123.558,7587.717,0,27824.953,0,2209.676,13178,18418,2.680,2.300,1.630,4,0,11.971,0,0,14,37,0,12,0
04-08 09:49:12,40.340,12.779,35.579,4.260,0,1851704,10442768,298936,3660668,15437.471,7312.328,0,25376.665,0,1871.178,12043,17259,2.680,2.300,1.630,4,0,18.040,0,0,14,37,0,13,0
04-08 09:49:13,40.266,12.505,38.016,5.002,0,1847764,10441300,302532,3662316,1102.450,0,0,26786.936,0,1910.780,12426,17273,2.680,2.300,1.630,3,1,11.004,0,0,14,37,0,13,0
04-08 09:49:14,38.261,15.754,38.011,4.001,0,1777040,10507596,306308,3662836,15223.325,7364.092,0,22862.496,0,1830.520,9900,14873,2.790,2.330,1.640,2,0,54.015,0,0,14,34,0,15,0
04-08 09:49:15,38.922,13.972,44.162,0.998,0,1723468,10560336,307120,3662836,15127.788,5538.938,0,12215.604,0,523.954,4287,3572,2.790,2.330,1.640,3,0,37.924,0,0,14,32,0,15,0
04-08 09:49:16,27.217,28.225,43.598,0,0,1744720,10538952,307216,3662868,767.120,1909.232,0,1149.168,0,62.499,4954,3206,2.790,2.330,1.640,3,0,151.206,0,0,14,32,0,15,0
04-08 09:49:17,23.100,8.942,65.077,0,0,1739152,10544252,307452,3662888,600.100,0,0,3588.675,0,169.896,3996,4030,2.790,2.330,1.640,1,0,26.826,0,0,14,33,0,15,0
04-08 09:49:18,24.716,5.243,67.656,0,0,1735728,10547636,307452,3662916,45549.740,37110.461,0,5025.021,0,115.839,4644,4984,2.790,2.330,1.640,1,0,0,0,0,14,33,0,15,0
04-08 09:49:19,24.065,3.259,71.442,0,0,1732244,10551100,307452,3662932,29982.709,14793.823,0,4.011,0,1.003,3107,3002,2.650,2.300,1.640,1,0,2.005,0,0,14,32,0,15,0
04-08 09:49:20,13.246,14.245,71.226,0,0,1690852,10592492,307452,3662932,30071.035,14587.166,0,0,0,0,2703,1850,2.650,2.300,1.640,1,0,54.982,0,0,14,32,0,15,0
04-08 09:49:21,21.245,5.249,72.483,0,0,1711500,10571828,307460,3662936,15336.298,7484.193,0,219.947,0,2.999,1752,1206,2.650,2.300,1.640,1,0,0,0,0,14,32,0,15,0
04-08 09:49:22,21.756,5.001,72.020,0,0,1725828,10557496,307460,3662940,15223.214,7298.020,0,8.002,0,1.000,2155,1649,2.650,2.300,1.640,1,0,2.001,0,0,14,32,0,15,0
04-08 09:49:23,24.240,3.249,71.472,0,0,1725828,10557496,307460,3662940,15397.928,7293.124,0,107.957,0,2.999,3082,3105,2.650,2.300,1.640,1,0,0,0,0,14,32,0,16,0
04-08 09:49:24,14.975,12.479,70.884,0,0,1696192,10587092,307512,3662928,15733.146,7445.764,0,431.291,0,28.952,2573,2104,2.510,2.280,1.630,1,0,33.944,0,0,14,32,0,16,0
04-08 09:49:25,20.903,5.226,72.912,0.249,0,1713440,10569672,307524,3663088,601.214,0,0,175.188,0,8.958,1683,1174,2.510,2.280,1.630,1,0,1.991,0,0,14,32,0,16,0
04-08 09:49:26,22.154,5.287,71.999,0,0,1734068,10549028,307532,3663096,15450.139,7822.243,0,2042.161,0,381.647,2740,1721,2.510,2.280,1.630,2,0,0,0,0,14,32,0,16,0
04-08 09:49:27,17.427,11.203,69.957,0,0,1671820,10611188,307612,3663104,541.728,0,0,900.225,0,118.503,3509,2959,2.510,2.280,1.630,3,0,62.737,0,0,14,32,0,16,0
04-08 09:49:28,17.826,8.285,72.811,0,0,1698280,10584728,307612,3663104,15404.870,7815.418,0,12.052,0,2.009,1803,1395,2.510,2.280,1.630,2,0,2.009,0,0,14,32,0,16,0
04-08 09:49:29,21.500,5.000,72.750,0,0,1728916,10554084,307620,3663104,774.004,0,0,56.000,0,4.000,1650,1056,2.390,2.260,1.630,1,0,0,0,0,14,32,0,16,0
04-08 09:49:30,23.712,7.738,67.391,0,0,1734052,10548936,307620,3663108,15134.553,7445.972,0,3.994,0,0.998,2703,2256,2.390,2.260,1.630,1,0,5.990,0,0,14,33,0,16,0
04-08 09:49:31,24.031,3.254,71.844,0,0,1731904,10551056,307620,3663132,668.871,148.193,0,0,0,0,3214,3194,2.390,2.260,1.630,1,0,2.003,0,0,14,32,0,16,0
04-08 09:49:32,13.987,13.237,71.432,0,0,1677832,10605128,307620,3663132,1123.929,0,0,0,0,0,2408,1697,2.390,2.260,1.630,1,0,42.959,0,0,14,32,0,16,0
04-08 09:49:33,21.771,5.005,73.071,0,0,1713616,10569344,307620,3663132,15324.928,7925.720,0,24.023,0,1.001,1728,1292,2.390,2.260,1.630,1,0,0,0,0,14,32,0,16,0
04-08 09:49:34,21.750,4.500,71.999,0,0,1727940,10555008,307628,3663136,602.994,0,0,63.999,0,2.000,2359,2088,2.280,2.240,1.630,1,0,2.000,0,0,14,33,0,16,0
04-08 09:49:35,23.970,2.996,70.411,0.250,0,1727904,10555008,307652,3663148,813.971,0,0,147.813,0,15.980,3473,3742,2.280,2.240,1.630,3,0,0,0,0,14,32,0,16,0
04-08 09:49:36,8.011,23.032,68.346,0,0,1678700,10604164,307676,3663168,46310.074,33581.188,0,308.433,0,17.024,4142,2550,2.280,2.240,1.630,2,0,141.198,0,0,14,32,0,16,0
04-08 09:49:37,5.741,26.706,65.642,0,0,1665560,10617236,307692,3663220,46586.456,49971.893,0,211.652,0,8.985,4438,2695,2.280,2.240,1.630,3,0,170.719,0,0,14,32,0,16,0
04-08 09:49:38,6.998,26.742,64.482,0,0,1663260,10619476,307700,3663272,70825.010,496763.792,0,71.980,0,2.999,4925,2971,2.280,2.240,1.630,2,0,160.955,0,0,14,32,0,16,0
04-08 09:49:39,6.496,26.733,64.458,0,0,1668924,10613812,307700,3663272,64254.290,147158.475,0,3.997,0,0.999,4531,2842,2.180,2.220,1.620,2,0,163.894,0,0,14,32,0,16,0
04-08 09:49:40,29.984,43.338,25.196,0,0,1665500,10617164,307748,3663296,46467.292,24267.204,0,217.697,0,21.165,5727,15074,2.180,2.220,1.620,3,0,233.823,0,0,14,32,0,19,0
04-08 09:49:41,53.374,21.200,24.193,0,0,1739892,10542508,307840,3663464,60536.111,32353.633,0,610.559,0,42.899,4688,2806,2.180,2.220,1.620,3,0,49.882,0,0,14,32,0,23,0
04-08 09:49:42,62.130,12.923,23.361,0,0,1820548,10461048,307892,3664112,55723.370,27798.561,0,1340.025,0,202.793,4078,1548,2.180,2.220,1.620,6,0,1.988,0,0,14,32,0,20,0
04-08 09:49:43,63.193,13.040,23.071,0,0,1928000,10352184,307976,3665292,33767.334,18921.904,0,300.921,0,13.040,3751,1670,2.180,2.220,1.620,3,0,2.006,0,0,14,32,0,20,0
04-08 09:49:44,65.445,9.992,23.231,0.250,0,1993032,10285180,308040,3666904,29993.869,15065.377,11.990,2178.175,1.998,80.932,3797,1630,2.240,2.230,1.630,3,0,0,0,0,14,32,0,20,0
04-08 09:49:45,62.519,10.503,23.757,2.251,0,2089220,10184424,308576,3670628,15104.552,7784.346,796.240,7122.146,11.003,319.096,5137,3641,2.240,2.230,1.630,5,0,6.002,0,0,14,38,0,20,0
04-08 09:49:46,45.463,20.620,25.340,2.484,0,2088808,10172368,314072,3677256,30172.224,15974.992,0,42097.820,0,2962.270,16213,22690,2.240,2.230,1.630,9,0,103.347,0,0,14,38,0,16,0
04-08 09:49:47,37.661,19.082,32.640,5.021,0,2089564,10159276,320216,3682968,30247.492,15046.415,0,47093.611,0,3215.767,16257,23242,2.240,2.230,1.630,2,1,115.494,0,0,14,38,0,16,0
04-08 09:49:48,35.548,17.023,33.295,7.510,0,2089412,10147684,326180,3688448,30299.906,14743.905,0,58767.338,0,3658.940,17400,25930,2.240,2.230,1.630,2,0,117.158,0,0,14,38,0,16,0
04-08 09:49:49,32.508,17.254,34.259,8.002,0,2089220,10136596,332436,3693128,30311.782,15594.004,0,53641.772,0,3499.899,16602,25070,2.380,2.260,1.640,5,0,107.027,0,0,14,38,0,16,0
04-08 09:49:50,37.821,15.178,32.098,7.714,0,2088352,10127264,337812,3697672,55166.978,458777.303,0,32956.069,0,2633.539,14379,21115,2.380,2.260,1.640,2,0,81.614,0,0,14,38,0,15,0
04-08 09:49:51,51.910,18.992,20.004,5.824,0,1992008,10213708,342688,3702416,48786.453,158694.229,0,33510.173,0,2491.689,13917,19792,2.380,2.260,1.640,5,1,114.456,0,0,14,36,0,15,0
04-08 09:49:52,39.077,25.227,23.248,6.430,0,1989108,10207184,347944,3706264,44959.866,23163.032,0,48522.268,0,3038.083,15007,21519,2.380,2.260,1.640,2,0,118.714,0,0,14,36,0,15,0
04-08 09:49:53,47.923,18.969,21.965,5.491,0,2005032,10181732,352536,3710892,59965.492,30712.571,0,36736.876,0,2544.904,13045,19616,2.380,2.260,1.640,4,0,60.902,0,0,14,36,0,15,0
04-08 09:49:54,54.386,17.713,17.962,5.239,0,2051084,10128560,356588,3713788,29832.653,14561.568,0,43185.746,0,2658.444,11648,17590,2.830,2.360,1.680,4,0,8.981,0,0,14,36,0,14,0
04-08 09:49:55,45.105,18.292,24.056,6.265,0,2091560,10075640,361484,3720904,29785.194,15179.263,0,49106.079,0,2926.799,13083,20753,2.830,2.360,1.680,5,1,4.009,0,0,14,36,0,14,0
04-08 09:49:56,50.250,14.500,22.500,7.250,0,2093552,10061808,367320,3726520,30303.070,15464.036,124.000,51848.120,2.000,3142.007,14691,22072,2.830,2.360,1.680,3,0,18.000,0,0,14,38,0,14,0
04-08 09:49:57,25.405,29.141,32.379,7.472,0,2030536,10119264,371824,3727424,45748.534,23621.467,0,42524.618,0,2945.959,15436,22041,2.830,2.360,1.680,3,0,120.548,0,0,14,36,0,14,0
04-08 09:49:58,36.716,14.334,34.704,8.047,0,2022620,10121028,375272,3729960,44714.316,22639.319,0,39742.035,0,3027.830,15287,21962,2.830,2.360,1.680,6,0,47.278,0,0,14,36,0,14,0
04-08 09:49:59,46.361,9.272,35.084,5.513,0,2006264,10133796,377812,3730912,30077.734,14693.042,0,30071.720,0,2064.925,9801,13410,2.770,2.350,1.680,2,0,36.086,0,0,14,34,0,14,0
04-08 09:50:00,25.018,23.267,50.286,0,0,1704160,10435856,377844,3730924,15230.024,7301.285,0,676.490,0,32.023,4080,2230,2.770,2.350,1.680,1,0,145.105,0,0,14,32,0,14,0
04-08 09:50:01,10.213,21.172,65.012,0,0,1709920,10429912,377996,3730944,61222.733,45559.111,0,4535.386,0,212.223,4512,3333,2.770,2.350,1.680,1,0,108.602,0,0,14,32,0,14,0
04-08 09:50:02,23.078,5.017,70.989,0,0,1731476,10408348,378004,3730944,59770.356,580274.844,0,36.122,0,3.010,2226,1419,2.770,2.350,1.680,1,0,1.003,0,0,14,32,0,13,0
04-08 09:50:03,20.739,5.497,72.710,0,0,1754792,10385032,378004,3730944,45071.491,22493.769,0,0,0,0,1821,1273,2.770,2.350,1.680,1,0,0.999,0,0,14,32,0,13,0
04-08 09:50:04,20.758,6.252,72.028,0,0,1784456,10355368,378004,3730944,29906.669,15083.886,0,356.139,0,78.030,1972,1314,2.630,2.330,1.680,1,0,2.001,0,0,14,32,0,13,0
04-08 09:50:05,21.757,6.502,70.524,0,0,1804636,10335140,378004,3730988,15225.139,7592.563,0,4.001,0,1.000,1820,1254,2.630,2.330,1.680,2,0,2.001,0,0,14,34,0,13,0
04-08 09:50:06,24.863,2.511,71.826,0,0,1812912,10326824,378036,3730996,61479.330,31872.814,0,192.876,0,15.068,2448,2131,2.630,2.330,1.680,1,0,0,0,0,14,38,0,12,0
04-08 09:50:07,24.075,3.227,70.984,0,0,1669312,10470380,378068,3731004,44659.207,23308.484,0,309.747,0,22.834,2149,1610,2.630,2.330,1.680,2,0,8.935,0,0,14,32,0,12,0
04-08 09:50:08,19.307,7.271,72.213,0,0,1694824,10444856,378076,3731008,45051.720,24137.107,0,228.674,0,13.038,2214,1493,2.630,2.330,1.680,3,0,21.062,0,0,14,32,0,12,0
04-08 09:50:09,21.491,4.998,72.468,0,0,1730408,10409260,378084,3731008,44960.203,23617.600,0,267.882,0,39.982,1855,1206,2.500,2.310,1.670,3,0,1.000,0,0,14,32,0,12,0
04-08 09:50:10,21.610,4.968,72.033,0,0,1765500,10374160,378092,3731008,29762.178,15273.050,0,27.820,0,2.981,1783,1181,2.500,2.310,1.670,2,0,1.987,0,0,14,32,0,12,0
04-08 09:50:11,22.148,5.034,72.483,0,0,1798024,10341636,378092,3731008,30450.871,15654.293,0,8.054,0,2.013,1785,1261,2.500,2.310,1.670,2,0,2.013,0,0,14,32,0,12,0
04-08 09:50:12,24.661,2.242,71.493,0.249,0,1798232,10341384,378136,3731008,30421.466,15918.684,0,569.948,0,36.867,2043,1672,2.500,2.310,1.670,3,0,0,0,0,14,34,0,12,0
04-08 09:50:13,9.077,31.770,58.246,0,0,1653908,10485696,378140,3731016,69444.776,464915.093,0,24.206,0,4.034,4758,2999,2.500,2.310,1.670,3,0,193.647,0,0,14,32,0,12,0
04-08 09:50:14,10.004,45.517,41.016,0,0,1650368,10489196,378168,3731024,48903.631,160006.958,0,2693.026,0,34.013,5798,3564,2.620,2.330,1.690,3,0,292.111,0,0,14,32,0,8,0
04-08 09:50:15,10.437,43.984,42.990,0,0,1648068,10491476,378176,3731036,60580.245,34167.711,0,465.191,0,71.568,5644,3288,2.620,2.330,1.690,2,0,263.410,0,0,14,32,0,8,0
04-08 09:50:16,10.258,45.788,40.783,0,0,1642384,10497132,378188,3731052,61397.394,38473.578,0,264.217,0,12.010,5660,3467,2.620,2.330,1.690,2,0,283.232,0,0,14,32,0,8,0
04-08 09:50:17,11.194,48.509,37.812,0,0,1644608,10494884,378188,3731076,60461.755,37012.203,0,23.881,0,5.970,5676,3498,2.620,2.330,1.690,3,0,315.434,0,0,14,32,0,8,0
04-08 09:50:18,10.279,47.384,40.114,0,0,1648408,10491084,378188,3731076,45860.922,24030.076,0,40.114,0,10.028,5586,3415,2.620,2.330,1.690,3,0,304.864,0,0,14,32,0,8,0
04-08 09:50:19,9.270,49.104,38.832,0,0,1647140,10492348,378188,3731080,60944.849,32588.899,0,340.720,0,11.023,5586,3473,2.650,2.350,1.690,2,0,319.676,0,0,14,32,0,8,0
04-08 09:50:20,7.252,30.508,60.015,0,0,1651020,10488460,378188,3731088,61277.693,32510.326,0,164.042,0,35.009,4688,2836,2.650,2.350,1.690,1,0,195.050,0,0,14,32,0,8,0
04-08 09:50:21,2.999,7.998,87.973,0,0,1652504,10486960,378196,3731092,45572.201,23606.852,0,179.946,0,1.999,1849,1488,2.650,2.350,1.690,0,0,34.989,0,0,14,32,0,8,0
04-08 09:50:22,5.997,12.495,79.467,0.500,0,1639712,10499644,378252,3731144,74226.809,584522.373,59.975,563.763,7.997,24.989,3083,2574,2.650,2.350,1.690,0,0,39.983,0,0,14,12,0,8,20
04-08 09:50:23,5.485,22.437,69.305,0.748,0,1646444,10492848,378264,3731192,45603.396,24694.361,35.899,115.674,1.994,3.989,3924,2590,2.650,2.350,1.690,1,0,125.646,0,0,14,12,0,8,20
04-08 09:50:24,6.761,22.537,69.364,0,0,1653988,10485296,378264,3731200,61095.104,34254.125,0,4.007,0,1.002,4099,2564,2.510,2.320,1.690,2,0,135.222,0,0,14,12,0,8,20
04-08 09:50:25,6.763,24.797,66.627,0,0,1647056,10492220,378264,3731208,61254.815,31854.748,0,561.070,0,85.162,4431,2659,2.510,2.320,1.690,1,0,137.262,0,0,14,12,0,8,20
04-08 09:50:26,7.002,24.006,67.018,0,0,1643264,10495884,378264,3731340,45677.357,23218.281,0,1120.303,0,235.064,4215,2435,2.510,2.320,1.690,1,0,118.032,0,0,14,12,0,8,20
04-08 09:50:27,15.240,23.735,58.712,0,0,1647384,10491744,378264,3731812,60168.370,30906.157,0,3.997,0,0.999,4449,5168,2.510,2.320,1.690,1,0,86.944,0,0,14,12,0,7,20
04-08 09:50:28,18.939,22.178,57.314,0,0,1647632,10491452,378268,3731816,45210.257,22975.427,0,127.586,0,4.984,4978,5348,2.510,2.320,1.690,2,0,66.783,0,0,14,12,0,7,20
04-08 09:50:29,21.326,24.838,52.185,0,0,1673232,10465788,378272,3731428,46029.056,25492.306,0,4.014,0,1.004,4955,2966,2.550,2.330,1.700,3,0,96.341,0,0,14,12,0,7,20
04-08 09:50:30,24.965,28.959,43.688,1.498,0,1691120,10447028,378284,3732224,71004.352,464509.563,43.938,0,1.997,0,5160,3160,2.550,2.330,1.700,1,0,147.791,0,0,16,12,0,7,20
04-08 09:50:31,6.504,24.016,66.544,0,0,1695596,10442388,378284,3732376,64600.773,162703.729,128.085,12.008,1.001,3.002,4388,2882,2.550,2.330,1.700,1,0,135.089,0,0,16,12,0,7,20
04-08 09:50:32,8.043,23.376,67.615,0,0,1696572,10441392,378284,3732380,46280.678,23999.474,0,12.065,0,3.016,3983,2605,2.550,2.330,1.700,1,0,106.575,0,0,16,12,0,7,20
04-08 09:50:33,9.634,28.408,54.592,4.940,0,1695700,10438388,378308,3736128,60125.091,31114.858,59.285,399.187,14.821,11.857,4252,2660,2.550,2.330,1.700,2,0,115.606,0,0,16,12,0,7,20
04-08 09:50:34,25.548,35.666,35.413,3.035,0,1704252,10426004,378336,3740296,45627.742,23032.929,129.512,1230.366,22.260,69.815,5116,5175,3.390,2.510,1.760,3,0,72.851,0,0,16,12,0,7,20
04-08 09:50:35,25.734,38.975,30.980,2.998,0,1702936,10427256,378340,3740348,45436.019,22615.575,119.924,7.995,27.982,1.999,5741,5479,3.390,2.510,1.760,4,0,65.958,0,0,16,12,0,7,20
04-08 09:50:36,22.734,23.228,50.163,0.741,0,1716236,10413760,378356,3740012,44970.375,23484.979,67.213,1522.175,15.815,267.863,5059,2720,3.390,2.510,1.760,2,0,66.224,0,0,16,12,0,7,20
04-08 09:50:37,27.327,26.073,45.127,0.501,0,1750960,10378736,378360,3740304,60867.414,33460.230,4.011,0,1.003,0,4903,2905,3.390,2.510,1.760,2,0,127.359,0,0,18,12,0,7,20
04-08 09:50:38,7.570,22.711,67.881,0,0,1753124,10376556,378360,3740320,60973.555,33652.695,0,4.038,0,1.009,4289,2946,3.390,2.510,1.760,1,0,121.125,0,0,18,12,0,7,20
04-08 09:50:39,8.444,24.587,63.826,0,0,1750664,10379012,378360,3740324,56139.228,578188.750,0,11.921,0,2.980,4649,3198,3.360,2.520,1.760,1,0,122.189,0,0,18,12,0,7,20
04-08 09:50:40,19.628,30.063,47.704,0,0,1771000,10358496,378360,3743304,60040.230,31369.239,0,11.926,0,2.981,5089,7933,3.360,2.520,1.760,4,0,147.087,0,0,18,12,0,7,20
04-08 09:50:41,18.390,27.962,52.146,0,0,1751468,10377956,378368,3740928,45368.749,23409.888,0,515.920,0,6.046,5799,9588,3.360,2.520,1.760,1,0,116.888,0,0,18,12,0,8,20
04-08 09:50:42,21.212,23.708,52.656,0,0,1752068,10376948,378748,3740924,44714.951,22493.732,0,6208.885,0,293.475,5589,5856,3.360,2.520,1.760,1,0,67.878,0,0,18,12,0,8,20
04-08 09:50:43,21.643,19.630,57.632,0,0,1773644,10355308,378756,3740496,60081.762,31208.612,0,44.293,0,4.027,4421,2932,3.360,2.520,1.760,3,0,56.373,0,0,18,12,0,1,20
04-08 09:50:44,35.851,13.037,50.142,0,0,1832040,10296856,378784,3740508,45078.400,23470.332,0,60.170,0,2.006,3566,2261,3.330,2.530,1.770,8,0,38.108,0,0,20,12,0,1,20
04-08 09:50:45,78.894,20.223,0,0,0,2026484,10101836,378820,3741000,30992.390,14716.242,0,31.957,0,1.997,5106,3567,3.330,2.530,1.770,14,0,6.991,0,0,20,12,0,1,20
04-08 09:50:46,83.767,16.003,0,0,0,2173136,9955172,378824,3741000,29717.014,15067.049,0,248.050,0,3.001,4970,3360,3.330,2.530,1.770,14,0,2.000,0,0,20,12,0,1,20
04-08 09:50:47,85.318,12.760,0,0,0,2308152,9819596,378840,3741512,15108.038,7367.871,0,16.013,0,2.002,4925,3549,3.330,2.530,1.770,13,0,37.030,0,0,20,12,0,1,20
04-08 09:50:48,54.491,16.843,26.007,0,0,2373164,9754340,378848,3741680,30482.483,16242.397,0,15.852,0,3.963,4720,3443,3.330,2.530,1.770,1,0,76.288,0,0,20,12,0,1,20
04-08 09:50:49,6.236,22.698,67.843,0,0,2360796,9766700,378848,3741688,61122.933,34215.034,0,63.853,0,1.995,4315,3041,3.140,2.500,1.770,3,0,127.705,0,0,20,12,0,1,20
04-08 09:50:50,9.743,22.485,63.956,0,0,2361128,9766352,378848,3741700,62676.268,592557.997,0,83.943,0,2.998,4756,3397,3.140,2.500,1.770,6,0,120.918,0,0,20,12,0,1,20
04-08 09:50:51,8.553,24.151,65.408,0,0,2364640,9762828,378848,3741704,57289.468,31299.298,0,257.607,0,5.031,4301,3066,3.140,2.500,1.770,1,0,114.716,0,0,20,12,0,1,20
04-08 09:50:52,7.742,23.727,64.187,0,0,2364616,9762828,378848,3741708,61258.625,31714.743,0,11.988,0,2.997,4323,3005,3.140,2.500,1.770,1,0,116.885,0,0,20,12,0,1,20
04-08 09:50:53,15.519,25.030,56.068,0,0,2367528,9759876,378848,3742188,44790.099,22268.897,0,8.010,0,2.002,4950,5600,3.140,2.500,1.770,1,0,87.105,0,0,20,12,0,1,20
04-08 09:50:54,19.982,21.480,56.198,0,0,2345340,9782024,378848,3742188,45970.635,23194.625,0,3.996,0,0.999,4817,5607,3.210,2.530,1.780,2,0,67.937,0,0,20,12,0,1,20
04-08 09:50:55,22.674,24.667,50.580,0,0,2356900,9770436,378848,3741728,60526.396,31872.784,0,3.987,0,0.997,5100,3435,3.210,2.530,1.780,2,0,84.715,0,0,20,12,0,1,20
04-08 09:50:56,23.596,15.312,58.488,0.251,0,2379212,9748012,378848,3741832,45628.790,24345.128,0,124.507,0,2.008,3483,2440,3.210,2.530,1.780,2,0,59.241,0,0,20,12,0,1,20
04-08 09:50:57,17.380,12.166,68.525,0,0,2380548,9746252,378848,3742248,44607.074,22996.736,0,0,0,0,3257,2539,3.210,2.530,1.780,2,0,55.615,0,0,21,12,0,2,20
04-08 09:50:58,15.285,12.779,69.158,0,0,2409792,9716996,378848,3742260,45486.845,24080.976,0,0,0,0,3095,2603,3.210,2.530,1.780,2,0,39.089,0,0,21,12,0,2,20
04-08 09:50:59,23.287,5.509,69.611,0,0,2444600,9682184,378848,3742260,54640.967,461794.997,0,8.013,0,1.002,2718,2211,3.030,2.500,1.770,3,0,1.002,0,0,21,12,0,2,20
04-08 09:51:00,24.010,4.752,68.778,0,0,2442608,9684144,378868,3742268,18810.605,136719.273,0,988.400,0,105.042,3322,3090,3.030,2.500,1.770,1,0,0,0,0,21,12,0,2,10
04-08 09:51:01,22.740,6.497,67.721,0,0,2444616,9682116,378872,3742284,29743.309,14895.644,0,8016.579,0,18.992,3278,3093,3.030,2.500,1.770,1,0,1.999,0,0,21,17,0,3,2
04-08 09:51:02,23.558,5.012,68.418,0,0,2448804,9677756,378908,3742416,15372.675,7313.925,0,344.845,0,33.081,3322,3437,3.030,2.500,1.770,1,0,0,0,0,21,14,0,7,0
04-08 09:51:03,8.242,24.226,64.687,0,0,2372940,9753616,378908,3742420,15668.674,8299.882,0,3.996,0,0.999,4466,3101,3.030,2.500,1.770,1,0,137.865,0,0,21,14,0,7,0
04-08 09:51:04,6.492,25.218,63.670,0,0,2361008,9765540,378908,3742428,60930.338,37554.749,0,3.995,0,0.999,4613,3261,2.870,2.480,1.770,2,0,146.815,0,0,21,14,0,7,0
04-08 09:51:05,8.263,23.036,65.353,0,0,2365484,9761016,378908,3742472,61627.453,33352.742,0,48.076,0,4.006,4449,3238,2.870,2.480,1.770,1,0,122.193,0,0,21,14,0,7,0
04-08 09:51:06,7.742,21.727,67.429,0,0,2375172,9751192,378908,3742608,60860.522,34968.952,0,0,0,0,4629,3459,2.870,2.480,1.770,2,0,134.857,0,0,21,14,0,7,0
04-08 09:51:07,8.008,24.023,65.563,0,0,2369708,9756592,378912,3742612,46043.197,23856.900,0,148.142,0,5.005,4437,3228,2.870,2.480,1.770,1,0,123.118,0,0,21,14,0,7,0
04-08 09:51:08,8.499,23.247,65.242,0,0,2365364,9760928,378912,3742620,60890.881,30982.378,0,11.999,0,3.000,4426,3158,2.870,2.480,1.770,1,0,117.986,0,0,21,14,0,7,0
04-08 09:51:09,7.488,24.711,64.400,0,0,2365864,9760424,378912,3742620,60068.292,29132.552,0,11.981,0,2.995,4386,3165,2.720,2.450,1.770,2,0,115.819,0,0,21,14,0,7,0
04-08 09:51:10,8.526,24.323,64.695,0,0,2362548,9763736,378912,3742624,57093.419,583935.454,0,12.036,0,3.009,4769,3456,2.720,2.450,1.770,1,0,123.373,0,0,21,14,0,7,0
04-08 09:51:11,17.736,23.481,55.955,0,0,2372036,9754220,378920,3743096,59592.119,30435.546,0,143.884,0,9.992,5158,6079,2.720,2.450,1.770,1,0,78.937,0,0,21,14,0,7,0
04-08 09:51:12,19.236,21.734,55.710,0,0,2367184,9759000,378920,3743104,45104.589,20787.063,0,67.951,0,2.998,5645,6569,2.720,2.450,1.770,4,0,68.950,0,0,21,14,0,7,0
04-08 09:51:13,33.437,22.208,42.420,0,0,2422636,9703460,378928,3743120,45478.567,26067.032,0,7.985,0,1.996,5014,3268,2.720,2.450,1.770,5,0,69.869,0,0,21,14,0,7,0
04-08 09:51:14,46.342,22.044,31.563,0,0,2496868,9629120,378928,3743212,60533.629,33404.567,0,12.024,0,2.004,4559,2733,2.740,2.460,1.770,4,0,63.126,0,0,21,15,0,8,0
04-08 09:51:15,45.476,7.496,45.476,0,0,2554812,9571160,378928,3743228,30510.114,15310.029,0,0,0,0,3247,1932,2.740,2.460,1.770,5,0,0,0,0,21,15,0,8,0
04-08 09:51:16,52.155,6.954,38.247,0.497,0,2594204,9531188,378952,3743740,29456.321,15126.031,0,1017.277,0,25.829,4597,3680,2.740,2.460,1.770,4,1,17.882,0,0,21,31,0,8,0
04-08 09:51:17,45.121,8.571,45.625,0,0,2620924,9503976,378988,3744108,29716.551,14942.973,104.863,318.622,1.008,12.100,3586,2576,2.740,2.460,1.770,4,0,4.033,0,0,21,31,0,8,0
04-08 09:51:18,50.098,16.031,33.065,0,0,2668096,9453596,379032,3746988,15593.519,7971.602,0,921.804,0,60.118,5090,6000,2.740,2.460,1.770,2,0,28.055,0,0,21,30,0,8,0
04-08 09:51:19,7.963,22.397,66.942,0,0,2668908,9452692,379056,3747036,60477.331,33079.575,0,143.340,0,11.945,4617,3561,2.680,2.450,1.770,1,0,123.431,0,0,21,30,0,8,0
04-08 09:51:20,8.244,22.484,66.951,0.250,0,2666680,9454888,379080,3747040,49377.997,26542.647,11.991,39.971,2.998,2.998,4444,3338,2.680,2.450,1.770,3,0,128.906,0,0,21,30,0,8,0
04-08 09:51:21,15.798,26.580,55.417,0,0,2650356,9471172,379080,3747516,71944.340,596088.753,0,1540.654,0,9.027,5592,6091,2.680,2.450,1.770,1,0,133.403,0,0,21,30,0,8,0
04-08 09:51:22,18.979,23.724,55.190,0,0,2667368,9454064,379080,3747528,44626.123,22477.382,0,0,0,0,5482,6136,2.680,2.450,1.770,1,0,71.921,0,0,21,30,0,8,0
04-08 09:51:23,12.522,11.270,68.121,7.263,0,2665836,9453560,379096,3749072,44815.632,23066.987,1927.425,12.021,43.077,3.005,3898,3141,2.680,2.450,1.770,1,1,42.075,0,0,21,30,0,8,0
04-08 09:51:24,17.127,13.404,62.056,4.964,0,2658440,9454224,379100,3756292,44536.077,22355.909,6803.282,3.972,74.467,0.993,4176,5168,2.550,2.430,1.770,7,0,73.474,0,0,22,30,0,8,0
04-08 09:51:25,18.351,27.150,52.792,0,0,2663788,9448812,379100,3756292,45254.031,22464.116,0,205.133,0,3.017,5318,5870,2.550,2.430,1.770,9,0,82.456,0,0,22,30,0,8,0
04-08 09:51:26,35.281,15.764,47.542,0,0,2658020,9454424,379116,3755948,44654.506,23422.722,8.007,184.163,1.001,18.016,4455,3342,2.550,2.430,1.770,2,0,45.040,0,0,22,42,0,8,0
04-08 09:51:27,14.506,26.762,53.273,3.502,0,2729192,9380900,379124,3758208,44857.492,22783.900,2216.963,68.030,45.020,9.004,4677,3699,2.550,2.430,1.770,1,0,102.044,0,0,22,46,0,8,0
04-08 09:51:28,7.955,22.126,67.621,0,0,2729160,9380900,379124,3758216,60297.100,32728.592,0,0,0,0,4417,3471,2.550,2.430,1.770,1,0,97.454,0,0,22,46,0,8,0
04-08 09:51:29,13.471,27.192,55.631,0.748,0,2740184,9369852,379128,3758692,61458.716,32805.922,3.991,1053.749,0.998,6.985,6129,6571,2.340,2.390,1.760,15,0,154.670,0,0,22,46,0,8,0
04-08 09:51:30,20.544,26.632,53.517,0,0,2736148,9373832,379132,3758708,55837.241,471645.471,0,4.058,0,1.015,5330,5588,2.340,2.390,1.760,2,0,75.076,0,0,22,46,0,8,0
04-08 09:51:31,20.860,27.813,46.438,2.235,0,2709104,9399240,379164,3759664,48001.042,153485.327,1450.243,750.948,31.786,65.559,5468,3935,2.340,2.390,1.760,3,0,128.138,0,0,22,46,0,8,0
04-08 09:51:32,2.996,4.244,91.127,0,0,2710400,9397728,379164,3759880,45122.939,22895.018,0,11.984,0,1.997,1784,2238,2.340,2.390,1.760,1,0,14.980,0,0,22,46,0,8,0
04-08 09:51:33,7.262,22.288,66.612,1.503,0,2706272,9400164,379164,3761612,65307.011,34946.869,1726.909,5132.646,20.034,61.103,4560,3360,2.340,2.390,1.760,1,0,110.186,0,0,24,46,0,8,0
04-08 09:51:34,16.491,23.237,58.716,0,0,2711024,9395412,379164,3762100,60070.485,30632.399,0,0,0,0,5034,5810,2.960,2.520,1.800,1,0,89.948,0,0,24,46,0,8,0
04-08 09:51:35,18.744,22.243,57.233,0,0,2709236,9397148,379164,3761708,44482.728,22429.308,0,3.999,0,1.000,4933,5611,2.960,2.520,1.800,0,0,71.979,0,0,24,46,0,8,0
04-08 09:51:36,8.500,28.251,59.253,1.750,0,2715296,9389128,379168,3763500,45793.289,24651.232,1872.094,208.010,23.001,6.000,5139,3797,2.960,2.520,1.800,3,0,136.007,0,0,24,48,0,8,0
04-08 09:51:37,6.743,24.225,66.433,0,0,2717528,9386892,379168,3763504,60961.131,32866.644,0,39.959,0,6.993,4712,3537,2.960,2.520,1.800,3,0,146.851,0,0,24,48,0,8,0
04-08 09:51:38,6.507,23.525,68.071,0,0,2723192,9381220,379168,3763512,61434.447,35052.772,0,0,0,0,4593,3473,2.960,2.520,1.800,1,0,137.144,0,0,24,48,0,8,0
04-08 09:51:39,9.505,24.262,64.032,0,0,2719416,9384960,379168,3763520,49174.298,582169.662,0,20.010,0,5.002,4531,3464,2.800,2.490,1.800,2,0,109.054,0,0,24,48,0,8,0
04-08 09:51:40,9.743,24.481,63.701,0,0,2721592,9382780,379168,3763524,61031.348,31290.082,0,11.991,0,2.998,4617,3579,2.800,2.490,1.800,1,0,121.907,0,0,24,48,0,8,0
04-08 09:51:41,24.148,31.367,41.574,0,0,2723816,9380552,379168,3764016,45341.311,23661.965,0,111.528,0,4.979,6344,14232,2.800,2.490,1.800,3,0,145.385,0,0,24,48,0,9,0
04-08 09:51:42,19.287,28.304,50.846,0,0,2722248,9382112,379168,3764012,44820.022,22578.831,0,8.015,0,2.004,5644,6138,2.800,2.490,1.800,1,0,103.196,0,0,24,48,0,9,0
04-08 09:51:43,20.312,19.309,59.934,0,0,2733772,9370616,379168,3763540,59763.346,31604.960,0,1163.570,0,191.588,4541,3235,2.800,2.490,1.800,4,0,49.151,0,0,24,48,0,9,0
04-08 09:51:44,25.999,29.749,42.499,0,0,2777312,9327056,379176,3763560,45735.639,25703.235,0,31.999,0,3.000,5126,3391,2.740,2.480,1.800,4,0,137.996,0,0,24,48,0,9,0
04-08 09:51:45,27.645,27.894,42.588,0,0,2820648,9283720,379176,3763560,60471.842,32478.386,0,99.621,0,4.981,5120,3269,2.740,2.480,1.800,4,0,136.481,0,0,24,48,0,9,0
04-08 09:51:46,27.434,28.432,42.149,0,0,2839768,9264440,379200,3763640,60963.319,32839.525,0,375.104,0,2.993,5058,3313,2.740,2.480,1.800,3,0,123.704,0,0,24,48,0,9,0
04-08 09:51:47,29.913,29.411,38.963,0,0,2859972,9242440,379260,3765292,70151.249,462780.250,12.066,152.835,2.011,10.055,6341,5825,2.740,2.480,1.800,4,0,137.753,0,0,24,52,0,11,0
04-08 09:51:48,27.241,31.168,38.530,0.245,0,2924436,9177944,379268,3765296,47106.976,145988.727,7.853,15.707,1.963,3.927,5426,3390,2.740,2.480,1.800,4,0,155.102,0,0,24,52,0,11,0
04-08 09:51:49,35.657,34.139,29.335,0,0,3008308,9094060,379268,3765304,61396.192,32885.037,0,615.014,0,5.058,5297,3444,2.680,2.470,1.800,3,0,136.557,0,0,24,52,0,11,0
04-08 09:51:50,29.643,23.914,44.091,0,0,3000288,9102068,379272,3765312,49621.791,24945.908,3.986,0,0.996,0,5248,3230,2.680,2.470,1.800,3,0,124.550,0,0,24,52,0,11,0
04-08 09:51:51,18.702,27.294,53.325,0,0,3015488,9086508,379272,3765668,57659.703,33013.966,0,12.131,0,3.033,4922,3556,2.680,2.470,1.800,1,0,123.330,0,0,24,52,0,11,0
04-08 09:51:52,7.755,25.015,65.289,0,0,3016780,9085172,379276,3765676,61382.878,32015.234,0,880.529,0,8.005,4672,3530,2.680,2.470,1.800,1,0,122.073,0,0,24,52,0,11,0
04-08 09:51:53,7.751,24.252,65.757,0,0,3017296,9084652,379276,3765680,46996.783,22936.334,0,16.002,0,4.000,4552,3324,2.680,2.470,1.800,2,0,118.012,0,0,24,52,0,11,0
04-08 09:51:54,7.993,24.480,65.696,0,0,3018256,9083684,379276,3765684,60765.154,31414.231,0,15.987,0,3.997,4600,3404,2.620,2.460,1.800,1,0,117.903,0,0,24,52,0,11,0
04-08 09:51:55,17.523,25.174,54.049,0,0,3021392,9080532,379276,3766172,61477.231,133310.247,0,7.898,0,1.974,5582,6393,2.620,2.460,1.800,6,0,90.823,0,0,24,52,0,11,0
04-08 09:51:56,21.503,23.527,54.390,0,0,3015088,9086816,379276,3766172,43442.471,472913.861,0,4.048,0,1.012,5969,6444,2.620,2.460,1.800,2,0,73.870,0,0,24,52,0,11,0
04-08 09:51:57,28.100,21.883,48.491,0,0,3026648,9075248,379280,3766152,60598.974,30886.846,0,171.085,0,3.979,4757,3362,2.620,2.460,1.800,3,0,55.702,0,0,24,52,0,11,0
04-08 09:51:58,58.565,36.949,4.273,0,0,3067908,9033752,379324,3766312,47474.618,29707.957,0,365.971,0,22.119,6243,5842,2.620,2.460,1.800,4,0,127.688,0,0,24,55,0,11,0
04-08 09:51:59,64.256,27.108,7.279,0,0,3138416,8963196,379344,3766340,63259.255,37370.018,0,200.801,0,15.060,5788,4470,2.730,2.490,1.820,4,0,198.793,0,0,24,54,0,12,0
04-08 09:52:00,51.779,28.739,18.333,0,0,3186292,8914824,379356,3766800,44855.306,23034.636,0,51.532,0,6.937,5320,3862,2.730,2.490,1.820,4,0,110.991,0,0,24,54,0,12,0
04-08 09:52:01,51.574,28.040,19.278,0,0,3230216,8870476,379388,3767136,61468.586,32917.439,0,172.248,0,7.010,5467,3388,2.730,2.490,1.820,4,0,114.165,0,0,24,54,0,11,0
04-08 09:52:02,57.771,27.378,15.071,0,0,3267336,8831556,379464,3768920,45590.766,22612.023,0,1201.634,0,119.561,6811,7762,2.730,2.490,1.820,5,0,74.349,0,0,24,54,0,11,0
04-08 09:52:03,46.297,27.925,14.453,8.329,0,3276248,8820636,380564,3769104,50931.696,24444.862,1011.187,5099.049,133.257,141.096,6909,6268,2.730,2.490,1.820,5,0,87.205,0,0,24,58,0,11,0
04-08 09:52:04,67.167,33.456,1.022,0.255,0,3434128,8662464,380712,3769244,55166.964,33833.858,0,1663.089,0,56.185,5698,4022,2.990,2.550,1.840,7,0,190.009,0,0,24,58,0,11,0
04-08 09:52:05,46.607,32.551,16.029,0.986,0,3463480,8627960,383564,3771372,74442.387,573396.457,0,11844.654,0,1323.745,11647,15003,2.990,2.550,1.840,5,0,114.422,0,0,24,58,0,6,0
04-08 09:52:06,49.006,31.163,16.335,1.257,0,3486340,8593016,385612,3781092,46176.477,23663.748,4.021,15931.312,1.005,1005.257,9756,12844,2.990,2.550,1.840,6,0,96.505,0,0,24,58,0,6,0
04-08 09:52:07,48.382,30.491,17.387,1.512,0,3507264,8566320,387692,3784620,60054.476,31077.536,4.032,10716.670,1.008,1169.238,10583,13764,2.990,2.550,1.840,4,0,92.733,0,0,24,58,0,6,0
04-08 09:52:08,54.261,29.868,11.201,2.240,0,3524240,8544172,389180,3788640,45410.828,23345.094,0,8757.397,0,816.401,9484,12820,2.990,2.550,1.840,8,0,90.601,0,0,24,60,0,6,0
04-08 09:52:09,66.099,29.433,2.993,0.499,0,3582708,8483748,389312,3790148,44753.479,22757.866,530.784,1229.184,7.982,49.886,8281,10395,3.080,2.570,1.850,5,0,152.650,0,0,24,66,0,10,0
04-08 09:52:10,69.024,29.440,2.227,0,0,3602436,8461412,389388,3792168,59724.849,32108.304,0,1167.719,0,58.386,9255,10506,3.080,2.570,1.850,6,0,100.938,0,0,24,68,0,17,0
04-08 09:52:11,32.760,33.516,30.744,0,0,3643588,8420152,389444,3792216,45922.255,26611.079,0,681.405,0,36.288,6406,6257,3.080,2.570,1.850,3,0,151.199,0,0,24,82,0,22,0
04-08 09:52:12,30.281,26.528,41.793,0,0,3674260,8389424,389476,3792228,61042.341,33843.117,0,2142.223,0,27.028,5216,3495,3.080,2.570,1.850,4,0,119.124,0,0,24,82,0,22,0
04-08 09:52:13,29.522,28.021,40.280,0,0,3713404,8350248,389500,3792232,53416.026,466285.401,0,616.462,0,27.020,5123,3551,3.080,2.570,1.850,2,0,101.076,0,0,24,82,0,22,0
04-08 09:52:14,30.033,29.282,39.293,0,0,3737920,8325316,389744,3792396,62473.908,151130.695,0,4833.331,0,282.311,5794,4213,3.070,2.580,1.860,2,0,110.121,0,0,24,84,0,23,0
04-08 09:52:15,37.994,29.942,31.955,0,0,3774408,8288824,389752,3792872,45314.508,23146.390,0,80.516,0,5.032,6133,6043,3.070,2.580,1.860,2,0,127.819,0,0,24,84,0,23,0
04-08 09:52:16,33.816,27.600,35.556,0,0,3771008,8290304,389756,3794700,44307.684,22346.294,0,3.978,0,0.995,8039,11280,3.070,2.580,1.860,6,0,83.545,0,0,24,82,0,25,0
04-08 09:52:17,19.502,20.752,58.257,0,0,3752544,8308696,389764,3794236,60055.083,32611.846,0,256.030,0,14.002,4340,3446,3.070,2.580,1.860,3,0,44.005,0,0,24,82,0,24,0
04-08 09:52:18,24.707,28.700,44.672,0,0,3790944,8270284,389764,3794248,45771.082,25667.184,0,7.986,0,1.997,5174,3537,3.070,2.580,1.860,2,0,122.786,0,0,24,82,0,24,0
04-08 09:52:19,36.933,29.898,32.160,0,0,3893972,8167252,389764,3794252,61764.565,33910.312,0,12.060,0,3.015,5351,3574,3.140,2.600,1.870,3,0,142.708,0,0,24,82,0,24,0
04-08 09:52:20,29.406,28.659,39.125,0,0,3907920,8153260,389792,3794264,60502.297,34101.385,0,610.057,0,35.886,5519,3831,3.140,2.600,1.870,3,0,127.594,0,0,24,84,0,24,0
04-08 09:52:21,50.466,28.589,19.639,0,0,3932344,8128760,389812,3794320,46225.506,25342.189,0,87.507,0,10.938,5700,4039,3.140,2.600,1.870,3,0,111.372,0,0,24,90,0,24,0
04-08 09:52:22,35.836,25.237,38.360,0,0,3930716,8130360,389836,3794324,75496.833,601622.613,0,177.666,0,15.142,5727,3898,3.140,2.600,1.870,2,0,114.069,0,0,24,94,0,24,0
04-08 09:52:23,31.712,27.966,36.956,0,0,3937192,8122472,389836,3795732,48792.345,25699.106,0,19.976,0,4.994,5962,5482,3.140,2.600,1.870,2,0,108.869,0,0,24,92,0,25,0
04-08 09:52:24,22.795,30.811,45.089,0,0,3947484,8111428,389880,3796440,60440.161,31736.571,0,496.980,0,28.055,5761,5271,3.370,2.660,1.890,1,0,123.243,0,0,24,96,0,27,0
04-08 09:52:25,14.251,25.307,56.020,0,0,3956192,8102668,389916,3796952,59234.221,30699.189,0,283.051,0,20.639,5978,6648,3.370,2.660,1.890,10,0,135.628,0,0,24,96,0,27,0
04-08 09:52:26,22.597,22.851,54.588,0,0,3956108,8102672,389936,3796952,31298.620,15335.491,0,166.558,0,10.156,5643,5999,3.370,2.660,1.890,5,0,57.889,0,0,24,98,0,27,0
04-08 09:52:27,19.506,20.756,59.018,0,0,3962900,8095848,389944,3796912,45170.041,23367.264,0,1360.423,0,10.003,4183,3510,3.370,2.660,1.890,3,0,41.013,0,0,24,98,0,27,0
04-08 09:52:28,49.152,28.194,20.709,0,0,4035708,8023024,389948,3796928,60759.799,33381.412,0,0,0,0,5537,3320,3.370,2.660,1.890,4,0,113.773,0,0,24,98,0,27,0
04-08 09:52:29,44.060,11.015,44.310,0,0,4109300,7949216,389960,3797132,45421.892,22807.077,0,72.098,0,3.004,3617,2330,3.260,2.650,1.890,3,0,1.001,0,0,24,99,0,27,0
04-08 09:52:30,28.220,19.479,49.698,0.250,0,4132792,7924936,390164,3797652,45656.810,24410.236,0,2529.330,0,151.840,5377,4875,3.260,2.650,1.890,3,0,83.911,0,0,24,102,0,27,0
04-08 09:52:31,10.864,29.056,59.122,0,0,4127684,7930012,390184,3797656,75599.142,487869.349,0,92.978,0,10.106,5296,3748,3.260,2.650,1.890,2,0,133.403,0,0,24,102,0,27,0
04-08 09:52:32,11.172,22.841,62.566,0,0,4131132,7926512,390204,3797672,63059.235,156313.850,0,143.007,0,11.917,4856,3738,3.260,2.650,1.890,1,0,108.249,0,0,24,102,0,27,0
04-08 09:52:33,10.249,23.997,62.992,0,0,4127712,7929916,390208,3797676,45546.185,24680.849,0,439.944,0,3.999,4687,3397,3.260,2.650,1.890,2,0,121.984,0,0,24,104,0,27,0
04-08 09:52:34,13.871,26.503,56.475,0.248,0,4148820,7908776,390232,3797680,60533.992,33337.934,0,10506.284,0,184.286,5216,3637,3,2.610,1.880,2,0,122.857,0,0,24,106,0,27,0
04-08 09:52:35,23.091,27.106,48.691,0,0,4213532,7844008,390268,3797700,61471.409,33674.245,0,244.962,0,20.079,5316,4016,3,2.610,1.880,3,0,115.453,0,0,24,106,0,27,0
04-08 09:52:36,6.793,23.399,67.680,0,0,4209264,7848264,390268,3797712,61608.316,34132.800,0,48.307,0,3.019,4663,3411,3,2.610,1.880,1,0,128.818,0,0,24,106,0,27,0
04-08 09:52:37,7.484,23.199,67.104,0,0,4213576,7843948,390272,3797712,48605.958,27184.692,0,59.869,0,3.991,4734,3532,3,2.610,1.880,2,0,144.684,0,0,24,106,0,27,0
04-08 09:52:38,15.653,14.895,68.669,0,0,4240280,7817236,390272,3797720,60813.592,31662.532,0,1579.390,0,190.860,3616,2787,3,2.610,1.880,1,0,52.512,0,0,24,106,0,27,0
04-08 09:52:39,23.699,5.925,67.640,0,0,4267300,7790188,390312,3797720,33311.600,14604.374,0,1248.136,0,27.649,2764,2601,2.840,2.580,1.880,1,0,0,0,0,24,106,0,27,0
04-08 09:52:40,31.835,7.019,59.910,0,0,4294024,7763236,390404,3797856,40330.929,445261.557,0,445.191,0,42.113,4343,4267,2.840,2.580,1.880,3,0,5.013,0,0,24,110,0,27,0
04-08 09:52:41,31.279,8.758,58.053,0,0,4315848,7741356,390436,3800108,18475.992,115302.041,0,204.188,0,20.018,3416,5274,2.840,2.580,1.880,2,0,34.031,0,0,24,112,0,27,0
04-08 09:52:42,29.482,10.744,57.716,0,0,4318060,7739100,390468,3797872,15472.779,7291.654,0,187.888,0,15.990,4518,11478,2.840,2.580,1.880,3,0,1.999,0,0,24,110,0,27,0
04-08 09:52:43,18.726,15.480,64.416,0,0,4265352,7791772,390484,3797892,31840.655,20534.336,0,127.834,0,7.990,3736,3017,2.840,2.580,1.880,3,0,64.916,0,0,24,110,0,27,0
04-08 09:52:44,31.573,9.271,57.383,0,0,4291508,7765560,390504,3797924,30080.598,14625.840,0,188.436,0,11.026,3485,3183,2.690,2.550,1.870,3,0,5.012,0,0,24,112,0,29,0
04-08 09:52:45,32.164,8.477,57.596,0,0,4322636,7734156,390568,3798132,29958.145,14942.171,0,610.373,0,45.878,4411,5175,2.690,2.550,1.870,2,0,2.992,0,0,24,112,0,29,0
04-08 09:52:46,23.554,6.014,69.157,0,0,4322852,7733936,390568,3798136,29718.506,15423.034,0,36.082,0,3.007,3289,3404,2.690,2.550,1.870,3,0,2.005,0,0,24,113,0,28,0
04-08 09:52:47,23.406,7.802,67.449,0,0,4320180,7736052,390752,3798408,15197.243,7508.018,0,1018.787,0,116.778,3764,4538,2.690,2.550,1.870,2,0,3.020,0,0,24,113,0,28,0
04-08 09:52:48,29.528,8.188,58.063,0.248,0,4319508,7736472,390964,3798444,15399.098,7307.003,0,1238.677,0,128.036,5103,6188,2.690,2.550,1.870,1,0,2.978,0,0,24,116,0,28,0
04-08 09:52:49,28.575,11.029,59.405,0.251,0,4330444,7725356,391044,3798504,809.113,0,0,846.209,0,89.233,3865,3978,2.560,2.530,1.870,1,0,2.005,0,0,24,116,0,28,0
04-08 09:52:50,38.720,7.943,50.882,0,0,4338632,7716816,391224,3798668,15132.661,7404.500,0,1139.765,0,119.139,5165,5639,2.560,2.530,1.870,3,0,2.978,0,0,24,119,0,27,0
04-08 09:52:51,13.058,18.331,66.795,0,0,4285420,7769988,391260,3798672,15452.222,9264.905,0,429.898,0,22.098,4093,3201,2.560,2.530,1.870,1,0,106.470,0,0,24,119,0,27,0
04-08 09:52:52,20.772,8.509,69.826,0,0,4325936,7729452,391280,3798672,45408.170,23167.086,0,388.421,0,23.025,2676,2427,2.560,2.530,1.870,1,0,7.008,0,0,24,119,0,27,0
04-08 09:52:53,23.690,5.985,69.076,0,0,4357252,7698032,391376,3798676,29517.774,15106.014,0,2593.478,0,117.704,2926,2718,2.560,2.530,1.870,1,0,0,0,0,24,120,0,27,0
04-08 09:52:54,26.778,6.507,65.068,0.250,0,4352308,7702908,391428,3798692,31073.471,16189.918,0,376.393,0,31.032,3875,4060,2.430,2.500,1.860,2,0,0,0,0,24,121,0,27,0
04-08 09:52:55,27.965,7.241,64.171,0,0,4349152,7705964,391516,3798700,15299.104,7418.837,0,363.551,0,46.942,3839,4026,2.430,2.500,1.860,2,0,2.996,0,0,24,122,0,27,0
04-08 09:52:56,21.570,7.775,68.972,0,0,4350316,7704696,391608,3798708,15203.995,7672.726,0,497.604,0,51.165,3676,4255,2.430,2.500,1.860,2,0,1.003,0,0,24,123,0,27,0
04-08 09:52:57,23.750,5.250,69.499,0,0,4351048,7703940,391628,3798712,15257.851,7361.928,0,263.997,0,16.000,3013,3128,2.430,2.500,1.860,2,0,1.000,0,0,24,123,0,27,0
04-08 09:52:58,31.625,10.210,55.282,0.249,0,4362976,7691848,391760,3798740,15197.001,7267.308,0,820.760,0,80.681,4608,5074,2.430,2.500,1.860,2,0,5.976,0,0,24,122,0,28,0
04-08 09:52:59,32.420,23.941,42.146,0,0,4381836,7672956,391776,3798752,179.558,0,0,319.213,0,15.961,4584,3037,2.400,2.490,1.860,2,0,93.769,0,0,24,122,0,28,0
04-08 09:53:00,41.946,13.898,44.221,0,0,4407240,7647504,391820,3798756,46851.697,25240.666,0,3238.471,0,404.303,4289,2729,2.400,2.490,1.860,2,0,1.011,0,0,24,122,0,28,0
04-08 09:53:01,44.836,8.670,44.093,0,0,4471984,7582684,391888,3798764,37620.886,442174.226,0,1303.969,0,66.387,3875,2824,2.400,2.490,1.860,2,0,1.982,0,0,24,123,0,28,0
04-08 09:53:02,26.584,7.524,65.456,0,0,4478700,7575936,391908,3798776,34060.043,160265.681,0,128.404,0,12.038,3514,3432,2.400,2.490,1.860,2,0,1.003,0,0,24,124,0,27,0
04-08 09:53:03,23.801,4.760,69.649,0,0,4430788,7623844,391908,3798780,15068.224,7473.983,0,12.026,0,3.006,3252,3295,2.400,2.490,1.860,1,0,8.017,0,0,24,122,0,27,0
04-08 09:53:04,16.495,13.746,68.479,0,0,4446844,7607744,391928,3798800,30235.511,19024.029,0,123.961,0,8.997,3239,2783,2.280,2.470,1.860,3,0,48.985,0,0,24,122,0,27,0
04-08 09:53:05,25.118,6.466,66.153,0,0,4459828,7594716,391928,3798844,46084.930,23226.996,0,7.958,0,1.990,2802,2456,2.280,2.470,1.860,2,0,0,0,0,24,122,0,27,0
04-08 09:53:06,23.375,5.278,70.627,0,0,4470392,7584148,391928,3798848,15565.010,7646.781,0,0,0,0,2915,2805,2.280,2.470,1.860,3,0,0,0,0,24,122,0,27,0
04-08 09:53:07,24.209,4.991,68.633,0,0,4467544,7586988,391928,3798856,29541.549,14633.010,0,11.980,0,1.997,3487,3646,2.280,2.470,1.860,2,0,0.998,0,0,24,122,0,27,0
04-08 09:53:08,16.268,13.265,68.075,0,0,4395152,7659344,391952,3798868,15586.276,11586.843,0,136.151,0,12.013,3170,2625,2.280,2.470,1.860,2,0,53.059,0,0,24,122,0,27,0
04-08 09:53:09,22.965,7.239,68.146,0,0,4426464,7627848,392132,3798868,44260.644,21986.541,0,3374.864,0,173.736,3201,3108,2.180,2.440,1.850,2,0,0,0,0,24,122,0,27,0
04-08 09:53:10,26.029,7.008,65.824,0,0,4450544,7603684,392200,3798880,29744.557,15064.996,0,340.384,0,35.040,3422,3484,2.180,2.440,1.850,1,0,1.001,0,0,24,124,0,19,0
04-08 09:53:11,23.727,6.244,68.932,0,0,4450392,7603684,392212,3799020,14901.364,7436.696,0,119.882,0,7.992,3687,3967,2.180,2.440,1.850,1,0,1.998,0,0,24,126,0,19,0
04-08 09:53:12,24.184,7.479,65.570,0.499,0,4453760,7600156,392332,3799056,15236.170,7276.024,0,797.810,0,91.748,4240,5030,2.180,2.440,1.850,1,0,0,0,0,24,124,0,19,0
04-08 09:53:13,14.295,16.301,67.963,0,0,4413680,7640228,392340,3799056,15083.289,7318.946,0,240.755,0,14.044,3719,2872,2.180,2.440,1.850,2,0,82.258,0,0,24,124,0,19,0
04-08 09:53:14,22.523,7.758,69.572,0,0,4463752,7590144,392352,3799056,44841.110,23356.017,0,632.651,0,70.072,2623,2366,2.090,2.420,1.850,2,0,2.002,0,0,24,124,0,20,0
04-08 09:53:15,22.773,5.756,69.070,0,0,4479292,7574496,392452,3799064,29502.013,14769.025,0,1197.218,0,62.063,3040,3064,2.090,2.420,1.850,1,0,0,0,0,24,124,0,12,0
04-08 09:53:16,27.476,6.244,65.192,0,0,4477248,7576496,392480,3799080,31357.343,16078.818,0,1222.921,0,217.808,4168,4042,2.090,2.420,1.850,1,0,0,0,0,24,124,0,12,0
04-08 09:53:17,16.516,14.014,68.568,0,0,4443248,7610472,392488,3799092,30482.343,19327.239,0,140.140,0,9.009,3465,2847,2.090,2.420,1.850,1,0,58.058,0,0,24,124,0,12,0
04-08 09:53:18,24.483,5.746,69.452,0,0,4478540,7575164,392496,3799092,52458.381,451602.758,0,311.782,0,5.996,2727,2283,2.090,2.420,1.850,1,0,0.999,0,0,24,124,0,12,0
04-08 09:53:19,23.227,5.994,68.431,0,0,4486536,7567164,392496,3799096,19630.193,140566.166,0,27.972,0,3.996,3139,2904,2,2.390,1.840,3,0,1.998,0,0,24,124,0,10,0
04-08 09:53:20,34.709,11.736,52.189,0,0,4483800,7569856,392520,3799112,30730.834,14640.770,0,187.779,0,10.987,4176,3798,2,2.390,1.840,2,0,1.998,0,0,24,125,0,10,0
04-08 09:53:21,25.111,8.702,62.654,0.249,0,4481756,7571172,393132,3799212,15353.259,7403.139,0,2080.517,0,258.573,6047,7919,2,2.390,1.840,3,0,0,0,0,24,125,0,10,0
04-08 09:53:22,27.316,8.094,63.990,0,0,4477416,7575332,393276,3799248,15906.056,7381.414,0,1214.048,0,121.405,4612,5614,2,2.390,1.840,1,0,0,0,0,24,124,0,10,0
04-08 09:53:23,15.199,13.704,69.018,0,0,4405204,7647508,393304,3799252,923.898,0,0,510.287,0,23.920,3270,2713,2,2.390,1.840,1,0,54.816,0,0,24,124,0,10,0
04-08 09:53:24,23.224,7.242,67.674,0.499,0,4433756,7618792,393444,3799252,45206.509,23309.965,0,3152.479,0,162.818,3278,3170,2,2.390,1.850,1,0,0,0,0,24,124,0,10,0
04-08 09:53:25,24.314,5.765,69.181,0,0,4460932,7591576,393476,3799260,29910.313,14858.905,0,296.777,0,28.074,2891,2961,2,2.390,1.850,2,0,0,0,0,24,125,0,10,0
04-08 09:53:26,23.910,6.476,67.496,0,0,4461020,7591324,393504,3799396,30044.872,15138.997,0,1474.448,0,237.107,3710,3425,2,2.390,1.850,1,0,1.992,0,0,24,126,0,10,0
04-08 09:53:27,27.703,6.988,64.142,0,0,4460992,7591324,393516,3799408,17527.496,8700.355,0,123.792,0,6.988,3739,3748,2,2.390,1.850,2,0,0.998,0,0,24,125,0,7,0
04-08 09:53:28,20.648,9.205,66.919,0,0,4461608,7590568,393632,3799428,16535.333,7260.143,0,644.815,0,64.681,4060,4924,2,2.390,1.850,7,0,0,0,0,24,125,0,7,0
04-08 09:53:29,27.588,6.772,64.707,0,0,4461760,7590316,393704,3799452,15325.044,7548.156,0,790.530,0,77.247,3975,4685,1.920,2.360,1.840,1,0,2.006,0,0,24,125,0,7,0
04-08 09:53:30,19.768,11.010,67.061,0,0,4463228,7588804,393732,3799464,15681.217,7464.768,0,504.457,0,36.033,3799,4301,1.920,2.360,1.840,3,0,0,0,0,24,125,0,7,0
04-08 09:53:31,48.744,12.248,36.745,0.250,0,4467608,7584016,394076,3799516,299.961,147.981,0,4179.457,0,303.961,6799,7816,1.920,2.360,1.840,3,0,5.999,0,0,24,124,0,7,0
04-08 09:53:32,22.375,16.844,60.085,0,0,4432276,7619296,394108,3799536,46047.447,25276.771,0,631.517,0,42.235,4333,4299,1.920,2.360,1.840,2,0,79.442,0,0,24,124,0,7,0
04-08 09:53:33,23.987,4.747,70.711,0,0,4464780,7586788,394108,3799540,44972.487,22853.543,0,0,0,0,2324,2038,1.920,2.360,1.840,2,0,0,0,0,24,124,0,7,0
04-08 09:53:34,23.454,5.489,69.115,0,0,4485904,7565620,394144,3799544,15347.130,7671.070,0,1720.651,0,80.843,3080,3053,1.850,2.340,1.840,1,0,0,0,0,24,124,0,7,0
04-08 09:53:35,23.014,7.004,69.041,0,0,4487392,7564108,394164,3799548,29882.566,15315.003,0,132.078,0,13.008,3352,3531,1.850,2.340,1.840,1,0,2.001,0,0,24,126,0,7,0
04-08 09:53:36,24.273,6.006,67.062,0.250,0,4487992,7563352,394260,3799592,15556.447,7817.260,0,1177.093,0,121.112,4562,5579,1.850,2.340,1.840,1,0,1.001,0,0,24,124,0,7,0
04-08 09:53:37,11.060,22.372,64.854,0,0,4441388,7609916,394288,3799600,15528.836,10175.590,0,430.351,0,28.154,4507,3428,1.850,2.340,1.840,2,0,138.758,0,0,24,124,0,7,0
04-08 09:53:38,23.140,10.201,64.941,0,0,4447236,7603924,394296,3799736,55072.997,465418.830,0,302.561,0,14.929,3491,3035,1.850,2.340,1.840,2,0,11.943,0,0,24,124,0,7,0
04-08 09:53:39,24.430,5.733,68.802,0,0,4488016,7563100,394336,3799740,34143.713,153645.713,0,386.886,0,32.905,3007,2770,1.780,2.320,1.830,1,0,0.997,0,0,24,125,0,7,0
04-08 09:53:40,23.148,5.974,68.199,0,0,4487976,7563100,394372,3799744,29759.793,14754.948,0,362.402,0,28.873,3639,3925,1.780,2.320,1.830,3,0,0,0,0,24,126,0,7,0
04-08 09:53:41,24.535,5.758,67.848,0,0,4487960,7563100,394376,3799756,15787.753,7454.744,0,1622.338,0,255.368,4066,3888,1.780,2.320,1.830,1,0,2.003,0,0,24,125,0,7,0
04-08 09:53:42,33.354,19.310,46.144,0,0,4513292,7537676,394452,3799772,15202.407,7318.823,0,601.877,0,59.185,5476,14845,1.780,2.320,1.830,1,0,36.113,0,0,24,125,0,8,0
04-08 09:53:43,24.547,8.516,63.371,0.250,0,4511888,7538900,394596,3799804,15467.542,7309.962,0,869.661,0,93.178,5523,7217,1.780,2.320,1.830,1,0,0,0,0,24,125,0,7,0
04-08 09:53:44,23.319,6.770,69.705,0,0,4508152,7542632,394600,3799804,15482.629,7480.044,0,621.833,0,57.168,3229,3197,1.720,2.300,1.830,1,0,2.006,0,0,24,125,0,8,0
04-08 09:53:45,20.347,7.940,68.982,0,0,4504788,7545976,394620,3799804,416.869,0,0,329.525,0,16.873,2975,3013,1.720,2.300,1.830,1,0,0,0,0,24,125,0,8,0
04-08 09:53:46,30.565,17.537,49.606,0,0,4500800,7549556,394896,3799888,15187.358,7784.586,0,2890.158,0,189.404,8198,10659,1.720,2.300,1.830,3,0,2.004,0,0,24,126,0,8,0
04-08 09:53:47,40.090,16.932,39.841,0,0,4413784,7636468,394968,3799920,537.848,0,0,581.672,0,58.765,6231,6601,1.720,2.300,1.830,5,0,70.717,0,0,24,126,0,6,0
04-08 09:53:48,32.190,23.640,41.244,0,0,4410204,7639924,395056,3799952,61363.334,35336.653,0,981.797,0,80.475,6844,6798,1.720,2.300,1.830,4,0,118.701,0,0,24,126,0,6,0
04-08 09:53:49,24.779,23.778,49.308,0,0,4421624,7628312,395084,3800096,47520.173,26550.385,0,520.615,0,40.047,5118,4906,1.740,2.290,1.830,2,0,102.121,0,0,24,126,0,6,0
04-08 09:53:50,32.401,10.966,55.580,0,0,4508368,7541548,395100,3800100,44160.060,22588.975,0,307.062,0,17.945,3130,2249,1.740,2.290,1.830,1,0,4.985,0,0,24,126,0,6,0
04-08 09:53:51,24.730,6.245,67.696,0.250,0,4508188,7541548,395268,3800108,29970.044,15529.587,0,3768.987,0,202.838,3396,3384,1.740,2.290,1.830,3,0,0,0,0,24,127,0,5,0
04-08 09:53:52,23.535,6.259,69.353,0,0,4508164,7541548,395288,3800112,15444.937,7469.092,0,2151.195,0,305.454,3744,3327,1.740,2.290,1.830,3,0,0,0,0,24,128,0,5,0
04-08 09:53:53,22.636,6.539,69.921,0,0,4439844,7609856,395296,3800112,30854.932,15183.496,0,193.164,0,16.097,3009,2832,1.740,2.290,1.830,2,0,12.073,0,0,24,126,0,5,0
04-08 09:53:54,7.458,24.115,65.632,0.249,0,4435436,7614216,395332,3800124,46249.930,24980.073,0,210.819,0,18.894,4777,3811,1.680,2.270,1.820,2,0,131.265,0,0,24,126,0,5,0
04-08 09:53:55,9.252,22.755,65.265,0,0,4432360,7617264,395352,3800128,75191.109,488881.238,0,204.046,0,20.005,5283,4024,1.680,2.270,1.820,3,0,121.028,0,0,24,126,0,5,0
04-08 09:53:56,7.965,24.145,65.217,0,0,4429544,7620080,395360,3800140,64154.534,154264.407,0,159.309,0,7.965,4690,3492,1.680,2.270,1.820,2,0,127.447,0,0,24,126,0,5,0
04-08 09:53:57,8.268,24.554,64.893,0.251,0,4429484,7620084,395396,3800152,46160.765,23794.457,0,525.158,0,35.077,4807,3889,1.680,2.270,1.820,1,0,122.270,0,0,24,126,0,5,0
04-08 09:53:58,8.947,24.107,64.867,0,0,4431292,7618268,395396,3800160,60057.974,31062.378,0,7.953,0,1.988,4553,3390,1.680,2.270,1.820,1,0,117.307,0,0,24,126,0,5,0
04-08 09:53:59,19.904,22.676,56.438,0,0,4429660,7619836,395416,3800164,45273.030,23038.633,0,181.407,0,14.109,4659,5263,1.620,2.250,1.820,1,0,86.672,0,0,24,126,0,5,0
04-08 09:54:00,22.221,23.968,51.682,0,0,4414584,7634876,395416,3800284,61483.989,32112.688,0,3.995,0,0.999,5887,6568,1.620,2.250,1.820,2,0,77.897,0,0,24,126,0,4,0
04-08 09:54:01,25.747,25.247,47.494,0,0,4460372,7589064,395416,3800192,45672.056,25990.618,0,7.999,0,2.000,5623,3720,1.620,2.250,1.820,2,0,108.986,0,0,24,126,0,4,0
04-08 09:54:02,26.796,28.313,44.239,0,0,4504628,7544796,395420,3800200,61650.708,34645.091,0,125.386,0,3.034,5231,3467,1.620,2.250,1.820,2,0,135.498,0,0,24,126,0,4,0
04-08 09:54:03,29.417,25.740,40.939,0,0,4524176,7524736,395452,3800608,59858.452,32647.390,0,203.960,0,7.845,5324,4031,1.620,2.250,1.820,2,0,127.475,0,0,24,129,0,4,0
04-08 09:54:04,23.109,26.410,50.789,0,0,4529624,7519256,395472,3800620,56184.211,574553.670,0,264.105,0,21.332,5540,4649,1.570,2.230,1.810,1,0,119.863,0,0,24,132,0,4,0
04-08 09:54:05,22.942,29.109,43.664,0,0,4536860,7510676,395472,3801972,60735.830,32172.199,0,82.888,0,6.907,6738,8057,1.570,2.230,1.810,5,0,132.225,0,0,24,132,0,4,0
04-08 09:54:06,23.970,31.287,43.146,0,0,4587400,7458768,395536,3803224,45694.108,23360.261,0,1215.145,0,56.518,7054,7806,1.570,2.230,1.810,1,0,128.176,0,0,24,138,0,4,0
04-08 09:54:07,17.243,25.239,55.726,0,0,4599324,7446828,395536,3803720,60283.166,30752.821,0,7.997,0,1.999,5404,6159,1.570,2.230,1.810,1,0,100.957,0,0,24,138,0,4,0
04-08 09:54:08,19.991,23.989,54.726,0,0,4591840,7454272,395556,3803720,45536.770,23961.355,0,4478.011,0,83.963,5504,5864,1.570,2.230,1.810,1,0,80.964,0,0,24,138,0,4,0
04-08 09:54:09,35.145,22.932,40.380,0,0,4636276,7409752,395584,3803700,45010.096,24369.501,0,370.897,0,24.926,5308,3943,1.690,2.240,1.820,3,0,71.786,0,0,26,138,0,4,0
04-08 09:54:10,49.123,30.920,18.452,0,0,4703376,7342576,395648,3803708,60856.106,34975.828,0,394.982,0,39.897,5748,3864,1.690,2.240,1.820,4,0,132.658,0,0,26,138,0,4,0
04-08 09:54:11,50.739,32.403,15.825,0,0,4768884,7277016,395684,3803724,62587.921,34453.348,0,225.061,0,20.095,5784,4041,1.690,2.240,1.820,4,0,128.606,0,0,26,138,0,4,0
04-08 09:54:12,56.955,25.480,16.487,0,0,4810124,7235744,395696,3803744,62330.542,453364.263,0,115.908,0,6.994,6047,4310,1.690,2.240,1.820,6,0,158.874,0,0,26,150,0,3,0
04-08 09:54:13,41.595,30.319,27.563,0,0,4826284,7217684,395736,3805532,56852.064,151989.717,0,4281.796,0,450.030,8508,9080,1.690,2.240,1.820,1,0,138.316,0,0,26,154,0,3,0
04-08 09:54:14,19.494,24.242,53.233,0,0,4827544,7216244,395772,3805668,60600.709,31531.963,0,411.869,0,22.993,4956,3753,1.790,2.250,1.830,1,0,122.961,0,0,26,160,0,4,0
04-08 09:54:15,12.495,23.241,61.727,0,0,4831264,7212492,395788,3806180,45127.163,23201.343,0,199.925,0,10.996,5596,6030,1.790,2.250,1.830,1,0,113.957,0,0,26,160,0,4,0
04-08 09:54:16,20.682,29.404,48.591,0,0,4849220,7194364,395844,3806192,59743.127,31068.140,0,598.039,0,43.856,6362,7412,1.790,2.250,1.830,8,0,133.562,0,0,26,160,0,3,0
04-08 09:54:17,20.495,21.001,57.435,0,0,4837988,7205576,395844,3805704,45215.601,23291.965,0,1886.514,0,8.097,4615,3138,1.790,2.250,1.830,4,0,52.628,0,0,26,160,0,3,0
04-08 09:54:18,31.148,26.243,38.997,0,0,4878916,7164620,395856,3805716,44864.293,24836.204,0,188.361,0,9.810,8500,3506,1.790,2.250,1.830,6,0,123.612,0,0,26,160,0,3,0
04-08 09:54:19,26.696,28.459,44.325,0,0,4918452,7125064,395856,3805732,61922.781,33835.956,0,4.030,0,1.007,5495,3411,1.810,2.250,1.830,2,0,125.923,0,0,26,160,0,3,0
04-08 09:54:20,26.839,27.341,43.896,0,0,4981740,7061692,395880,3805788,61356.696,33172.127,0,638.118,0,77.256,5376,3489,1.810,2.250,1.830,4,0,134.446,0,0,27,160,0,3,0
04-08 09:54:21,14.503,26.256,57.013,0,0,4978148,7065244,395916,3805792,74786.095,594205.829,0,264.060,0,29.007,5469,4002,1.810,2.250,1.830,2,0,144.033,0,0,27,164,0,3,0
04-08 09:54:22,16.222,23.959,57.401,0,0,4972300,7071068,395920,3805812,47578.689,26696.815,0,111.807,0,3.993,4985,3687,1.810,2.250,1.830,3,0,131.772,0,0,27,168,0,3,0
04-08 09:54:23,28.782,24.277,45.301,0,0,4971508,7071824,395944,3805824,60415.551,33022.923,0,324.363,0,27.030,5049,3828,1.810,2.250,1.830,4,0,122.137,0,0,27,180,0,3,0
04-08 09:54:24,8.495,24.487,64.216,0,0,4967116,7076188,395960,3805832,45358.664,23099.607,0,319.828,0,23.987,4736,3739,1.750,2.230,1.820,1,0,114.938,0,0,27,180,0,3,0
04-08 09:54:25,8.239,24.966,64.662,0,0,4962476,7080804,395980,3805836,60733.623,31397.413,0,331.550,0,27.962,4765,3816,1.750,2.230,1.820,1,0,113.846,0,0,27,180,0,3,0
04-08 09:54:26,17.293,26.316,54.637,0,0,4970904,7072328,396004,3806340,60558.446,30879.223,0,308.772,0,21.053,5704,6982,1.750,2.230,1.820,1,0,99.248,0,0,27,180,0,3,0
04-08 09:54:27,19.203,26.186,52.371,0,0,4973188,7069984,396016,3806336,45419.542,23025.496,0,4692.485,0,349.143,6649,7009,1.750,2.230,1.820,2,0,83.794,0,0,27,180,0,3,0
04-08 09:54:28,23.486,23.736,50.970,0,0,4987084,7056040,396040,3805856,47920.602,24853.272,0,1503.109,0,70.958,5398,3722,1.750,2.230,1.820,3,0,86.948,0,0,27,180,0,3,0
04-08 09:54:29,26.778,29.258,41.903,0,0,5029632,7013492,396040,3805856,66862.058,455492.312,0,35.704,0,3.967,5498,3732,1.770,2.220,1.820,3,0,129.924,0,0,27,180,0,3,0
04-08 09:54:30,28.794,25.763,44.202,0,0,5070540,6972348,396044,3806080,56621.533,155894.863,0,4.041,0,1.010,5419,3677,1.770,2.220,1.820,4,0,132.352,0,0,27,181,0,3,0
04-08 09:54:31,31.736,28.265,36.199,0,0,5070780,6972076,396048,3806112,52987.079,28189.428,3.967,15.868,0.992,3.967,5600,4384,1.770,2.220,1.820,1,0,109.092,0,0,27,186,0,3,0
04-08 09:54:32,10.529,25.820,62.670,0,0,5065724,6977132,396048,3806116,60330.639,31154.502,0,208.566,0,12.033,4861,3877,1.770,2.220,1.820,4,0,118.321,0,0,27,186,0,3,0
04-08 09:54:33,42.965,35.679,19.598,0,0,5112108,6928072,396056,3809060,47129.970,25428.314,0,514.576,0,18.091,8628,11451,1.770,2.220,1.820,4,0,109.548,0,0,27,192,0,3,0
04-08 09:54:34,20.632,22.870,53.694,0,0,5099976,6940104,396064,3809144,44618.643,22704.568,0,123.297,0,7.955,5402,6067,1.790,2.220,1.820,4,0,81.535,0,0,27,192,0,3,0
04-08 09:54:35,20.285,24.292,54.846,0,0,5117276,6922820,396072,3808760,44633.885,22619.470,0,180.315,0,10.017,5076,5140,1.790,2.220,1.820,2,0,93.163,0,0,27,192,0,3,0
04-08 09:54:36,25.974,27.722,44.205,0.250,0,5157532,6882512,396108,3808768,62903.427,34537.095,0,615.378,0,34.965,5394,3892,1.790,2.220,1.820,7,0,118.880,0,0,27,192,0,3,0
04-08 09:54:37,28.040,30.794,39.806,0,0,5199532,6840496,396108,3808784,45968.135,29179.346,0,60.085,0,9.013,5408,3729,1.790,2.220,1.820,3,0,141.200,0,0,27,192,0,3,0
04-08 09:54:38,31.249,28.249,38.999,0,0,5211464,6828540,396116,3808800,74285.298,591928.436,0,263.994,0,16.000,6179,4676,1.790,2.220,1.820,2,0,140.997,0,0,27,192,0,3,0
04-08 09:54:39,33.646,33.394,30.633,0,0,5274768,6762628,396148,3811348,61363.485,32675.368,0,626.711,0,67.291,8426,9902,2.120,2.280,1.850,1,0,154.669,0,0,27,198,0,3,0
04-08 09:54:40,7.736,27.201,62.637,0,0,5271672,6765688,396168,3811360,46271.304,24188.248,0,223.596,0,20.962,4920,3938,2.120,2.280,1.850,1,0,150.727,0,0,27,198,0,3,0
04-08 09:54:41,13.280,26.561,58.384,0,0,5268856,6768496,396172,3811364,60655.246,32001.466,0,192.442,0,13.030,4951,3580,2.120,2.280,1.850,4,0,146.336,0,0,27,200,0,3,0
04-08 09:54:42,12.456,26.657,58.047,0,0,5279672,6757660,396192,3811560,61567.766,32434.612,0,434.481,0,21.923,4985,3709,2.120,2.280,1.850,2,0,158.446,0,0,27,204,0,3,0
04-08 09:54:43,20.436,29.407,47.351,0,0,5295696,6741576,396220,3811376,49346.350,27407.550,0,283.107,0,22.928,5610,13203,2.120,2.280,1.850,1,0,152.519,0,0,27,204,0,4,0
04-08 09:54:44,12.835,26.929,58.639,0,0,5294380,6742848,396236,3811404,58985.515,32845.008,0,9394.355,0,468.107,5821,4085,2.030,2.260,1.840,1,0,117.782,0,0,27,204,0,5,0
04-08 09:54:45,8.994,23.233,65.204,0,0,5296380,6740844,396236,3811408,59813.420,31111.852,0,11.991,0,2.998,4518,3368,2.030,2.260,1.840,2,0,104.925,0,0,27,204,0,3,0
04-08 09:54:46,9.764,25.787,62.590,0.250,0,5292756,6744416,396268,3811412,55909.733,471550.911,0,356.515,0,21.030,5110,4084,2.030,2.260,1.840,1,0,112.162,0,0,27,204,0,3,0
04-08 09:54:47,10.717,22.680,63.306,0,0,5295364,6741812,396272,3811812,63285.674,152681.175,0,167.486,0,11.963,4932,4009,2.030,2.260,1.840,2,0,100.691,0,0,27,204,0,3,0
04-08 09:54:48,22.671,23.411,51.503,0,0,5295028,6742092,396288,3811420,43752.824,21800.019,0,2428.796,0,26.614,5101,5489,2.030,2.260,1.840,6,0,79.843,0,0,27,206,0,3,0
04-08 09:54:49,27.356,25.311,48.577,0,0,5302528,6734472,396312,3811428,46099.910,23112.338,0,241.350,0,26.589,5487,6275,1.950,2.240,1.840,3,0,86.927,0,0,27,210,0,3,0
04-08 09:54:50,25.759,27.967,42.687,0,0,5343780,6693052,396316,3811572,45847.980,24523.042,0,94.206,0,4.907,5549,3492,1.950,2.240,1.840,6,0,114.814,0,0,27,210,0,3,0
04-08 09:54:51,52.185,15.706,32.425,0,0,5438376,6598384,396388,3811572,61162.452,32928.016,0,2363.003,0,178.340,4472,2859,1.950,2.240,1.840,2,0,0,0,0,27,210,0,3,0
04-08 09:54:52,43.396,13.717,42.398,0,0,5490300,6545772,396392,3812236,44160.725,22036.967,0,31.923,0,2.993,4255,4239,1.950,2.240,1.840,3,0,2.993,0,0,27,210,0,3,0
04-08 09:54:53,42.012,11.003,44.513,0,0,5545248,6490120,396408,3812888,30204.568,14956.242,0,184.052,0,7.002,4372,3747,1.950,2.240,1.840,2,0,7.002,0,0,27,213,0,3,0
04-08 09:54:54,35.970,15.987,46.461,0,0,5567284,6467948,396472,3812976,15244.242,7355.844,0,659.448,0,54.954,4678,4000,2.030,2.250,1.840,4,0,50.957,0,0,27,216,0,3,0
04-08 09:54:55,27.679,34.661,31.918,3.740,0,5514820,6518880,396784,3814084,46294.744,25926.213,1264.742,953.544,97.748,25.933,5632,4180,2.030,2.250,1.840,6,1,102.735,0,0,27,214,0,3,0
04-08 09:54:56,36.004,54.512,7.860,2.028,0,5539888,6486416,396960,3820980,62130.942,33182.073,2060.822,312.369,77.078,20.284,8264,13719,2.030,2.250,1.840,4,0,202.837,0,0,27,214,0,3,0
04-08 09:54:57,42.413,31.317,23.179,0.247,0,5583496,6442352,396988,3821360,72786.952,583929.019,114.417,501.067,2.959,37.481,7623,7659,2.030,2.250,1.840,4,0,138.089,0,0,27,215,0,3,0
04-08 09:54:58,46.087,30.473,22.162,0,0,5588024,6437708,397012,3821452,45865.288,23610.600,0,431.152,0,27.199,6742,6331,2.030,2.250,1.840,6,0,121.891,0,0,27,220,0,3,0
04-08 09:54:59,45.710,30.060,21.861,0,0,5591676,6433896,397068,3821536,59789.108,30935.955,0,1669.421,0,53.660,6945,6749,2.110,2.270,1.850,4,0,107.320,0,0,27,219,0,4,0
04-08 09:55:00,32.879,31.373,33.883,0,0,5564912,6460072,397476,3821704,56791.697,27606.252,0,1831.181,0,245.965,6738,7174,2.110,2.270,1.850,3,0,121.476,0,0,27,220,0,4,0
04-08 09:55:01,31.346,36.322,29.854,0,0,5581836,6443132,397480,3821724,49638.820,27391.808,0,374.167,0,16.917,5682,4143,2.110,2.270,1.850,5,0,221.913,0,0,27,220,0,4,0
04-08 09:55:02,36.953,33.433,28.406,0,0,5582116,6442760,397528,3822244,45612.202,22972.011,0,1765.686,0,78.430,6754,7831,2.110,2.270,1.850,2,0,162.894,0,0,27,222,0,5,0
04-08 09:55:03,38.642,34.903,24.931,0.249,0,5569168,6455616,397580,3822260,44671.625,23410.819,0,438.778,0,39.889,7125,7860,2.110,2.270,1.850,3,0,199.445,0,0,27,220,0,7,0
04-08 09:55:04,47.690,41.448,10.737,0,0,5540560,6483828,397612,3822244,60271.359,31834.048,0,4949.788,0,293.631,6838,5265,2.340,2.310,1.870,6,0,261.672,0,0,27,220,0,7,0
04-08 09:55:05,64.457,23.325,11.286,0,0,5646888,6377412,397656,3822288,52579.015,454374.586,8.026,1091.509,1.003,59.190,5580,4628,2.340,2.310,1.870,8,0,161.519,0,0,27,222,0,7,0
04-08 09:55:06,60.191,15.840,19.982,1.462,0,5710400,6313152,397656,3823036,47250.851,132788.782,709.616,81.879,11.697,1.949,5037,4186,2.340,2.310,1.870,3,0,2.924,0,0,27,227,0,8,0
04-08 09:55:07,65.310,15.367,20.233,0,0,5704496,6318284,397772,3823584,15512.420,7874.023,0,1258.041,0,76.835,5561,4461,2.340,2.310,1.870,3,0,8.196,0,0,27,225,0,9,0
04-08 09:55:08,61.590,15.709,20.945,0,0,5742676,6278428,397816,3824968,30040.729,15551.480,0,1057.245,0,75.802,5214,4585,2.340,2.310,1.870,2,0,37.901,0,0,27,224,0,16,0
04-08 09:55:09,29.415,27.404,41.985,0,0,5777828,6243224,397852,3824984,61558.897,34901.543,0,7188.274,0,589.302,6654,4578,2.320,2.310,1.870,2,0,120.676,0,0,27,224,0,16,0
04-08 09:55:10,27.676,26.928,42.885,0,0,5782772,6238216,397900,3825000,60814.138,33811.452,0,434.835,0,37.899,6085,5337,2.320,2.310,1.870,3,0,123.669,0,0,27,226,0,16,0
04-08 09:55:11,31.522,37.526,29.270,0,0,5752276,6268584,397948,3825036,45382.467,23732.455,0,564.391,0,38.026,5969,4944,2.320,2.310,1.870,2,0,196.136,0,0,27,224,0,16,0
04-08 09:55:12,26.285,29.790,42.557,0,0,5799908,6220960,397964,3825020,60308.432,30897.720,0,260.352,0,12.016,5119,3584,2.320,2.310,1.870,2,0,118.160,0,0,27,224,0,16,0
04-08 09:55:13,29.042,26.827,40.363,0,0,5818632,6202200,397992,3825420,44560.691,22863.147,0,578.864,0,29.534,5603,5307,2.320,2.310,1.870,6,0,93.524,0,0,27,224,0,16,0
04-08 09:55:14,42.702,25.315,32.474,0,0,5826932,6193876,398016,3825024,45816.803,23148.250,0,237.292,0,22.502,5379,5584,2.370,2.320,1.870,2,0,82.848,0,0,27,228,0,17,0
04-08 09:55:15,38.357,28.211,29.449,0,0,5753192,6267552,398040,3825160,44104.613,22545.261,0,308.839,0,28.706,6793,7282,2.370,2.320,1.870,3,0,90.078,0,0,27,226,0,17,0
04-08 09:55:16,42.160,31.248,22.320,0,0,5783036,6237632,398052,3825068,73806.041,587214.439,0,230.142,0,12.896,6199,3881,2.370,2.320,1.870,3,0,89.279,0,0,27,226,0,17,0
04-08 09:55:17,52.705,29.253,15.887,0,0,5851860,6168756,398084,3825084,47796.638,26675.293,0,718.200,0,41.357,5546,3875,2.370,2.320,1.870,5,0,103.897,0,0,27,226,0,16,0
04-08 09:55:18,52.324,29.432,16.603,0.503,0,5881520,6138876,398108,3825276,61320.626,34658.565,4.025,1766.939,1.006,23.143,5742,4370,2.370,2.320,1.870,3,0,111.691,0,0,27,230,0,16,0
04-08 09:55:19,47.904,28.397,19.754,0,0,5886360,6133644,398132,3825536,59531.529,30931.267,0,15.803,0,3.951,5838,4370,2.500,2.350,1.890,6,0,110.624,0,0,27,234,0,16,0
04-08 09:55:20,52.688,27.849,16.057,0,0,5803296,6215924,398204,3826228,45370.969,23720.680,0,678.422,0,55.197,6776,6934,2.500,2.350,1.890,5,0,95.340,0,0,27,232,0,18,0
04-08 09:55:21,37.357,34.098,27.579,0,0,5925180,6093748,398216,3826472,60870.611,32625.588,0,268.771,0,13.037,5596,4457,2.500,2.350,1.890,3,0,130.374,0,0,27,234,0,18,0
04-08 09:55:22,38.831,25.804,34.071,0,0,5936976,6081792,398224,3827120,44829.020,22517.225,0,1683.531,0,155.326,5870,5801,2.500,2.350,1.890,2,0,93.195,0,0,27,235,0,18,0
04-08 09:55:23,38.205,27.967,32.712,0,0,5902180,6116568,398228,3827124,45137.063,22845.207,0,335.606,0,12.985,6316,6600,2.500,2.350,1.890,3,0,88.896,0,0,27,236,0,18,0
04-08 09:55:24,44.665,29.020,24.982,0,0,5914952,6103664,398284,3826648,45687.887,24088.013,0,432.018,0,39.366,6571,5498,2.700,2.390,1.900,3,0,91.854,0,0,27,236,0,18,0
04-08 09:55:25,47.700,31.141,19.278,0,0,5921140,6097452,398304,3826652,72299.945,568881.363,0,209.582,0,19.772,5956,3923,2.700,2.390,1.900,3,0,115.666,0,0,27,236,0,18,0
04-08 09:55:26,48.622,29.672,20.197,0,0,5971088,6047308,398316,3826832,45084.289,24960.278,0,203.464,0,7.979,5516,3684,2.700,2.390,1.900,4,0,132.651,0,0,27,238,0,18,0
04-08 09:55:27,44.478,31.060,22.115,0,0,5992392,6024152,398444,3828508,60855.032,32133.588,0,3645.716,0,186.858,7972,9136,2.700,2.390,1.900,3,0,122.253,0,0,27,242,0,20,0
04-08 09:55:28,31.574,28.037,39.151,0,0,5993748,6022484,398468,3828788,62442.959,33575.101,0,299.065,0,27.280,6188,5714,2.700,2.390,1.900,2,0,112.149,0,0,27,242,0,20,0
04-08 09:55:29,31.811,30.331,34.277,0,0,5990904,6025308,398480,3829280,45115.125,23738.261,0,434.008,0,12.823,5861,5697,2.730,2.400,1.910,9,0,146.971,0,0,27,242,0,20,0
04-08 09:55:30,44.097,29.230,26.962,0,0,6015484,6000688,398492,3829304,56322.772,27085.408,0,7886.136,0,562.431,6739,5941,2.730,2.400,1.910,6,0,74.588,0,0,27,242,0,20,0
04-08 09:55:31,42.574,27.798,28.800,0,0,6026364,5989600,398520,3828940,50253.101,27722.049,0,416.722,0,20.035,5527,4143,2.730,2.400,1.910,4,0,63.109,0,0,27,244,0,20,0
04-08 09:55:32,45.979,29.824,22.120,0,0,6069724,5946220,398520,3828960,45522.849,24507.638,0,0,0,0,6158,4907,2.730,2.400,1.910,4,0,125.262,0,0,27,246,0,20,0
04-08 09:55:33,59.893,18.701,20.723,0,0,6051164,5964732,398552,3828976,68827.299,466921.370,0,371.996,0,31.337,5214,3825,2.730,2.400,1.910,4,0,19.206,0,0,27,244,0,20,0
04-08 09:55:34,65.351,14.327,20.611,0,0,6162648,5852872,398588,3829292,32827.563,137177.809,0,365.968,0,32.173,4748,3266,2.750,2.410,1.910,3,0,1.005,0,0,27,247,0,20,0
04-08 09:55:35,63.940,14.986,19.732,0,0,6213024,5802008,398644,3829712,29744.113,14880.049,0,395.629,0,24.977,6209,5862,2.750,2.410,1.910,5,0,2.997,0,0,27,250,1,27,0
04-08 09:55:36,45.966,11.429,40.748,0,0,6221068,5793468,398676,3830160,16485.085,7952.833,0,282.255,0,20.871,6100,6903,2.750,2.410,1.910,2,0,0,0,0,27,251,1,27,0
04-08 09:55:37,50.444,8.282,40.406,0,0,6192712,5821720,398752,3830188,14979.674,7398.485,0,1140.391,0,63.243,4852,4270,2.750,2.410,1.910,2,0,7.027,0,0,27,255,1,27,0
04-08 09:55:38,37.551,18.529,41.751,0,0,6130916,5883488,398780,3830188,30225.841,15957.331,0,399.230,0,36.563,4604,3563,2.750,2.410,1.910,2,0,53.362,0,0,27,256,1,27,0
04-08 09:55:39,30.088,27.079,40.619,0,0,6157792,5856540,398824,3830216,47793.494,26263.655,0,365.066,0,27.079,5741,4770,2.610,2.390,1.910,5,0,110.322,0,0,27,256,1,27,0
04-08 09:55:40,28.615,26.858,42.420,0,0,6164288,5850000,398852,3830232,61059.701,34421.948,0,755.026,0,32.129,6263,5561,2.610,2.390,1.910,5,0,119.479,0,0,27,257,1,27,0
04-08 09:55:41,28.780,29.031,41.294,0,0,6113548,5900684,398888,3830244,61021.312,31469.166,0,500.528,0,35.037,5492,4249,2.610,2.390,1.910,3,0,106.112,0,0,27,256,1,27,0
04-08 09:55:42,29.278,28.027,41.040,0,0,6121188,5893024,398900,3830252,46075.747,23829.142,0,332.323,0,14.014,5277,3670,2.610,2.390,1.910,3,0,115.112,0,0,27,256,1,27,0
04-08 09:55:43,37.031,33.028,27.523,0,0,6171932,5842092,398948,3833708,60804.199,31292.349,0,1080.910,0,58.049,6148,13628,2.610,2.390,1.910,8,0,147.124,0,0,28,257,1,27,0
04-08 09:55:44,31.248,28.999,38.248,0,0,6173276,5840656,398988,3830408,45722.681,23422.812,0,391.980,0,28.999,6050,7237,2.480,2.360,1.900,2,0,97.995,0,0,27,258,1,29,0
04-08 09:55:45,32.318,34.824,31.066,0,0,6131268,5882576,399048,3830924,71870.081,598767.028,0,493.043,0,47.100,7451,8039,2.480,2.360,1.900,2,0,169.358,0,0,27,258,1,29,0
04-08 09:55:46,21.249,23.749,53.248,0,0,6113188,5900628,399056,3830924,45425.954,22856.971,0,179.992,0,7.000,5384,5916,2.480,2.360,1.900,1,0,88.996,0,0,27,258,1,27,0
04-08 09:55:47,21.224,15.981,60.926,0,0,6097624,5916096,399100,3830892,44980.349,22466.703,0,775.058,0,49.939,4445,3978,2.480,2.360,1.900,6,0,26.967,0,0,28,258,1,27,0
04-08 09:55:48,48.628,30.424,19.950,0,0,6170676,5843016,399108,3830908,60842.375,33236.625,0,239.399,0,11.970,5697,3729,2.480,2.360,1.900,7,0,132.667,0,0,28,258,1,27,0
04-08 09:55:49,45.222,11.243,43.223,0,0,6238444,5775228,399120,3830916,45348.788,22923.739,0,1535.045,0,28.982,4021,2975,2.440,2.360,1.910,2,0,4.997,0,0,28,261,1,27,0
04-08 09:55:50,46.916,10.232,40.926,0,0,6297224,5716008,399132,3831332,30985.334,16245.814,0,0,0,0,3982,3063,2.440,2.360,1.910,3,0,3.993,0,0,28,261,1,27,0
04-08 09:55:51,54.508,11.839,32.803,0.247,0,6354212,5657108,399248,3833008,29856.435,14672.204,0,5816.791,0,540.638,6358,5204,2.440,2.360,1.910,5,0,5.919,0,0,28,262,1,29,0
04-08 09:55:52,8.660,24.705,65.456,0,0,6353116,5658040,399256,3833156,31387.308,17337.441,0,1271.426,0,125.309,5004,3852,2.440,2.360,1.910,3,0,132.440,0,0,28,262,1,29,0
04-08 09:55:53,15.719,16.967,64.624,0,0,6353172,5657864,399268,3833260,60848.028,34281.971,0,814.408,0,8.982,4839,4319,2.440,2.360,1.910,1,0,83.836,0,0,28,263,1,29,0
04-08 09:55:54,6.019,2.759,88.776,0.251,0,6353092,5657864,399336,3833272,54898.442,24888.270,0,754.342,0,59.184,2625,3578,2.240,2.320,1.890,0,0,1.003,0,0,28,264,1,29,0
04-08 09:55:55,4.996,3.747,88.181,0.250,0,6352556,5656944,399384,3834644,1558335.264,641029.844,0,351.724,0,38.969,4664,4164,2.240,2.320,1.890,0,0,0.999,0,0,28,263,1,29,0
04-08 09:55:56,4.003,3.752,86.305,0,0,6348344,5656648,399384,3839044,4757124.271,115182.024,0,0,0,0,8127,5860,2.240,2.320,1.890,2,0,2.001,0,0,28,263,1,29,0
04-08 09:55:57,5.982,7.727,75.772,0,0,6349796,5645892,399420,3848048,9643277.816,207213.471,0,630.107,0,39.880,13381,11509,2.240,2.320,1.890,0,0,0.997,0,0,28,263,1,29,0
04-08 09:55:58,6.762,16.028,74.631,0.751,0,6342952,5650600,399420,3850152,1319038.747,47293.245,637.121,4.007,9.016,1.002,5114,3938,2.240,2.320,1.890,0,1,88.155,0,0,28,262,1,29,0
04-08 09:55:59,7.201,21.852,66.799,0.993,0,6344900,5647220,399424,3851564,60407.815,33376.470,1652.832,91.383,17.879,4.966,4733,3694,2.140,2.300,1.890,5,0,127.141,0,0,28,262,1,29,0
04-08 09:56:00,16.360,13.843,68.210,0,0,6354064,5638028,399448,3851564,60637.553,32984.235,0,209.411,0,19.129,3457,3146,2.140,2.300,1.890,2,0,43.292,0,0,28,262,1,29,0
04-08 09:56:01,31.895,6.728,60.053,0,0,6395856,5596224,399448,3851576,30886.544,16787.855,0,3.987,0,0.997,3229,2870,2.140,2.300,1.890,4,0,1.993,0,0,28,266,1,29,0
04-08 09:56:02,24.349,6.276,68.027,0,0,6412588,5579352,399452,3851708,30987.072,16316.384,0,68.278,0,6.025,3424,3463,2.140,2.300,1.890,2,0,2.008,0,0,28,276,1,30,0
04-08 09:56:03,25.488,4.998,67.469,0,0,6415564,5576328,399472,3851736,15717.721,7454.548,0,187.913,0,19.991,4111,4511,2.140,2.300,1.890,1,0,0,0,0,28,292,1,30,0
04-08 09:56:04,25.871,5.473,65.921,0,0,6421352,5570312,399540,3851896,15258.847,7743.355,0,425.875,0,47.762,4727,5594,2.050,2.270,1.890,1,0,0.995,0,0,28,295,1,31,0
04-08 09:56:05,26.145,6.285,65.362,0,0,6422488,5569052,399588,3851964,14878.455,7336.659,0,398.207,0,33.184,5167,5986,2.050,2.270,1.890,1,0,3.017,0,0,28,296,1,31,0
04-08 09:56:06,24.452,6.175,66.194,0,0,6427580,5563836,399604,3852064,7096.544,3774.022,0,387.282,0,28.651,4888,5847,2.050,2.270,1.890,0,1,0,0,0,28,301,1,34,0
04-08 09:56:07,27.834,11.387,56.933,2.530,0,6414488,5560300,399620,3868200,8718.632,3668.020,0,16445.360,0,48.583,6270,7526,2.050,2.270,1.890,1,0,22.267,0,0,28,296,1,39,0
04-08 09:56:08,13.502,20.003,64.758,0,0,6339216,5635428,399732,3868224,31395.049,35518.581,0,7164.924,0,204.026,4725,3788,2.050,2.270,1.890,1,0,115.015,0,0,28,296,1,39,0
04-08 09:56:09,8.243,25.227,63.443,0,0,6338148,5636472,399744,3868236,75178.857,597902.004,0,203.818,0,14.987,5683,4541,1.970,2.250,1.880,1,0,154.862,0,0,28,296,1,39,0
04-08 09:56:10,10.417,22.570,64.239,0,0,6354492,5620104,399760,3868244,45643.861,27564.697,0,178.579,0,14.882,5206,4438,1.970,2.250,1.880,1,0,196.437,0,0,28,296,1,39,0
04-08 09:56:11,22.886,8.551,67.903,0,0,6403344,5571216,399792,3868248,59773.077,30923.700,0,189.123,0,23.137,3177,3198,1.970,2.250,1.880,2,0,2.012,0,0,28,296,1,31,0
04-08 09:56:12,25.573,8.274,64.936,0,0,6406048,5568480,399808,3868260,32270.442,17248.410,0,5736.433,0,493.413,3779,2854,1.970,2.250,1.880,1,0,20.057,0,0,28,296,1,31,0
04-08 09:56:13,7.490,23.219,67.160,0,0,6401768,5572716,399812,3868300,45885.666,25723.616,3.995,11852.157,0.999,18.975,4667,3731,1.970,2.250,1.880,1,0,124.833,0,0,28,296,1,31,0
04-08 09:56:14,8.257,24.021,65.307,0,0,6389996,5584336,399916,3868348,60808.437,33967.850,0,1225.077,0,81.071,5108,4455,1.890,2.230,1.880,3,0,128.113,0,0,28,296,1,32,0
04-08 09:56:15,7.000,23.248,66.746,0,0,6393136,5581128,399960,3868368,60464.061,33429.822,0,287.981,0,22.999,4805,4064,1.890,2.230,1.880,1,0,115.992,0,0,28,296,1,31,0
04-08 09:56:16,7.994,24.232,64.950,0,0,6388732,5585464,399972,3868388,60780.653,37741.221,0,143.890,0,11.991,4906,3950,1.890,2.230,1.880,1,0,129.901,0,0,28,296,1,31,0
04-08 09:56:17,8.466,25.646,63.741,0.249,0,6377020,5597120,400024,3868392,45307.821,25048.178,0,585.619,0,46.810,4999,4027,1.890,2.230,1.880,2,0,154.372,0,0,28,300,1,31,0
04-08 09:56:18,4.523,6.030,87.939,0,0,6373968,5600088,400096,3868400,75075.714,586350.564,0,570.849,0,56.281,2927,3424,1.890,2.230,1.880,1,0,42.211,0,0,28,300,1,32,0
04-08 09:56:19,16.475,9.486,72.891,0.250,0,6392824,5581220,400100,3868408,45305.292,23341.117,0,107.839,0,9.985,2731,2718,1.980,2.250,1.880,2,0,8.987,0,0,28,300,1,32,0
04-08 09:56:20,23.534,5.758,69.352,0,0,6422744,5551296,400100,3868412,30281.340,15166.208,0,697.021,0,3.004,2531,2307,1.980,2.250,1.880,1,0,2.003,0,0,28,300,1,32,0
04-08 09:56:21,23.494,7.998,66.982,0,0,6444904,5529124,400108,3868416,29827.887,15557.768,0,115.968,0,11.997,2905,2718,1.980,2.250,1.880,5,0,1.999,0,0,28,301,1,32,0
04-08 09:56:22,29.239,10.746,58.227,0,0,6411340,5561760,400120,3869332,15273.018,7748.965,0,1231.518,0,228.910,4676,4301,1.980,2.250,1.880,1,0,23.991,0,0,28,304,1,32,0
04-08 09:56:23,16.673,24.504,56.333,0.758,0,6397284,5575512,400132,3869608,32425.494,19161.254,133.380,8.084,4.042,2.021,4970,4014,1.980,2.250,1.880,0,1,92.962,0,0,28,304,1,30,0
04-08 09:56:24,4.211,4.954,67.123,21.053,0,6375884,5577588,400244,3888432,59162.096,29633.062,15277.226,372.519,205.083,33.685,3332,3858,1.980,2.240,1.880,0,1,0,0,0,28,304,1,30,0
04-08 09:56:25,2.995,4.492,68.627,21.462,0,6369164,5563080,400292,3909440,29842.556,14631.796,19353.341,267.521,181.675,29.946,2695,3329,1.980,2.240,1.880,0,1,0,0,0,28,304,1,30,0
04-08 09:56:26,2.753,3.254,69.327,22.275,0,6365248,5552252,400312,3924076,15115.703,7680.487,13843.297,156.173,124.137,11.012,2193,2679,1.980,2.240,1.880,0,1,2.002,0,0,28,304,1,30,0
04-08 09:56:27,2.751,3.751,70.027,21.759,0,6362204,5533628,400340,3945572,14985.885,7298.866,19971.843,452.178,198.078,23.009,2660,3064,1.980,2.240,1.880,0,1,1.000,0,0,28,304,1,29,0
04-08 09:56:28,2.493,3.989,69.800,21.189,0,6358468,5512988,400344,3969796,15761.727,7340.915,22698.802,35.897,218.373,2.991,2374,2689,1.980,2.240,1.880,1,1,0,0,0,28,304,1,29,0
04-08 09:56:29,3.008,4.513,69.944,20.808,0,6350460,5493344,400348,3997288,15262.399,7316.325,26100.507,4.011,261.727,1.003,2514,2867,2.220,2.290,1.900,0,1,2.006,0,0,28,304,1,29,0
04-08 09:56:30,3.997,8.493,68.690,16.236,0,6351764,5471936,400348,4017276,15315.632,7289.637,17512.715,3.997,170.851,0.999,2955,2941,2.220,2.290,1.900,1,0,14.987,0,0,28,304,1,29,0
04-08 09:56:31,3.506,4.006,70.363,21.034,0,6351284,5455556,400352,4034040,767.236,148.239,15637.190,80.129,148.239,4.006,2402,2686,2.220,2.290,1.900,0,1,1.002,0,0,28,304,1,28,0
04-08 09:56:32,3.998,7.496,64.719,21.740,0,6352024,5436416,400372,4052316,44903.690,26951.209,17307.786,311.852,172.918,20.990,2907,3058,2.220,2.290,1.900,0,1,7.996,0,0,28,304,1,28,0
04-08 09:56:33,2.991,3.988,69.299,20.939,0,6350704,5418272,400396,4071624,29873.412,14872.891,18797.516,115.665,184.465,8.974,2605,2903,2.220,2.290,1.900,1,0,0,0,0,28,304,1,28,0
04-08 09:56:34,9.743,11.992,63.458,11.492,0,6342316,5415980,400416,4082252,61006.243,479248.824,9913.377,295.802,90.939,29.980,4159,4147,2.210,2.280,1.900,0,1,25.983,0,0,28,304,1,28,0
04-08 09:56:35,3.262,4.015,70.014,21.581,0,6341848,5401896,400416,4096724,47625.318,151911.976,14301.849,4.015,118.446,1.004,2369,2697,2.210,2.280,1.900,0,1,3.011,0,0,28,304,1,22,0
04-08 09:56:36,3.249,3.999,69.735,21.495,0,6333372,5392068,400428,4114928,25947.273,13153.097,17952.038,79.982,166.963,5.999,2614,2857,2.210,2.280,1.900,0,1,0,0,0,28,304,1,22,0
04-08 09:56:37,6.505,11.509,68.305,12.010,0,6335404,5380248,400440,4124652,19895.982,13827.107,9555.676,1409.132,100.080,266.214,3662,3185,2.210,2.280,1.900,0,1,27.022,0,0,28,304,1,22,0
04-08 09:56:38,2.748,3.997,69.451,21.235,0,6335360,5364372,400468,4140476,44599.272,21872.440,15337.089,523.627,185.868,64.954,2594,3092,2.210,2.280,1.900,1,1,1.999,0,0,28,304,1,22,0
04-08 09:56:39,3.519,5.530,69.129,21.116,0,6335660,5345232,400504,4159200,30000.439,14738.787,18336.507,454.491,212.163,33.182,2975,3422,2.190,2.280,1.900,1,0,0,0,0,28,304,1,21,0
04-08 09:56:40,5.222,8.206,67.884,15.417,0,6337028,5329104,400520,4173876,44743.564,25707.284,14175.509,99.463,156.157,11.936,3285,3282,2.190,2.280,1.900,0,1,15.914,0,0,28,304,1,21,0
04-08 09:56:41,3.246,4.744,69.409,21.222,0,6337368,5309208,400520,4193352,29796.809,14720.638,19278.643,67.911,208.725,4.993,2898,3068,2.190,2.280,1.900,0,1,1.997,0,0,28,304,1,21,0
04-08 09:56:42,5.256,11.513,68.829,13.015,0,6339204,5296860,400536,4203800,45689.562,26706.724,9939.435,192.221,132.152,9.010,3403,3217,2.190,2.280,1.900,0,1,26.030,0,0,28,304,1,21,0
04-08 09:56:43,2.502,4.003,69.552,21.766,0,6339544,5279220,400536,4221036,44771.545,22206.638,16432.312,44.033,200.150,5.004,2668,2853,2.190,2.280,1.900,0,1,0,0,0,28,304,1,21,0
04-08 09:56:44,16.756,16.256,52.520,12.005,0,6359144,5252704,400576,4227864,15266.893,7298.817,6646.565,412.159,86.033,35.014,4567,12619,2.090,2.260,1.900,1,0,54.021,0,0,28,304,1,23,0
04-08 09:56:45,6.996,4.997,67.213,19.489,0,6354620,5237836,400576,4247192,46818.226,27841.673,18677.718,0,237.869,0,3168,3244,2.090,2.260,1.900,0,1,0,0,0,28,304,1,23,0
04-08 09:56:46,2.742,3.739,69.802,21.190,0,6352436,5223764,400576,4263384,33406.261,16780.411,15651.612,0,187.468,0,2473,2882,2.090,2.260,1.900,1,0,0,0,0,28,304,1,23,0
04-08 09:56:47,6.515,9.773,66.655,15.286,0,6352212,5212184,400584,4275116,54238.363,473946.185,11366.481,100.234,137.320,8.019,3611,3414,2.090,2.260,1.900,3,1,22.051,0,0,28,304,1,24,0
04-08 09:56:48,3.749,4.749,68.988,20.497,0,6352356,5193260,400620,4293796,34773.108,148892.769,17812.982,271.954,211.964,22.996,3017,3090,2.090,2.260,1.900,0,1,0,0,0,28,304,1,22,0
04-08 09:56:49,4.249,9.247,68.726,15.495,0,6352820,5183380,400624,4303176,44910.321,26124.880,8836.915,43.985,115.960,3.999,2845,2936,2.010,2.230,1.890,0,1,15.994,0,0,28,304,1,22,0
04-08 09:56:50,2.504,4.006,70.355,21.282,0,6352996,5169280,400628,4317048,44457.350,22082.958,13275.813,76.114,168.251,7.010,2383,2818,2.010,2.230,1.890,1,1,2.003,0,0,28,304,1,22,0
04-08 09:56:51,5.213,9.930,68.763,14.150,0,6354956,5158948,400628,4325388,15176.533,7391.659,8138.371,79.437,99.297,0.993,2879,2891,2.010,2.230,1.890,1,0,22.838,0,0,28,304,1,22,0
04-08 09:56:52,10.572,17.117,62.679,8.307,0,6382036,5124624,400628,4332584,60960.578,36397.321,6834.818,4.028,87.600,1.007,4071,3532,2.010,2.230,1.890,0,1,43.297,0,0,28,304,1,20,0
04-08 09:56:53,3.740,3.990,68.821,21.943,0,6381156,5111520,400628,4346520,29578.917,14619.901,13057.971,1851.176,167.563,337.121,2955,2763,2.010,2.230,1.890,0,1,1.995,0,0,28,304,1,20,0
04-08 09:56:54,10.768,8.013,59.598,18.781,0,6365132,5112316,400684,4361604,29944.259,14682.153,14487.833,761.252,171.282,56.092,4251,4780,1.930,2.210,1.890,1,0,6.010,0,0,28,304,1,22,0
04-08 09:56:55,9.195,17.644,66.350,3.728,0,6369400,5104520,400708,4365088,45656.513,28559.673,3443.224,226.633,38.766,21.868,4355,3775,1.930,2.210,1.890,0,1,55.664,0,0,28,304,1,22,0
04-08 09:56:56,7.301,5.287,65.204,21.651,0,6369336,5088656,400708,4380936,46101.888,23716.073,14847.343,16.112,204.423,1.007,3053,3098,1.930,2.210,1.890,0,1,2.014,0,0,28,304,1,22,0
04-08 09:56:57,3.492,5.238,69.092,18.957,0,6367980,5075300,400708,4395600,29528.536,14558.738,14107.768,0,176.597,0,2654,2896,1.930,2.210,1.890,1,0,5.986,0,0,28,304,1,22,0
04-08 09:56:58,5.742,9.486,68.901,13.730,0,6367952,5061704,400712,4409172,44860.705,25998.738,12877.544,211.697,198.715,8.987,3195,3076,1.930,2.210,1.890,0,1,20.970,0,0,28,304,1,22,0
04-08 09:56:59,6.004,10.006,67.794,14.509,0,6367136,5048852,400712,4422776,36969.744,452218.444,13176.463,40.026,187.120,5.003,3378,3170,1.850,2.190,1.880,0,1,19.012,0,0,28,304,1,22,0
04-08 09:57:00,3.761,5.265,68.450,21.061,0,6364164,5032724,400712,4441812,64776.138,159939.002,18674.527,4.012,181.530,1.003,2943,3038,1.850,2.190,1.880,1,1,1.003,0,0,28,304,1,22,0
04-08 09:57:01,5.246,8.992,68.442,14.738,0,6357684,5028188,400712,4452776,33637.714,18892.114,10635.057,3.997,102.913,0.999,3123,2978,1.850,2.190,1.880,1,1,15.987,0,0,28,304,1,22,0
04-08 09:57:02,2.732,3.974,69.539,21.110,0,6347916,5025416,400712,4465252,40689.208,21970.324,12373.954,0,129.144,0,2536,2757,1.850,2.190,1.880,0,1,1.987,0,0,28,304,1,22,0
04-08 09:57:03,4.782,10.318,69.206,15.100,0,6343060,5019368,400712,4476124,45344.882,25200.101,10799.181,0,103.683,0,3227,3120,1.850,2.190,1.880,0,1,16.106,0,0,28,304,1,22,0
04-08 09:57:04,5.491,9.984,67.892,14.477,0,6342632,5009292,400744,4486560,30570.247,19896.270,10367.466,690.898,102.836,71.885,3620,3514,1.860,2.190,1.880,0,1,15.975,0,0,28,304,1,19,0
04-08 09:57:05,5.967,10.691,66.136,14.421,0,6344396,4994424,400756,4499588,43969.820,21994.855,12642.368,119.343,144.206,12.929,3686,3625,1.860,2.190,1.880,1,0,17.901,0,0,28,304,1,19,0
04-08 09:57:06,4.537,5.042,68.817,20.670,0,6343428,4984092,400776,4510836,46445.937,27345.458,10083.133,161.330,109.906,15.125,2669,3023,1.860,2.190,1.880,3,1,1.008,0,0,28,304,1,19,0
04-08 09:57:07,17.727,10.986,51.184,17.977,0,6342868,4968972,400780,4526448,31012.235,15924.581,13854.236,83.892,155.800,6.991,4398,4309,1.860,2.190,1.880,2,0,1.997,0,0,28,302,1,19,2
04-08 09:57:08,4.485,8.722,67.779,15.948,0,6342576,4955112,400780,4540520,59939.991,34489.791,13224.974,0,166.458,0,3271,3122,1.860,2.190,1.880,0,1,16.945,0,0,28,302,1,7,2
04-08 09:57:09,6.027,11.050,67.303,14.315,0,6343356,4941000,400880,4553668,30511.545,19337.171,12432.043,2173.799,168.761,124.562,3791,3795,1.790,2.170,1.880,0,1,16.072,0,0,28,302,1,7,2
04-08 09:57:10,4.248,5.747,67.967,20.490,0,6342804,4920348,400904,4574784,61829.036,585262.371,20238.192,131.936,260.874,14.993,3461,3476,1.790,2.170,1.880,0,1,0,0,0,28,302,1,7,2
04-08 09:57:11,4.501,8.752,68.268,15.254,0,6346120,4905732,400904,4586036,33146.631,16910.403,10798.812,44.011,153.040,2.001,3180,3008,1.790,2.170,1.880,0,1,18.005,0,0,28,302,1,7,2
04-08 09:57:12,3.751,5.002,70.274,20.507,0,6345816,4888104,400912,4603880,56078.106,31422.706,16889.754,212.072,234.080,10.003,2913,3098,1.790,2.170,1.880,0,1,0,0,0,28,302,1,7,2
04-08 09:57:13,5.499,9.498,67.986,14.747,0,6346408,4873960,400912,4617368,45640.657,28022.264,12809.378,51.989,152.969,3.999,3311,3203,1.790,2.170,1.880,1,1,15.997,0,0,28,302,1,7,2
04-08 09:57:14,6.496,11.243,66.209,14.241,0,6345240,4864636,400940,4627760,45424.967,25164.470,9897.892,2474.473,107.933,416.743,4175,3456,1.730,2.150,1.870,0,1,17.989,0,0,28,302,1,8,2
04-08 09:57:15,2.497,4.995,69.929,20.479,0,6345220,4844980,400940,4647356,44346.691,22063.458,19460.118,0,189.806,0,2659,2965,1.730,2.150,1.870,0,1,0,0,0,28,302,1,8,2
04-08 09:57:16,4.756,9.262,68.588,14.769,0,6346992,4829104,400940,4661396,45169.120,27052.809,13441.295,84.108,135.174,6.008,3044,3054,1.730,2.150,1.870,0,1,16.021,0,0,28,302,1,7,2
04-08 09:57:17,6.220,15.425,65.432,11.196,0,6343108,4823608,400952,4670716,45239.946,27012.607,9159.447,183.109,88.569,21.894,3888,3451,1.730,2.150,1.870,2,0,60.705,0,0,28,304,1,7,2
04-08 09:57:18,25.092,8.531,64.485,0,0,6376364,4790344,400952,4670724,48277.289,25219.090,0,104.381,0,6.022,3318,2907,1.730,2.150,1.870,1,0,11.040,0,0,28,302,1,8,2
04-08 09:57:19,22.472,6.492,69.414,0,0,6418176,4748512,400968,4670728,44804.560,22536.114,0,183.773,0,11.985,2687,2470,1.670,2.130,1.870,3,0,0.999,0,0,28,302,1,8,2
04-08 09:57:20,23.064,6.448,68.697,0,0,6461016,4705672,400968,4670728,29596.555,14475.379,0,0,0,0,2582,2433,1.670,2.130,1.870,2,0,1.984,0,0,28,302,1,7,2
04-08 09:57:21,26.382,6.282,66.584,0,0,6485176,4681480,400984,4670744,57279.498,604311.162,0,184.928,0,21.106,3654,3543,1.670,2.130,1.870,1,0,4.020,0,0,28,306,1,7,2
04-08 09:57:22,32.485,10.152,57.357,0,0,6452668,4712824,400988,4671900,45726.106,24093.941,0,304.550,0,14.212,3493,3034,1.670,2.130,1.870,1,0,9.136,0,0,28,302,1,7,2
04-08 09:57:23,24.939,6.173,66.422,0,0,6473412,4692188,400988,4671792,62127.814,32872.372,0,7.902,0,1.975,3115,3014,1.670,2.130,1.870,1,0,1.975,0,0,28,302,1,7,2
04-08 09:57:24,29.108,8.783,61.479,0,0,6504592,4661964,401052,4670768,30494.556,15134.358,0,1842.862,0,265.991,3714,3378,1.620,2.110,1.860,1,0,0,0,0,28,302,1,7,2
04-08 09:57:25,19.729,9.240,69.176,0,0,6505096,4661460,401052,4670768,29684.165,15193.705,0,107.884,0,12.986,2830,2818,1.620,2.110,1.860,1,0,2.997,0,0,28,302,1,7,2
04-08 09:57:26,25.475,4.496,68.184,0,0,6505080,4661460,401052,4670784,15144.263,7760.448,0,0,0,0,3347,3236,1.620,2.110,1.860,1,0,2.997,0,0,28,308,1,7,2
04-08 09:57:27,25.294,7.763,66.114,0,0,6381784,4784732,401064,4670796,30360.306,17321.843,0,128.221,0,12.021,3189,2897,1.620,2.110,1.860,2,0,16.028,0,0,28,302,1,7,2
04-08 09:57:28,20.747,8.249,69.741,0,0,6425620,4740884,401076,4670796,44445.015,22179.013,0,111.985,0,8.999,2693,2576,1.620,2.110,1.860,1,0,0,0,0,28,302,1,7,2
04-08 09:57:29,25.985,5.997,66.711,0,0,6454516,4711976,401076,4670808,31088.031,16067.713,0,319.815,0,16.990,2913,2634,1.570,2.090,1.860,3,0,1.999,0,0,28,302,1,7,2
04-08 09:57:30,24.008,6.002,68.522,0,0,6441456,4724744,401080,4671092,15616.115,7298.391,0,240.079,0,8.003,2874,2614,1.570,2.090,1.860,1,0,22.007,0,0,28,302,1,7,2
04-08 09:57:31,7.982,24.444,65.350,0,0,6440064,4726120,401088,4671100,45974.430,24773.114,510.827,123.716,3.991,7.982,4728,3741,1.570,2.090,1.860,2,0,124.714,0,0,28,302,1,7,2
04-08 09:57:32,8.026,27.340,61.703,0,0,6429832,4736336,401088,4671104,62761.152,34342.806,0,321.055,0,6.020,4829,3723,1.570,2.090,1.860,2,0,129.425,0,0,28,302,1,7,2
04-08 09:57:33,7.980,25.685,63.589,0,0,6418088,4748020,401088,4671164,73660.052,611350.702,0,0,0,0,5337,4086,1.570,2.090,1.860,2,0,154.610,0,0,28,302,1,7,2
04-08 09:57:34,11.517,18.777,67.847,0,0,6413488,4752588,401116,4671168,45860.786,25792.999,0,364.523,0,31.045,4652,4138,1.520,2.080,1.850,2,0,109.157,0,0,28,302,1,7,2
04-08 09:57:35,14.461,16.456,67.319,0,0,6418328,4747716,401128,4671184,60396.858,32474.818,0,586.426,0,69.813,4200,3448,1.520,2.080,1.850,2,0,85.770,0,0,28,302,1,7,2
04-08 09:57:36,21.761,7.754,69.036,0,0,6429220,4736808,401136,4671192,45138.213,22817.734,0,160.082,0,12.006,2923,2581,1.520,2.080,1.850,1,0,18.009,0,0,28,302,1,7,2
04-08 09:57:37,20.766,7.255,70.803,0,0,6446844,4719168,401148,4671196,47175.430,25081.837,0,180.135,0,10.008,2943,2826,1.520,2.080,1.850,1,0,18.014,0,0,28,303,1,7,2
04-08 09:57:38,18.269,4.254,76.330,0,0,6434288,4725640,401168,4676136,36252.005,17780.640,0,932.978,0,18.019,2374,2411,1.520,2.080,1.850,1,0,4.004,0,0,28,302,1,7,2
04-08 09:57:39,23.753,6.317,69.489,0,0,6448304,4710084,401220,4677452,30454.019,15595.935,0,893.507,0,36.387,3088,3132,1.560,2.070,1.850,1,0,2.022,0,0,28,302,1,7,2
04-08 09:57:40,26.222,10.637,59.370,0,0,6465680,4691968,401240,4678060,45885.949,23669.760,0,1583.195,0,285.965,7066,11378,1.560,2.070,1.850,4,0,4.947,0,0,28,302,1,7,2
04-08 09:57:41,18.270,10.261,70.577,0,0,6427944,4729032,401240,4678612,30160.892,15213.591,0,92.100,0,2.002,2848,2635,1.560,2.070,1.850,2,0,9.010,0,0,28,303,1,7,2
04-08 09:57:42,19.660,4.231,74.909,0,0,6431632,4725084,401252,4678820,66588.491,42906.434,0,633.114,0,14.932,2622,2595,1.560,2.070,1.850,2,0,0.995,0,0,28,303,1,7,2
04-08 09:57:43,23.340,12.046,60.984,0,0,6435196,4721484,401252,4678852,61596.213,582042.049,0,148.570,0,4.015,7513,13259,1.560,2.070,1.850,2,0,12.046,0,0,28,303,1,7,2
04-08 09:57:44,27.976,18.734,51.706,0,0,6445036,4711524,401268,4681764,29749.632,14711.455,0,331.717,0,13.988,3974,7489,1.600,2.070,1.860,4,0,43.963,0,0,28,303,1,8,2
04-08 09:57:45,36.750,10.500,50.500,0,0,6408832,4746016,401456,4680232,30247.947,15427.973,0,851.998,0,55.000,4570,8514,1.600,2.070,1.860,2,0,2.000,0,0,28,303,1,7,2
04-08 09:57:46,11.256,19.511,67.537,0,0,6369208,4794088,401480,4672888,61134.230,33582.254,0,428.233,0,15.008,4339,3665,1.600,2.070,1.860,1,0,108.059,0,0,28,302,1,7,2
04-08 09:57:47,7.487,25.707,62.894,0,0,6375988,4787292,401488,4672896,60597.610,34088.402,0,315.467,0,3.993,4921,3965,1.600,2.070,1.860,2,0,163.723,0,0,28,302,1,7,2
04-08 09:57:48,21.283,8.513,68.605,0,0,6419044,4744232,401488,4672900,44789.523,22983.162,0,12.018,0,3.005,2751,2696,1.600,2.070,1.860,1,0,1.002,0,0,28,302,1,8,2
04-08 09:57:49,25.999,5.000,68.498,0,0,6441744,4721300,401488,4673132,29715.158,15275.567,0,111.997,0,4.000,2654,2321,1.550,2.050,1.850,1,0,0,0,0,28,302,0,7,2
04-08 09:57:50,25.262,5.503,68.283,0,0,6454048,4708964,401504,4673148,15737.643,7601.692,0,112.054,0,10.005,3066,2829,1.550,2.050,1.850,1,0,2.001,0,0,28,302,1,10,2
04-08 09:57:51,15.720,19.214,62.382,0,0,6417540,4745460,401504,4673160,16398.968,9177.633,0,0,0,0,4421,3685,1.550,2.050,1.850,1,0,105.800,0,0,28,302,1,10,2
04-08 09:57:52,20.032,11.017,67.607,0,0,6452220,4710768,401504,4673172,44989.937,24342.382,0,4.006,0,1.002,2963,2844,1.550,2.050,1.850,5,0,10.016,0,0,28,302,1,10,2
04-08 09:57:53,27.998,8.249,62.496,0,0,6479156,4683832,401504,4673172,30000.009,14665.027,0,123.992,0,2.000,3029,2573,1.550,2.050,1.850,1,0,2.000,0,0,28,303,1,11,2
04-08 09:57:54,32.554,8.698,57.156,0,0,6471724,4691180,401560,4673216,30238.922,14578.220,0,548.696,0,42.743,4129,4412,1.580,2.050,1.850,3,0,5.964,0,0,28,302,1,13,2
04-08 09:57:55,15.858,17.369,65.195,1.007,0,6439416,4723316,401588,4673360,30452.087,15656.988,4.028,3137.439,1.007,130.894,4260,3971,1.580,2.050,1.850,2,0,70.482,0,0,28,302,1,13,2
04-08 09:57:56,24.744,6.248,67.733,0,0,6468116,4694612,401588,4673364,54431.603,463659.884,0,2071.490,0,382.906,3615,2908,1.580,2.050,1.850,1,0,2.999,0,0,28,302,1,13,2
04-08 09:57:57,24.985,5.996,67.960,0,0,6480172,4682536,401604,4673368,19028.785,138828.176,0,363.786,0,15.991,2928,2674,1.580,2.050,1.850,1,0,0.999,0,0,28,302,1,11,2
04-08 09:57:58,18.758,10.755,68.779,0,0,6414332,4748360,401604,4673384,30441.904,17531.431,0,44.019,0,3.001,3478,3074,1.580,2.050,1.850,1,0,56.024,0,0,28,302,1,11,2
04-08 09:57:59,20.454,8.481,69.346,0,0,6425924,4736768,401604,4673384,44997.884,22551.824,0,3.991,0,0.998,2741,2577,1.540,2.040,1.850,1,0,1.996,0,0,28,302,1,11,2
04-08 09:58:00,24.268,6.004,69.301,0,0,6466216,4696460,401612,4673392,30087.021,15221.140,0,120.088,0,7.005,2803,2613,1.540,2.040,1.850,1,0,0,0,0,28,302,1,11,2
04-08 09:58:01,27.161,11.961,58.808,0,0,6448696,4713944,401624,4673416,15110.588,7720.753,0,59.804,0,6.977,3934,3224,1.540,2.040,1.850,3,0,72.762,0,0,28,302,1,13,2
04-08 09:58:02,20.782,16.025,61.595,0,0,6455196,4707448,401624,4673412,47221.474,25812.616,0,8.012,0,1.002,3741,3403,1.540,2.040,1.850,1,0,67.103,0,0,28,302,1,13,2
04-08 09:58:03,24.579,5.518,69.975,0,0,6455672,4706972,401624,4673412,45363.596,23264.669,0,0,0,0,2557,2342,1.540,2.040,1.850,1,0,0,0,0,28,302,1,13,2
04-08 09:58:04,24.106,6.026,68.551,0,0,6458352,4704212,401680,4673436,22134.298,9654.439,0,566.490,0,56.247,3415,3629,1.490,2.020,1.840,6,0,0,0,0,28,303,1,13,2
04-08 09:58:05,18.855,12.156,66.487,0,0,6416124,4746380,401692,4673484,23193.119,15288.088,0,154.806,0,10.916,3474,3148,1.490,2.020,1.840,1,0,48.625,0,0,28,302,1,13,2
04-08 09:58:06,22.838,6.525,69.767,0,0,6459352,4703152,401692,4673484,44909.168,22283.428,0,0,0,0,2706,2538,1.490,2.020,1.840,1,0,0,0,0,28,302,1,13,2
04-08 09:58:07,23.767,6.505,69.049,0,0,6467332,4695140,401716,4673492,30128.492,14764.532,0,612.437,0,29.021,2918,2765,1.490,2.020,1.840,1,0,1.001,0,0,28,302,1,13,2
04-08 09:58:08,20.874,9.443,67.343,0,0,6395040,4767412,401728,4673500,15068.041,7252.222,0,55.664,0,5.964,3493,3105,1.490,2.020,1.840,1,0,33.796,0,0,28,302,1,17,2
04-08 09:58:09,21.621,8.201,69.086,0,0,6424880,4737424,401748,4673628,44451.765,23014.161,0,99.405,0,12.923,2921,2909,1.450,2,1.840,1,0,0,0,0,28,302,1,17,1
04-08 09:58:10,23.624,6.786,68.359,0,0,6453204,4708988,401856,4673632,30275.789,15097.181,0,1604.415,0,100.527,3237,3214,1.450,2,1.840,1,0,0,0,0,28,302,1,17,1
04-08 09:58:11,24.558,17.792,55.882,0,0,6412812,4749288,401900,4673668,58742.305,583381.539,0,521.227,0,47.111,5059,4782,1.450,2,1.840,2,0,87.205,0,0,28,302,1,17,1
04-08 09:58:12,8.272,25.569,63.672,0,0,6402612,4759352,401968,4673732,45932.927,25699.337,0,276.747,0,19.051,5003,4203,1.450,2,1.840,0,0,180.487,0,0,28,303,1,17,1
04-08 09:58:13,7.487,4.242,86.596,0,0,6398032,4763872,402016,4673744,66957.129,34971.913,0,858.476,0,38.931,2439,2910,1.450,2,1.840,1,0,0,0,0,28,304,1,17,1
04-08 09:58:14,9.023,21.053,68.171,0,0,6396392,4765368,402108,4673796,70020.467,34414.240,0,437.095,0,32.080,5017,4350,1.580,2.020,1.840,0,0,126.317,0,0,28,302,2,18,1
04-08 09:58:15,4.995,5.744,87.659,0,0,6392496,4769236,402132,4673800,50913.251,25876.191,0,287.702,0,13.986,2245,2624,1.580,2.020,1.840,1,0,19.979,0,0,28,302,1,19,1
04-08 09:58:16,7.253,22.508,66.773,0,0,6388308,4773360,402144,4673848,58008.220,32897.467,0,100.035,0,7.002,4918,3946,1.580,2.020,1.840,2,0,135.047,0,0,28,302,1,19,1
04-08 09:58:17,15.503,15.253,67.011,0,0,6407544,4754084,402180,4673844,49572.259,26154.357,0,204.034,0,9.001,3734,3089,1.580,2.020,1.840,1,0,59.010,0,0,28,302,1,19,1
04-08 09:58:18,22.256,9.253,68.270,0,0,6418148,4735484,402556,4680452,45299.952,22514.437,0,152.043,0,10.003,2891,2578,1.580,2.020,1.840,1,0,2.001,0,0,28,302,1,19,1
04-08 09:58:19,23.390,6.221,68.677,0,0,6426396,4724720,402652,4682568,44773.238,22575.729,0,720.608,0,6.967,2867,2729,1.530,2,1.840,1,0,0.995,0,0,28,302,1,19,1
04-08 09:58:20,22.931,7.228,68.545,0,0,6436356,4711952,402804,4684764,43484.709,577997.171,0,586.243,0,10.967,3384,3014,1.530,2,1.840,1,0,19.940,0,0,28,303,1,19,1
04-08 09:58:21,15.041,3.008,79.967,0,0,6435948,4711952,402920,4685012,40167.828,18700.666,0,617.673,0,45.122,2667,3065,1.530,2,1.840,3,0,0,0,0,28,303,1,19,1
04-08 09:58:22,29.343,10.282,59.688,0,0,6447040,4697364,402996,4688244,15920.190,7626.042,0,329.037,0,19.060,3263,2754,1.530,2,1.840,2,0,3.009,0,0,28,302,1,20,1
04-08 09:58:23,20.396,20.147,55.716,1.741,0,6380764,4759764,403212,4691780,45320.915,25834.275,1345.141,3645.413,20.893,114.417,5326,5116,1.530,2,1.840,1,0,103.472,0,0,28,302,1,20,1
04-08 09:58:24,14.460,27.175,55.098,0,0,6378964,4761816,403304,4691428,62096.264,33560.184,0,590.367,0,46.870,5730,5149,1.490,1.980,1.830,4,0,139.614,0,0,28,302,1,20,1
04-08 09:58:25,18.428,16.914,63.111,0,0,6429084,4711668,403336,4691424,45464.151,23630.776,0,185.799,0,15.147,3993,3479,1.490,1.980,1.830,2,0,65.635,0,0,28,302,1,20,1
04-08 09:58:26,23.223,6.493,69.670,0,0,6459272,4681480,403336,4691424,44497.618,22246.312,0,1426.353,0,98.886,2838,2325,1.490,1.980,1.830,2,0,1.998,0,0,28,302,1,20,1
04-08 09:58:27,24.227,5.994,67.935,0,0,6474160,4666560,403360,4691428,15108.563,7289.035,0,2673.445,0,431.588,3600,2606,1.490,1.980,1.830,2,0,0.999,0,0,28,302,1,20,1
04-08 09:58:28,23.761,6.003,69.282,0,0,6382992,4757688,403368,4691460,29844.912,14598.805,0,40.019,0,3.001,3246,3026,1.490,1.980,1.830,2,0,14.007,0,0,28,302,1,20,1
04-08 09:58:29,15.742,13.493,68.215,0,0,6389536,4751136,403368,4691468,31184.007,19088.211,0,7.996,0,1.999,3220,2872,1.450,1.970,1.830,3,0,34.982,0,0,28,302,1,20,1
04-08 09:58:30,23.422,5.731,69.270,0,0,6423552,4717116,403368,4691468,30155.870,14705.173,0,15.947,0,3.987,2633,2402,1.450,1.970,1.830,1,0,0,0,0,28,302,1,20,1
04-08 09:58:31,24.632,5.530,69.372,0,0,6440876,4699768,403384,4691476,29691.292,15211.610,0,193.036,0,10.054,2920,2697,1.450,1.970,1.830,1,0,0,0,0,28,304,1,20,1
04-08 09:58:32,24.188,9.476,64.585,0,0,6414952,4725656,403400,4691480,15056.617,7277.448,0,299.237,0,44.886,3465,3022,1.450,1.970,1.830,1,0,21.944,0,0,28,302,1,21,1
04-08 09:58:33,21.685,8.724,68.297,0,0,6445404,4695204,403400,4691480,64549.749,225117.523,0,0,0,0,3038,2841,1.450,1.970,1.830,2,0,0,0,0,28,302,1,21,1
04-08 09:58:34,24.614,6.279,68.316,0,0,6475196,4665344,403456,4691492,39230.422,396955.734,0,277.282,0,24.112,3227,3003,1.410,1.950,1.820,1,0,1.005,0,0,28,302,1,21,1
04-08 09:58:35,27.904,8.720,59.794,0.498,0,6470480,4669516,403800,4691680,16576.026,8685.148,0,2499.409,0,187.356,5100,6300,1.410,1.950,1.820,12,0,2.990,0,0,28,303,1,21,1
04-08 09:58:36,25.617,8.288,62.535,0,0,6467056,4672608,404068,4691736,15164.065,7478.059,0,1088.960,0,132.604,5583,7578,1.410,1.950,1.820,2,0,0,0,0,28,302,1,22,1
04-08 09:58:37,21.252,8.751,69.255,0,0,6447744,4691908,404076,4691736,44745.524,24885.960,0,160.013,0,9.001,2918,2815,1.410,1.950,1.820,2,0,6.000,0,0,28,302,1,22,1
04-08 09:58:38,23.958,6.489,67.632,0.250,0,6484044,4655532,404144,4691744,29719.275,14728.366,0,1804.859,0,98.828,2999,3047,1.410,1.950,1.820,3,0,1.997,0,0,28,302,1,22,1
04-08 09:58:39,24.525,6.256,67.818,0.250,0,6478816,4660636,404256,4691756,29545.774,14606.720,0,1289.299,0,100.101,4162,4811,1.380,1.930,1.820,3,0,0,0,0,28,303,1,22,1
04-08 09:58:40,20.810,9.527,67.193,0,0,6474084,4665300,404304,4691772,15078.256,7316.991,0,373.070,0,38.109,4330,5123,1.380,1.930,1.820,1,0,0,0,0,28,303,1,22,1
04-08 09:58:41,19.684,14.950,63.786,0,0,6391892,4747360,404404,4691800,30491.881,17475.473,0,582.051,0,59.800,4750,4651,1.380,1.930,1.820,3,0,75.746,0,0,28,302,1,22,1
04-08 09:58:42,7.008,27.533,62.075,0,0,6385784,4753452,404416,4691804,60888.709,31850.557,0,252.305,0,13.016,5126,3950,1.380,1.930,1.820,2,0,158.191,0,0,28,302,1,22,1
04-08 09:58:43,7.801,27.680,62.909,0,0,6386680,4752496,404476,4691804,61077.402,31581.486,0,1175.649,0,59.386,5203,4070,1.380,1.930,1.820,1,0,166.081,0,0,28,302,1,22,1
04-08 09:58:44,8.920,27.504,59.965,0,0,6387344,4751716,404556,4691836,60217.320,31675.173,0,769.132,0,78.301,5726,4995,1.510,1.950,1.830,1,0,165.522,0,0,28,302,1,23,1
04-08 09:58:45,21.763,34.772,40.275,0,0,6392152,4746772,404684,4691840,45580.267,23656.671,0,3121.936,0,146.091,6264,15800,1.510,1.950,1.830,2,0,183.114,0,0,28,302,1,24,1
04-08 09:58:46,12.759,27.519,57.540,0,0,6381100,4757804,404684,4691852,78483.879,605724.545,0,156.109,0,5.003,5976,4608,1.510,1.950,1.830,2,0,164.115,0,0,28,302,1,22,1
04-08 09:58:47,7.755,27.517,62.539,0,0,6372480,4766412,404692,4691856,60734.215,31830.028,0,2233.405,0,380.239,5470,3961,1.510,1.950,1.830,2,0,165.104,0,0,28,302,1,22,1
04-08 09:58:48,9.045,26.130,62.813,0,0,6373048,4765816,404716,4691860,61523.598,32371.320,0,225.122,0,18.090,5131,3994,1.510,1.950,1.830,3,0,166.831,0,0,28,302,1,23,1
04-08 09:58:49,8.018,25.808,63.893,0,0,6377312,4761536,404728,4691864,45955.129,23635.040,0,164.369,0,12.027,5014,3739,1.630,1.970,1.830,1,0,156.351,0,0,28,302,1,23,1
04-08 09:58:50,8.128,24.876,63.297,0,0,6385660,4753188,404728,4691864,61154.674,31338.384,0,19.703,0,4.926,5021,3795,1.630,1.970,1.830,4,0,170.435,0,0,28,302,1,19,1
04-08 09:58:51,8.574,26.730,61.530,0,0,6382504,4756272,404784,4691880,61679.848,32885.025,0,4781.149,0,60.521,5379,4485,1.630,1.970,1.830,5,0,159.372,0,0,28,302,1,19,1
04-08 09:58:52,8.477,26.926,62.079,0.249,0,6377852,4760876,404800,4691900,60773.652,31864.258,7.978,7335.800,1.995,38.893,5211,3883,1.630,1.970,1.830,4,0,165.544,0,0,28,302,1,19,1
04-08 09:58:53,12.537,30.090,55.917,0,0,6409524,4729132,404800,4691972,48003.072,25064.705,0,24.072,0,6.018,5130,3833,1.630,1.970,1.830,2,0,163.487,0,0,28,302,1,19,1
04-08 09:58:54,14.721,29.941,51.149,0,0,6393692,4744864,404856,4692016,71730.736,584015.721,0,862.290,0,49.901,6446,5990,1.740,1.990,1.840,6,0,161.679,0,0,28,302,1,19,1
04-08 09:58:55,8.476,26.426,62.326,0.249,0,6399424,4739104,404872,4692024,61621.950,31823.149,0,327.087,0,27.922,5347,4476,1.740,1.990,1.840,7,0,156.563,0,0,28,302,1,16,1
04-08 09:58:56,7.771,27.325,62.671,0,0,6400892,4737616,404884,4692032,46068.922,24274.350,0,200.548,0,11.030,5053,3998,1.740,1.990,1.840,1,0,167.458,0,0,28,302,1,16,1
04-08 09:58:57,12.497,26.744,58.488,0,0,6387000,4751476,404904,4692044,62193.203,33478.111,0,3739.231,0,27.994,5339,4257,1.740,1.990,1.840,4,0,147.970,0,0,28,302,1,16,1
04-08 09:58:58,7.499,25.747,64.241,0,0,6389008,4749468,404904,4692044,60604.951,31859.769,0,15.998,0,3.999,5104,3938,1.740,1.990,1.840,1,0,162.978,0,0,28,302,1,16,1
04-08 09:58:59,7.270,25.569,65.177,0,0,6383968,4754492,404908,4692052,62736.016,33210.000,0,140.380,0,8.022,5001,3978,1.760,1.990,1.840,2,0,157.427,0,0,28,302,1,16,1
04-08 09:59:00,7.245,26.234,63.960,0,0,6378368,4760088,404908,4692056,45872.332,23869.083,0,19.988,0,4.997,4989,3814,1.760,1.990,1.840,2,0,158.901,0,0,28,302,1,16,1
04-08 09:59:01,7.748,27.243,62.485,0,0,6379380,4759052,404932,4692056,60926.938,32336.006,0,527.870,0,26.993,5171,4295,1.760,1.990,1.840,1,0,158.961,0,0,28,302,1,16,1
04-08 09:59:02,8.983,26.949,61.884,0,0,6370720,4767708,404940,4692056,78439.711,613881.294,0,614.845,0,52.901,5753,4204,1.760,1.990,1.840,1,0,154.709,0,0,28,302,1,16,1
04-08 09:59:03,8.499,25.997,62.992,0,0,6373212,4765212,404940,4692060,60970.507,31692.105,0,1355.833,0,260.968,5384,3731,1.760,1.990,1.840,2,0,146.982,0,0,28,302,1,14,1
04-08 09:59:04,8.759,26.026,62.313,0.250,0,6371764,4766592,404992,4692072,49598.800,23747.844,0,480.482,0,38.038,5177,4243,1.780,1.990,1.840,2,0,156.157,0,0,28,302,1,14,1
04-08 09:59:05,9.504,24.761,63.278,0,0,6373184,4765084,405024,4692128,58020.128,32914.823,0,516.232,0,32.014,5089,4246,1.780,1.990,1.840,4,0,125.056,0,0,28,302,1,14,1
04-08 09:59:06,17.233,12.488,68.682,0,0,6375196,4787232,405028,4669268,44990.761,23392.998,0,0,0,0,3333,3252,1.780,1.990,1.840,1,0,46.954,0,0,28,302,1,14,1
04-08 09:59:07,11.769,18.279,67.608,0,0,6390828,4862932,405072,4587728,60544.941,29715.579,0,2311.701,0,24.038,3220,3226,1.780,1.990,1.840,2,0,2.003,0,0,28,302,1,14,1
04-08 09:59:08,25.001,8.000,65.753,0,0,6397396,4848400,405100,4595308,31696.614,16817.857,0,8.000,0,2.000,3010,2788,1.780,1.990,1.840,2,0,3.000,0,0,28,302,1,14,1
04-08 09:59:09,24.871,6.218,67.650,0.249,0,6409696,4832368,405160,4598604,44499.871,21906.710,0,1890.225,0,17.907,3241,3170,1.720,1.970,1.840,1,0,17.907,0,0,28,302,1,14,1
04-08 09:59:10,20.347,4.773,74.353,0,0,6409052,4832692,405172,4598872,33891.826,16198.868,0,550.613,0,14.067,2530,2541,1.720,1.970,1.840,0,0,1.005,0,0,28,303,1,14,1
04-08 09:59:11,16.733,2.997,78.169,0,0,6426800,4814800,405200,4598948,23345.751,13245.242,0,751.220,0,24.974,2396,2481,1.720,1.970,1.840,1,0,0,0,0,28,303,1,10,1
04-08 09:59:12,16.505,3.251,79.273,0.250,0,6426760,4814548,405244,4599120,27488.966,15732.559,0,1264.366,0,43.012,2463,2617,1.720,1.970,1.840,0,0,2.001,0,0,28,303,1,10,1
04-08 09:59:13,15.921,2.488,79.607,0,0,6426608,4814324,405308,4599388,27165.969,14518.370,0,1707.575,0,162.200,2459,2475,1.720,1.970,1.840,3,0,0,0,0,28,303,1,10,1
04-08 09:59:14,21.510,4.049,73.894,0,0,6447788,4792992,405352,4599500,32785.747,462634.432,0,955.563,0,63.772,3107,2970,1.660,1.960,1.830,1,0,0,0,0,28,303,1,11,1
04-08 09:59:15,16.384,3.227,78.943,0,0,6448244,4792292,405396,4599656,27248.796,137518.985,0,1155.847,0,38.727,2360,2470,1.660,1.960,1.830,0,0,2.979,0,0,28,303,1,9,1
04-08 09:59:16,18.730,2.747,76.916,0.250,0,6452436,4787808,405436,4599852,10456.636,5820.674,0,930.988,0,27.970,2246,2323,1.660,1.960,1.830,2,0,0,0,0,28,303,1,9,1
04-08 09:59:17,19.042,2.756,77.422,0,0,6464548,4775460,405476,4600004,22095.989,13155.166,0,657.458,0,19.042,2319,2394,1.660,1.960,1.830,0,0,1.002,0,0,28,303,1,9,1
04-08 09:59:18,17.955,4.239,75.559,0.249,0,6471088,4758376,405528,4610456,12940.221,5113.048,0,941.615,0,32.917,2525,2563,1.660,1.960,1.830,1,0,1.995,0,0,28,303,1,10,1
04-08 09:59:19,26.804,6.263,66.384,0.251,0,6476216,4740512,405560,4622896,13096.530,8600.422,0,749.518,0,31.063,3019,2849,1.610,1.940,1.830,1,0,1.002,0,0,28,303,1,8,1
04-08 09:59:20,22.751,5.750,70.004,0,0,6471024,4735372,405632,4631736,1415.087,0,0,1068.066,0,48.003,2675,2688,1.610,1.940,1.830,1,0,0,0,0,28,303,1,8,1
04-08 09:59:21,25.004,4.546,69.962,0,0,6474768,4722828,405728,4639716,14948.051,7587.176,0,1188.085,0,25.257,2862,2872,1.610,1.940,1.830,1,0,2.021,0,0,28,303,1,8,1
04-08 09:59:22,24.760,3.962,69.824,0,0,6471668,4716372,405732,4648288,931.982,0,0,198.083,0,6.933,2692,2751,1.610,1.940,1.830,2,0,0,0,0,28,303,1,8,1
04-08 09:59:23,25.471,6.493,66.425,0,0,6483492,4685732,405832,4665568,15842.077,7485.531,0,1382.436,0,51.941,2959,2890,1.610,1.940,1.830,2,0,1.998,0,0,28,303,1,7,1
04-08 09:59:24,29.014,9.755,59.779,0,0,6503520,4657596,406292,4672152,881.425,0,0,2493.201,0,122.059,3922,4179,1.560,1.920,1.820,2,0,4.002,0,0,28,303,1,7,1
04-08 09:59:25,28.414,8.298,62.612,0.251,0,6531060,4619392,406540,4680676,1050.077,0,0,1577.128,0,57.332,3337,3431,1.560,1.920,1.820,2,0,0,0,0,28,303,1,7,1
04-08 09:59:26,22.873,5.470,69.613,0.249,0,6534084,4595048,406968,4699912,536.018,147.181,0,1316.675,0,41.768,2682,2681,1.560,1.920,1.820,2,0,0,0,0,28,303,1,7,1
04-08 09:59:27,25.179,5.485,67.560,0,0,6525660,4594236,407076,4707768,15556.140,7437.031,0,3075.329,0,285.196,3728,3360,1.560,1.920,1.820,1,0,4.986,0,0,28,303,1,7,1
04-08 09:59:28,22.024,6.507,70.076,0,0,6488888,4646212,407096,4692076,1266.367,174.188,0,556.601,0,20.022,2625,2529,1.560,1.920,1.820,1,0,2.002,0,0,28,302,1,7,1
04-08 09:59:29,20.766,8.506,69.802,0,0,6486512,4648552,407120,4692088,300.225,0,0,592.444,0,16.012,2687,2510,1.510,1.910,1.820,1,0,18.013,0,0,28,302,1,7,1
04-08 09:59:30,19.265,6.255,72.807,0,0,6488888,4646164,407124,4692096,21345.849,11071.739,0,96.076,0,6.005,2809,2745,1.510,1.910,1.820,0,0,19.015,0,0,28,303,1,7,1
04-08 09:59:31,22.005,5.501,71.516,0,0,6459644,4669460,407144,4697452,47764.725,23306.233,0,1220.274,0,20.004,2718,2546,1.510,1.910,1.820,1,0,2.000,0,0,28,302,1,7,1
04-08 09:59:32,23.271,11.510,64.307,0,0,6500128,4627920,407144,4698356,29857.310,14604.870,0,6045.327,0,185.163,3323,2679,1.510,1.910,1.820,2,0,12.011,0,0,28,302,1,7,1
04-08 09:59:33,22.237,10.744,63.463,0,0,6483808,4643124,407144,4699388,15087.089,7291.693,0,0,0,0,6365,11847,1.510,1.910,1.820,1,0,9.994,0,0,28,302,1,7,1
04-08 09:59:34,21.746,8.248,69.237,0,0,6466060,4660764,407164,4699512,15212.163,7456.609,0,1903.645,0,21.996,2828,2785,1.550,1.910,1.820,2,0,1.000,0,0,28,302,1,7,1
04-08 09:59:35,22.193,10.723,63.089,0,0,6469408,4657376,407172,4699544,15279.009,7409.092,0,135.654,0,8.977,6846,11947,1.550,1.910,1.820,1,0,11.969,0,0,28,302,1,6,1
04-08 09:59:36,17.772,12.015,69.084,0,0,6468084,4658592,407180,4699608,15173.512,7453.093,0,156.191,0,4.005,2824,2558,1.550,1.910,1.820,1,0,9.011,0,0,28,302,1,6,1
04-08 09:59:37,21.543,8.016,69.139,0,0,6428336,4706356,407212,4692208,15541.278,7442.979,0,701.412,0,18.036,2847,2805,1.550,1.910,1.820,1,0,2.004,0,0,28,302,1,6,1
04-08 09:59:38,21.486,7.495,69.704,0,0,6399784,4734900,407216,4692212,1164.239,0,0,271.822,0,9.993,3338,3363,1.550,1.910,1.820,3,0,48.968,0,0,28,302,1,6,1
04-08 09:59:39,21.932,10.966,62.059,0,0,6424188,4710456,407252,4692216,45726.956,24923.125,0,502.450,0,23.926,6964,12232,1.510,1.890,1.810,2,0,6.978,0,0,28,302,1,6,1
04-08 09:59:40,23.541,7.763,66.365,0,0,6431720,4702896,407272,4692224,59984.718,32494.185,0,232.402,0,21.036,4295,6217,1.510,1.890,1.810,1,0,3.005,0,0,28,302,1,5,1
04-08 09:59:41,23.414,9.465,65.261,0,0,6461312,4673224,407272,4692304,45587.006,21821.065,0,3.985,0,0.996,3406,3086,1.510,1.890,1.810,2,0,34.872,0,0,28,302,1,5,1
04-08 09:59:42,16.081,4.272,78.899,0,0,6468788,4665140,407280,4692904,21977.111,12057.962,0,245.240,0,6.030,2332,2399,1.510,1.890,1.810,2,0,2.010,0,0,28,303,1,5,1
04-08 09:59:43,23.444,7.981,67.589,0,0,6458988,4668832,407316,4698468,29743.325,14892.612,0,12586.093,0,74.822,2908,2607,1.510,1.890,1.810,2,0,1.995,0,0,28,302,1,5,1
04-08 09:59:44,24.076,11.787,60.692,0,0,6459068,4668384,407352,4698716,25272.958,444197.338,0,1597.053,0,236.749,8337,13458,1.470,1.880,1.810,2,0,6.019,0,0,28,302,1,5,1
04-08 09:59:45,27.196,13.224,57.636,0,0,6509152,4617328,407352,4701844,14886.627,7281.633,0,3.992,0,0.998,4557,6813,1.470,1.880,1.810,2,0,44.911,0,0,28,302,1,5,1
04-08 09:59:46,28.817,15.536,51.619,0,0,6477920,4648392,407364,4699716,4058.378,135102.186,0,453.047,0,11.025,7101,17977,1.470,1.880,1.810,1,0,8.019,0,0,28,302,1,6,1
04-08 09:59:47,18.240,11.244,69.713,0,0,6477784,4648392,407368,4699808,14848.112,7292.126,0,179.904,0,4.997,2941,2638,1.470,1.880,1.810,1,0,16.991,0,0,28,302,1,6,1
04-08 09:59:48,18.987,10.743,69.202,0,0,6441348,4692860,407396,4692316,15084.519,7452.822,0,387.731,0,13.990,2667,2501,1.470,1.880,1.810,1,0,2.998,0,0,28,302,1,5,1
04-08 09:59:49,23.209,5.989,70.125,0,0,6455940,4678248,407412,4692320,359.362,0,0,395.298,0,7.986,2604,2361,1.430,1.870,1.800,3,0,4.991,0,0,28,302,1,5,1
04-08 09:59:50,23.790,6.010,69.115,0,0,6455912,4678248,407420,4692340,31771.046,27279.547,0,120.201,0,3.005,2813,2540,1.430,1.870,1.800,2,0,17.028,0,0,28,302,1,5,1
04-08 09:59:51,18.104,13.829,66.381,0,0,6441836,4692300,407460,4692324,45634.204,24255.366,0,189.086,0,16.092,4209,3817,1.430,1.870,1.800,1,0,94.543,0,0,28,302,1,5,1
04-08 09:59:52,25.796,9.674,60.522,0,0,6446188,4687932,407460,4692340,46736.965,24223.729,0,0,0,0,5615,8876,1.430,1.870,1.800,2,0,6.945,0,0,28,302,1,5,1
04-08 09:59:53,25.004,13.502,59.759,0,0,6439348,4694696,407532,4692348,60117.380,32373.051,0,37353.828,0,230.036,5179,6756,1.430,1.870,1.800,2,0,6.001,0,0,28,302,1,5,1
04-08 09:59:54,25.799,10.019,63.621,0.250,0,6485268,4648600,407564,4692492,29707.441,14619.776,0,468.891,0,44.084,3509,3406,1.390,1.850,1.800,1,0,20.038,0,0,28,302,1,5,1
04-08 09:59:55,15.502,5.501,77.012,0,0,6498308,4635524,407584,4692508,35906.764,18101.906,0,372.060,0,24.004,2605,2736,1.390,1.850,1.800,1,0,17.003,0,0,28,303,1,5,1
04-08 09:59:56,28.927,8.728,60.099,0.499,0,6498908,4628748,407620,4698260,16269.091,8083.674,0,1196.990,0,24.937,3811,3770,1.390,1.850,1.800,2,0,7.980,0,0,28,302,1,7,1
04-08 09:59:57,24.769,8.757,64.299,0,0,6500656,4626180,407628,4698944,30200.218,15155.652,0,352.271,0,8.006,5706,8888,1.390,1.850,1.800,2,0,9.007,0,0,28,302,1,7,1
04-08 09:59:58,20.747,9.748,67.989,0,0,6515076,4610776,407628,4699832,418.933,0,0,0,0,0,3830,5189,1.390,1.850,1.800,1,0,7.999,0,0,28,302,1,7,1
04-08 09:59:59,21.750,18.500,50.251,5.250,0,6488860,4636740,407664,4700000,14922.204,7782.106,28.000,59160.808,7.000,169.002,7570,12197,1.360,1.840,1.800,2,0,6.000,0,0,28,302,1,7,1
04-08 10:00:00,17.791,12.028,69.159,0,0,6482232,4643236,407668,4700092,15586.842,7541.341,0,1788.112,0,301.694,3467,2618,1.360,1.840,1.800,1,0,16.037,0,0,28,302,1,7,1
04-08 10:00:01,19.238,11.993,67.459,0,0,6442016,4691492,407680,4692604,14950.878,7601.362,0,407.751,0,12.992,2836,2706,1.360,1.840,1.800,1,0,2.998,0,0,28,302,1,7,1
04-08 10:00:02,22.318,5.704,69.682,0.992,0,6431180,4701884,407684,4693040,594.159,0,245.996,416.606,3.968,9.919,2649,2431,1.360,1.840,1.800,1,0,4.960,0,0,28,302,1,7,1
04-08 10:00:03,22.824,9.531,65.713,0.502,0,6452364,4677724,407800,4695724,17279.062,10284.368,393.276,0,10.033,0,2987,2902,1.360,1.840,1.800,1,0,2.007,0,0,28,302,1,7,1
04-08 10:00:04,26.116,6.780,65.793,0,0,6452948,4676744,407900,4695928,44793.419,22474.054,0,2069.212,0,84.376,5135,6063,1.330,1.820,1.790,1,0,0,0,0,28,304,0,8,1
04-08 10:00:05,25.011,9.004,63.277,0,0,6453048,4676492,407940,4696036,39809.047,460287.107,0,448.192,0,51.022,5686,6270,1.330,1.820,1.790,1,0,0,0,0,28,305,0,12,1
04-08 10:00:06,27.018,8.255,61.041,0.250,0,6453180,4675988,408084,4696264,18148.086,129870.488,0,1492.994,0,198.132,5764,7474,1.330,1.820,1.790,3,0,4.003,0,0,28,305,1,12,1
04-08 10:00:07,15.737,15.737,65.694,0,0,6410496,4718476,408132,4696412,14909.256,7429.649,127.891,1258.924,0.999,85.927,4813,4832,1.330,1.820,1.790,1,0,75.935,0,0,28,304,1,13,1
04-08 10:00:08,8.991,24.476,64.187,0,0,6412176,4716748,408140,4696452,60970.686,50116.423,0,187.814,0,9.990,4942,3829,1.330,1.820,1.790,3,0,148.853,0,0,28,304,1,13,1
04-08 10:00:09,8.743,24.981,63.701,0.500,0,6413940,4714964,408220,4696460,60457.435,32802.735,0,6558.948,0,277.786,5540,4601,1.390,1.830,1.790,1,0,126.902,0,0,28,304,1,13,1
04-08 10:00:10,11.731,20.466,65.391,0,0,6408496,4720396,408228,4696464,60654.196,33444.417,0,2252.257,0,372.381,5013,3915,1.390,1.830,1.790,1,0,78.869,0,0,28,306,1,13,1
04-08 10:00:11,17.998,7.999,72.741,0,0,6385644,4745084,408248,4694624,61460.195,31392.013,0,475.940,0,26.997,3292,3207,1.390,1.830,1.790,0,0,10.999,0,0,28,304,1,15,1
04-08 10:00:12,16.557,12.292,69.490,0,0,6385876,4744844,408248,4694640,110620.346,38644.570,0,477.651,0,3.010,3507,3254,1.390,1.830,1.790,1,0,25.087,0,0,28,305,1,15,1
04-08 10:00:13,5.252,2.751,90.782,0,0,6389880,4740812,408272,4694644,51119.917,24215.487,0,1512.530,0,28.010,1966,2583,1.390,1.830,1.790,0,0,0,0,0,28,305,1,15,1
04-08 10:00:14,11.504,9.003,77.278,0,0,6388640,4741908,408348,4694712,82672.960,459594.554,0,720.261,0,22.008,3536,3494,1.280,1.790,1.780,1,0,14.005,0,0,28,304,1,16,2
04-08 10:00:15,5.747,8.246,83.708,0,0,6380640,4749944,408372,4694716,117171.790,111659.528,0,527.738,0,13.993,2881,2894,1.280,1.790,1.780,1,0,24.988,0,0,28,304,1,17,1
04-08 10:00:16,6.487,18.213,72.853,0,0,6378876,4751704,408372,4694720,126926.468,44669.718,0,115.766,0,2.994,4403,3661,1.280,1.790,1.780,1,0,132.732,0,0,28,304,1,16,1
04-08 10:00:17,10.518,22.287,63.606,1.252,0,6384280,4746164,408460,4694768,30313.750,14852.866,44.074,609.020,6.010,48.080,5181,4247,1.280,1.790,1.780,2,0,184.309,0,0,28,304,1,16,1
04-08 10:00:18,17.499,8.750,67.747,4.250,0,6394808,4733156,408740,4696604,29709.846,14591.433,2107.918,87.997,185.993,6.000,3197,3163,1.280,1.790,1.780,3,0,0,0,0,28,304,1,17,1
04-08 10:00:19,8.252,4.501,70.017,14.504,0,6397156,4726940,409172,4699180,29599.361,14595.630,2992.744,116.029,545.136,11.003,3238,3485,1.330,1.800,1.780,0,1,2.000,0,0,28,304,1,17,1
04-08 10:00:20,14.489,7.244,69.695,6.995,0,6394000,4722892,409604,4703836,15023.250,7290.298,5056.046,95.925,265.792,3.997,2651,2891,1.330,1.800,1.780,1,0,0,0,0,28,304,1,17,1
04-08 10:00:21,22.244,7.498,66.733,2.249,0,6360472,4754788,409680,4704476,16420.834,8165.928,643.837,587.851,46.988,47.988,4144,4495,1.330,1.800,1.780,1,0,1.000,0,0,28,304,1,16,1
04-08 10:00:22,22.001,8.092,70.303,0,0,6390468,4724788,409680,4704480,45093.998,22808.485,0,0,0,0,2942,3024,1.330,1.800,1.780,3,0,2.023,0,0,28,305,1,16,1
04-08 10:00:23,42.060,10.204,44.798,0,0,6256692,4858500,409716,4704504,30605.908,14992.355,0,605.269,0,39.820,4488,3900,1.330,1.800,1.780,3,0,3.982,0,0,28,296,0,20,1
04-08 10:00:24,56.523,16.757,26.261,0,0,6086316,5027888,409768,4705412,44524.807,22647.057,0,488.195,0,54.022,5038,4245,1.550,1.830,1.800,4,0,8.003,0,0,28,284,0,22,1
04-08 10:00:25,69.098,14.807,14.066,0,0,6177332,4936820,409804,4705428,42744.903,438620.170,0,296.134,0,24.678,5735,4274,1.550,1.830,1.800,3,0,2.961,0,0,28,284,0,22,1
04-08 10:00:26,84.606,14.518,0.751,0,0,6180244,4934504,409840,4704792,16507.607,73479.729,0,2967.705,0,499.624,6207,3179,1.550,1.830,1.800,5,0,4.005,0,0,28,280,0,22,1
04-08 10:00:27,78.742,13.792,7.523,0,0,6216152,4897544,409880,4705800,15082.448,7591.379,0,830.558,0,36.111,6503,6884,1.550,1.830,1.800,3,0,6.019,0,0,28,284,1,26,1
04-08 10:00:28,68.475,18.787,10.877,0,0,6214272,4899136,410012,4705956,15382.877,7352.772,0,2582.765,0,139.422,5798,4552,1.550,1.830,1.800,5,0,5.933,0,0,28,276,1,29,1
04-08 10:00:29,62.802,11.649,25.830,0,0,6282244,4830844,410048,4706240,45436.594,22687.909,0,972.426,0,46.595,4964,4091,1.660,1.850,1.800,2,0,0,0,0,28,278,1,32,1
04-08 10:00:30,49.781,13.508,36.773,0,0,6360276,4751980,410064,4707056,30709.289,14837.320,0,232.146,0,19.012,4861,5842,1.660,1.850,1.800,3,0,2.001,0,0,28,280,1,34,1
04-08 10:00:31,26.772,7.756,63.553,0,0,6356836,4754556,410080,4707904,29977.078,14892.459,0,176.147,0,19.016,5090,7831,1.660,1.850,1.800,0,0,2.002,0,0,28,290,1,35,1
04-08 10:00:32,3.490,5.734,89.744,0,0,6357332,4754052,410080,4707908,15291.304,7414.811,0,0,0,0,1892,2415,1.660,1.850,1.800,2,0,5.983,0,0,28,290,1,35,1
04-08 10:00:33,1.992,1.992,93.357,0,0,6357288,4754052,410116,4707916,15594.433,7331.176,0,250.945,0,25.891,1802,2833,1.660,1.850,1.800,0,0,0,0,0,28,290,1,35,1
04-08 10:00:34,2.516,2.264,94.332,0.252,0,6357268,4754052,410136,4707916,15309.499,7415.774,0,201.242,0,19.118,1803,2669,1.530,1.820,1.790,0,0,2.012,0,0,28,290,1,35,1
04-08 10:00:35,3.479,2.982,92.196,0,0,6341776,4769508,410168,4707920,15655.910,7252.414,0,2902.556,0,31.809,1838,2490,1.530,1.820,1.790,2,0,0,0,0,28,290,1,35,1
04-08 10:00:36,5.790,3.021,90.871,0.252,0,6341744,4769508,410188,4707932,2347.052,1511.336,0,491.361,0,24.165,1997,2677,1.530,1.820,1.790,1,0,0,0,0,28,290,1,35,1
04-08 10:00:37,2.501,2.001,94.045,0,0,6341740,4769508,410192,4707932,15190.226,7597.614,0,32.015,0,4.002,1618,2333,1.530,1.820,1.790,0,0,3.001,0,0,28,290,1,35,1
04-08 10:00:38,3.247,1.998,93.670,0,0,6341600,4769508,410196,4708068,1428.785,73.937,0,111.905,0,11.990,1666,2537,1.530,1.820,1.790,0,0,0,0,0,28,290,1,35,1
04-08 10:00:39,2.502,2.252,93.828,0,0,6341568,4769508,410228,4708068,14988.498,7464.224,0,364.304,0,27.023,1802,2748,1.410,1.790,1.780,0,0,0,0,0,28,290,1,35,1
04-08 10:00:40,2.000,2.750,93.736,0,0,6341568,4769508,410240,4708072,760.886,0,0,1867.719,0,126.981,1911,2705,1.410,1.790,1.780,0,0,2.000,0,0,28,290,1,35,1
04-08 10:00:41,3.247,1.749,93.423,0,0,6341552,4769508,410252,4708076,15574.226,7893.526,0,111.908,0,13.989,1739,2577,1.410,1.790,1.780,0,0,0,0,0,28,290,1,35,1
04-08 10:00:42,3.248,2.998,92.437,0,0,6341540,4769508,410264,4708076,1356.078,0,0,8738.058,0,660.551,2896,2571,1.410,1.790,1.780,2,0,0,0,0,28,290,1,35,1
04-08 10:00:43,1.752,2.002,94.088,0,0,6341504,4769508,410284,4708092,300.280,0,0,144.134,0,16.015,1716,2640,1.410,1.790,1.780,0,0,2.002,0,0,28,290,1,35,1
04-08 10:00:44,4.252,2.501,92.794,0,0,6341492,4769508,410296,4708092,15384.235,7623.585,0,136.064,0,13.006,1838,2669,1.370,1.780,1.780,0,0,0,0,0,28,290,1,36,1
04-08 10:00:45,2.001,2.751,93.527,0,0,6341492,4769508,410296,4708092,180.052,0,0,100.029,0,3.001,1524,2267,1.370,1.780,1.780,0,0,0,0,0,28,290,1,35,1
04-08 10:00:46,15.998,11.499,70.242,0,0,6345424,4765544,410324,4708096,358.961,147.984,0,1771.808,0,37.996,3953,9981,1.370,1.780,1.780,0,0,37.996,0,0,28,290,1,36,1
04-08 10:00:47,5.996,2.748,90.443,0,0,6330232,4780720,410324,4708112,16295.644,8945.315,0,59.962,0,3.997,2033,2682,1.370,1.780,1.780,0,0,2.998,0,0,28,290,1,36,1
04-08 10:00:48,3.503,2.002,92.824,0,0,6330232,4780720,410340,4708096,539.432,0,0,132.106,0,12.010,1709,2422,1.370,1.780,1.780,0,0,0,0,0,28,290,1,37,1
04-08 10:00:49,1.748,1.748,94.887,0,0,6330216,4780720,410340,4708112,641.233,0,0,3.995,0,0.999,1462,2146,1.260,1.750,1.770,0,0,1.998,0,0,28,290,1,35,1
04-08 10:00:50,2.999,1.999,94.463,0,0,6330204,4780720,410348,4708116,892.649,0,0,95.962,0,9.996,1518,2268,1.260,1.750,1.770,0,0,0,0,0,28,290,1,35,1
04-08 10:00:51,3.480,1.988,92.708,0,0,6330204,4780720,410360,4708104,15390.010,7627.400,0,87.488,0,8.948,1720,2491,1.260,1.750,1.770,0,0,0,0,0,28,290,1,35,1
04-08 10:00:52,2.516,2.013,94.848,0,0,6330168,4780720,410376,4708124,300.898,0,0,213.346,0,13.083,1735,2499,1.260,1.750,1.770,0,0,2.013,0,0,28,290,1,35,1
04-08 10:00:53,2.250,2.250,93.756,0,0,6330140,4780720,410396,4708132,19879.295,330.022,0,100.007,0,13.001,1729,2693,1.260,1.750,1.770,0,0,0,0,0,28,290,1,35,1
04-08 10:00:54,7.245,4.497,86.443,0,0,6362364,4748464,410432,4708128,238.842,0,0,255.831,0,30.979,2256,3086,1.160,1.720,1.760,3,0,0,0,0,28,290,1,35,1
04-08 10:00:55,4.507,2.504,91.902,0,0,6358308,4752496,410448,4708136,14940.701,7632.619,0,112.185,0,15.025,1888,2657,1.160,1.720,1.760,0,0,2.003,0,0,28,290,1,35,1
04-08 10:00:56,3.000,1.750,94.486,0,0,6352884,4757916,410448,4708140,478.927,147.977,0,31.995,0,1.000,1482,2250,1.160,1.720,1.760,0,0,0,0,0,28,290,1,35,1
04-08 10:00:57,9.497,5.498,82.221,0,0,6349148,4761596,410468,4708176,299.895,0,0,723.747,0,38.986,3011,3783,1.160,1.720,1.760,1,0,4.998,0,0,28,292,1,34,1
04-08 10:00:58,19.252,5.501,73.257,0,0,6348652,4762024,410496,4708216,1629.164,1353.136,0,168.017,0,15.002,4018,4628,1.160,1.720,1.760,1,0,5.001,0,0,28,290,1,35,1
04-08 10:00:59,2.738,1.992,94.103,0,0,6348648,4762024,410496,4708220,298.741,0,0,3.983,0,0.996,1539,2297,1.150,1.710,1.760,0,0,0,0,0,28,290,1,35,1
04-08 10:01:00,3.265,1.256,94.424,0,0,6348848,4761812,410508,4708220,651.927,0,0,261.173,0,15.068,1586,2339,1.150,1.710,1.760,0,0,0,0,0,28,290,1,35,1
04-08 10:01:01,5.979,11.958,79.970,0,0,6349564,4761084,410520,4708220,111996.371,36209.061,0,199.301,0,14.948,3480,3439,1.150,1.710,1.760,3,0,83.707,0,0,28,290,1,35,1
04-08 10:01:02,8.240,25.469,63.673,0,0,6350556,4760076,410536,4708220,44279.402,22410.873,0,267.676,0,11.985,5420,3963,1.150,1.710,1.760,1,0,229.722,0,0,28,290,1,35,1
04-08 10:01:03,22.832,8.782,67.243,0,0,6378236,4732396,410536,4708220,41586.056,542736.366,0,2043.373,0,376.358,3612,2934,1.150,1.710,1.760,1,0,0,0,0,28,290,1,35,1
04-08 10:01:04,24.470,5.993,68.916,0,0,6414220,4696388,410552,4708228,15196.471,7287.115,0,335.591,0,26.967,2896,2783,1.220,1.710,1.760,2,0,1.998,0,0,28,290,1,36,1
04-08 10:01:05,25.973,5.146,65.422,0,0,6422472,4688072,410564,4708288,14619.278,7150.861,0,101.931,0,12.741,3310,3203,1.220,1.710,1.760,2,0,0.980,0,0,28,295,1,36,1
04-08 10:01:06,27.558,2.807,70.170,0,0,6429144,4681268,410564,4708420,15890.677,7665.167,0,0,0,0,2789,2469,1.220,1.710,1.760,3,0,0,0,0,28,296,1,31,1
04-08 10:01:07,11.939,21.391,64.421,0,0,6400164,4710248,410564,4708420,44851.757,22622.374,0,3.980,0,0.995,4925,3603,1.220,1.710,1.760,1,0,175.105,0,0,28,296,1,31,1
04-08 10:01:08,14.589,18.865,64.895,0.252,0,6402336,4708044,410592,4708424,29711.963,14681.418,0,418.549,0,32.196,4328,3602,1.220,1.710,1.760,2,0,129.790,0,0,28,296,1,31,1
04-08 10:01:09,25.749,7.000,65.998,0,0,6416672,4693680,410608,4708436,31146.972,15944.474,0,255.992,0,20.999,3206,3154,1.200,1.700,1.750,1,0,0,0,0,28,296,1,31,1
04-08 10:01:10,25.266,5.306,68.975,0,0,6436300,4674024,410624,4708448,15194.689,7373.492,0,206.167,0,17.181,3101,3068,1.200,1.700,1.750,1,0,2.021,0,0,28,298,1,30,1
04-08 10:01:11,18.783,5.437,72.662,0,0,6399288,4711028,410648,4708432,111848.688,36171.046,0,403.350,0,67.225,3493,3414,1.200,1.700,1.750,1,0,19.772,0,0,28,298,1,30,1
04-08 10:01:12,10.243,22.735,62.959,0.999,0,6398432,4711712,410784,4708468,60721.372,39366.309,139.909,0,4.997,0,5302,4056,1.200,1.700,1.750,1,0,188.877,0,0,28,298,1,30,1
04-08 10:01:13,7.967,25.891,63.484,0,0,6385524,4724612,410784,4708476,45837.716,27626.112,0,43.816,0,2.987,5304,4097,1.200,1.700,1.750,2,0,197.173,0,0,28,298,1,30,1
04-08 10:01:14,9.541,23.100,65.032,0,0,6388452,4721644,410812,4708488,61158.624,38005.063,0,566.460,0,36.157,5293,4306,1.180,1.690,1.750,1,0,172.750,0,0,28,298,1,28,1
04-08 10:01:15,8.775,22.564,66.187,0,0,6386804,4723288,410812,4708492,71169.375,558640.682,0,4.011,0,1.003,5399,4010,1.180,1.690,1.750,2,0,172.488,0,0,28,298,1,28,1
04-08 10:01:16,7.449,23.092,65.550,0.248,0,6388444,4721540,410888,4708508,45300.346,28492.607,0,2061.860,0,91.373,5360,4292,1.180,1.690,1.750,1,0,166.856,0,0,28,298,1,28,1
04-08 10:01:17,7.303,24.174,66.982,0,0,6391068,4718908,410892,4708512,61341.152,38649.962,0,60.435,0,5.036,5214,4001,1.180,1.690,1.750,1,0,181.304,0,0,28,298,1,28,1
04-08 10:01:18,8.498,24.243,65.232,0,0,6390676,4719288,410892,4708524,60870.139,36655.846,0,11.997,0,2.999,5247,4009,1.180,1.690,1.750,1,0,195.946,0,0,28,298,1,27,1
04-08 10:01:19,7.499,24.997,64.243,0,0,6381708,4728240,410904,4708528,60833.655,38144.021,0,1951.796,0,350.963,5518,4090,1.170,1.680,1.740,1,0,188.980,0,0,28,298,1,27,1
04-08 10:01:20,10.216,25.167,62.294,0,0,6375584,4734340,410912,4708544,47755.143,29256.292,0,75.750,0,3.987,5284,4137,1.170,1.680,1.740,1,0,192.364,0,0,28,298,1,27,1
04-08 10:01:21,8.521,27.065,62.401,0,0,6376120,4733768,410940,4708552,60783.011,37494.685,0,176.427,0,18.044,5394,4301,1.170,1.680,1.740,1,0,206.499,0,0,28,298,1,27,1
04-08 10:01:22,7.261,24.038,66.104,0,0,6376056,4733808,410956,4708560,61329.583,38718.976,0,252.397,0,14.022,5149,4012,1.170,1.680,1.740,1,0,188.297,0,0,28,298,1,27,1
04-08 10:01:23,8.715,23.158,65.490,0,0,6371688,4738172,410956,4708564,73663.787,592370.155,0,39.842,0,3.984,5355,4055,1.170,1.680,1.740,1,0,178.293,0,0,28,298,1,27,1
04-08 10:01:24,21.014,10.007,67.295,0,0,6394292,4715508,411012,4708568,44884.905,23145.421,0,492.328,0,45.030,3344,3614,1.160,1.670,1.740,3,0,4.003,0,0,28,298,1,27,1
04-08 10:01:25,31.755,12.002,55.009,0,0,6473996,4634880,411028,4709476,29657.017,14594.469,0,152.026,0,17.003,3829,3608,1.160,1.670,1.740,2,0,4.001,0,0,28,298,1,27,1
04-08 10:01:26,28.795,7.762,62.096,0,0,6466168,4643592,411028,4708592,30493.238,16016.812,0,12.019,0,2.003,3409,3097,1.160,1.670,1.740,3,0,7.011,0,0,28,298,1,21,1
04-08 10:01:27,23.497,8.499,66.992,0,0,6451968,4657792,411028,4708592,59713.858,30182.390,0,0,0,0,3125,3016,1.160,1.670,1.740,3,0,1.000,0,0,28,298,1,21,1
04-08 10:01:28,23.907,4.732,69.230,0,0,6473912,4635840,411028,4708600,29921.170,14535.246,0,19.922,0,0.996,2816,2706,1.160,1.670,1.740,4,0,0,0,0,28,298,1,21,1
04-08 10:01:29,22.598,8.537,68.297,0,0,6470764,4638884,411108,4708624,15249.423,7327.919,0,602.625,0,68.297,3697,4107,1.140,1.650,1.730,2,0,2.009,0,0,28,299,1,22,1
04-08 10:01:30,22.509,9.004,66.277,0.500,0,6382008,4727380,411208,4708784,15041.219,7299.018,0,708.293,0,87.036,3822,3943,1.140,1.650,1.730,1,0,23.010,0,0,28,299,1,10,1
04-08 10:01:31,31.778,9.008,57.800,0.250,0,6421940,4687340,411288,4708812,46216.313,24646.498,0,492.430,0,58.051,4106,4132,1.140,1.650,1.730,2,0,0,0,0,28,297,1,12,1
04-08 10:01:32,23.909,6.725,68.241,0,0,6450412,4658864,411288,4708816,29539.053,14698.296,0,7.970,0,1.992,2928,2758,1.140,1.650,1.730,3,0,4.981,0,0,28,297,1,12,1
04-08 10:01:33,24.174,8.972,64.797,0,0,6438164,4671092,411288,4708824,30232.365,15222.350,0,0,0,0,3414,3072,1.140,1.650,1.730,1,0,27.913,0,0,28,297,1,12,1
04-08 10:01:34,22.370,8.797,68.870,0,0,6438404,4670840,411300,4708824,44976.922,23301.333,0,2014.837,0,366.974,3282,3055,1.130,1.640,1.730,1,0,0,0,0,28,297,1,11,1
04-08 10:01:35,23.935,5.236,69.064,0,0,6446676,4662552,411308,4708832,32799.442,14985.539,0,63.828,0,6.981,2846,2603,1.130,1.640,1.730,2,0,1.995,0,0,28,297,1,11,1
04-08 10:01:36,23.319,5.767,69.957,0,0,6417560,4691740,411308,4708760,72124.176,604685.252,0,336.996,0,49.145,3612,3114,1.130,1.640,1.730,0,0,6.018,0,0,28,297,1,11,1
04-08 10:01:37,6.753,8.254,82.288,1.251,0,6411840,4696316,411356,4709856,95864.020,23664.867,740.340,132.061,14.006,4.002,2450,2597,1.130,1.640,1.730,1,0,11.005,0,0,28,297,1,11,1
04-08 10:01:38,9.236,12.481,69.894,7.239,0,6407168,4695088,411412,4715700,44886.782,23036.989,4481.190,2072.850,97.851,98.850,3297,3147,1.130,1.640,1.730,1,0,3.994,0,0,28,297,1,11,1
04-08 10:01:39,10.271,13.277,68.638,5.511,0,6402964,4694692,411452,4720248,60042.317,30635.389,3615.244,384.771,68.137,31.062,3327,3205,1.120,1.630,1.730,1,0,4.008,0,0,28,297,1,11,1
04-08 10:01:40,6.994,8.493,67.945,14.988,0,6398464,4689356,411488,4730016,45106.393,23067.279,9176.553,315.744,95.922,35.971,3313,3659,1.120,1.630,1.730,0,1,3.997,0,0,28,297,1,11,1
04-08 10:01:41,3.751,5.752,69.525,19.257,0,6377884,4692152,411512,4747696,59117.388,30004.856,16037.802,236.085,179.065,23.008,3004,3429,1.120,1.630,1.730,0,1,2.001,0,0,28,297,1,11,1
04-08 10:01:42,6.249,4.249,65.990,20.247,0,6374856,4678228,411512,4764600,31770.963,16330.411,15561.533,0,174.972,0,3105,3365,1.120,1.630,1.730,0,1,0,0,0,28,297,1,11,1
04-08 10:01:43,14.216,14.715,69.085,0.998,0,6372516,4677576,411512,4767576,29401.608,14688.833,1145.258,0,14.964,0,2727,2524,1.120,1.630,1.730,2,0,1.995,0,0,28,297,1,11,1
04-08 10:01:44,15.252,15.252,68.508,0,0,6370444,4677444,411576,4769716,14916.684,7296.824,0,1024.116,0,61.007,2997,2939,1.110,1.620,1.720,2,0,0,0,0,28,297,1,12,1
04-08 10:01:45,7.732,8.980,69.841,11.723,0,6369764,4671952,411576,4775856,30340.769,15608.385,5499.451,207.526,55.873,4.989,2574,2655,1.110,1.620,1.720,0,1,1.995,0,0,28,297,1,12,1
04-08 10:01:46,6.030,8.543,65.074,19.849,0,6376524,4654644,411592,4786536,55668.201,531892.573,10476.166,148.741,104.520,9.045,3526,3529,1.110,1.620,1.720,1,1,19.095,0,0,28,297,1,12,1
04-08 10:01:47,13.755,12.254,54.769,16.756,0,6351308,4665232,411596,4800868,44631.768,22431.925,14349.069,68.024,145.051,5.002,4158,9725,1.110,1.620,1.720,0,1,27.010,0,0,28,297,1,11,1
04-08 10:01:48,4.250,7.000,68.996,18.499,0,6355692,4646388,411612,4815248,44912.100,22518.546,14355.073,147.990,143.991,11.999,3098,3134,1.110,1.620,1.720,0,1,4.000,0,0,28,297,1,12,1
04-08 10:01:49,3.743,5.240,69.615,19.462,0,6355280,4632024,411620,4829952,60045.372,30484.789,14491.852,111.783,154.700,6.986,3017,3023,1.100,1.610,1.720,0,1,3.992,0,0,28,297,1,12,1
04-08 10:01:50,6.758,10.262,67.578,13.265,0,6356064,4623020,411712,4837940,29937.607,15227.602,7196.319,2490.879,127.147,405.469,4009,3617,1.100,1.610,1.720,2,0,14.016,0,0,28,297,1,12,1
