"pcp-dstat 6.2.0 CSV Output"
"Author:","PCP team <pcp@groups.io> and Dag Wieers <dag@wieers.com>",,,,"URL:","https://pcp.io/ and http://dag.wieers.com/home-made/dstat/"
"Host:","ubuntu",,,,"User:","stack"
"Cmdline:","dstat -tcmndrylpg --tcp --output /opt/stack/logs/dstat-csv.log",,,,"Date:","28 Jul 2026 12:14:21 UTC"
"system","total usage",,,,,"memory usage",,,,"net/total",,"dsk/total",,"io/total",,"system",,"load avg",,,"procs",,,"paging",,"tcp sockets",,,,
"time","total usage:usr","total usage:sys","total usage:idl","total usage:wai","total usage:stl","used","free","buf","cach","net/total:recv","net/total:send","dsk/total:read","dsk/total:writ","read","writ","int","csw","1m","5m","15m","run","blk","new","in","out","lis","act","syn","tim","clo"
28-07 12:14:21,,1239296,11444836,156828,3311128,,,,,,,1.860,1.400,0.940,2,0,,,,12,4,0,9,2
28-07 12:14:22,21.893,25.376,51.499,0.249,0,1243524,11427680,156896,3323488,215681.626,587238.691,0,871.746,0,21.893,5225,3288,1.860,1.400,0.940,3,0,133.349,0,0,12,4,0,9,2
28-07 12:14:23,24.493,24.993,47.736,0,0,1251864,11409768,157100,3332320,321530.574,42611.883,0,3379.039,0,441.874,5687,2705,1.860,1.400,0.940,2,0,125.964,0,0,12,4,0,9,2
28-07 12:14:24,29.023,25.771,44.285,0,0,1237008,11418276,157444,3337484,61904.495,34092.258,0,1265.011,0,54.043,4805,2544,1.860,1.400,0.940,2,0,144.115,0,0,12,4,0,9,2
28-07 12:14:25,27.515,25.513,45.524,0,0,1258688,11386204,157860,3345912,47257.001,27211.396,0,4.002,0,1.001,4532,2305,1.870,1.410,0.950,3,0,129.068,0,0,12,4,0,9,2
28-07 12:14:26,28.613,26.622,43.293,0.249,0,1250612,11379812,158100,3358660,61356.052,32783.937,0,1401.287,0,35.828,4529,2347,1.870,1.410,0.950,2,0,112.461,0,0,12,4,0,9,2
28-07 12:14:27,30.047,25.290,43.318,0,0,1266424,11359452,158180,3362388,57059.332,28856.177,0,580.909,0,16.025,4494,2248,1.870,1.410,0.950,4,0,112.176,0,0,12,4,0,9,2
28-07 12:14:28,33.564,32.312,32.562,0.250,0,1273736,11332668,158776,3380364,50690.138,28487.591,0,20555.390,0,428.822,6009,5016,1.870,1.410,0.950,2,0,113.217,0,0,12,4,0,9,2
28-07 12:14:29,34.402,20.940,43.376,0.249,0,1268696,11329784,159208,3386080,46488.001,23858.742,0,853.558,0,39.886,4223,2375,1.870,1.410,0.950,2,0,72.792,0,0,12,4,0,9,2
28-07 12:14:30,29.808,25.048,43.334,0.501,0,1266888,11323460,159644,3392496,71953.991,472916.515,0,1350.609,0,39.075,4794,2622,1.880,1.420,0.950,2,0,103.199,0,0,12,4,0,9,2
28-07 12:14:31,37.978,25.654,35.714,0,0,1251244,11318980,160144,3410756,48899.308,141165.741,0,1372.231,0,44.266,4703,4303,1.880,1.420,0.950,2,0,63.380,0,0,12,4,0,9,2
28-07 12:14:32,39.386,22.294,36.661,0,0,1254064,11306372,160564,3418824,45614.235,23370.904,0,1070.105,0,35.670,4898,3972,1.880,1.420,0.950,2,0,66.386,0,0,12,4,0,9,2
28-07 12:14:33,26.465,19.408,53.435,0.252,0,1355168,11219104,160824,3528940,46651.645,24002.328,0,10820.052,0,57.468,4174,3586,1.880,1.420,0.950,3,0,41.336,0,0,13,4,0,9,0
28-07 12:14:34,32.289,16.019,47.307,3.504,0,1380900,11192768,160828,3529724,61802.864,33507.046,929.110,16.019,12.014,4.005,3562,2060,1.880,1.420,0.950,3,0,49.059,0,0,13,4,0,9,0
28-07 12:14:35,38.546,13.266,47.307,0,0,1411224,11162432,160828,3529732,66344.276,36008.027,0,16.019,0,4.005,3557,1913,1.890,1.430,0.960,2,0,53.063,0,0,13,4,0,9,0
28-07 12:14:36,25.566,17.375,55.103,0,0,1412200,11161420,160848,3529752,68063.247,36584.219,0,802.216,0,9.928,3728,2124,1.890,1.430,0.960,3,0,71.485,0,0,13,5,0,9,0
28-07 12:14:37,30.123,22.405,46.304,0.249,0,1393756,11173928,160928,3535048,47175.335,26132.397,0,1378.167,0,29.874,4827,2930,1.890,1.430,0.960,2,0,116.507,0,0,13,4,0,12,0
28-07 12:14:38,40.137,12.622,44.681,3.282,0,1425064,11140588,160996,3536696,61033.996,32114.918,654.314,3699.703,33.322,27.263,3191,1725,1.890,1.430,0.960,4,0,8.078,0,0,13,4,0,12,0
28-07 12:14:39,32.821,15.167,38.042,10.194,0,1442280,11119488,161172,3540096,40376.226,580733.593,2665.426,16147.706,123.326,74.592,7736,11792,1.890,1.430,0.960,2,0,15.913,0,0,13,4,0,12,0
28-07 12:14:40,40.300,10.513,47.809,0.751,0,1420696,11138652,161240,3541816,45236.763,23265.679,1001.234,2350.898,75.093,11.014,3040,1594,1.900,1.440,0.960,2,0,0,0,0,13,4,0,12,0
28-07 12:14:41,40.742,13.747,41.492,0.500,0,1459288,11098836,161356,3542668,16364.719,8267.342,111.978,403.919,4.999,3.999,6924,10687,1.900,1.440,0.960,2,0,5.999,0,0,13,4,0,12,0
28-07 12:14:42,35.788,15.657,45.729,0.746,0,1463512,11092844,162152,3543460,30790.753,16829.389,15.906,4879.121,0.994,313.147,4705,4281,1.900,1.440,0.960,2,0,19.882,0,0,13,6,0,12,0
28-07 12:14:43,33.204,22.219,36.699,2.996,0,1475152,11078492,167644,3541056,45824.405,23326.627,0,36225.726,0,2313.789,12477,17600,1.900,1.440,0.960,7,0,23.967,0,0,13,6,0,12,0
28-07 12:14:44,35.770,18.010,35.019,5.753,0,1445784,11099056,172984,3544488,33885.474,18244.947,0,38829.169,0,2931.598,13694,18539,1.900,1.440,0.960,6,0,37.020,0,0,13,6,0,12,0
28-07 12:14:45,43.651,11.038,39.135,3.512,0,1459740,11081440,175944,3545128,42669.146,26183.294,0,18295.091,0,1367.717,8245,11297,1.910,1.450,0.970,2,0,46.159,0,0,13,6,0,12,0
28-07 12:14:46,23.466,23.466,52.232,0,0,1342012,11199124,175996,3545136,46606.689,25393.111,0,649.993,0,30.279,4073,2342,1.910,1.450,0.970,1,0,126.163,0,0,13,4,0,12,0
28-07 12:14:47,20.890,6.963,70.629,0.497,0,1368760,11171908,176452,3545136,60921.410,31589.285,0,6060.209,0,282.518,2399,2378,1.910,1.450,0.970,1,0,0,0,0,13,4,0,12,0
28-07 12:14:48,21.265,5.934,71.708,0,0,1404760,11135872,176484,3545136,30317.026,15394.901,0,229.465,0,11.869,2133,1705,1.910,1.450,0.970,1,0,1.978,0,0,13,4,0,12,0
28-07 12:14:49,22.736,5.305,71.492,0,0,1417816,11122768,176492,3545140,30823.975,15728.271,0,36.378,0,5.052,2109,1583,1.910,1.450,0.970,1,0,3.031,0,0,13,4,0,12,0
28-07 12:14:50,22.987,3.998,72.208,0,0,1381620,11158944,176496,3545156,45654.260,24906.412,0,0,0,0,1981,1223,1.840,1.440,0.970,1,0,9.994,0,0,13,4,0,12,0
28-07 12:14:51,21.311,7.521,70.953,0,0,1381704,11158860,176496,3545156,57080.973,592653.100,0,64.183,0,3.009,2400,1806,1.840,1.440,0.970,1,0,3.009,0,0,13,4,0,11,0
28-07 12:14:52,21.223,5.493,72.158,0,0,1400856,11139708,176496,3545156,46276.303,22927.918,0,3.995,0,0.999,1906,1334,1.840,1.440,0.970,1,0,0,0,0,13,4,0,11,0
28-07 12:14:53,22.754,3.501,72.762,0,0,1417236,11123328,176496,3545156,30898.059,15567.549,0,4.001,0,1.000,1818,1273,1.840,1.440,0.970,2,0,0,0,0,13,4,0,11,0
28-07 12:14:54,22.503,6.251,70.759,0,0,1369964,11170576,176508,3545168,45601.040,24498.245,0,9105.206,0,53.007,2210,1438,1.840,1.440,0.970,2,0,12.002,0,0,13,4,0,11,0
28-07 12:14:55,6.243,22.473,69.418,0.250,0,1366940,11173520,176576,3545176,46855.477,26711.348,0,691.181,0,33.960,4250,3048,1.770,1.430,0.970,1,0,135.839,0,0,13,4,0,7,0
28-07 12:14:56,7.251,23.254,68.263,0,0,1364860,11175592,176584,3545180,61444.595,33905.398,0,48.009,0,4.001,4116,2600,1.770,1.430,0.970,1,0,130.025,0,0,13,4,0,7,0
28-07 12:14:57,6.972,23.156,66.979,0,0,1348720,11191596,176584,3545316,46256.025,24051.779,0,15.936,0,3.984,3976,2432,1.770,1.430,0.970,1,0,119.517,0,0,13,4,0,7,0
28-07 12:14:58,7.748,23.494,67.483,0,0,1341272,11199032,176584,3545324,61065.883,32824.874,0,19.995,0,4.999,4159,2642,1.770,1.430,0.970,2,0,125.969,0,0,13,4,0,7,0
28-07 12:14:59,7.061,25.722,66.574,0,0,1335044,11205252,176584,3545332,62337.866,33673.543,0,3784.655,0,14.122,4402,2817,1.770,1.430,0.970,3,0,143.236,0,0,13,4,0,7,0
28-07 12:15:00,15.192,31.380,50.059,0.996,0,1328088,11212212,176584,3545796,45475.227,24015.232,0,53639.031,0,666.453,5765,4726,1.710,1.420,0.970,2,0,80.692,0,0,13,4,0,7,0
28-07 12:15:01,19.005,22.256,56.765,0,0,1318932,11221340,176592,3545796,61436.726,590059.646,0,920.251,0,3.001,5401,5900,1.710,1.420,0.970,1,0,63.017,0,0,13,4,0,7,0
28-07 12:15:02,29.506,24.051,43.391,1.240,0,1350016,11188284,176596,3547740,45608.177,23908.464,1872.529,15.869,23.803,2.975,4757,3064,1.710,1.420,0.970,3,0,69.426,0,0,13,4,0,7,0
28-07 12:15:03,45.824,20.394,32.479,1.259,0,1423720,11113456,176596,3548868,61437.087,33986.131,1107.827,4.028,14.100,1.007,4144,2147,1.710,1.420,0.970,2,0,66.470,0,0,13,5,0,7,0
28-07 12:15:04,44.489,5.781,47.757,1.759,0,1464988,11072112,176612,3548928,44447.268,22887.206,20.108,0,4.022,0,2747,1308,1.710,1.420,0.970,2,0,0,0,0,13,5,0,7,0
28-07 12:15:05,49.834,3.738,45.847,0,0,1463780,11073248,176616,3548988,15086.625,7498.960,0,33181.206,0,86.710,2937,1036,1.730,1.430,0.980,2,0,0,0,0,13,5,0,7,0
28-07 12:15:06,46.162,4.767,48.420,0,0,1478888,11057120,176640,3549960,29696.497,15249.661,493.737,959.376,4.014,4.014,2833,1338,1.730,1.430,0.980,2,0,2.007,0,0,13,5,0,7,0
28-07 12:15:07,37.818,20.402,39.311,0,0,1503076,11032932,176640,3551580,14963.117,7326.802,0,0,0,0,3327,4618,1.730,1.430,0.980,9,0,33.837,0,0,13,5,0,7,0
28-07 12:15:08,52.502,12.811,34.164,0,0,1504880,11028900,176708,3552100,15660.022,7397.439,0,393.887,0,27.130,4475,15861,1.730,1.430,0.980,2,0,2.010,0,0,13,5,0,4,0
28-07 12:15:09,31.423,15.340,49.733,0,0,1513264,11019860,176732,3552660,426.562,624.502,0,67.300,0,4.949,3889,2834,1.730,1.430,0.980,1,0,80.166,0,0,13,6,0,5,0
28-07 12:15:10,22.832,15.305,57.707,1.505,0,1536632,10995708,176864,3553276,46529.144,25571.860,726.610,453.630,15.054,6.022,3328,2067,1.750,1.440,0.980,2,0,60.216,0,0,14,10,0,5,0
28-07 12:15:11,28.116,8.033,62.759,0,0,1572392,10959924,176876,3553280,46560.500,25176.088,0,6836.264,0,850.516,3280,1636,1.750,1.440,0.980,2,0,2.008,0,0,14,12,0,5,0
28-07 12:15:12,22.456,5.240,70.613,0,0,1609432,10922880,176876,3553284,45033.613,23716.978,0,0,0,0,2045,1461,1.750,1.440,0.980,2,0,1.996,0,0,14,12,0,5,0
28-07 12:15:13,23.729,3.497,71.188,0,0,1616992,10915320,176876,3553284,30543.495,16224.920,0,0,0,0,1857,1374,1.750,1.440,0.980,2,0,0,0,0,14,12,0,5,0
28-07 12:15:14,24.619,2.763,71.847,0,0,1627632,10904484,176876,3553480,15889.656,8268.891,0,4.019,0,1.005,1732,1021,1.750,1.440,0.980,2,0,0,0,0,14,12,0,5,0
28-07 12:15:15,28.496,5.947,60.213,1.735,0,1645444,10885540,177676,3553764,75742.930,599508.790,206.163,6050.078,14.867,377.634,5249,6232,2.010,1.500,1,4,0,4.956,0,0,14,18,0,5,0
28-07 12:15:16,27.874,7.785,63.533,0,0,1532488,10998444,177852,3553640,45216.329,24632.679,0,1683.496,0,96.429,3456,2961,2.010,1.500,1,1,0,18.081,0,0,14,18,0,7,0
28-07 12:15:17,15.002,9.251,71.261,2.500,0,1564952,10965724,177892,3553848,44561.838,22943.521,96.015,352.054,13.002,15.002,2186,1715,2.010,1.500,1,1,0,24.004,0,0,14,18,0,7,0
28-07 12:15:18,20.994,5.248,71.729,1.250,0,1592744,10937500,178060,3554044,29925.251,14653.716,363.894,2487.273,12.996,96.972,2113,1640,2.010,1.500,1,1,0,1.999,0,0,14,18,0,7,0
28-07 12:15:19,23.471,3.496,71.162,0,0,1610920,10918864,178092,3554416,29794.088,14639.863,0,467.421,0,11.985,2022,1496,2.010,1.500,1,1,0,0.999,0,0,14,19,0,7,0
28-07 12:15:20,15.766,4.004,71.571,6.506,0,1612740,10916848,178100,3554580,15050.997,7921.894,168.168,8.008,42.042,1.001,2027,1799,1.930,1.490,1,0,1,0,0,0,14,18,0,7,0
28-07 12:15:21,16.512,5.504,71.300,5.004,0,1615244,10913852,178136,3554828,15165.646,7839.503,276.194,12.008,68.048,2.001,2595,2573,1.930,1.490,1,1,0,2.001,0,0,14,25,0,7,0
28-07 12:15:22,17.996,9.498,70.483,0,0,1538800,10990284,178136,3554840,14912.374,7360.211,0,0,0,0,2546,1701,1.930,1.490,1,1,0,42.990,0,0,14,24,0,7,0
28-07 12:15:23,20.386,6.544,72.737,0,0,1579332,10949712,178148,3554840,15788.707,8204.933,0,1522.191,0,7.047,1824,1362,1.930,1.490,1,1,0,0,0,0,14,24,0,7,0
28-07 12:15:24,22.102,4.967,71.770,0,0,1611292,10917748,178148,3554844,44093.162,22612.795,0,0,0,0,2047,1495,1.930,1.490,1,1,0,1.987,0,0,14,24,0,7,0
28-07 12:15:25,21.489,5.747,70.714,0,0,1611264,10917748,178172,3554848,29875.624,15460.043,0,87.955,0,8.995,2745,2693,1.860,1.480,1,1,0,0,0,0,14,25,0,7,0
28-07 12:15:26,15.749,11.999,69.995,0,0,1590940,10937908,178188,3554992,15214.932,7647.463,0,175.988,0,9.999,3164,2158,1.860,1.480,1,2,0,72.995,0,0,14,24,0,7,0
28-07 12:15:27,29.325,23.112,45.976,0,0,1626700,10902128,178204,3554996,59969.127,31104.896,0,159.053,0,10.935,3786,2145,1.860,1.480,1,2,0,84.497,0,0,14,24,0,7,0
28-07 12:15:28,42.764,9.056,47.795,0,0,1673800,10855004,178228,3554996,30017.343,14749.068,0,326.013,0,16.099,2887,1421,1.860,1.480,1,2,0,0,0,0,14,24,0,7,0
28-07 12:15:29,42.469,9.493,46.217,0,0,1697976,10830812,178236,3555004,34354.327,240875.004,0,23.983,0,3.997,3846,2803,1.860,1.480,1,4,0,0.999,0,0,14,24,0,8,0
28-07 12:15:30,46.187,7.781,43.426,0,0,1699708,10828584,178268,3555464,24187.798,349404.746,0,192.779,0,13.053,6448,7454,1.870,1.490,1.010,3,0,2.008,0,0,14,26,0,8,0
28-07 12:15:31,43.273,9.005,45.774,0,0,1623368,10904816,178324,3555608,15282.993,7676.015,0,4150.171,0,343.179,4682,3051,1.870,1.490,1.010,2,0,40.021,0,0,14,24,0,8,0
28-07 12:15:32,33.087,41.860,23.060,0,0,1654852,10873268,178340,3555628,20353.256,8893.270,0,2013.268,0,339.889,5442,3083,1.870,1.490,1.010,7,0,265.695,0,0,14,24,0,8,0
28-07 12:15:33,63.981,34.490,0.500,0,0,1725108,10802988,178364,3555612,58398.879,32470.480,0,371.891,0,23.993,5302,3411,1.870,1.490,1.010,7,0,244.928,0,0,14,24,0,8,0
28-07 12:15:34,78.009,20.502,0.250,0,0,1878440,10649560,178372,3555644,45085.488,23310.837,0,84.010,0,5.001,5188,3294,1.870,1.490,1.010,6,0,30.004,0,0,14,24,0,8,0
28-07 12:15:35,84.612,13.936,0.498,0,0,1956804,10571188,178372,3555652,29581.454,15009.226,0,0,0,0,6106,4718,2.280,1.590,1.040,6,0,0,0,0,14,26,0,9,0
28-07 12:15:36,83.183,13.329,1.728,0,0,2011900,10516028,178428,3555660,29158.013,15353.078,0,236.961,0,22.709,7119,8398,2.280,1.590,1.040,7,0,1.975,0,0,14,26,0,10,0
28-07 12:15:37,83.374,15.505,1.271,0,0,1970548,10557132,178484,3555848,15286.878,7784.259,0,288.758,0,24.402,6666,6564,2.280,1.590,1.040,5,0,72.189,0,0,14,25,0,10,0
28-07 12:15:38,47.745,27.851,22.132,0.249,0,1785312,10742116,178596,3555928,45375.830,24676.303,0,887.265,0,46.750,6021,5646,2.280,1.590,1.040,2,0,177.055,0,0,14,24,0,10,0
28-07 12:15:39,14.747,15.247,69.235,0,0,1730024,10797384,178612,3555932,59812.150,31515.229,0,195.958,0,10.998,3082,2181,2.280,1.590,1.040,3,0,69.985,0,0,14,24,0,10,0
28-07 12:15:40,21.241,5.498,72.468,0,0,1721896,10805456,178668,3555932,30037.790,14747.514,0,663.708,0,32.985,1941,1365,2.180,1.580,1.040,3,0,0,0,0,14,24,0,7,0
28-07 12:15:41,22.775,4.505,72.080,0,0,1723032,10804304,178676,3555940,30146.650,14888.619,0,52.058,0,5.006,2344,2025,2.180,1.580,1.040,3,0,0,0,0,14,24,0,7,0
28-07 12:15:42,24.378,3.267,71.375,0,0,1710048,10817224,178732,3555948,15625.028,7334.505,0,289.520,0,23.121,3238,3405,2.180,1.580,1.040,3,0,2.011,0,0,14,24,0,7,0
28-07 12:15:43,11.434,15.908,70.343,0,0,1633244,10894012,178748,3555948,30071.217,16136.745,0,1018.116,0,9.943,2883,2040,2.180,1.580,1.040,3,0,67.609,0,0,14,24,0,7,0
28-07 12:15:44,23.008,5.002,71.274,0,0,1647536,10879696,178772,3555948,39127.123,442740.495,0,332.111,0,16.005,2213,1730,2.180,1.580,1.040,2,0,0,0,0,14,24,0,7,0
28-07 12:15:45,22.506,5.251,71.020,0,0,1663708,10863512,178780,3555952,33370.492,142456.521,0,32.009,0,4.001,2527,2073,2.080,1.570,1.040,2,0,3.001,0,0,14,24,0,7,0
28-07 12:15:46,23.993,3.749,70.730,0,0,1660208,10866932,178852,3555960,30057.552,14735.858,0,559.843,0,29.992,3383,3494,2.080,1.570,1.040,2,0,0,0,0,14,24,0,7,0
28-07 12:15:47,8.750,20.500,68.749,0,0,1569888,10957220,178868,3555976,15709.842,9201.907,0,171.998,0,8.000,3894,2253,2.080,1.570,1.040,2,0,130.999,0,0,14,24,0,7,0
28-07 12:15:48,6.370,27.195,64.434,0,0,1564964,10962096,178924,3555968,59684.118,32492.432,0,2810.601,0,413.554,5537,2842,2.080,1.570,1.040,1,0,177.378,0,0,14,24,0,7,0
28-07 12:15:49,6.599,26.650,64.722,0,0,1564516,10962472,178956,3556004,46638.690,25306.195,0,198.990,0,12.183,4740,2929,2.080,1.570,1.040,1,0,186.807,0,0,14,24,0,7,0
28-07 12:15:50,16.191,41.489,41.236,0,0,1575180,10951780,178964,3556024,61486.797,33106.251,0,93.097,0,9.107,5194,3079,2.160,1.590,1.050,3,0,258.042,0,0,14,24,0,7,0
28-07 12:15:51,53.412,41.182,4.992,0,0,1658472,10868480,178964,3556032,60715.423,32894.052,0,243.600,0,7.987,5206,3135,2.160,1.590,1.050,6,0,267.561,0,0,14,24,0,7,0
28-07 12:15:52,80.245,19.749,0,0,0,1814196,10712744,178964,3556044,45342.190,23214.561,0,8.000,0,2.000,4938,2288,2.160,1.590,1.050,5,0,23.999,0,0,14,24,0,7,0
28-07 12:15:53,81.867,14.976,1.498,0,0,1907632,10619292,178964,3556056,29995.180,15059.489,0,283.539,0,0.998,5706,4153,2.160,1.590,1.050,7,0,0,0,0,14,25,0,7,0
28-07 12:15:54,76.446,12.700,8.964,0,0,1942712,10584012,178968,3556248,29594.500,14928.728,0,51.794,0,2.988,6920,9795,2.160,1.590,1.050,4,0,1.992,0,0,14,29,0,7,0
28-07 12:15:55,80.303,12.008,6.254,0,0,1921956,10604676,179100,3556204,15372.203,7300.846,0,588.391,0,49.033,7090,8853,2.380,1.650,1.070,6,0,22.015,0,0,14,26,0,7,0
28-07 12:15:56,73.081,25.114,1.256,0,0,1701384,10825044,179188,3556316,15387.746,7610.495,0,393.785,0,37.168,5740,4884,2.380,1.650,1.070,6,0,95.433,0,0,14,24,0,7,0
28-07 12:15:57,70.447,29.081,0.251,0,0,1798428,10727972,179204,3556324,39988.736,449524.057,0,252.706,0,14.039,5516,3606,2.380,1.650,1.070,6,0,196.549,0,0,14,24,0,7,0
28-07 12:15:58,81.268,18.254,0.250,0,0,1906988,10619388,179260,3556292,47320.562,145056.377,0,712.159,0,35.008,5462,3726,2.380,1.650,1.070,7,0,0,0,0,14,24,0,7,0
28-07 12:15:59,82.446,15.194,0.996,0,0,1986612,10539544,179292,3556480,29882.786,14538.379,0,127.530,0,11.956,6557,5630,2.380,1.650,1.070,7,0,0.996,0,0,14,26,0,7,0
28-07 12:16:00,76.399,12.692,9.208,0,0,2042480,10483600,179292,3556552,15367.298,7620.937,0,0,0,0,7311,8229,2.430,1.670,1.080,3,0,1.991,0,0,14,29,0,9,0
28-07 12:16:01,76.478,17.381,3.973,0,0,1945076,10580860,179292,3556696,15761.416,7751.093,0,210.563,0,32.776,6322,8913,2.430,1.670,1.080,5,0,62.573,0,0,14,26,0,10,0
28-07 12:16:02,63.348,24.635,10.809,0,0,1787696,10738120,179340,3556768,61447.833,33389.572,0,341.880,0,22.122,6447,6939,2.430,1.670,1.080,2,0,182.001,0,0,14,25,0,12,0
28-07 12:16:03,37.040,16.017,45.049,0,0,1679632,10846128,179388,3556772,44783.651,23241.248,0,256.278,0,20.022,4282,3294,2.430,1.670,1.080,2,0,51.055,0,0,14,24,0,12,0
28-07 12:16:04,38.967,11.816,48.269,0,0,1679476,10846268,179404,3556772,29637.358,15066.059,0,132.741,0,8.045,2880,1478,2.430,1.670,1.080,2,0,5.028,0,0,14,24,0,12,0
28-07 12:16:05,43.600,7.680,46.573,0.248,0,1719164,10806480,179484,3556788,29446.980,15166.924,0,558.875,0,37.655,3574,2604,2.400,1.680,1.090,2,0,0,0,0,14,26,0,12,0
28-07 12:16:06,42.621,9.527,45.880,0,0,1681036,10844532,179548,3556800,15365.488,7531.315,0,312.886,0,26.074,4810,4422,2.400,1.680,1.090,3,0,15.043,0,0,14,25,0,12,0
28-07 12:16:07,31.070,35.580,30.569,0,0,1678480,10847036,179564,3556828,45548.159,24356.629,0,272.611,0,15.034,5983,5052,2.400,1.680,1.090,3,0,188.423,0,0,14,25,0,12,0
28-07 12:16:08,58.079,38.468,2.514,0,0,1674564,10850936,179580,3556972,45413.037,25224.772,0,193.093,0,10.057,5683,12642,2.400,1.680,1.090,4,0,169.962,0,0,14,24,0,13,0
28-07 12:16:09,66.456,15.990,16.489,0,0,1739248,10785960,179836,3556852,45047.449,22833.021,0,2538.335,0,142.906,4995,3122,2.400,1.680,1.090,3,0,46.969,0,0,14,26,0,11,0
28-07 12:16:10,62.433,10.901,24.032,0,0,1789724,10735332,179836,3557004,29609.220,14722.357,0,7.928,0,0.991,5176,4328,2.450,1.700,1.100,4,0,0,0,0,14,27,0,12,0
28-07 12:16:11,61.200,9.702,26.371,0,0,1790084,10734884,179892,3557032,43143.510,573285.750,0,254.751,0,22.888,6865,7047,2.450,1.700,1.100,3,0,1.990,0,0,14,30,0,12,0
28-07 12:16:12,54.908,20.402,22.669,0,0,1740840,10784024,180004,3557020,15341.098,7580.378,0,483.597,0,45.337,6431,5788,2.450,1.700,1.100,4,0,89.667,0,0,14,28,0,12,0
28-07 12:16:13,59.860,37.224,2.767,0,0,1718284,10806484,180028,3557056,45543.081,25773.104,0,229.380,0,12.073,5135,2987,2.450,1.700,1.100,4,0,172.035,0,0,14,28,0,12,0
28-07 12:16:14,84.429,15.192,0.498,0,0,1825352,10699384,180028,3557084,29641.182,14931.170,0,0,0,0,4973,2632,2.450,1.700,1.100,4,0,0,0,0,14,29,0,12,0
28-07 12:16:15,81.486,12.248,4.249,0,0,1871100,10653600,180028,3557120,29867.726,14721.400,0,11.998,0,2.000,5556,5850,2.570,1.740,1.110,4,0,2.000,0,0,14,28,0,15,0
28-07 12:16:16,64.820,14.709,18.698,0,0,1857328,10667212,180028,3557280,25622.839,11647.652,0,7.978,0,1.994,6265,6707,2.570,1.740,1.110,4,0,49.862,0,0,14,31,0,15,0
28-07 12:16:17,60.144,13.783,24.308,0.251,0,1813084,10711356,180116,3557288,49208.991,27608.198,0,505.211,0,35.084,6919,6410,2.570,1.740,1.110,4,0,51.123,0,0,14,28,0,14,0
28-07 12:16:18,45.793,38.036,15.264,0,0,1690692,10833684,180132,3557328,46249.453,24783.285,0,208.196,0,12.011,4519,2780,2.570,1.740,1.110,3,0,225.212,0,0,14,28,0,14,0
28-07 12:16:19,63.901,12.730,22.715,0,0,1739944,10784416,180148,3557328,44543.895,22608.925,0,5571.357,0,715.889,5028,1642,2.570,1.740,1.110,3,0,0.998,0,0,14,28,0,14,0
28-07 12:16:20,64.293,11.050,23.105,0,0,1794060,10730288,180188,3557300,15104.952,7395.761,0,562.568,0,25.115,4930,3512,2.610,1.760,1.120,3,0,0,0,0,14,28,0,15,0
28-07 12:16:21,52.254,8.211,37.076,0,0,1793976,10730288,180204,3557368,29751.100,15351.810,0,67.682,0,8.958,6351,6498,2.610,1.760,1.120,2,0,1.991,0,0,14,31,0,15,0
28-07 12:16:22,57.384,15.469,24.700,0,0,1788392,10735580,180308,3557552,15658.415,8876.096,0,562.865,0,47.903,7056,6984,2.610,1.760,1.120,5,0,65.867,0,0,14,29,0,15,0
28-07 12:16:23,48.373,35.776,15.872,0,0,1698524,10825432,180332,3557544,60404.462,32403.695,0,266.050,0,14.109,4835,3178,2.610,1.760,1.120,4,0,234.809,0,0,14,28,0,15,0
28-07 12:16:24,63.539,12.758,23.264,0,0,1798492,10725436,180348,3557556,54231.281,453782.481,0,724.445,0,8.005,4150,2130,2.610,1.760,1.120,3,0,3.002,0,0,14,28,0,15,0
28-07 12:16:25,63.310,10.924,24.083,0,0,1828580,10695264,180412,3557576,18801.446,134261.713,0,758.732,0,37.738,4764,3314,2.640,1.780,1.130,3,0,0,0,0,14,29,0,16,0
28-07 12:16:26,65.442,8.958,22.892,0,0,1828504,10695264,180460,3557604,29853.619,14832.254,0,230.914,0,19.906,6443,5985,2.640,1.780,1.130,3,0,0,0,0,14,30,0,16,0
28-07 12:16:27,48.489,30.743,18.496,0,0,1747076,10776504,180476,3557764,15499.487,8726.022,0,175.960,0,11.997,5731,4626,2.640,1.780,1.130,4,0,162.963,0,0,14,29,0,16,0
28-07 12:16:28,67.394,30.403,2.534,0,0,1704804,10818760,180492,3557764,45608.052,24878.040,0,154.044,0,7.094,5323,3839,2.640,1.780,1.130,5,0,102.358,0,0,14,28,0,16,0
28-07 12:16:29,62.568,13.354,22.257,0,0,1813204,10710324,180508,3557784,44133.661,22631.176,0,154.317,0,7.914,3955,2060,2.640,1.780,1.130,3,0,25.719,0,0,14,28,0,16,0
28-07 12:16:30,62.975,10.496,24.990,0,0,1819032,10704452,180524,3557812,30044.897,14748.059,0,179.928,0,7.997,5676,5083,2.590,1.780,1.140,2,0,1.999,0,0,14,31,0,15,0
28-07 12:16:31,55.199,6.994,34.968,0,0,1816336,10707020,180604,3557840,30010.235,14726.376,0,267.752,0,31.970,6821,7442,2.590,1.780,1.140,5,0,0,0,0,14,29,0,15,0
28-07 12:16:32,48.311,27.285,22.779,0,0,1639348,10883984,180620,3557848,30365.563,16256.645,0,316.402,0,36.046,4602,2431,2.590,1.780,1.140,4,0,112.142,0,0,14,28,0,15,0
28-07 12:16:33,63.322,13.015,22.776,0,0,1737360,10785956,180636,3557848,44203.405,22537.700,0,116.132,0,8.009,3921,1673,2.590,1.780,1.140,3,0,2.002,0,0,14,28,0,15,0
28-07 12:16:34,64.949,12.288,22.067,0,0,1797004,10726256,180676,3557864,15229.581,7450.789,0,489.497,0,25.077,5317,4027,2.590,1.780,1.140,3,0,0,0,0,14,29,0,15,0
28-07 12:16:35,54.321,7.937,34.726,0.248,0,1797036,10726004,180724,3558032,29484.304,14864.685,0,166.684,0,19.843,6527,6971,2.620,1.800,1.150,5,0,0,0,0,14,30,0,15,0
28-07 12:16:36,50.575,22.784,24.536,0,0,1747096,10775888,180772,3558040,30979.971,16178.006,0,280.416,0,23.034,5941,4863,2.620,1.800,1.150,3,0,125.186,0,0,14,28,0,15,0
28-07 12:16:37,44.279,44.026,11.892,0,0,1709288,10813672,180788,3558048,46219.581,24877.424,0,218.614,0,17.206,5162,3114,2.620,1.800,1.150,5,0,258.086,0,0,14,28,0,15,0
28-07 12:16:38,67.308,30.798,0,0,0,1770212,10752696,180836,3558044,70326.553,586344.706,0,576.219,0,31.791,5616,3658,2.620,1.800,1.150,7,0,186.774,0,0,14,28,0,13,0
28-07 12:16:39,72.434,26.476,0,0,0,1904336,10618380,180844,3558100,46262.054,25638.753,0,79.928,0,4.995,5334,3814,2.620,1.800,1.150,7,0,164.851,0,0,14,30,0,13,0
28-07 12:16:40,74.460,24.319,0.251,0,0,1978644,10544056,180844,3558112,61054.230,35076.950,0,3449.731,0,552.559,6236,4748,2.970,1.890,1.180,7,0,148.419,0,0,14,28,0,14,0
28-07 12:16:41,71.909,24.882,1.991,0,0,2019228,10503232,180876,3558312,61297.422,34912.499,0,163.226,0,11.943,7166,9070,2.970,1.890,1.180,7,0,162.231,0,0,14,29,0,13,0
28-07 12:16:42,74.441,22.307,2.256,0,0,1982616,10539764,180908,3558356,46204.472,26433.778,0,144.370,0,14.036,6214,7085,2.970,1.890,1.180,10,0,153.393,0,0,14,30,0,13,0
28-07 12:16:43,62.555,35.281,1.501,0,0,1734944,10787324,181004,3558384,61368.715,36604.039,0,536.470,0,38.033,6687,7250,2.970,1.890,1.180,8,0,292.256,0,0,14,29,0,13,0
28-07 12:16:44,68.034,31.130,0,0,0,1790556,10731660,181052,3558400,61082.884,37014.452,0,329.374,0,21.088,5812,4568,2.970,1.890,1.180,7,0,204.855,0,0,14,28,0,13,0
28-07 12:16:45,72.530,26.261,0,0,0,1887300,10634900,181068,3558408,45804.016,26306.922,0,168.070,0,8.003,5161,3285,3.210,1.960,1.210,8,0,173.072,0,0,14,28,0,13,0
28-07 12:16:46,81.149,14.465,1.471,0,0,1957412,10564620,181108,3558532,50670.112,26473.589,0,427.563,0,22.555,5750,4372,3.210,1.960,1.210,8,0,2.942,0,0,14,29,0,13,0
28-07 12:16:47,68.716,11.286,18.308,0,0,1968848,10553084,181116,3558624,34554.809,554014.522,0,36.114,0,3.009,6949,8330,3.210,1.960,1.210,7,0,0,0,0,14,32,0,14,0
28-07 12:16:48,67.357,10.305,20.609,0,0,1970324,10551572,181116,3558660,29912.644,14736.154,0,48.256,0,2.011,6890,7743,3.210,1.960,1.210,3,0,2.011,0,0,14,32,0,13,0
28-07 12:16:49,74.961,15.396,8.077,0,0,1858880,10662812,181116,3558864,35477.539,18047.195,0,4.038,0,1.010,6008,6762,3.210,1.960,1.210,4,0,62.594,0,0,14,29,0,13,0
28-07 12:16:50,26.168,37.134,34.642,0,0,1702636,10819064,181116,3558872,56628.930,30510.598,0,11.963,0,2.991,5576,4132,3.120,1.960,1.210,4,0,282.118,0,0,14,28,0,13,0
28-07 12:16:51,5.972,27.619,63.947,0,0,1682192,10839508,181116,3558872,60587.500,33827.482,0,23.887,0,3.981,4660,2583,3.120,1.960,1.210,1,0,179.150,0,0,14,28,0,13,0
28-07 12:16:52,5.759,25.288,66.601,0,0,1666092,10855604,181124,3558864,60842.116,31740.055,0,124.188,0,2.003,4413,2498,3.120,1.960,1.210,3,0,158.240,0,0,14,28,0,13,0
28-07 12:16:53,9.751,34.254,54.257,0,0,1646388,10875224,181196,3558876,45922.721,25457.172,0,588.073,0,39.005,5245,3442,3.120,1.960,1.210,2,0,216.027,0,0,14,28,0,13,0
28-07 12:16:54,30.902,41.956,25.626,0,0,1642048,10879544,181204,3558888,61248.734,32031.275,0,76.375,0,7.035,5332,3041,3.120,1.960,1.210,3,0,233.145,0,0,14,28,0,13,0
28-07 12:16:55,52.476,44.693,3.013,0,0,1678636,10842944,181204,3558896,61138.800,31753.007,0,534.305,0,6.026,5100,3138,3.270,2.010,1.230,7,0,288.244,0,0,14,28,0,13,0
28-07 12:16:56,64.196,34.221,0.250,0,0,1753816,10767748,181204,3558908,54691.827,444448.775,0,11.990,0,2.997,5631,4155,3.270,2.010,1.230,7,0,254.785,0,0,14,28,0,13,0
28-07 12:16:57,75.443,22.409,1.245,0,0,1857480,10663964,181268,3558940,63123.137,149465.788,0,362.525,0,27.887,6555,6095,3.270,2.010,1.230,7,0,103.579,0,0,14,29,0,14,0
28-07 12:16:58,77.765,20.504,0.750,0,0,1894000,10627428,181284,3558940,29777.919,14858.953,0,184.037,0,10.002,6230,5381,3.270,2.010,1.230,5,0,67.013,0,0,14,30,0,14,0
28-07 12:16:59,86.844,11.262,0.751,0,0,1955612,10565740,181372,3558928,29803.429,15034.359,0,400.436,0,39.042,6444,6162,3.270,2.010,1.230,5,0,1.001,0,0,14,28,0,14,0
28-07 12:17:00,67.689,27.669,2.717,0,0,1865416,10655628,181436,3559164,15652.567,7209.667,0,4826.208,0,635.391,7139,7377,3.330,2.040,1.250,5,0,134.391,0,0,14,30,0,14,0
28-07 12:17:01,78.938,19.419,1.009,0,0,1846940,10674060,181452,3559192,30093.177,15002.706,0,181.582,0,9.079,5657,4509,3.330,2.040,1.250,7,0,90.791,0,0,14,29,0,14,0
28-07 12:17:02,75.454,21.308,1.504,0,0,1897524,10623448,181468,3559204,421.141,0,0,168.456,0,7.019,6012,6013,3.330,2.040,1.250,5,0,47.128,0,0,14,29,0,9,0
28-07 12:17:03,81.098,15.128,1.736,0,0,1944592,10576324,181484,3559240,15313.931,7499.729,0,341.258,0,42.657,6523,6400,3.330,2.040,1.250,4,0,1.984,0,0,14,31,0,10,0
28-07 12:17:04,73.664,12.778,11.776,0,0,1901340,10619420,181532,3559348,15679.933,7444.586,0,252.563,0,20.045,6752,8331,3.330,2.040,1.250,4,0,30.067,0,0,14,30,0,12,1
28-07 12:17:05,72.123,14.673,11.191,0,0,1917380,10603040,181548,3559668,15135.855,7258.048,0,147.230,0,7.958,6568,8448,3.380,2.080,1.260,4,0,0,0,0,14,32,0,12,0
28-07 12:17:06,75.140,11.347,11.851,0,0,1945780,10574564,181596,3559696,605.156,191.633,0,262.234,0,22.189,6437,7213,3.380,2.080,1.260,5,0,2.017,0,0,14,31,0,12,0
28-07 12:17:07,74.914,21.046,3.007,0,0,1843764,10676416,181692,3559756,15873.788,7672.815,0,497.089,0,40.088,7117,8628,3.380,2.080,1.260,6,0,97.213,0,0,14,30,0,12,0
28-07 12:17:08,75.358,21.637,0.995,0,0,1846416,10673592,181740,3560468,881.414,0,0,382.012,0,21.886,6739,9366,3.380,2.080,1.260,14,0,63.669,0,0,14,29,0,13,0
28-07 12:17:09,80.968,17.743,0.750,0,0,1861968,10657948,181772,3559848,4142.357,1859.263,0,239.905,0,14.994,6407,13738,3.380,2.080,1.260,5,0,34.986,0,0,14,29,0,14,0
28-07 12:17:10,80.990,15.045,2.507,0,0,1916280,10603544,181788,3560000,11862.160,5747.034,0,140.416,0,6.018,6208,6082,3.510,2.120,1.280,5,0,0,0,0,14,30,0,15,0
28-07 12:17:11,76.528,19.942,1.994,0,0,1956140,10563476,181820,3560168,477.615,147.572,0,207.398,0,14.957,6149,8132,3.510,2.120,1.280,6,0,70.795,0,0,14,31,0,13,0
28-07 12:17:12,76.770,14.551,7.777,0,0,2001924,10517612,181836,3560232,15670.154,7713.148,0,180.636,0,9.032,6044,9904,3.510,2.120,1.280,4,0,2.007,0,0,14,32,0,14,0
28-07 12:17:13,64.835,10.682,21.363,0,0,2014668,10504508,182012,3560412,475.950,0,0,1919.698,0,101.351,7657,8890,3.510,2.120,1.280,3,0,0,0,0,14,33,0,14,0
28-07 12:17:14,52.620,7.868,35.162,0,0,2007956,10511116,182060,3560460,1085.844,0,0,169.171,0,18.688,7268,8247,3.510,2.120,1.280,5,0,0,0,0,14,31,0,14,0
28-07 12:17:15,78.674,21.014,1.794,0,0,1843284,10675784,182060,3560480,15534.825,7712.572,0,8.201,0,2.050,5998,6419,3.790,2.200,1.310,7,0,109.682,0,0,14,30,0,13,0
28-07 12:17:16,72.299,23.435,2.742,0,0,1855644,10663224,182060,3560672,974.291,147.590,0,0,0,0,6653,8661,3.790,2.200,1.310,5,0,89.750,0,0,14,30,0,13,0
28-07 12:17:17,82.954,15.334,1.005,0,0,1862964,10655868,182124,3560636,1139.229,0,0,305.671,0,25.137,6060,5722,3.790,2.200,1.310,7,0,22.121,0,0,14,29,0,13,0
28-07 12:17:18,74.994,22.423,1.495,0,0,1872756,10645984,182148,3560700,565.071,0,0,159.456,0,10.963,6077,5750,3.790,2.200,1.310,5,0,64.779,0,0,14,29,0,13,0
28-07 12:17:19,81.249,15.750,1.750,0,0,1911868,10606700,182172,3560848,15703.880,7619.942,0,175.999,0,8.000,7010,9588,3.790,2.200,1.310,5,0,1.000,0,0,14,31,0,12,0
28-07 12:17:20,78.611,16.471,3.743,0,0,1934896,10583544,182188,3560956,359.364,0,0,119.788,0,6.988,6974,9751,3.890,2.250,1.330,5,0,33.940,0,0,14,29,0,12,0
28-07 12:17:21,77.185,18.605,3.017,0,0,1919632,10598608,182236,3561108,602.394,148.838,0,7832.122,0,985.552,8615,8482,3.890,2.250,1.330,5,0,73.414,0,0,14,29,0,12,0
28-07 12:17:22,73.571,25.104,0.746,0,0,1846668,10671492,182252,3561164,477.215,0,0,139.188,0,8.948,6308,6474,3.890,2.250,1.330,5,0,63.629,0,0,14,29,0,12,0
28-07 12:17:23,83.941,13.612,1.260,0,0,1919188,10598944,182268,3561176,3750.880,2115.416,0,149.229,0,9.075,5399,4747,3.890,2.250,1.330,5,0,0,0,0,14,28,0,11,0
28-07 12:17:24,70.633,23.952,2.200,0,0,1883136,10634884,182332,3561224,17009.694,9162.299,0,351.945,0,25.418,5800,5473,3.890,2.250,1.330,5,0,112.427,0,0,14,29,0,11,0
28-07 12:17:25,83.007,15.738,1.777,0,0,1942444,10575424,182380,3561328,364.521,0,0,215.260,0,19.292,6316,8316,3.980,2.300,1.350,6,0,6.092,0,0,14,30,0,12,0
28-07 12:17:26,75.365,19.465,3.494,0,0,1897232,10620428,182396,3561512,625.882,147.736,0,1213.831,0,10.980,7151,9688,3.980,2.300,1.350,5,0,59.893,0,0,14,30,0,12,0
28-07 12:17:27,81.329,16.870,1.511,0,0,1930032,10587416,182444,3561672,361.576,0,0,229.636,0,20.143,6285,6892,3.980,2.300,1.350,6,0,32.230,0,0,14,28,0,11,0
28-07 12:17:28,69.300,26.692,1.469,0,0,1834884,10682500,182460,3561716,805.157,0,0,184.148,0,10.775,6145,6661,3.980,2.300,1.350,5,0,125.377,0,0,14,29,0,11,0
28-07 12:17:29,79.952,17.133,1.241,0,0,1881432,10635936,182476,3561712,15153.163,7830.343,0,127.129,0,6.952,5572,4217,3.980,2.300,1.350,5,0,43.701,0,0,14,29,0,11,0
28-07 12:17:30,84.632,15.949,1.543,0,0,1921668,10595656,182492,3561740,370.424,0,0,123.475,0,7.203,6079,5304,4.060,2.340,1.370,6,0,4.116,0,0,14,28,0,12,0
28-07 12:17:31,75.883,19.839,1.488,0,0,1962896,10554308,182540,3561804,356.106,146.807,0,4154.236,0,628.889,6989,7836,4.060,2.340,1.370,5,0,40.669,0,0,14,31,0,12,0
28-07 12:17:32,76.830,20.908,2.015,0,0,1888644,10628460,182612,3561832,631.772,0,0,342.588,0,30.228,5767,6859,4.060,2.340,1.370,7,0,99.753,0,0,14,29,0,12,0
28-07 12:17:33,80.432,17.540,2.005,0,0,1925776,10591248,182660,3561856,627.417,0,0,316.715,0,25.057,6679,8298,4.060,2.340,1.370,5,0,30.068,0,0,14,28,0,12,0
28-07 12:17:34,72.320,25.349,0.497,0,0,1821296,10695612,182676,3561956,178.937,0,0,361.851,0,40.758,5983,4968,4.060,2.340,1.370,6,0,122.274,0,0,14,29,0,12,0
28-07 12:17:35,81.710,15.791,1.755,0,0,1913488,10603196,182724,3562132,622.602,0,0,248.640,0,21.054,5796,5945,4.130,2.390,1.390,6,0,0,0,0,14,29,0,12,0
28-07 12:17:36,74.826,16.793,6.421,0,0,1951904,10564440,182740,3562464,33255.193,15828.468,0,193.608,0,7.902,6539,10306,4.130,2.390,1.390,5,0,67.170,0,0,14,30,0,13,0
28-07 12:17:37,75.591,16.073,6.278,0,0,1891924,10624176,182820,3562608,44347.286,22807.003,0,333.506,0,33.150,6383,8860,4.130,2.390,1.390,4,0,43.195,0,0,14,29,0,13,0
28-07 12:17:38,69.197,28.937,1.510,0,0,1815644,10700240,182836,3562808,14892.196,7935.258,0,217.404,0,10.065,5032,3268,4.130,2.390,1.390,7,0,162.047,0,0,14,28,0,13,0
28-07 12:17:39,81.670,16.837,1.005,0,0,1870224,10645636,182852,3562812,30067.605,15228.303,0,152.786,0,11.057,4829,2362,4.130,2.390,1.390,5,0,8.041,0,0,14,29,0,13,0
28-07 12:17:40,74.191,12.324,10.845,0,0,1901804,10613660,182924,3563132,23380.136,434353.504,0,268.171,0,27.606,6901,8762,4.040,2.400,1.400,5,0,0,0,0,14,29,0,13,0
28-07 12:17:41,69.232,25.427,4.532,0,0,1791988,10723032,182964,3563532,15267.253,7695.557,0,245.710,0,18.126,6790,8627,4.040,2.400,1.400,4,0,128.897,0,0,14,30,0,13,0
28-07 12:17:42,74.593,18.022,6.007,0,0,1791876,10723032,182980,3563616,3550.418,126555.477,0,172.214,0,9.011,5480,5797,4.040,2.400,1.400,3,0,88.110,0,0,14,28,0,13,0
28-07 12:17:43,54.210,20.735,23.733,0,0,1764636,10750220,183028,3563636,44969.009,22765.298,0,223.836,0,18.986,5267,4352,4.040,2.400,1.400,5,0,70.948,0,0,14,29,0,13,0
28-07 12:17:44,63.758,11.207,23.162,0,0,1808012,10706676,183028,3563804,29732.991,14602.499,0,15.939,0,1.992,6915,6968,4.040,2.400,1.400,3,0,0,0,0,14,29,0,13,0
28-07 12:17:45,55.385,20.232,23.014,0,0,1672728,10841948,183028,3563816,29905.931,15125.443,0,4.046,0,1.012,4971,3400,3.960,2.410,1.410,3,0,79.916,0,0,14,29,0,13,0
28-07 12:17:46,60.531,14.330,22.236,0,0,1755460,10759068,183028,3563964,14881.144,7421.795,0,3.953,0,0.988,5693,5358,3.960,2.410,1.410,5,0,0,0,0,14,29,0,13,0
28-07 12:17:47,63.362,10.976,23.698,0,0,1797488,10717012,183028,3563992,15355.558,7507.650,0,0,0,0,5893,5500,3.960,2.410,1.410,3,0,0,0,0,14,29,0,13,0
28-07 12:17:48,62.514,11.613,22.979,0,0,1759752,10754576,183116,3564072,15037.872,7211.062,0,411.157,0,35.581,7179,7603,3.960,2.410,1.410,4,0,18.779,0,0,14,29,0,13,0
28-07 12:17:49,52.477,23.807,22.015,0,0,1776028,10738196,183164,3564120,15639.700,7538.266,0,249.842,0,20.479,5361,4374,3.960,2.410,1.410,3,0,75.772,0,0,14,28,0,13,0
28-07 12:17:50,56.881,19.044,23.805,0,0,1759892,10754328,183184,3564104,180.417,0,0,228.528,0,9.021,3989,1909,3.880,2.420,1.420,3,0,59.137,0,0,14,28,0,13,0
28-07 12:17:51,60.575,11.327,24.132,0,0,1783128,10730680,183280,3564420,14749.799,7621.632,0,1142.555,0,61.068,4749,3637,3.880,2.420,1.420,4,0,1.970,0,0,14,30,0,13,0
28-07 12:17:52,62.633,10.021,25.805,0,0,1801836,10711808,183296,3564564,240.513,0,0,6109.019,0,768.638,7961,7782,3.880,2.420,1.420,3,0,0,0,0,14,28,0,13,0
28-07 12:17:53,55.067,16.445,24.419,0,0,1735992,10777608,183296,3564604,14865.654,7822.035,0,3.987,0,0.997,7069,7824,3.880,2.420,1.420,4,0,42.858,0,0,14,30,0,15,0
28-07 12:17:54,60.378,16.101,22.139,0,0,1685252,10828188,183296,3564760,181.135,0,0,12.076,0,2.013,5522,4455,3.880,2.420,1.420,4,0,48.303,0,0,14,28,0,15,0
28-07 12:17:55,54.763,21.451,23.217,0,0,1722888,10790548,183296,3564764,14995.362,7692.000,0,0,0,0,4388,2358,3.810,2.430,1.430,3,0,48.454,0,0,14,28,0,15,0
28-07 12:17:56,61.295,11.616,25.210,0,0,1788988,10724300,183296,3564912,555.610,146.317,0,7.909,0,0.989,5196,5056,3.810,2.430,1.430,4,0,0,0,0,14,30,0,15,0
28-07 12:17:57,57.587,16.703,24.182,0,0,1766208,10746996,183352,3564940,298.156,0,0,1180.659,0,26.924,5618,4425,3.810,2.430,1.430,3,0,54.845,0,0,14,29,0,16,0
28-07 12:17:58,50.140,21.811,25.572,0,0,1767676,10745360,183368,3565092,14837.515,7707.566,0,116.325,0,7.020,6359,6138,3.810,2.430,1.430,4,0,92.258,0,0,14,29,0,16,0
28-07 12:17:59,52.286,22.624,23.378,0,0,1726776,10786184,183416,3565112,240.314,0,0,217.187,0,21.115,5170,3964,3.810,2.430,1.430,3,0,59.324,0,0,14,28,0,17,0
28-07 12:18:00,58.535,18.261,23.014,0,0,1804612,10708328,183432,3565112,742.448,0,0,116.070,0,7.004,4160,1949,3.750,2.440,1.440,3,0,42.025,0,0,14,30,0,16,0
28-07 12:18:01,62.779,10.961,24.165,0,0,1837624,10675140,183464,3565256,15888.154,7525.548,0,386.641,0,19.930,5439,4518,3.750,2.440,1.440,3,0,0,0,0,14,30,0,16,0
28-07 12:18:02,56.399,17.392,24.100,0,0,1741508,10771056,183496,3565424,861.645,0,0,2874.138,0,479.023,6481,6152,3.750,2.440,1.440,3,0,59.629,0,0,14,30,0,17,0
28-07 12:18:03,53.046,20.172,23.908,0,0,1704616,10807860,183552,3565452,1183.440,0,0,354.634,0,25.900,6214,5898,3.750,2.440,1.440,5,0,66.743,0,0,14,29,0,17,0
28-07 12:18:04,59.034,18.830,22.392,0.254,0,1706292,10806160,183616,3565412,714.515,0,0,370.489,0,32.570,5586,4489,3.750,2.440,1.440,4,0,44.784,0,0,14,28,0,16,0
28-07 12:18:05,59.956,15.922,22.639,0,0,1775348,10737020,183632,3565480,15406.491,7970.933,0,151.259,0,8.956,5325,4044,3.690,2.450,1.450,4,0,15.922,0,0,14,29,0,16,0
28-07 12:18:06,62.394,11.186,24.112,0,0,1802640,10709580,183648,3565608,536.937,147.160,0,111.365,0,6.960,5400,4282,3.690,2.450,1.450,3,0,14.915,0,0,14,31,0,16,0
28-07 12:18:07,56.511,17.753,24.004,0,0,1738840,10773340,183696,3565616,659.123,0,0,216.040,0,20.004,6088,5845,3.690,2.450,1.450,3,0,53.010,0,0,14,29,0,16,0
28-07 12:18:08,51.903,22.208,23.456,0,0,1791988,10720032,183712,3565760,1007.113,0,0,131.753,0,6.987,5762,5097,3.690,2.450,1.450,4,0,70.867,0,0,14,29,0,14,0
28-07 12:18:09,66.735,17.376,14.606,0,0,1839296,10672656,183744,3568576,15474.561,7675.834,0,386.814,0,53.388,6082,11965,3.690,2.450,1.450,4,0,39.286,0,0,14,30,0,14,0
28-07 12:18:10,56.915,19.471,21.717,0,0,1809412,10702484,183760,3565836,419.372,0,0,123.815,0,7.988,6542,12678,3.630,2.460,1.460,3,0,65.901,0,0,14,29,0,16,0
28-07 12:18:11,41.908,27.190,28.437,0,0,1710052,10801684,183816,3565932,537.816,147.675,3.991,231.491,0.998,23.947,6476,6348,3.630,2.460,1.460,2,0,161.644,0,0,14,29,0,16,0
28-07 12:18:12,34.788,17.519,46.051,0,0,1674496,10837072,183848,3566068,642.706,0,0,124.136,0,13.014,4360,3373,3.630,2.460,1.460,3,0,68.075,0,0,14,28,0,12,0
28-07 12:18:13,39.396,11.794,48.430,0,0,1709472,10802096,183848,3566068,767.854,0,0,0,0,0,2750,1417,3.630,2.460,1.460,2,0,3.011,0,0,14,28,0,12,0
28-07 12:18:14,42.421,8.235,48.659,0,0,1722676,10788796,183936,3566076,359.329,0,0,1177.800,0,53.899,3130,2189,3.630,2.460,1.460,4,0,0,0,0,14,30,0,12,0
28-07 12:18:15,44.519,8.003,45.019,0,0,1723340,10788040,183968,3566132,30581.736,29494.284,0,112.047,0,13.005,5499,5595,3.500,2.450,1.460,3,0,2.001,0,0,14,29,0,12,0
28-07 12:18:16,32.498,21.249,43.498,0,0,1667252,10843988,184120,3566096,44885.617,22682.796,0,1851.902,0,92.995,6195,5751,3.500,2.450,1.460,3,0,101.995,0,0,14,29,0,12,0
28-07 12:18:17,34.615,17.809,46.404,0,0,1664248,10846924,184120,3566164,25909.037,11299.523,0,4.013,0,1.003,3838,2333,3.500,2.450,1.460,4,0,64.213,0,0,14,28,0,12,0
28-07 12:18:18,40.610,10.464,47.586,0,0,1714400,10796760,184128,3566168,19125.139,10882.524,0,71.753,0,2.990,2938,1918,3.500,2.450,1.460,3,0,1.993,0,0,14,28,0,12,0
28-07 12:18:19,44.030,8.256,47.032,0,0,1741248,10769836,184128,3566244,15165.423,7301.018,0,8.006,0,1.001,4147,3671,3.500,2.450,1.460,4,0,1.001,0,0,14,29,0,12,0
28-07 12:18:20,46.009,4.751,46.009,0,0,1738328,10772648,184200,3566276,15158.912,7459.433,0,376.072,0,31.006,5206,5091,3.380,2.440,1.460,3,0,0,0,0,14,28,0,10,0
28-07 12:18:21,29.867,23.342,45.428,0,0,1700440,10810492,184248,3566272,601.360,148.583,0,4200.482,0,619.430,5337,2315,3.380,2.440,1.460,2,0,103.406,0,0,14,28,0,10,0
28-07 12:18:22,39.303,10.945,48.507,0,0,1740988,10769940,184296,3566228,15020.716,7581.999,0,632.828,0,28.855,2895,1617,3.380,2.440,1.460,2,0,0,0,0,14,29,0,10,0
28-07 12:18:23,43.551,7.509,47.556,0,0,1741256,10769476,184296,3566420,15353.127,7304.624,0,4.005,0,1.001,3935,3592,3.380,2.440,1.460,2,0,0,0,0,14,29,0,10,0
28-07 12:18:24,44.660,6.237,45.908,0,0,1741256,10769252,184352,3566584,1039.906,0,0,263.470,0,23.952,5471,5693,3.380,2.440,1.460,2,0,1.996,0,0,14,29,0,10,0
28-07 12:18:25,39.270,14.007,45.023,0,0,1629760,10880668,184416,3566596,24203.578,439848.586,0,256.133,0,24.012,4588,3696,3.270,2.430,1.460,2,0,35.018,0,0,14,28,0,10,0
28-07 12:18:26,39.804,10.765,48.316,0,0,1690220,10820200,184416,3566604,943.282,148.201,0,0,0,0,3052,1827,3.270,2.430,1.460,2,0,0,0,0,14,29,0,10,0
28-07 12:18:27,43.238,8.748,46.487,0,0,1728200,10782176,184456,3566608,19379.469,146442.207,0,463.868,0,23.993,3882,2962,3.270,2.430,1.460,2,0,2.999,0,0,14,29,0,10,0
28-07 12:18:28,44.693,6.492,45.692,0,0,1728132,10782176,184488,3566640,659.166,0,0,607.232,0,12.984,5738,6030,3.270,2.430,1.460,2,0,0,0,0,14,29,0,9,0
28-07 12:18:29,35.663,16.827,46.964,0,0,1636244,10874052,184488,3566652,885.034,0,0,8.037,0,2.009,4273,3021,3.270,2.430,1.460,2,0,58.266,0,0,14,28,0,9,0
28-07 12:18:30,39.131,11.216,47.855,0,0,1714048,10796244,184488,3566656,15110.137,7435.432,0,11.964,0,2.991,2826,1482,3.170,2.430,1.470,2,0,5.982,0,0,14,28,0,9,0
28-07 12:18:31,42.731,7.996,47.728,0,0,1757408,10752848,184512,3566668,658.700,147.933,0,251.885,0,10.995,3828,3024,3.170,2.430,1.470,2,0,0,0,0,14,29,0,9,0
28-07 12:18:32,44.738,7.498,44.988,0,0,1752156,10757896,184584,3566796,479.869,0,0,2111.425,0,380.896,6548,6561,3.170,2.430,1.470,3,0,0,0,0,14,28,0,8,0
28-07 12:18:33,22.980,31.973,42.964,0,0,1652288,10857720,184600,3566824,15528.816,7451.674,0,195.834,0,10.991,4774,2884,3.170,2.430,1.470,2,0,205.825,0,0,14,28,0,8,0
28-07 12:18:34,25.294,31.555,42.575,0,0,1654720,10855256,184648,3566808,480.843,0,0,292.513,0,23.040,4904,2983,3.170,2.430,1.470,2,0,170.298,0,0,14,28,0,8,0
28-07 12:18:35,39.460,10.920,48.146,0,0,1696572,10813352,184664,3566840,919.242,0,0,146.920,0,7.942,2815,1613,3.070,2.420,1.470,3,0,8.934,0,0,14,29,0,8,0
28-07 12:18:36,42.746,8.549,47.273,0,0,1726828,10783044,184704,3566852,1068.158,191.102,0,446.574,0,22.128,3814,3181,3.070,2.420,1.470,3,0,2.012,0,0,14,30,0,8,0
28-07 12:18:37,36.138,15.950,46.356,0,0,1688136,10821680,184752,3566860,15167.859,7273.395,0,215.331,0,18.941,4616,3652,3.070,2.420,1.470,5,0,73.771,0,0,14,29,0,7,0
28-07 12:18:38,40.931,11.300,46.456,0,0,1717080,10792700,184768,3566880,301.334,0,0,112.498,0,6.027,4580,3998,3.070,2.420,1.470,2,0,20.089,0,0,14,28,0,7,0
28-07 12:18:39,36.478,19.488,42.975,0,0,1688956,10820800,184784,3566884,598.646,0,0,159.905,0,8.995,3494,1941,3.070,2.420,1.470,3,0,54.967,0,0,14,29,0,7,0
28-07 12:18:40,42.771,9.505,47.273,0,0,1730384,10779328,184816,3566896,480.236,0,0,508.250,0,54.027,3938,3071,3.070,2.430,1.480,2,0,0,0,0,14,29,0,7,0
28-07 12:18:41,43.462,7.743,45.960,0,0,1739036,10770612,184864,3566912,658.429,147.872,0,155.865,0,19.983,5354,5329,3.070,2.430,1.480,2,0,0,0,0,14,28,0,7,0
28-07 12:18:42,41.222,11.992,45.969,0,0,1726756,10782868,184864,3566936,15025.845,7518.918,0,7.995,0,0.999,4961,4938,3.070,2.430,1.480,2,0,31.978,0,0,14,29,0,7,0
28-07 12:18:43,44.310,7.260,46.313,0.250,0,1760724,10748720,184896,3567076,1451.962,0,0,140.189,0,12.016,4420,3875,3.070,2.430,1.480,2,0,0,0,0,14,28,0,7,0
28-07 12:18:44,28.713,25.966,44.193,0.250,0,1679472,10829860,184944,3567136,299.611,0,0,271.647,0,19.974,4903,3283,3.070,2.430,1.480,2,0,150.804,0,0,14,29,0,7,0
28-07 12:18:45,26.548,29.302,41.324,0,0,1671972,10837304,184960,3567176,704.261,0,0,220.395,0,8.014,5816,5168,2.980,2.420,1.480,2,0,172.309,0,0,14,29,0,7,0
28-07 12:18:46,20.478,9.989,68.177,0,0,1662436,10846824,184960,3567192,918.013,147.841,0,0,0,0,3541,2995,2.980,2.420,1.480,3,0,50.945,0,0,14,28,0,7,0
28-07 12:18:47,16.758,11.255,71.283,0,0,1667188,10842072,184960,3567192,31246.264,49760.717,0,12.005,0,2.001,2329,1660,2.980,2.420,1.480,2,0,32.015,0,0,14,28,0,7,0
28-07 12:18:48,21.689,5.669,71.475,0,0,1698184,10811076,185000,3567152,29173.764,14515.900,0,445.612,0,21.689,1982,1420,2.980,2.420,1.480,2,0,1.972,0,0,14,28,0,7,0
28-07 12:18:49,22.587,4.822,71.061,0,0,1697232,10811940,185008,3567228,30432.482,14977.678,0,44.667,0,3.045,2835,2704,2.980,2.420,1.480,1,0,1.015,0,0,14,29,0,8,0
28-07 12:18:50,14.000,14.500,70.001,0,0,1659548,10849588,185040,3567232,29526.233,12912.102,0,100.001,0,12.000,3519,2552,2.820,2.400,1.480,2,0,91.001,0,0,14,28,0,8,0
28-07 12:18:51,18.255,8.002,72.269,0,0,1654704,10854432,185040,3567232,15224.944,9258.398,0,4.001,0,1.000,1905,1487,2.820,2.400,1.480,1,0,2.001,0,0,14,28,0,8,0
28-07 12:18:52,21.533,5.258,73.111,0,0,1683720,10825380,185064,3567240,15058.933,7469.375,0,236.360,0,12.018,2123,1716,2.820,2.400,1.480,1,0,0,0,0,14,29,0,8,0
28-07 12:18:53,21.740,4.447,71.149,0,0,1678856,10830240,185064,3567244,473.340,0,0,3.953,0,0.988,2754,2685,2.820,2.400,1.480,1,0,0,0,0,14,29,0,7,0
28-07 12:18:54,17.683,11.620,70.731,0,0,1627944,10881084,185120,3567256,15795.145,7372.146,0,246.547,0,23.240,3382,2747,2.820,2.400,1.480,1,0,67.699,0,0,14,28,0,7,0
28-07 12:18:55,16.742,10.745,71.964,0,0,1634748,10874280,185120,3567256,14967.611,7616.240,0,0,0,0,2284,1599,2.680,2.370,1.480,1,0,33.983,0,0,14,28,0,7,0
28-07 12:18:56,21.756,4.751,72.519,0,0,1671720,10837256,185168,3567256,360.093,148.038,0,460.119,0,25.006,1736,1148,2.680,2.370,1.480,1,0,0,0,0,14,28,0,7,0
28-07 12:18:57,22.007,5.002,72.023,0,0,1675700,10833272,185168,3567260,15039.760,7850.485,0,8.003,0,2.001,2613,2399,2.680,2.370,1.480,1,0,2.001,0,0,14,29,0,5,0
28-07 12:18:58,18.998,9.749,69.741,0,0,1632728,10876192,185208,3567272,1030.870,0,0,2691.661,0,461.942,4176,3040,2.680,2.370,1.480,2,0,42.995,0,0,14,28,0,5,0
28-07 12:18:59,11.499,15.248,72.493,0,0,1636940,10871980,185224,3567256,15093.464,7457.241,0,371.962,0,7.999,2561,1937,2.680,2.370,1.480,1,0,51.995,0,0,14,28,0,5,0
28-07 12:19:00,20.998,5.249,72.493,0,0,1673752,10835096,185280,3567272,419.959,0,0,415.959,0,24.998,1939,1476,2.540,2.350,1.470,1,0,2.000,0,0,14,28,0,5,0
28-07 12:19:01,22.259,5.252,72.279,0,0,1685952,10822884,185288,3567276,539.216,148.059,0,32.013,0,3.001,2099,1699,2.540,2.350,1.470,1,0,0,0,0,14,29,0,5,0
28-07 12:19:02,23.242,4.748,70.476,0,0,1681592,10827224,185288,3567296,15539.743,7293.533,0,3.999,0,1.000,4412,4999,2.540,2.350,1.470,1,0,0,0,0,14,29,0,5,0
28-07 12:19:03,19.499,7.750,70.747,0,0,1638432,10870196,185328,3567440,805.971,0,0,123.996,0,15.999,2944,2619,2.540,2.350,1.470,1,0,31.999,0,0,14,28,0,5,0
28-07 12:19:04,19.504,7.002,73.267,0,0,1675436,10833192,185328,3567440,420.095,0,0,32.007,0,1.000,1745,1248,2.540,2.350,1.470,1,0,0,0,0,14,28,0,5,0
28-07 12:19:05,22.496,4.999,71.486,0,0,1695104,10813496,185344,3567452,15091.983,7618.477,0,203.959,0,8.998,2310,1975,2.500,2.350,1.480,2,0,0,0,0,14,28,0,4,0
28-07 12:19:06,22.749,5.000,71.748,0,0,1688560,10820032,185344,3567460,419.989,147.996,0,203.995,0,35.999,3010,2935,2.500,2.350,1.480,2,0,2.000,0,0,14,29,0,4,0
28-07 12:19:07,23.501,3.000,71.252,0,0,1682364,10826212,185344,3567476,881.028,0,0,8.000,0,1.000,3307,3426,2.500,2.350,1.480,1,0,0,0,0,14,28,0,4,0
28-07 12:19:08,7.002,23.507,67.770,0,0,1627360,10881156,185352,3567532,300.089,0,0,96.028,0,4.001,4227,2451,2.500,2.350,1.480,1,0,157.046,0,0,14,28,0,4,0
28-07 12:19:09,10.480,31.189,56.141,0,0,1610896,10897600,185368,3567536,31342.118,43751.014,0,123.760,0,6.986,4768,2818,2.500,2.350,1.480,3,0,196.618,0,0,14,30,0,5,0
28-07 12:19:10,43.307,26.535,29.038,0.501,0,1652128,10856076,185444,3567692,45633.714,23206.367,172.225,568.744,6.008,25.033,4927,13758,2.460,2.340,1.480,3,0,92.121,0,0,14,28,0,7,0
28-07 12:19:11,42.277,8.756,48.281,0.250,0,1719912,10787560,185504,3568272,45003.610,23240.775,28.018,620.394,2.001,75.048,2965,1688,2.460,2.340,1.480,2,0,0,0,0,14,28,0,7,0
28-07 12:19:12,39.435,9.235,46.174,3.494,0,1764880,10739508,185692,3570908,40409.099,559507.687,1741.117,1537.455,18.969,46.922,3626,2605,2.460,2.340,1.480,5,0,4.992,0,0,14,32,0,7,0
28-07 12:19:13,37.612,17.321,35.633,4.207,0,1767860,10727704,190716,3574416,29467.203,14989.464,431.551,23426.481,16.827,2061.744,12004,16699,2.460,2.340,1.480,4,0,67.306,0,0,14,32,0,5,0
28-07 12:19:14,42.552,14.100,34.998,4.280,0,1675604,10811228,196168,3577236,15143.418,7511.280,0,29291.778,0,2663.896,12880,18021,2.460,2.340,1.480,5,0,64.457,0,0,14,32,0,5,0
28-07 12:19:15,38.350,16.934,33.868,6.475,0,1714664,10764760,202080,3578500,30181.048,15481.496,0,34596.791,0,2682.516,12910,18758,2.660,2.380,1.500,3,0,29.883,0,0,14,32,0,5,0
28-07 12:19:16,42.367,11.348,40.349,3.026,0,1763216,10713604,205072,3578028,44886.628,22228.454,0,18270.183,0,1383.983,7738,9866,2.660,2.380,1.500,2,0,10.087,0,0,14,28,0,5,0
28-07 12:19:17,41.496,10.499,47.246,0.250,0,1785632,10691096,205160,3578032,15555.549,7523.298,0,979.909,0,46.996,3058,1634,2.660,2.380,1.500,2,0,5.000,0,0,14,28,0,5,0
28-07 12:19:18,42.235,10.246,46.734,0.250,0,1782636,10693592,205632,3578044,29647.661,15108.731,0,6181.844,0,298.896,3511,2452,2.660,2.380,1.500,2,0,1.000,0,0,14,28,0,5,0
28-07 12:19:19,40.650,13.218,40.401,1.995,0,1809336,10663788,208456,3578248,23855.561,11900.846,0,10135.172,0,1192.080,9584,12462,2.660,2.380,1.500,3,0,3.990,0,0,14,30,0,5,0
28-07 12:19:20,39.101,13.449,38.603,2.740,0,1830680,10638176,212360,3578500,37242.343,18439.861,0,10145.410,0,1542.134,12534,17231,2.610,2.380,1.500,3,0,1.992,0,0,14,30,0,5,0
28-07 12:19:21,36.618,15.299,47.152,0.251,0,1748056,10720156,212936,3578552,29971.694,14787.708,0,2363.625,0,241.780,4973,4092,2.610,2.380,1.500,2,0,58.188,0,0,14,28,0,5,0
28-07 12:19:22,20.573,12.796,65.985,0,0,1738288,10729816,213024,3578572,46056.030,23632.167,0,1107.946,0,47.168,2758,1884,2.610,2.380,1.500,1,0,43.154,0,0,14,28,0,5,0
28-07 12:19:23,22.500,6.000,71.250,0.250,0,1770688,10697036,213392,3578572,44326.733,21953.868,0,4755.971,0,184.999,2414,2052,2.610,2.380,1.500,1,0,0,0,0,14,28,0,5,0
28-07 12:19:24,19.500,6.750,72.499,0,0,1779660,10688032,213424,3578572,29591.673,14657.838,0,115.999,0,12.000,1957,1431,2.610,2.380,1.500,1,0,2.000,0,0,14,28,0,5,0
28-07 12:19:25,19.986,5.746,72.450,0.999,0,1774552,10693092,213432,3578612,15486.386,7291.003,39.973,31.978,2.998,2.998,1720,1120,2.480,2.350,1.500,1,0,1.999,0,0,14,28,0,5,0
28-07 12:19:26,22.012,4.252,73.039,0,0,1748532,10719088,213432,3578636,15313.161,7610.056,0,0,0,0,1760,1153,2.480,2.350,1.500,1,0,1.001,0,0,14,28,0,5,0
28-07 12:19:27,20.503,6.251,73.011,0,0,1739572,10728048,213432,3578636,15503.338,7297.101,0,4.001,0,1.000,1823,1364,2.480,2.350,1.500,1,0,0,0,0,14,28,0,5,0
28-07 12:19:28,23.585,7.025,68.748,0.251,0,1736656,10730564,213944,3578524,60048.899,600687.704,0,6399.114,0,318.149,3315,2706,2.480,2.350,1.500,1,0,5.018,0,0,14,28,0,5,0
28-07 12:19:29,21.919,4.234,72.234,0,0,1743900,10723180,213952,3578644,29733.676,15022.765,0,31.883,0,3.985,1790,1244,2.480,2.350,1.500,1,0,0.996,0,0,14,28,0,5,0
28-07 12:19:30,21.218,5.741,72.392,0,0,1720080,10746964,213976,3578656,29548.117,15121.543,0,103.846,0,8.987,1914,1441,2.360,2.330,1.490,1,0,0.999,0,0,14,28,0,5,0
28-07 12:19:31,21.282,5.258,72.359,0,0,1749200,10717804,214016,3578656,30626.969,16104.171,0,380.571,0,22.033,1933,1476,2.360,2.330,1.490,1,0,2.003,0,0,14,28,0,5,0
28-07 12:19:32,21.495,4.999,72.982,0,0,1763136,10703856,214024,3578656,44470.095,22824.403,0,27.993,0,2.999,1819,1241,2.360,2.330,1.490,2,0,2.000,0,0,14,28,0,5,0
28-07 12:19:33,21.251,4.250,72.754,1.500,0,1773580,10693216,214040,3578824,15041.772,7620.391,152.008,4.000,6.000,1.000,1627,1163,2.360,2.330,1.490,3,0,0,0,0,14,28,0,5,0
28-07 12:19:34,20.999,5.500,72.495,0,0,1725316,10741420,214040,3578880,29736.892,15436.906,0,7.999,0,1.000,1834,1313,2.360,2.330,1.490,2,0,3.000,0,0,14,28,0,5,0
28-07 12:19:35,20.480,6.494,72.678,0,0,1715012,10751724,214040,3578880,34419.100,16172.072,0,3.996,0,0.999,1777,1277,2.250,2.310,1.490,4,0,0,0,0,14,28,0,5,0
28-07 12:19:36,21.264,5.254,72.799,0,0,1718128,10748608,214040,3578880,29903.966,17343.580,0,0,0,0,1789,1142,2.250,2.310,1.490,3,0,2.001,0,0,14,28,0,5,0
28-07 12:19:37,21.508,5.502,72.529,0,0,1739248,10727488,214048,3578872,29662.700,15312.039,0,160.063,0,2.001,1747,1181,2.250,2.310,1.490,3,0,2.001,0,0,14,28,0,5,0
28-07 12:19:38,21.992,4.248,73.223,0,0,1739900,10726828,214048,3578880,15579.237,7617.182,0,0,0,0,1601,985,2.250,2.310,1.490,2,0,0,0,0,14,28,0,5,0
28-07 12:19:39,21.508,9.504,68.277,0,0,1691440,10775216,214056,3578956,30190.858,15644.144,0,4.002,0,1.000,2077,1349,2.250,2.310,1.490,4,0,8.003,0,0,14,28,0,5,0
28-07 12:19:40,22.487,4.997,72.207,0,0,1690620,10776012,214080,3578952,44127.591,22558.500,0,547.672,0,91.945,2054,1463,2.150,2.290,1.490,6,0,1.999,0,0,14,28,0,5,0
28-07 12:19:41,19.761,6.754,72.292,0,0,1696624,10769920,214116,3578996,30358.640,15699.122,0,352.205,0,19.011,1928,1585,2.150,2.290,1.490,4,0,1.001,0,0,14,28,0,5,0
28-07 12:19:42,22.754,4.001,72.512,0,0,1728828,10737708,214124,3578996,44581.507,23091.888,0,500.084,0,7.001,1785,1185,2.150,2.290,1.490,2,0,0,0,0,14,28,0,5,0
28-07 12:19:43,20.993,7.248,71.476,0,0,1751816,10714720,214124,3578996,40851.439,456556.443,0,0,0,0,2250,1499,2.150,2.290,1.490,2,0,4.998,0,0,14,28,0,5,0
28-07 12:19:44,21.751,5.000,72.504,0,0,1708884,10757624,214124,3579020,18060.922,138345.066,0,0,0,0,1722,1068,2.150,2.290,1.490,2,0,1.000,0,0,14,28,0,5,0
28-07 12:19:45,20.506,6.002,72.771,0,0,1721332,10745172,214128,3579020,14919.223,7460.112,0,8.002,0,2.001,1759,1281,2.060,2.270,1.490,2,0,0,0,0,14,28,0,5,0
28-07 12:19:46,22.247,4.249,71.991,0,0,1743984,10722496,214132,3579040,45173.158,23834.917,0,3.999,0,1.000,1817,1209,2.060,2.270,1.490,3,0,2.000,0,0,14,28,0,5,0
28-07 12:19:47,21.502,6.501,72.006,0,0,1722364,10744072,214140,3579064,29593.640,15145.351,0,3428.306,0,172.015,2155,1338,2.060,2.270,1.490,3,0,1.000,0,0,14,28,0,5,0
28-07 12:19:48,21.869,5.652,71.752,0,0,1722364,10744072,214140,3579064,58437.213,30703.765,0,0,0,0,1894,1346,2.060,2.270,1.490,1,0,0,0,0,14,28,0,5,0
28-07 12:19:49,20.858,6.105,72.241,0,0,1733764,10732636,214140,3579100,30335.977,15341.468,0,0,0,0,1821,1164,2.060,2.270,1.490,1,0,5.087,0,0,14,28,0,5,0
28-07 12:19:50,21.740,4.498,72.467,0,0,1743864,10722528,214160,3579100,14909.267,7616.561,0,359.838,0,51.977,1762,1193,1.970,2.240,1.480,1,0,0,0,0,14,28,0,4,0
28-07 12:19:51,12.752,15.253,71.263,0,0,1695188,10771048,214200,3579212,15559.867,7769.431,0,360.066,0,20.004,3198,2209,1.970,2.240,1.480,1,0,92.017,0,0,14,28,0,4,0
28-07 12:19:52,6.244,24.477,66.937,0,0,1682544,10783640,214208,3579240,45980.410,27000.403,0,347.670,0,7.992,4363,2751,1.970,2.240,1.480,1,0,167.841,0,0,14,28,0,4,0
28-07 12:19:53,6.509,25.284,67.091,0,0,1667796,10798380,214208,3579244,60717.430,32438.038,0,256.348,0,4.005,4345,2746,1.970,2.240,1.480,1,0,162.220,0,0,14,28,0,4,0
28-07 12:19:54,6.001,25.506,66.515,0,0,1665124,10801044,214208,3579252,60589.272,32329.082,0,352.077,0,4.001,4598,2787,1.970,2.240,1.480,1,0,171.037,0,0,14,28,0,4,0
28-07 12:19:55,6.978,21.929,68.031,0,0,1651916,10814232,214212,3579264,60801.124,468095.990,0,494.407,0,90.708,4330,2717,1.900,2.220,1.480,4,0,113.634,0,0,14,28,0,4,0
28-07 12:19:56,6.021,24.587,67.989,0,0,1647652,10818492,214212,3579268,56994.637,153935.896,0,176.622,0,2.007,4229,2632,1.900,2.220,1.480,1,0,153.541,0,0,14,28,0,4,0
28-07 12:19:57,6.245,25.481,66.450,0,0,1641104,10825028,214220,3579268,61806.312,33592.624,0,255.807,0,4.996,4294,2663,1.900,2.220,1.480,2,0,159.879,0,0,14,28,0,4,0
28-07 12:19:58,5.995,24.229,67.442,0.250,0,1636300,10829820,214224,3579276,60463.637,32100.200,7.993,7.993,1.998,1.998,4267,2763,1.900,2.220,1.480,3,0,146.873,0,0,14,28,0,4,0
28-07 12:19:59,5.504,24.519,67.301,0,0,1630904,10835212,214224,3579280,60921.503,33213.353,0,4.003,0,1.001,4286,2761,1.900,2.220,1.480,1,0,153.117,0,0,14,28,0,4,0
28-07 12:20:00,14.222,13.473,70.610,0,0,1631044,10835068,214248,3579256,46318.489,24473.648,0,139.724,0,8.982,2853,2110,1.820,2.200,1.480,1,0,56.888,0,0,14,28,0,4,0
28-07 12:20:01,20.786,6.511,72.377,0,0,1663608,10802436,214296,3579276,45059.799,23999.970,0,408.715,0,25.044,2163,1749,1.820,2.200,1.480,1,0,2.004,0,0,14,28,0,4,0
28-07 12:20:02,21.494,4.749,71.982,0,0,1687036,10779000,214304,3579276,44082.677,22854.130,0,39.990,0,3.999,1827,1245,1.820,2.200,1.480,1,0,1.999,0,0,14,28,0,4,0
28-07 12:20:03,22.523,4.505,73.073,0,0,1710724,10755312,214304,3579276,15383.437,7627.654,0,20.020,0,2.002,1834,1346,1.820,2.200,1.480,1,0,0,0,0,14,28,0,3,0
28-07 12:20:04,20.863,6.284,72.896,0,0,1669856,10796184,214304,3579272,30163.744,14900.889,0,8.044,0,2.011,1900,1355,1.820,2.200,1.480,1,0,3.016,0,0,14,28,0,3,0
28-07 12:20:05,20.630,5.965,72.577,0,0,1689008,10777032,214304,3579272,30004.070,15422.086,0,3.977,0,0.994,1843,1378,1.760,2.180,1.470,2,0,0,0,0,14,28,0,3,0
28-07 12:20:06,22.503,6.501,69.510,0,0,1720324,10745700,214312,3579280,42636.248,579970.995,0,64.009,0,3.000,2520,1715,1.760,2.180,1.470,2,0,7.001,0,0,14,28,0,3,0
28-07 12:20:07,21.994,4.749,72.230,0,0,1736956,10729068,214312,3579280,29702.867,14719.970,0,95.974,0,1.999,1863,1282,1.760,2.180,1.470,3,0,1.999,0,0,14,28,0,3,0
28-07 12:20:08,20.769,5.755,73.066,0,0,1679012,10786992,214312,3579300,15109.706,7302.624,0,0,0,0,1799,1271,1.760,2.180,1.470,2,0,1.001,0,0,14,28,0,3,0
28-07 12:20:09,20.488,5.996,72.457,0,0,1712396,10753616,214312,3579292,30345.121,15466.887,0,7.995,0,1.999,1880,1362,1.760,2.180,1.470,3,0,0.999,0,0,14,28,0,3,0
28-07 12:20:10,27.746,10.248,60.991,0,0,1748200,10717616,214336,3581748,44369.302,22046.672,0,143.978,0,9.998,2810,5496,1.780,2.180,1.480,4,0,37.994,0,0,14,28,0,3,0
28-07 12:20:11,28.261,8.003,62.774,0,0,1749012,10716928,214360,3579300,29906.319,14745.581,0,1020.386,0,159.060,2985,8745,1.780,2.180,1.480,3,0,2.001,0,0,14,28,0,1,0
28-07 12:20:12,19.390,6.799,73.279,0,0,1731348,10734568,214368,3579316,15697.228,7675.364,0,157.133,0,6.044,1859,1361,1.780,2.180,1.480,2,0,1.007,0,0,14,28,0,1,0
28-07 12:20:13,22.322,4.712,72.175,0,0,1728596,10737344,214368,3579292,44814.166,23562.384,0,0,0,0,1903,1320,1.780,2.180,1.480,2,0,1.984,0,0,14,28,0,1,0
28-07 12:20:14,21.017,5.504,72.559,0,0,1739796,10726144,214368,3579292,29812.222,15480.578,0,0,0,0,1829,1205,1.780,2.180,1.480,2,0,2.002,0,0,14,28,0,1,0
28-07 12:20:15,19.748,7.499,72.241,0,0,1736576,10729364,214368,3579292,29837.427,15142.187,0,4.000,0,1.000,1779,1154,1.710,2.160,1.470,3,0,0,0,0,14,28,0,1,0
28-07 12:20:16,22.496,3.749,72.738,0,0,1661376,10804540,214368,3579316,15447.393,7604.717,0,27.995,0,2.000,1770,1086,1.710,2.160,1.470,2,0,2.999,0,0,14,28,0,1,0
28-07 12:20:17,20.246,6.249,72.486,0,0,1696676,10769252,214376,3579296,30726.938,16170.810,0,459.909,0,62.988,1977,1380,1.710,2.160,1.470,1,0,0,0,0,14,28,0,1,0
28-07 12:20:18,21.258,5.502,72.779,0,0,1696452,10769468,214376,3579304,44289.698,22551.012,0,0,0,0,1909,1268,1.710,2.160,1.470,1,0,2.001,0,0,14,28,0,1,0
28-07 12:20:19,21.743,4.998,72.228,0,0,1706252,10759668,214376,3579304,15154.388,7293.780,0,11.996,0,1.000,1903,1367,1.710,2.160,1.470,1,0,2.999,0,0,14,28,0,1,0
28-07 12:20:20,21.741,5.747,72.468,0,0,1654020,10811888,214392,3579300,29763.049,14651.625,0,87.962,0,5.997,2004,1428,1.660,2.140,1.470,1,0,1.000,0,0,14,28,0,1,0
28-07 12:20:21,20.254,6.751,72.263,0,0,1700304,10765588,214424,3579288,30728.506,15572.791,0,324.058,0,19.003,2122,1768,1.660,2.140,1.470,1,0,0,0,0,14,28,0,1,0
28-07 12:20:22,22.752,5.251,71.257,0,0,1719824,10746060,214432,3579288,40086.044,585941.110,0,212.021,0,40.004,2315,1663,1.660,2.140,1.470,2,0,5.001,0,0,14,28,0,1,0
28-07 12:20:23,22.506,4.251,72.518,0,0,1738460,10727420,214432,3579292,30304.680,14661.716,0,124.031,0,6.002,1742,1179,1.660,2.140,1.470,2,0,0,0,0,14,28,0,1,0
28-07 12:20:24,21.256,5.501,72.770,0,0,1722556,10743296,214432,3579320,15404.196,7297.988,0,0,0,0,1792,1226,1.660,2.140,1.470,2,0,1.000,0,0,14,28,0,1,0
28-07 12:20:25,21.501,5.250,72.503,0,0,1761136,10704796,214432,3579240,31010.341,15380.665,0,0,0,0,1942,1333,1.600,2.120,1.470,2,0,2.000,0,0,14,28,0,1,0
28-07 12:20:26,20.922,5.479,72.479,0,0,1757828,10708104,214432,3579240,44989.644,22246.750,0,0,0,0,1896,1273,1.600,2.120,1.470,2,0,1.993,0,0,14,28,0,1,0
28-07 12:20:27,21.837,5.522,72.539,0,0,1768844,10697072,214444,3579240,30134.951,14650.315,0,104.416,0,3.012,1791,1200,1.600,2.120,1.470,2,0,0,0,0,14,28,0,1,0
28-07 12:20:28,21.744,4.249,72.978,0,0,1764288,10701628,214444,3579240,15515.397,7521.769,0,99.970,0,3.999,1681,1028,1.600,2.120,1.470,2,0,1.999,0,0,14,28,0,1,0
28-07 12:20:29,20.753,6.501,72.759,0,0,1712844,10752988,214444,3579324,15460.981,7524.964,0,4.001,0,1.000,1806,1275,1.600,2.120,1.470,2,0,2.000,0,0,14,28,0,1,0
28-07 12:20:30,21.750,5.000,72.250,0,0,1712912,10752932,214444,3579312,45224.041,23618.021,0,12.000,0,1.000,1855,1342,1.560,2.100,1.470,2,0,1.000,0,0,14,28,0,1,0
28-07 12:20:31,20.747,6.249,72.738,0,0,1710108,10755744,214444,3579304,45373.590,23696.130,0,0,0,0,1951,1430,1.560,2.100,1.470,3,0,2.000,0,0,14,28,0,1,0
28-07 12:20:32,20.252,6.001,72.008,0,0,1742600,10723252,214444,3579304,44577.262,22832.695,0,180.021,0,40.005,1907,1307,1.560,2.100,1.470,2,0,2.000,0,0,14,28,0,1,0
28-07 12:20:33,21.749,5.000,72.497,0,0,1763996,10701844,214452,3579304,15620.344,7913.668,0,119.995,0,4.000,1770,1210,1.560,2.100,1.470,3,0,0,0,0,14,28,0,1,0
28-07 12:20:34,22.241,4.998,72.970,0,0,1716348,10749472,214452,3579324,29769.746,15365.675,0,3.998,0,1.000,1854,1234,1.560,2.100,1.470,2,0,2.999,0,0,14,28,0,1,0
28-07 12:20:35,20.907,5.725,72.180,0,0,1719868,10745972,214452,3579304,16141.488,8143.920,0,3.982,0,0.996,1822,1265,1.510,2.080,1.460,2,0,0,0,0,14,28,0,1,0
28-07 12:20:36,24.039,2.754,72.367,0,0,1713076,10752764,214452,3579304,44866.482,22949.074,0,24.039,0,1.002,1779,1092,1.510,2.080,1.460,1,0,0,0,0,14,28,0,1,0
28-07 12:20:37,20.570,8.027,70.742,0,0,1712540,10753284,214452,3579316,50479.923,468280.135,0,144.495,0,31.107,2409,1924,1.510,2.080,1.460,1,0,4.014,0,0,14,28,0,1,0
28-07 12:20:38,22.923,4.236,72.007,0,0,1740476,10725340,214460,3579316,33413.270,148612.608,0,223.247,0,32.889,1963,1235,1.510,2.080,1.460,2,0,0,0,0,14,28,0,1,0
28-07 12:20:39,21.090,10.545,67.287,0,0,1762244,10703568,214460,3579316,30426.698,15112.419,0,8.034,0,2.009,2246,1376,1.510,2.080,1.460,1,0,9.039,0,0,14,28,0,1,0
28-07 12:20:40,23.649,3.236,72.190,0,0,1718332,10747464,214460,3579332,15278.486,7784.620,0,19.915,0,1.991,1763,1081,1.470,2.060,1.460,2,0,2.987,0,0,14,28,0,1,0
28-07 12:20:41,6.759,24.783,66.589,0,0,1705796,10759968,214460,3579364,61332.979,32565.528,0,76.102,0,4.005,4276,2555,1.470,2.060,1.460,4,0,141.189,0,0,14,28,0,1,0
28-07 12:20:42,5.995,26.230,66.198,0,0,1695816,10769948,214460,3579364,61075.294,31531.371,0,95.925,0,3.997,4347,2636,1.470,2.060,1.460,2,0,145.886,0,0,14,28,0,1,0
28-07 12:20:43,5.994,24.973,66.179,0,0,1668928,10796796,214468,3579364,61616.853,31969.680,0,379.593,0,49.946,4411,2674,1.470,2.060,1.460,1,0,141.848,0,0,14,28,0,1,0
28-07 12:20:44,16.055,12.041,70.992,0,0,1665608,10800116,214468,3579364,45543.097,23546.186,0,0,0,0,2523,1770,1.470,2.060,1.460,1,0,36.123,0,0,14,28,0,1,0
28-07 12:20:45,19.963,7.486,71.118,0,0,1700364,10765348,214468,3579376,45079.630,22765.897,0,3.993,0,0.998,2032,1475,1.430,2.050,1.460,1,0,0.998,0,0,14,28,0,1,0
28-07 12:20:46,22.187,4.487,71.297,0,0,1726332,10739380,214468,3579376,44968.200,22200.905,0,3.989,0,0.997,1851,1143,1.430,2.050,1.460,2,0,1.994,0,0,14,28,0,1,0
28-07 12:20:47,23.799,3.257,72.399,0,0,1727092,10738384,214468,3579580,15310.456,7311.021,0,4.008,0,1.002,1710,1015,1.430,2.050,1.460,1,0,0,0,0,14,28,0,1,0
28-07 12:20:48,22.014,4.947,70.989,0,0,1673052,10792328,214480,3579656,29988.546,16978.009,0,736.109,0,68.268,2124,1355,1.430,2.050,1.460,1,0,8.905,0,0,14,28,0,1,0
28-07 12:20:49,18.747,11.654,68.655,0,0,1666364,10798976,214480,3579696,58907.228,582242.283,0,0,0,0,2596,1914,1.430,2.050,1.460,1,0,4.053,0,0,14,28,0,1,0
28-07 12:20:50,22.487,3.998,71.958,0,0,1679720,10785620,214480,3579696,44549.782,23074.421,0,0,0,0,1782,1194,1.400,2.030,1.450,1,0,0,0,0,14,28,0,1,0
28-07 12:20:51,21.510,4.752,72.534,0,0,1707440,10757900,214480,3579696,30149.204,15431.270,0,4.002,0,1.000,1697,1063,1.400,2.030,1.450,1,0,0,0,0,14,28,0,1,0
28-07 12:20:52,15.234,17.732,64.933,0,0,1661540,10803768,214480,3579728,15084.484,7450.336,0,3.996,0,0.999,3213,1981,1.400,2.030,1.450,3,0,100.896,0,0,14,28,0,1,0
28-07 12:20:53,7.513,25.793,64.608,0.250,0,1650624,10814580,214492,3579820,62176.667,65773.664,40.067,120.200,2.003,5.008,4322,2781,1.400,2.030,1.450,2,0,148.247,0,0,14,28,0,1,0
28-07 12:20:54,5.499,24.245,67.985,0,0,1634316,10830884,214492,3579824,61336.270,32680.685,0,55.987,0,2.000,4186,2713,1.400,2.030,1.450,1,0,143.968,0,0,14,28,0,1,0
28-07 12:20:55,6.499,24.745,67.487,0,0,1634836,10830360,214492,3579828,46156.329,25007.302,0,55.989,0,2.000,4290,2566,1.450,2.030,1.460,1,0,141.973,0,0,14,28,0,1,0
28-07 12:20:56,6.272,24.585,66.980,0,0,1625676,10839516,214492,3579832,61013.723,32788.705,0,56.193,0,2.007,4279,2650,1.450,2.030,1.460,2,0,145.500,0,0,14,28,0,1,0
28-07 12:20:57,6.226,24.654,66.741,0,0,1622896,10842288,214492,3579836,60948.612,32601.555,0,31.876,0,1.992,4275,2637,1.450,2.030,1.460,1,0,147.428,0,0,14,28,0,1,0
28-07 12:20:58,7.723,24.912,64.274,0,0,1620212,10844952,214500,3579840,75620.117,580407.267,0,271.047,0,4.982,4999,3130,1.450,2.030,1.460,1,0,149.474,0,0,14,28,0,1,0
28-07 12:20:59,6.506,25.274,64.811,0,0,1606784,10858376,214500,3579844,45936.548,24164.908,0,4.004,0,1.001,4210,2632,1.450,2.030,1.460,2,0,144.137,0,0,14,28,0,1,0
28-07 12:21:00,6.502,25.256,66.016,0,0,1606376,10858780,214500,3579848,61084.469,31723.514,0,4.001,0,1.000,4121,2538,1.490,2.030,1.460,1,0,130.031,0,0,14,28,0,1,0
28-07 12:21:01,7.229,23.931,65.811,0,0,1607224,10857924,214500,3579852,60758.220,31784.567,0,0,0,0,4202,2641,1.490,2.030,1.460,3,0,133.616,0,0,14,28,0,1,0
28-07 12:21:02,6.284,25.137,66.361,0,0,1604008,10861140,214500,3579852,61617.530,31873.563,0,353.927,0,4.022,4220,2539,1.490,2.030,1.460,1,0,133.728,0,0,14,28,0,1,0
28-07 12:21:03,7.233,23.943,67.590,0,0,1603376,10861752,214508,3579860,45806.723,24452.200,0,367.132,0,6.983,4192,2559,1.490,2.030,1.460,1,0,138.672,0,0,14,28,0,1,0
28-07 12:21:04,6.519,24.823,66.446,0,0,1599736,10865392,214508,3579860,60999.953,31256.208,0,357.053,0,5.015,4290,2639,1.490,2.030,1.460,1,0,149.441,0,0,14,28,0,1,0
28-07 12:21:05,6.498,24.994,66.234,0,0,1600240,10864888,214508,3579860,61048.581,31398.584,0,355.916,0,4.999,4263,2638,1.450,2.010,1.460,1,0,144.966,0,0,14,28,0,1,0
28-07 12:21:06,8.000,25.501,64.003,0.250,0,1604676,10860388,214572,3579860,75649.827,599414.320,0,1228.062,0,42.002,4930,3166,1.450,2.010,1.460,1,0,143.007,0,0,14,28,0,1,0
28-07 12:21:07,5.742,26.461,66.402,0,0,1603508,10861544,214580,3579864,45787.267,23321.501,0,419.380,0,6.990,4382,2668,1.450,2.010,1.460,1,0,160.762,0,0,14,28,0,1,0
28-07 12:21:08,5.508,26.039,66.850,0,0,1600352,10864700,214580,3579864,61253.310,32392.287,0,352.526,0,4.006,4358,2656,1.450,2.010,1.460,1,0,152.227,0,0,14,28,0,1,0
28-07 12:21:09,6.494,24.979,66.193,0,0,1596308,10868740,214580,3579868,60946.678,31802.698,0,443.619,0,5.995,4425,2697,1.450,2.010,1.460,1,0,155.866,0,0,14,28,0,1,0
28-07 12:21:10,5.505,23.772,68.563,0,0,1596572,10868472,214580,3579872,61522.722,33274.678,0,180.166,0,3.003,4250,2628,1.410,1.990,1.450,1,0,140.129,0,0,14,28,0,1,0
28-07 12:21:11,18.241,31.984,48.226,0,0,1585568,10879472,214580,3579876,62162.086,33685.248,0,59.970,0,2.999,5289,13173,1.410,1.990,1.450,1,0,175.913,0,0,14,28,0,2,0
28-07 12:21:12,5.497,24.736,67.962,0,0,1593492,10871536,214588,3579880,45710.601,24814.212,0,131.927,0,3.998,4258,2649,1.410,1.990,1.450,1,0,147.918,0,0,14,28,0,1,0
28-07 12:21:13,5.733,24.678,67.552,0,0,1594860,10870164,214588,3579884,61532.759,33559.698,0,83.755,0,2.991,4239,2623,1.410,1.990,1.450,2,0,142.582,0,0,14,28,0,1,0
28-07 12:21:14,6.776,23.592,67.514,0,0,1587712,10877288,214588,3579892,75264.197,600228.204,0,56.220,0,2.008,4767,2982,1.410,1.990,1.450,2,0,146.573,0,0,14,28,0,1,0
28-07 12:21:15,5.751,25.006,67.265,0,0,1588988,10876012,214588,3579892,52869.042,28092.398,0,148.034,0,4.001,4344,2661,1.380,1.980,1.450,2,0,157.036,0,0,14,28,0,1,0
28-07 12:21:16,5.749,24.744,67.484,0,0,1591652,10873328,214588,3579908,54191.511,29367.232,0,103.976,0,3.999,4207,2652,1.380,1.980,1.450,1,0,142.967,0,0,14,28,0,1,0
28-07 12:21:17,6.497,25.239,66.722,0,0,1596204,10868764,214596,3579908,60951.132,31684.553,0,127.946,0,7.997,4279,2666,1.380,1.980,1.450,1,0,157.933,0,0,14,28,0,1,0
28-07 12:21:18,5.501,25.505,66.264,0,0,1591700,10873268,214596,3579908,61050.750,31690.619,0,16.003,0,4.001,4309,2686,1.380,1.980,1.450,2,0,156.033,0,0,14,28,0,1,0
28-07 12:21:19,6.500,25.001,66.502,0,0,1590920,10874048,214600,3579904,60973.049,31943.073,0,720.024,0,113.004,4635,2673,1.380,1.980,1.450,1,0,154.005,0,0,14,28,0,1,0
28-07 12:21:20,5.500,24.248,67.746,0,0,1591608,10873340,214600,3579920,46231.102,24768.447,0,7.999,0,2.000,4153,2563,1.350,1.960,1.450,1,0,142.991,0,0,14,28,0,1,0
28-07 12:21:21,17.756,28.760,51.768,0,0,1574488,10887412,214604,3582904,60583.802,31998.987,0,16.005,0,3.001,5937,8347,1.350,1.960,1.450,1,0,130.045,0,0,14,28,0,1,0
28-07 12:21:22,10.431,30.795,55.134,0,0,1574472,10887164,214624,3583096,69436.785,460999.935,0,341.730,0,7.947,5016,3091,1.350,1.960,1.450,3,0,184.773,0,0,14,30,0,2,0
28-07 12:21:23,21.797,33.964,42.835,0,0,1608572,10852992,214684,3583104,49165.990,142744.091,0,486.641,0,26.360,5247,3079,1.350,1.960,1.450,2,0,175.394,0,0,14,28,0,3,0
28-07 12:21:24,31.723,32.222,32.972,0,0,1662468,10799064,214700,3583116,60300.174,31572.864,0,403.653,0,78.932,5143,2877,1.350,1.960,1.450,3,0,161.861,0,0,14,28,0,3,0
28-07 12:21:25,44.929,44.680,8.487,0,0,1676388,10785128,214744,3583084,61158.807,32225.315,0,219.655,0,11.981,5206,3333,1.640,2.010,1.470,6,0,324.490,0,0,14,30,0,4,0
28-07 12:21:26,46.518,49.520,1.751,0.500,0,1762240,10693448,215984,3587644,47050.677,23897.486,1136.451,2440.969,136.054,56.022,6003,5376,1.640,2.010,1.470,5,0,326.129,0,0,14,28,0,7,0
28-07 12:21:27,82.711,16.492,0.250,0.250,0,1893792,10558208,216236,3590364,44448.151,22141.614,15.992,1259.409,1.000,41.980,5069,2452,1.640,2.010,1.470,6,0,7.996,0,0,14,30,0,7,0
28-07 12:21:28,62.790,22.900,7.387,1.970,0,1914172,10527800,220308,3595592,30883.736,15292.157,421.554,23421.841,8.864,1735.462,10586,14309,1.640,2.010,1.470,7,0,70.916,0,0,14,32,0,8,0
28-07 12:21:29,57.219,22.837,12.548,3.262,0,1941784,10488236,225696,3601696,16088.522,7324.007,0,47493.615,0,3157.073,16150,22284,1.640,2.010,1.470,10,0,58.223,0,0,14,34,0,8,0
28-07 12:21:30,53.002,25.001,14.751,3.250,0,1939268,10482472,228792,3606584,15344.691,7620.343,0,30981.394,0,2736.123,12746,16272,1.830,2.040,1.480,3,1,106.005,0,0,14,32,0,8,0
28-07 12:21:31,58.221,25.456,8.569,4.537,0,1962404,10450720,232948,3610752,16035.799,7873.733,0,50879.838,0,3027.506,12963,21306,1.830,2.040,1.480,8,1,62.506,0,0,14,32,0,8,0
28-07 12:21:32,60.561,19.601,11.057,5.026,0,1982292,10421236,238192,3614824,15298.508,7496.470,0,49401.516,0,3134.083,14189,22421,1.830,2.040,1.480,3,0,58.299,0,0,14,33,0,8,0
28-07 12:21:33,55.444,23.551,11.776,3.435,0,1987696,10409140,242392,3617120,15314.265,7353.909,0,41544.580,0,2491.536,13047,19915,1.830,2.040,1.480,4,0,73.598,0,0,14,37,0,8,0
28-07 12:21:34,45.951,22.976,22.471,5.302,0,1948436,10440388,247384,3619916,15967.821,7921.800,0,44565.681,0,2949.972,14937,21893,1.830,2.040,1.480,3,0,89.883,0,0,14,36,0,8,0
28-07 12:21:35,47.966,21.963,21.206,5.554,0,1944440,10437644,251976,3621900,45296.775,22823.588,0,27494.941,0,2244.794,12565,18078,1.930,2.060,1.490,2,1,63.618,0,0,14,36,0,8,0
28-07 12:21:36,51.765,23.034,17.833,3.715,0,1884940,10492756,255408,3622732,38428.169,445924.482,0,27871.023,0,1962.623,11131,15391,1.930,2.060,1.490,6,0,71.332,0,0,14,34,0,8,0
28-07 12:21:37,38.409,31.425,22.197,3.492,0,1878916,10492976,259136,3624636,18211.681,132554.698,0,27897.641,0,2036.157,12615,17559,1.930,2.060,1.490,5,0,146.651,0,0,14,35,0,8,0
28-07 12:21:38,40.446,24.467,21.471,7.740,0,1871784,10492608,262592,3628524,15346.544,7352.200,3495.341,27934.765,43.941,2022.304,13025,18021,1.930,2.060,1.490,5,0,78.895,0,0,14,37,0,8,0
28-07 12:21:39,46.839,32.562,16.031,2.505,0,1865900,10494224,265616,3629956,15187.897,7472.217,0,22691.173,0,1711.256,13286,19296,1.930,2.060,1.490,5,0,100.191,0,0,14,37,0,9,0
28-07 12:21:40,49.842,29.609,13.818,2.467,0,1774996,10582432,267784,3629944,15203.232,7360.796,0,20177.544,0,1578.159,12210,17085,2.330,2.140,1.520,4,0,119.423,0,0,14,36,0,10,0
28-07 12:21:41,45.440,32.747,15.485,5.331,0,1816152,10538404,269500,3630956,15697.283,7558.741,1112.894,22897.582,26.401,1770.882,11538,15910,2.330,2.140,1.520,5,0,101.541,0,0,14,36,0,10,0
28-07 12:21:42,46.071,27.891,19.175,2.988,0,1843296,10507800,271860,3631960,721.191,0,792.912,27720.033,12.950,2018.140,12204,17461,2.330,2.140,1.520,6,0,107.581,0,0,14,36,0,10,0
28-07 12:21:43,37.970,16.237,34.473,5.496,0,1838316,10508896,273728,3633856,44943.794,22484.387,0,30735.923,0,2374.140,13895,20101,2.330,2.140,1.520,6,0,42.966,0,0,14,37,0,10,0
28-07 12:21:44,40.220,12.317,37.455,4.776,0,1832820,10511152,275420,3635324,30060.341,14672.213,0,28829.612,0,2118.582,12820,18810,2.330,2.140,1.520,3,0,30.165,0,0,14,37,0,10,0
28-07 12:21:45,39.812,11.622,37.092,4.698,0,1827576,10512228,277980,3636836,30030.331,14658.592,0,28688.110,0,1993.054,12122,16526,2.470,2.170,1.530,2,1,20.771,0,0,14,36,0,10,0
28-07 12:21:46,28.061,23.511,39.690,5.814,0,1737772,10596916,281644,3638124,15771.787,7527.421,0,30000.472,0,2385.436,12818,18114,2.470,2.170,1.530,4,0,101.121,0,0,14,36,0,10,0
28-07 12:21:47,36.909,18.953,35.163,5.486,0,1767596,10559872,286448,3640368,15121.636,7505.455,0,34706.244,0,2634.490,14071,19734,2.470,2.170,1.530,4,0,56.860,0,0,14,36,0,10,0
28-07 12:21:48,39.926,15.187,34.292,5.389,0,1799376,10521064,291512,3642152,14853.463,7307.199,0,33053.855,0,2555.266,14818,21176,2.470,2.170,1.530,4,0,49.969,0,0,14,36,0,10,0
28-07 12:21:49,39.427,13.569,36.355,5.376,0,1800340,10514512,295924,3643200,15773.989,7705.219,0,31500.871,0,2387.143,11957,17497,2.470,2.170,1.530,7,0,24.578,0,0,14,37,0,10,0
28-07 12:21:50,39.166,13.222,37.669,5.239,0,1800580,10509220,299656,3644392,542.839,0,0,23130.532,0,1927.877,12762,18071,2.670,2.220,1.550,3,0,17.962,0,0,14,37,0,10,0
28-07 12:21:51,38.696,13.731,37.947,4.244,0,1801004,10503436,303420,3645832,15377.347,7433.533,0,34032.079,0,2668.243,13154,17503,2.670,2.220,1.550,4,0,11.983,0,0,14,37,0,10,0
28-07 12:21:52,35.864,17.556,38.623,4.765,0,1751124,10548324,307316,3646792,928.963,0,0,22744.537,0,1903.069,11029,15861,2.670,2.220,1.550,2,0,56.179,0,0,14,34,0,11,0
28-07 12:21:53,40.003,14.501,42.254,1.250,0,1679484,10618884,308344,3646800,15160.260,7590.631,0,12477.037,0,637.053,4784,4413,2.670,2.220,1.550,2,0,36.003,0,0,14,32,0,11,0
28-07 12:21:54,25.472,29.468,43.703,0,0,1698056,10600224,308400,3646832,850.080,0,0,491.468,0,30.966,5066,3157,2.670,2.220,1.550,2,0,156.830,0,0,14,32,0,11,0
28-07 12:21:55,24.274,8.008,65.316,0.250,0,1697004,10600824,308696,3646980,30411.667,30330.585,0,4384.421,0,213.215,4874,5230,2.540,2.200,1.550,1,0,21.021,0,0,14,33,0,11,0
28-07 12:21:56,24.268,4.003,69.552,0.250,0,1695384,10602408,308704,3647008,44567.141,22250.546,0,2117.575,0,9.007,4328,4716,2.540,2.200,1.550,1,0,0,0,0,14,33,0,11,0
28-07 12:21:57,16.497,10.748,70.987,0,0,1654528,10643252,308704,3647020,15156.186,7294.645,0,3.999,0,1.000,3262,2535,2.540,2.200,1.550,1,0,54.990,0,0,14,32,0,11,0
28-07 12:21:58,19.268,8.007,72.318,0,0,1677692,10620064,308712,3647020,29683.742,15452.442,0,48.045,0,3.003,1926,1449,2.540,2.200,1.550,1,0,2.002,0,0,14,32,0,11,0
28-07 12:21:59,21.749,4.500,72.245,0,0,1714324,10583428,308712,3647024,15685.919,7781.464,0,67.995,0,2.000,2165,1741,2.540,2.200,1.550,1,0,1.000,0,0,14,32,0,11,0
28-07 12:22:00,23.743,5.998,69.730,0,0,1693444,10604276,308736,3647024,14975.611,7617.768,0,6666.046,0,213.937,3694,3460,2.410,2.180,1.550,1,0,0,0,0,14,32,0,11,0
28-07 12:22:01,17.255,11.003,71.021,0,0,1660716,10636964,308760,3647040,783.226,148.043,0,1648.476,0,285.082,2544,1570,2.410,2.180,1.550,2,0,36.010,0,0,14,32,0,11,0
28-07 12:22:02,21.986,4.997,72.703,0,0,1691244,10606420,308776,3647040,15090.277,7453.198,0,83.946,0,5.996,1689,1157,2.410,2.180,1.550,1,0,0,0,0,14,32,0,11,0
28-07 12:22:03,22.013,4.503,72.543,0,0,1700316,10597336,308784,3647044,15615.161,7462.378,0,36.021,0,4.002,2103,1641,2.410,2.180,1.550,1,0,0,0,0,14,32,0,11,0
28-07 12:22:04,16.745,11.247,70.731,0,0,1657916,10639668,308840,3647052,929.748,0,0,399.891,0,28.992,3307,2797,2.410,2.180,1.550,1,0,60.983,0,0,14,32,0,11,0
28-07 12:22:05,19.747,7.249,71.990,0,0,1690704,10606864,308856,3647052,23279.784,451289.658,0,195.973,0,11.998,2095,1492,2.300,2.160,1.540,1,0,1.000,0,0,14,32,0,11,0
28-07 12:22:06,21.503,4.251,73.009,0,0,1727136,10570424,308864,3647052,604.074,190.023,0,56.007,0,3.000,1645,1053,2.300,2.160,1.540,1,0,0,0,0,14,32,0,11,0
28-07 12:22:07,22.498,5.500,71.244,0,0,1719688,10577860,308864,3647064,18919.358,139747.874,0,0,0,0,2983,2694,2.300,2.160,1.540,1,0,3.000,0,0,14,33,0,11,0
28-07 12:22:08,21.255,5.751,71.518,0,0,1640548,10656860,308864,3647204,304.078,0,0,0,0,0,3049,2791,2.300,2.160,1.540,1,0,22.006,0,0,14,32,0,12,0
28-07 12:22:09,17.006,10.504,71.776,0,0,1652284,10645124,308864,3647204,607.224,0,0,4.001,0,1.000,2100,1630,2.300,2.160,1.540,2,0,22.008,0,0,14,32,0,12,0
28-07 12:22:10,22.515,4.753,72.799,0,0,1690512,10606892,308864,3647204,15110.222,7300.939,0,32.022,0,2.001,1769,1163,2.190,2.140,1.540,2,0,2.001,0,0,14,32,0,12,0
28-07 12:22:11,27.129,8.213,62.969,0,0,1704036,10593352,308872,3648792,881.070,147.343,0,67.698,0,2.987,3545,5713,2.190,2.140,1.540,4,0,33.849,0,0,14,33,0,13,0
28-07 12:22:12,26.583,10.784,61.442,0.251,0,1648236,10649072,308928,3647236,365.142,0,0,308.967,0,25.078,3931,9985,2.190,2.140,1.540,3,0,22.069,0,0,14,32,0,14,0
28-07 12:22:13,5.485,25.678,66.812,0,0,1647836,10649436,308944,3647256,30295.647,24016.338,0,119.663,0,6.980,4382,2535,2.190,2.140,1.540,3,0,157.556,0,0,14,32,0,14,0
28-07 12:22:14,6.514,26.306,65.390,0,0,1635288,10661832,309008,3647340,46082.944,50578.596,0,473.016,0,30.065,4720,2984,2.190,2.140,1.540,2,0,157.338,0,0,14,32,0,13,0
28-07 12:22:15,7.004,25.265,66.541,0,0,1631076,10666016,309008,3647368,61521.628,56756.714,0,28.017,0,3.002,4548,2709,2.100,2.120,1.540,2,0,161.099,0,0,14,32,0,13,0
28-07 12:22:16,6.500,27.498,63.745,0,0,1627600,10669476,309016,3647372,61068.378,32523.538,0,139.989,0,6.999,4590,2876,2.100,2.120,1.540,3,0,176.987,0,0,14,32,0,13,0
28-07 12:22:17,26.435,36.410,35.163,0,0,1631176,10665832,309072,3647376,45433.236,23843.346,0,1284.839,0,232.428,5671,3255,2.100,2.120,1.540,3,0,186.541,0,0,14,34,0,16,0
28-07 12:22:18,59.841,16.160,24.240,0,0,1717656,10579060,309172,3647560,61708.871,32167.917,0,662.548,0,40.399,4426,2359,2.100,2.120,1.540,3,0,21.210,0,0,14,32,0,19,0
28-07 12:22:19,61.941,13.487,23.478,0,0,1836224,10459312,309228,3648600,44632.686,23094.106,0,255.758,0,11.989,4006,1806,2.100,2.120,1.540,3,0,4.995,0,0,14,32,0,19,0
28-07 12:22:20,63.177,11.939,23.132,0.995,0,1939048,10354256,309288,3650456,29702.367,15001.416,11.939,485.521,1.990,6.964,3764,1428,2.170,2.140,1.550,3,0,0,0,0,14,32,0,19,0
28-07 12:22:21,59.915,10.984,22.968,5.243,0,2050208,10240140,309336,3653100,29794.945,15593.989,774.906,1981.204,7.989,29.958,3687,1565,2.170,2.140,1.550,1,2,5.992,0,0,14,32,0,19,0
28-07 12:22:22,55.207,9.947,24.868,7.709,0,2058820,10225620,310916,3657156,25590.405,435416.875,19.895,10170.112,0.995,710.237,7056,7414,2.170,2.140,1.550,5,0,31.831,0,0,14,38,0,19,0
28-07 12:22:23,44.089,22.916,24.660,2.491,0,2057768,10214532,316836,3663012,42311.461,127480.388,0,49072.766,0,3374.674,16727,23789,2.170,2.140,1.550,4,0,96.647,0,0,14,38,0,19,0
28-07 12:22:24,39.518,19.633,30.960,4.782,0,2054260,10205976,322596,3668932,39942.882,20394.309,0,47324.945,0,3222.857,16690,23349,2.170,2.140,1.550,2,1,123.840,0,0,14,38,0,19,0
28-07 12:22:25,34.789,17.518,32.075,7.895,0,2054980,10194888,327824,3673772,29263.469,14561.169,0,47222.639,0,2979.542,15438,22776,2.960,2.300,1.600,3,0,114.484,0,0,14,38,0,19,0
28-07 12:22:26,30.929,17.602,37.467,7.795,0,2055624,10184080,333816,3677620,15352.958,8394.640,0,53357.163,0,3424.844,15710,23861,2.960,2.300,1.600,2,1,84.490,0,0,14,38,0,14,0
28-07 12:22:27,38.858,17.047,29.582,7.521,0,2055220,10174756,339460,3681432,59414.263,28908.410,0,47199.286,0,3094.608,15357,21856,2.960,2.300,1.600,8,0,63.176,0,0,14,38,0,14,0
28-07 12:22:28,44.382,23.068,22.818,5.767,0,1969024,10250512,344152,3686892,45350.580,25870.773,0,26980.065,0,2268.733,13386,18417,2.960,2.300,1.600,5,1,152.452,0,0,14,36,0,14,0
28-07 12:22:29,44.076,21.913,22.162,6.225,0,1994476,10214468,349592,3691776,44965.224,23843.731,0,43810.788,0,2938.383,14661,21131,2.960,2.300,1.600,3,0,93.630,0,0,14,36,0,14,0
28-07 12:22:30,46.929,18.822,22.837,6.274,0,2027200,10172276,355028,3695436,46429.268,22728.779,0,47738.266,0,3064.701,14612,21247,3.120,2.350,1.620,3,0,67.257,0,0,14,36,0,12,0
28-07 12:22:31,50.132,17.958,23.694,4.739,0,2065144,10124456,359028,3701044,29701.299,14867.111,0,46359.207,0,2667.740,12655,17933,3.120,2.350,1.620,5,1,1.995,0,0,14,36,0,12,0
28-07 12:22:32,43.885,18.701,25.932,6.483,0,2093300,10082884,364324,3708704,30951.554,14565.672,0,55521.900,0,3137.743,14923,21772,3.120,2.350,1.620,6,0,1.995,0,0,14,38,0,12,0
28-07 12:22:33,36.146,24.851,27.361,5.773,0,2068724,10099040,369696,3711464,34490.751,18021.018,0,46062.638,0,3004.172,14939,22136,3.120,2.350,1.620,3,0,96.391,0,0,14,36,0,12,0
28-07 12:22:34,30.763,17.758,38.017,6.753,0,2056012,10104592,375128,3712988,66170.923,458298.318,0,48241.086,0,3197.398,15621,22500,3.120,2.350,1.620,3,0,60.026,0,0,14,36,0,12,0
28-07 12:22:35,38.542,13.014,37.040,6.257,0,2042112,10111216,378772,3716440,33184.898,144680.510,0,31217.770,0,2622.837,13022,19889,3.110,2.360,1.630,4,0,66.071,0,0,14,36,0,12,0
28-07 12:22:36,35.142,17.571,44.681,1.004,0,1701528,10451140,379396,3716460,30061.629,15412.358,0,10165.128,0,519.100,4993,3910,3.110,2.360,1.630,2,0,97.394,0,0,14,32,0,12,0
28-07 12:22:37,6.497,25.736,65.465,0.250,0,1695828,10456568,379628,3716476,60866.332,44827.940,0,5413.095,0,252.864,5088,3632,3.110,2.360,1.630,2,0,153.917,0,0,14,32,0,12,0
28-07 12:22:38,21.748,5.749,72.243,0,0,1729288,10423104,379632,3716476,45199.603,23753.689,0,207.980,0,40.996,1911,1338,3.110,2.360,1.630,1,0,0,0,0,14,32,0,12,0
28-07 12:22:39,21.510,9.254,68.281,0,0,1755488,10396896,379632,3716476,59664.252,30375.874,0,12.005,0,2.001,2284,1433,3.110,2.360,1.630,1,0,8.004,0,0,14,32,0,12,0
28-07 12:22:40,21.984,4.996,72.448,0,0,1781260,10371124,379632,3716476,32982.206,15037.152,0,0,0,0,1811,1126,2.940,2.330,1.620,1,0,1.999,0,0,14,32,0,12,0
28-07 12:22:41,23.009,4.001,72.527,0,0,1805216,10347168,379632,3716476,15280.706,7716.881,0,8.003,0,2.001,2000,1440,2.940,2.330,1.620,1,0,2.001,0,0,14,36,0,12,0
28-07 12:22:42,25.472,1.748,71.671,0,0,1802752,10349600,379656,3716484,44980.579,25380.114,0,191.789,0,11.987,2179,1723,2.940,2.330,1.620,1,0,0,0,0,14,34,0,10,0
28-07 12:22:43,18.298,8.773,71.687,0.251,0,1759512,10392812,379684,3716484,45144.474,24134.803,0,312.814,0,25.065,2557,1993,2.940,2.330,1.620,1,0,29.076,0,0,14,32,0,10,0
28-07 12:22:44,20.982,5.745,72.438,0,0,1784028,10368284,379696,3716484,44463.911,23951.482,0,183.843,0,8.992,1880,1338,2.940,2.330,1.620,1,0,0.999,0,0,14,32,0,10,0
28-07 12:22:45,20.748,6.249,72.494,0,0,1812196,10340116,379696,3716484,29528.391,15238.654,0,79.993,0,7.999,1815,1255,2.790,2.310,1.620,1,0,0,0,0,14,32,0,10,0
28-07 12:22:46,23.474,4.245,70.923,0,0,1827840,10324456,379712,3716484,43344.676,563662.596,0,151.834,0,19.978,2409,1933,2.790,2.310,1.620,1,0,3.996,0,0,14,34,0,10,0
28-07 12:22:47,18.758,10.004,70.531,0,0,1771212,10381060,379736,3716484,41213.186,19752.716,0,608.268,0,29.013,2616,1725,2.790,2.310,1.620,3,0,49.022,0,0,14,32,0,10,0
28-07 12:22:48,9.338,43.741,43.987,0,0,1748544,10403692,379756,3716500,49260.445,28358.053,0,228.044,0,16.710,5732,3690,2.790,2.310,1.620,2,0,273.260,0,0,14,32,0,10,0
28-07 12:22:49,10.160,46.229,41.657,0,0,1739224,10412960,379760,3716540,61667.092,34516.096,0,418.599,0,77.217,5696,3367,2.790,2.310,1.620,4,0,287.533,0,0,14,32,0,10,0
28-07 12:22:50,10.521,47.096,40.082,0,0,1724788,10427372,379760,3716564,60831.736,37594.470,0,12.024,0,3.006,5634,3414,2.800,2.320,1.630,4,0,294.599,0,0,14,32,0,10,0
28-07 12:22:51,10.000,46.748,41.249,0,0,1700232,10451908,379760,3716584,45855.349,29338.943,0,3563.872,0,28.999,5588,3412,2.800,2.320,1.630,4,0,292.989,0,0,14,32,0,10,0
28-07 12:22:52,9.216,49.320,38.609,0,0,1690624,10461512,379760,3716588,60765.967,32576.967,0,31.884,0,7.971,5761,3571,2.800,2.320,1.630,2,0,323.817,0,0,14,32,0,10,0
28-07 12:22:53,10.754,48.016,39.513,0,0,1649936,10502196,379760,3716592,60765.064,32140.613,0,36.012,0,9.003,5745,3468,2.800,2.320,1.630,5,0,313.103,0,0,14,32,0,10,0
28-07 12:22:54,9.281,40.885,47.908,0,0,1646852,10505276,379760,3716592,68319.724,482592.457,0,252.835,0,9.030,5570,3413,2.800,2.320,1.630,1,0,262.869,0,0,14,32,0,10,0
28-07 12:22:55,4.001,18.753,75.013,0,0,1645820,10506300,379760,3716600,50500.633,144722.739,0,4.001,0,1.000,3278,2245,2.580,2.280,1.620,0,0,105.018,0,0,14,32,0,9,0
28-07 12:22:56,6.239,14.474,75.612,2.745,0,1635392,10516508,379820,3716752,59812.600,30793.677,139.744,1165.868,8.984,37.931,2772,2502,2.580,2.280,1.620,1,0,48.911,0,0,14,12,0,9,20
28-07 12:22:57,6.260,24.540,67.110,0.501,0,1634404,10517264,380036,3716772,61431.248,34446.212,4.007,7540.305,1.002,358.585,5182,4029,2.580,2.280,1.620,1,0,137.224,0,0,14,12,0,9,20
28-07 12:22:58,6.249,23.996,67.488,0,0,1640716,10510888,380092,3716780,45178.020,24715.634,0,2223.607,0,109.981,4421,3030,2.580,2.280,1.620,3,0,135.976,0,0,14,12,0,9,20
28-07 12:22:59,7.236,24.452,66.119,0,0,1640040,10511528,380116,3716788,60575.224,31797.127,0,1956.132,0,262.481,4645,2758,2.580,2.280,1.620,1,0,124.753,0,0,14,12,0,9,20
28-07 12:23:00,7.017,24.561,67.417,0,0,1640140,10511424,380116,3716792,60570.628,31405.581,0,96.238,0,6.015,4251,2672,2.450,2.260,1.620,1,0,126.312,0,0,14,12,0,9,20
28-07 12:23:01,15.919,23.132,58.701,0,0,1636784,10514776,380116,3716796,45233.350,23279.296,0,581.037,0,83.574,4645,5380,2.450,2.260,1.620,4,0,68.650,0,0,14,12,0,9,20
28-07 12:23:02,16.764,23.269,58.047,0,0,1618260,10533288,380116,3716800,45270.023,23297.053,0,8.007,0,2.002,4807,5472,2.450,2.260,1.620,1,0,71.058,0,0,14,12,0,9,20
28-07 12:23:03,25.793,27.296,45.326,0.250,0,1662640,10488236,380132,3717460,72431.335,597975.712,20.034,32.054,1.002,4.007,5103,2935,2.450,2.260,1.620,3,0,133.223,0,0,14,12,0,9,20
28-07 12:23:04,9.023,25.064,63.412,0.501,0,1669628,10480888,380132,3717804,45942.574,26307.325,152.390,0,2.005,0,4194,2799,2.450,2.260,1.620,1,0,149.382,0,0,16,12,0,9,20
28-07 12:23:05,7.227,24.421,66.534,0.249,0,1676136,10474368,380136,3717816,60031.995,31477.749,0,279.093,0,6.977,4246,2808,2.420,2.260,1.620,1,0,120.608,0,0,16,12,0,9,20
28-07 12:23:06,7.021,24.322,67.199,0,0,1672916,10477584,380136,3717820,61002.299,31924.356,0,12.036,0,3.009,4194,2709,2.420,2.260,1.620,3,0,122.362,0,0,16,12,0,9,20
28-07 12:23:07,11.754,28.261,57.521,0,0,1668188,10482304,380136,3718288,45285.844,23380.696,0,8.003,0,2.001,5539,5827,2.420,2.260,1.620,1,0,131.049,0,0,16,12,0,9,20
28-07 12:23:08,18.867,21.886,58.363,0,0,1668964,10481520,380136,3718288,60279.769,29899.893,0,813.055,0,6.038,4477,4994,2.420,2.260,1.620,1,0,65.407,0,0,16,12,0,9,20
28-07 12:23:09,19.305,16.088,62.370,0,0,1686824,10463628,380136,3717824,44816.406,23217.530,0,27.720,0,2.970,3585,2571,2.420,2.260,1.620,2,0,45.540,0,0,16,12,0,9,20
28-07 12:23:10,19.566,26.088,52.427,0.502,0,1723192,10426872,380136,3718184,60901.254,33745.732,4.014,172.582,1.003,2.007,4807,3010,2.300,2.240,1.620,2,0,140.473,0,0,18,12,0,9,20
28-07 12:23:11,5.744,23.725,68.676,0,0,1725576,10424364,380136,3718324,46457.265,25860.315,0,7.991,0,1.998,4308,2977,2.300,2.240,1.620,1,0,129.861,0,0,18,12,0,8,20
28-07 12:23:12,19.726,33.210,44.447,0,0,1744844,10405044,380136,3718328,73106.722,588577.333,0,11.986,0,2.996,6077,15313,2.300,2.240,1.620,2,0,153.816,0,0,18,12,0,9,20
28-07 12:23:13,7.268,24.562,66.919,0,0,1743424,10406456,380136,3718332,61191.688,31910.668,0,12.030,0,3.008,4266,2915,2.300,2.240,1.620,2,0,123.312,0,0,18,12,0,9,20
28-07 12:23:14,13.748,26.497,57.493,0,0,1748788,10401076,380136,3718812,45078.458,23193.149,0,27.997,0,3.000,4891,5068,2.300,2.240,1.620,1,0,106.987,0,0,18,12,0,9,20
28-07 12:23:15,18.502,21.503,59.008,0,0,1751060,10398804,380136,3718812,44681.015,22633.047,0,476.064,0,5.001,4423,4889,2.200,2.220,1.610,1,0,66.009,0,0,18,12,0,7,20
28-07 12:23:16,25.700,22.456,49.653,0,0,1767536,10382280,380140,3718372,60887.443,32077.014,0,0,0,0,4740,3168,2.200,2.220,1.610,4,0,81.839,0,0,18,12,0,7,20
28-07 12:23:17,64.617,19.611,15.589,0,0,1963096,10186380,380192,3718656,45419.173,22254.499,0,4.023,0,1.006,4591,3060,2.200,2.220,1.610,13,0,19.109,0,0,20,12,0,7,20
28-07 12:23:18,82.842,17.519,0,0,0,2164180,9985044,380192,3718872,29847.074,14836.441,0,0,0,0,5025,3474,2.200,2.220,1.610,13,0,9.010,0,0,20,12,0,7,20
28-07 12:23:19,87.153,12.986,0,0,0,2312352,9836404,380208,3719264,15299.950,7419.732,0,47.947,0,2.997,5054,3742,2.200,2.220,1.610,11,0,47.947,0,0,20,12,0,1,20
28-07 12:23:20,21.912,19.422,56.772,0,0,2349464,9798860,380216,3719548,45757.167,25031.434,0,3454.123,0,509.951,4818,3190,2.100,2.200,1.610,2,0,99.600,0,0,20,12,0,1,20
28-07 12:23:21,7.733,23.448,66.102,0,0,2341568,9806744,380220,3719556,71126.128,472706.130,0,638.574,0,116.739,5079,3679,2.100,2.200,1.610,2,0,144.677,0,0,20,12,0,1,20
28-07 12:23:22,7.017,24.810,65.910,0,0,2345576,9802716,380224,3719564,64917.117,158684.059,0,1716.154,0,73.177,4755,3242,2.100,2.200,1.610,3,0,120.291,0,0,20,12,0,1,20
28-07 12:23:23,7.498,23.993,65.732,0,0,2338444,9809824,380224,3719568,45310.337,23269.497,0,15.996,0,3.999,4453,3105,2.100,2.200,1.610,3,0,122.966,0,0,20,12,0,1,20
28-07 12:23:24,11.759,28.272,57.545,0,0,2324032,9824216,380236,3720024,63307.039,32902.007,0,152.120,0,5.004,5601,5936,2.100,2.200,1.610,7,0,136.108,0,0,20,12,0,1,20
28-07 12:23:25,22.977,26.224,48.202,1.249,0,2328456,9819292,380392,3720176,45218.043,22997.135,343.658,3.996,22.977,0.999,4687,5372,2.330,2.240,1.630,2,0,87.913,0,0,20,12,0,1,20
28-07 12:23:26,33.398,23.605,34.905,7.282,0,2349384,9794904,380716,3722304,45459.763,23590.702,2876.768,28.125,210.936,3.013,5099,3516,2.330,2.240,1.630,3,0,61.272,0,0,20,12,0,1,20
28-07 12:23:27,27.125,18.415,52.756,0,0,2379332,9764916,380720,3722336,60901.388,32995.427,0,183.153,0,3.982,4197,2928,2.330,2.240,1.630,1,0,83.613,0,0,20,12,0,1,20
28-07 12:23:28,13.235,10.738,74.168,0,0,2400000,9743808,380720,3722728,29679.109,14965.415,0,0,0,0,2855,2470,2.330,2.240,1.630,3,0,47.947,0,0,21,12,0,2,20
28-07 12:23:29,14.767,13.766,70.081,0,0,2394700,9749100,380720,3722736,60758.887,32577.472,0,4.005,0,1.001,3283,2719,2.330,2.240,1.630,2,0,47.054,0,0,21,12,0,2,20
28-07 12:23:30,23.004,4.751,70.763,0,0,2434536,9709264,380720,3722736,44336.000,21891.950,0,4.001,0,1.000,2275,1941,2.230,2.220,1.620,1,0,0,0,0,21,12,0,2,20
28-07 12:23:31,23.437,6.732,68.067,0,0,2440120,9703512,380748,3722876,26501.703,450270.646,0,426.852,0,23.936,3561,3510,2.230,2.220,1.620,1,0,1.995,0,0,21,17,0,5,10
28-07 12:23:32,21.814,8.024,68.452,0,0,2442392,9701052,380788,3723020,33821.841,143254.885,0,718.120,0,38.113,4240,4768,2.230,2.220,1.620,2,0,1.003,0,0,21,14,0,9,0
28-07 12:23:33,14.482,16.730,66.918,0,0,2409508,9733936,380788,3723020,15783.774,8202.009,0,7.990,0,1.998,3683,2648,2.230,2.220,1.620,1,0,94.884,0,0,21,14,0,9,0
28-07 12:23:34,6.498,25.994,65.234,0,0,2401132,9742304,380788,3723028,61341.147,37902.822,0,3.999,0,1.000,4810,3390,2.230,2.220,1.620,1,0,163.960,0,0,21,14,0,9,0
28-07 12:23:35,7.513,23.539,66.861,0,0,2389604,9753812,380788,3723044,60916.366,33227.291,0,268.447,0,58.097,4623,3341,2.210,2.220,1.630,2,0,135.225,0,0,21,14,0,9,0
28-07 12:23:36,6.994,22.981,67.943,0,0,2376576,9766840,380788,3723044,60830.685,34185.163,0,39.966,0,1.998,4623,3407,2.210,2.220,1.630,3,0,130.890,0,0,21,14,0,9,0
28-07 12:23:37,7.500,24.500,65.500,0,0,2365208,9778200,380788,3723048,45263.235,24112.125,0,8.000,0,2.000,4608,3401,2.210,2.220,1.630,1,0,132.001,0,0,21,14,0,9,0
28-07 12:23:38,7.705,23.614,65.621,0,0,2366288,9777108,380792,3723052,60746.905,31259.332,0,198.851,0,4.971,4496,3246,2.210,2.220,1.630,1,0,120.305,0,0,21,14,0,9,0
28-07 12:23:39,8.279,26.343,63.977,0,0,2361960,9781448,380792,3723056,60621.751,31100.171,0,16.057,0,4.014,4579,3298,2.210,2.220,1.630,2,0,122.434,0,0,21,14,0,9,0
28-07 12:23:40,8.526,26.580,62.940,0,0,2361172,9782192,380792,3723060,46198.304,23621.226,0,16.048,0,4.012,4619,3294,2.190,2.210,1.630,1,0,129.390,0,0,21,14,0,9,0
28-07 12:23:41,20.169,21.912,55.279,0,0,2347088,9796256,380792,3723536,72797.574,576502.129,0,7.968,0,1.992,5594,6405,2.190,2.210,1.630,3,0,78.685,0,0,21,14,0,9,0
28-07 12:23:42,18.780,22.787,56.592,0,0,2347028,9796252,380796,3723544,45376.643,22716.868,0,220.358,0,11.018,5041,5726,2.190,2.210,1.630,1,0,68.111,0,0,21,14,0,9,0
28-07 12:23:43,35.807,24.038,39.062,0,0,2384288,9758960,380804,3723536,45924.299,24244.697,0,4.006,0,1.002,5019,3519,2.190,2.210,1.630,3,0,84.134,0,0,21,14,0,9,0
28-07 12:23:44,45.136,19.058,35.106,0,0,2456252,9686888,380804,3723644,60591.088,32074.921,0,0,0,0,4342,2671,2.190,2.210,1.630,2,0,49.149,0,0,21,15,0,9,0
28-07 12:23:45,44.559,8.962,45.306,0,0,2525804,9617336,380804,3723644,37120.073,18186.137,0,3.983,0,0.996,3373,2009,2.180,2.210,1.630,2,0,0,0,0,21,15,0,9,0
28-07 12:23:46,53.489,6.468,37.567,0.249,0,2568556,9574284,380824,3723892,23256.692,11014.337,87.573,242.817,0.995,11.942,4518,3586,2.180,2.210,1.630,4,0,15.922,0,0,21,29,0,9,0
28-07 12:23:47,45.024,8.300,45.778,0,0,2595348,9547096,380852,3724260,30221.853,14844.305,0,321.959,0,10.061,3480,2348,2.180,2.210,1.630,4,0,5.031,0,0,21,31,0,9,0
28-07 12:23:48,41.473,14.795,42.443,0,0,2599840,9539228,380860,3727188,16110.972,7704.783,0,1862.652,0,33.955,5166,6508,2.180,2.210,1.630,1,0,37.835,0,0,21,30,0,9,0
28-07 12:23:49,7.215,23.192,66.999,0,0,2599204,9539832,380872,3727224,62623.246,34618.786,0,206.150,0,12.369,4595,3497,2.180,2.210,1.630,1,0,125.752,0,0,21,30,0,9,0
28-07 12:23:50,17.209,30.926,49.133,1.247,0,2661120,9477888,380888,3727228,61371.820,33308.663,11.971,7669.732,2.993,879.904,5947,3452,2.160,2.210,1.630,4,0,131.686,0,0,21,30,0,9,0
28-07 12:23:51,16.805,27.590,52.421,0,0,2638924,9500068,380888,3727708,61050.681,485114.682,0,2901.490,0,367.201,6342,6119,2.160,2.210,1.630,1,0,123.404,0,0,21,30,0,9,0
28-07 12:23:52,22.512,20.261,56.029,0,0,2634220,9504704,380888,3727716,48136.183,151935.488,0,876.459,0,7.004,5116,5869,2.160,2.210,1.630,1,0,72.038,0,0,21,30,0,9,0
28-07 12:23:53,15.171,10.694,66.654,4.477,0,2629488,9503484,380908,3733160,44829.160,23199.503,5901.349,7.959,86.550,1.990,3764,3011,2.160,2.210,1.630,1,0,42.778,0,0,21,30,0,9,0
28-07 12:23:54,17.872,23.662,56.385,1.762,0,2629356,9501184,380908,3736028,59984.047,30083.650,2408.464,0,28.193,0,4958,5528,2.160,2.210,1.630,2,0,82.564,0,0,22,30,0,9,0
28-07 12:23:55,18.465,22.707,57.142,0,0,2634576,9495912,380916,3736020,45096.956,22783.036,0,143.729,0,3.992,4930,5500,2.070,2.190,1.630,2,0,70.866,0,0,22,30,0,9,0
28-07 12:23:56,24.388,27.872,42.057,3.235,0,2692020,9436100,380948,3737812,44890.228,24037.813,2213.852,199.087,45.790,11.945,5148,3991,2.070,2.190,1.630,2,0,116.466,0,0,22,40,0,9,0
28-07 12:23:57,18.565,22.328,57.201,0,0,2686192,9441748,380972,3737960,60969.242,32951.790,0,501.763,0,29.102,4773,3781,2.070,2.190,1.630,2,0,92.324,0,0,22,46,0,9,0
28-07 12:23:58,7.253,23.761,66.781,0,0,2688412,9439520,380972,3737968,60724.022,33999.689,0,596.275,0,85.039,4640,3486,2.070,2.190,1.630,1,0,129.060,0,0,22,46,0,9,0
28-07 12:23:59,19.224,22.470,56.674,0,0,2701404,9426500,380972,3737976,44735.105,23053.135,0,19.973,0,3.995,5118,6103,2.070,2.190,1.630,4,0,70.905,0,0,22,46,0,9,0
28-07 12:24:00,19.640,22.872,54.196,0.497,0,2688324,9439528,380972,3737980,53600.465,460977.322,19.888,0,1.989,0,5504,6296,2.060,2.180,1.630,11,1,71.599,0,0,22,46,0,9,0
28-07 12:24:01,8.059,16.622,70.769,4.281,0,2682944,9443336,381008,3739492,49487.044,149738.502,1450.642,306.247,30.222,13.096,3173,3186,2.060,2.180,1.630,0,0,115.850,0,0,22,46,0,10,0
28-07 12:24:02,6.499,16.998,73.741,1.000,0,2690264,9434308,381008,3741200,60340.673,32284.080,1723.791,0,19.998,0,3797,3138,2.060,2.180,1.630,2,0,90.989,0,0,24,46,0,10,0
28-07 12:24:03,14.731,26.467,56.928,0,0,2689692,9434860,381008,3741704,45385.726,23708.082,0,3.995,0,0.999,5082,5274,2.060,2.180,1.630,2,0,120.847,0,0,24,46,0,10,0
28-07 12:24:04,19.027,22.032,57.332,0,0,2694784,9429696,381008,3741696,59485.436,31048.593,0,0,0,0,5142,6096,2.060,2.180,1.630,1,0,73.105,0,0,24,46,0,10,0
28-07 12:24:05,10.172,23.568,58.797,4.466,0,2696884,9425704,381008,3743076,44738.151,23639.781,1857.681,3.969,22.824,0.992,4246,3299,2.060,2.180,1.630,5,0,82.365,0,0,24,48,0,10,0
28-07 12:24:06,7.791,25.385,65.850,0,0,2702488,9420048,381016,3743116,61365.781,32965.006,0,201.067,0,10.053,4811,3571,2.060,2.180,1.640,2,0,151.806,0,0,24,48,0,10,0
28-07 12:24:07,6.517,22.809,67.925,0,0,2700864,9421664,381016,3743124,45849.382,25696.347,0,0,0,0,4545,3432,2.060,2.180,1.640,1,0,140.362,0,0,24,48,0,10,0
28-07 12:24:08,8.255,24.765,65.290,0,0,2701356,9421172,381016,3743132,60145.010,32271.858,0,12.007,0,3.002,4604,3408,2.060,2.180,1.640,3,0,128.079,0,0,24,48,0,10,0
28-07 12:24:09,9.476,24.689,63.842,0,0,2694192,9428336,381016,3743132,68253.710,587273.385,0,23.941,0,5.985,5089,3714,2.060,2.180,1.640,2,0,120.701,0,0,24,48,0,10,0
28-07 12:24:10,10.407,22.796,63.680,0,0,2695164,9427356,381016,3743532,48634.385,25055.579,0,15.858,0,3.964,5195,5021,2.060,2.180,1.640,3,0,103.077,0,0,24,48,0,10,0
28-07 12:24:11,19.391,24.931,53.891,0,0,2701764,9420744,381024,3743604,45001.802,23502.676,0,1430.387,0,235.712,5940,7225,1.970,2.160,1.630,1,0,112.819,0,0,24,48,0,10,0
28-07 12:24:12,20.315,23.497,53.847,0,0,2718508,9403980,381024,3743764,58774.448,31182.286,0,0,0,0,4127,4611,1.970,2.160,1.630,15,0,87.134,0,0,24,48,0,9,0
28-07 12:24:13,33.095,35.147,31.812,0,0,2746940,9375540,381032,3743148,47156.796,25626.173,0,86.200,0,4.105,5709,13246,1.970,2.160,1.630,2,0,140.589,0,0,24,48,0,10,0
28-07 12:24:14,28.220,28.470,41.956,0,0,2784344,9338112,381032,3743172,60698.195,32244.105,0,95.899,0,3.996,5247,3438,1.970,2.160,1.630,2,0,154.837,0,0,24,48,0,10,0
28-07 12:24:15,25.761,29.263,43.519,0,0,2813040,9309288,381052,3743248,60661.276,33240.398,0,92.040,0,2.001,5185,3415,1.970,2.160,1.630,3,0,129.056,0,0,24,48,0,10,0
28-07 12:24:16,27.905,28.404,40.363,0.747,0,2843120,9277488,381096,3744800,60474.770,34281.660,11.959,446.485,1.993,4.983,5942,5392,1.970,2.160,1.630,2,0,162.449,0,0,24,52,0,12,0
28-07 12:24:17,25.080,32.855,40.880,0.251,0,2918932,9201664,381104,3744804,46756.254,23964.499,8.026,4.013,2.006,1.003,5337,3502,1.970,2.160,1.630,3,0,177.567,0,0,24,52,0,12,0
28-07 12:24:18,25.862,29.095,43.020,0,0,2965868,9154700,381104,3744812,71891.966,584589.230,0,0,0,0,5714,3823,1.970,2.160,1.630,5,0,146.219,0,0,24,52,0,12,0
28-07 12:24:19,29.578,25.818,43.364,0.251,0,2972940,9147412,381108,3745024,60861.657,34464.977,4.011,942.488,1.003,6.016,5221,3510,1.970,2.160,1.630,5,0,138.365,0,0,24,52,0,12,0
28-07 12:24:20,18.558,28.087,51.409,0,0,2982304,9137880,381108,3745184,45446.828,23446.655,0,20.062,0,5.016,4928,3449,1.970,2.160,1.630,1,0,120.373,0,0,24,52,0,12,0
28-07 12:24:21,7.215,24.631,65.185,0,0,2977716,9142452,381108,3745192,60116.144,31131.379,0,390.113,0,6.966,4572,3444,1.900,2.140,1.630,3,0,123.403,0,0,24,52,0,12,0
28-07 12:24:22,8.291,25.877,63.561,0,0,2973424,9146740,381108,3745196,61805.674,31283.200,0,7235.433,0,903.424,6251,3417,1.900,2.140,1.630,1,0,121.595,0,0,24,52,0,12,0
28-07 12:24:23,11.961,29.156,56.567,0,0,2967380,9152776,381108,3745684,45565.526,23374.348,0,107.652,0,5.981,5713,6309,1.900,2.140,1.630,1,0,128.584,0,0,24,52,0,12,0
28-07 12:24:24,18.652,23.189,56.964,0,0,2972608,9147488,381108,3745684,59434.539,30335.308,0,8.066,0,2.016,4860,5672,1.900,2.140,1.630,1,0,72.592,0,0,24,52,0,12,0
28-07 12:24:25,23.225,16.554,57.567,0,0,2986932,9133124,381108,3745652,45672.215,22665.136,0,7.906,0,1.977,3904,3127,1.900,2.140,1.630,3,0,38.543,0,0,24,52,0,12,0
28-07 12:24:26,43.542,35.785,20.270,0,0,3059408,9060544,381124,3745752,58256.278,572991.529,0,168.162,0,5.005,5869,3598,1.980,2.150,1.640,4,0,127.123,0,0,24,52,0,12,0
28-07 12:24:27,50.358,27.559,20.795,0,0,3127468,8992452,381124,3745780,61682.217,34906.823,0,104.223,0,4.009,5599,3383,1.980,2.150,1.640,4,0,131.281,0,0,24,52,0,12,0
28-07 12:24:28,51.158,30.093,17.554,0,0,3183284,8935316,381144,3747084,60881.546,32103.422,0,349.081,0,26.081,5812,4456,1.980,2.150,1.640,4,0,121.376,0,0,24,52,0,12,0
28-07 12:24:29,48.563,31.467,18.335,0,0,3206008,8911672,381184,3747880,44806.173,23470.985,0,539.153,0,24.777,5531,3558,1.980,2.150,1.640,6,0,137.761,0,0,24,52,0,11,0
28-07 12:24:30,47.796,29.181,17.861,4.528,0,3257800,8857004,382256,3749588,60072.350,30829.090,1006.237,986.112,128.798,52.324,6245,6462,1.980,2.150,1.640,4,0,113.705,0,0,24,52,0,11,0
28-07 12:24:31,59.162,22.458,15.455,0,0,3328348,8786388,382256,3749100,43636.193,22536.737,0,3.864,0,0.966,5933,5419,2.070,2.170,1.650,5,0,77.273,0,0,24,56,0,12,0
28-07 12:24:32,44.894,37.154,16.771,1.032,0,3364248,8746340,383968,3751412,63337.514,34377.354,0,14560.063,0,1497.494,11334,15163,2.070,2.170,1.650,5,0,130.037,0,0,24,56,0,12,0
28-07 12:24:33,44.965,30.726,20.234,0.999,0,3410152,8688476,386080,3760956,45641.632,25692.091,0,17162.700,0,1200.070,10493,13168,2.070,2.170,1.650,6,0,108.916,0,0,24,56,0,5,0
28-07 12:24:34,47.298,29.780,18.269,2.002,0,3436560,8656296,387924,3764744,60622.685,32899.476,0,9753.925,0,992.009,10483,13230,2.070,2.170,1.650,7,0,104.106,0,0,24,56,0,5,0
28-07 12:24:35,46.582,31.885,17.686,1.495,0,3466716,8621656,389356,3767660,62856.388,578199.458,3.986,8254.242,0.996,718.410,9525,11194,2.070,2.170,1.650,5,0,112.594,0,0,24,56,0,5,0
28-07 12:24:36,64.063,30.386,5.824,0.253,0,3525616,8560200,389432,3770180,61822.904,32703.200,534.790,1199.225,7.090,43.553,7386,8842,2.140,2.180,1.650,10,0,187.379,0,0,24,62,0,9,0
28-07 12:24:37,56.451,27.976,13.988,0,0,3545500,8537996,389516,3772444,44695.876,22951.909,0,959.160,0,48.957,8277,12278,2.140,2.180,1.650,3,0,120.894,0,0,24,64,0,13,0
28-07 12:24:38,34.423,31.679,32.427,0,0,3592820,8489840,389568,3772672,60306.133,33157.847,0,646.554,0,30.931,7208,7421,2.140,2.180,1.650,2,0,117.737,0,0,24,78,0,20,0
28-07 12:24:39,25.245,29.494,43.991,0,0,3621956,8460676,389584,3772684,60808.447,35558.659,0,1911.605,0,24.995,5281,3573,2.140,2.180,1.650,2,0,133.972,0,0,24,78,0,20,0
28-07 12:24:40,31.021,29.270,38.026,0.250,0,3658936,8423452,389812,3772696,45614.738,25072.896,0,4623.115,0,218.147,5625,4044,2.140,2.180,1.650,3,0,127.086,0,0,24,78,0,20,0
28-07 12:24:41,26.656,29.894,41.354,0,0,3697076,8385160,389812,3772848,60177.347,30755.318,0,111.606,0,11.958,5211,3499,2.130,2.180,1.660,4,0,133.528,0,0,24,78,0,20,0
28-07 12:24:42,29.575,26.567,42.357,0,0,3745672,8336532,389812,3772880,56705.221,27874.402,0,541.367,0,105.266,5202,3472,2.130,2.180,1.660,2,0,117.296,0,0,24,80,0,20,0
28-07 12:24:43,41.434,27.206,28.954,0.250,0,3723796,8357180,389816,3774200,61011.285,578701.163,3.994,0,0.998,0,7315,9423,2.130,2.180,1.660,5,0,87.859,0,0,24,78,0,21,0
28-07 12:24:44,18.920,23.966,57.014,0,0,3725028,8355860,389820,3774172,44944.946,23063.801,0,0,0,0,4868,6107,2.130,2.180,1.660,4,0,77.700,0,0,24,78,0,22,0
28-07 12:24:45,22.087,29.780,46.655,0,0,3765176,8315640,389820,3774176,45696.933,26233.921,0,7.941,0,1.985,5214,3504,2.130,2.180,1.660,3,0,117.133,0,0,24,78,0,22,0
28-07 12:24:46,27.017,27.017,44.028,0,0,3804468,8276332,389820,3774192,61310.578,33837.844,0,128.083,0,3.002,5139,3354,2.200,2.190,1.660,2,0,127.082,0,0,24,78,0,22,0
28-07 12:24:47,29.259,28.009,41.513,0,0,3848204,8232564,389860,3774184,60900.346,34709.026,0,456.145,0,29.009,5356,3822,2.200,2.190,1.660,3,0,135.043,0,0,24,80,0,22,0
28-07 12:24:48,32.515,29.093,36.427,0,0,3884940,8195568,389904,3774388,59630.543,32984.654,0,250.343,0,24.448,5684,4449,2.200,2.190,1.660,2,0,135.928,0,0,24,86,0,22,0
28-07 12:24:49,29.823,27.274,41.549,0,0,3912304,8168160,389908,3774428,45905.716,23899.562,0,106.039,0,7.137,5054,3542,2.200,2.190,1.660,3,0,123.372,0,0,24,86,0,22,0
28-07 12:24:50,33.911,35.669,28.385,0,0,3952304,8126672,389912,3775916,60925.064,32190.731,0,28.133,0,7.033,7316,7823,2.200,2.190,1.660,4,0,122.582,0,0,24,88,0,25,0
28-07 12:24:51,12.475,25.698,59.878,0,0,3974356,8104496,389940,3776004,45763.832,23699.751,0,455.074,0,24.949,4955,3925,2.420,2.240,1.680,2,0,125.744,0,0,24,88,0,25,0
28-07 12:24:52,15.594,32.697,50.052,0,0,3982092,8096752,389972,3776460,72697.988,595342.988,0,14463.337,0,1707.310,9321,7558,2.420,2.240,1.680,2,0,136.826,0,0,24,88,0,25,0
28-07 12:24:53,21.101,23.335,53.622,0,0,3961668,8117088,389984,3776496,44242.843,22421.802,0,9786.948,0,1146.908,7204,6645,2.420,2.240,1.680,1,0,75.468,0,0,24,90,0,25,0
28-07 12:24:54,22.493,17.994,58.731,0,0,3957260,8121468,389992,3776464,44601.227,23122.341,0,119.960,0,5.998,3889,3298,2.420,2.240,1.680,3,0,34.988,0,0,24,90,0,25,0
28-07 12:24:55,46.471,22.486,29.981,0,0,4037104,8041628,389992,3776488,60183.565,31100.655,0,59.963,0,1.999,4899,3148,2.420,2.240,1.680,5,0,93.942,0,0,24,91,0,25,0
28-07 12:24:56,44.848,9.270,45.349,0,0,4094452,7983884,390004,3776872,29722.719,17303.678,0,0,0,0,3543,2608,3.030,2.370,1.730,3,0,0,0,0,24,91,0,25,0
28-07 12:24:57,12.235,21.724,62.924,0.250,0,4101576,7976280,390160,3777152,60621.928,33213.965,0,1857.761,0,119.856,5367,4790,3.030,2.370,1.730,2,0,135.836,0,0,24,94,0,26,0
28-07 12:24:58,7.011,23.789,67.359,0,0,4088660,7989120,390180,3777208,60936.010,33450.351,0,128.208,0,12.020,4710,3654,3.030,2.370,1.730,1,0,133.216,0,0,24,94,0,26,0
28-07 12:24:59,7.499,23.746,66.238,0,0,4098344,7979348,390244,3777212,45662.630,24595.492,0,1263.768,0,61.989,4716,3695,3.030,2.370,1.730,2,0,130.976,0,0,24,94,0,26,0
28-07 12:25:00,8.249,22.248,66.743,0,0,4097564,7980096,390260,3777220,60809.196,34320.160,0,467.948,0,6.999,4569,3460,3.030,2.370,1.730,1,0,125.986,0,0,24,96,0,26,0
28-07 12:25:01,25.673,29.700,43.039,0.252,0,4171928,7905656,390300,3777240,74268.055,597790.941,0,310.084,0,25.169,6116,4788,3.190,2.410,1.740,2,0,131.886,0,0,24,98,0,27,0
28-07 12:25:02,7.440,22.816,66.713,0,0,4169824,7907736,390316,3777248,45605.096,24707.224,0,142.851,0,12.896,4682,3596,3.190,2.410,1.740,2,0,132.931,0,0,24,98,0,26,0
28-07 12:25:03,7.263,23.542,67.620,0,0,4178596,7898956,390324,3777248,61310.659,33745.807,0,44.078,0,4.007,4640,3563,3.190,2.410,1.740,1,0,137.243,0,0,24,98,0,26,0
28-07 12:25:04,15.489,21.485,61.208,0,0,4203100,7874436,390324,3777260,60392.739,31994.141,0,851.418,0,108.926,4077,3004,3.190,2.410,1.740,2,0,78.946,0,0,24,98,0,26,0
28-07 12:25:05,21.995,5.749,71.232,0,0,4231064,7846472,390324,3777260,29643.694,14816.348,0,1331.672,0,5.999,2313,2104,3.190,2.410,1.740,1,0,0,0,0,24,98,0,26,0
28-07 12:25:06,24.752,14.501,59.004,0,0,4262196,7815288,390360,3777272,29638.120,15005.073,0,400.029,0,21.002,3965,3870,3.170,2.420,1.750,3,0,76.005,0,0,24,98,0,26,0
28-07 12:25:07,31.270,27.768,38.275,0,0,4267912,7809244,390456,3777452,29670.339,14799.646,0,588.383,0,53.035,6421,6175,3.170,2.420,1.750,4,0,219.143,0,0,24,106,0,26,0
28-07 12:25:08,27.736,27.736,42.979,0,0,4216812,7860224,390472,3777444,14848.715,7292.422,0,271.867,0,12.994,5549,4517,3.170,2.420,1.750,5,0,199.902,0,0,24,104,0,26,0
28-07 12:25:09,16.244,23.241,58.478,0,0,4244072,7832948,390488,3777436,15509.114,11775.531,0,267.898,0,10.996,3769,3211,3.170,2.420,1.750,2,0,132.950,0,0,24,104,0,26,0
28-07 12:25:10,23.006,5.502,71.020,0,0,4281080,7795944,390500,3777440,44651.418,22122.153,0,264.073,0,14.004,2381,2277,3.170,2.420,1.750,2,0,2.001,0,0,24,104,0,26,0
28-07 12:25:11,38.762,11.504,47.264,0,0,4294108,7782600,390588,3777664,29720.089,15200.649,0,592.181,0,49.015,5097,5685,3.160,2.430,1.760,3,0,8.002,0,0,24,106,0,27,0
28-07 12:25:12,21.507,7.002,69.273,0,0,4290736,7785948,390592,3777680,15308.181,7460.525,0,40.014,0,3.001,3736,4187,3.160,2.430,1.760,1,0,0,0,0,24,109,0,27,0
28-07 12:25:13,36.973,23.233,38.722,0,0,4293700,7782724,390624,3777836,15203.827,7290.642,0,963.292,0,134.901,5072,14938,3.160,2.430,1.760,1,0,123.909,0,0,24,109,0,28,0
28-07 12:25:14,26.980,8.494,61.954,0,0,4282144,7793744,390976,3777984,14904.813,7746.186,0,1726.704,0,189.858,5434,6880,3.160,2.430,1.760,3,0,2.998,0,0,24,112,0,27,0
28-07 12:25:15,21.983,9.742,65.699,0,0,4287428,7788280,391100,3778020,26360.453,572116.052,0,787.386,0,70.945,4488,5421,3.160,2.430,1.760,2,0,0.999,0,0,24,112,0,27,0
28-07 12:25:16,38.795,7.660,51.397,0.247,0,4291480,7783996,391260,3778084,16329.376,7851.859,0,1324.458,0,106.747,5736,6785,3.070,2.420,1.760,6,0,3.954,0,0,24,112,0,28,0
28-07 12:25:17,35.151,19.219,44.002,0,0,4213524,7861868,391384,3778036,1712.530,3839.789,0,1484.934,0,99.130,6088,6031,3.070,2.420,1.760,2,0,74.854,0,0,24,114,0,29,0
28-07 12:25:18,36.555,15.023,47.071,0,0,4250204,7825076,391412,3778116,45839.531,25545.749,0,356.541,0,20.030,4316,3604,3.070,2.420,1.760,1,0,40.061,0,0,24,113,0,27,0
28-07 12:25:19,22.991,5.498,70.722,0,0,4296572,7778708,391424,3778104,30086.226,14748.228,0,251.901,0,10.996,2393,2098,3.070,2.420,1.760,1,0,2.999,0,0,24,113,0,27,0
28-07 12:25:20,23.026,6.507,68.577,0,0,4296864,7778244,391444,3778256,29504.950,14902.643,0,416.465,0,31.035,3537,3758,3.070,2.420,1.760,3,0,0,0,0,24,115,0,27,0
28-07 12:25:21,28.195,10.230,60.382,0,0,4304548,7770464,391528,3778264,15424.850,7591.162,0,487.048,0,49.902,4038,4371,3.060,2.430,1.770,4,0,0.998,0,0,24,116,0,27,0
28-07 12:25:22,24.701,7.485,65.868,0,0,4308172,7766704,391652,3778272,15332.367,7281.452,0,822.357,0,70.858,4613,4401,3.060,2.430,1.770,1,0,3.992,0,0,24,119,0,27,0
28-07 12:25:23,20.803,9.023,69.176,0.251,0,4308624,7766136,391752,3778284,15596.793,7380.831,0,850.169,0,71.182,3878,4581,3.060,2.430,1.770,2,0,0,0,0,24,119,0,27,2
28-07 12:25:24,36.402,15.458,46.873,0,0,4255296,7819368,391856,3778276,15321.541,7342.133,0,5983.808,0,874.633,6374,4693,3.060,2.430,1.770,3,0,36.900,0,0,24,118,0,28,0
28-07 12:25:25,33.088,21.056,44.118,0,0,4313852,7760756,391864,3778320,1048.804,0,0,381.019,0,15.040,4204,2842,3.060,2.430,1.770,2,0,64.172,0,0,24,118,0,28,0
28-07 12:25:26,41.743,10.933,45.719,0.248,0,4382824,7691736,391912,3778320,44921.949,24042.257,0,1391.449,0,62.615,3645,2538,3.060,2.440,1.770,2,0,0,0,0,24,118,0,28,0
28-07 12:25:27,35.247,9.819,54.382,0,0,4409304,7665024,392120,3778340,30162.679,15414.175,0,3605.302,0,189.329,4301,3991,3.060,2.440,1.770,2,0,0,0,0,24,120,0,28,0
28-07 12:25:28,23.245,6.249,68.985,0,0,4362872,7711396,392164,3778356,29705.347,15074.624,0,215.952,0,23.995,3700,3856,3.060,2.440,1.770,5,0,14.997,0,0,24,118,0,28,0
28-07 12:25:29,22.963,12.979,62.650,0,0,4399152,7675108,392164,3778364,30878.732,19624.688,0,11.981,0,2.995,3300,2701,3.060,2.440,1.770,3,0,43.930,0,0,24,120,0,28,0
28-07 12:25:30,27.548,5.510,66.115,0,0,4444336,7629912,392164,3778376,30531.967,16319.311,0,40.070,0,1.002,2615,2236,3.060,2.440,1.770,1,0,3.005,0,0,24,120,0,28,0
28-07 12:25:31,23.243,6.248,68.980,0,0,4441072,7633164,392164,3778384,30089.457,15221.678,0,3.999,0,1.000,3484,3788,3.050,2.450,1.780,1,0,0,0,0,24,122,0,29,0
28-07 12:25:32,20.763,12.758,64.791,0,0,4436380,7637840,392164,3778404,30478.501,19140.246,0,0,0,0,3674,3167,3.050,2.450,1.780,2,0,55.035,0,0,24,122,0,30,0
28-07 12:25:33,21.249,7.250,70.996,0,0,4435152,7639060,392172,3778404,44590.710,22696.834,0,107.994,0,4.000,2430,2248,3.050,2.450,1.780,1,0,0,0,0,24,122,0,30,0
28-07 12:25:34,24.251,5.250,68.752,0,0,4434572,7639616,392196,3778404,39601.215,451959.865,0,80.002,0,12.000,3222,3100,3.050,2.450,1.780,1,0,1.000,0,0,24,122,0,29,0
28-07 12:25:35,22.234,7.744,69.200,0,0,4435244,7638864,392260,3778420,18261.902,141054.835,0,311.776,0,38.972,3783,4160,3.050,2.450,1.780,1,0,2.998,0,0,24,123,0,29,0
28-07 12:25:36,21.234,8.993,67.199,0,0,4398844,7675168,392392,3778376,15084.444,7480.270,0,699.464,0,79.939,3839,4081,2.970,2.440,1.780,2,0,17.986,0,0,24,122,0,29,0
28-07 12:25:37,14.623,15.884,68.829,0,0,4416360,7657548,392420,3778452,45831.827,24199.721,0,334.819,0,24.204,3574,3094,2.970,2.440,1.780,1,0,64.543,0,0,24,122,0,29,0
28-07 12:25:38,23.349,4.968,70.295,0,0,4445660,7628220,392444,3778452,43804.719,22617.733,0,222.561,0,10.929,2557,2225,2.970,2.440,1.780,1,0,1.987,0,0,24,122,0,14,0
28-07 12:25:39,23.251,5.750,70.252,0.250,0,4460784,7612916,392488,3778588,14915.489,7458.245,0,1068.035,0,56.002,3028,3008,2.970,2.440,1.780,2,0,1.000,0,0,24,122,0,14,0
28-07 12:25:40,27.221,9.989,60.435,0,0,4457716,7615936,392516,3778608,30780.664,16291.356,0,743.195,0,118.871,4274,4188,2.970,2.440,1.780,2,0,5.994,0,0,24,122,0,14,0
28-07 12:25:41,16.729,13.233,68.914,0,0,4417936,7655704,392516,3778620,30467.996,19365.844,0,27.965,0,3.995,3327,2759,2.890,2.440,1.780,2,0,56.929,0,0,24,122,0,14,0
28-07 12:25:42,22.302,6.014,70.666,0,0,4455828,7617812,392516,3778620,29601.455,14758.629,0,0,0,0,2389,2100,2.890,2.440,1.780,2,0,0,0,0,24,122,0,14,0
28-07 12:25:43,24.142,5.281,70.666,0,0,4466152,7607484,392516,3778624,30007.505,14907.688,0,0,0,0,2960,2819,2.890,2.440,1.780,1,0,0,0,0,24,122,0,14,0
28-07 12:25:44,23.582,8.192,65.286,0.248,0,4461188,7612152,392780,3778648,14751.071,7375.536,0,1656.219,0,190.644,5331,6779,2.890,2.440,1.780,2,0,1.986,0,0,24,123,0,14,0
28-07 12:25:45,22.991,9.746,64.976,0.250,0,4460488,7612500,393008,3778748,29519.873,14652.477,0,1351.491,0,147.944,4937,6642,2.890,2.440,1.780,1,0,0,0,0,24,123,0,14,0
28-07 12:25:46,21.260,12.756,64.530,0,0,4411880,7661028,393096,3778736,410.193,148.070,0,892.419,0,63.030,4210,4146,2.820,2.430,1.780,1,0,53.025,0,0,24,122,0,14,0
28-07 12:25:47,21.753,7.501,69.510,0,0,4452632,7620204,393132,3778772,59626.974,31234.701,0,488.073,0,28.004,2739,2629,2.820,2.430,1.780,2,0,2.000,0,0,24,122,0,12,0
28-07 12:25:48,23.674,6.590,69.312,0,0,4483548,7589284,393164,3778744,28888.556,14625.857,0,468.590,0,27.334,3096,3110,2.820,2.430,1.780,1,0,0,0,0,24,122,0,13,0
28-07 12:25:49,23.330,7.179,67.171,0,0,4479976,7592680,393212,3778832,15981.602,7549.830,0,3412.909,0,564.032,4267,3654,2.820,2.430,1.780,1,0,1.026,0,0,24,123,0,13,0
28-07 12:25:50,20.726,9.988,68.171,0,0,4477756,7594848,393360,3778736,15180.370,7287.537,0,1030.803,0,90.894,4048,4943,2.820,2.430,1.780,3,0,1.998,0,0,24,123,0,13,0
28-07 12:25:51,39.032,13.261,45.287,0.500,0,4524940,7547228,393492,3779004,16618.454,9032.312,0,1156.937,0,94.076,5529,6090,2.830,2.440,1.790,2,0,3.002,0,0,24,123,0,10,0
28-07 12:25:52,19.257,11.754,67.275,0,0,4524388,7547684,393568,3779020,27616.061,579887.262,0,616.225,0,50.018,4181,4937,2.830,2.440,1.790,1,0,1.000,0,0,24,123,0,10,0
28-07 12:25:53,27.885,9.959,59.007,0,0,4522344,7549576,393700,3779040,14853.824,7331.804,0,804.686,0,84.651,6851,9469,2.830,2.440,1.790,6,0,2.988,0,0,24,125,0,10,0
28-07 12:25:54,33.366,14.551,48.418,0,0,4447328,7624204,394024,3779096,180.628,0,0,3745.027,0,229.799,6530,7400,2.830,2.440,1.790,2,0,65.227,0,0,24,124,0,10,0
28-07 12:25:55,19.561,9.530,70.469,0,0,4448020,7623488,394048,3779096,45227.492,24325.563,0,409.271,0,17.053,2654,2449,2.830,2.440,1.790,1,0,12.037,0,0,24,124,0,10,0
28-07 12:25:56,23.190,5.735,70.070,0,0,4482828,7588604,394116,3779104,29456.129,14767.962,0,1767.448,0,74.807,3069,3008,2.850,2.450,1.800,1,0,1.995,0,0,24,125,0,11,0
28-07 12:25:57,25.198,6.986,66.364,0,0,4481676,7589728,394148,3779096,30075.346,14973.305,0,415.149,0,17.963,3599,3814,2.850,2.450,1.800,1,0,0.998,0,0,24,128,0,12,0
28-07 12:25:58,25.033,4.756,67.337,0,0,4480692,7590448,394336,3779164,14875.327,7305.492,0,1117.452,0,129.168,4443,5437,2.850,2.450,1.800,1,0,0,0,0,24,126,0,12,0
28-07 12:25:59,8.480,25.441,64.101,0,0,4437868,7633244,394352,3779172,37838.960,20117.193,0,367.146,0,16.961,4637,3508,2.850,2.450,1.800,2,0,149.652,0,0,24,126,0,11,0
28-07 12:26:00,21.310,7.271,70.700,0,0,4474360,7596752,394476,3779048,52682.815,28741.186,0,1945.496,0,97.275,2681,2601,2.850,2.450,1.800,1,0,0,0,0,24,126,0,11,0
28-07 12:26:01,23.443,5.736,69.331,0,0,4493252,7577668,394528,3779184,30024.649,14769.917,0,231.435,0,21.946,2959,2900,2.860,2.460,1.800,1,0,0,0,0,24,127,0,12,0
28-07 12:26:02,24.032,5.507,68.840,0,0,4489436,7581464,394540,3779192,16534.724,8888.679,0,56.074,0,6.008,3177,3178,2.860,2.460,1.800,1,0,2.003,0,0,24,128,0,12,0
28-07 12:26:03,23.504,5.751,69.261,0,0,4486516,7584348,394564,3779200,14977.444,7459.217,0,88.014,0,13.002,3724,3976,2.860,2.460,1.800,1,0,0,0,0,24,127,0,11,0
28-07 12:26:04,20.717,8.736,68.642,0,0,4485856,7584900,394664,3779204,15545.514,7350.422,0,451.289,0,46.926,3787,4474,2.860,2.460,1.800,2,0,0,0,0,24,127,0,11,0
28-07 12:26:05,27.312,8.770,62.392,0.251,0,4486308,7584264,394924,3779120,15009.190,7378.808,0,3103.069,0,518.180,5329,5653,2.860,2.460,1.800,2,0,2.005,0,0,24,127,0,11,0
28-07 12:26:06,21.744,7.248,69.732,0,0,4484760,7585660,394980,3779212,14972.211,7766.034,0,439.889,0,26.993,3293,3513,2.790,2.450,1.810,1,0,0,0,0,24,127,0,11,0
28-07 12:26:07,28.323,16.292,52.385,0,0,4485548,7584500,395096,3779448,1049.708,0,0,641.656,0,59.153,5445,5893,2.790,2.450,1.810,1,0,2.005,0,0,24,129,0,11,0
28-07 12:26:08,34.552,12.180,50.213,0.249,0,4402544,7667376,395212,3779460,15036.919,7481.173,0,986.353,0,101.419,7404,9491,2.790,2.450,1.810,5,0,37.784,0,0,24,128,0,11,0
28-07 12:26:09,31.351,24.078,41.383,0.251,0,4394576,7675180,395336,3779480,1071.456,0,0,987.184,0,93.301,6986,7104,2.790,2.450,1.810,2,0,126.408,0,0,24,128,0,11,0
28-07 12:26:10,20.524,24.529,53.063,0,0,4415172,7654488,395388,3779500,60719.926,37148.004,0,688.816,0,47.056,5321,5082,2.790,2.450,1.810,2,0,125.148,0,0,24,128,0,11,0
28-07 12:26:11,22.236,7.495,69.456,0,0,4455184,7614448,395404,3779508,54567.372,466004.276,0,603.617,0,62.960,2829,2454,2.730,2.440,1.810,1,0,1.999,0,0,24,128,0,10,0
28-07 12:26:12,23.010,6.503,68.781,0,0,4480264,7589276,395472,3779528,32989.993,141704.400,0,1932.878,0,106.048,3423,3381,2.730,2.440,1.810,1,0,1.000,0,0,24,128,0,10,0
28-07 12:26:13,25.158,6.725,66.257,0,0,4480260,7589276,395472,3779532,16560.316,8707.093,0,15.942,0,2.989,3538,3772,2.730,2.440,1.810,4,0,0,0,0,24,128,0,10,0
28-07 12:26:14,26.315,23.809,48.119,0,0,4453844,7615672,395472,3779548,15177.475,7380.223,0,0,0,0,5050,13646,2.730,2.440,1.810,1,0,131.324,0,0,24,128,0,11,0
28-07 12:26:15,6.509,23.532,68.094,0,0,4427932,7641556,395476,3779556,61927.467,35060.387,0,68.094,0,4.006,4686,3502,2.730,2.440,1.810,2,0,144.199,0,0,24,128,0,10,0
28-07 12:26:16,7.245,23.484,67.203,0,0,4434896,7634576,395476,3779572,60599.463,34491.789,0,11.992,0,2.998,4704,3541,2.750,2.450,1.810,2,0,141.900,0,0,24,128,0,10,0
28-07 12:26:17,7.999,24.745,65.738,0,0,4439216,7630252,395476,3779576,45958.389,23253.643,0,11.998,0,2.999,4708,3425,2.750,2.450,1.810,1,0,123.977,0,0,24,128,0,10,0
28-07 12:26:18,7.007,24.524,65.814,0,0,4429760,7639652,395512,3779592,60976.857,32054.941,0,548.529,0,38.037,4930,3812,2.750,2.450,1.810,1,0,124.120,0,0,24,128,0,10,0
28-07 12:26:19,16.976,24.465,56.668,0,0,4432608,7636788,395516,3780092,55395.082,26397.916,0,43.937,0,3.994,4999,5902,2.750,2.450,1.810,2,0,87.873,0,0,24,128,0,8,0
28-07 12:26:20,20.018,22.271,56.552,0,0,4430856,7638484,395520,3779596,48488.654,26196.124,0,2766.548,0,508.468,5519,5757,2.750,2.450,1.810,2,0,79.073,0,0,24,128,0,8,0
28-07 12:26:21,29.604,29.855,40.141,0,0,4489628,7579640,395544,3779608,46402.239,25728.511,0,357.257,0,24.085,5828,4426,2.850,2.480,1.830,2,0,111.392,0,0,24,128,0,8,0
28-07 12:26:22,27.827,27.578,41.740,0.248,0,4530756,7538308,395740,3779616,73268.135,585246.666,0,3796.379,0,206.714,6192,4645,2.850,2.480,1.830,3,0,129.196,0,0,24,128,0,8,0
28-07 12:26:23,29.522,27.270,41.781,0,0,4545868,7522716,395760,3780032,45546.728,24354.034,0,496.368,0,26.019,5642,4413,2.850,2.480,1.830,5,0,133.099,0,0,24,131,0,8,0
28-07 12:26:24,23.292,25.546,48.838,0,0,4538796,7529748,395768,3780060,62424.615,32930.407,0,200.361,0,10.018,5424,4380,2.850,2.480,1.830,3,0,128.231,0,0,24,134,0,8,0
28-07 12:26:25,26.813,32.576,38.841,0,0,4542556,7523596,395780,3782432,49009.781,23436.889,0,188.441,0,11.026,6704,8097,2.850,2.480,1.830,7,0,124.291,0,0,24,136,0,8,0
28-07 12:26:26,12.686,27.114,57.213,0,0,4560300,7505248,395816,3782976,56809.132,31846.308,0,1253.713,0,53.731,5968,5942,3.260,2.570,1.860,1,0,140.296,0,0,24,140,0,8,0
28-07 12:26:27,19.212,21.488,59.154,0,0,4551308,7514220,395836,3783072,60020.490,30278.713,0,182.012,0,14.156,4598,5411,3.260,2.570,1.860,1,0,84.939,0,0,24,140,0,8,0
28-07 12:26:28,18.111,24.065,55.326,0,0,4540300,7525172,395840,3783480,44097.781,22874.558,0,1278.197,0,10.916,4974,6087,3.260,2.570,1.860,2,0,77.406,0,0,24,140,0,7,0
28-07 12:26:29,32.946,23.961,40.933,0,0,4599620,7465856,395840,3783436,45602.127,24779.316,0,11.980,0,1.997,4880,3558,3.260,2.570,1.860,3,0,79.869,0,0,26,140,0,7,0
28-07 12:26:30,47.229,33.557,17.897,0,0,4685504,7379960,395840,3783456,70157.426,466652.276,0,0,0,0,5845,3548,3.260,2.570,1.860,4,0,153.121,0,0,26,140,0,7,0
28-07 12:26:31,50.468,29.126,19.836,0,0,4754056,7311380,395860,3783460,63592.112,153371.514,0,397.721,0,22.096,5845,3951,3.320,2.590,1.870,6,0,124.539,0,0,26,140,0,8,0
28-07 12:26:32,54.744,28.982,13.624,0.248,0,4788404,7272588,395900,3787752,45140.425,25932.113,67.377,479.564,1.982,38.643,6773,6524,3.320,2.590,1.870,5,0,171.414,0,0,26,156,0,7,0
28-07 12:26:33,16.885,42.338,38.306,1.260,0,4786244,7269616,395920,3792688,61161.826,32208.898,36.289,3552.333,9.072,697.564,7550,4303,3.320,2.590,1.870,2,0,124.997,0,0,26,156,0,7,0
28-07 12:26:34,21.551,39.343,33.580,3.508,0,4789620,7266016,395976,3792852,61047.985,32326.774,112.267,5288.560,27.064,287.683,5610,3950,3.320,2.590,1.870,3,0,121.288,0,0,26,162,0,7,0
28-07 12:26:35,15.472,29.696,52.405,0,0,4808680,7246912,395996,3793372,46454.807,24973.739,0,6512.198,0,959.261,6854,6858,3.320,2.590,1.870,10,0,149.729,0,0,26,162,0,7,0
28-07 12:26:36,19.210,25.198,53.888,0,0,4809584,7245936,396032,3793360,55229.106,26411.057,0,371.228,0,29.938,5556,6780,3.460,2.630,1.890,1,0,78.836,0,0,26,162,0,6,0
28-07 12:26:37,21.073,18.815,58.453,0,0,4822032,7233436,396060,3792884,50168.951,27374.917,0,268.932,0,20.070,4409,3696,3.460,2.630,1.890,3,0,54.188,0,0,26,162,0,6,0
28-07 12:26:38,30.510,29.259,39.013,0,0,4869364,7186068,396076,3792900,45320.564,24950.018,0,236.076,0,7.002,9240,3557,3.460,2.630,1.890,2,0,132.042,0,0,26,162,0,6,0
28-07 12:26:39,28.156,27.160,43.107,0,0,4893808,7161584,396100,3792916,70474.931,584233.578,0,271.100,0,13.954,5486,3766,3.460,2.630,1.890,4,0,126.580,0,0,26,162,0,6,0
28-07 12:26:40,18.061,29.098,51.423,0,0,4919100,7136176,396116,3792972,61627.340,32938.820,0,96.324,0,6.020,5093,3501,3.460,2.630,1.890,3,0,155.523,0,0,27,162,0,6,0
28-07 12:26:41,12.014,25.280,61.323,0,0,4919916,7135336,396140,3792972,50010.454,26149.087,0,720.857,0,117.139,5021,3634,3.260,2.610,1.880,4,0,148.176,0,0,27,166,0,6,0
28-07 12:26:42,27.991,24.992,44.735,0,0,4922116,7133096,396176,3792976,57602.488,32800.889,0,343.884,0,29.990,5174,3983,3.260,2.610,1.880,2,0,143.951,0,0,27,182,0,6,0
28-07 12:26:43,8.496,23.740,65.472,0,0,4925324,7129860,396176,3793000,60603.412,31564.673,0,63.973,0,3.998,4567,3405,3.260,2.610,1.880,1,0,119.949,0,0,27,182,0,6,0
28-07 12:26:44,8.000,25.249,64.997,0,0,4928556,7126600,396192,3793008,60607.168,31148.544,0,219.990,0,11.999,4687,3713,3.260,2.610,1.880,1,0,124.994,0,0,27,182,0,6,0
28-07 12:26:45,11.454,26.891,59.758,0,0,4930884,7124120,396216,3793640,45486.980,23564.668,0,219.114,0,14.940,6120,6751,3.260,2.610,1.880,2,0,134.456,0,0,27,182,0,6,0
28-07 12:26:46,20.814,23.823,53.162,0,0,4921264,7133596,396264,3793664,49832.315,26642.434,0,485.484,0,32.098,5448,6988,3.320,2.630,1.900,3,0,81.248,0,0,27,182,0,6,0
28-07 12:26:47,18.518,24.024,55.805,0,0,4932456,7122308,396276,3793172,61839.389,451001.716,0,80.079,0,7.007,4270,3534,3.320,2.630,1.900,3,0,60.060,0,0,27,182,0,6,0
28-07 12:26:48,26.548,28.253,43.354,0,0,4988628,7066120,396284,3793176,47710.852,158689.340,0,66.249,0,2.923,5360,3548,3.320,2.630,1.900,3,0,131.523,0,0,27,182,0,6,0
28-07 12:26:49,26.966,27.480,43.917,0,0,5030776,7023928,396284,3793220,62480.987,35492.973,0,0,0,0,5138,3453,3.320,2.630,1.900,4,0,137.657,0,0,27,182,0,6,0
28-07 12:26:50,30.617,26.883,40.823,0,0,5042540,7011892,396288,3793456,61159.553,32660.247,0,15.931,0,3.983,5568,4454,3.320,2.630,1.900,4,0,131.430,0,0,27,184,0,6,0
28-07 12:26:51,15.757,28.263,54.275,0,0,5064008,6990364,396316,3793468,45404.031,23190.742,0,364.169,0,25.012,5151,4304,3.290,2.640,1.900,3,0,124.057,0,0,27,188,0,6,0
28-07 12:26:52,40.007,37.006,21.503,0,0,5129684,6921788,396372,3796672,61345.970,32655.307,0,504.082,0,41.007,8946,12448,3.290,2.640,1.900,4,0,124.020,0,0,27,194,0,5,0
28-07 12:26:53,18.809,24.828,54.420,0,0,5133104,6918296,396384,3796796,45176.210,22769.171,0,405.267,0,12.038,5450,6504,3.290,2.640,1.900,2,0,133.417,0,0,27,194,0,5,0
28-07 12:26:54,17.637,22.853,56.636,0,0,5130540,6920820,396384,3796300,44775.229,22566.962,0,127.183,0,6.955,4093,3434,3.290,2.640,1.900,3,0,58.623,0,0,27,194,0,5,0
28-07 12:26:55,26.887,28.898,43.221,0.251,0,5173516,6877824,396392,3796308,61206.770,37730.807,0,233.192,0,11.056,5243,3479,3.290,2.640,1.900,5,0,138.709,0,0,27,194,0,5,0
28-07 12:26:56,29.202,28.953,40.684,0,0,5196172,6855140,396432,3796296,72958.214,580051.595,0,634.966,0,48.920,5879,4226,3.430,2.670,1.920,2,0,148.758,0,0,27,194,0,5,0
28-07 12:26:57,33.418,30.887,34.684,0,0,5205596,6844604,396476,3797340,62968.067,33443.558,0,473.931,0,31.393,6923,7962,3.430,2.670,1.920,5,0,155.952,0,0,27,196,0,5,0
28-07 12:26:58,21.056,31.461,43.847,0,0,5245916,6802812,396508,3798768,46780.616,26268.330,0,364.645,0,27.745,6650,8437,3.430,2.670,1.920,3,0,176.377,0,0,27,200,0,5,0
28-07 12:26:59,7.732,25.938,64.346,0,0,5244612,6804100,396520,3798772,60551.448,31802.080,0,2944.970,0,16.960,4983,3641,3.430,2.670,1.920,2,0,168.598,0,0,27,200,0,5,0
28-07 12:27:00,7.987,26.705,63.144,0,0,5239772,6808920,396536,3798776,61025.012,32371.898,0,267.553,0,12.978,4873,3545,3.430,2.670,1.920,3,0,148.751,0,0,27,200,0,3,0
28-07 12:27:01,15.307,26.098,57.716,0.251,0,5245736,6802916,396564,3798780,61104.825,33459.298,0,11952.761,0,54.203,5103,3877,3.560,2.710,1.940,1,0,138.519,0,0,27,206,0,4,0
28-07 12:27:02,6.999,22.746,66.988,0,0,5251440,6797196,396580,3798792,46124.589,26139.233,0,159.971,0,13.997,4701,3754,3.560,2.710,1.940,3,0,132.976,0,0,27,206,0,4,0
28-07 12:27:03,8.499,25.498,64.245,0,0,5248856,6799776,396608,3798796,60609.830,31147.343,0,359.969,0,24.998,4948,3950,3.560,2.710,1.940,1,0,121.990,0,0,27,206,0,4,0
28-07 12:27:04,8.256,25.018,64.546,0,0,5244440,6804116,396612,3798868,73888.158,579318.783,0,100.072,0,7.005,5095,3850,3.560,2.710,1.940,1,0,128.092,0,0,27,206,0,3,0
28-07 12:27:05,12.365,27.203,57.374,0,0,5253828,6794596,396612,3799480,45119.984,23250.463,0,7.914,0,1.978,6024,6526,3.560,2.710,1.940,11,0,153.328,0,0,27,206,0,3,0
28-07 12:27:06,18.794,25.560,53.124,0.251,0,5256456,6791948,396676,3799444,60019.564,30210.753,0,854.000,0,56.131,6130,7409,3.830,2.790,1.960,12,0,86.202,0,0,27,206,0,3,0
28-07 12:27:07,24.840,22.331,51.939,0,0,5267952,6780300,396728,3798980,45369.237,23519.660,0,393.433,0,43.157,4500,3920,3.830,2.790,1.960,2,0,49.179,0,0,27,210,0,3,0
28-07 12:27:08,38.428,22.353,39.181,0,0,5337812,6710244,396728,3799172,47253.577,25818.426,0,156.725,0,10.046,4756,3408,3.830,2.790,1.960,2,0,74.344,0,0,27,212,0,3,0
28-07 12:27:09,42.722,10.493,45.220,0,0,5413160,6634896,396728,3799172,59660.399,31071.376,0,7.995,0,0.999,3563,2471,3.830,2.790,1.960,2,0,1.999,0,0,27,212,0,3,0
28-07 12:27:10,42.536,14.762,42.035,0,0,5493368,6554004,396732,3799832,29795.870,14670.245,0,224.187,0,11.009,4648,4415,3.830,2.790,1.960,3,0,2.002,0,0,27,212,0,3,0
28-07 12:27:11,42.595,10.960,45.335,0,0,5527960,6518724,396752,3800480,29664.247,14979.588,0,163.406,0,9.964,4366,3892,3.680,2.770,1.960,2,0,8.967,0,0,27,215,0,3,0
28-07 12:27:12,30.592,18.556,49.398,0,0,5421728,6624848,396768,3800572,32141.559,17785.431,0,497.495,0,70.211,4719,3653,3.680,2.770,1.960,3,0,72.217,0,0,27,216,0,3,0
28-07 12:27:13,23.314,57.908,14.790,2.758,0,5434848,6608312,397096,3803316,45731.074,23434.092,2222.077,890.435,148.406,20.055,6369,5838,3.680,2.770,1.960,6,0,206.565,0,0,27,216,0,3,0
28-07 12:27:14,42.953,44.939,9.683,0.248,0,5491660,6547248,397132,3807408,73303.675,590447.588,282.048,341.636,11.918,23.835,10121,28368,3.680,2.770,1.960,6,0,186.708,0,0,27,216,0,4,0
28-07 12:27:15,46.187,29.550,21.604,0,0,5521112,6517544,397300,3807412,45751.764,25167.344,0,2721.546,0,159.916,6926,6557,3.680,2.770,1.960,3,0,124.158,0,0,27,220,0,4,0
28-07 12:27:16,45.069,31.549,22.284,0,0,5518612,6519880,397300,3807576,62266.981,32031.375,0,16.025,0,4.006,6731,5989,3.710,2.790,1.970,4,0,132.204,0,0,27,221,0,4,0
28-07 12:27:17,40.681,32.036,27.206,0.254,0,5497452,6540580,397664,3807660,47368.127,24087.316,0,3352.128,0,304.092,7700,9213,3.710,2.790,1.970,3,0,127.129,0,0,27,222,0,3,0
28-07 12:27:18,28.061,27.316,42.215,0,0,5545848,6492128,397688,3807692,60020.473,31291.104,0,464.867,0,29.799,5319,3904,3.710,2.790,1.970,3,0,120.190,0,0,27,222,0,3,0
28-07 12:27:19,37.991,27.993,32.742,0,0,5577412,6460480,397740,3808244,61374.840,32111.068,0,2711.330,0,75.981,6551,7254,3.710,2.790,1.970,2,0,121.970,0,0,27,222,0,3,0
28-07 12:27:20,35.960,26.470,35.960,0,0,5558368,6479484,397740,3807732,45519.914,22846.360,0,19.978,0,2.997,6677,7914,3.710,2.790,1.970,3,0,85.904,0,0,27,224,0,3,0
28-07 12:27:21,58.856,29.553,12.522,0,0,5526900,6510760,397772,3808308,46000.583,25716.167,8.014,536.964,1.002,45.081,6563,5982,3.810,2.830,1.990,4,0,103.185,0,0,27,222,0,3,0
28-07 12:27:22,66.284,24.195,9.577,0,0,5676700,6360880,397800,3808360,60364.916,32122.575,0,407.278,0,37.300,5439,3898,3.810,2.830,1.990,4,0,37.300,0,0,27,223,0,3,0
28-07 12:27:23,61.462,14.070,20.981,0.987,0,5738384,6298228,397848,3809268,41034.055,448562.647,718.787,363.343,6.911,18.760,5230,4105,3.810,2.830,1.990,3,0,6.911,0,0,27,228,0,3,0
28-07 12:27:24,62.072,15.890,20.360,0,0,5769136,6266024,397896,3810580,23200.996,127439.123,0,1422.192,0,91.370,5746,4704,3.810,2.830,1.990,4,0,0.993,0,0,27,229,0,3,0
28-07 12:27:25,47.763,19.712,32.095,0,0,5753444,6281076,397956,3810900,28140.475,16968.389,0,703.562,0,58.630,5846,5505,3.810,2.830,1.990,2,0,79.858,0,0,27,226,0,10,0
28-07 12:27:26,27.255,27.255,44.007,0,0,5798232,6236256,397960,3810912,60945.159,34691.783,0,188.031,0,10.002,5197,3619,3.670,2.820,1.990,3,0,133.022,0,0,27,226,0,10,0
28-07 12:27:27,27.306,27.802,42.199,0,0,5802592,6231852,398020,3810892,60451.454,33803.247,0,1207.401,0,64.540,5642,4628,3.670,2.820,1.990,2,0,128.088,0,0,27,226,0,10,0
28-07 12:27:28,27.536,28.032,41.675,0,0,5786208,6248052,398036,3811060,45424.150,23209.202,0,230.207,0,16.869,6008,5258,3.670,2.820,1.990,2,0,115.103,0,0,27,227,0,10,0
28-07 12:27:29,26.835,29.873,41.771,0.759,0,5708304,6325900,398060,3811092,62142.935,31543.352,0,469.859,0,34.429,5557,4229,3.670,2.820,1.990,3,0,130.629,0,0,27,226,0,10,0
28-07 12:27:30,37.985,27.923,33.457,0,0,5745040,6289120,398072,3811612,47131.109,24633.675,0,213.322,0,13.081,5755,6605,3.670,2.820,1.990,2,0,103.642,0,0,27,226,0,10,0
28-07 12:27:31,39.558,23.138,36.075,0,0,5767308,6266812,398088,3811600,44650.989,23881.930,0,183.110,0,7.961,5627,6834,3.530,2.800,1.990,2,0,84.589,0,0,27,226,0,12,0
28-07 12:27:32,41.247,29.175,28.169,0,0,5789644,6244396,398100,3811136,60979.015,32935.147,0,8076.344,0,178.066,6231,4937,3.530,2.800,1.990,3,0,104.626,0,0,27,228,0,12,0
28-07 12:27:33,47.076,29.980,21.308,0,0,5772148,6261816,398168,3811144,56140.797,564922.347,0,440.040,0,40.634,6551,5270,3.530,2.800,1.990,4,0,144.698,0,0,27,226,0,13,0
28-07 12:27:34,46.733,32.738,19.493,0,0,5842136,6191800,398180,3811160,60511.581,32466.508,0,179.936,0,9.996,5504,3650,3.530,2.800,1.990,5,0,124.956,0,0,27,226,0,13,0
28-07 12:27:35,53.162,29.202,16.223,0,0,5883504,6149412,398256,3812012,50471.500,25571.694,0,1741.119,0,71.881,6316,6456,3.530,2.800,1.990,4,0,114.810,0,0,27,232,0,15,0
28-07 12:27:36,30.014,30.264,38.268,0,0,5888980,6143376,398284,3812524,57474.333,29568.062,0,192.091,0,18.009,6477,6720,3.650,2.840,2.010,2,0,113.054,0,0,27,236,0,15,0
28-07 12:27:37,33.375,31.619,33.626,0,0,5836796,6195496,398340,3813016,60232.221,31582.618,0,1248.690,0,144.543,6598,7546,3.650,2.840,2.010,2,0,131.494,0,0,27,234,0,15,0
28-07 12:27:38,39.597,23.808,35.086,0,0,5873036,6159232,398352,3813040,30776.425,15696.468,0,148.364,0,8.020,5522,5960,3.650,2.840,2.010,3,0,88.216,0,0,27,234,0,15,0
28-07 12:27:39,41.848,26.902,29.892,0,0,5905192,6127024,398368,3812548,61127.156,32193.164,0,155.436,0,7.971,5756,4456,3.650,2.840,2.010,3,0,86.685,0,0,27,234,0,15,0
28-07 12:27:40,48.715,32.727,17.987,0,0,5958068,6074108,398384,3812572,60951.277,34693.113,0,227.837,0,13.990,6007,4614,3.650,2.840,2.010,5,0,141.898,0,0,27,236,0,15,0
28-07 12:27:41,49.640,31.680,17.212,0,0,5979100,6053008,398400,3812592,47664.689,26612.203,0,211.533,0,7.982,5748,4249,3.600,2.840,2.010,5,0,123.727,0,0,27,234,0,16,0
28-07 12:27:42,39.720,33.184,25.642,0,0,6002812,6027832,398436,3813984,75211.512,595413.241,0,506.813,0,30.167,7716,8558,3.600,2.840,2.010,2,0,117.653,0,0,27,240,0,17,0
28-07 12:27:43,28.666,27.669,41.379,0,0,6019780,6010812,398468,3814000,56702.425,29009.291,0,394.847,0,23.930,5702,4516,3.600,2.840,2.010,2,0,116.659,0,0,27,240,0,17,0
28-07 12:27:44,32.082,32.839,34.608,0,0,6020572,6009872,398488,3814608,50112.008,25572.341,0,440.554,0,19.198,6988,7658,3.600,2.840,2.010,4,0,143.483,0,0,27,241,0,18,0
28-07 12:27:45,36.714,27.473,33.967,0,0,5997572,6032772,398508,3814628,48450.752,22951.618,0,275.731,0,20.980,5772,5950,3.600,2.840,2.010,6,0,91.910,0,0,27,240,0,18,0
28-07 12:27:46,41.318,23.257,34.143,0,0,6005052,6025272,398540,3814132,44775.753,23078.653,0,261.268,0,20.783,5307,3687,3.550,2.840,2.020,3,0,53.441,0,0,27,242,0,18,0
28-07 12:27:47,47.516,29.510,21.507,0.250,0,6045160,5984968,398564,3814300,60886.274,33267.077,0,520.173,0,21.007,5929,4232,3.550,2.840,2.020,3,0,120.040,0,0,27,242,0,18,0
28-07 12:27:48,61.768,16.358,20.264,0,0,6080376,5949464,398636,3814512,44580.467,22668.166,0,1433.606,0,162.111,5857,4767,3.550,2.840,2.020,3,0,0.977,0,0,27,242,0,19,0
28-07 12:27:49,63.861,14.106,21.544,0,0,6127824,5901612,398680,3814832,30487.255,15702.198,0,266.730,0,9.233,4831,3629,3.550,2.840,2.020,4,0,8.207,0,0,27,244,0,23,0
28-07 12:27:50,53.083,12.520,33.552,0,0,6178680,5849980,398732,3815528,30220.226,15049.518,0,456.714,0,35.055,6922,7705,3.550,2.840,2.020,4,0,3.005,0,0,27,247,1,26,0
28-07 12:27:51,46.520,7.712,43.037,0.249,0,6199344,5829088,398920,3815552,15081.291,7707.817,0,2909.587,0,191.054,5108,4935,3.430,2.830,2.020,3,0,0.995,0,0,27,255,1,26,0
28-07 12:27:52,46.500,19.857,31.671,0,0,6151520,5876776,399028,3815576,56388.644,459738.622,0,1303.017,0,76.411,6750,6616,3.430,2.830,2.020,4,0,57.309,0,0,27,254,1,27,0
28-07 12:27:53,26.856,29.591,42.521,0,0,6110640,5917632,399036,3815588,55497.636,150866.915,0,7233.114,0,295.412,6195,4435,3.430,2.830,2.020,2,0,133.283,0,0,27,254,1,27,0
28-07 12:27:54,26.673,27.172,42.627,0,0,6152456,5875784,399036,3815600,54223.606,30831.075,0,211.390,0,9.971,5632,4181,3.430,2.830,2.020,3,0,132.617,0,0,27,255,1,27,0
28-07 12:27:55,28.894,28.643,41.457,0,0,6152416,5875680,399036,3815740,60584.831,31226.083,0,1567.837,0,18.090,5910,4990,3.430,2.830,2.020,3,0,123.618,0,0,27,256,1,28,0
28-07 12:27:56,28.271,27.770,42.031,0,0,6116260,5911756,399084,3815764,60799.349,31316.843,0,500.365,0,40.029,5956,4967,3.470,2.850,2.030,3,0,131.096,0,0,27,254,1,28,0
28-07 12:27:57,26.530,30.068,42.449,0,0,6133340,5894668,399092,3815764,45693.073,23466.087,0,865.146,0,16.171,5109,3703,3.470,2.850,2.030,2,0,123.304,0,0,27,254,1,28,0
28-07 12:27:58,33.315,31.823,33.564,0,0,6165456,5862520,399116,3816280,60079.366,31379.742,0,926.853,0,42.763,6521,6811,3.470,2.850,2.030,3,0,144.199,0,0,27,255,1,28,0
28-07 12:27:59,37.540,25.192,33.589,0,0,6131908,5896000,399132,3816264,29293.315,14735.569,0,98.790,0,8.891,6357,7091,3.470,2.850,2.030,9,0,89.899,0,0,27,256,1,28,0
28-07 12:28:00,38.471,25.154,34.525,0.247,0,6084316,5943480,399196,3816232,54591.658,26124.451,0,481.375,0,42.416,6098,5546,3.470,2.850,2.030,6,0,51.294,0,0,28,256,1,28,0
28-07 12:28:01,48.611,38.066,14.146,0,0,6149816,5877944,399212,3816256,59367.959,471744.106,0,333.331,0,15.432,6061,4679,3.920,2.950,2.070,3,0,249.999,0,0,28,256,1,29,0
28-07 12:28:02,43.459,11.672,42.714,0,0,6215532,5812172,399240,3816280,47578.882,142125.730,0,508.599,0,35.761,4091,3018,3.920,2.950,2.070,2,0,10.927,0,0,28,259,1,28,0
28-07 12:28:03,51.251,11.444,35.826,0,0,6286940,5740156,399300,3816788,30951.848,16512.893,0,708.563,0,40.802,4401,3581,3.920,2.950,2.070,2,0,3.981,0,0,28,263,1,28,0
28-07 12:28:04,47.319,10.068,42.285,0,0,6293316,5732092,399376,3818292,30136.099,15572.952,0,596.017,0,52.353,5661,6848,3.920,2.950,2.070,1,0,36.244,0,0,28,264,1,29,0
28-07 12:28:05,7.251,24.004,66.262,0,0,6297900,5727488,399376,3818296,46355.216,26426.684,0,0,0,0,4799,3931,3.920,2.950,2.070,2,0,143.025,0,0,28,264,1,29,0
28-07 12:28:06,5.998,8.247,83.721,0,0,6298080,5727280,399432,3818264,50642.528,25326.262,0,1787.383,0,66.977,3024,3505,3.760,2.940,2.070,0,0,35.988,0,0,28,265,1,29,0
28-07 12:28:07,3.248,2.498,93.429,0,0,6298000,5727280,399456,3818320,60727.170,28271.664,0,143.891,0,17.986,1906,2740,3.760,2.940,2.070,0,0,0,0,0,28,266,1,29,0
28-07 12:28:08,4.000,2.750,89.750,0,0,6291024,5732048,399456,3820476,2373984.667,89641.534,0,4.000,0,1.000,5101,4370,3.760,2.940,2.070,0,0,2.000,0,0,28,265,1,29,0
28-07 12:28:09,5.249,6.499,77.740,0,0,6288060,5726848,399464,3828396,8567141.554,206098.685,0,319.958,0,17.998,14584,10930,3.760,2.940,2.070,1,0,1.000,0,0,28,265,1,29,0
28-07 12:28:10,3.501,4.751,84.773,0,0,6288200,5720992,399500,3833916,5911562.909,116689.759,0,184.050,0,25.007,8922,6638,3.760,2.940,2.070,1,0,0,0,0,28,265,1,29,0
28-07 12:28:11,13.495,23.241,59.727,1.250,0,6282128,5724296,399528,3836628,440439.609,38187.400,2299.121,375.856,26.990,22.991,5751,5199,3.460,2.890,2.060,2,0,135.948,0,0,28,264,1,29,0
28-07 12:28:12,8.753,21.508,67.025,0,0,6290380,5716044,399528,3836628,56581.961,584088.374,0,0,0,0,4888,3990,3.460,2.890,2.060,2,0,130.048,0,0,28,264,1,29,0
28-07 12:28:13,21.238,7.995,68.961,0,0,6326104,5680260,399572,3836640,59378.422,30312.859,0,411.767,0,38.978,3018,3043,3.460,2.890,2.060,2,0,0,0,0,28,264,1,29,0
28-07 12:28:14,30.012,7.689,61.017,0,0,6365820,5640516,399588,3836652,30916.344,16016.256,0,5290.137,0,360.150,4006,3069,3.460,2.890,2.060,5,0,13.890,0,0,28,269,1,29,0
28-07 12:28:15,35.568,22.703,40.865,0,0,6400684,5605544,399588,3836668,15417.719,7525.219,0,12.108,0,3.027,5102,20654,3.460,2.890,2.060,1,0,112.000,0,0,28,274,1,32,0
28-07 12:28:16,23.215,7.738,67.149,0,0,6399248,5606796,399632,3836808,15651.525,7498.753,0,435.347,0,31.952,4649,5543,3.260,2.860,2.050,1,0,1.997,0,0,28,274,1,32,0
28-07 12:28:17,25.025,5.005,67.066,0,0,6394756,5611248,399648,3836828,15589.338,7303.185,0,156.154,0,13.013,4859,5581,3.260,2.860,2.050,1,0,2.002,0,0,28,274,1,32,0
28-07 12:28:18,24.764,6.504,66.537,0,0,6398196,5607732,399692,3836860,15347.580,7366.118,0,424.237,0,42.023,4691,5644,3.260,2.860,2.050,1,0,1.001,0,0,28,277,1,32,0
28-07 12:28:19,24.715,6.241,67.156,0,0,6396144,5609724,399716,3836892,15230.691,7285.807,0,1262.234,0,160.775,5080,6062,3.260,2.860,2.050,1,0,1.997,0,0,28,278,1,33,0
28-07 12:28:20,23.467,6.241,66.907,0,0,6397464,5608312,399764,3836928,1249.259,0,0,327.543,0,24.965,4636,5484,3.260,2.860,2.050,1,0,1.997,0,0,28,280,1,35,0
28-07 12:28:21,27.819,10.526,59.146,0,0,6376412,5618776,399804,3847456,15442.064,7462.394,0,409.008,0,35.086,5722,7078,3.080,2.820,2.040,1,0,0,0,0,28,281,1,39,0
28-07 12:28:22,23.949,9.580,60.252,5.042,0,6383488,5604836,399884,3853776,1013.438,70.588,0,18780.367,0,405.375,5248,5416,3.080,2.820,2.040,2,0,25.210,0,0,28,278,1,43,0
28-07 12:28:23,14.131,28.015,55.534,0,0,6352660,5634952,399904,3854468,60950.604,51017.942,0,360.971,0,23.800,5623,4829,3.080,2.820,2.040,3,0,163.627,0,0,28,278,1,43,0
28-07 12:28:24,11.497,26.244,59.235,0,0,6351224,5636740,399924,3854096,61285.899,35067.359,0,315.922,0,20.995,5590,4737,3.080,2.820,2.040,2,0,194.952,0,0,28,278,1,43,0
28-07 12:28:25,18.509,17.759,61.781,0,0,6366176,5621780,399988,3854040,46813.787,27082.762,0,1512.769,0,82.042,4410,4040,3.080,2.820,2.040,1,0,129.066,0,0,28,280,1,43,0
28-07 12:28:26,23.743,5.748,70.228,0,0,6401820,5586036,399996,3854112,44741.072,22676.941,0,831.741,0,7.998,2682,2590,2.910,2.790,2.040,1,0,1.999,0,0,28,280,1,36,0
28-07 12:28:27,16.990,13.742,67.460,0,0,6390924,5596928,400004,3854108,57432.298,471545.292,0,115.932,0,8.995,3967,3292,2.910,2.790,2.040,2,0,60.964,0,0,28,280,1,36,0
28-07 12:28:28,7.007,23.023,67.568,0,0,6388192,5599640,400008,3854124,50717.940,148387.038,0,40.040,0,4.004,4753,3713,2.910,2.790,2.040,2,0,128.129,0,0,28,280,1,36,0
28-07 12:28:29,6.749,23.748,66.994,0,0,6386308,5601460,400056,3854140,60934.869,33435.185,0,779.934,0,47.996,5002,4164,2.910,2.790,2.040,3,0,133.989,0,0,28,280,1,36,0
28-07 12:28:30,6.498,22.242,68.476,0,0,6375204,5612560,400060,3854140,61466.869,34913.997,0,55.981,0,5.998,4583,3664,2.910,2.790,2.040,1,0,121.958,0,0,28,280,1,36,0
28-07 12:28:31,7.748,25.992,63.230,0.500,0,6362796,5624892,400108,3854168,61296.414,36978.185,0,727.767,0,56.982,5326,4563,2.760,2.760,2.030,1,0,143.954,0,0,28,280,1,37,0
28-07 12:28:32,5.752,14.255,78.027,0,0,6358888,5628752,400136,3854188,49272.064,25070.682,0,140.049,0,18.006,3483,3216,2.760,2.760,2.030,0,0,86.030,0,0,28,280,1,37,0
28-07 12:28:33,9.509,6.006,83.331,0,0,6374160,5613408,400172,3854220,56114.297,29920.952,0,280.271,0,22.021,2510,2977,2.760,2.760,2.030,1,0,9.009,0,0,28,280,1,37,0
28-07 12:28:34,23.513,5.253,70.788,0,0,6411936,5575628,400176,3854220,30031.245,14599.898,0,32.017,0,3.002,2610,2453,2.760,2.760,2.030,2,0,0,0,0,28,280,1,37,0
28-07 12:28:35,22.938,6.981,68.813,0,0,6430268,5557272,400188,3854228,29701.333,15102.981,0,151.588,0,15.957,3480,3683,2.760,2.760,2.030,1,0,1.995,0,0,28,290,1,33,0
28-07 12:28:36,28.205,5.741,63.899,0,0,6429772,5557628,400292,3854248,19266.529,8849.005,0,2468.097,0,141.776,4208,4669,2.620,2.730,2.030,2,0,0.998,0,0,28,304,1,33,0
28-07 12:28:37,8.255,21.263,68.042,0,0,6359428,5627936,400308,3854260,28447.441,17022.437,0,216.133,0,19.012,4490,3846,2.620,2.730,2.030,1,0,105.064,0,0,28,304,1,33,0
28-07 12:28:38,5.010,5.762,68.643,18.789,0,6336716,5635864,400416,3868560,56737.308,596269.329,10626.157,0,167.349,0,3537,3571,2.620,2.730,2.030,0,1,9.019,0,0,28,304,1,33,0
28-07 12:28:39,1.998,4.246,69.678,21.727,0,6323260,5629576,400444,3888148,29565.334,14738.713,18145.180,16303.090,169.824,40.958,2434,2825,2.620,2.730,2.030,0,1,0.999,0,0,28,304,1,31,0
28-07 12:28:40,3.492,6.734,66.092,21.698,0,6323584,5606644,400476,3910596,30288.565,14623.029,21225.240,1612.145,201.518,277.337,2914,3035,2.620,2.730,2.030,3,1,2.993,0,0,28,304,1,32,0
28-07 12:28:41,3.512,5.770,68.993,20.321,0,6315432,5591312,400500,3933864,15333.914,7470.265,21876.919,104.367,215.759,9.032,2741,2965,2.570,2.720,2.030,1,1,5.018,0,0,28,304,1,32,0
28-07 12:28:42,3.501,6.502,70.021,17.755,0,6317456,5566112,400500,3956928,15223.616,7406.245,21150.412,0,206.062,0,3003,3146,2.570,2.720,2.030,1,0,11.003,0,0,28,304,1,32,0
28-07 12:28:43,4.498,5.748,69.221,19.492,0,6317756,5545952,400532,3976660,30423.148,19755.654,18836.043,287.878,183.922,20.991,3009,3375,2.570,2.720,2.030,0,1,4.998,0,0,28,304,1,30,0
28-07 12:28:44,3.745,6.241,69.403,18.973,0,6318028,5530592,400544,3991648,45101.991,26481.005,14747.397,27.961,141.802,2.996,2825,3038,2.570,2.720,2.030,1,0,11.983,0,0,28,304,1,30,0
28-07 12:28:45,4.250,7.249,68.992,17.248,0,6319328,5520260,400564,4000576,60001.066,30980.420,8790.984,103.988,76.991,9.999,2712,2849,2.570,2.720,2.030,0,1,15.998,0,0,28,304,1,30,0
28-07 12:28:46,3.504,3.754,70.082,21.525,0,6317456,5505908,400608,4016672,30050.305,14757.338,15614.345,252.296,141.166,31.036,2526,2915,2.520,2.710,2.030,1,1,0,0,0,28,304,1,30,0
28-07 12:28:47,7.002,12.004,66.023,13.004,0,6322040,5489276,400612,4028660,46910.112,28684.852,11972.112,0,122.042,0,3627,3347,2.520,2.710,2.030,1,1,28.010,0,0,28,304,1,29,0
28-07 12:28:48,2.691,6.360,68.979,19.324,0,6319324,5471712,400612,4048844,44349.119,24814.842,19177.151,0,223.081,0,3083,3064,2.520,2.710,2.030,1,0,7.827,0,0,28,304,1,29,0
28-07 12:28:49,4.088,7.410,69.497,17.630,0,6319940,5456596,400612,4063280,45792.274,23624.832,14447.163,282.075,159.434,55.189,2973,2954,2.520,2.710,2.030,0,1,9.198,0,0,28,304,1,29,0
28-07 12:28:50,7.254,11.256,67.534,12.506,0,6320588,5443572,400628,4075568,55775.332,474857.213,11814.001,184.094,138.070,20.010,3883,3766,2.520,2.710,2.030,0,1,48.024,0,0,28,306,1,29,0
28-07 12:28:51,2.250,4.250,70.256,21.002,0,6320760,5426184,400656,4092692,46969.806,147607.962,16409.330,304.025,202.016,22.002,2808,3173,2.400,2.680,2.020,1,1,1.000,0,0,28,306,1,21,0
28-07 12:28:52,5.499,7.998,68.482,15.996,0,6320768,5415096,400680,4103684,44978.979,26592.893,10353.233,107.971,133.964,13.996,3302,3361,2.400,2.680,2.020,0,1,15.996,0,0,28,306,1,21,0
28-07 12:28:53,8.253,12.005,63.024,14.756,0,6354804,5367220,400696,4117460,45291.521,26258.158,13445.201,152.059,168.065,14.005,3701,3775,2.400,2.680,2.020,1,1,18.007,0,0,28,306,1,21,0
28-07 12:28:54,3.498,5.247,70.204,19.737,0,6354616,5348824,400696,4135980,44541.633,21939.535,17676.346,0,205.864,0,2747,2901,2.400,2.680,2.020,0,0,0.999,0,0,28,306,1,21,0
28-07 12:28:55,4.002,8.753,69.527,16.006,0,6352748,5336224,400712,4150368,45007.253,26210.047,13653.234,460.176,167.064,17.007,3042,2947,2.400,2.680,2.020,0,1,15.006,0,0,28,306,1,20,0
28-07 12:28:56,6.246,16.990,67.712,6.746,0,6346432,5336884,400720,4156000,30345.774,19804.758,5484.887,1687.042,67.961,295.832,4254,3327,2.290,2.650,2.010,2,0,56.968,0,0,28,306,1,20,0
28-07 12:28:57,5.001,8.252,67.768,17.004,0,6345732,5320904,400764,4172568,60181.857,30786.112,15644.122,344.091,188.050,32.008,3414,3719,2.290,2.650,2.010,1,1,11.003,0,0,28,306,1,20,0
28-07 12:28:58,8.506,15.261,65.797,8.506,0,6340592,5319636,400764,4178924,46936.600,29632.213,6260.482,72.052,73.052,1.001,3814,3535,2.290,2.650,2.010,1,0,49.035,0,0,28,306,1,20,0
28-07 12:28:59,3.749,6.498,70.227,18.244,0,6341420,5305076,400772,4192580,44725.169,22606.504,12835.744,219.927,175.942,10.996,2662,2906,2.290,2.650,2.010,0,1,9.997,0,0,28,306,1,19,0
28-07 12:29:00,5.000,10.750,68.748,13.250,0,6338220,5298972,400772,4201852,45575.413,26455.079,8931.689,139.995,112.996,6.000,3139,2953,2.290,2.650,2.010,1,1,25.999,0,0,28,306,1,19,0
28-07 12:29:01,4.237,4.237,68.783,20.685,0,6330472,5290460,400772,4218048,58148.129,584264.487,15315.570,3.987,232.266,0.997,3289,3281,2.190,2.620,2.010,0,1,0.997,0,0,28,306,1,20,0
28-07 12:29:02,4.265,9.533,69.493,15.805,0,6326644,5282148,400784,4230128,45305.245,26209.547,11937.697,156.547,113.396,12.042,3137,3165,2.190,2.620,2.010,0,1,18.063,0,0,28,306,1,20,0
28-07 12:29:03,4.751,8.751,67.759,16.252,0,6328108,5273076,400808,4237696,45622.130,26769.597,7457.002,296.040,79.011,22.003,3260,3570,2.190,2.620,2.010,0,1,16.002,0,0,28,306,1,19,0
28-07 12:29:04,4.497,8.745,69.956,15.740,0,6328836,5264004,400808,4245988,45080.697,25018.293,8178.865,39.975,87.945,4.997,2858,2889,2.190,2.620,2.010,0,1,15.990,0,0,28,306,1,19,0
28-07 12:29:05,5.001,8.502,69.515,15.003,0,6326536,5254444,400808,4257812,45333.998,27828.137,11614.561,0,118.026,0,3296,3116,2.190,2.620,2.010,1,1,18.004,0,0,28,306,1,19,0
28-07 12:29:06,5.995,9.992,66.444,15.237,0,6326448,5241988,400836,4270264,69744.102,355315.939,11498.290,275.767,120.898,20.982,3651,3600,2.090,2.600,2,2,1,15.986,0,0,28,306,1,19,0
28-07 12:29:07,4.754,9.257,69.304,15.262,0,6325976,5230400,400876,4282236,45831.556,27022.964,10968.509,172.134,136.106,21.016,3320,3370,2.090,2.600,2,2,1,16.012,0,0,28,306,1,18,0
28-07 12:29:08,5.003,7.754,68.786,16.259,0,6324904,5216540,400892,4297080,44954.677,26920.178,13959.352,152.080,197.104,11.006,3210,3194,2.090,2.600,2,1,0,17.009,0,0,28,306,1,18,0
28-07 12:29:09,5.491,5.741,66.891,18.969,0,6323548,5198660,400900,4316240,46481.288,24055.816,18374.071,215.649,232.621,9.984,3243,3294,2.090,2.600,2,0,1,1.997,0,0,28,306,1,18,0
28-07 12:29:10,4.751,9.502,69.762,14.503,0,6326156,5180276,400900,4331936,45338.869,26092.529,14854.578,8.001,207.036,2.000,3137,3073,2.090,2.600,2,1,1,16.003,0,0,28,306,1,19,0
28-07 12:29:11,4.248,9.246,68.717,15.743,0,6327332,5171216,400904,4339784,60041.441,35107.301,7704.335,1711.186,84.960,305.855,3519,3081,2.080,2.590,2,0,1,17.991,0,0,28,306,1,19,0
28-07 12:29:12,11.201,12.446,59.988,13.939,0,6318016,5170052,400928,4350176,30111.353,17483.562,9661.759,438.085,104.543,29.869,4045,4467,2.080,2.590,2,0,1,21.904,0,0,28,306,1,21,0
28-07 12:29:13,4.277,7.799,69.942,16.856,0,6319200,5159736,400948,4359256,44738.498,22190.118,9053.166,161.017,87.553,14.089,2994,3276,2.080,2.590,2,1,0,15.095,0,0,28,306,1,21,0
28-07 12:29:14,4.497,8.994,68.451,16.488,0,6320228,5144628,400952,4373252,45304.738,26547.095,13406.453,99.929,135.903,5.996,3313,3337,2.080,2.590,2,1,0,27.980,0,0,28,306,1,21,0
28-07 12:29:15,28.904,18.097,52.279,0,0,6381688,5083168,400952,4376772,60874.711,35712.494,0,8.043,0,2.011,4732,9687,2.080,2.590,2,3,0,80.429,0,0,29,307,1,21,0
28-07 12:29:16,23.090,6.703,68.525,0,0,6417108,5047732,400968,4373252,44549.934,22555.521,0,234.374,0,14.897,2893,3583,2,2.560,2,1,0,2.979,0,0,28,306,1,19,0
28-07 12:29:17,23.520,5.004,69.809,0,0,6455036,5009796,400972,4373256,29911.420,14802.580,0,56.048,0,5.004,2624,2471,2,2.560,2,3,0,2.002,0,0,28,306,1,19,0
28-07 12:29:18,24.154,4.980,68.975,0,0,6482704,4982096,401004,4373256,30306.310,15143.693,0,374.509,0,28.885,2866,2905,2,2.560,2,5,0,3.984,0,0,28,310,1,19,0
28-07 12:29:19,25.336,5.017,69.236,0,0,6448344,5016424,401020,4373272,60089.087,31999.215,0,196.671,0,23.079,2932,2782,2,2.560,2,2,0,6.021,0,0,28,306,1,19,0
28-07 12:29:20,27.274,7.507,63.807,0,0,6465772,4998964,401020,4373304,56631.270,481716.608,0,216.192,0,42.037,3610,3227,2,2.560,2,4,0,3.003,0,0,28,306,1,17,0
28-07 12:29:21,29.578,7.954,60.647,0,0,6493960,4970772,401028,4373300,52002.915,346347.408,0,174.980,0,13.919,3512,3032,2,2.550,2,5,0,0,0,0,28,306,1,17,0
28-07 12:29:22,24.400,11.320,64.396,0,0,6514500,4950180,401064,4373312,15313.147,7341.134,0,313.930,0,38.235,3307,3305,2,2.550,2,5,0,4.025,0,0,28,306,1,17,2
28-07 12:29:23,31.147,8.472,57.809,0,0,6544492,4919384,401076,4374104,30206.165,14705.397,0,283.064,0,21.928,4323,4509,2,2.550,2,1,0,6.977,0,0,28,310,1,18,2
28-07 12:29:24,23.830,9.380,66.928,0,0,6415992,5047980,401100,4373980,16134.750,9412.529,0,210.925,0,17.239,3213,3195,2,2.550,2,1,0,15.211,0,0,28,304,1,8,2
28-07 12:29:25,26.242,8.170,63.129,0,0,6405064,5059536,401112,4373336,43765.803,22031.441,0,570.393,0,27.727,2928,2562,2,2.550,2,1,0,0,0,0,28,304,1,8,2
28-07 12:29:26,24.001,5.000,70.004,0,0,6427996,5036604,401128,4373320,29776.736,14806.863,0,132.008,0,13.001,2713,2502,2,2.540,2,1,0,2.000,0,0,28,304,1,8,2
28-07 12:29:27,17.972,11.482,68.393,0,0,6394984,5069432,401136,4373492,15298.110,7350.521,0,195.694,0,4.992,3464,2845,2,2.540,2,1,0,56.911,0,0,28,304,1,8,2
28-07 12:29:28,8.228,24.184,65.323,0,0,6392300,5072100,401136,4373504,60778.323,33782.468,510.617,227.384,3.989,2.992,4730,3705,2,2.540,2,2,0,123.665,0,0,28,304,1,8,2
28-07 12:29:29,7.518,23.807,66.660,0,0,6373776,5090608,401144,4373508,60912.180,34033.676,0,172.414,0,9.022,4806,3842,2,2.540,2,2,0,146.351,0,0,28,304,1,8,2
28-07 12:29:30,6.743,25.224,65.683,0,0,6370624,5093688,401152,4373572,46395.995,52123.193,0,251.745,0,12.987,4892,3851,2,2.540,2,1,0,162.835,0,0,28,304,1,8,2
28-07 12:29:31,15.287,20.299,62.901,0,0,6355456,5108716,401164,4373700,73969.006,505307.018,0,240.579,0,21.051,4961,4094,2.240,2.580,2.010,3,0,119.287,0,0,28,304,1,9,2
28-07 12:29:32,19.973,8.488,68.906,0,0,6379004,5085152,401164,4373716,44857.817,23144.433,0,0,0,0,3039,2747,2.240,2.580,2.010,1,0,28.960,0,0,28,304,1,8,2
28-07 12:29:33,21.278,8.261,70.341,0,0,6411980,5052088,401204,4373732,45249.486,22573.176,0,528.683,0,33.043,3017,3023,2.240,2.580,2.010,1,0,18.023,0,0,28,305,1,8,2
28-07 12:29:34,17.182,2.779,79.339,0,0,6415232,5047832,401212,4374724,51479.710,25397.735,0,185.968,0,10.107,2168,2253,2.240,2.580,2.010,1,0,0,0,0,28,305,1,8,2
28-07 12:29:35,21.031,6.433,69.773,0.247,0,6414640,5042696,401236,4379264,15104.681,7393.000,0,783.836,0,11.876,2620,2481,2.240,2.580,2.010,1,0,3.959,0,0,28,304,1,8,2
28-07 12:29:36,21.967,7.738,68.147,0,0,6432412,5023812,401260,4380144,64264.335,33128.170,0,619.069,0,21.967,4099,5000,2.220,2.570,2.010,1,0,5.991,0,0,28,304,1,8,2
28-07 12:29:37,20.703,11.474,63.604,0,0,6449492,5005684,401276,4381028,29719.872,15043.515,0,239.451,0,12.970,6310,11528,2.220,2.570,2.010,3,0,7.982,0,0,28,304,1,8,2
28-07 12:29:38,16.697,4.984,76.756,0,0,6442596,5012404,401280,4381156,51020.076,26291.558,0,227.279,0,3.987,2640,2816,2.220,2.570,2.010,1,0,1.994,0,0,28,305,1,8,2
28-07 12:29:39,22.136,10.062,64.646,0,0,6455216,4999572,401300,4381340,61945.307,40167.958,0,482.957,0,16.099,6805,12582,2.220,2.570,2.010,1,0,7.043,0,0,28,305,1,8,2
28-07 12:29:40,18.010,11.506,69.538,0,0,6447444,5007208,401300,4381432,29851.354,14924.176,0,176.096,0,5.003,2824,2571,2.220,2.570,2.010,2,0,14.008,0,0,28,305,1,9,2
28-07 12:29:41,22.425,11.711,64.035,0,0,6423724,5030340,401400,4381924,30082.841,15768.974,0,1897.619,0,85.712,3222,2954,2.280,2.580,2.020,2,0,8.970,0,0,28,305,1,9,2
28-07 12:29:42,14.994,19.742,61.974,0,0,6363776,5097604,401524,4375404,61517.206,627116.054,0,2758.843,0,338.858,5968,5078,2.280,2.580,2.020,1,0,103.956,0,0,28,304,1,9,2
28-07 12:29:43,7.780,25.348,64.248,0,0,6368072,5093284,401540,4375412,61300.305,34049.256,0,301.161,0,21.081,5282,4383,2.280,2.580,2.020,1,0,165.639,0,0,28,304,1,9,2
28-07 12:29:44,21.246,7.499,70.238,0,0,6413332,5048024,401540,4375412,44851.264,22964.039,0,0,0,0,2735,2657,2.280,2.580,2.020,1,0,2.000,0,0,28,304,1,8,2
28-07 12:29:45,24.950,4.242,69.611,0,0,6432296,5028856,401548,4375608,29938.256,14628.807,0,147.705,0,7.984,2572,2307,2.280,2.580,2.020,2,0,0,0,0,28,304,1,8,2
28-07 12:29:46,23.054,6.014,69.662,0,0,6440196,5020916,401548,4375644,29948.857,14972.925,0,4.009,0,1.002,3279,3320,2.420,2.600,2.030,1,0,0,0,0,28,304,1,12,2
28-07 12:29:47,12.739,18.484,66.692,0,0,6401640,5059456,401552,4375656,46252.637,25028.159,0,143.874,0,6.994,4225,3417,2.420,2.600,2.030,2,0,115.899,0,0,28,304,1,12,2
28-07 12:29:48,20.812,8.570,69.292,0,0,6437220,5023872,401556,4375656,43715.070,21660.188,0,39.176,0,3.918,2809,2685,2.420,2.600,2.030,1,0,1.959,0,0,28,304,1,12,2
28-07 12:29:49,23.264,5.880,70.047,0,0,6466700,4994352,401556,4375696,30386.995,15123.962,0,0,0,0,2640,2455,2.420,2.600,2.030,1,0,1.023,0,0,28,304,1,12,2
28-07 12:29:50,18.003,13.002,67.261,0,0,6432608,5028428,401564,4375704,15341.412,7363.158,0,148.023,0,12.002,3735,3327,2.420,2.600,2.030,1,0,72.011,0,0,28,304,1,12,2
28-07 12:29:51,21.760,8.004,69.280,0,0,6465316,4995696,401588,4375704,45005.694,23304.197,0,188.082,0,14.006,2907,3024,2.390,2.590,2.030,1,0,0,0,0,28,304,1,12,2
28-07 12:29:52,24.233,5.496,69.201,0,0,6483168,4977800,401616,4375720,30335.482,14647.610,0,259.816,0,29.979,2963,2943,2.390,2.590,2.030,3,0,0,0,0,28,304,1,13,2
28-07 12:29:53,25.173,14.954,57.822,0,0,6465344,4995572,401636,4375752,31911.953,19273.783,0,279.142,0,19.939,4359,4178,2.390,2.590,2.030,2,0,57.822,0,0,28,304,1,13,2
28-07 12:29:54,21.784,7.512,69.107,0,0,6457240,5003676,401636,4375752,54783.892,527210.960,0,8.012,0,1.002,2959,2884,2.390,2.590,2.030,5,0,1.002,0,0,28,304,1,13,2
28-07 12:29:55,23.280,5.507,69.839,0,0,6470280,4990616,401648,4375760,30991.454,57048.626,0,356.454,0,18.023,2737,2498,2.390,2.590,2.030,2,0,0,0,0,28,304,1,13,2
28-07 12:29:56,20.263,10.256,68.793,0,0,6434340,5026544,401652,4375768,15348.560,7772.842,0,860.536,0,93.058,3414,3022,2.350,2.580,2.030,3,0,34.021,0,0,28,304,1,15,2
28-07 12:29:57,22.222,6.492,69.414,0,0,6436860,5024024,401652,4375768,45205.721,23145.185,0,1590.020,0,284.646,3195,2716,2.350,2.580,2.030,2,0,0,0,0,28,304,1,15,2
28-07 12:29:58,23.742,5.498,69.477,0,0,6454888,5005860,401652,4375904,30129.202,15073.098,0,39.987,0,1.000,2715,2496,2.350,2.580,2.030,1,0,0,0,0,28,304,1,15,2
28-07 12:29:59,20.352,10.176,67.261,0,0,6413180,5047528,401680,4375916,40801.149,22988.744,0,381.226,0,37.726,4025,3842,2.350,2.580,2.030,1,0,49.639,0,0,28,304,1,15,2
28-07 12:30:00,21.170,7.813,70.567,0,0,6442300,5018396,401688,4375920,49377.496,24157.986,0,193.554,0,11.089,2699,2575,2.350,2.580,2.030,1,0,0,0,0,28,304,1,15,2
28-07 12:30:01,24.012,5.503,69.035,0,0,6469736,4990968,401708,4375924,30151.182,14975.541,0,752.379,0,38.019,2952,2733,2.330,2.570,2.030,2,0,0,0,0,28,304,1,16,2
28-07 12:30:02,20.735,8.993,68.699,0,0,6433000,5027696,401708,4375932,15789.353,7452.503,0,0,0,0,3341,2984,2.330,2.570,2.030,1,0,33.975,0,0,28,304,1,19,2
28-07 12:30:03,21.484,8.743,68.698,0,0,6441588,5019072,401736,4375940,45456.277,22898.509,0,283.783,0,30.976,3098,3266,2.330,2.570,2.030,4,0,0,0,0,28,304,1,19,2
28-07 12:30:04,28.778,9.259,61.058,0,0,6461764,4998884,401736,4375952,31375.015,15960.268,0,40.038,0,3.003,3252,2844,2.330,2.570,2.030,1,0,1.001,0,0,28,304,1,19,2
28-07 12:30:05,18.995,13.496,65.733,0,0,6423100,5037468,401776,4375992,30356.005,16353.693,0,327.914,0,28.992,4166,4064,2.330,2.570,2.030,2,0,62.983,0,0,28,304,0,18,2
28-07 12:30:06,8.243,20.234,68.696,0,0,6418004,5042400,401836,4376080,61501.409,34381.836,0,343.728,0,24.980,4741,4191,2.300,2.560,2.030,2,0,120.904,0,0,28,306,1,18,2
28-07 12:30:07,5.002,3.751,89.033,0,0,6379068,5081368,401896,4376020,70115.610,605929.314,0,332.121,0,33.012,2588,3245,2.300,2.560,2.030,1,0,9.003,0,0,28,304,1,19,2
28-07 12:30:08,7.512,18.780,71.867,0,0,6384120,5076196,401908,4376128,61714.079,34627.153,0,192.312,0,6.010,4483,3905,2.300,2.560,2.030,1,0,118.192,0,0,28,306,1,19,2
28-07 12:30:09,6.494,8.742,82.923,0,0,6380572,5079732,401940,4376108,65937.588,33568.735,0,555.483,0,26.975,2880,2943,2.300,2.560,2.030,3,0,43.959,0,0,28,304,1,20,2
28-07 12:30:10,7.234,22.202,67.604,0,0,6388152,5072060,401960,4376180,45977.966,25804.419,0,211.544,0,14.968,4861,4046,2.300,2.560,2.030,1,0,137.703,0,0,28,304,1,21,2
28-07 12:30:11,29.066,12.779,56.628,0,0,6399116,5061004,402028,4376200,60835.756,32347.247,0,581.316,0,39.089,4662,4459,2.440,2.590,2.040,2,0,32.073,0,0,28,304,1,21,2
28-07 12:30:12,19.497,10.248,69.488,0,0,6408520,5041988,402452,4384152,44971.052,22773.975,0,559.901,0,5.999,2897,2771,2.440,2.590,2.040,2,0,2.999,0,0,28,304,1,21,2
28-07 12:30:13,24.742,6.498,66.979,0.250,0,6418408,5028408,402640,4387112,44963.631,23032.640,0,2975.049,0,350.888,3841,3248,2.440,2.590,2.040,2,0,16.995,0,0,28,304,1,18,2
28-07 12:30:14,22.017,5.504,70.805,0,0,6411556,5034764,402688,4387516,35515.640,18206.169,0,448.349,0,27.021,3511,3796,2.440,2.590,2.040,0,0,8.006,0,0,28,305,1,20,2
28-07 12:30:15,20.968,6.490,70.891,0,0,6403064,5039724,402744,4390748,21877.220,9898.716,0,539.167,0,34.946,2922,2843,2.440,2.590,2.040,1,0,1.997,0,0,28,304,1,20,2
28-07 12:30:16,23.294,21.040,51.848,1.503,0,6366052,5073484,402812,4393880,15695.559,7524.170,1374.589,4905.238,21.040,86.162,5677,15242,2.560,2.610,2.050,1,0,114.215,0,0,28,304,1,21,2
28-07 12:30:17,9.490,23.475,65.430,0,0,6368016,5071412,402836,4393944,61353.282,35464.013,0,507.456,0,28.969,4957,4034,2.560,2.610,2.050,3,0,158.830,0,0,28,304,1,20,2
28-07 12:30:18,15.020,17.273,65.588,0,0,6393736,5045680,402840,4393944,75831.899,595978.842,0,68.091,0,4.005,4248,3487,2.560,2.610,2.050,1,0,70.094,0,0,28,304,1,20,2
28-07 12:30:19,22.749,5.500,70.248,0,0,6439108,5000304,402840,4393944,29711.308,15143.647,0,20.000,0,2.000,2566,2430,2.560,2.610,2.050,1,0,1.000,0,0,28,304,1,20,2
28-07 12:30:20,24.227,5.245,69.186,0,0,6445324,4994072,402840,4393956,29803.268,15129.922,0,27.974,0,2.997,3157,3183,2.560,2.610,2.050,1,0,1.998,0,0,28,304,1,20,2
28-07 12:30:21,17.008,13.257,68.034,0.250,0,6419732,5019640,402864,4393956,30597.187,19435.647,0,212.105,0,19.009,3609,3373,2.520,2.600,2.050,1,0,47.023,0,0,28,304,1,20,2
28-07 12:30:22,22.987,5.997,69.462,0,0,6428676,5010680,402868,4393968,29874.739,15201.726,0,87.952,0,12.993,2791,2833,2.520,2.600,2.050,1,0,0,0,0,28,304,1,20,2
28-07 12:30:23,24.335,6.208,67.294,0,0,6440968,4998344,402892,4393988,29956.133,15238.801,0,222.493,0,21.852,3498,3668,2.520,2.600,2.050,4,0,3.973,0,0,28,304,1,20,2
28-07 12:30:24,27.967,12.598,58.705,0,0,6440180,4998220,402900,4394888,15799.360,7842.739,0,205.592,0,14.109,3570,3309,2.520,2.600,2.050,2,0,16.125,0,0,28,304,1,20,2
28-07 12:30:25,29.734,8.246,60.967,0,0,6453020,4986260,402912,4393996,59500.206,31315.267,0,419.776,0,27.985,3303,3063,2.520,2.600,2.050,1,0,0,0,0,28,304,1,19,1
28-07 12:30:26,26.712,7.989,63.161,0.250,0,6438136,5000972,403032,4394044,31624.214,16783.232,0,1989.183,0,132.812,4478,5152,2.470,2.590,2.050,3,0,1.997,0,0,28,305,1,19,1
28-07 12:30:27,29.255,10.002,57.261,0.250,0,6436788,5002004,403268,4394116,15566.866,7525.385,0,4176.769,0,329.061,6071,7690,2.470,2.590,2.050,2,0,1.000,0,0,28,304,1,19,1
28-07 12:30:28,21.262,8.505,69.539,0,0,6380332,5058316,403268,4394260,45632.831,25354.352,0,0,0,0,2813,2699,2.470,2.590,2.050,2,0,5.003,0,0,28,304,1,19,1
28-07 12:30:29,23.510,5.752,70.280,0,0,6419628,5019016,403276,4394256,29784.853,15544.708,0,228.098,0,12.005,2830,2678,2.470,2.590,2.050,2,0,3.001,0,0,28,304,1,20,1
28-07 12:30:30,23.501,6.250,68.004,0,0,6421348,5017252,403356,4394220,30460.583,15144.787,0,1644.085,0,119.006,3993,4669,2.470,2.590,2.050,3,0,0,0,0,28,305,1,20,1
28-07 12:30:31,22.743,10.497,64.980,0,0,6422428,5015992,403448,4394300,15604.207,7765.615,0,679.791,0,76.976,4669,5737,2.600,2.610,2.060,2,0,0,0,0,28,305,1,21,1
28-07 12:30:32,15.991,16.990,64.462,0,0,6353784,5084584,403480,4394320,40966.727,450385.148,0,279.834,0,37.977,4760,4388,2.600,2.610,2.060,2,0,106.937,0,0,28,304,1,21,1
28-07 12:30:33,7.679,26.009,62.917,0,0,6356000,5082344,403500,4394320,63473.953,162106.186,0,249.687,0,17.835,5317,4212,2.600,2.610,2.060,3,0,172.403,0,0,28,304,1,20,1
28-07 12:30:34,6.811,26.487,64.325,0,0,6358268,5080076,403500,4394320,61424.320,32472.402,0,20.180,0,5.045,5010,3862,2.600,2.610,2.060,2,0,171.534,0,0,28,304,1,20,1
28-07 12:30:35,7.508,27.278,63.064,0,0,6349812,5088456,403632,4394264,45814.300,23798.050,0,3431.468,0,165.167,5483,4488,2.600,2.610,2.060,1,0,174.176,0,0,28,304,1,20,1
28-07 12:30:36,8.503,27.258,62.269,0,0,6350672,5087504,403688,4394296,60959.803,32079.895,0,716.221,0,52.016,5536,4741,2.630,2.620,2.060,1,0,172.053,0,0,28,304,1,20,1
28-07 12:30:37,10.002,26.256,60.263,0,0,6355140,5082972,403704,4394344,62033.660,33090.287,0,332.073,0,22.005,5519,4638,2.630,2.620,2.060,1,0,165.036,0,0,28,304,1,20,1
28-07 12:30:38,7.986,26.953,63.140,0,0,6359160,5078940,403712,4394348,61222.039,32048.009,0,79.860,0,6.988,5275,4216,2.630,2.620,2.060,2,0,173.697,0,0,28,304,1,20,1
28-07 12:30:39,7.264,25.800,64.375,0,0,6356160,5081936,403728,4394336,60633.622,32098.267,0,252.490,0,17.033,5018,3908,2.630,2.620,2.060,1,0,167.325,0,0,28,304,1,20,1
28-07 12:30:40,8.496,26.486,61.967,0,0,6349744,5088312,403744,4394356,57232.934,465343.540,0,247.870,0,19.989,5589,4441,2.630,2.620,2.060,2,0,169.911,0,0,28,304,1,21,1
28-07 12:30:41,8.505,30.269,58.787,0,0,6353648,5084396,403756,4394360,63898.130,146377.929,0,200.126,0,17.011,5311,4017,2.580,2.610,2.060,2,0,176.111,0,0,28,304,1,21,1
28-07 12:30:42,7.743,27.475,61.694,0,0,6347164,5090836,403788,4394368,60699.695,31948.891,0,7449.213,0,68.937,5404,4546,2.580,2.610,2.060,3,0,166.848,0,0,28,304,1,20,1
28-07 12:30:43,7.503,27.260,62.773,0,0,6349928,5088064,403796,4394368,60652.272,29704.908,0,180.066,0,22.008,5299,4346,2.580,2.610,2.060,2,0,171.063,0,0,28,304,1,20,1
28-07 12:30:44,7.251,26.754,63.761,0,0,6346604,5091376,403804,4394372,45684.636,26232.385,0,2384.399,0,359.060,5704,4035,2.580,2.610,2.060,1,0,170.028,0,0,28,304,1,20,1
28-07 12:30:45,6.999,26.996,63.490,0,0,6346012,5091960,403816,4394368,60626.907,31563.266,0,227.966,0,13.998,5134,3920,2.580,2.610,2.060,1,0,172.974,0,0,28,304,1,20,1
28-07 12:30:46,6.990,25.961,63.904,0,0,6350744,5087204,403832,4394376,60544.447,32263.745,0,147.779,0,11.982,5121,3979,2.610,2.620,2.070,2,0,173.740,0,0,28,304,1,20,1
28-07 12:30:47,7.764,27.550,62.614,0,0,6351984,5085880,403908,4394372,60856.887,32002.311,0,8247.027,0,69.126,5380,4132,2.610,2.620,2.070,2,0,164.299,0,0,28,304,1,20,1
28-07 12:30:48,10.494,27.820,59.789,0,0,6345344,5092492,403908,4394400,55757.688,444748.579,0,19.523,0,4.881,5467,4294,2.610,2.620,2.070,1,0,162.041,0,0,28,304,1,20,1
28-07 12:30:49,7.943,26.134,63.540,0,0,6350072,5087720,403908,4394444,64425.749,154064.694,0,8.199,0,2.050,5005,3870,2.610,2.620,2.070,2,0,166.025,0,0,28,304,1,20,1
28-07 12:30:50,7.489,26.711,63.408,0,0,6356084,5081692,403908,4394456,60888.626,32115.388,0,19.971,0,4.993,5119,3915,2.610,2.620,2.070,1,0,166.758,0,0,28,304,1,16,1
28-07 12:30:51,7.264,26.301,63.874,0,0,6350756,5086996,403948,4394440,60813.931,32002.059,0,372.723,0,25.049,5263,4260,2.640,2.620,2.070,3,0,169.328,0,0,28,304,1,16,1
28-07 12:30:52,7.733,25.194,63.859,0,0,6349180,5088516,403980,4394460,45570.233,23685.625,0,159.647,0,15.965,5112,4108,2.640,2.620,2.070,2,0,161.643,0,0,28,304,1,16,1
28-07 12:30:53,7.766,26.556,63.134,0,0,6351152,5086500,404012,4394472,60644.468,31859.490,0,152.323,0,16.034,5351,4473,2.640,2.620,2.070,2,0,172.365,0,0,28,304,1,16,1
28-07 12:30:54,10.750,28.000,59.000,0,0,6385656,5051976,404024,4394480,61076.892,32049.943,0,224.000,0,29.000,5156,3896,2.640,2.620,2.070,2,0,160.000,0,0,28,304,1,15,1
28-07 12:30:55,15.979,13.981,68.908,0.250,0,6389136,5048472,404056,4394472,45290.622,25232.362,0,411.451,0,16.977,3839,3336,2.640,2.620,2.070,3,0,96.871,0,0,28,304,1,15,1
28-07 12:30:56,11.762,17.518,68.571,0.250,0,6372828,5180628,404076,4290164,64968.702,382868.975,0,1693.765,0,7.007,3118,3115,2.590,2.610,2.070,1,0,3.003,0,0,28,304,1,15,1
28-07 12:30:57,21.500,8.750,68.751,0,0,6399956,5145360,404152,4297776,36942.779,222884.703,0,4068.086,0,114.002,3295,2944,2.590,2.610,2.070,1,0,4.000,0,0,28,304,1,15,1
28-07 12:30:58,24.495,5.499,69.737,0,0,6419900,5121700,404176,4301024,44525.674,22243.841,0,711.867,0,9.998,2932,2800,2.590,2.610,2.070,1,0,15.997,0,0,28,304,1,13,1
28-07 12:30:59,21.751,4.750,71.755,0,0,6420944,5120332,404184,4301304,35166.382,17314.173,0,180.012,0,3.000,2828,2685,2.590,2.610,2.070,0,0,4.000,0,0,28,305,1,13,1
28-07 12:31:00,15.242,3.748,79.457,0,0,6428564,5112532,404236,4301392,23759.194,13942.485,0,779.580,0,24.987,2203,2324,2.590,2.610,2.070,1,0,0.999,0,0,28,305,1,13,1
28-07 12:31:01,13.257,2.501,81.293,1.751,0,6428512,5112308,404300,4301560,27238.330,15783.303,0,1112.585,0,37.019,2199,2421,2.540,2.600,2.070,0,0,0,0,0,28,305,1,14,1
28-07 12:31:02,14.993,2.249,80.712,0,0,6428320,5112084,404340,4301868,28587.459,15358.725,0,1051.502,0,31.985,2295,2434,2.540,2.600,2.070,0,0,1.999,0,0,28,305,1,10,1
28-07 12:31:03,19.513,4.003,75.549,0,0,6444300,5095956,404384,4301936,22388.527,12378.032,0,972.631,0,47.031,2574,2736,2.540,2.600,2.070,1,0,0,0,0,28,305,1,10,1
28-07 12:31:04,15.997,2.499,79.983,0.250,0,6444016,5095956,404432,4302100,26035.325,13819.988,0,1967.571,0,233.949,2436,2419,2.540,2.600,2.070,1,0,0,0,0,28,305,1,10,1
28-07 12:31:05,18.992,2.499,76.466,0,0,6451604,5088144,404452,4302292,22318.174,12499.497,0,627.724,0,19.991,2402,2362,2.540,2.600,2.070,1,0,1.999,0,0,28,305,1,10,1
28-07 12:31:06,18.009,4.002,77.539,0,0,6455080,5084392,404496,4302452,10798.419,6822.424,0,920.462,0,36.018,2487,2748,2.580,2.610,2.080,1,0,0,0,0,28,305,1,10,1
28-07 12:31:07,19.242,4.498,74.470,0.250,0,6454376,5068252,404552,4319128,20962.473,12062.094,0,771.686,0,36.985,2560,2654,2.580,2.610,2.080,1,0,0,0,0,28,305,1,10,1
28-07 12:31:08,24.015,5.253,69.793,0,0,6455060,5059236,404632,4326960,746.463,0,0,964.598,0,44.027,2953,2979,2.580,2.610,2.080,4,0,3.002,0,0,28,305,1,10,1
28-07 12:31:09,23.489,5.498,69.719,0.250,0,6469468,5033936,404800,4336204,179.919,0,0,1615.275,0,48.978,2777,2809,2.580,2.610,2.080,4,0,1.000,0,0,28,305,1,10,1
28-07 12:31:10,27.007,5.251,66.517,0,0,6456068,5032784,404864,4349264,16636.169,9041.266,0,952.239,0,34.009,3016,2959,2.580,2.610,2.080,4,0,0,0,0,28,305,1,8,1
28-07 12:31:11,24.485,4.497,70.456,0,0,6458736,5024272,404972,4354236,641.600,147.908,0,611.619,0,18.988,2733,2735,2.610,2.620,2.080,2,0,1.999,0,0,28,305,1,8,1
28-07 12:31:12,23.588,4.718,69.027,0.248,0,6462068,4998972,405608,4373624,15212.775,7246.354,0,2383.669,0,107.265,3103,3292,2.610,2.620,2.080,3,0,0,0,0,28,305,1,8,1
28-07 12:31:13,24.169,5.790,69.736,0.252,0,6458060,4991060,406160,4383124,586.087,0,0,1780.417,0,63.442,2986,3260,2.610,2.620,2.080,3,0,0,0,0,28,305,1,8,1
28-07 12:31:14,27.745,9.248,60.989,0.250,0,6450948,4976568,406688,4402540,680.873,73.986,0,4291.200,0,188.965,4255,4629,2.610,2.620,2.080,1,0,7.999,0,0,28,305,1,6,1
28-07 12:31:15,24.738,4.498,70.216,0,0,6455644,4962064,406720,4411000,14908.752,7490.358,0,1411.314,0,53.974,2789,2847,2.610,2.620,2.080,1,0,0,0,0,28,305,1,6,1
28-07 12:31:16,31.030,15.014,53.051,0,0,6409288,5024332,406740,4394556,1495.431,322.308,0,716.686,0,21.020,4084,14977,2.570,2.610,2.080,1,0,40.038,0,0,28,304,1,7,1
28-07 12:31:17,20.985,7.994,69.700,0,0,6417580,5016016,406756,4394564,469.663,0,0,247.822,0,8.994,2774,2575,2.570,2.610,2.080,2,0,19.986,0,0,28,304,1,7,1
28-07 12:31:18,14.517,5.506,78.840,0,0,6437716,4995856,406768,4394576,6970.939,2958.369,0,200.228,0,6.007,2238,2315,2.570,2.610,2.080,1,0,17.019,0,0,28,305,1,6,1
28-07 12:31:19,22.247,5.499,70.491,0,0,6423956,5002952,406780,4400688,15483.925,7790.956,0,1131.848,0,17.998,2667,2611,2.570,2.610,2.080,2,0,3.999,0,0,28,304,1,6,1
28-07 12:31:20,25.006,10.252,61.764,0,0,6427200,4999000,406800,4401172,44559.393,22415.228,0,1532.357,0,200.047,7338,12432,2.570,2.610,2.080,1,0,8.002,0,0,28,304,1,6,1
28-07 12:31:21,22.244,10.247,66.981,0,0,6426984,4998256,406808,4401992,31125.036,16868.142,0,743.786,0,14.996,3196,3091,2.520,2.600,2.080,1,0,6.998,0,0,28,304,1,6,1
28-07 12:31:22,24.222,9.489,61.428,0,0,6442276,4982920,406852,4401992,16777.305,7629.044,0,1310.462,0,32.961,7803,13570,2.520,2.600,2.080,2,0,5.993,0,0,28,304,1,6,1
28-07 12:31:23,18.273,12.516,67.335,0,0,6445000,4980072,406876,4402056,14874.705,7533.473,0,352.443,0,21.026,3834,4646,2.520,2.600,2.080,1,0,13.016,0,0,28,304,1,6,1
28-07 12:31:24,23.675,14.205,60.059,0,0,6467208,4965968,406888,4394672,14927.482,7434.335,0,486.451,0,18.940,3185,2817,2.520,2.600,2.080,1,0,7.975,0,0,28,304,1,6,1
28-07 12:31:25,22.824,8.026,67.970,0,0,6438236,4994644,406908,4394948,15253.482,7482.272,0,702.278,0,21.068,3166,3156,2.520,2.600,2.080,1,0,10.033,0,0,28,304,1,6,1
28-07 12:31:26,26.257,11.003,61.016,0,0,6434380,4998744,406908,4394700,30532.166,17462.671,0,120.032,0,4.001,5046,6561,2.480,2.590,2.080,1,0,47.013,0,0,28,304,1,6,1
28-07 12:31:27,24.253,9.251,63.257,0,0,6438168,4994940,406908,4394712,70604.355,465237.054,0,8.001,0,2.000,6063,10591,2.480,2.590,2.080,1,0,4.000,0,0,28,304,1,6,1
28-07 12:31:28,21.251,10.751,66.754,0,0,6438432,4994668,406908,4394720,33690.826,153998.345,0,15692.850,0,242.013,3598,2726,2.480,2.590,2.080,1,0,35.002,0,0,28,304,1,6,1
28-07 12:31:29,16.201,4.237,78.511,0,0,6449508,4982600,406916,4395704,36038.497,17655.354,0,638.061,0,7.976,2307,2322,2.480,2.590,2.080,1,0,2.991,0,0,28,305,1,6,1
28-07 12:31:30,22.279,6.258,70.091,0,0,6436628,4989700,406936,4400972,30576.686,15728.414,0,1153.497,0,22.029,2790,2656,2.480,2.590,2.080,5,0,3.004,0,0,28,304,1,6,1
28-07 12:31:31,23.999,10.249,61.997,0,0,6436512,4989476,406960,4401124,14915.170,7671.573,0,1115.938,0,180.990,8618,15011,2.360,2.560,2.080,3,0,6.000,0,0,28,304,1,6,1
28-07 12:31:32,21.015,10.758,66.549,0,0,6451492,4973348,406968,4402132,16443.127,8655.384,0,396.292,0,7.005,3079,2855,2.360,2.560,2.080,2,0,10.007,0,0,28,304,1,6,1
28-07 12:31:33,20.735,11.991,63.205,0,0,6443900,4980908,406972,4402160,1312.058,0,0,935.329,0,18.986,7925,14551,2.360,2.560,2.080,2,0,11.991,0,0,28,304,1,6,1
28-07 12:31:34,17.507,10.754,70.529,0,0,6444228,4980460,406972,4402224,15310.360,7365.060,0,176.073,0,2.001,2620,2423,2.360,2.560,2.080,2,0,7.003,0,0,28,304,1,6,1
28-07 12:31:35,20.014,9.507,69.800,0.250,0,6406612,5026320,406996,4394728,14866.702,7625.489,0,848.611,0,21.015,2816,2688,2.360,2.560,2.080,2,0,8.006,0,0,28,304,1,5,1
28-07 12:31:36,22.983,6.495,69.948,0,0,6412880,5020036,407004,4394736,358.735,147.891,0,331.755,0,21.984,2790,2796,2.250,2.530,2.070,1,0,16.987,0,0,28,304,1,5,1
28-07 12:31:37,17.763,12.259,67.301,0,0,6389204,5043684,407016,4394752,31144.637,27476.853,0,228.173,0,17.013,3691,3302,2.250,2.530,2.070,1,0,54.041,0,0,28,304,1,5,1
28-07 12:31:38,21.756,8.002,67.770,0,0,6381864,5051020,407016,4394756,44694.177,24157.122,0,6978.057,0,37.011,3830,4070,2.250,2.530,2.070,1,0,47.014,0,0,28,304,1,5,1
28-07 12:31:39,23.988,9.245,63.968,0,0,6387388,5045476,407028,4394764,59549.850,32969.308,0,355.820,0,9.995,6294,11721,2.250,2.530,2.070,1,0,3.998,0,0,28,304,1,5,1
28-07 12:31:40,20.953,8.481,69.094,0,0,6427912,5004944,407028,4394772,30132.063,15109.932,0,91.793,0,4.989,3070,2775,2.250,2.530,2.070,1,0,34.921,0,0,28,304,1,6,1
28-07 12:31:41,17.793,7.518,73.929,0,0,6438732,4993128,407032,4395764,36101.362,18585.976,0,228.553,0,7.017,2689,2485,2.150,2.510,2.060,2,0,8.019,0,0,28,305,1,6,1
28-07 12:31:42,22.718,6.241,68.903,0,0,6407828,5018428,407072,4400740,15622.101,7687.224,0,1593.766,0,42.940,3085,3150,2.150,2.510,2.060,4,0,1.997,0,0,28,304,1,6,1
28-07 12:31:43,25.535,10.765,60.833,0.250,0,6425748,5000032,407080,4401192,31008.450,16129.080,0,236.324,0,18.025,6592,11342,2.150,2.510,2.060,4,0,6.008,0,0,28,304,1,5,1
28-07 12:31:44,20.003,18.753,59.509,0,0,6426020,4998792,407080,4402076,419.067,0,0,61653.829,0,188.030,4352,4834,2.150,2.510,2.060,1,0,10.002,0,0,28,304,1,5,1
28-07 12:31:45,22.249,10.500,63.498,0,0,6426600,4998048,407092,4402188,15424.493,7427.756,0,1595.948,0,13.000,7514,13636,2.150,2.510,2.060,1,0,6.000,0,0,28,304,1,5,1
28-07 12:31:46,16.745,11.996,70.228,0,0,6427936,4996568,407100,4402284,16070.958,7441.665,0,295.907,0,9.997,2852,2588,2.060,2.480,2.060,1,0,13.996,0,0,28,304,1,5,1
28-07 12:31:47,19.011,11.256,68.788,0,0,6371736,5060988,407112,4394788,23523.165,444570.802,0,1268.710,0,170.095,3184,2811,2.060,2.480,2.060,3,0,4.002,0,0,28,304,1,5,1
28-07 12:31:48,21.764,6.847,69.448,0.489,0,6391152,5040352,407128,4395992,5451.216,122094.328,242.581,3.913,3.913,0.978,2869,2674,2.060,2.480,2.060,1,0,4.891,0,0,28,304,1,5,1
28-07 12:31:49,22.499,9.971,65.963,0.767,0,6398540,5030724,407140,4397936,15800.385,9099.795,400.890,26229.662,10.227,82.837,3396,3330,2.060,2.480,2.060,2,1,1.023,0,0,28,305,1,5,1
28-07 12:31:50,24.000,7.500,65.999,0,0,6399064,5030076,407188,4398012,44266.546,22211.772,0,595.994,0,52.999,5292,6336,2.060,2.480,2.060,1,0,0,0,0,28,305,1,9,1
28-07 12:31:51,22.734,9.993,64.455,0.250,0,6399844,5029068,407328,4398100,29571.417,14891.635,0,1275.112,0,181.873,5707,7510,1.970,2.460,2.050,1,0,1.999,0,0,28,307,1,9,1
28-07 12:31:52,27.761,6.503,63.025,0,0,6351920,5076812,407468,4398140,15041.019,7298.921,128.051,1576.631,1.000,162.065,5444,6795,1.970,2.460,2.050,1,0,1.000,0,0,28,306,1,9,1
28-07 12:31:53,8.256,25.769,63.296,0.250,0,6349356,5078976,407492,4398516,61538.438,45124.585,0,212.153,0,26.019,5363,4708,1.970,2.460,2.050,2,0,156.113,0,0,28,306,1,9,1
28-07 12:31:54,10.740,26.475,60.193,0,0,6371680,5056612,407504,4398544,62402.500,38058.711,0,391.627,0,19.981,5220,4187,1.970,2.460,2.050,2,0,156.850,0,0,28,306,1,9,1
28-07 12:31:55,12.001,23.252,62.756,0,0,6384140,5044148,407504,4398548,45496.085,25410.282,0,12.001,0,2.000,4470,3513,1.970,2.460,2.050,3,0,105.009,0,0,28,306,1,9,1
28-07 12:31:56,16.494,9.747,71.725,0,0,6353556,5076472,407620,4396712,76584.349,39448.272,0,3414.812,0,154.946,3652,3498,1.890,2.430,2.050,1,0,22.992,0,0,28,306,1,11,1
28-07 12:31:57,14.759,11.256,72.292,0,0,6361960,5068060,407632,4396716,117436.732,479180.368,0,1424.822,0,24.014,3770,3763,1.890,2.430,2.050,0,0,25.014,0,0,28,307,1,11,1
28-07 12:31:58,2.750,1.750,94.003,0,0,6362928,5067080,407636,4396724,67398.059,97976.993,0,36.001,0,4.000,1714,2427,1.890,2.430,2.050,1,0,1.000,0,0,28,307,1,11,1
28-07 12:31:59,7.254,7.254,84.047,0,0,6357204,5072208,407640,4397316,59242.479,17382.823,0,4254.404,0,113.064,2444,2566,1.890,2.430,2.050,1,0,15.008,0,0,28,306,1,11,1
28-07 12:32:00,5.247,8.495,83.700,0,0,6336804,5092652,407644,4397184,148039.732,52113.576,0,411.752,0,8.995,3050,3056,1.890,2.430,2.050,0,0,26.984,0,0,28,306,1,12,1
28-07 12:32:01,8.750,24.000,65.251,0,0,6337960,5091396,407652,4397328,110625.458,37764.498,0,124.002,0,10.000,5376,4021,1.820,2.410,2.040,6,0,215.003,0,0,28,306,1,13,1
28-07 12:32:02,13.251,16.501,64.256,3.750,0,6349848,5078796,407828,4397744,29920.694,15131.363,584.053,4984.449,66.006,489.044,5040,4490,1.820,2.410,2.040,1,0,99.009,0,0,28,306,1,13,1
28-07 12:32:03,11.995,7.997,68.721,8.996,0,6355640,5068324,408164,4401032,29981.457,14651.870,3502.535,183.923,604.747,19.992,3930,4205,1.820,2.410,2.040,0,1,0,0,0,28,306,1,12,1
28-07 12:32:04,13.509,8.005,69.044,7.505,0,6366016,5049996,408628,4405664,15373.766,7366.680,5083.229,192.122,271.172,19.012,3135,3069,1.820,2.410,2.040,1,0,2.001,0,0,28,306,1,12,1
28-07 12:32:05,24.006,8.002,65.015,1.250,0,6375388,5039692,408672,4406340,16429.815,8651.009,644.150,416.097,47.011,26.006,4049,4299,1.820,2.410,2.040,1,0,1.000,0,0,28,306,1,12,1
28-07 12:32:06,21.466,7.987,69.389,0,0,6397272,5017796,408676,4406348,30190.540,15533.067,0,83.865,0,8.986,3270,3352,1.760,2.390,2.040,1,0,0,0,0,28,307,1,13,1
28-07 12:32:07,65.328,11.719,22.192,0,0,6239356,5175656,408716,4406352,44678.592,22546.751,0,406.931,0,44.882,5288,4077,1.760,2.390,2.040,4,0,6.982,0,0,28,289,0,17,1
28-07 12:32:08,69.262,19.825,11.042,0,0,5999428,5415560,408720,4406368,41942.633,509191.836,0,196.744,0,9.034,5532,3717,1.760,2.390,2.040,5,0,8.030,0,0,28,278,0,19,1
28-07 12:32:09,82.215,17.295,0.251,0,0,6150364,5264616,408736,4406360,29729.821,15093.509,0,505.323,0,31.081,5425,3219,1.760,2.390,2.040,5,0,3.008,0,0,28,276,0,19,1
28-07 12:32:10,88.744,9.614,0.740,0,0,6154360,5260596,408760,4406356,15103.203,7549.137,0,567.960,0,42.400,5721,4567,1.760,2.390,2.040,7,0,4.930,0,0,28,274,0,25,1
28-07 12:32:11,70.795,15.676,13.906,0,0,6240608,5172676,408768,4408040,30671.622,15674.112,0,364.091,0,10.114,7424,8730,2.180,2.460,2.060,4,0,8.091,0,0,28,288,1,25,1
28-07 12:32:12,62.027,13.894,21.834,0,0,6321576,5091280,408768,4408468,43932.334,22490.671,0,0,0,0,5167,4646,2.180,2.460,2.060,2,0,0.992,0,0,28,288,1,29,1
28-07 12:32:13,26.851,6.023,66.752,0.251,0,6341896,5070796,408780,4408620,14972.556,7952.038,0,168.637,0,12.045,3056,3229,2.180,2.460,2.060,3,0,2.008,0,0,28,288,1,31,1
28-07 12:32:14,14.051,6.775,76.780,0,0,6335964,5074804,408816,4410508,29837.631,15436.199,0,1091.976,0,27.099,4532,7451,2.180,2.460,2.060,1,0,0,0,0,28,292,1,31,1
28-07 12:32:15,8.003,5.002,85.782,0.250,0,6332892,5077808,408840,4410552,14801.440,7696.829,0,292.107,0,29.011,2857,3873,2.180,2.460,2.060,0,0,6.002,0,0,28,292,1,33,1
28-07 12:32:16,5.980,4.734,87.708,0,0,6329416,5081268,408856,4410568,16698.315,8921.250,0,119.601,0,12.957,2438,2921,2.080,2.440,2.060,2,0,17.940,0,0,28,292,1,33,1
28-07 12:32:17,13.796,8.027,76.757,0,0,6325828,5084824,408880,4410576,739.479,148.498,0,220.740,0,17.057,3176,7165,2.080,2.440,2.060,0,0,22.074,0,0,28,292,1,34,1
28-07 12:32:18,2.000,1.750,95.247,0,0,6325824,5084824,408884,4410576,15301.536,7759.765,0,103.997,0,7.000,1409,2226,2.080,2.440,2.060,1,0,0,0,0,28,292,1,34,1
28-07 12:32:19,2.751,1.750,94.270,0,0,6324004,5086616,408908,4410580,14739.111,7459.574,0,456.096,0,23.005,1675,2440,2.080,2.440,2.060,1,0,3.001,0,0,28,292,1,34,1
28-07 12:32:20,2.000,3.000,93.738,0,0,6312308,5098304,408912,4410580,820.894,0,0,2815.635,0,16.998,1569,2314,2.080,2.440,2.060,0,0,0,0,0,28,292,1,33,1
28-07 12:32:21,3.250,1.500,93.257,0,0,6311692,5098892,408940,4410580,15097.077,7686.548,0,432.031,0,38.003,1952,2999,1.920,2.400,2.040,0,0,0,0,0,28,292,1,33,1
28-07 12:32:22,2.250,2.250,93.740,0,0,6311712,5098860,408948,4410584,418.955,221.976,0,1007.891,0,165.982,2024,2652,1.920,2.400,2.040,0,0,2.000,0,0,28,292,1,33,1
28-07 12:32:23,2.749,1.999,94.470,0,0,6311668,5098892,408960,4410584,17542.355,9390.978,0,87.972,0,11.996,1736,2731,1.920,2.400,2.040,0,0,0,0,0,28,292,1,33,1
28-07 12:32:24,1.501,1.501,95.043,0,0,6311540,5098892,408960,4410712,2696.226,1944.885,0,0,0,0,1402,2142,1.920,2.400,2.040,1,0,0,0,0,28,292,1,33,1
28-07 12:32:25,8.490,6.492,83.651,0,0,6355548,5054216,408980,4411360,686.188,0,0,495.414,0,27.967,2293,2797,1.920,2.400,2.040,0,0,5.993,0,0,28,292,1,33,1
28-07 12:32:26,5.507,3.755,89.615,0,0,6371404,5038980,408992,4410728,15623.002,7533.645,0,116.149,0,13.017,2333,3222,1.760,2.360,2.030,1,0,0,0,0,28,292,1,33,1
28-07 12:32:27,7.752,3.751,87.019,0,0,6378304,5032020,409024,4410756,1957.434,1501.333,0,616.137,0,37.008,2284,2969,1.760,2.360,2.030,1,0,0,0,0,28,292,1,33,1
28-07 12:32:28,2.248,1.998,94.665,0,0,6373836,5036468,409036,4410764,23503.788,329.702,0,139.874,0,9.991,1690,2575,1.760,2.360,2.030,0,0,1.998,0,0,28,292,1,33,1
28-07 12:32:29,2.501,2.001,94.549,0,0,6366076,5044212,409044,4410772,14743.623,7299.774,0,112.058,0,6.003,1528,2307,1.760,2.360,2.030,1,0,1.001,0,0,28,292,1,33,1
28-07 12:32:30,1.750,1.500,95.264,0,0,6358712,5051576,409044,4410772,705.105,74.011,0,1600.238,0,9.001,1352,2160,1.760,2.360,2.030,0,0,0,0,0,28,292,1,33,1
28-07 12:32:31,3.248,2.998,92.453,0,0,6353460,5056796,409076,4410772,1028.475,0,0,563.712,0,44.977,2064,3090,1.620,2.320,2.020,0,0,1.999,0,0,28,292,1,34,1
28-07 12:32:32,2.498,1.499,94.671,0,0,6347876,5062372,409084,4410772,1253.950,189.841,0,71.940,0,8.992,1531,2245,1.620,2.320,2.020,0,0,0,0,0,28,292,1,33,1
28-07 12:32:33,3.252,3.002,92.815,0,0,6343012,5067228,409092,4410772,15193.583,7301.086,0,7917.515,0,419.292,2513,2671,1.620,2.320,2.020,1,0,0,0,0,28,292,1,33,1
28-07 12:32:34,2.250,1.500,94.730,0,0,6341956,5068280,409092,4410776,358.923,0,0,3.999,0,1.000,1465,2244,1.620,2.320,2.020,0,0,2.000,0,0,28,292,1,33,1
28-07 12:32:35,1.752,1.502,95.376,0,0,6341956,5068280,409096,4410772,240.318,0,0,889.176,0,110.146,1538,2198,1.620,2.320,2.020,1,0,0,0,0,28,292,1,33,1
28-07 12:32:36,2.750,2.250,94.487,0,0,6342212,5068028,409120,4410776,598.916,0,0,271.962,0,20.997,1694,2615,1.570,2.300,2.020,0,0,0,0,0,28,292,1,33,1
28-07 12:32:37,2.249,2.249,93.446,0,0,6342192,5067996,409160,4410788,359.791,189.890,0,255.852,0,32.981,1963,3012,1.570,2.300,2.020,1,0,1.999,0,0,28,292,1,33,1
28-07 12:32:38,4.753,2.751,91.299,0,0,6341680,5068496,409160,4410800,17391.246,8653.601,0,0,0,0,1966,2675,1.570,2.300,2.020,0,0,0,0,0,28,292,1,33,1
28-07 12:32:39,2.498,1.499,94.928,0,0,6342184,5067992,409160,4410800,299.773,0,0,3.997,0,0.999,1433,2196,1.570,2.300,2.020,0,0,0.999,0,0,28,292,1,33,1
28-07 12:32:40,2.002,2.502,94.581,0,0,6341580,5068456,409168,4410932,662.569,0,0,496.426,0,25.021,1620,2308,1.570,2.300,2.020,0,0,3.003,0,0,28,292,1,33,1
28-07 12:32:41,4.499,5.749,87.738,0,0,6341300,5068708,409192,4410936,806.894,0,0,323.957,0,29.996,2371,3046,1.440,2.260,2.010,0,0,5.999,0,0,28,290,1,34,1
28-07 12:32:42,2.250,2.000,95.260,0,0,6341300,5068708,409192,4410936,479.052,148.016,0,32.003,0,3.000,1393,2218,1.440,2.260,2.010,1,0,0,0,0,28,290,1,34,1
28-07 12:32:43,4.743,5.991,87.124,0.250,0,6343024,5066960,409208,4410944,96462.724,28171.325,0,363.475,0,30.955,2744,3187,1.440,2.260,2.010,3,0,41.939,0,0,28,290,1,34,1
28-07 12:32:44,9.240,25.723,63.183,0,0,6334292,5075688,409216,4410940,52701.253,461086.263,0,367.611,0,6.993,5806,4375,1.440,2.260,2.010,1,0,251.734,0,0,28,290,1,34,1
28-07 12:32:45,19.293,10.523,68.904,0.251,0,6363212,5046764,409216,4410944,32039.377,109515.980,0,100.223,0,8.018,2913,2728,1.440,2.260,2.010,1,0,21.047,0,0,28,290,1,34,1
28-07 12:32:46,23.084,5.709,69.500,0,0,6400244,5009720,409224,4410948,30222.519,15270.116,0,63.543,0,8.936,2752,2557,1.410,2.240,2,1,0,1.986,0,0,28,290,1,34,1
28-07 12:32:47,25.433,4.533,68.995,0.252,0,6400148,5009720,409304,4410972,15255.489,7697.243,0,2485.841,0,146.048,3510,3578,1.410,2.240,2,3,0,0,0,0,28,293,1,34,1
28-07 12:32:48,26.163,3.179,68.708,0,0,6403920,5005940,409316,4410968,14769.538,7450.788,0,125.190,0,14.671,2797,2566,1.410,2.240,2,1,0,0,0,0,28,296,1,34,1
28-07 12:32:49,11.253,25.574,60.866,0,0,6319256,5090544,409316,4411028,47473.697,24503.048,0,0,0,0,5467,4074,1.410,2.240,2,5,0,228.121,0,0,28,296,1,34,1
28-07 12:32:50,16.753,14.252,67.762,0,0,6352760,5057040,409316,4411028,29596.179,14756.582,0,8.001,0,2.000,3510,3146,1.410,2.240,2,1,0,82.014,0,0,28,296,1,34,1
28-07 12:32:51,23.730,5.745,69.193,0,0,6401092,5008684,409336,4411032,29687.446,14645.887,0,647.465,0,46.961,3140,3345,1.380,2.210,1.990,1,0,0,0,0,28,297,1,34,1
28-07 12:32:52,23.700,5.488,68.855,0,0,6402832,5006920,409344,4411048,15344.656,7560.065,0,119.748,0,11.975,3355,3433,1.380,2.210,1.990,2,0,1.996,0,0,28,298,1,35,1
28-07 12:32:53,10.779,6.518,81.722,0,0,6324124,5085572,409376,4411072,98497.799,29514.244,0,316.861,0,30.082,3028,3361,1.380,2.210,1.990,1,0,35.095,0,0,28,298,1,31,1
28-07 12:32:54,7.740,24.717,64.664,0.499,0,6332520,5077040,409512,4411072,60878.021,40018.768,139.814,71.904,4.993,3.995,5381,4003,1.380,2.210,1.990,1,0,217.710,0,0,28,298,1,31,1
28-07 12:32:55,12.510,27.773,57.298,0.250,0,6364460,5045080,409524,4411080,61039.134,38652.380,0,368.309,0,17.014,5496,4137,1.380,2.210,1.990,1,0,212.178,0,0,28,298,1,31,1
28-07 12:32:56,8.001,23.753,65.257,0,0,6361836,5047688,409532,4411088,57959.519,468652.712,0,40.004,0,3.000,5640,4474,1.430,2.210,1.990,1,0,185.021,0,0,28,298,1,31,1
28-07 12:32:57,8.248,22.994,66.732,0,0,6364096,5045420,409532,4411096,63219.966,126725.856,0,139.962,0,14.996,5370,4353,1.430,2.210,1.990,1,0,184.950,0,0,28,298,1,29,1
28-07 12:32:58,7.255,22.265,67.544,0,0,6366660,5042844,409532,4411108,60872.791,38923.443,0,324.212,0,61.040,5196,3995,1.430,2.210,1.990,2,0,185.121,0,0,28,298,1,29,1
28-07 12:32:59,7.244,23.979,66.443,0,0,6371424,5038064,409544,4411112,60943.590,39022.442,0,255.780,0,17.985,5326,4157,1.430,2.210,1.990,1,0,203.825,0,0,28,298,1,29,1
28-07 12:33:00,9.247,24.242,63.980,0,0,6359104,5050240,409544,4411256,46970.204,28633.980,0,35.989,0,2.999,5325,4074,1.430,2.210,1.990,1,0,202.936,0,0,28,298,1,29,1
28-07 12:33:01,8.256,25.767,63.543,0,0,6350568,5058732,409572,4411272,74175.753,38305.693,0,276.185,0,26.017,5579,4563,1.390,2.190,1.990,2,0,209.140,0,0,28,298,1,29,1
28-07 12:33:02,8.758,25.023,63.309,0,0,6336628,5072648,409584,4411284,61271.371,37853.444,0,64.060,0,6.006,5317,4045,1.390,2.190,1.990,1,0,215.202,0,0,28,298,1,29,1
28-07 12:33:03,6.246,24.736,65.212,0,0,6334800,5074472,409596,4411276,60780.638,37865.970,0,2154.746,0,339.802,6061,4528,1.390,2.190,1.990,2,0,196.885,0,0,28,298,1,29,1
28-07 12:33:04,7.739,24.217,66.409,0,0,6336708,5072540,409600,4411296,56351.454,571347.760,0,39.945,0,3.995,5539,4287,1.390,2.190,1.990,1,0,183.747,0,0,28,298,1,29,1
28-07 12:33:05,19.032,10.017,69.615,0,0,6365752,5043496,409600,4411296,59739.049,32922.586,0,4.007,0,1.002,3034,2871,1.390,2.190,1.990,1,0,21.035,0,0,28,298,1,28,1
28-07 12:33:06,23.860,5.468,69.591,0,0,6414368,4994860,409616,4411300,29581.062,15216.526,0,302.223,0,24.854,2774,2742,1.440,2.190,1.990,1,0,0,0,0,28,299,1,28,1
28-07 12:33:07,25.338,4.516,68.989,0,0,6414604,4994608,409632,4411300,30043.890,16342.511,0,168.583,0,21.073,3167,3135,1.440,2.190,1.990,2,0,0,0,0,28,298,1,28,1
28-07 12:33:08,21.036,8.264,69.618,0,0,6385828,5023364,409632,4411320,44810.792,23061.005,0,0,0,0,2802,2755,1.440,2.190,1.990,1,0,7.012,0,0,28,298,1,28,1
28-07 12:33:09,26.014,10.006,63.035,0,0,6412892,4996220,409648,4411384,30640.963,15222.427,0,340.188,0,21.012,3063,2770,1.440,2.190,1.990,3,0,2.001,0,0,28,298,1,22,1
28-07 12:33:10,23.969,7.740,65.915,0,0,6413060,4995716,409816,4411552,31129.630,15326.124,0,1158.498,0,158.794,4580,5570,1.440,2.190,1.990,4,0,0.999,0,0,28,299,1,26,1
28-07 12:33:11,21.765,11.258,64.545,0,0,6431388,4977328,409836,4411592,31472.116,17421.242,0,464.326,0,70.049,3811,3793,1.410,2.170,1.980,1,0,24.017,0,0,28,299,1,26,1
28-07 12:33:12,23.511,5.252,70.282,0,0,6471884,4936832,409836,4411592,44713.203,22340.094,0,8.004,0,1.000,2571,2411,1.410,2.170,1.980,2,0,0,0,0,28,299,1,26,1
28-07 12:33:13,23.483,5.996,68.452,0.250,0,6477696,4930784,409928,4411736,15292.250,7290.875,0,1898.665,0,99.930,3288,3376,1.410,2.170,1.980,2,0,0,0,0,28,300,1,16,1
28-07 12:33:14,15.517,4.755,78.837,0,0,6411664,4996808,409932,4411740,30212.524,15815.549,0,36.040,0,3.003,2680,2823,1.410,2.170,1.980,1,0,24.027,0,0,28,299,1,18,1
28-07 12:33:15,17.998,7.749,71.992,0,0,6402340,5006024,409984,4411796,44349.242,22083.631,0,591.936,0,43.995,4592,5654,1.410,2.170,1.980,2,0,4.000,0,0,28,300,1,20,1
28-07 12:33:16,4.499,2.250,91.736,0,0,6392544,5015772,410016,4411812,29853.326,14751.690,0,235.963,0,18.997,2100,3098,1.290,2.130,1.970,0,0,3.999,0,0,28,299,1,20,1
28-07 12:33:17,14.747,10.248,72.986,0,0,6370508,5037780,410036,4411820,15856.945,7508.553,0,151.971,0,12.997,3867,10570,1.290,2.130,1.970,2,0,37.993,0,0,28,299,1,16,1
28-07 12:33:18,2.251,2.001,94.783,0,0,6369332,5038928,410056,4411828,15427.370,7298.541,0,448.156,0,23.008,1536,2346,1.290,2.130,1.970,0,0,0,0,0,28,299,1,16,1
28-07 12:33:19,3.250,2.500,92.488,0,0,6365180,5043064,410072,4411828,27560.403,458132.205,0,2091.727,0,362.953,2499,2862,1.290,2.130,1.970,0,0,1.000,0,0,28,299,1,16,1
28-07 12:33:20,2.750,2.250,93.754,0,0,6361612,5046632,410092,4411808,18656.883,148583.031,0,468.022,0,30.001,1851,2703,1.290,2.130,1.970,2,0,3.000,0,0,28,299,1,16,1
28-07 12:33:21,3.499,1.999,92.973,0,0,6358000,5050172,410128,4411844,15091.639,7425.854,0,287.917,0,36.989,2035,3168,1.190,2.100,1.960,0,0,0,0,0,28,299,1,16,1
28-07 12:33:22,5.502,3.251,89.036,0.250,0,6355124,5053032,410184,4411804,17013.902,8800.570,0,736.299,0,114.046,2592,3433,1.190,2.100,1.960,0,0,3.001,0,0,28,299,1,16,1
28-07 12:33:23,2.749,1.749,93.952,0,0,6352396,5055696,410200,4411852,686.652,0,0,199.899,0,18.990,1829,2790,1.190,2.100,1.960,0,0,1.999,0,0,28,299,1,16,1
28-07 12:33:24,10.506,7.004,81.046,0,0,6375892,5032196,410236,4411820,16019.005,8122.566,0,208.117,0,19.011,2478,2939,1.190,2.100,1.960,1,0,9.005,0,0,28,299,1,16,1
28-07 12:33:25,23.910,8.717,65.254,0,0,6424344,4982908,410260,4412632,44101.583,22032.859,0,259.023,0,19.925,2910,2695,1.190,2.100,1.960,2,0,1.992,0,0,28,299,1,16,1
28-07 12:33:26,29.313,8.017,61.632,0,0,6445088,4962256,410300,4412496,30908.298,14785.715,0,645.384,0,32.069,3961,4006,1.250,2.090,1.960,1,0,4.009,0,0,28,299,1,16,1
28-07 12:33:27,24.532,11.014,62.582,0,0,6436296,4971664,410304,4411876,45489.508,23967.353,0,80.105,0,6.008,3463,3093,1.250,2.090,1.960,1,0,25.033,0,0,28,299,1,16,1
28-07 12:33:28,22.657,6.042,70.991,0,0,6474716,4933244,410304,4411876,30038.897,14693.694,0,4.028,0,1.007,2530,2403,1.250,2.090,1.960,1,0,0,0,0,28,299,1,16,1
28-07 12:33:29,24.586,4.967,68.047,0,0,6472944,4934916,410388,4411892,29795.529,14561.008,0,2173.522,0,103.312,3379,3332,1.250,2.090,1.960,1,0,2.980,0,0,28,299,1,16,1
28-07 12:33:30,5.746,4.247,87.936,0.500,0,6430008,4977916,410400,4411816,99086.551,31285.125,0,331.757,0,17.987,2381,2965,1.250,2.090,1.960,0,1,14.989,0,0,28,299,1,16,1
28-07 12:33:31,3.750,4.750,69.003,20.501,0,6413280,4979156,410460,4427172,44737.974,22891.010,14732.650,400.018,134.006,49.002,2727,3479,1.230,2.070,1.960,0,1,0,0,0,28,299,1,17,1
28-07 12:33:32,5.254,7.005,69.546,16.511,0,6387784,4990660,410488,4441036,30178.156,14815.896,13104.753,152.102,128.086,15.010,2498,2838,1.230,2.070,1.960,1,0,0,0,0,28,299,1,17,1
28-07 12:33:33,7.249,6.749,66.487,17.996,0,6373172,4998248,410524,4447992,46443.797,24060.232,6154.780,571.887,67.987,38.992,2935,3274,1.230,2.070,1.960,0,1,3.999,0,0,28,299,1,17,1
28-07 12:33:34,4.250,3.000,68.752,22.000,0,6363568,4998024,410536,4457760,44669.982,544555.968,9116.200,104.002,94.002,14.000,2966,3251,1.230,2.070,1.960,0,1,0,0,0,28,299,1,16,1
28-07 12:33:35,6.749,8.499,69.994,12.999,0,6340272,5013900,410536,4465148,29769.614,14656.825,6491.480,1515.878,62.995,276.978,2721,2483,1.230,2.070,1.960,1,0,1.000,0,0,28,299,1,16,1
28-07 12:33:36,3.962,5.448,68.096,19.810,0,6333556,5003516,410564,4482140,30887.206,15239.563,15483.222,416.003,164.420,27.734,3164,3360,1.210,2.060,1.950,1,0,2.971,0,0,28,299,1,16,1
28-07 12:33:37,6.555,8.824,69.331,13.362,0,6332300,4993436,410588,4493404,60077.245,30217.118,10181.285,165.385,126.056,16.135,2974,3041,1.210,2.060,1.950,0,1,2.017,0,0,28,299,1,16,1
28-07 12:33:38,5.557,7.578,70.473,15.408,0,6323124,4987664,410588,4508320,30212.852,15068.538,14286.517,0,162.668,0,2903,2974,1.210,2.060,1.950,1,0,1.010,0,0,28,299,1,16,1
28-07 12:33:39,5.205,6.444,69.146,16.357,0,6324472,4971284,410612,4523280,44229.507,22420.085,14568.694,281.540,151.675,15.861,2868,2973,1.210,2.060,1.950,2,0,3.965,0,0,28,299,1,16,1
28-07 12:33:40,4.749,5.749,69.985,18.246,0,6322256,4958460,410620,4538228,44845.388,22449.189,14324.930,99.979,147.968,5.999,2861,2985,1.210,2.060,1.950,0,1,2.000,0,0,28,299,1,17,1
28-07 12:33:41,4.542,9.085,64.854,19.936,0,6323732,4938300,410648,4556820,46131.707,23226.349,17034.675,327.046,186.739,21.197,3619,3752,1.200,2.040,1.950,2,1,5.047,0,0,28,299,1,17,1
28-07 12:33:42,2.973,3.221,69.620,22.050,0,6323076,4923180,410656,4572512,30261.037,14833.706,14346.120,285.416,154.600,52.524,2634,2901,1.200,2.040,1.950,0,1,4.955,0,0,28,299,1,15,1
28-07 12:33:43,9.748,10.498,68.484,9.248,0,6323072,4914864,410720,4580736,36946.374,14918.517,6654.446,423.901,70.983,38.991,2918,3082,1.200,2.040,1.950,1,0,0,0,0,28,299,1,15,1
28-07 12:33:44,15.997,15.997,66.986,0,0,6323240,4912344,410740,4583068,16361.536,8647.169,0,115.975,0,11.997,2946,2827,1.200,2.040,1.950,2,0,0,0,0,28,299,1,15,1
28-07 12:33:45,6.495,9.992,69.694,12.490,0,6322660,4904560,410740,4591384,30017.861,15049.898,7174.231,7.994,77.937,0.999,2618,2649,1.200,2.040,1.950,1,1,2.998,0,0,28,299,1,15,1
28-07 12:33:46,2.996,4.744,69.412,20.224,0,6322804,4890196,410756,4605540,58994.006,29808.108,14010.190,379.518,150.808,16.978,2843,3037,1.180,2.020,1.940,1,0,2.996,0,0,28,299,1,15,1
28-07 12:33:47,4.748,4.498,68.473,20.242,0,6322764,4880144,410764,4615576,60283.869,624290.108,9820.069,67.973,96.961,2.999,3250,3324,1.180,2.020,1.940,2,1,2.999,0,0,28,299,1,15,1
28-07 12:33:48,3.668,5.869,69.209,20.298,0,6323624,4863524,410764,4631256,44139.183,22123.394,15287.601,0,156.515,0,2927,3129,1.180,2.020,1.940,0,1,3.913,0,0,28,299,1,15,1
28-07 12:33:49,3.327,4.863,69.361,20.732,0,6324012,4850432,410764,4643912,46012.001,22920.514,12727.704,4.095,127.973,1.024,2566,2861,1.180,2.020,1.940,0,1,3.071,0,0,28,299,1,15,1
28-07 12:33:50,2.503,5.507,70.087,19.775,0,6324684,4832540,410764,4661068,45535.467,22547.961,16372.303,8.010,192.238,2.002,2918,3107,1.180,2.020,1.940,0,1,2.002,0,0,28,299,1,15,1
