"pcp-dstat 6.2.0 CSV Output"
"Author:","PCP team <pcp@groups.io> and Dag Wieers <dag@wieers.com>",,,,"URL:","https://pcp.io/ and http://dag.wieers.com/home-made/dstat/"
"Host:","ubuntu",,,,"User:","stack"
"Cmdline:","dstat -tcmndrylpg --tcp --output /opt/stack/logs/dstat-csv.log",,,,"Date:","04 Aug 2026 11:20:34 UTC"
"system","total usage",,,,,"memory usage",,,,"net/total",,"dsk/total",,"io/total",,"system",,"load avg",,,"procs",,,"paging",,"tcp sockets",,,,
"time","total usage:usr","total usage:sys","total usage:idl","total usage:wai","total usage:stl","used","free","buf","cach","net/total:recv","net/total:send","dsk/total:read","dsk/total:writ","read","writ","int","csw","1m","5m","15m","run","blk","new","in","out","lis","act","syn","tim","clo"
04-08 11:20:34,,1247888,11520972,144000,3242256,,,,,,,1.750,1.290,1.240,4,0,,,,12,4,0,9,2
04-08 11:20:35,19.019,24.205,52.857,0.247,0,1271208,11496576,144040,3243208,652837.536,47426.857,23.711,857.564,1.976,10.868,5097,2831,1.750,1.290,1.240,2,0,128.437,0,0,12,4,0,9,2
04-08 11:20:36,18.007,23.009,57.022,0,0,1277248,11490284,144180,3243240,77810.143,34777.473,0,1228.476,0,42.016,4381,2452,1.770,1.300,1.240,2,0,133.052,0,0,12,4,0,9,2
04-08 11:20:37,18.532,25.293,53.592,0,0,1269528,11482768,144276,3257928,206015.576,43745.078,0,1141.960,0,28.048,4709,2639,1.770,1.300,1.240,4,0,145.249,0,0,12,4,0,9,2
04-08 11:20:38,24.640,25.394,48.525,0.251,0,1277776,11467492,144456,3264280,323192.852,44484.551,0,7924.992,0,354.010,5505,2682,1.770,1.300,1.240,4,0,132.754,0,0,12,4,0,9,2
04-08 11:20:39,28.542,26.557,43.434,0,0,1266240,11466156,145100,3274716,45899.291,24665.669,0,1306.501,0,56.589,4569,2530,1.770,1.300,1.240,2,0,122.112,0,0,12,4,0,9,2
04-08 11:20:40,29.051,26.296,42.575,0,0,1280112,11442160,145404,3283528,74356.657,583035.493,16.028,1222.148,1.002,30.053,4954,2823,1.770,1.300,1.240,1,0,121.213,0,0,12,4,0,9,2
04-08 11:20:41,38.965,24.478,35.469,0,0,1282224,11430176,145532,3292484,60858.974,31483.052,0,171.847,0,6.994,4842,4471,1.870,1.330,1.250,2,0,76.932,0,0,12,4,0,9,2
04-08 11:20:42,30.027,25.272,42.788,0,0,1297892,11396556,145924,3308264,46544.388,24224.541,0,1509.342,0,52.046,4797,2619,1.870,1.330,1.250,3,0,94.084,0,0,12,4,0,9,2
04-08 11:20:43,30.320,29.078,37.528,0.249,0,1295012,11391980,146396,3314532,61452.112,32381.255,0,12036.725,0,101.400,5348,4534,1.870,1.330,1.250,6,0,113.329,0,0,12,4,0,9,2
04-08 11:20:44,38.677,25.536,30.743,1.983,0,1286360,11391664,146888,3321572,45209.965,23099.845,559.323,1102.779,23.801,29.751,5299,4688,1.870,1.330,1.250,5,0,65.453,0,0,12,4,0,9,2
04-08 11:20:45,35.093,25.430,38.908,0.509,0,1318860,11346960,147396,3361144,46433.804,24010.820,240.057,1432.207,18.309,48.825,5149,4245,1.870,1.330,1.250,3,0,48.825,0,0,13,4,0,9,2
04-08 11:20:46,23.716,13.730,60.662,0,0,1427344,11218800,147796,3474004,45114.719,23055.638,0,970.596,0,31.954,3034,2382,1.880,1.340,1.250,3,0,12.981,0,0,13,6,0,9,2
04-08 11:20:47,34.033,19.915,46.385,0,0,1450276,11206704,148240,3461740,47687.055,26458.748,0,3948.796,0,497.129,4483,2363,1.880,1.340,1.250,2,0,70.586,0,0,13,4,0,9,0
04-08 11:20:48,35.726,14.240,45.719,2.248,0,1345196,11311116,148244,3462540,61686.059,33578.170,931.367,9953.233,12.991,38.974,3377,1747,1.880,1.340,1.250,2,0,23.984,0,0,13,4,0,9,0
04-08 11:20:49,33.558,18.395,44.993,0,0,1366824,11289472,148244,3462556,73322.025,599938.846,0,15.909,0,3.977,4187,2162,1.880,1.340,1.250,4,0,79.545,0,0,13,4,0,9,0
04-08 11:20:50,26.695,23.452,48.151,0,0,1397964,11258288,148292,3462556,50362.384,26987.476,0,782.390,0,15.967,4643,2748,1.880,1.340,1.250,3,0,126.739,0,0,13,5,0,11,0
04-08 11:20:51,29.042,11.517,52.826,5.007,0,1426488,11222968,148420,3468404,63893.610,34269.135,648.930,1970.826,33.047,36.052,3165,1975,1.810,1.340,1.250,4,0,17.024,0,0,13,4,0,11,1
04-08 11:20:52,36.489,9.747,47.486,4.999,0,1465332,11178964,148600,3472876,46036.306,24693.654,3602.928,7.998,197.941,1.999,3336,1990,1.810,1.340,1.250,3,0,1.999,0,0,13,4,0,11,0
04-08 11:20:53,42.740,15.839,38.969,0,0,1465608,11177460,148656,3473632,30743.836,16829.613,76.430,20446.949,1.006,98.554,7118,11023,1.810,1.340,1.250,3,0,5.028,0,0,13,4,0,11,0
04-08 11:20:54,36.631,13.955,46.101,0.748,0,1509704,11131148,148756,3475364,30405.468,15903.463,111.638,0,4.984,0,3618,3094,1.810,1.340,1.250,2,0,10.964,0,0,13,4,0,11,0
04-08 11:20:55,41.102,9.904,46.797,0,0,1529268,11111240,148788,3475616,15736.721,8189.751,142.620,3002.942,1.981,9.904,3847,3445,1.810,1.340,1.250,6,0,6.933,0,0,13,6,0,11,0
04-08 11:20:56,34.204,23.718,34.704,2.497,0,1531224,11098164,153968,3481156,31110.595,16954.435,0,27275.699,0,2175.105,14417,22184,2.070,1.400,1.270,2,1,34.953,0,0,13,6,0,11,0
04-08 11:20:57,33.882,24.345,34.133,2.510,0,1522384,11097912,159356,3484576,45254.878,23675.010,0,38678.319,0,2545.894,12820,18264,2.070,1.400,1.270,3,0,36.140,0,0,13,6,0,11,0
04-08 11:20:58,40.865,13.037,37.356,5.265,0,1513328,11110952,162596,3478160,46457.229,28405.237,0,18195.397,0,1341.790,8704,11964,2.070,1.400,1.270,3,0,32.091,0,0,13,6,0,11,0
04-08 11:20:59,32.201,19.720,43.933,0.998,0,1422952,11200916,162996,3478168,45970.678,24655.284,0,6066.720,0,235.640,4564,3015,2.070,1.400,1.270,2,0,91.859,0,0,13,4,0,11,0
04-08 11:21:00,36.398,16.316,46.940,0.502,0,1438884,11184484,163488,3478164,55551.154,458170.010,0,6365.801,0,292.184,4488,3276,2.070,1.400,1.270,1,0,58.236,0,0,13,4,0,11,0
04-08 11:21:01,21.765,5.003,72.050,0,0,1465684,11157652,163520,3478164,48610.615,147258.831,0,160.111,0,12.008,2118,1616,1.980,1.390,1.270,1,0,0,0,0,13,4,0,11,0
04-08 11:21:02,22.217,4.743,72.391,0,0,1477500,11145824,163528,3478164,30578.094,15689.446,0,115.826,0,2.996,1884,1307,1.980,1.390,1.270,1,0,0,0,0,13,4,0,11,0
04-08 11:21:03,24.479,2.248,71.689,0,0,1472740,11150568,163532,3478172,49436.889,26480.444,0,359.694,0,76.934,2055,1192,1.980,1.390,1.270,1,0,1.998,0,0,13,4,0,11,0
04-08 11:21:04,19.778,8.011,71.602,0,0,1435392,11187912,163532,3478148,45833.595,23490.619,0,8.011,0,2.003,2358,1656,1.980,1.390,1.270,1,0,13.019,0,0,13,4,0,11,0
04-08 11:21:05,21.485,4.997,71.950,0,0,1429672,11193632,163532,3478148,46570.836,23888.501,0,0,0,0,1899,1384,1.980,1.390,1.270,1,0,0,0,0,13,4,0,11,0
04-08 11:21:06,21.764,5.504,71.547,0,0,1448500,11174764,163532,3478184,30524.121,15575.267,0,8.005,0,2.001,1974,1370,1.900,1.380,1.270,1,0,2.001,0,0,13,4,0,11,0
04-08 11:21:07,24.001,2.500,72.752,0,0,1452508,11170740,163536,3478196,32195.076,17197.575,0,0,0,0,1758,1133,1.900,1.380,1.270,2,0,0,0,0,13,4,0,10,0
04-08 11:21:08,5.991,22.716,69.645,0,0,1400084,11223072,163616,3478208,61560.420,33718.292,0,882.673,0,97.853,4316,2991,1.900,1.380,1.270,1,0,134.797,0,0,13,4,0,10,0
04-08 11:21:09,7.250,24.250,65.750,0,0,1384828,11238236,163624,3478292,61719.236,34507.132,16.000,13332.051,1.000,264.001,4514,2638,1.900,1.380,1.270,1,0,137.001,0,0,13,4,0,10,0
04-08 11:21:10,5.757,23.781,67.588,0,0,1358380,11264588,163624,3478388,46176.098,24246.557,24.031,20.026,1.001,5.007,3972,2406,1.900,1.380,1.270,2,0,122.159,0,0,13,4,0,10,0
04-08 11:21:11,7.742,24.225,65.931,0,0,1353984,11268976,163624,3478396,72976.481,593948.216,0,11.987,0,2.997,4514,2724,1.830,1.380,1.270,2,0,119.874,0,0,13,4,0,6,0
04-08 11:21:12,6.508,23.528,67.830,0,0,1348688,11274264,163624,3478404,61614.891,32525.478,0,28.033,0,6.007,4208,2569,1.830,1.380,1.270,2,0,127.150,0,0,13,4,0,6,0
04-08 11:21:13,14.999,22.748,59.244,0,0,1338508,11284436,163624,3478868,46118.495,24404.616,0,4.000,0,1.000,4827,5088,1.830,1.380,1.270,1,0,105.990,0,0,13,4,0,6,0
04-08 11:21:14,19.334,26.365,53.734,0,0,1308856,11314068,163628,3478484,45787.748,23573.841,4.018,52243.913,1.004,166.727,5270,5240,1.830,1.380,1.270,2,0,64.280,0,0,13,4,0,6,0
04-08 11:21:15,33.852,24.891,36.341,2.240,0,1371696,11249340,163640,3480744,60689.872,32107.735,1883.771,987.685,24.891,3.983,5105,2635,1.830,1.380,1.270,4,0,86.622,0,0,13,4,0,6,0
04-08 11:21:16,44.966,16.077,37.179,1.005,0,1445528,11174244,163640,3482008,45427.714,25102.859,1125.418,8.039,15.073,2.010,3652,1819,1.920,1.400,1.280,2,0,46.223,0,0,13,5,0,6,0
04-08 11:21:17,46.492,4.972,47.487,0.746,0,1474180,11145516,163660,3482064,43910.699,22559.005,19.890,7.956,3.978,1.989,2719,1144,1.920,1.400,1.280,3,0,0,0,0,13,5,0,6,0
04-08 11:21:18,41.819,8.712,47.295,0.249,0,1503364,11115276,163676,3483084,15089.734,7425.882,489.881,234.984,7.966,3.983,2708,1334,1.920,1.400,1.280,2,0,1.991,0,0,13,5,0,6,0
04-08 11:21:19,37.163,15.317,46.705,0,0,1508788,11109452,163692,3483468,29722.228,15144.355,0,5552.327,0,292.281,3168,1605,1.920,1.400,1.280,4,0,0,0,0,13,5,0,6,0
04-08 11:21:20,42.631,19.446,34.653,1.745,0,1527408,11088132,163784,3485980,31354.329,16589.613,175.509,31803.074,6.980,127.643,5031,4725,1.920,1.400,1.280,3,0,48.863,0,0,13,6,0,7,0
04-08 11:21:21,22.740,20.214,55.082,1.263,0,1555240,11059504,163916,3486596,58486.086,471233.027,731.733,0,15.160,0,4355,2650,1.930,1.410,1.280,4,0,91.972,0,0,14,10,0,7,0
04-08 11:21:22,28.389,7.222,62.756,0,0,1595592,11018960,164112,3486604,48650.604,147107.313,0,3470.489,0,119.535,2850,2162,1.930,1.410,1.280,2,0,2.988,0,0,14,12,0,7,0
04-08 11:21:23,34.640,14.205,50.340,0,0,1657048,10957472,164144,3486604,45809.080,23113.375,0,366.831,0,18.940,3688,13344,1.930,1.410,1.280,2,0,35.886,0,0,14,12,0,4,0
04-08 11:21:24,23.710,3.744,71.379,0,0,1670376,10944116,164168,3486608,30512.465,15600.651,0,722.779,0,15.973,2006,1427,1.930,1.410,1.280,4,0,2.995,0,0,14,12,0,4,0
04-08 11:21:25,25.280,3.004,71.335,0,0,1684740,10929484,164192,3486844,15914.028,8238.851,0,1722.059,0,22.026,1891,1183,1.930,1.410,1.280,2,0,1.001,0,0,14,14,0,4,0
04-08 11:21:26,27.202,5.241,63.637,0.998,0,1687844,10925544,164776,3487072,62273.266,42556.327,207.631,2371.783,14.973,241.570,4390,5067,1.860,1.410,1.280,3,0,0.998,0,0,14,18,0,4,0
04-08 11:21:27,28.300,7.263,62.611,0,0,1620624,10992628,164896,3487088,45160.786,26573.949,0,737.303,0,56.099,3570,3175,1.860,1.410,1.280,3,0,23.041,0,0,14,18,0,6,0
04-08 11:21:28,16.999,9.749,71.244,0.750,0,1654128,10959032,164912,3487156,45550.078,22836.034,95.992,7.999,12.999,2.000,2199,1562,1.860,1.410,1.280,1,0,20.998,0,0,14,18,0,6,0
04-08 11:21:29,20.512,4.753,71.542,1.501,0,1663928,10948536,165200,3487512,29876.380,14732.570,364.212,3722.165,13.008,159.093,2133,1676,1.860,1.410,1.280,1,0,0,0,0,14,18,0,6,0
04-08 11:21:30,22.719,4.494,71.902,0.250,0,1677708,10934432,165232,3487740,29999.001,14572.085,0,830.864,0,13.981,2304,1902,1.860,1.410,1.280,1,0,1.997,0,0,14,19,0,6,0
04-08 11:21:31,14.509,3.752,72.296,8.505,0,1675788,10935856,165272,3487988,14805.476,7300.673,288.184,0,71.045,0,1698,1434,1.790,1.400,1.280,0,1,0,0,0,14,18,0,6,0
04-08 11:21:32,19.492,4.498,71.721,2.999,0,1673476,10937784,165276,3488284,14908.930,7602.905,155.937,7.997,38.984,1.999,2663,2589,1.790,1.400,1.280,1,0,0,0,0,14,24,0,6,0
04-08 11:21:33,18.752,8.501,71.258,0,0,1591052,11020204,165276,3488288,15424.770,7620.875,0,0,0,0,2368,1535,1.790,1.400,1.280,1,0,45.005,0,0,14,24,0,6,0
04-08 11:21:34,19.521,8.509,71.328,0,0,1600880,11010376,165284,3488284,30338.326,16207.804,0,5542.088,0,514.565,2324,1382,1.790,1.400,1.280,2,0,1.001,0,0,14,24,0,6,0
04-08 11:21:35,23.236,4.747,71.208,0,0,1636384,10974856,165284,3488288,39936.426,447475.857,0,7.995,0,0.999,2264,1731,1.790,1.400,1.280,2,0,0,0,0,14,24,0,6,0
04-08 11:21:36,21.737,5.997,70.709,0,0,1636820,10974364,165308,3488304,33315.669,138837.442,0,151.912,0,9.994,3126,3033,1.880,1.430,1.290,1,0,2.998,0,0,14,24,0,6,0
04-08 11:21:37,13.765,18.020,66.572,0,0,1592292,11018844,165324,3488320,15178.514,7938.637,0,164.179,0,10.011,3355,2001,1.880,1.430,1.290,2,0,116.126,0,0,14,24,0,6,0
04-08 11:21:38,34.729,17.113,47.313,0,0,1637888,10973232,165340,3488320,60729.118,32100.022,0,144.957,0,8.053,3213,1829,1.880,1.430,1.290,2,0,40.266,0,0,14,24,0,6,0
04-08 11:21:39,42.735,8.199,47.952,0,0,1714204,10896916,165364,3488296,29459.042,14984.935,0,322.000,0,15.901,2844,1764,1.880,1.430,1.290,3,0,1.988,0,0,14,24,0,6,0
04-08 11:21:40,43.694,8.240,45.442,0,0,1722464,10888600,165372,3488340,30709.964,15220.653,0,4070.825,0,327.584,4801,3966,1.880,1.430,1.290,2,0,0,0,0,14,26,0,6,0
04-08 11:21:41,44.356,10.217,43.858,0,0,1666072,10945048,165404,3488368,14927.582,7338.198,0,167.457,0,12.958,5903,6259,1.890,1.440,1.290,2,0,12.958,0,0,14,25,0,7,0
04-08 11:21:42,34.994,38.015,24.168,0,0,1626360,10984668,165452,3488412,30720.150,15963.280,0,338.359,0,26.183,5476,3741,1.890,1.440,1.290,5,0,239.671,0,0,14,24,0,7,0
04-08 11:21:43,58.365,40.580,1.002,0,0,1719108,10891888,165468,3488428,60755.533,31980.921,0,176.347,0,13.026,5182,3256,1.890,1.440,1.290,7,0,251.495,0,0,14,24,0,7,0
04-08 11:21:44,75.479,23.493,0,0,0,1869492,10741476,165500,3488420,44602.346,23505.331,0,347.901,0,17.995,5117,3060,1.890,1.440,1.290,6,0,78.978,0,0,14,25,0,7,0
04-08 11:21:45,82.282,15.118,0.248,0,0,1992752,10618048,165500,3488588,29157.569,14727.487,0,7.931,0,0.991,5308,3954,1.890,1.440,1.290,6,0,1.983,0,0,14,27,0,7,0
04-08 11:21:46,81.704,14.992,2.499,0,0,2044848,10565896,165564,3488556,29814.286,15045.565,0,351.803,0,31.982,6424,6375,2.220,1.510,1.320,9,0,2.998,0,0,14,28,0,7,0
04-08 11:21:47,74.694,19.801,3.258,0,0,1930648,10679864,165620,3488624,30733.691,16029.564,0,332.863,0,24.062,6885,8697,2.220,1.510,1.320,5,0,87.226,0,0,14,26,0,7,0
04-08 11:21:48,64.447,20.563,14.043,0.251,0,1751932,10858248,165708,3488860,52180.868,25580.371,0,493.512,0,40.123,6351,6714,2.220,1.510,1.320,3,0,139.427,0,0,14,24,0,9,0
04-08 11:21:49,15.749,17.499,64.746,0,0,1695748,10914412,165724,3488864,63917.925,591494.287,0,191.988,0,8.999,3898,2622,2.220,1.510,1.320,1,0,89.994,0,0,14,24,0,9,0
04-08 11:21:50,19.866,7.041,72.424,0,0,1724708,10885376,165796,3488868,44774.836,23290.197,0,732.282,0,39.229,1931,1455,2.220,1.510,1.320,1,0,0,0,0,14,24,0,9,0
04-08 11:21:51,22.065,4.463,70.905,0,0,1736344,10873736,165796,3488872,14851.476,7395.987,0,1023.419,0,1.983,2094,1624,2.120,1.500,1.310,1,0,1.983,0,0,14,24,0,9,0
04-08 11:21:52,22.786,4.257,71.111,0,0,1723480,10886548,165828,3488888,30412.452,15057.494,0,176.275,0,15.023,3294,3390,2.120,1.500,1.310,3,0,0,0,0,14,24,0,7,0
04-08 11:21:53,15.243,12.744,71.216,0,0,1618392,10991620,165844,3488888,15778.408,8687.820,0,159.923,0,6.997,2845,1842,2.120,1.500,1.310,1,0,67.967,0,0,14,24,0,7,0
04-08 11:21:54,19.936,6.728,71.768,0,0,1654132,10955864,165860,3488888,44577.851,22529.149,0,111.639,0,6.977,1911,1398,2.120,1.500,1.310,1,0,2.990,0,0,14,24,0,7,0
04-08 11:21:55,21.941,5.800,72.127,0,0,1692328,10917636,165892,3488888,29972.466,15046.759,0,3078.755,0,382.322,2159,1226,2.120,1.500,1.310,1,0,0,0,0,14,24,0,7,0
04-08 11:21:56,22.114,5.218,71.063,0,0,1689884,10920072,165892,3488896,14943.015,7412.371,0,242.507,0,2.982,2835,2734,2.030,1.490,1.310,0,0,0,0,0,14,25,0,7,0
04-08 11:21:57,17.987,10.243,69.701,0,0,1687508,10922352,165972,3488912,14785.520,7438.727,0,343.756,0,30.978,3507,2919,2.030,1.490,1.310,1,0,54.961,0,0,14,24,0,7,0
04-08 11:21:58,6.762,26.048,66.372,0,0,1678160,10931700,165972,3488912,61200.402,33890.243,0,8.015,0,2.004,4661,2587,2.030,1.490,1.310,3,0,178.328,0,0,14,24,0,7,0
04-08 11:21:59,5.976,26.143,65.732,0,0,1663448,10946328,166052,3488912,60389.385,32831.923,0,828.616,0,43.821,4673,2778,2.030,1.490,1.310,1,0,171.300,0,0,14,24,0,7,0
04-08 11:22:00,6.779,31.885,59.752,0,0,1651408,10958360,166076,3488912,61295.849,33105.804,0,144.611,0,12.051,4747,2844,2.030,1.490,1.310,2,0,206.874,0,0,14,24,0,7,0
04-08 11:22:01,32.722,44.301,22.150,0,0,1676556,10933204,166076,3488920,58180.861,581210.556,0,241.640,0,7.048,5443,3022,2.030,1.500,1.320,5,0,240.633,0,0,14,24,0,7,0
04-08 11:22:02,60.875,36.674,0.998,0,0,1795388,10814352,166076,3488940,60498.286,32572.853,0,15.967,0,3.992,5086,2897,2.030,1.500,1.320,5,0,192.603,0,0,14,24,0,7,0
04-08 11:22:03,81.550,15.475,0.246,0,0,1884852,10724880,166076,3488948,29587.979,14596.501,0,0,0,0,5156,2871,2.030,1.500,1.320,5,0,1.965,0,0,14,26,0,7,0
04-08 11:22:04,84.291,13.669,1.772,0,0,1958556,10651084,166076,3489040,30386.403,14908.180,64.801,8.100,1.013,2.025,5721,5253,2.030,1.500,1.320,4,0,1.013,0,0,14,27,0,8,0
04-08 11:22:05,82.417,10.395,4.455,0,0,1968428,10641004,166108,3489208,15429.042,7222.990,0,154.439,0,11.880,6304,7425,2.030,1.500,1.320,6,0,0,0,0,14,27,0,8,0
04-08 11:22:06,73.983,19.311,5.517,0,0,1958372,10650956,166180,3489240,29967.181,14836.629,0,369.160,0,32.101,6733,8867,2.350,1.580,1.340,7,0,52.164,0,0,14,26,0,9,0
04-08 11:22:07,74.820,25.109,1.015,0,0,1780520,10828664,166260,3489300,696.971,150.148,0,422.038,0,35.508,5962,4809,2.350,1.580,1.340,6,0,144.061,0,0,14,24,0,9,0
04-08 11:22:08,70.795,28.667,0.249,0,0,1847476,10761688,166276,3489320,60226.355,32374.121,0,207.399,0,9.971,5448,3730,2.350,1.580,1.340,6,0,117.659,0,0,14,24,0,9,0
04-08 11:22:09,83.253,14.501,1.500,0,0,1949636,10659376,166292,3489456,29703.206,15540.631,0,144.006,0,8.000,6647,6005,2.350,1.580,1.340,6,0,2.000,0,0,14,25,0,9,0
04-08 11:22:10,85.663,13.486,0.999,0,0,2037244,10571720,166316,3489480,29620.977,15260.533,0,175.822,0,9.990,6279,5404,2.350,1.580,1.340,6,0,0,0,0,14,25,0,9,0
04-08 11:22:11,72.488,15.864,9.275,0,0,2056024,10552844,166332,3489556,29860.123,15690.574,0,339.741,0,35.146,6834,8274,2.640,1.650,1.370,5,0,48.813,0,0,14,26,0,9,0
04-08 11:22:12,81.717,13.238,5.601,0,0,2049432,10559396,166348,3489576,46273.519,23729.905,0,150.705,0,8.146,6557,9363,2.640,1.650,1.370,4,0,52.950,0,0,14,26,0,10,0
04-08 11:22:13,39.377,28.341,31.602,0,0,1786944,10821640,166428,3489752,61705.129,32986.451,0,441.425,0,33.107,5604,4709,2.640,1.650,1.370,2,0,198.641,0,0,14,24,0,10,0
04-08 11:22:14,39.682,12.558,46.463,0,0,1768748,10839828,166444,3489744,57931.419,580547.843,0,136.626,0,7.032,3462,2058,2.640,1.650,1.370,2,0,2.009,0,0,14,24,0,10,0
04-08 11:22:15,44.549,7.964,47.535,0,0,1772256,10836244,166492,3489768,29620.270,14848.960,0,449.968,0,24.888,3341,2084,2.640,1.650,1.370,3,0,1.991,0,0,14,25,0,10,0
04-08 11:22:16,42.746,8.201,46.474,0,0,1772212,10836216,166540,3489792,15286.237,7252.935,0,250.513,0,21.870,4825,4719,2.590,1.660,1.370,4,0,0,0,0,14,26,0,10,0
04-08 11:22:17,38.535,15.264,44.040,0.250,0,1722260,10885800,166836,3489824,15172.946,7516.909,0,2886.653,0,165.152,5811,5912,2.590,1.660,1.370,2,0,60.055,0,0,14,24,0,10,0
04-08 11:22:18,22.050,49.863,26.811,0,0,1626376,10981672,166836,3489836,46102.109,25064.601,0,24.054,0,6.014,5341,3202,2.590,1.660,1.370,3,0,297.672,0,0,14,24,0,10,0
04-08 11:22:19,56.292,20.015,22.767,0,0,1708996,10899016,166868,3489836,44931.784,23261.490,0,256.193,0,13.010,3944,1905,2.590,1.660,1.370,3,0,23.017,0,0,14,24,0,10,0
04-08 11:22:20,66.105,10.345,23.717,0,0,1788604,10819384,166884,3489844,30166.886,15253.498,0,88.812,0,7.065,4164,2180,2.590,1.660,1.370,3,0,0,0,0,14,24,0,9,0
04-08 11:22:21,61.422,11.145,26.253,0,0,1823508,10784424,166916,3489868,29639.943,14877.926,0,118.881,0,13.869,5618,4746,2.620,1.680,1.380,3,0,1.981,0,0,14,27,0,10,0
04-08 11:22:22,55.515,7.187,33.953,0,0,1823880,10783948,166972,3489912,15563.073,7444.976,0,178.442,0,21.810,6748,7185,2.620,1.680,1.380,3,0,0.991,0,0,14,30,0,11,0
04-08 11:22:23,53.040,26.520,21.216,0,0,1733948,10873752,167060,3489932,15314.995,7571.117,0,436.446,0,37.381,5907,5129,2.620,1.680,1.380,5,0,132.348,0,0,14,28,0,11,0
04-08 11:22:24,62.866,34.177,1.996,0,0,1727680,10879980,167092,3489924,33046.760,19163.269,0,211.550,0,13.970,5549,14319,2.620,1.680,1.380,4,0,165.648,0,0,14,28,0,11,0
04-08 11:22:25,84.773,15.643,0.505,0,0,1852760,10754868,167148,3489900,44735.720,22452.633,0,702.402,0,35.322,5053,2468,2.620,1.680,1.380,5,0,0,0,0,14,28,0,11,0
04-08 11:22:26,76.778,12.631,9.412,0,0,1903720,10703820,167148,3489988,15617.183,7228.049,0,7.925,0,0.991,6155,6181,2.730,1.720,1.390,5,0,0,0,0,14,29,0,11,0
04-08 11:22:27,64.309,14.764,19.268,0,0,1882180,10725276,167148,3490100,29967.549,15288.054,0,4596.225,0,462.425,7269,7884,2.730,1.720,1.390,3,0,52.048,0,0,14,31,0,11,0
04-08 11:22:28,57.416,13.480,27.210,0,0,1758112,10849240,167228,3490120,48096.477,22377.189,0,411.397,0,32.952,6323,5800,2.730,1.720,1.390,7,0,52.922,0,0,14,28,0,11,0
04-08 11:22:29,45.650,36.871,17.307,0,0,1728764,10878552,167264,3490104,58819.197,574779.913,0,200.659,0,17.056,5295,3361,2.730,1.720,1.390,3,0,222.732,0,0,14,28,0,9,0
04-08 11:22:30,61.298,15.012,22.768,0,0,1792820,10814292,167304,3490268,44627.690,22361.382,0,452.352,0,20.016,4328,2472,2.730,1.720,1.390,4,0,2.002,0,0,14,28,0,10,0
04-08 11:22:31,62.542,10.757,25.517,0,0,1837360,10769728,167304,3490288,29954.287,14601.889,0,8.005,0,1.001,5563,4423,2.830,1.760,1.410,3,0,0,0,0,14,29,0,10,0
04-08 11:22:32,63.003,9.961,24.903,0,0,1827960,10778920,167344,3490452,15397.725,7737.710,0,251.017,0,19.922,6392,6615,2.830,1.760,1.410,3,0,9.961,0,0,14,29,0,11,0
04-08 11:22:33,34.941,27.953,34.441,0.250,0,1761636,10845172,167428,3490444,61174.083,31482.520,0,467.206,0,37.936,6528,5932,2.830,1.760,1.410,6,0,163.722,0,0,14,28,0,11,0
04-08 11:22:34,44.089,33.004,22.423,0,0,1698588,10908156,167448,3490488,52654.407,28410.746,0,213.645,0,10.078,4749,2781,2.830,1.760,1.410,3,0,128.993,0,0,14,28,0,11,0
04-08 11:22:35,61.985,12.645,23.554,0,0,1776404,10830288,167480,3490504,36856.007,18774.130,0,174.551,0,12.893,3792,1688,2.830,1.760,1.410,3,0,0,0,0,14,28,0,11,0
04-08 11:22:36,63.916,12.834,23.402,0,0,1824668,10781956,167544,3490508,30173.396,14754.033,0,752.901,0,40.262,4991,3447,2.850,1.780,1.420,4,0,2.013,0,0,14,29,0,11,0
04-08 11:22:37,59.956,6.966,30.351,0,0,1824440,10781956,167592,3490684,17672.266,9318.267,0,266.691,0,20.897,7024,7395,2.850,1.780,1.420,4,0,0,0,0,14,30,0,11,0
04-08 11:22:38,48.372,35.271,15.368,0,0,1736696,10869668,167608,3490700,31329.765,17051.035,0,181.394,0,9.070,6023,4997,2.850,1.780,1.420,4,0,236.820,0,0,14,29,0,11,0
04-08 11:22:39,71.986,23.326,4.766,0,0,1752536,10853792,167624,3490716,45216.094,23350.479,0,156.513,0,9.030,4923,2819,2.850,1.780,1.420,4,0,54.177,0,0,14,28,0,11,0
04-08 11:22:40,65.385,9.447,24.364,0,0,1823268,10783032,167640,3490728,43901.875,22673.404,0,115.356,0,6.961,4248,2643,2.850,1.780,1.420,3,0,0,0,0,14,29,0,11,0
04-08 11:22:41,58.100,9.932,29.795,0,0,1828260,10778020,167640,3490748,29389.867,14557.876,0,0,0,0,6180,5866,2.860,1.800,1.430,3,0,0,0,0,14,31,0,10,0
04-08 11:22:42,58.907,6.768,32.587,0,0,1828736,10777292,167720,3490912,25771.884,446433.239,0,509.361,0,63.169,7064,6875,2.860,1.800,1.430,4,0,2.005,0,0,14,28,0,10,0
04-08 11:22:43,47.962,30.040,22.467,0,0,1677496,10928524,167736,3490904,48924.683,154701.476,0,161.558,0,8.078,4567,2437,2.860,1.800,1.430,5,0,114.100,0,0,14,28,0,10,0
04-08 11:22:44,64.203,11.696,23.143,0,0,1772720,10833268,167752,3490920,44226.674,22109.853,0,103.522,0,5.972,3732,1562,2.860,1.800,1.430,5,0,0.995,0,0,14,28,0,10,0
04-08 11:22:45,63.292,11.712,22.925,0,0,1825524,10780388,167808,3490936,14932.978,7595.067,0,514.312,0,31.895,4962,3529,2.860,1.800,1.430,6,0,1.993,0,0,14,28,0,10,0
04-08 11:22:46,65.492,9.499,22.997,0,0,1785500,10820328,167872,3490956,29653.184,14914.081,0,303.961,0,28.996,6476,6434,2.870,1.820,1.430,4,0,1.000,0,0,14,30,0,11,0
04-08 11:22:47,46.801,35.349,14.936,0,0,1704256,10901428,167920,3491000,16268.659,8722.821,0,314.659,0,24.894,6247,5717,2.870,1.820,1.430,4,0,190.189,0,0,14,29,0,11,0
04-08 11:22:48,66.427,33.845,0.253,0,0,1744348,10861324,167940,3490992,61319.889,33081.118,0,185.894,0,13.134,5566,3897,2.870,1.820,1.430,6,0,214.183,0,0,14,28,0,12,0
04-08 11:22:49,68.000,32.250,0,0,0,1854108,10751524,167956,3491016,61102.358,32538.191,0,172.001,0,14.000,5350,3515,2.870,1.820,1.430,9,0,200.001,0,0,14,28,0,10,0
04-08 11:22:50,73.461,25.811,0.496,0,0,1947672,10657924,167980,3491028,60365.930,31373.725,0,361.348,0,15.883,5569,4392,2.870,1.820,1.430,8,0,145.929,0,0,14,29,0,10,0
04-08 11:22:51,73.482,25.417,1.007,0,0,2018652,10586912,167980,3491056,47072.806,29497.509,0,4.026,0,1.007,6305,6138,3.200,1.900,1.460,7,0,155.017,0,0,14,29,0,10,0
04-08 11:22:52,75.769,22.681,0.997,0,0,2052644,10552668,168020,3491260,60456.902,35154.949,0,223.320,0,17.945,7620,8231,3.200,1.900,1.460,9,0,150.542,0,0,14,32,0,10,0
04-08 11:22:53,71.777,26.260,1.501,0,0,2035620,10569620,168052,3491300,57901.436,563962.791,0,172.064,0,14.005,6761,6689,3.200,1.900,1.460,8,0,147.054,0,0,14,29,0,10,0
04-08 11:22:54,68.431,29.970,1.498,0,0,1995848,10609140,168140,3491468,61105.350,34696.994,0,471.524,0,34.965,7333,7208,3.200,1.900,1.460,7,0,212.785,0,0,14,29,0,10,0
04-08 11:22:55,64.854,35.443,0,0,0,1768788,10836144,168188,3491476,45801.702,26152.579,0,337.842,0,20.110,5565,4224,3.200,1.900,1.460,6,0,247.348,0,0,14,28,0,10,0
04-08 11:22:56,71.191,27.727,0,0,0,1862712,10742204,168204,3491476,60977.332,36086.015,0,143.880,0,6.994,5305,3343,3.430,1.970,1.490,7,0,162.865,0,0,14,28,0,10,0
04-08 11:22:57,82.542,15.912,0.746,0,0,1960652,10644232,168244,3491468,59251.266,30653.928,0,5274.735,0,485.307,6056,3898,3.430,1.970,1.490,6,0,44.752,0,0,14,29,0,10,0
04-08 11:22:58,74.795,12.964,10.222,0,0,1986516,10618276,168244,3491556,29575.913,16359.149,0,15.956,0,1.995,6453,7699,3.430,1.970,1.490,5,0,0,0,0,14,31,0,10,0
04-08 11:22:59,74.891,13.980,10.235,0,0,1970844,10633756,168252,3491740,22430.232,9340.355,0,67.901,0,2.996,6771,8649,3.430,1.970,1.490,7,0,42.937,0,0,14,31,0,11,0
04-08 11:23:00,60.035,24.720,13.874,0,0,1861528,10743040,168252,3491772,54422.395,30625.147,0,8.072,0,2.018,6759,7448,3.430,1.970,1.490,3,0,146.305,0,0,14,29,0,11,0
04-08 11:23:01,17.412,27.611,53.979,0,0,1670488,10934076,168252,3491776,60613.150,32253.782,0,11.940,0,2.985,4887,2889,3.390,1.990,1.500,3,0,197.009,0,0,14,28,0,11,0
04-08 11:23:02,6.505,27.019,65.296,0,0,1653316,10951248,168252,3491776,73082.426,591648.323,0,4.003,0,1.001,4831,2734,3.390,1.990,1.500,1,0,170.120,0,0,14,28,0,11,0
04-08 11:23:03,6.247,25.487,66.466,0,0,1642628,10961940,168252,3491772,46843.247,24913.367,0,15.992,0,2.998,4429,2604,3.390,1.990,1.500,2,0,161.918,0,0,14,28,0,11,0
04-08 11:23:04,13.388,35.205,47.601,0,0,1648520,10955964,168316,3491788,60767.769,31031.954,0,579.147,0,35.701,5138,3234,3.390,1.990,1.500,2,0,200.321,0,0,14,28,0,11,0
04-08 11:23:05,33.033,43.119,23.199,0,0,1673716,10930760,168324,3491788,60155.064,29821.338,0,96.829,0,8.069,5227,2872,3.390,1.990,1.500,6,0,222.909,0,0,14,28,0,10,0
04-08 11:23:06,55.157,43.374,1.003,0,0,1728660,10875760,168324,3491840,47147.414,26082.359,0,16.046,0,4.011,5161,3510,3.840,2.110,1.540,5,0,303.866,0,0,14,29,0,10,0
04-08 11:23:07,64.520,34.261,1.000,0,0,1808932,10795468,168324,3491860,60654.646,31499.683,0,60.018,0,5.002,5882,4969,3.840,2.110,1.540,9,0,246.076,0,0,14,29,0,10,0
04-08 11:23:08,74.127,22.560,1.487,0,0,1863012,10741296,168388,3491896,44945.245,23411.234,0,364.933,0,24.792,6006,5151,3.840,2.110,1.540,6,0,116.025,0,0,14,30,0,10,0
04-08 11:23:09,80.098,17.128,1.763,0,0,1924472,10679808,168436,3491876,44591.140,22385.240,0,245.837,0,21.158,6383,5978,3.840,2.110,1.540,5,0,39.294,0,0,14,29,0,10,0
04-08 11:23:10,75.387,21.790,1.252,0,0,1870356,10733692,168492,3492052,14942.226,7603.855,0,328.599,0,26.047,5934,5249,3.840,2.110,1.540,5,0,88.161,0,0,14,28,0,9,0
04-08 11:23:11,74.230,19.729,2.959,0,0,1915152,10688816,168524,3492096,29409.948,14784.876,0,299.880,0,14.797,6331,6547,3.930,2.160,1.560,6,0,45.377,0,0,14,30,0,9,0
04-08 11:23:12,79.569,19.955,1.010,0,0,1876728,10727128,168580,3492148,16035.971,7727.497,0,303.118,0,24.249,5602,4936,3.930,2.160,1.560,5,0,121.247,0,0,14,29,0,11,0
04-08 11:23:13,79.676,19.482,1.249,0,0,1952876,10650800,168596,3492312,25032.710,431000.997,0,319.703,0,38.964,7116,7143,3.930,2.160,1.560,6,0,15.985,0,0,14,31,0,12,0
04-08 11:23:14,82.646,13.733,1.748,0,0,2013288,10590324,168612,3492352,640.191,0,0,151.808,0,8.989,6263,8442,3.930,2.160,1.560,5,0,0.999,0,0,14,31,0,11,0
04-08 11:23:15,79.456,14.153,4.469,0,0,2015164,10588332,168660,3492420,17383.092,130149.717,0,246.315,0,18.871,6737,9090,3.930,2.160,1.560,5,0,32.776,0,0,14,30,0,12,0
04-08 11:23:16,79.458,17.967,2.784,0,0,1996288,10606980,168700,3492600,15551.486,7385.033,0,222.685,0,18.220,6737,9160,4.260,2.250,1.590,5,0,30.366,0,0,14,31,0,13,0
04-08 11:23:17,85.080,12.475,1.747,0,0,1970860,10632300,168780,3492628,580.838,147.705,0,403.194,0,33.932,6032,6394,4.260,2.250,1.590,8,0,5.988,0,0,14,29,0,14,0
04-08 11:23:18,72.696,24.479,1.484,0,0,1948760,10654320,168796,3492692,14870.550,7346.754,0,292.762,0,12.858,6457,6767,4.260,2.250,1.590,5,0,91.983,0,0,14,30,0,14,0
04-08 11:23:19,83.813,15.307,0.502,0,0,1991144,10611732,168844,3492844,648.421,0,0,264.989,0,19.071,6654,7142,4.260,2.250,1.590,9,0,20.075,0,0,14,29,0,15,0
04-08 11:23:20,76.407,16.588,6.786,0,0,2009560,10593264,168860,3492872,15242.275,7823.718,0,152.815,0,8.043,6613,7139,4.260,2.250,1.590,7,0,10.054,0,0,14,30,0,17,0
04-08 11:23:21,80.210,14.561,2.962,0,0,1964968,10637584,169076,3492928,236.929,0,0,2286.365,0,119.452,6108,7906,4.320,2.300,1.610,6,0,38.501,0,0,14,31,0,19,0
04-08 11:23:22,70.969,16.164,11.618,0,0,1972588,10629772,169108,3493080,637.457,149.514,0,137.392,0,14.143,6891,8381,4.320,2.300,1.610,4,0,34.348,0,0,14,31,0,19,0
04-08 11:23:23,72.343,12.057,13.287,0,0,2017840,10584412,169108,3493184,14830.772,7181.133,0,11.811,0,0.984,7070,8864,4.320,2.300,1.610,3,0,0,0,0,14,33,0,21,0
04-08 11:23:24,67.576,17.340,15.045,0,0,1976988,10625240,169108,3496352,1572.854,0,0,0,0,0,7056,13966,4.320,2.300,1.610,9,0,70.381,0,0,14,31,0,21,0
04-08 11:23:25,73.404,22.815,1.984,0,0,1836028,10766140,169140,3493244,238.068,0,0,150.777,0,12.895,6908,11254,4.320,2.300,1.610,8,0,103.163,0,0,14,30,0,22,0
04-08 11:23:26,75.885,22.039,0.751,0,0,1893188,10708868,169140,3493356,15344.246,7795.843,0,8.014,0,2.004,6922,8410,4.370,2.340,1.630,6,0,61.109,0,0,14,30,0,20,0
04-08 11:23:27,84.420,14.407,1.264,0,0,1856680,10745064,169220,3493580,121.323,149.631,0,368.012,0,32.353,6505,6261,4.370,2.340,1.630,5,0,22.243,0,0,14,28,0,20,0
04-08 11:23:28,75.579,21.982,1.482,0,0,1875188,10726444,169236,3493680,917.817,0,0,7330.681,0,543.379,6726,5325,4.370,2.340,1.630,5,0,64.218,0,0,14,30,0,20,0
04-08 11:23:29,84.595,13.806,1.255,0,0,1943196,10658404,169236,3493712,584.381,0,0,0,0,0,6495,8197,4.370,2.340,1.630,4,0,0,0,0,14,31,0,22,0
04-08 11:23:30,82.642,15.026,2.504,0,0,1958848,10642540,169236,3493916,14940.697,7470.849,0,0,0,0,6894,8516,4.370,2.340,1.630,5,0,30.052,0,0,14,31,0,22,0
04-08 11:23:31,79.749,17.445,1.745,0,0,1965516,10635804,169284,3493936,921.099,0,0,223.297,0,18.940,7180,8975,4.340,2.370,1.640,6,0,33.893,0,0,14,30,0,22,0
04-08 11:23:32,76.163,19.858,2.765,0,0,1907460,10693768,169300,3494012,300.631,148.807,0,156.851,0,9.049,6608,7283,4.340,2.370,1.640,5,0,73.398,0,0,14,29,0,22,0
04-08 11:23:33,79.267,18.813,1.254,0,0,1893208,10707880,169316,3494136,361.217,0,0,116.392,0,7.024,5617,4300,4.340,2.370,1.640,6,0,36.122,0,0,14,28,0,23,0
04-08 11:23:34,80.278,19.257,0.500,0,0,1936840,10664224,169372,3494104,761.270,0,0,272.096,0,24.009,5415,4086,4.340,2.370,1.640,5,0,59.021,0,0,14,28,0,21,0
04-08 11:23:35,77.667,20.595,1.241,0,0,1924236,10676744,169388,3494172,15203.943,7372.691,0,158.809,0,7.940,6064,5392,4.340,2.370,1.640,7,0,60.546,0,0,14,30,0,21,0
04-08 11:23:36,81.025,12.637,4.460,0,0,1969272,10631636,169436,3494184,297.339,0,0,194.261,0,18.831,6511,6450,4.400,2.410,1.660,5,0,1.982,0,0,14,31,0,21,0
04-08 11:23:37,78.842,17.270,2.253,0,0,1933496,10666916,169452,3494664,359.417,148.172,0,140.163,0,8.009,6800,8908,4.400,2.410,1.660,8,0,61.071,0,0,14,30,0,21,0
04-08 11:23:38,79.096,19.205,2.274,0,0,1883024,10717104,169468,3494928,423.528,0,0,177.902,0,10.108,6428,7506,4.400,2.410,1.660,5,0,66.713,0,0,14,30,0,21,0
04-08 11:23:39,76.406,21.795,1.754,0,0,1922960,10677104,169516,3494940,703.439,0,0,208.426,0,20.041,6150,7511,4.400,2.410,1.660,6,0,64.131,0,0,14,29,0,21,0
04-08 11:23:40,76.023,22.257,1.000,0,0,1879540,10720460,169532,3494992,15880.890,7658.358,0,124.038,0,8.002,5256,4166,4.400,2.410,1.660,5,0,73.022,0,0,14,29,0,21,0
04-08 11:23:41,84.325,13.803,1.255,0,0,1952776,10647168,169548,3495028,764.948,0,0,124.480,0,7.027,5895,5201,4.450,2.460,1.680,6,0,0,0,0,14,28,0,21,0
04-08 11:23:42,79.960,16.440,1.993,0,0,1991952,10607772,169596,3495200,743.305,147.465,0,231.162,0,19.928,6015,5478,4.450,2.460,1.680,8,0,44.837,0,0,14,30,0,22,0
04-08 11:23:43,75.596,21.386,1.243,0,0,1910704,10688944,169660,3495208,358.088,0,0,330.237,0,26.857,6322,6802,4.450,2.460,1.680,5,0,90.517,0,0,14,30,0,23,0
04-08 11:23:44,80.407,16.379,1.241,0,0,1938300,10661228,169724,3495244,681.971,0,0,325.599,0,27.795,6586,7678,4.450,2.460,1.680,5,0,35.736,0,0,14,29,0,24,0
04-08 11:23:45,73.857,22.182,2.773,0,0,1964872,10634572,169740,3495308,422.472,0,0,185.525,0,9.075,6646,6394,4.450,2.460,1.680,6,0,73.605,0,0,14,30,0,24,0
04-08 11:23:46,76.700,19.857,1.489,0,0,1992668,10606600,169756,3495468,119.145,0,0,158.860,0,9.929,6498,5998,4.490,2.500,1.700,6,0,52.622,0,0,14,31,0,24,0
04-08 11:23:47,82.044,16.156,1.767,0,0,2040336,10558812,169804,3495488,15648.517,7922.712,52.508,278.698,1.010,19.186,6749,7501,4.490,2.500,1.700,5,0,6.059,0,0,14,31,0,25,0
04-08 11:23:48,75.408,20.905,1.742,0,0,1862844,10736112,169836,3495636,698.827,0,35.837,430.048,1.991,45.792,6759,8852,4.490,2.500,1.700,4,0,108.507,0,0,14,30,0,28,0
04-08 11:23:49,75.497,21.320,2.759,0,0,1828080,10770640,169884,3495820,1153.773,0,0,224.735,0,20.066,6022,6840,4.490,2.500,1.700,4,0,104.341,0,0,14,29,0,28,0
04-08 11:23:50,74.089,22.932,1.764,0,0,1835436,10763108,169900,3495980,543.323,0,0,173.379,0,9.072,5297,4349,4.490,2.500,1.700,5,0,58.465,0,0,14,28,0,28,0
04-08 11:23:51,80.072,16.857,1.983,0,0,1932392,10666116,169916,3495996,755.598,0,0,115.025,0,6.941,5395,4734,4.450,2.530,1.710,4,0,0,0,0,14,31,0,28,0
04-08 11:23:52,76.672,17.233,4.995,0,0,1898720,10699552,169980,3496168,884.105,147.850,91.907,275.721,1.998,24.975,5541,5253,4.450,2.530,1.710,6,0,68.930,0,0,14,30,0,30,0
04-08 11:23:53,75.334,16.769,6.257,0.250,0,1915328,10682612,170036,3496436,480.536,0,52.058,248.277,1.001,24.027,6156,7977,4.450,2.530,1.710,4,0,16.018,0,0,14,29,0,31,0
04-08 11:23:54,56.356,25.323,14.896,0,0,1894296,10703412,170092,3496592,654.428,0,0,6510.518,0,561.080,7514,6442,4.450,2.530,1.710,3,0,131.084,0,0,14,29,0,31,0
04-08 11:23:55,55.703,18.819,24.590,0,0,1834552,10763132,170108,3496600,45360.589,21709.250,0,164.601,0,8.029,4859,3288,4.450,2.530,1.710,5,0,54.198,0,0,14,29,0,31,0
04-08 11:23:56,62.115,13.887,22.977,0,0,1853916,10743760,170124,3496592,30014.981,16731.549,0,157.559,0,9.090,5324,4258,4.330,2.530,1.720,3,0,20.200,0,0,14,28,0,31,0
04-08 11:23:57,59.398,16.445,21.599,0,0,1815152,10782400,170140,3496700,29938.631,12916.398,43.199,149.232,0.982,6.873,5171,3529,4.330,2.530,1.720,6,0,33.381,0,0,14,30,0,31,0
04-08 11:23:58,65.691,10.439,23.425,0,0,1857088,10740428,170156,3496716,15563.087,9441.124,0,146.658,0,9.166,6015,5010,4.330,2.530,1.720,4,0,2.037,0,0,14,29,0,31,0
04-08 11:23:59,55.917,18.309,23.257,0,0,1807248,10790236,170156,3496744,14762.042,7541.349,0,1991.233,0,200.905,6816,6168,4.330,2.530,1.720,4,0,42.556,0,0,14,30,0,32,0
04-08 11:24:00,60.664,13.177,23.868,0,0,1801360,10795860,170212,3496952,15077.458,7482.540,0,266.523,0,21.879,6425,5944,4.330,2.530,1.720,4,0,37.791,0,0,14,29,0,32,0
04-08 11:24:01,57.731,17.068,23.344,0,0,1746744,10850420,170260,3496956,421.690,0,0,208.837,0,19.076,5606,4634,4.230,2.540,1.720,3,0,31.125,0,0,14,28,0,33,0
04-08 11:24:02,60.632,16.285,22.299,0,0,1785468,10811640,170276,3496992,15591.950,7460.244,0,120.262,0,8.017,5513,4437,4.230,2.540,1.720,3,0,23.050,0,0,14,29,0,33,0
04-08 11:24:03,66.024,9.468,22.922,0,0,1836836,10760232,170324,3496984,15743.223,7271.163,0,211.278,0,19.932,5295,4086,4.230,2.540,1.720,4,0,0,0,0,14,30,0,32,0
04-08 11:24:04,51.312,21.422,24.660,0,0,1809148,10787848,170340,3497040,239.125,0,0,127.533,0,7.971,6484,6354,4.230,2.540,1.720,3,0,60.778,0,0,14,30,0,32,0
04-08 11:24:05,58.749,15.750,23.750,0,0,1764464,10832364,170356,3497188,15094.791,7781.892,0,119.998,0,7.000,6036,5221,4.230,2.540,1.720,4,0,43.999,0,0,14,28,0,32,0
04-08 11:24:06,63.760,12.853,21.673,0,0,1824044,10772712,170372,3497244,586.695,0,0,149.194,0,8.065,5367,4583,4.290,2.580,1.740,3,0,0,0,0,14,29,0,33,0
04-08 11:24:07,60.948,10.491,26.477,0,0,1857472,10739108,170388,3497396,16572.799,8460.750,19.983,147.873,0.999,7.993,6446,6290,4.290,2.580,1.740,3,0,1.998,0,0,14,31,0,33,0
04-08 11:24:08,58.028,9.797,30.898,0,0,1847608,10748860,170404,3497492,422.020,0,36.173,128.616,1.005,9.043,5615,4747,4.290,2.580,1.740,3,0,26.125,0,0,14,29,0,34,0
04-08 11:24:09,49.347,26.552,23.045,0,0,1786388,10810056,170420,3497500,540.059,0,0,164.322,0,10.020,5620,5129,4.290,2.580,1.740,3,0,68.134,0,0,14,29,0,34,0
04-08 11:24:10,58.174,17.302,23.320,0,0,1752056,10844296,170476,3497536,15191.518,7642.900,0,280.841,0,25.075,4897,3376,4.290,2.580,1.740,3,0,55.165,0,0,14,29,0,34,0
04-08 11:24:11,48.949,24.974,23.975,0,0,1782152,10814056,170492,3497664,478.503,0,0,171.822,0,6.993,5444,4209,4.270,2.610,1.750,4,0,91.905,0,0,14,29,0,34,0
04-08 11:24:12,59.572,13.785,23.386,0,0,1768856,10827160,170508,3497832,472.639,145.730,70.896,118.160,0.985,6.893,6025,5451,4.270,2.610,1.750,4,0,31.509,0,0,14,29,0,35,0
04-08 11:24:13,63.708,12.893,23.259,0,0,1811412,10784572,170556,3497816,15656.059,7675.332,0,214.383,0,19.214,5160,4133,4.270,2.610,1.750,3,0,4.045,0,0,14,28,0,35,0
04-08 11:24:14,53.596,21.688,22.934,0,0,1811668,10784248,170572,3497868,580.333,0,0,195.439,0,14.957,5769,4686,4.270,2.610,1.750,3,0,63.817,0,0,14,29,0,36,0
04-08 11:24:15,63.645,9.983,23.461,0,0,1828740,10767112,170620,3497884,478.209,0,0,187.690,0,18.969,5776,5155,4.270,2.610,1.750,3,0,0.998,0,0,14,29,0,32,0
04-08 11:24:16,53.796,20.671,23.660,0,0,1838228,10757588,170636,3497900,358.638,0,0,123.531,0,6.974,5816,4945,4.160,2.610,1.760,3,0,61.765,0,0,14,29,0,32,0
04-08 11:24:17,65.019,10.413,23.874,0,0,1838040,10757588,170724,3498000,15560.806,7727.068,0,361.667,0,39.621,6088,5542,4.160,2.610,1.760,3,0,0,0,0,14,28,0,32,0
04-08 11:24:18,46.311,27.886,23.155,0,0,1737976,10857560,170740,3498076,418.290,0,0,159.349,0,7.967,5013,3117,4.160,2.610,1.760,4,0,124.491,0,0,14,28,0,32,0
04-08 11:24:19,61.323,14.017,23.778,0,0,1784540,10810940,170756,3498108,539.641,0,0,3956.700,0,489.582,5313,3576,4.160,2.610,1.760,3,0,2.002,0,0,14,29,0,29,0
04-08 11:24:20,64.501,10.000,23.750,0,0,1841188,10754272,170772,3498112,300.003,0,0,116.001,0,8.000,4849,3823,4.160,2.610,1.760,3,0,9.000,0,0,14,29,0,30,0
04-08 11:24:21,55.965,17.829,24.268,0,0,1853344,10742028,170836,3498136,296.167,0,0,241.688,0,23.773,5477,4954,4.070,2.620,1.770,3,0,33.678,0,0,14,29,0,30,0
04-08 11:24:22,52.777,21.362,24.378,0,0,1814268,10781040,170868,3498164,15344.679,8014.136,0,164.867,0,14.074,6255,5198,4.070,2.620,1.770,3,0,93.492,0,0,14,29,0,30,0
04-08 11:24:23,62.751,13.052,23.343,0,0,1860348,10734808,170884,3498300,541.164,0,0,116.466,0,7.028,5512,5033,4.070,2.620,1.770,4,0,3.012,0,0,14,30,0,23,0
04-08 11:24:24,63.996,11.704,22.162,0.249,0,1894028,10700756,171164,3498376,179.288,0,0,2677.374,0,157.375,7432,8102,4.070,2.620,1.770,4,0,0,0,0,14,29,0,23,0
04-08 11:24:25,52.108,30.667,14.959,0,0,1830096,10764672,171164,3498392,298.188,0,0,11.967,0,0.997,5799,11811,4.070,2.620,1.770,4,0,216.411,0,0,14,29,0,24,0
04-08 11:24:26,45.220,21.486,31.979,0,0,1868036,10726684,171164,3498440,119.920,0,0,7.995,0,1.999,5445,4964,4.230,2.680,1.790,4,0,88.941,0,0,14,29,0,25,0
04-08 11:24:27,39.394,12.295,46.922,0,0,1768560,10826116,171196,3498448,30374.311,29805.226,0,168.618,0,12.044,3580,2545,4.230,2.680,1.790,3,0,30.110,0,0,14,29,0,24,0
04-08 11:24:28,43.112,10.217,44.856,0,0,1769004,10825456,171228,3498628,42440.028,576524.892,0,187.400,0,13.955,5244,5092,4.230,2.680,1.790,3,0,2.990,0,0,14,28,0,25,0
04-08 11:24:29,34.335,19.549,44.861,0,0,1768444,10826012,171228,3498632,29604.502,14628.319,0,601.493,0,5.012,4530,2855,4.230,2.680,1.790,3,0,102.254,0,0,14,28,0,25,0
04-08 11:24:30,39.406,11.896,46.346,0,0,1771748,10822696,171228,3498644,14667.980,7298.301,0,3.965,0,0.991,4095,3258,4.230,2.680,1.790,2,0,0,0,0,14,29,0,25,0
04-08 11:24:31,45.899,7.061,47.160,0,0,1771152,10823284,171228,3498652,29917.027,15767.041,0,0,0,0,4278,3485,4.210,2.700,1.800,2,0,2.018,0,0,14,28,0,23,0
04-08 11:24:32,33.683,17.210,45.238,0,0,1736128,10858288,171228,3498672,236.026,145.549,0,3.934,0,0.983,4240,2953,4.210,2.700,1.800,3,0,62.940,0,0,14,29,0,23,0
04-08 11:24:33,43.503,9.159,47.319,0,0,1763876,10830532,171276,3498632,15647.813,7589.347,0,264.579,0,18.317,4572,4359,4.210,2.700,1.800,2,0,0,0,0,14,28,0,23,0
04-08 11:24:34,39.770,11.256,47.274,0,0,1728752,10865596,171292,3498672,14923.423,7299.631,0,120.060,0,7.003,3344,2076,4.210,2.700,1.800,2,0,7.003,0,0,14,28,0,23,0
04-08 11:24:35,43.163,8.434,46.884,0,0,1769044,10825276,171292,3498700,15317.355,7239.452,0,3.969,0,0.992,3592,2684,4.210,2.700,1.800,2,0,0.992,0,0,14,29,0,23,0
04-08 11:24:36,36.736,15.744,46.232,0,0,1758724,10835464,171356,3498768,681.733,0,0,327.872,0,27.989,4429,3274,4.030,2.690,1.800,2,0,66.974,0,0,14,28,0,22,0
04-08 11:24:37,39.033,13.347,46.587,0,0,1755368,10838776,171372,3498796,15205.120,7564.787,0,153.109,0,7.051,4936,4281,4.030,2.690,1.800,2,0,29.212,0,0,14,29,0,22,0
04-08 11:24:38,43.191,8.239,46.936,0,0,1723988,10870080,171428,3498816,359.513,0,0,267.637,0,21.970,3685,2824,4.030,2.690,1.800,2,0,4.993,0,0,14,28,0,23,0
04-08 11:24:39,41.070,10.454,47.293,0,0,1757712,10836332,171444,3498824,15244.256,5525.806,0,107.529,0,6.969,3397,2387,4.030,2.690,1.800,2,0,0,0,0,14,29,0,23,0
04-08 11:24:40,44.772,8.552,44.772,0,0,1784752,10809116,171460,3498976,1044.341,1919.656,0,3118.938,0,408.480,5677,5230,4.030,2.690,1.800,3,0,2.012,0,0,14,29,0,23,0
04-08 11:24:41,41.070,11.133,45.028,0,0,1727932,10865760,171508,3499104,753.110,0,0,229.595,0,20.782,5060,4736,3.870,2.680,1.810,3,0,29.689,0,0,14,29,0,23,0
04-08 11:24:42,41.382,10.345,46.933,0,0,1722896,10870724,171556,3499128,15054.849,8003.818,0,209.936,0,19.177,3761,2906,3.870,2.680,1.810,3,0,5.047,0,0,14,28,0,23,0
04-08 11:24:43,40.523,11.006,48.278,0,0,1762344,10831272,171556,3499132,539.308,0,0,0,0,0,3111,2164,3.870,2.680,1.810,3,0,2.001,0,0,14,28,0,23,0
04-08 11:24:44,43.171,7.940,46.397,0,0,1783628,10809972,171556,3499148,756.244,0,0,7.940,0,1.985,4194,3561,3.870,2.680,1.810,3,0,0,0,0,14,29,0,21,0
04-08 11:24:45,46.182,7.105,46.182,0,0,1691124,10902456,171556,3499168,15327.358,7734.221,0,20.300,0,3.045,5011,4623,3.870,2.680,1.810,4,0,6.090,0,0,14,29,0,21,0
04-08 11:24:46,36.018,16.258,46.524,0,0,1624016,10969512,171588,3499184,300.152,0,0,152.077,0,14.007,4650,4025,3.640,2.650,1.800,2,0,56.028,0,0,14,28,0,21,0
04-08 11:24:47,25.998,31.940,39.616,0,0,1657172,10936356,171588,3499184,753.686,146.578,0,15.846,0,3.962,4798,2575,3.640,2.650,1.800,2,0,172.328,0,0,14,28,0,21,0
04-08 11:24:48,30.295,24.236,43.675,0.252,0,1684492,10908892,171716,3499196,1094.655,0,0,1268.346,0,70.688,4730,3478,3.640,2.650,1.800,2,0,114.111,0,0,14,28,0,17,0
04-08 11:24:49,41.979,9.687,46.450,0,0,1716940,10876384,171764,3499204,15278.263,7410.111,0,194.741,0,19.872,4060,3575,3.640,2.650,1.800,2,0,1.987,0,0,14,28,0,17,0
04-08 11:24:50,33.272,19.119,45.687,0,0,1735968,10857352,171764,3499208,357.552,0,0,198.640,0,34.762,4193,2393,3.640,2.650,1.800,2,0,98.327,0,0,14,29,0,17,0
04-08 11:24:51,42.313,9.013,47.320,0,0,1779536,10813776,171764,3499216,762.131,0,0,4.006,0,1.001,3678,2955,3.510,2.640,1.800,2,0,0,0,0,14,29,0,17,0
04-08 11:24:52,45.060,7.088,47.085,0,0,1797132,10796032,171764,3499360,650.083,149.863,0,4.050,0,1.013,4459,3854,3.510,2.640,1.800,2,0,2.025,0,0,14,28,0,14,0
04-08 11:24:53,34.979,16.869,46.391,0.248,0,1712956,10880140,171812,3499380,356.242,0,0,293.726,0,18.854,4602,3910,3.510,2.640,1.800,3,0,45.647,0,0,14,28,0,14,0
04-08 11:24:54,31.769,20.512,46.277,0,0,1745292,10847784,171828,3499384,15491.168,7786.608,0,116.069,0,7.004,4064,2105,3.510,2.640,1.800,3,0,94.056,0,0,14,28,0,14,0
04-08 11:24:55,41.748,10.749,45.998,0,0,1762204,10830808,171884,3499388,541.971,0,0,2223.879,0,325.982,3986,2304,3.510,2.640,1.800,2,0,3.000,0,0,14,28,0,14,0
04-08 11:24:56,43.206,8.443,45.938,0,0,1764080,10828912,171884,3499408,522.451,0,0,3.973,0,0.993,4674,4424,3.390,2.630,1.800,3,0,0,0,0,14,29,0,12,0
04-08 11:24:57,45.017,7.796,45.269,0,0,1763124,10829700,171884,3499572,605.593,191.134,0,8.048,0,1.006,6194,6756,3.390,2.630,1.800,2,0,0,0,0,14,30,0,13,0
04-08 11:24:58,35.112,17.929,43.827,0,0,1629672,10963028,171988,3499588,179.293,0,0,390.461,0,40.839,5335,4685,3.390,2.630,1.800,5,0,100.603,0,0,14,28,0,13,0
04-08 11:24:59,23.869,32.412,42.713,0,0,1667820,10924832,171988,3499640,15996.743,36164.278,0,4.020,0,1.005,4786,2550,3.390,2.630,1.800,4,0,165.827,0,0,14,28,0,13,0
04-08 11:25:00,25.993,20.995,51.237,0,0,1698724,10893868,172028,3499656,60698.141,38220.014,0,903.764,0,24.993,4412,2781,3.390,2.630,1.800,1,0,113.970,0,0,14,28,0,12,0
04-08 11:25:01,22.160,5.288,72.271,0,0,1695720,10896872,172028,3499656,30216.711,15417.080,0,0,0,0,2706,2550,3.190,2.600,1.800,1,0,2.015,0,0,14,29,0,12,0
04-08 11:25:02,24.085,3.973,68.779,0,0,1692408,10900140,172044,3499684,29212.052,15188.042,0,115.211,0,7.946,4316,4831,3.190,2.600,1.800,1,0,2.980,0,0,14,28,0,12,0
04-08 11:25:03,16.294,11.281,71.694,0,0,1610560,10981984,172044,3499688,15436.765,7640.672,0,0,0,0,2579,1687,3.190,2.600,1.800,1,0,56.152,0,0,14,28,0,12,0
04-08 11:25:04,19.943,6.980,72.544,0,0,1645588,10946956,172044,3499688,29829.135,15232.663,0,3.989,0,0.997,1852,1326,3.190,2.600,1.800,1,0,1.994,0,0,14,28,0,11,0
04-08 11:25:05,22.101,4.222,71.269,0,0,1681092,10911452,172044,3499688,755.903,0,0,0,0,0,2255,1906,3.190,2.600,1.800,1,0,0.993,0,0,14,29,0,11,0
04-08 11:25:06,23.544,5.570,70.886,0,0,1681248,10911212,172076,3499740,15104.871,7619.271,0,129.621,0,12.152,2557,2405,3.180,2.600,1.810,1,0,0,0,0,14,28,0,11,0
04-08 11:25:07,13.691,22.902,57.752,3.734,0,1685360,10906880,172108,3499928,15149.987,7866.243,203.128,0,19.915,0,4047,2576,3.180,2.600,1.810,3,0,153.342,0,0,14,28,0,11,0
04-08 11:25:08,24.215,27.461,45.934,0.250,0,1712584,10879416,172148,3500112,15020.524,7932.658,167.760,375.463,8.987,16.976,5135,3256,3.180,2.600,1.810,2,0,230.670,0,0,14,28,0,9,0
04-08 11:25:09,26.445,25.697,44.657,1.746,0,1734356,10857176,172168,3500488,418.134,0,387.198,19.959,17.963,4.990,4802,3274,3.180,2.600,1.810,5,0,180.626,0,0,14,28,0,9,0
04-08 11:25:10,26.057,16.286,55.621,0,0,1699168,10892292,172228,3500476,30127.674,574855.108,0,525.145,0,61.133,5175,4789,3.180,2.600,1.810,1,0,96.210,0,0,14,28,0,9,0
04-08 11:25:11,11.492,17.238,69.700,0,0,1665420,10926020,172244,3500480,730.479,0,0,1994.578,0,336.760,3813,2133,3,2.580,1.800,2,0,97.930,0,0,14,28,0,9,0
04-08 11:25:12,18.991,7.247,72.215,0,0,1684748,10906692,172244,3500480,359.826,147.929,0,0,0,0,1763,1307,3,2.580,1.800,1,0,1.000,0,0,14,28,0,8,0
04-08 11:25:13,22.198,5.238,71.831,0,0,1713412,10878000,172284,3500484,15400.870,7542.306,0,391.083,0,20.951,2113,1564,3,2.580,1.800,1,0,1.995,0,0,14,29,0,8,0
04-08 11:25:14,21.981,5.246,71.439,0,0,1708892,10882516,172284,3500488,479.593,0,0,7.993,0,1.998,2678,2539,3,2.580,1.800,1,0,0,0,0,14,29,0,8,0
04-08 11:25:15,18.502,10.251,70.008,0,0,1665740,10925464,172348,3500624,15558.745,7590.851,0,240.027,0,25.003,3321,2858,3,2.580,1.800,2,0,54.006,0,0,14,28,0,8,0
04-08 11:25:16,14.418,13.659,72.344,0,0,1671320,10919868,172364,3500624,546.372,0,0,113.322,0,6.071,2509,1817,2.840,2.550,1.800,1,0,43.507,0,0,14,28,0,8,0
04-08 11:25:17,24.317,14.392,59.056,0.496,0,1701512,10889608,172416,3500644,415.875,146.896,51.612,516.121,2.978,24.814,2987,1913,2.840,2.550,1.800,5,0,82.381,0,0,14,28,0,7,0
04-08 11:25:18,22.259,4.752,71.779,0,0,1708532,10882548,172416,3500676,15042.133,7461.042,0,0,0,0,2395,2042,2.840,2.550,1.800,1,0,3.001,0,0,14,29,0,7,0
04-08 11:25:19,23.612,4.019,70.333,0,0,1704572,10886488,172416,3500696,360.706,0,0,0,0,0,3956,4469,2.840,2.550,1.800,2,0,2.010,0,0,14,28,0,7,1
04-08 11:25:20,19.642,7.459,71.110,0,0,1611752,10979264,172452,3500704,358.036,0,0,186.974,0,13.924,3187,2978,2.840,2.550,1.800,1,0,29.836,0,0,14,28,0,8,0
04-08 11:25:21,19.004,7.752,73.015,0,0,1635944,10955072,172452,3500704,299.062,0,0,0,0,0,1767,1297,2.690,2.530,1.790,1,0,0,0,0,14,28,0,7,0
04-08 11:25:22,21.497,5.249,71.991,0,0,1674172,10916808,172484,3500708,15034.017,7604.997,0,227.970,0,13.998,1989,1419,2.690,2.530,1.790,1,0,2.000,0,0,14,29,0,7,0
04-08 11:25:23,22.267,4.253,71.555,0,0,1676156,10914792,172500,3500720,659.511,0,0,60.047,0,7.005,2807,2730,2.690,2.530,1.790,2,0,0,0,0,14,29,0,8,0
04-08 11:25:24,22.712,3.993,70.381,0,0,1676144,10914792,172508,3500740,539.090,0,0,39.933,0,2.995,4024,4470,2.690,2.530,1.790,1,0,0,0,0,14,28,0,8,0
04-08 11:25:25,20.741,23.740,53.976,0,0,1652484,10938392,172508,3503844,760.665,0,0,11.995,0,1.999,4050,7133,2.690,2.530,1.790,2,0,141.937,0,0,14,28,0,8,0
04-08 11:25:26,7.745,28.730,61.457,0,0,1622544,10968328,172516,3500796,359.745,0,0,15.989,0,3.997,4420,4710,2.640,2.520,1.790,6,0,169.880,0,0,14,28,0,9,0
04-08 11:25:27,25.865,27.121,45.452,0,0,1621252,10969532,172600,3500796,46146.488,53148.668,0,1852.248,0,281.252,5030,2994,2.640,2.520,1.790,3,0,134.599,0,0,14,28,0,11,0
04-08 11:25:28,42.122,9.528,47.638,0.501,0,1709896,10880604,172644,3501028,44944.485,23903.397,172.501,288.839,6.017,7.020,3002,1635,2.640,2.520,1.790,4,0,2.006,0,0,14,28,0,11,0
04-08 11:25:29,38.044,7.708,47.990,4.724,0,1786296,10801024,172772,3503896,29610.827,15032.684,1635.155,863.330,19.892,9.946,2818,1559,2.640,2.520,1.790,2,0,1.989,0,0,14,28,0,8,0
04-08 11:25:30,37.336,13.177,38.800,5.125,0,1802216,10778860,176140,3506416,28933.819,14875.899,550.525,14508.882,17.570,1365.576,9177,11876,2.640,2.520,1.790,3,0,49.782,0,0,14,32,0,8,0
04-08 11:25:31,42.219,14.073,36.846,3.326,0,1810904,10760756,181364,3510084,30660.604,15597.944,0,26381.404,0,2258.836,12021,16998,2.670,2.530,1.800,8,0,72.668,0,0,14,32,0,8,0
04-08 11:25:32,38.553,17.660,34.822,3.731,0,1774904,10789484,187032,3511484,15485.029,8554.374,0,32581.838,0,2521.143,11822,18462,2.670,2.530,1.800,3,0,36.812,0,0,14,32,0,8,0
04-08 11:25:33,41.136,13.796,37.123,5.017,0,1775496,10784696,191204,3511372,44726.616,22935.697,0,27715.472,0,2044.749,10614,15375,2.670,2.530,1.800,3,1,13.043,0,0,14,32,0,8,0
04-08 11:25:34,42.349,10.775,45.607,0.251,0,1774548,10785200,191612,3511392,29721.769,14854.870,0,4658.936,0,235.553,3567,2550,2.670,2.530,1.800,3,0,8.019,0,0,14,28,0,8,0
04-08 11:25:35,42.766,8.753,48.018,0,0,1741884,10817792,191660,3511416,15487.683,7298.678,0,480.176,0,25.009,2844,1507,2.670,2.530,1.800,2,0,2.001,0,0,14,28,0,8,0
04-08 11:25:36,40.842,10.210,45.324,1.245,0,1780896,10777904,192476,3511452,14918.168,7267.825,0,6829.524,0,443.282,4604,4638,2.610,2.520,1.800,4,0,0.996,0,0,14,30,0,8,0
04-08 11:25:37,39.632,14.706,39.383,1.994,0,1815380,10739432,196108,3511696,44602.136,23533.895,0,8450.826,0,1389.860,11369,16368,2.610,2.520,1.800,4,0,3.988,0,0,14,30,0,8,0
04-08 11:25:38,41.869,13.538,39.863,1.003,0,1834924,10716240,199440,3511904,30004.174,14862.190,0,13173.396,0,1419.028,10330,13307,2.610,2.520,1.800,3,0,0,0,0,14,30,0,8,0
04-08 11:25:39,31.381,23.599,44.185,0,0,1775640,10774972,199964,3511912,40849.607,569084.767,0,5993.030,0,285.191,5202,3467,2.610,2.520,1.800,1,0,100.419,0,0,14,28,0,8,0
04-08 11:25:40,22.440,6.233,70.563,0.249,0,1770344,10779980,200220,3511924,30090.159,15546.748,0,3921.594,0,172.542,2422,2135,2.610,2.520,1.800,1,0,1.995,0,0,14,28,0,8,0
04-08 11:25:41,20.581,6.275,71.781,0,0,1776456,10773864,200224,3511924,44501.455,22203.040,0,1867.320,0,196.771,2141,1345,2.490,2.490,1.800,1,0,2.008,0,0,14,28,0,7,0
04-08 11:25:42,18.489,7.745,72.956,0,0,1777556,10772764,200224,3511924,15635.480,7439.471,0,3.998,0,0.999,1741,1196,2.490,2.490,1.800,1,0,0,0,0,14,28,0,7,0
04-08 11:25:43,23.253,3.250,72.259,0.750,0,1770940,10779340,200224,3511964,29983.752,14755.847,40.005,264.033,3.000,61.008,1800,1071,2.490,2.490,1.800,1,0,2.000,0,0,14,28,0,7,0
04-08 11:25:44,19.745,7.248,72.231,0,0,1716668,10833552,200224,3511988,30051.962,15699.801,0,3.999,0,1.000,1983,1530,2.490,2.490,1.800,1,0,1.000,0,0,14,28,0,7,0
04-08 11:25:45,22.015,4.503,72.550,0,0,1734192,10816028,200224,3511988,30271.832,15286.520,0,0,0,0,1939,1419,2.490,2.490,1.800,1,0,3.002,0,0,14,28,0,7,0
04-08 11:25:46,21.215,5.990,71.383,0,0,1749728,10800480,200232,3511988,29483.601,14633.977,0,163.731,0,3.993,1994,1419,2.370,2.470,1.790,1,0,1.997,0,0,14,28,0,7,0
04-08 11:25:47,23.218,6.990,68.654,0,0,1707908,10842288,200232,3512000,18693.886,7661.298,0,3.994,0,0.999,2046,1268,2.370,2.470,1.790,2,0,6.990,0,0,14,28,0,7,0
04-08 11:25:48,20.537,6.512,71.879,0,0,1704828,10845320,200280,3512000,26757.915,16070.778,0,408.732,0,27.048,2074,1793,2.370,2.470,1.790,1,0,0,0,0,14,28,0,7,0
04-08 11:25:49,21.272,6.256,71.323,0,0,1727936,10822204,200288,3512000,44372.708,22787.473,0,156.161,0,34.035,2087,1409,2.370,2.470,1.790,1,0,4.004,0,0,14,28,0,6,0
04-08 11:25:50,20.498,5.000,72.243,1.250,0,1748476,10801468,200308,3512168,29469.267,15466.566,151.986,4.000,5.999,1.000,1818,1344,2.370,2.470,1.790,1,0,0,0,0,14,28,0,6,0
04-08 11:25:51,22.508,4.252,73.026,0,0,1698464,10851416,200308,3512224,15433.460,7622.697,0,0,0,0,1751,1189,2.260,2.440,1.790,1,0,1.000,0,0,14,28,0,6,0
04-08 11:25:52,21.724,4.994,72.165,0,0,1698604,10851276,200308,3512224,15299.988,7758.866,0,3.995,0,0.999,1864,1340,2.260,2.440,1.790,1,0,1.998,0,0,14,28,0,6,0
04-08 11:25:53,21.744,4.749,72.480,0,0,1708684,10841196,200308,3512224,44908.497,23883.351,0,0,0,0,1883,1326,2.260,2.440,1.790,4,0,0,0,0,14,28,0,6,0
04-08 11:25:54,20.777,6.508,72.343,0,0,1746220,10803648,200316,3512224,29509.809,14772.928,0,308.395,0,33.042,1880,1237,2.260,2.440,1.790,1,0,2.003,0,0,14,28,0,6,0
04-08 11:25:55,21.399,6.718,70.169,0,0,1738468,10811400,200316,3512224,43066.679,579613.605,0,0,0,0,2287,1636,2.260,2.440,1.790,1,0,2.986,0,0,14,28,0,6,0
04-08 11:25:56,23.069,3.761,73.218,0,0,1685012,10864768,200316,3512312,15020.726,7317.789,0,56.167,0,4.012,1714,1069,2.160,2.420,1.790,1,0,1.003,0,0,14,28,0,6,0
04-08 11:25:57,20.542,5.762,72.398,0,0,1726428,10823328,200324,3512324,45171.275,23165.322,0,0,0,0,1891,1385,2.160,2.420,1.790,1,0,0,0,0,14,28,0,5,0
04-08 11:25:58,21.991,4.998,72.222,0.250,0,1714676,10835012,200372,3512344,29460.610,14814.272,0,479.814,0,24.990,2088,1648,2.160,2.420,1.790,1,0,2.999,0,0,14,28,0,5,0
04-08 11:25:59,20.887,5.788,72.474,0,0,1714664,10835012,200380,3512348,30190.317,15807.313,0,20.132,0,4.026,1799,1305,2.160,2.420,1.790,1,0,0,0,0,14,28,0,5,0
04-08 11:26:00,21.860,4.968,72.286,0,0,1730540,10819136,200380,3512348,43866.638,21945.242,0,143.082,0,32.790,1848,1239,2.160,2.420,1.790,1,0,0,0,0,14,28,0,5,0
04-08 11:26:01,20.000,7.250,72.252,0,0,1752032,10797644,200380,3512348,29651.652,14658.322,0,0,0,0,1995,1461,2.060,2.390,1.780,1,0,4.000,0,0,14,28,0,5,0
04-08 11:26:02,22.191,4.737,72.307,0,0,1693576,10856080,200380,3512368,14816.386,7424.150,0,2110.358,0,7.979,1753,1155,2.060,2.390,1.780,1,0,0.997,0,0,14,28,0,5,0
04-08 11:26:03,20.813,5.266,72.970,0,0,1707944,10841712,200384,3512364,18922.034,9215.778,0,0,0,0,1788,1280,2.060,2.390,1.780,1,0,0,0,0,14,28,0,5,0
04-08 11:26:04,22.406,5.228,71.701,0,0,1740420,10809216,200396,3512372,44555.913,22970.066,0,179.251,0,1.992,1950,1370,2.060,2.390,1.780,2,0,1.992,0,0,14,28,0,5,0
04-08 11:26:05,21.808,5.013,72.441,0,0,1710224,10839368,200396,3512408,30093.532,14793.096,0,4.011,0,1.003,1834,1313,2.060,2.390,1.780,2,0,2.005,0,0,14,28,0,5,0
04-08 11:26:06,20.980,6.993,70.682,0,0,1706372,10843156,200396,3512440,37128.311,19453.301,0,135.869,0,31.969,1984,1456,2.060,2.390,1.780,3,0,0,0,0,14,28,0,5,0
04-08 11:26:07,19.698,6.483,72.311,0,0,1728432,10821092,200396,3512444,37617.538,19327.412,0,19.948,0,0.997,1872,1326,2.060,2.390,1.780,1,0,3.990,0,0,14,28,0,5,0
04-08 11:26:08,21.837,6.024,71.534,0.502,0,1750068,10799392,200460,3512444,30113.688,15300.814,0,522.075,0,32.128,1967,1583,2.060,2.390,1.780,1,0,0,0,0,14,28,0,5,0
04-08 11:26:09,16.999,9.499,71.494,0,0,1709940,10839500,200468,3512456,15153.721,7619.357,0,15.999,0,3.000,2343,1486,2.060,2.390,1.780,1,0,48.996,0,0,14,28,0,5,0
04-08 11:26:10,7.253,24.261,66.029,0,0,1698836,10850464,200480,3512580,72730.135,601647.830,0,88.039,0,2.001,4584,2966,2.060,2.390,1.780,3,0,153.068,0,0,14,28,0,5,0
04-08 11:26:11,6.500,25.749,65.248,0,0,1689560,10859736,200480,3512580,61614.126,31521.042,0,511.984,0,36.999,4468,2690,1.970,2.360,1.780,2,0,154.995,0,0,14,28,0,5,0
04-08 11:26:12,5.497,24.986,67.962,0,0,1681208,10868080,200480,3512588,60781.682,32967.386,0,295.833,0,5.997,4343,2637,1.970,2.360,1.780,1,0,149.915,0,0,14,28,0,5,0
04-08 11:26:13,6.003,24.260,67.278,0,0,1672052,10877228,200484,3512592,45930.360,24008.119,0,264.111,0,3.001,4113,2577,1.970,2.360,1.780,2,0,141.059,0,0,14,28,0,5,0
04-08 11:26:14,6.738,23.459,68.382,0,0,1664500,10884748,200492,3512612,60776.931,34063.113,0,235.593,0,6.988,4046,2614,1.970,2.360,1.780,3,0,124.784,0,0,14,28,0,5,0
04-08 11:26:15,6.259,24.537,66.350,0,0,1659204,10890044,200492,3512612,60846.697,32581.100,0,88.133,0,1.002,4269,2699,1.970,2.360,1.780,1,0,138.208,0,0,14,28,0,5,0
04-08 11:26:16,6.497,25.489,65.973,0,0,1642800,10906448,200492,3512612,60544.765,32186.585,0,91.962,0,1.999,4284,2677,1.890,2.340,1.770,2,0,143.940,0,0,14,28,0,5,0
04-08 11:26:17,5.753,23.264,68.290,0.500,0,1639596,10909636,200496,3512624,46826.410,24506.345,8.005,872.511,2.001,162.095,4349,2603,1.890,2.340,1.770,1,0,133.078,0,0,14,28,0,5,0
04-08 11:26:18,7.232,25.186,65.584,0,0,1637836,10911340,200544,3512632,71728.619,587346.766,0,470.809,0,26.932,4917,3382,1.890,2.340,1.770,1,0,150.619,0,0,14,28,0,5,0
04-08 11:26:19,15.784,12.026,71.405,0,0,1647112,10902036,200552,3512632,60416.073,31378.075,0,16.035,0,3.007,2732,1935,1.890,2.340,1.770,1,0,41.089,0,0,14,28,0,5,0
04-08 11:26:20,21.774,4.755,72.331,0,0,1695508,10853652,200552,3512620,45059.353,22959.657,0,4.004,0,1.001,1954,1398,1.890,2.340,1.770,1,0,0,0,0,14,28,0,5,0
04-08 11:26:21,20.983,5.995,72.442,0,0,1733304,10815852,200552,3512624,29747.064,14742.138,0,0,0,0,1803,1162,1.820,2.320,1.770,1,0,1.998,0,0,14,28,0,5,0
04-08 11:26:22,23.215,3.495,71.891,0,0,1736028,10813112,200552,3512640,29547.022,15238.802,0,111.830,0,4.992,1825,1173,1.820,2.320,1.770,2,0,1.997,0,0,14,28,0,4,0
04-08 11:26:23,19.390,7.303,72.523,0,0,1717328,10831828,200552,3512624,15836.144,7512.146,0,4.029,0,1.007,1860,1379,1.820,2.320,1.770,2,0,1.007,0,0,14,28,0,4,0
04-08 11:26:24,21.380,5.221,72.594,0,0,1747364,10801784,200560,3512624,31495.713,15799.567,0,99.443,0,3.978,1854,1406,1.820,2.320,1.770,2,0,0,0,0,14,28,0,4,0
04-08 11:26:25,20.608,6.032,72.379,0,0,1769492,10779656,200560,3512624,44801.396,22365.011,0,0,0,0,2034,1400,1.820,2.320,1.770,2,0,5.026,0,0,14,28,0,4,0
04-08 11:26:26,33.816,11.522,54.356,0,0,1777408,10771740,200560,3512624,15185.521,7310.211,0,28.055,0,3.006,3225,10726,1.840,2.310,1.770,1,0,36.070,0,0,14,28,0,3,0
04-08 11:26:27,20.332,5.951,72.155,0,0,1738496,10810632,200560,3512644,29586.956,14780.088,0,122.986,0,2.975,1897,1374,1.840,2.310,1.770,2,0,0.992,0,0,14,28,0,3,0
04-08 11:26:28,21.776,5.006,71.836,0,0,1762528,10786544,200616,3512640,15789.914,8352.004,0,460.552,0,28.034,2011,1670,1.840,2.310,1.770,2,0,2.002,0,0,14,28,0,3,0
04-08 11:26:29,21.001,6.250,72.504,0,0,1782520,10766544,200624,3512640,44389.657,22213.329,0,24.001,0,4.000,1846,1275,1.840,2.310,1.770,2,0,2.000,0,0,14,28,0,3,0
04-08 11:26:30,23.127,4.273,72.648,0,0,1741216,10807836,200624,3512652,30251.929,15064.628,0,16.088,0,2.011,1783,1215,1.840,2.310,1.770,2,0,1.006,0,0,14,28,0,1,0
04-08 11:26:31,20.463,5.989,72.618,0,0,1736392,10812684,200624,3512628,15458.955,7444.495,0,0,0,0,1841,1357,1.770,2.290,1.770,2,0,1.996,0,0,14,28,0,1,0
04-08 11:26:32,23.175,5.233,70.022,0,0,1749604,10799468,200624,3512632,57708.448,595036.140,0,346.873,0,71.767,2439,1608,1.770,2.290,1.770,2,0,0,0,0,14,28,0,1,0
04-08 11:26:33,21.430,5.731,72.263,0,0,1776424,10772648,200624,3512632,30114.400,14741.733,0,0,0,0,1835,1170,1.770,2.290,1.770,2,0,1.993,0,0,14,28,0,1,0
04-08 11:26:34,19.816,7.274,72.492,0,0,1785228,10763828,200632,3512632,29877.702,14803.399,0,60.201,0,3.010,1825,1162,1.770,2.290,1.770,2,0,2.007,0,0,14,28,0,1,0
04-08 11:26:35,23.728,2.747,72.934,0,0,1731252,10817780,200632,3512656,15546.839,7355.300,0,23.978,0,0.999,1761,1054,1.770,2.290,1.770,3,0,1.998,0,0,14,28,0,1,0
04-08 11:26:36,20.741,5.997,72.969,0,0,1726028,10823012,200632,3512648,15475.331,7292.857,0,3.998,0,1.000,1838,1338,1.710,2.270,1.760,1,0,0,0,0,14,28,0,1,0
04-08 11:26:37,22.120,4.474,71.827,0,0,1730816,10818224,200632,3512648,30450.497,15663.664,0,39.766,0,0.994,1904,1265,1.710,2.270,1.760,1,0,1.988,0,0,14,28,0,1,0
04-08 11:26:38,21.352,6.029,71.842,0,0,1766172,10782692,200680,3512776,45195.344,22384.657,0,534.547,0,56.268,2222,1684,1.710,2.270,1.760,1,0,2.010,0,0,14,28,0,1,0
04-08 11:26:39,23.457,3.244,72.368,0,0,1769848,10779008,200688,3512776,15614.417,7444.373,0,31.942,0,3.993,1733,1140,1.710,2.270,1.760,1,0,0,0,0,14,28,0,1,0
04-08 11:26:40,20.031,7.011,72.364,0,0,1712548,10836292,200688,3512792,29993.164,15264.003,0,4.006,0,1.002,1927,1383,1.710,2.270,1.760,1,0,3.005,0,0,14,28,0,1,0
04-08 11:26:41,21.927,4.734,72.510,0,0,1745308,10803560,200688,3512764,30143.140,16070.760,0,0,0,0,1761,1240,1.650,2.250,1.760,3,0,0,0,0,14,28,0,1,0
04-08 11:26:42,20.731,6.068,73.065,0,0,1764952,10783916,200688,3512764,30172.387,15561.492,0,8.090,0,1.011,1824,1208,1.650,2.250,1.760,2,0,2.023,0,0,14,28,0,1,0
04-08 11:26:43,23.337,3.972,71.005,0,0,1769132,10779736,200688,3512764,29926.349,15337.068,0,218.477,0,32.772,1908,1231,1.650,2.250,1.760,3,0,1.986,0,0,14,28,0,1,0
04-08 11:26:44,20.982,5.995,72.438,0,0,1723464,10825368,200696,3512792,15652.560,7451.602,0,83.928,0,2.997,1847,1336,1.650,2.250,1.760,2,0,0.999,0,0,14,28,0,1,0
04-08 11:26:45,22.811,4.261,72.694,0,0,1742180,10806732,200696,3512712,30910.298,15856.217,0,0,0,0,1854,1313,1.650,2.250,1.760,1,0,1.003,0,0,14,28,0,1,0
04-08 11:26:46,21.738,5.997,71.461,0,0,1763832,10785080,200696,3512712,44487.607,22685.561,0,0,0,0,1970,1388,1.600,2.230,1.750,2,0,3.998,0,0,14,28,0,1,0
04-08 11:26:47,20.742,8.497,69.973,0,0,1781512,10767388,200696,3512716,30069.439,15544.024,0,3.998,0,1.000,1978,1334,1.600,2.230,1.750,1,0,5.998,0,0,14,28,0,1,0
04-08 11:26:48,22.210,4.242,72.620,0,0,1775072,10773828,200696,3512716,15502.215,7768.077,0,95.828,0,3.993,1636,936,1.600,2.230,1.750,1,0,0,0,0,14,28,0,1,0
04-08 11:26:49,22.398,6.040,71.220,0,0,1680976,10867832,200704,3512800,25841.361,442173.055,0,213.407,0,34.226,2147,1406,1.600,2.230,1.750,2,0,3.020,0,0,14,28,0,1,0
04-08 11:26:50,23.333,3.723,71.738,0,0,1701800,10847020,200704,3512788,46293.633,155180.578,0,19.858,0,2.979,1995,1348,1.600,2.230,1.750,2,0,0.993,0,0,14,28,0,1,0
04-08 11:26:51,19.992,7.247,72.220,0,0,1682832,10865976,200704,3512800,30002.716,14879.908,0,0,0,0,1928,1401,1.550,2.210,1.750,2,0,1.000,0,0,14,28,0,1,0
04-08 11:26:52,21.788,5.009,71.877,0,0,1722916,10825912,200704,3512780,45063.502,23026.624,0,0,0,0,1946,1348,1.550,2.210,1.750,2,0,2.004,0,0,14,28,0,1,0
04-08 11:26:53,21.272,5.756,72.825,0,0,1755020,10793808,200704,3512780,29925.939,14901.406,0,168.174,0,33.034,1855,1157,1.550,2.210,1.750,3,0,2.002,0,0,14,28,0,1,0
04-08 11:26:54,22.692,4.239,72.315,0,0,1769304,10779516,200712,3512780,30146.073,14686.523,0,239.389,0,33.913,1803,1145,1.550,2.210,1.750,2,0,0,0,0,14,28,0,1,0
04-08 11:26:55,21.576,5.269,72.507,0,0,1724104,10824696,200712,3512800,15519.966,7484.507,0,0,0,0,1882,1252,1.550,2.210,1.750,2,0,4.014,0,0,14,28,0,1,0
04-08 11:26:56,21.223,5.493,72.158,0,0,1719820,10829004,200712,3512776,44988.614,22581.196,0,3.995,0,0.999,1905,1399,1.510,2.190,1.740,2,0,0,0,0,14,28,0,1,0
04-08 11:26:57,22.943,4.239,72.320,0,0,1699500,10849296,200712,3512804,30124.154,14703.468,0,23.941,0,0.998,1822,1203,1.510,2.190,1.740,2,0,0.998,0,0,14,28,0,1,0
04-08 11:26:58,21.353,6.029,72.099,0,0,1708980,10839828,200712,3512792,30511.569,15551.214,0,52.253,0,12.058,1951,1425,1.510,2.190,1.740,2,0,2.010,0,0,14,28,0,1,0
04-08 11:26:59,22.459,4.242,72.369,0,0,1741824,10806984,200720,3512784,44610.304,22010.186,0,59.892,0,1.996,1808,1261,1.510,2.190,1.740,2,0,0,0,0,14,28,0,1,0
04-08 11:27:00,20.506,6.752,72.272,0,0,1767932,10780868,200720,3512792,30751.204,14596.369,0,156.047,0,34.010,1878,1207,1.510,2.190,1.740,2,0,2.001,0,0,14,28,0,1,0
04-08 11:27:01,19.977,6.992,72.168,0,0,1725764,10822996,200720,3512832,15685.197,7353.653,0,11.986,0,0.999,2029,1240,1.460,2.170,1.740,2,0,19.977,0,0,14,28,0,1,0
04-08 11:27:02,5.980,26.411,65.280,0,0,1716012,10832744,200720,3512836,61174.214,31974.440,0,99.665,0,4.983,4307,2651,1.460,2.170,1.740,1,0,161.457,0,0,14,28,0,1,0
04-08 11:27:03,7.240,25.463,64.656,0,0,1705632,10843124,200720,3512836,58550.221,599322.195,0,139.798,0,9.986,4595,2743,1.460,2.170,1.740,1,0,149.783,0,0,14,28,0,1,0
04-08 11:27:04,7.549,23.402,67.690,0,0,1693588,10855168,200720,3512836,61459.676,32372.520,0,48.314,0,2.013,4211,2578,1.460,2.170,1.740,1,0,137.897,0,0,14,28,0,1,0
04-08 11:27:05,17.770,9.010,72.581,0,0,1708888,10839852,200728,3512840,45536.705,22685.260,0,100.111,0,3.003,2029,1600,1.460,2.170,1.740,1,0,1.001,0,0,14,28,0,1,0
04-08 11:27:06,21.895,6.469,70.910,0,0,1743396,10805296,200728,3512888,45333.916,22729.160,0,3.981,0,0.995,1989,1402,1.590,2.180,1.750,1,0,0,0,0,14,28,0,1,0
04-08 11:27:07,23.290,3.757,72.376,0,0,1751236,10797448,200728,3512896,30127.353,15384.735,0,0,0,0,1802,1093,1.590,2.180,1.750,1,0,2.003,0,0,14,28,0,1,0
04-08 11:27:08,21.532,4.757,72.607,0,0,1729840,10818568,200732,3513164,30821.523,15100.303,0,4.006,0,1.001,1940,1246,1.590,2.180,1.750,2,0,9.013,0,0,14,28,0,1,0
04-08 11:27:09,19.121,8.051,72.709,0,0,1733884,10814524,200732,3513164,46041.667,25893.469,0,0,0,0,1956,1543,1.590,2.180,1.750,1,0,0,0,0,14,28,0,1,0
04-08 11:27:10,21.352,4.469,72.498,0,0,1767076,10781324,200740,3513164,29799.482,15170.862,0,293.963,0,37.738,1916,1235,1.590,2.180,1.750,1,0,1.986,0,0,14,28,0,1,0
04-08 11:27:11,23.775,3.754,72.827,0,0,1765020,10783380,200740,3513164,29926.686,15322.223,0,44.047,0,2.002,1747,1092,1.540,2.160,1.740,1,0,0,0,0,14,28,0,1,0
04-08 11:27:12,11.004,25.009,62.023,0,0,1706884,10841408,200740,3513272,26951.202,43900.618,40.015,4.002,2.001,1.000,4014,2482,1.540,2.160,1.740,1,0,156.059,0,0,14,28,0,1,0
04-08 11:27:13,5.997,23.986,68.710,0,0,1695892,10852376,200740,3513296,50868.700,29077.252,0,555.680,0,30.982,4195,2636,1.540,2.160,1.740,1,0,147.915,0,0,14,28,0,1,0
04-08 11:27:14,7.248,24.245,65.986,0,0,1686892,10861368,200740,3513304,72328.200,597181.549,0,63.986,0,3.999,4549,2793,1.540,2.160,1.740,1,0,148.967,0,0,14,28,0,1,0
04-08 11:27:15,6.243,25.473,66.680,0,0,1673020,10875228,200748,3513308,61044.780,32735.562,0,199.790,0,4.995,4472,2711,1.540,2.160,1.740,2,0,151.840,0,0,14,28,0,1,0
04-08 11:27:16,6.500,24.749,66.746,0,0,1662096,10886152,200748,3513308,60996.793,32368.298,0,0,0,0,4280,2685,1.420,2.120,1.730,2,0,154.992,0,0,14,28,0,1,0
04-08 11:27:17,6.499,25.247,66.243,0,0,1659736,10888504,200748,3513312,46329.963,24571.328,0,119.987,0,3.000,4339,2685,1.420,2.120,1.730,1,0,160.982,0,0,14,28,0,1,0
04-08 11:27:18,6.748,24.994,66.733,0,0,1657164,10891072,200748,3513316,61116.257,32983.504,0,95.975,0,1.999,4330,2698,1.420,2.120,1.730,2,0,154.960,0,0,14,28,0,1,0
04-08 11:27:19,5.538,26.178,66.704,0,0,1650584,10897648,200748,3513316,61723.110,31897.103,0,4.027,0,1.007,4373,2706,1.420,2.120,1.730,1,0,155.055,0,0,14,28,0,1,0
04-08 11:27:20,6.467,24.624,67.157,0,0,1642456,10905764,200756,3513316,60733.849,32048.338,0,103.472,0,2.985,4411,2714,1.420,2.120,1.730,1,0,154.212,0,0,14,28,0,1,0
04-08 11:27:21,6.492,23.971,67.419,0,0,1633796,10914408,200756,3513328,50578.283,25637.224,0,527.367,0,42.948,4400,2639,1.540,2.140,1.740,1,0,148.821,0,0,14,28,0,1,0
04-08 11:27:22,7.760,25.784,64.335,0,0,1627356,10920768,200836,3513328,71592.683,593647.115,0,1349.785,0,52.069,4913,3342,1.540,2.140,1.740,1,0,159.211,0,0,14,28,0,1,0
04-08 11:27:23,5.744,25.223,66.679,0,0,1615552,10932556,200844,3513328,61699.632,31442.688,0,487.484,0,7.992,4325,2669,1.540,2.140,1.740,2,0,156.834,0,0,14,28,0,1,0
04-08 11:27:24,6.509,26.037,66.094,0,0,1613820,10934288,200844,3513328,63700.519,34006.323,0,356.507,0,5.007,4423,2786,1.540,2.140,1.740,1,0,159.226,0,0,14,28,0,1,0
04-08 11:27:25,5.991,25.213,66.652,0,0,1620108,10928000,200844,3513328,45951.626,23867.006,0,351.485,0,3.994,4185,2642,1.540,2.140,1.740,2,0,157.769,0,0,14,28,0,1,0
04-08 11:27:26,14.193,30.628,52.042,0,0,1633292,10914808,200844,3515932,60637.706,31382.602,0,486.058,0,34.861,5137,9081,1.580,2.140,1.740,4,0,181.276,0,0,14,28,0,1,0
04-08 11:27:27,9.789,28.364,60.493,0,0,1618100,10929996,200844,3513336,62831.351,32874.033,0,353.419,0,4.016,4711,9315,1.580,2.140,1.740,3,0,158.637,0,0,14,28,0,2,0
04-08 11:27:28,6.252,25.258,67.021,0,0,1609800,10938288,200852,3513336,61202.941,31919.879,0,412.128,0,6.002,4320,2674,1.580,2.140,1.740,2,0,157.049,0,0,14,28,0,1,0
04-08 11:27:29,5.237,22.941,69.073,0,0,1611988,10936092,200852,3513344,45859.571,26262.751,0,119.694,0,2.992,4009,2626,1.580,2.140,1.740,1,0,139.642,0,0,14,28,0,1,0
04-08 11:27:30,7.011,24.039,67.359,0,0,1611408,10936672,200852,3513344,74560.458,594570.577,0,60.097,0,3.005,4704,3025,1.580,2.140,1.740,2,0,143.231,0,0,14,28,0,1,0
04-08 11:27:31,6.262,24.545,67.374,0,0,1611924,10936148,200852,3513352,61117.410,33796.159,0,56.103,0,2.004,4265,2693,1.530,2.120,1.740,2,0,156.287,0,0,14,28,0,1,0
04-08 11:27:32,6.245,23.483,68.699,0,0,1609140,10938924,200852,3513360,60894.669,33069.382,0,231.827,0,35.973,4222,2689,1.530,2.120,1.740,1,0,144.892,0,0,14,28,0,1,0
04-08 11:27:33,6.229,24.168,68.019,0,0,1613808,10934248,200860,3513360,46062.603,24777.871,0,131.553,0,3.986,4308,2690,1.530,2.120,1.740,1,0,152.482,0,0,14,28,0,1,0
04-08 11:27:34,5.269,25.340,67.239,0,0,1617088,10930952,200860,3513368,61608.416,32758.669,0,208.743,0,4.014,4209,2579,1.530,2.120,1.740,2,0,138.493,0,0,14,28,0,1,0
04-08 11:27:35,6.501,26.004,66.260,0,0,1615968,10932068,200860,3513372,61068.163,32130.821,0,16.002,0,4.001,4357,2684,1.530,2.120,1.740,1,0,155.023,0,0,14,28,0,1,0
04-08 11:27:36,7.745,25.483,65.206,0,0,1612664,10935372,200860,3513372,59008.443,27497.567,0,31.979,0,6.995,4364,2682,1.650,2.130,1.740,3,0,156.895,0,0,14,28,0,1,0
04-08 11:27:37,7.733,26.941,63.859,0,0,1609128,10938908,200860,3513372,63091.954,470475.136,0,311.314,0,71.842,4777,2890,1.650,2.130,1.740,1,0,161.644,0,0,14,28,0,1,0
04-08 11:27:38,5.265,24.571,67.194,0,0,1614212,10933804,200868,3513384,62042.118,32042.508,0,124.359,0,7.020,4324,2653,1.650,2.130,1.740,1,0,144.417,0,0,14,28,0,1,0
04-08 11:27:39,8.001,21.003,68.760,0.250,0,1616728,10931272,200880,3513396,60827.576,33114.669,12.002,4.001,3.000,1.000,3898,2453,1.650,2.130,1.740,1,0,105.015,0,0,14,28,0,1,0
04-08 11:27:40,18.207,35.915,43.896,0,0,1597136,10947072,200880,3517100,45270.804,22849.894,0,3.991,0,0.998,7560,11030,1.650,2.130,1.740,1,0,153.636,0,0,14,28,0,1,0
04-08 11:27:41,12.766,36.546,48.311,0.250,0,1595520,10948600,200952,3517112,61232.381,31477.779,0,608.769,0,29.037,5340,3247,1.600,2.110,1.740,3,0,207.262,0,0,14,28,0,3,0
04-08 11:27:42,24.961,31.201,43.182,0,0,1626756,10917344,200968,3517116,60848.615,31824.113,0,1401.803,0,12.980,4849,2776,1.600,2.110,1.740,3,0,139.781,0,0,14,28,0,3,0
04-08 11:27:43,41.208,35.214,22.727,0,0,1707596,10836476,200984,3517128,45280.768,23506.000,0,8719.098,0,691.294,6221,2763,1.600,2.110,1.740,3,0,170.826,0,0,14,28,0,3,0
04-08 11:27:44,38.437,57.157,3.993,0.250,0,1739496,10803928,201092,3517664,60243.731,32165.532,487.205,842.626,8.985,38.936,5458,4218,1.600,2.110,1.740,5,0,437.287,0,0,14,30,0,5,0
04-08 11:27:45,72.186,27.764,0,0,0,1857484,10679776,202324,3522228,47052.223,24456.454,654.218,625.950,128.219,23.221,5509,3840,1.600,2.110,1.740,4,0,156.487,0,0,14,28,0,7,0
04-08 11:27:46,81.688,16.238,1.998,0.250,0,1922244,10610056,203232,3525388,44627.013,22944.526,15.988,4676.438,0.999,259.802,5733,4269,1.790,2.140,1.750,7,1,20.984,0,0,14,32,0,8,0
04-08 11:27:47,57.922,21.751,11.242,3.666,0,1943224,10576568,208556,3532048,14999.199,7277.197,418.410,25358.745,8.798,2130.174,12559,18192,1.790,2.140,1.750,5,1,86.028,0,0,14,34,0,8,0
04-08 11:27:48,54.443,22.790,16.206,4.305,0,1964892,10544576,213940,3536596,30038.383,15108.326,0,50045.065,0,2934.354,14537,21633,1.790,2.140,1.750,8,0,49.632,0,0,14,34,0,8,0
04-08 11:27:49,53.382,28.706,11.331,4.281,0,1914736,10585904,218564,3540500,28593.863,466834.668,0,43060.510,0,2719.484,13811,18919,1.790,2.140,1.750,6,0,100.722,0,0,14,32,0,8,0
04-08 11:27:50,62.150,21.803,8.521,4.761,0,1961840,10529708,223900,3543996,15792.028,7313.612,0,40321.096,0,2687.472,13807,19367,1.790,2.140,1.750,6,0,64.154,0,0,14,32,0,8,0
04-08 11:27:51,59.103,21.605,10.927,4.718,0,1982024,10501008,228928,3547232,7483.774,263513.482,0,39232.698,0,2557.834,13943,19766,2.210,2.230,1.780,6,0,62.580,0,0,14,32,0,8,0
04-08 11:27:52,54.964,23.520,14.112,3.714,0,1982232,10493984,233400,3549360,18857.965,7597.853,0,40647.323,0,2614.485,14580,21241,2.210,2.230,1.780,5,0,79.227,0,0,14,37,0,8,0
04-08 11:27:53,42.615,21.686,25.216,5.800,0,1969660,10497820,238388,3552776,31614.468,15337.213,0,42019.485,0,2811.049,14687,21190,2.210,2.230,1.780,6,0,92.794,0,0,14,36,0,8,0
04-08 11:27:54,52.375,20.747,18.723,5.566,0,1977152,10483456,243240,3554604,30074.616,14834.894,0,35442.625,0,2563.568,12759,17965,2.210,2.230,1.780,5,0,47.567,0,0,14,36,0,8,0
04-08 11:27:55,50.675,23.731,18.292,3.708,0,1905300,10550488,247012,3555528,29381.525,14588.424,0,23967.968,0,1895.487,11392,15242,2.210,2.230,1.780,5,0,81.080,0,0,14,34,0,8,0
04-08 11:27:56,44.807,29.287,18.273,3.504,0,1912568,10538848,250356,3556440,15243.251,7305.226,0,28263.694,0,1913.416,11855,16115,2.590,2.310,1.810,3,2,125.158,0,0,14,37,0,9,0
04-08 11:27:57,38.328,22.255,24.728,9.644,0,1898764,10543996,254036,3561248,30420.788,14804.863,3275.902,23243.872,38.575,1863.466,12837,17999,2.590,2.310,1.810,6,0,69.237,0,0,14,37,0,10,0
04-08 11:27:58,43.248,35.705,14.081,3.520,0,1886220,10552192,257032,3562952,486.793,0,189.085,29650.113,5.029,1919.010,13518,19733,2.590,2.310,1.810,6,0,112.646,0,0,14,37,0,10,0
04-08 11:27:59,54.860,27.806,13.277,2.756,0,1871120,10564280,259452,3563380,15189.478,7310.669,0,14156.405,0,1271.551,11423,16663,2.590,2.310,1.810,6,0,80.161,0,0,14,36,0,10,0
04-08 11:28:00,44.606,35.136,13.706,2.741,0,1814536,10617768,261708,3563660,15055.272,7272.462,1239.987,20423.896,28.906,1486.190,11143,15246,2.590,2.310,1.810,5,0,115.626,0,0,14,36,0,10,0
04-08 11:28:01,52.826,32.199,12.578,1.761,0,1835548,10594776,262972,3564296,15192.694,7733.694,821.064,9587.124,18.112,951.870,9540,11603,2.870,2.370,1.830,3,0,190.173,0,0,14,36,0,10,0
04-08 11:28:02,39.069,21.538,30.554,4.508,0,1851460,10574896,265296,3565844,1114.983,148.264,0,30522.282,0,2236.978,12465,18347,2.870,2.370,1.830,2,0,79.141,0,0,14,36,0,11,0
04-08 11:28:03,37.429,14.472,36.181,5.989,0,1847608,10574896,267212,3567684,15717.118,7845.085,0,33436.429,0,2711.844,13275,18764,2.870,2.370,1.830,1,1,14.972,0,0,14,37,0,11,0
04-08 11:28:04,37.793,13.515,38.043,5.006,0,1845660,10573384,269132,3569136,44806.790,22075.023,0,25885.342,0,2064.340,13336,19185,2.870,2.370,1.830,6,0,38.043,0,0,14,37,0,11,0
04-08 11:28:05,37.288,15.766,35.787,6.256,0,1843932,10570108,272340,3570804,30744.617,14769.188,0,36901.949,0,2627.702,14485,21239,2.870,2.370,1.830,2,1,25.026,0,0,14,36,0,12,0
04-08 11:28:06,30.924,23.692,35.413,5.487,0,1766696,10641728,276136,3572488,15389.248,7343.984,0,24531.821,0,2145.736,12714,18098,2.800,2.360,1.830,3,0,127.687,0,0,14,36,0,12,0
04-08 11:28:07,40.280,17.902,30.334,6.713,0,1797260,10604740,280708,3574172,15356.985,7469.138,0,34109.394,0,2572.924,13228,19296,2.800,2.360,1.830,2,2,43.761,0,0,14,36,0,12,0
04-08 11:28:08,38.768,14.443,35.474,6.335,0,1831728,10564172,285544,3575292,15182.767,7504.219,0,28524.952,0,2402.080,13409,18452,2.800,2.360,1.830,3,0,30.406,0,0,14,36,0,12,0
04-08 11:28:09,40.401,13.880,36.683,4.461,0,1832000,10558880,289328,3576388,14910.162,7233.496,0,27450.799,0,2052.266,11342,16775,2.800,2.360,1.830,5,0,17.846,0,0,14,37,0,12,0
04-08 11:28:10,40.561,12.018,38.308,4.507,0,1828924,10556904,292800,3577816,15297.175,7373.170,0,23727.947,0,1865.827,12989,18348,2.800,2.360,1.830,2,1,23.035,0,0,14,37,0,12,0
04-08 11:28:11,40.208,11.488,38.210,4.995,0,1829328,10550856,296732,3579388,11385.174,5706.073,0,24554.494,0,1979.943,12554,17858,3.050,2.420,1.850,4,0,14.984,0,0,14,36,0,14,0
04-08 11:28:12,41.697,14.405,39.928,2.527,0,1799556,10578284,298684,3579712,4702.441,1981.252,0,17900.005,0,1142.252,7034,7990,3.050,2.420,1.850,2,0,39.423,0,0,14,34,0,15,0
04-08 11:28:13,26.964,26.469,43.538,0.247,0,1703700,10674004,298784,3579744,22153.927,443133.944,0,1302.183,0,69.265,4989,2981,3.050,2.420,1.850,2,0,138.530,0,0,14,32,0,15,0
04-08 11:28:14,25.613,17.829,55.495,0.251,0,1721660,10655776,299044,3579748,61810.355,100285.890,0,5456.041,0,440.943,4598,3333,3.050,2.420,1.850,1,0,75.332,0,0,14,32,0,15,0
04-08 11:28:15,23.743,4.749,69.978,0,0,1719896,10657524,299060,3579748,29765.674,14911.328,0,2403.247,0,15.995,3566,3589,3.050,2.420,1.850,1,0,1.000,0,0,14,33,0,15,0
04-08 11:28:16,24.200,4.740,68.359,0,0,1717432,10659948,299060,3579788,29595.169,14885.404,0,0,0,0,4263,4506,2.890,2.400,1.850,1,0,1.996,0,0,14,33,0,15,0
04-08 11:28:17,25.838,9.938,61.863,0,0,1714780,10662544,299064,3579828,15005.171,7397.741,3.975,3.975,0.994,0.994,4091,3785,2.890,2.400,1.850,3,0,37.764,0,0,14,32,0,16,0
04-08 11:28:18,16.128,18.144,66.025,0,0,1643332,10733960,299064,3579804,29899.580,14938.702,0,8.064,0,2.016,3350,2195,2.890,2.400,1.850,1,0,102.817,0,0,14,32,0,16,0
04-08 11:28:19,19.502,7.251,72.758,0,0,1681588,10695684,299076,3579808,847.088,0,0,216.022,0,6.001,1732,1200,2.890,2.400,1.850,1,0,2.000,0,0,14,32,0,16,0
04-08 11:28:20,22.444,5.985,70.076,0,0,1713704,10663496,299140,3579816,15062.681,7505.405,3.990,5430.545,0.998,139.654,2599,2147,2.890,2.400,1.850,1,0,0,0,0,14,32,0,16,0
04-08 11:28:21,23.761,4.002,71.534,0,0,1713560,10663496,299140,3579960,15292.169,7623.574,0,0,0,0,3140,3107,2.740,2.370,1.840,1,0,0,0,0,14,32,0,16,0
04-08 11:28:22,16.783,11.523,71.390,0,0,1679740,10697316,299140,3579960,16064.509,8240.162,0,0,0,0,2397,1672,2.740,2.370,1.840,2,0,36.071,0,0,14,32,0,16,0
04-08 11:28:23,20.716,5.740,72.380,0,0,1698636,10678416,299144,3579960,725.793,0,0,51.914,0,3.993,1727,1150,2.740,2.370,1.840,1,0,0,0,0,14,32,0,16,0
04-08 11:28:24,22.778,4.506,72.339,0,0,1714744,10662300,299144,3579968,15605.173,7953.772,0,0,0,0,2438,2106,2.740,2.370,1.840,1,0,0,0,0,14,33,0,16,0
04-08 11:28:25,16.001,12.251,70.255,0,0,1677152,10699852,299200,3579952,903.069,0,0,480.037,0,33.003,3010,2287,2.740,2.370,1.840,1,0,63.005,0,0,14,32,0,17,0
04-08 11:28:26,20.995,5.749,72.733,0.250,0,1677584,10699376,299216,3579980,15036.453,7456.241,0,115.973,0,6.998,1832,1360,2.600,2.350,1.840,1,0,0,0,0,14,32,0,17,0
04-08 11:28:27,33.620,13.199,51.551,0,0,1712840,10664108,299224,3579984,660.445,147.430,0,27.892,0,2.988,3520,10669,2.600,2.350,1.840,3,0,35.861,0,0,14,33,0,19,0
04-08 11:28:28,22.525,4.755,71.328,0,0,1713832,10663104,299224,3579996,668.730,0,0,0,0,0,3235,3272,2.600,2.350,1.840,1,0,2.002,0,0,14,33,0,19,0
04-08 11:28:29,18.295,9.524,70.675,0,0,1675316,10701608,299224,3580004,15316.977,7380.299,0,4.010,0,1.002,3022,2386,2.600,2.350,1.840,1,0,43.107,0,0,14,32,0,18,0
04-08 11:28:30,20.248,6.749,72.743,0,0,1711232,10665692,299224,3580004,483.954,0,0,4.000,0,1.000,1709,1242,2.600,2.350,1.840,2,0,0,0,0,14,32,0,18,0
04-08 11:28:31,21.777,5.006,72.589,0,0,1737912,10639004,299224,3580008,663.814,0,0,4.005,0,1.001,2044,1657,2.470,2.330,1.830,2,0,2.002,0,0,14,32,0,18,0
04-08 11:28:32,22.850,4.222,70.041,0.248,0,1728480,10648352,299256,3580060,15303.628,7556.440,19.870,166.905,0.993,13.909,3707,4013,2.470,2.330,1.830,2,0,0,0,0,14,32,0,19,0
04-08 11:28:33,12.834,16.861,70.463,0,0,1689352,10687456,299280,3580060,972.393,0,0,261.721,0,15.099,3436,2116,2.470,2.330,1.830,2,0,106.701,0,0,14,32,0,19,0
04-08 11:28:34,5.998,25.243,66.481,0.250,0,1674452,10702276,299288,3580124,423.881,0,0,67.981,0,2.999,4292,2594,2.470,2.330,1.830,1,0,163.954,0,0,14,32,0,19,0
04-08 11:28:35,6.745,26.231,65.702,0,0,1659724,10716900,299336,3580180,929.324,0,0,2334.301,0,360.737,4934,2830,2.470,2.330,1.830,1,0,162.881,0,0,14,32,0,19,0
04-08 11:28:36,5.497,24.237,67.962,0,0,1656976,10719644,299344,3580176,16869.688,69981.372,0,83.954,0,2.998,4129,2554,2.350,2.310,1.830,1,0,143.921,0,0,14,32,0,19,0
04-08 11:28:37,14.249,33.749,50.748,0,0,1646292,10730268,299396,3580184,60778.366,31904.617,0,239.990,0,20.999,5161,3071,2.350,2.310,1.830,3,0,200.991,0,0,14,32,0,21,0
04-08 11:28:38,50.199,25.478,23.964,0,0,1697376,10678908,299492,3580356,61556.540,32230.256,0,605.415,0,41.370,5018,3037,2.350,2.310,1.830,5,0,103.930,0,0,14,32,0,25,0
04-08 11:28:39,62.284,12.655,23.325,0,0,1812108,10563268,299548,3581176,45391.299,23905.098,0,297.772,0,11.911,3773,1627,2.350,2.310,1.830,4,0,2.978,0,0,14,32,0,25,0
04-08 11:28:40,65.445,12.989,21.232,0.250,0,1921368,10451420,299660,3583252,56642.503,589281.862,11.990,395.668,1.998,11.990,4426,2164,2.350,2.310,1.830,6,0,1.998,0,0,14,32,0,25,0
04-08 11:28:41,64.030,11.255,23.011,1.000,0,2038668,10330964,299752,3586080,15345.102,7623.528,796.369,696.322,8.004,9.004,3861,1626,2.400,2.320,1.840,5,0,6.003,0,0,14,32,0,23,0
04-08 11:28:42,57.672,13.309,23.660,1.479,0,2055336,10306360,302980,3590368,30616.681,15799.296,0,17788.749,0,1454.135,10154,12305,2.400,2.320,1.840,4,0,56.194,0,0,14,38,0,23,0
04-08 11:28:43,39.606,21.808,28.827,4.261,0,2055844,10293536,308588,3596704,44566.188,22175.306,0,52660.836,0,3272.753,16511,23876,2.400,2.320,1.840,3,1,92.247,0,0,14,38,0,23,0
04-08 11:28:44,36.684,17.718,32.441,6.987,0,2056172,10282448,313828,3601900,29424.755,14889.058,0,46439.965,0,3050.480,15698,22961,2.400,2.320,1.840,2,1,110.800,0,0,14,38,0,23,0
04-08 11:28:45,37.429,19.979,30.600,7.840,0,2057104,10270856,319380,3606712,15555.161,7447.298,0,47419.114,0,3147.045,15489,23138,2.400,2.320,1.840,6,0,108.240,0,0,14,38,0,19,0
04-08 11:28:46,33.750,17.250,35.750,7.750,0,2057824,10259528,325352,3611088,44676.273,22724.139,0,38024.233,0,3005.018,15384,22805,2.610,2.360,1.850,3,0,97.001,0,0,14,38,0,19,0
04-08 11:28:47,44.316,15.273,28.042,7.010,0,2057180,10249952,330856,3615424,44808.063,23523.206,0,37696.419,0,2782.164,14619,21247,2.610,2.360,1.850,3,1,81.121,0,0,14,38,0,19,0
04-08 11:28:48,39.373,29.406,19.687,5.981,0,1928552,10368396,336084,3620108,44879.792,24044.739,0,42563.236,0,2859.811,14579,21481,2.610,2.360,1.850,3,1,149.520,0,0,14,36,0,19,0
04-08 11:28:49,46.828,20.565,20.565,6.938,0,1964844,10321272,342008,3624652,59409.780,30939.270,0,48431.682,0,3187.286,15248,22445,2.610,2.360,1.850,5,0,74.330,0,0,14,36,0,18,0
04-08 11:28:50,53.255,15.901,22.968,4.795,0,2006936,10271376,346128,3628136,30326.549,15028.497,0,20195.489,0,1836.412,11604,15447,2.610,2.360,1.850,5,0,63.603,0,0,14,36,0,18,0
04-08 11:28:51,47.806,18.923,20.915,6.225,0,2044768,10222040,351364,3634040,29737.059,14598.627,0,60880.400,0,3473.872,14597,21573,2.720,2.390,1.870,7,0,0,0,0,14,36,0,18,0
04-08 11:28:52,46.123,16.795,26.320,6.517,0,2063464,10191548,356188,3640584,15178.595,7463.962,0,41134.013,0,2598.951,12851,18880,2.720,2.390,1.870,4,0,4.011,0,0,14,38,0,18,0
04-08 11:28:53,37.795,25.280,24.529,6.508,0,1985664,10261112,361076,3643716,72899.213,591853.942,124.147,48809.724,2.002,3027.580,15231,21451,2.720,2.390,1.870,6,0,84.099,0,0,14,36,0,18,0
04-08 11:28:54,27.217,18.977,39.202,8.240,0,1981772,10258280,366580,3644744,44501.803,22570.512,0,45460.636,0,3043.294,15234,21773,2.720,2.390,1.870,1,1,65.920,0,0,14,36,0,18,0
04-08 11:28:55,33.813,14.420,37.791,7.707,0,1977380,10255152,371348,3647284,29427.973,14511.608,0,35387.956,0,2715.954,13674,20476,2.720,2.390,1.870,4,0,53.702,0,0,14,36,0,18,0
04-08 11:28:56,44.388,11.601,37.579,3.531,0,1851864,10378656,372760,3647816,29859.223,15344.239,0,28541.696,0,1732.154,8807,11788,2.830,2.420,1.880,4,0,38.335,0,0,14,34,0,18,0
04-08 11:28:57,15.525,31.550,51.332,0.250,0,1723324,10507088,372836,3647844,31270.957,23108.918,0,1778.842,0,85.136,5042,3053,2.830,2.420,1.880,2,0,200.320,0,0,14,32,0,18,0
04-08 11:28:58,17.738,9.743,70.201,0,0,1725124,10505252,372872,3647840,60509.712,38547.061,0,907.366,0,48.966,2660,1941,2.830,2.420,1.880,2,0,33.976,0,0,14,32,0,16,0
04-08 11:28:59,22.516,6.505,70.801,0.500,0,1750920,10479288,373036,3647844,44767.080,23568.889,0,5820.171,0,290.208,2537,2222,2.830,2.420,1.880,1,0,1.001,0,0,14,32,0,16,0
04-08 11:29:00,21.689,4.737,72.546,0,0,1782780,10447416,373044,3647844,29515.144,15263.153,0,31.910,0,2.992,1777,1218,2.830,2.420,1.880,1,0,0,0,0,14,32,0,16,0
04-08 11:29:01,21.952,4.989,72.093,0,0,1809540,10420656,373044,3647844,29646.555,15045.295,0,3.991,0,0.998,1956,1424,2.680,2.390,1.870,2,0,3.991,0,0,14,34,0,16,0
04-08 11:29:02,24.846,3.012,71.526,0,0,1820152,10410024,373056,3647852,30586.039,17023.699,0,160.620,0,12.046,2320,1965,2.680,2.390,1.870,2,0,0,0,0,14,38,0,16,0
04-08 11:29:03,20.220,7.738,71.643,0,0,1746288,10483872,373072,3647852,60334.741,32747.012,0,75.886,0,5.991,2388,1507,2.680,2.390,1.870,2,0,26.960,0,0,14,32,0,16,0
04-08 11:29:04,23.211,5.241,70.631,0,0,1738076,10492060,373096,3647852,52597.716,460990.241,0,247.584,0,17.970,2350,1743,2.680,2.390,1.870,1,0,1.997,0,0,14,32,0,16,0
04-08 11:29:05,22.360,5.276,72.104,0,0,1737140,10492996,373108,3647840,47727.523,143143.377,0,152.751,0,9.044,1939,1271,2.680,2.390,1.870,1,0,3.015,0,0,14,32,0,16,0
04-08 11:29:06,22.168,5.480,71.484,0,0,1776604,10453476,373116,3647884,29688.722,15022.200,0,143.467,0,3.985,1881,1241,2.540,2.370,1.870,1,0,0,0,0,14,32,0,14,0
04-08 11:29:07,23.289,3.756,71.870,0,0,1797236,10432840,373124,3647880,15327.495,7618.672,0,136.227,0,15.025,2037,1622,2.540,2.370,1.870,1,0,4.007,0,0,14,34,0,14,0
04-08 11:29:08,15.770,12.767,70.591,0,0,1736604,10493464,373140,3647872,60588.333,31881.218,0,452.585,0,23.030,2926,1913,2.540,2.370,1.870,1,0,61.079,0,0,14,32,0,14,0
04-08 11:29:09,9.896,43.543,43.296,0,0,1725520,10504496,373164,3647900,45418.302,24397.926,0,237.507,0,15.834,5562,3448,2.540,2.370,1.870,2,0,266.206,0,0,14,32,0,14,0
04-08 11:29:10,10.832,45.344,41.565,0,0,1708088,10521912,373172,3647904,61276.488,33905.007,0,104.794,0,8.061,5569,3333,2.540,2.370,1.870,5,0,278.108,0,0,14,32,0,14,0
04-08 11:29:11,9.960,46.810,40.336,0.249,0,1690440,10539524,373176,3647932,60515.038,37419.907,3.984,3653.152,0.996,23.903,5744,3483,2.660,2.400,1.880,3,0,286.834,0,0,14,32,0,14,0
04-08 11:29:12,9.879,47.371,41.798,0,0,1682624,10547320,373176,3647952,46296.536,29575.472,0,8.106,0,2.027,5535,3325,2.660,2.400,1.880,2,0,294.863,0,0,14,32,0,14,0
04-08 11:29:13,9.645,48.226,38.828,0,0,1672648,10557292,373176,3647956,60445.711,32929.919,0,39.570,0,9.892,5759,3578,2.660,2.400,1.880,2,0,336.343,0,0,14,32,0,14,0
04-08 11:29:14,10.309,50.039,38.221,0,0,1663180,10566752,373176,3647964,72496.255,600460.256,0,28.162,0,7.041,6000,3713,2.660,2.400,1.880,2,0,319.845,0,0,14,32,0,11,0
04-08 11:29:15,8.954,40.045,49.746,0,0,1663224,10566700,373180,3647964,60631.221,33220.270,0,230.821,0,8.954,5144,3241,2.660,2.400,1.880,3,0,250.719,0,0,14,32,0,11,0
04-08 11:29:16,5.521,19.325,74.288,0,0,1661384,10568520,373188,3647976,49628.233,26440.416,0,1477.724,0,11.043,3584,2419,2.530,2.370,1.870,1,0,107.416,0,0,14,32,0,11,0
04-08 11:29:17,4.755,10.761,82.588,0.751,0,1652384,10577392,373212,3648076,57748.235,29445.223,100.106,192.204,7.007,11.012,2375,2276,2.530,2.370,1.870,1,0,38.040,0,0,13,12,0,11,20
04-08 11:29:18,6.247,23.240,67.722,0.250,0,1651712,10577984,373224,3648132,60670.550,33425.979,39.983,387.837,1.999,14.994,4261,2732,2.530,2.370,1.870,1,0,134.943,0,0,14,12,0,10,20
04-08 11:29:19,6.258,23.028,68.585,0,0,1649376,10580316,373224,3648136,45667.474,25829.942,0,56.069,0,5.006,4233,2726,2.530,2.370,1.870,1,0,147.182,0,0,14,12,0,10,20
04-08 11:29:20,7.231,23.440,67.327,0,0,1647808,10581852,373224,3648168,61049.473,31890.236,0,11.969,0,2.992,4100,2633,2.530,2.370,1.870,1,0,125.678,0,0,14,12,0,10,20
04-08 11:29:21,7.233,24.192,66.342,0,0,1646884,10582644,373224,3648300,45868.752,23494.043,0,1644.084,0,305.273,4499,2615,2.410,2.350,1.870,2,0,125.701,0,0,14,12,0,10,20
04-08 11:29:22,18.062,21.323,59.955,0,0,1647252,10582264,373224,3648380,69417.890,474044.515,0,4.014,0,1.003,4658,5222,2.410,2.350,1.870,2,0,71.244,0,0,14,12,0,10,20
04-08 11:29:23,18.283,22.977,56.579,0,0,1640148,10589364,373224,3648380,46973.701,137453.247,0,11.859,0,2.965,4900,5154,2.410,2.350,1.870,3,0,64.238,0,0,14,12,0,10,20
04-08 11:29:24,25.281,27.051,46.771,0,0,1686496,10542332,373248,3648960,47460.402,26134.975,20.225,133.486,1.011,2.023,5496,2907,2.410,2.350,1.870,3,0,128.430,0,0,14,12,0,10,20
04-08 11:29:25,11.252,23.755,63.263,0,0,1691520,10536912,373252,3649304,62511.959,35479.355,152.032,4.001,2.000,1.000,4394,2861,2.410,2.350,1.870,3,0,147.030,0,0,16,12,0,10,20
04-08 11:29:26,6.999,24.248,66.744,0.250,0,1693904,10534444,373252,3649384,61357.789,31467.328,63.995,463.961,1.000,84.993,4391,2756,2.290,2.330,1.860,2,0,118.990,0,0,16,12,0,9,20
04-08 11:29:27,14.232,28.464,55.680,0,0,1715560,10512784,373252,3651632,45940.343,24149.691,0,11.985,0,2.996,4669,5726,2.290,2.330,1.860,2,0,154.806,0,0,16,12,0,9,20
04-08 11:29:28,17.362,29.189,51.583,0,0,1698860,10529476,373252,3649840,61111.831,32038.997,0,8.052,0,2.013,5912,12386,2.290,2.330,1.860,4,0,138.897,0,0,16,12,0,10,20
04-08 11:29:29,19.125,24.837,53.648,0,0,1706528,10521792,373256,3649784,44828.031,22659.406,0,1045.146,0,9.935,4947,5410,2.290,2.330,1.860,7,0,80.472,0,0,16,12,0,10,20
04-08 11:29:30,20.386,19.640,58.672,0,0,1700164,10528096,373256,3649408,44707.939,22808.428,0,0,0,0,4211,2726,2.290,2.330,1.860,2,0,56.683,0,0,16,12,0,8,20
04-08 11:29:31,21.136,26.169,51.583,0.252,0,1737556,10490356,373256,3649748,73523.757,581190.862,4.026,4.026,1.006,1.006,5190,3278,2.350,2.340,1.870,4,0,138.897,0,0,18,12,0,8,20
04-08 11:29:32,7.232,22.942,67.580,0,0,1737156,10490740,373256,3649764,60364.018,34014.360,0,3.990,0,0.997,4245,2973,2.350,2.340,1.870,1,0,135.658,0,0,18,12,0,8,20
04-08 11:29:33,7.279,24.096,67.018,0,0,1735260,10492600,373256,3649768,46176.742,23367.488,0,12.048,0,3.012,4267,2909,2.350,2.340,1.870,2,0,118.474,0,0,18,12,0,8,20
04-08 11:29:34,7.474,23.419,66.271,0.498,0,1739216,10488620,373264,3649780,60646.160,30641.977,3.986,183.366,0.997,4.983,4382,2971,2.350,2.340,1.870,2,0,120.583,0,0,18,12,0,8,20
04-08 11:29:35,15.558,26.097,57.714,0,0,1740796,10487040,373264,3650244,45310.771,23753.953,0,8.030,0,2.007,5067,5735,2.350,2.340,1.870,1,0,95.353,0,0,18,12,0,7,20
04-08 11:29:36,20.753,22.253,54.758,0,0,1751880,10475936,373276,3650272,45171.924,22669.475,0,564.086,0,23.004,6064,7323,2.240,2.320,1.870,2,0,67.010,0,0,18,12,0,7,20
04-08 11:29:37,22.745,23.245,52.739,0,0,1777848,10449732,373496,3649804,60607.709,32595.390,0,6198.743,0,294.940,5235,3766,2.240,2.320,1.870,2,0,77.984,0,0,18,12,0,7,20
04-08 11:29:38,44.064,15.611,39.280,0,0,1904736,10322764,373564,3649812,45957.800,23640.620,0,80.575,0,3.022,3626,2470,2.240,2.320,1.870,14,0,23.165,0,0,20,12,0,7,20
04-08 11:29:39,80.750,19.191,0,0,0,2109028,10117888,373564,3650336,29840.610,15001.554,0,0,0,0,5052,3421,2.240,2.320,1.870,13,0,0,0,0,20,12,0,1,20
04-08 11:29:40,85.329,14.221,0,0,0,2287460,9939260,373580,3650516,30043.750,15149.619,0,0,0,0,5075,3588,2.240,2.320,1.870,14,0,34.930,0,0,20,12,0,1,20
04-08 11:29:41,58.370,14.468,26.691,0,0,2362600,9863448,373588,3651016,15061.471,7603.074,0,19.956,0,4.989,4547,3618,3.100,2.490,1.930,1,0,61.862,0,0,20,12,0,1,20
04-08 11:29:42,7.481,22.942,67.082,0,0,2363060,9862976,373588,3651024,45311.192,587264.964,0,187.529,0,3.990,4875,3542,3.100,2.490,1.930,1,0,135.659,0,0,20,12,0,1,20
04-08 11:29:43,7.252,23.757,67.270,0,0,2366784,9859216,373592,3651032,61522.973,33417.762,0,332.097,0,4.001,4477,3177,3.100,2.490,1.930,2,0,127.037,0,0,20,12,0,1,20
04-08 11:29:44,7.248,23.993,66.232,0,0,2368916,9856948,373592,3651164,60151.254,31581.208,0,11.997,0,2.999,4439,3109,3.100,2.490,1.930,1,0,121.966,0,0,20,12,0,1,20
04-08 11:29:45,8.576,24.213,66.839,0,0,2348692,9877168,373592,3651168,46109.050,23787.479,0,12.107,0,3.027,4445,3045,3.100,2.490,1.930,1,0,125.102,0,0,20,12,0,1,20
04-08 11:29:46,18.382,22.853,56.636,0,0,2350644,9875152,373596,3651648,59409.915,29991.117,0,107.310,0,5.962,4857,5310,3.090,2.500,1.930,1,0,74.521,0,0,20,12,0,1,20
04-08 11:29:47,19.254,24.755,54.761,0,0,2352828,9872916,373596,3651648,45303.704,23016.422,0,24.005,0,3.001,5311,5634,3.090,2.500,1.930,1,0,70.013,0,0,20,12,0,1,20
04-08 11:29:48,23.348,28.565,45.952,0,0,2369764,9855924,373596,3651184,44944.155,23791.510,0,0,0,0,5162,3343,3.090,2.500,1.930,2,0,100.348,0,0,20,12,0,1,20
04-08 11:29:49,23.727,13.237,61.689,0,0,2377684,9847608,373600,3651568,60511.149,32286.066,0,3.996,0,0.999,3322,2419,3.090,2.500,1.930,1,0,47.953,0,0,21,12,0,1,20
04-08 11:29:50,8.253,15.006,74.781,0,0,2382624,9842652,373600,3651580,45656.724,23697.718,0,0,0,0,3570,2881,3.090,2.500,1.930,1,0,77.032,0,0,21,12,0,2,20
04-08 11:29:51,19.875,10.315,69.436,0,0,2380316,9844948,373608,3651584,73200.220,583069.880,0,136.859,0,2.013,3106,2565,2.930,2.480,1.930,1,0,17.107,0,0,21,12,0,2,20
04-08 11:29:52,23.755,5.001,70.266,0,0,2421608,9803620,373608,3651588,29865.679,15067.370,0,3344.748,0,446.100,2670,1908,2.930,2.480,1.930,1,0,0,0,0,21,12,0,2,20
04-08 11:29:53,23.158,5.538,69.977,0,0,2424332,9800860,373632,3651600,30183.871,15181.547,0,330.253,0,22.151,3342,3552,2.930,2.480,1.930,1,0,2.014,0,0,21,17,0,4,10
04-08 11:29:54,22.372,6.214,69.354,0.249,0,2432444,9792544,373684,3651748,15111.654,7254.548,0,735.796,0,37.784,3769,4359,2.930,2.480,1.930,1,0,0,0,0,21,14,0,8,0
04-08 11:29:55,8.236,23.958,65.636,0,0,2389560,9835424,373684,3651752,30419.986,16012.095,0,11.979,0,2.995,4596,3247,2.930,2.480,1.930,4,0,143.749,0,0,21,14,0,8,0
04-08 11:29:56,6.747,25.740,64.975,0,0,2392800,9832172,373684,3651764,61026.277,37329.488,0,7.997,0,1.999,4718,3364,2.770,2.450,1.920,1,0,153.940,0,0,21,14,0,8,0
04-08 11:29:57,8.017,23.299,66.389,0,0,2386348,9838612,373684,3651776,60762.232,33935.058,0,489.024,0,64.134,4738,3359,2.770,2.450,1.920,2,0,136.285,0,0,21,14,0,9,0
04-08 11:29:58,6.246,23.236,67.959,0,0,2382604,9842348,373684,3651784,52604.903,29378.075,0,3.998,0,0.999,4563,3322,2.770,2.450,1.920,3,0,139.915,0,0,21,14,0,9,0
04-08 11:29:59,7.741,24.471,66.171,0,0,2385384,9839548,373684,3651796,53753.069,28637.939,0,167.800,0,5.993,4492,3252,2.770,2.450,1.920,1,0,119.857,0,0,21,14,0,9,0
04-08 11:30:00,7.754,25.263,65.533,0,0,2382320,9842480,373684,3651928,61115.699,31469.808,0,12.006,0,3.002,4572,3233,2.770,2.450,1.920,1,0,118.059,0,0,21,14,0,9,0
04-08 11:30:01,7.758,25.777,64.316,0,0,2380216,9844580,373684,3651932,55688.438,594657.340,0,16.017,0,4.004,4841,3589,2.710,2.440,1.920,1,0,121.125,0,0,21,14,0,9,0
04-08 11:30:02,8.239,23.718,66.162,0,0,2376240,9848552,373684,3651936,60747.285,32289.097,0,355.528,0,70.906,4519,3260,2.710,2.440,1.920,2,0,105.859,0,0,21,14,0,9,0
04-08 11:30:03,20.180,22.174,55.060,0,0,2362060,9862672,373684,3652336,44880.389,22408.803,0,7.973,0,1.993,5861,7222,2.710,2.440,1.920,3,0,70.756,0,0,21,14,0,9,0
04-08 11:30:04,17.266,22.521,58.053,0,0,2369476,9855232,373692,3651956,60270.421,30470.018,0,172.158,0,9.008,4787,4893,2.710,2.440,1.920,1,0,70.064,0,0,21,14,0,9,0
04-08 11:30:05,46.357,28.816,23.304,0,0,2439700,9784952,373704,3652416,46447.082,25356.459,0,4.009,0,1.002,5371,3183,2.710,2.440,1.920,6,0,112.259,0,0,21,14,0,9,0
04-08 11:30:06,41.894,14.464,41.645,0,0,2510104,9714392,373704,3652568,59556.003,30762.522,0,0,0,0,3686,2345,2.650,2.440,1.920,3,0,13.965,0,0,21,15,0,9,0
04-08 11:30:07,47.441,5.683,45.217,0,0,2562108,9662228,373704,3652724,29186.840,14633.448,0,7.907,0,1.977,3395,2166,2.650,2.440,1.920,3,0,5.930,0,0,21,19,0,9,0
04-08 11:30:08,50.726,8.370,40.327,0.254,0,2609924,9614124,373748,3652952,30170.840,14937.807,89.278,580.306,1.015,24.349,4225,3336,2.650,2.440,1.920,5,0,15.218,0,0,21,31,0,9,0
04-08 11:30:09,47.016,7.960,44.279,0,0,2652372,9570080,373828,3654260,15300.742,7259.818,0,1293.553,0,108.459,3943,3128,2.650,2.440,1.920,3,0,0,0,0,21,31,0,9,0
04-08 11:30:10,17.093,23.879,57.310,0,0,2643312,9577096,373828,3656112,30804.743,17742.036,0,156.849,0,3.016,5749,6779,2.650,2.440,1.920,3,0,121.659,0,0,21,30,0,9,0
04-08 11:30:11,12.259,26.270,59.046,0.500,0,2669616,9550720,373844,3656128,70991.944,463232.520,12.009,72.056,3.002,6.005,4952,3607,2.520,2.410,1.920,1,0,119.092,0,0,21,30,0,9,0
04-08 11:30:12,13.226,29.946,53.903,0,0,2676564,9543744,373844,3656600,63813.170,154523.939,0,1177.880,0,8.984,6195,6251,2.520,2.410,1.920,1,0,172.689,0,0,21,30,0,9,0
04-08 11:30:13,18.277,23.034,57.084,0,0,2671268,9548964,373844,3656608,45651.405,22925.850,0,4.006,0,1.001,5545,6137,2.520,2.410,1.920,1,0,70.104,0,0,21,30,0,9,0
04-08 11:30:14,15.474,11.481,67.637,4.243,0,2664408,9551332,373864,3660552,45736.362,24089.634,4604.285,0,75.873,0,3943,3134,2.520,2.410,1.920,1,0,44.925,0,0,21,30,0,9,0
04-08 11:30:15,17.038,21.799,57.879,1.754,0,2668396,9542948,373872,3665380,45153.765,23215.808,4181.331,224.501,42.094,3.007,5205,6077,2.520,2.410,1.920,1,0,84.188,0,0,22,30,0,9,0
04-08 11:30:16,19.738,20.987,57.215,0,0,2652136,9559028,373876,3665488,44708.659,23201.811,0,63.961,0,3.998,5522,6253,2.400,2.390,1.910,1,0,69.957,0,0,22,30,0,9,0
04-08 11:30:17,12.923,26.592,54.923,2.982,0,2729004,9479880,373884,3667284,51707.239,25983.347,2210.841,3.976,45.728,0.994,5185,3780,2.400,2.390,1.910,4,0,113.325,0,0,22,30,0,9,0
04-08 11:30:18,30.653,23.367,44.724,0.251,0,2734444,9474404,373912,3667304,54598.366,30985.138,0,381.912,0,29.146,5027,3973,2.400,2.390,1.910,2,0,95.478,0,0,22,46,0,9,0
04-08 11:30:19,7.500,23.501,66.753,0,0,2728052,9480768,373912,3667312,61345.953,33383.607,0,4.000,0,1.000,4636,3433,2.400,2.390,1.910,2,0,124.006,0,0,22,46,0,9,0
04-08 11:30:20,18.021,22.025,58.317,0,0,2719416,9489368,373916,3667320,44727.345,23092.509,4.005,16.018,1.001,4.005,4515,5169,2.400,2.390,1.910,1,0,71.082,0,0,22,46,0,9,0
04-08 11:30:21,19.505,24.256,54.763,0,0,2710448,9498324,373916,3667808,57562.010,582001.656,0,0,0,0,6238,6795,2.450,2.400,1.920,4,0,71.017,0,0,22,46,0,9,0
04-08 11:30:22,10.994,22.487,60.964,3.748,0,2709768,9497312,373956,3668840,60492.402,31311.574,1459.141,323.809,31.981,12.992,4272,3688,2.450,2.400,1.920,0,0,122.928,0,0,22,46,0,9,0
04-08 11:30:23,5.000,14.750,78.497,0,0,2711192,9495888,373956,3668840,45727.487,24591.186,0,8763.710,0,684.977,4598,2870,2.450,2.400,1.920,1,0,79.997,0,0,22,46,0,9,0
04-08 11:30:24,12.203,23.658,59.769,1.245,0,2714696,9490656,373956,3671032,60396.151,32073.813,1717.351,0,19.923,0,5866,6539,2.450,2.400,1.920,7,0,124.518,0,0,24,46,0,9,0
04-08 11:30:25,19.321,25.845,53.447,0,0,2719616,9485712,373956,3671052,45080.852,23169.239,0,690.540,0,3.011,5779,6456,2.450,2.400,1.920,1,0,83.306,0,0,24,46,0,9,0
04-08 11:30:26,14.143,15.118,64.617,2.682,0,2717632,9486096,373956,3672168,44364.592,23199.582,1720.510,0,18.532,0,4021,3106,2.410,2.390,1.920,3,0,44.866,0,0,24,48,0,9,0
04-08 11:30:27,7.439,32.580,59.772,0,0,2716408,9487028,373960,3672456,63158.277,33406.675,110.822,287.316,4.105,11.287,5048,3540,2.410,2.390,1.920,2,0,162.128,0,0,24,48,0,10,0
04-08 11:30:28,18.717,30.697,48.665,0,0,2727696,9475712,373960,3672468,61032.947,31535.203,0,251.563,0,9.983,5428,13098,2.410,2.390,1.920,2,0,166.710,0,0,24,48,0,10,0
04-08 11:30:29,7.733,23.947,65.107,0,0,2721640,9481756,373960,3672480,54712.677,463997.584,0,7.982,0,1.996,4844,3728,2.410,2.390,1.920,1,0,135.702,0,0,24,48,0,10,0
04-08 11:30:30,7.767,25.054,65.642,0,0,2723268,9480120,373960,3672488,63533.211,150821.726,0,20.043,0,5.011,4670,3361,2.410,2.390,1.920,1,0,118.255,0,0,24,48,0,10,0
04-08 11:30:31,7.007,24.525,65.568,0,0,2725108,9478276,373960,3672492,53324.123,27264.184,0,20.021,0,4.004,4427,3362,2.300,2.370,1.910,1,0,123.127,0,0,24,48,0,10,0
04-08 11:30:32,18.268,22.271,58.806,0,0,2726248,9477128,373964,3672980,53106.999,26927.859,0,164.158,0,4.004,4867,5445,2.300,2.370,1.910,1,0,81.078,0,0,24,48,0,10,0
04-08 11:30:33,17.550,23.316,57.162,0,0,2719880,9483324,373964,3672628,45223.121,22826.670,0,1760.989,0,282.801,5516,5931,2.300,2.370,1.910,1,0,73.207,0,0,24,48,0,10,0
04-08 11:30:34,25.141,28.626,44.308,0,0,2766152,9437036,373972,3672628,60834.624,32578.953,0,0,0,0,5815,3722,2.300,2.370,1.910,3,0,117.491,0,0,24,48,0,10,0
04-08 11:30:35,26.994,29.994,40.991,0,0,2809920,9393212,373972,3672652,45781.233,24700.730,0,75.984,0,3.999,5298,3491,2.300,2.370,1.910,3,0,151.968,0,0,24,48,0,10,0
04-08 11:30:36,26.682,29.176,42.642,0,0,2857452,9345584,373996,3672724,60662.270,32579.437,0,47.879,0,1.995,5192,3265,2.270,2.360,1.910,4,0,117.702,0,0,24,48,0,10,0
04-08 11:30:37,29.597,28.845,39.630,0.502,0,2892124,9309372,374052,3674096,61873.560,32460.794,120.396,638.099,4.013,5.017,6206,5683,2.270,2.360,1.910,2,0,149.492,0,0,24,50,0,11,0
04-08 11:30:38,27.131,30.616,40.323,0,0,2921580,9279888,374064,3674108,73053.508,590035.463,7.965,11.948,1.991,1.991,5731,3893,2.270,2.360,1.910,2,0,158.305,0,0,24,52,0,12,0
04-08 11:30:39,23.837,32.619,41.902,0,0,2969088,9232364,374064,3674116,45711.166,23212.380,0,337.226,0,2.007,5192,3408,2.270,2.360,1.910,2,0,153.558,0,0,24,52,0,12,0
04-08 11:30:40,26.778,28.279,42.794,0,0,3009864,9191580,374068,3674120,61435.501,33903.043,4.004,604.625,1.001,3.003,5152,3410,2.270,2.360,1.910,4,0,131.136,0,0,24,52,0,12,0
04-08 11:30:41,26.800,27.048,43.426,0,0,3010428,9190768,374068,3674352,60424.827,32204.075,0,27.793,0,6.948,5139,3455,2.250,2.360,1.910,3,0,124.076,0,0,24,52,0,12,0
04-08 11:30:42,15.359,29.710,54.133,0,0,3053820,9147236,374068,3674488,45997.659,24320.184,0,310.196,0,7.050,4765,3344,2.250,2.360,1.910,2,0,118.841,0,0,24,52,0,12,0
04-08 11:30:43,8.242,24.727,65.438,0,0,3050428,9150620,374068,3674492,60410.058,30441.306,0,55.947,0,3.996,4578,3348,2.250,2.360,1.910,1,0,116.890,0,0,24,52,0,12,0
04-08 11:30:44,8.493,24.479,64.446,0,0,3040932,9160112,374068,3674496,61145.451,30913.938,0,39.966,0,4.996,4582,3312,2.250,2.360,1.910,2,0,117.901,0,0,24,52,0,12,0
04-08 11:30:45,14.782,26.557,55.869,0,0,3055072,9145940,374068,3674988,45486.282,23616.509,0,8.017,0,2.004,5372,6087,2.250,2.360,1.910,1,0,116.249,0,0,24,52,0,12,0
04-08 11:30:46,21.507,21.507,56.018,0,0,3027656,9173300,374072,3674992,52774.646,455183.574,0,124.039,0,3.001,5564,6340,2.150,2.330,1.910,2,0,74.023,0,0,24,52,0,12,0
04-08 11:30:47,24.875,19.651,52.983,0.746,0,3025556,9175324,374072,3675032,47991.405,142892.659,7.960,7.960,1.990,1.990,4539,3307,2.150,2.330,1.910,3,0,43.780,0,0,24,52,0,12,0
04-08 11:30:48,44.296,36.830,17.171,0,0,3092392,9108476,374080,3675040,61127.963,33931.444,0,4479.333,0,452.910,6327,3408,2.150,2.330,1.910,3,0,135.375,0,0,24,52,0,12,0
04-08 11:30:49,50.219,28.123,20.590,0,0,3140440,9060400,374080,3675064,61340.291,35382.178,0,24.105,0,2.009,5468,3353,2.150,2.330,1.910,4,0,127.556,0,0,24,52,0,12,0
04-08 11:30:50,52.052,30.531,17.267,0,0,3193276,9006880,374112,3675704,45249.629,23521.719,0,12.012,0,3.003,5426,3656,2.150,2.330,1.910,3,0,117.118,0,0,24,52,0,12,0
04-08 11:30:51,48.830,31.802,19.031,0,0,3236608,8962856,374164,3676224,61732.144,32661.514,0,709.162,0,26.043,5481,3458,2.220,2.340,1.910,5,0,121.199,0,0,24,52,0,12,0
04-08 11:30:52,43.815,31.015,16.492,5.661,0,3276656,8919576,375300,3678240,59058.183,30305.940,1016.106,917.646,133.905,34.461,6809,6623,2.220,2.340,1.910,11,0,125.044,0,0,24,52,0,11,0
04-08 11:30:53,58.379,23.701,16.965,0,0,3304652,8891424,375300,3678316,29589.736,14891.169,0,5281.066,0,686.578,7293,6079,2.220,2.340,1.910,8,0,63.868,0,0,24,56,0,11,0
04-08 11:30:54,50.299,29.468,19.053,0.762,0,3364500,8828708,376952,3678960,61425.758,32366.142,0,9133.080,0,990.738,9609,11323,2.220,2.340,1.910,7,0,57.920,0,0,24,56,0,11,0
04-08 11:30:55,42.565,33.853,17.673,1.742,0,3395584,8785980,378284,3688956,62120.478,594933.189,0,16854.602,0,1133.066,11188,13906,2.220,2.340,1.910,7,1,99.566,0,0,24,56,0,11,0
04-08 11:30:56,48.770,27.011,18.758,2.251,0,3429764,8747172,380556,3691200,60673.245,33920.113,0,8519.545,0,994.414,10082,12519,2.280,2.360,1.920,4,1,100.042,0,0,24,56,0,5,0
04-08 11:30:57,46.930,31.287,17.630,1.242,0,3453368,8718936,382568,3693700,60603.305,32115.302,0,9046.396,0,1106.465,10265,13316,2.280,2.360,1.920,6,0,98.330,0,0,24,56,0,6,0
04-08 11:30:58,50.728,31.959,15.218,0.507,0,3493152,8673928,383684,3697480,46134.150,23844.230,40.582,6850.321,1.015,590.475,8298,9789,2.280,2.360,1.920,8,0,101.456,0,0,24,58,0,6,0
04-08 11:30:59,63.312,27.636,8.291,0.251,0,3520256,8645436,383764,3698700,61323.804,32298.959,570.809,1226.034,14.069,51.252,6756,6511,2.280,2.360,1.920,8,0,151.747,0,0,24,62,0,10,0
04-08 11:31:00,47.848,30.653,19.937,0,0,3562956,8601944,383860,3699876,44295.336,22662.034,0,944.999,0,55.823,6678,8287,2.280,2.360,1.920,2,0,99.683,0,0,24,66,0,14,0
04-08 11:31:01,46.244,34.074,17.037,0,0,3584116,8578856,383908,3701156,43610.198,22300.150,15.577,708.745,1.947,29.207,8128,11392,2.820,2.470,1.960,4,0,96.382,0,0,24,78,0,20,0
04-08 11:31:02,23.821,30.737,45.337,0.256,0,3619932,8542972,383956,3701168,62163.818,33658.663,0,721.286,0,39.958,5776,4009,2.820,2.470,1.960,2,0,111.676,0,0,24,78,0,20,0
04-08 11:31:03,27.038,27.782,41.921,0,0,3676384,8486280,384248,3701112,60269.694,31675.772,0,5564.394,0,255.002,5720,4282,2.820,2.470,1.960,3,0,124.028,0,0,24,78,0,20,0
04-08 11:31:04,28.251,29.008,42.377,0,0,3716592,8445980,384256,3701192,61797.466,572681.946,0,56.502,0,8.072,5333,3696,2.820,2.470,1.960,4,0,124.103,0,0,24,78,0,20,0
04-08 11:31:05,28.188,28.438,41.160,0,0,3737288,8425120,384256,3701356,51907.003,25418.177,0,1341.055,0,8.980,5178,3569,2.820,2.470,1.960,3,0,114.748,0,0,24,78,0,20,0
04-08 11:31:06,30.958,26.214,41.194,0,0,3761748,8400592,384256,3701404,54443.373,30278.496,0,11.984,0,2.996,5085,3423,2.750,2.460,1.960,7,0,121.833,0,0,24,80,0,20,0
04-08 11:31:07,30.372,27.360,41.416,0,0,3759480,8401620,384256,3703116,59796.896,30426.065,0,4.016,0,1.004,6098,8770,2.750,2.460,1.960,2,0,95.383,0,0,24,78,0,22,0
04-08 11:31:08,20.226,23.472,53.936,0,0,3757036,8404020,384260,3703112,44844.927,22940.850,0,0,0,0,5503,6294,2.750,2.460,1.960,2,0,77.908,0,0,24,78,0,22,0
04-08 11:31:09,21.785,26.041,51.332,0,0,3777300,8383728,384264,3702632,45214.981,23595.564,0,144.230,0,2.003,5047,3622,2.750,2.460,1.960,2,0,81.129,0,0,24,78,0,22,0
04-08 11:31:10,32.221,28.193,38.010,0,0,3831116,8329868,384300,3702644,61352.340,33976.783,0,201.380,0,22.152,5427,3829,2.750,2.460,1.960,3,0,111.766,0,0,24,82,0,22,0
04-08 11:31:11,27.569,26.824,42.968,0,0,3861264,8299688,384328,3702648,60829.675,33579.562,0,401.365,0,20.863,5348,3505,2.770,2.470,1.960,5,0,128.159,0,0,24,82,0,22,0
04-08 11:31:12,37.303,33.572,27.604,0,0,3935864,8224908,384356,3702800,57266.125,534972.586,3.979,381.980,0.995,15.916,5808,4099,2.770,2.470,1.960,6,0,165.127,0,0,24,84,0,22,0
04-08 11:31:13,30.534,26.529,42.797,0,0,3958472,8202276,384356,3702832,60479.922,83260.129,0,16.018,0,4.004,5237,3606,2.770,2.470,1.960,4,0,115.127,0,0,24,86,0,22,0
04-08 11:31:14,30.220,28.472,38.462,0,0,3974732,8185544,384396,3703256,45506.471,24205.782,0,4811.186,0,190.809,5378,4755,2.770,2.470,1.960,6,0,109.890,0,0,24,86,0,22,0
04-08 11:31:15,19.666,31.117,47.049,0.249,0,3976912,8182300,384440,3704280,60373.668,31318.511,0,342.540,0,21.907,6180,6751,2.770,2.470,1.960,2,0,124.469,0,0,24,88,0,26,0
04-08 11:31:16,8.315,24.946,65.264,0.252,0,3966796,8192380,384452,3704288,61116.972,32032.083,0,241.904,0,12.095,4535,3406,2.630,2.440,1.960,2,0,110.873,0,0,24,88,0,26,0
04-08 11:31:17,23.375,22.380,52.469,0,0,3974736,8184396,384496,3704784,45517.013,22417.832,0,286.464,0,28.845,5137,6378,2.630,2.440,1.960,1,0,79.573,0,0,24,90,0,26,0
04-08 11:31:18,19.727,22.762,56.399,0,0,3948948,8210088,384516,3704796,45196.228,23006.818,0,327.773,0,15.175,5582,6287,2.630,2.440,1.960,1,0,77.897,0,0,24,90,0,26,0
04-08 11:31:19,30.825,23.674,42.169,0,0,3995816,8163168,384524,3704764,44647.643,23466.572,0,13604.496,0,1448.042,7426,3374,2.630,2.440,1.960,4,0,63.130,0,0,24,90,0,26,0
04-08 11:31:20,45.801,22.901,31.205,0,0,4070844,8088104,384536,3704772,60910.421,33878.716,0,306.012,0,16.106,4733,3364,2.630,2.440,1.960,4,0,65.430,0,0,24,91,0,26,0
04-08 11:31:21,43.041,11.761,43.542,0.250,0,4121456,8036456,384744,3705552,40633.915,575439.100,0,1933.852,0,124.119,4858,4461,2.580,2.440,1.960,1,0,23.022,0,0,24,94,0,27,0
04-08 11:31:22,7.481,23.190,67.076,0,0,4125128,8032732,384768,3705560,60860.390,32896.807,0,454.822,0,23.938,4699,3577,2.580,2.440,1.960,1,0,124.677,0,0,24,94,0,27,0
04-08 11:31:23,7.519,22.305,67.918,0,0,4125392,8032452,384780,3705564,60905.482,33302.281,0,120.297,0,8.020,4553,3406,2.580,2.440,1.960,1,0,130.322,0,0,24,94,0,27,0
04-08 11:31:24,9.495,24.238,63.969,0,0,4130152,8027672,384792,3705568,60882.927,33350.075,0,3310.419,0,210.899,5035,3511,2.580,2.440,1.960,1,0,126.939,0,0,24,96,0,27,0
04-08 11:31:25,14.239,27.480,56.208,0,0,4205128,7952664,384812,3705580,45760.002,25640.950,0,243.819,0,18.986,5195,3942,2.580,2.440,1.960,4,0,125.906,0,0,24,98,0,27,0
04-08 11:31:26,20.028,24.034,52.825,0,0,4218264,7939344,384852,3705724,60727.723,33248.934,0,208.294,0,18.025,5206,4210,2.450,2.410,1.950,2,0,116.164,0,0,24,98,0,27,0
04-08 11:31:27,12.480,23.962,61.404,0,0,4215640,7941896,384892,3705740,61439.462,32906.296,0,191.699,0,19.969,5078,3905,2.450,2.410,1.950,2,0,122.807,0,0,24,98,0,28,0
04-08 11:31:28,29.533,29.041,37.901,0.246,0,4222896,7934600,384932,3706336,62406.052,37088.049,0,255.956,0,19.689,6333,6695,2.450,2.410,1.950,13,0,150.620,0,0,24,101,0,28,0
04-08 11:31:29,40.202,29.261,29.515,0,0,4244272,7913128,384980,3705772,63146.820,490875.843,0,1306.823,0,30.533,6735,13094,2.450,2.410,1.950,2,0,121.115,0,0,24,102,0,27,0
04-08 11:31:30,22.660,7.719,67.731,0,0,4273956,7883392,385020,3705780,47033.507,140899.320,0,1525.949,0,23.905,2834,2708,2.450,2.410,1.950,1,0,0,0,0,24,102,0,27,0
04-08 11:31:31,26.786,6.759,65.338,0,0,4297640,7859704,385068,3705736,29630.934,14743.870,0,280.378,0,25.034,3318,3390,2.420,2.400,1.950,2,0,1.001,0,0,24,104,0,27,0
04-08 11:31:32,24.943,6.735,66.349,0,0,4298764,7858444,385136,3705796,15121.535,7492.922,0,482.899,0,36.916,3902,4180,2.420,2.400,1.950,2,0,2.993,0,0,24,110,0,27,0
04-08 11:31:33,25.305,3.257,70.655,0,0,4300524,7856680,385148,3705788,15188.250,7312.007,0,132.290,0,8.018,2630,2423,2.420,2.400,1.950,2,0,0,0,0,24,108,0,27,0
04-08 11:31:34,14.642,15.146,68.916,0,0,4285424,7871740,385164,3705812,15122.218,7367.234,0,125.211,0,7.068,3353,2674,2.420,2.400,1.950,1,0,63.615,0,0,24,108,0,27,0
04-08 11:31:35,35.122,11.378,51.446,0,0,4288596,7868240,385204,3706096,44389.361,26411.803,0,213.701,0,22.755,5096,3854,2.420,2.400,1.950,2,0,8.904,0,0,24,110,0,28,0
04-08 11:31:36,28.702,7.238,61.398,0,0,4308852,7847868,385264,3706148,29842.288,14567.733,0,519.135,0,37.937,3991,4214,2.300,2.380,1.950,3,0,1.997,0,0,24,111,0,28,0
04-08 11:31:37,24.268,6.067,69.519,0,0,4308824,7847868,385280,3706156,30164.491,14904.783,0,113.252,0,7.078,3465,3591,2.300,2.380,1.950,1,0,2.022,0,0,24,112,0,28,0
04-08 11:31:38,21.602,6.456,69.524,0,0,4310308,7846136,385336,3706344,14874.194,7246.402,0,282.069,0,19.864,3329,3673,2.300,2.380,1.950,1,0,1.986,0,0,24,111,0,28,0
04-08 11:31:39,28.208,8.987,59.661,0,0,4313536,7842384,385676,3706472,15012.599,7285.129,0,1653.533,0,201.699,5715,7370,2.300,2.380,1.950,3,0,2.996,0,0,24,114,0,28,0
04-08 11:31:40,27.680,8.304,62.407,0,0,4318652,7837092,385804,3706516,16337.496,7647.852,0,849.538,0,82.538,3932,4314,2.300,2.380,1.950,2,0,0,0,0,24,116,0,28,0
04-08 11:31:41,44.237,10.438,42.746,0.249,0,4326868,7828524,385960,3706708,15887.524,8458.700,0,1276.410,0,117.302,6059,6640,2.280,2.370,1.950,5,0,6.959,0,0,24,120,0,29,0
04-08 11:31:42,29.788,20.026,48.813,0.250,0,4317416,7837876,386040,3706724,687.882,148.190,0,1049.345,0,68.087,4716,4077,2.280,2.370,1.950,3,0,71.091,0,0,24,119,0,28,0
04-08 11:31:43,15.994,12.745,69.473,0,0,4319388,7835860,386064,3706728,44783.452,24268.490,0,371.854,0,17.993,3127,2761,2.280,2.370,1.950,1,0,41.984,0,0,24,119,0,28,0
04-08 11:31:44,23.756,5.752,69.269,0,0,4338768,7816308,386220,3706736,30209.119,14823.984,0,2248.604,0,121.033,2856,2779,2.280,2.370,1.950,1,0,2.001,0,0,24,119,0,28,0
04-08 11:31:45,22.778,7.760,67.833,0,0,4355260,7799764,386264,3706740,29627.386,15619.182,0,4641.701,0,653.803,4353,3558,2.280,2.370,1.950,1,0,1.001,0,0,24,119,0,28,0
04-08 11:31:46,24.992,6.929,65.327,0,0,4353644,7801340,386292,3706748,14704.498,7381.943,0,411.758,0,18.806,3670,3805,2.260,2.370,1.950,1,0,0.990,0,0,24,122,0,28,0
04-08 11:31:47,23.193,7.815,68.824,0,0,4350068,7804892,386420,3706640,15040.454,7833.339,0,544.542,0,69.580,3568,4110,2.260,2.370,1.950,4,0,2.017,0,0,24,122,0,28,0
04-08 11:31:48,21.531,12.518,63.091,0,0,4352408,7802372,386588,3706652,15265.074,7631.035,0,3581.179,0,162.235,3905,4144,2.260,2.370,1.950,1,0,6.009,0,0,24,122,0,28,0
04-08 11:31:49,29.957,11.234,56.668,0.250,0,4360424,7794056,386740,3706788,15474.553,7351.336,0,750.911,0,82.880,4704,5078,2.260,2.370,1.950,2,0,3.994,0,0,24,121,0,28,0
04-08 11:31:50,31.908,22.934,43.125,0,0,4367764,7786692,386752,3706800,299.135,0,0,231.331,0,12.962,4490,2975,2.260,2.370,1.950,2,0,96.720,0,0,24,121,0,28,0
04-08 11:31:51,44.713,13.565,40.945,0.251,0,4419536,7734884,386784,3706804,41353.716,449662.008,0,333.587,0,23.110,4180,3099,2.320,2.380,1.960,3,0,0,0,0,24,121,0,28,0
04-08 11:31:52,43.708,9.990,44.957,0,0,4476128,7678172,386888,3706816,47156.715,165235.324,0,1478.580,0,76.926,4232,3418,2.320,2.380,1.960,1,0,0.999,0,0,24,121,0,28,0
04-08 11:31:53,25.880,7.465,64.699,0,0,4474336,7679936,386908,3706824,15084.929,7262.266,0,131.390,0,12.940,3576,3666,2.320,2.380,1.960,2,0,3.982,0,0,24,125,0,28,0
04-08 11:31:54,18.578,11.800,69.041,0,0,4434036,7720220,386908,3706836,30455.567,19409.938,0,16.068,0,4.017,3365,2687,2.320,2.380,1.960,1,0,55.233,0,0,24,123,0,29,0
04-08 11:31:55,21.218,7.489,69.646,0,0,4434016,7720220,386916,3706840,44140.771,21855.208,0,619.071,0,68.897,2639,2296,2.320,2.380,1.960,1,0,0.999,0,0,24,123,0,29,0
04-08 11:31:56,23.049,5.762,69.899,0,0,4466612,7687488,386916,3706976,29924.960,14785.602,0,0,0,0,2949,2828,2.210,2.360,1.950,2,0,2.004,0,0,24,123,0,29,0
04-08 11:31:57,24.456,5.740,68.377,0,0,4466612,7687488,386916,3706976,15274.418,7430.582,0,35.935,0,2.995,3143,3051,2.210,2.360,1.950,2,0,0,0,0,24,125,0,30,0
04-08 11:31:58,19.553,9.777,68.938,0,0,4427504,7726576,386916,3706996,14836.400,7478.364,0,0,0,0,3196,2697,2.210,2.360,1.950,1,0,45.123,0,0,24,123,0,29,0
04-08 11:31:59,19.996,8.998,69.486,0,0,4449316,7704740,386960,3706976,44858.159,26742.729,0,359.929,0,31.994,2880,2841,2.210,2.360,1.950,1,0,7.998,0,0,24,123,0,29,0
04-08 11:32:00,23.913,5.286,70.229,0,0,4484868,7669128,386988,3707004,30470.656,15247.914,0,201.372,0,20.137,2768,2673,2.210,2.360,1.950,1,0,0,0,0,24,124,0,29,0
04-08 11:32:01,22.091,5.957,69.004,0,0,4480556,7673416,387020,3706980,29677.792,14553.447,0,174.745,0,15.886,3612,3923,2.110,2.330,1.950,3,0,0,0,0,24,125,0,29,0
04-08 11:32:02,26.711,7.489,63.908,0,0,4478260,7675520,387132,3707056,16402.357,8784.338,0,579.165,0,61.911,3856,4319,2.110,2.330,1.950,2,0,1.997,0,0,24,124,0,14,0
04-08 11:32:03,15.260,15.260,67.794,0,0,4432284,7721444,387184,3707056,15405.079,7300.777,0,464.304,0,38.025,3862,3293,2.110,2.330,1.950,3,0,82.054,0,0,24,123,0,14,0
04-08 11:32:04,21.640,6.794,70.958,0,0,4445712,7708000,387200,3707056,45551.963,23386.924,0,177.143,0,8.052,2506,2311,2.110,2.330,1.950,1,0,0,0,0,24,123,0,14,0
04-08 11:32:05,23.356,5.218,69.571,0,0,4486528,7667124,387260,3707056,29588.613,14729.208,0,918.339,0,47.706,2603,2330,2.110,2.330,1.950,1,0,2.982,0,0,24,123,0,14,0
04-08 11:32:06,23.522,6.756,67.814,0,0,4486492,7667100,387276,3707096,29680.009,14605.784,0,148.140,0,13.012,3363,3504,2.020,2.310,1.940,2,0,0,0,0,24,125,0,14,0
04-08 11:32:07,28.416,3.739,66.303,0,0,4486476,7667100,387280,3707108,15211.892,7876.644,0,83.752,0,5.982,3289,3162,2.020,2.310,1.940,1,0,0.997,0,0,24,125,0,14,0
04-08 11:32:08,18.034,15.779,65.372,0,0,4411096,7742468,387280,3707120,49136.800,621781.649,0,16.030,0,1.002,4365,3243,2.020,2.310,1.940,1,0,57.107,0,0,24,125,0,14,0
04-08 11:32:09,23.012,5.503,70.287,0,0,4458404,7695152,387288,3707120,29786.771,14893.886,0,64.034,0,3.002,2389,2155,2.020,2.310,1.940,1,0,0,0,0,24,125,0,14,0
04-08 11:32:10,23.760,5.752,70.279,0,0,4472888,7680664,387288,3707124,30056.600,14598.119,0,0,0,0,2852,2818,2.020,2.310,1.940,1,0,0,0,0,24,125,0,12,0
04-08 11:32:11,24.104,7.703,65.355,0,0,4472360,7680900,387512,3707184,29413.172,14569.912,0,898.567,0,124.249,4911,6067,1.860,2.270,1.930,2,0,1.988,0,0,24,126,0,12,0
04-08 11:32:12,24.341,12.296,59.974,0.502,0,4489852,7663008,387832,3707256,15315.225,7471.919,0,2063.711,0,224.840,5494,7250,1.860,2.270,1.930,3,0,2.008,0,0,24,126,0,12,0
04-08 11:32:13,29.450,17.116,51.600,0.252,0,4430580,7721956,387976,3707416,17524.760,10032.990,0,1369.279,0,100.682,5388,5249,1.860,2.270,1.930,1,0,53.362,0,0,24,125,0,12,0
04-08 11:32:14,21.027,8.261,70.091,0,0,4444928,7707532,388036,3707428,44129.396,22240.927,0,616.802,0,36.047,2751,2635,1.860,2.270,1.930,2,0,2.003,0,0,24,125,0,12,0
04-08 11:32:15,24.113,5.718,68.363,0,0,4474612,7677824,388088,3707400,30223.840,14509.830,0,493.207,0,33.809,3311,3404,1.860,2.270,1.930,2,0,0.994,0,0,24,125,0,12,0
04-08 11:32:16,23.973,6.493,68.174,0,0,4474540,7677804,388116,3707444,15241.031,7287.886,0,3224.410,0,509.433,4202,3665,1.790,2.250,1.920,4,0,0,0,0,24,126,0,12,0
04-08 11:32:17,21.011,8.754,68.535,0,0,4474424,7677804,388208,3707464,15042.599,7447.762,0,732.370,0,59.030,3735,4426,1.790,2.250,1.920,1,0,2.001,0,0,24,126,0,12,0
04-08 11:32:18,24.423,10.716,61.804,0.249,0,4475292,7676544,388572,3707484,14928.739,7314.843,0,4864.600,0,293.072,5070,6256,1.790,2.250,1.920,1,0,0,0,0,24,126,0,8,0
04-08 11:32:19,20.923,11.848,65.795,0,0,4477900,7673772,388708,3707508,15507.532,7356.977,0,717.951,0,66.552,4320,5204,1.790,2.250,1.920,2,0,0,0,0,24,126,0,8,0
04-08 11:32:20,42.875,14.126,40.892,0,0,4442484,7709052,388800,3707548,14846.046,7553.878,0,606.689,0,60.471,6392,6796,1.790,2.250,1.920,3,0,57.497,0,0,24,125,0,8,0
04-08 11:32:21,39.529,13.760,44.533,0,0,4470828,7680508,388964,3707580,419.307,0,0,920.674,0,105.077,5432,5794,1.970,2.280,1.930,2,0,23.017,0,0,24,126,0,9,0
04-08 11:32:22,23.771,4.754,70.312,0,0,4510092,7641248,388988,3707556,45117.694,23979.096,0,392.345,0,19.017,2500,2235,1.970,2.280,1.930,3,0,0,0,0,24,126,0,8,0
04-08 11:32:23,23.766,5.754,69.045,0,0,4512896,7638372,389024,3707588,29850.569,14895.765,0,372.244,0,23.015,3080,3013,1.970,2.280,1.930,2,0,2.001,0,0,24,126,0,8,0
04-08 11:32:24,25.715,8.239,63.912,0,0,4508104,7642156,389248,3708368,33814.342,18263.799,0,934.710,0,101.859,5051,6095,1.970,2.280,1.930,1,0,0,0,0,24,127,0,8,0
04-08 11:32:25,16.229,14.731,66.914,0.250,0,4434580,7715480,389368,3708420,14939.878,7448.466,0,834.931,0,61.921,4156,3698,1.970,2.280,1.930,3,0,89.885,0,0,24,126,0,8,0
04-08 11:32:26,15.402,16.665,67.163,0.252,0,4454756,7695216,389440,3708432,45006.484,25679.612,0,601.945,0,37.369,3657,3285,1.890,2.260,1.930,1,0,60.598,0,0,24,126,0,8,0
04-08 11:32:27,24.362,6.463,67.369,0,0,4492024,7657932,389480,3708392,45981.028,595345.981,0,417.639,0,25.854,3134,2400,1.890,2.260,1.930,1,0,0.994,0,0,24,126,0,9,0
04-08 11:32:28,23.012,6.253,69.536,0,0,4492660,7657108,389700,3708360,33088.961,14731.551,0,2745.407,0,142.073,3171,3334,1.890,2.260,1.930,1,0,0,0,0,24,126,0,9,0
04-08 11:32:29,35.398,14.708,46.865,0,0,4511532,7637964,389744,3712032,15273.124,7436.636,0,327.060,0,31.908,5693,16495,1.890,2.260,1.930,5,0,37.891,0,0,25,127,0,11,0
04-08 11:32:30,21.772,9.760,66.566,0,0,4501952,7647428,389828,3708596,14990.851,7303.235,0,512.508,0,60.059,4434,5377,1.890,2.260,1.930,1,0,0,0,0,24,127,0,11,0
04-08 11:32:31,24.251,9.251,64.254,0.250,0,4499364,7649836,389972,3708628,15155.851,7296.410,0,1100.062,0,135.008,5459,6944,1.820,2.240,1.920,4,0,0,0,0,24,127,0,9,0
04-08 11:32:32,18.930,9.465,69.245,0,0,4498648,7650420,389972,3708760,358.678,147.456,0,294.913,0,12.952,3293,3575,1.820,2.240,1.920,1,0,1.993,0,0,24,127,0,9,0
04-08 11:32:33,37.160,18.705,42.398,0,0,4498724,7650168,390056,3708844,15118.454,7278.406,0,730.235,0,67.836,7458,9310,1.820,2.240,1.920,2,0,0.998,0,0,24,127,0,9,0
04-08 11:32:34,39.763,17.868,40.267,0,0,4415816,7732836,390264,3708872,30797.935,17203.919,0,4236.050,0,263.746,6573,6677,1.820,2.240,1.920,3,0,72.480,0,0,24,126,0,9,0
04-08 11:32:35,33.750,24.500,39.249,0,0,4404868,7743712,390332,3708868,62204.201,35536.543,0,939.988,0,79.999,7169,7144,1.820,2.240,1.920,4,0,123.998,0,0,24,126,0,9,0
04-08 11:32:36,18.981,22.228,55.445,0,0,4418072,7730388,390380,3708924,44859.413,25242.911,0,3952.072,0,573.430,5448,4457,1.910,2.250,1.930,1,0,92.908,0,0,24,126,0,9,0
04-08 11:32:37,23.033,5.508,70.099,0,0,4461920,7686540,390388,3708916,46516.887,24034.042,0,328.465,0,15.021,2614,2364,1.910,2.250,1.930,1,0,2.003,0,0,24,126,0,9,0
04-08 11:32:38,23.119,5.966,69.108,0,0,4484332,7664112,390408,3708912,15575.617,7575.016,0,326.149,0,19.887,3014,2973,1.910,2.250,1.930,1,0,1.989,0,0,24,126,0,9,0
04-08 11:32:39,23.136,6.287,69.407,0,0,4484304,7664112,390412,3708936,29946.414,14834.897,0,337.980,0,15.088,3561,3755,1.910,2.250,1.930,2,0,0,0,0,24,126,0,7,0
04-08 11:32:40,13.480,17.723,67.648,0,0,4450072,7698328,390432,3708932,30466.168,16690.891,0,267.597,0,13.979,3830,2992,1.910,2.250,1.930,3,0,95.856,0,0,24,126,0,7,0
04-08 11:32:41,7.008,23.025,67.323,0,0,4441700,7706680,390436,3708944,45634.196,25819.835,0,272.294,0,15.016,4661,3524,1.760,2.210,1.920,2,0,133.144,0,0,24,126,0,7,0
04-08 11:32:42,8.497,23.242,65.978,0,0,4435512,7712820,390472,3708956,70924.716,471087.344,0,903.703,0,46.985,4913,3745,1.760,2.210,1.920,4,0,136.955,0,0,24,126,0,7,0
04-08 11:32:43,16.977,30.709,50.683,0,0,4441928,7706372,390488,3708964,63766.137,156985.078,0,243.676,0,16.977,4983,3685,1.760,2.210,1.920,2,0,113.848,0,0,24,126,0,6,0
04-08 11:32:44,8.557,24.917,64.684,0,0,4439020,7709208,390540,3708984,45716.652,23936.558,0,869.835,0,59.398,5043,4125,1.760,2.210,1.920,2,0,124.837,0,0,24,126,0,6,0
04-08 11:32:45,16.683,25.647,54.780,0,0,4416008,7732168,390580,3709480,59555.856,30611.083,0,322.704,0,28.884,5875,6739,1.760,2.210,1.920,1,0,114.540,0,0,24,126,0,6,0
04-08 11:32:46,21.746,25.496,50.741,0,0,4404804,7743304,390588,3709500,46124.038,24610.751,0,147.974,0,7.999,6184,7101,1.700,2.190,1.910,1,0,77.987,0,0,24,126,0,6,0
04-08 11:32:47,22.930,22.183,53.338,0,0,4433848,7714216,390596,3709012,45407.334,23620.387,0,167.492,0,6.979,5054,3294,1.700,2.190,1.910,2,0,75.770,0,0,24,126,0,6,0
04-08 11:32:48,30.119,28.613,40.409,0,0,4480200,7667856,390596,3709020,60875.621,33198.678,0,84.332,0,7.028,5177,3361,1.700,2.190,1.910,6,0,124.490,0,0,24,126,0,6,0
04-08 11:32:49,28.639,28.141,41.090,0,0,4516672,7631364,390604,3709032,60505.958,33412.207,0,71.721,0,4.981,5127,3328,1.700,2.190,1.910,4,0,121.528,0,0,24,126,0,6,0
04-08 11:32:50,30.589,27.107,39.542,0,0,4519532,7628172,390620,3709304,45257.922,23764.985,0,167.121,0,4.974,5495,4419,1.700,2.190,1.910,4,0,109.424,0,0,24,128,0,7,0
04-08 11:32:51,20.029,25.537,52.075,0,0,4523068,7624612,390628,3709316,73659.189,595903.071,0,136.196,0,9.013,5495,4286,1.800,2.210,1.920,3,0,117.169,0,0,24,132,0,7,0
04-08 11:32:52,29.153,34.223,35.744,0,0,4548340,7596328,390628,3712268,45594.761,23357.124,0,6485.724,0,776.746,8864,8802,1.800,2.210,1.920,5,0,127.768,0,0,24,134,0,7,0
04-08 11:32:53,13.905,25.575,57.853,0.248,0,4576568,7567976,390692,3712716,59894.260,31605.259,0,897.843,0,45.687,5517,5479,1.800,2.210,1.920,3,0,112.230,0,0,24,138,0,7,0
04-08 11:32:54,18.937,23.671,55.316,0,0,4590888,7553656,390708,3712324,44348.358,22411.389,0,163.456,0,12.957,4873,6116,1.800,2.210,1.920,5,0,76.745,0,0,24,138,0,7,0
04-08 11:32:55,21.678,23.695,54.196,0,0,4592848,7551624,390736,3712332,45245.218,23414.625,0,161.327,0,16.133,6299,6457,1.800,2.210,1.920,2,0,83.688,0,0,24,138,0,6,0
04-08 11:32:56,43.269,28.100,27.105,0,0,4660328,7484108,390772,3712776,60385.071,34869.524,0,270.553,0,22.878,5394,3540,1.900,2.220,1.930,3,0,111.404,0,0,26,138,0,6,0
04-08 11:32:57,49.784,32.942,15.604,0,0,4737140,7407256,390772,3712812,60388.003,31492.354,0,3.963,0,0.991,5631,3574,1.900,2.220,1.930,8,0,144.647,0,0,26,138,0,7,0
04-08 11:32:58,51.611,28.449,19.637,0,0,4795788,7348540,390820,3712832,47363.001,27085.288,0,414.900,0,29.204,5715,3902,1.900,2.220,1.930,4,0,132.929,0,0,26,138,0,7,0
04-08 11:32:59,54.822,28.788,15.270,0,0,4827936,7315584,390872,3713584,70549.910,462066.513,0,356.469,0,31.041,6918,6740,1.900,2.220,1.930,8,0,148.195,0,0,26,154,0,6,0
04-08 11:33:00,15.994,25.740,55.229,0,0,4831188,7311048,390916,3714776,58933.351,145248.180,0,383.852,0,27.989,5154,5083,1.900,2.220,1.930,2,0,129.950,0,0,26,156,0,6,0
04-08 11:33:01,16.238,25.231,56.458,0,0,4830136,7312056,390952,3714780,49445.807,25260.999,0,695.477,0,99.925,4915,3576,1.830,2.200,1.920,1,0,115.913,0,0,26,160,0,6,0
04-08 11:33:02,14.270,28.040,55.830,0,0,4827880,7314256,390972,3715284,59849.704,30808.117,0,284.407,0,15.022,5518,6390,1.830,2.200,1.920,1,0,131.188,0,0,26,160,0,6,0
04-08 11:33:03,19.720,22.217,56.415,0,0,4830920,7311124,391012,3715288,44727.615,22763.705,0,451.320,0,29.955,5607,6539,1.830,2.200,1.920,1,0,79.880,0,0,26,160,0,6,0
04-08 11:33:04,24.400,24.649,48.552,0,0,4865560,7276376,391036,3714812,45757.066,24376.413,0,191.219,0,12.947,5565,3789,1.830,2.200,1.920,2,0,95.609,0,0,26,160,0,6,0
04-08 11:33:05,29.675,29.675,39.483,0,0,4911336,7230572,391040,3714836,61749.733,33186.017,0,64.380,0,3.018,8820,3457,1.830,2.200,1.920,2,0,122.725,0,0,26,160,0,6,0
04-08 11:33:06,27.743,27.993,42.990,0,0,4946560,7195304,391040,3714880,60781.164,33435.839,0,3.999,0,1.000,5131,3406,1.840,2.200,1.920,2,0,127.969,0,0,26,160,0,6,0
04-08 11:33:07,13.491,25.983,57.463,0,0,4956300,7185476,391068,3714928,60536.432,32815.093,0,403.743,0,13.991,5062,3828,1.840,2.200,1.920,3,0,144.908,0,0,27,162,0,6,0
04-08 11:33:08,18.744,27.492,52.234,0,0,4957236,7184496,391096,3714944,62451.320,591488.075,0,10984.714,0,1089.674,7553,4196,1.840,2.200,1.920,3,0,134.960,0,0,27,166,0,6,0
04-08 11:33:09,29.546,23.787,44.069,0,0,4953252,7188432,391128,3714960,60796.131,34181.486,0,348.545,0,30.047,5260,3997,1.840,2.200,1.920,2,0,142.223,0,0,27,182,0,6,0
04-08 11:33:10,9.248,22.995,65.735,0,0,4956988,7184672,391144,3714968,60356.590,31449.013,0,1963.564,0,16.996,4549,3451,1.840,2.200,1.920,2,0,107.976,0,0,27,182,0,6,0
04-08 11:33:11,8.248,25.494,64.486,0,0,4957660,7183996,391144,3714972,45710.792,23590.732,0,63.986,0,6.998,4692,3557,1.770,2.180,1.920,5,0,127.971,0,0,27,182,0,6,0
04-08 11:33:12,11.275,26.809,60.131,0,0,4964476,7177172,391144,3715372,60648.599,32013.994,0,16.035,0,4.009,5627,5637,1.770,2.180,1.920,6,0,145.318,0,0,27,182,0,6,0
04-08 11:33:13,26.898,27.400,45.248,0,0,5039668,7101928,391168,3715380,44982.026,22853.504,0,317.745,0,19.105,5613,6180,1.770,2.180,1.920,4,0,71.392,0,0,27,182,0,6,0
04-08 11:33:14,19.506,20.741,56.543,0,0,5030504,7111056,391192,3714996,45882.228,23340.124,0,244.937,0,19.753,4729,3900,1.770,2.180,1.920,2,0,65.185,0,0,27,182,0,6,0
04-08 11:33:15,26.523,28.274,43.537,0,0,5055048,7086492,391200,3715004,60627.149,34089.322,0,276.238,0,20.017,5341,3762,1.770,2.180,1.920,2,0,122.105,0,0,27,182,0,6,0
04-08 11:33:16,28.859,27.103,42.912,0,0,5098924,7042596,391208,3715016,55217.090,458197.048,0,136.517,0,8.030,5280,3713,1.870,2.190,1.920,3,0,127.483,0,0,27,182,0,6,0
04-08 11:33:17,29.115,26.378,41.060,0,0,5105304,7035940,391228,3715240,62758.524,151309.668,0,334.452,0,12.940,5557,4201,1.870,2.190,1.920,2,0,113.475,0,0,27,182,0,6,0
04-08 11:33:18,22.225,25.721,49.444,0,0,5112704,7028384,391240,3715384,45117.277,23547.527,0,207.766,0,15.982,5102,3980,1.870,2.190,1.920,1,0,123.861,0,0,27,188,0,6,0
04-08 11:33:19,25.711,29.834,39.779,0,0,5111828,7027780,391240,3716872,60107.619,31686.193,62.094,11.643,0.970,2.911,6322,7390,1.870,2.190,1.920,8,0,117.396,0,0,27,188,0,6,0
04-08 11:33:20,30.092,30.351,42.544,0,0,5147656,6989720,391284,3718984,62041.047,32374.655,0,813.517,0,39.431,6518,9292,1.870,2.190,1.920,2,0,114.141,0,0,27,194,0,6,0
04-08 11:33:21,18.400,24.616,53.957,0.249,0,5149264,6988028,391284,3718996,44773.633,22947.270,0,107.416,0,5.968,5497,6189,2.120,2.240,1.940,1,0,81.557,0,0,27,194,0,6,0
04-08 11:33:22,24.354,27.869,46.449,0,0,5179656,6957548,391304,3719000,46061.330,25641.852,0,204.878,0,16.069,5679,3748,2.120,2.240,1.940,4,0,110.473,0,0,27,194,0,6,0
04-08 11:33:23,27.504,30.504,40.255,0,0,5225696,6911460,391340,3719012,61112.928,36644.754,0,512.066,0,34.004,5523,3904,2.120,2.240,1.940,3,0,147.019,0,0,27,194,0,6,0
04-08 11:33:24,28.238,27.238,42.231,0.250,0,5249228,6887896,391352,3719028,45412.069,24449.270,0,143.937,0,11.995,5668,4295,2.120,2.240,1.940,4,0,138.939,0,0,27,196,0,6,0
04-08 11:33:25,36.286,36.035,26.025,0,0,5285792,6847856,391412,3722404,69709.300,461960.622,0,684.671,0,45.044,8229,9537,2.120,2.240,1.940,3,0,153.150,0,0,27,200,0,6,0
04-08 11:33:26,7.729,26.429,63.578,0,0,5275984,6857636,391424,3722420,63885.182,156710.079,0,159.568,0,11.968,5030,3768,2.030,2.220,1.930,1,0,150.593,0,0,27,200,0,6,0
04-08 11:33:27,7.507,26.274,63.057,0,0,5277592,6855872,391556,3722424,47053.618,24089.819,0,2109.911,0,109.099,4944,3864,2.030,2.220,1.930,1,0,147.133,0,0,27,200,0,7,0
04-08 11:33:28,16.745,26.993,53.735,0,0,5274616,6858836,391596,3722396,60499.249,32676.953,0,1319.635,0,139.961,5215,3762,2.030,2.220,1.930,1,0,141.961,0,0,27,206,0,6,0
04-08 11:33:29,7.748,23.993,65.232,0,0,5281300,6852040,391648,3722436,57829.324,32539.180,0,647.824,0,48.987,4980,4089,2.030,2.220,1.930,1,0,124.966,0,0,27,206,0,6,0
04-08 11:33:30,22.021,31.781,44.043,0,0,5285996,6847304,391664,3722460,51792.089,29097.140,0,212.205,0,26.025,6046,14104,2.030,2.220,1.930,2,0,161.156,0,0,27,206,0,7,0
04-08 11:33:31,8.008,25.525,64.564,0,0,5281128,6852172,391664,3722464,60226.853,31519.323,0,168.167,0,10.010,4714,3434,1.950,2.190,1.930,4,0,120.119,0,0,27,206,0,7,0
04-08 11:33:32,7.233,25.192,64.351,0,0,5284904,6848392,391664,3722468,44859.923,23130.337,0,427.009,0,82.808,4643,3349,1.950,2.190,1.930,1,0,119.722,0,0,27,206,0,5,0
04-08 11:33:33,11.277,24.057,62.898,0,0,5291120,6842116,391704,3722876,71753.921,479923.823,0,817.926,0,45.106,5784,5541,1.950,2.190,1.930,2,0,98.231,0,0,27,206,0,5,0
04-08 11:33:34,17.947,23.681,56.584,0,0,5271408,6861816,391708,3722596,47237.371,137394.784,0,123.637,0,6.980,4767,5074,1.950,2.190,1.930,2,0,83.754,0,0,27,206,0,5,0
04-08 11:33:35,28.833,26.576,43.124,0,0,5306380,6826800,391724,3722496,45252.130,22679.218,0,208.600,0,22.063,6300,7269,1.950,2.190,1.930,4,0,89.257,0,0,27,212,0,5,0
04-08 11:33:36,28.240,27.491,42.485,0,0,5349176,6783968,391724,3722508,60659.178,33160.617,0,11.996,0,2.999,5198,3360,1.950,2.190,1.930,3,0,110.962,0,0,27,212,0,5,0
04-08 11:33:37,44.482,9.996,45.231,0,0,5403100,6730040,391724,3722512,60322.290,31363.153,0,91.962,0,1.999,3537,2328,1.950,2.190,1.930,2,0,2.999,0,0,27,212,0,5,0
04-08 11:33:38,45.682,15.976,36.446,0.499,0,5452992,6678884,391724,3723768,46933.573,22995.983,23.965,16339.829,5.991,1735.433,7470,3884,1.950,2.190,1.930,4,0,2.996,0,0,27,212,0,5,0
04-08 11:33:39,40.456,13.485,45.200,0,0,5545476,6585644,391732,3724480,30024.011,14707.840,0,183.798,0,3.996,3896,3171,1.950,2.190,1.930,2,0,6.992,0,0,27,216,0,5,0
04-08 11:33:40,40.161,13.969,44.153,0,0,5570680,6560260,391788,3724564,14883.203,7441.602,0,423.068,0,40.910,4749,4274,1.950,2.190,1.930,3,0,41.908,0,0,27,218,0,5,0
04-08 11:33:41,23.995,34.493,38.992,1.000,0,5446980,6683068,392076,3725132,47281.867,26725.838,787.848,2983.424,28.994,13.997,5281,3718,1.960,2.190,1.930,3,1,101.980,0,0,27,216,0,5,0
04-08 11:33:42,34.015,55.061,5.384,1.468,0,5476124,6647508,392236,3731040,59850.209,31444.779,2388.409,7.831,140.955,1.958,7953,11666,1.960,2.190,1.930,5,0,168.363,0,0,27,216,0,5,0
04-08 11:33:43,41.668,34.138,22.340,0.251,0,5537624,6585040,392288,3731828,46036.472,25432.462,104.421,690.783,4.016,50.202,7534,8324,1.960,2.190,1.930,5,0,124.502,0,0,27,217,0,5,0
04-08 11:33:44,50.556,33.016,18.314,0,0,5570768,6551828,392336,3731852,76793.891,618847.541,0,466.355,0,39.207,6944,6431,1.960,2.190,1.930,3,0,121.748,0,0,27,222,0,5,0
04-08 11:33:45,46.145,29.858,21.222,0,0,5572028,6550348,392464,3731916,44499.404,22781.231,3.948,2124.143,0.987,121.408,7434,7717,1.960,2.190,1.930,5,0,115.485,0,0,27,221,0,5,0
04-08 11:33:46,30.157,33.172,34.931,0.251,0,5572228,6549832,392668,3731988,61133.356,31700.564,0,1298.742,0,170.887,6299,6350,2.360,2.270,1.960,2,0,124.647,0,0,27,222,0,5,0
04-08 11:33:47,28.788,27.786,41.304,0,0,5593452,6528456,392684,3732124,60452.272,30560.074,0,368.483,0,19.025,5364,3967,2.360,2.270,1.960,2,0,124.163,0,0,27,223,0,5,0
04-08 11:33:48,32.158,31.660,34.402,0.249,0,5592724,6529072,392772,3732612,45021.800,23742.393,0,1946.457,0,96.725,6854,7763,2.360,2.270,1.960,2,0,136.611,0,0,27,224,0,5,0
04-08 11:33:49,38.589,31.573,28.566,0,0,5571716,6549952,392828,3732660,46556.496,22892.858,0,368.852,0,34.079,6783,7080,2.360,2.270,1.960,2,0,96.222,0,0,27,222,0,5,0
04-08 11:33:50,46.146,26.191,26.939,0,0,5582760,6538876,392848,3732600,45647.478,22607.225,0,271.390,0,18.957,5324,3699,2.360,2.270,1.960,4,0,75.830,0,0,27,222,0,5,0
04-08 11:33:51,64.446,18.306,16.550,0,0,5655900,6465628,392904,3732656,60533.697,33000.143,8.024,698.119,1.003,41.125,5494,4367,2.410,2.280,1.960,4,0,58.177,0,0,27,223,0,5,0
04-08 11:33:52,61.333,16.750,18.720,0.739,0,5733260,6387508,392908,3733404,30643.936,15775.193,717.278,102.468,6.897,7.882,6220,5579,2.410,2.280,1.960,4,0,3.941,0,0,27,229,0,6,0
04-08 11:33:53,61.245,17.427,19.917,0.249,0,5740772,6378824,393048,3734412,38771.704,442772.005,0,1708.891,0,121.495,5753,4879,2.410,2.280,1.960,6,0,7.967,0,0,27,227,0,5,0
04-08 11:33:54,56.512,16.037,27.492,0,0,5773040,6345312,393056,3735328,17613.360,130256.185,0,769.783,0,26.474,5456,4523,2.410,2.280,1.960,3,0,52.948,0,0,27,226,0,12,0
04-08 11:33:55,27.252,28.752,41.503,0,0,5799368,6318920,393104,3735344,30589.461,17863.437,0,9448.760,0,893.072,7703,4426,2.410,2.280,1.960,2,0,128.010,0,0,27,226,0,12,0
04-08 11:33:56,27.997,26.997,42.496,0,0,5801896,6316312,393144,3735368,60810.219,34384.731,0,375.964,0,37.996,6270,5779,2.460,2.290,1.970,2,0,124.988,0,0,27,226,0,12,0
04-08 11:33:57,25.438,31.174,41.399,0,0,5782996,6335188,393152,3735380,60259.678,31425.172,0,211.483,0,11.971,5222,3944,2.460,2.290,1.970,2,0,126.690,0,0,27,226,0,13,0
04-08 11:33:58,29.072,27.819,42.104,0,0,5826520,6291512,393168,3735512,45725.012,23935.157,0,228.565,0,14.035,5004,3471,2.460,2.290,1.970,3,0,118.292,0,0,27,226,0,13,0
04-08 11:33:59,32.627,30.385,35.117,0,0,5820228,6297728,393212,3736032,59659.418,31455.063,0,816.911,0,46.823,6919,8041,2.460,2.290,1.970,2,0,137.480,0,0,27,228,0,15,0
04-08 11:34:00,38.869,27.334,32.600,0,0,5755204,6362576,393308,3736000,44752.939,23110.716,0,666.038,0,70.215,7123,7993,2.460,2.290,1.970,2,0,91.279,0,0,27,226,0,15,0
04-08 11:34:01,42.172,26.010,31.818,0,0,5776632,6341132,393316,3735548,45720.021,24656.468,0,177.777,0,8.081,5457,3804,2.420,2.290,1.970,3,0,76.767,0,0,27,226,0,14,0
04-08 11:34:02,45.859,29.183,21.581,0,0,5848400,6269320,393332,3735556,59480.366,33483.455,0,290.359,0,16.676,6028,4484,2.420,2.290,1.970,4,0,131.446,0,0,27,226,0,15,0
04-08 11:34:03,47.060,33.471,18.623,0,0,5869032,6248484,393484,3735584,75071.580,591608.585,0,4388.915,0,306.016,7336,6483,2.420,2.290,1.970,6,0,133.882,0,0,27,227,0,15,0
04-08 11:34:04,49.200,31.086,17.134,0,0,5866104,6250964,393564,3735900,44893.708,23375.041,0,967.351,0,98.889,6306,5212,2.420,2.290,1.970,7,0,149.802,0,0,27,232,0,18,0
04-08 11:34:05,40.126,30.158,29.903,0,0,5911748,6204348,393584,3736828,62233.475,32325.626,0,294.427,0,15.335,6438,7153,2.420,2.290,1.970,3,0,116.544,0,0,27,234,0,18,0
04-08 11:34:06,35.058,31.552,31.552,0,0,5923568,6192340,393596,3737508,59858.672,30999.100,0,464.766,0,11.018,6328,7308,2.470,2.300,1.970,5,0,121.200,0,0,27,236,0,18,0
04-08 11:34:07,39.542,25.777,33.035,0,0,5912132,6203744,393608,3737516,30718.685,15674.678,0,188.200,0,8.009,6658,7541,2.470,2.300,1.970,4,0,92.098,0,0,27,234,0,18,0
04-08 11:34:08,39.354,28.395,30.885,0,0,5919628,6196240,393612,3737016,45381.614,23881.390,0,227.157,0,8.967,5487,3696,2.470,2.300,1.970,6,0,69.741,0,0,27,234,0,18,0
04-08 11:34:09,48.185,29.959,20.472,0,0,5967412,6148396,393636,3737048,60792.465,34583.048,0,415.436,0,22.969,5827,4280,2.470,2.300,1.970,4,0,122.833,0,0,27,234,0,19,0
04-08 11:34:10,46.454,31.469,20.979,0,0,5991888,6123768,393684,3737144,60647.715,34319.885,0,7140.902,0,855.150,8102,5900,2.470,2.300,1.970,4,0,130.870,0,0,27,235,0,20,0
04-08 11:34:11,38.156,32.383,28.115,0,0,5939516,6174816,393716,3738400,45625.689,23715.036,0,722.958,0,51.210,6676,7680,2.910,2.390,2.010,2,0,140.575,0,0,27,240,0,21,0
04-08 11:34:12,28.830,28.329,41.114,0,0,5986000,6127736,393720,3738992,74534.973,593684.574,0,2382.616,0,20.056,5525,3709,2.910,2.390,2.010,2,0,121.337,0,0,27,240,0,21,0
04-08 11:34:13,32.730,31.231,33.730,0,0,6005936,6107608,393756,3739640,59723.125,30849.469,0,859.484,0,50.969,6579,7591,2.910,2.390,2.010,2,0,136.918,0,0,27,242,0,21,0
04-08 11:34:14,46.560,32.119,20.417,0,0,6054940,6058312,393816,3739780,45803.544,23869.831,0,593.584,0,43.822,7784,9535,2.910,2.390,2.010,2,0,93.619,0,0,27,240,0,21,0
04-08 11:34:15,41.481,24.489,32.735,0,0,6090616,6022620,393832,3739308,45122.837,23535.483,0,267.880,0,25.988,5421,4013,2.910,2.390,2.010,3,0,60.973,0,0,27,242,0,21,0
04-08 11:34:16,49.694,29.867,19.326,0,0,6131108,5982068,393840,3739324,60813.882,33057.308,0,188.738,0,9.035,5815,4182,2.920,2.400,2.010,5,0,116.456,0,0,27,242,0,21,0
04-08 11:34:17,60.977,16.924,21.902,0.249,0,6158908,5954012,393888,3739532,44337.714,22017.534,0,800.420,0,49.777,5113,4458,2.920,2.400,2.010,3,0,2.987,0,0,27,242,0,22,0
04-08 11:34:18,61.824,14.906,20.038,0,0,6151244,5961124,393956,3739968,28924.727,14759.509,0,441.808,0,26.391,5370,4133,2.920,2.400,2.010,8,0,6.842,0,0,27,243,0,27,0
04-08 11:34:19,49.622,12.084,39.595,0,0,6195800,5916016,393984,3740476,15712.480,7647.467,0,275.621,0,23.654,5582,6032,2.920,2.400,2.010,2,0,0,0,0,27,248,1,28,0
04-08 11:34:20,46.977,7.496,44.478,0.250,0,6217396,5894344,394012,3740520,15115.611,7888.144,0,319.844,0,29.985,4879,4571,2.920,2.400,2.010,3,0,1.999,0,0,27,251,1,28,0
04-08 11:34:21,50.520,7.073,41.679,0,0,6225520,5886028,394048,3740676,15463.068,7610.286,0,1038.685,0,55.572,5281,5250,2.850,2.400,2.010,2,0,2.021,0,0,27,254,1,29,0
04-08 11:34:22,28.146,25.430,44.194,0,0,6157768,5953760,394064,3740680,45308.788,24385.113,0,217.266,0,10.863,5062,3662,2.850,2.400,2.010,2,0,112.583,0,0,27,254,1,29,0
04-08 11:34:23,27.303,27.554,43.084,0,0,6192584,5918920,394064,3740688,69536.786,473576.765,0,164.321,0,8.016,5845,4533,2.850,2.400,2.010,3,0,134.262,0,0,27,255,1,29,0
04-08 11:34:24,27.634,29.128,41.327,0,0,6194516,5916908,394120,3740704,63710.609,155381.868,0,1007.770,0,53.774,6072,5022,2.850,2.400,2.010,2,0,130.452,0,0,27,256,1,29,0
04-08 11:34:25,27.650,31.420,38.458,0,0,6127004,5984356,394168,3740720,47151.090,24992.209,0,470.546,0,42.228,6121,5340,2.850,2.400,2.010,2,0,152.827,0,0,27,254,1,28,0
04-08 11:34:26,8.237,25.209,64.396,0,0,6123340,5987988,394180,3740736,60657.865,31413.178,0,479.225,0,9.984,4892,3716,2.700,2.370,2.010,1,0,123.800,0,0,27,254,1,28,0
04-08 11:34:27,7.751,25.002,65.006,0,0,6122308,5989008,394180,3740744,60963.399,31700.807,0,76.007,0,5.000,4716,3617,2.700,2.370,2.010,1,0,117.010,0,0,27,254,1,29,0
04-08 11:34:28,17.764,24.519,55.542,0,0,6117132,5994172,394184,3741260,44589.951,23431.841,0,372.283,0,15.011,5387,6630,2.700,2.370,2.010,2,0,106.081,0,0,27,254,1,29,0
04-08 11:34:29,20.262,24.514,53.781,0.250,0,6099020,6012160,394236,3741260,45030.188,22713.209,0,452.263,0,41.024,6067,7215,2.700,2.370,2.010,2,0,92.054,0,0,27,256,1,28,0
04-08 11:34:30,38.806,28.110,30.349,0.249,0,6135208,5975744,394316,3743572,59988.835,31680.011,0,9225.990,0,952.251,7040,11202,2.700,2.370,2.010,7,0,107.464,0,0,28,260,1,28,0
04-08 11:34:31,47.200,18.830,33.391,0,0,6203176,5907876,394336,3741224,45455.615,24449.604,0,228.970,0,22.094,4829,9751,2.800,2.400,2.020,3,0,88.374,0,0,28,263,1,29,0
04-08 11:34:32,45.248,10.750,42.998,0,0,6278676,5832184,394340,3741408,55169.966,576202.757,0,127.995,0,7.000,4262,3306,2.800,2.400,2.020,2,0,5.000,0,0,28,263,1,29,0
04-08 11:34:33,46.261,8.002,45.011,0,0,6322820,5787336,394400,3741996,15038.571,7445.768,0,1136.270,0,44.010,3624,2526,2.800,2.400,2.020,2,0,2.000,0,0,28,263,1,29,0
04-08 11:34:34,33.232,16.991,47.474,0,0,6328980,5779628,394512,3743316,30346.185,15627.341,0,1918.937,0,181.899,6402,7216,2.800,2.400,2.020,1,0,62.965,0,0,28,264,1,29,0
04-08 11:34:35,8.501,26.252,62.756,0,0,6327620,5780920,394564,3743328,61282.587,33159.023,0,6532.596,0,834.076,5832,4119,2.800,2.400,2.020,1,0,138.013,0,0,28,264,1,29,0
04-08 11:34:36,8.250,5.250,85.002,0,0,6327500,5781020,394576,3743336,66761.775,33694.896,0,152.004,0,13.000,2670,3064,2.580,2.360,2,0,0,15.000,0,0,28,265,1,29,0
04-08 11:34:37,2.999,1.999,93.474,0,0,6327284,5781232,394576,3743340,49530.966,24622.024,0,0,0,0,1741,2437,2.580,2.360,2,0,0,1.999,0,0,28,266,1,29,0
04-08 11:34:38,3.003,2.502,92.831,0,0,6326840,5780728,394580,3744260,1100499.053,51166.404,0,48.042,0,3.003,2785,2823,2.580,2.360,2,0,0,2.002,0,0,28,265,1,29,0
04-08 11:34:39,9.699,6.963,77.093,0,0,6322004,5780388,394580,3749308,5382288.553,131581.592,0,71.622,0,2.984,9645,7117,2.580,2.360,2,2,0,3.979,0,0,28,266,1,29,0
04-08 11:34:40,12.061,7.287,73.372,0,0,6323036,5771928,394660,3756428,7981415.801,170686.655,0,647.279,0,54.275,13046,9713,2.580,2.360,2,0,0,2.010,0,0,28,265,1,29,0
04-08 11:34:41,2.750,2.250,93.486,0,0,6322604,5771676,394668,3757084,649736.628,29031.694,0,163.976,0,8.999,2265,2583,2.370,2.320,1.990,0,0,2.000,0,0,28,265,1,29,0
04-08 11:34:42,2.001,2.001,94.550,0,0,6322768,5771424,394672,3757164,80000.156,10967.779,0,124.065,0,8.004,1533,2237,2.370,2.320,1.990,0,0,0,0,0,28,265,1,29,0
04-08 11:34:43,2.500,1.750,93.002,0,0,6323080,5770164,394688,3758092,1148156.459,38728.791,0,260.005,0,14.000,2715,2820,2.370,2.320,1.990,0,0,0,0,0,28,265,1,29,0
04-08 11:34:44,15.990,18.489,62.463,0,0,6359740,5732112,394732,3759368,1024132.588,83046.259,0,399.761,0,32.980,5864,4684,2.370,2.320,1.990,3,0,78.953,0,0,28,268,1,29,0
04-08 11:34:45,9.245,21.987,65.212,1.249,0,6362612,5726912,394748,3761676,59471.738,596848.150,2298.676,123.929,26.984,12.993,5335,4421,2.370,2.320,1.990,1,0,133.923,0,0,28,268,1,29,0
04-08 11:34:46,15.821,15.319,67.303,0,0,6373748,5715736,394768,3761680,60452.461,33842.529,0,92.417,0,10.045,3499,3072,2.260,2.300,1.990,3,0,50.226,0,0,28,268,1,29,0
04-08 11:34:47,25.419,6.479,67.037,0,0,6385764,5703696,394780,3761692,45632.218,24268.003,0,1096.521,0,11.962,2812,2635,2.260,2.300,1.990,1,0,1.994,0,0,28,268,1,29,0
04-08 11:34:48,22.992,5.998,69.227,0,0,6397852,5691600,394784,3761696,14971.114,7765.466,0,55.982,0,3.999,3003,3068,2.260,2.300,1.990,1,0,0,0,0,28,268,1,29,0
04-08 11:34:49,23.239,11.994,62.470,0,0,6398560,5690844,394872,3761644,29696.745,14908.843,0,2206.941,0,126.939,4883,5591,2.260,2.300,1.990,1,0,5.997,0,0,28,274,1,30,0
04-08 11:34:50,25.464,4.993,67.154,0,0,6398712,5690592,394880,3761732,14834.848,7609.150,0,191.727,0,17.974,4430,4920,2.260,2.300,1.990,2,0,1.997,0,0,28,274,1,30,0
04-08 11:34:51,24.539,6.761,66.104,0,0,6406220,5683060,394924,3761712,15182.953,7469.785,0,372.588,0,37.058,4565,5288,2.160,2.280,1.980,1,0,1.002,0,0,28,277,1,32,0
04-08 11:34:52,26.219,4.245,67.422,0,0,6406048,5683060,394948,3761860,547.363,0,0,271.684,0,20.976,4751,5569,2.160,2.280,1.980,1,0,0.999,0,0,28,277,1,32,0
04-08 11:34:53,24.771,5.505,67.306,0,0,6412536,5676512,394968,3761896,15619.106,7612.388,0,272.228,0,15.013,4812,5563,2.160,2.280,1.980,1,0,2.002,0,0,28,285,1,32,0
04-08 11:34:54,24.470,8.240,64.172,0.999,0,6410176,5675524,395004,3765204,14961.773,7514.845,3.995,451.450,0.999,37.954,4865,5832,2.160,2.280,1.980,4,0,0,0,0,28,301,1,31,0
04-08 11:34:55,23.282,10.514,58.329,5.257,0,6415552,5656772,395068,3778008,603.819,74.100,0,16490.361,0,58.079,5805,7260,2.160,2.280,1.980,1,0,42.057,0,0,28,300,1,36,0
04-08 11:34:56,11.995,21.741,64.475,0,0,6356616,5715680,395076,3778028,30967.886,35678.044,0,3838.499,0,641.749,4986,3376,2.070,2.260,1.980,1,0,119.953,0,0,28,300,1,36,0
04-08 11:34:57,8.000,25.999,63.497,0,0,6355116,5717112,395136,3778036,60876.095,33176.417,0,683.967,0,50.998,5183,4349,2.070,2.260,1.980,1,0,167.992,0,0,28,300,1,37,0
04-08 11:34:58,15.494,21.992,60.227,0,0,6360148,5711964,395172,3778100,47108.243,28800.144,0,1011.619,0,59.977,5491,4686,2.070,2.260,1.980,1,0,178.933,0,0,28,300,1,35,0
04-08 11:34:59,22.988,7.496,68.463,0,0,6396052,5676028,395200,3778104,61879.740,213153.431,0,171.908,0,18.990,3244,3224,2.070,2.260,1.980,3,0,1.999,0,0,28,300,1,35,0
04-08 11:35:00,21.251,10.000,67.002,0.250,0,6402264,5669768,395244,3778104,40889.097,394460.586,0,352.009,0,33.001,3857,3406,2.070,2.260,1.980,1,0,33.001,0,0,28,300,1,35,0
04-08 11:35:01,6.760,22.785,68.105,0,0,6398056,5673964,395252,3778108,45989.571,25877.709,0,132.203,0,8.012,4759,3768,1.980,2.240,1.970,1,0,122.187,0,0,28,300,1,35,0
04-08 11:35:02,7.494,24.229,65.694,0.250,0,6390976,5681012,395276,3778116,60990.193,34073.057,0,211.820,0,15.986,4923,3989,1.980,2.240,1.970,2,0,133.886,0,0,28,300,1,33,0
04-08 11:35:03,7.224,22.919,67.511,0,0,6387944,5684004,395288,3778140,60903.383,33642.894,0,147.478,0,9.965,4752,3925,1.980,2.240,1.970,1,0,120.573,0,0,28,300,1,33,0
04-08 11:35:04,7.770,25.567,64.670,0,0,6382816,5689104,395296,3778160,61172.968,37719.253,0,589.551,0,93.245,5200,3946,1.980,2.240,1.970,1,0,138.364,0,0,28,300,1,33,0
04-08 11:35:05,7.004,23.014,68.041,0,0,6370200,5701688,395328,3778160,46210.078,24540.911,0,444.270,0,31.019,4810,3811,1.980,2.240,1.970,1,0,130.079,0,0,28,300,1,33,0
04-08 11:35:06,3.251,4.251,90.525,0,0,6367668,5704124,395340,3778216,60003.894,30124.481,4.001,244.069,1.000,6.002,2030,2454,1.820,2.200,1.960,1,0,9.003,0,0,28,300,1,29,0
04-08 11:35:07,21.731,8.243,69.688,0,0,6385308,5686484,395340,3778216,44819.379,22803.841,0,71.936,0,2.997,2828,2723,1.820,2.200,1.960,2,0,0,0,0,28,300,1,29,0
04-08 11:35:08,23.957,5.241,68.377,0,0,6424060,5647688,395372,3778228,30447.376,14911.249,0,255.542,0,23.957,3221,3267,1.820,2.200,1.960,1,0,1.996,0,0,28,300,1,30,0
04-08 11:35:09,28.001,7.500,63.752,0,0,6419520,5652204,395376,3778248,41389.975,459253.813,0,11060.260,0,21.000,4049,4015,1.820,2.200,1.960,3,0,1.000,0,0,28,304,1,31,0
04-08 11:35:10,12.541,17.557,68.221,0,0,6377544,5694176,395384,3778244,24890.693,135798.241,0,5152.704,0,18.059,4384,3597,1.820,2.200,1.960,1,0,95.309,0,0,28,304,1,30,0
04-08 11:35:11,5.994,9.990,66.683,15.235,0,6374088,5684148,395520,3791192,54300.354,29806.004,9410.529,291.706,154.844,22.977,3694,3597,1.760,2.180,1.960,3,1,38.961,0,0,28,306,1,30,0
04-08 11:35:12,2.250,4.000,69.996,21.999,0,6370228,5664796,395532,3814228,30248.475,14591.265,21698.906,127.994,204.990,10.999,2457,2897,1.760,2.180,1.960,0,1,0,0,0,28,306,1,30,0
04-08 11:35:13,2.499,3.498,69.969,22.240,0,6366668,5647308,395568,3835112,30223.607,14865.413,19539.342,431.809,174.922,25.988,2528,3039,1.760,2.180,1.960,2,0,0,0,0,28,306,1,30,0
04-08 11:35:14,5.492,6.990,64.406,21.469,0,6386076,5603688,395580,3859164,15321.583,7285.341,21496.549,123.819,216.683,18.972,2910,3327,1.760,2.180,1.960,1,1,3.994,0,0,28,306,1,30,0
04-08 11:35:15,9.275,6.768,62.169,20.055,0,6378792,5585420,395608,3884576,15380.878,7448.280,23564.160,413.125,222.606,24.066,3538,3940,1.760,2.180,1.960,0,1,3.008,0,0,28,306,1,28,0
04-08 11:35:16,7.751,6.751,62.506,20.752,0,6398424,5539452,395612,3910736,15503.532,7458.737,25366.507,8.001,258.025,2.000,2994,3231,1.780,2.170,1.960,0,1,0,0,0,28,306,1,28,0
04-08 11:35:17,2.499,3.998,69.716,22.739,0,6383792,5541304,395632,3923416,15653.461,7292.488,12082.181,2270.906,108.948,433.791,2892,2614,1.780,2.170,1.960,0,1,1.999,0,0,28,306,1,28,0
04-08 11:35:18,4.498,8.247,69.724,15.994,0,6372420,5543820,395652,3932216,603.777,147.945,6801.487,579.786,71.973,21.992,2733,2864,1.780,2.170,1.960,0,1,15.994,0,0,28,306,1,28,0
04-08 11:35:19,3.246,4.245,69.172,21.725,0,6352144,5543568,395676,3952600,30979.936,19583.834,19238.226,183.792,190.784,20.976,2742,2973,1.780,2.170,1.960,0,1,0,0,0,28,306,1,22,0
04-08 11:35:20,5.260,4.759,66.880,21.041,0,6346140,5526696,395696,3975324,48918.450,24270.356,21546.041,164.321,211.413,19.037,3220,3530,1.780,2.170,1.960,1,1,2.004,0,0,28,306,1,22,0
04-08 11:35:21,4.496,10.989,69.431,12.987,0,6342580,5517888,395708,3987604,15650.462,7288.764,11748.336,271.730,111.889,13.986,3173,3136,1.710,2.160,1.950,0,1,25.974,0,0,28,306,1,22,0
04-08 11:35:22,3.505,4.506,69.344,21.279,0,6341372,5499240,395728,4007344,59928.952,34921.171,19346.133,176.238,166.225,23.031,2707,3069,1.710,2.160,1.950,0,1,0,0,0,28,306,1,23,0
04-08 11:35:23,2.747,3.247,69.934,22.479,0,6341452,5483616,395732,4022812,30631.899,14726.010,15129.626,0,142.864,0,2503,2801,1.710,2.160,1.950,2,1,1.998,0,0,28,306,1,21,0
04-08 11:35:24,5.243,11.235,69.157,12.982,0,6343840,5468500,395736,4035484,30796.445,19805.276,12602.994,7.989,123.833,0.999,3156,3016,1.710,2.160,1.950,1,1,25.965,0,0,28,306,1,21,0
04-08 11:35:25,3.503,4.253,68.301,21.016,0,6342684,5448844,395760,4056140,44484.108,22132.473,19858.780,344.256,242.180,28.021,3195,3464,1.710,2.160,1.950,0,1,1.001,0,0,28,306,1,21,0
04-08 11:35:26,4.253,6.005,68.055,19.766,0,6343464,5430504,395760,4073636,42848.889,588311.019,17169.980,4.003,190.155,1.001,3284,3108,1.660,2.140,1.950,2,0,5.004,0,0,28,306,1,21,0
04-08 11:35:27,4.491,8.233,69.361,16.217,0,6342508,5414628,395764,4090364,30610.626,18556.794,16207.504,79.840,176.646,3.992,3051,3034,1.660,2.140,1.950,0,1,13.972,0,0,28,306,1,22,0
04-08 11:35:28,2.507,4.011,70.952,20.558,0,6342436,5397756,395764,4107244,45146.389,22369.615,16827.856,4.011,187.533,1.003,2685,2929,1.660,2.140,1.950,1,0,0,0,0,28,306,1,22,0
04-08 11:35:29,4.750,10.750,69.002,13.000,0,6344488,5384164,395796,4118716,45514.214,26548.708,10960.292,304.008,138.004,21.001,3309,3468,1.660,2.140,1.950,0,1,28.001,0,0,28,306,1,22,0
04-08 11:35:30,3.993,3.744,69.134,20.965,0,6342020,5370064,395852,4135164,30007.665,14633.454,15673.709,271.545,196.670,34.941,3040,3583,1.660,2.140,1.950,0,1,0,0,0,28,306,1,22,0
04-08 11:35:31,19.256,18.756,46.765,13.254,0,6357264,5342148,395852,4147752,32015.300,20597.627,11887.825,0,151.049,0,4922,14030,1.840,2.170,1.960,0,1,52.017,0,0,28,306,1,21,0
04-08 11:35:32,2.253,4.005,69.342,22.780,0,6355308,5334588,395852,4157236,44919.296,22115.193,9220.171,1814.395,116.153,369.488,2877,2772,1.840,2.170,1.960,0,1,2.003,0,0,28,306,1,21,0
04-08 11:35:33,2.249,3.748,70.703,21.486,0,6355452,5320224,395852,4171408,30115.044,14796.195,13838.830,47.968,170.887,1.999,2452,2711,1.840,2.170,1.960,0,1,0,0,0,28,306,1,21,0
04-08 11:35:34,4.751,8.751,70.011,15.252,0,6350920,5311908,395864,4184196,30782.898,18955.016,12289.955,348.055,145.023,16.003,3114,2956,1.840,2.170,1.960,0,1,16.003,0,0,28,306,1,21,0
04-08 11:35:35,4.001,4.751,68.764,21.504,0,6351312,5292040,395884,4203572,44820.218,22216.569,18675.841,132.027,227.047,16.003,3114,3126,1.840,2.170,1.960,1,1,3.001,0,0,28,306,1,20,0
04-08 11:35:36,3.741,9.228,69.088,15.214,0,6351788,5276164,395884,4218924,44940.375,25911.100,14609.662,3.991,182.571,0.998,3060,3049,1.780,2.150,1.950,0,1,15.962,0,0,28,306,1,20,0
04-08 11:35:37,2.254,4.258,70.387,20.791,0,6350328,5259280,395884,4237204,30868.136,14620.483,17305.714,4.008,221.431,1.002,2642,2982,1.780,2.150,1.950,0,1,2.004,0,0,28,306,1,20,0
04-08 11:35:38,9.009,19.770,66.568,3.003,0,6340148,5266480,395884,4240152,55654.168,478725.749,2802.879,0,39.040,0,4553,3781,1.780,2.150,1.950,1,0,68.070,0,0,28,306,1,20,0
04-08 11:35:39,3.497,5.246,69.449,20.485,0,6341052,5247340,395888,4258316,48705.050,154717.800,17247.269,111.917,212.843,7.994,2835,3047,1.780,2.150,1.950,1,1,0.999,0,0,28,306,1,20,0
04-08 11:35:40,7.464,7.464,62.701,19.656,0,6339620,5231372,395908,4275632,29455.477,14522.716,16405.733,354.310,205.022,59.715,3929,4132,1.780,2.150,1.950,1,1,4.976,0,0,28,306,1,22,0
04-08 11:35:41,10.483,18.970,64.149,3.994,0,6343884,5223548,395968,4279104,61136.579,36568.327,3374.678,730.847,38.939,46.926,4798,4409,1.710,2.130,1.950,1,1,58.907,0,0,28,306,1,22,0
04-08 11:35:42,6.276,5.523,65.266,20.835,0,6340420,5209196,396076,4296760,45848.931,23667.495,16623.777,1988.106,223.913,107.438,3372,3529,1.710,2.130,1.950,0,1,0,0,0,28,306,1,22,0
04-08 11:35:43,2.756,3.758,70.642,21.543,0,6340272,5194844,396084,4311156,30015.432,14932.064,13651.486,36.073,173.349,3.006,2354,2784,1.710,2.130,1.950,0,1,0,0,0,28,306,1,22,0
04-08 11:35:44,4.989,10.726,68.350,13.969,0,6341752,5186024,396092,4318468,30504.904,18764.727,7000.602,163.640,111.754,13.969,3277,3368,1.710,2.130,1.950,1,0,27.939,0,0,28,306,1,22,0
04-08 11:35:45,7.268,7.518,63.153,20.550,0,6376616,5134364,396104,4335188,44901.531,22007.193,16215.193,168.407,242.586,14.034,3028,3336,1.710,2.130,1.950,2,1,1.002,0,0,28,306,1,22,0
04-08 11:35:46,4.497,8.745,68.960,15.491,0,6374032,5124788,396104,4347300,44900.105,26102.946,11829.178,15.991,124.928,2.998,3132,3127,1.740,2.130,1.950,1,0,15.991,0,0,28,306,1,22,0
04-08 11:35:47,3.495,8.987,68.399,16.725,0,6374716,5109924,396120,4361416,30196.466,14636.414,13999.354,303.552,139.794,13.979,3015,3031,1.740,2.130,1.950,1,0,15.976,0,0,28,306,1,22,0
04-08 11:35:48,3.755,5.507,69.843,20.277,0,6365396,5108684,396132,4371916,44926.023,26172.968,10185.608,2323.104,100.134,450.602,3096,3023,1.740,2.130,1.950,0,1,2.003,0,0,28,306,1,22,0
04-08 11:35:49,4.501,9.503,64.520,19.256,0,6363572,5099856,396136,4382508,29904.331,14596.554,10479.270,36.011,110.034,3.001,2958,3073,1.740,2.130,1.950,1,0,14.004,0,0,28,306,1,22,0
04-08 11:35:50,5.249,8.748,66.734,16.746,0,6361124,5088460,396168,4396252,58091.483,600982.156,13608.833,319.926,129.970,21.995,4010,3956,1.740,2.130,1.950,0,1,10.997,0,0,28,306,1,22,0
04-08 11:35:51,4.744,9.488,68.416,14.732,0,6352392,5085216,396204,4408124,45337.253,27626.031,11729.577,371.543,123.848,25.968,3464,3648,1.840,2.140,1.950,0,1,16.979,0,0,28,306,1,19,0
04-08 11:35:52,5.258,9.765,68.855,15.273,0,6353588,5071884,396212,4420216,45512.719,26931.255,11637.828,164.252,132.203,14.021,3380,3200,1.840,2.140,1.950,0,1,16.025,0,0,28,306,1,20,0
04-08 11:35:53,5.489,4.740,66.865,20.708,0,6352588,5054836,396212,4438184,48198.806,24028.546,15696.348,0,173.650,0,3013,3250,1.840,2.140,1.950,3,0,0.998,0,0,28,306,1,20,0
04-08 11:35:54,5.505,9.259,67.313,15.765,0,6345552,5047952,396220,4452032,30464.561,19592.368,13136.316,76.071,151.142,7.007,3218,3081,1.840,2.140,1.950,2,1,17.016,0,0,28,306,1,20,0
04-08 11:35:55,10.264,8.762,59.079,20.527,0,6343732,5034092,396220,4467648,44390.024,22373.750,14699.546,32.043,196.261,3.004,3406,3264,1.840,2.140,1.950,5,0,1.001,0,0,28,304,1,9,2
04-08 11:35:56,4.247,9.492,69.193,15.737,0,6341020,5022532,396220,4481856,40950.484,23402.846,13532.924,0,175.856,0,3116,3023,1.770,2.120,1.950,1,1,15.987,0,0,28,304,1,9,2
04-08 11:35:57,4.005,6.258,69.337,18.523,0,6341136,5004904,396220,4499288,35034.161,18172.907,16705.057,4.005,227.286,1.001,3085,2982,1.770,2.120,1.950,1,0,10.013,0,0,28,304,1,10,2
04-08 11:35:58,3.996,6.992,69.425,17.980,0,6343484,4987276,396220,4514488,45510.508,26778.878,14384.357,3.996,207.774,0.999,3097,3015,1.770,2.120,1.950,0,1,7.991,0,0,28,304,1,10,2
04-08 11:35:59,5.251,10.003,68.769,14.504,0,6343588,4973680,396240,4527908,29723.075,14728.001,12567.414,352.096,166.045,22.006,3424,3514,1.770,2.120,1.950,0,1,16.004,0,0,28,304,1,10,2
04-08 11:36:00,3.493,6.736,68.611,18.213,0,6343912,4959820,396276,4541344,44775.392,27390.572,13085.520,223.548,137.721,27.943,3251,3659,1.770,2.120,1.950,1,0,10.978,0,0,28,304,1,9,2
04-08 11:36:01,5.517,7.523,67.460,17.805,0,6341680,4947952,396292,4555380,76747.857,620428.915,13610.359,180.562,135.421,10.031,3905,3654,1.870,2.140,1.950,0,1,7.022,0,0,28,304,1,9,2
04-08 11:36:02,5.495,9.242,69.689,14.987,0,6343648,4932608,396292,4568704,45478.247,26942.449,13016.622,0,134.882,0,3198,3048,1.870,2.140,1.950,2,0,15.986,0,0,28,304,1,9,2
04-08 11:36:03,2.752,3.502,69.549,21.515,0,6343436,4919280,396316,4582140,48555.418,24077.067,13045.247,392.278,124.088,25.018,2522,2849,1.870,2.140,1.950,0,1,2.001,0,0,28,304,1,9,2
04-08 11:36:04,8.749,17.747,62.489,8.998,0,6345528,4911220,396328,4588064,31820.635,20779.497,5819.019,2039.656,57.990,410.931,4554,3868,1.870,2.140,1.950,1,0,68.988,0,0,28,304,1,9,2
04-08 11:36:05,23.746,5.749,69.989,0,0,6394668,4862080,396328,4588064,60722.679,31353.187,0,0,0,0,2815,2636,1.870,2.140,1.950,1,0,1.000,0,0,28,304,1,9,2
04-08 11:36:06,21.975,7.991,68.921,0,0,6433936,4822768,396336,4588100,45280.059,22024.735,0,91.895,0,5.993,2799,2596,1.800,2.120,1.950,1,0,2.997,0,0,28,304,1,9,2
04-08 11:36:07,23.648,5.228,69.451,0,0,6473240,4783456,396336,4588108,29587.766,14529.520,0,0,0,0,2536,2344,1.800,2.120,1.950,1,0,1.991,0,0,28,304,1,9,2
04-08 11:36:08,25.118,4.270,69.073,0.251,0,6492852,4763800,396372,4588116,30800.198,16842.853,0,454.126,0,36.169,3216,3325,1.800,2.120,1.950,1,0,2.009,0,0,28,308,1,9,2
04-08 11:36:09,23.970,5.493,69.413,0,0,6452668,4803980,396372,4588120,44802.843,22439.874,0,0,0,0,2765,2408,1.800,2.120,1.950,2,0,6.991,0,0,28,304,1,9,2
04-08 11:36:10,24.022,5.505,68.812,0,0,6452472,4804120,396400,4588144,59349.418,30303.275,0,200.180,0,20.018,2929,2807,1.800,2.120,1.950,3,0,0,0,0,28,304,1,9,2
04-08 11:36:11,23.012,7.004,68.536,0,0,6455992,4800592,396424,4588124,29960.562,14665.618,0,828.430,0,89.046,3114,3135,1.740,2.100,1.940,1,0,0,0,0,28,304,1,9,2
04-08 11:36:12,22.724,7.163,67.679,0,0,6484696,4771864,396424,4588148,39769.303,445567.955,0,19.760,0,1.976,3133,2716,1.740,2.100,1.940,3,0,5.928,0,0,28,308,1,7,2
04-08 11:36:13,26.846,3.799,68.887,0,0,6490084,4766320,396432,4588296,19112.993,139452.819,0,121.565,0,6.078,3485,3554,1.740,2.100,1.940,2,0,1.013,0,0,28,310,1,8,2
04-08 11:36:14,22.168,10.212,66.503,0,0,6370584,4885796,396456,4588296,30110.376,16839.573,0,259.040,0,26.900,3352,3183,1.740,2.100,1.940,2,0,14.945,0,0,28,304,1,8,2
04-08 11:36:15,31.998,11.499,54.496,0,0,6452684,4802632,396476,4589340,38474.460,18001.812,0,239.984,0,21.999,3889,3458,1.740,2.100,1.940,3,0,7.000,0,0,28,304,1,8,2
04-08 11:36:16,25.841,6.021,67.236,0,0,6473600,4781716,396476,4589340,23201.426,12843.073,0,4.014,0,1.004,3004,2835,1.680,2.080,1.940,1,0,0,0,0,28,304,1,8,2
04-08 11:36:17,22.942,14.713,61.595,0,0,6491388,4764796,396476,4588468,30514.144,15953.817,0,155.608,0,1.995,3874,2963,1.680,2.080,1.940,1,0,63.839,0,0,28,304,1,8,2
04-08 11:36:18,7.756,24.519,65.051,0,0,6476164,4779992,396484,4588476,61783.262,33430.114,512.400,632.494,4.003,21.016,4619,3710,1.680,2.080,1.940,1,0,120.094,0,0,28,304,1,8,2
04-08 11:36:19,7.515,23.298,66.887,0,0,6466580,4789560,396492,4588480,46472.219,24858.934,0,184.378,0,10.021,4847,3803,1.680,2.080,1.940,2,0,130.267,0,0,28,304,1,8,2
04-08 11:36:20,8.251,26.253,64.008,0,0,6454564,4801492,396512,4588544,61889.781,61291.706,0,1940.244,0,391.049,5858,4180,1.680,2.080,1.940,2,0,168.021,0,0,28,304,1,8,2
04-08 11:36:21,10.497,19.744,67.229,0,0,6427032,4829008,396536,4588536,61262.302,33751.698,0,475.855,0,18.994,4683,3933,1.620,2.060,1.930,1,0,131.960,0,0,28,304,1,8,2
04-08 11:36:22,21.266,9.007,68.552,0,0,6419668,4836348,396544,4588552,46414.466,23385.869,0,76.058,0,5.004,3031,2675,1.620,2.060,1.930,2,0,22.017,0,0,28,304,1,9,2
04-08 11:36:23,21.747,8.249,68.241,0,0,6449000,4806992,396552,4588568,54821.149,457696.803,0,175.978,0,7.999,3368,3040,1.620,2.060,1.930,1,0,18.998,0,0,28,304,1,9,2
04-08 11:36:24,16.494,3.998,78.470,0,0,6433964,4818640,396560,4591520,39370.740,134978.683,0,247.904,0,12.995,2393,2420,1.620,2.060,1.930,1,0,2.999,0,0,28,305,1,8,2
04-08 11:36:25,23.005,6.751,68.514,0.250,0,6410076,4838436,396584,4594760,45678.121,23340.660,0,1236.247,0,28.006,3046,2915,1.620,2.060,1.930,1,0,3.001,0,0,28,304,1,8,2
04-08 11:36:26,26.008,10.003,60.768,0,0,6426224,4821304,396588,4595572,46670.113,23796.196,0,152.046,0,3.001,7463,13984,1.650,2.060,1.930,1,0,6.002,0,0,28,304,1,8,2
04-08 11:36:27,17.461,8.481,72.586,0,0,6417516,4829444,396588,4595976,33838.641,16181.486,0,91.793,0,1.995,2657,2508,1.650,2.060,1.930,1,0,8.980,0,0,28,305,1,9,2
04-08 11:36:28,18.535,5.010,75.394,0,0,6432164,4814548,396600,4596184,63889.771,43602.104,0,452.863,0,8.015,2590,2682,1.650,2.060,1.930,1,0,5.010,0,0,28,305,1,8,2
04-08 11:36:29,21.487,11.993,62.961,0,0,6433500,4813172,396616,4596204,44765.146,22881.762,0,443.724,0,20.987,7147,13008,1.650,2.060,1.930,3,0,7.995,0,0,28,305,1,8,2
04-08 11:36:30,18.502,11.001,68.509,0,0,6427836,4818756,396668,4596196,30109.021,14984.001,0,564.075,0,36.005,3132,3139,1.650,2.060,1.930,2,0,9.001,0,0,28,305,1,8,2
04-08 11:36:31,22.185,18.446,58.079,0,0,6374452,4879008,396828,4592368,46125.144,24723.181,0,570.320,0,21.935,4228,8435,1.600,2.040,1.930,3,0,102.698,0,0,28,304,1,8,2
04-08 11:36:32,12.762,27.026,57.555,0,0,6364688,4888748,396828,4590260,61003.774,34374.555,0,4.004,0,1.001,5394,10299,1.600,2.040,1.930,2,0,149.141,0,0,28,304,0,8,2
04-08 11:36:33,18.078,15.065,65.785,0,0,6393812,4859624,396844,4590244,52725.769,469497.074,0,594.580,0,15.065,3810,3314,1.600,2.040,1.930,1,0,55.240,0,0,28,304,1,8,2
04-08 11:36:34,24.972,3.746,69.672,0,0,6418040,4835180,396848,4590456,32709.344,138289.025,0,67.924,0,4.994,2615,2337,1.600,2.040,1.930,1,0,0.999,0,0,28,304,1,8,2
04-08 11:36:35,24.709,5.990,68.388,0,0,6439420,4813772,396848,4590484,30172.446,14641.953,0,0,0,0,3023,2867,1.600,2.040,1.930,4,0,0.998,0,0,28,308,1,10,2
04-08 11:36:36,23.248,16.248,57.744,0,0,6410876,4842236,396892,4590528,31279.837,16478.334,0,439.956,0,34.996,5276,5055,1.630,2.040,1.930,4,0,86.991,0,0,28,304,1,11,2
04-08 11:36:37,22.503,13.252,63.508,0,0,6442392,4810576,396892,4590672,46706.802,24127.997,0,0,0,0,3620,3462,1.630,2.040,1.930,2,0,33.004,0,0,28,304,1,11,2
04-08 11:36:38,23.493,5.748,69.731,0,0,6478708,4774244,396900,4590680,34034.582,17169.249,0,275.924,0,13.996,2898,2767,1.630,2.040,1.930,1,0,0,0,0,28,304,1,11,2
04-08 11:36:39,19.774,10.012,69.584,0,0,6448728,4804220,396900,4590684,26445.037,13049.809,0,0,0,0,3285,2914,1.630,2.040,1.930,2,0,44.053,0,0,28,304,1,11,2
04-08 11:36:40,18.752,11.501,68.256,0,0,6441076,4811852,396920,4590684,44804.171,22824.125,0,228.021,0,21.002,3330,3235,1.630,2.040,1.930,2,0,28.003,0,0,28,304,1,11,2
04-08 11:36:41,23.478,5.745,68.685,0,0,6476724,4776196,396928,4590684,30100.571,14652.161,0,263.751,0,15.985,3005,2867,1.580,2.020,1.920,2,0,0,0,0,28,304,1,9,2
04-08 11:36:42,26.957,10.983,61.403,0,0,6442100,4810760,396928,4590744,31010.981,17272.697,0,790.750,0,86.863,4276,3825,1.580,2.020,1.920,4,0,39.937,0,0,28,304,1,11,2
04-08 11:36:43,19.529,10.766,67.851,0,0,6439844,4812988,396944,4590756,45610.919,23444.912,0,188.280,0,12.018,3249,3252,1.580,2.020,1.920,1,0,24.036,0,0,28,304,1,11,2
04-08 11:36:44,24.412,5.231,69.001,0,0,6466672,4786128,396972,4590760,29890.073,15250.932,0,147.468,0,20.924,3037,3127,1.580,2.020,1.920,1,0,0,0,0,28,304,1,12,2
04-08 11:36:45,26.457,9.484,62.897,0,0,6440740,4812048,397032,4590712,29969.855,15097.243,0,1401.701,0,77.872,3667,3431,1.580,2.020,1.920,3,0,21.964,0,0,28,304,1,15,2
04-08 11:36:46,21.369,11.564,66.369,0,0,6433256,4819456,397048,4590772,31148.061,16491.629,0,3209.834,0,580.224,4192,3023,1.530,2.010,1.920,1,0,13.073,0,0,28,304,1,15,2
04-08 11:36:47,25.165,5.788,68.700,0,0,6432492,4820192,397068,4590780,54388.977,454023.594,0,499.268,0,30.198,3067,2877,1.530,2.010,1.920,1,0,1.007,0,0,28,305,1,15,2
04-08 11:36:48,27.522,4.959,64.465,0.248,0,6432704,4819944,397104,4590780,19746.242,140779.501,0,249.927,0,26.778,3730,3642,1.530,2.010,1.920,1,0,1.984,0,0,28,304,1,15,2
04-08 11:36:49,18.778,17.776,62.843,0,0,6422324,4830280,397108,4590816,61203.783,32990.935,0,160.238,0,10.015,3791,3140,1.530,2.010,1.920,1,0,53.079,0,0,28,304,1,15,2
04-08 11:36:50,22.961,5.990,69.633,0,0,6459568,4793020,397124,4590816,30415.932,15118.616,0,179.698,0,17.970,2775,2610,1.530,2.010,1.920,1,0,0,0,0,28,304,1,15,2
04-08 11:36:51,24.273,5.005,69.066,0,0,6460028,4792556,397152,4590792,30611.216,15158.467,0,712.680,0,40.038,3184,3145,1.490,1.990,1.910,1,0,2.002,0,0,28,304,1,18,2
04-08 11:36:52,18.759,12.506,68.281,0,0,6412152,4840384,397156,4590836,30666.043,16371.497,0,220.101,0,12.005,3238,2956,1.490,1.990,1.910,3,0,32.015,0,0,28,304,1,19,2
04-08 11:36:53,22.962,5.740,69.385,0,0,6447616,4804916,397160,4590836,30387.484,15436.339,0,59.900,0,3.993,2682,2545,1.490,1.990,1.910,2,0,0,0,0,28,304,1,18,2
04-08 11:36:54,24.027,5.506,69.579,0,0,6460052,4792452,397176,4590848,30216.366,14932.984,0,200.228,0,25.028,3163,3219,1.490,1.990,1.910,3,0,2.002,0,0,28,304,1,18,2
04-08 11:36:55,13.757,19.009,65.532,0,0,6450760,4801600,397184,4590984,46113.658,25338.450,0,168.083,0,14.007,4508,3727,1.490,1.990,1.910,1,0,122.060,0,0,28,304,1,18,2
04-08 11:36:56,6.754,11.507,79.797,0,0,6454824,4797404,397236,4591064,64587.149,34650.466,0,16.009,0,4.002,3142,3075,1.450,1.970,1.910,1,0,58.034,0,0,28,306,1,18,2
04-08 11:36:57,5.251,11.251,82.010,0.250,0,6446260,4805948,397288,4591024,71236.687,32919.014,0,520.063,0,27.003,3233,3110,1.450,1.970,1.910,2,0,62.008,0,0,28,304,1,20,1
04-08 11:36:58,7.744,12.240,77.436,0,0,6449148,4802928,397320,4591120,49484.855,26849.676,0,515.571,0,33.972,3501,3510,1.450,1.970,1.910,0,0,63.947,0,0,28,306,1,20,1
04-08 11:36:59,10.761,16.768,69.574,0,0,6433960,4818072,397344,4591140,77830.349,601009.906,0,164.174,0,20.021,4641,4210,1.450,1.970,1.910,1,0,85.090,0,0,28,304,1,21,1
04-08 11:37:00,9.249,22.997,65.491,0,0,6430796,4821176,397380,4591156,60759.983,34495.448,0,395.948,0,32.996,4960,4373,1.450,1.970,1.910,1,0,125.983,0,0,28,304,1,21,1
04-08 11:37:01,23.483,7.994,68.201,0,0,6427532,4824368,397432,4591176,44954.772,22583.810,0,2306.347,0,441.683,3429,2855,1.500,1.970,1.910,2,0,3.997,0,0,28,304,1,20,1
04-08 11:37:02,19.489,8.995,69.711,0,0,6436088,4805884,397828,4599380,44711.096,23221.066,0,1623.096,0,8.995,2704,2532,1.500,1.970,1.910,4,0,1.999,0,0,28,304,1,20,1
04-08 11:37:03,21.522,6.507,70.823,0,0,6450264,4788272,398012,4602100,45166.822,23393.251,0,1333.382,0,19.020,2911,2697,1.500,1.970,1.910,1,0,19.020,0,0,28,305,1,20,1
04-08 11:37:04,13.994,2.749,81.965,0.250,0,6450180,4788020,398084,4602308,25671.996,11267.171,0,611.738,0,30.987,2177,2456,1.500,1.970,1.910,1,0,0,0,0,28,305,1,20,1
04-08 11:37:05,22.763,7.254,69.041,0,0,6431244,4803200,398160,4605788,30070.698,14906.773,0,984.579,0,39.023,3224,3226,1.500,1.970,1.910,1,0,10.006,0,0,28,304,1,20,1
04-08 11:37:06,9.249,19.748,65.742,1.750,0,6383776,4847532,398240,4608764,15508.069,11234.601,1351.832,2683.666,20.997,76.990,5169,4575,1.460,1.960,1.900,2,0,130.984,0,0,28,304,1,20,1
04-08 11:37:07,7.977,25.925,63.816,0,0,6387368,4843932,398244,4608764,61052.717,31923.824,0,426.768,0,16.951,5262,4240,1.460,1.960,1.900,1,0,161.534,0,0,28,304,1,20,1
04-08 11:37:08,21.048,8.018,69.409,0,0,6420608,4810668,398264,4608768,44718.382,22976.604,0,168.386,0,12.028,2919,2832,1.460,1.960,1.900,1,0,3.007,0,0,28,304,1,20,1
04-08 11:37:09,23.250,6.250,69.751,0,0,6464156,4767084,398288,4608776,44261.646,20282.296,0,152.002,0,18.000,2881,2734,1.460,1.960,1.900,3,0,2.000,0,0,28,304,1,20,1
04-08 11:37:10,28.387,5.229,64.494,0,0,6456752,4774468,398320,4608764,26496.647,438744.515,0,179.287,0,18.925,3531,3609,1.460,1.960,1.900,1,0,0,0,0,28,304,1,20,1
04-08 11:37:11,16.814,14.053,67.758,0,0,6407176,4823968,398320,4608808,48111.917,146776.028,0,52.198,0,4.015,3720,3344,1.420,1.940,1.900,1,0,48.183,0,0,28,304,1,20,1
04-08 11:37:12,23.271,6.005,69.813,0,0,6460096,4771048,398320,4608808,29498.617,14605.178,0,4.004,0,1.001,2586,2347,1.420,1.940,1.900,1,0,2.002,0,0,28,304,1,20,1
04-08 11:37:13,24.736,4.747,69.461,0,0,6460312,4770808,398328,4608824,29694.527,14797.791,0,247.862,0,8.995,3116,2933,1.420,1.940,1.900,1,0,0,0,0,28,304,1,19,1
04-08 11:37:14,19.991,9.996,68.969,0,0,6452956,4778144,398348,4608824,30268.537,15423.140,0,107.952,0,12.994,3118,3043,1.420,1.940,1.900,1,0,13.994,0,0,28,304,1,19,1
04-08 11:37:15,24.254,6.251,68.261,0.250,0,6456224,4774868,398372,4608808,30057.885,14660.382,0,152.025,0,18.003,3156,3026,1.420,1.940,1.900,4,0,3.000,0,0,28,304,1,19,1
04-08 11:37:16,28.122,11.697,57.987,0,0,6483576,4747156,398540,4609000,29858.524,15009.896,0,645.073,0,80.634,4532,5068,1.390,1.920,1.890,3,0,3.982,0,0,28,305,1,19,1
04-08 11:37:17,31.656,13.065,52.258,0,0,6506424,4724136,398784,4608936,15797.009,7724.143,0,4510.273,0,623.077,6572,7137,1.390,1.920,1.890,2,0,1.005,0,0,28,305,1,19,1
04-08 11:37:18,24.505,8.002,66.264,0.250,0,6460936,4769400,398872,4609068,30294.555,18453.993,0,264.057,0,41.009,3553,3725,1.390,1.920,1.890,2,0,7.002,0,0,28,304,1,20,1
04-08 11:37:19,23.702,5.489,69.610,0,0,6466176,4764148,398880,4609072,44638.966,22754.106,0,59.879,0,4.990,2683,2539,1.390,1.920,1.890,3,0,0,0,0,28,304,1,20,1
04-08 11:37:20,25.179,5.983,66.561,0,0,6463936,4766028,399176,4609132,29954.013,15005.426,0,3709.475,0,215.389,4023,4431,1.390,1.920,1.890,2,0,0,0,0,28,305,1,20,1
04-08 11:37:21,23.445,10.475,63.849,0,0,6462152,4767592,399276,4609248,16778.295,8951.816,0,351.169,0,40.903,4580,5488,1.350,1.910,1.890,2,0,1.995,0,0,28,305,1,20,1
04-08 11:37:22,21.364,14.075,62.835,0.251,0,6372640,4856660,399672,4609280,45916.942,25678.984,0,3591.157,0,227.212,5056,5209,1.350,1.910,1.890,2,0,62.333,0,0,28,304,1,21,1
04-08 11:37:23,6.512,26.299,64.370,0,0,6374620,4854648,399696,4609280,61992.186,31546.616,0,404.752,0,20.037,5061,3935,1.350,1.910,1.890,1,0,169.315,0,0,28,304,1,21,1
04-08 11:37:24,8.741,27.223,61.688,0.250,0,6374092,4855080,399792,4609280,76518.952,602397.440,0,1494.495,0,73.926,5676,4464,1.350,1.910,1.890,1,0,171.827,0,0,28,304,1,21,1
04-08 11:37:25,11.241,29.727,56.206,0,0,6402716,4826392,399848,4609288,45857.427,23221.986,0,443.656,0,37.971,5345,4287,1.350,1.910,1.890,2,0,166.871,0,0,28,304,1,22,1
04-08 11:37:26,7.765,27.053,63.123,0,0,6401404,4827692,399856,4609292,61364.964,31938.437,0,132.259,0,8.016,5184,4188,1.330,1.890,1.880,2,0,169.331,0,0,28,304,1,21,1
04-08 11:37:27,7.749,26.746,63.240,0.250,0,6404560,4824516,399880,4609288,61394.284,32242.897,0,271.957,0,26.996,5221,4033,1.330,1.890,1.880,3,0,169.973,0,0,28,304,1,22,1
04-08 11:37:28,7.477,25.922,63.807,0,0,6402832,4826236,399884,4609292,60719.178,31943.294,0,255.227,0,11.964,5110,3879,1.330,1.890,1.880,2,0,165.499,0,0,28,304,1,22,1
04-08 11:37:29,7.519,26.066,63.661,0,0,6402752,4826280,399916,4609296,61116.227,32078.952,0,324.820,0,24.061,5172,4208,1.330,1.890,1.880,2,0,164.415,0,0,28,304,1,22,1
04-08 11:37:30,8.005,27.519,61.792,0,0,6404300,4824636,400004,4609300,45522.734,23760.041,0,468.316,0,39.026,5492,4605,1.330,1.890,1.880,1,0,169.114,0,0,28,304,1,21,1
04-08 11:37:31,8.248,26.992,62.482,0,0,6397352,4831496,400076,4609312,61059.051,31944.609,0,447.868,0,31.991,5459,4450,1.300,1.880,1.880,3,0,170.950,0,0,28,304,1,21,1
04-08 11:37:32,23.023,35.535,40.290,0,0,6404520,4824284,400088,4609328,74549.165,585769.896,0,156.153,0,9.009,6517,13719,1.300,1.880,1.880,1,0,189.186,0,0,28,304,1,22,1
04-08 11:37:33,7.570,29.017,60.809,0.505,0,6386644,4842080,400140,4609344,56982.903,27611.865,8.074,12672.512,2.019,487.482,5963,3988,1.300,1.880,1.880,3,0,171.577,0,0,28,304,1,22,1
04-08 11:37:34,7.427,25.994,64.117,0,0,6389004,4839708,400148,4609348,50207.703,27752.225,0,102.984,0,7.922,5015,3893,1.300,1.880,1.880,2,0,159.427,0,0,28,304,1,21,1
04-08 11:37:35,7.499,26.247,63.742,0,0,6383988,4844696,400172,4609348,61080.600,32738.034,0,139.983,0,12.998,5048,3927,1.300,1.880,1.880,1,0,165.980,0,0,28,304,1,21,1
04-08 11:37:36,7.749,26.748,63.496,0,0,6385472,4843212,400172,4609348,61091.056,31873.942,0,19.999,0,5.000,5102,3884,1.270,1.860,1.870,2,0,172.989,0,0,28,304,1,21,1
04-08 11:37:37,8.748,24.995,64.237,0,0,6387552,4841120,400172,4609360,62948.726,34397.293,0,7.998,0,2.000,5092,3956,1.270,1.860,1.870,2,0,161.968,0,0,28,304,1,21,1
04-08 11:37:38,7.757,26.275,63.059,0.250,0,6378720,4849940,400176,4609368,45654.637,24184.586,4.004,4736.423,1.001,23.021,5003,3826,1.270,1.860,1.870,2,0,170.159,0,0,28,304,1,18,1
04-08 11:37:39,6.998,24.742,65.478,0,0,6379504,4849156,400176,4609368,61866.010,33186.740,0,11.996,0,2.999,4855,3892,1.270,1.860,1.870,1,0,158.946,0,0,28,304,1,18,1
04-08 11:37:40,8.702,27.598,61.163,0,0,6372216,4856356,400248,4609384,72805.077,597487.754,0,477.371,0,33.814,5663,4493,1.270,1.860,1.870,3,0,167.080,0,0,28,304,1,18,1
04-08 11:37:41,7.022,26.583,63.448,0,0,6374684,4853836,400300,4609388,46203.332,24083.232,0,625.955,0,37.116,5302,4532,1.250,1.850,1.870,1,0,159.498,0,0,28,304,1,18,1
04-08 11:37:42,8.475,26.423,63.066,0,0,6378132,4850340,400344,4609392,60680.780,31685.462,0,315.080,0,27.918,5061,4012,1.250,1.850,1.870,4,0,163.522,0,0,28,304,1,18,1
04-08 11:37:43,10.307,27.150,60.333,0,0,6378628,4849836,400344,4609400,62685.989,34165.574,0,12.067,0,3.017,5272,4024,1.250,1.850,1.870,1,0,164.910,0,0,28,304,1,18,1
04-08 11:37:44,11.698,28.873,56.252,0,0,6366196,4862196,400376,4609436,64013.389,31897.178,0,469.925,0,29.868,5720,5216,1.250,1.850,1.870,5,0,160.292,0,0,28,304,1,20,1
04-08 11:37:45,8.762,24.784,63.337,0,0,6367800,4860432,400404,4609564,45800.107,24581.871,0,300.414,0,27.037,5273,4611,1.250,1.850,1.870,1,0,152.210,0,0,28,304,1,20,1
04-08 11:37:46,20.262,16.010,61.787,0,0,6399144,4848840,400408,4590660,60084.445,32115.480,0,24.015,0,3.002,3813,3393,1.390,1.870,1.870,1,0,66.040,0,0,28,304,1,14,1
04-08 11:37:47,13.492,15.491,69.459,0,0,6398920,4944744,400428,4505188,44924.645,22103.034,0,2158.734,0,18.989,2841,2859,1.390,1.870,1.870,4,0,0.999,0,0,28,304,1,14,1
04-08 11:37:48,22.043,8.016,69.387,0,0,6409440,4925680,400484,4513420,29999.044,15354.220,0,3298.492,0,93.183,2990,2662,1.390,1.870,1.870,3,0,5.010,0,0,28,304,1,14,1
04-08 11:37:49,25.174,9.970,63.809,0,0,6433452,4898560,400552,4516096,56840.515,581348.333,0,2121.636,0,307.079,4219,3325,1.390,1.870,1.870,5,0,20.937,0,0,28,304,1,14,1
04-08 11:37:50,18.063,5.269,75.766,0,0,6433392,4898308,400576,4516356,36707.037,17676.137,0,465.637,0,19.067,2596,2702,1.390,1.870,1.870,3,0,3.011,0,0,28,305,1,14,1
04-08 11:37:51,17.752,4.250,75.759,0,0,6450348,4881172,400652,4516420,23708.784,13293.561,0,1412.166,0,72.008,2897,3407,1.360,1.850,1.870,1,0,3.000,0,0,28,305,1,14,1
04-08 11:37:52,14.227,2.995,81.117,0.250,0,6450408,4880708,400708,4516696,27123.574,16234.410,0,1106.188,0,33.944,2255,2515,1.360,1.850,1.870,0,0,0,0,0,28,305,1,15,1
04-08 11:37:53,15.752,2.750,80.259,0,0,6450348,4880484,400792,4516892,27287.188,14683.716,0,1156.135,0,41.005,2321,2545,1.360,1.850,1.870,1,0,0,0,0,28,305,1,15,1
04-08 11:37:54,23.003,5.001,71.260,0,0,6466820,4863852,400832,4517008,22526.270,12860.867,0,736.107,0,32.005,2827,2726,1.360,1.850,1.870,1,0,2.000,0,0,28,305,1,11,1
04-08 11:37:55,17.274,2.504,78.361,0,0,6466804,4863612,400872,4517152,24921.192,13974.734,0,917.295,0,31.044,2304,2427,1.360,1.850,1.870,2,0,1.001,0,0,28,305,1,11,1
04-08 11:37:56,18.737,2.998,76.697,0,0,6474392,4855800,400900,4517344,22032.671,12268.464,0,655.544,0,17.987,2314,2433,1.330,1.840,1.860,3,0,0,0,0,28,305,1,11,1
04-08 11:37:57,17.504,3.001,78.766,0,0,6478128,4851796,400936,4517504,10233.138,6672.394,0,888.186,0,25.005,2273,2394,1.330,1.840,1.860,2,0,2.000,0,0,28,305,1,12,1
04-08 11:37:58,19.250,4.000,75.501,0,0,6477616,4835696,400960,4534088,21257.167,11531.091,0,512.004,0,16.000,2302,2284,1.330,1.840,1.860,1,0,0,0,0,28,305,1,10,1
04-08 11:37:59,23.990,4.998,69.222,0.250,0,6478768,4826652,401044,4541408,1027.590,0,0,1223.512,0,57.977,2988,3134,1.330,1.840,1.860,1,0,1.000,0,0,28,305,1,10,1
04-08 11:38:00,24.522,6.005,68.561,0.250,0,6477032,4817720,401268,4550544,240.214,0,0,1825.628,0,59.053,3183,3426,1.330,1.840,1.860,1,0,2.002,0,0,28,305,1,10,1
04-08 11:38:01,23.727,4.995,69.433,0,0,6479216,4800456,401460,4563924,15242.377,7450.852,0,1134.911,0,45.956,3129,3372,1.300,1.830,1.860,1,0,0,0,0,28,305,1,10,1
04-08 11:38:02,24.519,4.253,70.555,0,0,6481424,4791704,401576,4569476,300.234,0,0,784.613,0,25.020,2732,2738,1.300,1.830,1.860,1,0,0,0,0,28,305,1,9,1
04-08 11:38:03,22.743,6.498,68.980,0.500,0,6487692,4765116,401796,4587864,15819.358,7603.769,0,2747.194,0,124.963,3079,3155,1.300,1.830,1.860,1,0,1.999,0,0,28,305,1,9,1
04-08 11:38:04,23.248,5.499,69.743,0,0,6489260,4751660,401996,4597588,359.965,0,0,1675.837,0,56.994,2820,2952,1.300,1.830,1.860,1,0,0,0,0,28,305,1,9,1
04-08 11:38:05,28.080,5.715,65.353,0.248,0,6489296,4728840,402468,4618104,1991.908,905.503,0,1339.866,0,46.716,3054,3003,1.300,1.830,1.860,4,0,0.994,0,0,28,305,1,9,1
04-08 11:38:06,33.414,5.025,60.546,0,0,6490456,4718632,402556,4625860,15254.674,8167.983,0,1414.926,0,49.241,3111,2724,1.520,1.860,1.870,1,0,2.010,0,0,28,305,1,9,1
04-08 11:38:07,22.792,6.011,69.378,0,0,6418156,4806656,402572,4609584,642.185,174.322,0,392.725,0,14.026,2702,2642,1.520,1.860,1.870,1,0,2.004,0,0,28,304,1,9,1
04-08 11:38:08,20.510,7.754,70.534,0,0,6449892,4774904,402572,4609600,567.272,148.071,0,0,0,0,2701,2538,1.520,1.860,1.870,1,0,18.009,0,0,28,304,1,9,1
04-08 11:38:09,15.142,5.213,77.945,0,0,6471272,4753484,402596,4609616,6734.079,2868.587,0,603.704,0,11.915,2298,2366,1.520,1.860,1.870,3,0,18.866,0,0,28,305,1,9,1
04-08 11:38:10,23.161,7.301,68.726,0,0,6462008,4756132,402648,4615720,15594.118,8075.993,0,3045.113,0,363.520,3540,2948,1.520,1.860,1.870,3,0,3.021,0,0,28,304,1,9,1
04-08 11:38:11,25.186,9.725,61.593,0,0,6481668,4735944,402700,4616016,44856.413,22640.165,0,797.962,0,40.896,7813,13804,1.480,1.850,1.870,3,0,4.987,0,0,28,304,1,9,1
04-08 11:38:12,19.023,10.263,69.585,0,0,6493400,4723248,402700,4616900,30565.260,14808.052,0,8.010,0,1.001,3408,3863,1.480,1.850,1.870,1,0,10.012,0,0,28,304,1,9,1
04-08 11:38:13,22.265,7.005,68.796,0,0,6487008,4729420,402720,4617020,14984.929,7611.043,0,1621.074,0,9.006,3374,4060,1.480,1.850,1.870,1,0,5.003,0,0,28,304,1,9,1
04-08 11:38:14,20.739,11.993,64.215,0,0,6489040,4727312,402756,4617052,15456.475,7489.869,0,351.806,0,20.988,5896,10305,1.480,1.850,1.870,3,0,7.996,0,0,28,304,1,9,1
04-08 11:38:15,19.763,10.507,67.794,0,0,6456244,4760084,402824,4617004,15044.777,7300.745,0,704.458,0,36.023,3188,3010,1.480,1.850,1.870,2,0,10.007,0,0,28,304,1,9,1
04-08 11:38:16,26.978,14.488,57.704,0,0,6418444,4805872,402824,4609724,16574.704,8839.909,0,39.968,0,5.995,3477,3073,1.440,1.830,1.860,3,0,13.989,0,0,28,304,1,9,1
04-08 11:38:17,22.946,7.732,67.093,0,0,6423340,4800744,402828,4609988,30455.912,16527.423,0,590.621,0,12.970,3758,3864,1.440,1.830,1.860,1,0,40.905,0,0,28,304,1,9,1
04-08 11:38:18,26.000,13.000,56.750,0,0,6462636,4761688,402836,4609736,60048.086,32910.047,0,240.000,0,5.000,7026,12846,1.440,1.830,1.860,1,0,9.000,0,0,28,304,1,9,1
04-08 11:38:19,22.560,10.528,65.925,0,0,6464784,4759508,402844,4609756,57995.937,596960.496,0,10367.518,0,59.157,3693,3251,1.440,1.830,1.860,3,0,19.051,0,0,28,304,1,8,1
04-08 11:38:20,17.517,6.256,74.574,0,0,6479604,4744584,402940,4609764,33645.529,15909.855,0,1981.975,0,96.096,3002,3124,1.440,1.830,1.860,0,0,17.017,0,0,28,305,1,8,1
04-08 11:38:21,22.186,4.986,71.793,0.249,0,6480936,4737544,402988,4614868,17994.052,9228.358,0,1336.143,0,34.899,2766,2707,1.400,1.820,1.860,1,0,3.988,0,0,28,304,1,8,1
04-08 11:38:22,23.189,7.730,66.826,0,0,6476720,4740264,402996,4616168,14817.327,7504.414,0,355.073,0,4.987,4452,6108,1.400,1.820,1.860,1,0,5.984,0,0,28,304,1,9,1
04-08 11:38:23,21.991,10.616,65.973,0,0,6489004,4726972,402996,4617052,15729.362,7593.206,0,0,0,0,5589,9583,1.400,1.820,1.860,1,0,8.089,0,0,28,304,1,8,1
04-08 11:38:24,22.857,11.180,62.857,0,0,6486704,4729148,402996,4617164,15360.040,7316.292,0,7266.603,0,195.777,6698,11248,1.400,1.820,1.860,1,0,7.950,0,0,28,304,1,8,1
04-08 11:38:25,17.513,11.759,69.052,0,0,6477304,4738404,403008,4617248,15508.734,7301.524,0,540.409,0,9.007,3008,2712,1.400,1.820,1.860,1,0,15.011,0,0,28,304,1,8,1
04-08 11:38:26,20.744,9.747,69.229,0,0,6418096,4805948,403052,4609764,359.889,0,0,2187.325,0,320.901,3307,2650,1.370,1.810,1.850,2,0,1.000,0,0,28,304,1,8,1
04-08 11:38:27,24.248,8.749,65.494,0,0,6423664,4800368,403052,4609776,17032.438,8810.192,0,15.999,0,3.000,3291,2881,1.370,1.810,1.850,3,0,23.998,0,0,28,304,1,8,1
04-08 11:38:28,20.009,9.504,68.780,0,0,6414780,4809244,403052,4609784,11422.939,17529.579,0,4.002,0,1.000,3235,2820,1.370,1.810,1.850,3,0,48.021,0,0,28,304,1,8,1
04-08 11:38:29,22.253,8.501,68.010,0,0,6414220,4809784,403076,4609780,50370.245,25729.701,0,5692.819,0,44.006,3711,3654,1.370,1.810,1.850,1,0,47.007,0,0,28,304,1,8,1
04-08 11:38:30,23.751,10.501,61.254,0,0,6428268,4795672,403116,4609804,45146.730,25469.540,0,328.020,0,25.002,7697,13846,1.370,1.810,1.850,1,0,9.001,0,0,28,304,1,8,1
04-08 11:38:31,21.745,6.998,69.733,0,0,6452184,4771732,403132,4609812,44724.346,23500.402,0,163.961,0,6.998,2849,2656,1.340,1.790,1.850,2,0,17.996,0,0,28,304,1,7,1
04-08 11:38:32,18.262,8.391,70.826,0,0,6474328,4749584,403136,4610616,48795.327,24085.733,0,90.815,0,2.961,3027,4282,1.340,1.790,1.850,4,0,50.343,0,0,28,305,1,7,1
04-08 11:38:33,31.360,12.392,55.892,0.253,0,6465248,4753072,403188,4614916,16829.199,8646.259,0,1246.308,0,34.395,3923,10655,1.340,1.790,1.850,4,0,6.070,0,0,28,304,1,8,1
04-08 11:38:34,22.709,13.476,62.139,0.499,0,6430596,4786220,403196,4616220,15337.503,7282.943,3.993,44092.949,0.998,137.753,3562,3521,1.340,1.790,1.850,3,0,5.989,0,0,28,304,1,8,1
04-08 11:38:35,21.976,13.985,61.183,0,0,6481992,4733828,403196,4617108,14958.520,7287.971,0,14144.417,0,46.948,5763,9877,1.340,1.790,1.850,3,0,9.989,0,0,28,304,1,7,1
04-08 11:38:36,23.788,12.270,61.098,0,0,6498220,4717448,403196,4617224,15282.531,7307.730,0,100.161,0,3.005,5611,8968,1.310,1.780,1.840,2,0,7.011,0,0,28,304,1,7,1
04-08 11:38:37,20.122,12.073,66.654,0,0,6492460,4723084,403212,4617292,15697.168,7340.503,0,2503.176,0,217.318,4769,6406,1.310,1.780,1.840,1,0,13.079,0,0,28,304,1,7,1
04-08 11:38:38,18.623,12.835,67.447,0,0,6466668,4756808,403220,4609984,2153.255,1511.003,0,366.426,0,10.067,3001,2771,1.310,1.780,1.840,1,0,4.027,0,0,28,304,1,7,1
04-08 11:38:39,23.004,6.926,67.775,0,0,6451244,4772260,403228,4609964,15054.021,7284.108,0,427.429,0,6.926,3058,2866,1.310,1.780,1.840,1,0,10.884,0,0,28,304,1,7,1
04-08 11:38:40,22.999,10.249,64.246,2.250,0,6462344,4758956,403360,4612024,521.971,0,255.986,30722.308,6.000,94.995,3209,3054,1.310,1.780,1.840,2,0,0,0,0,28,304,1,7,1
04-08 11:38:41,25.505,6.751,65.263,0.250,0,6456660,4763248,403432,4613060,57840.621,581866.907,392.079,988.199,10.002,55.011,4738,5525,1.290,1.770,1.840,2,0,1.000,0,0,28,305,1,8,1
04-08 11:38:42,23.738,7.246,66.967,0.250,0,6453600,4766100,403492,4613208,29637.357,14584.794,0,387.808,0,44.978,5041,5852,1.290,1.770,1.840,3,0,1.999,0,0,28,308,1,11,1
04-08 11:38:43,25.965,8.988,62.416,0,0,6452624,4766980,403664,4613132,29670.934,14720.123,0,966.695,0,133.819,5425,7163,1.290,1.770,1.840,4,0,0.999,0,0,28,307,1,11,1
04-08 11:38:44,20.775,13.016,63.327,0.501,0,6398544,4820424,403844,4613588,15261.540,7304.874,128.156,1517.844,1.001,143.174,5146,5795,1.290,1.770,1.840,1,0,54.066,0,0,28,306,1,11,1
04-08 11:38:45,7.997,24.240,64.973,0,0,6394260,4824652,403860,4613628,46511.565,41886.497,0,119.950,0,13.994,5144,4188,1.290,1.770,1.840,1,0,154.935,0,0,28,306,1,11,1
04-08 11:38:46,13.254,27.509,56.769,0,0,6397164,4821700,403872,4613664,61105.527,32036.762,0,136.046,0,9.003,5471,4711,1.270,1.750,1.830,4,0,140.047,0,0,28,308,1,12,1
04-08 11:38:47,28.290,24.535,44.813,0,0,6400032,4818652,404020,4613696,46099.064,25315.731,0,3545.003,0,174.246,5955,5720,1.270,1.750,1.830,1,0,88.124,0,0,28,308,1,13,1
04-08 11:38:48,14.254,7.502,76.520,0,0,6363944,4856572,404040,4611888,76565.514,38653.852,0,364.093,0,17.004,2964,3040,1.270,1.750,1.830,0,0,13.003,0,0,28,306,0,13,1
04-08 11:38:49,10.738,10.488,77.161,0,0,6374256,4846256,404040,4611904,111904.726,39747.084,0,487.437,0,4.994,3320,3180,1.270,1.750,1.830,1,0,24.971,0,0,28,307,0,13,1
04-08 11:38:50,13.265,7.008,78.841,0,0,6372776,4847704,404072,4611904,87222.959,456171.009,0,472.547,0,23.027,2981,3208,1.270,1.750,1.830,0,0,7.008,0,0,28,307,1,13,1
04-08 11:38:51,3.750,2.000,92.747,0,0,6372432,4848048,404072,4611904,35665.781,99040.616,0,43.998,0,4.000,1908,2581,1.240,1.740,1.830,0,0,1.000,0,0,28,307,1,13,1
04-08 11:38:52,5.498,6.998,86.722,0,0,6373396,4847084,404092,4611884,25753.782,7817.506,0,27.991,0,2.999,2303,2672,1.240,1.740,1.830,2,0,14.995,0,0,28,306,1,14,2
04-08 11:38:53,4.750,7.501,85.758,0,0,6366192,4853956,404108,4612168,101686.383,30297.796,0,4616.426,0,666.061,3766,2790,1.240,1.740,1.830,2,0,20.002,0,0,28,306,1,15,1
04-08 11:38:54,6.736,15.717,75.343,0,0,6368140,4851968,404144,4612172,127536.416,46411.352,0,558.836,0,33.929,4293,3805,1.240,1.740,1.830,3,0,113.763,0,0,28,306,1,15,1
04-08 11:38:55,10.021,23.548,63.630,1.253,0,6366128,4853856,404188,4612220,44941.148,22139.395,44.090,813.668,6.012,136.279,5492,4122,1.240,1.740,1.830,1,0,210.431,0,0,28,306,1,15,1
04-08 11:38:56,11.249,8.999,69.492,8.249,0,6372140,4845568,404484,4613888,29692.760,14722.394,1959.786,3499.618,164.982,154.983,2994,3023,1.300,1.740,1.830,1,0,0,0,0,28,306,1,14,1
04-08 11:38:57,11.501,5.500,69.254,12.501,0,6376188,4834620,405108,4619176,15662.821,7598.398,5832.306,236.012,614.032,32.002,3634,3699,1.300,1.740,1.830,1,0,2.000,0,0,28,306,1,15,1
04-08 11:38:58,14.501,7.501,69.006,6.001,0,6389192,4815564,405420,4621900,14977.334,7444.663,3012.268,296.026,265.024,21.002,3172,3263,1.300,1.740,1.830,1,0,1.000,0,0,28,306,1,15,1
04-08 11:38:59,22.755,7.502,68.265,0,0,6374748,4829932,405464,4621928,15887.596,7297.652,0,304.069,0,33.007,3872,4197,1.300,1.740,1.830,1,0,1.000,0,0,28,306,1,15,1
04-08 11:39:00,23.978,9.241,64.440,0,0,6392480,4812040,405528,4622024,46023.182,24368.329,0,419.610,0,42.960,3874,4069,1.300,1.740,1.830,1,0,1.998,0,0,28,307,1,15,1
04-08 11:39:01,66.225,10.746,22.242,0,0,6243608,4960796,405652,4622016,45060.039,23045.326,0,2439.082,0,134.949,5516,4252,1.440,1.760,1.830,4,0,4.998,0,0,28,288,0,19,1
04-08 11:39:02,69.418,18.978,11.736,0,0,6022832,5181476,405664,4622080,55617.483,505965.974,0,179.788,0,8.989,5546,3822,1.440,1.760,1.830,4,0,7.991,0,0,28,278,0,21,1
04-08 11:39:03,82.023,17.809,0,0,0,6168336,5035824,405704,4622196,15332.017,8233.396,0,931.098,0,44.147,5423,3229,1.440,1.760,1.830,5,0,3.010,0,0,28,276,0,21,1
04-08 11:39:04,86.620,11.074,0.738,0,0,6164064,5039856,405744,4622396,30264.797,15182.107,0,263.797,0,24.608,6325,5158,1.440,1.760,1.830,6,0,3.937,0,0,28,276,0,23,1
04-08 11:39:05,73.842,17.255,9.135,0,0,6235928,4966328,405780,4624024,45461.116,23125.903,0,1278.908,0,32.480,7220,8467,1.440,1.760,1.830,3,0,6.090,0,0,28,288,1,26,1
04-08 11:39:06,65.707,14.602,19.637,0,0,6308776,4893008,405780,4624496,29739.025,15167.588,0,20.140,0,2.014,4962,4309,1.570,1.790,1.840,3,0,3.021,0,0,28,288,1,31,1
04-08 11:39:07,25.346,4.429,68.409,0,0,6332696,4869068,405792,4624504,14680.839,7478.714,0,188.986,0,8.859,2814,2849,1.570,1.790,1.840,1,0,0,0,0,28,290,1,34,1
04-08 11:39:08,12.983,8.146,78.914,0,0,6332572,4868088,405824,4625576,15662.565,7887.286,0,9323.004,0,836.993,5412,7067,1.570,1.790,1.840,0,0,0,0,0,28,292,1,34,1
04-08 11:39:09,2.726,1.239,93.906,0,0,6332548,4868088,405840,4625584,14960.589,7625.490,0,107.038,0,11.893,1616,2405,1.570,1.790,1.840,0,0,1.982,0,0,28,292,1,34,1
04-08 11:39:10,3.251,2.250,93.266,0,0,6332492,4868088,405888,4625592,14858.596,7599.328,0,432.075,0,44.008,1904,2818,1.570,1.790,1.840,0,0,0,0,0,28,292,1,34,1
04-08 11:39:11,4.995,3.996,89.158,0.250,0,6332644,4867864,405936,4625612,16583.856,9125.566,0,3344.542,0,45.952,2297,3167,1.440,1.760,1.830,1,0,0,0,0,28,292,1,34,1
04-08 11:39:12,2.252,1.752,95.346,0,0,6332644,4867864,405936,4625612,1030.034,74.074,0,4.004,0,1.001,1489,2250,1.440,1.760,1.830,0,0,2.002,0,0,28,292,1,34,1
04-08 11:39:13,3.000,3.250,92.997,0,0,6332636,4867864,405944,4625612,15500.434,7443.728,0,3391.876,0,686.975,2281,2286,1.440,1.760,1.830,0,0,0,0,0,28,292,1,34,1
04-08 11:39:14,2.000,2.000,94.517,0,0,6332604,4867864,405972,4625616,15260.790,7687.406,0,272.050,0,21.004,1758,2696,1.440,1.760,1.830,0,0,0,0,0,28,292,1,34,1
04-08 11:39:15,3.249,1.999,92.726,0,0,6332556,4867864,406016,4625620,760.805,0,0,159.959,0,23.994,1936,2961,1.440,1.760,1.830,2,0,2.999,0,0,28,292,1,34,1
04-08 11:39:16,2.000,2.500,95.233,0,0,6332556,4867864,406016,4625620,451.920,115.979,0,519.908,0,2.999,1415,2171,1.320,1.730,1.820,0,0,0,0,0,28,292,1,34,1
04-08 11:39:17,7.747,6.247,84.465,0,0,6370852,4828932,406024,4626264,15272.711,7454.930,0,371.847,0,18.992,2191,2642,1.320,1.730,1.820,2,0,3.998,0,0,28,292,1,34,1
04-08 11:39:18,3.989,3.490,90.489,0,0,6379444,4820976,406024,4625628,299.139,147.575,0,7.977,0,1.994,1999,2713,1.320,1.730,1.820,1,0,1.994,0,0,28,292,1,34,1
04-08 11:39:19,5.020,3.012,91.609,0,0,6374548,4825872,406028,4625624,15066.022,7649.969,0,84.330,0,4.016,1658,2313,1.320,1.730,1.820,1,0,0,0,0,28,292,1,34,1
04-08 11:39:20,2.997,1.998,93.147,0,0,6370380,4830020,406048,4625624,423.534,0,0,191.789,0,25.971,1892,2969,1.320,1.730,1.820,0,0,0,0,0,28,292,1,34,1
04-08 11:39:21,3.251,2.001,93.277,0,0,6366104,4834256,406116,4625596,705.205,0,0,872.254,0,59.017,1910,2890,1.220,1.700,1.810,0,0,2.001,0,0,28,292,1,34,1
04-08 11:39:22,4.750,2.750,91.250,0,0,6360780,4839520,406116,4625656,2374.004,1353.002,0,4.000,0,1.000,1783,2513,1.220,1.700,1.810,1,0,0,0,0,28,292,1,35,1
04-08 11:39:23,2.500,1.250,94.759,0,0,6356428,4843868,406116,4625660,15174.514,7904.789,0,0,0,0,1481,2216,1.220,1.700,1.810,0,0,0,0,0,28,292,1,35,1
04-08 11:39:24,1.515,2.020,96.189,0,0,6354132,4846152,406128,4625660,363.549,74.729,0,109.065,0,10.099,1490,2246,1.220,1.700,1.810,0,0,2.020,0,0,28,292,1,34,1
04-08 11:39:25,4.208,2.228,92.076,0.248,0,6352408,4847856,406160,4625648,593.052,0,0,455.432,0,40.593,2039,3009,1.220,1.700,1.810,0,0,0.990,0,0,28,292,1,34,1
04-08 11:39:26,2.252,1.752,94.835,0,0,6352276,4847964,406164,4625668,14989.457,7464.701,0,924.830,0,74.066,1626,2289,1.120,1.670,1.800,0,0,0,0,0,28,292,1,34,1
04-08 11:39:27,2.249,2.499,94.220,0,0,6352532,4847708,406164,4625672,478.846,0,0,39.987,0,3.999,1588,2312,1.120,1.670,1.800,1,0,1.999,0,0,28,292,1,35,1
04-08 11:39:28,2.000,1.750,94.982,0,0,6352356,4847756,406164,4625800,13916.369,543.897,0,0,0,0,1495,2259,1.120,1.670,1.800,0,0,0,0,0,28,292,1,34,1
04-08 11:39:29,2.250,1.750,94.009,0,0,6352344,4847756,406188,4625788,419.040,0,0,340.033,0,21.002,1705,2687,1.120,1.670,1.800,0,0,0,0,0,28,292,1,34,1
04-08 11:39:30,2.741,1.994,93.209,0,0,6352292,4847756,406232,4625796,580.188,0,0,227.290,0,27.913,1902,2905,1.120,1.670,1.800,4,0,1.994,0,0,28,292,1,34,1
04-08 11:39:31,3.509,2.005,94.749,0,0,6352476,4847504,406272,4625824,14954.275,7477.639,0,248.653,0,25.066,1761,2753,1.030,1.640,1.790,1,0,0,0,0,28,292,1,34,1
04-08 11:39:32,2.501,1.751,94.785,0,0,6352476,4847504,406296,4625800,180.067,0,0,204.076,0,17.006,1468,2246,1.030,1.640,1.790,0,0,0,0,0,28,292,1,34,1
04-08 11:39:33,16.502,11.002,70.510,0,0,6345124,4854752,406336,4625832,1929.268,1501.209,0,540.075,0,31.004,3668,9672,1.030,1.640,1.790,0,0,38.005,0,0,28,292,1,35,1
04-08 11:39:34,1.750,2.750,94.494,0,0,6345124,4854752,406336,4625832,359.976,0,0,1515.900,0,322.979,1861,2244,1.030,1.640,1.790,0,0,1.000,0,0,28,292,1,35,1
04-08 11:39:35,3.250,2.250,92.741,0,0,6345076,4854752,406376,4625840,418.957,0,0,183.981,0,20.998,2056,3100,1.030,1.640,1.790,0,0,1.000,0,0,28,290,1,36,1
04-08 11:39:36,2.250,1.500,95.237,0,0,6345076,4854752,406380,4625836,239.968,0,0,39.995,0,3.999,1441,2216,0.950,1.610,1.780,1,0,0,0,0,28,290,1,36,1
04-08 11:39:37,7.247,20.742,69.224,0,0,6348080,4851728,406396,4625840,126297.215,44109.311,0,319.879,0,14.994,4929,3796,0.950,1.610,1.780,1,0,186.929,0,0,28,290,1,35,1
04-08 11:39:38,15.514,17.766,65.058,0,0,6367424,4832376,406404,4625840,55745.642,467492.307,0,36.032,0,3.003,4577,3752,0.950,1.610,1.780,1,0,129.115,0,0,28,290,1,35,1
04-08 11:39:39,22.502,5.750,70.255,0,0,6412028,4787772,406404,4625840,17992.408,114014.920,0,28.002,0,3.000,2632,2457,0.950,1.610,1.780,1,0,1.000,0,0,28,290,1,35,1
04-08 11:39:40,24.906,4.981,68.990,0,0,6424364,4775424,406420,4625840,29361.371,14668.730,0,183.309,0,15.940,3322,3227,0.950,1.610,1.780,2,0,1.992,0,0,28,293,1,35,1
04-08 11:39:41,26.601,3.262,68.762,0,0,6441456,4758288,406436,4625872,15202.884,7560.787,0,256.978,0,21.080,3027,3132,0.950,1.600,1.780,2,0,0,0,0,28,296,1,35,1
04-08 11:39:42,13.234,18.227,66.668,0,0,6370896,4828848,406436,4625872,16073.151,7704.486,0,3.995,0,0.999,4552,3391,0.950,1.600,1.780,2,0,167.793,0,0,28,296,1,35,1
04-08 11:39:43,13.535,19.299,65.668,0,0,6376892,4822828,406456,4625876,44891.859,22848.459,0,172.441,0,15.038,4368,3618,0.950,1.600,1.780,2,0,136.349,0,0,28,296,1,35,1
04-08 11:39:44,25.218,6.991,66.165,0,0,6422992,4776712,406480,4625868,31104.224,15990.552,0,515.341,0,34.955,3111,3084,0.950,1.600,1.780,1,0,0,0,0,28,296,1,35,1
04-08 11:39:45,25.480,4.497,68.697,0,0,6448120,4751512,406516,4625904,15290.141,7290.346,0,255.802,0,27.978,3079,3245,0.950,1.600,1.780,2,0,0.999,0,0,28,296,1,31,1
04-08 11:39:46,26.444,7.734,63.865,0,0,6440672,4758896,406528,4625956,14884.489,7442.245,0,139.704,0,9.979,4002,4193,1.040,1.610,1.780,2,0,8.981,0,0,28,298,1,31,1
04-08 11:39:47,12.270,24.289,60.849,0.250,0,6425888,4773548,406656,4625976,128904.537,50185.578,0,2776.513,0,152.247,5532,4670,1.040,1.610,1.780,1,0,183.298,0,0,28,298,1,31,1
04-08 11:39:48,7.745,25.232,64.205,0.749,0,6419340,4779940,406800,4625988,60665.720,37194.078,139.902,39.972,4.997,3.997,5295,3997,1.040,1.610,1.780,1,0,199.861,0,0,28,298,1,31,1
04-08 11:39:49,6.000,23.249,67.997,0,0,6420680,4778596,406800,4625992,61627.715,38790.562,0,0,0,0,5107,4004,1.040,1.610,1.780,3,0,184.993,0,0,28,298,1,27,1
04-08 11:39:50,10.020,26.553,60.621,0,0,6394292,4804948,406820,4626004,70056.151,481411.090,0,264.529,0,18.036,5808,4768,1.040,1.610,1.780,3,0,190.381,0,0,28,298,1,27,1
04-08 11:39:51,7.742,22.725,66.927,0,0,6393296,4805908,406844,4626016,47599.254,112359.852,0,367.600,0,26.971,5267,4406,1.030,1.600,1.770,1,0,186.797,0,0,28,298,1,27,1
04-08 11:39:52,7.242,23.475,66.927,0,0,6381516,4817680,406844,4626024,60822.109,38680.096,0,115.874,0,5.994,5199,3981,1.030,1.600,1.770,1,0,194.789,0,0,28,298,1,28,1
04-08 11:39:53,7.262,26.043,65.358,0,0,6378504,4820684,406844,4626032,60987.424,37720.111,0,0,0,0,5412,4085,1.030,1.600,1.770,2,0,217.358,0,0,28,298,1,27,1
04-08 11:39:54,7.492,24.474,65.181,0,0,6380888,4818264,406872,4626040,60830.036,37898.149,0,163.828,0,15.983,5165,4062,1.030,1.600,1.770,1,0,192.797,0,0,28,298,1,27,1
04-08 11:39:55,10.490,28.222,58.942,0,0,6378272,4820840,406896,4626056,47488.180,29739.679,0,163.838,0,19.980,5628,4598,1.030,1.600,1.770,2,0,214.788,0,0,28,298,1,27,1
04-08 11:39:56,7.769,24.311,65.414,0,0,6370200,4828760,406908,4626196,61046.949,37921.008,0,200.502,0,12.030,5207,4099,1.190,1.620,1.780,1,0,198.497,0,0,28,298,1,27,1
04-08 11:39:57,6.996,23.486,66.959,0,0,6372300,4826652,406908,4626204,61278.802,38116.862,0,3.998,0,0.999,5109,3817,1.190,1.620,1.780,2,0,182.889,0,0,28,298,1,27,1
04-08 11:39:58,12.752,18.502,67.008,0,0,6377184,4821748,406924,4626208,67904.211,479211.948,0,228.028,0,10.001,4504,3692,1.190,1.620,1.780,1,0,111.013,0,0,28,298,1,27,1
04-08 11:39:59,23.255,6.501,69.014,0,0,6416220,4782688,406948,4626208,44074.130,138354.659,0,96.020,0,12.002,2962,2855,1.190,1.620,1.780,1,0,2.000,0,0,28,298,1,27,1
04-08 11:40:00,24.233,5.746,68.451,0,0,6440908,4757992,406964,4626200,29511.014,14743.515,0,215.847,0,25.982,3082,3161,1.190,1.620,1.780,1,0,0,0,0,28,298,1,28,1
04-08 11:40:01,22.494,7.077,70.263,0,0,6386408,4812456,406972,4626228,45638.853,24012.893,0,121.318,0,8.088,3162,3031,1.340,1.650,1.790,1,0,5.055,0,0,28,298,1,22,1
04-08 11:40:02,22.738,5.437,69.945,0,0,6421688,4777176,406972,4626228,43705.291,22344.983,0,253.089,0,53.386,2683,2415,1.340,1.650,1.790,1,0,1.977,0,0,28,298,1,22,1
04-08 11:40:03,23.195,6.051,70.090,0,0,6445584,4753276,406984,4626220,30271.632,15978.403,0,306.579,0,15.127,2660,2448,1.340,1.650,1.790,1,0,0,0,0,28,298,1,22,1
04-08 11:40:04,22.319,8.679,66.212,0,0,6446092,4752520,407156,4626296,15093.274,7397.847,0,1019.709,0,143.830,4341,5380,1.340,1.650,1.790,1,0,0.992,0,0,28,299,1,23,1
04-08 11:40:05,23.020,9.759,65.809,0.250,0,6428140,4770416,407212,4626296,14988.327,7692.840,0,3795.375,0,708.630,4733,3724,1.340,1.650,1.790,2,0,25.022,0,0,28,299,1,16,1
04-08 11:40:06,25.673,8.225,64.306,0,0,6462352,4736144,407212,4626352,48583.785,24630.872,0,43.868,0,1.994,3078,2836,1.310,1.640,1.780,2,0,0,0,0,28,299,1,16,1
04-08 11:40:07,24.054,6.515,69.157,0,0,6467116,4731320,407256,4626368,42080.276,22166.188,0,1751.967,0,81.184,3269,3164,1.310,1.640,1.780,2,0,0,0,0,28,300,1,16,1
04-08 11:40:08,13.760,6.004,78.305,0,0,6433112,4765316,407260,4626372,30081.057,16227.359,0,100.070,0,7.005,2905,3072,1.310,1.640,1.780,2,0,25.018,0,0,28,297,1,19,1
04-08 11:40:09,8.002,2.751,87.275,0,0,6417704,4780660,407312,4626384,29779.440,14596.137,0,408.116,0,47.013,2280,3165,1.310,1.640,1.780,0,0,0,0,0,28,299,1,11,1
04-08 11:40:10,3.001,1.500,93.768,0.500,0,6410404,4787936,407336,4626384,29477.756,14594.850,0,180.035,0,18.004,1748,2599,1.310,1.640,1.780,0,0,0,0,0,28,299,1,11,1
04-08 11:40:11,2.742,2.493,93.722,0,0,6403168,4795160,407344,4626388,30316.998,14710.329,0,562.331,0,25.923,1771,2556,1.200,1.610,1.770,0,0,1.994,0,0,28,299,1,11,1
04-08 11:40:12,3.261,1.756,94.304,0,0,6397820,4800496,407356,4626388,14904.082,7385.827,0,116.375,0,10.032,1676,2512,1.200,1.610,1.770,0,0,0,0,0,28,299,1,11,1
04-08 11:40:13,3.749,1.999,93.473,0,0,6394416,4803888,407368,4626388,24483.830,448170.756,0,131.961,0,8.997,1921,2523,1.200,1.610,1.770,0,0,0,0,0,28,299,1,11,1
04-08 11:40:14,2.251,2.251,92.780,0,0,6391392,4806848,407416,4626404,1089.350,70.022,0,496.159,0,40.013,2066,3557,1.200,1.610,1.770,1,0,2.001,0,0,28,299,1,11,1
04-08 11:40:15,3.248,2.748,92.945,0,0,6388584,4809620,407448,4626408,17010.882,126154.964,0,183.891,0,25.985,2128,3109,1.200,1.610,1.770,0,0,1.999,0,0,28,299,1,11,1
04-08 11:40:16,2.752,2.001,93.805,0,0,6386308,4811880,407456,4626416,14924.694,7300.253,0,100.058,0,10.006,1574,2323,1.110,1.580,1.760,1,0,0,0,0,28,299,1,11,1
04-08 11:40:17,6.975,5.730,85.697,0,0,6409424,4787708,407476,4627452,1802.630,1348.236,0,637.746,0,37.866,2178,2721,1.110,1.580,1.760,2,0,3.986,0,0,28,299,1,11,1
04-08 11:40:18,13.716,8.728,75.063,0,0,6425904,4771200,407504,4627452,29985.252,15295.870,0,462.846,0,29.925,3128,3561,1.110,1.580,1.760,2,0,10.973,0,0,28,299,1,11,1
04-08 11:40:19,28.380,8.790,63.038,0,0,6463600,4734520,407508,4626432,29726.961,14821.790,0,36.165,0,4.018,3058,2778,1.110,1.580,1.760,4,0,0,0,0,28,299,1,11,1
04-08 11:40:20,24.694,6.485,67.347,0,0,6465116,4732840,407544,4626560,29584.993,14624.876,0,247.440,0,24.944,3394,3437,1.110,1.580,1.760,1,0,1.995,0,0,28,300,1,11,1
04-08 11:40:21,20.040,8.517,70.140,0,0,6448020,4749924,407544,4626572,25814.562,11056.083,0,0,0,0,3052,2922,1.180,1.590,1.760,2,0,25.050,0,0,28,299,1,11,1
04-08 11:40:22,23.894,5.974,69.443,0,0,6447948,4749996,407544,4626572,48481.319,27113.936,0,7.965,0,1.991,2760,2530,1.180,1.590,1.760,2,0,0,0,0,28,299,1,12,1
04-08 11:40:23,24.372,5.779,68.594,0,0,6457972,4739972,407552,4626564,29806.285,14814.197,0,225.128,0,10.050,2924,2660,1.180,1.590,1.760,1,0,2.010,0,0,28,299,1,12,1
04-08 11:40:24,20.266,4.253,73.807,0,0,6394028,4803956,407568,4626508,47188.391,23916.444,0,148.114,0,10.008,3072,3019,1.180,1.590,1.760,0,0,5.004,0,0,28,299,1,12,1
04-08 11:40:25,8.252,10.503,76.769,2.251,0,6393952,4802312,407600,4628196,97899.431,30877.705,1176.294,236.059,24.006,22.005,3058,3407,1.180,1.590,1.760,0,1,13.003,0,0,28,299,1,12,1
04-08 11:40:26,8.494,11.242,69.697,8.743,0,6391724,4799360,407608,4633368,44462.400,22467.022,3841.097,91.931,86.934,2.998,2795,2689,1.160,1.580,1.760,1,0,1.998,0,0,28,299,1,11,1
04-08 11:40:27,10.498,14.498,68.739,5.749,0,6389152,4797180,407652,4638076,44667.646,22840.240,3771.379,639.895,69.988,39.993,3261,3001,1.160,1.580,1.760,1,0,3.999,0,0,28,299,1,12,1
04-08 11:40:28,9.996,9.246,64.721,13.994,0,6386072,4788620,407688,4649648,73393.019,551667.098,10831.133,291.869,115.948,21.990,3933,3831,1.160,1.580,1.760,0,1,6.997,0,0,28,299,1,12,1
04-08 11:40:29,3.003,4.755,69.076,22.024,0,6383040,4771568,407704,4669636,44675.883,22855.007,18147.857,136.149,201.220,12.013,3002,3314,1.160,1.580,1.760,1,0,0,0,0,28,299,1,12,1
04-08 11:40:30,4.499,6.749,67.737,18.746,0,6379504,4759936,407868,4684576,29646.189,15207.019,13961.263,2687.473,161.968,158.969,3296,3867,1.160,1.580,1.760,2,0,0,0,0,28,299,1,11,1
04-08 11:40:31,14.001,15.251,69.755,0,0,6378604,4758824,407872,4686584,15156.069,7620.537,0,32.002,0,3.000,2563,2396,1.150,1.570,1.760,2,0,2.000,0,0,28,299,1,11,1
04-08 11:40:32,12.461,14.704,70.531,0.997,0,6379036,4755548,407872,4689404,15109.021,7434.882,594.153,0,4.985,0,2438,2255,1.150,1.570,1.760,1,1,1.994,0,0,28,299,1,11,1
04-08 11:40:33,4.262,7.521,66.932,20.055,0,6378848,4739684,407888,4705376,60785.697,31628.216,15859.231,340.929,160.437,17.046,3272,3239,1.150,1.570,1.760,2,1,16.044,0,0,28,299,1,11,1
04-08 11:40:34,15.009,11.257,54.284,17.511,0,6380008,4728356,407896,4715488,45129.890,22832.110,9930.137,96.059,101.062,8.005,3938,12377,1.150,1.570,1.760,0,1,26.016,0,0,28,299,1,11,1
04-08 11:40:35,4.745,5.494,67.678,19.729,0,6374940,4717280,407928,4731536,44866.973,22495.920,15934.943,299.679,161.827,20.978,3457,3689,1.150,1.570,1.760,2,1,2.997,0,0,28,299,1,11,1
04-08 11:40:36,3.500,6.001,69.507,19.252,0,6375972,4704176,407928,4743560,44860.297,22552.160,11833.133,4.000,122.012,1.000,2888,2955,1.140,1.560,1.750,1,1,4.000,0,0,28,299,1,11,1
04-08 11:40:37,3.751,4.251,69.524,21.257,0,6364804,4702188,407936,4756656,44870.320,22395.647,12684.331,2580.881,184.063,482.165,3675,3050,1.140,1.560,1.750,0,1,4.001,0,0,28,299,1,11,1
