"pcp-dstat 6.2.0 CSV Output"
"Author:","PCP team <pcp@groups.io> and Dag Wieers <dag@wieers.com>",,,,"URL:","https://pcp.io/ and http://dag.wieers.com/home-made/dstat/"
"Host:","ubuntu",,,,"User:","stack"
"Cmdline:","dstat -tcmndrylpg --tcp --output /opt/stack/logs/dstat-csv.log",,,,"Date:","31 Jul 2026 17:12:38 UTC"
"system","total usage",,,,,"memory usage",,,,"net/total",,"dsk/total",,"io/total",,"system",,"load avg",,,"procs",,,"paging",,"tcp sockets",,,,
"time","total usage:usr","total usage:sys","total usage:idl","total usage:wai","total usage:stl","used","free","buf","cach","net/total:recv","net/total:send","dsk/total:read","dsk/total:writ","read","writ","int","csw","1m","5m","15m","run","blk","new","in","out","lis","act","syn","tim","clo"
31-07 17:12:38,,1254584,11453232,144272,3301292,,,,,,,1.880,1.250,0.900,2,0,,,,12,4,0,10,2
31-07 17:12:39,15.985,24.727,57.446,0,0,1260992,11446372,144436,3301500,125424.458,43094.614,0,1250.828,0,41.961,4511,2639,1.880,1.250,0.900,2,0,130.877,0,0,12,4,0,10,2
31-07 17:12:40,17.249,23.499,57.997,0,0,1266688,11440284,144476,3301776,161542.116,42774.648,0,539.970,0,14.999,4615,2531,1.880,1.250,0.900,2,0,134.993,0,0,12,4,0,10,2
31-07 17:12:41,21.234,25.730,51.211,0,0,1281204,11424964,144612,3302368,574502.780,52435.004,0,5691.659,0,55.957,5367,2690,1.890,1.270,0.910,2,0,142.891,0,0,12,4,0,10,2
31-07 17:12:42,21.263,24.765,53.282,0,0,1284064,11421740,144668,3302592,70727.694,43143.043,0,844.510,0,22.013,4363,2376,1.890,1.270,0.910,1,0,127.077,0,0,12,4,0,10,2
31-07 17:12:43,15.280,25.550,57.111,0,0,1285588,11403880,144796,3318168,443623.036,47275.865,0,1262.453,0,33.064,4718,2510,1.890,1.270,0.910,2,0,119.232,0,0,12,4,0,10,2
31-07 17:12:44,29.785,28.793,40.210,0,0,1313088,11371296,144916,3325608,82598.954,26734.404,0,726.764,0,22.835,4946,8577,1.890,1.270,0.910,3,0,156.870,0,0,12,4,0,10,2
31-07 17:12:45,37.768,27.400,31.350,0.494,0,1297900,11373328,145684,3333424,60144.556,30408.982,3.950,1240.175,0.987,54.307,5386,10740,1.890,1.270,0.910,3,0,72.080,0,0,12,4,0,10,2
31-07 17:12:46,31.839,29.801,38.716,0.509,0,1300396,11364088,145988,3338984,63441.805,595709.474,8.151,11655.467,2.038,51.961,5738,3163,1.900,1.280,0.910,3,0,127.354,0,0,12,4,0,10,2
31-07 17:12:47,36.078,30.275,33.302,0,0,1284216,11367688,146300,3350292,61966.622,32326.506,0,480.361,0,21.192,5329,4861,1.900,1.280,0.910,2,0,112.017,0,0,12,4,0,10,2
31-07 17:12:48,42.612,18.367,36.000,0.245,0,1300128,11345904,146508,3355204,29882.566,15327.733,0,677.880,0,17.633,4922,3598,1.900,1.280,0.910,9,0,48.980,0,0,12,4,0,10,2
31-07 17:12:49,35.568,24.217,39.856,0.252,0,1344016,11281628,147324,3421204,46389.739,24163.025,0,4294.393,0,505.520,5743,3980,1.900,1.280,0.910,2,0,28.253,0,0,13,4,0,10,2
31-07 17:12:50,26.517,21.764,50.532,0,0,1421736,11193844,148100,3505104,61571.384,32377.184,0,1380.861,0,44.027,4054,2614,1.900,1.280,0.910,2,0,68.042,0,0,13,6,0,10,2
31-07 17:12:51,39.948,11.485,47.189,0.499,0,1434544,11170272,148580,3514264,48109.802,27349.641,123.840,922.807,1.997,32.957,3380,1930,1.910,1.290,0.920,2,0,24.968,0,0,13,6,0,10,2
31-07 17:12:52,39.848,11.779,47.115,0,0,1443580,11140408,149276,3532680,62103.111,33719.590,0,1555.811,0,52.128,3414,1955,1.910,1.290,0.920,2,0,22.054,0,0,13,6,0,10,2
31-07 17:12:53,34.233,22.239,42.979,0.250,0,1457644,11137444,149848,3520072,59578.920,462403.302,0,1279.376,0,45.978,4801,2796,1.910,1.290,0.920,2,0,105.948,0,0,13,4,0,10,0
31-07 17:12:54,31.714,19.228,46.198,1.498,0,1394940,11199276,149928,3520940,61677.131,34172.289,926.950,671.240,11.986,27.968,4183,2493,1.910,1.290,0.920,2,0,71.919,0,0,13,4,0,12,0
31-07 17:12:55,36.152,11.549,46.948,4.770,0,1444272,11149128,149980,3521704,46925.434,23714.778,650.738,212.896,33.139,6.025,3174,1879,1.910,1.290,0.920,2,0,37.156,0,0,13,4,0,12,0
31-07 17:12:56,30.241,8.747,53.984,6.248,0,1468956,11120384,150212,3525360,52056.561,26870.031,3618.927,10876.774,201.940,42.987,3162,1943,1.830,1.290,0.920,4,0,1.000,0,0,13,5,0,12,0
31-07 17:12:57,41.618,9.719,47.599,0,0,1486124,11094328,150396,3532448,30688.777,15623.504,75.760,1567.036,0.997,15.949,3014,1551,1.830,1.290,0.920,2,0,1.994,0,0,13,4,0,12,0
31-07 17:12:58,42.564,12.845,41.053,1.763,0,1506448,11073472,150404,3532912,30791.979,15763.196,112.832,8.059,5.037,1.007,7332,11921,1.830,1.290,0.920,2,0,9.067,0,0,13,4,0,12,0
31-07 17:12:59,38.299,13.927,44.765,0.746,0,1532448,11044304,151568,3534588,15848.920,8160.224,15.917,8399.967,0.995,469.539,5071,4878,1.830,1.290,0.920,4,0,16.911,0,0,13,6,0,12,0
31-07 17:13:00,35.797,19.411,38.570,2.521,0,1550100,11016080,156784,3539560,45909.378,24653.262,0,32537.587,0,2292.998,12478,17390,1.830,1.290,0.920,3,1,22.184,0,0,13,6,0,12,0
31-07 17:13:01,35.251,25.391,30.568,1.726,0,1540216,11017224,161924,3542860,30078.573,15282.841,0,40668.786,0,2324.128,15806,24134,1.930,1.320,0.930,3,0,37.470,0,0,13,6,0,12,0
31-07 17:13:02,40.460,20.607,33.423,3.770,0,1542240,11011204,165136,3543724,47041.790,28581.119,8.042,46022.508,2.010,1964.179,9914,12171,1.930,1.320,0.930,2,0,34.177,0,0,13,6,0,12,0
31-07 17:13:03,32.043,20.277,46.562,0,0,1424536,11137412,165224,3536376,61347.461,33128.991,0,1077.431,0,36.048,4188,2286,1.930,1.320,0.930,2,0,76.101,0,0,13,4,0,12,0
31-07 17:13:04,39.939,13.480,44.932,0.250,0,1430968,11130516,165696,3536380,45478.106,24400.037,0,6218.580,0,303.540,4120,2663,1.930,1.320,0.930,2,0,27.958,0,0,13,4,0,12,0
31-07 17:13:05,40.808,13.351,45.846,0.252,0,1456820,11104576,165732,3536428,46058.588,23361.300,0,278.099,0,12.091,3493,1942,1.930,1.320,0.930,3,0,37.281,0,0,13,4,0,12,0
31-07 17:13:06,23.632,4.478,70.399,0,0,1466448,11094940,165740,3536428,46348.737,24140.548,0,127.364,0,5.970,2127,1492,1.850,1.310,0.930,3,0,13.930,0,0,13,4,0,12,0
31-07 17:13:07,22.505,5.751,71.017,0,0,1423044,11138328,165744,3536440,57115.412,469345.210,0,272.064,0,2.000,2336,1632,1.850,1.310,0.930,1,0,12.003,0,0,13,4,0,12,0
31-07 17:13:08,22.501,5.000,72.004,0,0,1424060,11137312,165744,3536440,52407.964,303820.181,0,8.000,0,2.000,2097,1442,1.850,1.310,0.930,1,0,1.000,0,0,13,4,0,12,0
31-07 17:13:09,22.245,4.749,72.234,0,0,1448568,11112804,165744,3536440,30899.020,15627.470,0,0,0,0,1889,1375,1.850,1.310,0.930,1,0,0,0,0,13,4,0,12,0
31-07 17:13:10,24.221,4.495,70.665,0,0,1451268,11110104,165748,3536436,30941.755,17178.322,0,1162.601,0,240.710,2341,1236,1.850,1.310,0.930,1,0,1.998,0,0,13,4,0,12,0
31-07 17:13:11,6.000,22.251,69.505,0.250,0,1405996,11155344,165756,3536460,61858.050,34551.262,0,128.008,0,4.000,4140,2673,1.780,1.310,0.930,1,0,138.009,0,0,13,4,0,12,0
31-07 17:13:12,6.259,24.035,68.348,0,0,1405768,11155564,165812,3536412,46598.137,27676.876,0,516.745,0,31.045,4318,3039,1.780,1.310,0.930,1,0,139.201,0,0,13,4,0,12,0
31-07 17:13:13,6.729,24.674,66.545,0,0,1387772,11173476,165820,3536484,61012.296,32090.275,0,95.706,0,6.979,4265,2665,1.780,1.310,0.930,2,0,138.574,0,0,13,4,0,12,0
31-07 17:13:14,7.263,23.792,67.370,0,0,1383492,11177744,165820,3536492,46487.518,24676.803,0,20.036,0,5.009,4090,2560,1.780,1.310,0.930,1,0,125.222,0,0,13,4,0,10,0
31-07 17:13:15,6.754,24.516,66.793,0,0,1377984,11183112,165820,3536596,62311.452,32726.246,0,12.008,0,3.002,4341,2810,1.780,1.310,0.930,1,0,135.088,0,0,13,4,0,10,0
31-07 17:13:16,17.254,23.505,58.012,0,0,1366652,11194452,165820,3536600,55026.835,515343.840,0,4.001,0,1.000,5191,5528,1.720,1.300,0.930,2,0,76.016,0,0,13,4,0,10,0
31-07 17:13:17,17.480,25.471,54.438,1.498,0,1329488,11231560,165836,3536624,60603.278,31739.009,15.982,29210.876,3.995,108.877,5629,5266,1.720,1.300,0.930,3,0,66.924,0,0,13,4,0,10,0
31-07 17:13:18,36.633,22.927,35.636,3.240,0,1371932,11187476,165848,3538708,46962.476,25508.241,1722.479,1646.722,20.933,5.981,4478,2550,1.720,1.300,0.930,3,0,95.693,0,0,13,4,0,6,0
31-07 17:13:19,44.448,13.309,40.430,1.004,0,1440004,11118176,165848,3539936,61499.786,32012.514,1104.919,4.018,14.063,1.004,3378,1752,1.720,1.300,0.930,2,0,30.134,0,0,13,5,0,6,0
31-07 17:13:20,46.667,4.265,47.922,1.004,0,1468840,11089196,165872,3540052,29754.770,15132.300,20.072,12.043,4.014,2.007,2677,1220,1.720,1.300,0.930,3,0,0,0,0,13,5,0,6,0
31-07 17:13:21,41.834,8.217,48.059,0.996,0,1493792,11063240,165896,3541016,29799.867,15245.563,490.057,362.563,7.968,23.905,2730,1421,1.740,1.310,0.940,2,0,0,0,0,13,5,0,6,0
31-07 17:13:22,36.919,14.867,46.583,0,0,1508812,11047628,165936,3541568,15330.612,7687.111,0,0,0,0,2850,1796,1.740,1.310,0.940,3,0,1.982,0,0,13,5,0,6,0
31-07 17:13:23,39.000,23.400,34.974,2.265,0,1529748,11023944,166044,3543928,30796.360,17251.557,12.077,63756.587,3.019,219.406,5635,4671,1.740,1.310,0.940,1,0,70.451,0,0,13,6,0,6,0
31-07 17:13:24,24.502,17.751,55.754,1.500,0,1560740,10992204,166176,3544532,60953.625,32224.445,724.055,4.000,15.001,1.000,3664,2251,1.740,1.310,0.940,3,0,69.005,0,0,14,12,0,6,0
31-07 17:13:25,25.322,5.766,67.944,0,0,1603824,10949112,166176,3544540,46443.333,25025.305,0,0,0,0,2252,1643,1.740,1.310,0.940,1,0,3.009,0,0,14,12,0,6,0
31-07 17:13:26,22.502,6.251,70.256,0,0,1637084,10915848,166176,3544544,30834.548,16012.323,0,6216.514,0,824.068,3512,1643,1.680,1.310,0.940,1,0,1.000,0,0,14,12,0,3,0
31-07 17:13:27,24.752,3.250,71.256,0,0,1642628,10910304,166176,3544544,30566.423,15754.249,0,0,0,0,1850,1268,1.680,1.310,0.940,1,0,0,0,0,14,12,0,3,0
31-07 17:13:28,23.699,3.742,69.351,1.996,0,1666220,10886140,166260,3544964,41635.759,460503.973,207.555,1700.356,14.968,28.938,2593,2186,1.680,1.310,0.940,2,0,3.991,0,0,14,18,0,3,0
31-07 17:13:29,32.997,6.749,56.994,0.250,0,1671192,10880120,167236,3545024,64901.140,190397.875,0,8139.140,0,484.949,5447,6307,1.680,1.310,0.940,3,0,1.000,0,0,14,20,0,3,0
31-07 17:13:30,20.555,14.038,65.175,0,0,1648864,10902432,167284,3544992,45271.544,24372.435,0,449.206,0,24.065,3366,2648,1.680,1.310,0.940,1,0,42.113,0,0,14,18,0,5,0
31-07 17:13:31,19.073,4.266,72.778,2.761,0,1676992,10873716,167316,3545452,30213.472,14780.489,461.765,4.015,26.100,1.004,1826,1311,1.630,1.300,0.940,1,0,2.008,0,0,14,18,0,5,0
31-07 17:13:32,23.641,3.484,72.166,0,0,1681612,10868556,167420,3545796,29473.561,15018.476,0,2850.803,0,80.627,2070,1609,1.630,1.300,0.940,1,0,0,0,0,14,19,0,5,0
31-07 17:13:33,16.749,5.250,71.997,4.500,0,1676088,10873744,167460,3545972,29801.683,15291.324,175.992,1131.950,43.998,13.999,2222,2119,1.630,1.300,0.940,0,1,0,0,0,14,18,0,5,0
31-07 17:13:34,15.743,4.998,70.720,7.247,0,1670424,10878924,167496,3546208,15388.408,7520.778,267.885,4769.957,65.972,356.847,3115,2482,1.630,1.300,0.940,1,0,1.999,0,0,14,25,0,5,0
31-07 17:13:35,18.252,9.001,71.758,0,0,1578472,10970864,167496,3546220,16187.721,9170.975,0,0,0,0,2640,1935,1.630,1.300,0.940,2,0,43.005,0,0,14,24,0,6,0
31-07 17:13:36,20.759,6.503,72.281,0,0,1621312,10928024,167496,3546220,44286.855,22485.573,0,0,0,0,1979,1513,1.580,1.300,0.940,2,0,1.000,0,0,14,24,0,6,0
31-07 17:13:37,22.494,5.249,72.232,0,0,1645704,10903620,167504,3546224,29889.550,15524.131,0,103.974,0,3.999,2036,1451,1.580,1.300,0.940,1,0,2.999,0,0,14,24,0,6,0
31-07 17:13:38,22.990,4.498,71.718,0,0,1614688,10934620,167504,3546240,16574.655,7974.466,0,3.998,0,1.000,2840,2757,1.580,1.300,0.940,2,0,5.997,0,0,14,24,0,6,0
31-07 17:13:39,18.513,27.020,52.788,0,0,1632604,10916676,167548,3546252,45583.929,24645.804,0,360.260,0,22.016,4627,2935,1.580,1.300,0.940,3,0,150.108,0,0,14,24,0,6,0
31-07 17:13:40,41.570,10.206,47.295,0,0,1690476,10858788,167564,3546252,44076.990,22414.864,0,111.517,0,7.965,3055,1603,1.580,1.300,0.940,2,0,1.991,0,0,14,24,0,6,0
31-07 17:13:41,43.776,8.954,46.263,0,0,1723868,10825340,167588,3546264,29625.398,15323.585,0,1257.565,0,222.860,4460,3138,1.610,1.310,0.950,2,0,0,0,0,14,25,0,6,0
31-07 17:13:42,42.310,7.260,40.307,8.512,0,1727784,10821336,167612,3546328,25166.481,444330.436,0,144.203,0,10.014,5760,6107,1.610,1.310,0.950,5,1,0,0,0,14,26,0,6,0
31-07 17:13:43,42.412,10.038,42.914,3.012,0,1658284,10890636,167684,3546452,18405.424,125291.400,0,361.383,0,31.119,4895,4273,1.610,1.310,0.950,2,0,36.138,0,0,14,24,0,6,0
31-07 17:13:44,32.751,46.103,20.406,0,0,1633952,10914936,167700,3546468,61248.624,32752.596,0,225.727,0,16.123,5383,3214,1.610,1.310,0.950,4,0,264.020,0,0,14,24,0,6,0
31-07 17:13:45,62.820,35.790,0.751,0,0,1757300,10791560,167720,3546460,45662.203,23966.875,0,364.409,0,21.024,5891,7727,1.610,1.310,0.950,6,0,271.304,0,0,14,24,0,7,0
31-07 17:13:46,77.467,22.740,0.250,0,0,1898248,10650504,167728,3546504,60645.971,31836.336,0,87.962,0,3.998,5752,4075,2.040,1.400,0.980,6,0,50.978,0,0,14,24,0,7,0
31-07 17:13:47,82.916,14.806,0.987,0,0,1993436,10555260,167760,3546512,29472.754,14403.725,0,134.245,0,12.832,6132,6236,2.040,1.400,0.980,8,0,0,0,0,14,26,0,7,0
31-07 17:13:48,84.876,14.104,1.763,0,0,2049776,10498824,167800,3546564,29932.612,15411.588,0,237.752,0,16.119,6271,7499,2.040,1.400,0.980,7,0,9.067,0,0,14,26,0,8,0
31-07 17:13:49,76.905,17.535,5.511,0,0,2043420,10504928,167888,3546724,30179.656,15202.555,0,1595.206,0,42.085,6787,7237,2.040,1.400,0.980,4,0,93.187,0,0,14,25,0,8,0
31-07 17:13:50,37.450,30.210,30.210,0,0,1765324,10782896,167944,3546796,45607.472,24595.358,0,371.507,0,29.960,5138,3800,2.040,1.400,0.980,1,0,215.714,0,0,14,24,0,8,0
31-07 17:13:51,22.518,5.254,72.559,0,0,1758148,10790008,167960,3546796,44630.078,22716.363,0,208.168,0,9.007,1827,1282,1.960,1.390,0.980,2,0,0,0,0,14,24,0,8,0
31-07 17:13:52,22.106,5.778,71.592,0,0,1745912,10802188,168008,3546804,30183.180,15150.371,0,2873.727,0,407.949,3072,2199,1.960,1.390,0.980,1,0,2.010,0,0,14,24,0,8,0
31-07 17:13:53,24.485,2.498,71.705,0,0,1734084,10813968,168048,3546812,15085.547,7667.195,0,111.930,0,14.991,3135,3285,1.960,1.390,0.980,1,0,0,0,0,14,24,0,8,0
31-07 17:13:54,12.534,14.790,71.444,0.251,0,1696760,10851276,168064,3546812,14902.444,7640.736,0,124.337,0,7.019,2920,2039,1.960,1.390,0.980,1,0,68.185,0,0,14,24,0,8,0
31-07 17:13:55,23.151,4.481,71.197,0,0,1688260,10859760,168080,3546812,68676.746,463515.510,0,115.508,0,6.970,2156,1449,1.960,1.390,0.980,3,0,2.987,0,0,14,24,0,6,0
31-07 17:13:56,22.292,4.759,72.636,0,0,1693868,10854136,168096,3546812,33100.138,145390.941,0,80.150,0,7.013,1906,1320,1.880,1.390,0.980,1,0,1.002,0,0,14,24,0,6,0
31-07 17:13:57,22.291,4.258,72.632,0,0,1698424,10849560,168104,3546824,15046.428,7471.620,0,36.066,0,4.007,2345,2081,1.880,1.390,0.980,1,0,0,0,0,14,25,0,6,0
31-07 17:13:58,23.447,3.991,71.587,0,0,1635692,10912204,168176,3546840,14882.214,7588.772,0,307.302,0,27.937,3148,3203,1.880,1.390,0.980,3,0,6.984,0,0,14,24,0,6,0
31-07 17:13:59,5.708,25.563,66.266,0,0,1626932,10920928,168192,3546844,45279.966,25594.880,0,393.126,0,8.935,4660,2690,1.880,1.390,0.980,3,0,185.643,0,0,14,24,0,6,0
31-07 17:14:00,6.258,26.032,66.331,0,0,1611688,10936148,168240,3546836,60902.680,33300.834,0,612.751,0,28.034,5022,2931,1.880,1.390,0.980,1,0,216.265,0,0,14,24,0,6,0
31-07 17:14:01,9.544,32.401,57.266,0,0,1608016,10939780,168272,3546844,60918.400,32927.181,0,200.935,0,17.079,5239,3357,1.810,1.380,0.980,2,0,246.145,0,0,14,24,0,6,0
31-07 17:14:02,43.180,46.675,9.235,0,0,1648316,10899432,168280,3546852,56009.722,30614.654,0,103.833,0,11.981,5361,3336,1.810,1.380,0.980,7,0,307.504,0,0,14,24,0,6,0
31-07 17:14:03,75.012,24.754,0.250,0,0,1820148,10727580,168280,3546872,49425.772,25928.077,0,296.047,0,2.000,5066,2675,1.810,1.380,0.980,5,0,79.012,0,0,14,25,0,6,0
31-07 17:14:04,82.887,15.479,0.999,0,0,1932448,10615268,168280,3546884,29818.485,15063.533,0,215.707,0,0.999,5563,3840,1.810,1.380,0.980,6,0,1.997,0,0,14,26,0,6,0
31-07 17:14:05,82.216,13.204,3.737,0,0,1964240,10583276,168280,3547080,29815.111,14739.137,0,0,0,0,6072,7310,1.810,1.380,0.980,4,0,0,0,0,14,26,0,7,1
31-07 17:14:06,82.657,13.526,3.006,0.250,0,1924232,10623152,168392,3547100,15004.533,7376.026,0,545.036,0,46.088,6756,9566,2.070,1.440,1,5,0,31.059,0,0,14,26,0,7,0
31-07 17:14:07,66.997,33.247,0.756,0,0,1734404,10812860,168480,3547128,31429.130,16842.935,0,519.856,0,38.284,6307,6895,2.070,1.440,1,7,0,271.010,0,0,14,24,0,7,0
31-07 17:14:08,75.964,24.489,0,0,0,1828464,10718744,168496,3547168,56493.567,565453.432,0,2314.917,0,385.819,5943,3104,2.070,1.440,1,6,0,13.993,0,0,14,24,0,7,0
31-07 17:14:09,84.257,15.251,0,0,0,1967276,10579904,168552,3547132,29599.514,15865.348,0,932.079,0,39.003,4991,2749,2.070,1.440,1,6,0,0,0,0,14,24,0,7,0
31-07 17:14:10,84.453,13.662,0.994,0,0,2033568,10513404,168568,3547332,29901.373,15016.759,0,413.324,0,52.659,6535,7906,2.070,1.440,1,6,0,1.987,0,0,14,26,0,7,1
31-07 17:14:11,80.586,15.967,2.495,0,0,2012276,10534572,168608,3547416,15004.392,7670.353,0,219.552,0,16.965,7184,9788,2.380,1.520,1.030,6,0,49.898,0,0,14,27,0,9,0
31-07 17:14:12,75.153,20.542,4.509,0,0,1888956,10657664,168656,3547580,46213.232,25069.118,0,260.531,0,21.043,6875,10110,2.380,1.520,1.030,4,0,148.302,0,0,14,24,0,10,0
31-07 17:14:13,55.408,22.815,19.054,1.504,0,1759204,10787348,168672,3547628,60820.574,31674.395,0,208.595,0,10.029,4745,3085,2.380,1.520,1.030,2,0,102.292,0,0,14,24,0,10,0
31-07 17:14:14,43.888,8.478,47.379,0,0,1795348,10751180,168688,3547636,29755.896,15105.366,0,343.122,0,10.972,3594,2608,2.380,1.520,1.030,2,0,0,0,0,14,24,0,10,0
31-07 17:14:15,45.354,6.728,45.852,0,0,1787708,10758740,168736,3547668,30361.236,15322.661,0,303.024,0,22.926,4997,4899,2.380,1.520,1.030,3,0,0,0,0,14,25,0,10,0
31-07 17:14:16,32.321,29.038,36.614,0,0,1725532,10820872,168752,3547692,46251.461,24206.467,0,189.886,0,11.110,5865,5082,2.350,1.530,1.040,4,0,175.746,0,0,14,24,0,10,0
31-07 17:14:17,41.488,40.239,18.245,0,0,1710820,10835576,168768,3547684,60330.063,32382.909,0,219.938,0,11.997,4773,2862,2.350,1.530,1.040,4,0,206.942,0,0,14,24,0,10,0
31-07 17:14:18,61.416,13.731,24.217,0,0,1768484,10777896,168784,3547684,44654.179,22784.966,0,107.853,0,5.992,4127,2283,2.350,1.530,1.040,3,0,0,0,0,14,24,0,10,0
31-07 17:14:19,62.847,11.721,25.189,0,0,1815156,10731024,168816,3547852,14938.638,7439.891,0,510.757,0,19.951,5140,4794,2.350,1.530,1.040,7,0,1.995,0,0,14,26,0,10,0
31-07 17:14:20,62.981,9.460,25.391,0.249,0,1815292,10730800,168864,3547892,38511.403,442648.127,0,231.013,0,20.911,7688,8193,2.350,1.530,1.040,4,0,0,0,0,14,26,0,11,0
31-07 17:14:21,47.817,30.882,19.426,0,0,1712284,10833336,168968,3548256,18847.736,134426.596,0,470.197,0,45.824,5941,4733,2.400,1.550,1.050,6,0,163.374,0,0,14,24,0,11,0
31-07 17:14:22,70.705,29.651,0.507,0,0,1777288,10768320,168984,3548252,60456.666,32170.569,0,182.465,0,8.110,5057,2516,2.400,1.550,1.050,6,0,97.315,0,0,14,24,0,11,0
31-07 17:14:23,80.891,16.079,1.732,0,0,1893228,10652188,169032,3548388,29280.226,14977.037,0,4187.554,0,584.793,6632,4655,2.400,1.550,1.050,6,0,0,0,0,14,26,0,12,0
31-07 17:14:24,71.320,15.710,11.720,0,0,1858232,10686752,169248,3548596,29864.620,15024.078,0,2038.854,0,115.708,7092,7972,2.400,1.550,1.050,4,0,39.899,0,0,14,29,0,13,0
31-07 17:14:25,56.818,13.016,28.284,0,0,1824972,10719860,169344,3548640,44668.618,22414.906,0,444.534,0,39.047,7571,8005,2.400,1.550,1.050,3,0,32.038,0,0,14,29,0,13,0
31-07 17:14:26,41.603,41.855,16.893,0.252,0,1723216,10821552,169396,3548652,61100.876,33667.912,0,334.844,0,25.214,5280,3540,2.450,1.580,1.060,3,0,258.193,0,0,14,28,0,13,0
31-07 17:14:27,61.467,13.993,23.737,0,0,1769836,10774932,169412,3548636,29857.029,14973.990,0,135.927,0,6.996,3645,1565,2.450,1.580,1.060,3,0,0,0,0,14,28,0,13,0
31-07 17:14:28,62.766,11.278,24.273,0,0,1814060,10730632,169460,3548664,29139.274,14997.233,0,560.974,0,27.460,4466,2930,2.450,1.580,1.060,3,0,1.961,0,0,14,30,0,13,0
31-07 17:14:29,57.708,10.124,31.385,0,0,1816264,10728364,169476,3548708,15857.549,7945.479,0,48.596,0,6.075,7662,8338,2.450,1.580,1.060,4,0,0,0,0,14,30,0,17,0
31-07 17:14:30,57.657,16.437,25.035,0,0,1707208,10837160,169564,3548872,30224.288,15982.053,0,408.655,0,38.438,6547,6014,2.450,1.580,1.060,3,0,66.760,0,0,14,28,0,17,0
31-07 17:14:31,38.191,42.934,18.222,0,0,1665500,10878840,169580,3548884,45882.117,24152.686,0,183.716,0,11.981,4997,3043,2.500,1.600,1.070,3,0,234.638,0,0,14,28,0,17,0
31-07 17:14:32,61.847,12.864,23.007,0,0,1767516,10776820,169620,3548848,44024.815,22080.686,0,447.274,0,19.791,4287,2362,2.500,1.600,1.070,3,0,0,0,0,14,28,0,15,0
31-07 17:14:33,66.085,11.559,22.364,0,0,1814008,10730280,169620,3548896,39945.736,454349.960,0,0,0,0,4740,3273,2.500,1.600,1.070,3,0,0,0,0,14,29,0,15,0
31-07 17:14:34,52.452,7.780,38.649,0,0,1814340,10729776,169620,3549064,17617.859,136335.126,0,0,0,0,6373,7051,2.500,1.600,1.070,2,0,3.012,0,0,14,31,0,15,0
31-07 17:14:35,51.663,21.568,25.079,0,0,1669788,10874248,169692,3549068,15470.724,7385.260,0,597.883,0,32.101,5922,5240,2.500,1.600,1.070,3,0,112.354,0,0,14,28,0,15,0
31-07 17:14:36,35.160,39.864,23.522,0,0,1675508,10868468,169724,3549096,59710.445,32642.265,0,269.394,0,16.837,4984,3031,2.540,1.620,1.080,3,0,174.314,0,0,14,28,0,14,0
31-07 17:14:37,63.032,13.204,23.170,0,0,1797316,10746608,169772,3549100,44440.391,22589.917,0,538.140,0,28.900,3932,2003,2.540,1.620,1.080,5,0,1.993,0,0,14,28,0,14,0
31-07 17:14:38,64.726,10.788,23.833,0,0,1835916,10707984,169772,3549124,15088.596,7698.837,0,8.028,0,2.007,4888,4002,2.540,1.620,1.080,3,0,0,0,0,14,30,0,16,0
31-07 17:14:39,58.516,7.032,32.649,0,0,1833312,10710460,169852,3549164,29786.622,14984.225,0,317.445,0,32.146,6923,7450,2.540,1.620,1.080,3,0,0,0,0,14,29,0,16,0
31-07 17:14:40,48.182,28.357,22.586,0,0,1725904,10817856,169868,3549160,15785.787,8745.121,0,381.445,0,41.156,5193,3303,2.540,1.620,1.080,3,0,114.433,0,0,14,28,0,16,0
31-07 17:14:41,61.675,14.482,23.721,0,0,1769236,10774512,169884,3549160,44332.751,22670.259,0,107.868,0,6.991,3724,1590,2.570,1.650,1.090,5,0,0,0,0,14,28,0,16,0
31-07 17:14:42,64.497,10.999,22.749,0,0,1818968,10724712,169916,3549196,29710.561,15239.262,0,355.983,0,18.999,5137,4309,2.570,1.650,1.090,4,0,0,0,0,14,29,0,17,0
31-07 17:14:43,54.847,9.635,33.106,0.247,0,1818788,10724712,169944,3549348,15373.905,7516.483,3.953,4055.699,0.988,590.962,7293,6749,2.570,1.650,1.090,12,0,1.976,0,0,14,30,0,18,0
31-07 17:14:44,44.256,27.409,27.157,0,0,1643624,10899764,170004,3549392,14986.854,7501.474,0,301.749,0,27.157,5578,4235,2.570,1.650,1.090,4,0,143.834,0,0,14,28,0,18,0
31-07 17:14:45,45.803,41.776,11.828,0,0,1674440,10868928,170020,3551536,61628.594,32547.258,0,293.944,0,16.107,5485,7854,2.570,1.650,1.090,6,0,218.445,0,0,14,28,0,18,0
31-07 17:14:46,67.573,31.784,0,0,0,1780480,10762840,170064,3549380,44784.191,23190.955,0,528.569,0,30.032,5416,8107,3.010,1.750,1.130,7,0,180.194,0,0,14,28,0,19,0
31-07 17:14:47,71.426,28.471,0.499,0,0,1909256,10633992,170072,3549440,70646.267,459203.236,0,83.914,0,6.993,5797,4618,3.010,1.750,1.130,7,0,170.824,0,0,14,28,0,19,0
31-07 17:14:48,75.477,22.917,0.747,0,0,1991360,10551880,170072,3549448,48197.792,156765.381,0,0,0,0,6944,6882,3.010,1.750,1.130,7,0,146.471,0,0,14,30,0,17,0
31-07 17:14:49,75.670,22.227,1.748,0,0,2040236,10502752,170120,3549644,62082.363,34895.107,0,343.637,0,20.978,6732,7208,3.010,1.750,1.130,8,0,125.867,0,0,14,29,0,18,0
31-07 17:14:50,67.050,32.024,1.001,0,0,1921164,10621756,170192,3549640,62548.390,33939.171,0,408.303,0,32.024,6428,6964,3.010,1.750,1.130,6,0,248.184,0,0,14,29,0,18,0
31-07 17:14:51,69.852,29.649,1.005,0,0,1866296,10676444,170272,3549648,47329.429,27279.424,0,599.018,0,34.172,6501,6363,3.250,1.820,1.150,7,0,214.078,0,0,14,28,0,18,0
31-07 17:14:52,65.015,34.127,0,0,0,1831504,10711144,170288,3549736,62704.251,35493.649,0,155.438,0,6.975,5216,3737,3.250,1.820,1.150,6,0,241.128,0,0,14,28,0,17,0
31-07 17:14:53,74.668,25.557,0,0,0,1925204,10617428,170328,3549728,61198.604,36794.733,0,513.154,0,25.056,5753,4423,3.250,1.820,1.150,6,0,171.385,0,0,14,28,0,17,0
31-07 17:14:54,76.551,16.707,6.483,0,0,1984968,10557464,170336,3549920,45473.917,24013.643,0,2437.670,0,406.943,6844,5915,3.250,1.820,1.150,2,0,45.881,0,0,14,33,0,17,0
31-07 17:14:55,62.967,11.244,22.988,0,0,1986196,10556204,170344,3549944,44766.611,22038.486,0,47.975,0,3.998,6820,7883,3.250,1.820,1.150,5,0,3.998,0,0,14,30,0,18,0
31-07 17:14:56,77.392,19.285,4.258,0,0,1773876,10768324,170344,3550140,15630.607,7471.675,0,52.095,0,4.007,6605,8717,3.390,1.880,1.170,6,0,116.213,0,0,14,30,0,18,0
31-07 17:14:57,41.157,33.674,22.449,0,0,1662536,10879652,170344,3550168,73149.113,575658.399,0,11.973,0,2.993,6529,5798,3.390,1.880,1.170,2,0,212.521,0,0,14,28,0,18,0
31-07 17:14:58,8.430,33.474,55.789,0,0,1605372,10936820,170344,3550164,61378.051,34276.892,0,3.967,0,0.992,4994,3027,3.390,1.880,1.170,2,0,226.132,0,0,14,28,0,18,0
31-07 17:14:59,6.015,26.566,66.165,0,0,1605860,10936300,170400,3550168,49254.562,25104.468,0,557.387,0,30.075,4662,3124,3.390,1.880,1.170,3,0,162.404,0,0,14,28,0,18,0
31-07 17:15:00,14.029,35.825,48.351,0,0,1599976,10942168,170400,3550184,57698.016,31178.854,0,16.033,0,4.008,5110,3042,3.390,1.880,1.170,2,0,212.442,0,0,14,28,0,18,0
31-07 17:15:01,36.095,45.182,18.174,0,0,1644404,10897720,170408,3550196,61524.704,32218.283,0,105.005,0,10.097,5376,3217,3.360,1.890,1.180,7,0,267.560,0,0,14,28,0,18,0
31-07 17:15:02,55.651,42.924,1.248,0,0,1740204,10801900,170416,3550208,56418.603,27556.962,0,119.787,0,7.986,5272,3719,3.360,1.890,1.180,9,0,311.446,0,0,14,28,0,18,0
31-07 17:15:03,66.328,32.915,0.748,0,0,1833728,10708304,170464,3550232,50077.329,28607.922,0,279.277,0,21.943,6580,6832,3.360,1.890,1.180,8,0,266.310,0,0,14,29,0,18,0
31-07 17:15:04,77.987,21.566,0.502,0,0,1919132,10622884,170480,3550232,44992.864,23064.159,0,124.378,0,6.018,5246,4396,3.360,1.890,1.180,6,0,72.220,0,0,14,28,0,18,0
31-07 17:15:05,80.229,15.697,2.990,0.249,0,1964220,10577560,170584,3550304,42178.293,554436.109,0,346.827,0,39.865,6922,7512,3.360,1.890,1.180,8,0,0,0,0,14,29,0,18,0
31-07 17:15:06,74.291,23.107,1.491,0,0,1956096,10585404,170640,3550524,29908.391,14729.085,0,600.295,0,26.834,5924,7137,3.490,1.950,1.200,5,0,134.172,0,0,14,29,0,19,0
31-07 17:15:07,74.527,25.344,1.004,0,0,1863456,10678012,170664,3550528,15314.851,7389.431,0,196.730,0,12.045,5475,4449,3.490,1.950,1.200,5,0,126.469,0,0,14,29,0,21,0
31-07 17:15:08,80.784,17.757,0.500,0,0,1919348,10622096,170680,3550536,15281.388,7513.141,0,172.072,0,8.003,6191,6027,3.490,1.950,1.200,5,0,10.004,0,0,14,29,0,20,0
31-07 17:15:09,83.065,14.468,2.245,0,0,1949336,10591896,170696,3550728,15182.099,7279.744,0,143.679,0,7.982,6552,6244,3.490,1.950,1.200,6,0,0,0,0,14,31,0,21,0
31-07 17:15:10,71.680,14.287,11.823,0,0,1919972,10621160,170744,3550776,14991.199,7253.711,0,275.881,0,22.662,7011,9013,3.490,1.950,1.200,6,0,31.529,0,0,14,30,0,22,0
31-07 17:15:11,74.887,15.885,9.329,0,0,1957200,10583864,170760,3550824,543.623,0,0,367.122,0,46.395,6747,8085,3.690,2.010,1.230,3,0,0,0,0,14,32,0,23,0
31-07 17:15:12,69.965,11.034,18.557,0,0,1998924,10541932,170808,3550980,15082.330,7318.481,0,196.604,0,19.059,6912,6921,3.690,2.010,1.230,5,0,0,0,0,14,32,0,23,0
31-07 17:15:13,71.957,17.360,9.058,0,0,1902484,10638240,170888,3551032,483.071,148.947,0,394.508,0,34.218,6851,8281,3.690,2.010,1.230,6,0,69.441,0,0,14,29,0,20,0
31-07 17:15:14,73.307,23.775,2.229,0,0,1852796,10687888,170904,3551052,15331.996,7358.407,0,5539.609,0,719.198,7205,7081,3.690,2.010,1.230,5,0,59.438,0,0,14,30,0,20,0
31-07 17:15:15,84.493,14.334,1.509,0,0,1936044,10604476,170944,3551176,362.111,0,0,205.196,0,16.094,5788,6930,3.690,2.010,1.230,7,0,0,0,0,14,30,0,20,0
31-07 17:15:16,83.698,14.578,1.508,0,0,1994100,10546304,170992,3551240,15544.214,7697.206,0,365.959,0,23.124,6703,6473,3.880,2.080,1.260,6,0,33.178,0,0,14,29,0,20,0
31-07 17:15:17,75.485,20.587,1.961,0,0,1915080,10625256,171008,3551304,587.214,0,0,537.217,0,8.823,5839,5329,3.880,2.080,1.260,5,0,65.682,0,0,14,30,0,21,0
31-07 17:15:18,83.920,16.683,0.758,0,0,1955368,10584936,171024,3551320,895.821,149.640,0,173.906,0,8.089,6589,9632,3.880,2.080,1.260,5,0,4.044,0,0,14,30,0,22,0
31-07 17:15:19,74.405,11.642,13.413,0,0,1995436,10544644,171040,3551524,15160.391,7549.826,0,117.428,0,8.098,6815,7885,3.880,2.080,1.260,4,0,2.025,0,0,14,31,0,23,0
31-07 17:15:20,61.029,7.812,26.609,0,0,1995212,10544644,171080,3551708,809.495,0,0,179.671,0,16.600,7124,7502,3.880,2.080,1.260,8,0,0,0,0,14,31,0,23,0
31-07 17:15:21,62.832,15.270,20.026,0,0,1939708,10600084,171104,3551744,964.255,0,0,168.219,0,12.016,6719,6726,3.810,2.100,1.270,5,0,30.039,0,0,14,31,0,22,0
31-07 17:15:22,80.808,18.609,2.039,0,0,1915708,10624024,171120,3551788,16492.915,7837.066,0,338.525,0,8.157,6113,7577,3.810,2.100,1.270,5,0,74.435,0,0,14,30,0,22,0
31-07 17:15:23,74.481,23.994,1.250,0,0,1915160,10624528,171136,3551812,783.804,189.953,0,147.963,0,7.998,6165,7865,3.810,2.100,1.270,5,0,93.977,0,0,14,29,0,23,0
31-07 17:15:24,77.699,19.550,2.005,0,0,1926244,10613244,171200,3551944,905.324,0,0,4431.373,0,618.588,6731,5486,3.810,2.100,1.270,7,0,55.142,0,0,14,29,0,23,0
31-07 17:15:25,79.333,19.210,1.247,0,0,1966384,10572948,171272,3552016,906.092,0,0,299.370,0,29.937,6615,6900,3.810,2.100,1.270,7,0,31.933,0,0,14,30,0,21,0
31-07 17:15:26,81.382,15.135,2.481,0,0,1973000,10565992,171432,3552192,15521.212,7401.829,0,1937.298,0,100.239,6094,9088,4.220,2.210,1.310,5,0,0.992,0,0,14,31,0,21,0
31-07 17:15:27,80.097,13.853,5.793,0,0,1945956,10592956,171448,3552256,1254.344,0,0,72.540,0,6.045,6364,8466,4.220,2.210,1.310,7,0,32.240,0,0,14,29,0,21,0
31-07 17:15:28,75.302,21.336,3.263,0,0,1899144,10639704,171520,3552240,1311.260,148.596,0,301.208,0,29.117,6519,8500,4.220,2.210,1.310,5,0,75.302,0,0,14,28,0,21,0
31-07 17:15:29,77.379,21.577,0.744,0,0,1812860,10725764,171536,3552448,1019.810,0,0,150.789,0,6.944,5991,6061,4.220,2.210,1.310,5,0,63.490,0,0,14,29,0,21,0
31-07 17:15:30,80.438,16.532,1.727,0,0,1905300,10633280,171552,3552472,15832.016,7200.947,0,106.593,0,6.909,6799,6455,4.220,2.210,1.310,5,0,0,0,0,14,30,0,21,0
31-07 17:15:31,78.606,20.417,2.297,0,0,1875776,10662700,171608,3552520,800.353,0,0,273.590,0,25.521,5820,5091,4.440,2.290,1.340,8,0,116.378,0,0,14,30,0,21,0
31-07 17:15:32,77.683,18.802,2.721,0,0,1918064,10620364,171624,3552544,834.230,0,0,506.674,0,9.896,6044,6015,4.440,2.290,1.340,6,0,6.927,0,0,14,31,0,21,1
31-07 17:15:33,80.585,16.217,1.996,0,0,1911756,10626616,171672,3552552,906.145,147.698,0,215.559,0,18.961,6845,7663,4.440,2.290,1.340,5,0,50.896,0,0,14,29,0,18,0
31-07 17:15:34,78.518,16.245,3.938,0,0,1959764,10578344,171720,3552764,1210.994,0,0,208.724,0,18.706,6252,8726,4.440,2.290,1.340,6,0,10.830,0,0,14,30,0,19,0
31-07 17:15:35,78.142,21.451,2.043,0,0,1881656,10656432,171736,3552768,678.254,0,0,151.177,0,8.172,6537,7145,4.440,2.290,1.340,5,0,94.996,0,0,14,29,0,19,0
31-07 17:15:36,75.913,22.875,1.760,0,0,1857124,10680784,171736,3552944,15362.652,7498.832,0,0,0,0,5877,5101,4.490,2.340,1.360,5,0,66.361,0,0,14,28,0,19,0
31-07 17:15:37,79.079,19.458,0.499,0,0,1907256,10630636,171736,3552960,992.858,0,0,19.957,0,1.996,5588,4688,4.490,2.340,1.360,6,0,44.903,0,0,14,29,0,19,0
31-07 17:15:38,85.616,13.268,1.252,0,0,1968900,10568964,171736,3552988,1426.928,148.200,0,4.005,0,1.001,5708,4275,4.490,2.340,1.360,7,0,0,0,0,14,29,0,19,0
31-07 17:15:39,76.446,19.235,3.206,0,0,1983948,10553848,171760,3553028,714.157,0,0,102.586,0,8.878,6200,6995,4.490,2.340,1.360,4,0,42.415,0,0,14,31,0,19,0
31-07 17:15:40,75.989,20.679,1.993,0,0,1867608,10669992,171824,3553160,720.526,0,0,346.809,0,27.904,6612,7575,4.490,2.340,1.360,6,0,96.668,0,0,14,30,0,19,0
31-07 17:15:41,71.413,24.807,3.508,0,0,1836688,10700764,171904,3553220,933.130,0,0,424.970,0,34.078,6893,7152,4.530,2.380,1.380,6,0,59.135,0,0,14,29,0,18,0
31-07 17:15:42,78.417,21.571,1.269,0,0,1837632,10699756,171920,3553268,1103.423,0,0,341.077,0,41.619,6227,5903,4.530,2.380,1.380,5,0,73.088,0,0,14,29,0,19,0
31-07 17:15:43,82.125,16.525,1.002,0,0,1927380,10609804,171968,3553424,15243.185,7455.340,0,292.445,0,22.034,6476,5662,4.530,2.380,1.380,5,0,26.040,0,0,14,29,0,19,0
31-07 17:15:44,73.949,19.524,3.417,0,0,1942532,10594460,171984,3553592,588.660,0,0,218.673,0,9.762,6305,6651,4.530,2.380,1.380,4,0,64.430,0,0,14,30,0,20,0
31-07 17:15:45,57.150,10.716,32.912,0,0,1957616,10578876,172016,3554052,493.942,0,0,6960.098,0,804.187,8055,7601,4.530,2.380,1.380,5,0,0,0,0,14,31,0,17,0
31-07 17:15:46,68.436,21.988,7.659,0,0,1842572,10693684,172032,3554272,773.794,0,0,166.025,0,7.906,6156,15388,4.570,2.420,1.400,7,0,117.601,0,0,14,30,0,18,0
31-07 17:15:47,68.585,29.720,2.286,0.254,0,1834240,10701884,172080,3554352,861.635,0,0,459.267,0,54.868,6018,6120,4.570,2.420,1.400,4,0,94.495,0,0,14,28,0,18,0
31-07 17:15:48,79.649,19.975,0.250,0,0,1830824,10705288,172096,3554348,1110.597,147.813,0,147.813,0,7.990,4844,2175,4.570,2.420,1.400,4,0,29.962,0,0,14,29,0,18,0
31-07 17:15:49,82.806,14.132,2.479,0,0,1889624,10646320,172136,3554472,863.763,0,0,230.072,0,17.850,5612,4714,4.570,2.420,1.400,4,0,1.983,0,0,14,30,0,18,0
31-07 17:15:50,70.627,17.719,9.983,0,0,1854716,10680924,172184,3554724,15949.141,8043.949,0,271.526,0,21.962,6521,7378,4.570,2.420,1.400,7,0,78.862,0,0,14,29,0,18,0
31-07 17:15:51,54.693,28.092,16.408,0,0,1827528,10708008,172256,3554740,46082.975,23320.917,0,469.362,0,31.821,6283,5879,4.520,2.450,1.410,3,0,139.217,0,0,14,29,0,18,0
31-07 17:15:52,63.486,13.100,22.674,0,0,1864472,10670904,172272,3554880,45717.891,22449.814,0,306.345,0,34.262,5722,4849,4.520,2.450,1.410,3,0,2.015,0,0,14,30,0,19,0
31-07 17:15:53,60.317,10.512,27.280,0,0,1894040,10641272,172288,3554928,15882.551,7518.308,0,792.876,0,11.012,5689,5083,4.520,2.450,1.410,3,0,0,0,0,14,31,0,19,0
31-07 17:15:54,60.304,8.223,28.906,0,0,1885112,10650160,172304,3554948,29798.141,14771.983,0,147.520,0,7.974,6176,5821,4.520,2.450,1.410,4,0,0,0,0,14,30,0,19,0
31-07 17:15:55,47.175,28.355,24.090,0,0,1814132,10720968,172320,3555100,15397.217,7714.668,0,160.597,0,8.030,5577,4594,4.520,2.450,1.410,3,0,116.433,0,0,14,28,0,20,0
31-07 17:15:56,56.349,19.947,22.689,0,0,1766784,10768312,172336,3555088,15357.814,7988.577,0,167.551,0,9.973,3978,1956,4.400,2.460,1.420,3,0,34.906,0,0,14,28,0,20,0
31-07 17:15:57,64.655,12.029,23.055,0,0,1851996,10683060,172352,3555112,850.044,0,0,116.280,0,8.019,4170,2706,4.400,2.460,1.420,3,0,0,0,0,14,29,0,20,0
31-07 17:15:58,63.780,10.713,23.170,0,0,1859064,10675944,172368,3555140,15226.464,8100.052,0,119.587,0,6.976,5643,5274,4.400,2.460,1.420,2,0,1.993,0,0,14,31,0,20,0
31-07 17:15:59,56.091,12.020,29.798,0,0,1821596,10713320,172424,3555176,15244.791,7307.884,0,300.489,0,25.041,6782,6671,4.400,2.460,1.420,4,0,26.042,0,0,14,30,0,22,0
31-07 17:16:00,52.742,21.747,23.496,0,0,1735448,10799260,172472,3555320,1051.842,0,0,263.960,0,19.997,6085,5519,4.400,2.460,1.420,3,0,68.990,0,0,14,29,0,22,0
31-07 17:16:01,59.192,18.309,21.570,0,0,1770524,10763992,172504,3555476,15723.946,7644.769,0,212.689,0,16.052,5602,4382,4.290,2.470,1.430,5,0,26.085,0,0,14,29,0,23,0
31-07 17:16:02,59.852,15.711,23.442,0,0,1773208,10761260,172536,3555488,661.368,0,0,215.468,0,15.961,4438,2876,4.290,2.470,1.430,5,0,29.926,0,0,14,30,0,23,0
31-07 17:16:03,62.240,14.363,22.931,0,0,1816572,10717720,172552,3555644,24472.718,445564.745,0,326.572,0,8.063,6150,6092,4.290,2.470,1.430,3,0,0,0,0,14,30,0,24,0
31-07 17:16:04,59.119,14.841,23.252,0,0,1803676,10730572,172568,3555672,1055.725,0,0,217.675,0,24.736,6188,5600,4.290,2.470,1.430,4,0,44.524,0,0,14,29,0,24,0
31-07 17:16:05,58.818,17.671,23.224,0,0,1756684,10777548,172584,3555672,881.513,0,0,125.209,0,7.068,4880,3619,4.290,2.470,1.430,5,0,43.419,0,0,14,29,0,24,0
31-07 17:16:06,62.369,13.365,22.522,0,0,1820560,10713472,172584,3555872,19154.167,141084.282,0,0,0,0,5952,5179,4.180,2.480,1.440,3,0,1.980,0,0,14,29,0,24,0
31-07 17:16:07,61.549,10.466,25.915,0,0,1846864,10687132,172584,3555904,602.030,0,0,39.870,0,4.984,6423,6077,4.180,2.480,1.440,3,0,1.993,0,0,14,30,0,24,0
31-07 17:16:08,58.642,8.809,31.209,0,0,1844124,10689784,172584,3555992,667.465,148.997,0,16.108,0,2.013,6663,6922,4.180,2.480,1.440,4,0,0,0,0,14,30,0,25,0
31-07 17:16:09,52.345,24.159,22.398,0,0,1676384,10857432,172672,3556004,16341.790,7586.037,0,394.603,0,36.239,6004,5077,4.180,2.480,1.440,5,0,103.684,0,0,14,28,0,25,0
31-07 17:16:10,41.710,34.423,23.870,0,0,1723296,10810500,172688,3556008,851.281,0,0,164.829,0,8.040,4813,2676,4.180,2.480,1.440,3,0,159.804,0,0,14,28,0,21,0
31-07 17:16:11,61.602,14.964,22.945,0,0,1796792,10736956,172744,3556000,662.411,0,0,6117.329,0,733.241,5290,1969,4.090,2.490,1.450,3,0,0,0,0,14,28,0,21,0
31-07 17:16:12,64.042,10.138,23.985,0,0,1827760,10705736,172760,3556232,715.099,0,0,67.257,0,8.902,5693,5357,4.090,2.490,1.450,3,0,0,0,0,14,28,0,21,0
31-07 17:16:13,60.195,14.922,24.280,0,0,1826516,10706940,172792,3556240,15730.678,7937.674,0,348.019,0,15.175,5474,4783,4.090,2.490,1.450,3,0,36.421,0,0,14,29,0,21,0
31-07 17:16:14,51.636,24.459,21.989,0,0,1809740,10723676,172808,3556264,997.150,0,0,142.309,0,7.906,5645,4950,4.090,2.490,1.450,4,0,93.884,0,0,14,29,0,19,0
31-07 17:16:15,60.599,13.217,23.691,0,0,1856680,10676712,172808,3556288,422.947,0,0,0,0,0,5890,5252,4.090,2.490,1.450,3,0,0,0,0,14,30,0,20,0
31-07 17:16:16,57.118,18.620,23.652,0,0,1877876,10655172,172880,3556556,1058.822,0,0,1630.505,0,283.829,6270,5471,4,2.500,1.460,3,0,63.409,0,0,14,29,0,21,0
31-07 17:16:17,56.895,19.133,23.916,0,0,1782556,10750444,172952,3556528,892.191,0,0,302.096,0,32.224,5178,4137,4,2.500,1.460,4,0,30.210,0,0,14,28,0,21,0
31-07 17:16:18,51.005,23.654,22.669,0,0,1854536,10678380,172968,3556596,14999.820,7880.844,0,189.235,0,9.856,4809,2797,4,2.500,1.460,4,0,92.646,0,0,14,29,0,20,0
31-07 17:16:19,61.881,14.087,23.897,0,0,1883816,10648936,172984,3556740,792.886,0,0,177.091,0,9.056,5019,4242,4,2.500,1.460,7,0,2.012,0,0,14,29,0,20,0
31-07 17:16:20,66.019,9.467,22.920,0,0,1927276,10605296,173000,3556904,1051.323,0,0,283.010,0,32.885,6318,5543,4,2.500,1.460,3,0,0,0,0,14,29,0,20,0
31-07 17:16:21,53.820,20.276,24.031,0,0,1824920,10707608,173016,3556932,424.550,0,0,120.156,0,7.009,5918,5558,4,2.520,1.470,3,0,43.056,0,0,14,30,0,20,0
31-07 17:16:22,65.352,10.767,22.786,0,0,1855812,10676656,173032,3556972,904.410,0,0,112.175,0,7.011,6951,7042,4,2.520,1.470,4,0,2.003,0,0,14,29,0,18,0
31-07 17:16:23,53.797,24.021,21.019,0,0,1790492,10741744,173104,3557132,15823.951,7450.569,0,268.236,0,28.025,5907,4999,4,2.520,1.470,5,0,126.111,0,0,14,28,0,18,0
31-07 17:16:24,41.455,24.473,32.964,0,0,1778968,10753188,173136,3557176,542.407,0,0,247.729,0,13.985,5497,5053,4,2.520,1.470,3,0,102.888,0,0,14,29,0,18,0
31-07 17:16:25,39.862,13.037,46.380,0,0,1764488,10767344,173424,3557204,726.036,0,0,2539.120,0,152.427,4354,3707,4,2.520,1.470,4,0,49.138,0,0,14,29,0,18,0
31-07 17:16:26,38.347,13.446,46.813,0,0,1761080,10770748,173424,3557208,720.123,0,0,87.650,0,19.920,3978,3195,3.840,2.510,1.470,3,0,21.912,0,0,14,29,0,17,0
31-07 17:16:27,44.724,7.746,45.724,0,0,1791612,10740196,173424,3557228,1249.278,0,0,0,0,0,4941,4461,3.840,2.510,1.470,3,0,0,0,0,14,30,0,17,0
31-07 17:16:28,37.068,15.779,46.836,0,0,1697396,10834400,173424,3557240,1087.997,148.272,0,0,0,0,4380,3267,3.840,2.510,1.470,2,0,66.121,0,0,14,29,0,17,0
31-07 17:16:29,43.409,9.535,46.169,0,0,1726952,10804708,173440,3557352,996.646,0,0,116.426,0,7.026,4391,4005,3.840,2.510,1.470,2,0,0,0,0,14,28,0,17,0
31-07 17:16:30,32.787,21.524,44.550,0,0,1710832,10820812,173440,3557368,30541.154,29434.917,0,8.009,0,2.002,4758,3076,3.840,2.510,1.470,2,0,102.114,0,0,14,28,0,17,0
31-07 17:16:31,41.087,12.451,45.320,0,0,1724692,10806952,173480,3557328,44525.488,21962.933,0,3442.354,0,522.927,5125,3566,3.690,2.500,1.480,4,0,1.992,0,0,14,28,0,17,0
31-07 17:16:32,34.322,19.432,45.931,0,0,1707884,10823540,173504,3557520,15429.909,7365.170,0,193.820,0,12.114,4646,3141,3.690,2.500,1.480,3,0,94.891,0,0,14,28,0,17,0
31-07 17:16:33,40.861,10.401,47.053,0,0,1718192,10813208,173520,3557524,29495.484,14666.515,0,154.530,0,8.915,3839,2848,3.690,2.500,1.480,4,0,0,0,0,14,29,0,17,0
31-07 17:16:34,46.429,6.525,45.927,0,0,1756016,10775184,173568,3557676,15337.981,7522.929,0,321.235,0,45.174,4799,4639,3.690,2.500,1.480,5,0,2.008,0,0,14,28,0,15,0
31-07 17:16:35,40.410,10.976,46.896,0,0,1702392,10828796,173584,3557672,15309.917,7279.794,0,119.733,0,7.982,3944,3061,3.690,2.500,1.480,4,0,4.989,0,0,14,29,0,15,0
31-07 17:16:36,45.646,6.485,46.644,0,0,1745152,10785960,173632,3557692,541.764,0,0,199.545,0,17.959,4285,3661,3.800,2.540,1.500,4,0,0.998,0,0,14,29,0,15,0
31-07 17:16:37,36.421,16.829,45.965,0,0,1728252,10802844,173648,3557708,16250.118,7740.256,0,132.621,0,8.038,4433,3650,3.800,2.540,1.500,3,0,32.151,0,0,14,29,0,15,0
31-07 17:16:38,46.994,6.785,45.989,0,0,1770772,10760256,173696,3557728,15425.202,8200.638,0,253.317,0,23.120,4337,3683,3.800,2.540,1.500,2,0,0,0,0,14,28,0,15,0
31-07 17:16:39,40.810,10.388,47.241,0,0,1734964,10796052,173696,3557740,478.838,0,0,0,0,0,3412,2327,3.800,2.540,1.500,3,0,4.947,0,0,14,29,0,15,0
31-07 17:16:40,44.785,8.006,46.036,0,0,1739972,10791040,173696,3557744,15421.095,7625.981,0,60.047,0,13.010,5134,4868,3.800,2.540,1.500,3,0,2.002,0,0,14,28,0,15,0
31-07 17:16:41,36.557,16.025,46.322,0,0,1736460,10794516,173696,3557780,484.753,0,0,8.012,0,1.002,4409,3474,3.650,2.540,1.500,2,0,56.087,0,0,14,29,0,15,0
31-07 17:16:42,41.011,11.003,46.762,0,0,1731064,10799864,173728,3557792,15163.028,7297.939,0,128.034,0,12.003,3980,3204,3.650,2.540,1.500,2,0,5.001,0,0,14,28,0,15,0
31-07 17:16:43,42.072,10.268,47.331,0,0,1758248,10772676,173728,3557796,887.525,148.255,0,28.048,0,5.009,3416,2181,3.650,2.540,1.500,2,0,2.003,0,0,14,28,0,13,0
31-07 17:16:44,43.686,7.943,46.665,0,0,1772364,10758428,173728,3557928,658.270,0,0,456.718,0,0.993,4025,3291,3.650,2.540,1.500,2,0,0,0,0,14,29,0,13,0
31-07 17:16:45,36.494,16.360,45.555,0.252,0,1729260,10801468,173768,3557952,15266.186,7345.166,0,157.051,0,16.108,4904,4098,3.650,2.540,1.500,3,0,68.458,0,0,14,29,0,14,0
31-07 17:16:46,40.300,18.773,39.800,0,0,1697744,10832780,173808,3559072,663.830,0,0,128.160,0,15.019,4800,6289,3.520,2.530,1.500,6,0,77.096,0,0,14,28,0,14,0
31-07 17:16:47,34.072,32.331,32.083,0,0,1717836,10812832,173808,3557972,481.490,0,0,2216.447,0,411.853,5885,11221,3.520,2.530,1.500,2,0,165.139,0,0,14,29,0,14,0
31-07 17:16:48,30.328,25.315,43.362,0,0,1713268,10817276,173920,3557980,15438.803,7788.079,0,1371.536,0,70.181,5230,3861,3.520,2.530,1.500,2,0,111.287,0,0,14,29,0,14,0
31-07 17:16:49,38.020,14.508,46.275,0,0,1717928,10812532,173992,3557988,364.195,0,0,300.161,0,31.017,4265,3147,3.520,2.530,1.500,2,0,50.027,0,0,14,28,0,14,0
31-07 17:16:50,35.091,16.915,48.219,0,0,1731792,10798640,174008,3558000,905.810,0,0,117.139,0,6.059,3756,2273,3.520,2.530,1.500,2,0,46.452,0,0,14,28,0,14,0
31-07 17:16:51,44.727,10.626,42.998,0,0,1761764,10768652,174024,3558000,537.716,0,0,106.753,0,6.919,4675,4309,3.480,2.530,1.510,3,0,5.931,0,0,14,29,0,13,0
31-07 17:16:52,39.155,13.303,46.434,0,0,1737268,10793124,174040,3558008,15584.882,7716.640,0,124.494,0,7.028,3986,2675,3.480,2.530,1.510,2,0,48.191,0,0,14,28,0,13,0
31-07 17:16:53,41.706,10.675,46.423,0,0,1760676,10769684,174040,3558036,851.997,146.965,0,111.216,0,18.867,4359,3875,3.480,2.530,1.510,2,0,0,0,0,14,29,0,13,0
31-07 17:16:54,46.383,5.830,47.397,0,0,1785456,10744852,174088,3558036,550.513,0,0,251.431,0,19.263,4461,3772,3.480,2.530,1.510,2,0,0,0,0,14,28,0,13,0
31-07 17:16:55,39.168,13.472,46.653,0,0,1720816,10809440,174136,3558040,730.480,0,0,219.543,0,19.958,3884,2972,3.480,2.530,1.510,3,0,31.934,0,0,14,29,0,10,0
31-07 17:16:56,45.418,6.701,45.667,0,0,1734012,10796064,174152,3558204,1089.048,0,0,119.130,0,6.949,5270,5024,3.440,2.540,1.520,3,0,0.993,0,0,14,29,0,10,0
31-07 17:16:57,43.539,8.257,46.291,0,0,1755420,10774576,174200,3558232,15113.401,7302.475,0,196.174,0,18.016,5226,4972,3.440,2.540,1.520,2,0,0,0,0,14,28,0,10,0
31-07 17:16:58,31.063,22.796,43.839,0,0,1704924,10825004,174216,3558284,724.468,148.300,0,152.309,0,8.016,5462,4667,3.440,2.540,1.520,3,0,127.258,0,0,14,29,0,10,0
31-07 17:16:59,26.743,28.243,42.989,0,0,1640528,10889360,174232,3558308,705.819,0,0,175.955,0,7.998,5479,3933,3.440,2.540,1.520,2,0,174.955,0,0,14,28,0,8,0
31-07 17:17:00,16.260,21.013,61.788,0,0,1647176,10882700,174232,3558320,787.478,0,0,120.073,0,27.016,3070,1973,3.440,2.540,1.520,1,0,104.063,0,0,14,28,0,8,0
31-07 17:17:01,21.769,4.504,73.563,0,0,1658296,10871556,174256,3558320,364.313,0,0,276.237,0,15.013,1749,1266,3.240,2.520,1.520,1,0,2.002,0,0,14,28,0,8,0
31-07 17:17:02,22.932,5.484,70.041,0.249,0,1668396,10861384,174292,3558352,30882.868,50140.417,31.905,155.536,2.991,11.964,2877,2741,3.240,2.520,1.520,2,0,2.991,0,0,14,29,0,8,0
31-07 17:17:03,15.034,13.280,70.411,0,0,1613240,10916504,174324,3558356,29784.236,15303.060,0,96.220,0,12.028,3452,2653,3.240,2.520,1.520,2,0,76.175,0,0,14,28,0,6,0
31-07 17:17:04,16.743,10.245,71.968,0,0,1639928,10889812,174324,3558360,29821.821,15299.239,0,3.998,0,1.000,2128,1507,3.240,2.520,1.520,1,0,16.992,0,0,14,28,0,6,0
31-07 17:17:05,21.744,5.748,71.481,0,0,1683248,10846492,174348,3558336,15285.967,7779.947,0,235.938,0,10.997,1993,1445,3.240,2.520,1.520,2,0,0,0,0,14,29,0,6,0
31-07 17:17:06,24.025,5.005,69.822,0,0,1683408,10846268,174348,3558400,43674.231,569878.190,0,0,0,0,3396,3161,3.060,2.490,1.510,3,0,1.001,0,0,14,29,0,6,0
31-07 17:17:07,17.504,10.503,70.518,0.250,0,1652816,10876816,174380,3558412,304.076,0,0,220.055,0,34.009,3435,2900,3.060,2.490,1.510,1,0,60.015,0,0,14,28,0,5,0
31-07 17:17:08,15.751,11.501,71.505,0,0,1652432,10877196,174380,3558416,15099.972,7444.479,0,0,0,0,2378,1697,3.060,2.490,1.510,2,0,41.003,0,0,14,28,0,5,0
31-07 17:17:09,22.236,4.497,72.704,0,0,1694608,10835008,174412,3558392,15438.246,7615.189,0,259.836,0,13.991,1940,1440,3.060,2.490,1.510,1,0,0,0,0,14,29,0,5,0
31-07 17:17:10,22.747,4.499,71.489,0,0,1691100,10838480,174412,3558428,15618.626,7618.842,0,35.995,0,1.000,3149,3204,3.060,2.490,1.510,1,0,2.000,0,0,14,29,0,5,0
31-07 17:17:11,16.508,12.006,70.535,0,0,1642756,10886752,174484,3558424,724.363,0,0,316.158,0,30.015,3313,2686,3.060,2.500,1.520,1,0,64.032,0,0,14,28,0,4,0
31-07 17:17:12,15.736,10.991,72.188,0,0,1641072,10888384,174516,3558440,15571.599,7451.587,0,239.794,0,33.971,2387,1830,3.060,2.500,1.520,1,0,29.974,0,0,14,28,0,4,0
31-07 17:17:13,22.244,4.749,71.230,0,0,1680288,10849120,174564,3558440,787.782,147.959,0,3151.129,0,491.864,2871,1530,3.060,2.500,1.520,1,0,1.999,0,0,14,29,0,4,0
31-07 17:17:14,22.179,4.735,72.019,0,0,1679592,10849676,174564,3558580,660.881,0,0,39.872,0,1.994,2888,2895,3.060,2.500,1.520,2,0,0,0,0,14,29,0,4,0
31-07 17:17:15,23.595,5.522,69.280,0,0,1679584,10849676,174596,3558556,15564.986,7325.644,0,353.430,0,13.053,4053,4348,3.060,2.500,1.520,2,0,0,0,0,14,28,0,3,0
31-07 17:17:16,17.776,9.514,71.856,0,0,1652028,10877172,174604,3558608,724.069,0,0,32.047,0,3.004,2379,1806,2.890,2.470,1.520,1,0,33.049,0,0,14,28,0,3,0
31-07 17:17:17,21.722,4.744,72.657,0,0,1696240,10832948,174612,3558608,19028.555,9565.711,0,135.826,0,24.968,1735,1155,2.890,2.470,1.520,1,0,0,0,0,14,28,0,3,0
31-07 17:17:18,21.993,4.748,71.977,0,0,1699520,10829644,174628,3558616,1248.593,147.952,0,187.939,0,8.997,2770,2791,2.890,2.470,1.520,1,0,0,0,0,14,29,0,3,0
31-07 17:17:19,24.223,3.996,69.922,0,0,1695100,10834040,174628,3558640,543.393,0,0,31.964,0,4.994,4148,4852,2.890,2.470,1.520,2,0,1.998,0,0,14,29,0,2,0
31-07 17:17:20,12.264,16.770,69.331,0,0,1651056,10878028,174628,3558696,16530.308,34576.386,0,4.005,0,1.001,3393,2007,2.890,2.470,1.520,1,0,99.116,0,0,14,28,0,2,0
31-07 17:17:21,6.500,27.250,64.751,0,0,1607368,10921700,174644,3558696,61043.038,32436.552,0,100.002,0,6.000,4461,2758,2.740,2.450,1.510,2,0,170.003,0,0,14,28,0,2,0
31-07 17:17:22,24.650,29.132,44.569,0.249,0,1622460,10906532,174736,3558676,46079.937,24428.830,3.984,505.946,0.996,25.895,4694,3024,2.740,2.450,1.510,2,0,139.434,0,0,14,28,0,4,0
31-07 17:17:23,42.045,9.260,47.050,0.501,0,1711824,10816956,174764,3558856,44919.566,23430.811,172.182,0,6.006,0,2888,1490,2.740,2.450,1.510,2,0,0,0,0,14,28,0,4,0
31-07 17:17:24,43.517,7.753,47.019,1.000,0,1773072,10754764,174892,3559564,46847.795,24956.012,28.011,1036.416,2.001,49.020,3001,1652,2.740,2.450,1.510,2,0,0,0,0,14,28,0,4,0
31-07 17:17:25,38.531,14.512,41.784,3.253,0,1805184,10715100,177624,3563984,29718.264,15222.429,2181.781,15896.980,36.029,1213.991,8175,10179,2.740,2.450,1.510,3,0,40.033,0,0,14,32,0,4,0
31-07 17:17:26,42.490,14.328,35.079,2.470,0,1806236,10705032,183020,3567220,14737.961,7209.398,0,27537.212,0,2307.284,12537,18029,3.080,2.530,1.540,4,0,69.169,0,0,14,32,0,4,0
31-07 17:17:27,40.137,18.312,35.120,3.261,0,1740544,10763748,188060,3568860,29632.907,15003.089,0,25956.387,0,2233.606,11379,16270,3.080,2.530,1.540,2,0,37.126,0,0,14,32,0,4,0
31-07 17:17:28,40.997,14.336,33.955,6.288,0,1776840,10721976,192480,3569732,481.906,148.898,0,26435.405,0,2253.589,11670,15387,3.080,2.530,1.540,3,0,23.140,0,0,14,32,0,4,0
31-07 17:17:29,44.238,13.496,34.991,3.749,0,1811636,10684176,195876,3569268,48143.402,22963.991,0,19610.868,0,1629.574,9298,13238,3.080,2.530,1.540,2,0,7.998,0,0,14,32,0,4,0
31-07 17:17:30,42.640,10.849,46.173,0.252,0,1765656,10730096,195932,3569272,38356.033,565600.348,0,621.690,0,30.277,3264,1765,3.080,2.530,1.540,2,0,5.046,0,0,14,28,0,4,0
31-07 17:17:31,42.484,9.996,47.482,0.250,0,1807124,10688264,196356,3569204,29682.562,15108.178,0,5693.806,0,275.894,3555,2507,3.160,2.550,1.560,3,0,2.999,0,0,14,28,0,4,0
31-07 17:17:32,40.336,11.631,43.553,0.742,0,1858276,10635596,197668,3569368,30214.621,15609.650,0,4790.787,0,539.458,6511,7219,3.160,2.550,1.560,3,0,0.990,0,0,14,30,0,4,0
31-07 17:17:33,42.094,12.952,39.603,1.494,0,1868196,10622252,200780,3569580,44370.273,22516.407,0,7488.200,0,1233.421,10517,14138,3.160,2.550,1.560,4,0,1.993,0,0,14,30,0,4,0
31-07 17:17:34,40.443,13.816,40.443,2.261,0,1897936,10589744,203276,3569784,15046.810,7330.987,0,6450.786,0,995.752,9686,12378,3.160,2.550,1.560,3,0,3.014,0,0,14,30,0,4,0
31-07 17:17:35,35.307,16.777,46.575,0,0,1767896,10719708,203340,3569796,30189.464,15138.302,0,733.177,0,40.064,4155,2103,3.160,2.550,1.560,3,0,85.137,0,0,14,28,0,4,0
31-07 17:17:36,21.576,9.283,68.992,0,0,1781888,10705652,203388,3569808,30953.442,16471.707,0,698.447,0,30.105,2287,1643,2.980,2.520,1.550,2,0,15.053,0,0,14,28,0,4,0
31-07 17:17:37,22.404,6.721,69.203,0.249,0,1794132,10692756,204012,3569808,44429.430,23025.238,0,7675.079,0,322.616,2799,2695,2.980,2.520,1.550,1,0,1.991,0,0,14,28,0,4,0
31-07 17:17:38,22.474,5.050,73.231,0,0,1800288,10686572,204036,3569808,29950.141,15512.943,0,234.341,0,12.121,1829,1230,2.980,2.520,1.550,1,0,2.020,0,0,14,28,0,4,0
31-07 17:17:39,21.121,5.467,72.059,0,0,1788720,10698104,204068,3569808,15150.190,7639.202,0,131.196,0,11.927,1839,1410,2.980,2.520,1.550,1,0,0,0,0,14,28,0,4,0
31-07 17:17:40,21.666,3.486,71.970,1.992,0,1774560,10712216,204076,3569848,15437.018,7590.506,39.845,43.830,2.988,2.988,1651,1069,2.980,2.520,1.550,1,0,1.992,0,0,14,28,0,4,0
31-07 17:17:41,20.476,6.243,72.414,0,0,1767328,10719400,204076,3569872,14898.216,7449.108,0,0,0,0,1884,1367,2.830,2.500,1.550,2,0,0.999,0,0,14,28,0,4,0
31-07 17:17:42,22.619,4.524,72.632,0,0,1792580,10694148,204076,3569872,44910.971,23513.545,0,0,0,0,1824,1284,2.830,2.500,1.550,1,0,0,0,0,14,28,0,4,0
31-07 17:17:43,19.965,6.988,72.623,0,0,1814836,10671892,204076,3569872,29420.510,14714.248,0,7.986,0,1.997,1907,1282,2.830,2.500,1.550,1,0,3.993,0,0,14,28,0,4,0
31-07 17:17:44,23.163,4.280,72.259,0,0,1774440,10712208,204140,3569884,29806.927,15348.095,0,870.128,0,100.709,2083,1575,2.830,2.500,1.550,1,0,1.007,0,0,14,28,0,4,0
31-07 17:17:45,20.367,5.961,71.780,0,0,1739556,10747092,204140,3569884,30088.867,15667.352,0,0,0,0,1856,1406,2.830,2.500,1.550,1,0,0,0,0,14,28,0,4,0
31-07 17:17:46,23.547,5.511,70.892,0,0,1715220,10771412,204148,3569888,43881.018,591059.570,0,128.257,0,5.010,2425,1727,2.840,2.510,1.560,1,0,6.012,0,0,14,28,0,4,0
31-07 17:17:47,34.092,13.438,50.268,0.995,0,1728180,10758224,204164,3570188,29617.017,14524.821,151.300,0,5.972,0,3561,11220,2.840,2.510,1.560,1,0,35.834,0,0,14,28,0,5,0
31-07 17:17:48,23.330,4.265,72.749,0,0,1693320,10793032,204164,3570108,30484.426,14953.223,0,0,0,0,1834,1193,2.840,2.510,1.560,1,0,1.003,0,0,14,28,0,3,0
31-07 17:17:49,19.701,6.484,72.069,0,0,1725392,10760960,204164,3570108,15225.762,8291.177,0,59.850,0,3.990,1897,1415,2.840,2.510,1.560,2,0,1.995,0,0,14,28,0,3,0
31-07 17:17:50,23.778,3.754,72.086,0,0,1739756,10746596,204164,3570108,44602.230,22244.547,0,148.177,0,34.041,1940,1320,2.840,2.510,1.560,5,0,0,0,0,14,28,0,3,0
31-07 17:17:51,21.246,10.248,67.739,0,0,1774552,10711784,204172,3570108,29877.031,14655.563,0,155.974,0,2.000,2199,1381,2.690,2.480,1.560,1,0,7.999,0,0,14,28,0,3,0
31-07 17:17:52,19.717,7.737,72.130,0,0,1780484,10705852,204172,3570108,15129.898,7349.806,0,0,0,0,1837,1260,2.690,2.480,1.560,2,0,1.997,0,0,14,28,0,3,0
31-07 17:17:53,23.276,3.003,72.831,0,0,1739000,10747248,204176,3570188,15154.765,7614.423,0,0,0,0,1716,1109,2.690,2.480,1.560,2,0,1.001,0,0,14,28,0,3,0
31-07 17:17:54,21.219,6.491,71.646,0,0,1732532,10753648,204240,3570192,15294.756,7351.309,0,1266.159,0,31.954,2073,1780,2.690,2.480,1.560,1,0,0,0,0,14,28,0,3,0
31-07 17:17:55,21.354,6.029,72.101,0,0,1714124,10772016,204248,3570224,44834.410,23046.269,0,225.097,0,37.181,2077,1477,2.690,2.480,1.560,1,0,3.015,0,0,14,28,0,3,0
31-07 17:17:56,20.984,5.246,72.695,0,0,1751696,10734444,204248,3570224,44821.095,23018.587,0,0,0,0,1978,1500,2.560,2.460,1.550,1,0,0.999,0,0,14,28,0,3,0
31-07 17:17:57,21.270,5.755,72.568,0,0,1773204,10712936,204248,3570224,29902.131,14767.893,0,0,0,0,1872,1305,2.560,2.460,1.550,2,0,2.002,0,0,14,28,0,3,0
31-07 17:17:58,23.489,3.248,72.466,0,0,1778112,10708028,204248,3570224,29637.108,14733.094,0,0,0,0,1809,1237,2.560,2.460,1.550,3,0,1.999,0,0,14,28,0,3,0
31-07 17:17:59,20.001,7.000,72.504,0,0,1765584,10720528,204252,3570244,14862.731,7848.386,0,1728.085,0,75.004,1909,1261,2.560,2.460,1.550,3,0,1.000,0,0,14,28,0,3,0
31-07 17:18:00,22.753,4.251,72.511,0,0,1798000,10688088,204264,3570252,45023.635,23489.461,0,156.023,0,3.000,1850,1314,2.560,2.460,1.550,2,0,0,0,0,14,28,0,3,0
31-07 17:18:01,21.490,5.497,72.466,0,0,1762388,10723660,204264,3570292,29803.898,15136.838,0,147.930,0,33.984,1874,1309,2.430,2.430,1.550,4,0,1.000,0,0,14,28,0,3,0
31-07 17:18:02,23.121,5.780,70.369,0,0,1760316,10725732,204264,3570292,62534.858,621707.495,0,0,0,0,2744,1787,2.430,2.430,1.550,3,0,3.016,0,0,14,28,0,3,0
31-07 17:18:03,20.382,5.966,72.333,0,0,1781736,10704304,204264,3570296,29302.977,15138.678,0,0,0,0,1808,1211,2.430,2.430,1.550,2,0,1.989,0,0,14,28,0,3,0
31-07 17:18:04,20.406,6.968,71.670,0,0,1745740,10740148,204312,3570392,30181.106,15116.434,0,434.003,0,24.885,2414,1863,2.430,2.430,1.550,2,0,23.890,0,0,14,28,0,3,0
31-07 17:18:05,6.772,24.080,67.474,0,0,1726340,10759460,204328,3570464,30635.577,18533.450,0,92.306,0,4.013,4157,2734,2.430,2.430,1.550,1,0,146.486,0,0,14,28,0,3,0
31-07 17:18:06,6.503,25.262,66.533,0,0,1693708,10792084,204328,3570464,61081.927,31321.346,0,340.167,0,5.002,4349,2702,2.320,2.410,1.550,2,0,158.077,0,0,14,28,0,3,0
31-07 17:18:07,6.245,24.480,67.444,0,0,1685052,10800732,204328,3570472,60645.746,32325.214,0,395.672,0,35.970,4448,2746,2.320,2.410,1.550,1,0,163.864,0,0,14,28,0,3,0
31-07 17:18:08,6.016,24.315,67.431,0,0,1678552,10807220,204332,3570476,45793.698,24309.133,0,352.946,0,4.011,4246,2614,2.320,2.410,1.550,2,0,151.406,0,0,14,28,0,3,0
31-07 17:18:09,6.741,23.969,67.912,0,0,1673176,10812576,204332,3570496,60838.862,33829.995,0,99.870,0,3.995,3937,2657,2.320,2.410,1.550,1,0,121.842,0,0,14,28,0,3,0
31-07 17:18:10,6.484,24.442,67.339,0,0,1653412,10832328,204340,3570496,60468.295,32338.612,0,307.265,0,5.986,4248,2760,2.320,2.410,1.550,1,0,149.642,0,0,14,28,0,3,0
31-07 17:18:11,7.264,26.049,64.622,0,0,1645560,10840180,204340,3570496,72664.649,481882.197,0,88.166,0,1.002,4809,3034,2.210,2.390,1.540,3,0,162.305,0,0,14,28,0,3,0
31-07 17:18:12,5.758,22.279,69.842,0.751,0,1642336,10843388,204344,3570508,50233.052,147485.930,8.011,464.611,2.003,104.137,4268,2643,2.210,2.390,1.540,1,0,131.172,0,0,14,28,0,3,0
31-07 17:18:13,5.758,24.785,67.595,0,0,1639564,10846152,204344,3570508,60721.441,33128.615,0,4.006,0,1.001,4360,2711,2.210,2.390,1.540,1,0,152.214,0,0,14,28,0,3,0
31-07 17:18:14,18.729,9.240,71.170,0,0,1648896,10836656,204496,3570520,60153.761,31113.222,0,1961.807,0,97.891,2714,2409,2.210,2.390,1.540,1,0,18.979,0,0,14,28,0,3,0
31-07 17:18:15,21.743,4.998,72.477,0,0,1696532,10789028,204504,3570504,44541.802,23088.640,0,71.977,0,3.999,1868,1364,2.210,2.390,1.540,1,0,0,0,0,14,28,0,3,0
31-07 17:18:16,20.500,6.500,72.251,0,0,1742480,10743080,204504,3570504,29999.239,15240.122,0,0,0,0,1910,1420,2.110,2.360,1.540,1,0,3.000,0,0,14,28,0,3,0
31-07 17:18:17,22.009,4.502,72.778,0,0,1704192,10781352,204504,3570520,29765.581,14921.806,0,24.009,0,2.001,1802,1239,2.110,2.360,1.540,2,0,3.001,0,0,14,28,0,3,0
31-07 17:18:18,20.488,6.496,72.708,0,0,1704072,10781492,204504,3570500,30548.520,15938.880,0,3.998,0,0.999,1862,1475,2.110,2.360,1.540,1,0,0,0,0,14,28,0,3,0
31-07 17:18:19,21.159,4.730,72.188,0,0,1716080,10769480,204504,3570500,33087.002,15013.115,0,3.983,0,0.996,1772,1178,2.110,2.360,1.540,2,0,1.991,0,0,14,28,0,3,0
31-07 17:18:20,22.857,4.772,72.590,0,0,1734628,10750928,204512,3570496,27030.424,15540.685,0,208.977,0,8.038,1813,1224,2.110,2.360,1.540,2,0,2.009,0,0,14,28,0,3,0
31-07 17:18:21,21.255,5.501,72.767,0,0,1686720,10798808,204512,3570524,30183.130,16111.806,0,0,0,0,1840,1358,2.020,2.340,1.540,1,0,1.000,0,0,14,28,0,3,0
31-07 17:18:22,22.480,4.746,72.437,0,0,1694544,10790996,204512,3570512,44288.255,22840.019,0,0,0,0,1805,1313,2.020,2.340,1.540,1,0,0,0,0,14,28,0,3,0
31-07 17:18:23,22.521,5.755,70.816,0,0,1746612,10738928,204512,3570512,40664.034,571910.920,0,308.288,0,72.067,2340,1638,2.020,2.340,1.540,2,0,4.004,0,0,14,28,0,3,0
31-07 17:18:24,22.752,4.000,72.256,0,0,1707540,10777988,204572,3570464,15423.185,7620.586,0,488.037,0,30.002,1945,1558,2.020,2.340,1.540,2,0,1.000,0,0,14,28,0,3,0
31-07 17:18:25,20.250,6.250,73.000,0,0,1741464,10744008,204580,3570512,15036.099,7620.050,0,160.001,0,6.000,1820,1357,2.020,2.340,1.540,1,0,0,0,0,14,28,0,1,0
31-07 17:18:26,23.360,4.019,72.590,0,0,1766040,10719428,204580,3570516,45229.026,23530.306,0,0,0,0,1881,1265,1.940,2.320,1.530,2,0,5.024,0,0,14,28,0,1,0
31-07 17:18:27,19.887,6.960,72.089,0,0,1784472,10700996,204580,3570516,29364.496,14831.397,0,0,0,0,1724,1250,1.940,2.320,1.530,1,0,0,0,0,14,28,0,1,0
31-07 17:18:28,22.743,3.999,72.727,0,0,1777960,10707508,204580,3570516,29761.401,15125.122,0,23.992,0,1.000,1688,1053,1.940,2.320,1.530,2,0,0,0,0,14,28,0,1,0
31-07 17:18:29,20.274,6.257,72.585,0,0,1729032,10756412,204580,3570540,14993.656,7628.984,0,152.179,0,33.039,1972,1422,1.940,2.320,1.530,2,0,3.004,0,0,14,28,0,1,0
31-07 17:18:30,21.923,5.481,72.247,0,0,1749056,10736388,204588,3570528,44519.362,23499.845,0,422.523,0,56.801,1989,1441,1.940,2.320,1.530,1,0,0,0,0,14,28,0,1,0
31-07 17:18:31,21.575,5.268,72.501,0,0,1769548,10715896,204588,3570528,29755.099,15130.426,0,8.028,0,2.007,1797,1191,1.870,2.300,1.530,1,0,2.007,0,0,14,28,0,1,0
31-07 17:18:32,23.710,2.995,72.377,0,0,1778404,10707040,204588,3570528,29660.539,15214.116,0,11.980,0,0.998,1761,1170,1.870,2.300,1.530,1,0,1.997,0,0,14,28,0,1,0
31-07 17:18:33,20.250,6.500,73.001,0,0,1728344,10757088,204588,3570540,15649.214,7810.107,0,0,0,0,1770,1232,1.870,2.300,1.530,1,0,1.000,0,0,14,28,0,1,0
31-07 17:18:34,21.630,5.533,72.184,0.252,0,1731540,10753920,204636,3570464,30645.278,16124.963,0,543.267,0,55.333,2078,1722,1.870,2.300,1.530,2,0,0,0,0,14,28,0,1,0
31-07 17:18:35,23.063,4.464,71.669,0,0,1754152,10731252,204644,3570512,29472.910,15278.061,0,99.195,0,3.968,1885,1258,1.870,2.300,1.530,1,0,1.984,0,0,14,28,0,1,0
31-07 17:18:36,19.771,7.258,71.825,0,0,1773316,10712088,204644,3570512,29802.163,15159.852,0,4.004,0,1.001,1940,1318,1.800,2.270,1.530,1,0,3.003,0,0,14,28,0,1,0
31-07 17:18:37,24.286,3.005,72.859,0,0,1720784,10764588,204644,3570544,29918.838,15100.630,0,32.048,0,2.003,1794,1134,1.800,2.270,1.530,2,0,1.002,0,0,14,28,0,1,0
31-07 17:18:38,20.745,5.999,72.234,0,0,1725628,10759828,204644,3570460,15625.563,8634.101,0,0,0,0,1865,1347,1.800,2.270,1.530,1,0,2.000,0,0,14,28,0,1,0
31-07 17:18:39,24.431,4.487,69.554,0,0,1753752,10731700,204644,3570464,57474.208,469225.110,0,0,0,0,2396,1606,1.800,2.270,1.530,1,0,0,0,0,14,28,0,1,0
31-07 17:18:40,21.446,6.812,72.160,0,0,1771256,10714196,204652,3570456,35495.804,161021.427,0,234.143,0,36.332,2203,1412,1.800,2.270,1.530,1,0,3.028,0,0,14,28,0,1,0
31-07 17:18:41,20.999,5.750,72.746,0,0,1773672,10711772,204652,3570464,15437.054,7361.549,0,83.995,0,1.000,1727,1072,1.730,2.250,1.520,1,0,2.000,0,0,14,28,0,1,0
31-07 17:18:42,23.028,2.971,72.302,0,0,1711620,10773740,204652,3570548,15348.792,7291.592,0,3.962,0,0.990,1773,1181,1.730,2.250,1.520,1,0,0.990,0,0,14,28,0,1,0
31-07 17:18:43,22.047,4.510,72.656,0,0,1713104,10772268,204652,3570536,14947.994,7592.250,0,12.026,0,2.004,1802,1244,1.730,2.250,1.520,1,0,0,0,0,14,28,0,1,0
31-07 17:18:44,23.064,4.763,72.200,0,0,1735308,10750064,204652,3570536,44919.382,22835.231,0,12.033,0,1.003,2052,1430,1.730,2.250,1.520,1,0,2.006,0,0,14,28,0,1,0
31-07 17:18:45,20.751,6.500,72.255,0,0,1711124,10774256,204660,3570520,29539.912,14820.959,0,232.015,0,35.002,1997,1503,1.730,2.250,1.520,1,0,1.000,0,0,14,28,0,1,0
31-07 17:18:46,21.476,5.244,72.168,0,0,1735264,10750108,204660,3570528,44624.280,22812.072,0,0,0,0,1974,1376,1.670,2.230,1.520,1,0,2.997,0,0,14,28,0,1,0
31-07 17:18:47,22.976,6.743,69.927,0,0,1756224,10729128,204660,3570548,29381.397,14774.611,0,19.979,0,0.999,2085,1309,1.670,2.230,1.520,2,0,15.983,0,0,14,28,0,1,0
31-07 17:18:48,31.825,11.276,55.881,0,0,1646652,10838684,204660,3570620,30707.129,15099.468,0,16.038,0,2.005,3220,13450,1.670,2.230,1.520,1,0,23.054,0,0,14,28,0,2,0
31-07 17:18:49,21.003,5.501,73.011,0,0,1694052,10791308,204660,3570524,30130.458,16272.408,0,4.001,0,1.000,1792,1405,1.670,2.230,1.520,2,0,0,0,0,14,28,0,2,0
31-07 17:18:50,22.182,4.486,72.529,0,0,1696412,10788924,204660,3570548,44518.166,22144.433,0,23.927,0,0.997,1852,1273,1.670,2.230,1.520,2,0,2.991,0,0,14,28,0,1,0
31-07 17:18:51,21.726,9.489,68.174,0,0,1729888,10755452,204668,3570536,19068.674,9631.229,0,243.727,0,37.958,2128,1435,1.620,2.210,1.520,1,0,5.993,0,0,14,28,0,1,0
31-07 17:18:52,21.327,5.520,72.764,0,0,1756900,10728436,204668,3570540,56002.477,29515.240,0,0,0,0,1831,1317,1.620,2.210,1.520,1,0,2.007,0,0,14,28,0,1,0
31-07 17:18:53,21.257,5.252,72.525,0,0,1780028,10705304,204668,3570544,29662.021,15069.091,0,12.004,0,1.000,1776,1203,1.620,2.210,1.520,1,0,2.001,0,0,14,28,0,1,0
31-07 17:18:54,15.995,14.495,68.977,0,0,1769820,10715472,204668,3570584,42488.990,467028.002,0,27.991,0,1.999,3491,2298,1.620,2.210,1.520,1,0,84.972,0,0,14,28,0,1,0
31-07 17:18:55,5.723,25.877,65.439,0,0,1753832,10731424,204668,3570588,62994.819,163266.598,0,127.395,0,6.967,4568,2840,1.620,2.210,1.520,1,0,167.206,0,0,14,28,0,1,0
31-07 17:18:56,5.781,25.637,67.108,0,0,1740824,10744288,204680,3570716,61080.629,32010.653,0,349.865,0,38.204,4464,2790,1.490,2.170,1.510,1,0,164.879,0,0,14,28,0,1,0
31-07 17:18:57,14.242,13.743,70.962,0,0,1734020,10751092,204680,3570716,45125.571,24276.857,0,0,0,0,2732,2024,1.490,2.170,1.510,1,0,50.972,0,0,14,28,0,1,0
31-07 17:18:58,21.259,5.752,72.530,0,0,1765400,10719700,204680,3570728,51976.352,27559.321,0,0,0,0,1974,1470,1.490,2.170,1.510,1,0,0,0,0,14,28,0,1,0
31-07 17:18:59,23.496,3.499,72.488,0,0,1777736,10707352,204684,3570736,37143.896,19382.815,0,0,0,0,1827,1227,1.490,2.170,1.510,1,0,2.000,0,0,14,28,0,1,0
31-07 17:19:00,21.164,5.229,72.455,0,0,1749632,10735184,204684,3571000,15365.423,7493.482,0,3.984,0,0.996,1910,1273,1.490,2.170,1.510,2,0,8.963,0,0,14,28,0,1,0
31-07 17:19:01,20.301,7.268,72.431,0,0,1741552,10743248,204692,3571008,45203.238,26295.874,0,721.808,0,57.143,2104,1603,1.450,2.150,1.510,2,0,0,0,0,14,28,0,1,0
31-07 17:19:02,22.035,5.509,71.614,0,0,1756612,10728188,204692,3571008,29638.366,15005.982,0,0,0,0,1832,1156,1.450,2.150,1.510,1,0,2.003,0,0,14,28,0,1,0
31-07 17:19:03,15.965,17.462,65.606,0,0,1708080,10776688,204692,3571040,45925.171,30325.420,0,0,0,0,3323,2033,1.450,2.150,1.510,1,0,105.768,0,0,14,28,0,1,0
31-07 17:19:04,7.515,26.051,64.376,0,0,1700400,10784276,204692,3571132,71195.929,495945.772,40.078,28.055,2.004,1.002,4690,2988,1.450,2.150,1.510,1,0,157.307,0,0,14,28,0,1,0
31-07 17:19:05,6.242,25.216,66.411,0,0,1690292,10794344,204692,3571172,63395.085,143575.686,0,55.925,0,1.997,4393,2797,1.450,2.150,1.510,1,0,153.794,0,0,14,28,0,1,0
31-07 17:19:06,5.259,24.792,67.865,0,0,1679976,10804640,204704,3571180,46238.605,24970.450,0,212.361,0,6.010,4174,2642,1.410,2.130,1.500,1,0,153.261,0,0,14,28,0,1,0
31-07 17:19:07,6.748,25.241,66.977,0,0,1671760,10812852,204704,3571180,60887.696,32734.547,0,211.926,0,43.985,4367,2688,1.410,2.130,1.500,2,0,156.945,0,0,14,28,0,1,0
31-07 17:19:08,5.961,24.837,66.315,0,0,1661756,10822852,204704,3571184,60359.253,32467.129,0,115.244,0,1.987,4264,2655,1.410,2.130,1.500,1,0,151.010,0,0,14,28,0,1,0
31-07 17:19:09,6.784,25.629,66.334,0,0,1647348,10837256,204704,3571188,61250.369,31854.373,0,88.445,0,1.005,4437,2769,1.410,2.130,1.500,1,0,160.810,0,0,14,28,0,1,0
31-07 17:19:10,6.249,24.747,66.743,0,0,1640140,10844460,204704,3571192,61399.709,30724.852,0,43.995,0,2.000,4373,2717,1.410,2.130,1.500,3,0,153.984,0,0,14,28,0,1,0
31-07 17:19:11,7.252,24.757,66.269,0,0,1634280,10850304,204712,3571192,46073.055,25529.234,0,128.036,0,2.001,4370,2742,1.380,2.120,1.500,1,0,152.043,0,0,14,28,0,1,0
31-07 17:19:12,6.779,24.606,67.542,0,0,1629916,10854660,204712,3571196,61462.826,32173.149,0,269.164,0,4.017,4361,2693,1.380,2.120,1.500,2,0,153.665,0,0,14,28,0,1,0
31-07 17:19:13,7.938,24.064,65.989,0,0,1630304,10854264,204712,3571204,73423.166,595361.538,0,404.863,0,36.716,4956,3223,1.380,2.120,1.500,2,0,154.801,0,0,14,28,0,1,0
31-07 17:19:14,7.233,24.942,65.349,0,0,1630416,10854152,204712,3571204,45912.716,24269.818,0,438.984,0,4.988,4486,2706,1.380,2.120,1.500,1,0,169.607,0,0,14,28,0,1,0
31-07 17:19:15,6.546,25.175,67.217,0,0,1630724,10853844,204712,3571204,61714.144,32002.537,0,354.465,0,4.028,4369,2658,1.380,2.120,1.500,1,0,154.071,0,0,14,28,0,1,0
31-07 17:19:16,6.496,24.733,66.704,0,0,1626964,10857592,204720,3571204,60910.849,32241.689,0,411.715,0,5.996,4327,2695,1.350,2.100,1.500,3,0,149.896,0,0,14,28,0,1,0
31-07 17:19:17,5.499,25.244,66.735,0,0,1625212,10859336,204720,3571212,60502.551,31952.897,0,439.902,0,4.999,4536,2785,1.350,2.100,1.500,1,0,168.962,0,0,14,28,0,1,0
31-07 17:19:18,6.754,25.014,67.038,0,0,1629740,10854804,204720,3571216,45757.158,24029.737,0,412.236,0,37.021,4447,2670,1.350,2.100,1.500,1,0,157.090,0,0,14,28,0,1,0
31-07 17:19:19,6.487,24.952,66.372,0,0,1622156,10862388,204720,3571216,61186.797,31573.006,0,459.113,0,7.985,4386,2645,1.350,2.100,1.500,1,0,150.709,0,0,14,28,0,1,0
31-07 17:19:20,6.016,23.311,69.181,0,0,1622776,10861764,204720,3571220,61116.484,33693.925,0,88.230,0,1.003,4114,2592,1.350,2.100,1.500,1,0,127.332,0,0,14,28,0,1,0
31-07 17:19:21,8.698,24.356,65.611,0.249,0,1622164,10862364,204728,3571224,73474.503,596929.889,0,163.034,0,3.976,4920,3047,1.320,2.080,1.500,1,0,152.098,0,0,14,28,0,1,0
31-07 17:19:22,5.524,24.357,68.552,0,0,1621764,10862760,204728,3571228,45812.878,25116.679,0,84.372,0,3.013,4080,2612,1.320,2.080,1.500,2,0,142.629,0,0,14,28,0,1,0
31-07 17:19:23,6.258,24.030,67.834,0,0,1612576,10871940,204728,3571236,61093.225,33731.534,0,56.069,0,2.002,4340,2752,1.320,2.080,1.500,2,0,154.190,0,0,14,28,0,1,0
31-07 17:19:24,6.251,24.003,68.508,0,0,1613760,10870756,204728,3571236,60702.206,32701.882,0,88.010,0,4.000,4268,2686,1.320,2.080,1.500,1,0,147.017,0,0,14,28,0,1,0
31-07 17:19:25,6.235,24.193,67.590,0,0,1616736,10867772,204728,3571244,60499.010,32824.419,0,207.510,0,3.991,4232,2650,1.320,2.080,1.500,2,0,142.663,0,0,14,28,0,1,0
31-07 17:19:26,6.765,24.804,66.896,0,0,1619940,10864556,204736,3571248,45771.188,24607.864,0,100.219,0,5.011,4099,2592,1.380,2.080,1.500,2,0,139.305,0,0,14,28,0,1,0
31-07 17:19:27,5.746,25.733,66.457,0,0,1615472,10869020,204736,3571252,61118.389,32051.228,0,15.990,0,3.997,4341,2616,1.380,2.080,1.500,1,0,150.902,0,0,14,28,0,1,0
31-07 17:19:28,6.295,25.433,67.486,0,0,1609684,10874808,204736,3571252,61255.890,32028.526,0,20.145,0,5.036,4453,2709,1.380,2.080,1.500,2,0,161.160,0,0,14,28,0,1,0
31-07 17:19:29,7.732,24.940,65.593,0,0,1610112,10874372,204736,3571260,72708.305,596371.307,0,367.123,0,83.800,4899,2947,1.380,2.080,1.500,1,0,143.657,0,0,14,28,0,1,0
31-07 17:19:30,7.644,21.698,67.560,0,0,1611988,10872492,204736,3571264,44985.013,24552.343,0,11.835,0,2.959,4156,2658,1.380,2.080,1.500,1,0,136.106,0,0,14,28,0,1,0
31-07 17:19:31,18.419,33.054,46.174,0,0,1606892,10874220,204752,3574544,61243.556,32468.239,0,165.520,0,3.028,7801,10385,1.590,2.110,1.510,2,0,144.326,0,0,14,28,0,1,0
31-07 17:19:32,12.484,30.710,55.179,0,0,1612712,10868200,204764,3574720,60742.319,31948.616,0,383.503,0,8.988,4764,2795,1.590,2.110,1.510,3,0,175.772,0,0,14,30,0,2,0
31-07 17:19:33,22.086,33.631,43.670,0,0,1633656,10847208,204824,3574704,60938.825,32909.897,0,485.888,0,25.098,5223,3211,1.590,2.110,1.510,2,0,173.675,0,0,14,28,0,3,0
31-07 17:19:34,35.606,32.346,31.092,0,0,1699720,10781096,204840,3574736,45987.721,24619.193,0,76.227,0,9.027,5138,2902,1.590,2.110,1.510,5,0,169.504,0,0,14,28,0,3,0
31-07 17:19:35,43.279,50.284,5.754,0,0,1744164,10736608,204940,3574676,61532.636,33144.427,40.027,676.458,2.001,35.024,5314,4141,1.590,2.110,1.510,6,0,451.305,0,0,14,28,0,5,0
31-07 17:19:36,65.368,33.433,0.499,0.499,0,1846052,10628264,206160,3579576,60678.590,32346.745,1101.777,806.373,135.726,23.952,5630,4329,1.860,2.160,1.530,4,0,178.640,0,0,14,28,0,7,0
31-07 17:19:37,84.548,14.758,0.500,0,0,1932072,10537920,206588,3582656,41645.781,558156.725,16.009,2441.394,1.001,146.083,5483,2895,1.860,2.160,1.530,4,0,12.007,0,0,14,30,0,8,0
31-07 17:19:38,65.875,19.317,8.668,2.477,0,1952580,10507188,211288,3587660,31242.700,15320.701,423.979,27273.344,8.915,2030.741,12013,16872,1.860,2.160,1.530,9,0,77.267,0,0,14,32,0,8,0
31-07 17:19:39,56.997,20.907,15.182,3.982,0,1975972,10472916,216536,3592872,25857.011,11307.713,0,36127.338,0,2482.958,13581,19206,1.860,2.160,1.530,5,0,50.774,0,0,14,34,0,8,0
31-07 17:19:40,57.426,23.071,12.288,4.263,0,1960232,10478712,221860,3597148,19101.445,11116.012,0,56918.153,0,3924.006,16620,21124,1.860,2.160,1.530,4,0,83.255,0,0,14,32,0,8,0
31-07 17:19:41,55.293,26.650,10.461,4.234,0,1948656,10480504,226832,3601624,7091.436,1918.812,0,34853.443,0,2410.969,13505,18725,2.110,2.200,1.550,7,1,77.709,0,0,14,32,0,8,0
31-07 17:19:42,62.083,21.113,8.797,5.530,0,1966812,10452688,232188,3605588,8321.677,5398.986,0,51291.369,0,3148.906,14037,21740,2.110,2.200,1.550,10,1,55.297,0,0,14,32,0,8,0
31-07 17:19:43,54.780,21.512,16.509,4.002,0,1987584,10425484,236508,3607540,15206.224,7448.028,0,31501.036,0,2295.241,12496,18534,2.110,2.200,1.550,5,0,87.047,0,0,14,36,0,8,0
31-07 17:19:44,47.847,17.536,24.049,6.012,0,1982540,10421828,241628,3610864,16029.550,7926.095,0,43640.619,0,2874.838,15512,22207,2.110,2.200,1.550,7,0,41.083,0,0,14,36,0,8,0
31-07 17:19:45,47.854,22.930,20.687,4.985,0,1940844,10456944,246036,3612824,44431.237,22437.441,0,29900.636,0,2221.213,12641,17415,2.110,2.200,1.550,5,0,99.695,0,0,14,36,0,8,0
31-07 17:19:46,45.754,31.253,17.002,4.250,0,1862888,10530084,249856,3613704,30369.895,15079.437,0,33415.185,0,2147.205,12376,16028,2.500,2.280,1.580,9,0,97.009,0,0,14,34,0,8,0
31-07 17:19:47,44.482,29.655,20.608,4.021,0,1886960,10501580,253040,3614840,15323.069,7400.671,0,22027.100,0,1812.471,11806,15739,2.500,2.280,1.580,9,0,132.693,0,0,14,37,0,8,0
31-07 17:19:48,46.442,28.935,14.346,4.863,0,1902424,10478660,256500,3622252,15375.810,7461.776,3404.095,22027.411,42.794,1761.376,12187,25020,2.500,2.280,1.580,14,0,120.602,0,0,14,37,0,8,0
31-07 17:19:49,47.458,32.817,15.146,3.282,0,1869548,10507800,259636,3619552,15000.919,7567.103,0,26427.305,0,1879.154,13994,22110,2.500,2.280,1.580,11,1,98.956,0,0,14,37,0,9,0
31-07 17:19:50,48.225,29.442,16.752,3.300,0,1865424,10505692,263808,3621060,15867.472,7407.324,0,22343.804,0,1693.451,12309,17283,2.500,2.280,1.580,7,1,75.129,0,0,14,37,0,11,0
31-07 17:19:51,49.348,30.406,14.456,3.988,0,1877792,10491400,264668,3622012,15099.567,7662.437,1056.750,26013.006,17.945,1732.672,11807,15901,2.620,2.310,1.590,7,0,84.739,0,0,14,36,0,10,0
31-07 17:19:52,41.830,33.010,19.403,3.528,0,1841412,10524856,266464,3623040,1278.076,0,802.326,20513.731,13.103,1745.764,11597,15712,2.620,2.310,1.590,2,1,153.208,0,0,14,36,0,10,0
31-07 17:19:53,39.817,14.775,35.310,6.261,0,1880284,10481972,268944,3624432,44691.329,22982.738,0,28223.572,0,2390.028,12582,18938,2.620,2.310,1.590,2,1,38.064,0,0,14,37,0,11,0
31-07 17:19:54,36.483,14.643,36.235,5.708,0,1873724,10484488,270892,3626436,29760.053,14646.735,0,35841.515,0,2537.417,13839,19849,2.620,2.310,1.590,5,0,17.869,0,0,14,37,0,11,0
31-07 17:19:55,40.343,12.028,38.840,3.759,0,1867356,10487696,272784,3627620,29928.137,14758.092,0,26966.294,0,2245.187,12503,17085,2.620,2.310,1.590,5,0,32.074,0,0,14,37,0,12,0
31-07 17:19:56,37.568,15.674,36.324,5.722,0,1862332,10487656,276084,3629244,15081.821,7260.770,0,27844.893,0,2185.396,13530,20118,2.730,2.340,1.610,3,0,29.855,0,0,14,37,0,12,0
31-07 17:19:57,30.610,22.330,36.380,5.771,0,1779072,10564748,280548,3630836,14969.591,7484.795,0,34270.688,0,2511.993,13676,18821,2.730,2.340,1.610,4,0,98.352,0,0,14,36,0,12,0
31-07 17:19:58,37.823,18.165,32.598,5.723,0,1805844,10531880,284820,3632468,15008.803,7475.039,0,28387.231,0,2304.223,12928,18615,2.730,2.340,1.610,5,0,56.735,0,0,14,36,0,12,0
31-07 17:19:59,41.422,13.475,33.437,6.488,0,1840720,10490512,289736,3633868,14989.664,7348.110,0,26853.238,0,2354.549,13737,18703,2.730,2.340,1.610,3,1,43.917,0,0,14,36,0,12,0
31-07 17:20:00,39.447,13.732,36.202,5.493,0,1837604,10488272,293908,3634920,966.706,0,0,28302.110,0,2224.023,12426,18460,2.730,2.340,1.610,4,0,14.980,0,0,14,37,0,13,0
31-07 17:20:01,39.457,14.074,36.943,4.775,0,1836172,10484772,297532,3636104,15278.020,7599.805,0,29747.806,0,2102.009,12741,18151,2.830,2.370,1.620,4,0,21.111,0,0,14,37,0,14,0
31-07 17:20:02,40.218,11.741,37.720,4.746,0,1834880,10480528,301052,3637964,298.766,0,0,25951.637,0,1864.537,11441,16780,2.830,2.370,1.620,3,0,10.991,0,0,14,37,0,14,0
31-07 17:20:03,39.525,17.874,33.734,4.783,0,1791056,10519644,305032,3638552,29098.129,577525.767,0,23543.545,0,1892.144,11459,15846,2.830,2.370,1.620,2,0,55.385,0,0,14,34,0,15,0
31-07 17:20:04,41.494,10.499,47.744,0,0,1685056,10625596,305080,3638552,538.927,0,0,519.930,0,28.996,3056,1548,2.830,2.370,1.620,4,0,23.997,0,0,14,32,0,15,0
31-07 17:20:05,27.021,29.005,40.656,0.496,0,1712800,10597164,305660,3638640,45621.929,37429.259,0,7980.466,0,386.727,6209,4875,2.830,2.370,1.620,5,0,140.808,0,0,14,32,0,15,0
31-07 17:20:06,25.185,12.341,61.955,0,0,1705936,10604000,305676,3638652,45460.811,23365.569,0,2131.652,0,11.081,4094,3432,2.850,2.380,1.630,1,0,49.362,0,0,14,33,0,15,0
31-07 17:20:07,24.865,4.019,69.573,0,0,1696252,10613660,305676,3638672,44299.685,22285.472,0,5256.406,0,208.970,4480,4464,2.850,2.380,1.630,1,0,0,0,0,14,33,0,15,0
31-07 17:20:08,24.841,4.516,70.005,0,0,1697320,10612548,305684,3638696,15150.277,7700.095,0,212.776,0,3.011,3919,4059,2.850,2.380,1.630,1,0,4.015,0,0,14,32,0,15,0
31-07 17:20:09,13.856,13.361,70.515,0,0,1637952,10671916,305684,3638696,29227.442,14922.503,0,0,0,0,2662,1782,2.850,2.380,1.630,1,0,54.433,0,0,14,32,0,15,0
31-07 17:20:10,21.176,6.050,72.603,0,0,1683108,10626556,305884,3638696,15613.751,7520.496,0,3230.848,0,152.265,2072,1606,2.850,2.380,1.630,1,0,0,0,0,14,32,0,15,0
31-07 17:20:11,21.836,5.211,70.967,0,0,1695424,10614236,305884,3638700,14745.250,7789.494,0,2163.748,0,389.078,3078,2044,2.700,2.360,1.620,1,0,1.985,0,0,14,33,0,16,0
31-07 17:20:12,20.033,7.763,70.867,0,0,1624344,10685300,305884,3638716,780.284,0,0,276.455,0,3.005,3277,2858,2.700,2.360,1.620,1,0,34.056,0,0,14,32,0,16,0
31-07 17:20:13,20.250,7.250,72.499,0,0,1674448,10635152,305924,3638716,15317.797,7833.896,0,1467.981,0,31.000,2036,1667,2.700,2.360,1.620,2,0,0,0,0,14,32,0,16,0
31-07 17:20:14,21.476,4.745,71.918,0,0,1702132,10607432,305948,3638724,15406.454,7449.516,0,103.882,0,8.990,2149,1740,2.700,2.360,1.620,1,0,1.998,0,0,14,32,0,16,0
31-07 17:20:15,20.042,7.265,71.900,0,0,1678232,10631120,306012,3638868,484.009,0,0,436.911,0,33.069,2909,2495,2.700,2.360,1.620,1,0,32.067,0,0,14,32,0,16,0
31-07 17:20:16,16.996,10.998,71.484,0,0,1679208,10630144,306024,3638856,15081.628,7456.333,0,111.975,0,6.998,2264,1617,2.560,2.330,1.620,1,0,28.994,0,0,14,32,0,16,0
31-07 17:20:17,21.489,4.997,72.463,0,0,1701256,10607980,306032,3638964,686.651,0,0,51.974,0,3.998,2088,1631,2.560,2.330,1.620,1,0,1.999,0,0,14,33,0,16,0
31-07 17:20:18,22.756,4.501,71.768,0,0,1701244,10607980,306032,3638976,15614.003,7607.950,0,16.004,0,3.001,2893,2832,2.560,2.330,1.620,1,0,0,0,0,14,33,0,16,0
31-07 17:20:19,18.461,8.981,71.099,0,0,1619056,10690160,306032,3638984,582.759,0,0,3.991,0,0.998,3086,2472,2.560,2.330,1.620,1,0,42.909,0,0,14,32,0,16,0
31-07 17:20:20,19.876,7.045,72.963,0,0,1652824,10656392,306032,3638984,1019.462,0,0,0,0,0,1863,1437,2.560,2.330,1.620,2,0,2.013,0,0,14,32,0,16,0
31-07 17:20:21,23.090,3.724,72.248,0,0,1697172,10612040,306032,3638988,15381.086,7793.825,0,198.619,0,45.682,1934,1359,2.520,2.330,1.620,1,0,0,0,0,14,33,0,16,0
31-07 17:20:22,22.468,3.994,71.649,0,0,1697160,10612040,306040,3638992,1195.322,0,0,91.871,0,3.994,2886,2813,2.520,2.330,1.620,1,0,0,0,0,14,33,0,16,0
31-07 17:20:23,22.098,6.278,70.814,0,0,1682276,10626912,306096,3638948,301.335,148.659,0,361.602,0,27.120,3181,2968,2.520,2.330,1.620,2,0,22.098,0,0,14,32,0,16,0
31-07 17:20:24,5.489,25.198,67.611,0,0,1673848,10635256,306104,3639024,30961.290,24631.315,0,55.885,0,4.990,4308,2509,2.520,2.330,1.620,1,0,149.692,0,0,14,32,0,16,0
31-07 17:20:25,6.262,26.800,64.871,0,0,1667816,10641160,306152,3639100,61723.259,67902.799,0,456.853,0,25.047,4785,3035,2.520,2.330,1.620,3,0,167.312,0,0,14,32,0,16,0
31-07 17:20:26,6.256,25.273,66.560,0,0,1660984,10647964,306152,3639128,46282.761,39417.566,0,0,0,0,4390,2540,2.640,2.360,1.640,1,0,150.135,0,0,14,32,0,16,0
31-07 17:20:27,7.958,25.365,64.158,0,0,1651032,10657904,306160,3639132,76285.623,576270.180,0,87.534,0,4.974,4973,2894,2.640,2.360,1.640,2,0,146.221,0,0,14,32,0,16,0
31-07 17:20:28,24.177,37.022,37.274,0.252,0,1656784,10652064,306236,3639140,61155.767,30804.043,0,539.962,0,31.229,5369,3327,2.640,2.360,1.640,4,0,225.656,0,0,14,34,0,18,0
31-07 17:20:29,61.473,16.058,22.833,0,0,1711776,10596816,306308,3639320,45501.338,26273.470,0,489.780,0,30.109,4234,2109,2.640,2.360,1.640,3,0,25.091,0,0,14,32,0,22,0
31-07 17:20:30,65.170,10.237,23.970,0,0,1827072,10480924,306340,3639884,60879.996,31053.742,0,3.995,0,0.999,3833,1538,2.640,2.360,1.640,3,0,1.998,0,0,14,32,0,22,0
31-07 17:20:31,63.477,12.995,23.242,0,0,1935056,10371304,306412,3641140,29767.351,15396.492,0,1747.375,0,276.901,4215,1715,2.670,2.370,1.640,5,0,0,0,0,14,32,0,22,0
31-07 17:20:32,66.378,9.696,22.623,0.249,0,1991068,10313400,306488,3642784,29605.131,15351.987,11.933,1026.250,1.989,25.855,3924,1596,2.670,2.370,1.640,3,0,1.989,0,0,14,32,0,22,0
31-07 17:20:33,63.750,10.708,24.155,1.245,0,2089500,10210636,306888,3646296,15628.803,7803.444,792.895,5203.624,6.973,185.275,4645,2810,2.670,2.370,1.640,4,0,5.977,0,0,14,38,0,22,0
31-07 17:20:34,50.743,17.661,22.387,3.731,0,2086720,10199800,312420,3654020,30265.838,15889.590,0,31166.281,0,2583.924,14630,20501,2.670,2.370,1.640,2,0,101.486,0,0,14,38,0,22,0
31-07 17:20:35,40.522,20.882,27.843,4.723,0,2086120,10189972,318180,3658380,30091.671,14671.442,0,52086.902,0,3361.087,16653,24013,2.670,2.370,1.640,4,1,106.401,0,0,14,38,0,22,0
31-07 17:20:36,39.802,18.760,30.422,5.831,0,2085656,10178140,324016,3664440,29946.195,14864.086,0,50358.202,0,3384.931,16448,23771,2.930,2.430,1.670,5,0,104.448,0,0,14,38,0,16,0
31-07 17:20:37,33.988,16.244,35.988,8.247,0,2085540,10167556,330348,3668500,30256.608,15438.697,0,44752.629,0,3264.879,16453,24511,2.930,2.430,1.670,2,2,125.957,0,0,14,38,0,16,0
31-07 17:20:38,42.112,14.951,30.650,6.977,0,2085092,10155236,336644,3674568,44976.933,23441.351,0,41639.845,0,3189.571,15359,22861,2.930,2.430,1.670,2,1,94.690,0,0,14,38,0,16,0
31-07 17:20:39,40.284,28.274,21.018,5.755,0,1992684,10238412,342028,3678180,58111.087,596748.078,0,51263.303,0,3181.688,15504,22554,2.930,2.430,1.670,7,0,145.123,0,0,14,36,0,16,0
31-07 17:20:40,49.758,18.411,21.147,6.220,0,2023976,10195176,347984,3683780,60142.049,31831.479,0,37740.793,0,2909.874,15202,21754,2.930,2.430,1.670,5,0,83.594,0,0,14,36,0,15,0
31-07 17:20:41,48.302,19.874,23.648,5.786,0,2059920,10150464,352976,3687332,44311.171,22744.268,0,45021.615,0,2975.613,13255,20921,3.100,2.470,1.690,5,0,66.415,0,0,14,36,0,15,0
31-07 17:20:42,53.104,15.208,21.441,5.485,0,2092980,10107068,357420,3692880,29569.640,14779.335,0,42957.803,0,2593.863,12658,17899,3.100,2.470,1.690,2,1,0,0,0,14,36,0,15,0
31-07 17:20:43,44.709,17.484,25.976,6.994,0,2105320,10082876,362420,3699312,30499.967,16127.177,0,59089.690,0,3241.021,14979,21548,3.100,2.470,1.690,2,1,1.998,0,0,14,38,0,15,0
31-07 17:20:44,32.667,25.882,29.400,5.780,0,2079476,10099568,367616,3703008,60065.596,30756.994,124.636,40128.832,2.010,2667.616,14637,20910,3.100,2.470,1.690,1,0,104.534,0,0,14,36,0,15,0
31-07 17:20:45,26.284,15.771,44.058,7.760,0,2067300,10103360,373108,3705664,44085.830,21916.749,0,44354.182,0,3256.271,15260,23279,3.100,2.470,1.690,2,0,45.059,0,0,14,36,0,15,0
31-07 17:20:46,36.351,14.939,35.853,6.722,0,2055976,10108904,376176,3708204,30523.918,14598.179,0,40259.025,0,3053.487,14489,22088,3.250,2.510,1.700,4,1,72.702,0,0,14,36,0,15,0
31-07 17:20:47,37.825,16.533,42.835,1.252,0,1713524,10450676,376756,3708284,15232.299,7310.542,0,14168.182,0,769.531,4959,4374,3.250,2.510,1.700,1,0,87.173,0,0,14,32,0,15,0
31-07 17:20:48,6.507,25.528,66.322,0,0,1703132,10461000,376800,3708308,46171.412,37631.088,0,828.905,0,44.048,4648,2858,3.250,2.510,1.700,1,0,158.173,0,0,14,32,0,15,0
31-07 17:20:49,34.525,15.011,48.285,0.751,0,1686884,10476976,377064,3708308,64706.121,451598.865,0,5888.288,0,278.203,4474,13016,3.250,2.510,1.700,1,0,42.031,0,0,14,32,0,16,0
31-07 17:20:50,21.222,5.992,71.904,0,0,1727184,10436676,377064,3708308,48228.926,156825.650,0,0,0,0,2124,1477,3.250,2.510,1.700,1,0,3.995,0,0,14,32,0,16,0
31-07 17:20:51,23.275,7.758,68.824,0,0,1765480,10398372,377064,3708308,29914.197,15226.388,0,0,0,0,2035,1206,3.070,2.490,1.700,1,0,6.006,0,0,14,32,0,16,0
31-07 17:20:52,23.523,3.754,71.321,0,0,1788616,10375216,377084,3708308,31270.066,17054.944,0,244.243,0,41.041,2428,2049,3.070,2.490,1.700,1,0,2.002,0,0,14,38,0,13,0
31-07 17:20:53,21.245,6.249,72.234,0,0,1733660,10430152,377096,3708316,45350.156,24684.642,0,75.984,0,5.999,2397,1483,3.070,2.490,1.700,1,0,27.994,0,0,14,32,0,13,0
31-07 17:20:54,21.732,5.496,71.692,0,0,1733628,10430152,377124,3708320,60304.319,32493.769,0,127.897,0,13.989,2142,1727,3.070,2.490,1.700,1,0,0.999,0,0,14,32,0,13,0
31-07 17:20:55,20.273,6.257,72.083,0,0,1732368,10431388,377148,3708320,44258.791,22627.967,0,416.478,0,23.026,2019,1523,3.070,2.490,1.700,1,0,1.001,0,0,14,32,0,13,0
31-07 17:20:56,23.238,4.248,72.461,0,0,1766892,10396864,377152,3708316,29695.088,15297.803,0,35.981,0,2.998,1875,1283,2.900,2.460,1.700,1,0,2.998,0,0,14,32,0,13,0
31-07 17:20:57,24.003,2.750,72.258,0,0,1780208,10383508,377180,3708328,30123.530,15815.853,0,132.015,0,16.002,2055,1609,2.900,2.460,1.700,1,0,2.000,0,0,14,34,0,11,0
31-07 17:20:58,8.780,32.861,56.942,0,0,1723784,10439896,377200,3708336,60610.893,32043.794,0,694.336,0,64.216,4890,3002,2.900,2.460,1.700,3,0,202.682,0,0,14,32,0,11,0
31-07 17:20:59,10.213,45.087,41.849,0,0,1696660,10467004,377208,3708344,45788.694,25236.890,0,362.691,0,13.950,5795,3653,2.900,2.460,1.700,3,0,300.914,0,0,14,32,0,11,0
31-07 17:21:00,11.703,45.568,40.588,0,0,1691844,10471792,377224,3708356,71005.172,465106.834,0,195.220,0,13.944,5843,3664,2.900,2.460,1.700,5,0,277.889,0,0,14,32,0,11,0
31-07 17:21:01,11.290,46.914,39.890,0,0,1683488,10480120,377224,3708384,63867.721,163187.626,0,12.042,0,3.011,5545,3437,2.830,2.450,1.700,2,0,280.984,0,0,14,32,0,10,0
31-07 17:21:02,10.228,48.895,39.416,0,0,1665784,10497816,377224,3708392,50110.883,28365.366,0,27.940,0,6.985,5729,3529,2.830,2.450,1.700,4,0,327.300,0,0,14,32,0,10,0
31-07 17:21:03,10.034,48.413,39.131,0,0,1667208,10496384,377224,3708400,57659.582,32655.636,0,32.108,0,8.027,5711,3487,2.830,2.450,1.700,2,0,328.102,0,0,14,32,0,10,0
31-07 17:21:04,9.968,48.843,39.124,0,0,1659276,10504316,377224,3708400,60619.843,31927.215,0,3580.473,0,24.920,5690,3493,2.830,2.450,1.700,2,0,305.018,0,0,14,32,0,10,0
31-07 17:21:05,7.257,27.776,63.559,0,0,1660356,10503196,377232,3708436,61718.196,32742.343,0,272.252,0,6.006,4491,2815,2.830,2.450,1.700,1,0,162.150,0,0,14,32,0,8,0
31-07 17:21:06,2.265,4.781,92.849,0,0,1660984,10502552,377236,3708444,45146.046,23034.498,0,253.635,0,11.071,1405,1441,2.600,2.410,1.690,0,0,16.104,0,0,14,32,0,8,0
31-07 17:21:07,5.228,14.189,75.924,2.738,0,1660444,10502920,377272,3708568,44604.209,22793.990,131.435,195.161,8.961,9.957,2901,2602,2.600,2.410,1.690,1,0,53.769,0,0,14,12,0,8,20
31-07 17:21:08,6.501,23.752,67.755,0,0,1661944,10501376,377304,3708584,68314.436,470841.467,0,1212.096,0,179.014,4614,3038,2.600,2.410,1.690,1,0,134.011,0,0,14,12,0,8,20
31-07 17:21:09,6.485,23.694,67.841,0,0,1648524,10514792,377304,3708588,49192.641,142689.387,0,750.241,0,95.775,4351,2622,2.600,2.410,1.690,1,0,133.686,0,0,14,12,0,8,20
31-07 17:21:10,7.009,24.532,66.586,0,0,1649316,10513992,377304,3708596,60888.017,32175.756,0,52.068,0,4.005,4167,2571,2.600,2.410,1.690,1,0,120.156,0,0,14,12,0,8,20
31-07 17:21:11,6.965,23.132,67.158,0,0,1653244,10510060,377304,3708600,58450.250,29044.048,0,11.939,0,2.985,4081,2581,2.480,2.390,1.680,3,0,122.377,0,0,14,12,0,8,20
31-07 17:21:12,16.847,21.876,60.096,0,0,1650040,10513256,377304,3709076,46826.626,24422.625,0,12.069,0,3.017,4386,4540,2.480,2.390,1.680,1,0,80.463,0,0,14,12,0,8,20
31-07 17:21:13,18.917,20.883,57.981,0,0,1658764,10504520,377304,3708600,44364.085,22862.087,0,145.443,0,4.914,4612,4772,2.480,2.390,1.680,4,0,64.860,0,0,14,12,0,7,20
31-07 17:21:14,24.558,26.837,47.598,0.506,0,1694584,10468044,377324,3709236,61053.725,33512.861,20.254,0,1.013,0,5304,2746,2.480,2.390,1.680,2,0,122.539,0,0,14,12,0,7,20
31-07 17:21:15,14.017,24.030,60.325,0.501,0,1705976,10456228,377324,3709616,45875.961,25739.960,152.189,0,2.002,0,4443,2882,2.480,2.390,1.680,1,0,145.180,0,0,16,12,0,7,20
31-07 17:21:16,7.255,24.768,66.549,0,0,1708860,10453208,377324,3709752,60745.810,32846.230,0,8.006,0,2.001,4274,2764,2.360,2.370,1.680,1,0,124.092,0,0,16,12,0,7,20
31-07 17:21:17,8.255,23.513,65.788,0,0,1713044,10449020,377324,3709756,70649.319,475385.300,0,16.009,0,4.002,4648,2959,2.360,2.370,1.680,2,0,125.071,0,0,16,12,0,7,20
31-07 17:21:18,12.900,22.823,61.026,0,0,1711616,10450436,377328,3710152,50019.729,152809.835,0,261.967,0,5.954,5371,5262,2.360,2.370,1.680,5,0,109.153,0,0,16,12,0,7,20
31-07 17:21:19,21.452,28.266,50.223,0,0,1716252,10445784,377328,3710236,45249.094,23010.683,0,2971.986,0,406.831,6310,5711,2.360,2.370,1.680,6,0,107.008,0,0,16,12,0,7,20
31-07 17:21:20,19.204,14.216,65.841,0,0,1717916,10444076,377328,3709768,51695.265,24800.160,0,0,0,0,3508,2445,2.360,2.370,1.680,3,0,21.947,0,0,16,12,0,7,20
31-07 17:21:21,28.320,25.312,44.860,0,0,1754008,10407592,377332,3710120,54521.036,32277.351,4.010,0,1.002,0,4873,2819,2.330,2.360,1.680,3,0,129.318,0,0,16,12,0,7,20
31-07 17:21:22,8.992,23.728,65.190,0,0,1766520,10395068,377332,3710132,61253.595,34532.201,0,0,0,0,4477,3045,2.330,2.360,1.680,1,0,145.866,0,0,18,12,0,7,20
31-07 17:21:23,7.760,23.781,66.338,0,0,1765536,10396052,377332,3710144,61198.777,31633.754,0,208.275,0,5.007,4410,3062,2.330,2.360,1.680,1,0,125.165,0,0,18,12,0,7,20
31-07 17:21:24,8.207,23.876,66.405,0,0,1760712,10400876,377332,3710144,44909.566,22994.478,0,15.917,0,3.979,4271,2837,2.330,2.360,1.680,3,0,115.400,0,0,18,12,0,7,20
31-07 17:21:25,13.764,24.524,58.808,0,0,1759468,10402120,377332,3710604,60429.059,31132.942,0,12.012,0,3.003,5492,5865,2.330,2.360,1.680,8,0,120.119,0,0,18,12,0,7,20
31-07 17:21:26,19.842,27.879,52.242,0,0,1764948,10396596,377332,3710600,58933.453,581934.320,0,341.579,0,2.009,6100,6832,2.220,2.340,1.680,5,0,77.358,0,0,18,12,0,7,20
31-07 17:21:27,18.130,19.620,60.847,0,0,1769016,10392528,377336,3710160,44706.537,22832.590,0,0,0,0,4286,3293,2.220,2.340,1.680,2,0,39.736,0,0,18,12,0,7,20
31-07 17:21:28,36.858,18.805,43.127,0,0,1862228,10299244,377400,3710164,61601.872,31899.662,0,140.412,0,2.006,4080,2558,2.220,2.340,1.680,13,0,59.174,0,0,20,12,0,7,20
31-07 17:21:29,81.249,18.925,0,0,0,2068848,10092408,377404,3710320,29746.292,14861.035,0,60.558,0,2.019,5135,3595,2.220,2.340,1.680,13,0,2.019,0,0,20,12,0,1,20
31-07 17:21:30,84.502,16.250,0,0,0,2253120,9907692,377404,3710688,15362.372,7494.181,0,4.000,0,1.000,5005,3450,2.220,2.340,1.680,13,0,29.001,0,0,20,12,0,1,20
31-07 17:21:31,84.419,11.022,4.008,0,0,2376680,9783468,377424,3711320,29591.187,14885.774,0,20.040,0,5.010,5075,3700,3.090,2.510,1.740,4,0,35.070,0,0,20,12,0,1,20
31-07 17:21:32,5.922,23.194,68.349,0,0,2376480,9783468,377424,3711368,30189.034,18883.074,0,0,0,0,4516,3290,3.090,2.510,1.740,1,0,153.970,0,0,20,12,0,1,20
31-07 17:21:33,7.281,23.350,67.289,0,0,2376704,9783216,377432,3711380,45667.359,24774.524,0,389.676,0,4.017,4399,3184,3.090,2.510,1.740,1,0,133.574,0,0,20,12,0,1,20
31-07 17:21:34,8.503,24.010,65.777,0,0,2377200,9782712,377432,3711384,60431.353,31292.611,0,64.026,0,5.002,4403,3078,3.090,2.510,1.740,1,0,110.044,0,0,20,12,0,1,20
31-07 17:21:35,7.752,24.255,65.764,0,0,2369856,9790052,377432,3711388,60648.453,31430.454,0,12.002,0,3.001,4363,3050,3.090,2.510,1.740,1,0,110.023,0,0,20,12,0,1,20
31-07 17:21:36,15.500,25.250,56.749,0,0,2360184,9799676,377432,3711876,45649.484,23115.739,0,12.000,0,3.000,5189,5689,2.920,2.490,1.740,1,0,106.999,0,0,20,12,0,1,20
31-07 17:21:37,21.016,21.517,56.293,0,0,2310056,9849700,377440,3711876,57956.651,579230.254,0,140.108,0,4.003,5245,5944,2.920,2.490,1.740,1,0,69.053,0,0,20,12,0,1,20
31-07 17:21:38,23.986,24.985,49.470,0,0,2352036,9807732,377440,3711412,60490.893,32638.518,0,0,0,0,5419,3595,2.920,2.490,1.740,2,0,103.938,0,0,20,12,0,1,20
31-07 17:21:39,23.519,12.760,63.551,0,0,2384432,9774736,377444,3711988,45060.305,23773.154,0,0,0,0,3049,2375,2.920,2.490,1.740,1,0,41.033,0,0,21,12,0,1,20
31-07 17:21:40,6.741,16.229,73.906,0,0,2392012,9767140,377444,3712004,60270.703,32185.257,0,47.939,0,2.996,3710,3105,2.920,2.490,1.740,1,0,83.894,0,0,21,12,0,2,20
31-07 17:21:41,19.259,9.755,70.283,0,0,2412584,9746568,377444,3712004,44997.128,22912.759,0,0,0,0,2651,2274,2.760,2.460,1.730,1,0,9.004,0,0,21,12,0,2,20
31-07 17:21:42,23.414,4.982,69.992,0,0,2443204,9715896,377480,3712016,29721.447,14699.817,0,247.089,0,14.945,2850,2815,2.760,2.460,1.730,2,0,0,0,0,21,13,0,2,14
31-07 17:21:43,23.156,5.537,69.973,0,0,2445348,9713724,377500,3712024,29793.271,14906.703,0,205.388,0,13.088,3238,3262,2.760,2.460,1.730,3,0,0,0,0,21,17,0,3,10
31-07 17:21:44,22.553,5.700,68.650,0.248,0,2442452,9716404,377572,3712168,15023.788,7232.831,0,773.247,0,35.688,3570,3891,2.760,2.460,1.730,2,0,1.983,0,0,21,14,0,7,0
31-07 17:21:45,7.781,25.101,65.514,0,0,2404668,9754184,377572,3712172,34671.569,17713.304,0,530.134,0,76.307,4649,3180,2.760,2.460,1.730,1,0,135.546,0,0,21,14,0,7,0
31-07 17:21:46,7.065,26.492,65.347,0,0,2393084,9765756,377572,3712184,57952.858,36013.266,0,8.074,0,2.018,4898,3419,2.620,2.440,1.730,1,0,156.430,0,0,21,14,0,7,0
31-07 17:21:47,7.442,22.823,66.484,0,0,2391612,9767216,377572,3712196,68405.925,461778.944,0,3.969,0,0.992,4919,3644,2.620,2.440,1.730,4,0,139.914,0,0,21,14,0,7,0
31-07 17:21:48,6.757,23.523,68.066,0,0,2396340,9762480,377572,3712204,63583.077,149546.005,0,8.008,0,2.002,4684,3472,2.620,2.440,1.730,3,0,143.140,0,0,21,14,0,7,0
31-07 17:21:49,14.454,27.662,55.823,0,0,2414920,9743872,377580,3714680,45851.519,23329.977,0,167.469,0,5.981,4845,6622,2.620,2.440,1.730,4,0,148.529,0,0,21,14,0,7,0
31-07 17:21:50,15.017,29.283,53.311,0,0,2391312,9767460,377580,3712216,60839.295,31543.928,0,4453.072,0,710.810,6595,9895,2.620,2.440,1.730,2,0,119.136,0,0,21,14,0,7,0
31-07 17:21:51,8.990,25.221,64.175,0,0,2392460,9766308,377580,3712220,60854.948,31533.183,0,11.986,0,2.997,4524,3258,2.570,2.430,1.730,6,0,117.862,0,0,21,14,0,7,0
31-07 17:21:52,7.509,26.030,63.825,0,0,2383568,9775148,377580,3712224,46003.894,23105.068,0,12.014,0,3.004,4464,3189,2.570,2.430,1.730,0,0,116.136,0,0,21,14,0,7,0
31-07 17:21:53,20.261,22.012,56.031,0,0,2377564,9781128,377580,3712308,46063.874,23435.164,0,0,0,0,5227,5753,2.570,2.430,1.730,3,0,73.041,0,0,21,14,0,7,0
31-07 17:21:54,20.372,23.893,54.577,0,0,2376324,9782324,377600,3712228,45016.813,23621.578,0,237.423,0,10.060,5332,5940,2.570,2.430,1.730,1,0,69.416,0,0,21,14,0,7,0
31-07 17:21:55,39.384,23.283,35.916,0,0,2423236,9735372,377612,3712700,59494.537,32041.922,0,7.926,0,1.982,4785,3145,2.570,2.430,1.730,3,0,83.226,0,0,21,14,0,7,0
31-07 17:21:56,44.625,17.549,36.352,0,0,2489780,9668712,377612,3712808,59746.055,588120.435,0,0,0,0,4718,3170,2.610,2.440,1.740,2,0,45.126,0,0,21,15,0,7,0
31-07 17:21:57,45.294,8.508,45.794,0,0,2557188,9601176,377612,3712936,44310.752,22071.295,0,0,0,0,3287,1910,2.610,2.440,1.740,2,0,0,0,0,21,15,0,7,0
31-07 17:21:58,54.860,6.206,37.235,0.248,0,2584300,9573736,377644,3713204,14988.517,7391.489,103.266,258.166,0.993,11.915,4485,3532,2.610,2.440,1.740,3,0,14.894,0,0,21,29,0,7,0
31-07 17:21:59,43.702,10.239,44.701,0,0,2608968,9548060,377712,3713948,29379.501,14617.830,0,351.611,0,17.980,3641,2516,2.610,2.440,1.740,2,0,5.993,0,0,21,31,0,7,0
31-07 17:22:00,49.748,16.244,32.742,0,0,2635584,9518828,377736,3716336,15550.752,7407.344,0,2452.870,0,19.290,6565,8393,2.610,2.440,1.740,1,0,31.473,0,0,21,30,0,8,0
31-07 17:22:01,7.669,22.264,67.287,0,0,2642364,9512044,377736,3716340,15288.100,10025.827,0,11.874,0,2.969,4418,3223,2.400,2.400,1.730,4,0,123.690,0,0,21,30,0,8,0
31-07 17:22:02,12.033,25.571,59.665,0.501,0,2649440,9504680,377880,3716476,60929.260,33057.290,140.388,0,5.014,0,4559,3265,2.400,2.400,1.730,1,0,121.335,0,0,21,30,0,8,0
31-07 17:22:03,15.530,27.554,55.359,0,0,2635864,9518212,377880,3716960,60307.399,30992.847,0,0,0,0,5834,6147,2.400,2.400,1.730,1,0,136.268,0,0,21,30,0,8,0
31-07 17:22:04,22.201,19.208,57.124,0,0,2639880,9514108,377880,3716960,44974.646,23406.293,0,0,0,0,5221,5455,2.400,2.400,1.730,2,0,69.846,0,0,21,30,0,8,0
31-07 17:22:05,14.352,12.338,66.473,6.043,0,2637520,9511744,377912,3721116,45144.048,23879.825,4395.257,1015.220,74.530,9.064,3997,3001,2.400,2.400,1.730,1,1,45.322,0,0,21,30,0,8,0
31-07 17:22:06,15.428,19.658,56.735,5.723,0,2648060,9497184,377912,3725560,44992.940,22815.481,4283.999,11.944,42.800,2.986,4972,5933,2.290,2.380,1.720,1,0,83.610,0,0,22,30,0,8,0
31-07 17:22:07,20.757,21.007,56.268,0,0,2654056,9490928,377924,3725764,44897.335,22833.290,0,172.055,0,5.002,5616,6694,2.290,2.380,1.720,1,0,70.022,0,0,22,30,0,8,0
31-07 17:22:08,29.901,22.487,43.245,2.965,0,2713092,9429684,377976,3727444,72015.611,585857.183,2178.547,213.506,45.469,17.792,5970,4927,2.290,2.380,1.720,5,0,88.961,0,0,22,40,0,8,0
31-07 17:22:09,15.872,22.675,59.459,0,0,2716624,9425976,377996,3727556,45785.282,24603.845,0,120.933,0,9.070,4756,3563,2.290,2.380,1.720,1,0,99.770,0,0,22,46,0,8,0
31-07 17:22:10,8.737,23.715,65.153,0,0,2712260,9430312,378000,3727564,61398.779,33270.570,3.994,5803.378,0.999,254.622,4898,3367,2.290,2.380,1.720,1,0,109.837,0,0,22,46,0,9,0
31-07 17:22:11,17.520,25.279,55.314,0,0,2715684,9426864,378000,3728056,60103.077,31785.060,0,0,0,0,5015,5697,2.340,2.390,1.730,4,0,106.124,0,0,22,46,0,9,0
31-07 17:22:12,20.542,22.797,55.614,0,0,2724372,9418152,378000,3728060,45296.221,23504.372,0,4.008,0,1.002,5313,6009,2.340,2.390,1.730,1,0,70.144,0,0,22,46,0,9,0
31-07 17:22:13,13.016,22.528,60.824,2.002,0,2723476,9417200,378176,3729100,44550.544,23448.708,1593.951,364.446,35.043,14.017,4230,3819,2.340,2.390,1.730,0,0,125.153,0,0,22,46,0,9,0
31-07 17:22:14,4.737,11.718,82.273,0,0,2718528,9422132,378176,3729100,44595.825,23588.847,0,0,0,0,2819,2580,2.340,2.390,1.730,3,0,65.818,0,0,22,46,0,9,0
31-07 17:22:15,12.262,21.772,62.062,1.251,0,2726552,9412340,378176,3731316,60504.031,32646.391,1725.712,4112.080,20.020,768.763,6858,5903,2.340,2.390,1.730,5,0,103.102,0,0,24,46,0,9,0
31-07 17:22:16,20.247,23.747,54.992,0,0,2735972,9402872,378176,3731316,44608.482,22660.689,0,1243.818,0,277.959,5821,5701,2.240,2.360,1.720,2,0,79.988,0,0,24,46,0,9,0
31-07 17:22:17,17.229,21.724,59.178,0.250,0,2726700,9411928,378176,3731036,58718.866,568455.352,87.894,0,2.996,0,4764,4078,2.240,2.360,1.720,0,1,79.903,0,0,24,46,0,9,0
31-07 17:22:18,7.759,30.285,59.069,1.001,0,2725340,9411592,378184,3732712,49471.872,26068.495,1790.094,156.183,21.025,4.005,4878,3460,2.240,2.360,1.720,1,0,148.173,0,0,24,48,0,9,0
31-07 17:22:19,7.009,23.030,68.340,0,0,2728144,9408772,378188,3732724,57313.612,31852.021,0,44.058,0,8.011,4602,3320,2.240,2.360,1.720,3,0,135.178,0,0,24,48,0,9,0
31-07 17:22:20,7.498,23.743,65.981,0,0,2728796,9408112,378188,3732732,60602.967,33738.518,0,7.998,0,1.999,4521,3362,2.240,2.360,1.720,1,0,129.963,0,0,24,48,0,9,0
31-07 17:22:21,8.453,24.364,65.136,0,0,2731052,9405848,378188,3732740,60656.165,32184.214,0,560.867,0,81.544,4731,3440,2.140,2.340,1.720,2,0,122.317,0,0,24,48,0,9,0
31-07 17:22:22,7.295,24.402,66.413,0,0,2726756,9410140,378188,3732740,45425.459,23274.724,0,12.075,0,3.019,4482,3334,2.140,2.340,1.720,1,0,122.763,0,0,24,48,0,9,0
31-07 17:22:23,16.993,23.740,57.475,0,0,2732324,9404556,378196,3733248,59613.905,30736.546,0,159.930,0,2.999,5253,6331,2.140,2.340,1.720,1,0,94.958,0,0,24,48,0,9,0
31-07 17:22:24,18.758,22.009,57.275,0,0,2728724,9408108,378196,3732836,47267.244,25068.736,0,8.003,0,2.001,5202,5912,2.140,2.340,1.720,1,0,72.031,0,0,24,48,0,9,0
31-07 17:22:25,25.154,27.893,45.825,0,0,2752164,9384644,378208,3732752,58701.447,568931.646,0,3.985,0,0.996,6013,4198,2.140,2.340,1.720,2,0,104.600,0,0,24,48,0,9,0
31-07 17:22:26,26.726,30.191,40.832,0,0,2798560,9338220,378208,3732780,60536.703,32425.745,0,71.270,0,2.970,5327,3482,2.210,2.350,1.730,4,0,152.438,0,0,24,48,0,9,0
31-07 17:22:27,26.848,28.875,43.565,0,0,2842076,9294600,378232,3732856,61826.381,32337.677,0,48.631,0,2.026,5146,3293,2.210,2.350,1.730,6,0,125.630,0,0,24,48,0,9,0
31-07 17:22:28,29.390,28.892,39.353,0.249,0,2866388,9268756,378276,3734296,60870.024,32305.537,7.970,621.682,0.996,5.978,5925,5324,2.210,2.350,1.730,2,0,136.491,0,0,24,48,0,9,0
31-07 17:22:29,25.892,28.909,43.238,0.754,0,2908988,9225916,378288,3734500,45803.851,25198.553,12.066,0,3.017,0,5363,3595,2.210,2.350,1.730,3,0,165.912,0,0,24,52,0,11,0
31-07 17:22:30,25.153,32.195,42.005,0,0,2954860,9180028,378288,3734508,63240.856,34724.770,0,4.024,0,1.006,5309,3376,2.210,2.350,1.730,3,0,154.940,0,0,24,52,0,11,0
31-07 17:22:31,27.200,26.705,43.026,0,0,2992620,9142264,378288,3734512,60033.964,34101.934,0,605.325,0,5.935,5276,3486,2.190,2.350,1.730,3,0,127.593,0,0,24,52,0,11,0
31-07 17:22:32,39.343,30.627,29.133,0,0,3063276,9071256,378292,3734852,45495.011,25699.198,3.984,11.952,0.996,2.988,5149,3262,2.190,2.350,1.730,3,0,125.498,0,0,24,52,0,11,0
31-07 17:22:33,10.836,25.200,62.749,0,0,3067520,9066964,378296,3734884,68433.838,472765.021,0,294.339,0,6.048,4945,3721,2.190,2.350,1.730,3,0,121.969,0,0,24,52,0,11,0
31-07 17:22:34,9.006,23.265,65.542,0,0,3052864,9081608,378296,3734892,63904.115,148965.843,0,12.008,0,3.002,4674,3404,2.190,2.350,1.730,1,0,115.074,0,0,24,52,0,11,0
31-07 17:22:35,7.995,24.234,65.957,0,0,3047516,9086952,378296,3734896,45909.181,23628.653,0,11.992,0,2.998,4488,3321,2.190,2.350,1.730,1,0,118.923,0,0,24,52,0,11,0
31-07 17:22:36,15.506,28.010,53.770,0,0,3020532,9113872,378296,3735388,60212.237,31455.617,0,5029.858,0,873.323,7320,6539,2.090,2.320,1.720,1,0,126.047,0,0,24,52,0,11,0
31-07 17:22:37,20.465,16.472,61.394,0,0,3017576,9116768,378308,3735300,29421.307,14794.509,0,475.181,0,19.966,5302,6205,2.090,2.320,1.720,2,0,48.916,0,0,24,52,0,11,0
31-07 17:22:38,19.187,21.928,57.809,0,0,2992284,9142052,378308,3735304,59963.130,31262.837,0,3.987,0,0.997,4084,3239,2.090,2.320,1.720,3,0,43.855,0,0,24,52,0,11,0
31-07 17:22:39,44.697,34.091,21.465,0,0,3073612,9060712,378320,3735364,46078.669,25696.903,0,0,0,0,5398,3327,2.090,2.320,1.720,5,0,112.121,0,0,24,52,0,11,0
31-07 17:22:40,48.862,28.771,20.090,0,0,3146016,8988128,378320,3735524,60275.793,33852.862,0,3.968,0,0.992,5527,3267,2.090,2.320,1.720,4,0,125.006,0,0,24,52,0,12,0
31-07 17:22:41,52.044,30.526,17.014,0,0,3174200,8958912,378328,3736528,60461.581,32128.878,0,4535.795,0,381.319,6383,4175,2.250,2.350,1.740,4,0,113.095,0,0,24,52,0,12,0
31-07 17:22:42,50.351,29.124,18.264,0,0,3228044,8904592,378372,3736904,53453.769,443497.561,0,347.519,0,5.924,5576,3544,2.250,2.350,1.740,5,0,111.562,0,0,24,52,0,12,0
31-07 17:22:43,48.433,31.280,18.415,1.009,0,3271908,8857976,378936,3738732,64036.608,156200.730,435.898,1352.090,15.135,31.280,5573,3686,2.250,2.350,1.740,4,0,108.974,0,0,24,52,0,11,0
31-07 17:22:44,48.822,26.289,17.276,7.261,0,3277624,8851252,379568,3739344,44741.325,22569.457,600.891,1077.597,121.180,31.046,5930,6133,2.250,2.350,1.740,3,0,84.125,0,0,24,56,0,11,0
31-07 17:22:45,59.966,25.380,13.187,0,0,3357752,8770664,379748,3739212,44285.940,22620.704,0,1763.635,0,224.933,7683,7822,2.250,2.350,1.740,4,0,75.641,0,0,24,56,0,11,0
31-07 17:22:46,47.134,34.415,14.963,0.748,0,3363660,8760148,382156,3741220,45840.098,24096.651,0,10354.497,0,1264.885,11419,14405,3.030,2.510,1.790,3,0,77.808,0,0,24,56,0,11,0
31-07 17:22:47,44.578,31.628,19.425,0.996,0,3396244,8716048,384180,3750400,60548.329,33317.420,0,15723.320,0,1089.794,10701,13561,3.030,2.510,1.790,5,0,102.604,0,0,24,56,0,6,0
31-07 17:22:48,49.721,27.623,19.085,1.256,0,3435712,8672256,386092,3752684,61403.449,35130.447,0,8039.804,0,1006.482,9923,12869,3.030,2.510,1.790,4,0,103.461,0,0,24,56,0,6,0
31-07 17:22:49,48.064,30.541,17.023,1.252,0,3472116,8631688,387940,3754856,45351.763,23191.072,0,8771.753,0,1056.415,9683,12743,3.030,2.510,1.790,7,0,90.121,0,0,24,56,0,6,0
31-07 17:22:50,53.880,35.752,9.567,0.504,0,3496608,8603032,389536,3760584,60983.106,31647.204,0,8395.210,0,854.023,9557,17820,3.030,2.510,1.790,9,0,142.002,0,0,24,58,0,6,0
31-07 17:22:51,66.219,29.017,2.728,0.496,0,3544512,8552744,389668,3759684,57301.165,571202.172,523.797,1436.472,6.944,50.594,7548,13043,3.190,2.550,1.810,16,0,192.456,0,0,24,62,0,9,0
31-07 17:22:52,55.510,35.667,8.289,0.251,0,3570040,8524752,389736,3762000,45011.995,23900.032,4.019,1044.898,1.005,51.240,7581,10272,3.190,2.550,1.810,5,0,99.466,0,0,24,64,0,14,0
31-07 17:22:53,34.091,27.323,36.849,0.251,0,3585280,8508588,389780,3762432,59740.201,31789.247,0,737.979,0,35.094,8007,7652,3.190,2.550,1.810,2,0,72.194,0,0,24,78,0,21,0
31-07 17:22:54,25.829,29.057,42.965,0,0,3638156,8455680,389808,3762436,45839.137,25544.667,0,576.181,0,26.822,5211,3437,3.190,2.550,1.810,4,0,118.216,0,0,24,78,0,21,0
31-07 17:22:55,28.686,26.421,43.532,0,0,3674092,8419692,389848,3762444,61103.688,35956.845,0,599.885,0,30.196,5133,3348,3.190,2.550,1.810,6,0,125.815,0,0,24,78,0,21,0
31-07 17:22:56,27.684,30.927,39.407,0,0,3716300,8377136,390156,3762460,60470.599,32012.086,0,11468.803,0,570.647,6084,4254,3.090,2.540,1.810,2,0,126.700,0,0,24,78,0,21,0
31-07 17:22:57,29.176,26.913,42.758,0,0,3723784,8369608,390156,3762500,45702.210,23516.124,0,12.073,0,3.018,5099,3380,3.090,2.540,1.810,3,0,115.699,0,0,24,80,0,21,0
31-07 17:22:58,36.873,28.345,34.114,0,0,3757208,8336172,390156,3762980,60669.869,31511.368,0,8.027,0,2.007,6119,6220,3.090,2.540,1.810,2,0,136.456,0,0,24,80,0,21,0
31-07 17:22:59,30.616,28.127,38.333,0,0,3741324,8350532,390160,3764432,44888.169,23196.801,0,0,0,0,8378,11427,3.090,2.540,1.810,1,0,90.605,0,0,24,78,0,23,0
31-07 17:23:00,21.459,21.708,56.142,0,0,3756040,8335752,390160,3763940,55979.445,568677.384,0,3.992,0,0.998,4989,3765,3.090,2.540,1.810,3,0,65.873,0,0,24,78,0,23,0
31-07 17:23:01,24.036,29.293,44.566,0,0,3801812,8289964,390164,3763952,60665.688,34394.849,0,128.190,0,6.009,5296,3523,3.160,2.570,1.820,2,0,120.178,0,0,24,78,0,23,0
31-07 17:23:02,41.520,35.481,23.151,0,0,3906792,8184968,390192,3763956,61398.708,34009.402,0,15029.845,0,2187.239,9492,3913,3.160,2.570,1.820,5,0,151.989,0,0,24,80,0,23,0
31-07 17:23:03,30.204,27.233,39.859,0,0,3936908,8154756,390256,3763988,45141.024,26494.010,0,709.042,0,36.640,5413,3819,3.160,2.570,1.820,4,0,141.610,0,0,24,84,0,23,0
31-07 17:23:04,29.854,26.592,42.397,0,0,3959672,8131820,390256,3764152,61174.738,32079.558,0,16.056,0,4.014,5137,3473,3.160,2.570,1.820,4,0,120.419,0,0,24,86,0,22,0
31-07 17:23:05,30.185,29.443,38.845,0,0,3995828,8095456,390256,3764368,60067.119,30747.113,0,11.876,0,2.969,5432,4107,3.160,2.570,1.820,4,0,116.781,0,0,24,86,0,22,0
31-07 17:23:06,26.539,32.605,40.187,0,0,3987068,8102804,390284,3765756,45665.779,23865.624,0,3041.083,0,24.264,7093,7583,3.470,2.640,1.850,2,0,123.342,0,0,24,88,0,25,0
31-07 17:23:07,7.240,24.216,65.159,0,0,3983052,8106776,390320,3765764,60719.363,31691.825,0,591.176,0,32.954,4755,3793,3.470,2.640,1.850,1,0,109.847,0,0,24,88,0,25,0
31-07 17:23:08,24.019,24.770,50.040,0,0,3976604,8113196,390376,3766264,57519.105,577028.526,0,324.260,0,27.022,5828,7106,3.470,2.640,1.850,1,0,78.063,0,0,24,90,0,25,0
31-07 17:23:09,18.495,23.993,56.484,0,0,3972772,8116976,390388,3765768,44543.163,22477.522,0,111.968,0,6.998,5325,5910,3.470,2.640,1.850,1,0,76.978,0,0,24,90,0,25,0
31-07 17:23:10,38.874,25.667,34.139,0,0,4038012,8051672,390400,3766248,60787.580,32986.869,0,155.495,0,8.971,5643,3704,3.470,2.640,1.850,3,0,94.692,0,0,24,90,0,26,0
31-07 17:23:11,42.621,17.299,39.111,0,0,4108280,7981364,390420,3766264,45524.733,24445.125,0,517.463,0,20.057,3970,2575,3.510,2.670,1.860,4,0,34.096,0,0,24,91,0,26,0
31-07 17:23:12,27.417,15.702,55.332,0,0,4121896,7966860,390532,3766964,45060.257,23636.272,0,977.035,0,72.779,4730,4230,3.510,2.670,1.860,2,0,68.791,0,0,24,94,0,25,0
31-07 17:23:13,7.527,23.834,66.986,0,0,4123100,7965600,390588,3766964,61157.661,34628.110,0,1055.723,0,54.191,4721,3597,3.510,2.670,1.860,4,0,135.478,0,0,24,94,0,25,0
31-07 17:23:14,7.466,21.899,68.436,0,0,4123316,7965364,390600,3766972,45647.341,26002.570,0,63.707,0,5.973,4583,3477,3.510,2.670,1.860,2,0,124.428,0,0,24,94,0,25,0
31-07 17:23:15,9.292,24.863,64.293,0.251,0,4126004,7962648,390620,3766976,61100.406,33550.876,0,1667.598,0,18.082,4824,3536,3.510,2.670,1.860,1,0,131.600,0,0,24,96,0,25,0
31-07 17:23:16,10.727,23.449,62.864,0,0,4131048,7957588,390620,3766988,61025.289,33771.112,0,0,0,0,4843,3583,3.310,2.640,1.860,2,0,130.718,0,0,24,98,0,25,0
31-07 17:23:17,22.473,28.716,47.194,0,0,4209440,7879136,390664,3767004,73711.889,584904.840,0,331.604,0,21.974,5897,4718,3.310,2.640,1.860,3,0,130.844,0,0,24,98,0,25,0
31-07 17:23:18,6.777,23.343,68.022,0,0,4216460,7872076,390692,3767000,45974.577,25445.605,0,172.690,0,19.076,4713,3533,3.310,2.640,1.860,2,0,130.521,0,0,24,98,0,25,0
31-07 17:23:19,7.238,22.963,67.642,0,0,4223872,7864640,390696,3767020,60583.614,32959.563,0,47.924,0,3.994,4605,3496,3.310,2.640,1.860,2,0,137.781,0,0,24,98,0,25,0
31-07 17:23:20,18.786,9.769,69.633,0,0,4264928,7823576,390696,3767024,45208.422,23452.833,0,64.123,0,2.004,2749,2435,3.310,2.640,1.860,1,0,14.027,0,0,24,98,0,25,0
31-07 17:23:21,22.996,6.249,69.736,0,0,4304952,7783520,390716,3767032,35519.082,16448.796,0,295.942,0,13.997,2921,2896,3.130,2.610,1.850,1,0,0,0,0,24,99,0,25,0
31-07 17:23:22,29.908,6.979,61.560,0.249,0,4305060,7783296,390812,3767052,23678.076,12692.908,0,554.293,0,57.822,4204,4483,3.130,2.610,1.850,1,0,1.994,0,0,24,106,0,25,0
31-07 17:23:23,24.807,4.761,69.411,0,0,4305048,7783296,390820,3767056,14950.579,7623.633,0,144.334,0,8.019,3368,3536,3.130,2.610,1.850,1,0,2.005,0,0,24,104,0,25,0
31-07 17:23:24,16.309,12.796,69.752,0,0,4274780,7813536,390832,3767072,15149.660,7322.419,0,148.536,0,8.029,3270,2583,3.130,2.610,1.850,1,0,63.228,0,0,24,104,0,25,0
31-07 17:23:25,21.179,6.478,71.013,0,0,4316952,7771352,390844,3767072,44722.876,26284.358,0,143.521,0,8.970,2401,2237,3.130,2.610,1.850,1,0,0,0,0,24,104,0,25,0
31-07 17:23:26,27.730,9.743,60.955,0,0,4325184,7762872,390900,3767232,29813.155,14743.197,0,1363.001,0,36.973,4714,3823,3.040,2.600,1.850,2,0,7.994,0,0,24,106,0,26,0
31-07 17:23:27,31.920,8.728,57.107,0,0,4321352,7766540,390968,3767320,29641.661,14717.091,0,458.849,0,36.907,5335,6307,3.040,2.600,1.850,1,0,2.992,0,0,24,109,0,26,0
31-07 17:23:28,24.090,6.524,68.506,0,0,4321664,7765912,391000,3767560,15964.575,7634.490,0,8796.827,0,1250.667,4942,2518,3.040,2.600,1.850,1,0,0,0,0,24,109,0,26,0
31-07 17:23:29,30.174,9.227,58.104,0.249,0,4322348,7764696,391324,3767760,15225.697,7319.586,0,1615.935,0,210.471,6021,7926,3.040,2.600,1.850,1,0,7.980,0,0,24,114,0,26,0
31-07 17:23:30,29.629,10.955,57.016,0.249,0,4327384,7759292,391636,3767804,16818.123,11251.919,0,4147.016,0,241.013,5321,6711,3.040,2.600,1.850,3,0,0,0,0,24,117,0,26,0
31-07 17:23:31,52.349,10.470,33.903,0,0,4330196,7756188,391840,3767880,8010.965,3823.007,0,1248.410,0,131.622,7453,8989,3.110,2.620,1.870,2,0,0,0,0,24,115,0,27,0
31-07 17:23:32,32.010,19.155,47.132,0.252,0,4288260,7798028,391924,3767892,9501.086,4876.565,0,1794.560,0,155.260,5143,4013,3.110,2.620,1.870,2,0,96.785,0,0,24,115,0,25,0
31-07 17:23:33,23.507,12.754,62.518,0,0,4341840,7744420,391952,3767892,41395.819,464424.599,0,3340.954,0,306.087,3895,2854,3.110,2.620,1.870,2,0,20.006,0,0,24,115,0,25,0
31-07 17:23:34,23.383,5.473,69.901,0,0,4379812,7706432,391960,3767900,48464.175,149283.111,0,234.828,0,13.930,2839,2626,3.110,2.620,1.870,3,0,0.995,0,0,24,116,0,25,0
31-07 17:23:35,22.617,6.031,69.863,0,0,4374920,7711244,392040,3767900,15058.179,7334.077,0,1294.722,0,69.360,3082,3086,3.110,2.620,1.870,1,0,2.010,0,0,24,117,0,25,0
31-07 17:23:36,25.908,8.552,64.393,0.252,0,4370456,7715648,392084,3767908,30138.931,14748.004,0,346.112,0,39.239,3960,4251,2.940,2.600,1.860,3,0,3.018,0,0,24,118,0,25,0
31-07 17:23:37,25.665,6.910,64.657,0,0,4366704,7719264,392212,3767916,15528.506,7427.149,0,694.938,0,69.099,3662,4203,2.940,2.600,1.860,1,0,1.974,0,0,24,121,0,25,0
31-07 17:23:38,21.763,11.007,65.541,0,0,4378824,7707096,392244,3767924,15288.480,7772.820,0,228.141,0,16.010,3443,3652,2.940,2.600,1.860,2,0,4.002,0,0,24,121,0,25,0
31-07 17:23:39,33.279,11.176,54.885,0,0,4400140,7685556,392420,3767968,361.594,0,0,818.554,0,80.465,4683,4929,2.940,2.600,1.860,2,0,2.980,0,0,24,120,0,26,0
31-07 17:23:40,38.335,17.517,43.159,0,0,4340428,7745064,392452,3768104,15903.701,7409.067,0,280.277,0,17.263,4387,3213,2.940,2.600,1.860,5,0,64.992,0,0,24,120,0,26,0
31-07 17:23:41,36.549,18.150,43.262,0.249,0,4429860,7655572,392496,3768116,16273.296,9302.720,0,457.478,0,22.874,4017,2997,2.870,2.590,1.860,2,0,33.814,0,0,24,120,0,26,0
31-07 17:23:42,46.266,9.003,44.265,0,0,4481112,7604152,392656,3768120,47065.821,23775.992,0,1728.581,0,94.032,3782,2796,2.870,2.590,1.860,2,0,0,0,0,24,120,0,26,0
31-07 17:23:43,40.788,7.461,49.990,0,0,4481344,7603900,392672,3768128,30062.665,15029.840,0,99.483,0,6.964,4108,3576,2.870,2.590,1.860,2,0,0,0,0,24,124,0,26,0
31-07 17:23:44,27.158,6.599,67.515,0,0,4473520,7611724,392672,3768144,16760.013,8638.899,0,0,0,0,3459,3272,2.870,2.590,1.860,2,0,15.229,0,0,24,122,0,26,0
31-07 17:23:45,15.799,12.343,68.132,0,0,4477548,7607676,392680,3768156,59136.415,34188.332,0,94.792,0,6.912,3187,2794,2.870,2.590,1.860,2,0,44.434,0,0,24,122,0,26,0
31-07 17:23:46,22.844,5.774,71.042,0,0,4515384,7569840,392680,3768156,30082.527,15140.170,0,124.511,0,2.008,2343,2154,2.720,2.560,1.860,2,0,0,0,0,24,122,0,26,0
31-07 17:23:47,23.024,6.006,69.823,0,0,4522876,7562340,392680,3768164,30089.445,15129.811,0,32.033,0,1.001,2950,2879,2.720,2.560,1.860,2,0,3.003,0,0,24,122,0,26,0
31-07 17:23:48,24.123,5.223,68.889,0,0,4513324,7571884,392680,3768172,15258.934,7405.144,0,0,0,0,3381,3588,2.720,2.560,1.860,2,0,0,0,0,24,122,0,26,0
31-07 17:23:49,18.338,12.058,68.830,0,0,4484984,7600172,392712,3768188,30335.543,19352.851,0,172.829,0,15.072,3247,2636,2.720,2.560,1.860,3,0,51.246,0,0,24,122,0,26,0
31-07 17:23:50,21.127,7.457,69.843,0,0,4484984,7600172,392712,3768188,30170.145,14895.180,0,3.977,0,0.994,2408,2154,2.720,2.560,1.860,4,0,1.988,0,0,24,122,0,26,0
31-07 17:23:51,40.322,15.027,43.077,0.250,0,4486544,7598520,392760,3768196,43288.943,578682.567,0,228.406,0,21.037,5026,16007,3.060,2.630,1.890,2,0,38.068,0,0,24,124,0,27,0
31-07 17:23:52,24.533,10.514,62.085,1.001,0,4486448,7598520,392844,3768204,30410.402,15230.736,0,724.987,0,65.089,3915,4280,3.060,2.630,1.890,4,0,6.008,0,0,24,125,0,27,0
31-07 17:23:53,23.980,8.243,65.444,0,0,4455468,7629400,392920,3768212,15207.016,7599.511,0,731.376,0,86.926,4065,4772,3.060,2.630,1.890,3,0,2.997,0,0,24,124,0,13,0
31-07 17:23:54,16.143,18.665,63.311,0,0,4441860,7642952,392948,3768240,17169.129,10316.410,0,318.825,0,22.197,4071,3397,3.060,2.630,1.890,1,0,81.724,0,0,24,124,0,13,0
31-07 17:23:55,23.016,5.003,71.050,0,0,4480756,7604040,392956,3768248,45111.473,22683.826,0,240.168,0,13.009,2398,2176,3.060,2.630,1.890,1,0,0,0,0,24,124,0,13,0
31-07 17:23:56,22.619,5.966,70.095,0,0,4496376,7588408,392964,3768252,29983.710,14508.150,0,178.966,0,8.948,2902,2872,2.900,2.610,1.880,3,0,0.994,0,0,24,124,0,15,0
31-07 17:23:57,23.202,5.489,69.357,0,0,4492700,7592044,392996,3768260,15068.943,7280.994,0,882.182,0,42.912,3431,3718,2.900,2.610,1.880,4,0,1.996,0,0,24,124,0,13,0
31-07 17:23:58,16.276,13.521,68.608,0,0,4441656,7643076,392996,3768272,15685.619,7617.956,0,68.107,0,6.009,3294,2628,2.900,2.610,1.880,4,0,55.086,0,0,24,124,0,13,0
31-07 17:23:59,22.000,7.000,69.999,0,0,4454252,7630464,393008,3768272,45267.038,26285.441,0,3003.936,0,513.989,3001,2416,2.900,2.610,1.880,1,0,0,0,0,24,124,0,13,0
31-07 17:24:00,23.496,5.499,69.487,0,0,4458400,7626292,393028,3768276,30013.258,14787.171,0,123.976,0,12.998,3101,3181,2.900,2.610,1.880,2,0,2.000,0,0,24,124,0,13,0
31-07 17:24:01,22.728,6.744,68.435,0,0,4460308,7624304,393104,3768280,29687.783,14805.927,0,2717.417,0,131.875,3426,3525,2.820,2.600,1.880,1,0,0,0,0,24,126,0,11,0
31-07 17:24:02,24.270,8.507,64.052,0.751,0,4460700,7623520,393296,3768472,15573.616,7464.047,0,1172.950,0,166.135,5106,6764,2.820,2.600,1.880,3,0,0,0,0,24,125,0,11,0
31-07 17:24:03,35.631,15.199,47.093,0.249,0,4526268,7557748,393440,3768528,15637.733,7580.663,0,1546.830,0,188.370,5268,5890,2.820,2.600,1.880,1,0,4.983,0,0,24,125,0,11,0
31-07 17:24:04,22.621,12.316,62.837,0,0,4456580,7627328,393528,3768548,15421.664,7661.065,0,1250.704,0,78.420,4253,3962,2.820,2.600,1.880,3,0,53.286,0,0,24,124,0,11,0
31-07 17:24:05,24.479,10.990,63.195,0,0,4481960,7601860,393560,3768596,17003.111,9972.267,0,499.563,0,28.975,3062,2867,2.820,2.600,1.880,1,0,0,0,0,24,124,0,11,0
31-07 17:24:06,23.221,6.492,68.665,0,0,4515484,7568288,393596,3768608,45142.098,22158.560,0,527.347,0,36.954,3084,3081,2.680,2.570,1.880,2,0,1.998,0,0,24,125,0,11,0
31-07 17:24:07,24.042,5.760,68.620,0.501,0,4505948,7577760,393652,3768612,29894.467,14912.172,0,621.090,0,42.074,3363,3508,2.680,2.570,1.880,1,0,1.002,0,0,24,126,0,11,0
31-07 17:24:08,23.518,6.255,69.052,0,0,4501060,7582616,393676,3768620,15887.028,7515.690,0,432.327,0,23.017,3491,3630,2.680,2.570,1.880,1,0,0,0,0,24,125,0,11,0
31-07 17:24:09,20.212,11.978,64.629,0,0,4498792,7584764,393776,3768640,15131.696,7282.378,0,878.357,0,82.845,4568,5564,2.680,2.570,1.880,2,0,1.996,0,0,24,125,0,8,0
31-07 17:24:10,24.141,6.968,66.449,0,0,4499724,7583688,393892,3768660,15490.765,7263.069,0,1051.234,0,79.639,4344,5304,2.680,2.570,1.880,1,0,0,0,0,24,125,0,9,0
31-07 17:24:11,21.335,11.295,66.013,0,0,4498720,7584588,393976,3768680,29744.482,597506.070,0,702.799,0,64.256,4643,5452,2.540,2.540,1.870,1,0,0,0,0,24,125,0,9,0
31-07 17:24:12,28.992,8.920,57.983,0,0,4499800,7583356,394092,3768712,15326.367,7231.531,0,638.310,0,60.461,7085,9723,2.540,2.540,1.870,3,0,2.973,0,0,24,126,0,9,0
31-07 17:24:13,35.895,16.684,46.006,0,0,4409472,7673516,394216,3768744,428.719,149.647,0,772.503,0,67.746,5622,5325,2.540,2.540,1.870,1,0,76.846,0,0,24,126,0,8,0
31-07 17:24:14,20.932,7.974,70.271,0,0,4450028,7632944,394228,3768748,48238.007,24091.593,0,338.897,0,15.948,2563,2330,2.540,2.540,1.870,4,0,0.997,0,0,24,126,0,8,0
31-07 17:24:15,24.054,5.512,69.157,0,0,4483640,7599176,394248,3768884,41008.857,21937.674,0,489.107,0,33.075,3013,2843,2.540,2.540,1.870,1,0,2.005,0,0,24,127,0,8,0
31-07 17:24:16,26.727,5.745,65.942,0.500,0,4485280,7597440,394332,3768896,16940.211,8641.456,0,1994.259,0,106.907,3431,3382,2.420,2.520,1.870,2,0,0,0,0,24,128,0,8,0
31-07 17:24:17,23.991,7.247,66.475,0,0,4485144,7597440,394424,3768940,15338.212,7425.198,0,775.707,0,108.959,4581,5807,2.420,2.520,1.870,1,0,1.000,0,0,24,127,0,8,0
31-07 17:24:18,20.263,12.258,65.541,0.250,0,4402728,7679608,394656,3768948,15288.610,7514.724,0,4975.127,0,266.167,4297,4443,2.420,2.520,1.870,2,0,46.029,0,0,24,126,0,8,0
31-07 17:24:19,11.814,19.857,66.609,0,0,4424820,7657496,394668,3768956,45496.873,26281.452,0,289.558,0,15.081,3982,3186,2.420,2.520,1.870,1,0,103.557,0,0,24,126,0,8,0
31-07 17:24:20,22.293,5.761,70.885,0,0,4470684,7611632,394668,3768956,29771.903,14619.943,0,4.008,0,1.002,2375,2139,2.420,2.520,1.870,1,0,0,0,0,24,126,0,8,0
31-07 17:24:21,24.313,5.765,69.181,0,0,4486464,7595756,394752,3768964,30307.113,14696.363,0,1511.947,0,76.199,3366,3529,2.310,2.490,1.860,2,0,2.005,0,0,24,126,0,8,0
31-07 17:24:22,23.503,6.680,67.292,0.247,0,4486452,7595756,394792,3768932,29706.305,14570.626,0,336.458,0,32.656,3823,4357,2.310,2.490,1.860,3,0,0,0,0,24,127,0,8,0
31-07 17:24:23,21.443,7.231,68.818,0.249,0,4486380,7595756,394816,3768980,14940.594,7651.818,0,243.358,0,25.932,3738,4209,2.310,2.490,1.860,2,0,0,0,0,24,127,0,8,0
31-07 17:24:24,21.645,9.838,65.426,0,0,4486836,7595280,394860,3768956,14914.171,7178.164,0,2990.902,0,523.408,4605,4413,2.310,2.490,1.860,8,0,1.968,0,0,24,127,0,8,0
31-07 17:24:25,25.544,7.663,65.904,0.255,0,4487856,7594048,394976,3769020,433.228,0,0,890.979,0,110.351,5103,6387,2.310,2.490,1.860,2,0,0,0,0,24,127,0,8,0
31-07 17:24:26,21.435,7.726,68.790,0,0,4488584,7593292,395008,3769012,15412.041,7405.436,0,390.809,0,21.933,3080,3137,2.200,2.470,1.860,2,0,0,0,0,24,127,0,8,0
31-07 17:24:27,26.584,19.130,52.422,0,0,4491956,7589788,395080,3769052,16707.572,8982.854,0,608.199,0,52.671,5050,5836,2.200,2.470,1.860,6,0,2.981,0,0,24,127,0,8,0
31-07 17:24:28,42.522,18.368,36.484,0.252,0,4414908,7666652,395220,3769092,727.658,148.953,0,954.108,0,100.644,7309,8284,2.200,2.470,1.860,4,0,44.283,0,0,24,126,0,8,0
31-07 17:24:29,31.821,23.553,41.343,0,0,4409248,7671972,395348,3769296,30786.892,18280.907,0,1026.297,0,95.213,6746,6817,2.200,2.470,1.860,4,0,116.260,0,0,24,126,0,8,0
31-07 17:24:30,24.391,28.622,44.551,0,0,4414408,7666704,395404,3769312,56331.781,29287.389,0,2050.854,0,309.619,6338,5470,2.200,2.470,1.860,2,0,130.418,0,0,24,126,0,7,0
31-07 17:24:31,23.112,7.788,67.829,0,0,4444596,7636492,395428,3769312,61717.348,591382.383,0,438.125,0,29.141,3147,2819,2.260,2.480,1.860,1,0,1.005,0,0,24,126,0,7,0
31-07 17:24:32,23.678,5.483,70.037,0,0,4482640,7598440,395432,3769316,30704.765,14797.069,0,406.765,0,17.946,2515,2130,2.260,2.480,1.860,2,0,0,0,0,24,126,0,7,0
31-07 17:24:33,26.816,8.270,62.654,0.251,0,4526380,7554620,395500,3769324,15197.246,7528.451,0,2133.228,0,108.265,3431,3446,2.260,2.480,1.860,2,0,2.005,0,0,24,128,0,7,0
31-07 17:24:34,24.759,4.752,69.274,0,0,4510468,7570524,395504,3769328,15808.474,7460.583,0,360.125,0,57.020,3485,3502,2.260,2.480,1.860,1,0,0,0,0,24,126,0,6,0
31-07 17:24:35,8.246,21.989,66.967,0,0,4468104,7612880,395504,3769336,46190.450,24228.172,0,7.996,0,1.999,4442,3348,2.260,2.480,1.860,1,0,119.941,0,0,24,126,0,6,0
31-07 17:24:36,7.503,23.758,67.023,0,0,4465096,7615864,395524,3769340,61630.940,33983.546,0,220.075,0,18.006,4922,3838,2.160,2.450,1.860,4,0,129.044,0,0,24,126,0,6,0
31-07 17:24:37,9.252,23.755,64.513,0,0,4470996,7609904,395564,3769356,62476.425,34792.919,0,480.095,0,33.007,4803,3819,2.160,2.450,1.860,3,0,131.026,0,0,24,126,0,6,0
31-07 17:24:38,10.736,25.466,61.669,0,0,4465384,7615460,395604,3769372,58184.409,30716.566,0,327.569,0,25.966,4993,4118,2.160,2.450,1.860,2,0,112.851,0,0,24,126,0,6,0
31-07 17:24:39,7.766,23.798,65.632,0,0,4460540,7620284,395604,3769388,49999.806,24992.388,0,208.420,0,13.026,4612,3427,2.160,2.450,1.860,1,0,113.228,0,0,24,126,0,6,0
31-07 17:24:40,16.997,24.746,55.241,0,0,4457020,7623780,395616,3769800,59927.433,30683.102,0,415.934,0,9.998,5794,6919,2.160,2.450,1.860,2,0,109.982,0,0,24,126,0,7,0
31-07 17:24:41,21.976,23.474,52.941,0,0,4438216,7642512,395624,3769888,55616.370,449573.816,0,323.641,0,11.987,6025,6631,2.470,2.510,1.880,1,0,78.913,0,0,24,126,0,7,0
31-07 17:24:42,23.347,22.602,51.910,0,0,4462424,7618312,395624,3769396,48487.237,144914.298,0,3.974,0,0.993,5056,3294,2.470,2.510,1.880,4,0,78.486,0,0,24,126,0,5,0
31-07 17:24:43,27.104,28.108,43.919,0,0,4507500,7573220,395628,3769408,61672.941,34508.579,0,92.355,0,5.019,5229,3424,2.470,2.510,1.880,4,0,125.482,0,0,24,126,0,5,0
31-07 17:24:44,29.352,26.843,42.899,0,0,4540068,7540272,395648,3769688,61733.951,33756.992,0,48.167,0,4.014,5322,3629,2.470,2.510,1.880,2,0,135.469,0,0,24,129,0,5,0
31-07 17:24:45,28.132,27.136,41.824,0,0,4545148,7535028,395664,3769828,45197.915,23049.064,0,278.827,0,11.950,5780,4748,2.470,2.510,1.880,1,0,114.518,0,0,24,132,0,5,0
31-07 17:24:46,14.257,26.264,57.530,0,0,4538184,7541564,395664,3770248,60784.746,31084.235,0,12.006,0,3.002,5451,4971,2.510,2.520,1.890,7,0,109.057,0,0,24,132,0,5,0
31-07 17:24:47,28.585,34.101,35.355,0,0,4575696,7501904,395720,3772288,46669.594,24288.128,0,509.513,0,40.119,7578,9458,2.510,2.520,1.890,5,0,141.420,0,0,24,138,0,5,0
31-07 17:24:48,13.738,26.228,58.201,0.250,0,4579992,7497408,395904,3772688,61250.008,31661.125,0,4584.109,0,200.830,6529,7303,2.510,2.520,1.890,4,0,123.895,0,0,24,138,0,5,0
31-07 17:24:49,21.544,23.799,52.858,0,0,4573336,7503820,395912,3772824,46278.708,23288.660,0,104.213,0,9.018,5522,6489,2.510,2.520,1.890,1,0,83.170,0,0,24,138,0,5,0
31-07 17:24:50,23.597,23.348,51.167,0,0,4592028,7485108,395920,3772888,57886.543,572522.682,0,8663.657,0,1455.534,7254,3730,2.510,2.520,1.890,3,0,56.632,0,0,26,138,0,5,0
31-07 17:24:51,49.681,34.124,16.058,0,0,4695124,7381996,395936,3775004,61399.657,34750.584,0,216.790,0,15.055,5968,6703,2.550,2.530,1.890,6,0,171.625,0,0,26,138,0,5,0
31-07 17:24:52,49.197,36.710,12.487,0,0,4734052,7343012,395984,3772884,61063.116,33062.328,0,327.646,0,30.967,6294,12355,2.550,2.530,1.890,4,0,168.818,0,0,26,138,0,6,0
31-07 17:24:53,52.347,27.050,19.536,0,0,4782380,7294632,395988,3772932,50306.971,26637.228,0,112.207,0,7.013,5749,3825,2.550,2.530,1.890,11,0,144.267,0,0,26,144,0,6,0
31-07 17:24:54,47.681,29.457,21.469,0,0,4804620,7270564,396032,3774668,57092.582,32604.932,0,291.579,0,27.960,6524,7844,2.550,2.530,1.890,3,0,134.805,0,0,26,154,0,5,0
31-07 17:24:55,17.765,27.022,53.294,0,0,4804552,7270608,396048,3774668,60882.318,31758.248,0,11449.463,0,1165.964,7273,3904,2.550,2.530,1.890,1,0,131.108,0,0,26,160,0,5,0
31-07 17:24:56,8.247,23.491,66.475,0,0,4809048,7266084,396064,3775072,45771.594,23231.166,0,239.909,0,12.995,4573,3482,2.430,2.500,1.890,6,0,105.960,0,0,26,160,0,5,0
31-07 17:24:57,18.522,23.778,55.815,0.250,0,4810928,7264080,396080,3774692,60258.556,30445.648,0,204.239,0,16.019,5783,7184,2.430,2.500,1.890,2,0,82.096,0,0,26,160,0,5,0
31-07 17:24:58,18.494,23.992,55.481,0,0,4828980,7246036,396104,3774700,44963.368,22674.117,0,643.776,0,33.988,5833,6623,2.430,2.500,1.890,2,0,85.970,0,0,26,160,0,3,0
31-07 17:24:59,28.782,27.031,43.049,0,0,4872524,7202448,396144,3774704,58870.458,575936.165,0,284.321,0,21.024,5634,3950,2.430,2.500,1.890,4,0,123.139,0,0,26,160,0,3,0
31-07 17:25:00,32.235,29.487,36.733,0,0,4915776,7159140,396156,3774740,63031.542,34365.484,0,271.877,0,9.995,7605,3670,2.430,2.500,1.890,3,0,123.944,0,0,26,160,0,3,0
31-07 17:25:01,24.508,27.509,45.764,0,0,4958792,7116056,396164,3774796,60959.247,33628.618,0,64.020,0,4.001,5158,3477,2.390,2.490,1.890,1,0,128.040,0,0,27,160,0,3,0
31-07 17:25:02,12.741,28.229,57.208,0,0,4959612,7115196,396196,3774804,61077.693,31362.736,0,271.798,0,22.983,5149,3715,2.390,2.490,1.890,4,0,157.883,0,0,27,164,0,3,0
31-07 17:25:03,13.615,26.501,55.433,0,0,4989904,7084900,396196,3774808,45151.912,23916.081,0,7.780,0,1.945,4762,3422,2.390,2.490,1.890,5,0,119.619,0,0,27,166,0,3,0
31-07 17:25:04,32.086,27.465,41.840,0.257,0,5005268,7069364,396228,3774948,63455.802,35161.843,0,915.855,0,127.316,5465,4104,2.390,2.490,1.890,1,0,131.423,0,0,27,180,0,3,0
31-07 17:25:05,8.523,26.070,62.919,0,0,4999800,7074704,396228,3775008,60982.036,31476.669,0,16.043,0,4.011,4731,3421,2.390,2.490,1.890,2,0,118.318,0,0,27,180,0,3,0
31-07 17:25:06,8.742,24.727,64.439,0,0,4993496,7080976,396248,3775016,46115.425,24011.311,0,215.796,0,17.983,4795,3828,2.280,2.470,1.890,1,0,121.885,0,0,27,180,0,3,0
31-07 17:25:07,16.527,29.548,51.835,0,0,4986248,7088172,396276,3775512,72242.526,593690.045,0,496.815,0,35.058,6363,7206,2.280,2.470,1.890,1,0,133.219,0,0,27,180,0,3,0
31-07 17:25:08,20.157,30.360,47.531,0,0,4967972,7106360,396284,3775516,45477.499,23613.221,0,163.248,0,10.950,5940,6757,2.280,2.470,1.890,2,0,167.230,0,0,27,180,0,3,0
31-07 17:25:09,24.038,35.557,39.062,0,0,4963080,7111228,396292,3775060,45003.682,23868.017,0,336.536,0,14.022,6007,4284,2.280,2.470,1.890,7,0,204.325,0,0,27,180,0,3,0
31-07 17:25:10,31.661,45.760,19.788,0,0,5003112,7071044,396332,3775076,60418.698,33493.716,0,898.390,0,40.566,6015,4168,2.280,2.470,1.890,3,0,273.079,0,0,27,180,0,4,0
31-07 17:25:11,34.535,46.798,18.018,0,0,5034124,7040036,396332,3775068,63857.408,35899.771,0,1861.907,0,8.008,5983,4326,2.420,2.490,1.900,4,0,262.269,0,0,27,180,0,3,0
31-07 17:25:12,31.818,34.848,32.323,0,0,5054580,7019300,396344,3775288,47600.381,26238.037,0,12.121,0,3.030,5803,4670,2.420,2.490,1.900,2,0,205.048,0,0,27,182,0,3,0
31-07 17:25:13,22.729,24.977,50.203,0,0,5055296,7018552,396344,3775304,60235.502,31298.643,0,19.981,0,4.995,5007,3861,2.420,2.490,1.900,2,0,111.895,0,0,27,186,0,3,0
31-07 17:25:14,22.756,30.988,40.913,0,0,5068332,7004456,396344,3776376,44462.296,22661.584,0,11.620,0,2.905,6372,7789,2.420,2.490,1.900,4,0,122.013,0,0,27,186,0,3,0
31-07 17:25:15,31.525,32.817,36.951,0,0,5113200,6958004,396360,3778368,62378.197,32238.210,0,657.374,0,19.639,6690,9127,2.420,2.490,1.900,2,0,138.503,0,0,27,192,0,3,0
31-07 17:25:16,20.281,23.285,54.833,0,0,5115188,6955908,396384,3778348,42115.093,568755.567,0,400.610,0,24.037,5717,6316,2.630,2.540,1.910,1,0,83.127,0,0,27,192,0,3,0
31-07 17:25:17,24.214,23.466,50.426,0,0,5146444,6924588,396408,3777876,60395.447,32700.054,0,219.678,0,19.971,5521,3869,2.630,2.540,1.910,3,0,86.873,0,0,27,192,0,3,0
31-07 17:25:18,26.550,31.810,41.078,0,0,5194544,6876464,396420,3777892,61427.283,38887.615,0,328.622,0,17.032,5339,3539,2.630,2.540,1.910,2,0,150.284,0,0,27,192,0,3,0
31-07 17:25:19,27.005,28.256,42.259,0,0,5225484,6845508,396424,3777904,46087.275,24358.902,0,84.017,0,6.001,5633,4060,2.630,2.540,1.910,4,0,146.029,0,0,27,193,0,3,0
31-07 17:25:20,34.221,32.252,30.775,0,0,5229492,6840352,396436,3779068,60183.507,32281.435,0,299.376,0,16.741,7378,8307,2.630,2.540,1.910,5,0,146.734,0,0,27,194,0,3,0
31-07 17:25:21,22.806,32.689,43.839,0,0,5258736,6809600,396488,3780472,61820.686,32871.698,0,1102.819,0,173.329,6785,7263,2.820,2.580,1.930,1,0,162.179,0,0,27,198,0,3,0
31-07 17:25:22,10.019,26.550,61.114,0,0,5264748,6803556,396524,3780464,47273.568,25238.285,0,284.533,0,22.041,5086,3917,2.820,2.580,1.930,1,0,144.270,0,0,27,198,0,3,0
31-07 17:25:23,17.914,25.377,53.243,0,0,5267416,6800844,396540,3780492,60605.378,31858.179,0,218.943,0,17.914,5157,3816,2.820,2.580,1.930,1,0,143.308,0,0,27,204,0,3,0
31-07 17:25:24,8.513,24.286,65.597,0,0,5265960,6802292,396544,3780496,71845.119,480617.899,0,168.249,0,10.015,5117,3778,2.820,2.580,1.930,2,0,126.186,0,0,27,204,0,3,0
31-07 17:25:25,7.213,22.884,66.662,0,0,5268372,6799864,396560,3780496,56161.565,144898.151,0,453.702,0,26.864,4717,3713,2.820,2.580,1.930,1,0,126.360,0,0,27,204,0,3,0
31-07 17:25:26,12.259,27.769,57.790,0.500,0,5271304,6796896,396584,3780504,53750.284,29646.564,0,19433.480,0,2532.757,9382,3864,2.670,2.550,1.930,1,0,95.066,0,0,27,204,0,3,0
31-07 17:25:27,8.851,25.035,63.979,0.253,0,5276400,6791780,396600,3780508,61280.164,32200.864,0,372.241,0,22.254,4909,3972,2.670,2.550,1.930,1,0,123.406,0,0,27,204,0,3,0
31-07 17:25:28,8.403,23.231,64.504,0,0,5272640,6795516,396608,3780524,45508.594,23806.625,0,158.170,0,8.897,4523,3427,2.670,2.550,1.930,2,0,117.639,0,0,27,204,0,3,0
31-07 17:25:29,19.874,23.647,55.596,0,0,5270152,6797916,396608,3780532,59844.468,30699.069,0,4.025,0,1.006,6152,7179,2.670,2.550,1.930,2,0,93.582,0,0,27,204,0,3,0
31-07 17:25:30,28.248,26.735,44.390,0,0,5278648,6789372,396656,3780540,45536.611,22763.766,0,468.108,0,36.319,5895,6458,2.670,2.550,1.930,2,0,89.788,0,0,27,210,0,3,0
31-07 17:25:31,26.745,26.497,44.575,0,0,5326396,6741600,396656,3780552,45353.472,25270.995,0,19.811,0,4.953,5066,3393,2.700,2.560,1.930,2,0,108.961,0,0,27,210,0,3,0
31-07 17:25:32,46.278,8.505,44.027,0,0,5409776,6658188,396680,3780560,60444.141,31719.491,0,256.157,0,21.013,3799,2621,2.700,2.560,1.930,3,0,0,0,0,27,210,0,3,0
31-07 17:25:33,49.565,16.271,32.793,0,0,5460900,6606344,396680,3781260,59280.236,587764.794,0,0,0,0,5222,5086,2.700,2.560,1.930,3,0,4.005,0,0,27,210,0,3,0
31-07 17:25:34,48.263,13.504,37.010,0,0,5550692,6515876,396692,3781908,30121.087,15104.055,0,108.029,0,3.001,4320,3290,2.700,2.560,1.930,2,0,7.002,0,0,27,214,0,3,0
31-07 17:25:35,42.186,12.731,43.684,0,0,5576884,6489624,396704,3781972,15013.185,7354.823,0,111.830,0,2.995,4414,3622,2.700,2.560,1.930,2,0,33.948,0,0,27,216,0,3,0
31-07 17:25:36,21.069,31.232,45.113,0.248,0,5529692,6536736,396736,3782040,45326.800,24329.098,0,924.065,0,30.736,5269,3914,2.720,2.570,1.940,6,0,109.064,0,0,27,214,0,3,0
31-07 17:25:37,33.556,57.777,4.794,2.775,0,5513688,6549464,397084,3784604,61267.133,33400.821,2070.899,492.495,147.345,35.322,7456,7414,2.720,2.570,1.940,3,1,176.612,0,0,27,214,0,3,0
31-07 17:25:38,43.836,39.104,15.193,0.249,0,5518696,6539924,397124,3788944,45849.412,25299.319,944.465,398.509,18.929,31.881,9404,16525,2.720,2.570,1.940,6,0,120.549,0,0,27,214,0,3,0
31-07 17:25:39,44.059,31.862,22.652,0,0,5537740,6520532,397164,3789184,59848.801,32839.775,15.931,481.913,0.996,34.849,6733,6332,2.720,2.570,1.940,4,0,131.431,0,0,27,220,0,3,0
31-07 17:25:40,46.536,31.695,21.381,0,0,5547732,6510480,397176,3789220,61233.343,31590.155,0,917.640,0,119.736,6902,6859,2.720,2.570,1.940,4,0,110.680,0,0,27,217,0,5,0
31-07 17:25:41,40.232,32.735,23.989,0.250,0,5512408,6545200,397660,3789328,45471.652,23877.315,0,5525.527,0,395.823,7736,9020,3.060,2.640,1.960,3,0,122.945,0,0,27,220,0,6,0
31-07 17:25:42,29.122,28.118,40.922,0,0,5552924,6504628,397688,3789344,62246.575,31281.452,0,3832.103,0,39.165,5516,3951,3.060,2.640,1.960,3,0,125.527,0,0,27,221,0,6,0
31-07 17:25:43,35.535,28.577,33.547,0,0,5551992,6505532,397708,3789852,57352.944,570607.126,0,389.642,0,20.874,6820,7147,3.060,2.640,1.960,2,0,128.224,0,0,27,222,0,6,0
31-07 17:25:44,41.730,28.155,29.915,0,0,5556832,6500560,397760,3789868,46664.195,24035.474,0,462.549,0,39.216,6894,7003,3.060,2.640,1.960,3,0,85.471,0,0,27,220,0,7,0
31-07 17:25:45,49.078,29.798,20.282,0,0,5563220,6494088,397776,3789852,60606.632,32892.444,8.013,192.307,1.002,9.014,5554,3827,3.060,2.640,1.960,5,0,121.193,0,0,27,220,0,7,0
31-07 17:25:46,63.243,15.317,19.269,0,0,5673660,6383460,397816,3790004,44270.821,23368.147,0,407.124,0,32.609,5250,4029,3.060,2.650,1.970,3,0,17.787,0,0,27,222,0,7,0
31-07 17:25:47,61.371,15.153,20.710,3.031,0,5729980,6326008,397896,3791052,30179.306,15432.117,735.440,1660.801,7.072,75.766,5495,4422,3.060,2.650,1.970,3,0,5.051,0,0,27,227,0,8,0
31-07 17:25:48,61.911,15.296,18.937,0,0,5741404,6313264,397984,3792216,29503.627,14678.006,0,1324.653,0,124.308,5711,5171,3.060,2.650,1.970,4,0,6.798,0,0,27,229,0,8,0
31-07 17:25:49,47.769,21.059,32.616,0,0,5749200,6304596,397992,3792736,31490.300,17391.883,0,587.605,0,10.273,5189,4044,3.060,2.650,1.970,5,0,74.992,0,0,27,224,0,13,0
31-07 17:25:50,27.225,26.973,44.619,0,0,5772088,6281692,397992,3792752,61492.128,33719.180,0,44.367,0,2.017,5445,4109,3.060,2.650,1.970,4,0,124.027,0,0,27,224,0,13,0
31-07 17:25:51,28.323,26.599,41.623,0,0,5774496,6279236,398028,3792776,59720.625,33188.195,0,271.905,0,23.644,5948,5121,2.970,2.640,1.970,3,0,106.398,0,0,27,226,0,13,0
31-07 17:25:52,39.832,34.286,22.437,0,0,5791476,6262212,398064,3792664,45885.789,23536.345,0,8789.322,0,1372.449,8446,17738,2.970,2.640,1.970,2,0,151.262,0,0,27,224,0,14,0
31-07 17:25:53,26.806,30.815,39.583,0,0,5756648,6297032,398068,3792788,74755.125,595423.498,0,212.447,0,14.029,5665,4154,2.970,2.640,1.970,2,0,116.244,0,0,27,224,0,14,0
31-07 17:25:54,31.122,27.936,37.248,0,0,5798688,6254972,398080,3793304,44367.015,23074.024,0,321.507,0,16.663,5950,5896,2.970,2.640,1.970,6,0,126.446,0,0,27,225,0,14,0
31-07 17:25:55,39.230,25.474,35.154,0,0,5794280,6259316,398124,3792808,46452.336,24806.575,0,798.864,0,44.834,5295,4380,2.970,2.640,1.970,3,0,34.645,0,0,27,226,0,15,0
31-07 17:25:56,41.027,27.186,26.445,0,0,5796392,6257100,398180,3792936,44907.012,22836.587,0,395.439,0,45.475,6756,7668,3.460,2.740,2.010,2,0,79.088,0,0,27,226,0,14,0
31-07 17:25:57,43.701,32.399,23.107,0,0,5786304,6267012,398188,3792964,60977.092,33100.587,0,132.611,0,7.032,5871,3522,3.460,2.740,2.010,5,0,96.445,0,0,27,226,0,14,0
31-07 17:25:58,49.366,29.068,19.295,0.251,0,5853548,6199728,398204,3792984,46722.479,25668.145,0,7084.600,0,430.008,5921,3624,3.460,2.740,2.010,5,0,108.254,0,0,27,226,0,14,0
31-07 17:25:59,49.874,28.967,18.136,0,0,5892300,6160932,398236,3792996,60973.520,33944.707,0,669.020,0,34.257,5675,4088,3.460,2.740,2.010,4,0,105.794,0,0,27,230,0,14,0
31-07 17:26:00,48.442,29.065,18.892,0,0,5890716,6162128,398292,3793268,47051.925,22769.779,0,263.526,0,12.595,5999,4809,3.460,2.740,2.010,6,0,112.386,0,0,27,234,0,16,0
31-07 17:26:01,38.152,31.450,31.192,0,0,5851272,6200512,398344,3794228,68498.733,478183.642,0,1192.000,0,60.837,6960,7297,3.660,2.800,2.030,2,0,121.675,0,0,27,234,0,16,0
31-07 17:26:02,27.858,28.355,40.543,0,0,5887352,6164412,398364,3794228,62356.913,145193.359,0,1349.118,0,18.904,5139,3634,3.660,2.800,2.030,3,0,100.487,0,0,27,234,0,16,0
31-07 17:26:03,38.770,25.427,33.735,0,0,5916720,6135016,398368,3794744,44941.498,25268.264,0,209.461,0,8.056,5850,6392,3.660,2.800,2.030,3,0,95.667,0,0,27,234,0,16,0
31-07 17:26:04,43.450,28.467,25.471,0,0,5935464,6116232,398384,3794748,44815.825,23009.725,0,343.608,0,14.983,5925,5886,3.660,2.800,2.030,2,0,88.898,0,0,27,236,0,17,0
31-07 17:26:05,41.693,23.328,32.014,0,0,5920884,6130744,398400,3794292,45079.082,23226.979,0,210.450,0,12.905,5595,4282,3.660,2.800,2.030,4,0,53.605,0,0,27,234,0,17,0
31-07 17:26:06,48.961,30.476,16.487,0,0,5945152,6106424,398424,3794316,53776.518,28132.776,0,275.782,0,25.979,5787,4167,3.610,2.800,2.040,5,0,104.917,0,0,27,234,0,17,0
31-07 17:26:07,48.476,29.486,19.241,0,0,5980216,6071328,398440,3794328,55419.055,31972.455,0,255.876,0,19.990,5623,3680,3.610,2.800,2.040,7,0,111.946,0,0,27,235,0,17,0
31-07 17:26:08,49.956,30.073,16.403,0,0,5986912,6063176,398500,3795708,60119.083,31269.916,0,656.137,0,43.742,7210,8981,3.610,2.800,2.040,3,0,112.339,0,0,27,241,0,19,0
31-07 17:26:09,31.157,29.131,37.237,0.253,0,5989772,6059912,398536,3796052,46037.855,24030.147,0,494.464,0,36.477,6338,6140,3.610,2.800,2.040,2,0,111.457,0,0,27,241,0,19,0
31-07 17:26:10,28.062,28.559,38.989,0,0,5941428,6108120,398564,3796156,71878.100,473696.732,0,337.740,0,27.814,5732,4217,3.610,2.800,2.040,4,0,104.302,0,0,27,240,0,20,0
31-07 17:26:11,35.924,32.658,28.890,0,0,5968832,6080712,398584,3796656,63590.373,152913.534,0,1511.329,0,128.624,6235,6100,3.560,2.800,2.040,2,0,131.638,0,0,27,242,0,20,0
31-07 17:26:12,40.168,25.947,31.186,0,0,5998524,6050976,398640,3796644,44823.174,22517.869,0,1429.072,0,45.906,5748,5676,3.560,2.800,2.040,4,0,89.816,0,0,27,243,0,19,0
31-07 17:26:13,40.859,23.170,33.883,0,0,5995908,6053564,398640,3796176,45313.216,22966.536,0,143.503,0,6.976,5459,3998,3.560,2.800,2.040,4,0,43.848,0,0,27,243,0,20,0
31-07 17:26:14,44.299,30.456,22.653,0,0,6036320,6013128,398656,3796184,61162.022,31122.165,0,249.686,0,24.163,6421,5546,3.560,2.800,2.040,4,0,116.789,0,0,27,242,0,20,0
31-07 17:26:15,57.542,19.514,21.015,0,0,6098068,5951136,398668,3796416,44780.997,25026.441,0,140.103,0,7.005,4631,2838,3.560,2.800,2.040,3,0,20.015,0,0,27,242,0,20,0
31-07 17:26:16,65.713,10.911,21.326,0,0,6194012,5854900,398740,3796628,29351.222,14473.760,71.417,440.402,1.984,33.724,4844,3385,3.510,2.810,2.050,4,0,0.992,0,0,27,245,0,22,0
31-07 17:26:17,54.450,16.890,26.721,0,0,6214132,5833492,398824,3797796,31332.801,16545.663,32.267,1000.262,1.008,61.508,7151,8142,3.510,2.810,2.050,3,0,2.017,0,0,27,248,1,26,0
31-07 17:26:18,43.364,10.218,41.868,0,0,6221256,5826184,398980,3797820,15345.749,7508.392,0,2424.377,0,155.511,5992,6484,3.510,2.810,2.050,5,0,1.994,0,0,27,249,1,26,0
31-07 17:26:19,47.850,11.273,40.083,0,0,6184372,5863012,399028,3797828,15045.309,8086.828,0,9744.277,0,816.700,5014,3502,3.510,2.810,2.050,3,0,7.015,0,0,27,254,1,26,0
31-07 17:26:20,28.539,24.784,44.311,0,0,6198972,5848412,399028,3797828,31054.881,17806.587,0,236.326,0,14.019,5093,3481,3.510,2.810,2.050,2,0,109.151,0,0,27,255,1,26,0
31-07 17:26:21,28.182,26.685,42.148,0,0,6197684,5849668,399040,3797844,60521.370,33883.907,0,359.130,0,21.947,5950,5194,3.390,2.790,2.050,2,0,125.695,0,0,27,256,1,26,0
31-07 17:26:22,28.532,27.530,41.045,0,0,6142464,5904676,399092,3798000,73039.827,594109.453,0,620.687,0,51.057,6215,5469,3.390,2.790,2.050,4,0,122.135,0,0,27,254,1,26,0
31-07 17:26:23,25.758,30.259,42.263,0,0,6155024,5892108,399096,3798004,45157.699,23289.065,0,580.176,0,16.005,5188,3792,3.390,2.790,2.050,2,0,116.035,0,0,27,254,1,26,0
31-07 17:26:24,28.693,29.192,39.920,0,0,6144888,5902220,399108,3798016,60499.023,31313.384,0,6491.020,0,1278.444,7413,4443,3.390,2.790,2.050,5,0,118.763,0,0,27,255,1,26,0
31-07 17:26:25,29.270,27.518,40.277,0.250,0,6146520,5900500,399148,3798032,45582.608,23641.875,0,1016.683,0,52.035,5861,4917,3.390,2.790,2.050,3,0,122.082,0,0,27,256,1,26,0
31-07 17:26:26,36.849,34.073,28.520,0,0,6123004,5923916,399208,3798560,60863.570,31728.569,0,460.361,0,50.478,6709,7308,3.280,2.780,2.050,3,0,160.521,0,0,27,256,1,26,0
31-07 17:26:27,21.844,26.312,48.900,0,0,6114576,5932296,399228,3798572,59526.475,31721.241,0,297.871,0,22.837,6381,7199,3.280,2.780,2.050,1,0,98.297,0,0,27,258,1,26,0
31-07 17:26:28,30.373,19.917,49.544,0,0,6124352,5922504,399252,3798520,46525.093,25596.320,0,346.556,0,20.913,4899,3904,3.280,2.780,2.050,5,0,41.826,0,0,28,258,1,26,0
31-07 17:26:29,48.045,28.276,21.770,0,0,6192184,5854624,399288,3798540,45474.357,24983.271,0,768.716,0,44.041,5674,3943,3.280,2.780,2.050,3,0,118.110,0,0,28,261,1,26,0
31-07 17:26:30,43.846,11.024,43.095,0,0,6250076,5796716,399292,3798552,68465.187,421448.502,0,80.176,0,5.011,3925,2749,3.280,2.780,2.050,6,0,4.009,0,0,28,261,1,26,0
31-07 17:26:31,46.296,8.258,45.045,0,0,6314208,5732008,399308,3799104,34312.455,178671.415,0,116.117,0,4.004,3805,2775,3.260,2.780,2.050,2,0,3.003,0,0,28,261,1,26,0
31-07 17:26:32,45.739,10.440,40.767,0,0,6313188,5731892,399372,3800032,15155.353,7517.023,0,632.385,0,33.807,5034,4958,3.260,2.780,2.050,2,0,30.824,0,0,28,262,1,27,0
31-07 17:26:33,12.038,25.581,59.940,0,0,6313592,5730948,399408,3800504,45762.804,25310.087,0,569.803,0,36.114,5967,5992,3.260,2.780,2.050,1,0,145.460,0,0,28,262,1,27,0
31-07 17:26:34,12.194,13.936,71.669,0,0,6354104,5690380,399424,3800536,60691.295,33149.678,0,103.521,0,7.963,3774,3868,3.260,2.780,2.050,4,0,45.788,0,0,28,263,1,27,0
31-07 17:26:35,10.309,5.029,83.984,0,0,6385300,5659132,399452,3800560,60376.169,25385.389,0,398.297,0,29.168,2280,2831,3.260,2.780,2.050,0,0,2.012,0,0,28,263,2,27,1
31-07 17:26:36,4.751,3.251,88.275,0,0,6366880,5675932,399488,3802104,2022356.786,68809.625,0,384.110,0,44.013,4921,4576,3.080,2.750,2.040,0,0,2.001,0,0,28,263,1,27,0
31-07 17:26:37,5.998,6.997,77.470,0,0,6366768,5668664,399520,3809256,7988981.954,191846.883,0,443.826,0,28.989,13490,10690,3.080,2.750,2.040,2,0,1.000,0,0,28,263,1,27,0
31-07 17:26:38,3.748,3.498,88.693,0,0,6362328,5669880,399552,3812348,2761336.622,79269.350,0,799.489,0,30.980,5042,4646,3.080,2.750,2.040,2,0,0,0,0,28,263,1,27,0
31-07 17:26:39,7.502,13.254,72.520,0.250,0,6351592,5676256,399572,3816540,4509756.287,111505.766,0,156.043,0,14.004,10033,7980,3.080,2.750,2.040,1,0,55.015,0,0,28,262,1,27,0
31-07 17:26:40,7.508,21.522,66.819,2.252,0,6346380,5679124,399588,3818848,60883.825,34799.909,2302.376,184.190,27.028,9.009,4653,3830,3.080,2.750,2.040,2,0,134.138,0,0,28,262,1,28,0
31-07 17:26:41,15.013,16.014,68.060,0,0,6368472,5657004,399604,3818856,58888.206,592943.656,0,180.160,0,10.009,4131,3547,2.830,2.710,2.030,1,0,71.063,0,0,28,262,1,26,0
31-07 17:26:42,24.949,6.487,67.114,0,0,6412464,5612984,399648,3818840,44802.111,22137.091,0,383.223,0,21.955,2827,2563,2.830,2.710,2.030,3,0,2.994,0,0,28,264,1,26,0
31-07 17:26:43,25.739,6.247,66.221,0,0,6424800,5600628,399648,3818860,15191.410,7292.836,0,43.981,0,5.997,3200,3214,2.830,2.710,2.030,1,0,1.000,0,0,28,266,1,27,0
31-07 17:26:44,22.771,7.507,68.312,0,0,6425044,5600368,399668,3818856,29737.793,14819.352,0,796.718,0,20.018,4143,4632,2.830,2.710,2.030,2,0,0,0,0,28,291,1,28,0
31-07 17:26:45,24.492,4.948,66.549,0,0,6423060,5602128,399700,3819044,14760.595,7219.985,0,205.833,0,27.708,4574,5443,2.830,2.710,2.030,2,0,2.969,0,0,28,291,1,28,0
31-07 17:26:46,27.285,6.569,65.433,0,0,6426824,5598308,399764,3819032,15478.613,7372.982,0,472.938,0,45.475,4955,5852,2.680,2.680,2.030,1,0,0,0,0,28,295,1,27,0
31-07 17:26:47,25.369,5.472,65.413,0,0,6424828,5600160,399812,3819120,119.384,0,0,1169.968,0,154.205,5315,6492,2.680,2.680,2.030,2,0,1.990,0,0,28,298,1,29,0
31-07 17:26:48,27.658,12.572,56.321,1.257,0,6394880,5597732,399844,3851032,15510.404,7567.130,0,8641.252,0,31.178,6266,7537,2.680,2.680,2.030,0,1,22.126,0,0,28,301,1,34,0
31-07 17:26:49,17.004,15.754,63.515,1.750,0,6328816,5679392,399900,3835328,30679.308,24679.879,0,16751.990,0,1108.264,6293,4390,2.680,2.680,2.030,1,0,72.017,0,0,28,296,1,33,0
31-07 17:26:50,10.437,27.831,59.142,0,0,6336552,5671584,399944,3835352,47081.608,36428.185,0,461.204,0,39.759,5308,4390,2.680,2.680,2.030,4,0,165.994,0,0,28,298,1,34,0
31-07 17:26:51,7.500,23.749,65.497,0,0,6345280,5662776,400004,3835368,60514.917,35102.212,0,1271.935,0,72.996,5863,5037,2.550,2.650,2.020,4,0,209.989,0,0,28,298,1,34,0
31-07 17:26:52,22.816,17.049,59.673,0,0,6396920,5611132,400036,3835536,60350.191,32329.851,0,256.745,0,27.079,3935,3767,2.550,2.650,2.020,3,0,56.163,0,0,28,298,1,34,0
31-07 17:26:53,33.607,13.041,51.915,0,0,6409828,5598132,400044,3835372,30270.185,14845.171,0,104.332,0,7.022,3935,13360,2.550,2.650,2.020,2,0,25.080,0,0,28,298,1,34,0
31-07 17:26:54,7.247,23.490,66.721,0.250,0,6407532,5600428,400052,3835380,45531.187,26098.643,0,1511.342,0,318.861,5351,3801,2.550,2.650,2.020,7,1,123.946,0,0,28,298,1,34,0
31-07 17:26:55,7.969,22.661,66.239,0,0,6404212,5603724,400072,3835384,69990.499,469213.054,0,509.993,0,60.761,5192,3981,2.550,2.650,2.020,4,0,117.537,0,0,28,298,1,34,0
31-07 17:26:56,8.521,23.809,65.663,0,0,6397384,5610488,400108,3835412,64196.310,154956.542,0,260.647,0,28.070,5196,4355,2.420,2.620,2.020,6,0,128.318,0,0,28,298,1,34,0
31-07 17:26:57,6.761,23.039,67.114,0,0,6390000,5617860,400132,3835400,46113.375,25593.499,0,552.940,0,30.051,4752,3811,2.420,2.620,2.020,5,0,119.203,0,0,28,298,1,33,0
31-07 17:26:58,7.993,25.979,64.447,0,0,6391132,5616688,400136,3835436,61178.936,37169.583,0,67.944,0,5.995,4888,3728,2.420,2.620,2.020,2,0,142.883,0,0,28,298,1,33,0
31-07 17:26:59,5.253,8.505,84.548,0,0,6383672,5624136,400148,3835436,60196.092,31525.854,0,180.102,0,21.012,2880,3157,2.420,2.620,2.020,1,0,43.024,0,0,28,298,1,33,0
31-07 17:27:00,12.953,8.469,75.972,0.249,0,6382740,5624996,400212,3835440,33858.147,15441.515,0,2112.273,0,103.621,2781,2969,2.420,2.620,2.020,3,0,10.960,0,0,28,298,1,33,0
31-07 17:27:01,26.109,7.029,66.025,0,0,6394284,5613428,400224,3835452,42418.487,23500.778,0,273.136,0,29.121,3171,3028,2.390,2.610,2.020,2,0,20.084,0,0,28,300,1,31,0
31-07 17:27:02,24.489,5.748,68.720,0,0,6410876,5596796,400240,3835476,30246.879,15233.392,0,119.948,0,8.996,3077,3002,2.390,2.610,2.020,1,0,0,0,0,28,302,1,31,0
31-07 17:27:03,21.732,7.993,68.944,0,0,6364752,5642912,400240,3835484,15230.602,7451.934,0,0,0,0,3629,3577,2.390,2.610,2.020,2,0,31.974,0,0,28,304,1,31,0
31-07 17:27:04,7.739,18.723,67.901,3.495,0,6370120,5635876,400272,3837036,60666.696,33499.240,770.878,0,19.971,0,4250,3452,2.390,2.610,2.020,0,1,81.881,0,0,28,304,1,31,0
31-07 17:27:05,8.998,8.248,59.736,20.995,0,6353564,5631660,400344,3857416,53504.146,461781.064,17595.773,3.999,214.948,1.000,3293,3145,2.390,2.610,2.020,0,1,1.000,0,0,28,304,1,30,0
31-07 17:27:06,3.754,5.005,68.572,20.772,0,6349452,5609760,400388,3883204,32330.878,142164.969,23604.734,364.382,222.233,33.035,3278,3965,2.280,2.580,2.010,0,1,2.002,0,0,28,304,1,30,0
31-07 17:27:07,2.493,4.238,68.812,22.937,0,6346932,5603472,400432,3891908,15201.419,7276.097,8093.860,16586.630,77.787,78.784,2320,3031,2.280,2.580,2.010,0,1,0.997,0,0,28,304,1,30,0
31-07 17:27:08,2.512,2.763,70.327,22.605,0,6346736,5588856,400436,3906636,15225.828,7330.098,14061.411,116.542,129.603,10.047,2304,2971,2.280,2.580,2.010,0,1,0,0,0,28,304,1,30,0
31-07 17:27:09,1.999,3.749,69.728,22.743,0,6346664,5573736,400456,3921676,15981.972,7507.638,14023.588,507.840,143.955,16.995,2405,2901,2.280,2.580,2.010,0,1,1.999,0,0,28,304,1,28,0
31-07 17:27:10,2.748,3.247,69.689,22.980,0,6346860,5557872,400496,3937224,15141.712,7451.461,14751.055,407.642,148.869,33.970,2213,2793,2.280,2.580,2.010,0,1,0,0,0,28,304,1,29,0
31-07 17:27:11,2.253,3.004,70.597,22.281,0,6346600,5538216,400500,3957012,14996.698,7306.084,18657.751,0,181.250,0,2224,2678,2.180,2.560,2,0,1,0,0,0,28,304,1,29,0
31-07 17:27:12,4.748,4.498,66.967,22.239,0,6346776,5519580,400504,3975368,1928.056,1352.338,17423.466,135.933,161.921,5.997,2594,2922,2.180,2.560,2,0,1,1.999,0,0,28,304,1,29,0
31-07 17:27:13,4.252,9.505,68.534,15.758,0,6340604,5510944,400516,3990068,15043.418,7365.632,12462.145,160.079,124.061,13.006,3112,3175,2.180,2.560,2,0,1,16.008,0,0,28,304,1,28,0
31-07 17:27:14,1.997,3.745,70.898,21.719,0,6340452,5492548,400520,4008508,15984.083,19224.437,17411.037,0,174.749,0,2255,2653,2.180,2.560,2,1,1,0,0,0,28,304,1,28,0
31-07 17:27:15,2.753,4.255,69.324,22.023,0,6340716,5478184,400520,4022528,44582.312,22235.597,13718.559,2106.235,131.139,438.465,2943,2906,2.180,2.560,2,0,1,2.002,0,0,28,304,1,28,0
31-07 17:27:16,3.501,6.252,69.522,18.006,0,6342756,5460808,400540,4037752,29661.527,15244.896,14576.682,128.041,144.046,12.004,2870,3144,2.080,2.530,2,2,0,10.003,0,0,28,304,1,28,0
31-07 17:27:17,4.242,7.984,69.611,15.968,0,6336908,5451484,400560,4052812,30118.707,19868.227,14594.784,267.465,133.732,17.964,3039,3350,2.080,2.530,2,0,1,16.966,0,0,28,304,1,28,0
31-07 17:27:18,3.006,3.757,70.138,21.793,0,6336280,5436112,400560,4068748,48742.641,24423.924,15454.324,284.558,133.261,61.120,2635,2883,2.080,2.530,2,0,1,2.004,0,0,28,304,1,21,0
31-07 17:27:19,1.999,2.999,70.977,22.493,0,6336344,5421748,400568,4082972,15436.052,7441.615,14059.493,7.997,128.959,1.999,2200,2675,2.080,2.530,2,0,1,0,0,0,28,304,1,21,0
31-07 17:27:20,5.502,11.504,68.773,12.504,0,6334668,5410916,400584,4095404,30544.426,19708.727,12136.143,128.044,132.045,13.004,3308,3542,2.080,2.530,2,0,1,26.009,0,0,28,304,1,22,0
31-07 17:27:21,2.999,3.498,69.718,22.240,0,6334696,5393528,400624,4112644,44246.679,21877.952,16652.352,403.815,205.905,29.986,2766,3225,1.990,2.510,1.990,1,1,2.999,0,0,28,304,1,22,0
31-07 17:27:22,4.499,8.748,69.233,15.496,0,6335752,5377916,400636,4127120,29754.614,14588.379,14020.520,191.952,151.962,20.995,3129,3354,1.990,2.510,1.990,1,0,15.996,0,0,28,304,1,22,0
31-07 17:27:23,6.000,4.750,65.750,21.250,0,6334656,5360080,400636,4145956,53612.666,468194.079,18531.884,0,203.999,0,3536,3705,1.990,2.510,1.990,0,1,1.000,0,0,28,304,1,22,0
31-07 17:27:24,4.503,9.006,69.296,16.011,0,6335084,5345496,400640,4160028,34927.312,152807.991,13821.225,60.040,156.104,3.002,3342,3395,1.990,2.510,1.990,1,0,21.014,0,0,28,304,1,22,0
31-07 17:27:25,3.249,5.747,70.468,18.492,0,6335688,5327364,400640,4177476,44720.973,23793.345,16524.600,7.996,216.903,1.999,2761,2914,1.990,2.510,1.990,0,1,6.997,0,0,28,304,1,22,0
31-07 17:27:26,4.498,8.246,69.467,15.743,0,6336500,5310228,400660,4193716,40438.967,25394.048,15680.620,347.836,184.913,25.988,3342,3432,2,2.500,1.990,2,0,14.993,0,0,28,304,1,22,0
31-07 17:27:27,4.252,6.003,69.539,19.261,0,6336064,5292336,400664,4211960,48764.419,24301.664,17545.866,212.119,231.130,12.007,3093,3107,2,2.500,1.990,1,0,4.002,0,0,28,304,1,22,0
31-07 17:27:28,3.786,7.067,69.914,18.173,0,6338088,5271672,400664,4230520,30475.539,18374.571,18152.461,76.729,225.139,3.029,3006,3160,2,2.500,1.990,1,0,12.115,0,0,28,304,1,22,0
31-07 17:27:29,3.218,4.951,69.568,19.558,0,6336904,5257308,400664,4246020,44419.520,22766.799,14707.808,0,175.282,0,2777,2931,2,2.500,1.990,0,1,5.942,0,0,28,304,1,22,0
31-07 17:27:30,4.503,8.255,69.296,16.761,0,6338568,5240940,400680,4260652,31828.916,16414.787,13997.198,92.060,166.109,9.006,3180,3047,2,2.500,1.990,1,0,16.011,0,0,28,304,1,22,0
31-07 17:27:31,3.742,5.239,68.608,20.208,0,6340952,5226828,400680,4272332,45334.077,25984.166,11152.894,1840.188,131.727,383.206,3105,2893,2.160,2.520,2,0,1,1.996,0,0,28,304,1,22,0
31-07 17:27:32,2.979,3.972,70.010,20.854,0,6339716,5211456,400680,4288876,29854.873,14782.452,15562.984,0,192.651,0,2606,3124,2.160,2.520,2,0,1,0,0,0,28,304,1,22,0
31-07 17:27:33,9.142,19.554,67.296,3.809,0,6345516,5202148,400688,4292360,46178.900,28765.185,3465.881,255.979,47.742,18.284,4245,3567,2.160,2.520,2,2,0,68.058,0,0,28,304,1,22,0
31-07 17:27:34,5.711,5.214,66.794,20.113,0,6342048,5188048,400688,4309848,46138.017,24001.145,16419.902,75.485,205.596,6.953,3262,3253,2.160,2.520,2,0,1,0.993,0,0,28,304,1,21,0
31-07 17:27:35,9.961,7.969,59.019,20.420,0,6385092,5131772,400688,4323032,45594.363,584356.509,11447.150,11.953,138.458,2.988,3640,3375,2.160,2.520,2,1,0,4.980,0,0,28,304,1,21,0
31-07 17:27:36,14.758,18.259,56.279,8.504,0,6389068,5120552,400704,4330236,30267.652,20176.434,6395.307,356.184,77.040,33.017,5013,5301,2.060,2.500,2,3,0,47.024,0,0,28,304,1,23,0
31-07 17:27:37,10.896,11.403,61.323,15.458,0,6401496,5095996,400748,4342256,60815.558,31361.079,12187.641,725.744,173.327,47.640,3942,3988,2.060,2.500,2,0,1,18.245,0,0,28,304,1,23,0
31-07 17:27:38,2.718,2.471,69.187,21.992,0,6397600,5087176,400748,4354908,29426.270,14647.901,11919.952,0,153.200,0,2312,2792,2.060,2.500,2,1,0,0,0,0,28,304,1,23,0
31-07 17:27:39,5.484,12.214,68.799,11.965,0,6392072,5083696,400752,4363864,30216.623,19217.792,8642.722,167.510,106.688,9.971,3357,3185,2.060,2.500,2,0,1,27.918,0,0,28,304,1,23,0
31-07 17:27:40,3.765,5.020,70.034,20.332,0,6387592,5071088,400760,4380896,44371.878,22139.752,16249.875,321.303,260.054,15.061,2700,2929,2.060,2.500,2,1,0,0,0,0,28,304,1,24,0
31-07 17:27:41,3.749,8.998,69.983,14.746,0,6373444,5072336,400760,4393732,30297.572,18847.379,12476.941,0,150.963,0,3068,3053,1.980,2.470,1.990,1,1,15.996,0,0,28,304,1,24,0
31-07 17:27:42,2.993,4.489,69.583,21.199,0,6356364,5072336,400760,4410764,44162.071,21997.237,16608.163,15.962,164.605,0.998,2783,2931,1.980,2.470,1.990,1,1,1.995,0,0,28,304,1,23,0
31-07 17:27:43,4.259,9.018,69.890,15.030,0,6346428,5069060,400760,4423896,45480.228,26627.411,12889.855,88.177,128.257,4.008,3239,3067,1.980,2.470,1.990,0,1,16.032,0,0,28,304,1,23,0
31-07 17:27:44,4.746,9.493,69.198,14.739,0,6337856,5065784,400768,4435700,48425.891,25259.165,11783.214,187.860,119.911,8.993,3269,3098,1.980,2.470,1.990,1,1,15.988,0,0,28,304,1,23,0
31-07 17:27:45,6.505,9.257,66.552,16.013,0,6338544,5053940,400768,4446808,47227.048,28471.335,10964.601,0,105.082,0,3393,3288,1.980,2.470,1.990,0,1,18.014,0,0,28,304,1,23,0
31-07 17:27:46,5.490,5.240,66.875,20.462,0,6337964,5039828,400800,4461404,59149.533,589079.844,14464.985,287.463,159.702,36.931,3842,4249,2.140,2.500,2,0,1,1.996,0,0,28,304,1,19,0
31-07 17:27:47,4.263,9.530,69.468,14.295,0,6338960,5024216,400800,4475952,45516.772,26908.404,13044.918,0,139.437,0,3446,3428,2.140,2.500,2,3,1,17.053,0,0,28,304,1,19,0
31-07 17:27:48,13.255,12.255,56.271,16.256,0,6341224,5007600,400800,4490240,45533.061,25979.734,12812.801,0,144.054,0,3958,3457,2.140,2.500,2,2,0,16.006,0,0,28,304,1,19,0
31-07 17:27:49,2.998,4.747,69.713,20.739,0,6340120,4995252,400812,4503600,45738.842,22873.919,12473.412,291.846,166.912,18.990,2768,2867,2.140,2.500,2,0,1,1.999,0,0,28,302,1,19,2
31-07 17:27:50,3.251,3.251,70.027,22.258,0,6340216,4984416,400812,4514292,30257.523,14759.621,10047.827,8.003,130.050,2.001,2351,2657,2.140,2.500,2,0,1,0,0,0,28,302,1,7,2
31-07 17:27:51,4.752,9.253,68.775,15.005,0,6341588,4967784,400836,4529464,30828.986,19807.058,14569.192,140.050,186.066,12.004,3452,3445,2.050,2.470,2,1,1,18.006,0,0,28,302,1,7,2
31-07 17:27:52,3.747,6.495,69.446,18.985,0,6341628,4950408,400844,4546728,44703.013,22230.601,16654.965,255.800,222.826,17.986,3146,3144,2.050,2.470,2,2,0,6.995,0,0,28,302,1,7,2
31-07 17:27:53,17.511,20.263,46.780,14.509,0,6372600,4905088,400844,4561004,45857.152,26008.534,13584.636,244.155,203.129,49.031,4930,10649,2.050,2.470,2,1,1,51.032,0,0,28,302,1,8,2
31-07 17:27:54,5.207,8.678,68.429,14.628,0,6366156,4898564,400844,4573904,30028.473,14683.496,12063.356,0,159.668,0,3088,3115,2.050,2.470,2,0,1,17.851,0,0,28,302,1,7,2
31-07 17:27:55,5.256,8.260,68.079,16.769,0,6366672,4883948,400864,4587916,45546.815,27395.768,13531.691,304.353,144.167,21.024,3179,3195,2.050,2.470,2,2,0,10.012,0,0,28,302,1,7,2
31-07 17:27:56,7.551,7.802,64.180,18.121,0,6366268,4868828,400880,4603360,62254.911,34153.722,14795.080,161.079,145.978,21.142,3722,3773,1.960,2.450,1.990,1,0,6.040,0,0,28,302,1,7,2
31-07 17:27:57,4.978,9.956,67.454,15.183,0,6363904,4860368,400880,4614136,55081.292,470604.890,10334.649,0,106.533,0,3389,3300,1.960,2.450,1.990,0,1,19.913,0,0,28,302,1,7,2
31-07 17:27:58,3.512,3.762,69.228,22.073,0,6352352,4860116,400884,4625904,49175.863,154047.048,11554.030,80.264,116.383,3.010,2527,2684,1.960,2.450,1.990,0,1,0,0,0,28,302,1,7,2
31-07 17:27:59,5.042,15.630,68.064,10.084,0,6346780,4857096,400896,4634432,30739.913,19663.057,8393.605,254.107,84.702,12.100,3884,3312,1.960,2.450,1.990,1,0,69.577,0,0,28,302,1,7,2
31-07 17:28:00,24.332,5.214,69.024,0,0,6394652,4809216,400896,4634440,45558.853,23742.287,0,0,0,0,2844,2638,1.960,2.450,1.990,1,0,1.986,0,0,28,302,1,7,2
31-07 17:28:01,22.506,6.502,69.769,0,0,6433712,4770156,400896,4634440,44399.374,22122.165,0,16.004,0,4.001,2751,2593,1.970,2.440,1.990,1,0,1.000,0,0,28,302,1,7,2
31-07 17:28:02,24.669,5.980,68.027,0,0,6470996,4732860,400908,4634440,29555.188,14610.142,0,3568.311,0,652.861,3962,2723,1.970,2.440,1.990,1,0,0,0,0,28,302,1,7,2
31-07 17:28:03,25.551,4.259,68.637,0,0,6497912,4705924,400924,4634444,46940.931,24513.052,0,184.369,0,21.042,3305,3302,1.970,2.440,1.990,1,0,6.012,0,0,28,306,1,7,2
31-07 17:28:04,23.760,6.003,69.279,0.250,0,6441604,4762204,400944,4634448,45197.184,23081.797,0,384.163,0,20.008,2881,2589,1.970,2.440,1.990,1,0,5.002,0,0,28,302,1,7,2
31-07 17:28:05,27.256,8.502,63.765,0,0,6466356,4737428,400944,4634472,59893.236,30703.298,0,104.025,0,7.002,3103,2645,1.970,2.440,1.990,2,0,0,0,0,28,302,1,7,2
31-07 17:28:06,25.704,7.986,64.384,0,0,6455076,4748600,400996,4634528,29880.170,14565.760,0,407.266,0,46.915,3348,3434,1.890,2.420,1.990,1,0,1.996,0,0,28,302,1,7,2
31-07 17:28:07,24.714,7.239,66.403,0.250,0,6479704,4723932,401052,4634512,31061.577,16083.480,0,1953.144,0,100.853,3502,3376,1.890,2.420,1.990,3,0,3.994,0,0,28,305,1,7,2
31-07 17:28:08,32.554,29.778,35.330,1.262,0,6489680,4706560,401084,4641756,15117.080,7564.597,24.226,597.577,6.057,51.480,5453,4462,1.890,2.420,1.990,2,0,110.027,0,0,28,308,1,8,2
31-07 17:28:09,30.510,23.068,42.416,2.232,0,6417960,4778196,401108,4641708,39730.381,447814.364,47.625,214.314,10.914,18.852,4233,3129,1.890,2.420,1.990,1,1,16.867,0,0,28,302,1,8,2
31-07 17:28:10,22.790,8.265,67.869,0.501,0,6418164,4777972,401120,4641716,47850.133,156887.848,8.014,1378.424,2.004,275.484,3306,2631,1.890,2.420,1.990,2,0,1.002,0,0,28,302,1,9,2
31-07 17:28:11,23.468,4.993,69.905,0,0,6433024,4763104,401128,4641716,29850.589,15578.910,0,351.524,0,16.977,2476,2217,1.900,2.410,1.990,3,0,0,0,0,28,302,1,8,2
31-07 17:28:12,20.254,10.502,68.765,0,0,6408720,4787248,401128,4641872,15279.295,7459.609,0,156.034,0,2.000,3139,2642,1.900,2.410,1.990,1,0,54.012,0,0,28,302,1,8,2
31-07 17:28:13,7.512,24.538,65.600,0,0,6408864,4787084,401132,4641884,61819.645,34426.707,516.791,232.356,5.008,4.006,4656,3724,1.900,2.410,1.990,1,0,120.184,0,0,28,302,1,8,2
31-07 17:28:14,6.748,23.493,67.981,0,0,6401732,4794204,401132,4641896,45719.219,25468.880,0,67.981,0,1.999,4734,3727,1.900,2.410,1.990,2,0,132.963,0,0,28,302,1,8,2
31-07 17:28:15,6.997,25.738,64.220,0,0,6396676,4799184,401132,4641956,61260.415,61063.507,0,0,0,0,5109,3901,1.900,2.410,1.990,2,0,166.922,0,0,28,302,1,8,2
31-07 17:28:16,11.764,18.523,67.833,0,0,6398620,4797208,401152,4641964,61017.095,33741.526,0,284.350,0,18.022,4651,3988,1.830,2.390,1.980,1,0,114.140,0,0,28,302,1,8,2
31-07 17:28:17,18.736,11.492,67.700,0,0,6399860,4795940,401172,4641972,45676.427,23236.920,0,383.718,0,26.980,3558,3314,1.830,2.390,1.980,1,0,48.964,0,0,28,302,1,8,2
31-07 17:28:18,26.633,6.472,65.213,0,0,6419292,4776488,401180,4641984,45924.062,23557.413,0,59.737,0,6.969,3119,2810,1.830,2.390,1.980,2,0,2.987,0,0,28,302,1,8,2
31-07 17:28:19,17.909,14.178,65.168,0,0,6434316,4761380,401200,4642012,53804.696,175349.046,0,390.012,0,14.924,3918,3465,1.830,2.390,1.980,3,0,102.478,0,0,28,303,1,8,2
31-07 17:28:20,23.691,6.553,69.308,0,0,6409976,4778432,401212,4648112,41640.376,414347.194,0,814.561,0,14.114,3078,2671,1.830,2.390,1.980,2,0,4.032,0,0,28,302,1,9,2
31-07 17:28:21,22.991,10.496,62.977,0,0,6435264,4752504,401236,4648528,60502.423,30284.699,0,411.846,0,11.996,6660,11909,1.760,2.360,1.980,1,0,7.997,0,0,28,302,1,9,2
31-07 17:28:22,20.791,9.268,69.388,0,0,6449544,4737044,401260,4649516,29761.352,14783.482,0,705.407,0,27.054,2926,2782,1.760,2.360,1.980,1,0,7.014,0,0,28,302,1,9,2
31-07 17:28:23,17.251,3.250,78.254,0,0,6447672,4738660,401264,4649736,52485.846,35896.946,0,224.012,0,6.000,2534,2674,1.760,2.360,1.980,2,0,1.000,0,0,28,303,1,8,2
31-07 17:28:24,21.995,10.997,62.735,0,0,6449188,4737112,401264,4649768,44905.127,22934.447,0,11.997,0,2.000,7521,13602,1.760,2.360,1.980,1,0,13.997,0,0,28,303,1,8,2
31-07 17:28:25,18.126,10.677,69.774,0,0,6441508,4744680,401284,4649820,32826.901,14981.724,0,651.552,0,14.898,2701,2379,1.760,2.360,1.980,2,0,6.953,0,0,28,303,1,8,2
31-07 17:28:26,24.121,4.271,69.599,0.251,0,6423728,4760584,401440,4651240,42586.719,24038.637,4.020,277.392,1.005,18.091,2883,2834,1.780,2.360,1.980,2,0,1.005,0,0,28,303,1,8,2
31-07 17:28:27,20.926,20.427,56.300,0.249,0,6374600,4818288,401520,4643800,46250.827,24499.038,0,1088.138,0,47.830,5310,5108,1.780,2.360,1.980,2,0,102.636,0,0,28,302,1,8,2
31-07 17:28:28,9.034,26.099,63.742,0,0,6373804,4819064,401532,4643808,61349.337,34445.009,0,7528.635,0,18.069,5095,4028,1.780,2.360,1.980,2,0,158.603,0,0,28,302,1,8,2
31-07 17:28:29,21.520,11.511,65.811,0,0,6406792,4786064,401532,4643820,46630.079,25104.192,0,1012.936,0,110.102,3482,3070,1.780,2.360,1.980,3,0,12.011,0,0,28,302,1,8,2
31-07 17:28:30,28.196,8.733,61.632,0,0,6445008,4747812,401564,4643824,39407.496,441655.797,0,383.266,0,25.950,3233,2820,1.780,2.360,1.980,2,0,2.994,0,0,28,302,1,9,2
31-07 17:28:31,26.319,4.261,68.681,0,0,6467504,4725108,401568,4644036,33369.015,142971.103,0,116.307,0,5.013,2794,2542,1.720,2.330,1.970,1,0,1.003,0,0,28,303,0,9,2
31-07 17:28:32,25.201,4.491,69.115,0,0,6467716,4724868,401568,4644064,15273.261,7583.234,0,7.984,0,1.996,3031,2967,1.720,2.330,1.970,2,0,0,0,0,28,302,1,13,2
31-07 17:28:33,10.509,20.517,66.556,0,0,6444156,4748416,401568,4644076,46156.952,25571.580,0,0,0,0,4401,3562,1.720,2.330,1.970,1,0,118.100,0,0,28,302,1,13,2
31-07 17:28:34,20.906,7.715,69.688,0,0,6478712,4713860,401568,4644076,44070.672,22172.721,0,23.893,0,1.991,2721,2620,1.720,2.330,1.970,1,0,0,0,0,28,302,1,13,2
31-07 17:28:35,23.587,5.019,70.009,0,0,6497044,4695524,401568,4644080,30209.605,14720.382,0,0,0,0,2699,2464,1.720,2.330,1.970,1,0,0,0,0,28,302,1,13,2
31-07 17:28:36,25.226,17.983,55.197,0,0,6466688,4724648,401624,4645256,14961.588,7362.907,0,351.661,0,30.970,4834,4530,1.740,2.330,1.970,1,0,75.927,0,0,28,302,1,13,2
31-07 17:28:37,27.466,10.237,60.176,0,0,6483956,4708368,401664,4644228,45006.734,22802.001,0,215.735,0,16.979,3507,3356,1.740,2.330,1.970,2,0,0.999,0,0,28,302,1,13,2
31-07 17:28:38,32.314,11.186,55.183,0,0,6493276,4698964,401704,4644272,29554.085,14669.660,0,270.445,0,22.869,4046,3891,1.740,2.330,1.970,5,0,6.960,0,0,28,302,1,16,2
31-07 17:28:39,27.728,8.066,64.279,0,0,6444340,4747836,401744,4644296,30226.683,15003.437,0,266.190,0,20.166,3585,3137,1.740,2.330,1.970,2,0,17.141,0,0,28,302,1,14,2
31-07 17:28:40,22.307,13.535,63.163,0,0,6441424,4750564,401792,4644436,31777.839,18763.322,0,196.506,0,23.059,3796,3585,1.740,2.330,1.970,3,0,41.106,0,0,28,302,1,15,2
31-07 17:28:41,23.373,5.719,68.876,0,0,6463064,4728920,401792,4644440,44207.112,21996.636,0,155.158,0,1.989,2680,2489,1.680,2.300,1.970,1,0,0,0,0,28,303,1,15,2
31-07 17:28:42,25.046,4.007,69.128,0,0,6460616,4731364,401792,4644444,15063.960,7309.567,0,0,0,0,2855,2654,1.680,2.300,1.970,1,0,2.004,0,0,28,302,1,17,2
31-07 17:28:43,17.003,12.752,68.511,0,0,6433392,4758576,401792,4644456,30183.787,15762.500,0,8.001,0,2.000,3246,2957,1.680,2.300,1.970,1,0,32.005,0,0,28,302,1,17,2
31-07 17:28:44,24.469,5.550,70.633,0,0,6464612,4727356,401792,4644456,44547.444,22439.206,0,20.181,0,1.009,2672,2458,1.680,2.300,1.970,1,0,0,0,0,28,302,1,16,2
31-07 17:28:45,24.414,5.179,67.571,0,0,6474916,4716940,401880,4644476,39692.494,578972.999,0,726.022,0,49.322,3629,3604,1.680,2.300,1.970,2,0,1.973,0,0,28,302,1,16,2
31-07 17:28:46,18.131,12.087,68.496,0,0,6436720,4755112,401896,4644484,45539.451,25313.126,0,209.516,0,19.138,3545,3496,1.630,2.280,1.960,1,0,47.342,0,0,28,302,1,16,2
31-07 17:28:47,24.740,5.248,68.971,0.250,0,6449668,4742156,401916,4644472,29578.572,14651.844,0,255.892,0,17.992,2949,2987,1.630,2.280,1.960,1,0,1.000,0,0,28,302,1,16,2
31-07 17:28:48,24.740,5.498,68.973,0,0,6463288,4728488,401936,4644500,29907.463,14586.373,0,175.932,0,13.995,3023,2873,1.630,2.280,1.960,3,0,1.999,0,0,28,302,1,18,2
31-07 17:28:49,18.198,12.132,69.254,0,0,6435340,4756384,401984,4644504,30511.357,16172.162,0,634.916,0,33.363,3259,2961,1.630,2.280,1.960,2,0,32.352,0,0,28,302,1,18,2
31-07 17:28:50,23.229,5.437,68.698,0,0,6449184,4742504,402016,4644504,43816.648,21831.224,0,205.601,0,19.769,2832,2736,1.630,2.280,1.960,2,0,0,0,0,28,302,1,19,2
31-07 17:28:51,26.298,6.512,65.871,0,0,6463728,4727876,402072,4644532,31502.792,16040.426,0,180.331,0,21.039,3260,3301,1.580,2.260,1.960,1,0,2.004,0,0,28,302,1,19,2
31-07 17:28:52,26.657,4.235,67.015,0,0,6459048,4732448,402172,4644540,15480.720,7344.249,0,482.309,0,50.822,3516,3675,1.580,2.260,1.960,1,0,0,0,0,28,302,1,18,1
31-07 17:28:53,11.777,30.571,55.880,0,0,6369844,4821620,402196,4644548,45777.615,25673.794,0,132.308,0,11.026,5236,4147,1.580,2.260,1.960,7,0,159.371,0,0,28,302,1,18,1
31-07 17:28:54,18.484,16.236,63.694,0,0,6359508,4831824,402248,4644628,64353.602,33554.594,0,19.982,0,4.996,4012,11694,1.580,2.260,1.960,1,0,63.944,0,0,28,304,1,19,1
31-07 17:28:55,5.260,10.771,81.906,0.250,0,6351768,4839468,402360,4644672,55759.494,25545.790,0,889.699,0,48.092,3450,3450,1.580,2.260,1.960,1,0,63.121,0,0,28,302,1,20,1
31-07 17:28:56,7.728,11.717,77.534,0,0,6357576,4833612,402400,4644680,64816.210,33985.206,0,187.477,0,17.950,3430,3376,1.530,2.240,1.950,0,0,60.830,0,0,28,304,1,19,1
31-07 17:28:57,6.516,16.290,75.686,0,0,6361640,4829516,402424,4644684,57711.744,593085.656,0,240.591,0,12.030,4081,3646,1.530,2.240,1.950,1,0,90.222,0,0,28,302,1,20,1
31-07 17:28:58,8.739,21.722,66.915,0,0,6370136,4820952,402436,4644736,61067.127,34388.148,0,147.812,0,4.994,4567,3711,1.530,2.240,1.950,2,0,120.846,0,0,28,302,1,20,1
31-07 17:28:59,21.764,8.005,68.544,0,0,6410096,4780912,402500,4644752,44703.837,22600.579,0,2329.503,0,224.145,3302,2846,1.530,2.240,1.950,1,0,5.003,0,0,28,302,1,20,1
31-07 17:29:00,20.208,9.979,68.607,0,0,6419496,4761420,403048,4653028,44523.326,22503.160,0,3317.096,0,91.809,2946,2603,1.530,2.240,1.950,1,0,2.994,0,0,28,302,1,20,1
31-07 17:29:01,22.336,6.204,69.242,0,0,6435808,4741832,403272,4655568,44871.848,22051.246,0,917.271,0,28.789,3122,3162,1.490,2.220,1.950,1,0,16.876,0,0,28,303,1,20,1
31-07 17:29:02,19.446,4.041,75.259,0,0,6421704,4755300,403392,4656028,40709.486,17522.687,0,779.864,0,56.570,2913,3125,1.490,2.220,1.950,1,0,0,0,0,28,303,1,20,1
31-07 17:29:03,21.602,6.207,70.764,0,0,6423228,4750276,403440,4659260,16474.850,10137.376,0,258.226,0,10.925,2630,2538,1.490,2.220,1.950,1,0,3.973,0,0,28,302,1,20,1
31-07 17:29:04,14.323,14.323,68.348,1.508,0,6392484,4777608,403588,4662404,31408.856,19069.052,1358.916,3268.636,21.107,98.501,4862,4503,1.490,2.220,1.950,1,0,96.491,0,0,28,302,1,20,1
31-07 17:29:05,10.005,24.262,63.532,0,0,6380748,4789288,403592,4662456,57288.981,30207.281,0,232.117,0,4.002,4660,3717,1.490,2.220,1.950,1,0,145.073,0,0,28,302,1,20,1
31-07 17:29:06,19.754,18.004,60.262,0,0,6386832,4783148,403636,4662464,48956.723,25381.041,0,344.068,0,34.007,4284,3896,1.370,2.180,1.940,1,0,62.012,0,0,28,302,1,20,1
31-07 17:29:07,24.256,6.002,68.768,0,0,6428604,4741344,403664,4662468,29538.535,15051.839,0,456.116,0,30.008,2896,2902,1.370,2.180,1.940,1,0,1.000,0,0,28,302,1,20,1
31-07 17:29:08,24.456,6.488,66.881,0,0,6443316,4726544,403744,4662476,39014.488,439003.833,0,1972.486,0,100.820,3812,3766,1.370,2.180,1.940,3,0,0.998,0,0,28,303,1,19,1
31-07 17:29:09,20.271,11.012,66.570,0,0,6428864,4740984,403752,4662480,35274.072,152077.829,0,72.076,0,6.006,3788,3140,1.370,2.180,1.940,2,0,49.052,0,0,28,302,1,19,1
31-07 17:29:10,23.066,7.772,68.948,0,0,6472128,4697700,403760,4662492,44576.226,23028.242,0,212.612,0,10.029,2726,2676,1.370,2.180,1.940,2,0,0,0,0,28,302,1,20,1
31-07 17:29:11,22.876,5.470,69.621,0,0,6486188,4683632,403768,4662492,30009.776,14966.596,0,99.459,0,5.968,2694,2536,1.340,2.160,1.930,4,0,0,0,0,28,302,1,20,1
31-07 17:29:12,23.532,6.326,69.332,0,0,6465368,4704424,403784,4662504,15218.686,7585.052,0,93.118,0,10.121,3160,2979,1.340,2.160,1.930,2,0,16.194,0,0,28,302,1,20,1
31-07 17:29:13,24.446,6.914,66.671,0,0,6461092,4708692,403784,4662512,46198.824,25004.238,0,7.902,0,1.975,3022,2939,1.340,2.160,1.930,1,0,0,0,0,28,302,1,20,1
31-07 17:29:14,25.535,4.804,69.525,0,0,6468680,4701096,403784,4662520,30271.613,15597.961,0,0,0,0,2751,2572,1.340,2.160,1.930,1,0,0,0,0,28,302,1,20,1
31-07 17:29:15,26.194,5.738,66.357,0.249,0,6465560,4704116,403884,4662516,29976.529,15243.216,0,630.644,0,74.839,4070,4788,1.340,2.160,1.930,4,0,2.994,0,0,28,303,1,20,1
31-07 17:29:16,30.300,8.514,59.599,0.250,0,6462188,4707204,404056,4662628,15223.304,7632.687,0,1093.818,0,151.251,5479,7192,1.470,2.180,1.940,1,0,0,0,0,28,302,1,21,1
31-07 17:29:17,22.510,6.926,68.023,0,0,6416324,4752940,404056,4662756,33186.464,17983.875,0,102.901,0,5.937,2918,2935,1.470,2.180,1.940,2,0,5.937,0,0,28,302,1,21,1
31-07 17:29:18,25.024,4.803,70.269,0,0,6459052,4710192,404068,4662760,41904.789,23113.050,0,295.232,0,10.111,2684,2496,1.470,2.180,1.940,1,0,2.022,0,0,28,302,1,21,1
31-07 17:29:19,24.551,6.448,66.709,0,0,6457596,4711432,404316,4662724,26040.929,11609.898,0,3499.634,0,204.344,4240,4710,1.470,2.180,1.940,3,0,0,0,0,28,303,1,21,1
31-07 17:29:20,22.488,8.746,65.966,0,0,6457528,4711352,404392,4662788,19183.153,10848.431,0,415.787,0,46.976,4112,4807,1.470,2.180,1.940,1,0,0,0,0,28,303,1,21,1
31-07 17:29:21,23.773,8.758,64.813,0,0,6418476,4750360,404512,4662712,30742.778,16610.089,0,668.648,0,87.084,4476,5191,1.430,2.160,1.930,2,0,18.017,0,0,28,302,1,21,1
31-07 17:29:22,8.205,26.605,63.653,0.249,0,6414908,4753808,404524,4662816,46526.443,24094.690,0,294.396,0,22.875,5181,4106,1.430,2.160,1.930,3,0,170.073,0,0,28,302,1,21,1
31-07 17:29:23,9.534,26.344,61.470,0,0,6394204,4774476,404548,4662828,72889.658,603911.626,0,401.436,0,22.079,5564,4273,1.430,2.160,1.930,2,0,158.567,0,0,28,302,1,21,1
31-07 17:29:24,10.372,27.069,60.715,0,0,6389036,4779620,404556,4662844,62764.972,34021.558,0,898.580,0,138.632,5546,4168,1.430,2.160,1.930,2,0,171.013,0,0,28,302,1,21,1
31-07 17:29:25,6.938,25.770,63.928,0.248,0,6381164,4787408,404636,4662844,60540.754,31032.563,0,3056.673,0,200.210,5365,4169,1.430,2.160,1.930,2,0,157.591,0,0,28,302,1,21,1
31-07 17:29:26,7.470,26.644,62.253,0,0,6386084,4782456,404660,4662848,46442.742,23709.933,0,342.641,0,21.913,5271,4373,1.400,2.140,1.930,1,0,164.348,0,0,28,302,1,21,1
31-07 17:29:27,7.485,26.446,63.870,0,0,6389796,4778728,404672,4662852,61092.851,31256.483,0,335.319,0,19.959,5164,3919,1.400,2.140,1.930,2,0,163.667,0,0,28,302,1,21,1
31-07 17:29:28,7.793,25.892,64.353,0,0,6389356,4779164,404672,4662856,61091.137,32234.835,0,12.066,0,3.017,4979,3717,1.400,2.140,1.930,1,0,156.861,0,0,28,302,1,21,1
31-07 17:29:29,8.509,26.028,62.567,0,0,6382672,4785836,404680,4662860,61841.642,32833.382,0,168.181,0,10.011,5061,3951,1.400,2.140,1.930,1,0,162.175,0,0,28,302,1,21,1
31-07 17:29:30,7.964,26.879,63.215,0.249,0,6385748,4782736,404700,4662864,45227.786,23553.650,0,159.281,0,14.933,4948,3745,1.400,2.140,1.930,1,0,151.317,0,0,28,302,1,21,1
31-07 17:29:31,8.999,28.248,59.496,0,0,6366992,4801484,404752,4662816,73647.524,582822.581,0,10527.360,0,134.992,5745,4464,1.370,2.120,1.920,1,0,150.991,0,0,28,302,1,21,1
31-07 17:29:32,7.256,26.772,63.553,0,0,6362064,4806308,404780,4662884,60686.433,31932.538,0,408.339,0,22.018,5042,4023,1.370,2.120,1.920,1,0,153.127,0,0,28,302,1,21,1
31-07 17:29:33,7.998,26.242,62.981,0,0,6365380,4802992,404780,4662884,45930.490,23814.995,0,19.994,0,4.999,4943,3837,1.370,2.120,1.920,1,0,166.951,0,0,28,302,1,16,1
31-07 17:29:34,8.018,27.060,63.390,0,0,6365348,4802992,404808,4662888,60649.875,31736.052,0,216.478,0,25.055,5143,4032,1.370,2.120,1.920,1,0,162.358,0,0,28,302,1,16,1
31-07 17:29:35,11.241,25.481,60.204,0,0,6365840,4802488,404808,4662900,62364.361,33423.469,0,11.991,0,2.998,5062,4011,1.370,2.120,1.920,3,0,151.884,0,0,28,302,1,16,1
31-07 17:29:36,14.287,32.583,51.131,0,0,6405556,4762336,404848,4663292,60731.583,31586.920,0,5818.907,0,57.146,5751,4826,1.340,2.100,1.910,4,0,156.401,0,0,28,302,1,16,1
31-07 17:29:37,9.952,26.622,60.709,0,0,6405184,4762808,404868,4663172,60395.566,31998.653,0,151.275,0,11.943,5241,4506,1.340,2.100,1.910,3,0,154.261,0,0,28,302,1,16,1
31-07 17:29:38,12.736,29.219,55.191,0,0,6396456,4771656,404876,4663044,45443.227,23988.254,0,175.811,0,13.985,5380,4305,1.340,2.100,1.910,1,0,161.826,0,0,28,302,1,16,1
31-07 17:29:39,14.741,27.233,54.967,0,0,6401936,4766144,404876,4663076,75187.191,579538.906,0,11.993,0,2.998,5848,4947,1.340,2.100,1.910,3,0,149.909,0,0,28,302,1,18,1
31-07 17:29:40,10.029,26.325,60.923,0,0,6399980,4768024,404932,4663092,60901.213,32452.299,0,1793.100,0,190.542,5608,4539,1.340,2.100,1.910,3,0,154.439,0,0,28,302,1,19,1
31-07 17:29:41,8.018,25.055,64.642,0,0,6404712,4763292,404932,4663092,49413.644,25977.115,0,16.035,0,4.009,4914,3883,1.310,2.080,1.910,2,0,162.357,0,0,28,302,1,15,1
31-07 17:29:42,7.763,25.542,64.355,0,0,6401708,4766292,404932,4663096,57682.180,30033.036,0,12.020,0,3.005,5047,3872,1.310,2.080,1.910,1,0,161.263,0,0,28,302,1,15,1
31-07 17:29:43,7.986,25.955,63.391,0,0,6397804,4770192,404932,4663100,60933.939,32466.023,0,11.979,0,2.995,5029,3855,1.310,2.080,1.910,3,0,164.716,0,0,28,302,1,15,1
31-07 17:29:44,7.509,25.780,64.575,0,0,6395144,4772852,404932,4663100,60984.430,32891.986,0,32.037,0,5.006,5038,3870,1.310,2.080,1.910,2,0,158.183,0,0,28,302,1,15,1
31-07 17:29:45,8.228,24.683,64.326,0,0,6386300,4781664,404956,4663108,60634.661,31929.461,0,239.351,0,14.959,5093,4020,1.310,2.080,1.910,1,0,154.581,0,0,28,302,1,13,1
31-07 17:29:46,20.430,14.700,63.533,0,0,6399480,4768364,405036,4663144,46495.505,25693.416,0,402.628,0,38.868,4464,4144,1.280,2.060,1.900,1,0,56.806,0,0,28,302,1,13,1
31-07 17:29:47,13.065,19.849,64.824,0.503,0,6390788,4877536,405176,4569652,53715.634,592547.354,0,4542.718,0,153.769,4197,4180,1.280,2.060,1.900,2,0,39.196,0,0,28,302,1,13,1
31-07 17:29:48,19.034,10.268,70.126,0,0,6420316,4856020,405176,4565396,44915.858,22222.004,0,8.014,0,2.004,2709,2475,1.280,2.060,1.900,2,0,5.009,0,0,28,302,1,13,1
31-07 17:29:49,23.434,6.299,69.294,0,0,6422308,4851516,405188,4567624,37350.442,17350.312,0,2011.806,0,11.087,2850,2777,1.280,2.060,1.900,4,0,1.008,0,0,28,302,1,11,1
31-07 17:29:50,23.253,5.442,68.523,0,0,6444404,4827104,405188,4569704,37202.293,19948.353,0,3.958,0,0.990,2930,2796,1.280,2.060,1.900,1,0,16.822,0,0,28,302,1,12,1
31-07 17:29:51,15.542,3.259,80.216,0,0,6444096,4827104,405240,4569924,39395.289,19427.416,0,962.597,0,27.073,2534,2909,1.340,2.060,1.910,2,0,1.003,0,0,28,303,1,12,1
31-07 17:29:52,17.743,3.249,77.468,0,0,6459776,4811228,405296,4570060,23523.189,13119.528,0,991.586,0,39.983,2431,2606,1.340,2.060,1.910,1,0,1.000,0,0,28,303,1,12,1
31-07 17:29:53,14.134,6.814,78.493,0.252,0,6458900,4811684,405332,4570372,27275.154,16421.426,0,1078.205,0,30.287,2529,2641,1.340,2.060,1.910,0,0,6.057,0,0,28,303,1,11,1
31-07 17:29:54,26.198,10.875,60.059,0,0,6462992,4807344,405368,4570532,25688.347,13819.943,0,1059.803,0,28.670,3956,12681,1.340,2.060,1.910,2,0,35.590,0,0,28,303,1,12,1
31-07 17:29:55,22.235,2.998,73.201,0,0,6457268,4812944,405412,4570608,5730.151,3311.775,0,1247.162,0,119.919,2715,2411,1.340,2.060,1.910,2,0,3.997,0,0,28,303,1,12,1
31-07 17:29:56,15.712,2.993,80.055,0,0,6456516,4813396,405480,4570768,25757.157,14880.693,0,1137.225,0,51.873,2511,2872,1.310,2.040,1.900,1,0,0,0,0,28,303,1,12,1
31-07 17:29:57,22.346,3.515,72.814,0,0,6464100,4805584,405504,4570936,22575.304,12921.695,0,686.961,0,24.104,2595,2654,1.310,2.040,1.900,1,0,1.004,0,0,28,303,1,9,1
31-07 17:29:58,16.402,2.237,79.028,0,0,6463880,4805584,405520,4571100,9829.260,6500.155,0,827.058,0,23.857,2157,2376,1.310,2.040,1.900,1,0,1.988,0,0,28,303,1,9,1
31-07 17:29:59,18.992,4.558,76.222,0.253,0,6469984,4781856,405544,4588660,21362.527,11746.858,0,790.079,0,24.310,2424,2381,1.310,2.040,1.900,2,0,1.013,0,0,28,303,1,9,1
31-07 17:30:00,23.713,4.243,69.892,0,0,6467168,4775292,405640,4597116,419.351,0,0,1389.850,0,60.906,2832,2769,1.310,2.040,1.900,3,0,0,0,0,28,303,1,9,1
31-07 17:30:01,24.809,5.706,68.225,0,0,6486892,4746212,405672,4605284,15098.762,7401.023,0,4870.504,0,207.403,3076,2686,1.290,2.030,1.900,1,0,1.985,0,0,28,303,1,9,1
31-07 17:30:02,25.043,5.009,68.617,0.250,0,6476160,4742528,405728,4618344,300.513,0,0,1494.554,0,41.070,3033,3065,1.290,2.030,1.900,2,0,0,0,0,28,303,1,9,1
31-07 17:30:03,24.461,4.243,69.639,0.250,0,6485032,4718180,405760,4632744,804.712,0,0,674.920,0,23.962,2745,2668,1.290,2.030,1.900,2,0,0,0,0,28,303,1,9,1
31-07 17:30:04,23.783,5.508,69.095,0,0,6483956,4709456,405980,4640984,15747.654,7682.564,0,2162.974,0,93.128,3072,2998,1.290,2.030,1.900,2,0,2.003,0,0,28,303,1,9,1
31-07 17:30:05,25.773,7.256,65.809,0,0,6478312,4708784,406036,4646396,806.720,0,0,1273.137,0,99.088,3068,2659,1.290,2.030,1.900,1,0,0,0,0,28,303,1,9,1
31-07 17:30:06,26.396,6.973,65.244,0.249,0,6482568,4692500,406124,4656724,744.077,0,0,1633.582,0,70.722,3442,3524,1.270,2.010,1.890,1,0,1.992,0,0,28,303,1,9,1
31-07 17:30:07,28.644,9.216,60.525,0,0,6499112,4658088,406240,4672932,15081.042,7657.587,0,2044.414,0,82.693,3407,3145,1.270,2.010,1.890,1,0,2.989,0,0,28,303,1,9,1
31-07 17:30:08,26.962,5.243,66.157,0.250,0,6499980,4648732,406316,4680196,1867.377,1351.102,0,1346.109,0,47.933,3199,3147,1.270,2.010,1.890,1,0,0,0,0,28,303,1,9,1
31-07 17:30:09,25.433,6.295,67.739,0,0,6457132,4708320,406340,4663152,1035.469,324.340,0,483.488,0,20.145,3027,2946,1.270,2.010,1.890,2,0,2.015,0,0,28,302,1,9,1
31-07 17:30:10,22.046,8.267,69.396,0,0,6483092,4682348,406340,4663160,808.701,0,0,432.911,0,7.015,2831,2470,1.270,2.010,1.890,1,0,20.042,0,0,28,302,1,10,1
31-07 17:30:11,14.453,5.482,77.997,0,0,6488916,4676480,406368,4663172,40348.884,17745.335,0,534.264,0,23.922,2537,2514,1.240,1.990,1.890,2,0,16.945,0,0,28,303,1,10,1
31-07 17:30:12,23.991,5.808,69.952,0,0,6470244,4688400,406384,4669272,41429.564,22285.538,0,1066.700,0,14.142,2853,2601,1.240,1.990,1.890,3,0,3.030,0,0,28,302,1,10,1
31-07 17:30:13,24.284,8.762,64.089,0,0,6469820,4688152,406384,4669760,29692.329,13092.223,0,4.006,0,1.001,6004,10706,1.240,1.990,1.890,3,0,8.011,0,0,28,302,1,10,1
31-07 17:30:14,18.939,9.347,69.362,0,0,6484748,4672276,406384,4670644,15017.543,9041.616,0,90.515,0,1.968,2722,2401,1.240,1.990,1.890,1,0,6.887,0,0,28,302,1,8,1
31-07 17:30:15,24.882,8.886,64.744,0,0,6476508,4680548,406384,4670568,15147.590,7409.776,0,0,0,0,5890,10130,1.240,1.990,1.890,2,0,6.094,0,0,28,302,1,8,1
31-07 17:30:16,18.593,11.156,67.679,0,0,6469212,4687660,406428,4670668,14969.599,7234.909,0,2490.967,0,132.878,3394,3113,1.220,1.970,1.880,1,0,15.866,0,0,28,302,1,8,1
31-07 17:30:17,19.807,9.778,69.702,0,0,6442732,4722076,406456,4663340,763.207,0,0,629.822,0,24.070,2705,2565,1.220,1.970,1.880,3,0,1.003,0,0,28,302,1,8,1
31-07 17:30:18,20.941,8.725,68.556,0,0,6397044,4767900,406480,4663276,15200.016,7275.426,0,470.669,0,17.949,2911,2712,1.220,1.970,1.880,3,0,9.972,0,0,28,302,1,7,1
31-07 17:30:19,27.543,7.762,62.848,0,0,6403740,4761216,406488,4663288,41086.199,462107.067,0,120.188,0,8.013,4332,3860,1.220,1.970,1.880,1,0,44.069,0,0,28,302,1,7,1
31-07 17:30:20,23.768,10.508,63.049,0,0,6413604,4751344,406488,4663296,48877.684,169568.734,0,4.003,0,1.001,6911,12112,1.220,1.970,1.880,1,0,7.005,0,0,28,302,1,8,1
31-07 17:30:21,22.581,6.700,68.239,0.496,0,6430488,4734436,406500,4663308,58725.551,27619.322,0,432.762,0,11.911,3116,3023,1.210,1.960,1.880,1,0,17.866,0,0,28,302,1,8,1
31-07 17:30:22,21.615,9.154,69.167,0,0,6438372,4726536,406528,4663308,30304.223,17479.880,0,11908.899,0,71.201,3104,2875,1.210,1.960,1.880,1,0,19.326,0,0,28,303,1,7,1
31-07 17:30:23,17.147,4.473,76.541,0,0,6444992,4713572,406560,4669252,21346.982,9801.222,0,966.206,0,20.875,2350,2522,1.210,1.960,1.880,1,0,0.994,0,0,28,302,1,7,2
31-07 17:30:24,23.031,5.201,69.342,0,0,6431980,4726244,406560,4669428,15613.757,7611.731,0,7.925,0,1.981,2796,2691,1.210,1.960,1.880,2,0,3.962,0,0,28,302,1,7,1
31-07 17:30:25,24.151,9.057,63.900,0,0,6456084,4701296,406560,4670108,15190.026,7607.592,0,64.403,0,2.013,6239,11810,1.210,1.960,1.880,2,0,7.044,0,0,28,302,1,7,1
31-07 17:30:26,19.486,10.242,68.450,0,0,6455816,4700792,406596,4670712,15426.682,7356.603,0,747.452,0,21.984,3262,3451,1.190,1.940,1.870,1,0,11.991,0,0,28,302,1,7,1
31-07 17:30:27,21.008,12.254,63.523,0,0,6458544,4698020,406608,4670740,15220.576,7298.674,0,384.141,0,12.004,6272,11318,1.190,1.940,1.870,1,0,9.003,0,0,28,302,1,7,1
31-07 17:30:28,18.245,10.997,69.483,0,0,6442612,4713924,406608,4670728,599.851,0,0,175.956,0,2.000,2722,2424,1.190,1.940,1.870,1,0,8.998,0,0,28,302,1,7,1
31-07 17:30:29,21.677,7.973,69.017,0,0,6400492,4764200,406636,4663312,15444.849,7646.182,0,637.846,0,18.936,2788,2675,1.190,1.940,1.870,3,0,6.976,0,0,28,302,1,7,1
31-07 17:30:30,24.322,7.773,66.447,0,0,6413884,4750792,406636,4663328,1755.195,1357.016,0,8.024,0,2.006,2971,2807,1.190,1.940,1.870,2,0,18.053,0,0,28,302,1,7,1
31-07 17:30:31,25.871,4.478,67.911,0,0,6421692,4742980,406640,4663328,60572.704,42036.213,0,199.007,0,8.955,2843,2535,1.170,1.930,1.870,2,0,1.990,0,0,28,302,1,7,1
31-07 17:30:32,20.001,18.482,60.762,0,0,6385804,4778836,406660,4663332,61053.766,31991.250,0,34990.872,0,326.090,4914,3938,1.170,1.930,1.870,1,0,94.181,0,0,28,302,1,7,1
31-07 17:30:33,24.271,7.925,63.155,0,0,6391844,4772792,406660,4663336,44495.877,22941.902,0,0,0,0,6131,10622,1.170,1.930,1.870,3,0,5.944,0,0,28,302,1,7,1
31-07 17:30:34,24.751,9.750,64.253,0,0,6410172,4754452,406660,4663348,55142.217,468104.818,0,732.029,0,4.000,4329,4649,1.170,1.930,1.870,1,0,25.001,0,0,28,302,1,7,1
31-07 17:30:35,19.729,7.242,70.924,0,0,6442940,4721720,406668,4663356,47466.399,140205.534,0,151.838,0,8.990,2929,2721,1.170,1.930,1.870,2,0,18.980,0,0,28,303,1,7,1
31-07 17:30:36,19.280,5.008,74.114,0,0,6451120,4707928,406716,4668464,21906.711,10103.548,0,1257.936,0,45.069,2841,3138,1.240,1.930,1.870,2,0,1.002,0,0,28,302,1,7,2
31-07 17:30:37,31.966,10.739,55.941,0,0,6476792,4680268,406740,4670268,30308.837,14750.348,0,907.037,0,34.963,3635,3176,1.240,1.930,1.870,1,0,8.990,0,0,28,302,1,7,1
31-07 17:30:38,25.141,14.935,56.255,0,0,6488552,4668304,406748,4670416,14851.356,7557.106,0,57688.896,0,163.289,6614,10720,1.240,1.930,1.870,2,0,4.978,0,0,28,302,1,7,1
31-07 17:30:39,24.420,12.336,61.678,0,0,6458256,4698064,406748,4670856,15019.259,7562.496,0,92.643,0,2.014,3804,4805,1.240,1.930,1.870,1,0,8.056,0,0,28,302,1,7,1
31-07 17:30:40,29.419,12.216,56.345,0,0,6472484,4683832,406768,4670804,865.613,0,0,710.042,0,25.929,7063,10874,1.240,1.930,1.870,3,0,11.967,0,0,28,304,1,10,1
31-07 17:30:41,26.096,13.299,58.967,0.251,0,6470368,4685744,406780,4670988,16425.394,8813.406,0,381.402,0,18.066,4058,4034,1.300,1.930,1.870,1,0,16.059,0,0,28,302,1,10,1
31-07 17:30:42,19.741,9.496,69.717,0,0,6441104,4722932,406792,4663664,14848.988,7616.403,0,1359.358,0,155.926,2753,2451,1.300,1.930,1.870,2,0,1.000,0,0,28,302,1,7,1
31-07 17:30:43,21.472,7.990,68.410,0.250,0,6437636,4725948,406804,4664112,478.374,0,247.676,5712.519,3.995,24.967,2789,2612,1.300,1.930,1.870,2,0,6.991,0,0,28,302,1,7,1
31-07 17:30:44,21.124,7.704,68.841,0.746,0,6451328,4709372,407076,4666444,29703.313,16859.712,389.682,1932.505,9.941,12.923,2760,2629,1.300,1.930,1.870,2,0,0,0,0,28,303,1,7,1
31-07 17:30:45,25.630,6.282,66.337,0,0,6451796,4708392,407160,4666752,44372.273,21999.690,0,1145.817,0,69.352,5208,6331,1.300,1.930,1.870,1,0,0,0,0,28,304,1,10,1
31-07 17:30:46,25.058,6.515,66.152,0,0,6452480,4707400,407236,4666984,14830.162,7312.845,0,585.348,0,70.162,4816,5823,1.280,1.910,1.860,1,0,2.005,0,0,28,305,0,12,1
31-07 17:30:47,31.151,8.722,55.822,0.249,0,6452472,4706896,407636,4667096,32046.953,26585.345,0,5657.983,0,415.676,6731,8506,1.280,1.910,1.860,2,0,1.994,0,0,28,305,0,12,1
31-07 17:30:48,17.535,14.779,65.630,0.501,0,6408248,4750916,407696,4667240,25923.293,340601.928,128.254,320.634,1.002,34.067,4823,4369,1.280,1.910,1.860,1,0,78.155,0,0,28,304,1,12,1
31-07 17:30:49,9.186,24.580,63.312,0,0,6401608,4757512,407696,4667284,61398.924,49413.899,0,11.917,0,1.986,5062,3869,1.280,1.910,1.860,1,0,148.969,0,0,28,304,1,12,1
31-07 17:30:50,8.552,24.147,65.399,0.252,0,6401220,4757788,407804,4667288,45898.044,24712.783,0,2370.463,0,112.688,5092,4205,1.280,1.910,1.860,1,0,124.761,0,0,28,304,1,13,1
31-07 17:30:51,12.519,18.278,66.604,0,0,6400872,4758112,407844,4667272,61183.237,35020.513,0,256.399,0,29.045,4510,3870,1.250,1.900,1.860,2,0,79.123,0,0,28,304,1,13,1
31-07 17:30:52,18.012,10.757,69.795,0,0,6363648,4797012,407896,4665556,127746.684,46829.310,0,2297.487,0,282.183,4385,4054,1.250,1.900,1.860,1,0,29.019,0,0,28,304,1,14,1
31-07 17:30:53,8.992,10.990,78.427,0,0,6360424,4800328,407896,4665480,50783.491,25039.575,0,475.555,0,2.997,2918,2979,1.250,1.900,1.860,0,0,13.987,0,0,28,305,1,14,1
31-07 17:30:54,4.238,2.742,91.244,0,0,6360676,4800076,407896,4665480,82306.876,25288.986,0,3.989,0,0.997,1962,2509,1.250,1.900,1.860,2,0,7.978,0,0,28,305,1,14,1
31-07 17:30:55,18.293,14.033,65.656,0,0,6359720,4800676,408032,4665772,136878.250,11352.977,0,1174.792,0,21.050,4142,9946,1.250,1.900,1.860,2,0,42.100,0,0,28,304,1,14,1
31-07 17:30:56,6.730,11.465,79.012,0,0,6361052,4799184,408080,4665884,212156.894,67102.543,0,546.352,0,28.913,3740,3763,1.230,1.880,1.850,1,0,38.883,0,0,28,304,1,15,1
31-07 17:30:57,12.013,24.527,60.316,0,0,6353336,4806848,408108,4665908,60322.608,635825.541,0,288.314,0,21.023,6073,4515,1.230,1.880,1.850,2,0,218.237,0,0,28,304,1,15,1
31-07 17:30:58,13.769,13.018,66.594,5.007,0,6365696,4793520,408368,4666480,30529.216,14612.685,869.230,272.386,86.122,29.041,3912,3659,1.230,1.880,1.850,1,0,85.120,0,0,28,304,1,15,1
31-07 17:30:59,15.230,7.989,68.159,6.491,0,6373088,4784476,408440,4667788,30074.854,14852.174,1282.288,143.808,105.859,9.987,2962,3029,1.230,1.880,1.850,1,0,1.997,0,0,28,304,1,15,1
31-07 17:31:00,6.015,6.015,69.672,16.040,0,6374944,4775768,409052,4673108,14952.928,7616.810,5910.597,380.941,617.525,23.057,3286,3598,1.230,1.880,1.850,0,1,0,0,0,28,304,1,15,1
31-07 17:31:01,12.748,3.999,68.740,12.998,0,6384596,4763264,409284,4674976,15032.915,7456.966,2107.708,99.986,184.974,13.998,2793,3114,1.210,1.870,1.850,1,0,0,0,0,28,304,1,15,1
31-07 17:31:02,19.962,8.484,66.872,2.745,0,6387188,4757692,409372,4675652,14767.686,7282.038,686.683,299.426,57.889,31.939,3724,3947,1.210,1.870,1.850,1,0,1.996,0,0,28,306,1,15,1
31-07 17:31:03,24.050,7.515,66.888,0,0,6383100,4761756,409388,4675660,16867.748,9670.922,0,128.264,0,12.025,3250,3323,1.210,1.870,1.850,1,0,1.002,0,0,28,304,1,15,1
31-07 17:31:04,24.184,5.984,68.564,0,0,6396664,4748148,409404,4675688,44294.994,21976.460,0,187.492,0,16.954,3500,3421,1.210,1.870,1.850,1,0,0,0,0,28,304,1,16,1
31-07 17:31:05,59.390,12.976,26.201,0,0,6108468,5036332,409412,4675688,44843.805,23105.135,0,123.770,0,6.987,4619,3028,1.210,1.870,1.850,4,0,5.989,0,0,28,288,0,20,1
31-07 17:31:06,55.604,16.176,29.066,0,0,6082896,5061796,409456,4675740,30145.663,14819.073,0,295.209,0,33.363,4605,3616,1.360,1.890,1.850,4,0,5.055,0,0,28,284,0,21,1
31-07 17:31:07,66.797,14.789,16.514,0,0,6212612,4932016,409476,4675788,29233.833,14516.845,0,2314.965,0,338.174,5131,2742,1.360,1.890,1.850,3,0,1.972,0,0,28,284,0,21,1
31-07 17:31:08,84.914,7.076,8.340,0,0,6248876,4895728,409500,4675788,15078.359,7806.053,0,210.264,0,17.185,4837,2588,1.360,1.890,1.850,5,0,2.022,0,0,28,282,0,21,1
31-07 17:31:09,77.756,16.947,3.738,0,0,6238224,4905584,409516,4676568,14988.059,8014.898,0,4031.374,0,171.463,6180,6138,1.360,1.890,1.850,3,0,6.978,0,0,28,284,1,25,1
31-07 17:31:10,69.652,18.224,12.233,0,0,6231656,4911368,409520,4677396,30077.722,15470.255,0,455.360,0,19.972,5804,5564,1.360,1.890,1.850,3,0,3.994,0,0,28,276,1,31,1
31-07 17:31:11,45.248,8.500,44.748,0,0,6300448,4842572,409524,4677396,44325.509,22969.228,0,99.997,0,7.000,3643,2635,1.410,1.890,1.860,2,0,2.000,0,0,28,278,1,30,1
31-07 17:31:12,37.711,10.989,49.699,0.250,0,6316420,4825688,409560,4678272,14960.579,7686.077,0,259.732,0,22.976,5718,7102,1.410,1.890,1.860,2,0,0.999,0,0,28,280,1,33,1
31-07 17:31:13,22.699,8.232,65.853,0,0,6321176,4819920,409588,4679256,29584.755,14633.234,0,379.151,0,34.922,5355,8295,1.410,1.890,1.860,2,0,0,0,0,28,290,1,35,1
31-07 17:31:14,7.031,4.520,86.882,0,0,6316128,4824892,409624,4679280,27595.175,451686.433,0,3985.501,0,37.163,2775,3332,1.410,1.890,1.860,1,0,2.009,0,0,28,290,1,35,1
31-07 17:31:15,2.501,1.751,94.539,0,0,6316116,4824892,409636,4679280,15227.308,7299.024,0,104.043,0,7.003,1569,2357,1.410,1.890,1.860,0,0,1.000,0,0,28,290,1,35,1
31-07 17:31:16,2.748,2.499,92.698,0,0,6316296,4824668,409676,4679284,3663.954,118030.091,0,263.853,0,26.985,1869,2737,1.300,1.860,1.850,0,0,0,0,0,28,290,1,35,1
31-07 17:31:17,2.749,2.249,93.466,0,0,6316256,4824668,409712,4679288,15257.422,7293.333,0,843.692,0,53.980,1836,2719,1.300,1.860,1.850,1,0,1.999,0,0,28,290,1,35,1
31-07 17:31:18,1.998,1.998,94.409,0,0,6316248,4824668,409720,4679288,15021.577,7354.938,0,55.946,0,6.993,1564,2270,1.300,1.860,1.850,0,0,0.999,0,0,28,290,1,35,1
31-07 17:31:19,1.754,2.505,93.943,0,0,6316236,4824668,409732,4679288,600.234,148.305,0,452.931,0,13.027,1433,2165,1.300,1.860,1.850,1,0,1.002,0,0,28,290,1,35,1
31-07 17:31:20,3.002,2.251,93.047,0,0,6316340,4824428,409736,4679420,15205.727,7373.747,0,96.049,0,14.007,1795,2689,1.300,1.860,1.850,1,0,0,0,0,28,290,1,36,1
31-07 17:31:21,3.250,2.250,94.259,0,0,6316312,4824428,409764,4679420,626.061,0,0,296.029,0,21.002,1717,2597,1.190,1.830,1.840,0,0,2.000,0,0,28,290,1,36,1
31-07 17:31:22,1.998,1.748,94.401,0,0,6316312,4824428,409768,4679416,15190.097,7288.369,0,71.925,0,9.990,1590,2431,1.190,1.830,1.840,0,0,0,0,0,28,290,1,36,1
31-07 17:31:23,2.503,2.002,92.847,0,0,6316284,4824428,409792,4679420,479.500,0,0,6458.740,0,170.178,2063,2856,1.190,1.830,1.840,0,0,0,0,0,28,290,1,35,1
31-07 17:31:24,3.241,2.742,92.486,0.249,0,6316240,4824428,409836,4679420,921.368,147.578,0,370.940,0,34.900,2090,3083,1.190,1.830,1.840,0,0,1.994,0,0,28,290,1,35,1
31-07 17:31:25,5.764,3.007,89.464,0.251,0,6316116,4824428,409928,4679452,16404.298,8669.769,0,2433.830,0,124.298,2261,3103,1.190,1.830,1.840,0,0,0,0,0,28,290,1,35,1
31-07 17:31:26,2.740,2.491,93.407,0,0,6316104,4824428,409944,4679448,358.683,0,0,263.035,0,19.927,1734,2629,1.100,1.790,1.830,0,0,0,0,0,28,290,1,35,1
31-07 17:31:27,1.502,1.502,94.845,0,0,6316344,4824176,409952,4679452,761.767,0,0,140.141,0,8.008,1529,2273,1.100,1.790,1.830,2,0,3.003,0,0,28,290,1,35,1
31-07 17:31:28,3.010,2.007,94.557,0,0,6316336,4824176,409960,4679452,35244.281,8218.649,0,144.468,0,8.026,1666,2410,1.100,1.790,1.830,0,0,0,0,0,28,290,1,35,1
31-07 17:31:29,2.746,2.247,94.126,0,0,6316540,4823924,410004,4679456,418.448,189.750,0,1845.564,0,54.927,1669,2442,1.100,1.790,1.830,0,0,1.997,0,0,28,290,1,35,1
31-07 17:31:30,2.252,1.251,94.848,0,0,6316520,4823924,410024,4679456,364.376,0,0,144.149,0,11.011,1501,2321,1.100,1.790,1.830,1,0,2.002,0,0,28,290,1,35,1
31-07 17:31:31,2.249,2.249,94.978,0,0,6316512,4823924,410028,4679460,1008.767,0,0,59.986,0,7.998,1564,2311,1.010,1.760,1.810,0,0,0,0,0,28,290,1,35,1
31-07 17:31:32,2.500,2.000,94.235,0,0,6316512,4823924,410028,4679460,15157.574,7456.806,0,3.999,0,1.000,1550,2272,1.010,1.760,1.810,0,0,0,0,0,28,290,1,35,1
31-07 17:31:33,2.497,1.998,93.893,0,0,6316484,4823924,410048,4679468,662.245,0,0,159.818,0,14.983,1775,2599,1.010,1.760,1.810,0,0,1.998,0,0,28,290,1,35,1
31-07 17:31:34,1.991,1.991,94.091,0,0,6316440,4823924,410076,4679484,1028.529,147.359,0,354.459,0,26.883,1737,2640,1.010,1.760,1.810,1,0,0,0,0,28,290,1,35,1
31-07 17:31:35,2.511,2.511,93.645,0,0,6316400,4823924,410112,4679488,485.044,0,0,277.168,0,25.106,1811,2735,1.010,1.760,1.810,2,0,0,0,0,28,290,1,35,1
31-07 17:31:36,6.258,2.754,88.865,0,0,6316872,4823420,410148,4679484,2388.091,1354.753,0,228.295,0,26.034,2504,3404,0.930,1.740,1.810,1,0,2.003,0,0,28,290,1,35,1
31-07 17:31:37,4.002,5.002,90.295,0,0,6340104,4799612,410180,4680028,15286.535,7593.743,0,768.379,0,44.022,1962,2713,0.930,1.740,1.810,2,0,3.001,0,0,28,290,1,35,1
31-07 17:31:38,7.249,4.000,86.739,0,0,6360144,4779568,410184,4680028,769.905,0,0,35.996,0,4.000,2260,3042,0.930,1.740,1.810,0,0,2.000,0,0,28,290,1,35,1
31-07 17:31:39,7.498,4.499,85.727,0,0,6379712,4760512,410184,4679516,482.873,147.961,0,19.995,0,2.999,2294,2877,0.930,1.740,1.810,0,0,1.999,0,0,28,290,1,35,1
31-07 17:31:40,8.487,5.242,84.621,0,0,6353160,4787012,410200,4679556,543.175,0,0,734.884,0,72.889,2720,3327,0.930,1.740,1.810,1,0,4.992,0,0,28,291,1,36,1
31-07 17:31:41,6.008,2.503,90.371,0.250,0,6351160,4788960,410232,4679576,1115.497,0,0,348.468,0,26.035,2187,3091,0.850,1.710,1.800,0,0,2.003,0,0,28,290,1,36,1
31-07 17:31:42,3.001,3.502,90.789,0,0,6349844,4790288,410232,4679564,96461.453,29040.480,0,8.003,0,2.001,2064,2644,0.850,1.710,1.800,2,0,13.006,0,0,28,290,1,36,1
31-07 17:31:43,9.492,24.729,63.446,0,0,6353564,4786536,410252,4679576,44820.764,22542.769,0,155.867,0,15.986,5671,4328,0.850,1.710,1.800,1,0,220.812,0,0,28,290,1,36,1
31-07 17:31:44,15.177,16.172,66.928,0,0,6366440,4773636,410268,4679584,29693.352,14669.527,0,203.025,0,9.952,3699,3444,0.850,1.710,1.800,1,0,79.618,0,0,28,290,1,33,1
31-07 17:31:45,23.083,5.771,69.752,0,0,6406936,4733136,410272,4679584,29949.260,15271.202,0,124.450,0,8.029,2634,2523,0.850,1.710,1.800,1,0,2.007,0,0,28,290,1,33,1
31-07 17:31:46,25.722,5.744,66.679,0,0,6422652,4717220,410324,4679736,15729.148,7288.192,0,307.670,0,39.957,3708,3816,0.870,1.690,1.790,1,0,0.999,0,0,28,293,1,33,1
31-07 17:31:47,29.771,3.252,66.547,0,0,6430208,4709660,410324,4679744,16566.690,8655.107,0,0,0,0,2981,2754,0.870,1.690,1.790,1,0,1.001,0,0,28,295,1,33,1
31-07 17:31:48,16.765,15.013,66.059,0,0,6404640,4735216,410324,4679756,31902.589,15790.150,0,4.004,0,1.001,4275,3357,0.870,1.690,1.790,2,0,120.108,0,0,28,296,1,28,1
31-07 17:31:49,11.004,22.508,64.522,0,0,6400784,4739072,410324,4679756,44793.481,22691.842,0,4.001,0,1.000,4817,3681,0.870,1.690,1.790,1,0,184.064,0,0,28,296,1,28,1
31-07 17:31:50,21.980,7.993,69.437,0,0,6413320,4726512,410344,4679760,15553.996,7679.086,0,643.421,0,35.968,2707,2635,0.870,1.690,1.790,1,0,0,0,0,28,296,1,29,1
31-07 17:31:51,24.259,6.252,67.275,0,0,6435492,4704336,410348,4679760,42454.620,532313.853,0,164.060,0,19.007,3482,3327,0.880,1.680,1.790,1,0,2.001,0,0,28,296,1,30,1
31-07 17:31:52,23.286,3.756,71.360,0,0,6349576,4790196,410380,4679784,16068.771,8885.698,0,308.476,0,21.032,3161,3162,0.880,1.680,1.790,1,0,1.002,0,0,28,298,1,27,1
31-07 17:31:53,7.958,22.134,67.148,0,0,6353336,4786416,410396,4679788,127742.958,50355.872,0,143.249,0,14.922,5166,4332,0.880,1.680,1.790,2,0,175.082,0,0,28,298,1,27,1
31-07 17:31:54,10.034,26.840,60.705,0.502,0,6360492,4779112,410532,4679800,61158.184,37040.877,140.474,1998.738,5.017,307.035,5634,4130,0.880,1.680,1.790,3,0,189.639,0,0,28,298,1,27,1
31-07 17:31:55,17.986,29.976,49.211,0,0,6382628,4756968,410532,4682920,61154.047,38651.060,0,71.942,0,2.998,6158,9675,0.880,1.680,1.790,6,0,211.830,0,0,28,298,1,27,1
31-07 17:31:56,9.245,24.487,62.966,0,0,6373956,4765592,410568,4679820,46422.876,28880.370,0,455.753,0,27.985,5446,8414,0.890,1.670,1.780,3,0,176.904,0,0,28,298,1,26,1
31-07 17:31:57,8.018,22.551,66.902,0,0,6368680,4770836,410596,4679824,63034.472,40301.730,0,288.657,0,21.048,5213,3983,0.890,1.670,1.780,2,0,172.392,0,0,28,298,1,26,1
31-07 17:31:58,10.505,23.011,63.531,0,0,6371688,4767816,410596,4679836,62558.799,39536.465,0,0,0,0,5357,4231,0.890,1.670,1.780,1,0,171.084,0,0,28,298,1,26,1
31-07 17:31:59,8.756,23.517,64.547,0,0,6364988,4774500,410596,4679852,72865.558,562049.404,0,0,0,0,5539,4206,0.890,1.670,1.780,3,0,195.141,0,0,28,298,1,26,1
31-07 17:32:00,6.697,23.810,66.470,0,0,6368512,4770968,410596,4679860,45703.281,27472.763,0,3.968,0,0.992,5058,3764,0.890,1.670,1.780,4,0,188.496,0,0,28,298,1,26,1
31-07 17:32:01,8.295,25.137,64.350,0,0,6360800,4778676,410596,4679864,61596.170,38006.810,0,12.066,0,3.016,5142,3806,0.900,1.660,1.780,3,0,191.040,0,0,28,298,1,26,1
31-07 17:32:02,8.002,27.506,62.013,0,0,6362460,4776996,410608,4679872,61346.542,37817.732,0,228.047,0,13.003,5320,4045,0.900,1.660,1.780,1,0,203.042,0,0,28,298,1,26,1
31-07 17:32:03,7.765,23.043,65.624,0,0,6363120,4776320,410632,4679864,61530.823,36851.367,0,92.174,0,12.023,5255,4178,0.900,1.660,1.780,1,0,179.338,0,0,28,298,1,26,1
31-07 17:32:04,7.506,23.017,66.800,0,0,6362100,4777312,410640,4679884,45908.146,28643.304,0,208.155,0,13.010,4977,3904,0.900,1.660,1.780,1,0,172.128,0,0,28,298,1,25,1
31-07 17:32:05,15.484,15.983,67.180,0,0,6372356,4767020,410640,4679920,60534.191,33816.912,0,0,0,0,3743,3192,0.900,1.660,1.780,1,0,66.931,0,0,28,298,1,25,1
31-07 17:32:06,25.981,5.996,66.951,0,0,6406064,4733252,410692,4679928,45131.732,22003.780,0,275.797,0,38.971,3324,3449,0.900,1.650,1.770,2,0,0,0,0,28,298,1,25,1
31-07 17:32:07,24.446,4.989,69.097,0,0,6427948,4711328,410724,4679936,15406.787,7345.688,0,399.114,0,23.947,2864,2744,0.900,1.650,1.770,1,0,0.998,0,0,28,298,1,25,1
31-07 17:32:08,28.225,10.491,59.198,0,0,6412412,4726828,410748,4679948,55413.636,456487.586,0,151.867,0,12.989,4061,3681,0.900,1.650,1.770,2,0,6.994,0,0,28,298,1,20,1
31-07 17:32:09,28.345,7.024,64.467,0,0,6429716,4709508,410748,4679964,49174.652,152444.530,0,0,0,0,3442,3192,0.900,1.650,1.770,1,0,1.003,0,0,28,298,1,20,1
31-07 17:32:10,24.249,5.750,68.248,0,0,6442328,4696744,410756,4680108,29654.926,14591.471,0,471.983,0,60.998,3263,3053,0.900,1.650,1.770,2,0,0,0,0,28,299,1,22,1
31-07 17:32:11,23.767,8.006,65.797,0.250,0,6439192,4699628,410960,4680160,15293.841,7367.222,0,1136.806,0,158.112,4241,5270,0.910,1.640,1.770,3,0,3.002,0,0,28,299,1,22,1
31-07 17:32:12,25.783,10.660,61.483,0.248,0,6407568,4731052,411160,4680160,59384.346,30503.348,0,3443.031,0,182.465,3924,3690,0.910,1.640,1.770,3,0,21.816,0,0,28,299,1,10,1
31-07 17:32:13,26.469,5.798,66.046,0,0,6438084,4700448,411232,4680176,43546.824,15112.877,0,459.799,0,52.433,3505,3816,0.910,1.640,1.770,1,0,0,0,0,28,297,1,11,1
31-07 17:32:14,24.992,5.248,68.477,0,0,6436056,4702464,411236,4680184,30027.897,14735.042,0,111.962,0,6.998,2974,2742,0.910,1.640,1.770,1,0,1.999,0,0,28,297,1,11,1
31-07 17:32:15,19.506,10.253,70.273,0,0,6405532,4732984,411240,4680184,30574.799,16253.209,0,116.037,0,7.002,2921,2800,0.910,1.640,1.770,1,0,25.008,0,0,28,297,1,11,1
31-07 17:32:16,23.975,5.494,68.428,0,0,6437340,4701132,411276,4680192,30030.366,14576.645,0,231.756,0,23.975,2939,3053,0.920,1.630,1.760,1,0,0,0,0,28,297,1,11,1
31-07 17:32:17,24.763,5.559,69.995,0,0,6402212,4736232,411300,4680196,30095.128,14890.392,0,614.537,0,29.312,3049,2900,0.920,1.630,1.760,2,0,8.086,0,0,28,297,1,9,1
31-07 17:32:18,2.971,4.456,87.891,1.485,0,6400032,4737252,411360,4681296,98361.344,30678.068,1097.272,75.264,17.826,3.961,2164,2628,0.920,1.630,1.760,2,0,9.903,0,0,28,297,1,9,1
31-07 17:32:19,11.731,13.478,67.139,6.489,0,6396920,4737296,411372,4684352,70662.017,463073.369,1912.833,231.617,47.921,16.972,3367,3063,0.920,1.630,1.760,1,0,1.997,0,0,28,297,1,9,1
31-07 17:32:20,12.777,14.280,65.637,6.013,0,6383208,4747156,411372,4688204,33498.150,91009.588,2793.851,4.008,52.109,1.002,3150,2882,0.920,1.630,1.760,1,0,3.006,0,0,28,297,1,10,1
31-07 17:32:21,9.994,15.242,67.712,4.997,0,6376924,4748776,411396,4692844,60495.321,29939.332,3849.857,247.862,68.962,19.989,3337,3328,0.930,1.620,1.760,1,0,7.996,0,0,28,297,1,9,1
31-07 17:32:22,4.251,5.751,69.009,19.253,0,6373804,4739652,411420,4705016,45371.930,22618.956,11645.522,212.028,128.017,24.003,3054,3449,0.930,1.620,1.760,1,1,2.000,0,0,28,297,1,9,1
31-07 17:32:23,3.247,3.997,69.191,21.482,0,6367924,4726828,411436,4723624,45036.582,22632.694,16913.572,95.918,190.837,11.990,3017,3492,0.930,1.620,1.760,1,1,0,0,0,28,297,1,9,1
31-07 17:32:24,4.505,6.007,70.332,17.270,0,6365672,4713836,411436,4738804,32205.456,16989.760,13884.148,4.005,157.183,1.001,2971,3275,0.930,1.620,1.760,1,0,2.002,0,0,28,297,1,9,1
31-07 17:32:25,14.755,15.005,69.275,0,0,6364400,4712796,411436,4741100,30103.745,15345.477,0,2300.821,0,336.120,3086,2308,0.930,1.620,1.760,1,0,0,0,0,28,297,1,9,1
31-07 17:32:26,12.506,15.007,68.783,3.001,0,6364472,4708260,411508,4745472,15799.647,7365.565,2321.123,952.461,22.011,58.028,2993,2980,0.930,1.600,1.760,0,1,2.001,0,0,28,297,1,9,1
31-07 17:32:27,2.768,5.284,69.950,20.884,0,6352532,4707388,411536,4758208,45680.994,23036.257,12746.031,261.684,121.784,15.097,2882,3044,0.930,1.600,1.760,1,0,5.032,0,0,28,297,1,9,1
31-07 17:32:28,3.499,4.249,70.239,20.747,0,6352620,4692788,411536,4772656,44913.205,22648.573,14293.837,0,147.978,0,2842,3010,0.930,1.600,1.760,0,1,2.000,0,0,28,297,1,9,1
31-07 17:32:29,2.978,4.716,69.741,19.110,0,6353620,4677932,411540,4786444,45592.179,22599.028,13850.889,63.536,141.964,2.978,2896,3096,0.930,1.600,1.760,2,0,4.964,0,0,28,297,1,9,1
31-07 17:32:30,3.997,5.746,69.449,19.486,0,6344580,4673408,411548,4799916,46795.430,24445.941,12842.513,147.891,137.898,9.993,2920,3116,0.930,1.600,1.760,0,1,4.996,0,0,28,297,1,9,1
31-07 17:32:31,9.263,11.516,64.338,13.268,0,6343124,4663476,411620,4811080,57008.793,473603.268,10658.544,224.306,160.219,16.022,4282,4087,0.940,1.590,1.750,1,0,13.018,0,0,28,297,1,9,1
