"pcp-dstat 6.2.0 CSV Output"
"Author:","PCP team <pcp@groups.io> and Dag Wieers <dag@wieers.com>",,,,"URL:","https://pcp.io/ and http://dag.wieers.com/home-made/dstat/"
"Host:","ubuntu",,,,"User:","stack"
"Cmdline:","dstat -tcmndrylpg --tcp --output /opt/stack/logs/dstat-csv.log",,,,"Date:","30 Jul 2026 13:25:29 UTC"
"system","total usage",,,,,"memory usage",,,,"net/total",,"dsk/total",,"io/total",,"system",,"load avg",,,"procs",,,"paging",,"tcp sockets",,,,
"time","total usage:usr","total usage:sys","total usage:idl","total usage:wai","total usage:stl","used","free","buf","cach","net/total:recv","net/total:send","dsk/total:read","dsk/total:writ","read","writ","int","csw","1m","5m","15m","run","blk","new","in","out","lis","act","syn","tim","clo"
30-07 13:25:29,,1259140,11459412,142944,3291896,,,,,,,1.670,1.350,0.970,1,1,,,,12,6,0,9,0
30-07 13:25:30,17.889,25.196,55.682,0.504,0,1267444,11450628,143024,3292228,58588.686,33825.508,0,1088.447,0,30.235,4576,3105,1.670,1.350,0.970,3,0,130.009,0,0,12,5,0,9,1
30-07 13:25:31,21.647,23.388,52.499,0,0,1283596,11434248,143080,3292344,70558.714,39372.790,0,708.613,0,20.900,4504,2311,1.770,1.380,0.980,3,0,118.434,0,0,12,4,0,9,2
30-07 13:25:32,25.734,24.985,48.220,0,0,1293624,11424024,143112,3292488,80538.651,597330.997,0,463.716,0,13.991,5079,2750,1.770,1.380,0.980,1,0,133.918,0,0,12,4,0,9,2
30-07 13:25:33,14.012,23.771,60.552,0,0,1295144,11422024,143276,3292696,110821.596,35251.408,0,1289.112,0,42.036,4341,2473,1.770,1.380,0.980,2,0,128.111,0,0,12,4,0,9,2
30-07 13:25:34,22.212,23.460,51.912,0,0,1291044,11425804,143316,3292896,80237.403,37543.086,0,678.844,0,21.963,4350,2285,1.770,1.380,0.980,2,0,113.806,0,0,12,4,0,9,2
30-07 13:25:35,22.803,23.805,51.368,0,0,1294360,11421708,143388,3293572,659589.773,60017.196,0,1226.825,0,25.058,5197,2481,1.770,1.380,0.980,3,0,107.247,0,0,12,4,0,9,2
30-07 13:25:36,23.243,23.743,50.985,0,0,1291972,11423668,143496,3294256,66094.647,32563.465,0,1043.694,0,31.991,5025,4345,1.790,1.390,0.990,1,0,97.971,0,0,12,4,0,9,2
30-07 13:25:37,25.002,26.252,47.254,0,0,1281280,11417956,143648,3309456,269664.521,36861.078,0,3672.307,0,431.036,4919,2464,1.790,1.390,0.990,1,0,75.006,0,0,12,4,0,9,2
30-07 13:25:38,28.617,25.855,44.933,0,0,1288572,11403920,143808,3315676,226705.573,28960.984,0,702.863,0,23.094,4773,2406,1.790,1.390,0.990,3,0,113.462,0,0,12,4,0,9,2
30-07 13:25:39,33.613,29.629,33.862,0.249,0,1278040,11402668,144664,3325328,61395.944,31546.516,0,11150.585,0,79.675,4973,4608,1.790,1.390,0.990,2,0,85.651,0,0,12,4,0,9,2
30-07 13:25:40,39.537,24.176,35.760,0.252,0,1287284,11387208,144944,3330372,31909.960,16114.137,4.029,1478.749,1.007,17.124,4666,4480,1.790,1.390,0.990,5,0,64.469,0,0,12,4,0,9,2
30-07 13:25:41,30.494,24.544,42.394,0,0,1406456,11254908,145268,3466016,75910.198,597324.118,0,2673.572,0,31.734,5724,4367,1.810,1.400,1,5,0,60.493,0,0,13,6,0,9,2
30-07 13:25:42,37.989,15.346,46.543,0,0,1413300,11244608,145364,3468844,62826.957,32338.292,0,1376.654,0,199.253,4108,1981,1.810,1.400,1,4,0,40.253,0,0,13,6,0,9,2
30-07 13:25:43,40.008,11.002,47.009,0.250,0,1416024,11224772,145856,3484408,47126.276,27562.425,0,1264.249,0,55.011,3483,2002,1.810,1.400,1,3,0,22.004,0,0,13,6,0,9,2
30-07 13:25:44,31.199,22.285,44.322,0.248,0,1417124,11212336,146716,3493260,61385.673,33792.923,87.159,1747.141,1.981,82.207,4695,2796,1.810,1.400,1,3,0,105.977,0,0,13,6,0,9,2
30-07 13:25:45,35.114,17.306,46.651,0,0,1413704,11207288,147308,3499756,63178.951,34860.085,0,1565.077,0,54.176,4247,2610,1.810,1.400,1,4,0,69.225,0,0,13,6,0,11,2
30-07 13:25:46,40.200,9.738,46.941,2.747,0,1446200,11154000,147980,3518484,45768.571,23597.391,671.158,1681.890,34.956,48.939,3273,1939,1.830,1.410,1,3,1,1.997,0,0,13,6,0,11,2
30-07 13:25:47,35.061,7.763,47.332,8.014,0,1456208,11129960,148768,3529872,46562.887,25070.551,3586.230,1739.021,196.341,49.085,3381,2217,1.830,1.410,1,3,0,0,0,0,13,6,0,11,2
30-07 13:25:48,43.263,8.253,47.515,0.500,0,1448764,11150204,149236,3516084,31261.627,16668.133,76.023,1252.386,1.000,34.010,3038,1592,1.830,1.410,1,3,0,1.000,0,0,13,4,0,11,0
30-07 13:25:49,39.735,9.625,46.398,2.468,0,1494376,11102832,149312,3517716,30872.594,15685.564,1026.684,363.288,16.782,2.962,2914,1512,1.830,1.410,1,7,0,4.936,0,0,13,4,0,11,0
30-07 13:25:50,40.364,15.232,43.156,0.254,0,1518368,11078508,149444,3517888,16793.415,8329.688,24.371,27242.335,3.046,146.224,3629,2116,1.830,1.410,1,2,0,17.263,0,0,13,6,0,11,0
30-07 13:25:51,28.723,18.076,45.561,2.229,0,1531216,11055828,154236,3522724,36673.748,19112.899,0,24721.872,0,2008.652,11325,16043,1.920,1.440,1.010,5,1,43.580,0,0,13,7,0,11,0
30-07 13:25:52,35.142,21.085,35.895,2.761,0,1525248,11047676,158976,3530800,59655.994,582230.052,0,33410.971,0,2128.599,11255,16357,1.920,1.440,1.010,2,0,30.122,0,0,13,6,0,11,0
30-07 13:25:53,40.820,16.027,34.058,4.257,0,1519144,11045956,163524,3533672,16443.129,8217.057,0,32952.372,0,2159.695,10907,16509,1.920,1.440,1.010,3,0,29.050,0,0,13,6,0,11,0
30-07 13:25:54,40.010,18.004,39.009,0.500,0,1423748,11140696,163944,3533848,46437.297,27949.799,0,5149.253,0,241.059,8315,11409,1.920,1.440,1.010,2,0,49.012,0,0,13,4,0,11,0
30-07 13:25:55,34.787,18.770,45.548,0,0,1455496,11107856,163992,3534736,61151.757,32553.473,0,15904.843,0,406.430,4129,2013,1.920,1.440,1.010,2,0,42.045,0,0,13,4,0,11,0
30-07 13:25:56,41.029,14.174,41.527,0.746,0,1443800,11118756,164536,3534924,45889.239,24592.757,91.508,8713.147,0.995,340.171,5688,6993,1.930,1.450,1.020,2,0,6.963,0,0,13,4,0,11,0
30-07 13:25:57,39.972,14.673,44.273,0,0,1475248,11087256,164560,3534952,31116.428,15914.926,0,331.919,0,10.119,4835,6221,1.930,1.450,1.020,2,0,8.096,0,0,13,4,0,11,0
30-07 13:25:58,40.205,11.913,47.402,0,0,1474184,11088224,164560,3535016,30762.069,15677.855,0,1226.988,0,224.352,3422,1431,1.930,1.450,1.020,4,0,8.934,0,0,13,4,0,11,0
30-07 13:25:59,42.272,8.504,47.525,0,0,1359472,11211448,164608,3527608,31299.548,17354.175,0,300.159,0,11.006,2983,1484,1.930,1.450,1.020,2,0,11.006,0,0,13,4,0,11,0
30-07 13:26:00,41.395,10.224,47.380,0,0,1374804,11196076,164608,3527632,61004.884,30718.892,0,235.401,0,1.995,3111,1568,1.930,1.450,1.020,3,0,18.952,0,0,13,4,0,11,0
30-07 13:26:01,42.897,9.031,47.663,0,0,1415376,11155504,164608,3527632,31377.412,18235.424,0,0,0,0,2928,1434,1.930,1.460,1.020,3,0,8.027,0,0,13,4,0,10,0
30-07 13:26:02,25.881,13.066,59.802,0,0,1427912,11142936,164608,3527660,46191.028,24587.039,0,28.142,0,4.020,3049,1803,1.930,1.460,1.020,2,0,51.259,0,0,13,4,0,10,0
30-07 13:26:03,25.791,3.756,70.612,0,0,1427220,11143588,164640,3527668,52449.930,469256.957,0,524.830,0,10.016,2356,1927,1.930,1.460,1.020,2,0,1.002,0,0,13,4,0,10,0
30-07 13:26:04,8.659,19.793,67.790,0,0,1382156,11188592,164688,3527680,55283.892,157863.355,0,415.646,0,25.730,3825,2426,1.930,1.460,1.020,3,0,102.922,0,0,13,4,0,10,0
30-07 13:26:05,6.739,22.212,69.382,0,0,1377004,11193736,164688,3527688,55245.153,31988.660,0,3.993,0,0.998,3992,2593,1.930,1.460,1.020,2,0,127.783,0,0,13,4,0,6,0
30-07 13:26:06,7.028,24.096,66.515,0,0,1378200,11192524,164688,3527704,61750.165,32855.979,0,12.048,0,3.012,4147,2483,1.940,1.470,1.030,1,0,116.464,0,0,13,4,0,6,0
30-07 13:26:07,8.019,23.555,66.907,0,0,1372368,11198212,164688,3527844,46913.335,24221.968,0,12.028,0,3.007,4096,2466,1.940,1.470,1.030,1,0,115.271,0,0,13,4,0,6,0
30-07 13:26:08,7.494,24.479,66.193,0,0,1360956,11209608,164688,3527860,61511.051,31869.567,0,1043.102,0,207.821,4577,2599,1.940,1.470,1.030,1,0,118.898,0,0,13,4,0,6,0
30-07 13:26:09,7.497,23.491,67.475,0,0,1351060,11219484,164696,3528264,62231.841,32542.890,0,159.940,0,7.997,4138,2556,1.940,1.470,1.030,1,0,107.960,0,0,13,4,0,6,0
30-07 13:26:10,19.729,20.977,57.437,0,0,1329244,11241296,164696,3527936,45678.267,22997.960,0,3424.272,0,18.979,4358,4724,1.940,1.470,1.030,4,0,58.936,0,0,13,4,0,6,0
30-07 13:26:11,18.549,20.303,59.907,0,0,1322060,11248468,164696,3527872,46396.821,23813.526,0,15817.531,0,55.145,4072,4238,1.940,1.480,1.030,2,0,60.158,0,0,13,4,0,6,0
30-07 13:26:12,33.926,23.948,38.666,1.996,0,1374872,11193984,164700,3529992,57345.432,454937.768,1724.255,3.991,20.954,0.998,4733,2754,1.940,1.480,1.030,4,0,80.824,0,0,13,4,0,6,0
30-07 13:26:13,45.305,17.521,34.792,1.752,0,1444620,11122920,164700,3531308,64836.384,148966.092,1101.331,0,14.017,0,3890,2011,1.940,1.480,1.030,6,0,51.062,0,0,13,5,0,6,0
30-07 13:26:14,44.009,6.001,47.010,1.500,0,1473492,11093968,164728,3531360,30487.303,15309.165,20.004,604.125,4.001,8.002,2760,1324,1.940,1.480,1.030,3,0,3.001,0,0,13,5,0,6,0
30-07 13:26:15,46.302,5.228,47.547,0.249,0,1496376,11070028,164752,3532388,30049.617,15175.166,489.907,215.081,3.983,0.996,2700,1237,1.940,1.480,1.030,3,0,0,0,0,13,5,0,6,0
30-07 13:26:16,35.018,23.012,40.521,0.500,0,1487736,11078648,164756,3532396,26076.503,13456.968,4.002,45099.354,1.001,157.081,3423,1872,2.030,1.500,1.040,5,0,0,0,0,13,5,0,6,0
30-07 13:26:17,46.684,10.542,41.664,0,0,1519640,11044164,164888,3534804,20204.659,9860.877,0,650.565,0,46.182,3915,3997,2.030,1.500,1.040,4,0,2.008,0,0,13,5,0,6,0
30-07 13:26:18,27.977,22.732,47.961,0,0,1533708,11029804,164888,3534976,16640.480,8867.795,0,0,0,0,4418,2535,2.030,1.500,1.040,4,0,119.903,0,0,13,8,0,3,0
30-07 13:26:19,24.036,12.018,60.090,2.003,0,1567884,10994788,165032,3535588,46727.009,25992.944,725.086,1558.335,15.023,5.008,2749,1788,2.030,1.500,1.040,2,0,20.030,0,0,14,8,0,3,0
30-07 13:26:20,22.363,5.964,71.066,0,0,1607948,10954720,165032,3535592,46397.720,23708.250,0,381.670,0,1.988,2077,1482,2.030,1.500,1.040,1,0,1.988,0,0,14,8,0,3,0
30-07 13:26:21,22.352,9.795,66.555,0.502,0,1626056,10936612,165032,3535592,31047.238,16446.347,0,29651.846,0,76.350,2304,1561,1.950,1.490,1.040,2,0,0,0,0,14,8,0,3,0
30-07 13:26:22,36.800,11.265,50.569,0,0,1651872,10910768,165032,3535516,31048.093,16006.701,0,4.005,0,1.001,3375,9618,1.950,1.490,1.040,1,0,36.049,0,0,14,8,0,3,0
30-07 13:26:23,25.465,7.240,65.410,0.999,0,1673784,10888148,165272,3536040,32118.903,26726.307,207.715,1194.360,14.979,86.881,3200,2870,1.950,1.490,1.040,2,0,9.986,0,0,14,14,0,3,0
30-07 13:26:24,36.877,8.472,51.827,0.249,0,1673932,10887140,166088,3536068,46842.641,26581.273,0,12039.811,0,1146.174,6652,6067,1.950,1.490,1.040,3,0,0.997,0,0,14,10,0,5,0
30-07 13:26:25,18.293,13.532,65.903,0,0,1597172,10963804,166184,3536068,70007.023,604701.145,0,966.250,0,54.126,3744,2903,1.950,1.490,1.040,1,0,43.100,0,0,14,14,0,5,0
30-07 13:26:26,21.044,6.013,72.152,0.501,0,1627128,10933524,166224,3536288,33908.282,16719.147,236.497,316.666,14.029,14.029,1982,1343,1.870,1.480,1.040,1,0,2.004,0,0,14,14,0,5,0
30-07 13:26:27,22.908,4.482,70.467,1.245,0,1634508,10925908,166360,3536496,29997.646,14826.514,223.105,6760.875,11.952,292.825,2273,1592,1.870,1.480,1.040,1,0,0,0,0,14,14,0,5,0
30-07 13:26:28,21.561,5.265,71.702,0.251,0,1648992,10911140,166384,3536708,15400.323,7928.303,0,585.648,0,10.028,2389,2155,1.870,1.480,1.040,2,0,0,0,0,14,14,0,5,0
30-07 13:26:29,15.734,3.746,72.177,7.742,0,1647584,10912028,166424,3536956,14840.954,7288.611,275.720,3.996,67.931,0.999,1625,1211,1.870,1.480,1.040,0,1,1.998,0,0,14,14,0,5,0
30-07 13:26:30,16.275,5.008,71.609,6.009,0,1646312,10913048,166428,3537120,14997.910,7307.162,168.257,0,42.064,0,2474,2479,1.870,1.480,1.040,2,0,0,0,0,14,21,0,5,0
30-07 13:26:31,23.738,4.248,70.465,0,0,1645192,10914156,166428,3537132,14908.626,7440.320,0,0,0,0,2942,2799,1.720,1.460,1.040,1,0,0,0,0,14,20,0,5,0
30-07 13:26:32,16.771,11.765,70.339,0,0,1588360,10970976,166428,3537144,30235.054,16184.370,0,108.136,0,2.003,2611,1760,1.720,1.460,1.040,1,0,45.057,0,0,14,20,0,5,0
30-07 13:26:33,20.618,5.713,72.287,0,0,1627608,10931728,166428,3537144,29674.984,14982.066,0,35.771,0,0.994,1763,1225,1.720,1.460,1.040,1,0,0,0,0,14,20,0,5,0
30-07 13:26:34,21.623,5.532,71.408,0,0,1649076,10910160,166500,3537156,30165.248,15164.592,0,1524.706,0,39.224,2467,2287,1.720,1.460,1.040,1,0,1.006,0,0,14,21,0,5,0
30-07 13:26:35,22.683,5.982,71.039,0,0,1646300,10912796,166508,3537288,29705.867,14871.877,0,47.858,0,3.988,2721,2456,1.720,1.460,1.040,2,0,1.994,0,0,14,21,0,5,0
30-07 13:26:36,21.577,5.771,71.756,0,0,1604964,10954124,166508,3537296,14968.329,7470.616,0,0,0,0,2867,2484,1.660,1.450,1.040,1,0,16.057,0,0,14,20,0,5,0
30-07 13:26:37,17.858,27.668,53.324,0,0,1617052,10942020,166508,3537308,15477.966,8807.470,0,20.122,0,4.024,4233,2428,1.660,1.450,1.040,2,0,140.855,0,0,14,20,0,5,0
30-07 13:26:38,40.192,11.661,46.147,0,0,1670476,10888596,166508,3537308,45194.860,23172.525,0,0,0,0,2808,1478,1.660,1.450,1.040,3,0,1.985,0,0,14,20,0,5,0
30-07 13:26:39,43.814,8.215,46.801,0,0,1730660,10828392,166508,3537324,29747.727,14918.673,0,0,0,0,3563,2542,1.660,1.450,1.040,1,0,0,0,0,14,21,0,5,0
30-07 13:26:40,45.102,8.018,45.603,0,0,1732388,10826628,166524,3537340,15532.073,7474.879,0,136.308,0,7.016,4997,4613,1.660,1.450,1.040,2,0,0,0,0,14,22,0,5,0
30-07 13:26:41,45.350,8.519,43.095,0,0,1734560,10824372,166548,3537400,15576.476,7785.231,0,288.639,0,13.029,6409,6994,1.690,1.460,1.040,4,0,2.004,0,0,14,21,0,6,0
30-07 13:26:42,30.005,29.755,39.007,0,0,1603072,10955788,166612,3537404,15520.685,7495.297,0,284.049,0,30.005,4653,2987,1.690,1.460,1.040,5,0,158.027,0,0,14,20,0,6,0
30-07 13:26:43,49.861,42.055,7.303,0.504,0,1663608,10895224,166628,3537412,46664.120,24676.804,0,173.255,0,13.095,5138,3001,1.690,1.460,1.040,7,0,239.737,0,0,14,20,0,6,0
30-07 13:26:44,71.008,27.905,0,0,0,1803824,10754904,166660,3537420,64373.488,590992.731,0,406.613,0,20.929,5641,3508,1.690,1.460,1.040,6,0,185.368,0,0,14,20,0,6,0
30-07 13:26:45,81.361,18.331,0.502,0,0,1919668,10639024,166660,3537436,41027.951,20906.717,0,1691.501,0,298.323,6120,4046,1.690,1.460,1.040,7,0,0,0,0,14,20,0,6,0
30-07 13:26:46,84.469,13.455,0.748,0,0,2017252,10541272,166660,3537600,29731.981,14888.416,0,3.987,0,0.997,5830,6043,2.030,1.540,1.070,5,0,0,0,0,14,24,0,5,0
30-07 13:26:47,86.182,11.956,1.245,0,0,2046148,10512292,166724,3537616,15040.428,7269.142,0,310.851,0,25.904,5770,7678,2.030,1.540,1.070,6,0,1.993,0,0,14,22,0,5,0
30-07 13:26:48,76.029,19.192,2.214,0,0,1934788,10623516,166788,3537684,15216.667,7499.580,0,350.374,0,26.573,5902,7884,2.030,1.540,1.070,6,0,84.641,0,0,14,21,0,6,0
30-07 13:26:49,60.983,25.051,13.664,0,0,1717216,10840824,166884,3537852,61380.181,31577.766,0,485.843,0,41.499,5609,5443,2.030,1.540,1.070,4,0,152.838,0,0,14,20,0,6,0
30-07 13:26:50,15.258,15.509,67.037,0,0,1714968,10843052,166900,3537856,60707.725,32005.780,0,176.098,0,9.005,3278,2038,2.030,1.540,1.070,2,0,75.042,0,0,14,20,0,6,0
30-07 13:26:51,19.704,7.233,72.082,0,0,1704536,10853468,166916,3537856,29744.498,15352.128,0,335.217,0,10.974,1914,1463,1.950,1.530,1.070,1,0,0,0,0,14,20,0,6,0
30-07 13:26:52,23.857,4.018,72.072,0,0,1713560,10844384,166972,3537856,30031.182,15742.338,0,618.765,0,32.144,1827,1263,1.950,1.530,1.070,1,0,0,0,0,14,20,0,6,0
30-07 13:26:53,22.476,4.745,72.422,0,0,1724032,10833904,166972,3537864,15183.589,7611.773,0,7.991,0,1.998,2282,1894,1.950,1.530,1.070,1,0,1.998,0,0,14,21,0,6,0
30-07 13:26:54,22.537,4.507,72.620,0,0,1715784,10842152,166972,3537864,29820.174,15102.905,0,0,0,0,2072,1610,1.950,1.530,1.070,1,0,1.002,0,0,14,21,0,6,0
30-07 13:26:55,23.406,3.486,70.467,0,0,1664812,10893092,167004,3537864,527.876,0,0,103.583,0,11.952,3211,3401,1.950,1.530,1.070,1,0,0,0,0,14,20,0,6,0
30-07 13:26:56,12.007,16.010,71.043,0,0,1638904,10918972,167020,3537876,15506.443,7676.675,0,156.095,0,7.004,2949,2013,1.870,1.520,1.070,1,0,70.043,0,0,14,20,0,6,0
30-07 13:26:57,21.968,5.242,72.144,0,0,1668268,10889592,167036,3537876,44816.934,23830.870,0,135.800,0,7.988,1892,1399,1.870,1.520,1.070,1,0,0,0,0,14,20,0,6,0
30-07 13:26:58,22.601,5.022,71.318,0,0,1686076,10871776,167060,3537876,29723.524,15211.823,0,2237.978,0,250.115,2810,2014,1.870,1.520,1.070,2,0,0,0,0,14,20,0,6,0
30-07 13:26:59,24.589,4.767,70.003,0,0,1683792,10874036,167068,3537888,39520.616,448468.370,0,72.261,0,5.018,3637,3624,1.870,1.520,1.070,2,0,3.011,0,0,14,21,0,6,0
30-07 13:27:00,21.015,7.005,70.300,0.250,0,1644372,10913288,167196,3537912,18483.210,140310.279,0,2561.831,0,408.292,3294,2348,1.870,1.520,1.070,1,0,37.026,0,0,14,20,0,6,0
30-07 13:27:01,5.456,25.794,65.973,0,0,1637636,10920000,167212,3537916,30410.985,17391.028,0,194.446,0,8.929,4447,2567,1.800,1.510,1.070,1,0,164.684,0,0,14,20,0,6,0
30-07 13:27:02,6.755,27.519,63.294,0,0,1629060,10928436,167316,3537948,61190.271,33403.076,0,1100.760,0,57.039,4721,2958,1.800,1.510,1.070,1,0,164.113,0,0,14,20,0,6,0
30-07 13:27:03,6.270,27.087,65.461,0,0,1623760,10933712,167340,3537944,56564.676,28389.685,0,232.752,0,15.049,4572,2697,1.800,1.510,1.070,3,0,177.573,0,0,14,20,0,6,0
30-07 13:27:04,25.185,44.073,29.214,0,0,1631440,10926004,167340,3537972,54980.522,30526.042,0,36.266,0,9.067,5489,3318,1.800,1.510,1.070,5,0,288.115,0,0,14,20,0,6,0
30-07 13:27:05,63.287,36.378,0.498,0,0,1710528,10846908,167340,3537980,60433.064,32490.894,0,19.933,0,4.983,5217,3118,1.800,1.510,1.070,5,0,211.290,0,0,14,20,0,6,0
30-07 13:27:06,80.998,17.446,0.249,0,0,1853612,10703812,167340,3537988,44129.532,22655.426,0,0,0,0,5296,3092,2.060,1.570,1.090,5,0,0.997,0,0,14,20,0,6,0
30-07 13:27:07,86.101,13.555,0.251,0,0,1949856,10607560,167340,3537996,29996.344,14850.570,0,0,0,0,5247,2979,2.060,1.570,1.090,5,0,0,0,0,14,21,0,6,0
30-07 13:27:08,73.241,11.999,13.248,0,0,1965664,10591724,167348,3538016,15093.226,7427.127,0,87.990,0,3.000,6661,7178,2.060,1.570,1.090,4,0,2.000,0,0,14,23,0,8,0
30-07 13:27:09,65.099,9.158,22.772,0,0,1966500,10590716,167348,3538188,15477.281,7223.787,0,55.446,0,0.990,6550,7859,2.060,1.570,1.090,2,0,0,0,0,14,25,0,9,0
30-07 13:27:10,60.063,13.707,22.430,0,0,1939168,10617932,167420,3538228,15048.077,7536.500,0,326.980,0,28.910,7167,7076,2.060,1.570,1.090,3,0,29.907,0,0,14,24,0,10,0
30-07 13:27:11,76.639,14.417,8.094,0,0,1932788,10624132,167564,3538256,15212.492,7531.377,0,546.338,0,60.704,6890,8825,2.140,1.590,1.100,7,0,18.211,0,0,14,21,0,11,0
30-07 13:27:12,65.644,32.198,0.499,0,0,1711612,10845028,167812,3538280,39945.220,441498.012,0,2895.305,0,155.747,6607,5648,2.140,1.590,1.100,6,0,238.613,0,0,14,21,0,11,0
30-07 13:27:13,74.801,23.595,0.251,0,0,1855200,10701416,167828,3538288,48252.880,142028.671,0,160.645,0,8.032,5334,3413,2.140,1.590,1.100,6,0,26.105,0,0,14,20,0,11,0
30-07 13:27:14,83.159,14.690,0.498,0,0,1981132,10575416,167860,3538304,29589.748,14956.711,0,179.265,0,12.947,5953,5634,2.140,1.590,1.100,7,0,2.988,0,0,14,22,0,11,0
30-07 13:27:15,84.104,13.266,1.752,0,0,2036408,10519724,167876,3538704,29628.688,15066.656,0,76.094,0,6.007,5974,5287,2.140,1.590,1.100,7,0,0,0,0,14,21,0,12,0
30-07 13:27:16,75.180,16.181,6.224,0,0,2013092,10542728,167876,3539012,29991.296,15436.272,0,2584.993,0,421.206,8223,9370,2.450,1.660,1.130,3,0,49.788,0,0,14,24,0,12,0
30-07 13:27:17,45.595,6.976,42.854,0,0,2009672,10546112,167876,3539048,44264.244,22142.586,0,15.946,0,1.993,7106,8588,2.450,1.660,1.130,2,0,1.993,0,0,14,25,0,12,0
30-07 13:27:18,73.529,14.102,11.332,0,0,1999328,10556348,167948,3539076,15083.569,7348.896,0,354.552,0,29.210,6405,7807,2.450,1.660,1.130,5,0,68.493,0,0,14,24,0,14,0
30-07 13:27:19,66.610,23.038,8.514,0,0,1834812,10720736,168020,3539112,61427.207,32743.949,0,336.555,0,30.050,6042,5706,2.450,1.660,1.130,3,0,131.216,0,0,14,24,0,14,0
30-07 13:27:20,43.095,16.441,39.856,0,0,1765076,10790456,168036,3539112,44980.925,23118.699,0,159.426,0,7.971,3683,2027,2.450,1.660,1.130,4,0,51.813,0,0,14,24,0,14,0
30-07 13:27:21,43.035,8.209,46.518,0,0,1795612,10759888,168060,3539120,44196.605,21845.065,0,139.305,0,8.955,4137,3465,2.410,1.670,1.130,3,0,0,0,0,14,25,0,14,0
30-07 13:27:22,50.339,10.068,37.502,0,0,1821640,10733620,168156,3541556,15076.437,7723.968,0,346.330,0,38.257,6049,9109,2.410,1.670,1.130,6,0,34.230,0,0,14,25,0,14,0
30-07 13:27:23,33.818,36.802,25.612,0,0,1730600,10824608,168172,3539304,32316.063,18233.858,0,230.758,0,13.925,6059,13120,2.410,1.670,1.130,3,0,190.972,0,0,14,25,0,14,0
30-07 13:27:24,53.672,36.617,9.530,0,0,1670700,10884464,168188,3539316,62362.349,32140.742,0,240.770,0,13.042,5061,3386,2.410,1.670,1.130,4,0,197.632,0,0,14,24,0,14,0
30-07 13:27:25,62.262,13.252,23.254,0,0,1774724,10780400,168204,3539320,56772.538,585846.740,0,172.032,0,6.001,4320,2434,2.410,1.670,1.130,5,0,1.000,0,0,14,25,0,14,0
30-07 13:27:26,61.687,11.691,23.381,0,0,1813172,10741884,168260,3539332,29501.289,14518.323,0,577.072,0,29.849,5450,4765,2.460,1.690,1.140,3,0,1.990,0,0,14,25,0,14,0
30-07 13:27:27,53.552,8.800,35.450,0,0,1813128,10741884,168260,3539372,15819.259,7691.398,0,0,0,0,6862,7574,2.460,1.690,1.140,2,0,0,0,0,14,27,0,12,0
30-07 13:27:28,54.814,10.714,30.646,0.249,0,1757840,10797076,168340,3539388,17312.314,9077.229,0,402.635,0,63.784,6784,6845,2.460,1.690,1.140,3,0,23.919,0,0,14,25,0,13,0
30-07 13:27:29,48.621,43.834,5.794,0,0,1667560,10887240,168388,3539420,46231.777,25748.477,0,354.707,0,25.192,5334,3722,2.460,1.690,1.140,5,0,237.815,0,0,14,24,0,13,0
30-07 13:27:30,80.735,17.997,0,0,0,1825864,10728788,168404,3539552,45674.672,23201.769,0,175.968,0,7.999,4801,1766,2.460,1.690,1.140,5,0,0,0,0,14,24,0,13,0
30-07 13:27:31,79.283,14.710,4.238,0,0,1890464,10664104,168468,3539572,29571.084,14845.378,0,3594.165,0,491.655,6211,4505,2.580,1.730,1.160,5,0,0,0,0,14,25,0,13,0
30-07 13:27:32,57.856,8.978,28.928,0.249,0,1892380,10662088,168468,3539672,15057.487,7814.531,63.841,0,0.998,0,6714,8162,2.580,1.730,1.160,2,0,1.995,0,0,14,28,0,13,0
30-07 13:27:33,50.120,7.444,38.458,0,0,1892308,10662088,168516,3539696,14803.763,7401.881,0,254.074,0,20.842,6728,7182,2.580,1.730,1.160,3,0,0,0,0,14,27,0,13,0
30-07 13:27:34,64.300,20.929,13.869,0,0,1843204,10711116,168568,3539716,15561.005,8375.589,0,383.276,0,24.207,6446,6667,2.580,1.730,1.160,5,0,110.948,0,0,14,25,0,13,0
30-07 13:27:35,59.729,30.989,8.747,0,0,1708968,10845312,168600,3539724,60207.200,32864.646,0,279.903,0,16.994,4874,3303,2.580,1.730,1.160,3,0,216.925,0,0,14,24,0,13,0
30-07 13:27:36,63.736,11.543,23.587,0,0,1819224,10734896,168616,3539868,29761.088,16049.368,0,180.668,0,8.030,3713,1535,2.690,1.770,1.170,3,0,0,0,0,14,25,0,13,0
30-07 13:27:37,61.543,11.167,26.057,0,0,1839232,10714816,168664,3539888,29706.621,15310.420,0,591.611,0,27.794,5092,4366,2.690,1.770,1.170,4,0,0,0,0,14,26,0,13,0
30-07 13:27:38,53.709,8.244,35.723,0,0,1837856,10716088,168720,3539936,30029.966,14646.766,0,179.862,0,21.983,7066,7956,2.690,1.770,1.170,3,0,1.998,0,0,14,25,0,14,1
30-07 13:27:39,50.440,28.326,18.139,0,0,1790928,10762840,168768,3540060,15528.558,8191.652,0,369.728,0,23.853,6825,7147,2.690,1.770,1.170,5,0,145.108,0,0,14,25,0,14,0
30-07 13:27:40,59.413,33.007,8.379,0,0,1729976,10823716,168784,3540100,59180.780,594909.486,0,743.429,0,11.172,5161,3038,2.690,1.770,1.170,3,0,156.404,0,0,14,24,0,14,0
30-07 13:27:41,63.500,11.704,23.906,0,0,1832484,10721192,168816,3540084,44137.883,22578.929,0,219.136,0,13.945,4025,1870,2.720,1.790,1.180,4,0,1.992,0,0,14,25,0,14,0
30-07 13:27:42,61.819,13.158,23.089,0,0,1853800,10699784,168872,3540120,29889.583,15704.494,0,707.070,0,35.751,5890,5075,2.720,1.790,1.180,4,0,0,0,0,14,26,0,14,0
30-07 13:27:43,57.031,10.803,29.395,0,0,1821476,10732040,168904,3540152,15050.038,7657.672,0,100.494,0,12.059,7473,8202,2.720,1.790,1.180,3,0,24.119,0,0,14,26,0,16,0
30-07 13:27:44,49.795,37.975,10.814,0,0,1793996,10759472,168920,3540184,61261.103,32760.174,0,173.026,0,12.072,6162,6114,2.720,1.790,1.180,5,0,217.288,0,0,14,24,0,15,0
30-07 13:27:45,69.663,19.655,9.703,0,0,1746660,10806788,168936,3540188,48720.258,23046.485,0,163.210,0,7.961,4430,2137,2.720,1.790,1.180,4,0,49.759,0,0,14,24,0,15,0
30-07 13:27:46,62.674,12.235,23.721,0,0,1824684,10728736,168952,3540200,44646.966,22023.346,0,147.821,0,7.990,5134,3702,2.740,1.810,1.190,3,0,0,0,0,14,25,0,15,0
30-07 13:27:47,55.344,10.768,31.804,0,0,1824500,10728736,168984,3540352,30898.562,14927.393,0,276.470,0,16.027,6112,5671,2.740,1.810,1.190,2,0,2.003,0,0,14,27,0,15,0
30-07 13:27:48,54.887,7.699,34.273,0,0,1824352,10728736,169080,3540396,15678.311,7248.065,0,290.082,0,38.744,6941,7489,2.740,1.810,1.190,4,0,0,0,0,14,25,0,15,0
30-07 13:27:49,48.937,28.505,22.703,0,0,1671392,10881672,169096,3540404,15628.602,7525.219,0,161.442,0,7.063,5083,3389,2.740,1.810,1.190,4,0,113.009,0,0,14,24,0,15,0
30-07 13:27:50,60.518,14.943,22.912,0,0,1760648,10792396,169112,3540404,59581.737,32067.148,0,155.405,0,7.969,3925,1679,2.740,1.810,1.190,4,0,1.992,0,0,14,24,0,15,0
30-07 13:27:51,63.712,12.040,23.829,0,0,1827812,10725168,169160,3540416,30154.351,14935.705,0,650.164,0,33.110,4969,3843,2.760,1.830,1.200,4,0,0,0,0,14,26,0,16,0
30-07 13:27:52,59.830,10.833,26.591,0,0,1827980,10724916,169200,3540456,14807.363,7331.294,0,3833.073,0,556.446,7868,7754,2.760,1.830,1.200,3,0,0,0,0,14,26,0,15,0
30-07 13:27:53,50.584,23.539,21.786,0,0,1711880,10840972,169216,3540480,15283.340,7308.117,0,132.219,0,10.017,6218,5555,2.760,1.830,1.200,7,0,132.219,0,0,14,25,0,15,0
30-07 13:27:54,48.387,43.039,9.932,0,0,1682752,10870036,169264,3540492,58015.077,582689.331,0,305.605,0,29.542,5774,4180,2.760,1.830,1.200,7,0,245.503,0,0,14,24,0,15,0
30-07 13:27:55,68.301,30.661,0,0,0,1795240,10757512,169288,3540504,59821.437,33262.936,0,223.348,0,13.959,5289,3352,2.760,1.830,1.200,6,0,169.505,0,0,14,24,0,15,0
30-07 13:27:56,72.478,26.742,0.250,0,0,1920900,10631780,169336,3540528,45766.929,26075.983,0,511.843,0,28.991,5455,4130,3.100,1.920,1.230,10,0,177.945,0,0,14,24,0,15,0
30-07 13:27:57,75.645,22.968,0.250,0,0,2020724,10531796,169336,3540668,61221.689,35726.216,0,3.994,0,0.999,5850,4933,3.100,1.920,1.230,11,0,154.784,0,0,14,26,0,15,0
30-07 13:27:58,72.406,24.968,1.748,0,0,2060756,10491728,169360,3540680,46972.338,25782.703,0,135.825,0,8.988,6730,7543,3.100,1.920,1.230,5,0,128.834,0,0,14,28,0,16,0
30-07 13:27:59,66.138,29.949,2.995,0,0,2056024,10496376,169360,3540760,60413.727,34922.880,0,163.723,0,28.951,7379,9398,3.100,1.920,1.230,7,0,194.670,0,0,14,27,0,16,0
30-07 13:28:00,73.896,23.797,1.252,0,0,2058668,10493512,169448,3540888,60749.044,32538.298,0,456.903,0,36.071,7752,9953,3.100,1.920,1.230,10,0,130.257,0,0,14,27,0,17,0
30-07 13:28:01,65.210,32.730,1.249,0,0,1849232,10702856,169496,3540928,46051.860,27830.994,0,275.831,0,17.989,7452,8337,3.660,2.050,1.280,7,0,240.853,0,0,14,25,0,18,0
30-07 13:28:02,65.869,33.186,0.503,0,0,1773324,10778584,169556,3541040,70697.551,461792.245,48.271,394.211,8.045,23.130,6323,5762,3.660,2.050,1.280,7,0,319.794,0,0,14,24,0,18,0
30-07 13:28:03,75.265,24.005,0.250,0,0,1897200,10654640,169576,3541064,48708.523,136254.638,0,232.045,0,7.001,5291,3525,3.660,2.050,1.280,5,0,81.016,0,0,14,25,0,18,0
30-07 13:28:04,83.268,14.665,0.994,0,0,1963120,10588684,169592,3541084,44429.666,23227.468,0,198.848,0,9.942,6873,7663,3.660,2.050,1.280,6,0,0.994,0,0,14,25,0,18,0
30-07 13:28:05,78.233,17.029,2.221,0,0,1919316,10632280,169612,3541268,14665.373,7267.533,0,157.947,0,8.885,6368,8215,3.660,2.050,1.280,6,0,66.140,0,0,14,26,0,19,0
30-07 13:28:06,60.747,22.274,15.693,0,0,1879416,10672124,169628,3541304,61754.015,33331.678,0,157.941,0,7.087,7706,9899,3.840,2.120,1.310,4,0,114.406,0,0,14,27,0,20,0
30-07 13:28:07,56.399,24.456,16.470,0,0,1772976,10778528,169628,3541340,61725.004,33138.409,0,3.993,0,0.998,6649,7595,3.840,2.120,1.310,4,0,134.758,0,0,14,25,0,20,0
30-07 13:28:08,26.798,39.571,32.308,0,0,1676648,10874724,169628,3541472,46113.441,25854.222,0,24.043,0,4.007,5498,3599,3.840,2.120,1.310,2,0,267.478,0,0,14,24,0,18,0
30-07 13:28:09,5.753,25.011,66.030,0,0,1653808,10897564,169628,3541472,61167.973,34013.555,0,4.002,0,1.000,4406,2748,3.840,2.120,1.310,1,0,158.072,0,0,14,24,0,18,0
30-07 13:28:10,15.895,39.986,41.973,0,0,1651376,10899900,169708,3541488,55682.959,29375.838,0,1343.123,0,49.672,5516,3531,3.840,2.120,1.310,4,0,226.503,0,0,14,24,0,18,0
30-07 13:28:11,36.642,45.928,16.564,0,0,1682732,10868536,169708,3541496,50891.201,26408.331,0,16.062,0,4.016,5317,3135,3.860,2.150,1.320,6,0,251.976,0,0,14,24,0,18,0
30-07 13:28:12,56.195,42.840,1.260,0.252,0,1734760,10816448,169712,3541528,74733.299,591451.548,4.032,4366.608,1.008,637.049,6986,4777,3.860,2.150,1.320,5,0,389.084,0,0,14,24,0,16,0
30-07 13:28:13,66.617,31.437,0.749,0,0,1828236,10722972,169748,3541488,46167.607,24043.882,0,271.457,0,14.970,6775,7110,3.860,2.150,1.320,6,0,251.497,0,0,14,24,0,16,0
30-07 13:28:14,77.892,20.287,1.002,0,0,1872216,10678912,169764,3541544,45812.608,23518.922,0,132.241,0,9.016,5931,5111,3.860,2.150,1.320,5,0,74.135,0,0,14,25,0,16,0
30-07 13:28:15,80.726,17.245,1.250,0,0,1932580,10618476,169812,3541568,29925.054,15049.501,0,211.937,0,17.995,6337,6040,3.860,2.150,1.320,5,0,33.990,0,0,14,25,0,16,0
30-07 13:28:16,79.695,17.488,2.248,0,0,1918516,10632444,169876,3541600,29384.680,15145.527,0,279.807,0,25.982,6616,7134,4.030,2.210,1.350,5,0,38.973,0,0,14,27,0,15,0
30-07 13:28:17,74.501,20.900,1.475,0,0,1892096,10658604,169932,3541800,14729.116,7386.195,0,334.395,0,26.555,6196,6560,4.030,2.210,1.350,6,0,92.450,0,0,14,25,0,15,0
30-07 13:28:18,71.957,26.097,2.280,0,0,1867200,10683456,169964,3541804,15426.233,7856.525,0,231.074,0,14.189,6146,6975,4.030,2.210,1.350,5,0,104.389,0,0,14,25,0,15,0
30-07 13:28:19,83.463,14.286,1.504,0,0,1961620,10588956,169996,3541848,15414.300,7609.401,0,188.481,0,13.033,6170,6789,4.030,2.210,1.350,6,0,0,0,0,14,25,0,16,0
30-07 13:28:20,76.027,12.794,8.119,0,0,2014788,10535532,170060,3542040,15118.758,7375.340,0,240.137,0,24.604,6704,8415,4.030,2.210,1.350,3,0,1.968,0,0,14,28,0,18,0
30-07 13:28:21,72.011,16.171,10.107,0,0,1929760,10620348,170276,3542040,424.484,0,0,2579.244,0,126.334,6651,8205,3.950,2.230,1.360,6,0,30.320,0,0,14,26,0,16,0
30-07 13:28:22,71.577,12.427,13.669,0,0,1967228,10582800,170276,3542116,15125.592,7626.917,0,3.976,0,0.994,7434,9617,3.950,2.230,1.360,4,0,0,0,0,14,28,0,17,0
30-07 13:28:23,59.372,16.964,21.703,0,0,2010876,10538992,170276,3542276,359.228,0,0,19.957,0,2.994,7576,20807,3.950,2.230,1.360,4,0,40.912,0,0,14,29,0,20,0
30-07 13:28:24,78.937,18.021,2.538,0.254,0,1937688,10612012,170372,3542324,15325.538,7736.376,0,410.170,0,39.596,6296,9045,3.950,2.230,1.360,4,0,76.145,0,0,14,27,0,20,0
30-07 13:28:25,78.675,18.482,1.499,0,0,1863648,10685944,170452,3542344,1332.728,0,0,431.588,0,34.967,7434,10001,3.950,2.230,1.360,6,0,31.969,0,0,14,25,0,19,0
30-07 13:28:26,79.884,18.030,1.503,0,0,1871176,10678232,170468,3542524,15240.527,7765.006,0,148.248,0,8.013,5721,6323,4.110,2.290,1.380,5,0,56.094,0,0,14,25,0,19,0
30-07 13:28:27,81.499,15.500,1.500,0,0,1931556,10617804,170484,3542556,866.991,189.998,0,147.998,0,7.000,6146,6576,4.110,2.290,1.380,5,0,0,0,0,14,24,0,21,0
30-07 13:28:28,75.379,20.580,2.728,0,0,1955456,10593836,170500,3542604,992.818,0,0,170.594,0,8.926,5958,7683,4.110,2.290,1.380,5,0,70.420,0,0,14,26,0,21,0
30-07 13:28:29,76.198,15.490,6.745,0,0,1998456,10550772,170516,3542652,15085.791,7488.932,0,135.908,0,7.995,6679,9206,4.110,2.290,1.380,6,0,1.999,0,0,14,27,0,21,0
30-07 13:28:30,68.073,10.261,19.271,0,0,2008584,10540440,170532,3542832,806.861,0,0,392.419,0,57.061,7345,9148,4.110,2.290,1.380,2,0,0,0,0,14,29,0,22,0
30-07 13:28:31,46.735,7.498,42.487,0,0,2008540,10540440,170548,3542860,539.830,0,0,499.842,0,7.997,6850,7747,3.940,2.280,1.380,2,0,0,0,0,14,29,0,22,0
30-07 13:28:32,66.625,9.198,20.385,0,0,2008576,10540188,170596,3543028,16660.191,8146.132,0,222.746,0,19.888,7420,7819,3.940,2.280,1.380,4,0,1.989,0,0,14,28,0,22,0
30-07 13:28:33,70.626,18.210,8.367,0,0,1873444,10675260,170612,3543072,413.420,0,0,185.055,0,9.843,6215,8912,3.940,2.280,1.380,4,0,55.123,0,0,14,27,0,23,0
30-07 13:28:34,82.631,17.140,1.023,0,0,1923520,10625112,170628,3543120,947.565,0,0,126.888,0,8.186,5899,9382,3.940,2.280,1.380,6,0,47.071,0,0,14,25,0,23,1
30-07 13:28:35,75.920,20.229,2.497,0,0,1933444,10614960,170692,3543280,806.153,0,0,315.669,0,28.970,6863,8767,3.940,2.280,1.380,5,0,95.899,0,0,14,25,0,23,0
30-07 13:28:36,75.133,21.861,2.262,0,0,1872284,10676032,170744,3543316,15696.938,8111.307,0,442.252,0,20.102,6760,7421,4.110,2.350,1.410,6,0,76.389,0,0,14,25,0,23,0
30-07 13:28:37,81.527,16.902,0.994,0,0,1930180,10618104,170760,3543332,582.617,147.146,0,127.261,0,6.960,7151,7937,4.110,2.350,1.410,5,0,8.948,0,0,14,27,0,23,0
30-07 13:28:38,84.012,12.790,1.755,0,0,1967532,10580556,170776,3543508,420.313,0,0,132.414,0,8.025,6823,8484,4.110,2.350,1.410,5,0,2.006,0,0,14,26,0,24,0
30-07 13:28:39,66.229,19.172,12.449,0,0,1955580,10592428,170792,3543560,624.444,0,0,135.446,0,6.971,6774,7240,4.110,2.350,1.410,6,0,70.711,0,0,14,27,0,24,0
30-07 13:28:40,78.130,19.282,1.502,0,0,1957932,10590036,170792,3543600,15180.163,7704.772,0,12.020,0,2.003,6177,7546,4.110,2.350,1.410,5,0,34.056,0,0,14,25,0,25,0
30-07 13:28:41,80.616,17.721,0.749,0,0,1957644,10590148,170832,3543736,926.458,0,0,223.628,0,17.970,6772,6692,4.180,2.390,1.430,6,0,35.940,0,0,14,26,0,24,0
30-07 13:28:42,79.378,17.528,2.254,0,0,1921524,10626204,170848,3543780,687.111,148.240,0,124.201,0,7.011,6261,6882,4.180,2.390,1.430,7,0,30.049,0,0,14,26,0,24,0
30-07 13:28:43,84.513,13.834,2.264,0.252,0,1977256,10570260,170880,3543956,746.532,0,0,8636.425,0,951.778,8428,9711,4.180,2.390,1.430,7,0,0,0,0,14,25,0,24,0
30-07 13:28:44,72.485,22.995,2.999,0,0,1914556,10632924,170896,3543976,418.911,0,0,167.964,0,7.998,6352,6767,4.180,2.390,1.430,5,0,121.974,0,0,14,25,0,24,0
30-07 13:28:45,79.223,16.443,1.993,0,0,1932940,10614432,170944,3544032,239.165,0,0,247.137,0,19.930,7334,8650,4.180,2.390,1.430,7,0,4.983,0,0,14,26,0,22,0
30-07 13:28:46,77.172,20.045,2.004,0,0,1924804,10622488,170992,3544060,15068.587,7817.424,0,284.634,0,21.047,6588,7506,4.240,2.430,1.450,8,0,85.190,0,0,14,26,0,22,0
30-07 13:28:47,80.855,16.420,1.493,0,0,1968904,10578212,171008,3544216,1004.097,147.281,0,139.320,0,8.956,6689,7193,4.240,2.430,1.450,6,0,1.990,0,0,14,26,0,23,0
30-07 13:28:48,80.628,16.075,2.009,0,0,1912608,10634444,171024,3544264,1069.012,0,0,120.565,0,7.033,6322,8541,4.240,2.430,1.450,6,0,48.226,0,0,14,25,0,24,0
30-07 13:28:49,75.422,22.976,1.249,0,0,1819412,10727604,171040,3544284,945.019,0,0,131.863,0,7.992,5844,5896,4.240,2.430,1.450,6,0,120.875,0,0,14,26,0,23,0
30-07 13:28:50,79.331,18.018,0.751,0,0,1875108,10671852,171056,3544320,299.305,0,0,140.143,0,8.008,6383,7597,4.240,2.430,1.450,6,0,4.004,0,0,14,25,0,23,0
30-07 13:28:51,79.732,17.635,1.490,0,0,1893600,10653204,171056,3544472,637.858,0,0,0,0,0,5837,6046,4.380,2.490,1.470,6,0,42.723,0,0,14,26,0,23,0
30-07 13:28:52,82.009,15.345,2.516,0,0,1956532,10590232,171056,3544512,300.867,148.924,0,4.025,0,1.006,6410,6870,4.380,2.490,1.470,7,0,0,0,0,14,26,0,23,0
30-07 13:28:53,80.612,16.421,1.493,0,0,1855908,10690648,171160,3544612,14725.192,7326.768,0,421.971,0,44.785,7085,8442,4.380,2.490,1.470,8,0,69.665,0,0,14,26,0,22,0
30-07 13:28:54,72.363,25.289,1.252,0,0,1839868,10706544,171208,3544704,359.560,0,0,276.430,0,22.034,6325,6824,4.380,2.490,1.470,5,0,111.173,0,0,14,25,0,23,0
30-07 13:28:55,76.516,21.862,0.497,0,0,1877304,10668940,171224,3544852,787.025,0,0,166.945,0,7.950,6556,6500,4.380,2.490,1.470,6,0,71.548,0,0,14,25,0,25,0
30-07 13:28:56,80.223,19.233,0.759,0,0,1927588,10618580,171272,3544880,424.144,0,0,267.241,0,18.221,5515,4240,4.430,2.540,1.490,5,0,35.430,0,0,14,25,0,24,0
30-07 13:28:57,80.112,14.475,4.742,0,0,1964716,10581284,171288,3545028,239.586,189.672,0,163.717,0,7.986,6077,7212,4.430,2.540,1.490,4,0,32.943,0,0,14,26,0,24,0
30-07 13:28:58,75.351,17.408,5.720,0,0,1918988,10626492,171320,3545516,1022.583,0,0,187.009,0,12.932,6830,10487,4.430,2.540,1.490,5,0,33.821,0,0,14,26,0,24,0
30-07 13:28:59,73.276,21.581,4.517,0,0,1917568,10627872,171336,3545548,240.907,0,0,136.514,0,9.034,6153,7329,4.430,2.540,1.490,4,0,95.359,0,0,14,25,0,24,0
30-07 13:29:00,79.579,19.019,0.500,0,0,1841064,10704144,171416,3545696,479.474,0,0,560.554,0,71.070,5844,5486,4.430,2.540,1.490,5,0,55.054,0,0,14,24,0,24,0
30-07 13:29:01,74.754,23.001,1.000,0,0,1874528,10670524,171432,3545836,30423.519,16102.804,0,120.006,0,7.000,5330,3960,4.480,2.580,1.510,4,0,81.004,0,0,14,25,0,21,0
30-07 13:29:02,81.738,13.457,3.738,0,0,1949112,10595692,171480,3546032,44125.392,22491.819,0,219.296,0,18.939,5781,7040,4.480,2.580,1.510,5,0,1.994,0,0,14,26,0,21,0
30-07 13:29:03,75.580,19.521,3.754,0,0,1885624,10658828,171512,3546348,27581.263,569316.031,0,184.195,0,14.015,6262,6898,4.480,2.580,1.510,4,0,70.074,0,0,14,25,0,22,0
30-07 13:29:04,65.623,16.468,15.720,0,0,1883612,10660444,171560,3546692,30311.402,15198.618,0,351.321,0,23.954,7178,8351,4.480,2.580,1.510,3,0,84.836,0,0,14,26,0,22,0
30-07 13:29:05,63.548,9.545,25.620,0,0,1879288,10664700,171576,3546744,45465.494,23008.040,0,168.793,0,10.047,7110,7039,4.480,2.580,1.510,4,0,2.009,0,0,14,25,0,22,0
30-07 13:29:06,55.648,17.560,23.496,0,0,1812100,10731720,171592,3546896,29557.079,14726.601,0,205.773,0,10.882,6285,5810,4.360,2.580,1.520,6,0,42.540,0,0,14,26,0,21,0
30-07 13:29:07,61.554,14.632,22.957,0,0,1798176,10745616,171608,3546908,15354.143,7511.583,0,1130.168,0,11.100,5446,3933,4.360,2.580,1.520,4,0,49.445,0,0,14,24,0,21,0
30-07 13:29:08,53.046,22.414,23.908,0,0,1767120,10776648,171624,3546912,15097.077,7333.862,0,211.190,0,7.969,4211,2620,4.360,2.580,1.520,3,0,57.778,0,0,14,24,0,21,0
30-07 13:29:09,65.093,12.064,21.614,0,0,1833364,10710372,171640,3546928,15115.671,7467.358,0,152.805,0,8.042,5666,4651,4.360,2.580,1.520,4,0,0,0,0,14,25,0,21,0
30-07 13:29:10,61.009,10.251,25.754,0,0,1845416,10698276,171688,3546920,15037.136,7429.055,0,232.033,0,21.003,6165,5915,4.360,2.580,1.520,4,0,0,0,0,14,25,0,21,0
30-07 13:29:11,56.064,17.193,23.921,0,0,1742968,10800484,171736,3547108,15307.166,7433.315,0,255.153,0,20.930,6117,6639,4.330,2.610,1.530,3,0,65.782,0,0,14,25,0,21,0
30-07 13:29:12,54.375,21.201,22.947,0,0,1779688,10763708,171752,3547132,624.561,147.660,0,123.715,0,6.984,5609,5836,4.330,2.610,1.530,3,0,54.874,0,0,14,25,0,21,0
30-07 13:29:13,64.703,11.696,21.402,0,0,1857416,10685808,171768,3547284,15068.918,7262.705,0,111.489,0,6.968,6244,5365,4.330,2.610,1.530,3,0,0,0,0,14,26,0,22,0
30-07 13:29:14,59.759,16.966,21.777,1.266,0,1791728,10751436,171808,3547304,363.620,0,0,7551.951,0,844.733,6562,4460,4.330,2.610,1.530,4,0,33.425,0,0,14,26,0,21,0
30-07 13:29:15,59.242,13.766,23.107,0,0,1799236,10743744,171824,3547468,14929.016,7238.847,0,129.792,0,7.866,7556,8054,4.330,2.610,1.530,3,0,0,0,0,14,26,0,22,0
30-07 13:29:16,63.568,14.748,22.884,0,0,1760904,10782048,171840,3547480,304.107,0,0,199.348,0,12.205,5322,4127,4.220,2.610,1.540,3,0,43.735,0,0,14,25,0,23,0
30-07 13:29:17,53.996,21.301,22.540,0,0,1808472,10734448,171856,3547496,15161.492,7922.060,0,162.483,0,8.917,5363,4241,4.220,2.610,1.540,3,0,44.584,0,0,14,25,0,23,0
30-07 13:29:18,64.405,11.778,22.554,0,0,1832504,10710296,171888,3547580,868.087,0,0,164.395,0,13.031,6146,5569,4.220,2.610,1.540,3,0,0,0,0,14,25,0,24,0
30-07 13:29:19,56.367,9.933,30.046,0,0,1832312,10710296,171920,3547736,887.968,0,0,162.894,0,12.912,6554,6540,4.220,2.610,1.540,4,0,0,0,0,14,26,0,24,0
30-07 13:29:20,55.579,9.054,34.203,0,0,1832136,10710296,171936,3547892,15003.863,7665.400,0,116.691,0,8.048,7212,7742,4.220,2.610,1.540,2,0,2.012,0,0,14,27,0,24,0
30-07 13:29:21,58.294,12.061,27.388,0,0,1769104,10773244,171992,3547920,690.487,0,0,341.726,0,29.147,6957,6848,4.130,2.620,1.550,4,0,40.203,0,0,14,25,0,25,0
30-07 13:29:22,48.283,26.153,24.644,0,0,1674516,10867760,172040,3547940,361.116,148.873,0,261.533,0,21.124,5202,3939,4.130,2.620,1.550,4,0,84.495,0,0,14,24,0,22,0
30-07 13:29:23,52.681,30.174,14.840,0,0,1785844,10756412,172056,3550412,14816.002,7378.321,0,154.333,0,7.915,5332,6192,4.130,2.620,1.550,5,0,170.162,0,0,14,24,0,22,0
30-07 13:29:24,61.776,19.008,18.008,0,0,1833432,10708796,172072,3547956,746.312,0,0,120.050,0,7.003,5149,8143,4.130,2.620,1.550,4,0,9.004,0,0,14,25,0,24,0
30-07 13:29:25,66.232,8.997,22.994,0,0,1865384,10676792,172128,3547952,529.852,0,0,247.931,0,22.994,6680,6893,4.130,2.620,1.550,4,0,0,0,0,14,25,0,25,0
30-07 13:29:26,47.439,28.112,23.092,0,0,1772408,10769712,172128,3548004,688.750,0,0,8.032,0,1.004,5683,4218,4.040,2.630,1.560,3,0,131.525,0,0,14,25,0,22,0
30-07 13:29:27,61.669,14.038,22.311,0,0,1802624,10739472,172128,3548024,16638.481,8429.041,0,0,0,0,6112,5553,4.040,2.630,1.560,4,0,0,0,0,14,25,0,22,0
30-07 13:29:28,63.456,11.111,22.716,0,0,1845552,10696392,172128,3548176,413.822,0,0,3.951,0,0.988,5801,5148,4.040,2.630,1.560,3,0,0,0,0,14,26,0,22,0
30-07 13:29:29,61.657,9.945,25.359,0,0,1846244,10695636,172216,3548152,638.448,0,0,3635.773,0,539.996,7302,6476,4.040,2.630,1.560,3,0,3.978,0,0,14,26,0,23,0
30-07 13:29:30,50.773,26.279,23.218,0,0,1686472,10855152,172464,3548152,305.146,0,0,2294.209,0,135.734,5625,4788,4.040,2.630,1.560,3,0,101.035,0,0,14,24,0,19,0
30-07 13:29:31,52.336,24.290,22.537,0,0,1761884,10779652,172480,3548220,15000.673,7308.020,0,356.587,0,45.074,4540,2166,3.950,2.630,1.570,3,0,85.140,0,0,14,24,0,19,0
30-07 13:29:32,63.759,11.752,23.753,0,0,1808408,10733100,172496,3548228,746.107,148.021,0,168.024,0,8.001,4361,2878,3.950,2.630,1.570,4,0,2.000,0,0,14,24,0,19,0
30-07 13:29:33,54.462,8.912,32.677,0,0,1831248,10710168,172560,3548256,237.653,0,0,578.290,0,31.687,6145,6612,3.950,2.630,1.570,5,0,0,0,0,14,26,0,20,0
30-07 13:29:34,62.286,9.717,24.914,0,0,1832568,10708684,172560,3548420,623.854,0,0,3.986,0,0.997,6924,7301,3.950,2.630,1.570,3,0,0.997,0,0,14,26,0,19,0
30-07 13:29:35,56.734,18.075,22.844,0,0,1812996,10728232,172560,3548444,180.747,0,0,4.017,0,1.004,6842,7258,3.950,2.630,1.570,3,0,45.187,0,0,14,26,0,20,0
30-07 13:29:36,59.908,15.101,22.527,0,0,1811124,10730012,172616,3548476,355.485,0,0,237.650,0,21.785,6400,6023,3.880,2.640,1.570,5,0,29.706,0,0,14,25,0,20,0
30-07 13:29:37,58.278,17.508,22.761,0,0,1728840,10812256,172632,3548496,14863.080,7447.548,0,124.059,0,7.003,5225,3883,3.880,2.640,1.570,6,0,39.019,0,0,14,25,0,20,0
30-07 13:29:38,45.262,28.917,23.888,0,0,1763756,10777228,172632,3548608,648.754,0,0,567.283,0,2.012,6083,5343,3.880,2.640,1.570,3,0,158.920,0,0,14,26,0,19,0
30-07 13:29:39,46.041,7.757,45.790,0,0,1763708,10777228,172664,3548624,240.211,0,0,176.155,0,14.012,4971,5055,3.880,2.640,1.570,2,0,4.004,0,0,14,25,0,19,0
30-07 13:29:40,32.943,18.082,45.328,0,0,1684708,10856080,172664,3548772,415.132,0,0,3.963,0,0.991,5313,4987,3.880,2.640,1.570,2,0,67.372,0,0,14,25,0,19,0
30-07 13:29:41,45.192,7.660,48.256,0,0,1689968,10850820,172664,3548772,428.946,0,0,28.596,0,3.064,3594,2476,3.730,2.630,1.580,2,0,8.170,0,0,14,24,0,19,0
30-07 13:29:42,34.757,17.875,45.432,0,0,1734928,10805848,172664,3548784,356.508,146.973,0,0,0,0,4068,2608,3.730,2.630,1.580,3,0,57.597,0,0,14,24,0,18,0
30-07 13:29:43,44.246,7.749,46.496,0,0,1775016,10765612,172680,3548912,6937.391,1925.831,0,111.990,0,7.999,4442,4152,3.730,2.630,1.580,3,0,0,0,0,14,25,0,19,0
30-07 13:29:44,38.497,14.999,44.996,0,0,1695572,10845036,172680,3548928,53245.312,42438.264,0,4.000,0,1.000,4685,3577,3.730,2.630,1.580,3,0,60.995,0,0,14,25,0,19,0
30-07 13:29:45,37.633,15.555,45.410,0,0,1665744,10874840,172736,3548896,29636.661,14776.182,0,3383.950,0,530.875,5290,3946,3.730,2.630,1.580,3,0,45.159,0,0,14,24,0,19,0
30-07 13:29:46,29.872,21.408,46.551,0,0,1715204,10825324,172736,3548952,14970.993,7264.940,0,3.983,0,0.996,3979,2154,3.590,2.620,1.580,2,0,92.604,0,0,14,24,0,19,0
30-07 13:29:47,42.866,8.224,47.103,0,0,1756672,10783852,172736,3548956,14809.744,7486.617,0,3.988,0,0.997,3853,2989,3.590,2.620,1.580,3,0,1.994,0,0,14,25,0,19,0
30-07 13:29:48,44.321,8.263,45.573,0,0,1757112,10783388,172736,3548980,15506.714,7469.905,0,8.013,0,1.002,5524,5616,3.590,2.620,1.580,2,0,0,0,0,14,25,0,20,0
30-07 13:29:49,41.631,11.467,45.370,0,0,1727560,10812904,172768,3548984,24727.255,434357.301,0,135.612,0,11.966,5001,4465,3.590,2.620,1.580,2,0,4.986,0,0,14,25,0,20,0
30-07 13:29:50,45.752,7.290,46.507,0,0,1769848,10770580,172800,3548988,18117.988,131668.645,0,104.577,0,12.067,4348,3609,3.590,2.620,1.580,2,0,3.017,0,0,14,24,0,20,0
30-07 13:29:51,38.714,13.737,46.706,0,0,1716656,10823752,172800,3549004,1193.882,0,0,0,0,0,3624,2465,3.460,2.610,1.580,2,0,29.972,0,0,14,24,0,18,0
30-07 13:29:52,43.188,9.432,46.167,0,0,1761976,10778420,172800,3549020,14868.711,7456.198,0,214.453,0,37.728,4795,4470,3.460,2.610,1.580,3,0,0,0,0,14,26,0,18,0
30-07 13:29:53,42.934,8.035,46.952,0,0,1739336,10800988,172836,3549048,481.066,0,0,184.794,0,17.073,4448,4075,3.460,2.610,1.580,2,0,7.030,0,0,14,25,0,18,0
30-07 13:29:54,42.131,10.784,45.893,0,0,1774148,10766160,172836,3549064,15412.978,7547.494,0,0,0,0,5229,4938,3.460,2.610,1.580,2,0,1.003,0,0,14,25,0,18,0
30-07 13:29:55,38.251,13.750,46.751,0,0,1719680,10820524,172836,3549168,419.009,0,0,0,0,0,3976,2640,3.460,2.610,1.580,2,0,56.001,0,0,14,24,0,17,0
30-07 13:29:56,41.840,9.713,46.572,0,0,1719924,10820272,172836,3549176,15088.465,7656.803,0,0,0,0,3969,3303,3.340,2.600,1.580,2,0,1.992,0,0,14,25,0,17,0
30-07 13:29:57,45.871,7.019,46.372,0.251,0,1745588,10794596,172868,3549156,420.109,148.392,0,208.550,0,28.074,4677,4323,3.340,2.600,1.580,2,0,0,0,0,14,25,0,17,0
30-07 13:29:58,40.532,10.758,47.537,0,0,1721348,10818792,172868,3549200,300.236,0,0,4.003,0,1.001,3892,3186,3.340,2.600,1.580,3,0,5.004,0,0,14,25,0,17,0
30-07 13:29:59,36.942,15.226,46.427,0.250,0,1719904,10820136,172900,3549268,15292.925,7769.768,0,123.805,0,13.978,4238,2946,3.340,2.600,1.580,2,0,61.903,0,0,14,24,0,17,0
30-07 13:30:00,35.494,15.997,47.242,0,0,1732816,10807212,172900,3549276,359.937,0,0,0,0,0,3812,2744,3.340,2.600,1.580,2,0,38.993,0,0,14,25,0,17,0
30-07 13:30:01,44.342,8.017,46.346,0,0,1773716,10766168,172900,3549420,479.995,0,0,0,0,0,5063,4812,3.400,2.620,1.600,3,0,0,0,0,14,25,0,17,0
30-07 13:30:02,37.744,17.997,42.243,0,0,1681508,10858276,172940,3549480,16211.311,7808.705,0,139.977,0,17.997,5078,4258,3.400,2.620,1.600,2,0,80.987,0,0,14,25,0,18,0
30-07 13:30:03,27.225,27.225,42.211,0,0,1643008,10896660,173012,3549500,745.311,0,0,343.682,0,30.971,5545,4337,3.400,2.620,1.600,4,0,164.848,0,0,14,24,0,17,0
30-07 13:30:04,24.020,28.524,45.788,0,0,1689584,10850080,173012,3549504,884.730,0,0,8.007,0,2.002,4121,2429,3.400,2.620,1.600,2,0,137.113,0,0,14,24,0,17,0
30-07 13:30:05,42.146,9.119,47.322,0,0,1772872,10766792,173012,3549504,1072.623,0,0,15.774,0,2.958,2822,1392,3.400,2.620,1.600,3,0,1.972,0,0,14,24,0,17,0
30-07 13:30:06,44.245,9.718,46.291,0,0,1792292,10747036,173204,3549644,15777.663,7930.263,0,5086.335,0,581.062,5054,3503,3.280,2.610,1.600,2,0,0,0,0,14,25,0,17,0
30-07 13:30:07,44.672,7.445,45.168,0,0,1788680,10750620,173204,3549672,475.508,146.921,0,0,0,0,6164,7041,3.280,2.610,1.600,4,0,0,0,0,14,26,0,17,0
30-07 13:30:08,41.523,10.940,44.258,0,0,1704988,10834260,173236,3549688,358.039,0,0,115.368,0,11.935,5738,5567,3.280,2.610,1.600,3,0,39.782,0,0,14,24,0,18,0
30-07 13:30:09,34.710,17.606,47.537,0,0,1718760,10820488,173236,3549688,931.626,0,0,354.139,0,2.012,3179,1829,3.280,2.610,1.600,2,0,38.231,0,0,14,24,0,18,0
30-07 13:30:10,41.436,9.373,47.849,0,0,1761620,10777624,173236,3549692,15038.429,7198.083,0,3.946,0,0.987,2817,1366,3.280,2.610,1.600,3,0,0,0,0,14,25,0,18,0
30-07 13:30:11,43.765,8.348,47.560,0,0,1771104,10768100,173260,3549704,423.989,0,0,295.477,0,14.167,4133,3422,3.180,2.600,1.600,2,0,2.024,0,0,14,25,0,17,0
30-07 13:30:12,44.258,8.002,44.508,0,0,1768736,10770436,173260,3549736,582.110,148.028,0,0,0,0,6510,7790,3.180,2.600,1.600,2,0,0,0,0,14,26,0,18,0
30-07 13:30:13,45.148,7.234,45.148,0,0,1728288,10810688,173268,3549924,298.329,0,0,39.910,0,2.993,5979,6098,3.180,2.600,1.600,3,0,5.987,0,0,14,25,0,18,0
30-07 13:30:14,30.270,24.266,45.029,0,0,1680968,10857968,173300,3549932,240.157,0,0,128.084,0,12.008,4633,3425,3.180,2.600,1.600,5,0,114.075,0,0,14,24,0,18,0
30-07 13:30:15,26.243,28.492,43.238,0,0,1683900,10854984,173300,3549984,418.880,0,0,79.977,0,1.999,4658,2437,3.180,2.600,1.600,3,0,161.954,0,0,14,24,0,16,0
30-07 13:30:16,26.325,22.063,50.644,0,0,1691080,10847764,173316,3550004,46602.662,59449.232,0,220.628,0,10.029,4623,3140,3.330,2.640,1.620,3,0,125.357,0,0,14,25,0,16,0
30-07 13:30:17,18.959,8.232,71.097,0,0,1624720,10914088,173348,3550008,44351.409,22311.911,0,123.733,0,12.972,3294,2983,3.330,2.640,1.620,2,0,35.923,0,0,14,24,0,16,0
30-07 13:30:18,14.271,13.770,70.852,0,0,1619276,10919532,173348,3550008,30291.769,14679.210,0,0,0,0,2721,1891,3.330,2.640,1.620,1,0,57.082,0,0,14,24,0,16,0
30-07 13:30:19,21.785,4.758,72.617,0,0,1661072,10877712,173380,3550000,15386.892,7470.085,0,260.421,0,14.023,1835,1341,3.330,2.640,1.620,1,0,0,0,0,14,24,0,14,0
30-07 13:30:20,22.303,5.204,71.371,0,0,1673604,10865152,173396,3550012,14904.686,7232.282,0,47.581,0,5.948,2362,1988,3.330,2.640,1.620,1,0,1.983,0,0,14,24,0,14,0
30-07 13:30:21,24.191,4.536,70.306,0,0,1673536,10865152,173444,3550028,15154.814,7354.142,0,2177.213,0,398.148,4251,4030,3.140,2.610,1.620,1,0,0,0,0,14,24,0,14,0
30-07 13:30:22,11.247,16.745,70.231,0,0,1631844,10906824,173460,3550032,15031.835,7441.938,0,139.961,0,7.998,3275,2090,3.140,2.610,1.620,1,0,98.973,0,0,14,24,0,14,0
30-07 13:30:23,20.009,6.253,72.531,0,0,1646712,10891956,173460,3550032,15041.531,7461.240,0,4.002,0,1.000,1793,1243,3.140,2.610,1.620,1,0,2.001,0,0,14,24,0,12,0
30-07 13:30:24,34.752,16.501,48.253,0,0,1675592,10863036,173508,3550036,15217.045,7458.512,0,408.028,0,23.002,4091,13887,3.140,2.610,1.620,1,0,43.003,0,0,14,24,0,13,0
30-07 13:30:25,22.473,4.495,70.666,0,0,1667464,10871100,173564,3550044,658.214,0,0,155.814,0,21.974,3330,3563,3.140,2.610,1.620,2,0,0,0,0,14,24,0,13,0
30-07 13:30:26,12.259,15.761,70.801,0,0,1630368,10908148,173604,3550052,15397.194,7463.426,0,184.134,0,16.012,3353,2434,2.970,2.590,1.610,1,0,94.068,0,0,14,24,0,13,0
30-07 13:30:27,19.259,7.504,72.535,0,0,1670892,10867608,173620,3550052,782.376,148.071,0,108.052,0,6.003,1797,1375,2.970,2.590,1.610,1,0,2.001,0,0,14,24,0,13,0
30-07 13:30:28,21.685,4.985,71.537,0,0,1700840,10837592,173676,3550060,699.912,0,0,869.407,0,74.777,2356,1971,2.970,2.590,1.610,3,0,0,0,0,14,25,0,10,0
30-07 13:30:29,22.789,5.009,71.873,0,0,1696536,10841888,173676,3550068,15180.963,7470.777,0,8.014,0,2.003,2879,2803,2.970,2.590,1.610,1,0,2.003,0,0,14,25,0,10,0
30-07 13:30:30,23.018,4.253,70.555,0,0,1692560,10845784,173676,3550148,802.630,0,0,4.003,0,1.001,4107,4636,2.970,2.590,1.610,1,0,0,0,0,14,25,0,10,0
30-07 13:30:31,19.683,7.973,70.509,0,0,1650500,10887804,173708,3550156,15342.545,7594.037,0,195.332,0,12.956,2935,2490,2.810,2.560,1.610,2,0,29.898,0,0,14,24,0,10,0
30-07 13:30:32,20.328,6.274,73.281,0,0,1682144,10856160,173708,3550156,421.614,190.730,0,0,0,0,1765,1254,2.810,2.560,1.610,2,0,2.008,0,0,14,24,0,9,0
30-07 13:30:33,22.256,4.751,72.019,0,0,1704768,10833516,173724,3550160,1041.274,0,0,332.087,0,15.004,2321,2004,2.810,2.560,1.610,2,0,0,0,0,14,24,0,9,0
30-07 13:30:34,22.668,4.982,70.992,0,0,1699832,10838440,173724,3550168,15247.676,7431.038,0,3.986,0,0.996,3215,3212,2.810,2.560,1.610,2,0,0.996,0,0,14,25,0,9,0
30-07 13:30:35,23.501,4.250,70.003,0,0,1691864,10846256,173732,3550312,866.035,0,0,64.003,0,5.000,4112,4438,2.810,2.560,1.610,1,0,2.000,0,0,14,25,0,9,0
30-07 13:30:36,16.499,11.499,70.495,0.250,0,1607996,10930120,173732,3550320,179.988,0,0,1299.915,0,258.983,3235,1864,2.670,2.530,1.610,2,0,64.996,0,0,14,24,0,7,0
30-07 13:30:37,5.269,25.340,67.490,0,0,1610372,10927680,173732,3550380,360.283,148.529,0,36.129,0,1.004,4184,2490,2.670,2.530,1.610,1,0,150.536,0,0,14,24,0,7,0
30-07 13:30:38,17.251,33.003,48.254,0,0,1602112,10935864,173788,3550396,16267.318,37187.012,0,268.022,0,18.001,4987,3083,2.670,2.530,1.610,2,0,194.016,0,0,14,24,0,9,0
30-07 13:30:39,40.505,12.579,45.789,0.503,0,1663368,10874376,173844,3550568,61430.406,594138.891,173.092,414.615,6.038,17.108,3724,2114,2.670,2.530,1.610,3,0,0,0,0,14,24,0,9,0
30-07 13:30:40,42.357,8.670,47.311,0.248,0,1729208,10807876,173900,3551120,47590.541,22889.671,27.743,11.890,1.982,1.982,2995,1524,2.670,2.530,1.610,4,0,0,0,0,14,24,0,9,0
30-07 13:30:41,39.302,11.442,44.028,2.985,0,1796212,10735880,175052,3554616,41080.297,19975.489,2133.266,4469.511,32.835,388.047,5106,4645,2.610,2.520,1.610,7,0,18.905,0,0,14,28,0,9,0
30-07 13:30:42,40.002,17.001,35.752,3.000,0,1806816,10716012,180072,3558364,15448.659,9484.405,132.006,23857.018,5.000,2080.089,11451,16303,2.610,2.520,1.610,5,0,72.003,0,0,14,28,0,9,0
30-07 13:30:43,41.160,16.564,34.132,3.765,0,1741912,10772936,185608,3560540,15137.696,7390.657,0,32329.356,0,2545.872,12745,18361,2.610,2.520,1.610,6,0,52.202,0,0,14,28,0,9,0
30-07 13:30:44,38.266,18.007,34.014,5.252,0,1761772,10747260,190260,3561544,44574.190,23141.444,0,32649.324,0,2284.932,11648,16719,2.610,2.520,1.610,10,0,27.011,0,0,14,28,0,8,0
30-07 13:30:45,43.680,10.234,41.433,2.746,0,1754784,10752132,192824,3561016,29543.448,14700.339,0,13885.650,0,1144.158,6805,9231,2.610,2.520,1.610,3,0,8.986,0,0,14,24,0,8,0
30-07 13:30:46,41.489,9.807,48.027,0,0,1783508,10723320,192904,3561016,29884.463,14676.699,0,744.295,0,41.238,3053,1786,2.640,2.530,1.620,2,0,5.029,0,0,14,24,0,8,0
30-07 13:30:47,41.222,9.743,48.217,0,0,1787312,10719456,192944,3561036,15426.516,7438.945,0,543.631,0,20.986,2962,1583,2.640,2.530,1.620,2,0,2.998,0,0,14,24,0,8,0
30-07 13:30:48,39.742,16.145,38.500,0.994,0,1817508,10685748,196152,3561236,30071.950,15376.268,0,13118.909,0,1382.036,10706,13900,2.640,2.530,1.620,3,0,0.994,0,0,14,26,0,8,0
30-07 13:30:49,39.171,16.824,38.167,2.009,0,1850976,10648056,200072,3561424,44521.574,22279.368,0,17343.798,0,1725.541,12094,16459,2.640,2.530,1.620,3,0,2.009,0,0,14,26,0,8,0
30-07 13:30:50,38.195,13.730,45.434,0.749,0,1776036,10722068,200868,3561532,14894.459,7285.464,0,3758.564,0,351.492,5074,4616,2.640,2.530,1.620,2,0,46.932,0,0,14,24,0,8,0
30-07 13:30:51,22.844,14.058,62.507,0,0,1763160,10734852,200932,3561544,30632.169,15202.617,0,855.524,0,41.170,3122,2173,2.590,2.520,1.620,1,0,54.223,0,0,14,24,0,8,0
30-07 13:30:52,20.738,6.746,70.708,0.250,0,1794996,10702512,201396,3561556,44589.447,22906.359,0,6648.041,0,359.786,2880,2387,2.590,2.520,1.620,1,0,0,0,0,14,24,0,7,0
30-07 13:30:53,21.763,5.503,72.294,0,0,1809536,10687972,201396,3561556,29548.805,14666.838,0,12.007,0,3.002,1911,1248,2.590,2.520,1.620,1,0,4.002,0,0,14,24,0,7,0
30-07 13:30:54,18.993,7.497,72.473,0.250,0,1816192,10681268,201396,3561596,29521.143,14586.636,39.985,0,2.999,0,1812,1237,2.590,2.520,1.620,1,0,1.000,0,0,14,24,0,7,0
30-07 13:30:55,24.255,3.001,72.015,0,0,1758596,10738836,201396,3561620,23904.913,435661.546,0,0,0,0,1912,1324,2.590,2.520,1.620,1,0,1.000,0,0,14,24,0,7,0
30-07 13:30:56,21.249,5.750,71.996,0,0,1750812,10746620,201396,3561620,18708.884,149483.082,0,0,0,0,2012,1458,2.460,2.500,1.620,1,0,3.000,0,0,14,24,0,7,0
30-07 13:30:57,23.476,3.996,72.675,0,0,1784400,10713032,201396,3561620,30751.063,15607.790,0,0,0,0,1807,1190,2.460,2.500,1.620,1,0,0,0,0,14,24,0,7,0
30-07 13:30:58,20.515,6.505,71.804,0,0,1797692,10699728,201404,3561620,44120.906,21904.336,0,2041.523,0,206.154,2244,1239,2.460,2.500,1.620,2,0,3.002,0,0,14,24,0,7,0
30-07 13:30:59,23.713,3.245,72.388,0,0,1765836,10731556,201420,3561624,15011.873,7416.574,0,75.883,0,4.992,1783,1118,2.460,2.500,1.620,3,0,1.997,0,0,14,24,0,7,0
30-07 13:31:00,19.789,7.264,71.893,0,0,1743736,10753604,201468,3561640,30402.263,15344.415,0,517.025,0,31.062,2164,1807,2.460,2.500,1.620,1,0,1.002,0,0,14,24,0,6,0
30-07 13:31:01,22.748,3.500,72.742,0,0,1743912,10753428,201468,3561640,44202.175,22179.579,0,0,0,0,1888,1308,2.350,2.470,1.610,1,0,0,0,0,14,24,0,6,0
30-07 13:31:02,20.239,7.496,70.961,0,0,1767852,10729456,201468,3561672,29455.773,14731.884,0,0,0,0,2024,1364,2.350,2.470,1.610,1,0,3.998,0,0,14,24,0,6,0
30-07 13:31:03,22.747,1.750,72.990,1.750,0,1766912,10730124,201484,3561892,15374.854,7426.963,151.979,135.981,5.999,31.996,1685,1066,2.350,2.470,1.610,1,0,0,0,0,14,24,0,6,0
30-07 13:31:04,20.499,6.500,72.745,0,0,1713164,10783872,201484,3561892,15302.008,7295.527,0,4.000,0,1.000,1920,1410,2.350,2.470,1.610,2,0,2.000,0,0,14,24,0,5,0
30-07 13:31:05,22.730,4.246,72.436,0,0,1721180,10775856,201492,3561884,14901.901,7289.593,0,163.856,0,2.997,1863,1277,2.350,2.470,1.610,1,0,1.998,0,0,14,24,0,5,0
30-07 13:31:06,19.773,6.758,72.586,0,0,1752948,10744072,201492,3561896,44608.900,23027.307,0,0,0,0,1946,1308,2.240,2.450,1.610,1,0,2.002,0,0,14,24,0,5,0
30-07 13:31:07,18.006,8.253,72.776,0,0,1759424,10737592,201492,3561896,29943.636,14745.238,0,0,0,0,1795,1236,2.240,2.450,1.610,1,0,0,0,0,14,24,0,5,0
30-07 13:31:08,23.498,3.500,72.494,0,0,1710556,10786376,201492,3561980,29813.720,14818.867,0,91.993,0,6.999,1852,1160,2.240,2.450,1.610,1,0,3.000,0,0,14,24,0,4,0
30-07 13:31:09,20.977,5.494,72.422,0,0,1707752,10789180,201500,3561972,15018.807,7420.000,0,135.854,0,32.964,1874,1354,2.240,2.450,1.610,2,0,0,0,0,14,24,0,4,0
30-07 13:31:10,21.526,5.507,71.836,0,0,1681920,10814932,201556,3561996,45143.995,22865.348,0,524.627,0,28.034,2203,1821,2.240,2.450,1.610,1,0,1.001,0,0,14,24,0,4,0
30-07 13:31:11,20.468,6.989,71.388,0,0,1719564,10777276,201560,3562004,44012.117,290928.671,0,3.994,0,0.998,2263,1794,2.140,2.420,1.600,3,0,1.997,0,0,14,24,0,4,0
30-07 13:31:12,22.020,5.005,72.316,0,0,1754060,10742780,201560,3562004,41065.349,316227.608,0,0,0,0,2012,1224,2.140,2.420,1.600,1,0,1.001,0,0,14,24,0,4,0
30-07 13:31:13,20.005,6.502,72.770,0,0,1778220,10718620,201560,3562004,29598.972,14757.975,0,0,0,0,1911,1399,2.140,2.420,1.600,1,0,2.001,0,0,14,24,0,3,0
30-07 13:31:14,22.501,5.000,72.253,0,0,1746848,10749968,201560,3562024,14856.524,7296.257,0,2084.073,0,8.000,1886,1266,2.140,2.420,1.600,2,0,4.000,0,0,14,24,0,3,0
30-07 13:31:15,21.254,5.251,72.515,0,0,1746112,10750684,201564,3562036,30065.137,15611.187,0,136.028,0,32.007,1935,1372,2.140,2.420,1.600,1,0,0,0,0,14,24,0,3,0
30-07 13:31:16,22.214,4.493,72.133,0,0,1760168,10736608,201576,3562044,44483.855,22822.985,0,183.702,0,2.995,1853,1267,2.050,2.400,1.600,2,0,0,0,0,14,24,0,3,0
30-07 13:31:17,21.520,5.505,72.319,0,0,1739392,10757360,201576,3562068,29619.065,15468.657,0,4.004,0,1.001,1933,1334,2.050,2.400,1.600,1,0,3.003,0,0,14,24,0,3,0
30-07 13:31:18,21.018,5.755,73.062,0,0,1769024,10727724,201576,3562072,30025.649,16041.704,0,0,0,0,1820,1338,2.050,2.400,1.600,1,0,0,0,0,14,24,0,3,0
30-07 13:31:19,21.688,5.235,72.045,0,0,1779096,10717652,201576,3562072,44490.376,22699.395,0,31.909,0,1.994,1909,1253,2.050,2.400,1.600,2,0,1.994,0,0,14,24,0,3,0
30-07 13:31:20,22.562,5.014,71.947,0.251,0,1778748,10717928,201636,3562080,15350.051,7478.487,0,629.725,0,58.159,2107,1698,2.050,2.400,1.600,2,0,2.005,0,0,14,24,0,3,0
30-07 13:31:21,13.995,13.495,71.224,0,0,1679632,10816940,201644,3562176,30712.628,17221.623,0,0,0,0,2967,1968,1.960,2.380,1.600,1,0,81.970,0,0,14,24,0,3,0
30-07 13:31:22,6.254,24.265,67.292,0,0,1673792,10822704,201644,3562216,60793.605,33276.584,0,172.106,0,3.002,4322,2733,1.960,2.380,1.600,1,0,164.102,0,0,14,24,0,3,0
30-07 13:31:23,6.251,25.005,66.764,0,0,1655340,10841148,201644,3562220,60821.522,32046.598,0,344.071,0,6.001,4487,2747,1.960,2.380,1.600,3,0,167.034,0,0,14,24,0,3,0
30-07 13:31:24,12.831,31.831,52.804,0,0,1652956,10843500,201644,3563440,57176.621,574431.101,0,359.266,0,4.935,5163,5904,1.960,2.380,1.600,3,0,199.373,0,0,14,24,0,3,0
30-07 13:31:25,12.656,28.096,58.216,0,0,1647824,10848600,201660,3562240,61833.688,33818.035,0,214.641,0,6.075,4788,10594,1.960,2.380,1.600,2,0,119.470,0,0,14,24,0,3,0
30-07 13:31:26,6.004,24.266,67.294,0,0,1630496,10865916,201660,3562248,61247.834,33369.703,0,640.417,0,106.069,4313,2657,1.970,2.370,1.600,2,0,145.094,0,0,14,24,0,3,0
30-07 13:31:27,5.998,24.742,66.979,0,0,1630680,10865732,201660,3562248,60795.749,32041.854,0,87.972,0,1.000,4213,2693,1.970,2.370,1.600,1,0,150.952,0,0,14,24,0,3,0
30-07 13:31:28,6.229,24.665,67.268,0,0,1630876,10865536,201660,3562248,45395.617,24465.718,0,3.986,0,0.997,4176,2707,1.970,2.370,1.600,1,0,151.478,0,0,14,24,0,3,0
30-07 13:31:29,5.509,23.287,68.859,0.751,0,1624868,10871528,201664,3562260,60911.365,33559.092,8.013,56.089,2.003,3.005,4161,2712,1.970,2.370,1.600,2,0,140.222,0,0,14,24,0,3,0
30-07 13:31:30,10.268,18.533,69.124,0,0,1638460,10857868,201720,3562268,60625.018,33357.985,0,516.930,0,27.049,3684,2639,1.970,2.370,1.600,1,0,98.177,0,0,14,24,0,3,0
30-07 13:31:31,21.504,5.751,72.513,0,0,1681568,10814776,201720,3562252,45540.166,23232.166,0,268.048,0,60.011,1983,1378,1.890,2.350,1.600,1,0,0,0,0,14,24,0,3,0
30-07 13:31:32,20.992,5.998,72.223,0,0,1724644,10771696,201720,3562256,44071.233,23065.225,0,0,0,0,1880,1235,1.890,2.350,1.600,1,0,3.998,0,0,14,24,0,3,0
30-07 13:31:33,22.510,5.503,71.033,0,0,1749032,10747308,201720,3562256,44212.497,577173.580,0,52.024,0,2.001,2263,1481,1.890,2.350,1.600,1,0,1.000,0,0,14,24,0,3,0
30-07 13:31:34,22.242,4.748,72.974,0,0,1733948,10762376,201720,3562272,16104.227,7731.229,0,475.829,0,58.979,1855,1166,1.890,2.350,1.600,1,0,1.999,0,0,14,24,0,3,0
30-07 13:31:35,20.008,6.252,72.529,0,0,1776120,10720224,201728,3562244,15310.022,7460.935,0,88.035,0,3.001,1797,1316,1.890,2.350,1.600,1,0,2.001,0,0,14,24,0,3,0
30-07 13:31:36,21.728,4.495,72.676,0,0,1790016,10706320,201728,3562252,44909.197,23462.071,0,0,0,0,1790,1185,1.820,2.320,1.590,3,0,1.998,0,0,14,24,0,3,0
30-07 13:31:37,21.506,5.752,71.770,0,0,1797600,10698736,201728,3562252,29785.468,15920.526,0,20.006,0,1.000,1750,1163,1.820,2.320,1.590,3,0,0,0,0,14,24,0,3,0
30-07 13:31:38,21.504,5.751,72.514,0,0,1755972,10740344,201728,3562272,29537.695,14918.877,0,0,0,0,1800,1215,1.820,2.320,1.590,3,0,3.001,0,0,14,24,0,3,0
30-07 13:31:39,20.500,5.750,72.252,0,0,1762532,10733792,201728,3562264,30059.713,15866.376,0,116.003,0,3.000,1740,1247,1.820,2.320,1.590,2,0,0,0,0,14,24,0,3,0
30-07 13:31:40,20.499,6.750,72.495,0,0,1781728,10714540,201784,3562264,44789.817,22960.368,0,491.965,0,29.998,2064,1663,1.820,2.320,1.590,3,0,2.000,0,0,14,24,0,3,0
30-07 13:31:41,22.434,4.238,71.790,0,0,1794380,10701888,201784,3562264,18708.235,7633.654,0,15.953,0,1.994,1757,1180,1.750,2.300,1.590,4,0,1.994,0,0,14,24,0,1,0
30-07 13:31:42,21.071,5.519,72.997,0,0,1742288,10753968,201784,3562276,26325.180,15506.530,0,0,0,0,1778,1230,1.750,2.300,1.590,3,0,1.003,0,0,14,24,0,1,0
30-07 13:31:43,20.985,5.746,72.448,0,0,1737772,10758508,201784,3562252,30551.925,15970.461,0,0,0,0,1779,1277,1.750,2.300,1.590,1,0,0,0,0,14,24,0,1,0
30-07 13:31:44,21.518,5.755,72.812,0,0,1760056,10736220,201784,3562256,29797.452,14928.752,0,32.027,0,1.001,1826,1219,1.750,2.300,1.590,3,0,5.004,0,0,14,24,0,1,0
30-07 13:31:45,18.002,8.751,72.507,0,0,1782500,10713776,201784,3562256,29893.972,15241.515,0,0,0,0,1700,1121,1.750,2.300,1.590,2,0,0,0,0,14,24,0,1,0
30-07 13:31:46,25.474,1.249,72.925,0,0,1777272,10718992,201792,3562256,29741.589,15194.463,0,83.914,0,3.996,1618,936,1.690,2.280,1.590,1,0,0,0,0,14,24,0,1,0
30-07 13:31:47,19.524,7.008,72.588,0,0,1723704,10772532,201792,3562284,15888.243,8874.749,0,8.010,0,2.002,1861,1329,1.690,2.280,1.590,2,0,3.004,0,0,14,24,0,1,0
30-07 13:31:48,21.991,4.748,72.469,0,0,1759752,10736496,201792,3562272,44368.993,22916.183,0,0,0,0,1796,1254,1.690,2.280,1.590,2,0,0,0,0,14,24,0,1,0
30-07 13:31:49,20.976,6.742,70.919,0,0,1764116,10732132,201792,3562272,40365.797,459701.825,0,63.927,0,1.998,2170,1442,1.690,2.280,1.590,2,0,2.997,0,0,14,24,0,1,0
30-07 13:31:50,23.218,3.745,71.902,0,0,1663708,10832460,201852,3562292,18364.914,148696.887,0,479.345,0,27.962,2048,1591,1.690,2.280,1.590,1,0,2.996,0,0,14,24,0,1,0
30-07 13:31:51,19.889,6.546,73.012,0,0,1710420,10785776,201852,3562264,15666.829,7546.906,0,0,0,0,1819,1332,1.640,2.260,1.580,4,0,0,0,0,14,24,0,1,0
30-07 13:31:52,22.894,4.728,72.167,0,0,1741060,10755136,201852,3562264,44934.408,23053.496,0,222.970,0,48.775,1925,1199,1.640,2.260,1.580,3,0,0,0,0,14,24,0,1,0
30-07 13:31:53,20.062,6.520,72.975,0,0,1764824,10731372,201852,3562264,29666.312,15094.460,0,4.012,0,1.003,1880,1278,1.640,2.260,1.580,1,0,4.012,0,0,14,24,0,1,0
30-07 13:31:54,24.409,1.993,72.481,0,0,1764156,10732040,201852,3562264,29607.948,14926.519,0,27.896,0,0.996,1795,1151,1.640,2.260,1.580,1,0,0.996,0,0,14,24,0,1,0
30-07 13:31:55,20.115,6.286,73.169,0,0,1686740,10809428,201852,3562292,15375.122,7663.926,0,164.945,0,24.138,1845,1344,1.640,2.260,1.580,1,0,1.006,0,0,14,24,0,1,0
30-07 13:31:56,20.902,5.226,72.412,0,0,1707304,10788932,201860,3562216,44916.245,23281.279,0,87.591,0,1.991,1988,1465,1.580,2.240,1.580,1,0,1.991,0,0,14,24,0,1,0
30-07 13:31:57,21.460,5.240,72.616,0,0,1748480,10747756,201860,3562216,29602.501,15844.829,0,0,0,0,1818,1178,1.580,2.240,1.580,1,0,1.996,0,0,14,24,0,1,0
30-07 13:31:58,19.038,7.766,72.897,0,0,1757660,10738576,201860,3562216,29531.701,15108.543,0,148.300,0,34.069,1729,1095,1.580,2.240,1.580,1,0,0,0,0,14,24,0,1,0
30-07 13:31:59,24.479,1.749,72.688,0,0,1756136,10740016,201860,3562300,15476.735,7451.613,0,87.925,0,1.998,1600,947,1.580,2.240,1.580,2,0,1.998,0,0,14,24,0,1,0
30-07 13:32:00,20.250,6.500,72.749,0,0,1715400,10780752,201860,3562300,14981.784,7457.892,0,51.999,0,13.000,1770,1209,1.580,2.240,1.580,1,0,1.000,0,0,14,24,0,1,0
30-07 13:32:01,21.981,4.496,72.688,0,0,1718188,10777964,201872,3562288,30159.185,16094.224,0,99.914,0,2.997,1816,1280,1.540,2.220,1.580,1,0,0.999,0,0,14,24,0,1,0
30-07 13:32:02,20.020,8.258,71.323,0,0,1712124,10784036,201872,3562280,44661.669,23886.425,0,0,0,0,1988,1507,1.540,2.220,1.580,1,0,0,0,0,14,24,0,1,0
30-07 13:32:03,22.256,4.501,72.519,0,0,1741440,10754684,201872,3562316,29658.756,15213.978,0,140.037,0,33.009,1808,1196,1.540,2.220,1.580,1,0,2.001,0,0,14,24,0,1,0
30-07 13:32:04,20.395,6.547,72.768,0,0,1766976,10729148,201872,3562316,34294.151,17091.681,0,4.029,0,1.007,1894,1295,1.540,2.220,1.580,1,0,3.022,0,0,14,24,0,1,0
30-07 13:32:05,23.599,4.223,71.543,0,0,1725948,10770156,201872,3562336,27906.817,256613.544,0,23.848,0,1.987,1891,1342,1.540,2.220,1.580,3,0,0.994,0,0,14,24,0,1,0
30-07 13:32:06,21.218,5.492,72.142,0,0,1761036,10735084,201880,3562312,28514.362,336760.437,0,67.898,0,1.997,1998,1324,1.490,2.200,1.570,1,0,2.996,0,0,14,24,0,1,0
30-07 13:32:07,23.271,3.503,72.817,0,0,1772456,10723664,201880,3562312,44548.044,22933.129,0,24.022,0,1.001,1782,1212,1.490,2.200,1.570,1,0,0,0,0,14,24,0,1,0
30-07 13:32:08,20.008,6.503,72.780,0,0,1778212,10717884,201880,3562336,29888.437,14664.102,0,0,0,0,1853,1366,1.490,2.200,1.570,1,0,1.000,0,0,14,24,0,1,0
30-07 13:32:09,21.987,5.247,72.457,0,0,1802284,10693820,201880,3562328,30365.132,15896.646,0,143.915,0,32.981,1996,1444,1.490,2.200,1.570,1,0,1.999,0,0,14,24,0,1,0
30-07 13:32:10,20.505,5.751,72.017,0,0,1803544,10692560,201880,3562328,44278.247,22319.165,0,0,0,0,1902,1286,1.490,2.200,1.570,3,0,2.000,0,0,14,24,0,1,0
30-07 13:32:11,23.738,3.248,72.964,0,0,1800724,10695380,201880,3562328,15207.480,7358.361,0,19.990,0,2.999,1722,1138,1.450,2.180,1.570,2,0,0,0,0,14,24,0,1,0
30-07 13:32:12,7.983,23.450,67.357,0,0,1746520,10749532,201888,3562372,30339.525,16213.544,0,143.695,0,4.989,4038,2462,1.450,2.180,1.570,2,0,146.688,0,0,14,24,0,1,0
30-07 13:32:13,5.253,26.016,66.791,0,0,1731512,10764532,201888,3562376,61074.217,31801.379,0,96.059,0,4.002,4422,2679,1.450,2.180,1.570,1,0,159.097,0,0,14,24,0,1,0
30-07 13:32:14,5.762,25.050,66.885,0,0,1713592,10782452,201888,3562376,45748.211,24353.086,0,204.412,0,34.069,4373,2720,1.450,2.180,1.570,1,0,153.309,0,0,14,24,0,1,0
30-07 13:32:15,18.989,8.245,71.709,0,0,1709140,10786904,201888,3562376,60594.520,32047.764,0,3.998,0,0.999,2157,1690,1.450,2.180,1.570,2,0,9.994,0,0,14,24,0,1,0
30-07 13:32:16,20.997,5.749,72.739,0,0,1742812,10753220,201888,3562388,44543.148,22694.509,0,11.998,0,1.000,1894,1373,1.420,2.160,1.570,2,0,0,0,0,14,24,0,1,0
30-07 13:32:17,23.743,3.499,71.729,0,0,1727400,10768616,201896,3562396,36243.280,459268.156,0,111.967,0,2.999,1907,1281,1.420,2.160,1.570,1,0,0,0,0,14,24,0,1,0
30-07 13:32:18,21.010,6.503,72.286,0,0,1695892,10799844,201896,3562668,18303.106,134843.086,0,0,0,0,1981,1257,1.420,2.160,1.570,1,0,12.006,0,0,14,24,0,1,0
30-07 13:32:19,20.509,6.503,72.280,0,0,1694112,10801624,201896,3562668,45690.043,25836.769,0,0,0,0,1927,1470,1.420,2.160,1.570,1,0,0,0,0,14,24,0,1,0
30-07 13:32:20,21.992,4.748,72.725,0,0,1714460,10781276,201896,3562668,44666.408,22888.010,0,135.953,0,30.989,1817,1170,1.420,2.160,1.570,1,0,0,0,0,14,24,0,1,0
30-07 13:32:21,20.424,7.472,71.235,0,0,1703140,10792592,201896,3562672,15324.084,7591.803,0,3.985,0,0.996,2242,1405,1.380,2.140,1.560,2,0,32.878,0,0,14,24,0,1,0
30-07 13:32:22,7.775,29.594,61.195,0,0,1686168,10809436,201904,3562792,62012.001,65332.603,40.128,112.359,2.006,2.006,4611,2886,1.380,2.140,1.560,2,0,183.586,0,0,14,24,0,1,0
30-07 13:32:23,6.002,24.756,67.517,0,0,1678928,10816672,201904,3562796,64821.506,35861.132,0,88.022,0,4.001,4211,2601,1.380,2.140,1.560,1,0,144.037,0,0,14,24,0,1,0
30-07 13:32:24,7.495,26.732,63.956,0,0,1664924,10830672,201904,3562800,45520.591,24940.791,0,55.961,0,1.999,4261,2642,1.380,2.140,1.560,1,0,145.899,0,0,14,24,0,1,0
30-07 13:32:25,19.228,33.961,44.698,0,0,1651256,10844320,201904,3562804,64302.794,32866.072,0,187.783,0,31.963,5302,9835,1.380,2.140,1.560,1,0,174.798,0,0,14,24,0,2,0
30-07 13:32:26,6.256,24.275,67.069,0,0,1646124,10849452,201904,3562804,60808.239,32497.262,0,0,0,0,4224,2634,1.350,2.120,1.560,1,0,149.153,0,0,14,24,0,1,0
30-07 13:32:27,6.759,25.785,65.588,0,0,1632716,10862848,201912,3562808,55489.286,459366.976,0,292.391,0,6.008,4481,2736,1.350,2.120,1.560,1,0,152.204,0,0,14,24,0,1,0
30-07 13:32:28,6.496,25.985,66.712,0,0,1627216,10868344,201912,3562812,65443.131,141082.518,0,0,0,0,4407,2686,1.350,2.120,1.560,3,0,156.912,0,0,14,24,0,1,0
30-07 13:32:29,6.244,25.476,66.188,0,0,1627744,10867816,201912,3562812,60632.259,29904.015,0,7.993,0,1.998,4347,2627,1.350,2.120,1.560,2,0,151.858,0,0,14,24,0,1,0
30-07 13:32:30,6.008,25.034,66.842,0,0,1626520,10869028,201912,3562820,46027.335,25911.655,0,144.198,0,3.004,4151,2610,1.350,2.120,1.560,1,0,147.203,0,0,14,24,0,1,0
30-07 13:32:31,6.252,24.759,67.024,0,0,1623716,10871824,201912,3562828,61975.027,32399.515,0,488.174,0,36.013,4357,2686,1.320,2.100,1.560,1,0,146.052,0,0,14,24,0,1,0
30-07 13:32:32,5.999,25.244,66.235,0,0,1620496,10875032,201924,3562828,61327.892,32020.634,0,459.894,0,5.999,4424,2767,1.320,2.100,1.560,1,0,156.964,0,0,14,24,0,1,0
30-07 13:32:33,6.250,26.252,66.004,0,0,1621944,10873580,201924,3562828,46049.988,24003.557,0,396.026,0,6.000,4394,2774,1.320,2.100,1.560,1,0,165.011,0,0,14,24,0,1,0
30-07 13:32:34,5.736,26.186,66.337,0,0,1624496,10871028,201924,3562828,55850.728,28080.982,0,351.137,0,3.990,4513,2740,1.320,2.100,1.560,3,0,154.620,0,0,14,24,0,1,0
30-07 13:32:35,6.516,25.813,66.162,0,0,1620580,10874936,201924,3562832,51917.962,28267.126,0,360.883,0,5.012,4381,2697,1.320,2.100,1.560,1,0,154.378,0,0,14,24,0,1,0
30-07 13:32:36,7.498,26.243,63.983,0,0,1615384,10880048,202004,3562836,73158.174,595006.756,0,1799.512,0,120.967,4947,3189,1.300,2.080,1.550,2,0,156.957,0,0,14,24,0,1,0
30-07 13:32:37,6.242,25.217,66.912,0,0,1612484,10882940,202004,3562840,46813.405,24725.467,0,351.537,0,3.995,4309,2649,1.300,2.080,1.550,2,0,154.796,0,0,14,24,0,1,0
30-07 13:32:38,6.006,24.774,66.564,0,0,1616484,10878940,202004,3562840,60698.380,31550.345,0,440.424,0,5.005,4306,2665,1.300,2.080,1.550,2,0,154.148,0,0,14,24,0,1,0
30-07 13:32:39,5.504,23.265,69.295,0,0,1622268,10873152,202004,3562844,60918.371,33623.731,0,32.021,0,2.001,4134,2641,1.300,2.080,1.550,1,0,138.089,0,0,14,24,0,1,0
30-07 13:32:40,6.252,24.006,68.518,0,0,1624308,10871104,202004,3562852,60836.124,33612.909,0,56.015,0,2.001,4087,2641,1.300,2.080,1.550,1,0,144.038,0,0,14,24,0,1,0
30-07 13:32:41,4.968,24.592,67.316,0,0,1629164,10866240,202012,3562852,45863.599,24480.326,0,139.104,0,4.968,4286,2685,1.270,2.060,1.550,1,0,147.053,0,0,14,24,0,1,0
30-07 13:32:42,6.789,23.636,68.142,0,0,1626108,10869288,202012,3562860,61455.965,33517.046,0,225.298,0,36.209,4219,2620,1.270,2.060,1.550,1,0,143.828,0,0,14,24,0,1,0
30-07 13:32:43,5.742,24.715,67.655,0,0,1617224,10878172,202012,3562860,60962.988,34075.923,0,55.921,0,1.997,4184,2607,1.270,2.060,1.550,1,0,145.794,0,0,14,24,0,1,0
30-07 13:32:44,7.746,23.988,66.218,0,0,1618568,10876820,202012,3562864,73462.404,594216.075,0,203.901,0,2.999,4592,2826,1.270,2.060,1.550,2,0,138.933,0,0,14,24,0,1,0
30-07 13:32:45,6.000,25.749,66.496,0,0,1617576,10877800,202012,3562876,46156.423,24426.636,0,19.999,0,5.000,4311,2668,1.270,2.060,1.550,1,0,151.992,0,0,14,24,0,1,0
30-07 13:32:46,6.014,25.560,66.906,0,0,1619232,10876136,202020,3562876,61305.299,31838.421,0,140.328,0,8.019,4298,2684,1.330,2.060,1.550,1,0,155.363,0,0,14,24,0,1,0
30-07 13:32:47,5.982,25.425,66.054,0,0,1619260,10876104,202020,3562880,61159.782,31367.059,0,346.972,0,78.767,4433,2692,1.330,2.060,1.550,1,0,158.530,0,0,14,24,0,1,0
30-07 13:32:48,6.004,25.269,66.549,0,0,1620944,10874412,202020,3562888,60914.845,32768.124,0,12.009,0,3.002,4289,2698,1.330,2.060,1.550,1,0,157.116,0,0,14,24,0,1,0
30-07 13:32:49,8.497,20.743,68.978,0,0,1622952,10872400,202020,3562896,60979.675,33049.526,0,3.999,0,1.000,3842,2523,1.330,2.060,1.550,1,0,109.965,0,0,14,24,0,1,0
30-07 13:32:50,15.795,33.345,49.391,0,0,1606744,10885480,202024,3565944,45582.320,23226.404,0,0,0,0,7605,10321,1.330,2.060,1.550,3,0,165.473,0,0,14,24,0,1,0
30-07 13:32:51,15.249,36.747,45.747,0,0,1608984,10883224,202072,3565912,64732.334,32273.674,0,651.953,0,21.998,5342,3320,1.390,2.060,1.550,2,0,211.985,0,0,14,24,0,3,0
30-07 13:32:52,26.359,30.089,42.025,0,0,1646156,10845952,202112,3565964,65581.660,563648.963,0,421.747,0,19.894,5187,3192,1.390,2.060,1.550,4,0,148.208,0,0,14,24,0,3,0
30-07 13:32:53,45.707,36.616,17.424,0.505,0,1719752,10772348,202112,3565972,46384.572,26135.198,0,8642.373,0,979.792,6555,2708,1.390,2.060,1.550,6,0,193.938,0,0,14,24,0,3,0
30-07 13:32:54,37.441,57.909,3.494,0.499,0,1731400,10759756,202220,3566736,61201.587,33023.976,487.232,998.427,8.986,36.942,5619,4356,1.390,2.060,1.550,7,0,424.332,0,0,14,24,0,6,0
30-07 13:32:55,72.721,25.076,1.003,0.251,0,1862224,10622296,203468,3571564,45649.680,23601.700,649.975,698.121,127.387,25.076,5649,4003,1.390,2.060,1.550,5,0,123.375,0,0,14,24,0,7,0
30-07 13:32:56,78.871,16.919,2.488,0.995,0,1929132,10549536,205272,3574972,44229.482,22529.747,99.522,7714.931,2.986,603.102,7399,7178,1.600,2.090,1.570,6,0,32.842,0,0,14,28,0,8,0
30-07 13:32:57,56.149,24.845,12.671,3.727,0,1946308,10518064,211568,3582292,15005.123,7558.710,425.339,46012.132,8.944,3010.167,15533,21761,1.600,2.090,1.570,7,0,79.503,0,0,14,30,0,8,0
30-07 13:32:58,58.190,23.577,12.792,2.007,0,1945360,10506976,218104,3587384,29752.918,14802.217,0,56299.391,0,3555.582,17549,24466,1.600,2.090,1.570,11,0,65.212,0,0,14,28,0,8,0
30-07 13:32:59,51.569,29.148,11.460,4.235,0,1969668,10471704,223484,3592636,15106.090,7270.535,0,36093.581,0,2569.998,14258,19566,1.600,2.090,1.570,3,1,105.630,0,0,14,28,0,8,0
30-07 13:33:00,62.476,19.913,9.707,4.729,0,2015208,10416516,228808,3596648,15478.072,7395.543,0,36057.755,0,2538.858,12785,19895,1.600,2.090,1.570,5,1,68.699,0,0,14,28,0,8,0
30-07 13:33:01,62.651,19.901,9.582,3.931,0,2040668,10383756,232952,3599572,592.601,0,0,37423.267,0,2414.626,13290,18766,2.030,2.170,1.600,5,1,44.224,0,0,14,32,0,9,0
30-07 13:33:02,49.818,25.292,18.139,4.854,0,2026924,10391020,237180,3601632,15369.431,7607.051,0,42216.885,0,2601.767,13803,20564,2.030,2.170,1.600,5,1,68.468,0,0,14,36,0,10,0
30-07 13:33:03,43.885,23.189,23.189,4.738,0,1992316,10418700,241704,3603832,30347.186,15327.688,0,35195.435,0,2436.592,13014,18631,2.030,2.170,1.600,4,0,113.701,0,0,14,36,0,10,0
30-07 13:33:04,57.516,18.586,16.577,4.772,0,1902272,10503204,245792,3605104,30057.153,14888.930,0,28122.195,0,2119.814,11710,15960,2.030,2.170,1.600,3,0,32.149,0,0,14,34,0,10,0
30-07 13:33:05,41.686,30.203,21.467,3.744,0,1896640,10503424,249056,3607124,29653.314,14635.451,0,23008.551,0,1804.220,11833,15837,2.030,2.170,1.600,5,0,132.795,0,0,14,35,0,10,0
30-07 13:33:06,41.770,28.014,21.260,5.753,0,1888640,10505888,252576,3609020,14987.345,7527.689,1000.490,32179.770,11.005,2284.119,12990,17619,2.270,2.220,1.620,3,1,106.052,0,0,14,37,0,10,0
30-07 13:33:07,42.200,23.198,22.704,7.157,0,1881896,10506352,255840,3612292,29510.484,15030.160,2467.844,21772.311,32.576,1746.247,13021,19131,2.270,2.220,1.620,7,0,60.215,0,0,14,37,0,10,0
30-07 13:33:08,47.671,34.051,12.359,3.027,0,1881708,10502736,258768,3613056,613.418,0,0,30065.549,0,1892.717,13298,19388,2.270,2.220,1.620,7,0,110.980,0,0,14,37,0,11,0
30-07 13:33:09,52.316,29.931,13.079,2.767,0,1785564,10596412,260440,3613288,28350.447,577150.274,16.097,16077.226,1.006,1365.256,10959,15156,2.270,2.220,1.620,4,0,88.535,0,0,14,36,0,11,0
30-07 13:33:10,45.468,30.063,18.883,3.230,0,1807912,10571536,262196,3613984,14887.561,7477.571,1196.570,20343.684,25.840,1618.948,10647,15065,2.270,2.220,1.620,3,0,91.432,0,0,14,36,0,11,0
30-07 13:33:11,44.615,31.256,19.661,3.277,0,1853292,10522904,264212,3615132,15883.024,8072.081,802.570,24581.230,13.107,1933.831,12135,17011,2.890,2.350,1.660,5,0,123.007,0,0,14,37,0,11,0
30-07 13:33:12,37.912,13.967,35.916,5.487,0,1846480,10526296,266008,3616672,44550.127,22092.489,0,30429.052,0,2409.382,13237,19405,2.890,2.350,1.660,4,0,28.933,0,0,14,37,0,11,0
30-07 13:33:13,37.970,14.239,36.221,5.496,0,1842116,10526592,268288,3618352,29941.087,14742.226,0,35971.271,0,2842.730,14845,19852,2.890,2.350,1.660,1,0,29.976,0,0,14,37,0,12,0
30-07 13:33:14,40.387,11.790,39.384,4.515,0,1838192,10526088,270952,3620008,15314.090,7483.454,0,20614.117,0,1623.522,11108,16051,2.890,2.350,1.660,1,0,18.061,0,0,14,37,0,12,0
30-07 13:33:15,30.969,21.802,35.181,6.442,0,1756500,10601940,275472,3621208,14963.154,7230.358,0,33967.619,0,2571.653,13756,19895,2.890,2.350,1.660,7,0,93.154,0,0,14,36,0,12,0
30-07 13:33:16,35.558,19.031,33.805,6.761,0,1795952,10555320,280296,3623344,15408.924,7536.190,0,34475.766,0,2649.285,14301,20094,2.900,2.360,1.670,2,0,67.109,0,0,14,36,0,12,0
30-07 13:33:17,38.311,15.024,35.807,5.258,0,1833592,10511248,284944,3624964,15525.682,7455.853,0,33813.755,0,2447.891,13531,20292,2.900,2.360,1.670,3,0,45.072,0,0,14,36,0,12,0
30-07 13:33:18,39.993,14.997,34.494,6.249,0,1833292,10505452,289700,3626156,15683.311,7294.749,0,33754.212,0,2569.559,13383,19925,2.900,2.360,1.670,5,0,28.995,0,0,14,37,0,12,0
30-07 13:33:19,39.743,13.747,35.244,4.749,0,1830000,10503968,293316,3627196,944.827,0,0,24323.540,0,1930.646,12189,18114,2.900,2.360,1.670,6,0,17.997,0,0,14,37,0,13,0
30-07 13:33:20,41.691,13.813,36.919,4.270,0,1826424,10502484,296768,3628648,15290.086,7721.393,0,27711.020,0,1929.846,10661,16306,2.900,2.360,1.670,2,0,12.055,0,0,14,36,0,13,0
30-07 13:33:21,34.797,17.524,37.551,5.507,0,1774844,10548868,300768,3629692,15702.148,7696.366,0,22582.414,0,1879.531,10934,15375,2.900,2.370,1.680,4,0,56.076,0,0,14,34,0,14,0
30-07 13:33:22,42.960,9.991,46.207,0.250,0,1694360,10629004,301092,3629708,723.324,147.862,0,4287.990,0,214.799,3489,2621,2.900,2.370,1.680,3,0,12.988,0,0,14,32,0,14,0
30-07 13:33:23,25.476,28.474,43.959,0,0,1710992,10612172,301260,3629740,1127.955,0,0,2597.593,0,127.881,5050,3362,2.900,2.370,1.680,4,0,150.860,0,0,14,32,0,14,0
30-07 13:33:24,25.923,15.352,57.634,0,0,1711804,10611192,301260,3629888,46381.232,38212.772,0,0,0,0,5028,4766,2.900,2.370,1.680,1,0,56.376,0,0,14,33,0,14,0
30-07 13:33:25,24.515,5.448,66.363,0,0,1719580,10603380,301284,3629912,44147.196,22452.461,0,2226.625,0,16.838,4730,5171,2.900,2.370,1.680,3,0,12.876,0,0,14,33,0,15,0
30-07 13:33:26,31.415,13.823,53.783,0,0,1666340,10656596,301284,3629920,16020.190,7334.545,0,0,0,0,4259,13945,2.830,2.370,1.680,2,0,47.248,0,0,14,32,0,16,0
30-07 13:33:27,16.748,11.748,70.240,0,0,1684884,10638052,301292,3629912,30232.559,14737.835,0,3875.431,0,23.996,2494,1734,2.830,2.370,1.680,1,0,33.995,0,0,14,32,0,16,0
30-07 13:33:28,21.747,5.749,71.240,0.250,0,1728196,10594388,301628,3629920,16125.795,7295.003,0,4395.399,0,221.970,2082,1840,2.830,2.370,1.680,1,0,0,0,0,14,32,0,15,0
30-07 13:33:29,21.999,5.500,71.997,0,0,1724832,10597744,301628,3629928,15278.437,7685.717,0,12.000,0,2.000,2717,2716,2.830,2.370,1.680,1,0,0,0,0,14,33,0,15,0
30-07 13:33:30,20.004,8.252,70.266,0,0,1703908,10618580,301692,3629952,886.198,0,0,208.046,0,27.006,3194,2815,2.830,2.370,1.680,1,0,36.008,0,0,14,32,0,15,0
30-07 13:33:31,19.241,8.496,71.716,0,0,1703928,10618240,302004,3629952,15553.533,7616.343,0,4389.892,0,226.891,2159,2076,2.680,2.340,1.670,1,0,0,0,0,14,32,0,15,0
30-07 13:33:32,21.729,4.995,72.181,0,0,1704392,10617776,302056,3629900,15596.011,7760.541,0,1498.560,0,36.964,1851,1301,2.680,2.340,1.670,1,0,0,0,0,14,33,0,15,0
30-07 13:33:33,22.262,5.003,70.539,0,0,1704368,10617524,302260,3629960,786.438,0,0,3041.695,0,153.085,3120,3103,2.680,2.340,1.670,1,0,3.002,0,0,14,32,0,15,0
30-07 13:33:34,14.759,12.758,71.546,0,0,1655880,10665984,302284,3629964,15109.616,7462.749,0,312.199,0,15.010,2619,1831,2.680,2.340,1.670,1,0,60.038,0,0,14,32,0,15,0
30-07 13:33:35,21.250,5.000,72.499,0.250,0,1673920,10647920,302308,3629964,869.985,0,0,131.998,0,12.000,1786,1198,2.680,2.340,1.670,1,0,1.000,0,0,14,32,0,15,0
30-07 13:33:36,21.746,5.999,71.236,0,0,1695300,10626540,302308,3629964,15276.899,7618.453,0,0,0,0,2213,1713,2.550,2.320,1.670,1,0,2.000,0,0,14,32,0,15,0
30-07 13:33:37,23.744,3.999,71.232,0,0,1695280,10626540,302308,3629988,846.785,147.963,0,631.840,0,76.980,3531,3632,2.550,2.320,1.670,1,0,0,0,0,14,32,0,15,0
30-07 13:33:38,15.757,12.255,71.280,0,0,1658560,10663264,302308,3629988,826.353,0,0,0,0,0,2360,1580,2.550,2.320,1.670,2,0,43.018,0,0,14,32,0,15,0
30-07 13:33:39,22.984,6.246,69.951,0,0,1674408,10647416,302308,3629988,27664.535,587396.706,0,2542.211,0,440.690,3193,1691,2.550,2.320,1.670,3,0,1.999,0,0,14,32,0,15,0
30-07 13:33:40,21.194,5.236,72.308,0,0,1696532,10625280,302308,3629996,823.812,0,0,0,0,0,2068,1607,2.550,2.320,1.670,1,0,0,0,0,14,32,0,15,0
30-07 13:33:41,24.579,3.511,70.979,0,0,1696520,10625280,302340,3629980,604.949,0,0,172.556,0,17.055,3716,4051,2.510,2.310,1.670,2,0,0,0,0,14,32,0,15,0
30-07 13:33:42,8.005,22.765,68.296,0,0,1661348,10660240,302380,3630156,31114.991,25154.970,0,328.221,0,20.014,4061,2478,2.510,2.310,1.670,3,0,139.094,0,0,14,32,0,15,0
30-07 13:33:43,5.999,25.997,65.993,0,0,1653048,10668444,302412,3630216,46630.323,49727.012,0,139.986,0,11.999,4644,2866,2.510,2.310,1.670,3,0,166.983,0,0,14,32,0,15,0
30-07 13:33:44,5.482,25.418,66.285,0,0,1648724,10672696,302432,3630264,61526.818,56873.881,0,326.942,0,14.952,4458,2682,2.510,2.310,1.670,1,0,156.493,0,0,14,32,0,15,0
30-07 13:33:45,6.012,24.799,66.883,0,0,1645712,10675700,302440,3630264,61402.938,32225.997,0,64.127,0,4.008,4334,2785,2.510,2.310,1.670,1,0,153.304,0,0,14,32,0,15,0
30-07 13:33:46,19.172,37.845,41.580,0,0,1641736,10679612,302492,3630276,60659.803,31841.716,0,390.403,0,28.882,5483,3386,2.460,2.310,1.670,4,0,224.083,0,0,14,32,0,17,0
30-07 13:33:47,56.175,20.243,23.280,0,0,1716784,10604320,302584,3630420,46671.630,24781.683,0,659.927,0,44.535,4613,2679,2.460,2.310,1.670,4,0,41.498,0,0,14,32,0,21,0
30-07 13:33:48,62.166,13.731,23.219,0.250,0,1824604,10495484,302616,3631368,60429.316,31221.797,0,403.455,0,6.991,3975,1744,2.460,2.310,1.670,3,0,3.995,0,0,14,32,0,21,0
30-07 13:33:49,63.225,12.495,23.741,0.250,0,1927660,10389948,302716,3633360,30105.089,14910.101,11.995,491.805,1.999,8.996,3697,1614,2.460,2.310,1.670,3,0,0,0,0,14,32,0,21,0
30-07 13:33:50,65.105,10.227,23.448,0.748,0,2038200,10276336,302796,3636140,29835.420,15499.412,794.228,1368.945,8.980,22.949,3766,1575,2.460,2.310,1.670,4,0,3.991,0,0,14,32,0,21,0
30-07 13:33:51,53.675,15.127,24.398,1.952,0,2068296,10236588,306104,3642016,30340.054,75213.353,0,22551.319,0,1603.419,11149,13884,2.510,2.320,1.680,8,1,71.241,0,0,14,38,0,21,0
30-07 13:33:52,40.711,21.746,29.838,3.034,0,2065304,10226576,312380,3648348,49377.103,506351.475,0,50847.755,0,3490.524,17660,24501,2.510,2.320,1.680,6,0,122.386,0,0,14,38,0,19,0
30-07 13:33:53,35.972,17.986,33.973,5.745,0,2065676,10213472,318232,3654872,33756.367,18201.639,0,43421.741,0,3012.623,15696,22864,2.510,2.320,1.680,8,0,113.910,0,0,14,38,0,19,0
30-07 13:33:54,36.572,17.908,33.041,7.819,0,2065408,10203392,324000,3659144,15294.816,7590.910,0,51477.751,0,3362.640,16439,24516,2.510,2.320,1.680,4,0,126.112,0,0,14,38,0,19,0
30-07 13:33:55,31.981,17.989,34.980,7.995,0,2065156,10193060,330136,3663276,45438.467,24003.983,0,52517.333,0,3402.013,16481,24298,2.510,2.320,1.680,3,0,69.959,0,0,14,38,0,19,0
30-07 13:33:56,52.904,16.221,19.964,5.989,0,1971312,10276332,335404,3668252,44421.248,21914.163,0,40063.171,0,2788.930,14854,20973,2.790,2.380,1.700,6,0,96.824,0,0,14,36,0,14,0
30-07 13:33:57,40.258,23.755,25.505,5.751,0,1991544,10245728,340192,3673552,45459.885,23950.681,0,22940.484,0,2048.400,13404,18126,2.790,2.380,1.700,3,2,157.031,0,0,14,36,0,14,0
30-07 13:33:58,46.418,20.464,21.462,6.488,0,2026596,10199864,346244,3677976,45067.983,23490.293,0,61946.016,0,3687.453,17095,24592,2.790,2.380,1.700,3,0,69.876,0,0,14,36,0,14,0
30-07 13:33:59,51.990,16.074,24.614,4.521,0,2067780,10150980,349852,3681812,44884.264,22055.848,0,38099.936,0,2291.582,12667,16632,2.790,2.380,1.700,3,1,3.014,0,0,14,36,0,14,0
30-07 13:34:00,42.174,19.598,24.808,6.946,0,2094888,10111164,355136,3688800,15204.414,7400.765,3.969,56129.910,0.992,3162.542,15375,21621,2.790,2.380,1.700,3,1,3.969,0,0,14,36,0,14,0
30-07 13:34:01,48.612,14.861,25.943,6.297,0,2089132,10105396,360464,3694652,60392.324,30408.240,0,43834.130,0,2939.873,15335,21048,2.800,2.390,1.710,3,0,21.157,0,0,14,38,0,14,0
30-07 13:34:02,25.910,27.654,34.380,6.727,0,2068560,10118788,366056,3696008,45581.469,23143.508,0,38924.621,0,2794.282,14638,21373,2.800,2.390,1.710,3,0,119.584,0,0,14,36,0,14,0
30-07 13:34:03,35.483,16.492,34.233,6.247,0,2059012,10122888,369248,3698096,56153.583,462282.287,0,49511.826,0,3351.364,17489,25657,2.800,2.390,1.710,1,0,50.975,0,0,14,36,0,14,0
30-07 13:34:04,42.757,7.294,44.015,3.773,0,2049416,10129468,371248,3699020,34100.050,155629.831,0,20829.250,0,1422.554,8129,10402,2.800,2.390,1.710,2,0,30.181,0,0,14,36,0,14,0
30-07 13:34:05,19.744,23.742,53.732,0.750,0,1759936,10418404,371764,3699032,45911.947,30262.078,0,8037.365,0,527.827,5432,4147,2.800,2.390,1.710,2,0,146.952,0,0,14,32,0,12,0
30-07 13:34:06,10.512,18.771,68.826,0,0,1743956,10434292,371844,3699044,45798.419,30643.735,0,1113.226,0,53.058,3584,2367,2.660,2.370,1.710,1,0,105.116,0,0,14,32,0,12,0
30-07 13:34:07,20.982,6.494,70.939,0.250,0,1770176,10407832,372072,3699048,60407.226,30883.530,0,3672.852,0,189.837,2437,1954,2.660,2.370,1.710,2,0,0.999,0,0,14,32,0,12,0
30-07 13:34:08,21.220,5.991,72.897,0,0,1782588,10395420,372072,3699048,30741.377,15056.634,0,35.949,0,0.999,1839,1275,2.660,2.370,1.710,2,0,0,0,0,14,32,0,12,0
30-07 13:34:09,22.034,4.257,72.613,0,0,1808888,10369120,372072,3699048,30220.209,15167.695,0,4.006,0,1.002,1855,1282,2.660,2.370,1.710,2,0,2.003,0,0,14,32,0,11,0
30-07 13:34:10,24.243,3.749,71.478,0,0,1825888,10352104,372088,3699048,30538.656,16758.872,0,135.958,0,8.997,2368,2081,2.660,2.370,1.710,1,0,1.999,0,0,14,38,0,11,0
30-07 13:34:11,25.258,1.500,72.524,0,0,1822824,10355144,372104,3699056,45599.033,24023.920,0,84.028,0,7.002,1867,1254,2.530,2.350,1.700,1,0,0,0,0,14,34,0,11,0
30-07 13:34:12,16.998,10.249,72.241,0,0,1706080,10471876,372112,3699060,44892.313,23952.966,0,51.993,0,3.000,2363,1536,2.530,2.350,1.700,1,0,28.996,0,0,14,32,0,11,0
30-07 13:34:13,21.005,6.001,71.766,0.250,0,1735188,10442712,372160,3699068,44809.091,23927.389,0,1736.391,0,143.032,2244,1718,2.530,2.350,1.700,1,0,1.000,0,0,14,32,0,11,0
30-07 13:34:14,21.505,4.751,72.516,0,0,1766884,10411012,372164,3699068,29602.608,14985.345,0,44.010,0,3.001,1799,1241,2.530,2.350,1.700,2,0,0,0,0,14,32,0,11,0
30-07 13:34:15,22.991,5.498,71.722,0,0,1799776,10378120,372164,3699068,41404.789,560706.467,0,3.998,0,1.000,2193,1472,2.530,2.350,1.700,2,0,5.998,0,0,14,32,0,11,0
30-07 13:34:16,25.251,1.750,71.502,0,0,1796896,10380920,372232,3699076,30716.743,16350.395,0,776.019,0,79.002,2083,1584,2.400,2.320,1.700,2,0,0,0,0,14,34,0,11,0
30-07 13:34:17,8.941,30.797,57.371,0,0,1678644,10499128,372264,3699084,60405.068,32823.226,0,210.609,0,15.895,4650,2940,2.400,2.320,1.700,3,0,183.786,0,0,14,32,0,10,0
30-07 13:34:18,10.296,45.956,42.189,0,0,1674100,10503652,372276,3699092,45947.935,25295.372,0,606.719,0,19.086,5610,3427,2.400,2.320,1.700,3,0,295.324,0,0,14,32,0,10,0
30-07 13:34:19,10.775,44.603,42.097,0,0,1668024,10509716,372276,3699104,61409.399,34288.952,0,28.065,0,5.012,5627,3441,2.400,2.320,1.700,3,0,290.669,0,0,14,32,0,10,0
30-07 13:34:20,10.230,47.656,39.921,0,0,1655840,10521888,372276,3699116,61684.908,37589.600,0,7.984,0,1.996,5608,3383,2.400,2.320,1.700,2,0,286.433,0,0,14,32,0,10,0
30-07 13:34:21,9.515,48.324,40.061,0,0,1657836,10519872,372276,3699136,50073.666,28525.675,0,304.466,0,71.109,5743,3535,2.370,2.320,1.700,6,0,318.488,0,0,14,32,0,9,0
30-07 13:34:22,10.005,48.272,38.768,0,0,1645532,10532172,372276,3699140,57430.383,32510.935,0,28.013,0,7.003,5715,3541,2.370,2.320,1.700,3,0,331.152,0,0,14,32,0,9,0
30-07 13:34:23,9.725,49.871,38.650,0,0,1644364,10533324,372284,3699144,61269.495,32302.433,0,4001.648,0,23.938,5764,3492,2.370,2.320,1.700,2,0,317.179,0,0,14,32,0,9,0
30-07 13:34:24,6.513,27.054,64.630,0,0,1645944,10531740,372284,3699148,57117.918,582708.374,0,16.032,0,4.008,4789,3209,2.370,2.320,1.700,4,0,167.337,0,0,14,32,0,9,0
30-07 13:34:25,4.504,14.014,80.078,0,0,1635316,10542340,372296,3699148,57224.472,28833.951,4.004,252.245,1.001,10.010,2263,1841,2.370,2.320,1.700,3,0,39.038,0,0,13,12,0,7,20
30-07 13:34:26,15.497,21.996,60.239,0.500,0,1644948,10532524,372324,3699376,45733.962,23621.848,135.976,707.876,8.998,35.994,4236,12585,2.180,2.280,1.690,2,0,103.982,0,0,14,12,0,8,20
30-07 13:34:27,5.990,23.212,68.888,0,0,1641348,10536112,372324,3699312,61079.746,34266.317,0,611.007,0,134.781,4328,2736,2.180,2.280,1.690,1,0,142.768,0,0,14,12,0,8,20
30-07 13:34:28,6.511,24.040,67.361,0,0,1642792,10534660,372324,3699320,61263.348,32682.066,0,12.020,0,3.005,4214,2647,2.180,2.280,1.690,1,0,131.217,0,0,14,12,0,8,20
30-07 13:34:29,6.748,24.493,66.982,0,0,1644940,10532492,372332,3699332,45494.697,22943.795,0,847.771,0,157.957,4293,2530,2.180,2.280,1.690,3,0,123.966,0,0,14,12,0,7,20
30-07 13:34:30,10.494,23.486,63.713,0,0,1650596,10526832,372332,3699728,60908.382,31759.428,0,91.946,0,5.996,5373,5353,2.180,2.280,1.690,2,0,103.939,0,0,14,12,0,7,20
30-07 13:34:31,18.263,23.767,57.041,0,0,1662116,10515304,372332,3699804,45293.409,22664.217,0,8.006,0,2.001,4771,5517,2.090,2.260,1.690,1,0,92.066,0,0,14,12,0,7,20
30-07 13:34:32,17.056,18.561,63.459,0,0,1644964,10532320,372332,3699464,74218.872,602347.221,0,0,0,0,3536,2565,2.090,2.260,1.690,5,0,33.109,0,0,14,12,0,7,20
30-07 13:34:33,25.364,26.607,45.506,0,0,1668388,10508644,372336,3699716,46258.256,27059.081,19.893,87.531,0.995,2.984,4725,2523,2.090,2.260,1.690,3,0,126.323,0,0,14,12,0,7,20
30-07 13:34:34,17.505,24.507,55.766,0.750,0,1689840,10486508,372352,3700344,60712.984,34265.585,24.007,0,1.000,0,4610,2814,2.090,2.260,1.690,3,0,150.042,0,0,16,12,0,7,20
30-07 13:34:35,7.512,23.790,67.362,0,0,1685264,10490936,372356,3700480,60776.922,31309.991,128.213,268.446,1.002,6.010,4180,2712,2.090,2.260,1.690,2,0,111.185,0,0,16,12,0,7,20
30-07 13:34:36,6.744,24.478,66.441,0,0,1693456,10482736,372356,3700488,45609.276,23686.850,0,11.989,0,2.997,4208,2763,2,2.240,1.680,1,0,122.890,0,0,16,12,0,7,20
30-07 13:34:37,11.973,27.938,58.371,0,0,1692432,10483756,372356,3700884,60680.472,31372.448,0,7.982,0,1.996,5401,5219,2,2.240,1.680,10,0,142.684,0,0,16,12,0,7,20
30-07 13:34:38,17.551,25.574,56.162,0,0,1699368,10476784,372356,3700888,44805.342,22970.310,0,810.339,0,5.014,4391,5464,2,2.240,1.680,1,0,67.194,0,0,16,12,0,7,20
30-07 13:34:39,19.474,19.474,58.921,0,0,1708408,10467724,372356,3700500,60266.615,31863.500,0,3.995,0,0.999,3913,2706,2,2.240,1.680,4,0,60.919,0,0,16,12,0,7,20
30-07 13:34:40,17.775,26.036,55.076,0,0,1747500,10428268,372360,3700852,45861.262,25735.500,4.006,152.210,1.001,2.003,4553,2958,2,2.240,1.680,1,0,139.192,0,0,18,12,0,7,20
30-07 13:34:41,7.990,23.221,65.919,0,0,1745936,10429820,372360,3700864,73707.928,588752.550,0,11.985,0,2.996,4690,3303,2,2.230,1.690,2,0,131.837,0,0,18,12,0,7,20
30-07 13:34:42,7.238,23.960,66.640,0,0,1747428,10428324,372360,3700868,60541.841,30132.150,0,11.980,0,2.995,4238,2930,2,2.230,1.690,2,0,123.795,0,0,18,12,0,7,20
30-07 13:34:43,6.484,24.189,66.333,0,0,1748308,10427312,372360,3701000,45155.598,24586.255,0,11.970,0,2.992,4233,2839,2,2.230,1.690,1,0,120.697,0,0,18,12,0,7,20
30-07 13:34:44,15.836,24.633,59.069,0,0,1752576,10423048,372360,3701476,60024.086,30508.725,0,4.022,0,1.005,4683,5579,2,2.230,1.690,1,0,86.467,0,0,18,12,0,7,20
30-07 13:34:45,18.071,21.290,58.175,0,0,1747220,10428352,372360,3701004,44297.243,22984.857,0,340.634,0,3.961,4650,5597,2,2.230,1.690,5,0,68.325,0,0,18,12,0,7,20
30-07 13:34:46,29.702,22.848,47.472,0,0,1809100,10366412,372372,3701072,46322.681,25672.542,0,105.607,0,2.031,4390,2771,1.920,2.210,1.680,2,0,85.298,0,0,20,12,0,7,20
30-07 13:34:47,67.507,20.502,12.251,0,0,2017776,10157588,372432,3701124,54774.455,406276.460,0,4.000,0,1.000,4915,3476,1.920,2.210,1.680,13,0,15.001,0,0,20,12,0,7,20
30-07 13:34:48,83.222,16.943,0,0,0,2199264,9975644,372432,3701540,29553.248,14543.403,0,0,0,0,4987,3515,1.920,2.210,1.680,14,0,11.960,0,0,20,12,0,7,20
30-07 13:34:49,87.714,11.027,0.251,0,0,2309836,9864568,372460,3701972,15640.100,7446.139,0,557.358,0,81.198,5279,3783,1.920,2.210,1.680,6,0,40.098,0,0,20,12,0,7,20
30-07 13:34:50,24.638,23.145,50.769,0,0,2375212,9798808,372460,3702220,45772.706,25585.570,0,75.656,0,5.973,4569,3282,1.920,2.210,1.680,2,0,114.479,0,0,20,12,0,1,20
30-07 13:34:51,6.955,22.357,68.064,0,0,2379968,9794024,372468,3702228,60428.101,34014.219,0,409.379,0,3.975,4427,3180,1.930,2.210,1.680,2,0,131.160,0,0,20,12,0,1,20
30-07 13:34:52,7.544,24.392,66.134,0,0,2380684,9793296,372468,3702236,60970.154,31720.252,0,12.070,0,3.018,4243,3048,1.930,2.210,1.680,2,0,109.637,0,0,20,12,0,1,20
30-07 13:34:53,7.736,24.205,65.878,0,0,2384204,9789768,372468,3702244,56522.726,29056.397,0,19.963,0,4.991,4390,3019,1.930,2.210,1.680,1,0,117.783,0,0,20,12,0,1,20
30-07 13:34:54,11.977,24.452,61.131,0,0,2384192,9789768,372468,3702644,49697.056,25214.814,0,11.977,0,2.994,5631,6022,1.930,2.210,1.680,2,0,107.790,0,0,20,12,0,1,20
30-07 13:34:55,17.786,23.798,56.112,0,0,2380512,9793352,372472,3702704,44748.349,22530.987,0,108.216,0,3.006,5155,6048,1.930,2.210,1.680,2,0,90.180,0,0,20,12,0,1,20
30-07 13:34:56,20.282,23.787,54.335,0,0,2358068,9815784,372472,3702260,60859.344,31100.723,0,0,0,0,4265,3176,1.850,2.190,1.680,2,0,69.108,0,0,20,12,0,1,20
30-07 13:34:57,26.560,20.296,52.618,0,0,2366116,9807728,372472,3702264,46486.260,26058.444,0,4.009,0,1.002,4375,2847,1.850,2.190,1.680,1,0,98.220,0,0,20,12,0,1,20
30-07 13:34:58,19.702,10.724,67.586,0,0,2377456,9795940,372480,3702660,44100.756,22032.422,0,3826.694,0,591.561,4090,2683,1.850,2.190,1.680,1,0,34.915,0,0,21,12,0,2,20
30-07 13:34:59,13.003,17.253,67.513,0.500,0,2397192,9776032,372648,3702664,60685.754,32546.304,0,6045.171,0,280.054,4232,3630,1.850,2.190,1.680,1,0,57.011,0,0,21,12,0,2,20
30-07 13:35:00,24.004,5.751,69.011,0,0,2437512,9735712,372648,3702664,44815.397,757000.945,0,0,0,0,2819,2316,1.850,2.190,1.680,1,0,3.000,0,0,21,12,0,2,20
30-07 13:35:01,22.724,5.743,70.170,0,0,2457536,9715660,372664,3702676,29797.132,14575.433,0,167.809,0,13.984,3161,3249,1.780,2.170,1.680,2,0,0,0,0,21,12,0,2,10
30-07 13:35:02,22.774,8.759,66.571,0,0,2455816,9717232,372676,3702744,15319.239,7584.039,0,560.594,0,12.013,3544,3514,1.780,2.170,1.680,1,0,3.003,0,0,21,17,0,3,2
30-07 13:35:03,20.755,9.502,68.516,0.250,0,2431192,9741532,372716,3703004,30126.005,15321.563,0,916.213,0,142.033,3755,3505,1.780,2.170,1.680,2,0,27.006,0,0,21,14,0,7,0
30-07 13:35:04,8.241,24.974,64.432,0,0,2418044,9754652,372724,3703020,53487.520,25922.627,0,171.819,0,5.994,4731,3239,1.780,2.170,1.680,5,0,149.842,0,0,21,14,0,7,0
30-07 13:35:05,6.239,26.202,64.881,0,0,2411176,9761520,372724,3703020,54233.825,35896.358,0,15.971,0,2.995,4769,3333,1.780,2.170,1.680,1,0,143.737,0,0,21,14,0,7,0
30-07 13:35:06,6.743,22.725,67.426,0,0,2408040,9764648,372724,3703028,61097.113,33761.039,0,51.943,0,2.997,4492,3306,1.720,2.150,1.670,1,0,129.858,0,0,21,14,0,7,0
30-07 13:35:07,7.527,22.831,67.992,0,0,2397232,9775448,372724,3703036,61393.583,34512.878,0,0,0,0,4543,3292,1.720,2.150,1.670,2,0,128.457,0,0,21,14,0,7,0
30-07 13:35:08,8.070,24.713,66.323,0,0,2393168,9779508,372724,3703044,46188.899,23394.037,0,72.627,0,6.052,4488,3265,1.720,2.150,1.670,1,0,121.045,0,0,21,14,0,7,0
30-07 13:35:09,8.685,24.069,64.018,0,0,2389212,9783460,372724,3703048,69701.674,514616.830,0,170.716,0,5.955,4912,3632,1.720,2.150,1.670,2,0,120.097,0,0,21,14,0,7,0
30-07 13:35:10,7.241,23.970,65.667,0,0,2387248,9785416,372724,3703056,45446.369,23544.144,0,11.985,0,2.996,4403,3158,1.720,2.150,1.670,2,0,116.852,0,0,21,14,0,7,0
30-07 13:35:11,8.751,23.252,65.507,0,0,2385240,9787420,372724,3703452,60371.416,31759.375,0,16.002,0,4.000,4593,3513,1.660,2.130,1.670,2,0,102.011,0,0,21,14,0,7,0
30-07 13:35:12,19.918,21.910,56.518,0,0,2382824,9789712,372736,3703060,45043.988,22810.310,0,139.427,0,7.967,4669,5420,1.660,2.130,1.670,3,0,68.718,0,0,21,14,0,7,0
30-07 13:35:13,19.951,23.486,56.064,0,0,2366792,9805740,372744,3703064,31609.225,16904.182,0,68.692,0,3.031,4640,5308,1.660,2.130,1.670,1,0,70.712,0,0,21,14,0,7,0
30-07 13:35:14,42.277,26.701,28.679,0,0,2424448,9748060,372752,3703540,60089.673,32203.682,0,43.513,0,1.978,5099,3112,1.660,2.130,1.670,4,0,91.971,0,0,21,14,0,7,0
30-07 13:35:15,44.493,16.591,38.963,0,0,2494656,9677752,372752,3703640,56288.984,28105.780,0,4.022,0,1.006,3948,2636,1.660,2.130,1.670,3,0,33.182,0,0,21,15,0,7,0
30-07 13:35:16,46.267,6.538,46.519,0,0,2564208,9608200,372752,3703640,34772.760,19013.776,0,0,0,0,3190,1911,1.690,2.130,1.670,2,0,0,0,0,21,15,0,7,0
30-07 13:35:17,54.547,5.978,37.610,0,0,2611524,9560628,372792,3703848,15586.003,7547.913,103.614,274.977,0.996,13.948,4559,3786,1.690,2.130,1.670,2,0,12.952,0,0,21,29,0,7,0
30-07 13:35:18,44.066,9.460,45.061,0.249,0,2632932,9537736,372848,3705004,15112.750,7906.908,39.833,3330.063,1.992,539.741,4337,2528,1.690,2.130,1.670,4,0,7.967,0,0,21,31,0,7,0
30-07 13:35:19,39.608,18.551,39.859,0,0,2640912,9527460,372868,3707108,30339.898,16334.631,0,3160.636,0,23.063,6572,8417,1.690,2.130,1.670,1,0,46.126,0,0,21,30,0,8,0
30-07 13:35:20,19.824,29.359,49.183,0,0,2711188,9457156,372884,3707112,46723.405,25996.481,0,220.820,0,13.048,4899,3372,1.690,2.130,1.670,2,0,120.447,0,0,21,30,0,8,0
30-07 13:35:21,8.201,23.360,64.862,0.497,0,2713140,9454916,373028,3707252,74743.691,623045.343,143.143,3.976,6.958,0.994,4902,3663,1.630,2.110,1.670,2,0,144.137,0,0,21,30,0,8,0
30-07 13:35:22,16.029,24.795,57.103,0,0,2692120,9475892,373028,3707740,59927.909,30679.243,0,0,0,0,4949,5702,1.630,2.110,1.670,1,0,104.188,0,0,21,30,0,8,0
30-07 13:35:23,18.240,23.737,55.970,0,0,2687604,9480380,373028,3707740,45904.054,22963.521,0,791.570,0,2.998,5096,6090,1.630,2.110,1.670,2,0,68.963,0,0,21,30,0,8,0
30-07 13:35:24,15.264,11.260,67.310,4.504,0,2679820,9482188,373048,3713148,47292.140,24766.068,5897.255,676.603,86.077,78.070,3696,2995,1.630,2.110,1.670,1,0,45.040,0,0,21,30,0,9,0
30-07 13:35:25,18.658,23.882,54.232,1.493,0,2675816,9483528,373048,3716284,44843.578,23458.172,2650.911,0,30.848,0,4841,5488,1.630,2.110,1.670,6,1,88.563,0,0,22,30,0,9,0
30-07 13:35:26,18.833,22.850,56.749,0,0,2682348,9476816,373060,3715944,45386.955,22860.208,0,184.810,0,4.018,4973,5852,1.740,2.120,1.670,4,0,75.330,0,0,22,30,0,9,0
30-07 13:35:27,35.772,30.769,28.268,4.253,0,2721532,9435232,373104,3718200,44942.860,24485.178,2229.382,212.132,47.029,19.012,6005,13360,1.740,2.120,1.670,2,0,143.089,0,0,22,40,0,9,0
30-07 13:35:28,17.936,21.673,57.546,0,0,2714428,9442304,373108,3718216,45570.268,24407.376,0,135.519,0,10.961,4765,3653,1.740,2.120,1.670,1,0,83.703,0,0,22,46,0,9,0
30-07 13:35:29,8.518,24.552,64.638,0,0,2716940,9439788,373108,3718220,61735.642,33343.099,0,8518.164,0,965.058,6450,3502,1.740,2.120,1.670,1,0,122.261,0,0,22,46,0,9,0
30-07 13:35:30,17.890,24.946,55.687,0,0,2719088,9437600,373112,3718232,72327.860,582156.626,4.032,16.127,1.008,4.032,5193,5605,1.740,2.120,1.670,5,0,85.673,0,0,22,46,0,9,0
30-07 13:35:31,19.909,23.890,53.754,0,0,2703924,9452756,373112,3718324,31624.048,16934.379,0,0,0,0,5198,5966,1.680,2.100,1.670,4,0,69.681,0,0,22,46,0,9,0
30-07 13:35:32,9.472,18.694,66.052,3.240,0,2707792,9447268,373152,3719752,60902.973,31782.487,1455.626,267.197,31.904,11.964,3657,3372,1.680,2.100,1.670,0,0,120.637,0,0,22,46,0,9,0
30-07 13:35:33,5.756,16.267,76.578,0.250,0,2708160,9446672,373152,3719948,46447.496,24434.987,292.299,4.004,4.004,1.001,3517,2825,1.680,2.100,1.670,2,0,87.089,0,0,22,46,0,9,0
30-07 13:35:34,13.000,28.749,55.249,0.500,0,2721168,9432120,373152,3721968,60184.554,32523.219,1431.966,39.999,16.000,3.000,5676,6301,1.680,2.100,1.670,1,0,126.997,0,0,24,46,0,9,0
30-07 13:35:35,18.989,20.988,56.968,0,0,2707812,9445440,373156,3721968,46010.996,23570.678,0,63.964,0,2.998,5136,6059,1.680,2.100,1.670,2,0,71.959,0,0,24,46,0,9,0
30-07 13:35:36,14.206,23.178,60.063,1.495,0,2706608,9444896,373156,3723200,49401.211,22779.087,1866.190,0,22.929,0,4354,3399,1.630,2.080,1.670,2,0,78.755,0,0,24,48,0,9,0
30-07 13:35:37,7.240,25.216,64.912,0,0,2709932,9441372,373168,3723372,45693.180,26332.374,0,219.703,0,9.986,4720,3474,1.630,2.080,1.670,1,0,147.800,0,0,24,48,0,9,0
30-07 13:35:38,7.007,23.523,67.816,0,0,2711492,9439804,373168,3723380,60977.053,34034.961,0,0,0,0,4575,3349,1.630,2.080,1.670,1,0,128.124,0,0,24,48,0,9,0
30-07 13:35:39,9.013,25.036,63.592,0,0,2715988,9435296,373168,3723392,57982.706,591347.687,0,8.012,0,2.003,4991,3579,1.630,2.080,1.670,3,0,119.172,0,0,24,48,0,9,0
30-07 13:35:40,8.010,24.782,65.335,0,0,2718248,9433032,373168,3723396,60246.686,31487.124,0,520.680,0,66.086,4607,3345,1.630,2.080,1.670,2,0,117.153,0,0,24,48,0,9,0
30-07 13:35:41,8.761,24.031,64.585,0,0,2715472,9435804,373168,3723400,60492.274,31967.894,0,16.021,0,4.005,4556,3376,1.580,2.070,1.660,1,0,121.159,0,0,24,48,0,9,0
30-07 13:35:42,18.016,22.211,56.761,0,0,2709752,9441516,373168,3723400,44584.864,22842.771,0,138.202,0,3.949,5046,5907,1.580,2.070,1.660,3,0,79.960,0,0,24,48,0,9,0
30-07 13:35:43,20.238,23.527,55.655,0,0,2707980,9443256,373168,3723404,45267.852,23377.175,0,0,0,0,5072,5706,1.580,2.070,1.660,2,0,73.870,0,0,24,48,0,9,0
30-07 13:35:44,23.786,28.794,46.070,0,0,2740604,9410608,373176,3723408,60734.282,34590.558,0,0,0,0,5266,3435,1.580,2.070,1.660,3,0,119.181,0,0,24,48,0,9,0
30-07 13:35:45,27.204,29.950,40.682,0,0,2785724,9365460,373176,3723432,46064.844,25125.915,0,75.873,0,3.993,5309,3429,1.580,2.070,1.660,4,0,148.751,0,0,24,48,0,9,0
30-07 13:35:46,27.029,28.531,42.797,0,0,2824928,9326132,373200,3723500,60894.399,33544.577,0,48.052,0,2.002,5029,3263,1.690,2.080,1.670,3,0,121.132,0,0,24,48,0,9,0
30-07 13:35:47,29.817,29.569,38.514,0,0,2851588,9297532,373256,3725308,62650.522,62401.053,7.951,616.218,0.994,6.957,5786,4933,1.690,2.080,1.670,5,0,136.164,0,0,24,48,0,9,0
30-07 13:35:48,26.613,29.349,41.287,0.497,0,2877028,9271976,373268,3725400,59268.123,559158.240,11.938,0,2.985,0,5564,3445,1.690,2.080,1.670,3,0,150.225,0,0,24,52,0,11,0
30-07 13:35:49,26.899,32.430,40.223,0,0,2923224,9225740,373268,3725416,61893.008,32687.151,0,6946.497,0,958.311,6912,3549,1.690,2.080,1.670,3,0,155.864,0,0,24,52,0,11,0
30-07 13:35:50,31.170,30.428,35.128,0,0,2989696,9159260,373268,3725424,60647.679,33342.865,0,609.544,0,7.916,5239,3352,1.690,2.080,1.670,5,0,120.721,0,0,24,52,0,11,0
30-07 13:35:51,34.678,26.325,38.981,0.253,0,3017792,9130816,373272,3725764,45846.223,25488.236,4.050,8.100,1.012,2.025,5113,3295,1.720,2.080,1.670,3,0,128.585,0,0,24,52,0,11,0
30-07 13:35:52,10.546,26.365,61.267,0,0,3022612,9125964,373272,3725788,61184.656,32236.494,0,301.313,0,6.026,4530,3404,1.720,2.080,1.670,1,0,113.495,0,0,24,52,0,11,0
30-07 13:35:53,8.474,23.927,65.551,0,0,3012492,9136076,373272,3725792,45631.551,23325.230,0,19.940,0,3.988,4502,3220,1.720,2.080,1.670,1,0,115.649,0,0,24,52,0,11,0
30-07 13:35:54,8.506,24.517,65.045,0,0,3012416,9136140,373272,3725804,60582.554,30849.160,0,16.011,0,4.003,4481,3389,1.720,2.080,1.670,2,0,113.078,0,0,24,52,0,12,0
30-07 13:35:55,12.003,24.506,60.766,0,0,3016432,9132120,373272,3726296,45661.872,23444.096,0,12.003,0,3.001,5663,6198,1.720,2.080,1.670,3,0,99.026,0,0,24,52,0,12,0
30-07 13:35:56,18.779,21.533,58.089,0,0,2986240,9162240,373276,3726200,58225.150,581552.425,0,264.405,0,11.017,4510,4297,1.740,2.080,1.670,5,0,57.087,0,0,24,52,0,12,0
30-07 13:35:57,18.496,21.245,58.737,0,0,2975432,9173004,373276,3725816,44664.966,23178.793,0,7.998,0,2.000,4444,4697,1.740,2.080,1.670,2,0,74.983,0,0,24,52,0,12,0
30-07 13:35:58,42.064,31.610,24.641,0,0,3039920,9108496,373284,3726276,60962.461,33025.979,0,7.965,0,1.991,5355,3442,1.740,2.080,1.670,3,0,109.516,0,0,24,52,0,12,0
30-07 13:35:59,48.312,29.538,20.526,0,0,3127972,9020296,373284,3726432,60851.110,36032.252,0,4.005,0,1.001,5472,3281,1.740,2.080,1.670,4,0,122.157,0,0,24,52,0,11,0
30-07 13:36:00,53.130,28.069,17.793,0,0,3164500,8983032,373296,3727148,45429.036,24020.711,0,549.343,0,73.179,5309,3650,1.740,2.080,1.670,4,0,107.262,0,0,24,52,0,11,0
30-07 13:36:01,50.348,30.309,19.037,0,0,3211848,8935220,373324,3727516,60404.070,31194.459,0,424.823,0,10.019,5472,3411,1.920,2.110,1.690,4,0,119.231,0,0,24,52,0,11,0
30-07 13:36:02,48.576,32.384,17.188,0,0,3247076,8898484,373404,3728924,45188.843,23473.766,0,980.482,0,49.821,5646,3698,1.920,2.110,1.690,4,0,117.578,0,0,24,52,0,11,0
30-07 13:36:03,47.908,27.802,17.376,5.213,0,3284156,8859136,374504,3730032,59336.040,30224.553,1024.696,456.744,135.037,30.781,6333,6310,1.920,2.110,1.690,3,0,87.377,0,0,24,56,0,6,0
30-07 13:36:04,60.460,24.632,14.680,0,0,3341036,8802148,374592,3729532,45068.751,22816.522,0,1337.582,0,43.790,6151,6495,1.920,2.110,1.690,9,0,75.637,0,0,24,56,0,6,0
30-07 13:36:05,45.614,33.197,18.499,0.760,0,3360976,8778596,376408,3731240,53493.455,468157.186,0,10396.015,0,1198.137,10885,13461,1.920,2.110,1.690,7,0,100.352,0,0,24,56,0,6,0
30-07 13:36:06,45.228,32.484,18.241,0.750,0,3396564,8730580,378740,3740960,63729.323,157331.797,0,16064.015,0,1051.477,10368,12738,2.090,2.140,1.700,3,0,103.948,0,0,24,56,0,6,0
30-07 13:36:07,49.335,26.999,18.899,1.227,0,3418204,8704624,380632,3743276,45316.439,25012.059,0,8325.572,0,997.498,10497,12980,2.090,2.140,1.700,4,0,99.161,0,0,24,56,0,6,0
30-07 13:36:08,45.394,32.968,18.766,1.014,0,3458560,8659780,382684,3745580,61155.641,31910.731,0,8593.926,0,1014.392,10166,12755,2.090,2.140,1.700,6,0,100.425,0,0,24,56,0,6,0
30-07 13:36:09,52.340,30.367,13.826,0.741,0,3502416,8611956,383556,3748552,45218.881,22893.361,0,6280.812,0,520.438,7929,8616,2.090,2.140,1.700,6,0,96.780,0,0,24,58,0,6,0
30-07 13:36:10,65.496,32.620,3.058,0.255,0,3577564,8534216,383668,3751176,60863.563,32440.995,538.237,9847.285,7.136,1108.074,9078,9461,2.090,2.140,1.700,4,0,175.335,0,0,24,62,0,9,0
30-07 13:36:11,58.270,33.405,7.284,0.251,0,3600532,8508560,383724,3753768,44943.271,23145.257,68.317,1008.674,2.009,48.223,9019,11850,2.320,2.190,1.720,5,0,107.498,0,0,24,76,0,21,0
30-07 13:36:12,24.331,26.069,47.172,0,0,3621092,8487956,383760,3753300,44951.838,23846.402,3.972,877.904,0.993,30.786,5709,5420,2.320,2.190,1.720,3,0,93.352,0,0,24,78,0,21,0
30-07 13:36:13,26.038,29.043,44.065,0,0,3675588,8433284,383804,3753432,60784.303,34662.926,0,632.930,0,28.041,5260,3562,2.320,2.190,1.720,2,0,129.190,0,0,24,78,0,21,0
30-07 13:36:14,28.756,27.256,42.259,0,0,3709676,8399128,383848,3753452,55434.321,574557.706,0,612.136,0,33.007,5346,3567,2.320,2.190,1.720,3,0,128.028,0,0,24,78,0,21,0
30-07 13:36:15,28.963,29.462,40.448,0.250,0,3753376,8355036,384188,3753492,60927.884,32110.830,0,5213.316,0,249.680,5791,4470,2.320,2.190,1.720,3,0,120.845,0,0,24,78,0,21,0
30-07 13:36:16,30.729,24.983,41.972,0,0,3780224,8328188,384188,3753492,60121.559,31406.874,0,11.992,0,2.998,5229,3497,2.460,2.220,1.730,2,0,120.919,0,0,24,80,0,21,0
30-07 13:36:17,32.035,28.031,38.292,0,0,3773632,8333320,384188,3754920,44783.822,22576.613,0,12.013,0,3.003,6790,9297,2.460,2.220,1.730,1,0,99.108,0,0,24,78,0,23,0
30-07 13:36:18,18.352,24.135,56.566,0,0,3746992,8359912,384192,3754924,45478.910,22917.952,0,0,0,0,5059,6336,2.460,2.220,1.730,3,0,77.432,0,0,24,78,0,23,0
30-07 13:36:19,22.127,29.586,45.994,0,0,3784464,8322380,384192,3754928,60300.008,33036.469,0,0,0,0,5749,4276,2.460,2.220,1.730,2,0,109.392,0,0,24,78,0,23,0
30-07 13:36:20,28.175,29.671,40.392,0,0,3832852,8273972,384200,3754940,60860.144,33322.832,0,13567.694,0,1651.581,8458,3710,2.460,2.220,1.730,3,0,122.672,0,0,24,78,0,22,0
30-07 13:36:21,34.524,29.271,33.524,0,0,3892652,8214112,384236,3754960,45763.364,25105.755,0,140.099,0,16.011,5483,3856,2.580,2.250,1.740,5,0,136.096,0,0,24,82,0,22,0
30-07 13:36:22,32.086,28.076,39.105,0,0,3925884,8180780,384304,3755008,69738.644,462877.456,0,609.640,0,46.124,5732,4181,2.580,2.250,1.740,2,0,124.335,0,0,24,84,0,22,0
30-07 13:36:23,30.278,25.314,41.694,0,0,3939280,8167376,384304,3755016,62432.716,147568.779,0,19.854,0,4.964,5198,3430,2.580,2.250,1.740,2,0,124.089,0,0,24,86,0,22,0
30-07 13:36:24,31.706,31.706,34.977,0,0,3951928,8153380,384312,3756364,45849.904,23963.701,0,16.105,0,4.026,6332,6943,2.580,2.250,1.740,9,0,125.817,0,0,24,88,0,26,0
30-07 13:36:25,22.713,31.699,43.929,0,0,3947700,8157300,384344,3756584,61958.634,35304.810,0,279.547,0,14.976,5597,4627,2.580,2.250,1.740,4,0,122.801,0,0,24,91,0,26,0
30-07 13:36:26,29.686,26.742,38.764,0.245,0,3949348,8155552,384412,3756992,44469.651,22647.981,0,624.149,0,43.180,6757,7099,2.610,2.260,1.750,5,0,91.267,0,0,24,91,0,26,0
30-07 13:36:27,47.981,31.560,22.066,0,0,3974984,8129856,384436,3759680,47023.832,24089.232,0,238.111,0,15.395,6364,13057,2.610,2.260,1.750,5,0,150.872,0,0,24,94,0,26,0
30-07 13:36:28,20.317,19.574,57.730,0,0,3962400,8142416,384452,3756624,59416.792,30400.165,0,170.465,0,11.893,4273,9950,2.610,2.260,1.750,4,0,46.580,0,0,24,94,0,25,0
30-07 13:36:29,47.789,29.524,22.018,0,0,4034696,8070100,384464,3757084,46439.559,24946.176,0,216.175,0,7.006,5483,3287,2.610,2.260,1.750,5,0,112.091,0,0,24,94,0,25,0
30-07 13:36:30,42.633,12.288,43.636,0,0,4111076,7993296,384480,3757488,59826.702,30759.993,0,0,0,0,3868,2949,2.610,2.260,1.750,2,0,9.028,0,0,24,95,0,25,0
30-07 13:36:31,22.216,20.719,55.166,0,0,4111992,7991732,384740,3757808,49549.951,463729.628,0,4273.527,0,355.462,6139,5098,2.560,2.260,1.750,3,0,107.837,0,0,24,98,0,26,0
30-07 13:36:32,7.008,23.026,67.577,0,0,4109912,7993788,384772,3757800,53866.424,154826.549,0,164.187,0,12.014,4722,3573,2.560,2.260,1.750,1,0,130.148,0,0,24,98,0,26,0
30-07 13:36:33,6.754,23.262,67.536,0,0,4114668,7988988,384796,3757816,60907.075,34033.923,0,172.091,0,12.006,4569,3434,2.560,2.260,1.750,1,0,127.067,0,0,24,98,0,26,0
30-07 13:36:34,9.999,22.747,65.742,0,0,4120400,7983228,384800,3757824,61015.138,33793.645,0,1079.861,0,6.999,4627,3413,2.560,2.260,1.750,1,0,121.984,0,0,24,100,0,26,0
30-07 13:36:35,20.727,28.718,47.947,0,0,4204020,7899564,384832,3757836,60888.867,33053.557,0,195.784,0,12.986,5359,3980,2.560,2.260,1.750,2,0,130.856,0,0,24,102,0,26,0
30-07 13:36:36,9.002,23.755,64.764,0,0,4191856,7911688,384864,3757844,45501.595,25075.288,0,2816.594,0,25.005,4807,3845,2.360,2.220,1.740,1,0,132.028,0,0,24,102,0,26,0
30-07 13:36:37,7.249,22.746,67.739,0,0,4203640,7899856,384896,3757860,60745.413,33182.763,0,183.971,0,14.998,4667,3568,2.360,2.220,1.740,1,0,127.980,0,0,24,102,0,26,0
30-07 13:36:38,20.261,23.012,55.029,0,0,4215936,7887544,384904,3757868,61231.295,34085.978,0,56.030,0,6.003,4942,3550,2.360,2.220,1.740,3,0,127.067,0,0,24,104,0,26,0
30-07 13:36:39,39.475,14.741,44.472,0,0,4277640,7825832,384904,3757880,45185.108,23703.844,0,71.954,0,3.997,3560,2534,2.360,2.220,1.740,2,0,3.997,0,0,24,106,0,26,0
30-07 13:36:40,23.204,6.986,67.365,0,0,4305200,7798236,384928,3757888,40625.604,444750.912,0,139.720,0,11.976,3261,3285,2.360,2.220,1.740,2,0,0.998,0,0,24,107,0,26,0
30-07 13:36:41,29.015,7.754,62.031,0,0,4305584,7797732,385028,3757904,21027.662,130159.997,0,956.485,0,148.075,4466,4442,2.330,2.220,1.740,2,0,2.001,0,0,24,112,0,26,0
30-07 13:36:42,23.071,6.269,69.464,0,0,4258684,7844620,385036,3757908,15350.312,7467.015,0,148.458,0,8.025,3431,3489,2.330,2.220,1.740,2,0,11.034,0,0,24,110,0,26,0
30-07 13:36:43,15.240,13.741,68.953,0,0,4280804,7822472,385052,3757920,59964.358,33954.986,0,159.892,0,7.995,3290,2802,2.330,2.220,1.740,1,0,53.963,0,0,24,110,0,26,0
30-07 13:36:44,22.692,6.303,71.103,0,0,4322708,7780552,385068,3757920,29845.032,14849.900,0,988.380,0,10.086,2278,2002,2.330,2.220,1.740,1,0,0,0,0,24,110,0,26,0
30-07 13:36:45,40.414,11.653,44.629,0,0,4321264,7781664,385136,3758152,29569.259,14632.395,0,670.428,0,50.580,5575,6158,2.330,2.220,1.740,1,0,10.909,0,0,24,112,0,27,0
30-07 13:36:46,22.981,5.995,68.694,0,0,4320652,7782248,385180,3758136,15143.733,7356.041,0,227.815,0,21.982,3994,4634,2.220,2.200,1.740,2,0,0,0,0,24,113,0,27,0
30-07 13:36:47,22.517,8.256,67.802,0,0,4317532,7784780,385400,3758460,15286.823,7515.813,0,1020.789,0,130.101,4013,5351,2.220,2.200,1.740,2,0,0,0,0,24,113,0,27,0
30-07 13:36:48,26.461,9.736,60.910,0,0,4320052,7781904,385568,3758644,15639.835,7351.112,0,938.610,0,102.848,4916,6045,2.220,2.200,1.740,2,0,6.990,0,0,24,116,0,25,0
30-07 13:36:49,26.887,8.465,61.990,0.249,0,4324248,7777412,385752,3758696,417.252,0,0,963.961,0,92.612,4619,5514,2.220,2.200,1.740,3,0,0.996,0,0,24,118,0,26,0
30-07 13:36:50,28.924,5.282,64.136,0,0,4325788,7775728,385860,3758724,16525.579,8930.815,0,1006.062,0,82.497,4387,5271,2.220,2.200,1.740,1,0,0,0,0,24,117,0,26,0
30-07 13:36:51,21.174,23.665,53.806,0,0,4355132,7746312,385924,3758728,30728.087,17773.845,0,789.152,0,42.845,4539,3363,2.120,2.180,1.730,1,0,114.586,0,0,24,117,0,26,0
30-07 13:36:52,24.815,9.525,64.670,0,0,4382792,7718632,385940,3758728,44850.755,22256.434,0,10668.009,0,1289.385,4932,2388,2.120,2.180,1.730,1,0,2.005,0,0,24,119,0,26,0
30-07 13:36:53,23.494,5.249,69.733,0.250,0,4408392,7692932,386036,3758732,29583.721,14720.378,0,2039.498,0,103.974,3028,3009,2.120,2.180,1.730,3,0,0,0,0,24,120,0,26,0
30-07 13:36:54,23.727,5.994,69.184,0,0,4397760,7703548,386048,3758736,15141.473,7354.943,0,79.923,0,6.993,3220,3304,2.120,2.180,1.730,2,0,1.998,0,0,24,121,0,27,0
30-07 13:36:55,23.275,8.509,66.321,0,0,4387168,7714088,386092,3758740,15351.501,7303.851,0,212.228,0,22.024,3261,3366,2.120,2.180,1.730,1,0,2.002,0,0,24,122,0,27,0
30-07 13:36:56,22.240,7.247,67.971,0,0,4379584,7721524,386220,3758760,15139.503,7490.785,0,571.755,0,70.970,4113,5007,2.030,2.160,1.730,1,0,0,0,0,24,122,0,27,0
30-07 13:36:57,23.014,10.006,65.291,0,0,4375544,7725440,386308,3758788,14984.386,7718.835,0,900.564,0,53.033,4000,4520,2.030,2.160,1.730,2,0,5.003,0,0,24,122,0,26,0
30-07 13:36:58,36.803,18.150,44.114,0,0,4308492,7792244,386544,3758796,15040.023,7423.214,0,2593.386,0,164.355,5143,4284,2.030,2.160,1.730,2,0,60.499,0,0,24,121,0,26,0
30-07 13:36:59,33.221,19.090,45.369,0,0,4358324,7742384,386576,3758792,799.295,0,0,436.340,0,22.809,3699,2702,2.030,2.160,1.730,2,0,35.701,0,0,24,121,0,26,0
30-07 13:37:00,44.641,10.416,43.649,0,0,4437248,7663312,386700,3758812,65318.756,364173.594,0,2059.440,0,109.123,4202,3397,2.030,2.160,1.730,4,0,1.984,0,0,24,122,0,26,0
30-07 13:37:01,30.193,9.058,59.380,0,0,4446468,7653936,386720,3758948,38312.322,260307.804,0,458.939,0,25.161,3808,3568,1.950,2.140,1.720,3,0,1.006,0,0,24,123,0,26,0
30-07 13:37:02,24.816,7.269,66.927,0,0,4382140,7718196,386732,3758996,15081.995,7951.085,0,164.436,0,6.016,3238,2917,1.950,2.140,1.720,1,0,11.029,0,0,24,123,0,26,0
30-07 13:37:03,15.741,13.243,68.961,0,0,4416860,7683472,386736,3758996,44819.643,27008.720,0,67.962,0,6.996,3069,2615,1.950,2.140,1.720,3,0,46.973,0,0,24,123,0,26,0
30-07 13:37:04,23.475,4.495,70.924,0,0,4452268,7648052,386736,3759004,33658.782,17245.443,0,0,0,0,2224,1921,1.950,2.140,1.720,3,0,0,0,0,24,123,0,26,0
30-07 13:37:05,23.283,5.258,70.601,0,0,4459132,7641184,386736,3759008,29819.602,15165.666,0,8.011,0,1.001,2849,2664,1.950,2.140,1.720,1,0,1.001,0,0,24,123,0,26,0
30-07 13:37:06,24.983,4.747,69.202,0,0,4458916,7641392,386736,3759016,14965.616,7452.829,0,3.997,0,0.999,3329,3351,1.870,2.120,1.720,1,0,1.999,0,0,24,123,0,26,0
30-07 13:37:07,15.639,14.126,69.871,0.252,0,4448316,7651976,386736,3759028,30455.815,19842.440,0,730.496,0,53.476,3184,2557,1.870,2.120,1.720,1,0,51.458,0,0,24,123,0,26,0
30-07 13:37:08,22.813,4.959,69.926,0,0,4478964,7621308,386756,3759028,29232.236,15116.018,0,126.959,0,11.902,2341,2038,1.870,2.120,1.720,2,0,0,0,0,24,123,0,26,0
30-07 13:37:09,23.720,4.744,69.913,0,0,4485992,7614280,386756,3759028,29733.917,15059.219,0,3.995,0,0.999,2897,2773,1.870,2.120,1.720,3,0,1.998,0,0,24,123,0,26,0
30-07 13:37:10,22.844,6.386,67.058,0,0,4482072,7618056,386872,3759052,29313.960,14626.030,0,440.176,0,55.022,4050,4779,1.870,2.120,1.720,3,0,0,0,0,24,124,0,26,0
30-07 13:37:11,20.606,11.448,67.414,0.254,0,4457440,7642520,387004,3759084,15836.462,8130.395,0,667.527,0,78.353,3984,4329,1.720,2.080,1.710,4,0,39.685,0,0,24,123,0,26,0
30-07 13:37:12,19.010,13.507,65.784,0,0,4477600,7622332,387020,3759096,61691.512,32423.562,0,276.141,0,14.007,3606,3018,1.720,2.080,1.710,1,0,45.023,0,0,24,123,0,26,0
30-07 13:37:13,22.772,5.255,71.068,0,0,4514588,7585324,387036,3759100,29799.562,14804.189,0,236.226,0,10.010,2436,2145,1.720,2.080,1.710,1,0,0,0,0,24,124,0,11,0
30-07 13:37:14,22.948,5.737,69.594,0,0,4505504,7594392,387048,3759104,30032.566,14720.946,0,175.606,0,8.980,3206,3257,1.720,2.080,1.710,2,0,0,0,0,24,125,0,11,0
30-07 13:37:15,20.778,10.264,68.592,0,0,4475560,7624312,387056,3759120,15442.743,7305.814,0,176.237,0,7.009,3607,3221,1.720,2.080,1.710,2,0,48.065,0,0,24,123,0,11,0
30-07 13:37:16,19.622,9.811,68.929,0,0,4471444,7628404,387072,3759124,42413.773,586308.271,0,213.327,0,12.075,2930,2711,1.750,2.080,1.710,1,0,10.063,0,0,24,123,0,11,0
30-07 13:37:17,21.631,5.470,71.357,0,0,4482480,7617364,387076,3759124,30474.241,14659.301,0,194.927,0,11.934,2302,2028,1.750,2.080,1.710,1,0,0,0,0,24,123,0,10,0
30-07 13:37:18,22.761,6.503,69.032,0,0,4487628,7612188,387100,3759128,29812.832,14760.848,0,3145.459,0,506.235,3826,3029,1.750,2.080,1.710,2,0,2.001,0,0,24,123,0,10,0
30-07 13:37:19,23.982,7.744,65.951,0.250,0,4484924,7614648,387268,3759184,29955.789,14647.140,0,719.467,0,101.924,4805,6157,1.750,2.080,1.710,5,0,0,0,0,24,124,0,10,0
30-07 13:37:20,23.765,9.006,65.042,0.250,0,4483468,7615816,387500,3759236,15312.875,7300.708,0,1308.844,0,149.096,4703,6088,1.750,2.080,1.710,1,0,1.001,0,0,24,125,0,10,0
30-07 13:37:21,36.507,12.002,49.760,0,0,4519776,7579296,387680,3759260,16155.188,7525.485,0,1304.257,0,110.022,4859,5308,1.690,2.060,1.710,3,0,4.001,0,0,24,124,0,10,0
30-07 13:37:22,15.731,14.233,67.917,0,0,4454720,7644280,387724,3759280,239.708,189.769,0,619.245,0,34.957,3259,2716,1.690,2.060,1.710,3,0,52.935,0,0,24,124,0,10,0
30-07 13:37:23,25.762,6.003,67.781,0,0,4488896,7610076,387744,3759288,49103.411,27301.461,0,536.245,0,26.012,2724,2368,1.690,2.060,1.710,1,0,0,0,0,24,124,0,10,0
30-07 13:37:24,23.520,6.255,68.308,0,0,4499608,7599240,387860,3759296,29884.253,15583.168,0,2870.426,0,137.116,3259,3357,1.690,2.060,1.710,1,0,2.002,0,0,24,126,0,12,0
30-07 13:37:25,23.992,10.496,63.478,0,0,4494516,7604276,387888,3759300,30069.363,15042.679,0,227.919,0,20.993,4131,4361,1.690,2.060,1.710,2,0,6.998,0,0,24,125,0,8,0
30-07 13:37:26,20.752,10.501,67.506,0,0,4491500,7607112,388036,3759328,15027.227,7362.601,0,624.051,0,78.006,4232,5394,1.710,2.060,1.710,1,0,0,0,0,24,125,0,8,0
30-07 13:37:27,23.923,10.577,63.964,0.252,0,4492244,7606028,388348,3759344,15534.597,7498.349,0,4146.051,0,246.789,4528,5540,1.710,2.060,1.710,1,0,2.015,0,0,24,125,0,8,0
30-07 13:37:28,35.025,16.773,45.384,0,0,4464456,7633668,388452,3759372,17240.172,9116.355,0,714.312,0,62.157,5254,14786,1.710,2.060,1.710,2,0,35.518,0,0,24,125,0,9,0
30-07 13:37:29,45.412,14.301,38.387,0,0,4412036,7685864,388636,3759404,15881.768,8273.573,0,1111.975,0,104.373,6998,7991,1.710,2.060,1.710,4,0,46.165,0,0,24,126,0,8,0
30-07 13:37:30,23.039,12.521,63.357,0,0,4443200,7654616,388692,3759432,44571.141,24361.070,0,388.655,0,28.047,3646,3628,1.710,2.060,1.710,2,0,34.057,0,0,24,126,0,8,0
30-07 13:37:31,23.266,4.753,70.550,0,0,4485192,7612532,388716,3759500,29618.003,15250.815,0,252.179,0,13.009,2606,2402,1.660,2.040,1.710,1,0,0,0,0,24,127,0,8,0
30-07 13:37:32,23.212,6.240,69.386,0.250,0,4483556,7614064,388836,3759480,29876.107,15201.123,0,1709.203,0,87.856,3543,3660,1.660,2.040,1.710,2,0,0,0,0,24,128,0,8,0
30-07 13:37:33,24.505,7.001,65.263,0.250,0,4480688,7616544,389136,3759560,15038.038,7297.474,0,3364.680,0,565.114,5492,5937,1.660,2.040,1.710,1,0,2.000,0,0,24,126,0,7,0
30-07 13:37:34,15.756,19.758,62.775,0,0,4409992,7687056,389184,3759692,16923.851,8976.634,0,472.191,0,30.012,4349,3559,1.660,2.040,1.710,1,0,116.047,0,0,24,126,0,7,0
30-07 13:37:35,18.457,11.972,68.090,0,0,4446436,7650572,389208,3759704,38093.473,458085.410,0,339.203,0,16.960,3193,2761,1.660,2.040,1.710,1,0,31.925,0,0,24,126,0,7,0
30-07 13:37:36,22.828,6.021,70.240,0,0,4485692,7611288,389232,3759708,48615.908,158462.775,0,297.014,0,15.051,2831,2482,1.600,2.030,1.700,1,0,3.010,0,0,24,127,0,7,0
30-07 13:37:37,22.484,6.495,68.702,0,0,4486848,7610028,389340,3759704,14964.439,7828.475,0,1846.697,0,101.928,3524,3791,1.600,2.030,1.700,1,0,0,0,0,24,128,0,7,0
30-07 13:37:38,24.832,4.264,69.729,0,0,4487056,7609776,389364,3759724,29569.245,15585.255,0,100.330,0,12.040,3450,3586,1.600,2.030,1.700,1,0,0,0,0,24,127,0,7,0
30-07 13:37:39,21.148,8.459,68.170,0,0,4487260,7609524,389416,3759712,14902.959,7583.342,0,294.576,0,40.803,3779,4447,1.600,2.030,1.700,1,0,1.990,0,0,24,127,0,7,0
30-07 13:37:40,23.469,8.988,64.416,0.250,0,4487744,7608768,389504,3759892,15080.310,7610.064,0,866.868,0,107.859,5563,7467,1.600,2.030,1.700,2,0,0,0,0,24,127,0,7,0
30-07 13:37:41,19.770,9.760,69.320,0,0,4487724,7608768,389520,3759896,691.694,0,0,416.418,0,25.025,3336,3782,1.550,2.010,1.700,1,0,0,0,0,24,127,0,7,0
30-07 13:37:42,29.622,19.167,48.540,0,0,4488840,7607520,389560,3759968,14851.597,7800.175,0,593.427,0,48.788,5323,6225,1.550,2.010,1.700,12,0,2.987,0,0,24,127,0,7,0
30-07 13:37:43,42.810,14.354,41.551,0,0,4427928,7668260,389684,3760012,16004.008,7578.937,0,1289.346,0,150.088,7558,8271,1.550,2.010,1.700,3,0,56.409,0,0,24,126,0,7,0
30-07 13:37:44,31.826,24.864,40.280,0,0,4430544,7665500,389816,3760020,270.524,0,0,1197.466,0,112.387,6972,7246,1.550,2.010,1.700,4,0,121.338,0,0,24,126,0,7,0
30-07 13:37:45,15.318,24.609,58.761,0,0,4425888,7670080,389848,3760064,32515.388,22975.023,0,486.159,0,28.125,4544,3987,1.550,2.010,1.700,1,0,111.495,0,0,24,126,0,7,0
30-07 13:37:46,22.703,5.987,69.355,0,0,4458624,7637320,389872,3760064,47616.385,22451.032,0,486.981,0,30.935,2697,2474,1.510,1.990,1.700,3,0,0,0,0,24,126,0,6,0
30-07 13:37:47,24.279,6.508,68.581,0.250,0,4490492,7605316,390000,3760068,29730.239,14889.648,0,3660.339,0,186.221,3419,3599,1.510,1.990,1.700,2,0,0,0,0,24,126,0,6,0
30-07 13:37:48,22.249,6.500,69.747,0,0,4490428,7605316,390052,3760076,14795.380,7361.691,0,1327.944,0,66.997,3315,3454,1.510,1.990,1.700,1,0,4.000,0,0,24,128,0,6,0
30-07 13:37:49,17.262,11.758,68.796,0,0,4445052,7650688,390052,3760080,15714.559,7300.906,0,0,0,0,3526,2916,1.510,1.990,1.700,2,0,57.038,0,0,24,126,0,7,0
30-07 13:37:50,7.757,23.771,66.808,0,0,4451308,7644424,390052,3760088,60984.064,34738.227,0,8.007,0,2.002,4632,3428,1.510,1.990,1.700,1,0,135.118,0,0,24,126,0,6,0
30-07 13:37:51,7.469,22.406,66.968,0,0,4447304,7648424,390052,3760092,60625.543,34227.775,0,7.966,0,1.992,4556,3415,1.470,1.980,1.690,2,0,137.421,0,0,24,126,0,6,0
30-07 13:37:52,18.523,29.286,50.562,0,0,4482160,7613556,390052,3760104,70123.541,469899.211,0,20.024,0,5.006,5146,3512,1.470,1.980,1.690,2,0,120.147,0,0,24,126,0,6,0
30-07 13:37:53,8.272,24.817,65.176,0,0,4478572,7616984,390068,3760248,48838.729,146260.498,0,244.660,0,17.046,4722,3653,1.470,1.980,1.690,2,0,120.325,0,0,24,126,0,6,0
30-07 13:37:54,12.940,26.627,57.235,0,0,4468472,7627028,390068,3760760,59949.964,31073.885,0,167.224,0,10.949,6028,6698,1.470,1.980,1.690,10,0,141.344,0,0,24,126,0,6,0
30-07 13:37:55,19.802,26.821,51.887,0.251,0,4458492,7636912,390100,3760756,44777.348,22659.891,0,441.166,0,40.106,5573,6614,1.470,1.980,1.690,2,0,83.220,0,0,24,126,0,6,0
30-07 13:37:56,22.189,18.699,57.344,0,0,4431924,7663400,390128,3760308,46110.241,23917.768,0,402.901,0,25.929,4259,3611,1.430,1.960,1.690,2,0,39.891,0,0,24,126,0,6,0
30-07 13:37:57,27.828,26.324,43.622,0,0,4468008,7627284,390148,3760316,60805.151,33168.816,0,220.617,0,13.036,5329,3435,1.430,1.960,1.690,2,0,128.359,0,0,24,126,0,6,0
30-07 13:37:58,27.020,28.021,43.783,0,0,4500772,7594496,390160,3760328,60915.708,34093.582,0,196.147,0,14.011,5238,3437,1.430,1.960,1.690,2,0,131.098,0,0,24,126,0,6,0
30-07 13:37:59,32.917,27.181,38.153,0,0,4514532,7580360,390184,3760612,45148.750,23558.385,0,470.809,0,11.970,5861,4824,1.430,1.960,1.690,4,0,121.692,0,0,24,132,0,7,0
30-07 13:38:00,9.789,24.599,63.255,0,0,4519308,7575576,390188,3760616,60694.630,32041.142,0,140.567,0,9.036,4737,3629,1.430,1.960,1.690,1,0,125.506,0,0,24,132,0,7,0
30-07 13:38:01,33.127,35.119,29.141,0,0,4564212,7528152,390220,3763104,57827.459,569756.337,63.762,255.049,0.996,20.922,7497,10749,1.560,1.980,1.700,1,0,137.488,0,0,24,138,0,7,0
30-07 13:38:02,12.973,24.448,60.373,0,0,4564404,7527872,390264,3763508,60247.927,31120.362,0,965.963,0,36.922,5773,6153,1.560,1.980,1.700,2,0,95.798,0,0,24,138,0,7,0
30-07 13:38:03,19.084,23.353,56.248,0,0,4572184,7519992,390276,3763536,45201.596,22826.796,0,220.976,0,11.049,4894,5641,1.560,1.980,1.700,2,0,89.395,0,0,24,138,0,7,0
30-07 13:38:04,17.506,24.008,57.019,0,0,4572880,7519248,390276,3763188,44838.266,23075.857,0,12332.199,0,1516.516,6406,3508,1.560,1.980,1.700,3,0,70.024,0,0,26,138,0,7,0
30-07 13:38:05,45.673,30.948,22.462,0.250,0,4645420,7446672,390292,3763628,60978.569,34229.940,0,175.702,0,12.978,5619,3509,1.560,1.980,1.700,3,0,119.797,0,0,26,138,0,7,0
30-07 13:38:06,47.166,34.439,16.720,0,0,4713408,7378640,390336,3763628,46602.952,24278.735,0,223.602,0,26.952,5683,3878,1.670,1.990,1.700,4,0,148.735,0,0,26,138,0,7,0
30-07 13:38:07,53.426,27.961,17.476,0,0,4782636,7309368,390348,3763660,60986.588,34854.758,0,183.746,0,8.988,5696,3722,1.670,1.990,1.700,3,0,129.820,0,0,26,142,0,7,0
30-07 13:38:08,55.244,30.886,13.309,0,0,4807116,7283128,390364,3765348,45886.612,26778.239,0,184.816,0,14.062,7283,9076,1.670,1.990,1.700,2,0,157.696,0,0,26,154,0,7,0
30-07 13:38:09,10.515,24.535,62.589,0,0,4810240,7279852,390400,3765460,61147.817,31993.424,0,364.518,0,23.033,4818,3673,1.670,1.990,1.700,3,0,127.181,0,0,26,156,0,7,0
30-07 13:38:10,15.969,24.452,57.387,0,0,4811188,7278884,390436,3765476,71505.808,582513.944,0,343.327,0,27.945,5232,4237,1.670,1.990,1.700,3,0,113.777,0,0,26,160,0,7,0
30-07 13:38:11,17.055,25.833,55.178,0,0,4825424,7264584,390496,3765968,45535.697,23236.860,0,529.706,0,37.120,5847,6985,1.620,1.980,1.700,1,0,115.372,0,0,26,160,0,7,0
30-07 13:38:12,19.704,22.946,55.619,0,0,4826372,7263588,390500,3765956,44696.550,22917.931,0,171.595,0,8.979,4766,5796,1.620,1.980,1.700,2,0,78.814,0,0,26,160,0,7,0
30-07 13:38:13,23.998,24.248,49.746,0,0,4857112,7232736,390516,3765488,60401.741,32543.166,0,539.953,0,81.993,5253,3563,1.620,1.980,1.700,2,0,97.991,0,0,26,160,0,7,0
30-07 13:38:14,29.200,30.447,38.933,0,0,4902416,7187384,390540,3765508,46168.167,27726.057,0,1070.150,0,126.781,9242,3483,1.620,1.980,1.700,3,0,131.772,0,0,26,160,0,7,0
30-07 13:38:15,27.588,27.337,43.889,0,0,4942244,7147536,390540,3765528,46629.149,27049.942,0,4.013,0,1.003,5214,3341,1.620,1.980,1.700,3,0,131.418,0,0,26,160,0,7,0
30-07 13:38:16,16.180,25.639,55.759,0,0,4945608,7144056,390576,3765576,45362.216,25147.463,0,139.398,0,11.948,5012,3562,1.570,1.960,1.690,2,0,158.317,0,0,27,164,0,7,0
30-07 13:38:17,6.495,24.731,65.948,0,0,4944232,7145384,390608,3765588,61480.911,32722.405,0,159.875,0,15.987,4845,3790,1.570,1.960,1.690,1,0,136.893,0,0,27,164,0,7,0
30-07 13:38:18,33.085,24.814,41.356,0,0,4954664,7134872,390644,3765616,62408.020,35528.097,0,473.213,0,37.095,5386,4179,1.570,1.960,1.690,1,0,132.339,0,0,27,180,0,7,0
30-07 13:38:19,7.755,25.767,63.793,0,0,4953420,7135940,390648,3765752,57487.450,588565.657,0,88.059,0,6.004,4861,3549,1.570,1.960,1.690,1,0,123.082,0,0,27,180,0,7,0
30-07 13:38:20,7.260,25.035,64.841,0,0,4954860,7134488,390652,3765760,60727.197,32085.014,0,136.191,0,11.015,4587,3450,1.570,1.960,1.690,1,0,118.166,0,0,27,180,0,7,0
30-07 13:38:21,14.232,28.714,54.432,0,0,4969872,7119460,390668,3766252,60332.105,30999.518,0,151.812,0,13.983,5982,7178,1.520,1.940,1.690,1,0,129.839,0,0,27,180,0,7,0
30-07 13:38:22,26.702,26.203,45.669,0,0,5019144,7070172,390676,3766260,44476.798,22657.653,0,419.253,0,20.963,5325,5680,1.520,1.940,1.690,3,0,84.849,0,0,27,180,0,7,0
30-07 13:38:23,23.010,21.259,54.773,0,0,5002668,7086644,390676,3765772,46644.439,24732.307,0,12.005,0,2.001,4468,3211,1.520,1.940,1.690,4,0,70.029,0,0,27,180,0,6,0
30-07 13:38:24,25.983,28.731,43.722,0,0,5041772,7047528,390676,3765780,61062.653,33276.558,0,7.995,0,1.999,5190,3310,1.520,1.940,1.690,3,0,131.915,0,0,27,180,0,7,0
30-07 13:38:25,28.568,31.324,39.092,0,0,5079292,7009756,390692,3766012,46409.797,25867.197,0,164.389,0,12.028,5504,3946,1.520,1.940,1.690,2,0,144.341,0,0,27,181,0,7,0
30-07 13:38:26,30.944,25.703,40.676,0,0,5085312,7003688,390720,3766036,61851.253,32325.075,0,395.279,0,23.956,5771,4900,1.560,1.950,1.690,2,0,111.796,0,0,27,186,0,7,0
30-07 13:38:27,11.416,26.059,58.818,0,0,5089796,6998912,390732,3766292,66619.650,461909.080,0,329.579,0,18.861,5496,5118,1.560,1.950,1.690,3,0,118.132,0,0,27,186,0,5,0
30-07 13:38:28,39.616,43.401,16.906,0,0,5162744,6923628,390780,3771344,49425.737,148114.709,0,771.126,0,43.401,9179,18597,1.560,1.950,1.690,7,0,220.033,0,0,27,192,0,5,0
30-07 13:38:29,25.493,27.742,44.737,0,0,5146468,6939968,390804,3768916,61251.107,31853.695,0,431.874,0,19.994,5824,12424,1.560,1.950,1.690,3,0,82.976,0,0,27,192,0,6,0
30-07 13:38:30,23.014,22.263,53.783,0,0,5169248,6917112,390820,3768428,45111.266,24186.619,0,2901.754,0,16.010,4834,3564,1.560,1.950,1.690,3,0,77.047,0,0,27,192,0,6,0
30-07 13:38:31,25.506,30.757,41.510,0,0,5217308,6869008,390844,3768444,47068.044,31283.341,0,156.037,0,18.004,5316,3762,1.600,1.950,1.690,5,0,145.034,0,0,27,192,0,5,0
30-07 13:38:32,28.945,27.697,41.421,0,0,5240024,6846268,390856,3768452,45880.353,25730.845,0,343.344,0,15.969,5369,3776,1.600,1.950,1.690,5,0,149.714,0,0,27,193,0,5,0
30-07 13:38:33,33.054,32.575,28.024,0,0,5252224,6832236,390876,3770264,43951.986,24254.790,0,252.933,0,17.245,7241,8821,1.600,1.950,1.690,6,0,141.796,0,0,27,194,0,5,0
30-07 13:38:34,14.131,30.878,57.308,0.262,0,5259628,6823764,390920,3771260,64699.883,34606.671,0,406.128,0,29.308,5481,5158,1.600,1.950,1.690,2,0,174.802,0,0,27,198,0,5,0
30-07 13:38:35,9.993,28.979,58.958,0,0,5262072,6821304,390932,3771264,60771.757,32229.067,0,22723.830,0,2790.015,9727,3606,1.600,1.950,1.690,3,0,152.891,0,0,27,198,0,5,0
30-07 13:38:36,15.849,26.498,53.986,0,0,5272060,6811280,390960,3771272,53761.313,457800.763,0,447.739,0,25.755,5312,4174,1.630,1.950,1.700,5,0,150.567,0,0,27,204,0,5,0
30-07 13:38:37,8.332,23.985,66.905,0.252,0,5273084,6810252,390960,3771276,64829.794,151091.443,0,40.396,0,7.069,4593,3590,1.630,1.950,1.700,2,0,135.325,0,0,27,204,0,5,0
30-07 13:38:38,8.495,23.736,66.459,0,0,5265216,6818112,390960,3771284,54144.979,30755.244,0,7.995,0,1.999,4591,3494,1.630,1.950,1.700,2,0,133.918,0,0,27,204,0,5,0
30-07 13:38:39,8.759,25.527,63.817,0,0,5267476,6815768,391012,3771300,52318.554,27796.985,0,640.668,0,40.042,4831,3934,1.630,1.950,1.700,2,0,117.122,0,0,27,204,0,5,0
30-07 13:38:40,10.758,25.269,61.546,0,0,5272248,6810980,391032,3771312,62072.702,32979.813,0,148.111,0,16.012,4930,3963,1.630,1.950,1.700,1,0,120.090,0,0,27,204,0,5,0
30-07 13:38:41,13.513,26.775,57.804,0,0,5292080,6791104,391068,3771804,53006.228,27259.316,0,452.420,0,33.031,5997,6548,1.500,1.910,1.690,7,0,145.135,0,0,27,204,0,5,0
30-07 13:38:42,18.176,27.140,52.537,0,0,5287812,6795288,391072,3771800,52483.296,26556.373,0,179.273,0,9.960,5312,6246,1.500,1.910,1.690,3,0,90.633,0,0,27,204,0,5,0
30-07 13:38:43,26.447,20.958,50.649,0,0,5294228,6788776,391104,3771336,44586.285,23489.263,0,319.365,0,30.938,4396,3481,1.500,1.910,1.690,2,0,57.885,0,0,27,210,0,5,0
30-07 13:38:44,33.197,20.218,44.679,0,0,5369936,6713048,391116,3771344,59952.218,31865.091,0,814.698,0,103.834,4447,2829,1.500,1.910,1.690,3,0,63.898,0,0,27,210,0,5,0
30-07 13:38:45,43.765,10.816,45.023,0,0,5440200,6642768,391116,3771344,56917.853,582615.939,0,4.024,0,1.006,3850,2594,1.500,1.910,1.690,3,0,3.018,0,0,27,210,0,5,0
30-07 13:38:46,44.010,14.253,41.509,0,0,5533352,6548520,391116,3772420,29478.546,14595.241,0,4.001,0,1.000,3853,3528,1.540,1.920,1.690,3,0,4.001,0,0,27,210,0,5,0
30-07 13:38:47,43.024,9.948,44.765,0,0,5567060,6514528,391128,3772676,29496.094,14728.649,0,131.310,0,4.974,4293,3661,1.540,1.920,1.690,2,0,6.963,0,0,27,215,0,6,0
30-07 13:38:48,29.126,21.845,47.958,0,0,5459784,6621688,391132,3772768,31333.068,17510.039,0,152.663,0,6.026,4858,3590,1.540,1.920,1.690,4,0,92.401,0,0,27,214,0,6,0
30-07 13:38:49,23.885,54.839,14.380,2.925,0,5483188,6595648,391668,3774572,44343.962,22941.675,1817.240,2932.541,124.789,130.638,6521,5484,1.540,1.920,1.690,8,0,199.857,0,0,27,214,0,6,0
30-07 13:38:50,43.837,45.621,10.704,0.765,0,5512136,6561236,391844,3779688,62103.263,35256.891,1386.461,448.561,42.817,34.662,10168,18040,1.540,1.920,1.690,5,0,150.880,0,0,27,214,0,6,0
30-07 13:38:51,48.159,32.106,19.063,0,0,5538328,6534788,391860,3779920,62505.232,34320.237,16.053,513.695,1.003,41.136,6954,6712,1.820,1.970,1.710,6,0,132.437,0,0,27,218,0,5,0
30-07 13:38:52,50.648,31.592,16.298,0,0,5576340,6496736,391868,3779944,46554.209,23745.475,0,208.610,0,12.035,6243,6314,1.820,1.970,1.710,5,0,101.296,0,0,27,218,0,7,0
30-07 13:38:53,41.292,32.032,24.525,0,0,5534224,6538500,392120,3780036,61196.014,31347.767,0,3083.124,0,274.278,7644,8362,1.820,1.970,1.710,2,0,126.128,0,0,27,220,0,7,0
30-07 13:38:54,28.772,28.276,41.670,0,0,5581528,6491152,392132,3780052,44907.783,23736.248,0,321.457,0,17.859,5090,3470,1.820,1.970,1.710,2,0,116.082,0,0,27,220,0,8,0
30-07 13:38:55,36.284,31.245,30.741,0,0,5598036,6474452,392172,3780608,74561.174,587670.297,0,2697.132,0,34.268,6904,7419,1.820,1.970,1.710,3,0,139.090,0,0,27,220,0,7,0
30-07 13:38:56,36.827,29.362,31.602,0,0,5604488,6467836,392264,3780716,45266.741,22508.456,0,2496.295,0,227.931,6814,7642,1.910,1.990,1.710,4,0,83.608,0,0,27,222,0,7,0
30-07 13:38:57,45.497,23.867,29.088,0,0,5535852,6536360,392324,3780652,44927.730,23377.774,0,330.161,0,35.801,5301,4294,1.910,1.990,1.710,5,0,55.690,0,0,27,220,0,7,0
30-07 13:38:58,66.518,19.653,13.606,0.504,0,5629856,6442276,392372,3780712,61171.716,33817.543,8.063,350.733,1.008,21.165,5093,3524,1.910,1.990,1.710,3,0,83.652,0,0,27,221,0,7,0
30-07 13:38:59,61.001,15.434,19.599,0.980,0,5711932,6359424,392408,3781452,43320.989,22183.780,713.393,658.517,6.860,38.217,4974,3542,1.910,1.990,1.710,7,0,0.980,0,0,27,223,0,6,0
30-07 13:39:00,64.076,15.378,21.786,0.256,0,5753984,6316864,392508,3781812,15832.289,7812.086,0,873.477,0,35.882,6011,5674,1.910,1.990,1.710,3,0,3.076,0,0,27,225,0,9,0
30-07 13:39:01,62.463,16.359,19.829,0,0,5743888,6325180,392560,3783240,29803.614,15413.406,0,543.326,0,14.872,5319,4836,2,2,1.720,2,0,35.693,0,0,27,224,0,14,0
30-07 13:39:02,29.815,28.061,40.839,0,0,5791668,6277312,392568,3783312,62281.200,34905.333,0,156.342,0,7.015,5258,3731,2,2,1.720,3,0,119.261,0,0,27,224,0,14,0
30-07 13:39:03,27.512,27.011,43.518,0,0,5796912,6272028,392596,3783324,45973.467,26149.072,0,1632.691,0,26.011,5533,4308,2,2,1.720,2,0,136.058,0,0,27,226,0,14,0
30-07 13:39:04,28.573,27.571,42.108,0,0,5794376,6274368,392636,3783476,61052.373,31143.768,0,405.037,0,34.087,5878,5372,2,2,1.720,2,0,105.270,0,0,27,224,0,14,0
30-07 13:39:05,25.973,30.469,41.457,0,0,5753752,6314968,392648,3783484,70691.115,581232.733,0,363.625,0,18.980,5460,3927,2,2,1.720,3,0,132.863,0,0,27,224,0,14,0
30-07 13:39:06,34.434,27.993,35.178,0,0,5789744,6278964,392648,3784000,44792.541,23480.832,0,13730.183,0,1419.988,8407,5424,2.080,2.020,1.730,3,0,118.910,0,0,27,224,0,14,0
30-07 13:39:07,38.275,29.404,32.952,0,0,5810340,6258316,392672,3783988,45358.655,23478.295,0,494.792,0,22.306,6272,6646,2.080,2.020,1.730,4,0,109.503,0,0,27,224,0,14,0
30-07 13:39:08,39.838,26.642,32.120,0,0,5800644,6267924,392708,3783524,60222.816,31352.874,0,342.611,0,32.867,6264,5878,2.080,2.020,1.730,4,0,63.742,0,0,27,224,0,14,0
30-07 13:39:09,46.188,31.707,20.472,0,0,5826044,6242472,392744,3783540,61261.708,34160.113,0,247.667,0,19.973,5698,3905,2.080,2.020,1.730,3,0,121.836,0,0,27,224,0,14,0
30-07 13:39:10,46.980,30.574,20.880,0,0,5886712,6181748,392780,3783560,45469.850,26700.648,0,381.807,0,31.817,5993,4438,2.080,2.020,1.730,3,0,130.252,0,0,27,225,0,15,0
30-07 13:39:11,51.314,29.604,16.529,0,0,5909880,6158104,392852,3783904,59552.369,31795.210,0,1630.220,0,72.038,6336,5679,2.150,2.040,1.740,4,0,109.537,0,0,27,232,0,18,0
30-07 13:39:12,36.540,32.707,31.174,0,0,5892424,6174468,392908,3784912,62226.638,33298.063,0,506.963,0,50.083,6391,8108,2.150,2.040,1.740,3,0,134.918,0,0,27,232,0,18,0
30-07 13:39:13,28.777,30.279,39.287,0,0,5929712,6137036,392912,3785052,57620.353,454541.771,0,164.155,0,10.009,5487,4125,2.150,2.040,1.740,2,0,113.107,0,0,27,232,0,18,0
30-07 13:39:14,38.186,25.540,33.970,0,0,5943540,6123172,392924,3785176,47988.136,146659.235,0,448.311,0,7.935,5736,6386,2.150,2.040,1.740,2,0,80.339,0,0,27,233,0,18,0
30-07 13:39:15,38.673,25.615,34.655,0,0,5919660,6146988,392932,3785172,45200.249,22980.828,0,1281.735,0,138.620,6132,6550,2.150,2.040,1.740,2,0,87.391,0,0,27,234,0,18,0
30-07 13:39:16,43.192,30.887,24.107,0,0,5873076,6193520,392940,3785080,60549.924,33332.040,0,132.589,0,6.027,6106,4709,2.220,2.050,1.740,4,0,116.517,0,0,27,232,0,18,0
30-07 13:39:17,46.019,32.089,21.393,0,0,5959964,6106584,392940,3785092,45330.521,25633.366,0,3.980,0,0.995,5582,3657,2.220,2.050,1.740,5,0,134.326,0,0,27,232,0,18,0
30-07 13:39:18,48.592,31.810,19.286,0,0,5991520,6074908,392952,3785192,61078.099,32417.089,0,248.468,0,15.028,5830,4487,2.220,2.050,1.740,7,0,123.232,0,0,27,235,0,19,0
30-07 13:39:19,38.299,29.788,29.287,0,0,5990876,6073704,393024,3786920,45483.732,23497.825,0,1145.454,0,72.092,7131,9284,2.220,2.050,1.740,2,0,129.164,0,0,27,242,0,21,0
30-07 13:39:20,28.935,27.937,41.157,0,0,5962144,6102268,393052,3787052,61010.072,32664.155,0,450.980,0,37.914,5849,5014,2.220,2.050,1.740,4,0,121.725,0,0,27,240,0,21,0
30-07 13:39:21,34.434,29.877,35.447,0,0,6005412,6058988,393064,3787544,60462.822,30733.748,0,413.213,0,16.204,5366,5939,2.360,2.080,1.760,4,0,102.291,0,0,27,240,0,21,0
30-07 13:39:22,41.394,31.107,24.739,0,0,6051976,6012364,393076,3787572,56485.254,570229.382,0,184.192,0,14.696,6552,6538,2.360,2.080,1.760,4,0,90.137,0,0,27,242,0,21,0
30-07 13:39:23,46.215,28.574,23.108,0,0,6048716,6015544,393092,3787080,45213.525,24119.446,0,453.209,0,27.829,5987,4648,2.360,2.080,1.760,5,0,85.474,0,0,27,244,0,21,0
30-07 13:39:24,54.603,26.159,19.047,0.254,0,6051996,6012204,393120,3787108,63549.493,34524.186,0,357.585,0,30.476,5823,4515,2.360,2.080,1.760,4,0,92.444,0,0,27,242,0,21,0
30-07 13:39:25,59.353,19.866,18.394,0,0,6151576,5912372,393160,3787304,43375.654,22208.759,0,302.160,0,26.488,4817,3039,2.360,2.080,1.760,4,0,6.867,0,0,27,242,0,21,0
30-07 13:39:26,66.058,14.404,17.384,0,0,6214168,5848880,393332,3788008,29714.162,14977.773,0,2813.175,0,155.956,6425,5782,2.410,2.100,1.760,6,0,4.967,0,0,27,246,0,26,0
30-07 13:39:27,48.653,12.991,38.209,0,0,6216272,5846108,393368,3788620,15310.199,7794.691,0,2176.400,0,170.159,6173,6793,2.410,2.100,1.760,2,0,0,0,0,27,250,1,28,0
30-07 13:39:28,46.553,9.059,44.037,0,0,6150400,5911904,393432,3788628,15260.301,7756.472,0,543.537,0,52.341,4832,4422,2.410,2.100,1.760,2,0,7.046,0,0,27,251,1,29,0
30-07 13:39:29,58.835,16.524,22.783,0,0,6207256,5854992,393460,3788644,15003.709,7446.775,0,961.391,0,47.068,5326,17881,2.410,2.100,1.760,3,0,38.055,0,0,27,254,1,30,0
30-07 13:39:30,31.999,25.999,40.248,0.250,0,6212164,5850040,393480,3788652,45548.923,24964.862,0,13311.393,0,1636.925,7174,4459,2.410,2.100,1.760,4,0,108.995,0,0,27,255,1,30,0
30-07 13:39:31,27.837,26.843,42.749,0,0,6204596,5857596,393484,3788660,60222.937,33380.305,0,190.881,0,8.948,5658,4511,2.380,2.100,1.760,2,0,121.289,0,0,27,256,1,30,0
30-07 13:39:32,27.302,28.304,42.331,0,0,6181360,5880756,393512,3788688,60402.420,32973.007,0,352.674,0,30.057,5975,5086,2.380,2.100,1.760,2,0,118.226,0,0,27,254,1,30,0
30-07 13:39:33,27.227,29.724,41.464,0,0,6204692,5857412,393520,3788692,45905.524,24175.211,0,295.746,0,11.990,5214,3622,2.380,2.100,1.760,3,0,114.901,0,0,27,254,1,30,0
30-07 13:39:34,30.349,27.339,40.131,0,0,6231648,5830292,393540,3788832,74227.307,588376.692,0,309.009,0,18.059,5851,4343,2.380,2.100,1.760,4,0,114.373,0,0,27,255,1,30,0
30-07 13:39:35,32.329,27.567,39.346,0,0,6225696,5836208,393560,3788848,46467.086,24851.481,0,842.049,0,40.098,5652,4472,2.380,2.100,1.760,2,0,118.288,0,0,27,256,1,31,0
30-07 13:39:36,33.567,28.496,31.876,0,0,6221528,5840312,393608,3789348,58550.170,30108.701,0,440.474,0,42.502,7337,8146,2.430,2.110,1.770,8,0,129.437,0,0,27,254,1,31,0
30-07 13:39:37,29.548,34.173,36.999,0,0,6109148,5952632,393628,3789364,46396.631,23806.742,0,2413.151,0,438.848,7001,6695,2.430,2.110,1.770,10,0,142.857,0,0,27,256,1,31,0
30-07 13:39:38,18.325,16.798,64.137,0,0,6104068,5957712,393656,3788880,45066.111,22523.384,0,313.560,0,22.397,4001,4128,2.430,2.110,1.770,2,0,8.144,0,0,27,256,1,31,0
30-07 13:39:39,45.510,28.290,23.616,0,0,6146560,5915076,393760,3789348,59532.557,31515.847,0,991.881,0,65.929,5610,4183,2.430,2.110,1.770,3,0,93.481,0,0,28,258,1,31,0
30-07 13:39:40,47.203,20.337,31.385,0,0,6213248,5848328,393780,3789368,46256.453,24760.228,0,148.638,0,14.060,4893,3590,2.430,2.110,1.770,2,0,60.259,0,0,28,261,1,31,0
30-07 13:39:41,46.551,8.509,43.547,0,0,6276968,5784348,393820,3789588,44376.251,21911.825,0,556.605,0,25.027,4077,3261,2.400,2.110,1.770,5,0,2.002,0,0,28,261,1,31,0
30-07 13:39:42,47.103,6.446,44.376,0.248,0,6312844,5747808,393872,3790092,30123.165,14878.624,0,460.123,0,13.883,3899,2805,2.400,2.110,1.770,3,0,1.983,0,0,28,265,1,31,0
30-07 13:39:43,25.450,23.686,49.639,0,0,6314868,5744560,393916,3791248,59161.966,484126.665,0,471.699,0,42.332,7027,7859,2.400,2.110,1.770,2,0,103.814,0,0,28,262,1,32,0
30-07 13:39:44,9.244,20.236,67.704,0,0,6318552,5740836,393924,3791248,64157.094,166821.834,0,807.447,0,9.993,4558,3562,2.400,2.110,1.770,1,0,110.924,0,0,28,263,1,32,0
30-07 13:39:45,3.257,3.507,91.945,0,0,6318764,5740584,393956,3791252,50347.932,23825.602,0,264.562,0,18.038,1941,2571,2.400,2.110,1.770,0,0,1.002,0,0,28,263,2,32,0
30-07 13:39:46,6.247,2.999,88.212,0,0,6318712,5740584,393996,3791264,66273.597,31080.680,0,495.788,0,34.985,2306,2736,2.200,2.080,1.760,1,0,1.999,0,0,28,264,1,32,0
30-07 13:39:47,13.012,6.256,78.074,0,0,6316240,5741060,394016,3793192,2388407.082,84055.187,0,152.143,0,13.012,5844,4864,2.200,2.080,1.760,0,0,6.006,0,0,28,263,1,32,0
30-07 13:39:48,4.494,4.494,84.384,0,0,6314752,5737888,394036,3797732,5277481.448,120352.743,0,99.863,0,10.985,8348,5876,2.200,2.080,1.760,1,0,1.997,0,0,28,263,1,32,0
30-07 13:39:49,6.999,8.748,76.736,0,0,6314600,5728544,394072,3806924,9195772.611,195883.460,0,231.957,0,19.996,11209,9952,2.200,2.080,1.760,1,0,2.000,0,0,28,263,1,31,0
30-07 13:39:50,6.234,17.953,69.569,3.740,0,6316520,5723888,394104,3809584,402397.700,25487.665,2294.029,279.273,26.930,21.943,4415,3865,2.200,2.080,1.760,1,0,96.748,0,0,28,262,1,31,0
30-07 13:39:51,8.028,23.583,66.735,0,0,6320516,5719864,394124,3809592,61253.990,33335.546,0,1224.317,0,139.492,4975,3780,2.110,2.060,1.760,1,0,135.478,0,0,28,262,1,31,0
30-07 13:39:52,18.510,11.006,68.287,0,0,6358816,5681560,394128,3809592,59715.556,31649.255,0,40.022,0,4.002,3374,3031,2.110,2.060,1.760,1,0,27.015,0,0,28,262,1,31,0
30-07 13:39:53,40.207,13.236,46.701,0,0,6428600,5611744,394144,3809608,41961.540,568104.066,0,143.848,0,9.989,3990,2900,2.110,2.060,1.760,1,0,4.995,0,0,28,267,1,30,0
30-07 13:39:54,23.483,6.246,68.701,0,0,6429100,5611240,394144,3809612,26368.184,11026.132,0,3.997,0,0.999,3157,3110,2.110,2.060,1.760,3,0,0,0,0,28,272,1,32,0
30-07 13:39:55,23.748,7.249,65.993,0,0,6429152,5611016,394176,3809756,18982.070,10852.897,0,211.978,0,23.998,4747,5589,2.110,2.060,1.760,1,0,3.000,0,0,28,272,1,32,0
30-07 13:39:56,26.222,5.494,65.930,0,0,6428444,5611636,394236,3809784,15240.775,7288.241,0,391.583,0,42.954,4640,5212,2.020,2.040,1.750,1,0,0,0,0,28,272,1,33,0
30-07 13:39:57,28.759,7.190,61.236,0,0,6427736,5612252,394276,3809824,16398.368,8723.781,0,702.107,0,104.126,4972,5497,2.020,2.040,1.750,2,0,0.992,0,0,28,274,1,33,0
30-07 13:39:58,25.486,5.299,67.877,0,0,6423088,5616868,394280,3809848,768.099,0,0,201.866,0,11.103,4632,5160,2.020,2.040,1.750,0,0,2.019,0,0,28,274,1,33,0
30-07 13:39:59,25.747,5.749,66.241,0,0,6419756,5620096,394352,3809880,15093.956,7426.994,0,519.930,0,47.994,4884,5652,2.020,2.040,1.750,2,0,1.000,0,0,28,276,1,33,0
30-07 13:40:00,24.049,6.012,66.888,0,0,6416836,5622836,394384,3810028,15126.133,7311.048,0,276.569,0,23.047,4494,5173,2.020,2.040,1.750,1,0,0,0,0,28,278,1,35,0
30-07 13:40:01,27.480,12.991,54.710,1.999,0,6394908,5612268,394408,3842012,1043.244,0,0,8493.849,0,30.978,6114,7172,2.180,2.070,1.770,0,1,21.984,0,0,28,281,1,36,0
30-07 13:40:02,18.684,15.196,62.528,0.747,0,6326412,5696496,394472,3826144,31037.884,24355.591,0,10056.322,0,82.707,4222,3848,2.180,2.070,1.770,2,0,60.784,0,0,28,276,1,41,0
30-07 13:40:03,9.286,27.355,60.985,0,0,6334368,5688500,394472,3826180,61316.320,43373.165,0,6681.752,0,1054.062,6660,3659,2.180,2.070,1.770,1,0,150.580,0,0,28,276,1,41,0
30-07 13:40:04,7.730,22.941,66.331,0,0,6337328,5685484,394512,3826196,60986.205,34948.720,0,1212.902,0,60.845,5521,4516,2.180,2.070,1.770,1,0,201.485,0,0,28,276,1,41,0
30-07 13:40:05,18.546,12.782,67.167,0,0,6371552,5651244,394528,3826196,60257.946,32154.012,0,152.379,0,13.032,3534,3312,2.180,2.070,1.770,1,0,60.150,0,0,28,276,1,36,0
30-07 13:40:06,25.240,4.748,69.222,0,0,6416616,5606148,394556,3826200,29742.832,14586.033,0,343.859,0,25.989,2820,2761,2.080,2.060,1.760,1,0,0,0,0,28,276,1,36,0
30-07 13:40:07,10.728,20.209,66.616,0,0,6400276,5622472,394572,3826200,45760.278,25985.914,0,339.320,0,24.950,4603,3624,2.080,2.060,1.760,2,0,99.800,0,0,28,276,1,36,0
30-07 13:40:08,12.522,23.791,61.607,0,0,6396028,5626696,394576,3826220,68546.514,475652.320,0,905.579,0,205.358,5337,4007,2.080,2.060,1.760,1,0,113.197,0,0,28,276,1,36,0
30-07 13:40:09,9.241,23.978,63.941,0,0,6397744,5624808,394728,3826236,47739.869,148065.127,0,2605.591,0,142.868,5349,4573,2.080,2.060,1.760,2,0,120.888,0,0,28,276,1,36,0
30-07 13:40:10,8.513,22.785,66.351,0,0,6398000,5624520,394740,3826256,60913.448,33941.513,0,180.274,0,19.029,4904,3942,2.080,2.060,1.760,2,0,113.172,0,0,28,276,1,36,0
30-07 13:40:11,7.940,24.813,63.273,0,0,6384676,5637800,394760,3826276,60745.041,36780.709,0,329.516,0,24.813,5027,4127,2.240,2.090,1.770,5,0,133.990,0,0,28,276,1,36,0
30-07 13:40:12,7.009,18.524,72.344,0,0,6378160,5644272,394784,3826280,61338.474,32494.101,0,228.296,0,22.029,4203,3564,2.240,2.090,1.770,0,0,92.119,0,0,28,276,1,36,0
30-07 13:40:13,7.042,4.275,87.773,0,0,6372980,5649452,394784,3826280,44822.981,22936.618,0,700.170,0,7.042,2049,2446,2.240,2.090,1.770,2,0,11.066,0,0,28,276,1,32,0
30-07 13:40:14,21.200,7.233,69.336,0,0,6386832,5635592,394792,3826280,44282.301,23033.541,0,195.538,0,8.979,2593,2517,2.240,2.090,1.770,1,0,0,0,0,28,276,1,32,0
30-07 13:40:15,24.190,6.235,68.330,0,0,6416312,5606108,394792,3826284,29518.661,14783.271,0,35.911,0,2.993,3282,3294,2.240,2.090,1.770,1,0,0.998,0,0,28,283,1,33,0
30-07 13:40:16,24.101,6.276,69.039,0,0,6416280,5606108,394808,3826300,15832.197,7651.994,0,176.739,0,11.046,3520,3608,2.140,2.070,1.770,2,0,2.008,0,0,28,297,1,33,0
30-07 13:40:17,17.244,12.746,67.477,0,0,6369096,5653292,394812,3826296,15192.886,7603.441,0,59.980,0,3.999,3924,3284,2.140,2.070,1.770,1,0,69.976,0,0,28,300,1,33,0
30-07 13:40:18,6.500,13.000,69.001,10.500,0,6366064,5649636,394904,3832584,60660.156,33202.633,3184.061,20.000,95.002,1.000,3504,3242,2.140,2.070,1.770,1,0,42.001,0,0,28,300,1,33,0
30-07 13:40:19,7.493,4.496,63.943,21.481,0,6357292,5648476,394948,3842384,42397.996,578724.251,9095.847,299.731,91.918,20.981,3280,3781,2.140,2.070,1.770,0,1,2.997,0,0,28,300,1,33,0
30-07 13:40:20,3.503,3.003,69.314,22.771,0,6348248,5647760,394968,3852052,30067.821,14605.514,9428.724,200.185,90.083,21.019,2257,2832,2.140,2.070,1.770,0,1,20.019,0,0,28,302,1,33,0
30-07 13:40:21,2.002,4.004,69.324,23.024,0,6339380,5647760,394984,3860844,14937.894,7465.944,7896.402,3952.205,77.082,80.085,2052,2489,2.050,2.050,1.760,0,1,0,0,0,28,302,1,30,0
30-07 13:40:22,2.497,2.996,69.905,22.969,0,6334564,5645996,394988,3867360,29730.559,14719.977,6059.757,12443.074,54.925,12.982,1958,2452,2.050,2.050,1.760,0,1,1.997,0,0,28,302,1,30,0
30-07 13:40:23,8.831,6.560,61.058,22.960,0,6374652,5598620,394992,3874608,363.322,0,6031.138,20.185,57.526,4.037,2366,2596,2.050,2.050,1.760,0,1,4.037,0,0,28,302,1,30,0
30-07 13:40:24,4.457,3.714,66.852,22.779,0,6375016,5589704,394996,3883092,15407.640,7225.953,7111.066,312.966,66.357,24.760,2413,3023,2.050,2.050,1.760,1,1,0,0,0,28,302,1,31,0
30-07 13:40:25,7.264,5.761,64.121,21.290,0,6410328,5548088,395008,3889336,15124.435,7375.867,6468.161,152.286,60.113,13.024,2522,3004,2.050,2.050,1.760,0,1,3.006,0,0,28,302,1,31,0
30-07 13:40:26,4.243,6.988,65.890,21.215,0,6400844,5547836,395044,3898944,15249.630,7283.882,9056.933,355.409,87.854,32.945,2558,3021,1.960,2.030,1.760,0,1,5.990,0,0,28,302,1,30,0
30-07 13:40:27,2.500,2.500,70.753,22.501,0,6398828,5541548,395044,3907216,650.024,148.005,7664.278,48.002,76.003,3.000,1892,2445,1.960,2.030,1.760,1,0,0,0,0,28,302,1,30,0
30-07 13:40:28,3.500,4.500,67.997,22.249,0,6395696,5538128,395076,3913704,15663.260,7619.640,6119.711,2383.887,70.997,437.979,2667,2840,1.960,2.030,1.760,1,1,22.999,0,0,28,304,1,31,0
30-07 13:40:29,5.489,4.990,65.366,21.706,0,6386588,5537716,395112,3923544,824.311,0,9017.518,498.977,87.820,36.924,2603,3128,1.960,2.030,1.760,2,0,13.971,0,0,28,304,1,31,0
30-07 13:40:30,15.526,10.267,56.094,17.530,0,6388052,5526648,395116,3932672,16665.061,8825.861,8814.842,48.081,77.130,4.007,3814,9455,1.960,2.030,1.760,0,1,22.037,0,0,28,304,1,23,0
30-07 13:40:31,2.256,2.757,71.693,22.561,0,6377348,5528308,395120,3941632,573.543,0,8398.594,0,84.227,0,1764,2353,1.880,2.020,1.760,0,1,2.005,0,0,28,304,1,23,0
30-07 13:40:32,2.239,1.990,70.643,22.636,0,6369332,5526056,395120,3951852,747.227,147.257,9870.166,0,97.508,0,1815,2405,1.880,2.020,1.760,0,1,0,0,0,28,304,1,23,0
30-07 13:40:33,3.013,4.018,69.805,22.097,0,6356100,5523800,395140,3967240,15260.701,7653.451,13675.773,172.755,128.562,15.066,2309,2882,1.880,2.020,1.760,0,1,0,0,0,28,304,1,23,0
30-07 13:40:34,4.743,8.738,69.402,14.729,0,6340028,5525528,395148,3981488,630.113,0,12829.936,211.702,123.826,9.986,2859,3074,1.880,2.020,1.760,1,0,17.975,0,0,28,304,1,22,0
30-07 13:40:35,2.502,4.253,70.298,21.765,0,6340496,5504624,395160,4001816,858.582,74.050,19757.383,112.076,198.134,13.009,2507,2827,1.880,2.020,1.760,0,1,1.001,0,0,28,304,1,22,0
30-07 13:40:36,2.501,3.501,70.278,22.259,0,6340408,5489756,395164,4016680,17498.041,20644.307,14365.781,0,138.056,0,2147,2586,1.810,2,1.750,0,1,0,0,0,28,304,1,22,0
30-07 13:40:37,5.999,11.248,67.991,12.998,0,6342208,5475392,395172,4029156,60817.728,35887.119,12014.366,63.991,113.984,2.000,3435,3207,1.810,2,1.750,0,1,27.996,0,0,28,304,1,22,0
30-07 13:40:38,2.749,3.999,69.975,21.742,0,6342168,5454756,395172,4049736,30074.264,14790.720,19868.907,0,172.938,0,2552,2827,1.810,2,1.750,0,1,0,0,0,28,304,1,21,0
30-07 13:40:39,3.984,5.976,68.470,19.172,0,6336272,5445684,395228,4064568,29535.340,14759.702,14680.028,386.421,135.447,29.878,2861,3312,1.810,2,1.750,1,0,7.967,0,0,28,304,1,21,0
30-07 13:40:40,6.781,9.292,67.307,15.069,0,6337324,5431824,395260,4077276,45257.367,26814.269,12464.838,208.953,148.678,28.128,3338,3449,1.810,2,1.750,0,1,20.092,0,0,28,304,1,21,0
30-07 13:40:41,4.983,5.233,66.031,20.931,0,6337188,5411424,395284,4097692,31062.984,16023.859,19539.201,310.969,225.253,23.921,2979,3487,1.750,1.980,1.750,0,1,0,0,0,28,304,1,21,0
30-07 13:40:42,5.017,9.031,68.988,15.303,0,6333736,5399208,395292,4113288,30696.748,18862.982,15248.530,40.138,174.601,4.014,3226,3151,1.750,1.980,1.750,0,1,16.055,0,0,28,304,1,21,0
30-07 13:40:43,3.751,5.501,68.267,20.255,0,6329540,5384736,395308,4131876,55851.641,600482.662,18476.513,124.030,204.050,12.003,3339,3340,1.750,1.980,1.750,2,0,3.001,0,0,28,304,1,21,0
30-07 13:40:44,4.742,11.731,69.636,11.731,0,6331388,5370888,395320,4143796,45706.994,27297.205,11289.474,263.567,152.749,13.977,3407,3104,1.750,1.980,1.750,0,1,25.957,0,0,28,304,1,21,0
30-07 13:40:45,3.500,3.750,69.242,21.747,0,6331992,5355528,395320,4158504,44728.730,22665.329,13990.351,47.994,161.981,3.000,2573,2961,1.750,1.980,1.750,1,1,2.000,0,0,28,304,1,21,0
30-07 13:40:46,4.738,10.223,68.071,14.961,0,6332004,5340420,395320,4173552,34076.237,21399.630,14569.621,3.989,197.480,0.997,3254,3023,1.770,1.980,1.750,1,1,17.953,0,0,28,304,1,20,0
30-07 13:40:47,2.510,4.016,71.276,20.580,0,6331648,5320008,395320,4194208,41643.335,20254.470,20017.552,52.202,242.941,3.012,2813,3041,1.770,1.980,1.750,0,1,0,0,0,28,304,1,20,0
30-07 13:40:48,10.996,11.996,60.731,14.495,0,6336000,5305192,395348,4204596,45210.512,25823.725,10064.775,223.928,119.962,18.994,4139,4476,1.770,1.980,1.750,0,1,23.992,0,0,28,304,1,22,0
30-07 13:40:49,3.218,4.703,67.582,21.537,0,6335996,5290072,395364,4219656,29781.530,14514.486,14278.816,364.397,168.336,26.736,3018,3344,1.770,1.980,1.750,1,0,1.980,0,0,28,304,1,22,0
30-07 13:40:50,4.292,9.593,68.920,15.905,0,6337420,5275988,395364,4232268,30606.468,18812.844,12093.539,8.079,146.423,2.020,3086,3006,1.770,1.980,1.750,0,1,16.157,0,0,28,304,1,22,0
30-07 13:40:51,3.978,4.475,68.124,21.133,0,6337588,5258612,395392,4249384,44267.944,21929.102,16218.585,234.706,202.881,23.868,2897,3036,1.710,1.970,1.740,1,0,0,0,0,28,304,1,22,0
30-07 13:40:52,11.049,18.332,64.788,4.269,0,6340340,5251560,395392,4253664,47773.447,30066.706,3965.635,200.893,52.232,43.192,4438,3654,1.710,1.970,1.740,3,0,62.277,0,0,28,304,1,22,0
30-07 13:40:53,5.022,8.035,67.296,19.335,0,6358616,5216280,395392,4270588,45341.546,22842.529,15974.302,16.071,203.897,4.018,3071,3010,1.710,1.970,1.740,2,1,6.027,0,0,28,304,1,22,0
30-07 13:40:54,8.483,6.736,61.875,20.459,0,6351128,5207964,395392,4286344,29714.981,14790.127,14997.707,2810.324,174.647,544.899,3847,3165,1.710,1.970,1.740,0,1,0,0,0,28,304,1,21,0
30-07 13:40:55,9.995,17.992,65.970,3.748,0,6354224,5202484,395404,4288680,57921.664,597008.552,2414.902,179.918,30.986,11.995,4619,3958,1.710,1.970,1.740,0,1,59.973,0,0,28,304,1,21,0
30-07 13:40:56,2.997,4.246,69.184,21.479,0,6351956,5185564,395436,4307756,44408.344,22064.806,17934.773,267.743,244.765,20.980,3056,3350,1.650,1.950,1.740,0,1,0,0,0,28,304,1,21,0
30-07 13:40:57,5.255,12.011,68.062,12.261,0,6352604,5174008,395436,4318616,30387.713,18923.257,10257.354,0,127.116,0,3534,3173,1.650,1.950,1.740,0,1,26.024,0,0,28,304,1,21,0
30-07 13:40:58,5.241,5.491,68.384,19.966,0,6347120,5161408,395460,4336612,45308.399,22398.132,17470.463,411.305,261.558,32.944,3336,3446,1.650,1.950,1.740,1,0,2.995,0,0,28,304,1,19,0
30-07 13:40:59,5.501,9.502,68.266,14.503,0,6347588,5149564,395480,4347900,45284.876,26674.406,10774.588,196.047,136.033,20.005,3373,3502,1.650,1.950,1.740,0,1,16.004,0,0,28,304,1,19,0
30-07 13:41:00,3.255,6.761,70.118,18.030,0,6338628,5141752,395480,4364624,44466.060,22153.396,16636.082,0,163.276,0,3067,3188,1.650,1.950,1.740,2,0,8.014,0,0,28,304,1,19,0
30-07 13:41:01,12.240,12.989,55.703,16.986,0,6339548,5125876,395500,4379480,45289.779,25968.085,14539.730,307.740,152.871,14.987,3985,3457,1.600,1.930,1.740,0,1,9.992,0,0,28,304,1,19,0
30-07 13:41:02,5.747,9.995,67.963,14.742,0,6337744,5118096,395528,4389004,45420.325,27369.131,9266.966,115.937,87.952,11.993,3284,3090,1.600,1.930,1.740,1,1,15.991,0,0,28,302,1,8,2
30-07 13:41:03,7.480,10.223,65.327,14.462,0,6337344,5108516,395528,4398952,46540.965,28904.588,9901.824,0,96.744,0,3359,3257,1.600,1.930,1.740,1,0,15.958,0,0,28,302,1,8,2
30-07 13:41:04,4.263,9.027,69.204,15.797,0,6339408,5094404,395528,4410936,46478.264,27408.947,11855.011,4.012,131.388,1.003,3251,3242,1.600,1.930,1.740,1,0,18.053,0,0,28,302,1,8,2
30-07 13:41:05,4.500,5.000,68.746,19.249,0,6336384,5079548,395528,4428784,55321.129,462388.003,15943.173,4.000,175.991,1.000,3181,3325,1.600,1.930,1.740,0,1,1.000,0,0,28,302,1,8,2
30-07 13:41:06,6.002,9.753,68.519,14.254,0,6338832,5064432,395540,4441336,48032.322,149099.353,11415.166,100.028,140.039,6.002,3438,3220,1.550,1.920,1.730,0,1,17.005,0,0,28,302,1,8,2
30-07 13:41:07,2.737,4.230,69.425,21.151,0,6338852,5047296,395540,4458388,44364.575,22064.836,15989.243,0,218.976,0,2789,2884,1.550,1.920,1.730,0,1,1.991,0,0,28,302,1,8,2
30-07 13:41:08,5.002,9.504,70.032,14.256,0,6339308,5035704,395540,4469476,45365.466,27574.440,10648.804,92.042,141.064,2.001,3077,3003,1.550,1.920,1.730,0,1,16.007,0,0,28,302,1,8,2
30-07 13:41:09,3.266,4.523,69.096,21.608,0,6339540,5018064,395572,4486772,30673.729,14731.832,16780.098,297.491,219.098,22.111,3132,3361,1.550,1.920,1.730,1,1,0,0,0,28,302,1,8,2
30-07 13:41:10,4.749,9.249,68.243,15.498,0,6339432,5004708,395600,4500144,45160.131,25825.215,12674.633,131.986,189.980,15.998,3487,3420,1.550,1.920,1.730,0,1,17.998,0,0,28,302,1,8,2
30-07 13:41:11,5.250,9.500,67.998,14.999,0,6340932,4989820,395632,4513428,45702.449,28157.044,12547.574,291.990,164.994,22.999,3529,3437,1.500,1.900,1.730,1,1,15.999,0,0,28,302,1,8,2
30-07 13:41:12,5.251,9.253,67.769,15.754,0,6335344,4982580,395636,4526188,45243.587,24870.919,12491.475,188.052,133.037,8.002,3564,3496,1.500,1.900,1.730,1,0,16.004,0,0,28,302,1,8,2
30-07 13:41:13,3.247,5.245,69.188,20.482,0,6335628,4964408,395692,4543956,44820.160,22837.700,16996.892,1998.224,168.850,129.885,3095,3291,1.500,1.900,1.730,0,1,1.998,0,0,28,302,1,8,2
30-07 13:41:14,7.250,9.249,66.246,14.999,0,6335784,4950812,395692,4557332,46630.473,28375.462,12827.305,31.998,130.993,3.000,3419,3266,1.500,1.900,1.730,0,1,15.999,0,0,28,302,1,8,2
30-07 13:41:15,6.756,16.514,67.055,8.257,0,6339852,4935692,395692,4568320,46224.036,26717.985,10612.733,0,109.090,0,4124,3627,1.500,1.900,1.730,1,0,70.058,0,0,28,302,1,8,2
30-07 13:41:16,24.527,5.506,68.074,0,0,6382536,4893008,395696,4568316,73568.868,612278.707,0,64.070,0,4.004,3233,2710,1.540,1.910,1.730,1,0,3.003,0,0,28,302,1,8,2
30-07 13:41:17,21.998,6.999,70.244,0,0,6421060,4854480,395696,4568320,44328.505,22100.257,0,4.000,0,1.000,2703,2543,1.540,1.910,1.730,1,0,1.000,0,0,28,302,1,8,2
30-07 13:41:18,24.486,4.248,70.211,0,0,6457348,4818192,395696,4568320,29878.260,14715.755,0,19.989,0,1.999,2585,2351,1.540,1.910,1.730,2,0,0,0,0,28,302,1,8,2
30-07 13:41:19,26.228,4.746,67.194,0,0,6481200,4794252,395768,4568332,30806.446,16879.998,0,639.470,0,64.946,3626,4072,1.540,1.910,1.730,3,0,5.995,0,0,28,306,1,7,2
30-07 13:41:20,23.471,5.992,68.664,0.250,0,6443624,4831816,395792,4568320,51816.121,24924.792,0,263.670,0,14.981,2934,2627,1.540,1.910,1.730,5,0,4.994,0,0,28,302,1,7,2
30-07 13:41:21,23.531,5.507,69.841,0,0,6482628,4792756,395808,4568360,53500.057,29214.255,0,148.194,0,8.010,2632,2444,1.580,1.910,1.730,2,0,0,0,0,28,302,1,7,2
30-07 13:41:22,23.528,6.508,69.332,0.250,0,6506048,4769320,395824,4568360,44624.019,22909.219,0,476.566,0,28.033,2717,2507,1.580,1.910,1.730,1,0,2.002,0,0,28,302,1,7,2
30-07 13:41:23,20.568,7.682,69.635,0,0,6528944,4746404,395844,4568360,15146.190,7684.114,0,126.879,0,12.886,2608,2605,1.580,1.910,1.730,2,0,2.974,0,0,28,305,1,7,2
30-07 13:41:24,31.518,8.321,59.759,0,0,6526096,4748816,395864,4568772,31380.300,17083.519,0,193.650,0,20.172,4055,3847,1.580,1.910,1.730,1,0,5.043,0,0,28,308,1,8,2
30-07 13:41:25,25.473,12.860,58.117,0.495,0,6496356,4778652,395884,4568656,46117.690,24543.673,3.957,3355.453,0.989,624.201,4628,4011,1.580,1.910,1.730,2,0,17.806,0,0,28,302,1,8,2
30-07 13:41:26,28.316,10.871,60.424,0,0,6541488,4733604,395896,4568548,45268.295,22923.881,0,149.671,0,12.135,3291,2899,1.620,1.910,1.730,1,0,6.068,0,0,28,302,1,8,2
30-07 13:41:27,25.459,4.493,68.639,0,0,6543740,4731352,395896,4568548,39248.640,456908.400,0,3.994,0,0.998,3015,2629,1.620,1.910,1.730,2,0,0,0,0,28,302,1,7,2
30-07 13:41:28,17.981,13.486,66.680,0,0,6515336,4759576,395916,4568704,17846.289,134161.335,0,319.665,0,14.984,3730,3005,1.620,1.910,1.730,1,0,68.928,0,0,28,302,1,8,2
30-07 13:41:29,8.515,24.544,64.615,0,0,6485316,4789512,395984,4568712,60988.362,34609.493,512.911,837.488,4.007,44.078,5037,4249,1.620,1.910,1.730,1,0,118.210,0,0,28,302,1,8,2
30-07 13:41:30,17.767,31.781,47.796,0,0,6451796,4823024,395984,4568720,46203.634,24755.915,0,0,0,0,5781,10235,1.620,1.910,1.730,1,0,164.159,0,0,28,302,1,9,2
30-07 13:41:31,6.747,25.738,64.720,0,0,6441320,4833428,395988,4568784,61547.084,60901.387,0,235.889,0,31.985,5071,3833,1.650,1.910,1.730,2,0,164.923,0,0,28,302,1,7,2
30-07 13:41:32,11.218,19.195,67.805,0,0,6434192,4840532,395988,4568792,61030.448,33990.228,0,0,0,0,4377,3582,1.650,1.910,1.730,4,0,118.659,0,0,28,302,1,7,2
30-07 13:41:33,19.310,9.530,68.965,0,0,6424316,4850404,395988,4568796,45180.809,23455.099,0,40.125,0,1.003,3068,2781,1.650,1.910,1.730,1,0,37.116,0,0,28,302,1,7,2
30-07 13:41:34,23.515,6.754,69.295,0,0,6450608,4824092,395996,4568804,45657.494,22402.471,0,144.093,0,4.003,2955,2714,1.650,1.910,1.730,1,0,19.012,0,0,28,302,1,7,2
30-07 13:41:35,14.736,4.746,78.676,0,0,6457116,4817536,396028,4568820,50909.806,25045.291,0,375.644,0,24.976,2401,2554,1.650,1.910,1.730,1,0,1.998,0,0,28,303,1,7,2
30-07 13:41:36,25.008,8.083,67.192,0.253,0,6456556,4810824,396036,4574924,32247.154,17004.147,0,804.284,0,12.125,3003,2838,1.590,1.900,1.730,1,0,2.021,0,0,28,302,1,7,2
30-07 13:41:37,22.248,8.405,64.768,0,0,6434760,4832112,396036,4575220,69753.497,470631.913,0,0,0,0,6406,9781,1.590,1.900,1.730,2,0,8.899,0,0,28,302,1,7,2
30-07 13:41:38,19.764,11.258,66.046,0,0,6452364,4813504,396036,4576104,32873.769,131156.841,0,0,0,0,4912,7851,1.590,1.900,1.730,1,0,8.006,0,0,28,302,1,7,2
30-07 13:41:39,19.757,7.753,70.524,0,0,6441324,4824356,396052,4576240,50018.184,26031.944,0,880.302,0,27.009,2980,3079,1.590,1.900,1.730,1,0,1.000,0,0,28,303,0,7,2
30-07 13:41:40,19.496,5.749,73.736,0,0,6446748,4818652,396080,4576452,49293.752,32061.985,0,515.903,0,21.996,2779,2835,1.590,1.900,1.730,2,0,2.999,0,0,28,303,1,7,2
30-07 13:41:41,21.463,11.979,63.141,0,0,6453444,4811896,396104,4576484,44495.180,21924.149,0,367.366,0,23.959,6901,12198,1.630,1.900,1.730,1,0,11.979,0,0,28,303,1,7,2
30-07 13:41:42,17.530,11.019,69.870,0,0,6425324,4839912,396104,4576548,31362.873,15624.840,0,176.303,0,2.003,2845,2588,1.630,1.900,1.730,1,0,7.012,0,0,28,303,1,7,2
30-07 13:41:43,22.413,6.973,68.981,0,0,6386540,4885396,396276,4570500,46187.740,24012.286,0,1310.884,0,116.545,3153,2724,1.630,1.900,1.730,3,0,21.914,0,0,28,302,1,7,2
30-07 13:41:44,7.774,22.320,67.712,0,0,6382248,4889672,396284,4570508,61136.237,34844.997,0,473.481,0,9.028,4958,3872,1.630,1.900,1.730,3,0,142.446,0,0,28,302,1,7,2
30-07 13:41:45,22.011,21.761,53.776,0,0,6376264,4895604,396320,4570524,45230.224,24351.965,0,252.124,0,27.013,5340,5004,1.630,1.900,1.730,2,0,108.053,0,0,28,302,1,7,2
30-07 13:41:46,23.236,6.496,69.457,0.250,0,6416304,4855536,396348,4570524,44865.420,22198.354,0,2210.641,0,413.746,3091,2578,1.580,1.880,1.730,2,0,1.999,0,0,28,302,1,7,2
30-07 13:41:47,28.010,5.502,65.774,0,0,6434952,4836648,396352,4570760,17285.274,9036.280,0,44.016,0,4.001,2895,2628,1.580,1.880,1.730,1,0,0,0,0,28,302,1,7,2
30-07 13:41:48,28.754,8.751,60.009,0,0,6436740,4834784,396384,4570804,30203.441,15374.261,0,372.055,0,25.004,4416,4674,1.580,1.880,1.730,1,0,8.001,0,0,28,302,1,11,2
30-07 13:41:49,12.996,20.244,64.981,0,0,6406444,4865052,396396,4570820,25154.625,450509.911,0,119.965,0,12.996,4732,3935,1.580,1.880,1.730,3,0,116.966,0,0,28,302,1,11,2
30-07 13:41:50,19.186,9.468,69.020,0,0,6419252,4852240,396396,4570824,62237.503,161842.425,0,151.495,0,2.990,2886,2739,1.580,1.880,1.730,2,0,1.993,0,0,28,302,1,11,2
30-07 13:41:51,23.843,5.521,70.022,0,0,6443924,4827556,396404,4570828,30116.923,15018.305,0,369.434,0,16.062,2710,2541,1.530,1.870,1.720,1,0,0,0,0,28,302,1,11,2
30-07 13:41:52,23.711,6.489,69.637,0,0,6412024,4859448,396404,4570836,15539.720,7431.910,0,3.994,0,0.998,2840,2573,1.530,1.870,1.720,2,0,13.977,0,0,28,302,1,9,2
30-07 13:41:53,15.539,14.536,67.418,0,0,6442988,4828476,396404,4570844,45036.189,23041.398,0,12.030,0,2.005,3586,3151,1.530,1.870,1.720,1,0,58.145,0,0,28,302,1,9,2
30-07 13:41:54,28.204,7.488,63.148,0,0,6471216,4800120,396404,4570972,29786.910,14634.373,0,107.826,0,5.990,2900,2420,1.530,1.870,1.720,3,0,0,0,0,28,302,1,10,2
30-07 13:41:55,24.008,6.002,67.774,0,0,6479260,4792056,396412,4570984,29726.316,15083.235,0,240.083,0,24.008,3293,3284,1.530,1.870,1.720,3,0,3.001,0,0,28,302,1,10,2
30-07 13:41:56,16.257,14.256,68.029,0,0,6403964,4867324,396432,4570992,31006.139,17693.498,0,104.044,0,13.006,3755,3426,1.410,1.840,1.710,1,0,56.024,0,0,28,302,1,9,2
30-07 13:41:57,22.479,6.244,69.933,0,0,6427816,4843464,396436,4570996,32019.515,16052.716,0,59.943,0,5.994,2819,2680,1.410,1.840,1.710,1,0,0,0,0,28,302,1,9,2
30-07 13:41:58,27.475,6.994,63.943,0,0,6437104,4834140,396452,4571016,31304.856,15996.618,0,207.813,0,15.986,3235,3008,1.410,1.840,1.710,1,0,1.998,0,0,28,302,1,11,2
30-07 13:41:59,21.583,9.179,66.735,0,0,6374316,4896888,396484,4571024,15204.633,7371.101,0,531.894,0,36.717,3646,3393,1.410,1.840,1.710,3,0,31.755,0,0,28,302,1,14,2
30-07 13:42:00,22.898,8.052,68.443,0,0,6419428,4851780,396484,4571028,45307.957,24017.294,0,12.078,0,2.013,2899,2825,1.410,1.840,1.710,1,0,0,0,0,28,302,1,13,2
30-07 13:42:01,23.911,5.480,68.245,0,0,6451172,4820028,396488,4571032,29665.078,14669.150,0,2753.703,0,534.003,3367,2606,1.370,1.820,1.710,1,0,1.993,0,0,28,302,1,13,2
30-07 13:42:02,24.627,8.544,66.343,0,0,6442900,4828200,396536,4571088,45946.580,24175.004,0,293.518,0,33.172,3740,3725,1.370,1.820,1.710,1,0,21.109,0,0,28,302,1,13,2
30-07 13:42:03,19.176,11.456,67.491,0,0,6470728,4800368,396540,4571088,57737.332,584432.224,0,115.556,0,6.973,3480,3203,1.370,1.820,1.710,1,0,26.897,0,0,28,302,1,13,2
30-07 13:42:04,23.861,6.279,69.070,0,0,6505004,4766092,396540,4571088,30052.266,15184.366,0,2334.820,0,67.312,2809,2431,1.370,1.820,1.710,2,0,2.009,0,0,28,302,1,13,1
30-07 13:42:05,25.123,4.477,68.404,0,0,6497948,4772992,396560,4571232,18715.421,9637.297,0,716.380,0,33.829,3002,2901,1.370,1.820,1.710,3,0,0.995,0,0,28,302,1,15,1
30-07 13:42:06,18.567,12.294,68.246,0,0,6471320,4799616,396576,4571220,30569.048,16326.776,0,144.520,0,13.047,3334,3209,1.340,1.810,1.700,3,0,32.116,0,0,28,302,1,15,1
30-07 13:42:07,24.259,5.002,68.775,0,0,6499032,4771888,396576,4571236,44652.545,23082.553,0,0,0,0,2686,2484,1.340,1.810,1.700,1,0,2.001,0,0,28,302,1,15,1
30-07 13:42:08,24.738,5.997,68.716,0,0,6495452,4775452,396612,4571216,30166.216,14650.820,0,331.837,0,41.979,3489,3622,1.340,1.810,1.700,2,0,0,0,0,28,302,1,17,1
30-07 13:42:09,17.260,19.011,61.034,0,0,6459612,4811208,396640,4571272,47272.118,26713.760,0,232.128,0,25.014,4698,4068,1.340,1.810,1.700,1,0,101.056,0,0,28,302,1,17,1
30-07 13:42:10,7.998,14.746,75.732,0,0,6439568,4831092,396716,4571356,64774.367,34915.573,0,207.950,0,16.996,3848,3650,1.340,1.810,1.700,0,0,79.981,0,0,28,304,1,17,1
30-07 13:42:11,5.216,7.203,84.196,0,0,6421840,4848748,396780,4571364,55336.612,24811.617,0,238.430,0,26.823,2845,3205,1.320,1.790,1.700,2,0,34.771,0,0,28,302,1,18,1
30-07 13:42:12,9.140,18.026,71.851,0,0,6416084,4854452,396788,4571408,62806.747,34971.062,0,219.363,0,12.187,4170,3796,1.320,1.790,1.700,1,0,90.385,0,0,28,304,1,18,1
30-07 13:42:13,5.742,9.486,83.130,0,0,6397444,4873084,396792,4571412,50841.897,25647.123,0,67.902,0,3.994,2981,3048,1.320,1.790,1.700,2,0,45.934,0,0,28,302,1,19,1
30-07 13:42:14,8.928,22.816,61.257,3.224,0,6386120,4884264,396888,4571460,72309.052,597336.594,0,2396.711,0,123.010,5487,4546,1.320,1.790,1.700,1,0,129.954,0,0,28,302,1,19,1
30-07 13:42:15,19.529,12.268,66.850,0,0,6398976,4871404,396916,4571468,60724.544,31675.230,0,368.550,0,13.019,3474,3085,1.320,1.790,1.700,1,0,37.055,0,0,28,302,1,19,1
30-07 13:42:16,20.204,9.850,69.958,0,0,6410884,4850584,397444,4578828,46481.244,24271.552,0,929.403,0,24.245,2989,2814,1.290,1.780,1.700,1,0,5.051,0,0,28,302,1,19,1
30-07 13:42:17,25.422,3.702,68.368,0.247,0,6408276,4849644,397628,4581740,44212.514,22015.923,0,505.478,0,6.911,2978,2849,1.290,1.780,1.700,1,0,0,0,0,28,302,1,19,1
30-07 13:42:18,15.819,6.277,76.583,0,0,6404308,4852316,397692,4582612,35658.879,16975.732,4.017,815.542,1.004,30.131,2712,2718,1.290,1.780,1.700,0,0,17.074,0,0,28,302,2,19,1
30-07 13:42:19,18.387,4.721,73.546,0.248,0,6374204,4879028,397776,4585920,20360.372,9337.386,0,795.094,0,53.669,2938,3080,1.290,1.780,1.700,1,0,2.982,0,0,28,302,1,19,1
30-07 13:42:20,24.381,9.551,65.350,0,0,6394104,4858148,397824,4586656,16966.981,8695.628,0,1660.906,0,47.253,3866,3629,1.290,1.780,1.700,2,0,24.129,0,0,28,302,1,19,1
30-07 13:42:21,9.955,16.674,66.945,3.733,0,6374496,4875176,397872,4589128,61141.738,35056.454,1365.784,1827.682,20.905,48.778,4749,4149,1.430,1.800,1.700,1,0,110.497,0,0,28,302,1,19,1
30-07 13:42:22,9.128,26.117,63.391,0,0,6375716,4873888,397888,4589172,46920.168,24311.546,0,2085.296,0,422.942,5446,3661,1.430,1.800,1.700,1,0,148.080,0,0,28,302,1,19,1
30-07 13:42:23,19.980,10.739,68.933,0,0,6398124,4851480,397888,4589172,61887.435,32398.294,0,7.992,0,0.999,3060,2812,1.430,1.800,1.700,1,0,23.977,0,0,28,302,1,19,1
30-07 13:42:24,26.905,8.221,63.526,0,0,6455908,4793684,397888,4589180,30130.762,14606.499,0,15.944,0,3.986,2997,2660,1.430,1.800,1.700,2,0,2.989,0,0,28,303,1,19,1
30-07 13:42:25,28.682,6.923,62.061,0,0,6468484,4780816,397904,4589448,15317.040,7215.931,0,178.025,0,12.857,3768,3798,1.430,1.800,1.700,1,0,3.956,0,0,28,302,1,19,1
30-07 13:42:26,25.874,19.092,53.759,0,0,6434164,4815348,397920,4589208,27932.326,558889.696,0,152.734,0,13.063,4343,3661,1.470,1.810,1.710,1,0,53.256,0,0,28,302,1,19,1
30-07 13:42:27,23.941,5.796,70.060,0,0,6406664,4842840,397920,4589208,46547.759,26689.156,0,0,0,0,2775,2581,1.470,1.810,1.710,3,0,0,0,0,28,302,1,19,1
30-07 13:42:28,23.801,6.446,67.933,0,0,6430140,4819352,397924,4589216,31968.288,16268.274,0,103.140,0,7.934,2876,2608,1.470,1.810,1.710,3,0,1.983,0,0,28,302,1,19,1
30-07 13:42:29,24.528,5.756,67.826,0,0,6391292,4858164,397956,4589220,30031.693,14770.571,0,476.535,0,35.039,3451,3398,1.470,1.810,1.710,1,0,14.016,0,0,28,302,1,19,1
30-07 13:42:30,22.949,9.728,65.853,0,0,6423264,4826160,397984,4589224,30241.410,15976.293,0,183.590,0,17.960,3154,2967,1.470,1.810,1.710,2,0,13.969,0,0,28,302,1,19,1
30-07 13:42:31,39.353,13.201,46.077,0,0,6448868,4800548,397984,4589232,31067.566,16596.799,0,0,0,0,4273,13491,1.600,1.830,1.710,2,0,23.910,0,0,28,302,1,20,1
30-07 13:42:32,24.088,5.771,69.001,0.251,0,6448824,4800548,398008,4589252,30068.558,14926.386,0,116.424,0,12.044,3215,3060,1.600,1.830,1.710,3,0,0,0,0,28,303,1,19,1
30-07 13:42:33,27.217,10.053,58.358,0,0,6448728,4800296,398344,4589260,30460.783,14582.571,0,1153.424,0,147.120,5766,7495,1.600,1.830,1.710,6,0,0.981,0,0,28,303,1,19,1
30-07 13:42:34,26.557,7.661,65.372,0.255,0,6377764,4870888,398496,4589472,15935.333,10678.032,0,555.658,0,71.500,4592,5552,1.600,1.830,1.710,2,0,7.150,0,0,28,302,1,19,1
30-07 13:42:35,23.194,7.731,68.335,0,0,6400172,4848460,398508,4589476,44105.492,22194.404,0,183.557,0,9.976,2808,2598,1.600,1.830,1.710,7,0,0.998,0,0,28,302,1,19,1
30-07 13:42:36,24.506,6.251,68.016,0,0,6442180,4806136,398688,4589608,29801.983,15437.617,0,3164.742,0,156.037,3028,2992,1.550,1.810,1.710,6,0,0,0,0,28,302,1,19,1
30-07 13:42:37,24.054,6.013,67.401,0,0,6442148,4806136,398820,4589508,15258.202,7526.872,0,449.006,0,60.135,3799,4174,1.550,1.810,1.710,5,0,2.004,0,0,28,303,1,20,1
30-07 13:42:38,21.708,10.729,65.873,0,0,6441940,4806148,398900,4589620,15227.699,7281.988,0,2726.753,0,508.022,4666,4897,1.550,1.810,1.710,1,0,0,0,0,28,303,1,20,1
30-07 13:42:39,22.224,12.486,62.927,0,0,6395240,4852516,399064,4589780,14898.707,7353.465,0,503.416,0,69.919,4532,4559,1.550,1.810,1.710,4,0,56.934,0,0,28,302,1,20,1
30-07 13:42:40,8.769,26.307,62.385,0.251,0,6395160,4852552,399104,4589780,45902.414,25944.189,0,1739.768,0,98.213,5205,4109,1.550,1.810,1.710,6,0,153.332,0,0,28,302,1,20,1
30-07 13:42:41,10.764,27.285,59.327,0,0,6394236,4853312,399304,4589744,70679.644,467714.444,0,2467.199,0,129.167,5694,4754,1.500,1.800,1.710,1,0,150.195,0,0,28,302,1,20,1
30-07 13:42:42,12.655,26.551,57.321,0,0,6392100,4855380,399304,4589796,64767.618,160758.723,0,15.881,0,3.970,5384,4118,1.500,1.800,1.710,2,0,148.887,0,0,28,302,1,20,1
30-07 13:42:43,8.324,27.241,63.309,0,0,6384468,4862980,399332,4589800,46024.725,24407.693,0,169.498,0,15.134,5016,3796,1.500,1.800,1.710,1,0,155.373,0,0,28,302,1,20,1
30-07 13:42:44,7.492,25.723,63.434,0,0,6386440,4861004,399332,4589804,60704.258,32230.687,0,23.975,0,5.994,4910,3774,1.500,1.800,1.710,1,0,156.838,0,0,28,302,1,20,1
30-07 13:42:45,9.496,26.989,62.724,0,0,6377700,4869728,399344,4589804,62091.637,31753.029,0,391.840,0,12.995,5231,4151,1.500,1.800,1.710,2,0,156.936,0,0,28,302,1,20,1
30-07 13:42:46,7.990,25.967,62.671,0,0,6372600,4874796,399372,4589808,45493.407,23717.974,0,247.686,0,20.973,5075,3932,1.460,1.780,1.700,2,0,154.804,0,0,28,302,1,20,1
30-07 13:42:47,8.224,25.918,63.050,0,0,6375908,4871460,399388,4589816,60384.612,31932.789,0,135.570,0,10.965,5024,3810,1.460,1.780,1.700,1,0,153.513,0,0,28,302,1,20,1
30-07 13:42:48,15.071,29.891,52.247,0,0,6376236,4871052,399420,4589864,61392.831,32392.924,0,277.309,0,22.104,5901,5177,1.460,1.780,1.700,1,0,158.749,0,0,28,302,1,22,1
30-07 13:42:49,9.504,28.761,58.772,0,0,6369500,4877668,399512,4589876,69433.803,475398.670,0,772.287,0,54.020,5853,5025,1.460,1.780,1.700,3,0,155.058,0,0,28,302,1,18,1
30-07 13:42:50,8.738,28.961,60.668,0,0,6375668,4871488,399512,4589884,49369.404,138674.937,0,14336.661,0,62.915,5197,3786,1.460,1.780,1.700,1,0,150.797,0,0,28,302,1,18,1
30-07 13:42:51,8.749,27.748,59.995,0,0,6382420,4864680,399576,4589868,60852.877,32059.301,0,815.931,0,29.997,5113,3942,1.430,1.770,1.700,2,0,158.987,0,0,28,302,1,19,1
30-07 13:42:52,13.945,27.392,57.026,0.249,0,6398220,4848808,399616,4589896,60397.919,31819.100,0,326.718,0,26.894,5149,3888,1.430,1.770,1.700,2,0,150.410,0,0,28,302,1,19,1
30-07 13:42:53,10.899,26.753,58.460,0,0,6384316,4862696,399616,4589912,46897.473,25661.779,0,19.817,0,4.954,5265,3978,1.430,1.770,1.700,5,0,154.571,0,0,28,302,1,19,1
30-07 13:42:54,9.333,27.495,61.800,0.252,0,6385000,4861968,399664,4589908,61647.725,32575.958,0,1872.669,0,361.215,5468,3867,1.430,1.770,1.700,1,0,149.329,0,0,28,302,1,20,1
30-07 13:42:55,12.839,28.952,56.393,0,0,6405488,4841440,399696,4589912,62161.304,32639.518,0,257.797,0,20.140,5341,4250,1.430,1.770,1.700,2,0,158.102,0,0,28,302,1,20,1
30-07 13:42:56,8.967,25.159,62.523,0,0,6391492,4855396,399756,4589892,50479.673,25128.740,0,446.379,0,30.888,5034,4191,1.470,1.770,1.700,3,0,146.468,0,0,28,302,1,20,1
30-07 13:42:57,8.498,26.992,61.732,0,0,6392068,4854620,399924,4589920,57514.685,32592.755,0,2335.338,0,120.966,5307,4385,1.470,1.770,1.700,1,0,148.958,0,0,28,302,1,19,1
30-07 13:42:58,12.040,26.087,59.448,0,0,6377504,4869132,399976,4589920,79511.184,601632.987,0,469.560,0,32.107,5670,4517,1.470,1.770,1.700,1,0,143.477,0,0,28,302,1,20,1
30-07 13:42:59,9.296,25.375,63.311,0,0,6378216,4868352,400024,4589940,61068.354,32712.892,0,534.629,0,37.183,5194,4270,1.470,1.770,1.700,2,0,146.722,0,0,28,302,1,20,1
30-07 13:43:00,7.668,26.468,62.089,0,0,6383132,4863424,400032,4589944,46570.059,24134.978,0,182.061,0,9.895,5090,4029,1.470,1.770,1.700,4,0,162.272,0,0,28,302,1,20,1
30-07 13:43:01,8.288,26.370,63.038,0,0,6382488,4864024,400072,4589948,61042.483,32369.674,0,904.125,0,45.206,5016,3921,1.520,1.780,1.700,1,0,156.715,0,0,28,302,1,15,1
30-07 13:43:02,9.251,27.004,62.008,0,0,6386192,4860280,400076,4589984,61149.999,31944.179,0,80.010,0,5.001,5051,3847,1.520,1.780,1.700,2,0,154.020,0,0,28,302,1,15,1
30-07 13:43:03,7.982,25.443,64.107,0,0,6386184,4860280,400084,4589984,45929.310,24363.527,0,155.652,0,12.971,4895,3772,1.520,1.780,1.700,1,0,147.670,0,0,28,302,1,15,1
30-07 13:43:04,11.792,25.341,60.969,0,0,6382120,4864328,400084,4590000,62495.010,34265.824,0,28.101,0,4.014,5139,3936,1.520,1.780,1.700,1,0,139.500,0,0,28,302,1,15,1
30-07 13:43:05,16.762,12.509,69.049,0,0,6365220,4900028,400088,4572088,60744.868,31602.302,0,20.014,0,2.001,3463,3229,1.520,1.780,1.700,1,0,60.042,0,0,28,302,1,13,1
30-07 13:43:06,13.474,17.716,67.121,0,0,6383168,4978848,400104,4485684,58045.687,587956.485,0,1892.371,0,8.983,3460,3417,1.470,1.770,1.700,2,0,1.996,0,0,28,302,1,13,1
30-07 13:43:07,22.057,8.021,69.179,0,0,6408420,4945924,400236,4492896,30137.977,15407.866,0,593.536,0,6.016,2828,2570,1.470,1.770,1.700,1,0,5.013,0,0,28,302,1,13,1
30-07 13:43:08,24.407,4.732,69.235,0,0,6429204,4921508,400236,4496180,44235.927,23504.165,0,3.985,0,0.996,2768,2676,1.470,1.770,1.700,1,0,0,0,0,28,302,1,13,1
30-07 13:43:09,23.674,6.978,67.534,0,0,6435620,4914264,400264,4496816,30151.692,15008.063,0,2296.664,0,328.949,3631,2937,1.470,1.770,1.700,2,0,16.946,0,0,28,303,1,11,1
30-07 13:43:10,14.721,3.244,80.092,0,0,6433620,4916120,400304,4496880,25122.535,13674.077,0,3580.949,0,118.766,2519,2593,1.470,1.770,1.700,0,0,1.996,0,0,28,303,1,11,1
30-07 13:43:11,17.339,4.523,77.395,0,0,6433516,4916120,400348,4496940,23483.877,13429.553,0,1045.336,0,43.221,2675,2891,1.440,1.750,1.690,0,0,0,0,0,28,303,1,11,1
30-07 13:43:12,13.208,2.990,82.237,0.249,0,6433440,4915868,400396,4497220,28065.270,16370.660,0,1064.596,0,32.895,2343,2596,1.440,1.750,1.690,0,0,0,0,0,28,303,1,11,1
30-07 13:43:13,17.187,3.539,79.111,0,0,6449036,4899992,400428,4497388,23892.984,12906.437,0,699.613,0,21.231,2341,2395,1.440,1.750,1.690,1,0,2.022,0,0,28,303,1,9,1
30-07 13:43:14,21.618,1.739,74.297,0,0,6448860,4899992,400476,4497484,19655.131,10706.704,0,671.902,0,30.812,2392,2376,1.440,1.750,1.690,1,0,0,0,0,28,303,1,9,1
30-07 13:43:15,18.216,3.743,76.606,0,0,6448500,4899992,400532,4497748,12394.728,8759.553,0,854.396,0,26.949,2569,2715,1.440,1.750,1.690,1,0,0.998,0,0,28,303,1,9,1
30-07 13:43:16,20.455,2.993,75.084,0.249,0,6452524,4895708,400556,4497944,21104.320,11745.021,0,598.676,0,18.958,2369,2321,1.400,1.740,1.690,1,0,1.996,0,0,28,303,1,9,1
30-07 13:43:17,20.778,2.754,76.103,0,0,6456380,4891704,400580,4498032,13584.348,7912.688,0,532.720,0,16.022,2286,2283,1.400,1.740,1.690,3,0,0,0,0,28,303,1,9,1
30-07 13:43:18,16.531,2.004,79.897,0.250,0,6456088,4891704,400636,4498232,17834.907,10517.406,0,785.449,0,24.044,2226,2371,1.400,1.740,1.690,1,0,0,0,0,28,303,1,9,1
30-07 13:43:19,24.275,6.507,68.070,0,0,6463372,4864528,400732,4517872,240.249,0,0,808.837,0,46.048,3085,3261,1.400,1.740,1.690,1,0,3.003,0,0,28,303,1,9,1
30-07 13:43:20,24.519,4.754,69.303,0.250,0,6466220,4855300,400820,4523688,15166.523,7301.547,0,1048.797,0,51.039,2819,2805,1.400,1.740,1.690,2,0,0,0,0,28,303,1,9,1
30-07 13:43:21,23.215,5.242,69.894,0,0,6476868,4835264,400836,4531700,479.272,0,0,255.612,0,11.982,2611,2614,1.370,1.730,1.690,3,0,0,0,0,28,303,1,9,1
30-07 13:43:22,23.712,5.741,68.890,0,0,6471860,4825812,400892,4544920,15532.236,7673.765,0,1549.530,0,41.933,2823,2750,1.370,1.730,1.690,2,0,1.997,0,0,28,303,1,9,1
30-07 13:43:23,25.762,4.002,69.783,0,0,6476180,4817524,400940,4548212,360.172,148.071,0,552.263,0,10.005,2658,2606,1.370,1.730,1.690,2,0,0,0,0,28,303,1,9,1
30-07 13:43:24,24.253,6.001,68.507,0,0,6476112,4800736,401236,4563636,599.064,0,0,2116.228,0,264.028,3117,2739,1.370,1.730,1.690,2,0,0,0,0,28,303,1,10,1
30-07 13:43:25,32.871,10.957,54.287,0.249,0,6498204,4771284,401620,4569568,418.359,0,0,1980.234,0,101.602,3920,3750,1.370,1.730,1.690,2,0,6.973,0,0,28,303,1,10,1
30-07 13:43:26,30.258,10.253,57.015,0.250,0,6498724,4761960,401676,4576848,16549.283,9137.365,0,1760.456,0,57.015,3935,3898,1.340,1.710,1.680,2,0,6.002,0,0,28,303,1,9,1
30-07 13:43:27,31.969,7.358,60.640,0,0,6482000,4770040,401704,4584424,659.677,0,0,499.325,0,19.283,3124,2710,1.340,1.710,1.680,1,0,0,0,0,28,303,1,9,1
30-07 13:43:28,24.479,5.745,68.191,0.250,0,6481176,4752748,401780,4601052,538.536,147.873,0,1350.836,0,44.961,2895,2795,1.340,1.710,1.680,1,0,1.998,0,0,28,303,1,10,1
30-07 13:43:29,25.682,4.939,66.426,0.247,0,6483136,4744500,401892,4606364,14733.289,7686.676,0,1694.980,0,78.032,3081,3177,1.340,1.710,1.680,1,0,0,0,0,28,303,1,10,1
30-07 13:43:30,23.465,5.741,68.897,0,0,6492092,4751332,401924,4590120,1026.468,173.741,0,447.332,0,14.978,2742,2688,1.340,1.710,1.680,1,0,0,0,0,28,302,1,9,1
30-07 13:43:31,32.425,16.338,50.522,0,0,6453832,4789508,401924,4593308,422.276,0,0,28.152,0,3.016,3853,9755,1.310,1.700,1.680,3,0,58.314,0,0,28,302,1,9,1
30-07 13:43:32,20.751,8.000,69.753,0,0,6452544,4790796,401924,4590100,4499.215,1170.056,0,0,0,0,2834,5557,1.310,1.700,1.680,1,0,17.001,0,0,28,303,1,10,1
30-07 13:43:33,18.260,5.503,75.540,0,0,6453972,4783836,401940,4595044,3353.794,2042.092,0,1640.878,0,21.011,2351,2372,1.310,1.700,1.680,1,0,2.001,0,0,28,302,1,10,1
30-07 13:43:34,23.746,5.999,69.238,0,0,6474196,4762156,401940,4596360,31168.624,15513.324,0,3.999,0,1.000,2913,2796,1.310,1.700,1.680,1,0,3.999,0,0,28,302,1,9,1
30-07 13:43:35,24.712,9.078,64.049,0,0,6494912,4740648,401940,4597096,45088.798,22967.025,0,4.035,0,1.009,6755,12041,1.310,1.700,1.680,2,0,6.052,0,0,28,302,1,9,1
30-07 13:43:36,20.763,9.005,68.792,0,0,6494352,4740648,401976,4597480,15104.112,7300.404,0,2149.297,0,25.015,2877,2583,1.290,1.690,1.670,2,0,7.004,0,0,28,302,1,9,1
30-07 13:43:37,25.564,10.815,58.502,0,0,6494552,4740396,401976,4597532,31115.079,15807.278,0,0,0,0,6643,11077,1.290,1.690,1.670,1,0,7.866,0,0,28,302,1,9,1
30-07 13:43:38,19.120,11.573,69.687,0,0,6491324,4743492,401976,4597624,15492.094,7490.948,0,88.555,0,1.006,2833,2502,1.290,1.690,1.670,2,0,14.088,0,0,28,302,1,8,1
30-07 13:43:39,20.137,10.193,67.871,0,0,6410380,4832340,402016,4590296,15191.084,7643.275,0,568.820,0,22.872,2859,2809,1.290,1.690,1.670,2,0,0.994,0,0,28,302,1,8,1
30-07 13:43:40,22.638,7.546,68.416,0,0,6412324,4830520,402040,4590224,1047.368,0,0,1871.379,0,319.945,3523,2885,1.290,1.690,1.670,1,0,11.067,0,0,28,302,1,8,1
30-07 13:43:41,24.975,11.352,63.069,0,0,6415396,4827412,402072,4590232,57385.461,474206.050,0,17203.125,0,239.157,4615,4044,1.260,1.680,1.670,1,0,42.382,0,0,28,302,1,8,1
30-07 13:43:42,23.994,8.998,62.484,0,0,6426364,4816436,402072,4590240,50767.315,169181.729,0,3.999,0,1.000,6669,11754,1.260,1.680,1.670,1,0,6.998,0,0,28,302,1,8,1
30-07 13:43:43,23.031,7.260,69.093,0,0,6424508,4818284,402072,4590248,48342.870,24935.460,0,0,0,0,3033,2695,1.260,1.680,1.670,1,0,20.027,0,0,28,302,1,8,1
30-07 13:43:44,18.573,6.191,73.054,0,0,6434344,4808484,402088,4590252,44381.890,21063.196,0,503.203,0,12.877,2769,2634,1.260,1.680,1.670,0,0,16.839,0,0,28,303,1,8,1
30-07 13:43:45,20.654,4.728,72.910,0,0,6430508,4806744,402124,4595352,17843.760,9438.968,0,963.505,0,21.898,2706,2721,1.260,1.680,1.670,1,0,1.991,0,0,28,302,1,8,1
30-07 13:43:46,23.541,6.328,69.864,0,0,6430088,4806060,402124,4596352,15573.652,7387.385,0,12.150,0,2.025,2738,2595,1.240,1.670,1.670,1,0,5.063,0,0,28,302,1,8,1
30-07 13:43:47,26.623,10.354,57.191,0,0,6453516,4781616,402144,4597248,15530.270,7194.213,0,449.638,0,12.819,7893,13622,1.240,1.670,1.670,1,0,7.888,0,0,28,302,1,8,1
30-07 13:43:48,30.795,14.521,53.328,0,0,6451080,4783420,402176,4597712,17072.128,8809.967,0,572.843,0,19.028,4376,4169,1.240,1.670,1.670,4,0,16.024,0,0,28,302,1,10,1
30-07 13:43:49,24.725,11.239,60.439,0,0,6448860,4785588,402200,4597740,15674.261,7450.519,0,139.860,0,12.987,6885,11870,1.240,1.670,1.670,1,0,11.988,0,0,28,302,1,10,1
30-07 13:43:50,18.878,12.082,68.716,0,0,6449224,4785124,402200,4597808,690.685,0,0,96.656,0,3.020,2786,2501,1.240,1.670,1.670,1,0,9.061,0,0,28,302,1,8,1
30-07 13:43:51,21.467,10.733,66.397,0.250,0,6410508,4832024,402244,4590316,15072.658,7416.515,0,17616.718,0,100.844,3024,2692,1.300,1.670,1.670,2,0,0.998,0,0,28,302,1,8,1
30-07 13:43:52,20.856,7.945,69.273,0,0,6419904,4822620,402252,4590320,535.312,0,0,413.154,0,4.966,2829,2571,1.300,1.670,1.670,1,0,23.836,0,0,28,302,1,8,1
30-07 13:43:53,24.097,6.526,68.527,0,0,6405896,4836624,402252,4590324,60960.343,42188.485,0,100.406,0,3.012,3144,2738,1.300,1.670,1.670,2,0,19.077,0,0,28,302,1,8,1
30-07 13:43:54,20.660,11.842,66.010,0,0,6406640,4835880,402252,4590324,46153.856,23588.383,0,8.062,0,2.016,3930,3664,1.300,1.670,1.670,2,0,74.577,0,0,28,302,0,7,1
30-07 13:43:55,25.588,11.925,59.126,0,0,6440368,4802112,402272,4590344,44455.117,22982.786,0,1888.070,0,330.909,7803,12700,1.300,1.670,1.670,3,0,9.937,0,0,28,302,0,7,1
30-07 13:43:56,27.235,7.180,62.889,0,0,6416996,4825436,402300,4590364,64335.557,325648.185,0,3533.647,0,33.673,3401,3085,1.280,1.660,1.660,7,0,1.981,0,0,28,302,1,7,1
30-07 13:43:57,22.231,14.905,62.903,0,0,6441600,4800816,402300,4590372,36615.937,261335.687,0,43717.625,0,123.279,3596,2796,1.280,1.660,1.660,3,0,30.315,0,0,28,302,1,7,1
30-07 13:43:58,16.649,5.964,75.790,0.248,0,6458220,4784196,402316,4590388,25331.407,10336.327,0,1176.864,0,24.849,2632,2666,1.280,1.660,1.660,3,0,6.958,0,0,28,303,1,8,1
30-07 13:43:59,26.164,6.793,65.913,0,0,6443016,4792848,402360,4596432,28552.836,16295.062,0,1533.605,0,49.309,3486,3406,1.280,1.660,1.660,1,0,2.013,0,0,28,302,1,7,1
30-07 13:44:00,24.023,8.008,65.814,0,0,6461028,4774200,402364,4596924,15261.749,7377.129,0,296.286,0,3.003,4708,7583,1.280,1.660,1.660,3,0,6.006,0,0,28,302,1,7,1
30-07 13:44:01,20.875,10.189,66.600,0,0,6488560,4745728,402364,4597812,14870.771,7391.648,0,0,0,0,4122,6380,1.260,1.650,1.660,2,0,9.940,0,0,28,302,1,7,1
30-07 13:44:02,22.898,12.329,63.912,0,0,6457692,4776412,402364,4597960,1159.472,74.480,0,29614.841,0,86.558,4009,4766,1.260,1.650,1.660,2,0,5.032,0,0,28,302,1,7,1
30-07 13:44:03,20.930,11.212,65.281,0,0,6466484,4767592,402364,4597988,15283.700,7484.877,0,0,0,0,5127,8796,1.260,1.650,1.660,2,0,7.973,0,0,28,302,1,7,1
30-07 13:44:04,18.286,11.272,69.886,0,0,6436228,4797820,402364,4597976,15447.149,7612.858,0,184.360,0,4.008,2736,2567,1.260,1.650,1.660,2,0,9.018,0,0,28,302,1,7,1
30-07 13:44:05,20.283,8.764,69.862,0,0,6426868,4815208,402400,4590540,643.033,0,0,1310.105,0,20.032,2717,2657,1.260,1.650,1.660,1,0,7.011,0,0,28,302,1,7,1
30-07 13:44:06,21.976,6.992,68.674,0.749,0,6439560,4800844,402420,4592196,29965.926,16176.146,247.727,1074.814,3.996,14.983,2920,3085,1.240,1.640,1.660,1,0,0,0,0,28,302,1,7,1
30-07 13:44:07,23.526,7.258,67.074,0.751,0,6446164,4792332,402524,4593648,44437.190,21912.256,392.434,2690.979,10.011,101.112,3981,4382,1.240,1.640,1.660,2,0,2.002,0,0,28,303,1,8,1
30-07 13:44:08,24.504,7.251,66.011,0,0,6446448,4791840,402624,4593756,15337.561,7519.256,0,836.140,0,77.013,5282,6451,1.240,1.640,1.660,3,0,0,0,0,28,305,1,12,1
30-07 13:44:09,26.747,8.999,60.243,0.250,0,6446376,4791588,402868,4593836,29708.356,14884.174,0,1295.841,0,175.978,6366,8080,1.240,1.640,1.660,2,0,1.000,0,0,28,305,1,12,1
30-07 13:44:10,30.042,7.511,60.335,0,0,6394664,4842732,403104,4594168,16327.972,8661.186,128.180,1361.916,1.001,146.206,5096,5981,1.240,1.640,1.660,1,0,6.008,0,0,28,304,1,12,1
30-07 13:44:11,9.722,25.426,62.319,0,0,6387460,4849844,403160,4594204,15656.440,19935.987,0,3713.195,0,643.129,6142,4353,1.220,1.630,1.650,2,0,140.591,0,0,28,304,1,12,1
30-07 13:44:12,8.478,25.933,62.587,0,0,6391948,4845316,403196,4594208,60537.461,38384.111,0,3447.030,0,116.696,5398,4337,1.220,1.630,1.650,1,0,146.618,0,0,28,304,1,12,1
30-07 13:44:13,8.527,21.820,67.967,0,0,6380364,4856932,403208,4594224,60986.815,33797.963,0,200.641,0,7.022,4669,3672,1.220,1.630,1.650,3,0,108.346,0,0,28,304,1,12,1
30-07 13:44:14,20.705,12.223,65.857,0,0,6385236,4852060,403244,4594196,45864.565,26153.299,0,331.282,0,22.950,3697,3247,1.220,1.630,1.650,1,0,39.913,0,0,28,304,1,14,1
30-07 13:44:15,13.285,9.776,74.697,0.251,0,6373832,4865104,403412,4592392,139434.529,618043.504,0,3437.084,0,159.421,3859,3998,1.220,1.630,1.650,1,0,19.050,0,0,28,304,1,14,1
30-07 13:44:16,8.239,6.242,84.887,0,0,6375216,4863688,403444,4592392,53891.350,26757.425,0,1302.269,0,19.973,2514,2909,1.280,1.630,1.650,0,0,7.989,0,0,28,305,1,14,1
30-07 13:44:17,3.758,2.255,92.189,0,0,6374704,4864192,403448,4592396,65539.516,15952.742,0,112.230,0,10.021,1919,2606,1.280,1.630,1.650,1,0,0,0,0,28,305,1,14,1
30-07 13:44:18,2.743,2.244,92.765,0,0,6374952,4863940,403452,4592396,34115.744,16577.088,0,71.818,0,5.985,1715,2394,1.280,1.630,1.650,0,0,3.990,0,0,28,305,1,14,1
30-07 13:44:19,10.774,14.032,74.417,0,0,6368160,4870520,403536,4592588,134006.202,46303.074,0,1138.559,0,37.083,3798,3610,1.280,1.630,1.650,1,0,37.083,0,0,28,304,1,15,1
30-07 13:44:20,7.500,16.499,72.496,0.250,0,6368860,4869764,403596,4592584,126490.624,43991.783,0,463.977,0,34.998,4658,4127,1.280,1.630,1.650,1,0,131.993,0,0,28,304,1,15,1
30-07 13:44:21,16.398,21.948,60.547,0.505,0,6369168,4869332,403620,4592684,40697.573,433044.172,88.802,371.354,7.064,25.228,5162,4056,1.340,1.640,1.660,1,0,184.668,0,0,28,304,1,15,1
30-07 13:44:22,12.143,7.434,68.643,8.921,0,6377972,4858048,403900,4594472,29397.242,15132.289,2045.922,55.510,183.380,6.939,2935,3055,1.340,1.640,1.660,1,0,0,0,0,28,304,1,15,1
30-07 13:44:23,10.985,5.492,69.654,10.985,0,6377860,4851104,404504,4599936,29545.339,12976.142,6231.424,43.940,635.126,3.995,3667,3743,1.340,1.640,1.660,5,0,1.997,0,0,28,304,1,15,1
30-07 13:44:24,18.012,7.505,69.546,3.752,0,6386232,4837552,404764,4602204,15351.148,9210.089,2453.622,4.003,223.148,1.001,3040,2797,1.340,1.640,1.660,1,0,0,0,0,28,305,1,16,1
30-07 13:44:25,23.387,7.544,68.401,0.251,0,6379808,4843600,404804,4602348,15655.724,8459.563,0,474.782,0,25.147,3861,4346,1.340,1.640,1.660,2,0,2.012,0,0,28,304,1,16,1
30-07 13:44:26,27.811,12.306,57.099,0,0,6422184,4800668,404840,4602868,43756.400,22475.276,0,252.022,0,22.643,3745,3558,1.550,1.680,1.670,4,0,8.860,0,0,28,305,1,16,1
30-07 13:44:27,49.448,16.146,33.302,0,0,6291588,4931604,404904,4602452,30836.311,15627.552,0,2664.131,0,514.662,5824,4887,1.550,1.680,1.670,5,0,8.073,0,0,28,294,0,19,1
30-07 13:44:28,69.627,12.523,17.282,0,0,5938120,5285132,404916,4602384,44870.872,23122.189,0,168.307,0,10.018,4728,2989,1.550,1.680,1.670,2,0,3.005,0,0,28,278,0,22,1
30-07 13:44:29,64.390,12.195,20.488,0,0,6005568,5217596,405008,4602380,28952.071,15305.300,0,1030.239,0,63.414,4917,3702,1.550,1.680,1.670,5,0,5.854,0,0,28,272,0,23,1
30-07 13:44:30,84.729,17.663,0,0,0,6034860,5188256,405044,4602388,31303.105,16456.349,0,1908.576,0,382.944,5921,3523,1.550,1.680,1.670,6,0,6.143,0,0,28,270,0,23,1
30-07 13:44:31,85.135,14.523,0.250,0,0,6148100,5074856,405068,4602524,44338.111,22577.702,0,180.285,0,15.024,5336,3349,1.910,1.750,1.690,5,0,1.002,0,0,28,272,0,23,1
30-07 13:44:32,84.756,14.458,0.249,0,0,6251880,4970784,405092,4605368,17661.194,9699.099,0,143.587,0,12.963,6196,8112,1.910,1.750,1.690,11,0,37.891,0,0,28,274,1,26,1
30-07 13:44:33,86.636,11.452,1.245,0,0,6281284,4940320,405164,4607224,29468.065,15594.414,0,493.923,0,51.782,6674,10964,1.910,1.750,1.690,10,0,3.983,0,0,29,279,1,29,1
30-07 13:44:34,55.744,13.873,30.268,0,0,6318172,4902044,405252,4605080,15559.888,7762.792,0,2255.992,0,109.975,6575,8359,1.910,1.750,1.690,3,0,2.018,0,0,28,292,1,30,1
30-07 13:44:35,35.439,6.489,56.902,0.250,0,6360232,4859708,405276,4605332,15276.726,7519.068,0,291.499,0,22.961,4039,4427,1.910,1.750,1.690,2,0,2.995,0,0,28,290,1,37,1
30-07 13:44:36,2.235,2.235,94.099,0,0,6360220,4859708,405288,4605332,296.946,73.492,0,214.517,0,11.918,1493,2252,1.750,1.720,1.680,0,0,0,0,0,28,290,1,37,1
30-07 13:44:37,2.509,1.756,94.084,0,0,6360168,4859708,405332,4605340,15029.412,7396.285,0,369.312,0,34.121,1735,2716,1.750,1.720,1.680,0,0,0,0,0,28,290,1,37,1
30-07 13:44:38,3.009,2.758,93.030,0,0,6352540,4867324,405344,4605340,15530.811,7857.684,0,2792.417,0,17.051,1666,2320,1.750,1.720,1.680,1,0,2.006,0,0,28,290,1,37,1
30-07 13:44:39,3.498,2.249,93.210,0,0,6352460,4867324,405420,4605344,746.677,73.968,0,1687.269,0,79.965,1978,2947,1.750,1.720,1.680,0,0,0,0,0,28,290,1,37,1
30-07 13:44:40,2.982,1.988,93.187,0,0,6351876,4867896,405432,4605344,15225.064,7413.235,0,99.400,0,12.922,1813,2651,1.750,1.720,1.680,2,0,0,0,0,28,290,1,37,1
30-07 13:44:41,3.264,2.008,93.892,0,0,6348268,4871484,405452,4605344,542.263,0,0,96.402,0,13.054,1739,2626,1.610,1.690,1.670,0,0,2.008,0,0,28,290,1,37,1
30-07 13:44:42,4.245,4.744,89.643,0,0,6345112,4874624,405460,4605352,15585.483,7329.292,0,12792.801,0,1658.030,4176,2410,1.610,1.690,1.670,0,0,0,0,0,28,290,1,37,1
30-07 13:44:43,6.531,3.014,89.675,0,0,6342388,4877332,405484,4605360,1966.323,1582.503,0,1511.165,0,124.591,2159,2586,1.610,1.690,1.670,1,0,0,0,0,28,290,1,37,1
30-07 13:44:44,2.746,2.247,93.125,0.250,0,6339772,4879896,405528,4605368,20036.116,754.987,0,495.335,0,34.953,2049,3025,1.610,1.690,1.670,0,0,1.997,0,0,28,290,1,37,1
30-07 13:44:45,3.000,2.000,94.499,0,0,6338460,4881076,405528,4605500,15035.787,7295.897,0,16.000,0,2.000,1650,2316,1.610,1.690,1.670,0,0,1.000,0,0,28,290,1,37,1
30-07 13:44:46,1.996,1.497,94.559,0,0,6338460,4881076,405528,4605500,657.671,0,0,3.992,0,0.998,1367,2123,1.480,1.670,1.660,0,0,0,0,0,28,290,1,37,1
30-07 13:44:47,3.007,2.256,93.980,0,0,6338636,4880824,405580,4605524,568.394,0,0,721.770,0,44.108,1839,2705,1.480,1.670,1.660,0,0,2.005,0,0,28,290,1,37,1
30-07 13:44:48,3.252,2.251,93.046,0,0,6338440,4881016,405580,4605528,15102.474,7771.846,0,28.014,0,4.002,1718,2534,1.480,1.670,1.660,0,0,2.001,0,0,28,290,1,37,1
30-07 13:44:49,17.701,7.728,72.547,0,0,6344680,4874716,405604,4605564,700.043,0,0,331.074,0,23.933,4152,4890,1.480,1.670,1.660,1,0,3.989,0,0,28,291,1,39,1
30-07 13:44:50,8.512,3.505,85.873,0,0,6344536,4874716,405632,4605680,809.162,0,0,200.288,0,17.024,2678,3384,1.480,1.670,1.660,0,0,4.006,0,0,28,290,1,39,1
30-07 13:44:51,2.250,1.750,94.489,0,0,6344520,4874716,405644,4605684,239.971,0,0,87.989,0,5.999,1496,2286,1.450,1.650,1.660,0,0,0,0,0,28,290,1,39,1
30-07 13:44:52,3.253,3.003,92.078,0,0,6344732,4874492,405656,4605684,24764.027,449879.998,0,256.218,0,15.013,2055,2723,1.450,1.650,1.660,1,0,0,0,0,28,290,1,37,1
30-07 13:44:53,1.997,2.247,93.879,0,0,6344708,4874492,405672,4605692,359.537,147.810,0,571.265,0,24.968,1618,2436,1.450,1.650,1.660,0,0,1.997,0,0,28,290,1,37,1
30-07 13:44:54,6.754,3.252,89.055,0,0,6344676,4874492,405692,4605704,1930.183,1353.830,0,172.106,0,14.009,2197,2953,1.450,1.650,1.660,0,0,0,0,0,28,290,1,38,1
30-07 13:44:55,2.251,2.251,94.304,0,0,6344648,4874492,405720,4605704,420.241,0,0,1452.833,0,24.014,1778,2624,1.450,1.650,1.660,0,0,1.001,0,0,28,290,1,38,1
30-07 13:44:56,7.753,5.752,85.037,0,0,6355208,4863908,405744,4605704,825.356,0,0,140.060,0,13.006,2095,2581,1.410,1.640,1.660,0,0,2.001,0,0,28,290,1,37,1
30-07 13:44:57,2.751,1.750,93.521,0,0,6347120,4871976,405756,4605712,19104.229,180253.904,0,184.041,0,19.004,1857,2711,1.410,1.640,1.660,0,0,1.000,0,0,28,290,1,37,1
30-07 13:44:58,4.752,3.252,91.293,0,0,6346616,4872448,405780,4605720,821.384,148.069,0,992.464,0,162.076,2263,2841,1.410,1.640,1.660,1,0,1.000,0,0,28,290,1,38,1
30-07 13:44:59,3.235,2.737,92.560,0.249,0,6346588,4872448,405804,4605724,298.581,0,0,836.026,0,54.740,1974,2833,1.410,1.640,1.660,1,0,2.986,0,0,28,290,1,38,1
30-07 13:45:00,2.006,2.006,94.281,0,0,6346824,4872196,405816,4605728,1558.638,0,0,72.215,0,9.027,1636,2290,1.410,1.640,1.660,1,0,1.003,0,0,28,290,1,37,1
30-07 13:45:01,2.001,1.751,95.279,0,0,6346824,4872196,405816,4605728,300.090,0,0,0,0,0,1404,2187,1.300,1.620,1.650,0,0,0,0,0,28,290,1,37,1
30-07 13:45:02,5.990,7.487,84.105,0,0,6348292,4870684,405816,4605772,96897.832,28742.414,0,0,0,0,2582,2749,1.300,1.620,1.650,1,0,25.955,0,0,28,290,1,37,1
30-07 13:45:03,8.761,25.031,64.330,0,0,6342140,4876840,405816,4605768,46523.165,23957.953,0,0,0,0,5409,3965,1.300,1.620,1.650,1,0,234.293,0,0,28,290,1,37,1
30-07 13:45:04,17.922,13.690,66.212,0,0,6363364,4855612,405844,4605744,29582.239,14690.059,0,238.960,0,22.900,3746,3549,1.300,1.620,1.650,2,0,56.753,0,0,28,290,1,37,1
30-07 13:45:05,26.396,7.039,66.116,0,0,6400612,4818316,405856,4605780,31051.882,16100.119,0,189.046,0,10.056,3008,2747,1.300,1.620,1.650,1,0,3.017,0,0,28,290,1,37,1
30-07 13:45:06,23.742,4.998,69.227,0,0,6409424,4809496,405856,4605788,15760.690,7937.326,0,71.976,0,5.998,3032,3017,1.270,1.610,1.640,2,0,0,0,0,28,293,1,37,1
30-07 13:45:07,26.598,2.237,69.850,0,0,6417724,4801180,405860,4605808,14830.971,7254.409,0,35.795,0,2.983,2554,2266,1.270,1.610,1.640,2,0,0,0,0,28,295,1,37,1
30-07 13:45:08,17.784,14.277,65.876,0,0,6371352,4847548,405860,4605812,30764.050,15694.124,0,0,0,0,4219,3267,1.270,1.610,1.640,2,0,120.231,0,0,28,296,1,34,1
30-07 13:45:09,11.056,22.866,63.572,0,0,6376612,4842260,405888,4605812,44716.327,23635.629,0,498.523,0,78.397,5266,4058,1.270,1.610,1.640,2,0,184.936,0,0,28,296,1,34,1
30-07 13:45:10,21.215,7.488,69.386,0,0,6407788,4811080,405908,4605796,15070.189,7445.741,0,91.849,0,13.977,2873,2932,1.270,1.610,1.640,2,0,0,0,0,28,296,1,34,1
30-07 13:45:11,24.732,5.996,68.701,0,0,6440564,4778272,405916,4605820,30314.482,14647.603,0,403.713,0,30.978,3183,3120,1.250,1.600,1.640,1,0,1.999,0,0,28,296,1,34,1
30-07 13:45:12,25.703,4.242,69.123,0,0,6437128,4781708,405916,4605820,15333.778,7576.056,0,0,0,0,3041,2889,1.250,1.600,1.640,2,0,0,0,0,28,298,1,32,1
30-07 13:45:13,6.261,3.506,88.154,0,0,6401376,4817452,405916,4605828,31510.943,14988.133,0,2812.905,0,549.959,2808,2545,1.250,1.600,1.640,0,0,1.002,0,0,28,298,1,32,1
30-07 13:45:14,10.776,23.557,63.402,0,0,6396252,4822540,405936,4605844,122371.103,517840.562,0,168.405,0,12.029,5662,4441,1.250,1.600,1.640,2,0,188.453,0,0,28,298,1,32,1
30-07 13:45:15,6.743,25.225,63.437,0.749,0,6389708,4828892,406096,4605860,61171.871,37722.304,139.860,395.605,4.995,23.976,5378,4108,1.250,1.600,1.640,3,0,202.797,0,0,28,298,1,32,1
30-07 13:45:16,11.328,22.657,64.445,0,0,6385664,4832736,406096,4606060,47587.839,29764.678,0,48.334,0,5.035,5093,4067,1.150,1.570,1.630,1,0,168.162,0,0,28,298,1,30,1
30-07 13:45:17,7.203,22.104,67.058,0,0,6380616,4837772,406096,4606072,61768.115,39426.287,0,7.948,0,0.993,5218,4037,1.150,1.570,1.630,1,0,186.770,0,0,28,298,1,30,1
30-07 13:45:18,7.730,22.941,67.326,0,0,6385880,4832500,406096,4606080,61062.474,39003.381,0,0,0,0,5067,3951,1.150,1.570,1.630,3,0,172.555,0,0,28,298,1,30,1
30-07 13:45:19,7.997,22.992,65.476,0.250,0,6388196,4830156,406120,4606084,46054.221,28965.447,0,339.876,0,21.992,5411,4516,1.150,1.570,1.630,1,0,180.934,0,0,28,298,1,30,1
30-07 13:45:20,7.242,24.225,65.931,0,0,6383036,4835264,406160,4606096,61536.962,36957.541,0,255.734,0,19.979,5301,4174,1.150,1.570,1.630,1,0,199.792,0,0,28,298,1,29,1
30-07 13:45:21,8.106,24.571,65.860,0,0,6360476,4857820,406160,4606100,74942.231,38492.447,0,0,0,0,5000,3845,1.140,1.560,1.630,3,0,186.434,0,0,28,298,1,29,1
30-07 13:45:22,8.140,24.421,63.149,0,0,6356916,4861364,406168,4606108,57282.794,558532.652,0,67.096,0,6.907,5365,4192,1.140,1.560,1.630,2,0,183.526,0,0,28,298,1,29,1
30-07 13:45:23,7.774,26.081,63.948,0,0,6361860,4856416,406168,4606112,61004.922,38497.219,0,4.012,0,1.003,5244,4021,1.140,1.560,1.630,1,0,214.665,0,0,28,298,1,29,1
30-07 13:45:24,8.253,24.258,64.770,0.250,0,6363872,4854384,406184,4606116,61879.364,38800.142,0,360.113,0,49.015,5332,4196,1.140,1.560,1.630,1,0,179.056,0,0,28,298,1,30,1
30-07 13:45:25,8.443,23.341,64.810,0,0,6361368,4856856,406208,4606124,55639.150,31811.963,0,329.761,0,20.858,5252,4348,1.140,1.560,1.630,2,0,174.813,0,0,28,298,1,29,1
30-07 13:45:26,24.751,12.250,61.752,0,0,6417852,4799812,406244,4606648,51182.290,28662.722,0,224.006,0,30.001,3617,3370,1.130,1.550,1.620,2,0,17.000,0,0,28,298,1,29,1
30-07 13:45:27,30.221,11.585,57.168,0,0,6478012,4739468,406244,4606792,31622.969,16062.317,0,96.706,0,2.015,3806,3447,1.130,1.550,1.620,1,0,7.052,0,0,28,299,1,29,1
30-07 13:45:28,30.759,8.753,59.768,0,0,6476520,4741460,406244,4606292,30635.368,16357.002,0,16.005,0,4.001,3436,3038,1.130,1.550,1.620,1,0,5.002,0,0,28,298,1,30,1
30-07 13:45:29,22.709,7.986,67.629,0,0,6470292,4747596,406336,4606292,44775.868,22525.688,0,2455.605,0,139.750,3288,3463,1.130,1.550,1.620,1,0,1.996,0,0,28,298,1,23,1
30-07 13:45:30,23.522,6.006,69.816,0,0,6479300,4738448,406344,4606424,29618.950,14671.845,0,96.091,0,9.009,2685,2609,1.130,1.550,1.620,1,0,0,0,0,28,298,1,23,1
30-07 13:45:31,22.426,7.475,67.526,0,0,6471856,4745772,406428,4606460,30074.200,14836.765,0,454.492,0,60.798,3842,4321,1.200,1.560,1.630,1,0,0,0,0,28,299,1,24,1
30-07 13:45:32,21.146,10.321,67.214,0,0,6443016,4774488,406528,4606484,15199.947,7576.310,0,664.589,0,87.605,3879,4171,1.200,1.560,1.630,1,0,25.174,0,0,28,299,1,24,1
30-07 13:45:33,25.173,5.790,67.968,0,0,6464192,4753308,406528,4606488,60591.130,593278.327,0,56.388,0,3.021,3330,3204,1.200,1.560,1.630,1,0,1.007,0,0,28,299,1,19,1
30-07 13:45:34,36.333,14.434,47.780,0.249,0,6464596,4752848,406584,4606488,29336.079,14590.894,0,2050.569,0,183.158,4892,14840,1.200,1.560,1.630,1,0,35.835,0,0,28,297,1,21,1
30-07 13:45:35,30.792,5.215,61.584,0,0,6379432,4837916,406644,4606524,29291.914,15451.509,0,297.985,0,41.718,3624,3553,1.200,1.560,1.630,1,0,8.940,0,0,28,297,1,22,1
30-07 13:45:36,3.733,4.231,90.833,0,0,6380392,4836936,406664,4606524,30103.961,16436.632,0,175.197,0,12.941,1988,2508,1.100,1.530,1.620,0,0,14.932,0,0,28,297,1,22,1
30-07 13:45:37,4.022,2.263,93.769,0,0,6380364,4836936,406684,4606532,29756.814,15131.811,0,249.381,0,23.128,1732,2434,1.100,1.530,1.620,0,0,0,0,0,28,297,1,10,1
30-07 13:45:38,5.478,2.241,90.146,0,0,6380332,4836936,406708,4606540,30937.437,16458.330,0,545.855,0,26.894,2115,2779,1.100,1.530,1.620,0,0,1.992,0,0,28,297,1,10,1
30-07 13:45:39,3.036,2.277,94.125,0,0,6380292,4836936,406748,4606540,15321.111,7451.052,0,3076.772,0,591.064,2742,2700,1.100,1.530,1.620,0,0,0,0,0,28,297,1,10,1
30-07 13:45:40,3.227,1.738,93.332,0,0,6380288,4836936,406768,4606524,29499.937,14788.195,0,158.863,0,18.865,1976,2986,1.100,1.530,1.620,0,0,0,0,0,28,297,1,10,1
30-07 13:45:41,2.749,1.999,93.706,0,0,6380224,4836936,406800,4606556,419.802,0,0,343.838,0,26.987,1755,2685,1.010,1.510,1.610,1,0,1.999,0,0,28,297,1,10,1
30-07 13:45:42,2.001,2.001,94.314,0,0,6380212,4836936,406816,4606552,15045.157,7433.018,0,180.122,0,19.013,1696,2675,1.010,1.510,1.610,0,0,0,0,0,28,297,1,10,1
30-07 13:45:43,2.498,1.748,94.413,0,0,6380208,4836936,406816,4606556,14902.246,7437.136,0,15.985,0,0.999,1488,2217,1.010,1.510,1.610,1,0,0,0,0,28,297,1,10,1
30-07 13:45:44,2.745,2.995,92.847,0,0,6380164,4836936,406864,4606552,15558.437,7511.658,0,670.898,0,52.913,1996,2965,1.010,1.510,1.610,0,0,1.997,0,0,28,297,1,10,1
30-07 13:45:45,3.504,1.502,94.618,0,0,6380144,4836936,406868,4606568,420.525,0,0,32.040,0,3.004,1614,2315,1.010,1.510,1.610,0,0,1.001,0,0,28,297,1,10,1
30-07 13:45:46,17.260,9.505,72.291,0,0,6410384,4806696,406868,4606568,16052.022,8534.797,0,4.002,0,1.001,2606,2574,1.010,1.500,1.610,1,0,9.005,0,0,28,297,1,10,1
30-07 13:45:47,24.473,5.244,68.924,0,0,6448176,4768896,406876,4606568,44459.160,23128.592,0,187.794,0,9.989,2842,2713,1.010,1.500,1.610,1,0,1.998,0,0,28,297,1,10,1
30-07 13:45:48,24.870,5.720,67.646,0,0,6462256,4754784,406892,4606584,29599.958,15212.319,0,115.396,0,11.937,3189,3011,1.010,1.500,1.610,2,0,1.990,0,0,28,298,1,10,1
30-07 13:45:49,24.628,9.648,65.504,0,0,6393580,4823444,406904,4606588,18223.377,9277.226,0,138.117,0,13.202,3566,3438,1.010,1.500,1.610,1,0,25.389,0,0,28,297,1,9,1
30-07 13:45:50,30.423,9.152,58.372,0,0,6418932,4798044,406920,4606620,44258.945,23695.132,0,284.935,0,20.777,4018,4013,1.010,1.500,1.610,1,0,7.915,0,0,28,297,1,11,1
30-07 13:45:51,24.188,5.735,68.822,0,0,6438432,4778388,406920,4606776,33304.023,15170.835,0,67.825,0,5.985,2759,2560,1.010,1.490,1.600,3,0,0,0,0,28,297,1,11,1
30-07 13:45:52,23.593,4.518,70.529,0,0,6346632,4870256,406932,4606696,73853.395,613701.724,0,192.763,0,17.068,3574,3391,1.010,1.490,1.600,0,0,5.020,0,0,28,297,1,11,1
30-07 13:45:53,4.247,5.746,78.697,9.743,0,6344372,4868352,406956,4610820,88084.395,25252.912,3829.409,167.886,35.976,8.994,2428,2779,1.010,1.490,1.600,0,1,9.993,0,0,28,297,1,10,1
30-07 13:45:54,9.463,9.961,66.738,12.451,0,6337832,4863100,407016,4622464,52387.048,27780.784,10383.180,2908.565,128.495,493.062,4110,3441,1.010,1.490,1.600,1,1,1.992,0,0,28,297,1,11,1
30-07 13:45:55,11.045,13.305,69.034,4.770,0,6338632,4855288,407036,4629440,45647.461,22546.592,5627.109,188.775,79.326,13.054,3210,3107,1.010,1.490,1.600,1,0,3.012,0,0,28,297,1,11,1
30-07 13:45:56,6.762,10.268,69.119,12.522,0,6338480,4845052,407056,4639776,44872.183,22330.410,9360.100,120.207,130.224,12.021,3265,3337,1.010,1.480,1.600,0,1,6.010,0,0,28,297,1,11,1
30-07 13:45:57,11.248,10.998,62.990,12.998,0,6366884,4805248,407056,4651160,49008.352,22626.469,10842.308,3.999,116.982,1.000,3054,2901,1.010,1.480,1.600,3,0,2.000,0,0,28,297,1,10,1
30-07 13:45:58,4.242,5.739,69.369,18.216,0,6358512,4795180,407056,4669472,56170.756,29979.296,16728.359,11.977,185.649,2.994,3074,3164,1.010,1.480,1.600,0,1,1.996,0,0,28,297,1,11,1
30-07 13:45:59,3.500,4.251,68.509,21.753,0,6358340,4778548,407108,4686160,29937.973,14593.937,15330.034,708.094,165.022,46.006,2997,3429,1.010,1.480,1.600,0,1,2.000,0,0,28,297,1,11,1
30-07 13:46:00,15.030,14.529,66.384,3.507,0,6358360,4773004,407124,4691652,31446.688,15977.359,3611.314,593.201,43.087,73.148,3089,2788,1.010,1.480,1.600,1,0,0,0,0,28,297,1,11,1
30-07 13:46:01,13.732,14.981,69.910,0,0,6358412,4770484,407124,4694104,15178.533,7286.654,0,39.949,0,2.996,2464,2287,1.010,1.470,1.600,1,0,0,0,0,28,297,1,10,1
30-07 13:46:02,6.749,8.999,66.495,15.499,0,6351620,4763484,407132,4707840,44084.690,454851.852,13223.007,59.995,129.990,3.000,3586,3664,1.010,1.470,1.600,1,1,6.999,0,0,28,297,1,10,1
30-07 13:46:03,4.252,5.252,68.278,20.258,0,6340488,4758608,407136,4723760,47342.655,101648.200,15542.453,72.030,162.067,3.001,3264,3414,1.010,1.470,1.600,1,0,2.001,0,0,28,297,1,10,1
30-07 13:46:04,4.004,6.507,68.572,18.770,0,6337736,4745756,407144,4739292,45033.055,22477.487,15696.401,180.188,167.175,24.025,3397,3738,1.010,1.470,1.600,2,0,3.003,0,0,28,297,1,10,1
30-07 13:46:05,4.218,5.459,69.233,18.611,0,6341388,4726872,407144,4754476,59122.279,30287.711,14757.740,111.169,155.836,6.948,3103,3199,1.010,1.470,1.600,2,1,5.956,0,0,28,297,1,10,1
