"pcp-dstat 6.2.0 CSV Output"
"Author:","PCP team <pcp@groups.io> and Dag Wieers <dag@wieers.com>",,,,"URL:","https://pcp.io/ and http://dag.wieers.com/home-made/dstat/"
"Host:","ubuntu",,,,"User:","stack"
"Cmdline:","dstat -tcmndrylpg --tcp --output /opt/stack/logs/dstat-csv.log",,,,"Date:","30 Jul 2026 14:37:04 UTC"
"system","total usage",,,,,"memory usage",,,,"net/total",,"dsk/total",,"io/total",,"system",,"load avg",,,"procs",,,"paging",,"tcp sockets",,,,
"time","total usage:usr","total usage:sys","total usage:idl","total usage:wai","total usage:stl","used","free","buf","cach","net/total:recv","net/total:send","dsk/total:read","dsk/total:writ","read","writ","int","csw","1m","5m","15m","run","blk","new","in","out","lis","act","syn","tim","clo"
30-07 14:37:04,,1224156,11447792,147624,3332320,,,,,,,2.020,1.430,1,3,0,,,,12,4,0,9,2
30-07 14:37:05,22.540,23.530,51.271,0,0,1249712,11422096,147664,3332416,63887.720,36999.673,0,602.378,0,17.834,4488,2378,2.020,1.430,1,2,0,125.826,0,0,12,4,0,9,2
30-07 14:37:06,20.339,23.854,54.739,0,0,1250308,11421144,147760,3332592,143454.040,911490.786,0,855.734,0,27.118,5238,2897,1.860,1.410,1,1,0,121.530,0,0,12,4,0,9,2
30-07 14:37:07,21.479,25.226,51.451,0,0,1251472,11419680,147856,3332736,74077.900,60509.922,0,811.221,0,26.974,4554,2366,1.860,1.410,1,1,0,129.875,0,0,12,4,0,9,2
30-07 14:37:08,18.753,24.253,55.758,0,0,1262976,11407368,147920,3333424,655311.978,44147.129,0,1048.146,0,19.003,5017,2619,1.860,1.410,1,3,0,131.018,0,0,12,4,0,9,2
30-07 14:37:09,21.085,24.805,52.340,0,0,1267060,11402872,148032,3333600,80207.958,38844.358,0,1135.098,0,35.720,4368,2272,1.860,1.410,1,3,0,109.144,0,0,12,4,0,9,2
30-07 14:37:10,21.030,24.577,53.715,0.253,0,1256988,11400016,148120,3345976,208739.922,44305.406,12.162,1248.611,1.013,30.404,4580,2404,1.860,1.410,1,4,1,112.497,0,0,12,4,0,9,2
30-07 14:37:11,29.041,25.070,43.189,0.248,0,1272168,11375632,148304,3354872,302886.110,32847.594,0,1171.568,0,36.736,5531,4173,1.950,1.440,1.010,5,0,99.285,0,0,12,4,0,9,2
30-07 14:37:12,35.205,25.717,37.952,0.250,0,1256468,11381008,148848,3362796,45045.467,23257.295,0,1242.413,0,53.931,4485,2568,1.950,1.440,1.010,3,0,71.908,0,0,12,4,0,9,2
30-07 14:37:13,30.994,30.244,37.743,0,0,1278916,11351996,149056,3368392,55057.735,447733.522,0,9878.158,0,26.995,4759,2454,1.950,1.440,1.010,4,0,108.980,0,0,12,4,0,9,2
30-07 14:37:14,44.333,37.280,17.381,0.252,0,1300364,11317732,149284,3379864,61658.486,32317.934,0,1918.421,0,33.250,6266,15765,1.950,1.440,1.010,2,0,127.962,0,0,12,4,0,10,2
30-07 14:37:15,44.870,21.567,32.227,0,0,1285444,11328868,149304,3383132,46028.859,23805.227,0,0,0,0,4919,4294,1.950,1.440,1.010,3,0,63.462,0,0,12,4,0,10,2
30-07 14:37:16,38.227,17.239,43.973,0,0,1371604,11228320,149496,3480840,30895.017,15637.392,0,859.472,0,25.984,4356,3221,2.120,1.480,1.030,3,0,14.991,0,0,13,4,0,10,2
30-07 14:37:17,25.370,19.593,54.006,0,0,1417588,11172724,150080,3528600,61370.657,32372.318,0,1985.403,0,86.409,3984,2639,2.120,1.480,1.030,4,0,64.305,0,0,13,6,0,9,2
30-07 14:37:18,39.749,12.750,46.749,0.250,0,1431912,11149656,150560,3535420,61416.007,33560.458,0,1159.981,0,38.999,3565,2015,2.120,1.480,1.030,2,0,24.000,0,0,13,6,0,9,2
30-07 14:37:19,39.468,12.163,46.418,0,0,1435628,11139420,150792,3540692,49964.748,25466.910,0,786.377,0,28.794,3459,1927,2.120,1.480,1.030,3,0,20.851,0,0,13,6,0,9,2
30-07 14:37:20,30.569,22.802,45.854,0,0,1434728,11117860,151424,3560736,58144.780,33320.518,0,1487.371,0,49.111,4479,2493,2.120,1.480,1.030,2,0,89.202,0,0,13,6,0,9,2
30-07 14:37:21,33.599,19.558,45.635,0.251,0,1419980,11124208,151992,3567416,61730.806,33666.699,0,1588.705,0,57.169,4456,2761,2.110,1.490,1.030,4,0,78.232,0,0,13,6,0,12,2
30-07 14:37:22,36.970,11.741,46.463,3.747,0,1391432,11167168,152180,3552820,56058.058,473994.992,1574.738,1247.000,44.964,32.974,3764,2125,2.110,1.490,1.030,2,0,10.991,0,0,13,4,0,12,0
30-07 14:37:23,35.813,15.026,43.076,5.259,0,1423796,11132312,152336,3555120,52646.829,199498.766,2600.585,19169.801,118.208,356.629,4014,2107,2.110,1.490,1.030,2,0,19.034,0,0,13,4,0,12,0
30-07 14:37:24,37.416,10.477,47.893,2.993,0,1449612,11105124,152388,3556432,45857.235,23942.346,1005.746,1983.555,79.821,209.530,3460,1830,2.110,1.490,1.030,2,0,18.958,0,0,13,5,0,12,0
30-07 14:37:25,35.844,7.770,54.393,1.504,0,1483412,11063428,152568,3562692,22290.499,11090.105,188.495,2089.484,6.016,20.053,2665,1485,2.110,1.490,1.030,2,0,1.003,0,0,13,4,0,12,0
30-07 14:37:26,45.293,7.549,47.557,0,0,1482112,11063708,152568,3563708,30981.148,16642.516,0,0,0,0,3025,1526,2.100,1.500,1.040,2,0,4.026,0,0,13,4,0,12,0
30-07 14:37:27,40.920,16.616,37.448,0.744,0,1500008,11042064,154288,3565340,16663.800,9617.546,15.872,12241.415,0.992,729.128,9890,14537,2.100,1.500,1.040,4,0,16.864,0,0,13,6,0,12,0
30-07 14:37:28,34.134,21.676,36.377,2.741,0,1513772,11017912,158980,3570600,47057.400,24816.831,0,30863.324,0,2083.932,12009,15895,2.100,1.500,1.040,2,0,27.905,0,0,13,6,0,12,0
30-07 14:37:29,36.606,24.740,33.576,2.525,0,1511076,11012648,163592,3573688,31088.091,15651.086,0,53168.654,0,2224.617,11823,15969,2.100,1.500,1.040,5,1,28.275,0,0,13,6,0,12,0
30-07 14:37:30,40.231,18.874,30.546,3.725,0,1513864,11005100,167132,3574748,46400.391,27775.071,0,21122.603,0,1607.241,12624,20663,2.100,1.500,1.040,3,0,37.747,0,0,13,6,0,12,0
30-07 14:37:31,27.327,25.823,46.131,0.251,0,1436080,11082720,167200,3574808,46715.294,26664.512,0,886.511,0,34.097,4198,2187,2.170,1.520,1.050,2,0,82.233,0,0,13,4,0,12,0
30-07 14:37:32,39.541,14.859,45.333,0.252,0,1404636,11122184,167792,3567364,46366.725,24265.313,0,7889.979,0,360.650,3525,2899,2.170,1.520,1.050,3,0,3.022,0,0,13,4,0,12,0
30-07 14:37:33,40.356,11.389,47.041,0,0,1403320,11123480,167816,3567384,52024.451,27714.617,0,336.715,0,10.894,3188,1809,2.170,1.520,1.050,2,0,10.894,0,0,13,4,0,12,0
30-07 14:37:34,44.345,9.575,46.109,0,0,1444592,11082208,167816,3567384,49527.404,471469.806,0,8.063,0,2.016,3633,1751,2.170,1.520,1.050,3,0,18.141,0,0,13,4,0,12,0
30-07 14:37:35,31.241,15.746,51.736,0,0,1415368,11111404,167824,3567392,37951.548,120573.793,0,1955.461,0,333.908,3842,2035,2.170,1.520,1.050,1,0,65.982,0,0,13,4,0,12,0
30-07 14:37:36,20.641,6.963,71.622,0,0,1408032,11118740,167824,3567392,45349.531,23717.758,0,0,0,0,2064,1501,2.080,1.510,1.050,1,0,2.984,0,0,13,4,0,12,0
30-07 14:37:37,21.029,6.259,72.600,0,0,1407704,11119068,167824,3567392,45182.257,23313.123,0,8.011,0,1.001,1948,1481,2.080,1.510,1.050,2,0,0,0,0,13,4,0,12,0
30-07 14:37:38,22.461,3.744,72.375,0,0,1416020,11110752,167828,3567388,30823.794,16432.635,0,0,0,0,1890,1391,2.080,1.510,1.050,2,0,0,0,0,13,4,0,11,0
30-07 14:37:39,16.497,11.498,71.238,0,0,1362028,11164712,167840,3567408,47060.949,26466.472,0,195.966,0,2.000,2848,1678,2.080,1.510,1.050,1,0,51.991,0,0,13,4,0,11,0
30-07 14:37:40,6.993,22.976,68.428,0,0,1355748,11170980,167912,3567348,47640.653,26221.289,0,515.455,0,37.960,4237,2766,2.080,1.510,1.050,1,0,118.874,0,0,13,4,0,11,0
30-07 14:37:41,7.509,24.781,65.582,0,0,1354232,11172212,168208,3567336,62930.915,34602.391,0,3820.791,0,190.239,4710,3297,1.990,1.500,1.050,1,0,112.141,0,0,13,4,0,11,0
30-07 14:37:42,7.972,24.415,65.272,0,0,1348940,11177060,168408,3567576,47802.190,25015.705,0,3312.441,0,146.489,4562,2951,1.990,1.500,1.050,1,0,120.579,0,0,13,4,0,7,0
30-07 14:37:43,6.778,24.350,67.026,0,0,1343936,11182028,168408,3567612,62115.809,32356.252,0,12.050,0,3.012,3997,2440,1.990,1.500,1.050,1,0,116.480,0,0,13,4,0,7,0
30-07 14:37:44,8.744,24.482,65.202,0,0,1338568,11187328,168408,3567680,59479.398,468909.263,0,7.994,0,1.999,4356,2712,1.990,1.500,1.050,1,0,111.918,0,0,13,4,0,7,0
30-07 14:37:45,12.751,34.503,49.755,0,0,1322072,11203796,168408,3568104,64124.503,166149.848,0,30355.078,0,110.011,5591,5342,1.990,1.500,1.050,2,0,115.012,0,0,13,4,0,7,0
30-07 14:37:46,19.506,22.757,56.518,0,0,1319280,11206556,168408,3568156,45727.533,23824.572,0,8.003,0,2.001,4464,4816,1.910,1.500,1.050,2,0,63.020,0,0,13,4,0,7,0
30-07 14:37:47,20.689,17.199,58.577,1.745,0,1330452,11193716,168416,3569812,46129.013,23669.224,1810.662,11.965,22.932,2.991,3592,2603,1.910,1.500,1.050,4,0,30.909,0,0,13,4,0,7,0
30-07 14:37:48,46.374,28.326,23.312,1.003,0,1410316,11112576,168420,3571092,61799.844,33998.687,1179.145,645.722,16.043,3.008,4979,2402,1.910,1.500,1.050,3,0,102.273,0,0,13,5,0,7,0
30-07 14:37:49,44.274,7.754,47.276,0.750,0,1457020,11065716,168440,3571228,44262.975,22061.950,20.011,0,4.002,0,2857,1303,1.910,1.500,1.050,2,0,0,0,0,13,5,0,7,0
30-07 14:37:50,47.724,4.723,46.482,0,0,1484048,11037632,168452,3572252,29366.387,14508.204,489.175,6422.903,3.977,24.856,2834,1130,1.910,1.500,1.050,3,0,0,0,0,13,5,0,7,0
30-07 14:37:51,35.490,22.653,42.034,0,0,1485092,11036560,168452,3572276,15230.010,7494.691,0,49619.608,0,129.878,3264,1718,1.920,1.500,1.050,2,0,2.014,0,0,13,5,0,7,0
30-07 14:37:52,46.971,10.687,40.510,0,0,1513876,11005620,168544,3574340,15102.341,7252.941,0,934.452,0,74.557,4123,3974,1.920,1.500,1.050,4,0,0,0,0,13,5,0,7,0
30-07 14:37:53,20.582,22.841,55.974,0,0,1526296,10992264,168556,3574948,46324.376,25075.344,0,1586.348,0,5.020,4420,2815,1.920,1.500,1.050,3,0,114.458,0,0,13,6,0,7,0
30-07 14:37:54,35.295,14.018,48.312,1.252,0,1568840,10948960,168688,3575556,61591.922,32106.140,724.929,0,15.019,0,3417,1954,1.920,1.500,1.050,1,0,28.036,0,0,14,8,0,4,0
30-07 14:37:55,24.623,8.040,66.834,0,0,1609160,10908640,168688,3575556,57249.999,469112.507,0,6918.563,0,942.709,3621,1892,1.920,1.500,1.050,1,0,1.005,0,0,14,8,0,4,0
30-07 14:37:56,23.394,6.720,68.191,0,0,1631776,10886016,168688,3575560,32654.816,130502.793,0,12248.418,0,251.857,2482,1500,1.920,1.510,1.060,2,0,0.995,0,0,14,8,0,4,0
30-07 14:37:57,25.119,3.014,71.841,0,0,1639640,10877952,168688,3575760,30986.984,15635.164,0,0,0,0,1871,1164,1.920,1.510,1.060,1,0,2.010,0,0,14,8,0,4,0
30-07 14:37:58,23.642,3.733,70.428,1.493,0,1656956,10860340,168780,3575980,31781.546,26571.391,207.052,804.319,14.932,29.863,2252,1752,1.920,1.510,1.060,1,0,1.991,0,0,14,14,0,4,0
30-07 14:37:59,37.359,7.223,51.555,0.498,0,1660764,10855832,169380,3576032,32535.253,20698.908,0,1856.994,0,237.105,5580,6501,1.920,1.510,1.060,2,0,0,0,0,14,20,0,4,0
30-07 14:38:00,15.027,13.775,70.626,0,0,1563212,10953360,169404,3576032,45158.625,23203.427,0,336.601,0,15.027,2766,1888,1.920,1.510,1.060,1,0,44.079,0,0,14,14,0,6,0
30-07 14:38:01,20.132,5.468,71.829,1.491,0,1596592,10919844,169452,3576080,40342.272,18435.819,95.440,715.800,12.924,16.901,1863,1381,1.850,1.500,1.060,2,0,0,0,0,14,14,0,6,0
30-07 14:38:02,22.923,5.542,69.273,1.763,0,1610516,10905240,169620,3576492,19456.956,10936.603,366.770,2160.317,13.099,87.662,2020,1450,1.850,1.500,1.060,2,0,0,0,0,14,14,0,6,0
30-07 14:38:03,22.728,5.495,71.180,0,0,1631928,10883568,169636,3576692,30901.749,14739.571,0,491.519,0,6.993,2400,2081,1.850,1.500,1.060,1,0,1.998,0,0,14,15,0,6,0
30-07 14:38:04,14.986,4.496,72.434,7.493,0,1631524,10883344,169676,3577028,15178.233,7289.388,347.685,7.993,85.922,1.998,1841,1459,1.850,1.500,1.060,0,1,0,0,0,14,14,0,6,0
30-07 14:38:05,20.367,5.464,70.291,0.994,0,1631320,10883344,169680,3577184,15169.848,7592.375,95.377,0,23.844,0,2982,2936,1.850,1.500,1.060,1,0,0,0,0,14,21,0,6,0
30-07 14:38:06,22.421,6.046,71.544,0,0,1551920,10962724,169680,3577200,399.035,149.134,0,108.828,0,2.015,2775,2529,1.780,1.500,1.060,1,0,11.084,0,0,14,20,0,6,0
30-07 14:38:07,16.256,11.504,71.025,0,0,1583856,10930784,169688,3577204,46133.013,23224.061,0,928.322,0,4.001,2535,1847,1.780,1.500,1.060,2,0,35.012,0,0,14,20,0,6,0
30-07 14:38:08,21.487,5.247,72.456,0,0,1624160,10890464,169688,3577208,30089.853,14649.165,0,0,0,0,1853,1301,1.780,1.500,1.060,1,0,0,0,0,14,20,0,6,0
30-07 14:38:09,23.329,5.519,70.739,0.251,0,1632460,10882160,169744,3577156,30574.281,14870.232,0,533.803,0,33.112,2811,2621,1.780,1.500,1.060,2,0,2.007,0,0,14,20,0,6,0
30-07 14:38:10,21.776,6.257,71.335,0,0,1632768,10881656,169744,3577352,15330.371,7533.027,0,8.010,0,2.002,3154,3313,1.780,1.500,1.060,2,0,0,0,0,14,20,0,6,0
30-07 14:38:11,14.917,19.641,64.143,0,0,1608552,10905848,169756,3577348,30384.069,16279.488,0,123.314,0,7.956,3716,2241,1.720,1.490,1.050,3,0,128.287,0,0,14,20,0,6,0
30-07 14:38:12,37.771,16.871,45.325,0,0,1638512,10875876,169756,3577360,61473.162,615583.730,0,463.325,0,2.014,4024,2432,1.720,1.490,1.050,2,0,30.217,0,0,14,20,0,6,0
30-07 14:38:13,42.717,7.901,47.162,0,0,1716360,10798020,169756,3577368,29617.645,14637.459,0,0,0,0,3180,2089,1.720,1.490,1.050,2,0,0,0,0,14,22,0,6,0
30-07 14:38:14,52.561,15.089,32.191,0,0,1745540,10768800,169756,3577652,30518.864,14878.172,0,0,0,0,5246,12514,1.720,1.490,1.050,3,0,36.215,0,0,14,22,0,7,0
30-07 14:38:15,45.803,6.758,45.553,0,0,1747212,10767036,169788,3577444,15208.595,7791.013,0,232.269,0,14.016,6095,7326,1.720,1.490,1.050,2,0,2.002,0,0,14,21,0,6,0
30-07 14:38:16,31.872,34.611,31.374,0,0,1613952,10900228,169844,3577456,45616.983,23565.454,0,338.641,0,30.876,5488,3764,1.900,1.530,1.070,6,0,239.041,0,0,14,20,0,6,0
30-07 14:38:17,57.374,42.967,0.758,0,0,1699612,10814548,169860,3577460,61571.596,33271.834,0,173.891,0,13.143,5303,3483,1.900,1.530,1.070,6,0,243.650,0,0,14,20,0,6,0
30-07 14:38:18,74.762,25.170,0,0,0,1840420,10673708,169884,3577464,45279.873,24980.487,0,338.921,0,18.940,5249,3197,1.900,1.530,1.070,6,0,99.683,0,0,14,20,0,6,0
30-07 14:38:19,84.530,15.005,0.250,0,0,1976412,10537680,169884,3577496,44825.800,23492.281,0,0,0,0,5850,4460,1.900,1.530,1.070,6,0,0,0,0,14,20,0,6,0
30-07 14:38:20,82.576,15.374,1.240,0,0,2039480,10474456,169884,3577648,15041.180,7236.906,0,3.968,0,0.992,6107,5843,1.900,1.530,1.070,5,0,0,0,0,14,24,0,6,0
30-07 14:38:21,67.973,11.495,18.992,0,0,2058992,10454768,169972,3577732,29795.166,14800.122,0,371.852,0,36.985,6798,7730,1.990,1.550,1.080,4,0,1.999,0,0,14,24,0,7,0
30-07 14:38:22,78.321,21.728,0.758,0,0,1942804,10570932,170028,3577700,16279.560,8616.272,0,371.896,0,28.296,6402,7423,1.990,1.550,1.080,5,0,142.493,0,0,14,20,0,7,0
30-07 14:38:23,30.577,17.402,49.968,0,0,1819592,10693888,170076,3577904,60730.821,31187.763,0,1050.066,0,23.865,4799,4415,1.990,1.550,1.080,2,0,108.388,0,0,14,20,0,4,0
30-07 14:38:24,15.252,13.752,69.510,0,0,1732472,10780996,170092,3577900,55905.651,452967.990,0,152.021,0,8.001,3224,2271,1.990,1.550,1.080,3,0,62.008,0,0,14,20,0,4,0
30-07 14:38:25,21.723,5.493,72.162,0,0,1739700,10773748,170108,3577900,46597.963,147353.637,0,171.790,0,8.989,1880,1323,1.990,1.550,1.080,4,0,0.999,0,0,14,20,0,4,0
30-07 14:38:26,22.228,5.994,70.179,0,0,1751524,10761848,170172,3577912,30406.315,15708.148,0,3892.072,0,583.411,3061,2207,1.910,1.540,1.080,2,0,0.999,0,0,14,20,0,4,0
30-07 14:38:27,24.050,5.010,70.397,0.251,0,1743296,10769996,170224,3577936,15868.226,7311.309,0,200.420,0,21.044,3519,3850,1.910,1.540,1.080,2,0,2.004,0,0,14,20,0,4,0
30-07 14:38:28,14.225,12.977,70.627,0,0,1646828,10866448,170240,3577936,15257.519,7283.359,0,127.778,0,8.984,2909,1987,1.910,1.540,1.080,2,0,67.882,0,0,14,20,0,4,0
30-07 14:38:29,20.281,7.261,72.362,0,0,1684340,10828936,170240,3577936,45325.165,23806.854,0,0,0,0,1865,1332,1.910,1.540,1.080,2,0,0,0,0,14,20,0,4,0
30-07 14:38:30,22.510,4.752,72.032,0,0,1708756,10804476,170280,3577940,29881.304,15312.818,0,460.205,0,23.010,2285,1867,1.910,1.540,1.080,1,0,2.001,0,0,14,21,0,4,0
30-07 14:38:31,22.646,5.032,72.466,0,0,1700932,10812232,170280,3578008,30181.026,15197.702,0,8.052,0,1.006,3028,2961,1.840,1.540,1.080,1,0,0,0,0,14,21,0,4,0
30-07 14:38:32,18.145,11.185,68.603,0,0,1662504,10850624,170352,3578020,15718.068,7254.034,0,2716.286,0,302.251,3921,2705,1.840,1.540,1.080,1,0,62.638,0,0,14,20,0,4,0
30-07 14:38:33,5.749,26.243,65.733,0,0,1646048,10867064,170384,3578004,46336.967,25927.267,0,287.925,0,15.996,4619,2626,1.840,1.540,1.080,2,0,172.955,0,0,14,20,0,4,0
30-07 14:38:34,5.985,25.934,65.831,0,0,1635728,10877308,170456,3578008,61389.618,32829.836,0,805.934,0,41.893,4860,2917,1.840,1.540,1.080,1,0,174.553,0,0,14,20,0,4,0
30-07 14:38:35,8.014,34.559,55.595,0,0,1625996,10887016,170456,3578020,46085.425,24599.862,0,12.020,0,3.005,4746,2743,1.840,1.540,1.080,4,0,210.358,0,0,14,20,0,4,0
30-07 14:38:36,31.734,48.104,20.652,0,0,1638800,10874192,170456,3578040,61363.651,32142.577,0,24.178,0,6.044,5216,3057,2.090,1.590,1.100,7,0,255.883,0,0,14,20,0,4,0
30-07 14:38:37,67.279,32.264,0.500,0,0,1774048,10738940,170460,3578040,70825.433,584939.343,0,256.110,0,7.003,5499,3334,2.090,1.590,1.100,5,0,174.075,0,0,14,21,0,4,0
30-07 14:38:38,79.775,17.949,0.997,0,0,1894444,10618524,170460,3578060,44943.053,22837.493,0,0,0,0,5694,4232,2.090,1.590,1.100,6,0,0,0,0,14,21,0,4,0
30-07 14:38:39,79.661,13.318,5.426,0,0,1962688,10550232,170460,3578104,29523.476,14815.503,0,0,0,0,7031,7412,2.090,1.590,1.100,5,0,1.973,0,0,14,24,0,5,0
30-07 14:38:40,70.640,17.408,11.857,0.252,0,1947568,10565140,170500,3578268,15270.440,7756.318,0,197.793,0,17.156,6380,7435,2.090,1.590,1.100,8,0,30.274,0,0,14,22,0,7,0
30-07 14:38:41,81.419,16.484,1.499,0,0,1941120,10571472,170588,3578292,15327.695,7598.413,0,335.665,0,34.965,6681,9336,2.240,1.630,1.120,8,0,15.984,0,0,14,22,0,7,0
30-07 14:38:42,78.469,20.372,1.258,0,0,1909972,10602504,170668,3578308,15162.595,7895.173,0,394.356,0,35.210,6214,6143,2.240,1.630,1.120,5,0,46.276,0,0,14,20,0,7,0
30-07 14:38:43,66.799,31.537,0.745,0,0,1837180,10675232,170684,3578352,45297.454,24609.998,0,619.819,0,12.913,6020,4823,2.240,1.630,1.120,6,0,212.566,0,0,14,21,0,8,0
30-07 14:38:44,78.299,21.331,0.753,0,0,1937396,10574980,170700,3578368,44473.822,22526.015,0,156.598,0,8.031,6276,6402,2.240,1.630,1.120,6,0,6.023,0,0,14,22,0,8,0
30-07 14:38:45,80.577,18.710,0.998,0,0,1932188,10580020,170716,3578520,30491.433,15323.050,0,155.665,0,7.983,5796,5417,2.240,1.630,1.120,5,0,49.893,0,0,14,23,0,8,0
30-07 14:38:46,78.443,14.443,5.977,0,0,1985496,10526636,170732,3578572,46122.537,23673.374,0,155.392,0,8.965,6925,10618,2.300,1.660,1.130,3,0,2.988,0,0,14,24,0,9,0
30-07 14:38:47,71.643,19.901,7.214,0,0,1962256,10549848,170748,3578584,45265.678,23859.234,0,171.148,0,9.950,6937,9031,2.300,1.660,1.130,2,0,99.505,0,0,14,23,0,9,0
30-07 14:38:48,56.005,13.813,27.877,0,0,1876640,10635196,170828,3578772,49337.682,24573.909,0,357.629,0,31.142,7679,7959,2.300,1.660,1.130,3,0,45.206,0,0,14,20,0,9,0
30-07 14:38:49,30.657,25.882,43.472,0,0,1714064,10797760,170844,3578768,70741.045,598024.625,0,148.761,0,8.041,4480,2836,2.300,1.660,1.130,2,0,106.545,0,0,14,20,0,9,0
30-07 14:38:50,41.492,9.248,47.991,0,0,1806780,10705024,170860,3578768,30223.239,14589.219,0,103.980,0,5.999,2829,1343,2.300,1.660,1.130,2,0,0,0,0,14,20,0,9,0
30-07 14:38:51,44.109,9.221,44.857,0,0,1826260,10685292,171068,3578808,29712.255,14693.147,0,2504.015,0,128.590,4494,3919,2.280,1.660,1.130,2,0,1.994,0,0,14,21,0,9,0
30-07 14:38:52,46.565,7.511,44.563,0,0,1815252,10696172,171164,3578836,29789.781,15261.405,0,424.596,0,42.059,6508,7197,2.280,1.660,1.130,2,0,0,0,0,14,21,0,9,0
30-07 14:38:53,29.297,32.802,35.306,0,0,1758040,10753344,171180,3578856,16238.963,9451.110,0,232.372,0,13.021,5828,4605,2.280,1.660,1.130,4,0,195.312,0,0,14,20,0,9,0
30-07 14:38:54,40.041,39.790,20.521,0,0,1732660,10778708,171196,3578856,60603.336,31920.306,0,188.190,0,12.012,4864,2790,2.280,1.660,1.130,3,0,185.187,0,0,14,20,0,9,0
30-07 14:38:55,63.907,13.428,21.634,0,0,1801876,10709480,171252,3578812,29739.413,15224.304,0,545.075,0,29.840,4353,2217,2.280,1.660,1.130,3,0,0,0,0,14,23,0,9,0
30-07 14:38:56,65.226,12.697,21.161,0,0,1840288,10670976,171276,3578880,29852.464,15811.509,0,67.715,0,8.962,5431,4179,2.420,1.700,1.150,3,0,1.992,0,0,14,25,0,9,0
30-07 14:38:57,56.007,16.752,22.503,2.250,0,1839628,10667740,171304,3582632,15943.899,7458.888,56.007,4996.595,14.002,717.085,9155,7670,2.420,1.700,1.150,4,0,3.000,0,0,14,27,0,10,0
30-07 14:38:58,56.215,30.115,10.791,2.008,0,1790164,10713024,171444,3586556,30653.380,16171.926,176.677,638.445,28.108,56.215,6787,7444,2.420,1.700,1.150,6,0,64.246,0,0,14,25,0,10,0
30-07 14:38:59,56.672,43.263,0.506,0.506,0,1698984,10803952,171540,3586708,46234.265,24583.522,153.824,481.712,23.276,42.504,5308,3500,2.420,1.700,1.150,5,0,197.340,0,0,14,24,0,10,0
30-07 14:39:00,83.747,16.499,0,0,0,1863764,10639144,171556,3586720,44302.539,23099.238,0,175.994,0,9.000,4806,1662,2.420,1.700,1.150,4,0,2.000,0,0,14,24,0,10,0
30-07 14:39:01,75.459,15.242,8.495,0,0,1905156,10597632,171628,3586764,15242.658,7601.840,0,835.543,0,42.976,6208,6715,2.630,1.760,1.170,4,0,0,0,0,14,27,0,12,0
30-07 14:39:02,49.155,7.657,39.769,0,0,1905300,10597392,171628,3586836,30033.544,14773.219,0,0,0,0,7009,8167,2.630,1.760,1.170,3,0,0,0,0,14,28,0,12,0
30-07 14:39:03,57.726,8.919,30.473,0,0,1865280,10637212,171676,3586988,15798.509,7390.872,0,483.608,0,67.388,6779,7061,2.630,1.760,1.170,5,0,9.910,0,0,14,26,0,13,0
30-07 14:39:04,55.832,41.112,3.807,0,0,1695464,10806968,171716,3587004,16234.797,9783.716,0,300.475,0,24.363,5708,5495,2.630,1.760,1.170,4,0,320.778,0,0,14,24,0,11,0
30-07 14:39:05,60.225,17.993,21.741,0,0,1773500,10728916,171732,3587004,57461.343,578937.646,0,143.941,0,6.997,4270,2031,2.630,1.760,1.170,4,0,1.000,0,0,14,24,0,11,0
30-07 14:39:06,63.285,11.461,24.168,0,0,1835004,10667320,171788,3587040,30047.757,14690.014,0,450.467,0,27.905,5010,3838,2.900,1.830,1.200,3,0,2.990,0,0,14,25,0,11,0
30-07 14:39:07,60.083,10.676,26.317,0,0,1834908,10667320,171844,3587072,29871.565,15134.900,0,186.703,0,21.848,6658,6580,2.900,1.830,1.200,3,0,0,0,0,14,26,0,12,0
30-07 14:39:08,51.409,28.870,19.500,0,0,1827360,10674684,171864,3587236,30916.330,16102.424,0,235.013,0,12.156,6833,7258,2.900,1.830,1.200,5,0,143.844,0,0,14,26,0,13,0
30-07 14:39:09,63.116,32.810,3.256,0,0,1743324,10758644,171912,3587232,61404.960,31794.489,0,324.597,0,22.041,5816,4833,2.900,1.830,1.200,4,0,159.293,0,0,14,24,0,13,0
30-07 14:39:10,63.554,12.010,24.020,0,0,1829360,10672588,171928,3587236,44870.013,22797.314,0,184.156,0,10.008,3749,1537,2.900,1.830,1.200,4,0,0,0,0,14,24,0,13,0
30-07 14:39:11,59.661,11.435,27.096,0,0,1842560,10659284,171992,3587272,30010.270,15145.834,0,628.425,0,33.808,5916,5310,2.900,1.850,1.210,3,0,0,0,0,14,27,0,13,0
30-07 14:39:12,51.361,8.436,36.970,0,0,1842464,10659284,172048,3587312,30128.814,14547.819,0,254.076,0,21.835,7114,7886,2.900,1.850,1.210,7,0,1.985,0,0,14,26,0,13,0
30-07 14:39:13,49.819,29.791,19.026,0,0,1724692,10777032,172064,3587316,30561.437,16404.780,0,216.300,0,13.018,6218,5959,2.900,1.850,1.210,4,0,163.227,0,0,14,24,0,13,0
30-07 14:39:14,55.097,29.418,14.709,0,0,1701516,10800032,172080,3587476,60157.128,31911.480,0,721.997,0,8.975,4410,2375,2.900,1.850,1.210,4,0,123.657,0,0,14,24,0,13,0
30-07 14:39:15,68.864,17.153,14.378,0,0,1825412,10676100,172096,3587476,33866.859,17320.378,0,117.043,0,7.063,5064,10532,2.900,1.850,1.210,6,0,38.342,0,0,14,24,0,14,0
30-07 14:39:16,59.769,11.361,26.921,0,0,1827600,10673872,172112,3587500,26045.349,13275.580,0,114.598,0,8.891,5895,5734,2.910,1.870,1.220,4,0,0.988,0,0,14,27,0,13,0
30-07 14:39:17,50.578,8.304,39.254,0,0,1827940,10673396,172200,3587540,39361.891,445412.299,0,330.138,0,35.228,7482,8441,2.910,1.870,1.220,3,0,1.007,0,0,14,25,0,15,0
30-07 14:39:18,51.830,24.788,22.284,0,0,1688268,10813036,172216,3587556,19787.413,138374.680,0,176.271,0,8.012,5707,4150,2.910,1.870,1.220,3,0,114.175,0,0,14,24,0,15,0
30-07 14:39:19,59.715,16.811,23.334,0,0,1771904,10729384,172232,3587556,44643.912,22099.655,0,152.550,0,8.029,3706,1619,2.910,1.870,1.220,3,0,0,0,0,14,24,0,15,0
30-07 14:39:20,63.963,11.538,23.829,0.251,0,1851924,10649304,172280,3587568,30070.306,14869.601,0,533.781,0,28.094,4556,3460,2.910,1.870,1.220,3,0,0,0,0,14,25,0,15,0
30-07 14:39:21,58.445,9.163,29.966,0,0,1849816,10651196,172336,3587728,15198.705,7534.469,0,194.157,0,22.784,6848,6985,2.920,1.880,1.220,4,0,1.981,0,0,14,26,0,15,0
30-07 14:39:22,50.923,25.587,21.072,0,0,1784340,10716636,172352,3587744,15183.687,7483.474,0,204.697,0,13.044,6828,6433,2.920,1.880,1.220,5,0,120.410,0,0,14,25,0,15,0
30-07 14:39:23,51.071,45.256,4.551,0,0,1711468,10789428,172400,3587740,62252.835,33437.753,0,315.527,0,26.294,5576,4198,2.920,1.880,1.220,5,0,271.029,0,0,14,24,0,15,0
30-07 14:39:24,67.607,31.933,0.249,0,0,1821712,10679140,172420,3587764,45204.464,24035.203,0,167.646,0,12.973,5180,3339,2.920,1.880,1.220,9,0,208.559,0,0,14,25,0,14,0
30-07 14:39:25,71.494,27.900,0,0,0,1944892,10555916,172460,3587768,60965.029,33583.926,0,470.318,0,22.918,5394,3998,2.920,1.880,1.220,9,0,163.416,0,0,14,25,0,14,0
30-07 14:39:26,74.720,25.325,0.501,0,0,2021656,10479096,172460,3587820,61212.215,35099.336,0,8.024,0,1.003,6869,7013,3.330,1.990,1.260,7,0,144.425,0,0,14,25,0,14,0
30-07 14:39:27,74.394,24.383,0.746,0,0,2056884,10443820,172492,3587836,45852.637,26608.701,0,163.219,0,12.938,7749,8712,3.330,1.990,1.260,9,0,144.310,0,0,14,26,0,14,0
30-07 14:39:28,61.321,32.120,3.407,0,0,2029732,10470828,172536,3587932,66248.767,444160.595,0,3827.192,0,23.360,7699,10232,3.330,1.990,1.260,8,0,182.989,0,0,14,27,0,14,0
30-07 14:39:29,73.923,27.045,1.545,0,0,2021048,10479372,172536,3588064,49573.945,144269.998,0,0,0,0,7291,7908,3.330,1.990,1.260,7,0,146.300,0,0,14,27,0,15,0
30-07 14:39:30,68.483,30.492,1.000,0,0,1849268,10650908,172624,3588220,61047.595,32963.682,0,487.877,0,36.991,7245,8034,3.330,1.990,1.260,7,0,212.946,0,0,14,25,0,15,0
30-07 14:39:31,66.310,33.406,0,0,0,1815028,10684980,172672,3588340,61482.995,36632.998,0,337.576,0,21.098,5824,5042,3.540,2.050,1.290,9,0,243.135,0,0,14,24,0,15,0
30-07 14:39:32,79.334,18.594,0.992,0,0,1916208,10583716,172688,3588400,44878.013,22393.886,0,130.900,0,6.942,6077,6184,3.540,2.050,1.290,5,0,26.775,0,0,14,25,0,15,0
30-07 14:39:33,80.070,17.570,2.510,0,0,1919896,10579980,172704,3588428,30339.250,14915.610,0,5016.047,0,60.241,6497,6081,3.540,2.050,1.290,6,0,35.140,0,0,14,25,0,15,0
30-07 14:39:34,55.579,16.872,25.308,0,0,1916072,10583596,172720,3588620,60928.619,31965.938,0,170.707,0,10.917,7639,9651,3.540,2.050,1.290,3,0,99.248,0,0,14,27,0,15,0
30-07 14:39:35,75.516,16.922,8.334,0,0,1825472,10674140,172736,3588652,30113.288,14874.800,0,125.270,0,8.082,6478,8347,3.540,2.050,1.290,5,0,57.584,0,0,14,25,0,15,0
30-07 14:39:36,36.563,31.588,29.101,0,0,1715000,10784576,172752,3588684,60660.029,33430.619,0,175.102,0,8.954,6595,6531,3.420,2.050,1.290,3,0,231.812,0,0,14,24,0,15,0
30-07 14:39:37,16.005,33.510,48.514,0,0,1635124,10864456,172752,3588680,67535.995,378910.184,0,16.005,0,2.001,5389,3200,3.420,2.050,1.290,4,0,218.065,0,0,14,24,0,15,0
30-07 14:39:38,6.745,29.728,61.454,0,0,1622720,10876852,172752,3588688,51877.942,240714.772,0,59.955,0,4.996,4585,2761,3.420,2.050,1.290,3,0,180.864,0,0,14,24,0,15,0
30-07 14:39:39,23.891,44.010,32.190,0,0,1618380,10881172,172768,3588692,61553.310,31934.489,0,269.591,0,11.065,5340,3067,3.420,2.050,1.290,3,0,244.443,0,0,14,24,0,15,0
30-07 14:39:40,43.856,47.866,7.769,0,0,1694912,10804592,172832,3588676,61642.370,31744.924,0,637.545,0,41.100,5374,3421,3.420,2.050,1.290,5,0,285.692,0,0,14,24,0,15,0
30-07 14:39:41,61.348,36.510,1.490,0,0,1777368,10722080,172832,3588732,45378.306,23845.567,0,19.870,0,4.967,5925,5146,3.700,2.130,1.320,7,0,304.999,0,0,14,25,0,12,0
30-07 14:39:42,73.601,25.874,0.754,0,0,1862284,10637140,172888,3588700,61334.847,31635.044,0,329.574,0,23.110,6365,5811,3.700,2.130,1.320,5,0,142.681,0,0,14,24,0,12,0
30-07 14:39:43,78.329,19.147,1.989,0,0,1933772,10565372,172944,3588920,44214.618,22523.077,0,242.697,0,22.877,6439,6380,3.700,2.130,1.320,6,0,50.728,0,0,14,26,0,12,0
30-07 14:39:44,78.147,19.787,1.753,0,0,1964960,10534156,173016,3588872,15247.727,7508.146,0,372.702,0,33.062,6197,7759,3.700,2.130,1.320,5,0,67.126,0,0,14,25,0,14,0
30-07 14:39:45,75.154,23.548,1.503,0,0,1962456,10536372,173080,3589092,29984.496,14952.667,0,368.756,0,27.055,6493,7794,3.700,2.130,1.320,5,0,100.206,0,0,14,24,0,13,0
30-07 14:39:46,75.325,23.023,1.501,0,0,1902080,10596660,173096,3589156,15234.202,7451.436,0,796.795,0,14.014,6317,5999,3.810,2.180,1.340,6,0,104.104,0,0,14,26,0,13,0
30-07 14:39:47,79.788,17.097,1.982,0,0,1939548,10559112,173128,3589204,16373.884,7552.603,0,241.842,0,14.867,6762,7381,3.810,2.180,1.340,6,0,0,0,0,14,27,0,14,0
30-07 14:39:48,84.015,14.086,1.509,0,0,1991224,10507200,173176,3589388,667.090,0,0,273.678,0,19.117,6239,9891,3.810,2.180,1.340,5,0,2.012,0,0,14,26,0,15,0
30-07 14:39:49,66.647,19.149,13.180,0,0,1944372,10554072,173192,3589416,15611.392,7842.501,0,147.221,0,7.958,7165,8730,3.810,2.180,1.340,5,0,29.842,0,0,14,27,0,14,0
30-07 14:39:50,67.313,12.216,18.199,0,0,1982916,10515320,173208,3589600,15562.729,7598.872,0,143.601,0,7.978,7761,8775,3.810,2.180,1.340,4,0,0,0,0,14,28,0,14,0
30-07 14:39:51,53.903,8.984,34.438,0,0,1997064,10501092,173256,3589632,782.593,147.734,0,255.541,0,20.962,6967,7973,3.660,2.180,1.350,2,0,1.996,0,0,14,28,0,16,1
30-07 14:39:52,65.669,19.122,14.341,0,0,1971620,10526448,173320,3589656,15622.590,7638.695,0,293.873,0,28.180,7046,8114,3.660,2.180,1.350,5,0,67.430,0,0,14,26,0,16,0
30-07 14:39:53,80.451,18.102,1.257,0,0,1867072,10630668,173632,3589664,1117.269,0,0,2735.348,0,165.931,7012,10434,3.660,2.180,1.350,7,0,50.282,0,0,14,25,0,16,0
30-07 14:39:54,77.175,21.908,0.747,0,0,1855300,10642220,173648,3589864,15660.072,7623.904,0,151.363,0,7.966,6579,6899,3.660,2.180,1.350,5,0,41.824,0,0,14,26,0,16,0
30-07 14:39:55,81.952,14.991,2.499,0,0,1945684,10551780,173664,3589896,783.541,0,0,59.965,0,5.996,6296,7179,3.660,2.180,1.350,6,0,0,0,0,14,26,0,16,0
30-07 14:39:56,75.309,17.456,6.733,0,0,1956696,10540692,173680,3589956,900.721,189.521,0,75.808,0,6.982,6804,8264,3.690,2.210,1.360,3,0,63.838,0,0,14,28,0,16,0
30-07 14:39:57,71.737,15.194,11.458,0,0,1959064,10538168,173680,3590104,23992.902,428486.666,0,0,0,0,6912,7970,3.690,2.210,1.360,6,0,9.963,0,0,14,27,0,16,0
30-07 14:39:58,64.562,10.049,23.363,0,0,1983192,10513976,173680,3590168,481.327,0,0,12.058,0,3.015,7598,9227,3.690,2.210,1.360,3,0,0,0,0,14,29,0,16,0
30-07 14:39:59,45.797,7.716,43.060,0,0,1983164,10513976,173680,3590196,477.886,0,0,35.841,0,1.991,6514,7176,3.690,2.210,1.360,2,0,0,0,0,14,29,0,16,0
30-07 14:40:00,56.718,10.541,31.120,0,0,1983004,10513976,173680,3590356,16351.951,7402.498,0,0,0,0,7452,7992,3.690,2.210,1.360,2,0,3.012,0,0,14,29,0,17,0
30-07 14:40:01,59.105,13.659,23.592,0,0,1935664,10561224,173732,3590392,3558.214,125564.633,0,286.088,0,19.867,7581,7975,3.640,2.220,1.370,3,0,29.801,0,0,14,28,0,17,0
30-07 14:40:02,68.233,13.350,16.317,0,0,1981628,10514872,173748,3590744,1420.038,0,0,150.310,0,7.911,6695,6921,3.640,2.220,1.370,5,0,0,0,0,14,27,0,17,0
30-07 14:40:03,73.072,25.383,3.333,0,0,1917340,10578724,173788,3591112,1140.431,0,0,287.159,0,18.460,6802,8622,3.640,2.220,1.370,7,0,115.889,0,0,14,26,0,18,0
30-07 14:40:04,75.364,20.554,1.713,0,0,1886848,10609148,173804,3591144,14833.083,7205.619,0,4584.504,0,145.835,6962,7998,3.640,2.220,1.370,5,0,72.428,0,0,14,26,0,18,0
30-07 14:40:05,78.198,20.887,2.038,0,0,1937028,10558888,173852,3591176,489.055,0,0,203.773,0,19.358,6734,8091,3.640,2.220,1.370,5,0,38.717,0,0,14,25,0,16,0
30-07 14:40:06,80.711,16.293,3.259,0,0,1948704,10547168,173868,3591204,480.253,148.387,0,116.303,0,7.018,6548,7595,3.750,2.270,1.390,6,0,33.086,0,0,14,25,0,16,0
30-07 14:40:07,79.110,18.352,1.736,0,0,1961128,10534568,173884,3591356,535.668,0,0,142.845,0,7.936,6498,9284,3.750,2.270,1.390,6,0,55.551,0,0,14,26,0,17,0
30-07 14:40:08,79.168,18.790,2.004,0,0,1925772,10569828,173900,3591432,840.787,0,0,116.247,0,7.015,6685,9152,3.750,2.270,1.390,7,0,49.104,0,0,14,25,0,19,0
30-07 14:40:09,78.801,20.393,0.755,0,0,1900000,10595564,173948,3591416,15202.306,7413.843,0,418.929,0,52.366,6167,7502,3.750,2.270,1.390,6,0,36.254,0,0,14,25,0,17,0
30-07 14:40:10,80.902,17.674,0.996,0,0,1931728,10563612,173948,3591640,757.737,0,0,7.966,0,1.991,6049,8008,3.750,2.270,1.390,5,0,29.871,0,0,14,25,0,17,0
30-07 14:40:11,83.466,11.745,3.748,0,0,1966132,10529088,174004,3591700,599.757,147.940,0,243.901,0,21.991,6442,8604,3.850,2.310,1.410,5,0,0,0,0,14,25,0,17,0
30-07 14:40:12,73.078,24.193,2.993,0,0,1907132,10587936,174052,3591804,998.646,0,0,235.445,0,19.953,6451,8406,3.850,2.310,1.410,5,0,120.715,0,0,14,26,0,17,0
30-07 14:40:13,77.624,20.217,0.998,0,0,1882804,10612156,174100,3591856,820.664,0,0,199.675,0,18.969,6953,9279,3.850,2.310,1.410,7,0,59.902,0,0,14,25,0,18,0
30-07 14:40:14,80.691,18.350,1.257,0,0,1913944,10580936,174116,3591920,15490.727,7402.488,0,160.880,0,10.055,6870,6868,3.850,2.310,1.410,7,0,30.165,0,0,14,26,0,19,0
30-07 14:40:15,76.274,17.087,5.943,0.248,0,1979024,10515668,174132,3592088,1453.165,0,0,130.755,0,6.934,6951,18672,3.850,2.310,1.410,4,0,37.642,0,0,14,28,0,20,0
30-07 14:40:16,80.090,14.311,4.770,0,0,1991544,10503068,174148,3592144,722.065,148.631,0,1217.167,0,13.055,6236,8599,4.020,2.380,1.430,5,0,50.213,0,0,14,25,0,21,0
30-07 14:40:17,69.918,27.566,2.757,0,0,1894764,10599812,174164,3592164,421.010,0,0,164.394,0,8.019,6847,8459,4.020,2.380,1.430,5,0,122.293,0,0,14,25,0,18,0
30-07 14:40:18,77.316,21.839,0.753,0,0,1856524,10638032,174164,3592184,1481.061,0,0,0,0,0,6204,6113,4.020,2.380,1.430,6,0,45.185,0,0,14,25,0,18,0
30-07 14:40:19,81.871,16.524,1.502,0,0,1938772,10555628,174164,3592340,360.533,0,0,0,0,0,6287,6879,4.020,2.380,1.430,5,0,0,0,0,14,25,0,19,0
30-07 14:40:20,80.831,15.218,3.243,0,0,1972460,10521860,174244,3592332,478.002,0,0,315.342,0,30.935,7107,8615,4.020,2.380,1.430,5,0,45.904,0,0,14,24,0,20,0
30-07 14:40:21,70.376,27.202,2.246,0,0,1907280,10586876,174284,3592456,16764.563,7670.531,0,299.474,0,18.967,6493,8172,4.100,2.420,1.450,6,0,133.765,0,0,14,26,0,20,0
30-07 14:40:22,78.854,19.839,1.005,0,0,1856728,10637228,174372,3592564,704.164,0,0,462.076,0,39.176,6745,6794,4.100,2.420,1.450,6,0,65.293,0,0,14,24,0,21,0
30-07 14:40:23,76.528,21.687,1.496,0,0,1895472,10598400,174388,3592616,799.683,0,0,219.364,0,7.977,5277,4212,4.100,2.420,1.450,4,0,72.789,0,0,14,24,0,21,0
30-07 14:40:24,70.363,12.520,16.777,0,0,1936452,10557352,174404,3592660,599.965,0,0,148.238,0,7.011,6410,6453,4.100,2.420,1.450,3,0,2.003,0,0,14,28,0,22,0
30-07 14:40:25,57.273,12.505,27.761,0,0,1851964,10641792,174420,3592692,780.316,0,0,140.057,0,8.003,6726,7433,4.100,2.420,1.450,4,0,27.011,0,0,14,26,0,24,0
30-07 14:40:26,75.480,19.366,3.476,0,0,1812676,10680844,174452,3592896,952.432,188.699,0,222.466,0,13.904,6708,9121,4.170,2.460,1.470,5,0,50.651,0,0,14,26,0,26,0
30-07 14:40:27,74.841,21.419,4.536,0,0,1802584,10690896,174500,3592880,1137.979,0,0,302.386,0,23.183,6154,6378,4.170,2.460,1.470,4,0,98.779,0,0,14,25,0,26,0
30-07 14:40:28,76.666,21.476,1.498,0,0,1834528,10658884,174548,3592900,1345.520,0,0,223.754,0,20.977,5269,4035,4.170,2.460,1.470,5,0,29.967,0,0,14,24,0,26,0
30-07 14:40:29,75.142,19.033,3.708,0,0,1878800,10614544,174548,3592968,30340.563,15180.663,0,0,0,0,6131,5943,4.170,2.460,1.470,6,0,59.323,0,0,14,26,0,27,0
30-07 14:40:30,79.669,16.336,3.770,0,0,1913192,10579900,174612,3593152,44923.373,22661.236,0,341.798,0,28.148,6208,6861,4.170,2.460,1.470,4,0,27.143,0,0,14,26,0,26,0
30-07 14:40:31,69.909,22.050,8.018,0,0,1934320,10558736,174628,3593168,15010.204,7689.522,0,156.356,0,8.018,6586,7473,4.160,2.490,1.490,6,0,82.187,0,0,14,26,0,27,0
30-07 14:40:32,64.670,15.541,18.298,0,0,1974596,10518240,174676,3593328,30993.341,15917.775,0,393.031,0,25.066,8022,9495,4.160,2.490,1.490,2,0,46.121,0,0,14,26,0,27,0
30-07 14:40:33,60.966,13.437,22.893,0,0,1966960,10525804,174692,3593384,45758.764,21929.807,0,218.980,0,10.949,6775,6142,4.160,2.490,1.490,4,0,34.838,0,0,14,24,0,27,0
30-07 14:40:34,50.295,23.521,24.272,0,0,1917576,10575160,174708,3593396,30676.615,14929.439,0,5352.819,0,185.167,6093,4923,4.160,2.490,1.490,3,0,81.073,0,0,14,24,0,27,0
30-07 14:40:35,58.213,18.500,22.446,0,0,1868624,10624072,174724,3593420,15312.918,7198.650,0,161.812,0,7.893,4221,2379,4.160,2.490,1.490,4,0,36.506,0,0,14,25,0,27,0
30-07 14:40:36,64.655,15.467,20.030,0,0,1896528,10596140,174740,3593428,15534.515,7750.523,0,113.591,0,6.085,4679,3921,4.060,2.500,1.500,4,0,6.085,0,0,14,25,0,29,0
30-07 14:40:37,60.372,11.677,25.838,0,0,1893704,10598912,174756,3593464,14823.074,7542.715,0,123.227,0,7.950,7002,7860,4.060,2.500,1.500,5,0,0,0,0,14,27,0,31,0
30-07 14:40:38,52.692,19.822,25.844,0,0,1813240,10679116,174844,3593628,15553.686,7322.688,0,357.302,0,36.132,6890,6870,4.060,2.500,1.500,3,0,84.307,0,0,14,25,0,31,0
30-07 14:40:39,55.713,20.487,21.736,0,0,1830728,10661604,174860,3593652,15292.925,7519.047,0,119.921,0,6.995,5933,5613,4.060,2.500,1.500,3,0,36.976,0,0,14,25,0,31,0
30-07 14:40:40,65.642,11.866,23.227,0,0,1871948,10620368,174908,3593620,1057.345,0,0,412.031,0,57.563,6052,5283,4.060,2.500,1.500,3,0,0,0,0,14,24,0,31,0
30-07 14:40:41,57.556,16.870,23.568,0,0,1790580,10701640,174924,3593696,14801.758,7904.988,0,123.050,0,6.946,5766,5035,4.140,2.540,1.510,5,0,29.770,0,0,14,26,0,31,0
30-07 14:40:42,65.914,11.735,20.723,0,0,1812208,10679968,174940,3593724,14955.490,7837.775,0,111.854,0,6.991,7771,7907,4.140,2.540,1.510,3,0,1.997,0,0,14,25,0,32,0
30-07 14:40:43,56.746,19.083,23.602,0,0,1731392,10760624,174956,3593868,629.727,0,0,176.766,0,9.039,5382,4242,4.140,2.540,1.510,4,0,64.278,0,0,14,24,0,32,0
30-07 14:40:44,57.558,18.519,23.023,0,0,1755464,10736516,174972,3593884,944.960,0,0,120.122,0,7.007,5729,5054,4.140,2.540,1.510,5,0,22.022,0,0,14,25,0,32,0
30-07 14:40:45,65.384,11.187,22.126,0,0,1809592,10682348,174988,3593908,15113.405,7416.487,0,147.176,0,10.939,6077,5375,4.140,2.540,1.510,4,0,2.983,0,0,14,25,0,32,0
30-07 14:40:46,53.695,9.446,33.311,0,0,1831692,10660200,175004,3593940,416.636,147.165,0,135.233,0,9.944,6939,7549,4.050,2.550,1.520,3,0,0.994,0,0,14,26,0,30,0
30-07 14:40:47,57.860,9.017,31.059,0,0,1832144,10659696,175020,3593972,15272.147,7376.077,0,949.813,0,10.019,7278,7587,4.050,2.550,1.520,3,0,0,0,0,14,26,0,30,0
30-07 14:40:48,49.271,27.036,23.246,0,0,1702612,10789028,175108,3594080,423.480,0,0,396.191,0,37.396,6171,6080,4.050,2.550,1.520,3,0,117.240,0,0,14,25,0,30,0
30-07 14:40:49,50.580,25.913,22.674,0,0,1700028,10791552,175132,3594116,358.792,0,0,143.517,0,9.966,4722,2589,4.050,2.550,1.520,3,0,96.675,0,0,14,24,0,30,0
30-07 14:40:50,52.905,22.460,23.458,0,0,1779888,10711668,175148,3594124,699.750,0,0,147.736,0,10.980,5031,3424,4.050,2.550,1.520,3,0,48.913,0,0,14,25,0,28,0
30-07 14:40:51,64.313,11.671,20.113,1.987,0,1824696,10666812,175164,3594156,15075.554,7554.662,0,111.244,0,5.960,6057,5674,3.960,2.560,1.530,3,1,1.987,0,0,14,26,0,28,0
30-07 14:40:52,56.451,21.770,22.023,0.253,0,1817760,10673660,175220,3594180,363.513,0,0,283.520,0,25.314,5679,4360,3.960,2.560,1.530,6,0,97.207,0,0,14,24,0,29,0
30-07 14:40:53,58.172,18.304,23.068,0,0,1851512,10639880,175236,3594192,240.713,0,0,120.357,0,8.024,5753,5184,3.960,2.560,1.530,4,0,33.098,0,0,14,25,0,29,0
30-07 14:40:54,64.489,10.417,22.819,0,0,1881264,10609956,175252,3594348,14976.297,7560.078,0,126.993,0,7.937,6060,5738,3.960,2.560,1.530,4,0,1.984,0,0,14,25,0,28,0
30-07 14:40:55,64.550,9.434,23.337,0,0,1876488,10614632,175316,3594380,297.924,0,0,293.952,0,26.813,6867,6938,3.960,2.560,1.530,3,0,0,0,0,14,26,0,27,0
30-07 14:40:56,55.266,20.348,23.111,0,0,1801216,10689592,175644,3594356,541.605,190.918,0,2853.725,0,175.846,6127,6039,3.890,2.560,1.540,3,0,71.343,0,0,14,24,0,27,0
30-07 14:40:57,48.072,29.447,22.904,0,0,1741836,10748900,175644,3594428,589.954,0,0,0,0,0,4582,2385,3.890,2.560,1.540,3,0,116.783,0,0,14,24,0,27,0
30-07 14:40:58,63.522,11.957,23.914,0,0,1809260,10681440,175676,3594432,477.285,0,0,159.427,0,13.950,4060,2119,3.890,2.560,1.540,3,0,0,0,0,14,24,0,26,0
30-07 14:40:59,61.407,10.778,26.067,0,0,1823256,10667396,175692,3594460,15282.160,7639.576,0,52.134,0,7.018,6854,6544,3.890,2.560,1.540,4,0,0,0,0,14,26,0,26,0
30-07 14:41:00,58.113,7.699,31.043,0,0,1823472,10667144,175692,3594496,475.827,0,0,0,0,0,6938,7162,3.890,2.560,1.540,4,0,1.987,0,0,14,26,0,26,0
30-07 14:41:01,56.234,18.495,22.494,0,0,1785020,10705564,175692,3594524,581.837,147.959,0,0,0,0,7440,7749,3.810,2.570,1.550,5,0,42.988,0,0,14,26,0,28,0
30-07 14:41:02,59.965,17.490,21.488,0,0,1768996,10721452,175748,3594600,418.758,0,0,299.827,0,21.987,6054,5497,3.810,2.570,1.550,5,0,29.983,0,0,14,25,0,26,0
30-07 14:41:03,64.442,11.625,23.755,0,0,1815268,10675112,175764,3594648,596.403,0,0,109.172,0,6.065,5713,4975,3.810,2.570,1.550,4,0,2.022,0,0,14,24,0,27,0
30-07 14:41:04,47.833,25.279,24.288,0,0,1753552,10736660,175764,3594816,799.029,0,0,7.931,0,1.983,6382,6141,3.810,2.570,1.550,4,0,113.014,0,0,14,25,0,27,0
30-07 14:41:05,46.216,18.884,32.550,0,0,1746288,10743692,175804,3595004,72413.683,598213.469,0,4071.021,0,279.286,6972,6802,3.810,2.570,1.550,2,0,85.476,0,0,14,25,0,27,0
30-07 14:41:06,35.512,19.141,44.830,0,0,1722332,10767632,175804,3595020,29931.635,14849.460,0,20.149,0,1.007,5176,4388,3.670,2.560,1.550,4,0,71.527,0,0,14,24,0,27,0
30-07 14:41:07,35.062,18.414,46.161,0,0,1730124,10759832,175804,3595028,31062.516,15364.776,0,0,0,0,3715,2006,3.670,2.560,1.550,3,0,64.575,0,0,14,24,0,26,0
30-07 14:41:08,42.431,7.940,47.642,0,0,1768284,10721612,175856,3595032,15381.327,7757.660,0,639.193,0,29.776,3346,2191,3.670,2.560,1.550,3,0,0,0,0,14,24,0,27,0
30-07 14:41:09,43.574,9.462,45.815,0,0,1778056,10711768,175880,3595080,29472.982,14856.008,0,103.582,0,8.964,4496,4205,3.670,2.560,1.550,3,0,1.992,0,0,14,25,0,27,0
30-07 14:41:10,46.940,5.773,45.936,0,0,1775200,10714528,175944,3595112,480.951,0,0,321.303,0,30.122,5511,5734,3.670,2.560,1.550,2,0,0,0,0,14,24,0,28,0
30-07 14:41:11,22.759,31.262,44.518,0,0,1687684,10802020,175960,3595116,14921.899,7837.098,0,316.125,0,37.015,4672,2674,3.540,2.550,1.550,2,0,196.078,0,0,14,24,0,25,0
30-07 14:41:12,38.562,13.271,47.577,0,0,1724164,10765484,176016,3595116,15386.796,7632.300,0,608.981,0,30.048,2932,1690,3.540,2.550,1.550,2,0,3.005,0,0,14,24,0,25,0
30-07 14:41:13,42.913,8.483,47.155,0,0,1759800,10729804,176048,3595128,14885.909,7442.955,0,119.758,0,11.976,3766,2823,3.540,2.550,1.550,4,0,0,0,0,14,25,0,25,0
30-07 14:41:14,44.266,7.958,45.758,0,0,1759448,10730008,176048,3595276,682.387,0,0,0,0,0,5311,5241,3.540,2.550,1.550,2,0,0,0,0,14,26,0,25,0
30-07 14:41:15,47.340,7.890,39.943,0,0,1768208,10721188,176104,3595860,14776.030,7740.107,0,193.305,0,21.698,6628,7198,3.540,2.550,1.550,3,0,15.780,0,0,14,24,0,23,0
30-07 14:41:16,46.619,22.418,32.353,0.255,0,1682036,10807312,176128,3595296,714.308,150.810,0,240.480,0,17.323,4246,16587,3.490,2.560,1.560,2,0,59.101,0,0,14,24,0,24,0
30-07 14:41:17,41.925,8.931,47.382,0,0,1766160,10723184,176160,3595268,11088.907,3709.202,0,142.891,0,11.908,3264,2090,3.490,2.560,1.560,3,0,0,0,0,14,25,0,24,0
30-07 14:41:18,44.170,8.533,47.181,0,0,1766120,10723184,176184,3595284,4531.403,3637.971,0,714.745,0,13.050,4371,3893,3.490,2.560,1.560,3,0,2.008,0,0,14,25,0,24,0
30-07 14:41:19,44.999,7.250,44.749,0,0,1766012,10723184,176224,3595344,1235.963,0,0,139.996,0,15.000,6532,7404,3.490,2.560,1.560,4,0,0,0,0,14,25,0,24,0
30-07 14:41:20,38.433,13.062,47.225,0,0,1664960,10824208,176240,3595356,15254.716,7493.721,0,128.613,0,7.034,4045,3097,3.490,2.560,1.560,4,0,42.201,0,0,14,24,0,24,0
30-07 14:41:21,38.733,12.994,47.730,0,0,1739304,10749840,176256,3595364,119.949,147.936,0,151.935,0,8.996,3155,1968,3.370,2.550,1.560,3,0,20.991,0,0,14,25,0,24,0
30-07 14:41:22,44.249,8.500,46.749,0,0,1776608,10712500,176280,3595376,298.995,0,0,311.995,0,17.000,4240,3805,3.370,2.550,1.560,2,0,0,0,0,14,26,0,24,0
30-07 14:41:23,45.764,6.752,45.514,0,0,1772456,10716476,176312,3595516,16301.955,7736.352,0,108.033,0,12.004,5622,5655,3.370,2.550,1.560,2,0,0,0,0,14,25,0,22,0
30-07 14:41:24,36.192,16.839,46.496,0,0,1684596,10804304,176376,3595480,810.290,0,0,257.362,0,25.133,4481,3602,3.370,2.550,1.560,2,0,56.298,0,0,14,24,0,22,0
30-07 14:41:25,34.911,16.341,47.538,0,0,1718984,10769852,176392,3595528,741.795,0,0,110.923,0,5.942,3345,1786,3.370,2.550,1.560,2,0,49.519,0,0,14,26,0,22,0
30-07 14:41:26,41.933,8.932,46.895,0,0,1755176,10733632,176416,3595532,755.289,188.574,0,265.989,0,13.895,3711,2784,3.260,2.540,1.560,2,0,0.992,0,0,14,25,0,23,0
30-07 14:41:27,44.278,8.050,46.290,0,0,1755376,10733408,176416,3595556,15070.515,7571.485,0,4.025,0,1.006,5626,5928,3.260,2.540,1.560,3,0,2.013,0,0,14,26,0,17,0
30-07 14:41:28,35.417,19.090,44.208,0,0,1631252,10857452,176496,3595556,749.534,0,0,401.895,0,35.166,5382,4512,3.260,2.540,1.560,4,0,108.512,0,0,14,24,0,18,0
30-07 14:41:29,14.491,40.724,42.723,0,0,1637784,10850844,176536,3595588,1657.952,0,0,299.811,0,20.987,5412,3468,3.260,2.540,1.560,2,0,248.843,0,0,14,24,0,18,0
30-07 14:41:30,36.601,15.437,47.058,0,0,1717724,10770864,176592,3595572,297.788,0,0,709.113,0,31.870,3170,1835,3.260,2.540,1.560,3,0,22.907,0,0,14,24,0,18,0
30-07 14:41:31,44.240,8.798,47.257,0,0,1778836,10709728,176608,3595580,241.311,148.808,0,64.349,0,8.044,3749,3059,3.160,2.530,1.570,3,0,0,0,0,14,24,0,16,0
30-07 14:41:32,44.447,7.741,45.446,0,0,1774524,10714004,176608,3595616,16066.810,7610.910,0,7.990,0,0.999,5658,5911,3.160,2.530,1.570,4,0,0,0,0,14,26,0,16,0
30-07 14:41:33,47.055,6.508,44.051,0,0,1770384,10717956,176640,3595764,857.998,0,0,176.205,0,13.015,6238,6706,3.160,2.530,1.570,3,0,2.002,0,0,14,24,0,16,0
30-07 14:41:34,31.739,20.993,46.234,0,0,1729728,10758604,176664,3595748,298.896,0,0,2723.055,0,301.895,4173,2166,3.160,2.530,1.570,3,0,77.973,0,0,14,24,0,16,0
30-07 14:41:35,42.539,8.956,47.763,0,0,1808076,10680232,176672,3595764,519.425,0,0,23.882,0,2.985,2696,1233,3.160,2.530,1.570,3,0,0,0,0,14,25,0,16,0
30-07 14:41:36,43.695,12.807,43.192,0,0,1806896,10681384,176696,3595768,804.585,148.662,0,454.023,0,60.269,4679,3931,3.070,2.520,1.570,3,0,9.040,0,0,14,25,0,16,0
30-07 14:41:37,43.915,8.733,44.663,0,0,1800056,10688168,176696,3595824,15498.920,7605.240,0,7.985,0,0.998,6682,7784,3.070,2.520,1.570,2,0,0,0,0,14,26,0,16,0
30-07 14:41:38,46.124,6.267,45.372,0,0,1794584,10693560,176736,3595856,299.806,0,0,164.442,0,15.040,6223,6777,3.070,2.520,1.570,2,0,0,0,0,14,24,0,16,0
30-07 14:41:39,24.272,30.027,44.040,0,0,1719296,10768812,176736,3595892,300.272,0,0,4.004,0,1.001,4745,2681,3.070,2.520,1.570,2,0,183.166,0,0,14,24,0,12,0
30-07 14:41:40,26.450,29.445,43.169,0,0,1718900,10769176,176736,3595924,418.213,0,0,11.977,0,1.996,4745,2526,3.070,2.520,1.570,2,0,168.683,0,0,14,24,0,12,0
30-07 14:41:41,24.242,11.496,63.228,0,0,1725564,10762492,176752,3595924,923.681,147.949,0,407.859,0,49.983,3334,2501,2.900,2.500,1.570,1,0,53.981,0,0,14,25,0,12,0
30-07 14:41:42,18.763,8.006,71.300,0,0,1684504,10803516,176784,3595928,821.578,0,0,100.070,0,13.009,3093,2919,2.900,2.500,1.570,3,0,36.025,0,0,14,24,0,12,0
30-07 14:41:43,14.018,14.268,70.841,0,0,1685524,10802496,176784,3595928,300.384,0,0,0,0,0,2593,1796,2.900,2.500,1.570,1,0,57.073,0,0,14,24,0,11,0
30-07 14:41:44,21.258,5.002,73.026,0,0,1729432,10758560,176808,3595932,31571.248,50732.075,0,232.083,0,11.004,1798,1243,2.900,2.500,1.570,1,0,0,0,0,14,24,0,11,0
30-07 14:41:45,22.476,5.244,71.675,0,0,1722988,10764992,176816,3595936,44041.777,22578.303,0,31.966,0,2.997,2805,2638,2.900,2.500,1.570,3,0,1.998,0,0,14,25,0,11,0
30-07 14:41:46,22.727,4.745,70.430,0,0,1687048,10800856,176880,3595948,15080.026,7760.294,0,263.738,0,28.971,3546,3660,2.750,2.470,1.560,1,0,14.985,0,0,14,24,0,11,0
30-07 14:41:47,10.787,17.561,70.494,0,0,1669188,10818692,176896,3595956,29694.828,15196.623,0,120.417,0,6.021,3206,2170,2.750,2.470,1.560,1,0,85.295,0,0,14,24,0,11,0
30-07 14:41:48,20.937,5.483,72.281,0,0,1711516,10776364,176936,3595916,15495.050,7662.782,0,378.852,0,21.934,1843,1330,2.750,2.470,1.560,3,0,1.994,0,0,14,24,0,11,0
30-07 14:41:49,23.024,5.506,71.073,0,0,1717788,10769908,176944,3596092,25108.653,440021.556,0,320.327,0,4.004,2617,2182,2.750,2.470,1.560,1,0,0,0,0,14,24,0,11,0
30-07 14:41:50,23.988,3.748,70.716,0,0,1713760,10773892,177008,3596068,2931.574,116833.163,0,275.866,0,26.987,3524,3873,2.750,2.470,1.560,1,0,0,0,0,14,24,0,12,0
30-07 14:41:51,10.499,17.498,70.492,0,0,1669912,10817680,177024,3596112,14794.229,7509.101,0,1239.852,0,200.976,3620,2183,2.610,2.450,1.560,2,0,93.989,0,0,14,24,0,12,0
30-07 14:41:52,20.511,6.754,72.539,0,0,1708316,10779276,177072,3596064,14983.121,7299.957,0,636.345,0,32.017,1839,1388,2.610,2.450,1.560,1,0,2.001,0,0,14,24,0,12,0
30-07 14:41:53,21.754,4.751,72.264,0.250,0,1701128,10786376,177104,3596116,629.122,0,0,124.024,0,13.003,2359,2153,2.610,2.450,1.560,1,0,0,0,0,14,24,0,12,0
30-07 14:41:54,22.741,4.498,71.220,0,0,1698024,10789472,177104,3596124,15088.731,7424.915,0,0,0,0,3396,3709,2.610,2.450,1.560,1,0,0,0,0,14,25,0,12,0
30-07 14:41:55,23.983,4.497,69.950,0,0,1695728,10791720,177136,3596136,359.744,0,0,107.923,0,12.991,3944,4484,2.610,2.450,1.560,2,0,1.999,0,0,14,24,0,12,0
30-07 14:41:56,17.271,9.511,72.086,0,0,1624152,10863288,177136,3596144,15113.040,7657.140,0,0,0,0,2326,1616,2.480,2.420,1.560,1,0,31.037,0,0,14,24,0,11,0
30-07 14:41:57,21.244,5.249,72.980,0,0,1668912,10818516,177144,3596148,239.933,0,0,35.990,0,2.999,1741,1281,2.480,2.420,1.560,1,0,0,0,0,14,24,0,11,0
30-07 14:41:58,22.507,5.752,71.773,0,0,1681496,10805928,177192,3596104,983.319,0,0,288.093,0,22.007,2640,2487,2.480,2.420,1.560,1,0,2.001,0,0,14,25,0,11,0
30-07 14:41:59,23.360,3.976,69.831,0,0,1681656,10805704,177192,3596168,14827.120,7413.560,0,0,0,0,4110,4700,2.480,2.420,1.560,1,0,0,0,0,14,25,0,11,0
30-07 14:42:00,21.876,5.532,71.664,0,0,1589300,10898052,177192,3596176,745.302,0,0,0,0,0,3084,2878,2.480,2.420,1.560,1,0,16.093,0,0,14,24,0,11,0
30-07 14:42:01,5.745,25.227,67.439,0,0,1592440,10894856,177192,3596232,761.310,147.866,0,7.993,0,1.998,4297,2560,2.360,2.400,1.550,1,0,154.860,0,0,14,24,0,11,0
30-07 14:42:02,12.187,32.829,53.471,0,0,1599692,10887500,177220,3596280,18420.050,36858.007,0,461.596,0,37.803,4801,2780,2.360,2.400,1.550,2,0,189.015,0,0,14,26,0,12,0
30-07 14:42:03,32.952,17.608,47.038,0.755,0,1666784,10820228,177296,3596380,49282.654,26488.131,173.059,486.981,6.037,23.142,3686,2282,2.360,2.400,1.550,3,0,48.296,0,0,14,24,0,13,0
30-07 14:42:04,44.436,7.280,47.448,0.251,0,1757508,10728820,177356,3596948,56582.266,29505.203,28.117,148.621,2.008,9.038,3050,1713,2.360,2.400,1.550,2,0,2.008,0,0,14,24,0,10,0
30-07 14:42:05,37.044,11.854,43.959,4.939,0,1797184,10683988,178576,3600504,22169.253,11986.530,2153.506,8084.536,35.562,534.425,5438,5326,2.360,2.400,1.550,4,0,16.793,0,0,14,28,0,10,0
30-07 14:42:06,40.283,18.265,35.028,2.752,0,1811928,10659584,184160,3604104,22908.570,11947.685,4.003,27626.394,1.001,2348.904,12864,18183,2.330,2.390,1.560,4,0,70.057,0,0,14,28,0,10,0
30-07 14:42:07,38.643,17.701,34.904,3.490,0,1809492,10655048,189076,3605924,14755.227,7664.820,0,28269.883,0,2363.469,12696,17398,2.330,2.390,1.560,5,0,53.851,0,0,14,28,0,10,0
30-07 14:42:08,38.913,16.677,34.112,6.064,0,1847256,10610948,193992,3607172,45336.635,23380.382,0,30039.121,0,2323.686,12165,17695,2.330,2.390,1.560,2,0,27.290,0,0,14,28,0,10,0
30-07 14:42:09,42.207,11.488,39.710,3.247,0,1880432,10575104,197092,3606656,30128.456,14775.021,0,17969.782,0,1406.574,8805,11335,2.330,2.390,1.560,2,0,7.992,0,0,14,24,0,10,0
30-07 14:42:10,42.288,10.259,47.042,0,0,1816540,10638892,197140,3606708,30005.106,15451.959,0,624.564,0,31.028,2946,1541,2.330,2.390,1.560,2,0,7.006,0,0,14,24,0,10,0
30-07 14:42:11,40.917,11.477,46.905,0.249,0,1828056,10626924,197564,3606728,15370.950,9099.619,0,5680.525,0,278.438,3484,2480,2.310,2.380,1.560,2,0,0.998,0,0,14,24,0,10,0
30-07 14:42:12,42.497,13.499,40.247,1.000,0,1855232,10596496,200516,3606932,44486.065,22924.488,0,10703.294,0,1232.919,10461,13571,2.310,2.380,1.560,3,0,1.000,0,0,14,26,0,8,0
30-07 14:42:13,38.200,15.627,40.681,1.488,0,1851324,10596540,204048,3607148,29242.685,15091.654,0,8402.112,0,1365.294,11051,14872,2.310,2.380,1.560,2,0,3.969,0,0,14,26,0,8,0
30-07 14:42:14,38.511,14.095,45.558,0.503,0,1736880,10710340,204608,3607216,22453.013,439698.873,0,1804.215,0,227.541,4997,4231,2.310,2.380,1.560,3,0,57.389,0,0,14,24,0,8,0
30-07 14:42:15,21.797,12.778,64.891,0,0,1737988,10709164,204656,3607236,47581.569,153323.734,0,585.274,0,25.055,2732,1740,2.310,2.380,1.560,1,0,43.094,0,0,14,24,0,8,0
30-07 14:42:16,32.527,13.762,51.543,0,0,1740720,10705944,205128,3607320,44124.186,22835.245,0,6129.165,0,250.211,3937,10637,2.360,2.390,1.570,1,0,41.035,0,0,14,24,0,8,0
30-07 14:42:17,16.455,7.230,72.801,2.992,0,1751588,10695000,205160,3607276,15233.287,7341.896,23.934,147.596,1.995,11.967,1674,1343,2.360,2.390,1.570,0,1,0,0,0,14,24,0,8,0
30-07 14:42:18,23.975,3.281,73.188,0.252,0,1701692,10744860,205168,3607304,29811.210,15027.248,16.152,214.012,1.009,43.408,1876,1176,2.360,2.390,1.570,1,0,1.009,0,0,14,24,0,8,0
30-07 14:42:19,20.109,6.455,71.994,0,0,1695244,10751308,205168,3607304,31171.917,15920.110,0,0,0,0,1877,1385,2.360,2.390,1.570,3,0,1.986,0,0,14,24,0,8,0
30-07 14:42:20,21.005,5.501,72.766,0,0,1726712,10719836,205168,3607304,29553.648,14727.313,0,88.020,0,1.000,1800,1248,2.360,2.390,1.570,1,0,2.000,0,0,14,24,0,6,0
30-07 14:42:21,22.249,4.250,72.996,0,0,1749928,10696620,205168,3607304,29724.468,14871.234,0,0,0,0,1723,1187,2.250,2.370,1.560,1,0,0,0,0,14,24,0,6,0
30-07 14:42:22,20.997,5.499,72.241,0,0,1724812,10721724,205168,3607316,15248.090,7361.078,0,7.999,0,2.000,1813,1310,2.250,2.370,1.560,4,0,3.000,0,0,14,24,0,6,0
30-07 14:42:23,22.011,4.752,72.285,0,0,1752888,10693612,205200,3607316,61779.674,33808.239,0,276.133,0,33.016,2048,1619,2.250,2.370,1.560,1,0,0,0,0,14,24,0,6,0
30-07 14:42:24,20.481,6.744,72.433,0,0,1789588,10656872,205240,3607316,30846.340,16105.036,0,379.647,0,21.980,1933,1433,2.250,2.370,1.560,1,0,1.998,0,0,14,24,0,5,0
30-07 14:42:25,22.770,3.253,72.815,0.751,0,1765320,10680940,205264,3607484,14989.319,7626.777,152.135,32.028,6.005,3.003,1757,1190,2.250,2.370,1.560,2,0,3.003,0,0,14,24,0,5,0
30-07 14:42:26,20.487,6.496,72.204,0,0,1755616,10690588,205264,3607536,15145.399,7709.113,0,0,0,0,1910,1488,2.150,2.350,1.560,1,0,0.999,0,0,14,24,0,5,0
30-07 14:42:27,21.252,5.501,72.507,0,0,1749548,10696652,205264,3607540,46180.555,24904.457,0,0,0,0,1923,1361,2.150,2.350,1.560,1,0,2.000,0,0,14,24,0,5,0
30-07 14:42:28,21.136,5.536,73.220,0,0,1774548,10671652,205264,3607540,32096.963,17365.432,0,12.078,0,3.019,1903,1391,2.150,2.350,1.560,1,0,2.013,0,0,14,24,0,4,0
30-07 14:42:29,22.108,5.465,71.291,0,0,1766048,10680152,205264,3607540,40318.631,452830.953,0,0,0,0,2100,1413,2.150,2.350,1.560,1,0,0.994,0,0,14,24,0,4,0
30-07 14:42:30,20.741,5.498,72.469,0,0,1708276,10737824,205280,3607616,18393.165,138656.936,0,191.918,0,1.999,1906,1314,2.150,2.350,1.560,1,0,1.000,0,0,14,24,0,4,0
30-07 14:42:31,21.731,5.245,72.437,0,0,1689168,10756868,205280,3607648,30159.621,16293.749,0,0,0,0,1882,1385,2.060,2.330,1.560,2,0,2.997,0,0,14,24,0,4,0
30-07 14:42:32,20.015,6.505,72.803,0,0,1679184,10766852,205280,3607648,29792.658,15058.947,0,0,0,0,1844,1398,2.060,2.330,1.560,1,0,0,0,0,14,24,0,4,0
30-07 14:42:33,23.517,3.753,71.550,0,0,1706828,10739192,205300,3607656,60579.553,30773.616,0,1989.397,0,168.118,2267,1494,2.060,2.330,1.560,1,0,0,0,0,14,24,0,4,0
30-07 14:42:34,20.503,6.501,72.009,0,0,1733264,10712732,205332,3607656,29792.769,15605.974,0,460.058,0,47.006,1973,1456,2.060,2.330,1.560,1,0,4.001,0,0,14,24,0,4,0
30-07 14:42:35,21.996,5.499,72.736,0,0,1719120,10726844,205420,3607600,15224.978,7912.429,0,827.836,0,48.990,1899,1480,2.060,2.330,1.560,1,0,1.000,0,0,14,24,0,4,0
30-07 14:42:36,21.999,8.750,67.498,0.250,0,1764440,10681264,205588,3607676,45066.628,24691.248,0,2227.932,0,100.997,2475,1828,1.970,2.300,1.550,3,0,7.000,0,0,14,24,0,4,0
30-07 14:42:37,22.513,4.252,72.793,0,0,1752548,10693108,205596,3607716,29489.318,15837.301,0,68.040,0,3.002,1805,1233,1.970,2.300,1.550,1,0,3.002,0,0,14,24,0,4,0
30-07 14:42:38,21.245,6.249,71.983,0,0,1741912,10703736,205596,3607724,30315.972,16564.160,0,2083.517,0,5.999,1794,1383,1.970,2.300,1.550,2,0,0,0,0,14,24,0,4,0
30-07 14:42:39,21.741,4.998,72.472,0,0,1757756,10687892,205596,3607724,44765.435,22689.097,0,0,0,0,1819,1202,1.970,2.300,1.550,3,0,1.999,0,0,14,24,0,4,0
30-07 14:42:40,22.456,4.741,72.358,0,0,1774304,10671344,205596,3607724,29934.124,15275.955,0,115.772,0,23.953,1856,1275,1.970,2.300,1.550,2,0,1.996,0,0,14,24,0,4,0
30-07 14:42:41,9.271,18.541,70.907,0,0,1703204,10742304,205604,3607856,32293.559,18821.707,0,0,0,0,3562,2279,1.900,2.280,1.550,4,0,112.249,0,0,14,24,0,4,0
30-07 14:42:42,6.749,25.998,65.495,0,0,1696084,10749404,205612,3607860,68093.461,474359.411,0,427.965,0,5.000,4605,2817,1.900,2.280,1.550,1,0,166.986,0,0,14,24,0,4,0
30-07 14:42:43,5.738,25.446,66.359,0,0,1676112,10769368,205628,3607848,64637.322,161158.731,0,379.192,0,9.979,4420,2827,1.900,2.280,1.550,1,0,165.647,0,0,14,24,0,4,0
30-07 14:42:44,6.266,25.314,66.918,0,0,1672356,10773064,205660,3607872,45846.125,23685.477,0,785.974,0,23.058,4510,2921,1.900,2.280,1.550,1,0,161.405,0,0,14,24,0,4,0
30-07 14:42:45,6.244,22.227,69.677,0,0,1664088,10781312,205672,3607880,61713.772,34578.013,0,331.655,0,62.935,4049,2573,1.900,2.280,1.550,1,0,106.889,0,0,14,24,0,4,0
30-07 14:42:46,5.743,25.468,66.667,0,0,1654148,10791112,205672,3608020,60799.733,32523.737,0,183.772,0,3.995,4497,2797,1.740,2.240,1.540,2,0,158.803,0,0,14,24,0,4,0
30-07 14:42:47,6.261,24.541,67.614,0,0,1657228,10788032,205672,3608020,47003.422,24839.972,0,88.149,0,1.002,4230,2651,1.740,2.240,1.540,1,0,150.254,0,0,14,24,0,4,0
30-07 14:42:48,5.997,24.239,68.219,0,0,1650980,10794268,205676,3608028,61234.110,32359.262,7.996,35.984,1.999,1.000,4192,2690,1.740,2.240,1.540,1,0,144.934,0,0,14,24,0,4,0
30-07 14:42:49,5.756,24.024,68.067,0,0,1648876,10796368,205676,3608032,45542.932,25889.542,0,0,0,0,4284,2679,1.740,2.240,1.540,1,0,154.152,0,0,14,24,0,4,0
30-07 14:42:50,13.752,14.002,71.259,0,0,1664468,10780764,205684,3608032,45571.832,25257.232,0,296.038,0,36.005,2986,2044,1.740,2.240,1.540,1,0,56.007,0,0,14,24,0,4,0
30-07 14:42:51,22.244,5.748,70.980,0,0,1708900,10736344,205684,3608020,72758.931,570802.555,0,0,0,0,2325,1817,1.680,2.220,1.540,3,0,1.000,0,0,14,24,0,4,0
30-07 14:42:52,20.991,5.998,72.220,0,0,1744464,10700776,205684,3608024,29584.726,16529.143,0,3.998,0,1.000,1948,1369,1.680,2.220,1.540,1,0,3.998,0,0,14,24,0,4,0
30-07 14:42:53,22.513,4.503,72.793,0,0,1718772,10726416,205708,3608052,21626.789,9653.709,0,160.095,0,13.008,1871,1373,1.680,2.220,1.540,3,0,1.001,0,0,14,24,0,3,0
30-07 14:42:54,20.748,5.749,72.491,0,0,1760164,10684992,205740,3608052,23178.245,13452.401,0,335.960,0,17.998,2011,1670,1.680,2.220,1.540,2,0,0,0,0,14,24,0,3,0
30-07 14:42:55,21.487,5.497,72.207,0,0,1782548,10662620,205748,3608032,44790.070,23110.105,0,27.983,0,2.998,1937,1300,1.680,2.220,1.540,1,0,3.998,0,0,14,24,0,3,0
30-07 14:42:56,22.746,3.999,72.739,0,0,1798916,10646252,205748,3608032,29586.418,15487.601,0,31.995,0,2.000,1814,1229,1.630,2.200,1.530,1,0,1.000,0,0,14,24,0,3,0
30-07 14:42:57,20.520,5.756,72.571,0,0,1751008,10694136,205748,3608052,14816.485,7627.457,0,0,0,0,1804,1331,1.630,2.200,1.530,1,0,1.001,0,0,14,24,0,3,0
30-07 14:42:58,21.754,5.501,72.514,0,0,1747884,10697272,205748,3608040,44623.359,23556.412,0,88.016,0,4.001,2007,1507,1.630,2.200,1.530,1,0,2.000,0,0,14,24,0,3,0
30-07 14:42:59,20.476,5.993,72.665,0,0,1759672,10685484,205748,3608040,29719.279,15126.328,0,0,0,0,1851,1262,1.630,2.200,1.530,3,0,1.998,0,0,14,24,0,3,0
30-07 14:43:00,22.508,3.751,72.776,0,0,1706488,10738656,205756,3608044,29541.540,15311.463,0,92.033,0,3.001,1781,1179,1.630,2.200,1.530,1,0,1.000,0,0,14,24,0,3,0
30-07 14:43:01,20.512,7.504,71.543,0,0,1702028,10743108,205756,3608052,16059.544,8090.808,0,124.074,0,26.015,1961,1396,1.580,2.180,1.530,1,0,2.001,0,0,14,24,0,3,0
30-07 14:43:02,21.735,6.246,71.450,0,0,1725740,10719388,205756,3608060,45051.232,23505.425,0,0,0,0,1981,1304,1.580,2.180,1.530,1,0,1.999,0,0,14,24,0,3,0
30-07 14:43:03,19.514,7.005,72.303,0,0,1762360,10682768,205784,3608032,29990.938,15515.349,0,292.214,0,13.010,1879,1431,1.580,2.180,1.530,2,0,0,0,0,14,24,0,3,0
30-07 14:43:04,23.448,3.492,72.341,0,0,1722940,10722080,205832,3608092,29532.127,15470.017,0,482.939,0,28.936,1951,1438,1.580,2.180,1.530,1,0,2.993,0,0,14,24,0,3,0
30-07 14:43:05,20.550,6.516,72.929,0,0,1709428,10735592,205840,3608084,30013.635,15905.021,0,28.069,0,3.007,1855,1424,1.580,2.180,1.530,1,0,0,0,0,14,24,0,1,0
30-07 14:43:06,21.746,6.249,71.237,0,0,1721940,10723080,205840,3608084,39669.628,447468.848,0,0,0,0,2160,1595,1.530,2.160,1.530,1,0,2.999,0,0,14,24,0,1,0
30-07 14:43:07,21.742,5.248,72.222,0,0,1747600,10697416,205840,3608084,33076.236,150983.737,0,11.995,0,1.000,1887,1224,1.530,2.160,1.530,1,0,2.999,0,0,14,24,0,1,0
30-07 14:43:08,21.980,4.995,72.434,0,0,1705348,10739652,205844,3608096,15063.198,7678.964,0,383.648,0,43.960,1787,1167,1.530,2.160,1.530,1,0,0.999,0,0,14,24,0,1,0
30-07 14:43:09,21.773,5.005,72.826,0,0,1704308,10740716,205844,3608072,30109.258,16044.657,0,0,0,0,1777,1237,1.530,2.160,1.530,1,0,0,0,0,14,24,0,1,0
30-07 14:43:10,21.486,5.496,72.702,0,0,1741856,10703168,205856,3608060,44639.279,22748.854,0,83.944,0,3.997,1915,1224,1.530,2.160,1.530,1,0,3.997,0,0,14,24,0,1,0
30-07 14:43:11,23.237,3.498,72.461,0,0,1717908,10727076,205856,3608100,29781.875,15445.637,0,151.918,0,26.985,1793,1136,1.490,2.140,1.520,1,0,0.999,0,0,14,24,0,1,0
30-07 14:43:12,20.024,6.257,72.585,0,0,1711048,10733936,205856,3608100,15052.712,7466.786,0,0,0,0,1774,1315,1.490,2.140,1.520,1,0,0,0,0,14,24,0,1,0
30-07 14:43:13,21.739,5.247,72.215,0,0,1728416,10716632,205872,3608020,48312.335,23540.469,0,91.955,0,5.997,2024,1417,1.490,2.140,1.520,2,0,3.998,0,0,14,24,0,1,0
30-07 14:43:14,21.019,5.505,72.816,0,0,1763724,10681292,205904,3608020,29798.008,15253.826,0,376.341,0,19.017,1990,1567,1.490,2.140,1.520,1,0,0,0,0,14,24,0,1,0
30-07 14:43:15,21.988,4.747,72.711,0,0,1767096,10677920,205912,3608012,29396.410,14974.059,0,111.941,0,3.998,1683,991,1.490,2.140,1.520,1,0,0,0,0,14,24,0,1,0
30-07 14:43:16,20.939,7.478,70.544,0,0,1720844,10724080,205912,3608104,14871.551,7876.986,0,15.953,0,2.991,2156,1526,1.450,2.120,1.520,2,0,15.953,0,0,14,24,0,1,0
30-07 14:43:17,33.361,12.291,54.180,0,0,1677200,10767708,205912,3608260,30449.440,16015.354,0,116.388,0,23.077,3252,11828,1.450,2.120,1.520,1,0,25.084,0,0,14,24,0,2,0
30-07 14:43:18,20.248,6.499,72.242,0,0,1697032,10747872,205912,3608108,44082.247,22407.584,0,0,0,0,1970,1490,1.450,2.120,1.520,1,0,0,0,0,14,24,0,1,0
30-07 14:43:19,22.503,4.751,72.259,0,0,1734032,10710892,205912,3608088,44888.710,22840.906,0,8.001,0,2.000,1969,1351,1.450,2.120,1.520,1,0,2.000,0,0,14,24,0,1,0
30-07 14:43:20,20.737,6.246,70.955,1.749,0,1761524,10683388,205920,3608088,29736.084,14876.537,0,83.947,0,1.999,1934,1304,1.450,2.120,1.520,1,0,1.999,0,0,14,24,0,1,0
30-07 14:43:21,23.760,4.002,71.531,0,0,1711356,10733536,205920,3608108,39736.995,459152.372,0,20.009,0,1.000,2192,1479,1.410,2.100,1.520,1,0,2.001,0,0,14,24,0,1,0
30-07 14:43:22,21.100,6.028,72.341,0,0,1746640,10698252,205920,3608108,33456.859,147568.269,0,120.569,0,25.119,2025,1326,1.410,2.100,1.520,1,0,2.009,0,0,14,24,0,1,0
30-07 14:43:23,21.892,3.980,72.643,0,0,1772872,10672044,205920,3608084,29566.584,14586.261,0,23.883,0,0.995,1806,1217,1.410,2.100,1.520,3,0,0,0,0,14,24,0,1,0
30-07 14:43:24,20.511,6.253,73.039,0,0,1741068,10703824,205920,3608108,29846.940,14827.919,0,0,0,0,1934,1433,1.410,2.100,1.520,1,0,1.001,0,0,14,24,0,1,0
30-07 14:43:25,22.498,4.500,72.243,0,0,1756752,10688152,205920,3608096,44953.336,22835.631,0,0,0,0,1927,1318,1.410,2.100,1.520,2,0,2.000,0,0,14,24,0,1,0
30-07 14:43:26,20.247,6.749,72.489,0.250,0,1784608,10660280,205928,3608100,29646.434,14803.720,0,75.988,0,2.000,2012,1493,1.380,2.090,1.520,2,0,3.000,0,0,14,24,0,1,0
30-07 14:43:27,15.500,13.000,70.251,0,0,1738856,10705996,205928,3608136,30240.315,15652.163,0,36.000,0,2.000,2944,1842,1.380,2.090,1.520,2,0,76.001,0,0,14,24,0,1,0
30-07 14:43:28,6.499,25.495,66.738,0,0,1723104,10721740,205928,3608144,61452.047,32014.294,0,215.962,0,28.995,4419,2723,1.380,2.090,1.520,2,0,157.972,0,0,14,24,0,1,0
30-07 14:43:29,6.462,25.850,65.619,0,0,1698472,10746372,205928,3608144,60225.925,31333.866,0,95.445,0,3.977,4339,2707,1.380,2.090,1.520,2,0,162.058,0,0,14,24,0,1,0
30-07 14:43:30,12.322,15.843,70.665,0,0,1708324,10736520,205928,3608144,60709.223,32719.991,0,24.142,0,1.006,3045,2070,1.380,2.090,1.520,1,0,69.407,0,0,14,24,0,1,0
30-07 14:43:31,20.984,5.995,71.944,0,0,1751152,10693684,205936,3608144,44700.994,23651.478,0,95.925,0,2.998,2029,1529,1.350,2.070,1.510,1,0,1.998,0,0,14,24,0,1,0
30-07 14:43:32,23.264,4.253,71.793,0,0,1766600,10678224,205936,3608156,38644.246,441409.525,0,40.024,0,2.001,2057,1482,1.350,2.070,1.510,1,0,0,0,0,14,24,0,1,0
30-07 14:43:33,23.010,3.752,72.281,0,0,1739828,10704792,205936,3608360,33771.348,142296.455,0,100.043,0,21.009,2083,1305,1.350,2.070,1.510,1,0,10.004,0,0,14,24,0,1,0
30-07 14:43:34,19.004,8.252,72.265,0,0,1734160,10710360,205936,3608436,45112.219,23490.800,0,436.089,0,31.006,2045,1579,1.350,2.070,1.510,1,0,2.000,0,0,14,24,0,1,0
30-07 14:43:35,22.241,4.748,72.469,0,0,1748136,10696384,205936,3608436,45189.965,22850.375,0,3.998,0,1.000,1767,1133,1.350,2.070,1.510,1,0,0,0,0,14,24,0,1,0
30-07 14:43:36,17.231,16.981,64.180,0,0,1722012,10722480,205948,3608436,30397.619,18052.176,0,179.803,0,1.998,3035,1836,1.320,2.050,1.510,1,0,86.905,0,0,14,24,0,1,0
30-07 14:43:37,7.003,25.762,64.529,1.000,0,1708152,10736212,205948,3608560,61654.007,62002.165,40.018,28.013,2.001,1.000,4303,2746,1.320,2.050,1.510,1,0,158.072,0,0,14,24,0,1,0
30-07 14:43:38,5.740,24.207,68.380,0,0,1697380,10746980,205948,3608564,60821.894,32904.057,0,55.902,0,1.996,4245,2661,1.320,2.050,1.510,1,0,147.740,0,0,14,24,0,1,0
30-07 14:43:39,5.997,24.238,67.716,0,0,1676740,10767616,205948,3608568,60905.263,33071.310,0,379.808,0,52.973,4333,2713,1.320,2.050,1.510,1,0,148.925,0,0,14,24,0,1,0
30-07 14:43:40,5.510,25.297,66.875,0,0,1662704,10781648,205948,3608572,46144.247,23880.635,0,64.120,0,4.007,4281,2759,1.320,2.050,1.510,1,0,153.287,0,0,14,24,0,1,0
30-07 14:43:41,7.008,24.777,66.822,0,0,1656384,10787952,205960,3608572,60821.892,32375.074,0,124.134,0,3.003,4309,2703,1.380,2.050,1.510,4,0,160.174,0,0,14,24,0,1,0
30-07 14:43:42,6.999,26.245,65.239,0,0,1619560,10824768,205960,3608580,73864.171,587417.974,0,175.969,0,2.000,4809,3201,1.380,2.050,1.510,1,0,153.973,0,0,14,24,0,1,0
30-07 14:43:43,6.752,25.257,66.270,0,0,1621040,10823284,205960,3608584,52731.599,26301.780,0,4.001,0,1.000,4426,2681,1.380,2.050,1.510,2,0,162.048,0,0,14,24,0,1,0
30-07 14:43:44,5.972,25.379,66.434,0,0,1620460,10823856,205960,3608588,54023.740,30279.808,0,99.526,0,20.900,4357,2724,1.380,2.050,1.510,1,0,152.275,0,0,14,24,0,1,0
30-07 14:43:45,6.523,25.089,67.237,0,0,1612908,10831400,205960,3608592,61254.115,32456.512,0,176.623,0,2.007,4313,2638,1.380,2.050,1.510,1,0,151.535,0,0,14,24,0,1,0
30-07 14:43:46,6.245,25.229,67.194,0,0,1616272,10828020,205968,3608600,60889.827,33319.997,0,463.610,0,8.992,4340,2782,1.350,2.030,1.510,1,0,152.872,0,0,14,24,0,1,0
30-07 14:43:47,6.256,25.524,66.313,0,0,1618880,10825408,205968,3608600,48431.838,25035.695,0,352.333,0,4.004,4367,2682,1.350,2.030,1.510,1,0,163.154,0,0,14,24,0,1,0
30-07 14:43:48,6.252,25.258,66.521,0,0,1612324,10831964,205968,3608600,64878.306,33798.579,0,352.110,0,4.001,4416,2646,1.350,2.030,1.510,3,0,152.048,0,0,14,24,0,1,0
30-07 14:43:49,5.504,25.268,67.047,0,0,1618168,10826116,205968,3608600,60498.160,32302.511,0,352.245,0,4.003,4234,2612,1.350,2.030,1.510,2,0,149.104,0,0,14,24,0,1,0
30-07 14:43:50,6.742,25.471,64.927,0,0,1622196,10822088,205968,3608600,56700.841,561942.141,0,459.480,0,25.971,4654,2845,1.350,2.030,1.510,1,0,159.819,0,0,14,24,0,1,0
30-07 14:43:51,5.743,25.970,66.923,0,0,1625180,10819084,205976,3608608,60446.622,32065.197,0,411.528,0,5.993,4395,2712,1.320,2.010,1.510,1,0,152.825,0,0,14,24,0,1,0
30-07 14:43:52,6.264,25.557,66.147,0,0,1618668,10825596,205976,3608608,60890.663,31347.842,0,360.804,0,6.013,4330,2655,1.320,2.010,1.510,2,0,156.348,0,0,14,24,0,1,0
30-07 14:43:53,6.249,23.248,68.494,0,0,1618860,10825404,205976,3608608,60690.900,32561.264,0,263.978,0,3.000,4189,2652,1.320,2.010,1.510,1,0,138.988,0,0,14,24,0,1,0
30-07 14:43:54,5.985,24.188,68.324,0,0,1619072,10825184,205976,3608616,61006.265,33709.395,0,55.856,0,1.995,4281,2670,1.320,2.010,1.510,2,0,143.631,0,0,14,24,0,1,0
30-07 14:43:55,5.511,24.802,68.142,0,0,1618588,10825668,205976,3608616,46098.159,25274.722,0,56.117,0,2.004,4255,2637,1.320,2.010,1.510,2,0,144.301,0,0,14,24,0,1,0
30-07 14:43:56,6.244,24.728,67.191,0,0,1620328,10823912,205984,3608624,60635.363,33012.797,0,263.767,0,26.976,4289,2718,1.290,2,1.500,1,0,149.867,0,0,14,24,0,1,0
30-07 14:43:57,6.005,23.772,68.562,0,0,1624104,10820136,205984,3608624,60691.083,32635.620,0,56.051,0,2.002,4257,2681,1.290,2,1.500,2,0,143.130,0,0,14,24,0,1,0
30-07 14:43:58,7.002,24.758,66.270,0,0,1622888,10821348,205984,3608628,74871.794,598026.063,0,148.045,0,4.001,4753,2932,1.290,2,1.500,2,0,146.044,0,0,14,24,0,1,0
30-07 14:43:59,6.003,25.011,67.529,0,0,1617156,10827076,205988,3608628,45511.517,25096.763,0,100.043,0,4.002,4100,2604,1.290,2,1.500,1,0,137.059,0,0,14,24,0,1,0
30-07 14:44:00,5.743,25.969,66.171,0,0,1612252,10831964,205988,3608644,60682.421,31594.212,0,15.981,0,3.995,4437,2700,1.290,2,1.500,4,0,159.809,0,0,14,24,0,1,0
30-07 14:44:01,6.003,25.765,66.038,0,0,1613064,10831144,205996,3608644,61079.398,31994.542,0,108.063,0,6.003,4300,2631,1.270,1.980,1.500,1,0,160.093,0,0,14,24,0,1,0
30-07 14:44:02,6.246,26.484,65.710,0,0,1616596,10827580,205996,3608676,60718.383,31600.943,0,247.851,0,47.971,4409,2683,1.270,1.980,1.500,1,0,151.908,0,0,14,24,0,1,0
30-07 14:44:03,5.253,25.015,68.040,0,0,1612256,10831908,205996,3608688,60835.838,31362.476,0,8.005,0,2.001,4268,2626,1.270,1.980,1.500,2,0,143.084,0,0,14,24,0,1,0
30-07 14:44:04,16.483,27.721,53.195,0,0,1587916,10852400,206004,3612448,45162.352,25391.773,0,159.835,0,4.995,6531,9305,1.270,1.980,1.500,6,0,88.908,0,0,14,24,0,1,0
30-07 14:44:05,9.750,29.750,58.749,0,0,1599928,10840380,206004,3612460,60986.443,31689.711,0,12.000,0,3.000,4801,2988,1.270,1.980,1.500,5,0,222.998,0,0,14,26,0,1,0
30-07 14:44:06,22.490,33.985,41.732,0,0,1607356,10832868,206076,3612464,72902.960,579429.350,0,647.715,0,27.988,5577,3452,1.330,1.980,1.500,2,0,175.923,0,0,14,24,0,3,0
30-07 14:44:07,30.674,33.168,35.163,0,0,1675364,10764832,206092,3612476,45439.793,24950.389,0,91.773,0,8.978,5041,2799,1.330,1.980,1.500,3,0,162.598,0,0,14,24,0,3,0
30-07 14:44:08,41.442,43.190,13.980,0,0,1701268,10738916,206128,3612452,63660.119,32432.718,0,183.743,0,8.987,5367,3207,1.330,1.980,1.500,4,0,246.656,0,0,14,24,0,3,0
30-07 14:44:09,47.888,49.643,1.755,0.501,0,1773196,10665224,206344,3613964,53724.871,29404.764,497.434,1383.990,11.032,57.165,5738,4683,1.330,1.980,1.500,5,1,368.061,0,0,14,24,0,7,0
30-07 14:44:10,77.275,21.899,0.503,0.755,0,1899180,10530272,208112,3620224,52958.852,27686.126,648.406,3870.298,126.862,203.382,6114,4586,1.330,1.980,1.500,3,1,66.452,0,0,14,26,0,8,0
30-07 14:44:11,67.284,20.949,6.408,2.465,0,1939660,10476372,213788,3627200,29628.633,14862.623,437.716,30927.978,9.858,2368.989,13324,18957,1.700,2.050,1.530,5,3,56.193,0,0,14,28,0,8,0
30-07 14:44:12,52.697,22.477,15.984,4.745,0,1976636,10427260,219496,3633148,15784.993,7909.979,0,54388.846,0,3073.883,15055,21484,1.700,2.050,1.530,3,2,73.925,0,0,14,30,0,8,0
30-07 14:44:13,54.221,21.337,15.563,4.769,0,1972228,10420964,225196,3637824,15097.434,7325.810,0,52859.093,0,3166.887,14703,22343,1.700,2.050,1.530,4,0,53.217,0,0,14,28,0,8,0
30-07 14:44:14,49.517,29.610,12.939,4.479,0,1989992,10395516,229260,3641180,15024.209,7423.024,0,40732.079,0,2579.844,13191,19982,1.700,2.050,1.530,8,0,117.447,0,0,14,28,0,8,0
30-07 14:44:15,62.525,20.926,10.589,4.034,0,2003520,10374760,233680,3643764,15102.740,7490.862,0,34558.006,0,2547.377,12866,18370,1.700,2.050,1.530,6,1,68.575,0,0,14,28,0,8,0
30-07 14:44:16,56.664,23.362,11.681,4.225,0,1999704,10368712,238824,3648204,15006.094,7853.471,0,47279.882,0,2924.672,15057,21837,1.810,2.060,1.540,3,0,89.470,0,0,14,32,0,9,0
30-07 14:44:17,53.292,21.870,17.597,4.022,0,2002028,10359696,243352,3653172,301.656,0,0,38177.526,0,2593.232,14916,26943,1.810,2.060,1.540,10,0,69.381,0,0,14,36,0,9,0
30-07 14:44:18,49.529,21.902,19.911,3.982,0,1896672,10459104,247428,3651884,44536.187,22790.263,0,18294.333,0,1776.071,10819,17807,1.810,2.060,1.540,4,0,93.582,0,0,14,36,0,10,0
30-07 14:44:19,46.929,27.354,18.571,4.266,0,1911612,10438020,251448,3653848,29584.839,14810.488,0,33584.092,0,2257.611,11742,17013,1.810,2.060,1.540,4,1,80.306,0,0,14,34,0,9,0
30-07 14:44:20,42.385,31.165,20.445,2.743,0,1933340,10411684,255068,3654712,39049.095,442047.128,0,29264.632,0,2055.425,13299,17113,1.810,2.060,1.540,4,0,131.643,0,0,14,36,0,9,0
30-07 14:44:21,40.093,28.139,21.416,7.222,0,1920624,10417060,258468,3658532,17866.837,141617.864,3486.309,21913.944,43.828,1826.826,12723,16935,2.380,2.180,1.580,4,1,93.632,0,0,14,37,0,9,0
30-07 14:44:22,47.396,31.009,16.387,2.521,0,1882948,10450380,261652,3659540,15288.656,7520.797,0,31515.142,0,2046.084,13999,20302,2.380,2.180,1.580,6,0,97.817,0,0,14,37,0,9,0
30-07 14:44:23,49.870,31.418,13.964,2.493,0,1873864,10456476,263612,3660468,14937.018,7540.322,15.958,14258.788,0.997,1279.660,12007,18296,2.380,2.180,1.580,5,1,103.729,0,0,14,37,0,10,0
30-07 14:44:24,47.550,30.351,16.440,4.047,0,1805336,10521668,265568,3661728,15332.433,7448.194,1064.317,24787.855,19.222,1966.760,12039,16928,2.380,2.180,1.580,4,0,118.370,0,0,14,36,0,10,0
30-07 14:44:25,39.115,30.203,22.776,3.466,0,1824716,10498548,267992,3662912,297.080,0,788.252,29062.321,12.873,2170.663,13139,17590,2.380,2.180,1.580,4,0,120.812,0,0,14,36,0,10,0
30-07 14:44:26,39.012,15.406,35.533,5.467,0,1846480,10472872,269996,3664724,36963.404,19298.219,0,31952.984,0,2569.319,14423,20096,2.430,2.190,1.590,3,1,24.848,0,0,14,36,0,11,0
30-07 14:44:27,40.041,13.095,38.278,4.533,0,1844160,10471360,272184,3666272,37947.538,18808.569,0,29220.168,0,2017.650,12343,17548,2.430,2.190,1.590,3,0,27.197,0,0,14,37,0,12,0
30-07 14:44:28,36.724,15.239,36.474,5.496,0,1840652,10469848,275676,3667668,29624.094,12836.941,0,30838.237,0,2376.323,14022,20386,2.430,2.190,1.590,5,1,25.982,0,0,14,37,0,13,0
30-07 14:44:29,39.792,14.265,36.288,5.005,0,1765856,10538896,279684,3669264,14937.621,9051.466,0,29102.434,0,2230.332,12704,19024,2.430,2.190,1.590,5,0,66.069,0,0,14,36,0,14,0
30-07 14:44:30,30.705,25.213,32.702,6.241,0,1781944,10516216,284148,3671232,15072.926,7285.331,0,30451.405,0,2446.417,13676,19688,2.430,2.190,1.590,4,2,103.848,0,0,14,36,0,14,0
30-07 14:44:31,37.558,15.421,34.325,6.716,0,1820644,10470352,289612,3672748,14899.985,7406.216,0,33648.337,0,2676.346,13780,19256,2.400,2.190,1.590,7,0,34.822,0,0,14,36,0,14,0
30-07 14:44:32,41.011,14.593,35.728,5.032,0,1830072,10455736,293704,3673728,482.072,0,0,30107.861,0,2265.436,10500,16784,2.400,2.190,1.590,6,0,15.096,0,0,14,36,0,14,0
30-07 14:44:33,39.251,12.918,37.512,4.223,0,1827388,10453244,297224,3675232,15050.359,7410.905,0,26316.763,0,2198.032,12868,17607,2.400,2.190,1.590,2,1,20.867,0,0,14,37,0,14,0
30-07 14:44:34,39.981,13.830,35.958,5.281,0,1825404,10449464,301544,3676520,15182.757,7338.417,0,32568.247,0,2344.552,12670,19296,2.400,2.190,1.590,4,1,20.116,0,0,14,37,0,14,0
30-07 14:44:35,44.835,8.516,42.831,1.503,0,1746284,10527080,302944,3676604,240.456,0,0,14892.249,0,865.642,7169,8091,2.400,2.190,1.590,4,0,26.049,0,0,14,34,0,15,0
30-07 14:44:36,25.025,32.283,41.292,0.250,0,1666488,10606736,302984,3676684,15050.153,7613.666,0,552.556,0,28.028,4753,2669,2.530,2.220,1.600,2,0,148.149,0,0,14,32,0,15,0
30-07 14:44:37,24.854,17.647,56.171,0.249,0,1708528,10564400,303252,3676684,238.603,0,0,4080.104,0,192.870,4154,3125,2.530,2.220,1.600,4,0,82.517,0,0,14,32,0,16,0
30-07 14:44:38,23.383,5.280,71.156,0,0,1708420,10564400,303352,3676692,30364.243,30051.458,0,1339.643,0,69.396,3416,3459,2.530,2.220,1.600,1,0,0,0,0,14,33,0,16,0
30-07 14:44:39,23.468,3.995,70.405,0,0,1708612,10564176,303352,3676724,29654.002,14638.256,0,0,0,0,4256,4565,2.530,2.220,1.600,1,0,0,0,0,14,33,0,16,0
30-07 14:44:40,23.987,3.498,70.463,0,0,1708816,10563952,303364,3676728,30037.239,14812.228,0,2118.888,0,11.994,3337,3263,2.530,2.220,1.600,2,0,1.999,0,0,14,32,0,16,0
30-07 14:44:41,13.030,16.036,70.660,0,0,1693960,10578664,303364,3676868,15076.177,7785.650,0,3155.153,0,16.036,2661,1857,2.400,2.200,1.600,1,0,55.125,0,0,14,32,0,16,0
30-07 14:44:42,21.503,5.251,72.760,0,0,1735076,10537536,303372,3676868,29699.039,14918.029,0,208.028,0,3.000,1764,1221,2.400,2.200,1.600,1,0,0,0,0,14,32,0,16,0
30-07 14:44:43,22.491,4.748,71.722,0,0,1739152,10533460,303372,3676868,701.723,0,0,3.998,0,1.000,2856,2724,2.400,2.200,1.600,1,0,1.999,0,0,14,33,0,16,0
30-07 14:44:44,19.478,8.241,70.921,0,0,1712620,10559968,303372,3676892,15663.609,7449.729,0,0,0,0,2902,2363,2.400,2.200,1.600,1,0,33.962,0,0,14,32,0,17,0
30-07 14:44:45,19.773,7.509,72.583,0,0,1757300,10515252,303412,3676884,14993.129,7532.605,0,340.389,0,24.027,1973,1722,2.400,2.200,1.600,1,0,0,0,0,14,32,0,17,0
30-07 14:44:46,21.228,5.744,71.426,0,0,1772188,10500336,303428,3676896,15460.974,7801.913,0,2205.714,0,96.900,2437,1851,2.290,2.180,1.590,3,0,2.997,0,0,14,32,0,17,0
30-07 14:44:47,18.769,9.009,71.321,0,0,1680968,10591488,303492,3676900,420.420,0,0,400.400,0,30.030,2989,2659,2.290,2.180,1.590,1,0,40.040,0,0,14,32,0,17,0
30-07 14:44:48,17.503,9.752,71.762,0,0,1715324,10557112,303508,3676904,15843.542,7525.207,0,448.072,0,10.002,2100,1583,2.290,2.180,1.590,2,0,20.003,0,0,14,32,0,17,0
30-07 14:44:49,22.411,4.980,72.212,0.249,0,1750080,10522348,303516,3676904,858.574,0,0,1294.833,0,215.141,2340,1509,2.290,2.180,1.590,1,0,1.992,0,0,14,33,0,17,0
30-07 14:44:50,22.551,5.011,71.410,0,0,1744384,10528024,303516,3676920,14942.543,6115.728,0,0,0,0,3004,2962,2.290,2.180,1.590,5,0,0,0,0,14,33,0,17,0
30-07 14:44:51,19.508,9.003,70.027,0,0,1643216,10629188,303516,3676924,10414.041,444872.637,0,16.006,0,3.001,3217,2514,2.270,2.170,1.600,1,0,43.017,0,0,14,32,0,17,0
30-07 14:44:52,18.262,7.755,72.799,0,0,1676412,10595988,303516,3676928,299.202,0,0,4.003,0,1.001,1770,1325,2.270,2.170,1.600,1,0,2.001,0,0,14,32,0,17,0
30-07 14:44:53,22.517,4.503,72.553,0,0,1704828,10567568,303516,3676932,17514.905,132477.611,0,16.012,0,3.002,2136,1685,2.270,2.170,1.600,2,0,1.001,0,0,14,32,0,18,0
30-07 14:44:54,23.483,4.247,70.450,0,0,1704824,10567568,303588,3676864,358.743,0,0,395.717,0,28.979,3828,4131,2.270,2.170,1.600,1,0,0,0,0,14,32,0,18,0
30-07 14:44:55,10.757,18.763,69.547,0,0,1664632,10607652,303588,3676968,300.203,0,0,8.005,0,2.001,3614,2188,2.270,2.170,1.600,1,0,118.080,0,0,14,32,0,18,0
30-07 14:44:56,5.247,27.486,65.716,0,0,1661096,10611192,303596,3676956,16694.310,43693.255,0,95.950,0,3.998,4515,2623,2.160,2.160,1.590,1,0,164.914,0,0,14,32,0,18,0
30-07 14:44:57,6.003,26.264,65.784,0,0,1654116,10618000,303636,3677084,46282.120,33973.706,0,448.234,0,22.011,4736,2928,2.160,2.160,1.590,2,0,167.087,0,0,14,32,0,18,0
30-07 14:44:58,6.460,25.094,66.587,0,0,1649896,10622220,303636,3677084,60649.015,46658.746,0,7.951,0,1.988,4293,2751,2.160,2.160,1.590,1,0,148.082,0,0,14,32,0,18,0
30-07 14:44:59,17.137,36.543,45.111,0,0,1646360,10625648,303880,3676948,60895.792,32230.172,0,3322.615,0,159.276,5556,3716,2.160,2.160,1.590,7,0,205.647,0,0,14,32,0,20,0
30-07 14:45:00,52.369,22.444,23.940,0.249,0,1704204,10567064,304268,3677280,45629.195,24844.036,0,4716.237,0,243.393,5113,3378,2.160,2.160,1.590,3,0,77.806,0,0,14,32,0,24,0
30-07 14:45:01,62.936,14.601,22.909,0,0,1816272,10454208,304284,3678052,59826.447,31161.873,0,0,0,0,4050,1615,2.230,2.170,1.600,3,0,8.056,0,0,14,32,0,24,0
30-07 14:45:02,63.548,12.660,22.589,0,0,1918376,10349896,304356,3679856,29679.750,15168.039,0,583.844,0,11.915,3930,1771,2.230,2.170,1.600,4,0,0,0,0,14,32,0,24,0
30-07 14:45:03,64.805,11.052,24.113,0.251,0,2047616,10218392,304428,3681928,31550.324,15681.723,12.057,928.364,2.009,7.033,3698,1507,2.230,2.170,1.600,3,0,4.019,0,0,14,32,0,24,0
30-07 14:45:04,57.128,12.613,23.741,3.215,0,2063564,10192796,306960,3688452,30097.108,15451.663,787.421,16884.057,9.892,1353.257,8944,10433,2.230,2.170,1.600,6,0,57.375,0,0,14,38,0,24,0
30-07 14:45:05,40.583,16.283,30.563,6.263,0,2064752,10179216,312628,3694772,29652.655,15012.709,0,42242.408,0,3032.202,15406,22789,2.230,2.170,1.600,5,1,117.240,0,0,14,38,0,24,0
30-07 14:45:06,35.529,20.016,31.025,7.006,0,2064768,10167400,318672,3700140,39666.865,452961.866,0,60296.436,0,3605.897,17805,26248,2.210,2.170,1.600,4,1,97.078,0,0,14,38,0,24,0
30-07 14:45:07,38.208,18.230,30.966,7.242,0,2065280,10156592,324192,3704624,16224.007,117431.764,0,42496.869,0,3030.639,15478,23347,2.210,2.170,1.600,3,2,131.854,0,0,14,38,0,24,0
30-07 14:45:08,29.513,17.508,37.267,7.754,0,2064816,10146764,330160,3708652,45949.829,23202.518,0,52343.728,0,3349.518,15875,24039,2.210,2.170,1.600,5,1,75.034,0,0,14,38,0,22,0
30-07 14:45:09,48.898,16.466,22.703,6.487,0,2065576,10135928,335824,3712776,45655.086,23369.416,0,49129.862,0,3129.494,14652,21682,2.210,2.170,1.600,3,2,68.857,0,0,14,38,0,22,0
30-07 14:45:10,39.228,28.484,22.487,6.246,0,1957920,10233960,340480,3717448,45333.094,24817.818,0,40668.759,0,2607.510,14327,19531,2.210,2.170,1.600,5,0,151.913,0,0,14,36,0,22,0
30-07 14:45:11,45.922,19.362,23.333,6.702,0,1993968,10186372,346336,3722756,59157.843,30690.986,0,43179.864,0,2968.814,15517,21575,2.360,2.200,1.620,5,0,84.398,0,0,14,36,0,22,0
30-07 14:45:12,52.262,19.188,20.198,5.049,0,2037768,10134208,351116,3726096,30229.042,14899.919,0,45154.209,0,2892.325,15063,20318,2.360,2.200,1.620,6,0,45.445,0,0,14,36,0,17,0
30-07 14:45:13,49.607,15.784,23.551,6.263,0,2064256,10095932,356076,3732532,30098.659,15014.254,0,45850.498,0,2806.028,14162,19847,2.360,2.200,1.620,5,1,4.009,0,0,14,36,0,17,0
30-07 14:45:14,46.178,17.722,24.712,6.490,0,2074084,10074008,361408,3738896,21998.856,9207.709,0,56272.661,0,3342.812,16067,22117,2.360,2.200,1.620,8,0,8.986,0,0,14,38,0,17,0
30-07 14:45:15,31.996,27.997,28.746,6.249,0,2043276,10096692,366880,3741320,53223.427,29606.344,0,49401.899,0,3072.621,16072,22956,2.360,2.200,1.620,2,0,110.986,0,0,14,36,0,17,0
30-07 14:45:16,30.824,14.034,41.851,6.766,0,2034232,10098204,371808,3743732,44524.120,22778.803,0,48969.816,0,3469.347,15343,23997,2.490,2.230,1.630,2,0,51.123,0,0,14,36,0,16,0
30-07 14:45:17,44.003,10.251,36.253,5.500,0,2025056,10102992,374832,3744980,29654.101,14917.057,0,25825.830,0,2169.154,11485,15955,2.490,2.230,1.630,3,0,51.004,0,0,14,34,0,16,0
30-07 14:45:18,33.483,34.233,29.485,0.500,0,1710176,10417604,375068,3745000,48088.770,310253.673,0,6080.936,0,302.847,6160,15154,2.490,2.230,1.630,5,0,196.901,0,0,14,32,0,17,0
30-07 14:45:19,12.277,18.540,67.897,0.251,0,1734416,10393164,375252,3745012,53100.913,331561.514,0,5359.598,0,243.527,4036,3193,2.490,2.230,1.630,1,0,91.197,0,0,14,32,0,17,0
30-07 14:45:20,21.259,5.252,72.531,0,0,1763184,10364380,375256,3745020,59768.709,30973.323,0,36.015,0,3.001,1933,1326,2.490,2.230,1.630,1,0,1.000,0,0,14,32,0,17,0
30-07 14:45:21,22.003,5.001,72.761,0,0,1794460,10333104,375256,3745020,29476.496,15006.289,0,0,0,0,1769,1181,2.370,2.210,1.630,1,0,0,0,0,14,32,0,16,0
30-07 14:45:22,21.492,5.248,72.475,0,0,1821676,10305884,375256,3745020,29700.552,14856.774,0,1339.529,0,115.959,2087,1281,2.370,2.210,1.630,1,0,3.999,0,0,14,32,0,16,0
30-07 14:45:23,24.450,2.744,71.356,0,0,1821996,10305528,375288,3745024,18702.136,10754.227,0,195.604,0,15.968,2356,2116,2.370,2.210,1.630,1,0,0,0,0,14,38,0,16,0
30-07 14:45:24,20.031,7.762,72.113,0,0,1770824,10356696,375288,3745028,41582.144,22401.095,0,0,0,0,2309,1473,2.370,2.210,1.630,1,0,27.042,0,0,14,32,0,16,0
30-07 14:45:25,21.749,5.500,71.748,0,0,1767948,10359548,375312,3745028,59818.400,32099.141,0,251.993,0,36.999,2145,1561,2.370,2.210,1.630,1,0,3.000,0,0,14,32,0,15,0
30-07 14:45:26,21.251,5.750,72.002,0.250,0,1764480,10362992,375336,3745028,30317.992,15358.503,0,320.010,0,18.001,1988,1581,2.260,2.190,1.620,1,0,1.000,0,0,14,32,0,15,0
30-07 14:45:27,22.005,5.001,73.015,0,0,1796600,10330864,375344,3745028,29598.101,15243.142,0,28.006,0,3.001,1848,1319,2.260,2.190,1.620,1,0,2.000,0,0,14,32,0,15,0
30-07 14:45:28,23.690,4.987,69.326,0,0,1744192,10382836,375752,3745044,45209.244,23764.204,0,7429.306,0,358.099,2861,2770,2.260,2.190,1.620,1,0,6.982,0,0,14,32,0,15,0
30-07 14:45:29,8.234,36.431,52.900,0,0,1727124,10399760,375924,3745012,69720.140,463237.887,0,2415.432,0,123.766,5439,3517,2.260,2.190,1.620,4,0,218.587,0,0,14,32,0,12,0
30-07 14:45:30,11.043,45.927,41.159,0,0,1711172,10415644,375944,3745060,64105.943,151778.669,0,313.207,0,18.070,5687,3432,2.260,2.190,1.620,2,0,290.118,0,0,14,32,0,12,0
30-07 14:45:31,11.246,46.982,40.234,0.250,0,1710316,10416456,375964,3745084,56470.170,29458.612,0,395.847,0,48.981,5659,3570,2.240,2.180,1.630,3,0,292.887,0,0,14,32,0,12,0
30-07 14:45:32,10.251,46.007,41.756,0,0,1690880,10435876,375964,3745100,50771.252,33960.851,0,1272.182,0,15.002,5568,3384,2.240,2.180,1.630,3,0,286.041,0,0,14,32,0,12,0
30-07 14:45:33,9.501,48.255,39.754,0,0,1687032,10439716,375964,3745108,61306.936,36095.495,0,32.003,0,8.001,5770,3567,2.240,2.180,1.630,3,0,322.031,0,0,14,32,0,11,0
30-07 14:45:34,9.499,48.493,39.244,0,0,1685508,10441236,375964,3745112,61132.915,32333.195,0,43.993,0,10.998,5676,3469,2.240,2.180,1.630,3,0,317.953,0,0,14,32,0,11,0
30-07 14:45:35,9.258,48.040,41.034,0,0,1681912,10444828,375964,3745116,56784.700,30531.109,0,24.020,0,6.005,5600,3398,2.240,2.180,1.630,1,0,312.257,0,0,14,32,0,11,0
30-07 14:45:36,6.503,28.014,63.781,0,0,1677360,10449372,375964,3745124,49516.880,26212.641,0,132.064,0,26.013,4488,2734,2.300,2.200,1.630,1,0,160.077,0,0,14,32,0,11,0
30-07 14:45:37,3.234,8.208,87.806,0,0,1662024,10464684,375972,3745120,51115.392,24862.214,0,3430.643,0,13.930,1642,1582,2.300,2.200,1.630,3,0,21.889,0,0,13,12,0,10,20
30-07 14:45:38,6.271,14.549,76.006,2.007,0,1664788,10461704,376016,3745272,66735.559,582048.536,136.459,694.336,9.030,25.084,3375,2871,2.300,2.200,1.630,3,0,64.216,0,0,14,12,0,10,20
30-07 14:45:39,5.986,22.448,69.090,0,0,1669696,10456788,376016,3745280,60839.803,35066.617,0,47.889,0,3.991,4157,2761,2.300,2.200,1.630,1,0,138.678,0,0,14,12,0,10,20
30-07 14:45:40,6.275,24.850,67.772,0,0,1666688,10459784,376020,3745288,45309.137,24466.352,0,232.936,0,13.052,4158,2699,2.300,2.200,1.630,1,0,132.533,0,0,14,12,0,10,20
30-07 14:45:41,6.493,24.225,67.431,0,0,1659868,10466596,376020,3745296,60100.387,31285.927,0,11.988,0,2.997,4225,2574,2.270,2.190,1.640,1,0,122.874,0,0,14,12,0,9,20
30-07 14:45:42,7.258,23.524,67.820,0,0,1659224,10467236,376020,3745300,60878.206,31684.896,0,1009.048,0,183.190,4275,2511,2.270,2.190,1.640,3,0,109.113,0,0,14,12,0,9,20
30-07 14:45:43,18.932,22.128,56.304,0,0,1644276,10482052,376020,3745824,44055.834,22657.342,0,0,0,0,4779,5642,2.270,2.190,1.640,4,0,64.909,0,0,14,12,0,9,20
30-07 14:45:44,17.786,25.662,57.168,0,0,1658368,10467960,376020,3745508,45471.144,23184.277,0,8.131,0,2.033,4388,4218,2.270,2.190,1.640,2,0,82.322,0,0,14,12,0,9,20
30-07 14:45:45,25.234,26.983,45.721,0.250,0,1699328,10426016,376044,3746304,60597.104,33780.317,43.972,147.905,1.999,1.999,4875,2859,2.270,2.190,1.640,1,0,138.911,0,0,16,12,0,8,20
30-07 14:45:46,6.503,23.510,68.028,0.250,0,1704520,10420688,376044,3746440,53246.735,462108.631,128.052,12.005,1.000,3.001,4453,3064,2.170,2.170,1.630,1,0,140.057,0,0,16,12,0,8,20
30-07 14:45:47,7.506,24.019,66.552,0,0,1701740,10423460,376044,3746448,64803.553,154584.590,0,12.009,0,3.002,4397,2754,2.170,2.170,1.630,1,0,121.094,0,0,16,12,0,8,20
30-07 14:45:48,7.480,24.186,66.074,0,0,1697320,10427848,376068,3746452,60513.102,31151.172,0,662.239,0,27.926,4409,3168,2.170,2.170,1.630,2,0,117.687,0,0,16,12,0,8,20
30-07 14:45:49,11.849,29.748,57.730,0,0,1709092,10416052,376076,3746864,46317.454,23471.328,0,84.705,0,5.042,5441,5729,2.170,2.170,1.630,1,0,124.032,0,0,16,12,0,8,20
30-07 14:45:50,19.372,20.117,58.611,0,0,1705196,10419892,376076,3746912,55443.386,27944.714,0,814.599,0,6.954,4622,5281,2.170,2.170,1.630,1,0,64.572,0,0,16,12,0,8,20
30-07 14:45:51,22.279,22.529,53.569,0,0,1737048,10387832,376076,3746656,50139.465,27751.681,0,0,0,0,4575,2932,2.240,2.190,1.640,2,0,90.116,0,0,16,12,0,8,20
30-07 14:45:52,12.995,24.991,59.977,0.250,0,1747644,10376912,376076,3746944,61015.952,34185.087,3.998,71.973,1.000,2.999,4552,3041,2.240,2.190,1.640,2,0,138.948,0,0,18,12,0,8,20
30-07 14:45:53,7.244,23.730,67.443,0,0,1745768,10378768,376076,3746960,60780.593,32858.209,0,7.993,0,1.998,4306,2982,2.240,2.190,1.640,1,0,120.898,0,0,18,12,0,7,20
30-07 14:45:54,6.757,24.277,66.823,0,0,1745964,10378556,376084,3746964,45661.208,23571.919,0,188.207,0,5.006,4322,2901,2.240,2.190,1.640,1,0,121.133,0,0,18,12,0,7,20
30-07 14:45:55,7.998,24.743,65.232,0,0,1741120,10383392,376084,3746968,72562.498,590731.237,0,7.998,0,1.999,4795,3228,2.240,2.190,1.640,1,0,125.966,0,0,18,12,0,7,20
30-07 14:45:56,18.235,23.481,55.954,0,0,1746036,10378440,376084,3747360,44829.948,23030.965,0,343.716,0,2.998,5446,6462,2.140,2.170,1.640,5,0,74.938,0,0,18,12,0,7,20
30-07 14:45:57,18.709,26.442,53.883,0,0,1751444,10373012,376084,3746964,44399.395,22580.868,0,2498.564,0,394.142,5459,5282,2.140,2.170,1.640,2,0,79.826,0,0,18,12,0,7,20
30-07 14:45:58,32.692,18.467,47.915,0,0,1827640,10296744,376112,3747012,60126.880,32666.346,0,3.993,0,0.998,4138,2587,2.140,2.170,1.640,7,0,72.871,0,0,20,12,0,7,20
30-07 14:45:59,76.858,24.271,0,0,0,2062216,10061884,376148,3747228,30422.501,14890.168,0,242.709,0,2.023,5036,3530,2.140,2.170,1.640,14,0,7.079,0,0,20,12,0,7,20
30-07 14:46:00,83.495,15.999,0,0,0,2260716,9863068,376148,3747500,30273.157,14657.108,0,55.997,0,2.000,4987,3482,2.140,2.170,1.640,14,0,30.998,0,0,20,12,0,7,20
30-07 14:46:01,76.983,11.920,9.933,0,0,2371660,9750940,376168,3748540,30000.359,16159.388,0,15.893,0,3.973,4854,3599,2.210,2.180,1.640,1,0,41.720,0,0,20,12,0,1,20
30-07 14:46:02,6.750,24.499,66.998,0,0,2367744,9754804,376168,3748580,45609.798,24623.351,0,16.000,0,1.000,4365,3186,2.210,2.180,1.640,3,0,137.996,0,0,20,12,0,1,20
30-07 14:46:03,6.503,24.760,67.528,0,0,2370732,9751800,376168,3748596,60765.558,33986.295,0,64.027,0,2.001,4360,3133,2.210,2.180,1.640,2,0,131.055,0,0,20,12,0,1,20
30-07 14:46:04,7.991,22.723,66.173,0,0,2374744,9747772,376172,3748600,61629.015,32739.759,0,259.697,0,6.992,4336,3068,2.210,2.180,1.640,1,0,110.870,0,0,20,12,0,1,20
30-07 14:46:05,8.008,24.775,65.316,0,0,2378612,9743772,376172,3748732,57291.772,594595.575,0,12.012,0,3.003,4883,3447,2.210,2.180,1.640,1,0,118.119,0,0,20,12,0,1,20
30-07 14:46:06,14.767,24.779,57.817,0,0,2367908,9754424,376172,3749216,59888.111,31049.832,0,8.009,0,2.002,5426,6062,2.190,2.180,1.650,1,0,108.125,0,0,20,12,0,1,20
30-07 14:46:07,18.972,21.218,58.164,0,0,2360872,9761368,376172,3749216,42822.368,21817.580,0,0,0,0,4711,5391,2.190,2.180,1.650,1,0,68.898,0,0,20,12,0,1,20
30-07 14:46:08,22.573,26.046,49.859,0,0,2357436,9764796,376172,3748756,33214.827,18701.511,0,1488.342,0,237.142,5606,4013,2.190,2.180,1.650,3,0,94.262,0,0,20,12,0,1,20
30-07 14:46:09,23.445,12.857,62.267,0,0,2384592,9737108,376180,3749268,60611.505,32907.364,0,129.072,0,2.017,3194,2521,2.190,2.180,1.650,1,0,48.402,0,0,21,12,0,1,20
30-07 14:46:10,6.982,15.959,75.554,0,0,2382180,9739508,376184,3749276,45157.907,24855.550,0,195.493,0,6.982,3447,2915,2.190,2.180,1.650,2,0,80.791,0,0,21,12,0,2,20
30-07 14:46:11,20.029,8.513,70.353,0,0,2421220,9700448,376184,3749280,59727.729,31666.512,0,0,0,0,2622,2292,2.100,2.160,1.640,1,0,12.018,0,0,21,12,0,2,20
30-07 14:46:12,22.940,4.987,70.566,0,0,2459268,9662372,376196,3749296,29454.105,14751.489,0,103.729,0,11.969,2633,2449,2.100,2.160,1.640,1,0,0,0,0,21,13,0,2,14
30-07 14:46:13,22.833,5.771,70.005,0,0,2455240,9666240,376216,3749436,29579.791,14711.610,0,289.053,0,14.051,3053,3050,2.100,2.160,1.640,1,0,2.007,0,0,21,17,0,3,10
30-07 14:46:14,22.697,5.737,69.089,0,0,2457052,9664224,376268,3749580,15000.081,7506.526,0,702.365,0,34.919,3821,4346,2.100,2.160,1.640,1,0,0,0,0,21,14,0,7,0
30-07 14:46:15,9.778,21.311,66.943,0,0,2386228,9735044,376268,3749584,30946.189,16070.316,0,72.208,0,3.009,4183,3027,2.100,2.160,1.640,1,0,127.367,0,0,21,14,0,7,0
30-07 14:46:16,8.497,25.990,63.726,0,0,2379900,9741352,376276,3749596,58771.156,587367.684,0,167.938,0,7.997,5394,3941,1.930,2.120,1.630,1,0,166.938,0,0,21,14,0,7,0
30-07 14:46:17,6.999,24.245,67.986,0,0,2377328,9743912,376280,3749604,62567.816,35280.566,0,75.984,0,4.999,4615,3427,1.930,2.120,1.630,2,0,136.971,0,0,21,14,0,7,0
30-07 14:46:18,13.739,26.480,56.706,0,0,2390832,9730376,376280,3752048,60714.167,34375.484,0,1598.767,0,80.938,5160,7515,1.930,2.120,1.630,6,0,166.871,0,0,21,14,0,7,0
30-07 14:46:19,13.219,28.185,55.871,0,0,2380444,9740752,376280,3749624,60775.527,31269.725,0,11.972,0,2.993,5009,10744,1.930,2.120,1.630,1,0,111.742,0,0,21,14,0,8,0
30-07 14:46:20,8.764,24.540,65.607,0,0,2369916,9751272,376280,3749628,46173.963,23910.819,0,12.020,0,3.005,4625,3360,1.930,2.120,1.630,4,0,131.213,0,0,21,14,0,8,0
30-07 14:46:21,6.759,24.031,66.084,0,0,2361104,9760048,376280,3749632,60369.142,31406.132,0,36.046,0,6.008,4534,3341,1.850,2.100,1.630,1,0,121.155,0,0,21,14,0,8,0
30-07 14:46:22,8.497,23.493,66.229,0,0,2365284,9755868,376288,3750016,60920.070,32321.956,0,171.947,0,5.998,4397,3318,1.850,2.100,1.630,1,0,112.965,0,0,21,14,0,7,0
30-07 14:46:23,19.241,22.490,56.974,0,0,2378264,9742840,376288,3749700,44431.700,22075.914,0,2350.926,0,308.859,5285,5690,1.850,2.100,1.630,2,0,67.969,0,0,21,14,0,7,0
30-07 14:46:24,19.441,22.681,55.580,0,0,2373752,9747352,376308,3749640,51046.248,386991.218,0,155.525,0,8.973,4989,5508,1.850,2.100,1.630,1,0,69.787,0,0,21,14,0,7,0
30-07 14:46:25,44.024,28.016,27.265,0,0,2445732,9675336,376320,3750096,50864.222,224126.355,0,44.024,0,2.001,5233,3210,1.850,2.100,1.630,4,0,107.059,0,0,21,14,0,7,0
30-07 14:46:26,44.365,13.786,41.608,0,0,2514652,9606308,376320,3750212,60802.485,31657.998,0,20.052,0,2.005,3875,2507,1.870,2.100,1.630,3,0,19.049,0,0,21,15,0,7,0
30-07 14:46:27,46.400,6.486,45.901,0,0,2566036,9554900,376320,3750236,29696.224,14560.729,0,3.991,0,0.998,3328,1988,1.870,2.100,1.630,2,0,0,0,0,21,17,0,7,0
30-07 14:46:28,52.815,6.007,39.799,0.250,0,2617176,9503520,376364,3750428,30063.812,15364.813,88.108,612.750,1.001,26.032,4712,3849,1.870,2.100,1.630,2,0,19.023,0,0,21,31,0,7,0
30-07 14:46:29,44.318,9.515,45.570,0,0,2652052,9467024,376396,3751816,15427.644,7535.549,0,1033.584,0,87.134,3647,2632,1.870,2.100,1.630,2,0,2.003,0,0,21,31,0,7,0
30-07 14:46:30,27.517,20.513,50.282,0,0,2659884,9456444,376404,3754356,31036.525,17114.767,0,124.078,0,3.002,5819,7736,1.870,2.100,1.630,1,0,78.049,0,0,21,30,0,8,0
30-07 14:46:31,8.480,24.942,64.600,0,0,2676232,9440064,376420,3754360,60679.068,34102.793,11.972,7.981,2.993,1.995,4605,3433,2.040,2.130,1.640,3,0,122.715,0,0,21,30,0,8,0
30-07 14:46:32,11.113,25.191,59.766,0,0,2692844,9423432,376420,3754844,60878.193,31836.926,0,794.244,0,3.951,5305,4457,2.040,2.130,1.640,3,0,147.192,0,0,21,30,0,8,0
30-07 14:46:33,19.688,24.737,54.522,0,0,2689172,9427044,376420,3754760,46134.369,22852.632,0,36.348,0,1.010,5716,7193,2.040,2.130,1.640,2,0,91.879,0,0,21,30,0,8,0
30-07 14:46:34,14.063,20.341,61.022,3.013,0,2678152,9436832,376432,3755584,45545.820,23424.311,1233.493,8.036,28.125,2.009,4003,3500,2.040,2.130,1.640,1,0,84.376,0,0,21,30,0,8,0
30-07 14:46:35,18.006,14.255,61.019,4.752,0,2673424,9434128,376472,3763384,56145.886,466986.768,7338.338,5749.832,89.028,287.091,5819,5922,2.040,2.130,1.640,1,0,64.020,0,0,22,30,0,8,0
30-07 14:46:36,19.397,27.604,51.975,0,0,2676652,9430884,376472,3763400,47433.707,143613.169,0,3.979,0,0.995,5264,6083,2.190,2.160,1.660,2,0,93.505,0,0,22,30,0,9,0
30-07 14:46:37,14.273,19.030,62.850,1.753,0,2691208,9414516,376476,3764576,44931.536,23387.235,1770.819,0,24.038,0,3852,3057,2.190,2.160,1.660,2,0,57.091,0,0,22,30,0,9,0
30-07 14:46:38,33.747,28.998,32.748,2.250,0,2742716,9362144,376528,3765324,60896.467,31969.620,459.966,419.969,22.998,27.998,5527,4338,2.190,2.160,1.660,1,0,114.991,0,0,22,46,0,9,0
30-07 14:46:39,8.270,22.804,67.911,0,0,2750512,9354340,376528,3765328,61487.520,33170.503,0,4.009,0,1.002,4312,3357,2.190,2.160,1.660,2,0,111.263,0,0,22,46,0,9,0
30-07 14:46:40,13.989,27.479,56.207,0,0,2758656,9346012,376536,3765952,45933.925,24335.418,3.997,351.731,0.999,16.987,5457,5887,2.190,2.160,1.660,1,0,124.905,0,0,22,46,0,9,0
30-07 14:46:41,19.775,22.278,56.321,0,0,2731264,9373360,376536,3765956,60079.827,31521.784,0,0,0,0,4872,6044,2.180,2.160,1.660,1,0,69.087,0,0,22,46,0,9,0
30-07 14:46:42,13.493,22.238,51.473,11.244,0,2731284,9371720,376568,3766980,45606.850,23649.477,1459.227,283.850,31.983,11.994,4626,4480,2.180,2.160,1.660,0,0,122.935,0,0,22,46,0,9,0
30-07 14:46:43,4.247,9.244,84.942,0,0,2733248,9369720,376568,3766984,29935.612,14779.934,0,3.997,0,0.999,2488,2526,2.180,2.160,1.660,1,0,48.967,0,0,22,46,0,9,0
30-07 14:46:44,9.500,22.250,65.251,0.750,0,2728940,9372288,376568,3769116,71560.361,475309.042,1724.033,0,20.000,0,5110,4295,2.180,2.160,1.660,5,0,102.002,0,0,24,46,0,9,0
30-07 14:46:45,20.128,23.359,54.420,0,0,2730660,9370524,376568,3769116,47810.480,147840.740,0,3.976,0,0.994,5953,7747,2.180,2.160,1.660,5,0,70.573,0,0,24,46,0,9,0
30-07 14:46:46,15.323,23.362,58.279,1.256,0,2729524,9369848,376568,3770520,60882.248,31575.049,1880.998,4.019,23.111,1.005,4641,4331,2.160,2.160,1.660,3,0,113.543,0,0,24,48,0,9,0
30-07 14:46:47,7.520,32.084,58.654,0,0,2732788,9366472,376568,3770612,49553.932,24157.341,0,168.442,0,4.011,5010,3833,2.160,2.160,1.660,1,0,157.413,0,0,24,48,0,9,0
30-07 14:46:48,6.999,22.746,67.738,0,0,2734964,9364288,376568,3770620,61837.264,33772.137,0,35.994,0,4.999,4650,3500,2.160,2.160,1.660,1,0,134.977,0,0,24,48,0,9,0
30-07 14:46:49,6.750,24.501,66.502,0,0,2733384,9365836,376568,3770636,61229.390,34126.774,0,628.014,0,78.002,4755,3503,2.160,2.160,1.660,2,0,131.003,0,0,24,48,0,9,0
30-07 14:46:50,8.746,23.240,65.720,0,0,2734868,9364332,376568,3770640,48721.062,23589.378,0,23.989,0,4.998,4564,3295,2.160,2.160,1.660,2,0,118.946,0,0,24,48,0,9,0
30-07 14:46:51,7.238,24.708,65.638,0,0,2718724,9380476,376568,3770644,58291.874,31708.080,0,834.581,0,4.992,4518,3346,2.150,2.160,1.660,1,0,120.795,0,0,24,48,0,9,0
30-07 14:46:52,17.033,24.547,56.608,0,0,2711448,9387780,376576,3770536,59773.392,30604.570,0,212.406,0,5.010,5193,6005,2.150,2.160,1.660,2,0,81.155,0,0,24,48,0,9,0
30-07 14:46:53,19.464,23.208,56.397,0,0,2716820,9382388,376576,3770644,56606.681,564880.979,0,7.985,0,1.996,5436,6160,2.150,2.160,1.660,3,0,72.867,0,0,24,48,0,9,0
30-07 14:46:54,23.298,29.561,45.344,0,0,2758604,9340600,376584,3770648,46010.178,25025.769,0,2837.871,0,459.951,6174,3568,2.150,2.160,1.660,2,0,119.247,0,0,24,48,0,9,0
30-07 14:46:55,27.411,29.903,40.618,0,0,2802140,9297024,376584,3770672,60802.260,31786.624,0,95.689,0,3.987,5388,3367,2.150,2.160,1.660,3,0,151.507,0,0,24,48,0,9,0
30-07 14:46:56,24.979,29.773,43.902,0,0,2847804,9251224,376604,3770748,58092.315,28153.982,0,24.222,0,1.009,5159,3320,2.140,2.150,1.670,6,0,123.128,0,0,24,48,0,9,0
30-07 14:46:57,28.767,28.767,39.927,0,0,2877156,9220480,376644,3772032,50133.532,28630.444,7.936,638.833,0.992,6.944,5767,4796,2.140,2.150,1.670,2,0,135.901,0,0,24,48,0,9,0
30-07 14:46:58,25.990,29.489,41.985,0.500,0,2909136,9188328,376656,3772136,61378.387,32931.867,11.996,7.997,2.999,1.999,5389,3583,2.140,2.150,1.670,2,0,160.941,0,0,24,52,0,11,0
30-07 14:46:59,24.994,31.242,41.989,0,0,2950164,9147280,376656,3772152,61537.440,31897.934,0,599.848,0,2.999,5397,3506,2.140,2.150,1.670,3,0,158.960,0,0,24,52,0,11,0
30-07 14:47:00,26.565,26.565,44.609,0.251,0,2964964,9132468,376660,3772160,46484.068,25695.054,0,0,0,0,5241,3405,2.140,2.150,1.670,5,1,131.322,0,0,24,52,0,11,0
30-07 14:47:01,29.212,26.466,43.443,0.250,0,2974264,9122924,376660,3772388,72190.083,582594.064,3.995,15.979,0.999,3.995,5526,3840,2.130,2.150,1.670,3,0,125.836,0,0,24,52,0,11,0
30-07 14:47:02,16.962,29.933,50.388,0,0,3030072,9067048,376668,3772440,61369.537,31579.778,0,283.370,0,7.982,4940,3592,2.130,2.150,1.670,1,0,114.745,0,0,24,52,0,11,0
30-07 14:47:03,7.531,25.104,65.522,0,0,3030692,9066292,376668,3772572,46095.197,23180.148,0,421.749,0,6.025,4629,3368,2.130,2.150,1.670,3,0,127.529,0,0,24,52,0,11,0
30-07 14:47:04,7.467,24.142,65.954,0,0,3019752,9077224,376668,3772580,61413.582,31130.391,0,19.911,0,3.982,4590,3403,2.130,2.150,1.670,1,0,114.487,0,0,24,52,0,11,0
30-07 14:47:05,15.317,26.365,56.747,0,0,3010956,9085996,376668,3773072,45793.356,23506.332,0,8.035,0,2.009,5147,5895,2.130,2.150,1.670,1,0,106.463,0,0,24,52,0,11,0
30-07 14:47:06,19.002,24.003,55.257,0,0,3002548,9094360,376668,3772992,60026.895,30185.970,0,8.001,0,2.000,5029,5931,2.040,2.130,1.660,2,0,72.009,0,0,24,52,0,12,0
30-07 14:47:07,29.864,24.343,45.424,0,0,3041660,9055236,376672,3772988,46031.856,24218.522,0,196.752,0,5.019,4680,3409,2.040,2.130,1.660,3,0,67.257,0,0,24,52,0,12,0
30-07 14:47:08,45.434,31.853,20.495,0,0,3115812,8981068,376680,3773048,60822.198,35073.015,0,0,0,0,5593,3436,2.040,2.130,1.660,3,0,124.449,0,0,24,52,0,12,0
30-07 14:47:09,51.391,27.826,19.554,0,0,3186096,8910528,376688,3773276,46201.778,26314.206,0,721.981,0,97.267,5519,3506,2.040,2.130,1.660,3,0,113.311,0,0,24,52,0,12,0
30-07 14:47:10,49.903,31.688,17.965,0,0,3210000,8886028,376700,3773844,71491.395,576380.475,0,15.969,0,3.992,5927,4076,2.040,2.130,1.660,4,0,121.762,0,0,24,52,0,12,0
30-07 14:47:11,48.393,31.002,19.408,0,0,3250476,8844124,376748,3774964,47334.223,23799.183,0,544.419,0,17.139,5485,3469,2.110,2.140,1.670,5,0,118.966,0,0,24,52,0,11,0
30-07 14:47:12,36.978,29.982,19.238,12.493,0,3268020,8824628,377404,3776448,60248.855,31489.109,587.647,339.796,84.949,15.990,5946,6406,2.110,2.140,1.670,4,2,124.925,0,0,24,52,0,11,0
30-07 14:47:13,51.528,21.512,16.759,9.505,0,3291488,8800732,377712,3776452,45151.512,23424.717,312.169,4.002,49.027,1.001,5914,6426,2.110,2.140,1.670,4,0,77.042,0,0,24,56,0,11,0
30-07 14:47:14,57.470,30.617,10.540,0.753,0,3376864,8711428,379400,3778028,46248.156,24809.032,0,12700.651,0,1288.937,10761,14191,2.110,2.140,1.670,6,0,125.481,0,0,24,56,0,11,0
30-07 14:47:15,44.957,31.618,18.773,0.741,0,3427520,8647696,382008,3788156,61586.786,34845.493,0,17097.670,0,1227.191,11374,14444,2.110,2.140,1.670,7,0,112.641,0,0,24,56,0,6,0
30-07 14:47:16,49.991,29.597,16.415,1.492,0,3431796,8636664,384684,3792060,60099.554,32093.685,0,12256.485,0,1390.793,11446,15128,2.350,2.190,1.690,7,0,101.474,0,0,24,56,0,6,0
30-07 14:47:17,53.265,32.855,11.698,0.996,0,3485264,8578744,385492,3795396,47455.527,24714.906,0,6260.366,0,458.974,7986,8796,2.350,2.190,1.690,5,0,120.468,0,0,24,56,0,6,0
30-07 14:47:18,60.751,30.375,7.280,0.502,0,3505116,8557464,385552,3797052,68783.100,463233.325,530.190,907.749,7.029,42.174,6922,7897,2.350,2.190,1.690,8,0,145.601,0,0,24,62,0,10,0
30-07 14:47:19,54.370,31.940,9.265,0.488,0,3544608,8517476,385612,3797464,46383.039,139365.623,3.901,799.708,0.975,48.763,7695,20296,2.350,2.190,1.690,5,0,119.956,0,0,24,66,0,14,0
30-07 14:47:20,46.355,35.658,18.848,0,0,3573080,8486860,385876,3798860,46378.627,23295.778,0,11292.329,0,501.247,8507,10764,2.350,2.190,1.690,6,0,102.898,0,0,24,72,0,19,0
30-07 14:47:21,28.773,34.884,36.157,0,0,3601184,8458476,386012,3799000,62294.696,34505.407,0,2501.484,0,127.315,6677,6385,2.320,2.190,1.690,5,0,139.537,0,0,24,78,0,21,0
30-07 14:47:22,27.741,27.241,43.985,0,0,3654076,8405568,386020,3799008,46937.068,27740.584,0,55.981,0,5.998,5261,3588,2.320,2.190,1.690,4,0,136.954,0,0,24,78,0,21,0
30-07 14:47:23,26.423,28.417,42.875,0,0,3690568,8369060,386020,3799024,47784.581,26921.453,0,23.930,0,5.983,5082,3461,2.320,2.190,1.690,2,0,110.677,0,0,24,78,0,21,0
30-07 14:47:24,28.592,29.093,41.383,0,0,3719988,8339608,386020,3799052,61246.640,32131.161,0,12.039,0,3.010,5248,3645,2.320,2.190,1.690,3,0,121.390,0,0,24,80,0,21,0
30-07 14:47:25,34.937,25.703,37.432,0,0,3747612,8311968,386020,3799460,45191.902,24301.852,0,7.985,0,1.996,5989,5916,2.320,2.190,1.690,2,0,133.757,0,0,24,80,0,21,0
30-07 14:47:26,29.953,31.950,35.944,0,0,3746332,8311844,386024,3800892,59850.004,31972.321,0,0,0,0,7599,10278,2.290,2.190,1.690,12,0,110.828,0,0,24,78,0,23,0
30-07 14:47:27,21.054,19.550,58.399,0,0,3726712,8331312,386028,3800552,51289.063,450206.452,0,120.307,0,4.010,4119,3623,2.290,2.190,1.690,4,0,41.105,0,0,24,78,0,23,0
30-07 14:47:28,23.036,30.298,44.820,0,0,3775504,8282512,386028,3800556,50988.968,146205.300,0,8.013,0,2.003,5174,3444,2.290,2.190,1.690,2,0,121.190,0,0,24,78,0,23,0
30-07 14:47:29,30.698,26.705,41.430,0.250,0,3823260,8234696,386076,3800564,60865.005,33665.032,0,3410.229,0,45.922,5549,3946,2.290,2.190,1.690,2,0,126.785,0,0,24,80,0,23,0
30-07 14:47:30,30.849,28.859,38.313,0,0,3864052,8193872,386092,3800580,60854.704,34983.096,0,139.319,0,14.927,5375,3640,2.290,2.190,1.690,2,0,133.349,0,0,24,84,0,23,0
30-07 14:47:31,29.050,27.798,42.574,0,0,3885608,8172268,386092,3800624,45286.667,24003.697,0,16.028,0,4.007,5186,3650,2.270,2.180,1.690,6,0,124.216,0,0,24,86,0,23,0
30-07 14:47:32,36.784,29.777,31.029,0,0,3976864,8080964,386096,3800664,60456.830,31148.765,4.004,236.218,1.001,6.006,5205,3570,2.270,2.180,1.690,2,0,115.106,0,0,24,86,0,22,0
30-07 14:47:33,24.854,30.879,42.176,0,0,3969288,8087024,386132,3802140,46519.107,23449.848,4.017,482.011,1.004,25.105,6466,7289,2.270,2.180,1.690,3,0,128.536,0,0,24,88,0,25,0
30-07 14:47:34,8.493,24.980,64.448,0,0,3972768,8083516,386148,3802136,60422.116,31164.786,0,3073.513,0,31.974,4761,3661,2.270,2.180,1.690,2,0,114.907,0,0,24,88,0,25,0
30-07 14:47:35,15.218,27.693,54.886,0,0,3971884,8084328,386188,3802648,45416.858,23487.315,0,303.371,0,19.959,6069,7037,2.270,2.180,1.690,2,0,120.750,0,0,24,88,0,25,0
30-07 14:47:36,21.549,24.806,52.619,0,0,3956632,8099508,386212,3802652,72533.674,583382.458,0,196.446,0,11.025,5781,6546,2.250,2.180,1.700,1,0,77.175,0,0,24,90,0,26,0
30-07 14:47:37,28.494,22.995,46.740,0,0,3980760,8075296,386232,3802616,45204.295,23930.862,0,215.954,0,8.998,4507,3448,2.250,2.180,1.700,3,0,58.987,0,0,24,90,0,26,0
30-07 14:47:38,45.942,23.221,29.713,0,0,4032124,8023892,386236,3802636,45980.997,25284.105,0,115.854,0,3.995,4830,3007,2.250,2.180,1.700,3,0,76.903,0,0,24,91,0,26,0
30-07 14:47:39,40.036,11.010,48.293,0,0,4067580,7987492,386412,3803312,44311.785,22400.112,0,2177.955,0,136.122,4371,4033,2.250,2.180,1.700,3,0,25.022,0,0,24,94,0,27,0
30-07 14:47:40,7.995,24.234,65.456,0,0,4058372,7996620,386428,3803368,61179.575,33519.304,0,8690.116,0,397.731,5109,3632,2.250,2.180,1.700,1,0,125.915,0,0,24,94,0,26,0
30-07 14:47:41,7.014,22.794,68.382,0,0,4067920,7987056,386452,3803360,45824.241,24713.590,0,232.448,0,19.037,4643,3636,2.150,2.160,1.690,3,0,125.241,0,0,24,94,0,26,0
30-07 14:47:42,10.002,22.754,60.511,3.751,0,4080172,7974756,386464,3803380,61486.925,34074.054,0,72.013,0,6.001,4651,3446,2.150,2.160,1.690,1,0,129.023,0,0,24,96,0,26,0
30-07 14:47:43,10.947,24.383,62.202,0,0,4088420,7966484,386464,3803388,61190.359,34492.477,0,3.981,0,0.995,4763,3475,2.150,2.160,1.690,4,0,129.379,0,0,24,98,0,26,0
30-07 14:47:44,18.215,26.948,52.150,0,0,4164204,7890640,386504,3803408,62095.311,31535.723,0,287.451,0,20.960,5158,4133,2.150,2.160,1.690,2,0,120.769,0,0,24,98,0,26,0
30-07 14:47:45,8.054,23.910,66.696,0,0,4169888,7884936,386520,3803412,57448.267,581827.806,0,2645.697,0,328.195,5341,3724,2.150,2.160,1.690,1,0,127.855,0,0,24,98,0,26,0
30-07 14:47:46,6.747,23.489,67.969,0,0,4174408,7880408,386528,3803416,60791.706,33754.845,0,47.978,0,3.998,4682,3523,2.210,2.170,1.700,1,0,129.942,0,0,24,98,0,26,0
30-07 14:47:47,11.344,18.654,68.566,0.252,0,4188528,7866284,386528,3803420,62225.585,32213.880,0,0,0,0,3891,3185,2.210,2.170,1.700,1,0,91.757,0,0,24,98,0,26,0
30-07 14:47:48,22.820,5.705,70.445,0.248,0,4224416,7830248,386556,3803552,29839.785,14638.610,0,261.935,0,20.836,2619,2552,2.210,2.170,1.700,1,0,0,0,0,24,98,0,26,0
30-07 14:47:49,26.246,6.249,65.490,0,0,4252328,7802288,386628,3803520,30752.360,14913.750,0,351.947,0,37.994,3542,3776,2.210,2.170,1.700,1,0,3.000,0,0,24,100,0,26,0
30-07 14:47:50,25.195,6.236,66.356,0,0,4253256,7801280,386656,3803572,29650.769,15045.408,0,431.066,0,22.950,3779,4049,2.210,2.170,1.700,2,0,0.998,0,0,24,106,0,26,0
30-07 14:47:51,23.287,6.510,69.111,0,0,4215932,7838580,386676,3803576,15128.303,7780.499,0,160.257,0,13.021,3010,2872,2.120,2.150,1.700,3,0,14.023,0,0,24,104,0,26,0
30-07 14:47:52,15.755,14.005,69.274,0,0,4248292,7806200,386680,3803592,15698.464,11946.158,0,148.052,0,9.003,3183,2764,2.120,2.150,1.700,2,0,51.018,0,0,24,104,0,26,0
30-07 14:47:53,29.391,7.223,61.523,0,0,4275580,7778912,386700,3803572,44174.903,22614.506,0,298.896,0,16.937,3378,3067,2.120,2.150,1.700,4,0,4.982,0,0,24,106,0,27,0
30-07 14:47:54,34.326,8.018,56.625,0,0,4292604,7761564,386764,3803820,30436.170,14624.275,0,356.787,0,35.077,4202,4635,2.120,2.150,1.700,3,0,3.007,0,0,24,110,0,27,0
30-07 14:47:55,23.968,5.992,68.658,0,0,4290692,7763472,386776,3803812,15019.850,7286.225,0,115.845,0,7.989,3873,4228,2.120,2.150,1.700,2,0,1.997,0,0,24,109,0,27,0
30-07 14:47:56,23.294,6.011,69.129,0,0,4291708,7762088,386804,3804076,15371.755,7457.951,0,256.480,0,16.030,2680,2665,2.030,2.130,1.690,3,0,0,0,0,24,109,0,27,0
30-07 14:47:57,29.676,7.796,59.855,0.251,0,4290744,7762804,387080,3804036,15398.364,7339.548,0,1565.287,0,186.104,5612,7055,2.030,2.130,1.690,3,0,4.024,0,0,24,112,0,27,0
30-07 14:47:58,21.837,8.685,66.753,0,0,4295240,7757988,387244,3804184,14987.432,7373.114,0,968.788,0,96.283,4241,5430,2.030,2.130,1.690,4,0,3.970,0,0,24,112,0,27,0
30-07 14:47:59,28.796,5.305,64.665,0.253,0,4296488,7756592,387348,3804228,15196.365,7535.538,0,1010.397,0,79.821,4066,4732,2.030,2.130,1.690,1,0,1.010,0,0,24,114,0,28,0
30-07 14:48:00,34.760,14.299,47.333,0,0,4242476,7810308,387640,3804220,2919.873,3881.330,0,3731.441,0,230.750,6058,6798,2.030,2.130,1.690,2,0,43.389,0,0,24,116,0,27,0
30-07 14:48:01,35.322,20.688,42.890,0,0,4253468,7799248,387664,3804264,72917.851,598450.351,0,666.064,0,22.202,5817,5105,2.020,2.130,1.690,3,0,68.625,0,0,24,115,0,27,0
30-07 14:48:02,41.008,10.502,47.009,0,0,4300116,7752356,387720,3804444,30949.991,16426.180,0,836.162,0,49.009,3778,2780,2.020,2.130,1.690,3,0,7.001,0,0,24,115,0,27,0
30-07 14:48:03,28.804,8.194,61.333,0.248,0,4303632,7748788,387760,3804452,30333.536,14815.161,0,254.269,0,19.865,3455,3188,2.020,2.130,1.690,1,0,0.993,0,0,24,115,0,27,0
30-07 14:48:04,27.272,7.006,64.301,0,0,4303528,7748788,387848,3804468,15110.942,7301.771,0,544.430,0,58.046,4348,4873,2.020,2.130,1.690,2,0,1.001,0,0,24,118,0,27,0
30-07 14:48:05,21.567,7.523,69.467,0,0,4301012,7751236,387904,3804476,15267.682,7318.857,0,497.554,0,38.119,3336,3986,2.020,2.130,1.690,2,0,3.009,0,0,24,119,0,27,0
30-07 14:48:06,22.938,7.480,68.315,0,0,4299880,7752336,387928,3804484,15361.309,7489.673,0,3091.609,0,395.925,3665,3139,1.940,2.110,1.690,1,0,0,0,0,24,119,0,28,0
30-07 14:48:07,24.091,9.438,64.077,0,0,4307508,7744596,388012,3804508,302.004,0,0,679.509,0,60.599,3905,4408,1.940,2.110,1.690,3,0,3.974,0,0,24,119,0,29,0
30-07 14:48:08,35.759,18.887,44.321,0,0,4327080,7724948,388084,3804512,15390.515,7415.732,0,475.445,0,42.307,4742,3636,1.940,2.110,1.690,4,0,78.569,0,0,24,118,0,28,0
30-07 14:48:09,37.553,16.273,45.064,0,0,4372772,7679228,388104,3804516,30467.248,16511.438,0,312.444,0,15.021,3725,2573,1.940,2.110,1.690,5,0,20.028,0,0,24,118,0,28,0
30-07 14:48:10,44.524,8.955,44.773,0,0,4433988,7617908,388204,3804520,44692.021,22487.790,0,1663.551,0,82.581,3871,2952,1.940,2.110,1.690,2,0,0,0,0,24,119,0,28,0
30-07 14:48:11,26.117,6.780,66.547,0,0,4435768,7616092,388232,3804524,15232.073,7772.737,0,237.059,0,18.081,3393,3586,1.870,2.090,1.690,2,0,2.009,0,0,24,120,0,28,0
30-07 14:48:12,19.943,8.974,69.051,0,0,4408976,7642868,388244,3804528,30341.575,18590.434,0,79.770,0,8.974,3376,3136,1.870,2.090,1.690,3,0,35.897,0,0,24,118,0,28,0
30-07 14:48:13,32.133,11.799,55.480,0,0,4431436,7620372,388252,3804560,46845.970,24472.330,0,148.615,0,7.029,3682,2878,1.870,2.090,1.690,1,0,22.091,0,0,24,120,0,28,0
30-07 14:48:14,22.429,5.981,69.778,0,0,4469440,7582360,388252,3804564,30066.230,15388.982,0,0,0,0,2681,2388,1.870,2.090,1.690,2,0,1.994,0,0,24,121,0,28,0
30-07 14:48:15,23.760,5.502,70.030,0,0,4464560,7587236,388252,3804568,30314.920,14760.291,0,0,0,0,3089,2952,1.870,2.090,1.690,1,0,0,0,0,24,122,0,28,0
30-07 14:48:16,24.060,4.511,69.923,0,0,4453204,7598588,388252,3804572,15316.956,7462.492,0,12.030,0,2.005,3125,3088,1.880,2.090,1.690,2,0,5.012,0,0,24,120,0,28,0
30-07 14:48:17,17.244,13.745,67.725,0,0,4467692,7584060,388280,3804584,48970.047,26810.171,0,1295.525,0,232.915,3649,2889,1.880,2.090,1.690,2,0,48.982,0,0,24,120,0,28,0
30-07 14:48:18,24.637,5.226,68.684,0,0,4500396,7551312,388316,3804592,39959.131,447319.691,0,274.736,0,20.904,2925,2621,1.880,2.090,1.690,2,0,0,0,0,24,121,0,28,0
30-07 14:48:19,25.015,9.005,64.538,0.250,0,4492436,7559092,388348,3805312,29400.222,139113.491,0,204.120,0,21.012,3760,5175,1.880,2.090,1.690,18,0,35.021,0,0,24,122,0,28,0
30-07 14:48:20,33.569,13.882,50.732,0,0,4485612,7565712,388488,3804760,19800.205,9195.404,0,658.257,0,72.691,5645,16309,1.880,2.090,1.690,1,0,4.038,0,0,24,121,0,29,0
30-07 14:48:21,17.993,13.495,67.474,0,0,4393128,7658116,388552,3804772,30700.218,16943.498,0,879.662,0,110.957,4118,3529,1.890,2.090,1.690,1,0,72.972,0,0,24,120,0,13,0
30-07 14:48:22,19.120,9.436,69.777,0,0,4409104,7642128,388568,3804768,43968.662,22032.504,0,234.409,0,13.906,2684,2482,1.890,2.090,1.690,3,0,8.939,0,0,24,120,0,13,0
30-07 14:48:23,24.787,5.759,69.604,0,0,4451204,7599944,388636,3804784,29738.608,14878.317,0,1281.923,0,66.099,2675,2259,1.890,2.090,1.690,1,0,2.003,0,0,24,120,0,13,0
30-07 14:48:24,27.673,6.038,65.157,0,0,4446936,7604196,388648,3804788,16812.087,8836.232,0,132.830,0,13.082,3566,3476,1.890,2.090,1.690,2,0,0,0,0,24,122,0,13,0
30-07 14:48:25,23.850,4.223,69.562,0,0,4411520,7639592,388648,3804808,14854.419,7250.324,0,23.850,0,2.981,3177,3295,1.890,2.090,1.690,1,0,6.956,0,0,24,120,0,13,0
30-07 14:48:26,15.981,13.734,68.668,0,0,4428036,7623064,388648,3804820,45452.712,27043.699,0,63.924,0,3.995,3255,2699,1.820,2.070,1.690,2,0,49.940,0,0,24,120,0,13,0
30-07 14:48:27,23.973,4.745,70.422,0,0,4461748,7589352,388648,3804820,29885.703,15061.220,0,3.996,0,0.999,2438,2108,1.820,2.070,1.690,1,0,0.999,0,0,24,120,0,13,0
30-07 14:48:28,23.620,5.528,69.854,0,0,4460032,7591056,388648,3804832,30021.041,14829.102,0,40.204,0,3.015,3254,3509,1.820,2.070,1.690,1,0,0,0,0,24,122,0,13,0
30-07 14:48:29,23.871,8.206,64.402,0.249,0,4453400,7597236,389032,3804888,15415.608,7579.001,0,1806.229,0,227.768,5691,7512,1.820,2.070,1.690,1,0,1.989,0,0,24,121,0,11,0
30-07 14:48:30,26.458,8.736,62.650,0.250,0,4449376,7601024,389224,3804928,15070.887,7446.086,0,1170.128,0,122.804,4824,5893,1.820,2.070,1.690,4,0,0,0,0,24,120,0,11,0
30-07 14:48:31,21.071,13.796,63.964,0,0,4399560,7650516,389516,3804952,15092.560,7902.473,0,4611.448,0,245.824,4225,3853,1.670,2.040,1.680,1,0,53.178,0,0,24,120,0,11,0
30-07 14:48:32,21.211,7.237,70.122,0,0,4412240,7637820,389528,3804952,16328.189,8971.620,0,171.687,0,7.985,2426,2193,1.670,2.040,1.680,2,0,1.996,0,0,24,120,0,11,0
30-07 14:48:33,31.067,8.017,59.629,0.251,0,4443752,7606276,389596,3804912,44534.659,22813.515,0,1058.297,0,61.133,3878,3702,1.670,2.040,1.680,4,0,2.004,0,0,24,122,0,8,0
30-07 14:48:34,23.376,6.535,69.373,0,0,4441480,7608436,389648,3804972,30649.908,14966.525,0,390.099,0,34.184,3452,3762,1.670,2.040,1.680,1,0,0,0,0,24,124,0,8,0
30-07 14:48:35,25.143,7.219,64.974,0,0,4439632,7610088,389692,3805120,16697.014,8773.699,0,394.324,0,33.856,4019,4321,1.670,2.040,1.680,1,0,1.992,0,0,24,123,0,8,0
30-07 14:48:36,24.868,8.864,62.540,0,0,4441524,7608008,389848,3805144,14866.776,7331.453,0,783.965,0,82.730,4480,5293,1.620,2.020,1.670,1,0,0,0,0,24,123,0,9,0
30-07 14:48:37,22.327,15.477,62.161,0,0,4440280,7609164,389924,3805156,25587.165,452206.359,0,2338.284,0,351.149,4899,4667,1.620,2.020,1.670,1,0,8.119,0,0,24,123,0,8,0
30-07 14:48:38,42.167,10.170,44.647,0,0,4445620,7603632,390064,3805200,17944.290,139738.458,0,758.014,0,84.334,5627,6004,1.620,2.020,1.670,2,0,2.976,0,0,24,123,0,9,0
30-07 14:48:39,38.875,17.556,41.132,0.251,0,4385976,7663140,390168,3805228,46168.318,25090.605,0,822.643,0,73.235,5844,5672,1.620,2.020,1.670,2,0,78.251,0,0,24,124,0,8,0
30-07 14:48:40,22.713,7.823,68.895,0,0,4419724,7629372,390184,3805232,44564.276,22094.885,0,343.214,0,18.170,2800,2694,1.620,2.020,1.670,2,0,0,0,0,24,124,0,8,0
30-07 14:48:41,23.282,5.201,69.599,0,0,4456752,7592328,390200,3805232,29597.169,14763.909,0,467.626,0,22.787,2753,2589,1.570,2,1.670,1,0,1.981,0,0,24,125,0,7,0
30-07 14:48:42,23.078,6.522,69.735,0,0,4456012,7593036,390224,3805240,15031.554,7483.167,0,292.985,0,15.051,3119,3191,1.570,2,1.670,1,0,0,0,0,24,126,0,7,0
30-07 14:48:43,24.042,7.012,66.365,0.501,0,4455456,7593264,390500,3805280,15269.401,7308.637,0,1234.134,0,133.230,4654,5829,1.570,2,1.670,1,0,0,0,0,24,124,0,8,0
30-07 14:48:44,14.498,16.998,66.491,0,0,4415208,7633496,390540,3805256,14912.903,7360.965,0,483.932,0,24.996,3947,3044,1.570,2,1.670,3,0,109.985,0,0,24,124,0,8,0
30-07 14:48:45,17.498,12.999,68.493,0,0,4410612,7637984,390604,3805300,44737.558,25767.442,0,451.955,0,30.997,3337,2870,1.570,2,1.670,1,0,38.996,0,0,24,124,0,8,0
30-07 14:48:46,26.217,5.493,66.416,0,0,4451992,7596404,390804,3805300,31403.475,16300.484,0,2436.933,0,119.849,3099,2828,1.520,1.980,1.670,2,0,0,0,0,24,124,0,8,0
30-07 14:48:47,23.270,6.005,68.809,0,0,4452376,7595940,390856,3805320,30347.071,14670.603,0,216.186,0,24.021,3425,3613,1.520,1.980,1.670,2,0,3.003,0,0,24,126,0,9,0
30-07 14:48:48,26.119,6.716,64.925,0.249,0,4452376,7595940,390924,3805252,18770.997,9142.217,0,326.366,0,33.831,4374,4795,1.520,1.980,1.670,2,0,0.995,0,0,24,127,0,9,0
30-07 14:48:49,24.092,7.278,67.258,0,0,4452200,7595940,391004,3805344,15154.124,7324.092,0,762.926,0,74.285,4042,4585,1.520,1.980,1.670,2,0,0,0,0,24,127,0,9,0
30-07 14:48:50,24.335,9.684,64.313,0,0,4452240,7595688,391092,3805464,15213.739,7246.813,0,850.229,0,77.474,5335,6769,1.520,1.980,1.670,2,0,1.987,0,0,24,127,0,9,0
30-07 14:48:51,24.385,5.782,69.131,0,0,4452624,7595184,391156,3805516,14938.433,7551.672,0,776.284,0,88.488,3403,3546,1.560,1.990,1.670,1,0,0,0,0,24,127,0,9,0
30-07 14:48:52,19.243,10.496,67.726,0.250,0,4453472,7594176,391308,3805516,298.894,0,0,4038.567,0,208.926,3733,4275,1.560,1.990,1.670,2,0,0,0,0,24,127,0,9,0
30-07 14:48:53,26.543,18.279,52.585,0,0,4456628,7590900,391396,3805544,15000.129,7470.016,0,3036.885,0,346.557,7288,9096,1.560,1.990,1.670,3,0,3.005,0,0,24,127,0,8,0
30-07 14:48:54,37.731,13.493,45.478,0.250,0,4377288,7670088,391512,3805580,661.674,0,0,899.557,0,100.950,7151,8770,1.560,1.990,1.670,3,0,42.979,0,0,24,126,0,8,0
30-07 14:48:55,31.970,23.977,40.961,0,0,4381340,7665944,391572,3805608,45796.617,25911.454,0,963.088,0,78.925,6552,6444,1.560,1.990,1.670,3,0,108.897,0,0,24,126,0,8,0
30-07 14:48:56,24.218,27.713,44.940,0,0,4373488,7673644,391632,3805660,73173.793,483655.491,0,786.955,0,57.923,6835,6166,1.600,1.990,1.670,1,0,136.818,0,0,24,126,0,8,0
30-07 14:48:57,25.617,9.041,64.293,0,0,4418796,7628312,391644,3805668,49013.580,144431.840,0,329.503,0,17.078,3208,2919,1.600,1.990,1.670,2,0,1.005,0,0,24,126,0,8,0
30-07 14:48:58,22.456,7.485,68.615,0,0,4452780,7594304,391660,3805676,29474.221,14878.833,0,295.421,0,19.961,3113,2996,1.600,1.990,1.670,3,0,1.996,0,0,24,127,0,8,0
30-07 14:48:59,23.006,6.502,69.517,0,0,4452776,7594304,391664,3805676,15245.728,7297.785,0,244.060,0,14.003,3251,3406,1.600,1.990,1.670,2,0,2.000,0,0,24,128,0,8,0
30-07 14:49:00,20.033,10.016,69.613,0,0,4431844,7615224,391664,3805688,15000.410,7536.264,0,272.443,0,10.016,3247,2702,1.600,1.990,1.670,2,0,44.072,0,0,24,126,0,8,0
30-07 14:49:01,7.491,23.471,66.418,0,0,4422040,7625020,391680,3805680,61109.139,34333.378,0,223.722,0,11.985,4708,3401,1.550,1.970,1.670,2,0,120.850,0,0,24,126,0,8,0
30-07 14:49:02,7.489,24.216,66.156,0,0,4414064,7632928,391700,3805728,45607.060,25439.776,0,619.118,0,30.956,4643,3505,1.550,1.970,1.670,3,0,126.819,0,0,24,126,0,6,0
30-07 14:49:03,18.792,29.566,50.112,0,0,4427992,7618936,391740,3805752,60422.321,32538.874,0,444.997,0,30.067,5004,3782,1.550,1.970,1.670,2,0,115.258,0,0,24,126,0,6,0
30-07 14:49:04,8.753,24.759,64.524,0,0,4413032,7633708,391784,3805892,61439.794,31401.650,0,456.169,0,35.013,4937,4172,1.550,1.970,1.670,4,0,117.043,0,0,24,126,0,6,0
30-07 14:49:05,7.040,24.642,66.130,0,0,4410104,7636624,391788,3805896,45932.841,24826.605,0,168.971,0,10.058,4546,3409,1.550,1.970,1.670,1,0,116.670,0,0,24,126,0,6,0
30-07 14:49:06,24.111,26.597,47.974,0,0,4436320,7610312,391796,3805904,44464.357,22971.925,0,353.965,0,18.891,5000,5330,1.500,1.950,1.660,1,0,83.520,0,0,24,126,0,7,0
30-07 14:49:07,21.970,22.718,53.676,0,0,4424432,7622152,391840,3806400,72136.893,583202.670,0,283.606,0,22.968,4930,6250,1.500,1.950,1.660,1,0,71.900,0,0,24,126,0,7,0
30-07 14:49:08,28.645,26.635,44.225,0,0,4420652,7625900,391840,3805928,47673.077,26708.623,0,4.020,0,1.005,5631,3980,1.500,1.950,1.660,2,0,108.551,0,0,24,126,0,7,0
30-07 14:49:09,27.791,27.290,43.564,0,0,4454636,7591892,391856,3805932,61514.934,33751.344,0,2463.602,0,413.605,5924,3389,1.500,1.950,1.660,2,0,126.184,0,0,24,126,0,7,0
30-07 14:49:10,29.813,25.378,41.639,0,0,4484056,7562324,391868,3806068,45106.270,26160.217,0,51.248,0,6.899,5166,3503,1.500,1.950,1.660,4,0,127.135,0,0,24,128,0,5,0
30-07 14:49:11,32.008,26.715,39.821,0,0,4489328,7556840,391892,3806228,61506.675,31505.902,0,362.925,0,15.122,5867,5027,1.540,1.950,1.660,1,0,115.934,0,0,24,132,0,5,0
30-07 14:49:12,8.463,25.388,63.221,0,0,4493016,7553144,391892,3806236,60779.164,31939.253,0,63.719,0,4.978,4844,3799,1.540,1.950,1.660,4,0,131.421,0,0,24,132,0,5,0
30-07 14:49:13,40.751,36.475,20.879,0,0,4535540,7507784,391956,3808980,45483.461,23176.914,0,917.658,0,46.285,8296,11329,1.540,1.950,1.660,1,0,116.720,0,0,24,138,0,5,0
30-07 14:49:14,14.738,27.478,54.705,0.250,0,4544280,7499020,391972,3809480,61512.821,31244.512,0,283.769,0,12.989,5441,5853,1.540,1.950,1.660,2,0,125.897,0,0,24,138,0,5,0
30-07 14:49:15,21.158,24.145,53.020,0,0,4533932,7509312,391996,3809512,53664.394,458691.817,0,414.205,0,21.905,5317,6118,1.540,1.950,1.660,1,0,77.663,0,0,24,138,0,5,0
30-07 14:49:16,28.193,18.879,51.603,0,0,4565140,7478092,392004,3809436,47714.742,144169.244,0,1236.467,0,19.131,4446,3651,1.660,1.970,1.670,3,0,53.365,0,0,26,138,0,5,0
30-07 14:49:17,47.655,30.705,18.669,0,0,4632648,7410556,392008,3809468,60320.796,33621.492,0,82.536,0,3.930,5790,3740,1.660,1.970,1.670,3,0,160.158,0,0,26,138,0,5,0
30-07 14:49:18,49.765,32.082,18.946,0,0,4687264,7355884,392052,3809480,46516.787,27981.815,0,594.154,0,54.565,6040,4407,1.660,1.970,1.670,6,0,141.465,0,0,26,138,0,5,0
30-07 14:49:19,52.268,27.744,17.836,0,0,4738372,7304740,392068,3809484,62518.033,35670.376,0,245.736,0,18.827,5970,4220,1.660,1.970,1.670,6,0,146.649,0,0,26,140,0,5,0
30-07 14:49:20,60.117,31.827,8.336,0,0,4802020,7240300,392096,3812472,61716.449,32299.518,0,286.945,0,22.228,6967,10461,1.660,1.970,1.670,8,0,184.898,0,0,26,154,0,5,0
30-07 14:49:21,24.657,28.934,45.036,0,0,4788488,7252592,392104,3811368,46171.059,23766.854,0,273.737,0,17.109,6238,13708,1.610,1.950,1.670,3,0,141.901,0,0,26,156,0,6,0
30-07 14:49:22,20.110,28.055,48.662,0,0,4791860,7249176,392132,3811868,60808.160,31098.265,0,349.575,0,17.876,5605,6092,1.610,1.950,1.670,2,0,128.111,0,0,26,160,0,5,0
30-07 14:49:23,20.793,23.799,54.362,0.251,0,4796580,7244400,392168,3811852,45537.026,23215.937,0,493.018,0,33.068,5195,5580,1.610,1.950,1.670,1,0,81.168,0,0,26,160,0,5,0
30-07 14:49:24,23.790,20.034,54.842,0,0,4814320,7226612,392168,3811380,53342.684,455652.082,0,4.007,0,1.002,4656,3592,1.610,1.950,1.670,4,0,61.103,0,0,26,160,0,5,0
30-07 14:49:25,31.961,27.966,38.453,0,0,4855720,7185172,392176,3811396,62243.451,151110.159,0,87.892,0,2.996,9036,3425,1.610,1.950,1.670,4,0,118.854,0,0,26,160,0,5,0
30-07 14:49:26,27.371,28.615,42.798,0,0,4896508,7144356,392180,3811416,47952.180,28141.474,0,238.875,0,8.958,5333,3605,1.720,1.970,1.670,3,0,130.386,0,0,26,160,0,5,0
30-07 14:49:27,21.529,25.785,50.568,0,0,4915892,7124904,392192,3811464,60890.961,33328.862,0,592.798,0,101.136,5271,3504,1.720,1.970,1.670,4,0,125.168,0,0,27,160,0,5,0
30-07 14:49:28,9.830,25.559,60.947,0,0,4919848,7120936,392192,3811476,44581.126,23042.085,0,15.728,0,3.932,4762,3354,1.720,1.970,1.670,4,0,134.674,0,0,27,162,0,5,0
30-07 14:49:29,11.506,24.546,63.666,0,0,4922528,7118196,392240,3811488,63096.453,34693.691,0,425.464,0,34.773,4823,3704,1.720,1.970,1.670,1,0,127.844,0,0,27,164,0,5,0
30-07 14:49:30,37.180,26.450,34.934,0,0,4922960,7117712,392272,3811508,61909.335,34430.118,0,8747.516,0,407.233,6374,4310,1.720,1.970,1.670,1,0,123.767,0,0,27,180,0,5,0
30-07 14:49:31,8.490,24.222,64.426,0,0,4926228,7114436,392272,3811516,45390.974,23365.219,0,23.973,0,5.993,4427,3353,1.660,1.960,1.670,1,0,109.874,0,0,27,180,0,5,0
30-07 14:49:32,8.485,23.459,65.636,0,0,4921388,7119268,392272,3811520,60449.617,30806.295,0,15.972,0,3.993,4570,3428,1.660,1.960,1.670,3,0,113.802,0,0,27,180,0,5,0
30-07 14:49:33,21.562,31.089,46.383,0,0,4935132,7105304,392320,3812168,55697.355,575642.963,0,762.181,0,45.129,6678,7607,1.660,1.960,1.670,2,0,114.327,0,0,27,180,0,5,0
30-07 14:49:34,20.492,25.240,51.729,0,0,4936840,7103528,392332,3812168,45823.671,24258.297,0,255.898,0,21.991,5609,7041,1.660,1.960,1.670,1,0,79.968,0,0,27,180,0,5,0
30-07 14:49:35,22.877,21.893,51.904,0,0,4939096,7101268,392344,3811660,45096.381,23633.019,0,1094.176,0,196.794,5178,3525,1.660,1.960,1.670,4,0,74.782,0,0,27,180,0,5,0
30-07 14:49:36,27.627,28.641,43.595,0,0,4977604,7062732,392352,3811680,61877.008,33894.877,0,794.855,0,135.855,5308,3331,1.690,1.960,1.670,2,0,116.592,0,0,27,180,0,6,0
30-07 14:49:37,28.047,31.052,39.567,0,0,5009828,7030512,392352,3811692,61140.043,34287.787,0,0,0,0,5254,3436,1.690,1.960,1.670,4,0,132.223,0,0,27,180,0,6,0
30-07 14:49:38,29.525,27.524,40.785,0,0,5007712,7032252,392484,3811920,46233.707,24467.013,0,2826.427,0,132.113,5685,4655,1.690,1.960,1.670,2,0,118.101,0,0,27,182,0,6,0
30-07 14:49:39,21.508,26.260,50.020,0,0,5026080,7013868,392484,3811932,60898.995,32088.644,0,12.005,0,3.001,5054,3892,1.690,1.960,1.670,5,0,125.049,0,0,27,186,0,5,0
30-07 14:49:40,24.096,29.998,42.538,0,0,5032440,7005488,392504,3813952,45539.363,23943.032,0,420.950,0,17.704,6672,7479,1.690,1.960,1.670,5,0,100.320,0,0,27,186,0,5,0
30-07 14:49:41,34.215,30.160,35.736,0,0,5087192,6948636,392524,3815960,46639.448,24271.167,0,519.061,0,28.386,6566,9114,1.630,1.940,1.670,4,0,97.324,0,0,27,192,0,5,0
30-07 14:49:42,21.820,22.572,54.425,0,0,5092512,6943216,392540,3815964,71659.800,591270.092,0,192.618,0,15.048,5293,6435,1.630,1.940,1.670,4,0,80.257,0,0,27,192,0,5,0
30-07 14:49:43,24.935,26.930,46.129,0,0,5121760,6913972,392560,3815956,47371.125,25680.845,0,586.466,0,31.917,5590,4197,1.630,1.940,1.670,2,0,109.713,0,0,27,192,0,5,0
30-07 14:49:44,26.304,30.813,41.334,0,0,5153248,6882452,392572,3815976,52936.902,33009.283,0,68.139,0,7.014,5292,3526,1.630,1.940,1.670,3,0,142.290,0,0,27,192,0,5,0
30-07 14:49:45,28.806,27.805,42.834,0,0,5185180,6850488,392580,3816000,54327.501,29439.712,0,84.165,0,5.010,5342,3828,1.630,1.940,1.670,3,0,137.269,0,0,27,193,0,5,0
30-07 14:49:46,30.494,31.231,34.182,0,0,5190904,6843248,392604,3817512,59858.211,32323.355,3.935,306.905,0.984,25.575,7142,7374,1.820,1.980,1.680,4,0,135.746,0,0,27,194,0,5,0
30-07 14:49:47,26.673,32.515,40.390,0,0,5241384,6791044,392632,3819140,46406.585,25148.628,0,3182.445,0,33.532,6905,7984,1.820,1.980,1.680,1,0,167.658,0,0,27,198,0,4,0
30-07 14:49:48,8.247,25.741,63.727,0,0,5248928,6783476,392652,3819144,61000.852,31992.384,0,367.866,0,22.992,4973,3860,1.820,1.980,1.680,1,0,142.948,0,0,27,198,0,4,0
30-07 14:49:49,16.748,26.747,54.493,0,0,5251384,6780956,392696,3819148,61512.339,32034.010,0,383.952,0,32.996,5269,4169,1.820,1.980,1.680,1,0,133.983,0,0,27,204,0,4,0
30-07 14:49:50,7.769,24.560,65.409,0,0,5244536,6787788,392696,3819148,61663.668,580486.940,0,8.019,0,2.005,4796,3522,1.820,1.980,1.680,1,0,128.311,0,0,27,204,0,4,0
30-07 14:49:51,8.311,23.171,67.751,0,0,5246104,6786188,392716,3819156,58231.451,32560.691,0,407.009,0,23.171,4693,3566,1.760,1.960,1.680,1,0,136.005,0,0,27,204,0,3,0
30-07 14:49:52,11.886,24.762,59.924,0,0,5249316,6782900,392740,3819188,61597.649,32928.346,0,546.742,0,31.695,5155,4308,1.760,1.960,1.680,2,0,116.876,0,0,27,204,0,3,0
30-07 14:49:53,7.774,25.327,64.698,0,0,5247636,6784552,392772,3819200,45726.657,24139.727,0,357.091,0,25.077,4809,3921,1.760,1.960,1.680,2,0,117.358,0,0,27,204,0,3,0
30-07 14:49:54,8.200,22.862,65.852,0.248,0,5252172,6780020,392780,3819204,59806.585,31290.907,0,166.991,0,9.940,4544,3358,1.760,1.960,1.680,1,0,107.351,0,0,27,204,0,3,0
30-07 14:49:55,18.574,24.598,54.717,0,0,5238368,6793772,392788,3819208,44853.287,22854.845,0,224.894,0,9.036,5123,5843,1.760,1.960,1.680,3,0,84.335,0,0,27,204,0,3,0
30-07 14:49:56,28.214,26.716,43.943,0,0,5236984,6795084,392812,3819208,44564.627,22894.525,0,203.738,0,20.973,5186,5625,1.700,1.940,1.670,4,0,81.895,0,0,27,210,0,3,0
30-07 14:49:57,27.457,27.957,44.182,0,0,5290128,6741936,392812,3819216,60601.128,33064.782,0,7.988,0,1.997,5383,3507,1.700,1.940,1.670,2,0,115.821,0,0,27,210,0,3,0
30-07 14:49:58,42.840,10.710,44.832,0,0,5359388,6672636,392828,3819236,44449.479,23547.783,0,135.492,0,7.970,3562,2379,1.700,1.940,1.670,2,0,1.993,0,0,27,210,0,3,0
30-07 14:49:59,47.626,11.530,39.354,0,0,5402484,6628872,392828,3819892,60143.693,572023.320,0,0,0,0,4647,4064,1.700,1.940,1.670,4,0,4.011,0,0,27,210,0,3,0
30-07 14:50:00,41.982,12.821,44.244,0,0,5493588,6536920,392840,3820676,44700.792,22956.744,0,112.622,0,4.022,4083,3151,1.700,1.940,1.670,2,0,7.039,0,0,27,214,0,3,0
30-07 14:50:01,41.882,13.961,42.879,0,0,5537616,6492832,392848,3820732,16061.689,8204.854,0,135.617,0,4.986,4476,3670,1.720,1.940,1.680,1,0,40.885,0,0,27,214,0,4,0
30-07 14:50:02,31.505,23.754,41.256,1.500,0,5551312,6478532,393156,3820976,30703.611,17624.647,228.034,1272.191,11.002,37.006,4863,4267,1.720,1.940,1.680,2,1,44.007,0,0,27,216,0,4,0
30-07 14:50:03,32.150,50.066,10.799,4.418,0,5483704,6540472,393360,3826076,53113.147,28263.726,2336.413,930.638,146.271,108.967,7253,9913,1.720,1.940,1.680,7,0,138.418,0,0,27,214,0,4,0
30-07 14:50:04,45.185,38.331,15.992,0.254,0,5539752,6483084,393412,3827280,55327.542,30088.013,24.369,609.234,3.046,53.816,8493,10079,1.720,1.940,1.680,3,0,157.385,0,0,27,215,0,4,0
30-07 14:50:05,47.716,29.479,21.984,0,0,5573732,6449056,393436,3827300,61214.724,34527.591,0,287.797,0,20.985,6168,4919,1.720,1.940,1.680,4,0,117.917,0,0,27,219,0,4,0
30-07 14:50:06,47.473,31.564,19.696,0,0,5556756,6465984,393440,3827320,47622.136,25853.402,0,14556.932,0,843.397,7742,5396,1.900,1.980,1.690,3,0,104.036,0,0,27,219,0,5,0
30-07 14:50:07,44.267,30.340,22.382,0,0,5546576,6475784,393584,3827552,45730.515,23878.429,0,3151.427,0,269.582,7948,8978,1.900,1.980,1.690,3,0,116.388,0,0,27,221,0,5,0
30-07 14:50:08,29.505,30.005,35.505,4.001,0,5520856,6501492,393588,3827560,60848.377,31486.852,0,160.025,0,13.002,5929,5325,1.900,1.980,1.690,2,1,128.020,0,0,27,220,0,5,0
30-07 14:50:09,28.657,28.657,35.883,5.482,0,5541108,6481192,393612,3827568,58460.765,582093.825,0,633.937,0,28.906,5478,3847,1.900,1.980,1.690,4,0,117.617,0,0,27,220,0,5,0
30-07 14:50:10,36.102,28.384,32.865,0.249,0,5562836,6459396,393652,3828068,60119.364,30156.286,0,1768.744,0,86.645,6530,7480,1.900,1.980,1.690,5,0,97.600,0,0,27,220,0,5,0
30-07 14:50:11,38.749,26.671,34.220,0,0,5561120,6461020,393660,3828076,30494.738,15928.240,0,112.724,0,7.045,6270,6667,1.990,2,1.700,2,0,87.562,0,0,27,222,0,5,0
30-07 14:50:12,53.405,29.947,15.722,0,0,5526436,6495520,393724,3828084,60240.468,32581.840,7.986,547.024,0.998,51.907,5864,4949,1.990,2,1.700,6,0,128.770,0,0,27,220,0,5,0
30-07 14:50:13,63.796,15.949,20.506,0,0,5631728,6390184,393768,3828064,46283.632,23796.993,0,1478.451,0,37.468,4758,3205,1.990,2,1.700,3,0,8.101,0,0,27,221,0,5,0
30-07 14:50:14,61.050,14.956,19.614,1.471,0,5685432,6335556,393776,3828976,30959.247,15766.973,713.961,270.678,6.865,12.749,5108,3737,1.990,2,1.700,3,0,5.884,0,0,27,225,0,6,0
30-07 14:50:15,64.064,15.385,19.925,0,0,5721836,6298328,393836,3829728,29974.747,15248.168,0,1287.327,0,46.408,5551,4363,1.990,2,1.700,3,0,0,0,0,27,227,0,6,0
30-07 14:50:16,68.429,12.193,18.165,0,0,5717232,6301456,393908,3830788,14726.877,7409.224,0,1321.796,0,88.584,5654,5252,2.070,2.010,1.700,3,0,16.921,0,0,27,224,0,13,0
30-07 14:50:17,27.012,27.264,44.178,0,0,5760524,6258140,393924,3830796,46569.182,25751.491,0,311.013,0,21.205,5186,3520,2.070,2.010,1.700,4,0,112.086,0,0,27,224,0,13,0
30-07 14:50:18,27.975,26.489,42.333,0,0,5785628,6232892,394052,3830808,49414.364,24871.068,0,3303.467,0,169.332,5779,4723,2.070,2.010,1.700,3,0,111.898,0,0,27,225,0,13,0
30-07 14:50:19,29.158,28.153,42.480,0,0,5780048,6238404,394080,3830824,57999.388,32930.501,0,261.417,0,21.114,5592,4550,2.070,2.010,1.700,2,0,110.600,0,0,27,226,0,13,0
30-07 14:50:20,29.242,28.742,39.489,0,0,5769824,6248556,394136,3830836,70257.625,588759.253,0,399.884,0,34.990,6096,5056,2.070,2.010,1.700,3,0,106.969,0,0,27,224,0,13,0
30-07 14:50:21,36.040,35.289,27.030,0,0,5728828,6289532,394148,3830840,45642.133,23567.887,0,164.180,0,10.011,5705,13715,2.070,2.010,1.700,3,0,142.156,0,0,27,224,0,14,0
30-07 14:50:22,35.580,27.920,33.603,0,0,5774384,6243760,394184,3831480,59002.901,30264.436,0,612.760,0,36.568,5672,5882,2.070,2.010,1.700,2,0,124.529,0,0,27,225,0,14,0
30-07 14:50:23,40.040,28.564,31.114,0,0,5773300,6244800,394196,3831460,45818.945,22852.856,0,97.932,0,6.121,6015,6013,2.070,2.010,1.700,3,0,88.751,0,0,27,226,0,14,0
30-07 14:50:24,40.982,25.182,31.847,0,0,5786364,6231700,394244,3830980,44462.014,23477.255,0,450.308,0,37.526,6240,5593,2.070,2.010,1.700,3,0,56.289,0,0,27,224,0,14,0
30-07 14:50:25,47.912,33.189,17.967,0,0,5780924,6237096,394252,3831016,62492.737,34461.989,0,119.781,0,5.989,5707,3755,2.070,2.010,1.700,6,0,113.792,0,0,27,224,0,14,0
30-07 14:50:26,53.404,29.335,16.297,0,0,5854792,6163156,394288,3831036,61052.423,35047.276,0,272.788,0,25.072,5815,4034,2.300,2.060,1.720,4,0,120.348,0,0,27,228,0,14,0
30-07 14:50:27,49.368,29.920,19.947,0,0,5875992,6141536,394316,3831348,45607.141,23571.020,0,315.158,0,12.965,5684,4323,2.300,2.060,1.720,7,0,98.736,0,0,27,228,0,17,0
30-07 14:50:28,38.973,31.933,26.904,0,0,5876400,6140052,394376,3832336,68485.619,477389.843,0,635.635,0,56.322,7392,8907,2.300,2.060,1.720,4,0,115.661,0,0,27,232,0,17,0
30-07 14:50:29,27.352,30.833,40.281,0,0,5818600,6197764,394396,3832404,48569.309,143266.185,0,290.423,0,16.908,5246,3734,2.300,2.060,1.720,3,0,121.341,0,0,27,232,0,17,0
30-07 14:50:30,35.881,28.904,33.140,0,0,5857720,6158640,394400,3832888,59568.243,30971.181,0,458.478,0,8.970,5668,5652,2.300,2.060,1.720,2,0,107.643,0,0,27,232,0,17,0
30-07 14:50:31,40.830,26.212,32.512,0,0,5868600,6147608,394412,3832812,45540.607,23697.286,0,560.525,0,22.179,5563,6172,2.280,2.060,1.720,4,0,86.700,0,0,27,232,0,17,0
30-07 14:50:32,39.531,27.100,30.581,0,0,5884700,6131484,394440,3832424,44955.238,23497.973,0,7327.453,0,623.550,7179,4958,2.280,2.060,1.720,3,0,57.681,0,0,27,234,0,17,0
30-07 14:50:33,46.047,32.032,21.021,0,0,5879016,6137120,394480,3832428,60942.805,33530.005,0,264.268,0,20.020,5831,4151,2.280,2.060,1.720,3,0,111.113,0,0,27,232,0,17,0
30-07 14:50:34,53.778,32.166,13.570,0,0,5966100,6049988,394500,3832460,61840.851,34596.941,0,1375.112,0,143.743,5797,3846,2.280,2.060,1.720,3,0,135.702,0,0,27,234,0,17,0
30-07 14:50:35,46.939,32.534,18.627,0,0,5991884,6022604,394552,3833948,45230.397,23025.481,0,623.868,0,40.730,7276,8181,2.280,2.060,1.720,3,0,103.316,0,0,27,238,0,19,0
30-07 14:50:36,29.041,30.043,38.304,0,0,5986924,6027412,394556,3834092,61651.715,32697.520,0,180.256,0,10.014,5909,5120,2.340,2.080,1.730,3,0,97.138,0,0,27,240,0,20,0
30-07 14:50:37,30.112,33.149,36.944,0,0,5955708,6058584,394600,3834092,56082.536,458660.570,0,578.964,0,33.402,5721,4434,2.340,2.080,1.730,2,0,122.473,0,0,27,238,0,21,0
30-07 14:50:38,36.062,29.050,32.807,0,0,5997416,6016888,394612,3834612,62778.193,152564.933,0,276.476,0,16.028,5843,6044,2.340,2.080,1.730,2,0,110.190,0,0,27,240,0,21,0
30-07 14:50:39,37.732,25.648,34.280,0,0,5990732,6023532,394636,3834600,29770.560,15655.217,0,548.475,0,23.675,5739,5864,2.340,2.080,1.730,4,0,86.809,0,0,27,240,0,21,0
30-07 14:50:40,41.170,23.704,33.934,0,0,6007980,6006196,394636,3834120,59589.972,31704.268,0,79.845,0,8.983,5429,4541,2.340,2.080,1.730,6,0,51.899,0,0,27,242,0,20,0
30-07 14:50:41,45.207,32.469,20.231,0,0,6008396,6005732,394664,3834140,45507.882,24686.610,0,363.655,0,31.970,6149,4578,2.630,2.140,1.750,4,0,119.886,0,0,27,240,0,20,0
30-07 14:50:42,62.718,19.726,17.956,0.253,0,6081212,5932652,394708,3834356,60276.415,32623.677,0,315.615,0,30.348,4945,3187,2.630,2.140,1.750,5,0,9.104,0,0,27,242,0,20,0
30-07 14:50:43,65.499,11.327,21.176,0,0,6164760,5848748,394748,3834660,29427.391,14531.972,0,358.522,0,17.729,5176,3936,2.630,2.140,1.750,3,0,0.985,0,0,27,245,0,26,0
30-07 14:50:44,49.079,14.346,35.236,0,0,6180100,5832648,394804,3835340,29671.018,14964.373,0,1804.101,0,55.371,6837,8303,2.630,2.140,1.750,3,0,3.020,0,0,27,248,1,27,0
30-07 14:50:45,44.989,12.315,41.973,0,0,6179292,5833404,394836,3835360,14994.541,7409.304,0,309.643,0,26.139,4800,4464,2.630,2.140,1.750,2,0,6.032,0,0,27,249,1,27,0
30-07 14:50:46,45.405,8.233,44.656,0.249,0,6225432,5787172,394908,3835376,14705.114,7502.243,0,1017.862,0,52.889,4197,3571,2.580,2.140,1.760,3,0,1.996,0,0,27,254,1,27,0
30-07 14:50:47,32.726,25.481,40.470,0,0,6170744,5841720,394916,3835508,32136.040,18942.876,0,199.851,0,7.994,5284,4202,2.580,2.140,1.760,3,0,106.920,0,0,27,254,1,27,0
30-07 14:50:48,27.816,27.565,42.351,0,0,6167872,5844524,394956,3835536,61108.139,34341.565,0,1022.428,0,46.110,6602,6164,2.580,2.140,1.760,3,0,123.293,0,0,27,254,1,27,0
30-07 14:50:49,27.492,30.491,40.488,0,0,6144608,5867696,394988,3835544,57827.962,585065.625,0,339.900,0,22.993,5798,4400,2.580,2.140,1.760,3,0,120.964,0,0,27,254,1,27,0
30-07 14:50:50,28.986,28.736,41.480,0,0,6170256,5842036,394988,3835556,60079.609,31932.910,0,11.994,0,2.999,5204,3734,2.580,2.140,1.760,3,0,118.944,0,0,27,254,1,27,0
30-07 14:50:51,27.066,29.301,40.971,0.248,0,6177384,5834876,395028,3835548,45228.494,23903.482,0,1247.518,0,60.588,5597,4421,2.610,2.150,1.760,2,0,114.223,0,0,27,256,1,27,0
30-07 14:50:52,32.417,28.648,37.443,0,0,6156860,5855300,395088,3835584,60956.960,32630.600,0,574.971,0,57.296,6485,6360,2.610,2.150,1.760,3,0,113.587,0,0,27,256,1,27,0
30-07 14:50:53,19.284,34.812,44.078,0,0,6115596,5896556,395092,3836000,59985.432,31111.201,0,196.348,0,11.020,6615,7263,2.610,2.150,1.760,1,0,182.323,0,0,27,256,1,27,0
30-07 14:50:54,21.774,25.278,51.056,0,0,6087768,5924336,395124,3836004,45109.901,22979.420,0,500.554,0,22.024,5846,6969,2.610,2.150,1.760,1,0,89.099,0,0,27,258,1,27,0
30-07 14:50:55,26.858,20.392,51.478,0,0,6104180,5907884,395152,3836028,45210.012,23016.331,0,202.927,0,13.926,4338,3444,2.610,2.150,1.760,4,0,45.758,0,0,28,258,1,27,0
30-07 14:50:56,47.757,29.660,21.365,0,0,6160620,5851400,395184,3836048,61419.711,33643.150,0,518.793,0,36.195,5759,3926,2.720,2.180,1.780,2,0,114.617,0,0,28,261,1,27,0
30-07 14:50:57,43.695,10.986,44.195,0,0,6242544,5769248,395196,3836260,44613.048,22154.215,0,155.805,0,9.987,3731,2738,2.720,2.180,1.780,3,0,2.996,0,0,28,261,1,27,0
30-07 14:50:58,49.788,8.757,40.281,0,0,6297724,5713440,395228,3836840,42762.951,574073.357,0,472.364,0,17.013,4312,3067,2.720,2.180,1.780,3,0,5.004,0,0,28,261,1,27,0
30-07 14:50:59,31.984,16.242,50.725,0,0,6301964,5707704,395304,3838092,15147.411,7292.346,0,631.684,0,44.977,5385,5921,2.720,2.180,1.780,2,0,69.965,0,0,28,262,1,28,0
30-07 14:51:00,10.946,27.614,58.712,0,0,6299852,5709768,395324,3838120,45448.964,25614.300,0,151.258,0,5.971,5212,4352,2.720,2.180,1.780,7,0,137.326,0,0,28,263,1,28,0
30-07 14:51:01,8.284,5.272,84.851,0,0,6302816,5706756,395348,3838140,65910.886,33650.320,0,345.430,0,27.112,2619,3299,2.510,2.150,1.770,0,0,13.054,0,0,28,263,1,28,0
30-07 14:51:02,4.247,3.748,89.944,0,0,6302656,5706756,395460,3838188,61166.784,29624.491,0,2318.551,0,146.908,2551,3259,2.510,2.150,1.770,1,0,1.999,0,0,28,264,1,28,0
30-07 14:51:03,4.753,4.753,86.307,0,0,6287968,5719608,395476,3839948,2274198.465,82991.194,0,8929.939,0,647.431,6286,4444,2.510,2.150,1.770,1,0,0,0,0,28,263,1,28,0
30-07 14:51:04,15.028,12.811,63.808,0,0,6362720,5637644,395508,3847016,7398463.162,166079.090,0,1080.048,0,26.607,12064,8682,2.510,2.150,1.770,3,0,1.971,0,0,28,263,1,28,0
30-07 14:51:05,5.080,6.858,81.786,0,0,6347800,5645144,395508,3854148,7568878.982,158491.054,0,812.785,0,119.886,10876,8731,2.510,2.150,1.770,1,0,6.096,0,0,28,262,1,27,1
30-07 14:51:06,7.737,21.963,65.638,2.246,0,6349756,5640876,395560,3856384,45636.385,26083.639,2296.095,638.913,26.954,35.939,4825,4312,2.380,2.130,1.760,1,0,125.786,0,0,28,262,1,28,0
30-07 14:51:07,7.256,22.518,68.053,0,0,6355708,5634824,395572,3856472,61325.181,34028.735,0,96.075,0,7.006,4696,3918,2.380,2.130,1.760,1,0,129.101,0,0,28,262,1,28,0
30-07 14:51:08,22.223,8.240,67.917,0.250,0,6357980,5632500,395620,3856476,53155.024,463904.929,0,583.287,0,91.888,3193,2852,2.380,2.130,1.760,1,0,1.998,0,0,28,262,1,28,0
30-07 14:51:09,31.282,7.758,59.811,0,0,6391920,5598532,395632,3856492,33819.455,139278.898,0,52.053,0,6.006,3635,3350,2.380,2.130,1.760,2,0,3.003,0,0,28,267,1,26,0
30-07 14:51:10,23.270,6.255,68.558,0,0,6388992,5601420,395660,3856504,29556.873,14604.290,0,168.141,0,20.017,3465,3727,2.380,2.130,1.760,1,0,0,0,0,28,272,1,27,0
30-07 14:51:11,23.476,6.743,67.432,0,0,6385860,5604540,395664,3856512,15483.367,7502.425,0,479.516,0,3.996,4186,4665,2.270,2.110,1.760,1,0,1.998,0,0,28,272,1,27,0
30-07 14:51:12,24.605,5.965,66.606,0,0,6383624,5606768,395704,3856480,14768.709,7545.403,0,278.355,0,21.871,4825,5587,2.270,2.110,1.760,3,0,0,0,0,28,276,1,27,0
30-07 14:51:13,25.668,6.795,65.429,0,0,6389128,5600988,395756,3856680,15586.140,7573.632,0,438.876,0,38.251,4675,5487,2.270,2.110,1.760,1,0,1.007,0,0,28,283,1,29,0
30-07 14:51:14,25.508,5.752,66.521,0,0,6390320,5599476,395820,3856936,300.094,0,0,480.150,0,39.012,4924,5614,2.270,2.110,1.760,1,0,3.001,0,0,28,292,1,29,0
30-07 14:51:15,23.397,7.881,65.264,0,0,6397060,5592400,395852,3857232,15489.022,7347.016,0,437.393,0,32.509,5052,5981,2.270,2.110,1.760,5,0,0,0,0,28,299,1,35,0
30-07 14:51:16,26.406,9.742,58.452,3.333,0,6374652,5598276,395904,3873264,15363.618,7799.738,0,16764.412,0,54.350,6236,8004,2.170,2.090,1.750,1,0,21.535,0,0,28,296,1,40,0
30-07 14:51:17,10.388,22.260,64.801,0,0,6310760,5662104,395912,3873280,740.016,0,0,174.121,0,6.925,4412,3468,2.170,2.090,1.750,1,0,135.538,0,0,28,296,1,32,0
30-07 14:51:18,8.742,24.228,63.691,0,0,6316700,5656064,395980,3873308,45971.461,46437.030,0,1438.669,0,85.920,5513,4903,2.170,2.090,1.750,3,0,159.852,0,0,28,296,1,32,0
30-07 14:51:19,11.892,22.265,64.518,0,0,6326660,5646008,396028,3873340,46288.129,27290.939,0,178.121,0,21.253,5071,4460,2.170,2.090,1.750,1,0,173.061,0,0,28,296,1,32,0
30-07 14:51:20,22.233,10.128,65.710,0,0,6360404,5612252,396028,3873352,52196.563,25634.852,0,55.335,0,2.964,3187,3099,2.170,2.090,1.750,1,0,1.976,0,0,28,296,1,32,0
30-07 14:51:21,26.750,7.500,64.250,0,0,6401732,5570924,396028,3873940,38303.807,20897.894,0,0,0,0,3091,3961,2.320,2.120,1.760,11,0,34.000,0,0,28,296,1,32,0
30-07 14:51:22,13.270,27.041,57.587,0,0,6380288,5592340,396048,3873356,45561.062,25700.958,0,440.668,0,30.046,5460,11668,2.320,2.120,1.760,1,0,123.187,0,0,28,296,1,33,0
30-07 14:51:23,6.998,22.744,67.732,0,0,6383804,5588812,396052,3873364,60865.260,33945.222,0,59.984,0,5.998,4861,3859,2.320,2.120,1.760,2,0,120.969,0,0,28,296,1,33,0
30-07 14:51:24,8.489,24.968,64.167,0,0,6365632,5606960,396072,3873368,71890.962,593302.172,0,3415.580,0,516.332,5809,4447,2.320,2.120,1.760,1,0,123.840,0,0,28,296,1,33,0
30-07 14:51:25,7.252,22.505,67.765,0,0,6354832,5617720,396092,3873388,61343.774,34433.732,0,112.025,0,12.003,4697,3677,2.320,2.120,1.760,3,0,116.026,0,0,28,296,1,31,0
30-07 14:51:26,7.494,26.979,63.450,0.250,0,6357544,5614952,396128,3873408,45707.668,28891.035,0,259.793,0,23.981,4980,3907,2.210,2.100,1.760,1,0,146.883,0,0,28,296,1,31,0
30-07 14:51:27,5.009,9.517,83.901,0,0,6350964,5621476,396184,3873404,60461.757,32225.967,0,360.649,0,39.070,2935,3112,2.210,2.100,1.760,0,0,66.119,0,0,28,298,1,32,0
30-07 14:51:28,14.065,6.782,77.862,0,0,6369148,5603292,396200,3873388,44945.183,22900.584,0,132.617,0,17.079,2614,2781,2.210,2.100,1.760,1,0,9.042,0,0,28,298,1,32,0
30-07 14:51:29,23.651,5.975,68.962,0,0,6411564,5560860,396200,3873404,44142.435,22089.640,0,0,0,0,2742,2516,2.210,2.100,1.760,1,0,1.992,0,0,28,298,1,29,0
30-07 14:51:30,22.932,5.982,68.297,0,0,6417712,5554700,396212,3873404,14931.716,7274.426,0,151.551,0,14.956,3628,3913,2.210,2.100,1.760,1,0,0,0,0,28,299,1,29,0
30-07 14:51:31,20.824,13.047,64.480,0,0,6330204,5642136,396224,3873460,31682.097,17260.616,0,228.817,0,19.068,4149,3719,2.030,2.070,1.750,1,0,85.305,0,0,28,304,1,29,0
30-07 14:51:32,6.228,14.698,68.009,8.968,0,6328564,5637180,396332,3879700,60475.546,32305.441,3168.763,159.435,93.668,12.954,3977,3769,2.030,2.070,1.750,1,1,48.827,0,0,28,304,1,29,0
30-07 14:51:33,2.756,3.508,70.413,21.800,0,6326976,5621820,396372,3896416,30227.763,14625.755,16020.975,220.509,158.365,19.044,2450,3026,2.030,2.070,1.750,1,0,0,0,0,28,304,1,29,0
30-07 14:51:34,3.001,3.501,69.020,22.757,0,6326856,5607960,396424,3910276,29770.722,14596.276,12799.750,1524.447,123.036,292.086,2663,3175,2.030,2.070,1.750,0,1,0,0,0,28,304,1,29,0
30-07 14:51:35,10.500,9.000,58.500,20.250,0,6352596,5563920,396448,3928400,40129.798,453043.716,15663.921,16879.915,144.999,136.999,3691,3581,2.030,2.070,1.750,0,1,9.000,0,0,28,304,1,29,0
30-07 14:51:36,7.741,7.242,61.682,20.228,0,6376952,5516688,396496,3951096,17904.264,135470.670,21352.463,747.176,200.779,53.941,3235,3437,2.030,2.070,1.750,0,1,0,0,0,28,304,1,30,0
30-07 14:51:37,2.502,4.754,70.310,21.018,0,6352544,5515932,396508,3976120,15227.975,7692.555,23680.177,32.027,240.205,3.003,2251,2793,2.030,2.070,1.750,4,0,4.003,0,0,28,304,1,26,0
30-07 14:51:38,7.258,10.761,59.563,21.022,0,6349476,5494272,396520,4000672,360.381,0,23260.590,120.127,226.239,11.012,2777,2820,2.030,2.070,1.750,1,1,6.006,0,0,28,304,1,27,0
30-07 14:51:39,4.745,7.991,69.420,17.230,0,6332164,5497584,396520,4014592,15197.457,7287.588,11942.215,3.995,116.865,0.999,2777,2714,2.030,2.070,1.750,2,0,15.982,0,0,28,304,1,27,0
30-07 14:51:40,2.000,3.750,70.250,21.500,0,6322616,5496324,396524,4025340,16077.072,12356.055,10044.045,500.002,95.000,78.000,2187,2482,2.030,2.070,1.750,0,1,0,0,0,28,304,1,27,0
30-07 14:51:41,3.250,4.750,68.998,21.499,0,6311280,5488512,396560,4044348,45236.830,22035.430,18175.530,163.996,181.995,18.000,2780,3013,1.950,2.050,1.750,0,1,2.000,0,0,28,304,1,27,0
30-07 14:51:42,5.495,5.246,65.445,20.733,0,6311736,5466864,396584,4065468,31239.744,16093.474,20670.627,499.580,198.833,33.971,3125,3455,1.950,2.050,1.750,1,0,0,0,0,28,304,1,27,0
30-07 14:51:43,6.756,11.511,68.565,12.262,0,6311892,5453256,396600,4078740,45181.625,27263.721,12687.970,64.060,115.109,7.007,3409,3235,1.950,2.050,1.750,0,1,26.025,0,0,28,304,1,27,0
30-07 14:51:44,3.251,3.751,69.012,21.254,0,6311544,5433628,396608,4098608,29853.314,14594.598,19223.422,80.014,170.030,3.001,2684,3027,1.950,2.050,1.750,1,1,2.000,0,0,28,304,1,27,0
30-07 14:51:45,4.503,10.006,70.294,13.759,0,6316584,5416240,396612,4110892,31977.068,19720.376,12319.732,0,114.072,0,3106,2995,1.950,2.050,1.750,3,0,25.016,0,0,28,304,1,27,0
30-07 14:51:46,3.739,5.235,68.799,19.443,0,6316424,5397856,396640,4129312,45028.126,23024.568,17771.951,398.832,209.387,24.927,3116,3309,1.870,2.030,1.740,0,1,0.997,0,0,28,304,1,20,0
30-07 14:51:47,3.261,6.773,70.491,17.811,0,6316672,5378732,396644,4148088,30577.736,14774.606,18242.485,40.137,210.722,4.014,2830,2941,1.870,2.030,1.740,1,0,12.041,0,0,28,304,1,20,0
30-07 14:51:48,4.245,5.993,68.920,18.229,0,6315792,5366636,396660,4161000,45436.074,26011.700,12637.279,263.693,142.834,20.976,3031,3192,1.870,2.030,1.740,0,1,6.992,0,0,28,304,1,20,0
30-07 14:51:49,2.750,4.000,69.746,21.749,0,6315452,5352032,396672,4175836,29955.273,15239.122,14647.156,99.994,156.991,11.999,2575,2944,1.870,2.030,1.740,0,1,0,0,0,28,304,1,20,0
30-07 14:51:50,4.755,11.513,68.826,12.764,0,6317000,5340696,396672,4185568,44791.277,26789.473,9338.274,0,125.138,0,3361,2994,1.870,2.030,1.740,0,1,28.031,0,0,28,304,1,20,0
30-07 14:51:51,3.250,4.750,68.755,21.502,0,6317300,5322832,396680,4203056,39916.185,595035.482,16697.332,308.025,207.017,12.001,3002,3022,1.800,2.010,1.740,0,1,1.000,0,0,28,304,1,20,0
30-07 14:51:52,2.999,3.498,65.469,26.488,0,6316992,5316784,396776,4209284,29704.097,14863.043,6037.174,2326.911,67.968,126.941,2479,3233,1.800,2.010,1.740,2,0,0,0,0,28,304,1,20,0
30-07 14:51:53,8.491,9.740,65.180,14.984,0,6316340,5303428,396780,4223224,46387.538,27795.362,13233.889,55.940,180.807,2.997,3438,3301,1.800,2.010,1.740,0,1,17.981,0,0,28,304,1,20,0
30-07 14:51:54,2.501,3.502,71.038,21.762,0,6316432,5289820,396780,4236692,29667.734,14599.743,13102.949,36.019,164.087,3.002,2379,2656,1.800,2.010,1.740,0,1,0,0,0,28,304,1,20,0
30-07 14:51:55,4.749,8.498,68.987,15.247,0,6318024,5278232,396780,4246640,30299.314,18532.522,9762.168,0,116.978,0,2963,2896,1.800,2.010,1.740,0,1,15.997,0,0,28,304,1,20,0
30-07 14:51:56,3.247,3.996,69.682,21.229,0,6317928,5261600,396800,4263300,44165.052,22374.242,15916.522,87.915,184.820,9.990,2764,2920,1.740,2,1.730,0,1,1.998,0,0,28,304,1,20,0
30-07 14:51:57,4.250,9.749,69.745,14.749,0,6318936,5248004,396800,4275808,30242.695,18658.578,11979.087,31.998,147.989,3.000,3112,3003,1.740,2,1.730,2,0,16.999,0,0,28,304,1,21,0
30-07 14:51:58,2.756,5.011,69.899,21.045,0,6319332,5228360,396800,4294976,44241.994,22000.742,18387.064,16.034,226.481,3.006,2861,2960,1.740,2,1.730,1,1,2.004,0,0,28,304,1,21,0
30-07 14:51:59,7.750,18.000,67.250,4.750,0,6324436,5218536,396808,4299672,45769.994,28209.996,4511.999,248.000,57.000,29.000,4227,3493,1.740,2,1.730,1,0,61.000,0,0,28,304,1,21,0
30-07 14:52:00,2.749,6.249,70.486,18.246,0,6325280,5202156,396808,4315140,44949.104,22625.522,14653.100,0,187.963,0,2800,3005,1.740,2,1.730,1,0,6.999,0,0,28,304,1,21,0
30-07 14:52:01,9.498,7.499,60.240,19.747,0,6323072,5186888,396836,4332536,29706.242,14737.640,16521.354,411.934,195.969,28.995,4073,4478,1.680,1.980,1.730,1,0,5.999,0,0,28,304,1,23,0
30-07 14:52:02,9.254,21.010,63.779,3.752,0,6325472,5180912,396848,4336064,70784.452,482375.152,3409.563,188.086,38.017,14.006,4709,4151,1.680,1.980,1.730,0,1,58.027,0,0,28,304,1,22,0
30-07 14:52:03,4.490,3.991,68.098,20.704,0,6324960,5165048,396876,4352348,47251.667,144128.709,15413.640,223.502,217.515,26.940,3279,3689,1.680,1.980,1.730,0,1,0.998,0,0,28,304,1,22,0
30-07 14:52:04,6.757,10.010,65.565,15.515,0,6326788,5150936,396912,4364512,31783.370,19714.458,11523.374,2030.004,141.139,341.337,3720,3428,1.680,1.980,1.730,2,0,18.018,0,0,28,304,1,22,0
30-07 14:52:05,7.755,10.256,63.038,17.761,0,6362148,5102804,396912,4377236,45431.283,23470.094,12111.273,836.502,178.107,144.087,3433,3124,1.680,1.980,1.730,1,1,10.006,0,0,28,304,1,22,0
30-07 14:52:06,5.239,9.481,68.360,15.468,0,6361948,5090712,396952,4389456,29651.235,15033.192,11735.949,570.830,177.636,38.920,3127,3117,1.620,1.960,1.730,1,0,15.967,0,0,28,304,1,23,0
30-07 14:52:07,3.255,4.757,69.597,20.779,0,6361416,5074080,396960,4406528,45626.478,26336.641,16827.411,148.206,161.224,6.008,2745,2957,1.620,1.960,1.730,1,0,1.001,0,0,28,304,1,23,0
30-07 14:52:08,4.499,9.747,69.480,14.246,0,6362008,5060220,396960,4419732,45208.701,25982.357,12844.222,0,132.961,0,3405,3099,1.620,1.960,1.730,0,1,17.995,0,0,28,304,1,23,0
30-07 14:52:09,4.251,9.752,69.513,14.253,0,6360720,5049560,396960,4431632,44869.104,24824.483,11902.150,0,121.022,0,3293,3108,1.620,1.960,1.730,2,1,16.003,0,0,28,304,1,23,0
30-07 14:52:10,2.002,3.253,70.057,22.518,0,6358144,5043892,396960,4439844,44586.318,22067.976,8178.662,8.007,80.065,2.002,2195,2614,1.620,1.960,1.730,0,1,0,0,0,28,304,1,22,0
30-07 14:52:11,4.743,9.984,68.143,15.226,0,6355064,5036152,396968,4450624,45443.956,27423.129,10555.498,267.582,110.827,49.922,3367,3123,1.570,1.950,1.720,0,1,17.972,0,0,28,304,1,22,0
30-07 14:52:12,5.239,8.982,68.612,14.720,0,6349836,5030800,397016,4461092,45119.055,26674.233,9840.165,375.244,105.787,26.946,3308,3453,1.570,1.950,1.720,0,1,15.968,0,0,28,304,1,22,0
30-07 14:52:13,5.268,5.268,67.482,20.571,0,6338020,5024752,397072,4478836,53757.765,460992.424,16171.581,256.883,179.617,30.103,3506,3681,1.570,1.950,1.720,2,0,2.007,0,0,28,304,1,22,0
30-07 14:52:14,4.991,9.482,67.871,14.722,0,6336612,5014172,397088,4490760,47711.627,153207.803,10875.400,163.690,140.733,14.972,3308,3323,1.570,1.950,1.720,1,1,18.964,0,0,28,304,1,19,0
30-07 14:52:15,6.504,7.005,66.794,18.512,0,6334752,4999556,397096,4507148,31645.672,16411.721,15578.176,340.222,218.143,14.009,3313,3232,1.570,1.950,1.720,1,0,9.006,0,0,28,304,1,19,0
30-07 14:52:16,10.701,10.950,57.738,17.670,0,6333600,4987712,397096,4520092,45231.668,27919.259,12252.380,159.277,154.300,7.964,3525,3250,1.530,1.930,1.720,0,1,6.968,0,0,28,302,1,19,2
30-07 14:52:17,3.774,6.541,69.937,19.120,0,6333412,4973852,397096,4534076,30181.739,14683.824,13548.726,0,186.164,0,2803,2870,1.530,1.930,1.720,1,0,11.069,0,0,28,302,1,19,2
30-07 14:52:18,5.252,7.504,68.282,16.758,0,6334376,4955960,397128,4550904,59853.999,33869.844,15979.475,356.167,229.107,23.011,3571,3520,1.530,1.930,1.720,0,1,8.004,0,0,28,302,1,8,2
30-07 14:52:19,4.741,10.479,68.116,14.721,0,6334732,4942604,397144,4563820,44778.754,27294.211,12315.729,115.772,147.709,14.970,3585,3468,1.530,1.930,1.720,0,1,15.969,0,0,28,302,1,8,2
30-07 14:52:20,5.503,9.005,68.287,15.258,0,6335912,4931784,397144,4573428,45514.355,24883.315,9320.988,4.002,102.055,1.001,3274,3197,1.530,1.930,1.720,0,1,18.010,0,0,28,302,1,8,2
30-07 14:52:21,2.503,4.755,70.326,20.772,0,6335832,4913904,397144,4591292,44314.773,22708.481,17186.528,0,169.182,0,2492,2842,1.480,1.910,1.710,0,1,0,0,0,28,302,1,8,2
30-07 14:52:22,16.741,18.490,49.723,12.743,0,6364040,4874672,397176,4602228,45049.145,27097.050,10258.340,451.751,106.941,33.981,4692,12109,1.480,1.910,1.710,1,1,51.971,0,0,28,302,1,8,2
30-07 14:52:23,5.251,12.753,67.266,12.503,0,6348532,4877976,397184,4614376,47446.323,29084.941,11938.849,36.009,121.029,3.001,3596,3226,1.480,1.910,1.710,1,0,52.012,0,0,28,302,1,8,2
30-07 14:52:24,21.024,8.760,68.830,0,0,6386048,4840456,397184,4614380,56891.881,582993.103,0,20.023,0,2.002,3228,2869,1.480,1.910,1.710,1,0,20.023,0,0,28,302,1,8,2
30-07 14:52:25,22.461,6.239,69.630,0,0,6422764,4803720,397200,4614380,46642.402,23898.703,0,123.786,0,8.984,2679,2544,1.480,1.910,1.710,1,0,0.998,0,0,28,302,1,8,2
30-07 14:52:26,25.006,7.502,66.017,0,0,6462484,4763992,397200,4614388,30929.747,16715.187,0,252.063,0,36.009,2926,2692,1.450,1.900,1.710,2,0,2.001,0,0,28,302,1,8,2
30-07 14:52:27,25.777,4.254,69.072,0,0,6488740,4737716,397220,4614388,45124.353,24309.510,0,156.164,0,13.014,2997,2874,1.450,1.900,1.710,2,0,5.005,0,0,28,306,1,9,2
30-07 14:52:28,25.252,4.250,68.506,0,0,6448544,4777884,397236,4614400,47058.370,25188.339,0,304.028,0,27.003,2986,2893,1.450,1.900,1.710,1,0,5.000,0,0,28,302,1,9,2
30-07 14:52:29,24.397,6.288,69.921,0,0,6448144,4778256,397236,4614428,60785.351,32622.615,0,0,0,0,2769,2587,1.450,1.900,1.710,1,0,2.012,0,0,28,302,1,9,2
30-07 14:52:30,23.591,4.222,69.532,0,0,6447808,4778580,397248,4614428,29614.826,15430.224,0,492.686,0,44.699,2710,2609,1.450,1.900,1.710,1,0,0,0,0,28,302,1,9,2
30-07 14:52:31,20.699,8.978,68.831,0,0,6471956,4754416,397264,4614428,29919.422,15092.884,0,255.372,0,23.941,2893,2903,1.410,1.880,1.710,3,0,2.993,0,0,28,304,1,8,2
30-07 14:52:32,26.579,4.012,67.702,0,0,6475856,4750356,397272,4614580,14900.466,7480.323,0,337.006,0,22.066,3660,3840,1.410,1.880,1.710,2,0,3.009,0,0,28,308,1,10,2
30-07 14:52:33,21.748,9.749,66.743,0.250,0,6412140,4814060,397280,4614580,60335.026,32964.736,0,83.992,0,11.999,3210,3090,1.410,1.880,1.710,2,0,14.999,0,0,28,302,1,10,2
30-07 14:52:34,23.755,5.751,70.016,0,0,6412248,4813932,397296,4614584,44327.969,22607.084,0,116.026,0,14.003,2755,2790,1.410,1.880,1.710,1,0,0,0,0,28,302,1,10,2
30-07 14:52:35,30.663,9.473,57.836,0,0,6460084,4765556,397316,4615100,14992.417,7275.336,0,2732.240,0,468.669,3774,3028,1.410,1.880,1.710,1,0,5.983,0,0,28,302,1,10,2
30-07 14:52:36,16.278,17.781,63.610,0,0,6373244,4852108,397316,4615384,40065.232,454066.618,0,260.450,0,11.019,4586,3973,1.380,1.870,1.700,2,0,80.138,0,0,28,302,1,11,2
30-07 14:52:37,15.743,28.988,53.477,0.250,0,6385364,4840568,397324,4614776,60858.770,163960.332,515.778,623.731,4.998,19.991,5096,4121,1.380,1.870,1.700,5,0,115.950,0,0,28,302,1,11,2
30-07 14:52:38,8.501,27.752,61.754,0,0,6376372,4849556,397324,4614776,50253.488,29848.072,0,40.003,0,3.000,4907,3779,1.380,1.870,1.700,2,0,143.010,0,0,28,302,1,11,2
30-07 14:52:39,6.757,24.525,66.068,0,0,6373488,4852376,397324,4614840,61417.817,61484.885,0,0,0,0,4902,3765,1.380,1.870,1.700,1,0,154.158,0,0,28,302,1,9,2
30-07 14:52:40,10.229,19.710,67.364,0,0,6351008,4874848,397324,4614848,60513.654,33548.173,0,11.976,0,1.996,4294,3494,1.380,1.870,1.700,1,0,114.768,0,0,28,302,1,9,2
30-07 14:52:41,19.264,10.758,69.051,0,0,6391104,4834752,397324,4614848,44888.077,24069.736,0,20.015,0,2.001,3130,2774,1.350,1.850,1.700,1,0,36.027,0,0,28,302,1,9,2
30-07 14:52:42,23.760,5.502,68.779,0.250,0,6411560,4814264,397340,4614860,44694.577,23155.624,0,568.236,0,30.012,2893,2850,1.350,1.850,1.700,1,0,10.004,0,0,28,302,1,9,2
30-07 14:52:43,14.765,5.005,78.578,0,0,6428720,4797076,397352,4614876,50674.528,25168.095,0,348.347,0,17.017,2417,2521,1.350,1.850,1.700,3,0,8.008,0,0,28,303,1,9,2
30-07 14:52:44,23.987,6.497,69.213,0,0,6423056,4795464,397368,4620952,30409.663,16151.323,0,887.523,0,17.990,2887,2747,1.350,1.850,1.700,1,0,3.998,0,0,28,302,1,9,2
30-07 14:52:45,23.994,10.498,62.235,0,0,6423260,4794764,397368,4621276,70107.589,468176.405,0,331.922,0,5.999,7317,12356,1.350,1.850,1.700,2,0,6.998,0,0,28,302,1,9,2
30-07 14:52:46,18.966,10.481,67.879,0,0,6438080,4778888,397368,4622160,31126.378,120674.357,0,7.986,0,1.996,3514,4614,1.320,1.840,1.690,1,0,7.986,0,0,28,302,1,9,2
30-07 14:52:47,15.538,5.263,78.190,0,0,6429824,4786952,397396,4622308,52075.241,34739.215,0,613.487,0,23.056,2556,2673,1.320,1.840,1.690,1,0,3.007,0,0,28,303,1,9,2
30-07 14:52:48,25.252,10.501,60.254,0,0,6438448,4778124,397420,4622456,46008.753,24734.480,0,488.029,0,21.001,7138,13335,1.320,1.840,1.690,2,0,8.000,0,0,28,303,1,9,2
30-07 14:52:49,16.982,12.737,69.178,0,0,6438264,4778124,397436,4622580,29800.000,14738.668,0,207.784,0,12.986,3018,2833,1.320,1.840,1.690,1,0,11.988,0,0,28,303,1,9,2
30-07 14:52:50,21.978,6.743,69.680,0,0,6421056,4794012,397512,4623608,45314.211,21440.335,0,283.713,0,6.993,2698,2469,1.320,1.840,1.690,4,0,2.997,0,0,28,303,1,9,2
30-07 14:52:51,10.004,19.509,68.031,0,0,6376328,4847056,397568,4616504,45979.622,26487.880,0,872.391,0,24.011,4345,3551,1.290,1.830,1.690,2,0,106.048,0,0,28,302,1,9,2
30-07 14:52:52,8.264,26.296,63.611,0,0,6365924,4857412,397584,4616544,60868.387,34630.528,0,284.497,0,23.040,5035,4254,1.290,1.830,1.690,2,0,159.278,0,0,28,302,1,9,2
30-07 14:52:53,20.499,8.750,69.496,0,0,6404124,4819200,397592,4616548,48452.411,23534.742,0,87.995,0,6.000,2841,2667,1.290,1.830,1.690,1,0,5.000,0,0,28,302,1,9,2
30-07 14:52:54,33.999,4.500,59.749,0,0,6417192,4805888,397628,4616756,29977.307,15077.651,0,535.988,0,42.999,3642,3650,1.290,1.830,1.690,1,0,0,0,0,28,302,1,9,2
30-07 14:52:55,24.254,5.001,69.263,0,0,6423456,4799588,397628,4616792,29656.407,14792.697,0,0,0,0,2830,2648,1.290,1.830,1.690,1,0,0,0,0,28,306,1,11,2
30-07 14:52:56,16.500,12.500,68.751,0,0,6342052,4880984,397628,4616800,14976.197,7458.098,0,0,0,0,3823,3404,1.270,1.810,1.690,1,0,65.001,0,0,28,302,1,12,2
30-07 14:52:57,17.725,15.228,65.158,0,0,6377284,4845748,397628,4616804,55947.746,592918.089,0,163.768,0,3.994,3927,3375,1.270,1.810,1.690,4,0,54.922,0,0,28,302,1,13,2
30-07 14:52:58,23.302,5.512,69.404,0,0,6424896,4798120,397640,4616808,29537.592,14919.130,0,192.427,0,14.031,2707,2613,1.270,1.810,1.690,4,0,2.004,0,0,28,303,1,13,3
30-07 14:52:59,28.471,5.994,64.935,0,0,6426648,4796356,397640,4616820,30949.997,15929.044,0,47.952,0,2.997,3366,3268,1.270,1.810,1.690,2,0,1.998,0,0,28,302,0,12,2
30-07 14:53:00,14.263,16.515,67.810,0,0,6400576,4822280,397640,4616968,29966.461,15679.846,0,4.004,0,1.001,3675,3198,1.270,1.810,1.690,1,0,70.062,0,0,28,302,1,12,2
30-07 14:53:01,23.219,5.493,69.409,0,0,6416924,4805928,397640,4616972,29612.052,14646.735,0,7.989,0,1.997,2572,2408,1.330,1.810,1.690,1,0,0,0,0,28,302,1,12,2
30-07 14:53:02,28.901,9.634,60.272,0.247,0,6426948,4795888,397696,4616932,29163.788,15342.706,0,2790.301,0,203.542,4298,4501,1.330,1.810,1.690,2,0,6.916,0,0,28,302,1,15,2
30-07 14:53:03,19.871,13.079,64.140,0,0,6399820,4822856,397712,4617080,30653.306,18260.988,0,330.006,0,32.196,3983,3856,1.330,1.810,1.690,1,0,57.349,0,0,28,302,1,13,2
30-07 14:53:04,21.115,8.295,69.377,0,0,6427016,4795632,397740,4617080,44831.631,23489.651,0,156.852,0,20.109,3031,3144,1.330,1.810,1.690,1,0,0,0,0,28,302,1,13,2
30-07 14:53:05,23.654,7.719,66.729,0,0,6471076,4751556,397740,4617096,30110.855,14738.214,0,3.984,0,0.996,2950,2735,1.330,1.810,1.690,2,0,1.992,0,0,28,302,1,13,2
30-07 14:53:06,24.306,11.526,63.396,0,0,6428472,4794144,397740,4617112,30417.856,16092.958,0,3063.034,0,514.181,4119,3190,1.300,1.800,1.680,1,0,32.074,0,0,28,302,1,16,2
30-07 14:53:07,21.278,8.011,69.341,0,0,6443984,4778632,397740,4617112,39138.380,19489.585,0,168.221,0,7.009,2759,2713,1.300,1.800,1.680,1,0,1.001,0,0,28,302,1,15,2
30-07 14:53:08,24.249,5.500,69.748,0,0,6463764,4758832,397752,4617120,24021.217,11051.640,0,303.990,0,15.000,2842,2637,1.300,1.800,1.680,3,0,2.000,0,0,28,302,1,15,2
30-07 14:53:09,21.489,9.245,67.466,0,0,6428328,4794264,397796,4617080,42131.754,25045.370,0,407.794,0,48.975,3910,4006,1.300,1.800,1.680,1,0,37.981,0,0,28,302,1,15,2
30-07 14:53:10,25.051,10.522,63.129,0,0,6421212,4801308,397796,4617148,54679.797,454544.352,0,12.025,0,3.006,3778,3577,1.300,1.800,1.680,1,0,9.018,0,0,28,302,1,15,2
30-07 14:53:11,23.616,5.966,68.860,0,0,6461960,4760548,397796,4617160,34065.858,152964.741,0,0,0,0,2911,2623,1.280,1.790,1.680,1,0,2.983,0,0,28,302,1,16,2
30-07 14:53:12,24.120,5.779,69.346,0,0,6385204,4837280,397808,4617172,15171.679,7481.318,0,205.023,0,18.090,3201,3081,1.280,1.790,1.680,3,0,12.060,0,0,28,302,1,18,2
30-07 14:53:13,19.009,11.005,68.033,0,0,6411908,4810576,397820,4617160,45056.851,23185.244,0,140.068,0,11.005,3116,2957,1.280,1.790,1.680,2,0,20.010,0,0,28,302,1,18,2
30-07 14:53:14,23.735,5.497,68.958,0.250,0,6449856,4772572,397856,4617180,29633.791,14744.940,0,863.469,0,41.974,3030,3014,1.280,1.790,1.680,2,0,2.998,0,0,28,302,1,18,2
30-07 14:53:15,25.257,5.001,69.271,0,0,6446300,4775984,397880,4617300,30127.938,16044.760,0,300.089,0,31.009,3326,3320,1.280,1.790,1.680,1,0,0,0,0,28,302,1,18,2
30-07 14:53:16,7.497,23.492,65.727,0,0,6410528,4811728,397880,4617328,60920.404,32804.371,0,7.997,0,1.999,5000,3881,1.250,1.770,1.680,1,0,153.945,0,0,28,302,1,18,2
30-07 14:53:17,4.993,6.241,86.382,0,0,6401076,4821044,397932,4617408,50026.476,26790.304,0,391.464,0,15.978,2411,2697,1.250,1.770,1.680,0,0,27.962,0,0,28,304,1,18,2
30-07 14:53:18,7.008,15.267,76.087,0,0,6396856,4825140,398004,4617460,69941.855,33622.388,0,776.887,0,56.064,4134,3983,1.250,1.770,1.680,3,0,86.098,0,0,28,302,1,19,2
30-07 14:53:19,5.250,9.501,82.758,0,0,6390380,4831592,398016,4617452,50903.676,26381.423,0,116.011,0,12.001,3002,3220,1.250,1.770,1.680,0,0,38.003,0,0,28,304,1,19,2
30-07 14:53:20,6.496,19.987,71.202,0,0,6381020,4840924,398024,4617472,61428.627,33607.365,0,119.919,0,6.995,4393,3685,1.250,1.770,1.680,1,0,115.922,0,0,28,302,1,20,1
30-07 14:53:21,16.009,19.261,62.535,0,0,6385656,4836224,398028,4617524,73442.225,589227.749,0,272.153,0,11.006,4840,3944,1.230,1.760,1.670,3,0,95.053,0,0,28,302,1,20,1
30-07 14:53:22,24.900,13.313,59.414,0,0,6402844,4810968,398400,4625180,44452.521,23361.290,0,284.004,0,30.570,3629,6131,1.230,1.760,1.670,5,0,38.459,0,0,28,302,1,20,1
30-07 14:53:23,31.962,11.922,56.821,0,0,6403860,4806724,398496,4626812,45780.457,24418.814,0,1627.515,0,8.117,3772,10172,1.230,1.760,1.670,2,0,5.073,0,0,28,302,1,21,1
30-07 14:53:24,16.757,5.252,76.534,0,0,6409712,4798820,398584,4628440,33626.981,16615.402,0,1160.517,0,18.008,2496,2537,1.230,1.760,1.670,1,0,17.008,0,0,28,303,1,20,1
30-07 14:53:25,16.492,3.498,78.213,0,0,6414296,4789968,398656,4632384,36926.500,18038.451,0,639.697,0,35.983,2454,2718,1.230,1.760,1.670,1,0,0,0,0,28,303,1,20,1
30-07 14:53:26,19.996,8.998,69.485,0,0,6404720,4799264,398712,4632588,15836.674,7924.336,0,1603.663,0,55.988,3361,3449,1.210,1.750,1.670,1,0,26.994,0,0,28,302,1,20,1
30-07 14:53:27,9.488,17.479,66.419,4.495,0,6346852,4854388,398764,4635220,46024.738,27847.958,1370.325,1849.739,20.974,50.938,4725,4170,1.210,1.750,1.670,2,0,111.863,0,0,28,302,1,21,1
30-07 14:53:28,7.746,26.488,62.471,0,0,6349276,4851796,398816,4635336,62029.073,32574.809,0,727.661,0,38.982,5294,4316,1.210,1.750,1.670,1,0,159.925,0,0,28,302,1,20,1
30-07 14:53:29,19.792,10.272,68.896,0,0,6371816,4829240,398816,4635352,45453.016,22391.300,0,232.491,0,8.017,3113,3059,1.210,1.750,1.670,2,0,9.019,0,0,28,302,1,20,1
30-07 14:53:30,22.967,5.492,70.150,0.250,0,6408884,4792160,398820,4635360,29991.166,15188.308,0,51.926,0,2.996,2526,2385,1.210,1.750,1.670,1,0,0,0,0,28,302,1,20,1
30-07 14:53:31,24.515,5.253,68.291,0,0,6424156,4776836,398856,4635376,15224.043,7756.608,0,160.095,0,20.012,3165,3192,1.200,1.740,1.660,1,0,0,0,0,28,302,1,20,1
30-07 14:53:32,19.235,13.489,65.698,0,0,6414968,4786004,398876,4635376,16679.879,9245.727,0,135.893,0,11.991,3635,3453,1.200,1.740,1.660,2,0,48.961,0,0,28,302,1,18,1
30-07 14:53:33,23.281,6.759,69.343,0,0,6453280,4747644,398900,4635396,45041.466,27000.246,0,1566.102,0,100.134,3017,2875,1.200,1.740,1.660,1,0,0,0,0,28,302,1,18,1
30-07 14:53:34,25.495,5.499,67.487,0,0,6460932,4739984,398920,4635384,42898.421,585336.946,0,223.955,0,20.996,3710,3492,1.200,1.740,1.660,1,0,1.000,0,0,28,302,1,18,1
30-07 14:53:35,21.230,7.992,69.184,0,0,6433480,4767408,398920,4635412,40748.024,21687.256,0,0,0,0,3006,2790,1.200,1.740,1.660,3,0,15.985,0,0,28,302,1,18,1
30-07 14:53:36,28.934,10.476,59.365,0,0,6469808,4731072,398940,4635396,34146.144,16667.995,0,363.172,0,19.955,3300,2963,1.180,1.720,1.660,1,0,3.991,0,0,28,302,1,18,1
30-07 14:53:37,26.385,9.957,60.985,0,0,6467292,4733392,399076,4635452,29582.377,14968.916,0,3699.913,0,546.623,4796,4877,1.180,1.720,1.660,4,0,0.996,0,0,28,303,1,18,1
30-07 14:53:38,29.741,14.366,53.937,0,0,6455000,4745280,399384,4635528,15037.834,7355.594,0,1641.298,0,174.413,6582,8460,1.180,1.720,1.660,2,0,9.074,0,0,28,302,1,18,1
30-07 14:53:39,21.498,7.499,69.993,0,0,6412072,4788196,399396,4635528,60265.866,32810.661,0,115.988,0,6.999,2804,2663,1.180,1.720,1.660,1,0,4.999,0,0,28,302,1,18,1
30-07 14:53:40,23.700,6.237,68.855,0.249,0,6446300,4753912,399448,4635532,29529.966,14627.272,0,1273.325,0,53.887,2887,2789,1.180,1.720,1.660,5,0,0,0,0,28,303,1,18,1
30-07 14:53:41,23.896,5.974,66.960,0,0,6441536,4758472,399628,4635552,29522.968,14983.023,0,1123.129,0,95.585,4091,4702,1.250,1.730,1.660,1,0,1.991,0,0,28,303,1,18,1
30-07 14:53:42,23.066,9.778,64.182,0.251,0,6437556,4762108,399808,4635708,15281.437,7465.220,0,1323.763,0,103.294,4629,5633,1.250,1.730,1.660,5,0,0,0,0,28,303,1,18,1
30-07 14:53:43,20.828,15.810,61.733,0.251,0,6347776,4851612,400064,4635720,32511.531,18741.634,0,3107.713,0,187.707,5008,4908,1.250,1.730,1.660,1,0,78.295,0,0,28,302,1,18,1
30-07 14:53:44,7.969,26.648,62.759,0,0,6347368,4851968,400100,4635736,60507.614,31706.229,0,318.776,0,17.931,5231,4174,1.250,1.730,1.660,1,0,170.346,0,0,28,302,1,18,1
30-07 14:53:45,7.517,26.812,63.396,0,0,6346416,4852892,400180,4635684,60895.071,31887.347,0,1242.859,0,59.136,5207,4065,1.250,1.730,1.660,2,0,168.387,0,0,28,302,1,18,1
30-07 14:53:46,9.011,27.283,61.575,0,0,6340468,4858724,400232,4635744,55519.179,581245.319,0,556.674,0,37.045,5577,4495,1.390,1.750,1.670,1,0,171.207,0,0,28,302,1,18,1
30-07 14:53:47,7.487,26.703,62.889,0.250,0,6344480,4854696,400248,4635744,61153.998,32195.141,0,239.577,0,36.935,5257,4148,1.390,1.750,1.670,2,0,171.697,0,0,28,302,1,18,1
30-07 14:53:48,7.513,27.046,62.856,0,0,6343260,4855888,400292,4635728,65338.682,33290.393,0,548.930,0,31.053,5363,4345,1.390,1.750,1.670,1,0,162.275,0,0,28,302,1,18,1
30-07 14:53:49,7.491,26.969,62.678,0,0,6338816,4860300,400304,4635748,60978.472,31629.417,0,131.848,0,15.982,5272,4271,1.390,1.750,1.670,1,0,168.805,0,0,28,302,1,18,1
30-07 14:53:50,7.241,25.970,64.424,0,0,6335568,4863544,400304,4635752,45686.373,24393.367,0,11.986,0,2.996,5016,3967,1.390,1.750,1.670,1,0,164.807,0,0,28,302,1,18,1
30-07 14:53:51,8.013,26.542,63.101,0,0,6336260,4862840,400324,4635740,61435.009,31456.183,0,440.703,0,21.034,5145,3912,1.360,1.740,1.670,2,0,170.272,0,0,28,302,1,18,1
30-07 14:53:52,7.494,25.980,63.452,0,0,6340472,4858564,400364,4635764,61333.553,31815.907,0,359.728,0,26.980,5278,4247,1.360,1.740,1.670,1,0,160.878,0,0,28,302,1,18,1
30-07 14:53:53,7.227,26.915,63.052,0,0,6337940,4861060,400400,4635764,60624.190,31642.408,0,195.385,0,19.937,5234,4363,1.360,1.740,1.670,3,0,169.467,0,0,28,302,1,18,1
30-07 14:53:54,10.787,29.101,57.700,0,0,6335752,4863228,400400,4635780,70797.224,592374.840,0,9894.271,0,47.163,5586,4143,1.360,1.740,1.670,3,0,163.567,0,0,28,302,1,18,1
30-07 14:53:55,7.450,25.330,63.822,0,0,6340032,4858948,400400,4635780,49461.320,25683.769,0,19.867,0,4.967,4914,3782,1.360,1.740,1.670,1,0,164.894,0,0,28,302,1,18,1
30-07 14:53:56,8.066,26.719,62.764,0,0,6342264,4856684,400456,4635748,61197.373,32675.703,0,790.476,0,35.289,5102,3954,1.330,1.720,1.660,4,0,170.396,0,0,28,302,1,18,1
30-07 14:53:57,8.504,26.762,62.528,0,0,6345740,4853172,400460,4635788,60721.917,32096.228,0,2008.891,0,368.163,5394,3896,1.330,1.720,1.660,1,0,161.071,0,0,28,302,1,16,1
30-07 14:53:58,7.744,26.230,63.952,0,0,6348256,4850652,400460,4635792,61253.991,31912.030,0,19.985,0,3.997,5132,3908,1.330,1.720,1.660,2,0,168.873,0,0,28,302,1,16,1
30-07 14:53:59,7.738,25.960,63.153,0,0,6348804,4850052,400496,4635804,45886.378,24284.624,0,4892.470,0,34.946,5177,4121,1.330,1.720,1.660,1,0,161.751,0,0,28,302,1,16,1
30-07 14:54:00,7.519,26.316,64.411,0,0,6356756,4842100,400496,4635804,60601.408,32076.140,0,8.020,0,2.005,5068,3925,1.330,1.720,1.660,2,0,160.401,0,0,28,302,1,16,1
30-07 14:54:01,7.238,25.708,63.895,0,0,6347668,4851184,400496,4635808,60595.252,32738.109,0,19.967,0,4.992,5069,3895,1.380,1.730,1.660,2,0,158.739,0,0,28,302,1,15,1
30-07 14:54:02,9.768,26.549,61.615,0,0,6350208,4848552,400544,4635848,57811.669,467715.077,0,408.761,0,25.047,5474,4560,1.380,1.730,1.660,3,0,160.299,0,0,28,302,1,15,1
30-07 14:54:03,7.961,25.873,62.693,0,0,6352740,4845976,400576,4635860,60203.349,145619.301,0,151.260,0,14.927,5315,4349,1.380,1.730,1.660,4,0,169.172,0,0,28,302,1,15,1
30-07 14:54:04,13.050,27.856,56.466,0,0,6351768,4846884,400612,4635888,61038.977,31817.443,0,766.927,0,74.284,5801,5092,1.380,1.730,1.660,2,0,159.609,0,0,28,302,1,17,1
30-07 14:54:05,12.216,27.673,57.589,0,0,6353332,4845120,400660,4636040,62091.693,33182.383,0,343.043,0,21.939,5569,4597,1.380,1.730,1.660,1,0,157.560,0,0,28,302,1,14,1
30-07 14:54:06,16.788,30.570,50.616,0,0,6412788,4785648,400660,4636052,61171.751,32818.977,0,28.064,0,7.016,5330,3851,1.350,1.720,1.660,1,0,147.337,0,0,28,302,1,15,1
30-07 14:54:07,18.930,12.703,66.503,0,0,6380556,4833648,400664,4620896,54004.250,368173.389,0,95.644,0,2.989,3924,3524,1.350,1.720,1.660,1,0,65.756,0,0,28,302,1,15,1
30-07 14:54:08,13.538,15.795,69.947,0,0,6383804,4930108,400708,4531740,44453.285,22318.902,0,577.628,0,2.006,2841,2812,1.350,1.720,1.660,2,0,3.008,0,0,28,302,1,15,1
30-07 14:54:09,19.033,9.016,70.373,0,0,6397788,4907496,400856,4539932,30291.929,15298.732,0,2287.998,0,24.042,2697,2544,1.350,1.720,1.660,3,0,3.005,0,0,28,302,1,12,1
30-07 14:54:10,22.489,5.997,69.716,0,0,6420068,4882076,400856,4542628,44246.304,22075.176,0,11.994,0,2.999,2852,2595,1.350,1.720,1.660,3,0,16.992,0,0,28,302,1,12,1
30-07 14:54:11,17.402,2.735,78.558,0,0,6419732,4882076,400868,4542876,35990.517,17610.921,0,775.636,0,6.961,2194,2308,1.240,1.690,1.650,2,0,0,0,0,28,303,1,12,1
30-07 14:54:12,16.830,4.270,77.872,0.251,0,6419640,4882076,400912,4542928,23295.231,13341.704,0,819.915,0,33.158,2530,2675,1.240,1.690,1.650,4,0,2.010,0,0,28,303,1,12,1
30-07 14:54:13,14.017,3.004,81.347,0,0,6419648,4881628,401012,4543204,25788.664,15641.599,0,1273.514,0,58.069,2525,2971,1.240,1.690,1.650,0,0,1.001,0,0,28,303,1,9,1
30-07 14:54:14,15.189,3.237,79.928,0.249,0,6419876,4881152,401072,4543352,25876.912,13830.368,0,908.346,0,32.868,2264,2462,1.240,1.690,1.650,1,0,0,0,0,28,303,1,9,1
30-07 14:54:15,19.072,3.513,76.287,0,0,6440088,4860740,401124,4543492,21048.279,11834.575,0,867.267,0,43.163,2491,2520,1.240,1.690,1.650,1,0,2.008,0,0,28,303,1,9,1
30-07 14:54:16,17.771,3.254,77.591,0.250,0,6440056,4860488,401160,4543668,26941.601,16116.904,0,957.123,0,33.039,2498,2683,1.220,1.680,1.650,1,0,0,0,0,28,303,1,9,1
30-07 14:54:17,16.728,2.497,78.897,0.250,0,6447668,4852676,401188,4543840,23539.141,13237.646,0,695.089,0,20.973,2212,2254,1.220,1.680,1.650,1,0,0.999,0,0,28,303,1,9,1
30-07 14:54:18,18.750,2.500,77.500,0,0,6451892,4848140,401248,4544012,7710.964,5763.973,0,983.995,0,41.000,2479,2752,1.220,1.680,1.650,2,0,2.000,0,0,28,303,1,9,1
30-07 14:54:19,17.001,4.000,77.504,0,0,6447160,4840328,401292,4556472,23876.155,12452.602,0,744.036,0,33.002,2508,2648,1.220,1.680,1.650,2,0,0,0,0,28,303,1,9,1
30-07 14:54:20,24.499,4.000,69.999,0,0,6451984,4824004,401348,4567652,239.995,0,0,767.984,0,29.999,2686,2570,1.220,1.680,1.650,3,0,2.000,0,0,28,303,1,9,1
30-07 14:54:21,22.986,5.247,70.207,0.250,0,6449196,4815072,401664,4577340,760.535,0,0,1355.172,0,37.977,2644,2676,1.200,1.660,1.640,2,0,1.999,0,0,28,303,1,7,1
30-07 14:54:22,23.374,5.470,68.629,0.249,0,6452432,4797304,401764,4590512,14716.495,7726.259,0,1635.166,0,69.624,3011,3149,1.200,1.660,1.640,1,0,0,0,0,28,303,1,7,1
30-07 14:54:23,37.002,12.334,50.594,0,0,6456144,4787292,401800,4595952,1540.477,0,0,600.081,0,21.144,4200,12496,1.200,1.660,1.640,1,0,36.247,0,0,28,303,1,8,1
30-07 14:54:24,22.229,5.495,69.934,0.250,0,6461648,4760508,401996,4615040,15950.030,7612.855,0,2377.768,0,108.898,3051,3150,1.200,1.660,1.640,2,0,1.998,0,0,28,303,1,8,1
30-07 14:54:25,23.240,4.748,70.221,0.250,0,6461116,4749572,402068,4624648,478.802,0,0,1351.440,0,41.983,2698,2713,1.200,1.660,1.640,1,0,0,0,0,28,303,1,7,1
30-07 14:54:26,23.018,5.504,70.306,0,0,6467364,4720108,402164,4645792,1367.085,0,0,1549.230,0,57.045,2789,2863,1.190,1.650,1.640,1,0,0,0,0,28,303,1,7,1
30-07 14:54:27,25.758,6.502,66.270,0.250,0,6484488,4711216,402236,4636076,16615.909,9189.715,0,1652.488,0,55.016,3223,3118,1.190,1.650,1.640,1,0,3.001,0,0,28,302,1,8,1
30-07 14:54:28,23.761,5.503,68.783,0,0,6459500,4736164,402256,4636052,396.188,108.051,0,2080.988,0,363.172,2995,2431,1.190,1.650,1.640,1,0,2.001,0,0,28,302,1,8,1
30-07 14:54:29,19.150,9.451,69.637,0,0,6486352,4709296,402256,4636080,476.516,0,0,31.834,0,1.990,3011,2905,1.190,1.650,1.640,1,0,34.818,0,0,28,302,1,7,1
30-07 14:54:30,16.808,3.261,79.523,0,0,6485600,4709044,402268,4637072,6746.171,2898.957,0,453.558,0,7.024,2212,2342,1.190,1.650,1.640,2,0,2.007,0,0,28,303,1,7,1
30-07 14:54:31,22.007,6.752,69.523,0,0,6465296,4723588,402288,4642196,15730.236,8102.697,0,1032.344,0,14.005,2776,2663,1.170,1.640,1.640,1,0,3.001,0,0,28,302,1,7,1
30-07 14:54:32,23.427,10.717,62.306,0,0,6457476,4730900,402324,4642492,45350.880,22452.135,0,741.692,0,30.904,7250,13205,1.170,1.640,1.640,3,0,4.984,0,0,28,302,1,7,1
30-07 14:54:33,19.817,9.783,68.734,0,0,6455060,4732336,402344,4643356,29812.478,14870.618,0,385.312,0,43.147,3475,3693,1.170,1.640,1.640,2,0,10.034,0,0,28,302,1,7,1
30-07 14:54:34,23.272,8.508,66.063,0,0,6420312,4766888,402360,4643496,15825.110,7302.973,0,2037.946,0,113.108,5868,9157,1.170,1.640,1.640,4,0,5.005,0,0,28,302,1,7,1
30-07 14:54:35,19.124,12.581,66.177,0.252,0,6428968,4758124,402384,4643540,15416.568,7409.856,0,6357.057,0,98.637,4888,7129,1.170,1.640,1.640,2,0,12.078,0,0,28,302,1,7,1
30-07 14:54:36,23.364,13.919,60.648,0,0,6428384,4766212,402400,4636768,15276.241,7414.918,0,377.805,0,15.908,3173,2751,1.240,1.650,1.640,1,0,8.948,0,0,28,302,1,8,1
30-07 14:54:37,23.694,7.981,67.093,0,0,6397408,4797544,402420,4636584,14999.800,7749.814,0,610.567,0,17.958,3141,3136,1.240,1.650,1.640,2,1,10.974,0,0,28,302,1,8,1
30-07 14:54:38,29.341,13.676,54.454,0,0,6427892,4767220,402428,4636416,31041.506,17756.617,0,242.683,0,10.941,4238,3794,1.240,1.650,1.640,3,0,46.746,0,0,28,302,1,7,1
30-07 14:54:39,22.871,11.058,64.088,0,0,6437416,4757764,402428,4636348,60612.600,33164.873,0,16.085,0,2.011,6529,11738,1.240,1.650,1.640,1,0,9.048,0,0,28,302,1,7,1
30-07 14:54:40,20.696,9.475,68.323,0,0,6437412,4757760,402428,4636356,44093.662,22028.878,0,8777.240,0,46.878,3030,2742,1.240,1.650,1.640,1,0,17.953,0,0,28,302,1,7,1
30-07 14:54:41,16.780,6.512,75.135,0,0,6437044,4758116,402440,4636356,50631.864,489829.044,0,673.208,0,10.018,3244,2968,1.140,1.620,1.630,2,0,17.031,0,0,28,303,1,7,1
30-07 14:54:42,23.405,6.474,68.473,0.249,0,6431420,4757188,402556,4642244,27205.997,349205.046,0,3274.759,0,117.525,3573,3430,1.140,1.620,1.630,3,1,3.984,0,0,28,302,1,7,1
30-07 14:54:43,23.130,7.794,68.134,0,0,6428868,4759008,402556,4642768,14999.566,7337.368,0,92.522,0,8.045,3694,4636,1.140,1.620,1.630,1,0,6.034,0,0,28,302,1,7,1
30-07 14:54:44,21.944,10.723,62.590,0,0,6445848,4741020,402572,4643656,15509.367,7409.067,0,442.868,0,11.969,7222,13123,1.140,1.620,1.630,5,0,7.980,0,0,28,302,1,7,1
30-07 14:54:45,20.004,11.002,66.263,0,0,6422700,4764012,402580,4643768,15162.033,7657.532,0,2776.555,0,15.003,5481,8310,1.140,1.620,1.630,3,0,7.001,0,0,28,302,1,7,1
30-07 14:54:46,19.293,12.027,67.151,0,0,6426416,4760232,402580,4643832,14953.706,7312.482,0,100.226,0,3.007,5036,7919,1.450,1.680,1.650,2,0,12.027,0,0,28,302,1,7,1
30-07 14:54:47,16.262,11.509,70.803,0,0,6401316,4793228,402596,4636528,885.662,148.111,0,380.284,0,11.008,2691,2528,1.450,1.680,1.650,2,0,4.003,0,0,28,302,1,7,1
30-07 14:54:48,23.472,6.992,67.918,0,0,6390992,4803896,402636,4636336,15576.288,7287.246,0,495.405,0,25.969,3126,3079,1.450,1.680,1.650,1,0,7.990,0,0,28,302,1,7,1
30-07 14:54:49,26.314,7.843,65.784,0,0,6415836,4778952,402668,4636404,17708.068,18928.617,0,1809.569,0,309.691,3675,3129,1.450,1.680,1.650,1,0,17.205,0,0,28,302,1,7,1
30-07 14:54:50,17.563,12.121,68.025,0,0,6403204,4791592,402668,4636396,60046.458,32919.383,0,118.735,0,2.968,3486,3126,1.450,1.680,1.650,1,0,53.431,0,0,28,302,1,7,1
30-07 14:54:51,21.941,7.818,69.353,0,0,6423892,4770904,402668,4636396,30128.902,14719.956,0,0,0,0,3908,4557,1.410,1.670,1.640,3,0,47.412,0,0,28,302,1,7,1
30-07 14:54:52,23.740,8.408,63.307,0,0,6414228,4780524,402700,4636408,59482.489,32589.053,0,447.103,0,26.707,6215,10970,1.410,1.670,1.640,1,0,2.967,0,0,28,302,1,7,1
30-07 14:54:53,22.208,7.571,70.410,0,0,6432216,4762380,402720,4636544,30242.314,15420.461,0,411.858,0,19.180,2834,2604,1.410,1.670,1.640,2,0,18.170,0,0,28,302,1,7,1
30-07 14:54:54,14.399,4.965,78.698,0,0,6451100,4743480,402724,4636556,36377.817,17907.383,0,190.663,0,6.951,2355,2432,1.410,1.670,1.640,3,0,18.868,0,0,28,303,1,7,1
30-07 14:54:55,22.745,13.247,62.487,0,0,6417728,4770256,402752,4642596,15621.637,7468.392,0,60522.971,0,214.954,3606,2736,1.410,1.670,1.640,2,0,2.000,0,0,28,302,1,7,1
30-07 14:54:56,23.239,9.496,63.970,0,0,6417660,4769780,402752,4642948,29762.013,14747.069,0,0,0,0,7344,13880,1.460,1.670,1.650,3,0,5.997,0,0,28,302,1,7,1
30-07 14:54:57,19.264,10.007,69.300,0,0,6442928,4743348,402752,4643948,1054.763,148.107,0,92.067,0,2.001,2871,2715,1.460,1.670,1.650,2,0,12.009,0,0,28,302,1,8,1
30-07 14:54:58,21.233,11.491,63.698,0,0,6445404,4740828,402764,4643980,15027.636,7421.894,0,1546.727,0,12.989,6334,11867,1.460,1.670,1.650,1,0,13.988,0,0,28,302,1,7,1
30-07 14:54:59,18.249,12.499,68.497,0,0,6437968,4748192,402784,4643996,24886.871,424826.725,0,363.983,0,16.999,2972,2733,1.460,1.670,1.650,1,0,7.000,0,0,28,302,1,7,1
30-07 14:55:00,24.531,9.664,63.929,0,0,6402296,4791728,402816,4636716,16794.921,8572.397,0,693.800,0,13.876,3326,3145,1.460,1.670,1.650,2,0,6.938,0,0,28,302,1,7,1
30-07 14:55:01,20.928,11.599,64.046,2.269,0,6397408,4796436,402840,4636988,1806.394,45830.569,254.166,33541.844,5.043,93.799,3179,2643,1.420,1.660,1.640,2,0,8.069,0,0,28,302,1,7,1
30-07 14:55:02,21.880,9.946,64.646,2.238,0,6411592,4779328,402896,4639580,16057.105,9289.152,389.866,1121.859,9.946,13.924,3041,3004,1.420,1.660,1.640,2,0,0,0,0,28,302,1,7,1
30-07 14:55:03,25.565,6.328,66.822,0,0,6412460,4778096,402976,4639772,45275.265,22428.053,0,1206.854,0,66.822,4731,5445,1.420,1.660,1.640,4,0,2.025,0,0,28,303,1,7,1
30-07 14:55:04,28.719,16.093,51.497,0,0,6418380,4771916,403084,4639888,29980.070,14741.959,0,2927.397,0,479.317,6768,7212,1.420,1.660,1.640,4,0,60.410,0,0,28,306,1,14,1
30-07 14:55:05,31.807,27.549,37.317,0.501,0,6415280,4774600,403284,4640108,15186.279,7633.712,0,1330.390,0,160.288,7498,8135,1.420,1.660,1.640,3,0,166.299,0,0,28,305,1,15,1
30-07 14:55:06,30.418,28.486,34.763,0.241,0,6423028,4766608,403432,4640172,28631.310,12561.082,0,4384.018,0,233.686,7338,7574,1.550,1.680,1.650,5,0,182.506,0,0,28,304,1,14,1
30-07 14:55:07,21.555,43.888,36.097,0.519,0,6396388,4793012,403496,4640328,761.421,1967.436,132.963,1313.009,1.039,65.443,5860,4458,1.550,1.680,1.650,2,0,260.732,0,0,28,304,1,14,1
30-07 14:55:08,8.246,26.487,62.468,0,0,6390676,4798736,403496,4640312,61628.644,50918.094,0,19.990,0,2.998,5022,3950,1.550,1.680,1.650,1,0,161.918,0,0,28,304,1,14,1
30-07 14:55:09,8.819,24.442,65.010,0.252,0,6384236,4805024,403636,4640324,57747.352,32329.809,0,3531.726,0,163.282,5083,4336,1.550,1.680,1.650,1,0,119.942,0,0,28,304,1,14,1
30-07 14:55:10,15.386,15.386,67.253,0,0,6372232,4817008,403652,4640328,49718.659,27844.275,0,321.624,0,25.809,4018,3345,1.550,1.680,1.650,1,0,61.545,0,0,28,304,1,16,1
30-07 14:55:11,16.105,8.176,72.350,0,0,6350412,4840708,403656,4638516,127350.140,45026.220,0,27.751,0,2.973,3208,3109,1.510,1.670,1.640,8,0,21.804,0,0,28,304,1,16,1
30-07 14:55:12,19.428,20.690,59.294,0,0,6342064,4849036,403688,4638516,46415.918,24547.249,0,1501.781,0,18.167,4301,3795,1.510,1.670,1.640,0,0,94.871,0,0,28,305,1,16,1
30-07 14:55:13,4.749,2.749,90.979,0,0,6342064,4849036,403688,4638516,79290.111,567140.044,0,3.999,0,1.000,2339,2735,1.510,1.670,1.640,1,0,1.000,0,0,28,305,1,16,1
30-07 14:55:14,7.722,6.974,83.195,0,0,6334732,4856380,403708,4638516,61894.861,21804.981,0,749.250,0,7.971,2645,2920,1.510,1.670,1.640,2,0,13.949,0,0,28,304,0,16,1
30-07 14:55:15,8.758,12.262,77.575,0,0,6328312,4862700,403740,4638580,204952.674,63430.178,0,408.394,0,28.027,3916,3499,1.510,1.670,1.640,1,0,47.045,0,0,28,304,0,17,1
30-07 14:55:16,9.218,24.415,63.279,0,0,6327548,4863384,403796,4638604,45168.514,23525.974,0,290.985,0,35.875,5562,4338,1.550,1.680,1.650,2,0,227.208,0,0,28,304,1,17,1
30-07 14:55:17,14.450,13.182,67.432,4.310,0,6341560,4848068,404036,4639508,50832.817,16317.608,1143.814,292.038,104.444,15.210,3561,3350,1.550,1.680,1.650,0,1,66.925,0,0,28,304,1,17,1
30-07 14:55:18,10.821,7.132,67.137,11.313,0,6345780,4841572,404308,4641032,29231.605,14419.062,1766.724,192.805,221.332,23.609,3207,3686,1.550,1.680,1.650,2,0,1.967,0,0,28,304,1,17,1
30-07 14:55:19,12.339,7.051,68.496,10.577,0,6353528,4825556,404892,4647580,16018.897,7653.372,7018.781,3110.505,648.693,151.093,4326,4475,1.550,1.680,1.650,0,1,0,0,0,28,304,1,17,1
30-07 14:55:20,20.640,8.558,67.708,1.762,0,6359212,4816576,405136,4648180,15388.007,7746.357,958.478,2738.510,79.538,491.321,4382,4046,1.550,1.680,1.650,3,0,0,0,0,28,304,1,17,1
30-07 14:55:21,22.032,8.012,68.600,0,0,6344616,4830944,405152,4648352,30407.231,16031.320,0,104.152,0,9.013,2973,2807,1.500,1.660,1.640,1,0,3.004,0,0,28,304,1,17,1
30-07 14:55:22,26.436,7.659,63.496,0,0,6357244,4818148,405168,4648504,59155.367,496339.601,0,146.263,0,16.800,4416,4195,1.500,1.660,1.640,2,0,0,0,0,28,305,1,18,1
30-07 14:55:23,53.659,12.788,33.349,0,0,6229676,4945660,405212,4648712,33819.515,17879.139,0,457.359,0,32.095,4586,3479,1.500,1.660,1.640,5,0,19.057,0,0,28,296,0,21,1
30-07 14:55:24,66.284,12.805,20.086,0,0,5899068,5276244,405228,4648488,41212.873,21162.824,0,176.759,0,13.056,4905,19481,1.500,1.660,1.640,2,0,26.112,0,0,28,278,0,24,1
30-07 14:55:25,63.646,15.414,20.138,0,0,5979048,5196136,405232,4648448,29789.491,14773.917,0,91.492,0,6.961,4708,3237,1.500,1.660,1.640,9,0,4.972,0,0,28,274,0,25,1
30-07 14:55:26,85.251,14.750,0,0,0,6076916,5098248,405248,4648636,19228.154,9790.079,0,356.003,0,19.000,5418,3483,1.780,1.720,1.660,5,0,3.000,0,0,28,272,0,25,1
30-07 14:55:27,79.890,17.644,0.490,0,0,6161792,5012944,405268,4649044,40955.387,20590.911,0,172.522,0,12.743,6253,5507,1.780,1.720,1.660,4,0,4.901,0,0,28,272,1,30,1
30-07 14:55:28,87.842,13.278,1.021,0,0,6228060,4945912,405332,4649744,30686.599,15384.667,0,719.081,0,42.900,6078,5000,1.780,1.720,1.660,4,0,3.064,0,0,28,274,1,32,1
30-07 14:55:29,68.698,15.043,15.545,0,0,6271952,4901084,405352,4650660,15666.211,7457.521,0,180.521,0,15.043,5907,6716,1.780,1.720,1.660,5,0,2.006,0,0,28,282,1,34,1
30-07 14:55:30,41.211,7.992,49.453,0,0,6297496,4874624,405360,4651568,30076.211,14915.723,0,79.923,0,3.996,5403,6686,1.780,1.720,1.660,1,0,1.998,0,0,28,290,1,39,1
30-07 14:55:31,2.745,1.747,93.568,0,0,6297496,4874624,405360,4651568,845.359,73.857,0,3.992,0,0.998,1506,2259,1.640,1.690,1.650,1,0,0,0,0,28,290,1,38,1
30-07 14:55:32,3.247,2.998,91.424,0,0,6293792,4878272,405404,4651576,15147.418,7511.760,0,1790.513,0,42.964,2017,2783,1.640,1.690,1.650,0,0,0,0,0,28,290,1,38,1
30-07 14:55:33,5.772,3.513,89.591,0,0,6293964,4878020,405452,4651608,17062.986,8977.191,0,562.141,0,46.176,2370,3265,1.640,1.690,1.650,0,0,2.008,0,0,28,290,1,38,1
30-07 14:55:34,2.998,1.999,93.695,0,0,6293944,4878020,405472,4651608,15587.809,7365.657,0,115.932,0,14.991,1743,2654,1.640,1.690,1.650,0,0,0,0,0,28,290,1,38,1
30-07 14:55:35,2.493,2.992,92.756,0,0,6293944,4878020,405472,4651608,541.576,0,0,9969.792,0,770.973,2778,2275,1.640,1.690,1.650,1,0,0,0,0,28,290,1,38,1
30-07 14:55:36,2.758,2.006,94.012,0,0,6294680,4877280,405476,4651608,15021.927,7316.421,0,100.280,0,7.020,1649,2317,1.510,1.660,1.640,2,0,2.006,0,0,28,290,1,39,1
30-07 14:55:37,9.744,6.995,81.447,0,0,6320028,4850732,405520,4652764,1414.086,147.904,0,3421.788,0,169.890,2695,3066,1.510,1.660,1.640,0,0,4.997,0,0,28,290,1,39,1
30-07 14:55:38,5.474,5.971,86.831,0,0,6322812,4849060,405536,4651620,15027.423,7334.577,0,95.539,0,10.947,2366,2992,1.510,1.660,1.640,1,0,5.971,0,0,28,290,1,39,1
30-07 14:55:39,5.537,3.524,90.107,0,0,6330440,4841440,405536,4651612,607.087,0,0,0,0,0,1643,2188,1.510,1.660,1.640,0,0,2.014,0,0,28,290,1,38,1
30-07 14:55:40,2.734,1.740,93.716,0.249,0,6327856,4844008,405552,4651612,761.663,0,0,143.185,0,15.909,1577,2509,1.510,1.660,1.640,0,0,0,0,0,28,290,1,38,1
30-07 14:55:41,2.513,2.262,94.735,0,0,6315876,4855984,405556,4651612,15752.600,7333.523,0,1194.110,0,106.545,1685,2362,1.390,1.640,1.630,1,0,0,0,0,28,290,1,38,1
30-07 14:55:42,2.751,2.250,93.519,0,0,6316112,4855732,405572,4651612,1213.252,190.039,0,144.030,0,21.004,1786,2725,1.390,1.640,1.630,0,0,2.000,0,0,28,290,1,38,1
30-07 14:55:43,3.000,2.000,93.005,0.250,0,6315956,4855836,405600,4651636,945.053,0,0,456.025,0,40.002,1952,2883,1.390,1.640,1.630,0,0,0,0,0,28,290,1,38,1
30-07 14:55:44,5.499,3.000,89.736,0,0,6316028,4855612,405612,4651776,16814.346,8647.635,0,119.981,0,8.999,2110,2816,1.390,1.640,1.630,0,0,0,0,0,28,290,1,38,1
30-07 14:55:45,2.248,1.748,94.667,0,0,6316144,4855496,405612,4651776,824.277,0,0,11.989,0,0.999,1463,2234,1.390,1.640,1.630,1,0,0.999,0,0,28,290,1,38,1
30-07 14:55:46,3.002,2.001,93.806,0,0,6315860,4855764,405628,4651776,424.254,0,0,120.072,0,14.008,1762,2613,1.280,1.610,1.620,0,0,1.001,0,0,28,290,1,38,1
30-07 14:55:47,2.001,2.001,94.305,0,0,6315848,4855764,405640,4651776,1501.878,222.130,0,704.412,0,35.020,1560,2431,1.280,1.610,1.620,0,0,1.001,0,0,28,290,1,38,1
30-07 14:55:48,2.492,1.993,94.190,0,0,6315824,4855764,405660,4651780,15050.424,7433.514,0,83.724,0,11.961,1742,2616,1.280,1.610,1.620,0,0,0,0,0,28,290,1,38,1
30-07 14:55:49,3.002,2.502,93.322,0,0,6316068,4855512,405668,4651780,1197.928,0,0,260.202,0,22.017,1712,2614,1.280,1.610,1.620,0,0,2.002,0,0,28,290,1,38,1
30-07 14:55:50,2.255,1.504,94.726,0,0,6316048,4855512,405684,4651784,975.327,0,0,100.239,0,12.029,1686,2591,1.280,1.610,1.620,0,0,0,0,0,28,290,1,38,1
30-07 14:55:51,2.749,2.000,94.480,0,0,6316048,4855512,405684,4651784,726.843,0,0,0,0,0,1400,2186,1.170,1.580,1.620,0,0,0,0,0,28,290,1,38,1
30-07 14:55:52,2.743,1.995,94.017,0,0,6316008,4855512,405720,4651788,422.953,147.634,0,175.565,0,24.938,1714,2656,1.170,1.580,1.620,0,0,1.995,0,0,28,290,1,38,1
30-07 14:55:53,2.257,2.257,93.784,0,0,6315976,4855512,405744,4651796,15309.384,7643.157,0,521.580,0,35.106,1797,2730,1.170,1.580,1.620,0,0,0,0,0,28,290,1,38,1
30-07 14:55:54,2.248,1.499,95.159,0,0,6315972,4855512,405748,4651796,1076.973,0,0,83.920,0,8.991,1439,2181,1.170,1.580,1.620,0,0,0,0,0,28,290,1,38,1
30-07 14:55:55,5.451,2.725,89.198,0,0,6315964,4855512,405748,4651804,1915.770,1340.940,0,0,0,0,1923,2484,1.170,1.580,1.620,1,0,1.982,0,0,28,290,1,38,1
30-07 14:55:56,2.774,2.270,94.585,0,0,6315932,4855512,405780,4651804,613.416,0,0,508.489,0,34.303,1653,2383,1.160,1.570,1.610,0,0,1.009,0,0,28,290,1,38,1
30-07 14:55:57,3.500,2.250,93.491,0,0,6315920,4855512,405780,4651816,1258.884,147.986,0,4.000,0,1.000,1707,2455,1.160,1.570,1.610,0,0,1.000,0,0,28,290,1,39,1
30-07 14:55:58,2.272,1.767,95.166,0,0,6311796,4859632,405780,4651820,31541.435,13724.028,0,8.078,0,2.019,1653,2364,1.160,1.570,1.610,0,0,2.019,0,0,28,290,1,39,1
30-07 14:55:59,10.154,22.786,63.403,0,0,6321696,4849716,405784,4651816,118291.531,473839.782,0,114.918,0,5.944,5725,4359,1.160,1.570,1.610,2,0,210.023,0,0,28,290,1,38,1
30-07 14:56:00,15.980,16.230,65.668,0,0,6346372,4825020,405800,4651820,32722.949,146398.344,0,99.875,0,12.984,4075,3592,1.160,1.570,1.610,1,0,102.871,0,0,28,290,1,38,1
30-07 14:56:01,23.183,6.232,68.551,0.249,0,6388944,4782432,405816,4651820,29862.266,15004.420,0,1591.378,0,294.146,2985,2583,1.150,1.560,1.610,1,0,0,0,0,28,290,1,38,1
30-07 14:56:02,25.383,7.540,66.600,0,0,6400976,4770336,405828,4651880,15795.051,8132.762,0,136.719,0,13.069,3582,3398,1.150,1.560,1.610,1,0,2.011,0,0,28,294,1,38,1
30-07 14:56:03,26.958,2.247,68.644,0,0,6408772,4762524,405840,4651884,15135.574,7520.360,0,279.567,0,21.966,2881,2734,1.150,1.560,1.610,1,0,0,0,0,28,295,1,38,1
30-07 14:56:04,20.976,10.738,66.674,0,0,6384804,4786472,405856,4651888,30511.122,15154.676,0,151.826,0,16.981,3964,3449,1.150,1.560,1.610,2,0,71.918,0,0,28,296,1,38,1
30-07 14:56:05,15.338,27.911,55.067,0,0,6378540,4792632,405932,4651916,30068.051,14742.849,0,2458.147,0,134.776,5937,4971,1.150,1.560,1.610,4,0,223.285,0,0,28,298,1,39,1
30-07 14:56:06,38.532,13.921,45.492,0,0,6383760,4787364,405936,4651960,31394.011,15855.109,0,302.286,0,16.904,4994,5115,1.130,1.550,1.610,3,0,15.910,0,0,28,296,1,41,1
30-07 14:56:07,28.239,8.497,61.227,0,0,6450020,4721092,405936,4651972,22334.678,11111.860,0,47.982,0,2.999,2914,2466,1.130,1.550,1.610,2,0,1.000,0,0,28,296,1,41,1
30-07 14:56:08,24.937,6.982,67.081,0,0,6421688,4749276,405936,4652120,29565.614,11680.612,0,227.428,0,38.902,3563,3249,1.130,1.550,1.610,3,0,1.995,0,0,28,298,1,31,1
30-07 14:56:09,11.735,2.247,84.389,0,0,6381276,4789680,405944,4652124,781.971,0,0,247.674,0,8.988,1953,2286,1.130,1.550,1.610,0,0,0.999,0,0,28,298,1,31,1
30-07 14:56:10,8.285,21.089,68.036,0,0,6373984,4796952,405960,4652128,135729.850,52875.995,0,176.742,0,16.067,5285,4174,1.130,1.550,1.610,3,0,180.759,0,0,28,298,1,31,1
30-07 14:56:11,7.955,24.610,64.134,0.249,0,6362888,4807892,406104,4652140,54128.061,34785.460,139.205,226.706,4.972,11.932,5201,3937,1.120,1.540,1.600,1,0,190.910,0,0,28,298,1,31,1
30-07 14:56:12,9.825,24.184,64.490,0.252,0,6351340,4819408,406124,4652152,70302.357,472700.926,0,137.042,0,15.115,5542,4441,1.120,1.540,1.600,1,0,170.294,0,0,28,298,1,29,1
30-07 14:56:13,9.744,22.986,64.711,0,0,6345680,4825040,406144,4652160,62891.942,115751.954,0,343.792,0,28.982,5313,4392,1.120,1.540,1.600,2,0,173.895,0,0,28,298,1,29,1
30-07 14:56:14,7.462,22.138,67.408,0,0,6347152,4823564,406144,4652164,45976.842,28992.971,0,103.475,0,3.980,4986,3892,1.120,1.540,1.600,2,0,168.147,0,0,28,298,1,29,1
30-07 14:56:15,6.807,23.446,67.818,0,0,6345068,4825640,406144,4652172,61592.727,38673.823,0,0,0,0,5119,3872,1.120,1.540,1.600,1,0,181.520,0,0,28,298,1,29,1
30-07 14:56:16,8.478,23.937,65.328,0,0,6348524,4822124,406188,4652188,61047.537,37415.653,0,426.878,0,34.908,5440,4226,1.110,1.530,1.600,2,0,207.455,0,0,28,298,1,28,1
30-07 14:56:17,11.488,25.473,60.436,0,0,6339312,4831324,406188,4652200,62736.923,39627.263,0,2397.475,0,441.535,6069,4195,1.110,1.530,1.600,1,0,192.797,0,0,28,298,1,28,1
30-07 14:56:18,7.736,24.455,64.381,0,0,6334732,4835880,406204,4652208,46163.965,27948.518,0,175.676,0,17.967,5470,4354,1.110,1.530,1.600,1,0,191.647,0,0,28,298,1,28,1
30-07 14:56:19,8.776,27.583,62.187,0,0,6327552,4843036,406220,4652216,62640.644,37699.533,0,96.290,0,12.036,5418,4381,1.110,1.530,1.600,3,0,202.610,0,0,28,298,1,28,1
30-07 14:56:20,8.504,23.762,64.533,0,0,6327716,4842852,406236,4652220,72309.113,482129.457,0,100.051,0,12.006,5790,4866,1.110,1.530,1.600,2,0,191.098,0,0,28,298,1,28,1
30-07 14:56:21,8.164,22.265,65.805,0,0,6330708,4839844,406248,4652224,63033.337,159705.432,0,98.955,0,6.927,5092,3963,1.100,1.520,1.600,3,0,169.213,0,0,28,298,1,28,1
30-07 14:56:22,19.888,12.084,68.222,0,0,6358388,4812124,406284,4652228,45293.556,23706.111,0,237.645,0,24.167,3447,3337,1.100,1.520,1.600,2,0,32.223,0,0,28,298,1,28,1
30-07 14:56:23,23.218,5.742,69.155,0,0,6404480,4766008,406304,4652232,30216.378,14931.433,0,483.334,0,27.961,2695,2535,1.100,1.520,1.600,3,0,0,0,0,28,299,1,28,1
30-07 14:56:24,35.728,9.244,53.967,0,0,6421608,4748872,406304,4654584,30926.929,15738.295,0,0,0,0,3863,8550,1.100,1.520,1.600,2,0,33.979,0,0,28,298,1,22,1
30-07 14:56:25,26.045,10.768,61.606,0,0,6382780,4787684,406304,4652256,60122.031,29913.262,0,0,0,0,3365,8734,1.100,1.520,1.600,1,0,9.015,0,0,28,298,1,23,1
30-07 14:56:26,24.147,5.228,68.956,0,0,6405164,4765296,406304,4652260,29828.776,14852.651,0,0,0,0,2667,2510,1.100,1.520,1.590,2,0,0,0,0,28,298,1,23,1
30-07 14:56:27,24.170,7.050,67.727,0,0,6405640,4764804,406304,4652276,30557.366,14911.092,0,108.767,0,10.071,3335,3326,1.100,1.520,1.590,1,0,1.007,0,0,28,299,1,25,1
30-07 14:56:28,24.297,10.771,62.372,0.250,0,6378228,4792024,406460,4652312,16462.153,8665.926,0,1186.317,0,155.303,4795,5360,1.100,1.520,1.590,1,0,25.049,0,0,28,299,1,17,1
30-07 14:56:29,28.721,8.741,61.688,0,0,6406796,4763396,406496,4652336,30725.035,16591.279,0,379.617,0,43.956,3577,3577,1.100,1.520,1.590,1,0,0,0,0,28,299,1,18,1
30-07 14:56:30,25.080,5.016,68.469,0,0,6434248,4735936,406508,4652332,30062.251,15355.163,0,92.296,0,12.039,2931,2825,1.100,1.520,1.590,1,0,0,0,0,28,297,1,19,1
30-07 14:56:31,24.476,6.428,67.989,0,0,6432180,4737976,406508,4652360,29904.400,14911.159,0,11.867,0,1.978,3239,3027,1.170,1.520,1.590,1,0,1.978,0,0,28,297,1,21,1
30-07 14:56:32,21.164,10.330,67.272,0,0,6391616,4778528,406532,4652348,30810.294,16280.445,0,1967.279,0,365.841,3736,3079,1.170,1.520,1.590,2,0,25.196,0,0,28,297,1,12,1
30-07 14:56:33,25.636,5.529,67.859,0,0,6414616,4755500,406548,4652360,55925.003,468159.904,0,470.490,0,71.378,3409,3132,1.170,1.520,1.590,1,0,1.005,0,0,28,297,1,12,1
30-07 14:56:34,24.462,5.683,67.703,0,0,6443092,4726992,406572,4652368,33309.657,137417.407,0,106.743,0,13.837,3165,3002,1.170,1.520,1.590,1,0,1.977,0,0,28,297,1,12,1
30-07 14:56:35,20.016,5.067,75.250,0,0,6410304,4759828,406592,4652300,47976.650,24069.909,0,904.015,0,165.196,3183,3333,1.170,1.520,1.590,2,0,7.094,0,0,28,297,1,13,1
30-07 14:56:36,6.201,6.945,76.647,7.193,0,6398840,4764088,406648,4659396,96052.924,30133.122,6516.771,250.034,69.454,5.953,2678,2878,1.150,1.520,1.590,1,0,9.922,0,0,28,297,1,13,1
30-07 14:56:37,10.621,11.379,70.553,7.333,0,6382520,4772848,406648,4666924,45496.654,22928.881,6599.083,0,90.024,0,2805,2744,1.150,1.520,1.590,2,0,3.035,0,0,28,297,1,13,1
30-07 14:56:38,22.940,20.473,48.100,6.660,0,6385252,4763296,406756,4673620,44995.757,22474.199,5150.378,2900.788,73.013,141.093,4534,4172,1.150,1.520,1.590,4,0,11.840,0,0,28,297,1,13,1
30-07 14:56:39,18.208,17.210,53.127,8.979,0,6392204,4745252,406784,4684660,46648.150,24075.338,10248.306,502.837,142.670,29.931,4177,3815,1.150,1.520,1.590,3,0,6.984,0,0,28,297,1,13,1
30-07 14:56:40,6.570,8.844,68.728,14.655,0,6364808,4760512,406800,4696748,61177.971,30519.247,11732.263,177.884,123.306,16.171,3244,3272,1.150,1.520,1.590,1,0,3.032,0,0,28,297,1,13,1
30-07 14:56:41,3.480,5.220,69.346,19.884,0,6346396,4760008,406800,4715568,45178.099,22872.898,16806.201,0,191.883,0,2920,3054,1.140,1.510,1.590,0,1,0.994,0,0,28,297,1,13,1
30-07 14:56:42,4.968,5.713,69.057,18.879,0,6340860,4749172,406820,4731904,30095.837,15287.879,15051.396,123.209,163.948,11.923,2872,3373,1.140,1.510,1.590,2,0,1.987,0,0,28,297,1,13,1
30-07 14:56:43,14.378,16.144,68.612,0,0,6341388,4746412,406844,4734048,40044.011,450621.500,0,468.174,0,26.234,2889,2523,1.140,1.510,1.590,1,0,1.009,0,0,28,297,1,13,1
30-07 14:56:44,13.446,14.193,68.225,1.743,0,6339032,4745772,406856,4737016,18314.229,94439.591,617.513,95.615,6.972,9.960,2809,2548,1.140,1.510,1.590,1,1,1.992,0,0,28,297,1,13,1
30-07 14:56:45,3.992,5.489,69.107,20.208,0,6336416,4732824,406872,4752548,44616.801,16086.757,15324.333,99.794,147.695,5.988,2967,3100,1.140,1.510,1.590,0,1,3.992,0,0,28,297,1,13,1
30-07 14:56:46,3.007,4.761,69.913,19.796,0,6328528,4726048,406872,4767116,59538.739,29723.262,14481.746,8.019,154.360,2.005,3004,3171,1.130,1.500,1.580,0,1,2.005,0,0,28,297,1,13,1
30-07 14:56:47,4.764,6.018,69.958,18.555,0,6325768,4714456,406872,4781420,46257.694,23532.047,14186.228,0,146.436,0,2855,3096,1.130,1.500,1.580,0,1,5.015,0,0,28,297,1,13,1
30-07 14:56:48,3.241,6.232,68.303,19.444,0,6323952,4699336,406904,4798244,45191.722,22455.266,16460.548,203.414,183.471,23.931,3562,3866,1.130,1.500,1.580,0,1,3.989,0,0,28,297,1,13,1
