"pcp-dstat 6.2.0 CSV Output"
"Author:","PCP team <pcp@groups.io> and Dag Wieers <dag@wieers.com>",,,,"URL:","https://pcp.io/ and http://dag.wieers.com/home-made/dstat/"
"Host:","ubuntu",,,,"User:","stack"
"Cmdline:","dstat -tcmndrylpg --tcp --output /opt/stack/logs/dstat-csv.log",,,,"Date:","02 Aug 2026 18:49:29 UTC"
"system","total usage",,,,,"memory usage",,,,"net/total",,"dsk/total",,"io/total",,"system",,"load avg",,,"procs",,,"paging",,"tcp sockets",,,,
"time","total usage:usr","total usage:sys","total usage:idl","total usage:wai","total usage:stl","used","free","buf","cach","net/total:recv","net/total:send","dsk/total:read","dsk/total:writ","read","writ","int","csw","1m","5m","15m","run","blk","new","in","out","lis","act","syn","tim","clo"
02-08 18:49:29,,1269856,11143756,273664,3447004,,,,,,,1.460,1.240,0.890,3,0,,,,12,4,0,9,2
02-08 18:49:30,31.570,30.824,35.547,0,0,1276964,11136448,273688,3447132,68591.625,39480.728,0,676.142,0,17.898,5058,2859,1.460,1.240,0.890,1,0,207.814,0,0,12,4,0,9,2
02-08 18:49:31,17.693,24.172,56.319,0,0,1277008,11135980,273804,3447344,132667.936,478315.885,0,1247.992,0,41.866,5042,3093,1.510,1.250,0.900,3,0,133.571,0,0,12,4,0,9,2
02-08 18:49:32,18.308,25.079,54.924,0,0,1275276,11136904,273840,3448100,653680.136,156873.562,0,2905.196,0,348.102,5941,2827,1.510,1.250,0.900,3,0,147.467,0,0,12,4,0,9,2
02-08 18:49:33,23.204,24.202,50.649,0,0,1271848,11140024,273916,3448244,88261.781,41522.099,0,3628.755,0,45.908,4731,2566,1.510,1.250,0.900,2,0,141.717,0,0,12,4,0,9,2
02-08 18:49:34,22.224,24.721,52.188,0,0,1273572,11138020,273960,3448424,70222.658,38906.824,0,1110.682,0,29.964,4364,2450,1.510,1.250,0.900,3,0,126.849,0,0,12,4,0,9,2
02-08 18:49:35,21.401,25.933,51.867,0,0,1270172,11123656,274088,3465372,447789.476,39698.813,0,1482.486,0,36.256,4807,2503,1.510,1.250,0.900,2,0,108.769,0,0,12,4,0,9,2
02-08 18:49:36,39.848,25.154,33.871,0,0,1277484,11108044,274360,3472748,45908.675,23222.314,0,896.576,0,35.863,5844,5239,1.710,1.300,0.910,4,0,77.703,0,0,12,4,0,9,2
02-08 18:49:37,27.901,26.656,44.592,0,0,1267740,11107768,275036,3480340,61631.707,32161.089,0,725.431,0,33.880,4599,2391,1.710,1.300,0.910,2,0,119.576,0,0,12,4,0,9,2
02-08 18:49:38,35.574,26.304,36.325,0.251,0,1281064,11084728,275420,3489208,47246.876,24068.861,56.116,1242.574,2.004,27.056,5029,4258,1.710,1.300,0.910,3,0,94.195,0,0,12,4,0,9,2
02-08 18:49:39,40.756,21.503,37.505,0,0,1273412,11082452,275588,3497756,60734.889,31283.579,0,172.025,0,8.001,4808,4378,1.710,1.300,0.910,2,0,63.009,0,0,12,4,0,9,2
02-08 18:49:40,27.278,14.264,56.557,0.250,0,1401924,10934700,276104,3639280,53164.863,452997.947,40.041,1609.631,2.002,55.056,4472,3824,1.710,1.300,0.910,1,0,17.017,0,0,13,4,0,9,2
02-08 18:49:41,29.684,17.212,52.634,0.249,0,1403652,10920732,276932,3648928,50210.170,147712.950,0,1676.300,0,77.828,3905,2511,1.890,1.340,0.930,3,0,66.852,0,0,13,6,0,9,2
02-08 18:49:42,39.680,12.228,46.418,0,0,1417332,10894360,277476,3659584,61903.227,33952.791,0,1545.260,0,47.915,3626,2008,1.890,1.340,0.930,4,0,31.943,0,0,13,6,0,9,2
02-08 18:49:43,35.284,21.020,42.791,0.250,0,1401684,10890272,278232,3676848,57773.121,29230.889,0,11951.403,0,78.074,4081,2236,1.890,1.340,0.930,5,0,60.057,0,0,13,6,0,9,2
02-08 18:49:44,30.745,21.496,46.242,0.250,0,1415836,10885304,278860,3665904,51632.254,30541.827,23.996,1671.717,2.000,59.990,4504,2790,1.890,1.340,0.930,2,0,101.983,0,0,13,4,0,11,0
02-08 18:49:45,36.874,13.295,47.661,2.007,0,1369744,10930020,278920,3667328,61182.567,32229.815,1581.339,895.022,45.152,16.054,3467,2055,1.890,1.340,0.930,2,0,24.081,0,0,13,4,0,11,0
02-08 18:49:46,37.672,12.306,46.965,3.516,0,1438436,10858508,278968,3670060,46228.405,24342.319,2358.787,196.900,135.620,10.046,3580,2193,2.060,1.390,0.950,3,0,37.170,0,0,13,4,0,11,0
02-08 18:49:47,36.237,6.248,56.230,0.250,0,1471892,10823772,279136,3671004,37337.602,18933.206,75.973,1331.522,1.000,12.995,2504,1374,2.060,1.390,0.950,2,0,1.000,0,0,13,5,0,11,0
02-08 18:49:48,43.676,9.484,44.924,0.499,0,1477848,10810600,279176,3676856,30858.594,16035.767,111.810,13564.963,4.992,435.261,3657,1486,2.060,1.390,0.950,2,0,1.997,0,0,13,4,0,11,0
02-08 18:49:49,40.843,12.278,45.102,0.752,0,1491640,10793744,280224,3678580,32143.910,17628.987,16.036,9509.570,1.002,659.496,5786,6121,2.060,1.390,0.950,4,0,18.041,0,0,13,6,0,11,0
02-08 18:49:50,38.784,19.763,31.867,2.223,0,1526540,10750148,283020,3684088,45109.158,23281.349,0,27900.860,0,2030.609,14586,21502,2.060,1.390,0.950,3,0,22.727,0,0,13,6,0,11,0
02-08 18:49:51,35.726,21.833,34.238,3.225,0,1521432,10749920,285580,3686668,40747.859,448463.636,0,26917.802,0,1852.807,11138,14797,2.460,1.480,0.980,7,0,30.764,0,0,13,6,0,11,0
02-08 18:49:52,46.477,14.730,31.493,4.318,0,1540532,10726736,287888,3688296,35470.733,144405.380,0,22361.719,0,1647.770,11387,16837,2.460,1.480,0.980,3,1,34.540,0,0,13,6,0,11,0
02-08 18:49:53,35.594,22.402,40.074,0.996,0,1423616,10843036,288336,3688456,45972.377,23336.651,0,29554.382,0,477.904,4896,4704,2.460,1.480,0.980,3,0,53.764,0,0,13,4,0,11,0
02-08 18:49:54,47.611,22.420,29.726,0,0,1458580,10807724,288648,3691888,61449.433,33831.801,0,7033.387,0,310.356,5107,16167,2.460,1.480,0.980,5,0,72.551,0,0,14,5,0,11,0
02-08 18:49:55,41.273,10.627,45.722,0,0,1448948,10825756,288712,3681104,45555.477,24835.950,0,692.002,0,23.726,3307,3730,2.460,1.480,0.980,2,0,11.863,0,0,13,4,0,12,0
02-08 18:49:56,42.695,9.292,47.969,0,0,1504244,10770440,288720,3681120,30896.253,16221.161,0,72.331,0,3.014,2953,1593,2.500,1.510,0.990,2,0,18.083,0,0,13,4,0,11,0
02-08 18:49:57,36.323,11.273,51.854,0,0,1502104,10772580,288724,3681116,46459.620,25971.334,0,12.024,0,3.006,3268,1716,2.500,1.510,0.990,1,0,50.101,0,0,13,4,0,11,0
02-08 18:49:58,20.496,6.999,71.738,0,0,1442288,10832380,288724,3681132,61635.384,32701.367,0,3.999,0,1.000,2053,1512,2.500,1.510,0.990,1,0,11.998,0,0,13,4,0,11,0
02-08 18:49:59,23.156,4.782,71.985,0,0,1443832,10830836,288724,3681132,45611.471,23312.149,0,8944.294,0,342.308,2232,1324,2.500,1.510,0.990,1,0,0,0,0,13,4,0,11,0
02-08 18:50:00,21.056,6.441,71.589,0,0,1448312,10826356,288724,3681140,30471.853,15765.540,0,0,0,0,1962,1448,2.500,1.510,0.990,3,0,0.991,0,0,13,4,0,11,0
02-08 18:50:01,24.082,3.010,71.996,0,0,1448456,10826216,288736,3681132,16247.558,8231.146,0,268.920,0,4.014,1878,1270,2.620,1.550,1.010,2,0,3.010,0,0,13,4,0,11,0
02-08 18:50:02,15.488,15.238,68.696,0,0,1338004,10936816,288772,3681124,55883.216,464575.006,0,559.562,0,29.977,3670,2712,2.620,1.550,1.010,2,0,72.943,0,0,13,4,0,11,0
02-08 18:50:03,5.996,22.986,68.709,0,0,1340260,10934548,288776,3681132,64871.123,163315.126,0,59.964,0,4.997,4275,2667,2.620,1.550,1.010,1,0,143.914,0,0,13,4,0,11,0
02-08 18:50:04,7.008,23.779,67.331,0,0,1335144,10939652,288776,3681144,62118.574,32786.361,0,692.832,0,148.178,4345,2551,2.620,1.550,1.010,2,0,124.149,0,0,13,4,0,10,0
02-08 18:50:05,7.227,23.426,67.536,0,0,1334936,10939848,288776,3681156,46093.935,24170.408,0,11.962,0,2.991,4211,2526,2.620,1.550,1.010,2,0,128.593,0,0,13,4,0,10,0
02-08 18:50:06,7.277,24.339,67.747,0,0,1334600,10940176,288776,3681164,62306.065,33053.458,0,16.059,0,4.015,4328,2648,2.570,1.550,1.010,2,0,130.475,0,0,13,4,0,10,0
02-08 18:50:07,10.958,26.399,60.020,0,0,1321976,10952668,288776,3681728,61816.292,32181.769,0,19.924,0,3.985,5268,5058,2.570,1.550,1.010,12,0,144.447,0,0,13,4,0,10,0
02-08 18:50:08,20.035,24.543,54.846,0,0,1330352,10944284,288784,3681732,45916.966,23644.177,0,156.272,0,3.005,4680,4485,2.570,1.550,1.010,9,0,68.119,0,0,13,4,0,6,0
02-08 18:50:09,17.911,18.409,60.451,2.239,0,1303380,10969732,288784,3682972,45606.345,23343.499,1452.812,30672.237,17.911,111.449,3612,2203,2.570,1.550,1.010,2,0,7.961,0,0,13,4,0,6,0
02-08 18:50:10,46.692,28.366,23.597,0.251,0,1379932,10892876,288792,3683556,62586.798,33772.571,269.104,8.033,3.012,2.008,5046,2600,2.570,1.550,1.010,3,0,122.503,0,0,13,4,0,6,0
02-08 18:50:11,44.604,9.773,42.098,2.756,0,1440716,10830992,288792,3684656,60176.252,586051.906,1102.570,0,14.033,0,3608,1971,2.600,1.580,1.020,2,0,4.009,0,0,13,5,0,6,0
02-08 18:50:12,46.823,4.257,48.575,0.501,0,1465088,10806044,288844,3685160,30440.174,15005.254,28.043,0,6.009,0,2769,1216,2.600,1.580,1.020,2,0,0,0,0,13,5,0,6,0
02-08 18:50:13,38.347,12.532,47.370,1.253,0,1481876,10788668,288852,3685736,30242.738,14761.456,493.252,1094.778,4.010,5.013,2831,1605,2.600,1.580,1.020,2,0,2.005,0,0,13,5,0,6,0
02-08 18:50:14,40.070,14.186,45.296,0,0,1500048,10769544,288892,3686648,14912.861,7263.300,0,1501.241,0,294.673,3705,2716,2.600,1.580,1.020,4,0,0,0,0,13,5,0,6,0
02-08 18:50:15,37.529,20.016,41.532,0,0,1523556,10744104,288980,3688304,15362.993,8147.360,0,62128.499,0,204.159,4602,3599,2.600,1.580,1.020,1,0,54.042,0,0,13,6,0,6,0
02-08 18:50:16,24.164,20.388,54.117,0.503,0,1549520,10717684,289112,3688584,32220.334,18358.401,402.729,8.055,11.075,2.014,3951,2283,2.640,1.600,1.030,2,0,88.600,0,0,14,8,0,3,0
02-08 18:50:17,27.938,5.737,65.356,0,0,1594120,10673080,289112,3688588,56914.317,30548.540,0,0,0,0,2264,1458,2.640,1.600,1.030,1,0,0.998,0,0,14,8,0,3,0
02-08 18:50:18,23.007,5.002,71.523,0,0,1631116,10636036,289124,3688588,35399.415,17666.697,0,1732.559,0,5.002,1939,1323,2.640,1.600,1.030,1,0,0,0,0,14,8,0,3,0
02-08 18:50:19,24.502,2.750,71.757,0,0,1636400,10630744,289124,3688596,30996.981,15916.531,0,4.000,0,1.000,1853,1152,2.640,1.600,1.030,1,0,2.000,0,0,14,8,0,3,0
02-08 18:50:20,23.822,3.970,70.225,0,0,1657420,10609392,289168,3688860,16939.417,18341.937,67.496,1731.064,8.933,35.733,2394,1942,2.640,1.600,1.030,2,0,1.985,0,0,14,14,0,3,0
02-08 18:50:21,34.510,5.710,57.600,0.497,0,1659256,10607124,289528,3688932,61196.186,34295.923,0,1600.887,0,205.573,4843,5404,3.070,1.710,1.070,2,0,0,0,0,14,10,0,5,0
02-08 18:50:22,19.781,14.963,64.162,0,0,1649332,10616772,289792,3688940,45766.185,24888.584,0,4714.984,0,236.358,3877,3253,3.070,1.710,1.070,1,0,44.634,0,0,14,14,0,5,0
02-08 18:50:23,19.050,6.433,71.748,1.484,0,1675148,10590828,289816,3689020,43930.542,21726.276,95.004,542.316,12.865,13.855,1862,1316,3.070,1.710,1.070,1,0,0,0,0,14,14,0,5,0
02-08 18:50:24,23.093,3.012,72.541,1.757,0,1680164,10585312,289912,3689368,15551.301,7391.612,365.464,2437.766,13.052,93.374,1856,1304,3.070,1.710,1.070,1,0,0,0,0,14,14,0,5,0
02-08 18:50:25,23.612,6.029,69.579,0,0,1696628,10568524,289932,3689588,40611.036,593693.379,0,2033.616,0,17.081,3155,2803,3.070,1.710,1.070,1,0,2.010,0,0,14,14,0,5,0
02-08 18:50:26,15.178,5.225,69.670,8.709,0,1688744,10575608,289976,3689992,15148.318,7619.942,441.909,0,109.482,0,1947,1410,2.980,1.710,1.080,1,0,6.967,0,0,14,17,0,5,0
02-08 18:50:27,21.360,5.216,70.787,0,0,1681964,10582252,289976,3690128,15321.720,7409.505,0,3.974,0,0.993,3131,3281,2.980,1.710,1.080,1,0,0,0,0,14,21,0,5,0
02-08 18:50:28,18.373,10.067,71.226,0,0,1633268,10630932,289976,3690140,422.825,0,0,4.027,0,1.007,2930,2259,2.980,1.710,1.080,1,0,45.303,0,0,14,20,0,5,0
02-08 18:50:29,20.281,6.260,72.862,0,0,1674548,10589652,289976,3690140,45104.391,23101.541,0,0,0,0,1845,1316,2.980,1.710,1.080,1,0,0,0,0,14,20,0,5,0
02-08 18:50:30,22.997,6.499,70.490,0,0,1697004,10567168,289988,3690140,29751.662,15451.747,0,6175.100,0,576.916,3309,2065,2.980,1.710,1.080,2,0,0,0,0,14,20,0,5,0
02-08 18:50:31,21.728,5.744,71.179,0,0,1689592,10574528,290024,3690156,29921.342,15224.909,0,235.766,0,20.979,2944,2952,2.900,1.720,1.080,1,0,1.998,0,0,14,21,0,5,0
02-08 18:50:32,16.738,11.492,70.701,0,0,1651776,10612332,290032,3690160,15716.997,7614.669,0,131.908,0,7.994,3045,2204,2.900,1.720,1.080,1,0,66.953,0,0,14,20,0,5,0
02-08 18:50:33,28.442,23.408,47.823,0,0,1642528,10621516,290036,3690168,45625.222,24942.499,0,600.054,0,11.075,3833,2173,2.900,1.720,1.080,2,0,89.605,0,0,14,20,0,5,0
02-08 18:50:34,43.000,8.750,47.500,0,0,1712804,10551220,290052,3690168,29711.882,14981.940,0,227.999,0,14.000,3114,1874,2.900,1.720,1.080,2,0,2.000,0,0,14,20,0,5,0
02-08 18:50:35,44.254,8.453,46.491,0,0,1715012,10548992,290052,3690188,29785.253,15273.010,0,0,0,0,4653,4092,2.900,1.720,1.080,2,0,0,0,0,14,22,0,5,0
02-08 18:50:36,44.646,8.231,43.149,0.249,0,1718588,10544960,290080,3690636,15446.892,7506.453,3.991,4768.852,0.998,425.007,7316,8218,2.910,1.740,1.090,3,0,0.998,0,0,14,21,0,6,0
02-08 18:50:37,31.019,32.770,35.021,0.250,0,1609316,10654080,290136,3690776,30725.776,16275.946,0,328.201,0,29.018,5141,3492,2.910,1.740,1.090,3,0,201.123,0,0,14,20,0,6,0
02-08 18:50:38,56.539,40.637,3.534,0,0,1714896,10548492,290140,3690780,45578.128,23824.931,0,181.731,0,15.144,5155,3173,2.910,1.740,1.090,6,0,265.529,0,0,14,20,0,6,0
02-08 18:50:39,72.635,27.362,0.249,0,0,1869544,10393796,290152,3690796,60162.394,31197.084,0,342.278,0,16.915,5628,3838,2.910,1.740,1.090,6,0,115.419,0,0,14,20,0,6,0
02-08 18:50:40,82.609,16.222,0.250,0,0,1994996,10268300,290152,3690816,33220.112,15124.101,0,15.973,0,2.995,6221,4784,2.910,1.740,1.090,8,0,1.997,0,0,14,21,0,6,0
02-08 18:50:41,81.664,15.030,3.257,0,0,2059232,10203844,290160,3691020,39684.885,578360.232,0,92.186,0,6.012,7914,9274,3.240,1.830,1.120,2,0,1.002,0,0,14,26,0,7,0
02-08 18:50:42,67.214,15.492,16.491,0,0,2044488,10218492,290212,3691064,18388.017,9151.032,0,395.785,0,37.979,7189,8067,3.240,1.830,1.120,6,0,49.973,0,0,14,22,0,7,0
02-08 18:50:43,60.620,26.086,11.677,0,0,1896628,10366328,290220,3691080,57306.358,29401.483,0,206.703,0,10.931,6046,5298,3.240,1.830,1.120,3,0,151.052,0,0,14,22,0,7,0
02-08 18:50:44,39.825,11.091,48.395,0,0,1698912,10563836,290280,3691224,45269.925,22882.989,0,467.823,0,41.338,4523,3586,3.240,1.830,1.120,1,0,64.527,0,0,14,20,0,7,0
02-08 18:50:45,17.018,10.511,71.325,0,0,1696472,10566260,290296,3691224,59875.906,31310.896,0,2546.676,0,370.389,3181,1898,3.240,1.830,1.120,1,0,46.048,0,0,14,20,0,5,0
02-08 18:50:46,22.209,4.741,72.366,0,0,1697876,10564824,290328,3691224,29597.312,14844.571,0,642.812,0,30.943,1953,1328,3.140,1.830,1.130,1,0,2.994,0,0,14,20,0,5,0
02-08 18:50:47,23.088,3.724,72.491,0,0,1712188,10550504,290332,3691228,29368.676,14621.281,0,27.805,0,2.979,2149,1746,3.140,1.830,1.130,2,0,0,0,0,14,21,0,5,0
02-08 18:50:48,22.979,4.246,71.684,0,0,1703576,10559108,290332,3691236,14842.343,7289.293,0,0,0,0,2721,2589,3.140,1.830,1.130,1,0,0,0,0,14,21,0,5,0
02-08 18:50:49,20.638,7.299,70.976,0,0,1672616,10590028,290368,3691240,15196.859,7411.678,0,293.970,0,27.182,3252,2944,3.140,1.830,1.130,1,0,39.263,0,0,14,20,0,5,0
02-08 18:50:50,17.024,10.264,71.850,0,0,1659796,10602844,290372,3691240,30510.609,17099.880,0,120.168,0,7.010,2289,1540,3.140,1.830,1.130,1,0,31.043,0,0,14,20,0,5,0
02-08 18:50:51,21.907,4.730,71.946,0,0,1668944,10593680,290388,3691240,29687.399,15293.298,0,573.573,0,17.924,1870,1284,3.050,1.830,1.130,1,0,0,0,0,14,20,0,5,0
02-08 18:50:52,21.916,5.038,71.794,0,0,1678384,10584228,290396,3691244,29636.719,15029.964,0,36.275,0,4.031,2320,1905,3.050,1.830,1.130,1,0,2.015,0,0,14,20,0,5,0
02-08 18:50:53,22.840,3.972,69.762,0,0,1676020,10586524,290436,3691272,29325.789,15134.097,0,135.055,0,16.882,3443,3680,3.050,1.830,1.130,2,0,0,0,0,14,20,0,5,0
02-08 18:50:54,12.484,16.978,67.661,0,0,1626016,10636524,290452,3691260,15585.494,8424.915,0,191.748,0,6.991,3269,1904,3.050,1.830,1.130,1,0,97.871,0,0,14,20,0,5,0
02-08 18:50:55,17.496,31.992,47.239,0,0,1601348,10661144,290468,3691272,70839.212,587078.868,0,179.957,0,7.998,5595,12983,3.050,1.830,1.130,1,0,205.951,0,0,14,20,0,6,0
02-08 18:50:56,5.976,25.400,64.994,0,0,1598168,10664284,290512,3691268,52230.259,28808.520,0,856.626,0,30.878,4509,2497,2.960,1.840,1.140,1,0,158.376,0,0,14,20,0,6,0
02-08 18:50:57,8.305,31.962,58.135,0,0,1594580,10667844,290532,3691276,55067.125,29332.490,0,185.228,0,15.100,4924,2969,2.960,1.840,1.140,3,0,209.388,0,0,14,20,0,5,0
02-08 18:50:58,34.186,43.236,19.607,0,0,1621268,10641136,290536,3691288,61423.587,32758.442,0,96.526,0,11.060,4996,2862,2.960,1.840,1.140,4,0,240.309,0,0,14,20,0,5,0
02-08 18:50:59,64.916,32.708,0,0,0,1737504,10524852,290536,3691304,60672.932,32484.202,0,11.985,0,2.996,4909,2688,2.960,1.840,1.140,5,0,169.782,0,0,14,20,0,5,0
02-08 18:51:00,78.662,17.980,0.250,0,0,1871044,10391304,290536,3691308,30971.292,15174.994,0,0,0,0,5121,2921,2.960,1.840,1.140,5,0,0,0,0,14,20,0,5,0
02-08 18:51:01,83.933,14.239,1.249,0,0,1944280,10318052,290536,3691324,29747.166,15285.753,0,771.382,0,159.872,6186,4362,3.210,1.910,1.160,7,0,1.998,0,0,14,21,0,5,0
02-08 18:51:02,68.541,9.898,19.053,0,0,1972980,10289324,290536,3691352,15136.485,7607.338,0,0,0,0,6941,7191,3.210,1.910,1.160,4,0,0,0,0,14,24,0,6,0
02-08 18:51:03,59.742,8.786,29.620,0,0,1974832,10287308,290544,3691508,29831.942,15042.986,0,172.700,0,12.049,6588,6775,3.210,1.910,1.160,4,0,0,0,0,14,25,0,6,0
02-08 18:51:04,74.981,13.291,11.536,0,0,1953312,10308728,290600,3691548,421.298,0,0,766.361,0,38.117,6867,9101,3.210,1.910,1.160,7,0,32.099,0,0,14,23,0,6,0
02-08 18:51:05,78.655,19.539,1.252,0,0,1910364,10351596,290676,3691552,15467.523,7442.687,0,504.997,0,51.101,6541,7621,3.210,1.910,1.160,6,0,60.119,0,0,14,20,0,7,0
02-08 18:51:06,71.349,28.540,0.250,0,0,1790940,10470972,290688,3691588,45964.097,24884.702,0,396.553,0,44.061,5268,3127,3.430,1.970,1.190,7,0,155.216,0,0,14,20,0,7,0
02-08 18:51:07,75.872,23.788,0.250,0,0,1864696,10397192,290740,3691560,54055.970,448014.802,0,941.515,0,43.069,5813,4439,3.430,1.970,1.190,6,0,69.111,0,0,14,20,0,7,0
02-08 18:51:08,84.079,14.720,1.497,0,0,1956056,10305756,290756,3691628,32040.703,135447.967,0,119.756,0,11.976,6148,6167,3.430,1.970,1.190,8,0,0,0,0,14,21,0,8,0
02-08 18:51:09,84.873,13.480,1.248,0,0,2011104,10250552,290756,3691784,29666.624,14636.107,0,0,0,0,7254,8488,3.430,1.970,1.190,8,0,0,0,0,14,22,0,8,0
02-08 18:51:10,76.954,19.488,2.998,0,0,1913736,10347764,290756,3691884,29922.264,15410.865,0,7.995,0,1.999,7391,10034,3.430,1.970,1.190,5,0,84.950,0,0,14,22,0,8,0
02-08 18:51:11,64.730,15.071,17.541,0,0,1906256,10355072,290756,3692052,48589.783,23071.450,0,7.906,0,1.976,7169,8939,3.560,2.020,1.210,6,0,66.212,0,0,14,22,0,10,0
02-08 18:51:12,44.646,19.422,34.808,0,0,1757864,10503388,290800,3692076,57265.316,31884.466,0,460.076,0,35.313,6518,6046,3.560,2.020,1.210,2,0,96.858,0,0,14,20,0,11,0
02-08 18:51:13,34.573,19.179,46.687,0,0,1675004,10586244,290804,3692076,45036.366,23516.019,0,125.171,0,7.066,3693,2142,3.560,2.020,1.210,2,0,54.510,0,0,14,20,0,11,0
02-08 18:51:14,42.279,9.202,47.502,0,0,1717036,10544172,290840,3692080,29319.088,14677.451,0,198.962,0,18.901,3098,1810,3.560,2.020,1.210,4,0,0,0,0,14,21,0,11,0
02-08 18:51:15,42.917,7.486,47.908,0,0,1729272,10531880,290880,3692096,30087.066,15342.457,0,602.839,0,30.940,4745,4701,3.560,2.020,1.210,2,0,0,0,0,14,22,0,11,0
02-08 18:51:16,39.298,15.918,42.780,0,0,1683972,10577084,290940,3692128,15022.899,7632.826,0,405.917,0,39.796,5858,5703,3.590,2.060,1.230,2,0,60.689,0,0,14,23,0,12,0
02-08 18:51:17,40.661,40.156,18.184,0,0,1698036,10562980,290972,3692136,45731.062,25020.808,0,3596.337,0,464.695,6349,4747,3.590,2.060,1.230,4,0,238.409,0,0,14,24,0,12,0
02-08 18:51:18,63.173,25.368,9.451,0,0,1688620,10572364,290976,3692160,45138.013,24234.374,0,202.948,0,10.943,4506,2241,3.590,2.060,1.230,3,0,84.562,0,0,14,24,0,12,0
02-08 18:51:19,65.010,12.048,22.088,0,0,1787908,10473076,290988,3692148,54023.241,453690.003,0,144.579,0,7.028,4130,1819,3.590,2.060,1.230,3,0,2.008,0,0,14,24,0,12,0
02-08 18:51:20,59.815,10.512,26.779,0,0,1817296,10443660,291016,3692148,33564.735,145715.478,0,388.425,0,21.023,5118,3787,3.590,2.060,1.230,3,0,1.001,0,0,14,24,0,13,0
02-08 18:51:21,56.265,7.371,30.467,0,0,1817076,10443660,291060,3692324,14776.350,7634.366,0,322.357,0,27.518,6309,6435,3.630,2.090,1.240,4,0,0,0,0,14,26,0,13,0
02-08 18:51:22,51.047,22.270,22.521,0,0,1799056,10461608,291072,3692352,15211.881,7302.664,0,212.194,0,13.012,6318,6195,3.630,2.090,1.240,6,0,102.093,0,0,14,26,0,11,0
02-08 18:51:23,70.555,27.410,1.269,0,0,1786372,10474240,291128,3692348,60605.493,32071.705,0,406.074,0,34.516,5890,5796,3.630,2.090,1.240,4,0,119.792,0,0,14,24,0,11,0
02-08 18:51:24,75.468,21.813,0,0,0,1786656,10473908,291128,3692396,29497.109,14862.885,0,0,0,0,4721,1996,3.630,2.090,1.240,5,0,40.116,0,0,14,24,0,11,0
02-08 18:51:25,81.998,13.500,1.750,0,0,1869252,10391304,291164,3692368,29710.150,14657.581,0,883.975,0,47.999,5138,3057,3.630,2.090,1.240,4,0,2.000,0,0,14,24,0,11,0
02-08 18:51:26,72.258,15.837,9.156,0,0,1896780,10363636,291172,3692428,14704.929,7368.302,0,83.146,0,9.898,6026,7169,3.820,2.160,1.270,7,0,6.929,0,0,14,26,0,11,0
02-08 18:51:27,68.551,23.604,7.784,0,0,1833984,10426068,291360,3692596,31002.151,16795.761,0,2695.839,0,151.666,7039,9675,3.820,2.160,1.270,6,0,114.503,0,0,14,26,0,11,0
02-08 18:51:28,72.780,26.011,1.000,0,0,1877656,10382344,291368,3692640,59664.611,31689.071,0,96.040,0,8.003,6556,7160,3.820,2.160,1.270,5,0,112.046,0,0,14,25,0,11,0
02-08 18:51:29,71.075,20.450,7.731,0,0,1814416,10445568,291368,3692652,45559.057,23677.821,0,7.980,0,1.995,4873,2681,3.820,2.160,1.270,3,0,99.755,0,0,14,24,0,11,0
02-08 18:51:30,62.885,11.434,23.613,0,0,1847276,10412684,291368,3692676,43893.073,22405.869,0,7.954,0,0.994,5948,5413,3.820,2.160,1.270,5,0,0,0,0,14,25,0,12,1
02-08 18:51:31,50.602,9.519,37.325,0,0,1847240,10412684,291368,3692712,29650.542,14811.744,0,4.008,0,1.002,6891,7568,3.830,2.190,1.280,2,0,2.004,0,0,14,27,0,13,0
02-08 18:51:32,55.161,14.793,28.333,0.251,0,1784432,10475432,291416,3692720,15130.193,7317.373,0,429.254,0,29.085,7133,7119,3.830,2.190,1.280,6,0,58.170,0,0,14,25,0,15,0
02-08 18:51:33,40.828,40.828,17.533,0,0,1671904,10587904,291444,3692744,51511.002,457520.456,0,340.648,0,24.046,5317,3786,3.830,2.190,1.280,3,0,241.459,0,0,14,24,0,15,0
02-08 18:51:34,63.427,14.483,22.474,0,0,1774964,10484836,291452,3692744,46836.062,146585.189,0,163.811,0,9.988,3959,1618,3.830,2.190,1.280,4,0,2.997,0,0,14,24,0,15,0
02-08 18:51:35,62.761,11.090,24.953,0,0,1818220,10441520,291488,3692768,14976.969,7355.905,0,1141.294,0,28.230,5052,3890,3.830,2.190,1.280,3,0,0,0,0,14,25,0,15,0
02-08 18:51:36,58.779,8.680,29.762,0,0,1778820,10480836,291540,3692800,29178.193,15658.527,0,341.265,0,30.754,6860,7214,3.760,2.200,1.290,4,0,6.944,0,0,14,26,0,16,0
02-08 18:51:37,49.508,35.435,14.325,0,0,1782248,10477304,291560,3692884,15710.934,9650.328,0,233.216,0,14.073,6760,7409,3.760,2.200,1.290,4,0,216.127,0,0,14,24,0,16,0
02-08 18:51:38,64.160,24.029,10.900,0,0,1764136,10495388,291572,3692896,59227.092,32473.236,0,3567.181,0,467.697,5301,2340,3.760,2.200,1.290,3,0,67.380,0,0,14,24,0,15,0
02-08 18:51:39,65.051,9.507,23.518,0,0,1799900,10459604,291580,3692908,33435.299,14831.666,0,104.082,0,7.006,3613,1327,3.760,2.200,1.290,4,0,0,0,0,14,24,0,15,0
02-08 18:51:40,64.104,9.690,23.107,0,0,1844540,10414800,291600,3693048,26161.438,14663.445,0,485.005,0,23.853,4925,3489,3.760,2.200,1.290,4,0,1.988,0,0,14,25,0,15,0
02-08 18:51:41,61.436,9.820,26.186,0,0,1844528,10414800,291600,3693060,29808.787,15534.369,0,8.057,0,1.007,5719,4857,3.460,2.160,1.290,2,0,0,0,0,14,27,0,15,0
02-08 18:51:42,59.877,10.773,26.556,0,0,1812356,10446804,291608,3693220,15296.461,7650.235,0,308.655,0,50.106,6954,7056,3.460,2.160,1.290,3,0,23.049,0,0,14,26,0,14,0
02-08 18:51:43,57.908,18.631,23.163,0,0,1748316,10510780,291648,3693244,45387.766,23848.014,0,350.469,0,28.199,5620,4679,3.460,2.160,1.290,5,0,61.433,0,0,14,24,0,15,0
02-08 18:51:44,55.535,20.082,23.305,0,0,1752820,10506260,291656,3693236,29949.218,14863.539,0,150.738,0,7.934,3959,1874,3.460,2.160,1.290,3,0,29.751,0,0,14,24,0,15,0
02-08 18:51:45,62.657,12.030,25.564,0,0,1814172,10444848,291688,3693256,29785.663,15320.403,0,485.216,0,25.063,4245,2700,3.460,2.160,1.290,3,0,0,0,0,14,27,0,15,0
02-08 18:51:46,60.962,9.953,25.629,0,0,1817628,10441320,291744,3693268,14845.770,7474.640,0,278.682,0,27.868,6267,5968,3.430,2.180,1.290,4,0,2.986,0,0,14,26,0,15,0
02-08 18:51:47,50.134,31.677,16.711,0,0,1792172,10466728,291752,3693304,46584.361,25263.625,0,179.585,0,10.975,6733,7322,3.430,2.180,1.290,5,0,144.666,0,0,14,26,0,16,0
02-08 18:51:48,64.794,34.928,1.772,0,0,1728508,10530328,291784,3693332,58344.681,586131.694,0,344.216,0,26.322,6007,4992,3.430,2.180,1.290,8,0,226.778,0,0,14,24,0,16,0
02-08 18:51:49,67.019,32.139,0,0,0,1849180,10409640,291792,3693340,60888.816,32591.496,0,175.395,0,14.948,5452,4077,3.430,2.180,1.290,7,0,218.247,0,0,14,25,0,16,0
02-08 18:51:50,72.746,27.248,0.250,0,0,1948632,10310152,291804,3693364,60632.251,33329.939,0,319.980,0,13.999,5455,4163,3.430,2.180,1.290,10,0,167.990,0,0,14,25,0,16,0
02-08 18:51:51,76.827,23.349,0.251,0,0,2013256,10245388,291812,3693512,47131.591,27173.651,0,68.291,0,4.017,6578,6777,3.710,2.260,1.330,10,0,133.568,0,0,14,25,0,16,0
02-08 18:51:52,73.682,23.897,1.494,0,0,2058044,10200532,291836,3693556,60656.113,34475.151,0,159.312,0,13.940,7324,8521,3.710,2.260,1.330,6,0,143.381,0,0,14,27,0,16,0
02-08 18:51:53,67.839,30.039,2.003,0,0,2040300,10218216,291868,3693596,53639.014,29093.976,0,184.240,0,15.020,7448,9528,3.710,2.260,1.330,8,0,176.230,0,0,14,25,0,17,0
02-08 18:51:54,69.342,29.433,0.748,0,0,2000488,10257992,291868,3693632,53938.161,31498.266,0,0,0,0,7644,7940,3.710,2.260,1.330,12,0,210.521,0,0,14,27,0,17,0
02-08 18:51:55,70.155,27.614,1.244,0,0,2005100,10253192,291916,3696452,62545.411,34858.571,0,425.905,0,35.824,7423,12851,3.710,2.260,1.330,8,0,202.007,0,0,14,25,0,17,0
02-08 18:51:56,69.270,30.590,1.011,0,0,1926164,10332056,291948,3693820,55908.262,461894.651,0,335.731,0,21.236,6288,11673,3.900,2.320,1.350,6,0,221.461,0,0,14,24,0,18,0
02-08 18:51:57,75.613,22.634,0.995,0,0,1878336,10379860,291956,3693832,60493.475,141064.222,0,147.247,0,7.959,6199,6060,3.900,2.320,1.350,5,0,56.710,0,0,14,25,0,18,0
02-08 18:51:58,84.253,14.293,1.254,0,0,1928492,10329668,291972,3693852,29747.246,14768.307,0,148.445,0,10.030,6436,5889,3.900,2.320,1.350,6,0,2.006,0,0,14,25,0,18,0
02-08 18:51:59,64.523,24.165,10.214,0,0,1929164,10328800,291980,3694036,45809.930,24709.122,0,3810.602,0,483.301,8084,8253,3.900,2.320,1.350,4,0,132.534,0,0,14,26,0,17,0
02-08 18:52:00,60.515,20.580,15.925,0,0,1840836,10417072,291988,3694080,43724.015,22277.531,0,160.721,0,7.840,7051,8319,3.900,2.320,1.350,4,0,91.141,0,0,14,26,0,17,0
02-08 18:52:01,56.584,22.685,19.881,0,0,1798920,10458952,291988,3694116,61464.407,34286.795,0,8.156,0,2.039,7255,7781,3.900,2.350,1.370,3,0,122.344,0,0,14,25,0,17,0
02-08 18:52:02,28.635,24.900,44.073,0,0,1607968,10649904,291988,3694116,49120.218,23567.107,0,15.936,0,2.988,5170,3239,3.900,2.350,1.370,3,0,169.318,0,0,14,24,0,17,0
02-08 18:52:03,7.033,25.119,66.816,0,0,1599176,10658696,291988,3694116,58262.301,33448.049,0,4.019,0,1.005,4613,2701,3.900,2.350,1.370,1,0,170.807,0,0,14,24,0,16,0
02-08 18:52:04,11.971,34.665,51.873,0,0,1604480,10653364,292000,3694128,60607.388,31859.878,0,267.344,0,11.971,4995,3086,3.900,2.350,1.370,3,0,224.450,0,0,14,24,0,16,0
02-08 18:52:05,31.203,44.433,23.714,0,0,1634024,10623748,292052,3694148,60418.037,261705.985,0,607.086,0,41.937,5738,3896,3.900,2.350,1.370,6,0,243.633,0,0,14,24,0,16,0
02-08 18:52:06,56.038,42.912,1.515,0,0,1735708,10522060,292052,3694152,58788.921,354520.699,0,557.356,0,5.049,5454,3851,4.150,2.430,1.400,6,0,374.600,0,0,14,25,0,16,0
02-08 18:52:07,68.091,31.292,1.001,0,0,1842188,10415420,292052,3694312,61082.889,32052.971,0,16.021,0,4.005,5813,5101,4.150,2.430,1.400,5,0,251.337,0,0,14,26,0,15,0
02-08 18:52:08,78.996,18.939,0.748,0,0,1889624,10367960,292080,3694308,45053.409,22776.901,0,354.861,0,22.926,6117,6178,4.150,2.430,1.400,5,0,46.850,0,0,14,25,0,15,0
02-08 18:52:09,80.491,17.748,2.250,0,0,1961992,10295508,292104,3694368,29647.822,14590.436,0,195.979,0,17.998,6676,7461,4.150,2.430,1.400,6,0,19.998,0,0,14,24,0,15,1
02-08 18:52:10,73.461,23.081,1.985,0,0,1981384,10276024,292164,3694396,29376.319,15230.180,0,329.580,0,28.789,6173,6760,4.150,2.430,1.400,6,0,114.162,0,0,14,25,0,15,0
02-08 18:52:11,80.120,18.140,3.023,0,0,1982964,10274188,292204,3694604,16408.049,7768.149,0,362.809,0,28.218,6014,7047,4.220,2.470,1.410,5,0,46.359,0,0,14,24,0,14,0
02-08 18:52:12,72.955,24.731,0.495,0,0,1943348,10313792,292216,3694620,15535.790,7347.969,0,217.630,0,13.849,5669,5414,4.220,2.470,1.410,5,0,107.826,0,0,14,25,0,14,0
02-08 18:52:13,82.741,16.599,0.754,0,0,1966792,10290276,292220,3694664,15064.438,7472.364,0,370.198,0,35.209,6260,6876,4.220,2.470,1.410,6,0,2.012,0,0,14,26,0,14,0
02-08 18:52:14,64.786,12.507,21.512,0.250,0,2009788,10247224,292224,3694716,14744.192,7462.146,0,144.080,0,8.004,7485,9583,4.220,2.470,1.410,3,0,0,0,0,14,29,0,14,0
02-08 18:52:15,70.904,11.063,17.097,0,0,2009972,10247000,292248,3694744,662.776,0,0,229.306,0,20.115,6702,7899,4.220,2.470,1.410,4,0,0,0,0,14,27,0,11,0
02-08 18:52:16,58.832,16.246,21.908,0,0,1991724,10265112,292280,3694848,14864.067,7554.129,0,196.927,0,14.770,8022,9020,4.120,2.480,1.420,6,0,32.493,0,0,14,28,0,11,0
02-08 18:52:17,67.617,10.780,17.149,0,0,2028456,10228176,292324,3695004,1198.491,0,0,317.507,0,26.459,7122,7188,4.120,2.480,1.420,5,0,0,0,0,14,26,0,13,0
02-08 18:52:18,66.491,20.617,15.205,0,0,1959348,10297104,292324,3695180,16019.681,7688.210,0,177.309,0,9.278,7255,9106,4.120,2.480,1.420,4,0,69.068,0,0,14,27,0,12,0
02-08 18:52:19,78.513,18.253,2.750,0,0,1901900,10354468,292364,3695220,719.118,0,0,332.054,0,30.005,7156,9245,4.120,2.480,1.420,5,0,32.005,0,0,14,26,0,11,0
02-08 18:52:20,80.202,19.108,0.754,0,0,1889728,10366568,292424,3695232,15241.927,7663.202,0,4831.236,0,560.158,7590,7926,4.120,2.480,1.420,5,0,30.170,0,0,14,25,0,11,0
02-08 18:52:21,78.126,18.601,1.984,0,0,1938392,10317708,292432,3695416,415.680,146.827,0,146.827,0,6.945,6789,6862,4.190,2.520,1.440,4,0,29.762,0,0,14,27,0,11,0
02-08 18:52:22,84.994,13.579,1.509,0,0,1950736,10305304,292440,3695464,241.404,0,0,197.147,0,11.064,6357,8371,4.190,2.520,1.440,5,0,2.012,0,0,14,26,0,13,0
02-08 18:52:23,61.624,21.360,14.485,0,0,1934412,10321568,292456,3695504,15001.014,7229.949,0,157.130,0,7.857,7069,8386,4.190,2.520,1.440,4,0,69.726,0,0,14,27,0,12,0
02-08 18:52:24,71.143,12.318,14.581,0,0,1974752,10281052,292456,3695680,2986.516,2031.233,0,0,0,0,7095,9342,4.190,2.520,1.440,3,0,0,0,0,14,28,0,13,0
02-08 18:52:25,52.942,9.328,36.303,0,0,1991564,10264196,292456,3695720,362.024,0,0,4.034,0,1.008,7110,7923,4.190,2.520,1.440,3,0,2.017,0,0,14,29,0,15,0
02-08 18:52:26,60.785,15.509,21.762,0,0,1984964,10270756,292488,3695744,15146.623,7448.240,0,248.141,0,20.011,6937,7679,4.340,2.580,1.470,5,0,34.019,0,0,14,27,0,16,0
02-08 18:52:27,68.088,13.267,17.272,0,0,2020492,10235012,292496,3695916,479.621,0,0,128.166,0,8.010,7213,8913,4.340,2.580,1.470,9,0,3.004,0,0,14,28,0,18,0
02-08 18:52:28,67.181,10.671,18.190,0,0,1984420,10271048,292500,3695948,349.242,0,0,112.534,0,7.761,7292,7768,4.340,2.580,1.470,4,0,6.791,0,0,14,28,0,20,0
02-08 18:52:29,64.749,25.280,11.092,0,0,1921824,10333596,292508,3695988,494.258,0,0,123.823,0,7.223,6826,8192,4.340,2.580,1.470,7,0,99.058,0,0,14,26,0,20,0
02-08 18:52:30,73.764,23.505,3.001,0,0,1861368,10393856,292528,3696160,14978.887,7561.457,0,3820.736,0,520.100,7523,9908,4.340,2.580,1.470,6,0,113.022,0,0,14,26,0,20,0
02-08 18:52:31,81.211,17.438,0.747,0,0,1850500,10404664,292560,3696188,596.876,189.326,0,215.234,0,19.929,6043,8482,4.470,2.640,1.490,8,0,20.926,0,0,14,26,0,18,0
02-08 18:52:32,79.728,17.245,2.999,0,0,1935704,10319268,292568,3696368,649.821,0,0,135.963,0,7.998,6125,6915,4.470,2.640,1.490,6,0,16.995,0,0,14,26,0,18,0
02-08 18:52:33,78.857,18.835,2.260,0,0,1954104,10300820,292576,3696404,481.179,0,0,128.582,0,7.032,6692,7817,4.470,2.640,1.490,5,0,70.319,0,0,14,26,0,19,0
02-08 18:52:34,72.226,13.651,12.162,0,0,1961008,10293864,292588,3696444,17228.938,9304.461,0,119.135,0,7.942,7115,9187,4.470,2.640,1.490,6,0,2.978,0,0,14,26,0,19,0
02-08 18:52:35,75.437,21.982,2.748,0,0,1917808,10337016,292724,3696352,418.650,0,0,2174.181,0,122.897,6549,7693,4.470,2.640,1.490,6,0,67.943,0,0,14,26,0,19,0
02-08 18:52:36,77.141,20.856,1.256,0,0,1866808,10387716,292728,3696644,482.448,148.755,0,56.286,0,6.031,6729,7010,4.590,2.690,1.520,5,0,31.158,0,0,14,26,0,17,0
02-08 18:52:37,82.427,13.319,4.775,0,0,1958716,10295760,292728,3696684,541.807,0,0,1021.290,0,4.021,7265,8845,4.590,2.690,1.520,3,0,2.010,0,0,14,28,0,18,0
02-08 18:52:38,79.010,12.592,6.420,0,0,1982980,10271316,292744,3696848,752.568,0,0,158.020,0,13.827,7589,9615,4.590,2.690,1.520,5,0,0,0,0,14,26,0,22,0
02-08 18:52:39,73.215,24.153,1.761,0,0,1854080,10400136,292772,3696912,361.296,0,0,354.251,0,25.160,6950,9823,4.590,2.690,1.520,6,0,176.119,0,0,14,26,0,22,0
02-08 18:52:40,78.281,21.828,1.004,0,0,1816292,10437860,292804,3696944,15029.952,7454.760,0,317.138,0,22.079,6478,7459,4.590,2.690,1.520,7,0,36.130,0,0,14,25,0,21,0
02-08 18:52:41,82.252,15.500,1.500,0,0,1917824,10336304,292812,3696960,881.025,148.004,0,116.003,0,7.000,6260,5928,4.630,2.730,1.540,5,0,0,0,0,14,25,0,21,0
02-08 18:52:42,76.889,20.470,2.496,0,0,1950680,10303428,292828,3696960,359.479,0,0,115.832,0,6.990,6022,5967,4.630,2.730,1.540,6,0,91.867,0,0,14,27,0,21,0
02-08 18:52:43,68.352,15.434,13.474,0,0,1966264,10287552,292844,3697232,293.008,0,0,145.034,0,8.820,7238,9639,4.630,2.730,1.540,7,0,3.920,0,0,14,27,0,22,0
02-08 18:52:44,80.074,19.954,1.535,0,0,1863008,10390772,292860,3697252,245.594,0,0,274.246,0,35.816,5735,5930,4.630,2.730,1.540,6,0,82.888,0,0,14,26,0,21,0
02-08 18:52:45,75.666,21.831,1.240,0,0,1907072,10346548,292860,3697412,716.470,0,0,4747.357,0,560.672,7147,6590,4.630,2.730,1.540,5,0,38.701,0,0,14,26,0,22,0
02-08 18:52:46,83.797,14.344,2.265,0,0,1986892,10266692,292908,3697400,15068.396,8018.359,0,289.893,0,23.151,7025,9063,4.740,2.790,1.560,6,0,3.020,0,0,14,26,0,22,0
02-08 18:52:47,78.685,19.546,1.504,0,0,1974180,10279312,292948,3697448,486.143,0,0,216.509,0,19.045,6467,7424,4.740,2.790,1.560,6,0,76.179,0,0,14,25,0,22,0
02-08 18:52:48,76.106,22.208,1.996,0,0,1894420,10358860,293004,3697620,239.547,0,0,271.487,0,21.958,7026,9801,4.740,2.790,1.560,5,0,101.808,0,0,14,25,0,21,0
02-08 18:52:49,75.428,24.137,0.251,0,0,1804552,10448632,293040,3697676,662.764,0,0,301.714,0,21.120,6090,4820,4.740,2.790,1.560,5,0,115.657,0,0,14,24,0,21,0
02-08 18:52:50,78.095,16.859,3.967,0,0,1891968,10361168,293052,3697704,357.008,0,0,178.504,0,8.925,5426,5274,4.740,2.790,1.560,4,0,24.792,0,0,14,25,0,21,0
02-08 18:52:51,63.658,12.232,22.468,0,0,1916844,10336220,293064,3697764,746.921,147.787,0,147.787,0,7.988,6787,9071,4.600,2.790,1.570,5,0,0,0,0,14,27,0,24,0
02-08 18:52:52,68.399,17.348,11.896,0,0,1859332,10392668,293080,3698808,178.433,0,0,618.568,0,8.922,6808,8643,4.600,2.790,1.570,4,0,35.687,0,0,14,27,0,24,0
02-08 18:52:53,80.363,15.004,5.595,0,0,1875728,10376160,293140,3698860,1020.305,0,0,276.693,0,25.431,6238,7228,4.600,2.790,1.570,4,0,43.742,0,0,14,24,0,24,0
02-08 18:52:54,69.566,28.277,2.252,0,0,1815632,10436212,293172,3698868,16194.325,8389.940,0,248.235,0,20.019,5332,4371,4.600,2.790,1.570,4,0,126.119,0,0,14,24,0,24,0
02-08 18:52:55,78.516,20.688,0.249,0,0,1894788,10357028,293172,3698896,53234.032,448020.116,0,0,0,0,5151,3043,4.600,2.790,1.570,5,0,62.812,0,0,14,24,0,24,0
02-08 18:52:56,79.638,17.975,2.746,0,0,1941172,10310600,293172,3699108,32336.580,139815.615,0,0,0,0,6377,14477,4.710,2.840,1.590,4,0,36.948,0,0,14,26,0,24,0
02-08 18:52:57,57.342,17.980,19.681,0,0,1908860,10342564,293224,3699212,14612.422,7469.975,3.888,217.704,0.972,17.494,7309,9059,4.710,2.840,1.590,7,0,63.173,0,0,14,26,0,24,0
02-08 18:52:58,73.173,23.877,4.365,0,0,1897964,10353280,293236,3699380,15612.238,7727.041,0,119.130,0,11.297,6332,9301,4.710,2.840,1.590,4,0,67.781,0,0,14,26,0,24,0
02-08 18:52:59,64.333,12.966,20.447,0,0,1920316,10330876,293236,3699428,45181.856,22753.008,0,3.990,0,0.997,7389,7698,4.710,2.840,1.590,3,0,23.938,0,0,14,25,0,25,0
02-08 18:53:00,49.252,26.773,23.994,0,0,1832428,10418764,293236,3699428,29775.304,15105.875,0,16.165,0,2.021,5357,3463,4.710,2.840,1.590,3,0,115.173,0,0,14,25,0,26,0
02-08 18:53:01,59.982,16.359,22.059,0,0,1807488,10443688,293236,3699444,29456.402,14839.737,0,4469.370,0,503.647,5649,3590,4.570,2.850,1.600,4,0,25.777,0,0,14,24,0,26,0
02-08 18:53:02,60.843,15.023,23.536,0,0,1887048,10364120,293236,3699452,16021.386,7307.122,0,0,0,0,4423,2598,4.570,2.850,1.600,3,0,10.015,0,0,14,25,0,26,0
02-08 18:53:03,60.387,10.437,27.584,0,0,1918788,10332220,293244,3699600,15004.913,7318.064,0,115.308,0,1.988,5798,5968,4.570,2.850,1.600,3,0,0,0,0,14,27,0,27,0
02-08 18:53:04,58.916,9.944,27.842,0,0,1906760,10344172,293284,3699636,14951.358,7547.274,0,123.302,0,15.910,7408,7957,4.570,2.850,1.600,3,0,1.989,0,0,14,26,0,28,0
02-08 18:53:05,51.475,23.854,23.603,0,0,1810668,10440200,293308,3699668,15565.128,7490.787,0,96.422,0,12.053,6683,6172,4.570,2.850,1.600,5,0,119.523,0,0,14,25,0,28,0
02-08 18:53:06,62.291,16.075,21.098,0,0,1852228,10398624,293308,3699684,1113.196,148.694,0,12.056,0,2.009,6012,5305,4.450,2.850,1.610,4,0,1.005,0,0,14,25,0,28,0
02-08 18:53:07,62.087,13.519,22.782,0,0,1785932,10464852,293332,3699728,15242.313,7630.670,0,124.174,0,12.017,5997,5209,4.450,2.850,1.610,5,0,20.028,0,0,14,24,0,28,0
02-08 18:53:08,60.022,14.943,23.162,0,0,1804160,10446456,293344,3699880,298.865,0,0,514.047,0,11.955,6511,6729,4.450,2.850,1.610,3,0,11.955,0,0,14,26,0,30,0
02-08 18:53:09,65.797,11.552,21.597,0,0,1817892,10432612,293344,3699988,15567.204,7787.118,0,212.960,0,38.172,7101,6864,4.450,2.850,1.610,3,0,3.014,0,0,14,25,0,32,0
02-08 18:53:10,51.754,25.379,21.398,0,0,1747320,10503172,293344,3700000,358.296,0,0,7.962,0,1.991,5399,3989,4.450,2.850,1.610,5,0,84.598,0,0,14,25,0,32,0
02-08 18:53:11,66.163,11.824,21.635,0,0,1814828,10435648,293344,3700016,15069.097,7490.775,0,8.050,0,1.006,5877,4829,4.410,2.870,1.620,5,0,0,0,0,14,26,0,33,0
02-08 18:53:12,63.172,10.900,22.791,0,0,1830896,10419548,293344,3700048,915.617,0,0,3.964,0,0.991,7020,7095,4.410,2.870,1.620,3,0,0,0,0,14,26,0,34,0
02-08 18:53:13,48.387,9.325,40.575,0,0,1830640,10419548,293344,3700308,361.897,0,0,217.743,0,3.024,7130,8253,4.410,2.870,1.620,3,0,2.016,0,0,14,27,0,35,0
02-08 18:53:14,54.243,10.699,32.347,0,0,1790520,10459616,293368,3700336,14786.049,7261.646,0,83.604,0,11.943,7071,7499,4.410,2.870,1.620,3,0,25.878,0,0,14,25,0,36,0
02-08 18:53:15,42.649,35.123,21.074,0.251,0,1694724,10555376,293400,3700340,360.257,0,0,132.462,0,14.049,5435,3452,4.410,2.870,1.620,4,0,168.588,0,0,14,24,0,36,0
02-08 18:53:16,52.581,23.286,23.536,0,0,1758724,10491368,293400,3700348,522.810,148.230,0,4.006,0,1.002,4445,2217,4.300,2.870,1.630,3,0,69.107,0,0,14,25,0,36,0
02-08 18:53:17,64.349,11.814,23.126,0,0,1812008,10437972,293504,3700348,15545.393,7661.593,0,1781.672,0,92.502,5339,4452,4.300,2.870,1.630,3,0,0,0,0,14,25,0,36,0
02-08 18:53:18,60.076,8.937,28.549,0.248,0,1831572,10418344,293524,3700388,982.077,0,0,254.208,0,18.867,6260,6599,4.300,2.870,1.630,3,0,0,0,0,14,25,0,37,0
02-08 18:53:19,46.079,28.395,23.662,0,0,1780780,10469076,293544,3700424,716.340,0,0,159.408,0,9.963,6108,5389,4.300,2.870,1.630,5,0,128.523,0,0,14,25,0,37,0
02-08 18:53:20,61.418,14.611,22.536,0,0,1829088,10420608,293556,3700572,297.183,0,0,110.948,0,5.944,5435,5205,4.300,2.870,1.630,3,0,1.981,0,0,14,25,0,37,0
02-08 18:53:21,64.952,11.329,23.413,0,0,1844652,10405012,293564,3700592,15206.882,7701.625,0,3991.794,0,514.583,6621,5392,4.190,2.870,1.640,3,0,2.014,0,0,14,26,0,36,0
02-08 18:53:22,55.661,17.126,26.193,0,0,1766936,10482660,293604,3700620,892.593,0,0,370.738,0,39.290,6071,5446,4.190,2.870,1.640,3,0,74.551,0,0,14,24,0,36,0
02-08 18:53:23,57.542,18.013,23.267,0,0,1790360,10459224,293640,3700596,599.436,0,0,252.183,0,22.016,5045,3912,4.190,2.870,1.640,3,0,18.013,0,0,14,24,0,37,0
02-08 18:53:24,52.737,23.494,23.244,0,0,1787760,10461784,293640,3700632,359.914,0,0,3.999,0,1.000,4523,2183,4.190,2.870,1.640,3,0,94.977,0,0,14,24,0,37,0
02-08 18:53:25,64.108,12.771,23.289,0,0,1820328,10429124,293712,3700648,15369.797,7795.084,0,1378.313,0,65.109,5340,4141,4.190,2.870,1.640,3,0,2.003,0,0,14,25,0,34,0
02-08 18:53:26,56.957,9.410,29.965,0,0,1849380,10399920,293720,3700792,356.603,146.604,0,55.472,0,6.934,6799,7481,4.100,2.880,1.640,3,0,0.991,0,0,14,26,0,35,0
02-08 18:53:27,60.625,17.641,19.629,0,0,1774404,10474764,293720,3700924,654.947,0,0,0,0,0,6501,6883,4.100,2.880,1.640,4,0,48.699,0,0,14,26,0,35,1
02-08 18:53:28,62.473,15.305,21.326,0,0,1809164,10439988,293720,3700940,704.518,0,0,116.416,0,3.011,7625,7697,4.100,2.880,1.640,4,0,2.007,0,0,14,26,0,36,0
02-08 18:53:29,60.213,14.612,23.430,0,0,1795964,10453092,293768,3700984,645.966,0,0,310.386,0,29.225,6061,5437,4.100,2.880,1.640,5,0,30.232,0,0,14,26,0,29,0
02-08 18:53:30,57.187,18.648,22.875,0,0,1767220,10481820,293768,3701000,358.042,0,0,3.978,0,0.995,5023,3857,4.100,2.880,1.640,4,0,57.685,0,0,14,25,0,29,0
02-08 18:53:31,45.620,29.578,23.311,0,0,1792216,10456712,293768,3701112,49906.312,37949.852,0,4.011,0,1.003,6377,5766,4.170,2.910,1.660,3,0,140.369,0,0,14,25,0,30,0
02-08 18:53:32,43.167,11.043,45.175,0,0,1705792,10542960,293784,3701268,45303.330,22866.496,0,132.513,0,12.047,5976,5985,4.170,2.910,1.660,3,0,27.105,0,0,14,25,0,30,0
02-08 18:53:33,37.149,15.311,45.432,0,0,1722804,10525936,293784,3701280,41346.332,573766.330,0,100.401,0,2.008,5329,4672,4.170,2.910,1.660,2,0,45.181,0,0,14,24,0,30,0
02-08 18:53:34,35.419,17.460,46.644,0,0,1766296,10482440,293784,3701284,29791.204,14690.569,0,3.991,0,0.998,3680,1987,4.170,2.910,1.660,2,0,65.850,0,0,14,24,0,30,0
02-08 18:53:35,42.922,8.435,47.139,0,0,1765800,10482796,293812,3701392,15099.450,7597.857,0,571.626,0,26.795,3566,2560,4.170,2.910,1.660,3,0,0,0,0,14,25,0,30,0
02-08 18:53:36,45.851,8.314,44.843,0,0,1763736,10484776,293824,3701464,15030.915,7827.846,0,3095.667,0,441.374,5986,5305,4.080,2.910,1.670,2,0,1.008,0,0,14,24,0,30,0
02-08 18:53:37,33.505,21.753,43.757,0,0,1724112,10524180,294004,3701496,15746.491,7459.180,0,2408.381,0,143.023,5570,4856,4.080,2.910,1.670,3,0,105.017,0,0,14,24,0,29,0
02-08 18:53:38,30.510,21.507,46.515,0,0,1690396,10557904,294004,3701500,15202.940,7460.424,0,0,0,0,4097,2279,4.080,2.910,1.670,2,0,94.031,0,0,14,24,0,29,0
02-08 18:53:39,40.503,10.751,48.003,0,0,1736120,10512176,294008,3701500,659.042,0,0,196.013,0,8.001,3177,2088,4.080,2.910,1.670,2,0,0,0,0,14,24,0,29,0
02-08 18:53:40,43.604,8.721,46.594,0,0,1760256,10488024,294008,3701516,14925.970,7337.406,0,51.826,0,7.973,4363,3900,4.080,2.910,1.670,3,0,1.993,0,0,14,25,0,29,0
02-08 18:53:41,45.499,6.676,45.004,0,0,1760236,10488024,294024,3701516,678.528,146.388,0,146.388,0,11.869,5953,6281,3.910,2.900,1.670,2,0,0,0,0,14,25,0,25,0
02-08 18:53:42,41.341,11.413,47.174,0,0,1681620,10566452,294044,3701684,15071.438,7730.504,0,113.624,0,13.189,4663,4221,3.910,2.900,1.670,4,0,9.131,0,0,14,24,0,25,0
02-08 18:53:43,38.774,13.344,47.335,0,0,1736456,10511592,294068,3701684,482.413,0,0,153.083,0,13.093,3230,1978,3.910,2.900,1.670,2,0,28.200,0,0,14,25,0,25,0
02-08 18:53:44,43.431,7.897,46.639,0,0,1740456,10507560,294092,3701692,14782.439,7491.901,0,288.226,0,12.832,3898,3075,3.910,2.900,1.670,2,0,0,0,0,14,26,0,25,0
02-08 18:53:45,44.054,8.010,46.056,0,0,1742636,10505320,294120,3701720,862.049,0,0,372.453,0,55.067,5890,6726,3.910,2.900,1.670,2,0,0,0,0,14,25,0,24,0
02-08 18:53:46,42.431,9.541,46.950,0,0,1710796,10537132,294132,3701736,421.800,190.814,0,148.634,0,10.043,4670,4616,3.760,2.880,1.670,2,0,8.034,0,0,14,24,0,24,0
02-08 18:53:47,36.014,16.506,47.018,0,0,1689584,10558328,294132,3701752,15106.737,7688.920,0,0,0,0,3481,1818,3.760,2.880,1.670,2,0,56.021,0,0,14,24,0,24,0
02-08 18:53:48,42.400,8.729,47.887,0,0,1724528,10523340,294168,3701756,359.154,0,0,478.872,0,28.932,3386,2325,3.760,2.880,1.670,2,0,0,0,0,14,24,0,24,0
02-08 18:53:49,44.062,8.215,45.306,0,0,1747184,10500660,294168,3701780,357.471,0,0,0,0,0,5658,5816,3.760,2.880,1.670,3,0,1.991,0,0,14,25,0,24,0
02-08 18:53:50,42.760,10.564,46.029,0,0,1709040,10538740,294216,3701796,15456.819,7340.555,0,313.905,0,31.189,5300,5240,3.760,2.880,1.670,2,0,5.031,0,0,14,24,0,24,0
02-08 18:53:51,31.782,21.021,46.047,0,0,1698632,10549148,294216,3701796,539.551,148.151,0,8.008,0,1.001,4054,2204,3.620,2.870,1.680,2,0,99.101,0,0,14,24,0,24,0
02-08 18:53:52,41.437,10.983,47.178,0,0,1729416,10518348,294248,3701776,479.268,0,0,2256.554,0,346.471,4166,2653,3.620,2.870,1.680,2,0,1.997,0,0,14,25,0,24,0
02-08 18:53:53,44.951,7.741,45.450,0,0,1747460,10500132,294248,3701948,478.474,0,0,0,0,0,5141,5322,3.620,2.870,1.680,2,0,0,0,0,14,25,0,22,0
02-08 18:53:54,36.373,17.190,44.345,0.249,0,1698940,10548628,294280,3701940,15328.376,7432.000,0,235.177,0,23.916,5304,4830,3.620,2.870,1.680,4,0,88.690,0,0,14,25,0,22,0
02-08 18:53:55,16.073,39.931,42.442,0,0,1634084,10613416,294308,3701976,601.727,0,0,305.384,0,23.105,5492,3707,3.620,2.870,1.680,2,0,255.156,0,0,14,24,0,22,0
02-08 18:53:56,38.050,19.756,39.025,0,0,1716108,10531376,294316,3703376,468.302,144.393,0,179.516,0,7.805,3797,4589,4.050,2.970,1.710,5,0,70.245,0,0,14,24,0,22,0
02-08 18:53:57,50.319,13.093,37.996,0,0,1753560,10493908,294328,3701984,1091.617,0,0,168.415,0,14.377,3946,12058,4.050,2.970,1.710,2,0,2.054,0,0,14,24,0,21,0
02-08 18:53:58,42.706,9.490,46.952,0,0,1760300,10487144,294336,3702000,15080.504,8067.710,0,115.881,0,6.993,4235,3606,4.050,2.970,1.710,2,0,1.998,0,0,14,26,0,21,0
02-08 18:53:59,44.292,7.714,44.292,0,0,1759696,10487708,294344,3702032,655.916,0,0,107.495,0,6.967,6937,8369,4.050,2.970,1.710,2,0,0,0,0,14,26,0,22,0
02-08 18:54:00,36.922,16.577,45.713,0,0,1604864,10642504,294372,3702040,825.852,0,0,245.143,0,20.094,4473,3427,4.050,2.970,1.710,2,0,76.356,0,0,14,24,0,22,0
02-08 18:54:01,38.518,13.006,48.023,0,0,1696340,10551028,294372,3702040,801.379,148.070,0,0,0,0,2869,1572,3.880,2.950,1.720,2,0,2.001,0,0,14,24,0,22,0
02-08 18:54:02,43.500,8.500,47.001,0,0,1745096,10502220,294412,3702052,350.004,0,0,584.007,0,29.000,3822,2926,3.880,2.950,1.720,3,0,0,0,0,14,24,0,20,0
02-08 18:54:03,44.114,7.477,46.357,0,0,1745200,10501968,294412,3702200,698.846,0,0,7.975,0,0.997,5117,5161,3.880,2.950,1.720,5,0,0,0,0,14,26,0,20,0
02-08 18:54:04,44.758,8.502,43.508,0,0,1745640,10501492,294420,3702228,15098.774,7621.400,0,424.078,0,6.001,6801,7508,3.880,2.950,1.720,2,0,2.000,0,0,14,26,0,20,0
02-08 18:54:05,38.376,14.548,45.901,0,0,1674768,10572304,294452,3702248,480.579,0,0,212.699,0,21.069,4974,4519,3.880,2.950,1.720,2,0,56.185,0,0,14,24,0,20,0
02-08 18:54:06,29.449,25.456,44.173,0,0,1688100,10558936,294452,3702284,566.015,147.743,0,31.944,0,2.995,4322,2359,3.810,2.950,1.720,2,0,132.769,0,0,14,24,0,18,0
02-08 18:54:07,26.944,29.190,42.412,0,0,1696400,10550616,294452,3702320,358.258,0,0,0,0,0,5017,3110,3.810,2.950,1.720,2,0,166.655,0,0,14,24,0,18,0
02-08 18:54:08,25.979,10.846,62.552,0,0,1694960,10552032,294472,3702324,423.738,0,0,2324.503,0,376.319,4406,3177,3.810,2.950,1.720,1,0,51.454,0,0,14,24,0,18,0
02-08 18:54:09,9.689,19.129,69.063,0,0,1662184,10584772,294472,3702360,595.233,0,0,0,0,0,3194,2151,3.810,2.950,1.720,2,0,90.428,0,0,14,24,0,18,0
02-08 18:54:10,21.537,5.510,72.625,0,0,1663644,10583288,294492,3702360,583.005,0,0,576.995,0,29.050,1982,1469,3.810,2.950,1.720,1,0,2.003,0,0,14,24,0,14,0
02-08 18:54:11,22.497,4.999,71.991,0,0,1681976,10564952,294492,3702364,45461.616,57769.159,0,43.995,0,4.999,2464,2078,3.590,2.920,1.720,1,0,0,0,0,14,24,0,14,0
02-08 18:54:12,23.967,3.745,70.152,0,0,1681072,10565816,294528,3702368,29430.896,15056.971,0,223.688,0,21.969,3645,3933,3.590,2.920,1.720,1,0,0,0,0,14,24,0,14,0
02-08 18:54:13,11.997,17.246,69.733,0,0,1645800,10601068,294536,3702380,29823.579,15236.209,0,123.969,0,6.998,3439,2182,3.590,2.920,1.720,1,0,100.975,0,0,14,24,0,14,0
02-08 18:54:14,20.281,6.510,72.612,0,0,1658608,10588260,294576,3702340,14878.885,7697.840,0,452.696,0,23.035,1846,1339,3.590,2.920,1.720,1,0,0,0,0,14,24,0,11,0
02-08 18:54:15,21.757,5.252,72.523,0,0,1675652,10571164,294584,3702384,16376.221,7736.466,0,68.022,0,4.001,2353,1957,3.590,2.920,1.720,1,0,0,0,0,14,24,0,11,0
02-08 18:54:16,22.393,5.032,71.204,0,0,1676076,10570660,294640,3702404,15011.716,7817.847,0,438.798,0,67.430,3615,3838,3.380,2.890,1.720,1,0,3.019,0,0,14,24,0,11,0
02-08 18:54:17,12.642,14.873,70.896,0,0,1590160,10656556,294656,3702404,14907.962,7299.795,0,111.054,0,6.941,3259,2179,3.380,2.890,1.720,1,0,93.206,0,0,14,24,0,11,0
02-08 18:54:18,19.536,6.763,73.135,0,0,1631224,10615480,294668,3702404,643.191,0,0,112.208,0,7.013,1761,1287,3.380,2.890,1.720,1,0,0,0,0,14,24,0,9,0
02-08 18:54:19,21.505,5.001,72.016,0,0,1667460,10579204,294704,3702408,15485.350,7687.663,0,632.137,0,33.007,2533,2214,3.380,2.890,1.720,1,0,2.000,0,0,14,24,0,9,0
02-08 18:54:20,23.203,4.990,71.356,0,0,1667660,10578980,294712,3702424,479.031,0,0,67.863,0,6.986,3175,3251,3.380,2.890,1.720,1,0,0,0,0,14,25,0,9,0
02-08 18:54:21,23.507,4.501,70.019,0,0,1667756,10578728,294724,3702564,15744.379,7836.179,0,128.036,0,12.003,4325,4996,3.190,2.860,1.710,2,0,0,0,0,14,24,0,9,0
02-08 18:54:22,17.257,9.754,71.778,0,0,1643504,10602952,294748,3702568,747.288,0,0,76.029,0,10.004,2356,1807,3.190,2.860,1.710,4,0,32.012,0,0,14,24,0,9,0
02-08 18:54:23,21.760,5.753,73.033,0,0,1684948,10561504,294748,3702572,15288.004,7623.493,0,0,0,0,1736,1196,3.190,2.860,1.710,2,0,0,0,0,14,24,0,9,0
02-08 18:54:24,21.518,5.004,71.811,0,0,1693068,10553360,294768,3702576,300.253,0,0,1193.006,0,213.180,3121,2936,3.190,2.860,1.710,1,0,0,0,0,14,25,0,9,0
02-08 18:54:25,22.731,5.246,70.443,0,0,1689632,10556776,294768,3702596,538.562,0,0,0,0,0,4050,4580,3.190,2.860,1.710,1,0,1.998,0,0,14,25,0,9,0
02-08 18:54:26,16.455,11.718,69.559,0,0,1656280,10590128,294768,3702600,15602.178,7651.001,0,11.967,0,1.995,3545,2815,3.010,2.830,1.710,1,0,68.811,0,0,14,24,0,7,0
02-08 18:54:27,6.524,27.852,64.486,0,0,1643032,10603312,294768,3702660,421.542,0,0,4.015,0,1.004,4239,2544,3.010,2.830,1.710,1,0,161.591,0,0,14,24,0,7,0
02-08 18:54:28,18.988,33.229,46.221,0.250,0,1634304,10611972,294828,3702664,418.736,0,0,555.650,0,32.979,4899,3036,3.010,2.830,1.710,3,0,185.883,0,0,14,24,0,9,0
02-08 18:54:29,41.223,10.493,46.469,0.500,0,1724724,10521364,294860,3702820,58165.513,608681.243,171.886,0,5.996,0,3367,1818,3.010,2.830,1.710,2,0,0.999,0,0,14,24,0,9,0
02-08 18:54:30,42.005,8.251,47.756,1.500,0,1800888,10442384,294988,3705352,40443.683,20078.325,1232.143,1080.125,15.002,14.002,3058,1638,3.010,2.830,1.710,2,1,2.000,0,0,14,24,0,8,0
02-08 18:54:31,37.597,15.437,40.585,3.237,0,1805224,10431496,297500,3709048,18787.458,9284.175,944.153,20787.310,20.915,1683.143,10011,13113,3.010,2.830,1.720,2,1,61.748,0,0,14,28,0,8,0
02-08 18:54:32,41.718,15.238,36.722,2.248,0,1698824,10531048,300632,3712356,29508.282,14808.599,0,24569.085,0,2244.272,12951,17818,3.010,2.830,1.720,6,0,66.948,0,0,14,28,0,8,0
02-08 18:54:33,39.181,17.330,36.167,3.767,0,1746624,10478380,304092,3713640,15565.735,8187.733,0,32771.025,0,2618.065,11329,18945,3.010,2.830,1.720,2,1,36.167,0,0,14,28,0,8,0
02-08 18:54:34,43.042,11.942,37.817,3.732,0,1794496,10428988,306024,3713168,44053.954,22337.973,0,26181.386,0,1886.875,8898,12040,3.010,2.830,1.720,4,0,9.952,0,0,14,24,0,7,0
02-08 18:54:35,41.823,10.518,47.834,0.250,0,1762368,10461060,306068,3713172,30301.250,14617.689,0,753.324,0,32.056,3044,1648,3.010,2.830,1.720,2,0,5.009,0,0,14,24,0,7,0
02-08 18:54:36,42.920,10.542,46.183,0.251,0,1821280,10401840,306336,3713188,15094.933,7515.841,0,6333.145,0,313.244,3669,2553,3.010,2.830,1.720,2,0,2.008,0,0,14,24,0,7,0
02-08 18:54:37,41.268,13.425,40.522,0.994,0,1864656,10356508,308048,3713380,44609.131,22871.378,0,10154.892,0,1188.317,9358,12156,3.010,2.830,1.720,3,0,2.983,0,0,14,26,0,7,0
02-08 18:54:38,38.701,14.827,40.962,2.513,0,1893404,10325272,310200,3713652,29837.770,14830.929,0,9730.473,0,1555.066,11622,16784,3.010,2.830,1.720,4,0,2.010,0,0,14,26,0,6,0
02-08 18:54:39,35.042,16.770,46.555,0,0,1725468,10493032,310356,3713668,29896.583,14609.388,0,1173.397,0,123.147,4500,3252,3.010,2.830,1.720,2,0,67.080,0,0,14,24,0,6,0
02-08 18:54:40,21.240,10.745,66.969,0,0,1740424,10478028,310364,3713704,30409.025,15418.914,0,587.730,0,24.989,2566,1774,3.010,2.830,1.720,3,0,33.984,0,0,14,24,0,6,0
02-08 18:54:41,22.857,6.028,71.585,0.502,0,1778864,10439248,310700,3713704,44448.092,22302.413,0,6277.389,0,256.199,2476,2336,2.850,2.800,1.720,1,0,2.009,0,0,14,24,0,6,0
02-08 18:54:42,20.662,5.725,72.191,0,0,1782372,10435708,310728,3713704,14791.704,7264.912,0,131.438,0,12.945,1830,1371,2.850,2.800,1.720,1,0,0,0,0,14,24,0,6,0
02-08 18:54:43,21.247,3.250,72.490,2.250,0,1776780,10441252,310732,3713744,29451.949,14655.984,39.994,47.993,3.000,3.000,1725,1084,2.850,2.800,1.720,1,0,2.000,0,0,14,24,0,6,0
02-08 18:54:44,19.998,7.749,71.492,0,0,1657564,10560444,310732,3713768,36823.054,575696.303,0,0,0,0,2233,1897,2.850,2.800,1.720,1,0,1.000,0,0,14,24,0,6,0
02-08 18:54:45,21.755,5.251,72.767,0,0,1707956,10510048,310732,3713768,29462.881,14823.462,0,0,0,0,1859,1284,2.850,2.800,1.720,1,0,2.000,0,0,14,24,0,6,0
02-08 18:54:46,20.981,5.995,72.434,0,0,1733128,10484876,310732,3713768,29503.974,14858.390,0,3.996,0,0.999,2002,1470,2.700,2.770,1.720,1,0,2.997,0,0,14,24,0,6,0
02-08 18:54:47,21.267,5.504,72.309,0,0,1733112,10484876,310732,3713784,15257.404,7301.936,0,1741.416,0,177.144,2133,1290,2.700,2.770,1.720,1,0,1.001,0,0,14,24,0,6,0
02-08 18:54:48,22.491,4.998,72.220,0,0,1733100,10484876,310756,3713784,59385.932,30121.285,0,175.926,0,11.995,2166,1726,2.700,2.770,1.720,1,0,0,0,0,14,24,0,6,0
02-08 18:54:49,20.663,7.469,70.703,0,0,1741216,10476576,310944,3713776,29408.409,15176.221,0,5401.301,0,257.916,2626,2224,2.700,2.770,1.720,1,0,3.983,0,0,14,24,0,6,0
02-08 18:54:50,21.561,4.262,73.208,0.752,0,1740972,10476576,310964,3713948,15083.853,7804.171,152.433,373.060,6.017,66.188,1758,1163,2.700,2.770,1.720,1,0,0,0,0,14,24,0,6,0
02-08 18:54:51,21.729,5.245,72.180,0,0,1708404,10509084,310964,3714004,14901.620,7760.511,0,0,0,0,1809,1247,2.560,2.740,1.710,2,0,0.999,0,0,14,24,0,5,0
02-08 18:54:52,21.404,5.540,72.522,0,0,1735868,10481616,310964,3714008,45455.014,23426.536,0,16.116,0,4.029,1959,1434,2.560,2.740,1.710,1,0,2.014,0,0,14,24,0,5,0
02-08 18:54:53,22.637,3.483,71.891,0,0,1764344,10453140,310964,3714008,29391.262,15325.486,0,0,0,0,1702,1161,2.560,2.740,1.710,1,0,0,0,0,14,24,0,5,0
02-08 18:54:54,19.952,6.484,71.578,0,0,1775140,10442344,310964,3714008,29466.267,15430.958,0,3.990,0,0.998,1853,1281,2.560,2.740,1.710,1,0,1.995,0,0,14,24,0,5,0
02-08 18:54:55,19.610,7.794,71.400,0,0,1780868,10436604,310972,3714008,14945.707,7500.005,0,209.172,0,2.011,1802,1262,2.560,2.740,1.710,1,0,2.011,0,0,14,24,0,4,0
02-08 18:54:56,23.142,2.986,72.661,0,0,1782800,10434588,310972,3714092,15030.816,7570.650,0,139.349,0,31.851,1704,1011,2.440,2.710,1.710,1,0,0.995,0,0,14,24,0,4,0
02-08 18:54:57,34.017,15.008,48.775,0,0,1711228,10506160,310980,3713900,14983.539,7623.836,0,40.020,0,2.001,3551,13518,2.440,2.710,1.710,1,0,37.019,0,0,14,24,0,5,0
02-08 18:54:58,22.505,4.251,71.767,0,0,1711184,10506160,310992,3714116,15632.611,8489.961,0,228.053,0,14.003,1961,1517,2.440,2.710,1.710,2,0,2.000,0,0,14,24,0,5,0
02-08 18:54:59,20.265,6.505,72.302,0,0,1679028,10538304,310996,3714124,44592.028,23038.547,0,316.227,0,15.011,1999,1561,2.440,2.710,1.710,1,0,1.001,0,0,14,24,0,4,0
02-08 18:55:00,21.687,6.730,70.545,0,0,1718832,10498488,311004,3714128,55452.068,462063.005,0,47.861,0,4.986,2392,1669,2.440,2.710,1.710,1,0,0,0,0,14,24,0,4,0
02-08 18:55:01,25.052,20.292,51.857,0,0,1740276,10477012,311016,3714144,31770.587,141961.063,0,344.712,0,75.155,4226,2494,2.560,2.730,1.720,4,0,151.312,0,0,14,24,0,4,0
02-08 18:55:02,25.967,27.715,43.445,0,0,1741968,10475276,311020,3714168,29955.132,15058.963,0,2117.323,0,9.987,4805,2893,2.560,2.730,1.720,2,0,198.749,0,0,14,24,0,4,0
02-08 18:55:03,27.750,24.750,44.749,0,0,1647440,10569748,311024,3714184,15861.773,7619.891,0,20.000,0,5.000,4811,2865,2.560,2.730,1.720,2,0,193.997,0,0,14,24,0,3,0
02-08 18:55:04,22.037,10.267,66.362,0,0,1680728,10536492,311028,3714148,15628.446,7632.916,0,8.014,0,2.003,2398,1633,2.560,2.730,1.720,2,0,30.051,0,0,14,24,0,3,0
02-08 18:55:05,21.997,3.749,71.490,0,0,1711164,10506032,311032,3714168,30115.913,16009.827,0,0,0,0,1795,1269,2.560,2.730,1.720,1,0,0,0,0,14,24,0,3,0
02-08 18:55:06,22.020,5.005,72.067,0,0,1684148,10533004,311044,3714192,44830.453,22704.995,0,308.285,0,3.003,1907,1347,2.600,2.740,1.730,1,0,2.002,0,0,14,24,0,3,0
02-08 18:55:07,21.690,5.734,71.552,0,0,1688128,10529024,311044,3714192,30650.315,16452.542,0,454.744,0,93.741,2065,1351,2.600,2.740,1.730,1,0,1.994,0,0,14,24,0,3,0
02-08 18:55:08,21.220,5.492,70.901,0,0,1727052,10490068,311068,3714200,44717.418,22666.278,0,171.760,0,14.979,1961,1440,2.600,2.740,1.730,1,0,1.997,0,0,14,24,0,3,0
02-08 18:55:09,23.250,6.431,69.749,0,0,1750484,10466632,311092,3714180,14875.750,7538.788,0,308.675,0,17.808,2030,1459,2.600,2.740,1.730,1,0,0,0,0,14,24,0,3,0
02-08 18:55:10,17.741,9.124,69.445,0,0,1709668,10507348,311096,3714276,30777.694,16131.449,0,44.607,0,4.055,2457,1529,2.600,2.740,1.730,2,0,44.607,0,0,14,24,0,3,0
02-08 18:55:11,9.738,31.462,53.685,0,0,1667952,10548944,311108,3714380,61089.908,34304.394,0,7.990,0,1.998,4751,3183,2.470,2.710,1.720,2,0,223.729,0,0,14,24,0,3,0
02-08 18:55:12,6.018,24.323,66.451,0,0,1670212,10546684,311108,3714380,62388.431,31272.452,0,453.369,0,8.024,4367,2702,2.470,2.710,1.720,1,0,154.467,0,0,14,24,0,3,0
02-08 18:55:13,6.489,24.457,66.133,0,0,1672988,10543900,311108,3714388,45765.366,25143.699,0,171.697,0,1.996,4294,2739,2.470,2.710,1.720,2,0,153.729,0,0,14,24,0,3,0
02-08 18:55:14,7.256,24.018,65.300,0,0,1661724,10555160,311108,3714392,73153.308,603368.428,0,352.271,0,4.003,4865,3112,2.470,2.710,1.720,1,0,153.118,0,0,14,24,0,3,0
02-08 18:55:15,6.974,21.919,67.502,0,0,1660488,10556372,311116,3714408,60473.609,33716.010,0,374.622,0,8.967,4007,2559,2.470,2.710,1.720,1,0,114.579,0,0,14,24,0,3,0
02-08 18:55:16,5.753,24.512,67.784,0,0,1649512,10567344,311116,3714412,46483.568,24558.452,0,92.047,0,2.001,4225,2638,2.350,2.680,1.720,2,0,144.073,0,0,14,24,0,3,0
02-08 18:55:17,7.008,24.279,64.578,0,0,1648804,10568048,311116,3714416,60829.144,32447.016,0,740.891,0,144.173,4309,2550,2.350,2.680,1.720,2,0,134.161,0,0,14,24,0,3,0
02-08 18:55:18,5.999,24.248,66.993,0.250,0,1644328,10572512,311136,3714408,61115.052,32904.797,7.999,159.984,2.000,9.999,4310,2815,2.350,2.680,1.720,1,0,128.987,0,0,14,24,0,3,0
02-08 18:55:19,6.790,23.136,68.905,0,0,1639788,10577008,311156,3714432,61338.841,33074.569,0,305.799,0,15.089,4243,2818,2.350,2.680,1.720,1,0,144.852,0,0,14,24,0,3,0
02-08 18:55:20,11.705,15.690,69.486,0,0,1633524,10583264,311156,3714436,45943.287,24305.571,0,39.848,0,2.989,3235,2128,2.350,2.680,1.720,1,0,71.727,0,0,14,24,0,3,0
02-08 18:55:21,20.236,6.745,71.949,0,0,1660996,10555808,311156,3714420,51906.900,26770.866,0,11.991,0,0.999,2000,1495,2.240,2.650,1.720,1,0,0,0,0,14,24,0,3,0
02-08 18:55:22,22.525,5.256,70.829,0,0,1700476,10516328,311156,3714420,47930.717,575404.871,0,632.709,0,89.100,2328,1536,2.240,2.650,1.720,1,0,0,0,0,14,24,0,3,0
02-08 18:55:23,21.156,5.973,72.179,0,0,1728436,10488368,311156,3714420,30351.201,14605.134,0,0,0,0,1846,1217,2.240,2.650,1.720,1,0,3.982,0,0,14,24,0,3,0
02-08 18:55:24,22.484,3.997,72.200,0,0,1739736,10477068,311156,3714420,14964.621,7584.739,0,19.986,0,1.999,1712,1118,2.240,2.650,1.720,1,0,0,0,0,14,24,0,3,0
02-08 18:55:25,20.585,6.025,72.801,0,0,1703488,10513312,311164,3714416,14857.519,7489.009,0,92.383,0,2.008,1714,1186,2.240,2.650,1.720,1,0,1.004,0,0,14,24,0,3,0
02-08 18:55:26,21.470,5.243,72.148,0,0,1701716,10515084,311164,3714416,15475.183,7960.777,0,0,0,0,1914,1390,2.140,2.620,1.710,1,0,2.996,0,0,14,24,0,3,0
02-08 18:55:27,22.257,8.753,67.772,0,0,1702668,10514132,311164,3714416,44630.779,23691.845,0,0,0,0,2178,1363,2.140,2.620,1.710,1,0,8.003,0,0,14,24,0,3,0
02-08 18:55:28,21.030,6.009,71.352,0,0,1729284,10487484,311180,3714432,29813.800,14973.496,0,576.828,0,82.118,2232,1718,2.140,2.620,1.710,2,0,0,0,0,14,24,0,3,0
02-08 18:55:29,23.730,3.497,71.939,0,0,1675060,10541664,311204,3714452,30819.954,14753.532,0,439.628,0,21.981,1931,1343,2.140,2.620,1.710,1,0,2.997,0,0,14,24,0,3,0
02-08 18:55:30,20.270,6.256,72.820,0,0,1675060,10541664,311212,3714444,15349.811,7465.203,0,48.046,0,4.004,1819,1418,2.140,2.620,1.710,1,0,0,0,0,14,24,0,3,0
02-08 18:55:31,22.224,4.744,72.165,0,0,1704796,10511928,311212,3714444,44964.777,22797.016,0,0,0,0,1832,1221,2.050,2.600,1.710,1,0,0,0,0,14,24,0,3,0
02-08 18:55:32,19.774,7.008,72.588,0,0,1734028,10482696,311212,3714444,29867.199,15000.180,0,0,0,0,1874,1259,2.050,2.600,1.710,2,0,4.005,0,0,14,24,0,1,0
02-08 18:55:33,23.742,2.749,72.476,0,0,1738804,10477908,311212,3714456,30198.862,15234.886,0,43.985,0,1.999,1725,1130,2.050,2.600,1.710,2,0,0,0,0,14,24,0,1,0
02-08 18:55:34,20.007,6.502,72.774,0,0,1697128,10519580,311212,3714460,16354.426,7634.533,0,156.052,0,36.012,1888,1384,2.050,2.600,1.710,1,0,2.001,0,0,14,24,0,1,0
02-08 18:55:35,21.975,4.495,71.917,0,0,1697132,10519596,311216,3714436,30025.447,15781.838,0,55.936,0,1.998,1794,1228,2.050,2.600,1.710,1,0,1.998,0,0,14,24,0,1,0
02-08 18:55:36,20.286,6.011,71.626,0,0,1737956,10478772,311216,3714436,29883.635,15288.929,0,12.021,0,2.004,1797,1258,1.970,2.570,1.700,2,0,2.004,0,0,14,24,0,1,0
02-08 18:55:37,19.437,7.476,72.264,0,0,1753580,10463148,311216,3714436,29702.015,14867.454,0,0,0,0,1747,1176,1.970,2.570,1.700,1,0,0.997,0,0,14,24,0,1,0
02-08 18:55:38,24.582,2.508,71.990,0,0,1705316,10511376,311228,3714460,29810.257,15615.996,0,184.615,0,11.037,1840,1266,1.970,2.570,1.700,1,0,3.010,0,0,14,24,0,1,0
02-08 18:55:39,20.755,6.502,71.017,0,0,1705372,10511320,311240,3714448,26472.261,451580.803,0,312.074,0,15.004,2321,1793,1.970,2.570,1.700,1,0,0,0,0,14,24,0,1,0
02-08 18:55:40,24.249,4.500,71.247,0,0,1721216,10495472,311244,3714448,48554.961,165645.043,0,175.993,0,34.999,2074,1434,1.970,2.570,1.700,2,0,1.000,0,0,14,24,0,1,0
02-08 18:55:41,19.936,6.479,72.267,0,0,1750920,10465768,311244,3714448,33195.052,17194.602,0,0,0,0,1883,1330,1.890,2.540,1.700,2,0,3.987,0,0,14,24,0,1,0
02-08 18:55:42,21.812,4.011,72.706,0,0,1712604,10504072,311244,3714460,15480.958,7479.237,0,16.046,0,2.006,1746,1139,1.890,2.540,1.700,1,0,1.003,0,0,14,24,0,1,0
02-08 18:55:43,19.748,6.249,72.492,0,0,1724016,10492680,311244,3714440,14980.289,7847.103,0,83.990,0,3.000,1816,1325,1.890,2.540,1.700,2,0,0,0,0,14,24,0,1,0
02-08 18:55:44,22.009,5.752,71.529,0,0,1754984,10461712,311244,3714440,44873.481,23399.637,0,0,0,0,1921,1311,1.890,2.540,1.700,1,0,2.001,0,0,14,24,0,1,0
02-08 18:55:45,20.492,5.748,72.220,0.250,0,1759948,10456748,311244,3714440,29519.873,15173.766,0,231.905,0,35.985,1850,1205,1.890,2.540,1.700,1,0,1.999,0,0,14,24,0,1,0
02-08 18:55:46,21.734,4.497,72.698,0,0,1753468,10463228,311244,3714440,30370.302,15053.245,0,7.994,0,1.999,1797,1296,1.820,2.520,1.700,1,0,0,0,0,14,24,0,1,0
02-08 18:55:47,21.947,4.489,72.325,0,0,1701356,10515316,311244,3714468,15179.216,7601.579,0,27.932,0,0.998,1812,1198,1.820,2.520,1.700,1,0,3.990,0,0,14,24,0,1,0
02-08 18:55:48,21.678,5.294,73.101,0,0,1739556,10477200,311244,3714384,45233.081,23940.935,0,8.066,0,2.017,1803,1341,1.820,2.520,1.700,1,0,0,0,0,14,24,0,1,0
02-08 18:55:49,21.833,3.722,72.198,0,0,1761228,10455528,311244,3714384,30281.326,14802.748,0,3.970,0,0.992,1717,1143,1.820,2.520,1.700,1,0,0,0,0,14,24,0,1,0
02-08 18:55:50,20.509,7.253,72.533,0,0,1777496,10439260,311252,3714376,29784.482,15246.901,0,64.029,0,2.001,1859,1253,1.820,2.520,1.700,1,0,4.002,0,0,14,24,0,1,0
02-08 18:55:51,19.529,6.760,72.857,0,0,1779620,10437124,311252,3714388,15445.633,7887.558,0,0,0,0,1667,1027,1.750,2.490,1.690,1,0,0,0,0,14,24,0,1,0
02-08 18:55:52,21.928,3.489,71.515,0,0,1734964,10481696,311252,3714472,15371.559,7595.077,0,99.673,0,2.990,1677,1089,1.750,2.490,1.690,2,0,0.997,0,0,14,24,0,1,0
02-08 18:55:53,21.298,5.763,72.414,0,0,1756172,10460500,311252,3714460,30395.695,15673.422,0,144.326,0,30.068,1905,1341,1.750,2.490,1.690,1,0,2.005,0,0,14,24,0,1,0
02-08 18:55:54,21.703,5.987,72.345,0,0,1748600,10468060,311252,3714472,29647.282,15207.316,0,15.966,0,1.996,1846,1274,1.750,2.490,1.690,1,0,0.998,0,0,14,24,0,1,0
02-08 18:55:55,22.280,6.258,70.596,0,0,1721040,10495628,311264,3714452,56072.076,455562.088,0,96.130,0,2.003,2161,1484,1.750,2.490,1.690,1,0,0,0,0,14,24,0,1,0
02-08 18:55:56,22.488,5.247,71.213,0,0,1744936,10471732,311264,3714452,33107.774,139929.196,0,163.915,0,36.981,2013,1260,1.690,2.470,1.690,2,0,4.997,0,0,14,24,0,1,0
02-08 18:55:57,24.091,7.026,69.010,0,0,1759564,10457104,311264,3715040,29956.831,15460.230,0,20.076,0,1.004,2112,1394,1.690,2.470,1.690,2,0,15.057,0,0,14,24,0,1,0
02-08 18:55:58,32.656,10.969,55.092,0,0,1689208,10527440,311264,3714472,29685.981,14550.328,0,3.989,0,0.997,3475,14006,1.690,2.470,1.690,1,0,23.931,0,0,14,24,0,2,0
02-08 18:55:59,20.995,5.499,72.232,0,0,1687044,10529628,311264,3714448,15380.168,8016.003,0,0,0,0,1830,1319,1.690,2.470,1.690,1,0,2.000,0,0,14,24,0,2,0
02-08 18:56:00,23.780,3.504,72.090,0,0,1654904,10561740,311264,3714472,44562.393,22077.443,0,28.035,0,2.002,1873,1220,1.690,2.470,1.690,1,0,1.001,0,0,14,24,0,1,0
02-08 18:56:01,19.739,6.746,72.710,0,0,1695780,10520872,311268,3714460,30425.228,15453.481,0,55.969,0,1.999,1950,1448,1.640,2.440,1.680,1,0,0,0,0,14,24,0,1,0
02-08 18:56:02,23.272,5.005,71.819,0,0,1727432,10489220,311268,3714460,44576.542,22041.035,0,148.141,0,33.032,1996,1248,1.640,2.440,1.680,1,0,2.002,0,0,14,24,0,1,0
02-08 18:56:03,20.470,5.991,72.644,0,0,1767284,10449368,311268,3714460,29538.794,14732.451,0,11.982,0,0.999,1908,1344,1.640,2.440,1.680,3,0,1.997,0,0,14,24,0,1,0
02-08 18:56:04,16.249,12.499,70.494,0,0,1720832,10495776,311268,3714504,16188.613,7655.344,0,27.998,0,2.000,2900,1790,1.640,2.440,1.680,1,0,76.993,0,0,14,24,0,1,0
02-08 18:56:05,6.262,26.049,66.624,0,0,1698224,10518384,311268,3714504,61541.680,32853.220,0,120.224,0,5.009,4475,2706,1.640,2.440,1.680,2,0,162.302,0,0,14,24,0,1,0
02-08 18:56:06,5.255,26.778,66.069,0,0,1693084,10523520,311272,3714504,61100.925,32021.502,0,156.163,0,6.006,4431,2762,1.590,2.420,1.680,1,0,162.170,0,0,14,24,0,1,0
02-08 18:56:07,13.484,14.733,70.417,0,0,1706376,10510224,311272,3714508,45072.980,23614.222,0,167.803,0,32.961,3078,2082,1.590,2.420,1.680,1,0,65.922,0,0,14,24,0,1,0
02-08 18:56:08,20.507,7.753,70.525,0,0,1739256,10477328,311272,3714524,56765.276,591539.291,0,0,0,0,2412,1670,1.590,2.420,1.680,2,0,3.001,0,0,14,24,0,1,0
02-08 18:56:09,23.745,4.499,71.736,0,0,1752252,10464296,311272,3714560,44601.133,21883.649,0,0,0,0,1888,1193,1.590,2.420,1.680,1,0,0,0,0,14,24,0,1,0
02-08 18:56:10,23.272,3.754,72.570,0,0,1722276,10493992,311276,3714836,14989.380,7303.006,0,8.008,0,2.002,1819,1121,1.590,2.420,1.680,1,0,9.009,0,0,14,24,0,1,0
02-08 18:56:11,19.476,7.491,71.913,0,0,1703608,10512660,311280,3714832,59579.772,32758.287,0,171.792,0,1.998,2093,1660,1.540,2.390,1.680,1,0,1.998,0,0,14,24,0,1,0
02-08 18:56:12,21.773,4.755,72.826,0,0,1717216,10499048,311280,3714836,45500.632,22073.107,0,4.004,0,1.001,1898,1247,1.540,2.390,1.680,1,0,0,0,0,14,24,0,1,0
02-08 18:56:13,20.478,8.241,70.673,0,0,1696520,10519736,311280,3714844,30372.929,17215.256,0,139.848,0,31.965,2314,1411,1.540,2.390,1.680,2,0,30.966,0,0,14,24,0,1,0
02-08 18:56:14,6.750,29.001,61.753,0.500,0,1693396,10522744,311280,3714960,61363.723,62300.764,40.002,0,2.000,0,4531,2838,1.540,2.390,1.680,1,0,179.008,0,0,14,24,0,1,0
02-08 18:56:15,6.245,24.979,67.443,0,0,1676208,10539928,311280,3714964,45393.419,24822.902,0,119.898,0,3.997,4238,2627,1.540,2.390,1.680,2,0,147.874,0,0,14,24,0,1,0
02-08 18:56:16,6.246,23.236,67.959,0,0,1653324,10562804,311284,3714968,60652.662,33022.216,0,155.907,0,4.997,4116,2552,1.540,2.390,1.680,1,0,133.920,0,0,14,24,0,1,0
02-08 18:56:17,5.491,25.706,66.635,0,0,1638532,10577592,311284,3714972,60825.264,32769.574,0,55.904,0,1.997,4292,2692,1.490,2.370,1.670,1,0,149.742,0,0,14,24,0,1,0
02-08 18:56:18,8.010,24.281,66.334,0,0,1630840,10585280,311284,3714976,61734.886,571246.693,0,4.005,0,1.001,4560,2890,1.490,2.370,1.670,1,0,150.189,0,0,14,24,0,1,0
02-08 18:56:19,7.249,24.746,66.738,0,0,1629928,10586188,311284,3714980,57812.834,29874.747,0,351.938,0,35.994,4368,2683,1.490,2.370,1.670,2,0,153.973,0,0,14,24,0,1,0
02-08 18:56:20,6.736,24.700,66.116,0,0,1634456,10581656,311284,3714980,60898.469,32035.018,0,0,0,0,4336,2687,1.490,2.370,1.670,1,0,155.684,0,0,14,24,0,1,0
02-08 18:56:21,6.272,26.090,66.479,0,0,1639436,10576672,311288,3714980,61710.013,32407.867,0,96.333,0,3.010,4355,2689,1.490,2.370,1.670,1,0,155.537,0,0,14,24,0,1,0
02-08 18:56:22,5.761,25.300,67.132,0,0,1638424,10577680,311288,3714984,61221.366,32227.362,0,92.181,0,2.004,4314,2675,1.450,2.350,1.670,1,0,148.292,0,0,14,24,0,1,0
02-08 18:56:23,6.250,24.999,67.248,0,0,1638600,10577492,311288,3714992,45496.801,23545.380,0,271.993,0,4.000,4229,2541,1.450,2.350,1.670,1,0,143.996,0,0,14,24,0,1,0
02-08 18:56:24,6.249,24.998,66.994,0,0,1631392,10584696,311288,3714996,60629.155,32204.895,0,427.959,0,6.999,4329,2600,1.450,2.350,1.670,2,0,154.985,0,0,14,24,0,1,0
02-08 18:56:25,6.247,26.236,65.214,0,0,1631392,10584696,311288,3714996,60788.829,31438.845,0,491.732,0,35.980,4393,2651,1.450,2.350,1.670,2,0,152.917,0,0,14,24,0,1,0
02-08 18:56:26,7.501,26.004,65.010,0,0,1621488,10594592,311296,3714996,71041.439,578669.176,0,448.072,0,6.001,4732,2992,1.450,2.350,1.670,1,0,151.024,0,0,14,24,0,1,0
02-08 18:56:27,7.001,27.506,63.513,0,0,1622236,10593832,311296,3715000,45723.412,24018.944,0,352.072,0,4.001,4346,2589,1.420,2.330,1.660,1,0,151.031,0,0,14,24,0,1,0
02-08 18:56:28,6.498,25.240,66.475,0,0,1623708,10592356,311296,3715004,61357.670,31364.075,0,355.865,0,4.998,4339,2615,1.420,2.330,1.660,2,0,147.944,0,0,14,24,0,1,0
02-08 18:56:29,6.483,24.936,66.329,0,0,1620444,10595620,311296,3715004,60967.156,31889.960,0,614.419,0,45.882,4459,2649,1.420,2.330,1.660,1,0,157.595,0,0,14,24,0,1,0
02-08 18:56:30,7.021,25.324,66.696,0,0,1621564,10594496,311296,3715004,61304.723,31941.641,0,353.035,0,4.012,4334,2573,1.420,2.330,1.660,4,0,153.450,0,0,14,24,0,1,0
02-08 18:56:31,5.993,23.473,68.670,0,0,1613568,10602480,311300,3715012,46291.027,26598.987,0,315.632,0,36.957,4124,2554,1.420,2.330,1.660,1,0,134.843,0,0,14,24,0,1,0
02-08 18:56:32,6.507,24.027,68.078,0,0,1617796,10598252,311300,3715012,61357.186,33692.540,0,84.096,0,3.003,4245,2601,1.380,2.300,1.660,1,0,142.163,0,0,14,24,0,1,0
02-08 18:56:33,5.497,23.986,68.211,0,0,1609496,10606548,311300,3715016,61271.274,32719.456,0,55.968,0,1.999,4189,2616,1.380,2.300,1.660,3,0,133.924,0,0,14,24,0,1,0
02-08 18:56:34,7.254,24.014,67.290,0,0,1614468,10601560,311300,3715028,72790.166,587100.159,0,64.038,0,3.002,4633,3033,1.380,2.300,1.660,2,0,137.081,0,0,14,24,0,1,0
02-08 18:56:35,6.236,24.945,66.851,0,0,1615524,10600504,311300,3715028,46085.491,24629.217,0,55.876,0,1.996,4247,2629,1.380,2.300,1.660,2,0,147.672,0,0,14,24,0,1,0
02-08 18:56:36,5.773,25.098,68.017,0,0,1618604,10597280,311308,3715164,61305.438,32874.934,0,461.811,0,40.157,4481,2819,1.380,2.300,1.660,1,0,157.618,0,0,14,24,0,1,0
02-08 18:56:37,7.233,24.442,66.342,0,0,1617728,10598152,311308,3715168,61181.249,33258.768,0,11.971,0,2.993,4321,2710,1.270,2.270,1.650,3,0,145.653,0,0,14,24,0,1,0
02-08 18:56:38,6.249,25.244,66.985,0,0,1615256,10600624,311308,3715168,61515.471,31888.987,0,19.996,0,4.999,4473,2753,1.270,2.270,1.650,1,0,163.964,0,0,14,24,0,1,0
02-08 18:56:39,6.493,25.471,65.925,0,0,1614500,10601376,311308,3715172,61187.137,31825.662,0,35.959,0,4.994,4400,2571,1.270,2.270,1.650,2,0,147.831,0,0,14,24,0,1,0
02-08 18:56:40,6.013,25.303,67.142,0,0,1616864,10598988,311332,3715172,46150.390,24215.100,0,857.810,0,40.085,4404,2802,1.270,2.270,1.650,1,0,145.307,0,0,14,24,0,1,0
02-08 18:56:41,7.465,24.884,65.446,0,0,1616836,10598996,311340,3715184,61043.312,32821.468,0,75.648,0,4.977,4424,2651,1.270,2.270,1.650,1,0,131.389,0,0,14,24,0,1,0
02-08 18:56:42,19.729,25.088,50.176,0,0,1590168,10623212,311340,3717432,71923.000,568932.260,0,370.230,0,82.815,7078,8782,1.250,2.240,1.650,8,0,43.843,0,0,14,24,0,1,0
02-08 18:56:43,12.596,31.362,57.069,0,0,1608728,10603732,311340,3718468,46804.487,24419.196,0,12.339,0,3.085,4811,3606,1.250,2.240,1.650,4,0,221.077,0,0,14,24,0,1,0
02-08 18:56:44,19.963,35.683,42.420,0,0,1615156,10597204,311392,3718480,56417.065,27829.744,0,898.313,0,31.940,5295,3245,1.250,2.240,1.650,5,0,176.668,0,0,14,24,0,3,0
02-08 18:56:45,26.675,30.953,41.522,0,0,1654104,10558252,311392,3718484,50543.233,27506.261,0,100.660,0,4.026,4886,2637,1.250,2.240,1.650,4,0,157.029,0,0,14,24,0,3,0
02-08 18:56:46,45.218,36.474,17.738,0,0,1712848,10499492,311404,3718488,60896.303,32585.153,0,251.823,0,15.989,5384,3197,1.250,2.240,1.650,4,0,194.863,0,0,14,24,0,3,0
02-08 18:56:47,47.011,48.511,3.751,0,0,1728536,10483536,311504,3718656,61094.884,32261.331,124.028,712.162,4.001,37.008,5554,4069,1.550,2.290,1.670,4,1,377.086,0,0,14,24,0,6,0
02-08 18:56:48,65.749,33.247,0.496,0.248,0,1831052,10375280,312684,3722860,44702.334,22752.608,1004.346,662.948,131.002,19.849,5602,3899,1.550,2.290,1.670,7,1,129.017,0,0,14,24,0,7,0
02-08 18:56:49,83.993,15.179,0.506,1.012,0,1928328,10273512,313000,3726296,29949.991,15300.847,149.770,2218.218,3.036,56.670,5211,2649,1.550,2.290,1.670,4,1,11.132,0,0,14,26,0,7,0
02-08 18:56:50,62.068,18.426,11.638,2.667,0,1956704,10235768,315412,3732648,29251.549,14407.566,290.944,22135.049,7.759,1684.568,11959,15584,1.550,2.290,1.670,5,1,83.404,0,0,14,30,0,8,0
02-08 18:56:51,54.252,25.079,15.610,3.839,0,1956332,10226948,319168,3737828,15518.219,7619.896,0,54469.358,0,3460.890,16165,23766,1.550,2.290,1.670,8,0,65.512,0,0,14,30,0,8,0
02-08 18:56:52,54.794,26.021,11.760,4.504,0,1956360,10219416,322076,3742152,15415.461,7692.218,0,46045.221,0,3393.743,14102,18751,2.150,2.400,1.700,3,2,74.060,0,0,14,28,0,8,0
02-08 18:56:53,58.418,25.072,6.770,3.761,0,1972452,10198704,324060,3744628,27346.873,572860.229,0,31920.063,0,1875.409,11933,15494,2.150,2.400,1.700,8,1,56.162,0,0,14,28,0,8,0
02-08 18:56:54,62.505,19.347,9.425,4.713,0,2001208,10162708,327812,3747936,15159.015,7399.433,0,39423.956,0,2354.365,12846,17182,2.150,2.400,1.700,3,0,40.678,0,0,14,28,0,8,0
02-08 18:56:55,63.057,19.926,9.332,4.288,0,2019620,10137344,331876,3750604,609.379,0,0,33237.404,0,2254.905,12496,17795,2.150,2.400,1.700,4,1,39.347,0,0,14,32,0,9,0
02-08 18:56:56,58.112,19.867,12.417,3.477,0,2008992,10141240,336120,3752888,15237.294,7394.642,0,38228.831,0,2444.682,13718,19855,2.150,2.400,1.700,7,2,65.562,0,0,14,37,0,9,0
02-08 18:56:57,42.244,22.747,22.497,4.749,0,1910572,10231176,340856,3756408,667.905,0,0,40698.242,0,2605.631,13771,19601,2.700,2.510,1.740,8,0,100.986,0,0,14,36,0,9,0
02-08 18:56:58,59.611,23.895,11.318,2.767,0,1854568,10282832,343672,3761012,45385.569,23520.291,0,11912.065,0,1228.432,10469,23566,2.700,2.510,1.740,7,0,90.548,0,0,15,35,0,9,0
02-08 18:56:59,40.498,30.560,20.870,2.981,0,1841620,10290816,347388,3758916,30128.367,14662.684,0,26745.435,0,1934.950,12059,18781,2.700,2.510,1.740,4,0,131.183,0,0,14,34,0,10,0
02-08 18:57:00,41.729,27.736,20.240,5.997,0,1858168,10269736,350540,3760188,30060.173,14746.726,351.826,27178.594,4.998,1927.049,11992,16383,2.700,2.510,1.740,1,2,112.944,0,0,14,36,0,10,0
02-08 18:57:01,38.461,21.978,24.975,8.491,0,1853684,10267240,354048,3763912,15084.660,7502.371,3144.802,21090.553,38.960,1782.188,11821,17114,2.700,2.510,1.740,10,0,69.929,0,0,14,37,0,10,0
02-08 18:57:02,48.177,30.454,14.229,2.496,0,1857880,10259188,357232,3764496,15076.235,7416.801,0,28013.700,0,1848.209,14240,21162,3.200,2.620,1.780,6,1,107.837,0,0,14,37,0,9,0
02-08 18:57:03,45.804,28.283,16.770,3.754,0,1860464,10252480,360260,3764960,15805.707,7629.029,400.474,18642.064,4.005,1558.845,12190,16539,3.200,2.620,1.780,4,0,78.092,0,0,14,37,0,9,0
02-08 18:57:04,47.987,29.339,15.167,3.481,0,1820876,10288644,362520,3765968,15261.510,7417.422,811.560,23070.789,21.880,1650.968,11045,14921,3.200,2.620,1.780,8,0,96.472,0,0,14,36,0,9,0
02-08 18:57:05,46.084,31.478,17.880,2.266,0,1829112,10277792,364108,3766940,487.538,0,801.818,17543.293,13.095,1727.535,10742,14452,3.200,2.620,1.780,4,1,114.833,0,0,14,36,0,9,0
02-08 18:57:06,37.988,15.995,33.490,5.748,0,1858060,10244304,366908,3768568,30359.625,16135.017,0,29962.747,0,2504.227,11601,19324,3.200,2.620,1.780,2,1,45.986,0,0,14,36,0,9,0
02-08 18:57:07,38.201,14.232,35.454,5.493,0,1857340,10241308,368684,3770412,45246.772,22638.866,0,31279.746,0,2345.981,12911,18875,3.270,2.640,1.800,8,0,15.979,0,0,14,37,0,9,0
02-08 18:57:08,40.026,11.508,39.026,3.752,0,1852040,10243684,370476,3771456,16142.685,7300.832,0,26149.308,0,1827.209,11609,16663,3.270,2.640,1.800,3,0,29.019,0,0,14,37,0,9,0
02-08 18:57:09,37.908,14.561,35.648,5.774,0,1848180,10242684,373744,3772932,29960.801,14719.313,0,31422.891,0,2295.562,13169,19395,3.270,2.640,1.800,1,1,24.100,0,0,14,36,0,9,0
02-08 18:57:10,27.884,22.905,36.846,5.975,0,1776916,10308088,377764,3774608,15556.158,7331.441,0,29433.314,0,2245.640,12666,17744,3.270,2.640,1.800,3,0,97.593,0,0,14,36,0,9,0
02-08 18:57:11,39.208,16.839,32.924,6.032,0,1794016,10285436,381828,3775992,16269.191,7483.647,0,29785.800,0,2261.984,12449,17625,3.270,2.640,1.800,4,0,56.298,0,0,14,36,0,9,0
02-08 18:57:12,39.415,14.469,33.678,5.738,0,1825764,10247384,386332,3777600,721.450,0,0,29991.572,0,2325.005,10930,17740,3.480,2.700,1.820,8,0,41.910,0,0,14,36,0,9,0
02-08 18:57:13,40.050,15.365,33.753,6.045,0,1834308,10233536,390588,3778512,16499.796,8078.613,0,29497.314,0,2684.139,12638,17344,3.480,2.700,1.820,5,0,18.136,0,0,14,37,0,9,0
02-08 18:57:14,41.235,12.496,35.238,4.998,0,1832172,10231520,393920,3779232,15333.597,7455.373,0,26034.825,0,1876.339,11412,16302,3.480,2.700,1.820,5,0,16.994,0,0,14,37,0,10,0
02-08 18:57:15,41.122,11.395,35.672,5.450,0,1831328,10228004,397200,3780172,598.496,0,0,20019.901,0,1659.737,11242,16085,3.480,2.700,1.820,3,0,17.836,0,0,14,37,0,10,0
02-08 18:57:16,39.877,13.292,33.356,5.768,0,1830688,10223244,400612,3781996,16021.018,7509.915,0,30842.216,0,1981.309,11210,15643,3.480,2.700,1.820,1,1,6.019,0,0,14,36,0,12,0
02-08 18:57:17,36.709,17.231,37.459,4.495,0,1771952,10279440,402756,3782336,825.088,0,0,17488.673,0,1565.270,9060,12668,3.450,2.700,1.830,2,0,53.940,0,0,14,34,0,13,0
02-08 18:57:18,46.117,8.820,42.841,1.764,0,1688384,10362096,403496,3782476,15649.522,7747.647,0,15648.514,0,717.711,4347,4106,3.450,2.700,1.830,2,0,5.040,0,0,14,32,0,13,0
02-08 18:57:19,26.190,26.190,43.980,0,0,1709168,10341212,403556,3782512,1449.856,0,0,984.360,0,50.404,5003,3260,3.450,2.700,1.830,2,0,143.305,0,0,14,32,0,13,0
02-08 18:57:20,25.540,16.777,55.838,0,0,1700544,10349668,403716,3782532,908.438,0,0,7708.202,0,175.277,5037,4599,3.450,2.700,1.830,3,0,64.101,0,0,14,33,0,13,0
02-08 18:57:21,23.721,3.995,70.164,0,0,1700776,10349416,403716,3782552,30602.483,30234.933,0,0,0,0,3991,4182,3.450,2.700,1.830,1,0,0,0,0,14,33,0,13,0
02-08 18:57:22,25.627,3.769,69.091,0,0,1694836,10355336,403716,3782572,53417.947,465548.354,0,8.040,0,2.010,3896,3807,3.410,2.710,1.830,1,0,1.005,0,0,14,32,0,13,0
02-08 18:57:23,15.484,12.487,70.678,0,0,1633816,10416356,403716,3782572,18854.816,137805.786,0,0,0,0,2803,1709,3.410,2.710,1.830,1,0,56.942,0,0,14,32,0,13,0
02-08 18:57:24,18.496,7.998,71.734,0,0,1646404,10403756,403720,3782576,32786.878,17664.163,0,255.944,0,4.999,1877,1460,3.410,2.710,1.830,2,0,0,0,0,14,32,0,13,0
02-08 18:57:25,21.526,5.006,72.589,0,0,1688484,10361672,403720,3782576,15810.344,7533.217,0,104.127,0,4.005,1801,1285,3.410,2.710,1.830,2,0,0,0,0,14,32,0,13,0
02-08 18:57:26,22.679,4.735,71.277,0,0,1704588,10345556,403728,3782580,15617.062,7809.528,0,143.550,0,9.969,2256,1853,3.410,2.710,1.830,1,0,1.994,0,0,14,32,0,13,0
02-08 18:57:27,24.232,7.494,65.700,0,0,1704768,10345332,403732,3782592,603.545,0,0,291.780,0,14.989,3495,3385,3.300,2.700,1.830,2,0,6.995,0,0,14,32,0,13,0
02-08 18:57:28,16.818,11.296,71.038,0,0,1681580,10368516,403732,3782596,16012.843,7488.324,0,1731.010,0,312.264,2835,1533,3.300,2.700,1.830,3,0,34.138,0,0,14,32,0,13,0
02-08 18:57:29,21.127,5.533,72.435,0,0,1718748,10331340,403740,3782596,15503.089,7666.031,0,48.290,0,3.018,1711,1170,3.300,2.700,1.830,2,0,2.012,0,0,14,32,0,13,0
02-08 18:57:30,22.118,3.976,71.325,0,0,1738048,10312036,403740,3782600,599.425,0,0,15.905,0,2.982,1999,1579,3.300,2.700,1.830,2,0,0,0,0,14,32,0,13,0
02-08 18:57:31,23.754,3.251,71.763,0,0,1733288,10316780,403760,3782596,15158.782,7673.408,0,164.030,0,14.003,2341,2092,3.300,2.700,1.830,2,0,0,0,0,14,32,0,13,0
02-08 18:57:32,12.761,14.763,71.311,0,0,1702296,10347752,403768,3782608,1273.086,0,0,148.126,0,8.007,2691,1875,3.270,2.700,1.840,2,0,62.053,0,0,14,32,0,13,0
02-08 18:57:33,20.248,6.000,71.244,0,0,1688564,10361480,403772,3782608,15719.773,7457.418,0,47.996,0,3.000,1721,1209,3.270,2.700,1.840,2,0,0,0,0,14,32,0,13,0
02-08 18:57:34,21.492,4.498,70.474,0,0,1714600,10335312,403772,3782736,2757.985,1811.333,0,3.999,0,1.000,2124,1677,3.270,2.700,1.840,3,0,0,0,0,14,32,0,13,0
02-08 18:57:35,22.728,4.995,71.431,0,0,1714828,10335060,403772,3782756,1078.951,0,0,0,0,0,2896,2767,3.270,2.700,1.840,1,0,1.998,0,0,14,33,0,13,0
02-08 18:57:36,24.199,2.994,71.099,0,0,1674640,10375240,403784,3782752,15468.188,7428.243,0,662.594,0,70.850,2711,2392,3.270,2.700,1.840,4,0,0,0,0,14,32,0,13,0
02-08 18:57:37,14.781,12.527,71.152,0,0,1689580,10360264,403800,3782772,729.554,0,0,272.581,0,16.034,2430,1744,3.330,2.720,1.850,1,0,44.094,0,0,14,32,0,13,0
02-08 18:57:38,21.152,5.475,72.164,0,0,1720688,10329144,403812,3782772,779.373,0,0,119.444,0,8.958,1713,1147,3.330,2.720,1.850,1,0,1.991,0,0,14,32,0,13,0
02-08 18:57:39,22.340,4.267,72.793,0,0,1738220,10311608,403812,3782776,15624.912,7325.495,0,0,0,0,2095,1627,3.330,2.720,1.850,1,0,0,0,0,14,32,0,13,0
02-08 18:57:40,23.022,4.755,70.567,0,0,1733776,10315912,403812,3782916,543.517,0,0,4.004,0,1.001,3197,3240,3.330,2.720,1.850,2,0,0,0,0,14,32,0,13,0
02-08 18:57:41,17.994,9.247,71.226,0,0,1691160,10358500,403832,3782924,870.710,147.951,0,131.956,0,15.995,3154,2603,3.330,2.720,1.850,1,0,43.985,0,0,14,32,0,13,0
02-08 18:57:42,5.507,25.280,67.080,0,0,1685788,10363840,403844,3782944,1652.974,0,0,276.330,0,15.018,4184,2383,3.220,2.710,1.850,1,0,151.180,0,0,14,32,0,13,0
02-08 18:57:43,6.501,26.255,64.013,0,0,1679368,10370180,403860,3783008,31708.355,61374.301,0,356.071,0,17.003,4396,2540,3.220,2.710,1.850,1,0,153.031,0,0,14,32,0,13,0
02-08 18:57:44,6.744,25.226,65.188,0,0,1654228,10395288,403860,3783040,61804.332,47249.149,0,903.143,0,184.825,4660,2588,3.220,2.710,1.850,2,0,150.857,0,0,14,32,0,13,0
02-08 18:57:45,6.252,27.510,64.523,0,0,1655132,10394380,403860,3783044,52915.001,28020.061,0,12.004,0,3.001,4337,2702,3.220,2.710,1.850,4,0,161.058,0,0,14,32,0,13,0
02-08 18:57:46,24.519,35.528,36.529,0,0,1669636,10379828,403900,3783052,54468.070,28096.217,0,292.231,0,22.017,5356,3319,3.220,2.710,1.850,3,0,200.158,0,0,14,36,0,15,0
02-08 18:57:47,62.056,14.823,22.611,0.251,0,1728804,10320412,403952,3783240,71884.045,465735.852,0,594.930,0,41.203,4777,2891,3.290,2.730,1.860,3,0,23.114,0,0,14,32,0,16,0
02-08 18:57:48,62.504,13.001,23.752,0,0,1823316,10225688,403976,3783428,46206.256,126096.887,0,248.017,0,12.001,3824,1668,3.290,2.730,1.860,3,0,4.000,0,0,14,32,0,16,0
02-08 18:57:49,62.298,12.658,23.083,0,0,1913976,10133748,404032,3784548,29382.861,15356.605,0,309.753,0,42.690,3804,1549,3.290,2.730,1.860,3,0,0,0,0,14,32,0,16,0
02-08 18:57:50,65.099,9.939,21.865,0.745,0,1996128,10049104,404132,3786568,30436.740,14824.791,11.927,2421.104,1.988,44.725,3971,1781,3.290,2.730,1.860,5,0,1.988,0,0,14,32,0,16,0
02-08 18:57:51,65.749,9.647,22.593,1.523,0,2082216,9959656,404256,3789572,15928.087,7766.034,808.285,3042.238,10.154,86.312,4106,2049,3.290,2.730,1.860,4,0,6.093,0,0,14,32,0,12,0
02-08 18:57:52,51.861,15.167,23.974,2.446,0,2083320,9948064,407112,3796760,29977.807,15902.837,0,21229.876,0,1938.440,12283,17568,3.260,2.740,1.870,8,0,93.938,0,0,14,38,0,12,0
02-08 18:57:53,39.686,23.862,28.634,3.014,0,2080160,9942784,410796,3801268,44419.810,22286.262,0,54535.133,0,3513.437,16907,23724,3.260,2.740,1.870,4,0,104.489,0,0,14,38,0,12,0
02-08 18:57:54,37.456,19.727,30.464,5.743,0,2079492,9933964,414276,3807020,15320.848,7515.096,0,57415.976,0,3605.728,16990,25025,3.260,2.740,1.870,11,0,98.883,0,0,14,38,0,12,0
02-08 18:57:55,33.837,16.161,36.867,8.080,0,2079036,9925648,418136,3811688,30545.923,15783.037,4.040,44971.453,1.010,3447.300,16680,24946,3.260,2.740,1.870,4,1,136.357,0,0,14,38,0,12,0
02-08 18:57:56,42.226,15.400,29.310,7.700,0,2079880,9915120,421624,3817536,48289.794,24958.123,0,41804.855,0,3066.113,15192,22394,3.260,2.740,1.870,7,0,76.504,0,0,14,38,0,12,0
02-08 18:57:57,39.441,29.075,20.732,6.321,0,1969612,10018696,424960,3820716,57243.540,29607.298,0,61564.894,0,3520.392,16340,23421,3.560,2.810,1.900,6,0,139.562,0,0,14,36,0,12,0
02-08 18:57:58,50.312,18.004,20.223,6.659,0,1976464,10003576,428348,3825388,45248.201,23275.690,0,35833.947,0,2699.088,13933,20221,3.560,2.810,1.900,7,0,92.732,0,0,14,36,0,12,0
02-08 18:57:59,53.747,26.120,13.311,3.767,0,2048120,9925204,430868,3829348,46286.647,22830.888,0,39847.062,0,2446.238,13466,30541,3.560,2.810,1.900,7,0,81.374,0,0,14,36,0,11,0
02-08 18:58:00,56.129,14.283,21.800,4.260,0,2088220,9879340,433576,3832232,29964.125,15148.948,0,25069.834,0,1847.262,10989,15485,3.560,2.810,1.900,4,0,39.090,0,0,14,36,0,11,0
02-08 18:58:01,45.102,27.659,18.190,5.233,0,2103108,9855680,436316,3837936,54886.075,591367.404,0,47859.110,0,2755.966,13752,20420,3.560,2.810,1.900,6,1,88.709,0,0,14,38,0,11,0
02-08 18:58:02,37.288,28.529,22.523,6.256,0,2045780,9903308,439592,3844036,45487.050,23073.359,124.126,55043.725,2.002,3064.102,14646,21475,3.760,2.860,1.920,3,1,81.082,0,0,14,36,0,11,0
02-08 18:58:03,25.782,18.022,41.302,8.511,0,2037340,9905168,443020,3846952,44966.096,22560.144,0,44892.003,0,3068.828,15097,22243,3.760,2.860,1.920,0,1,51.064,0,0,14,36,0,11,0
02-08 18:58:04,31.300,12.770,42.067,7.262,0,2028212,9910208,445128,3848804,30274.433,14909.853,0,31145.827,0,2657.251,13605,20421,3.760,2.860,1.920,4,1,48.077,0,0,14,36,0,11,0
02-08 18:58:05,36.714,14.636,34.730,7.442,0,2019052,9914672,447620,3850880,29647.168,14931.742,0,52336.509,0,3391.593,15183,22940,3.760,2.860,1.920,2,1,61.521,0,0,14,36,0,11,0
02-08 18:58:06,32.206,14.455,53.508,0.254,0,1707016,10226660,447660,3850888,31277.975,16097.988,0,1817.744,0,95.350,3749,2170,3.760,2.860,1.920,1,0,79.121,0,0,14,32,0,11,0
02-08 18:58:07,5.733,24.926,66.801,0,0,1704000,10229632,447680,3850908,61943.765,44748.907,0,901.319,0,42.872,4761,2978,3.540,2.830,1.910,1,0,169.496,0,0,14,32,0,11,0
02-08 18:58:08,21.905,6.223,69.946,0.747,0,1724612,10208892,447808,3850908,45314.009,24039.494,0,6619.225,0,308.658,2912,2490,3.540,2.830,1.910,1,0,3.983,0,0,14,32,0,11,0
02-08 18:58:09,21.451,6.735,70.590,0,0,1754180,10179288,447808,3850944,59405.297,30454.942,0,0,0,0,1978,1388,3.540,2.830,1.910,1,0,0.998,0,0,14,32,0,11,0
02-08 18:58:10,22.141,5.032,73.216,0,0,1787556,10145912,447808,3850944,30631.931,15174.565,0,4.026,0,1.006,1799,1290,3.540,2.830,1.910,1,0,0,0,0,14,32,0,11,0
02-08 18:58:11,25.753,14.502,58.507,0,0,1812988,10120440,447812,3850952,31048.695,17224.050,0,1824.217,0,206.025,3798,2571,3.540,2.830,1.910,1,0,89.011,0,0,14,38,0,11,0
02-08 18:58:12,26.490,1.499,71.224,0,0,1813240,10120192,447820,3850956,73062.122,593487.669,0,211.922,0,10.996,2481,1740,3.490,2.830,1.920,1,0,0,0,0,14,34,0,11,0
02-08 18:58:13,18.491,9.246,71.216,0,0,1694404,10239024,447824,3850956,45572.954,23730.520,0,151.927,0,12.994,2502,1875,3.490,2.830,1.920,1,0,26.987,0,0,14,32,0,11,0
02-08 18:58:14,22.464,4.493,71.885,0.250,0,1729680,10203744,447832,3850956,44787.183,22943.210,0,299.520,0,14.976,2069,1610,3.490,2.830,1.920,1,0,2.995,0,0,14,32,0,11,0
02-08 18:58:15,21.051,5.764,72.676,0,0,1768488,10164936,447832,3850956,30619.965,15018.278,0,76.184,0,4.010,1922,1442,3.490,2.830,1.920,1,0,0,0,0,14,32,0,10,0
02-08 18:58:16,21.990,4.998,71.966,0,0,1799736,10133688,447840,3850948,31056.514,14733.128,0,519.758,0,90.958,2207,1655,3.490,2.830,1.920,4,0,1.999,0,0,14,34,0,10,0
02-08 18:58:17,19.505,8.752,71.019,0,0,1743108,10190280,447860,3850964,31113.261,16790.458,0,788.209,0,27.007,2637,1765,3.370,2.820,1.920,3,0,41.011,0,0,14,32,0,10,0
02-08 18:58:18,9.944,40.520,47.232,0,0,1735192,10198180,447860,3850980,60535.467,33070.329,0,139.210,0,10.938,5458,3477,3.370,2.820,1.920,3,0,272.454,0,0,14,32,0,10,0
02-08 18:58:19,11.615,43.935,41.915,0,0,1732048,10201300,447872,3850988,61703.872,34341.988,0,484.800,0,27.270,5441,3385,3.370,2.820,1.920,2,0,284.820,0,0,14,32,0,10,0
02-08 18:58:20,10.916,45.648,37.957,0,0,1701148,10232184,447872,3851004,61788.701,37471.153,0,7.939,0,1.985,5492,3287,3.370,2.820,1.920,2,0,272.896,0,0,14,32,0,7,0
02-08 18:58:21,12.281,45.112,39.849,0,0,1688084,10245220,447884,3851020,55766.692,466993.418,0,481.197,0,73.182,5846,3586,3.370,2.820,1.920,3,0,259.646,0,0,14,32,0,7,0
02-08 18:58:22,10.490,48.703,37.963,0,0,1680740,10252552,447884,3851028,63997.384,149544.022,0,2649.449,0,22.978,5640,3427,3.420,2.840,1.930,4,0,299.711,0,0,14,32,0,7,0
02-08 18:58:23,9.735,46.677,39.188,0,0,1681172,10252116,447884,3851032,62064.546,31853.983,0,31.950,0,7.987,5551,3399,3.420,2.840,1.930,2,0,294.538,0,0,14,32,0,7,0
02-08 18:58:24,9.756,46.527,39.022,0,0,1658680,10274608,447884,3851032,45941.449,24025.832,0,24.014,0,6.003,5374,3222,3.420,2.840,1.930,2,0,281.162,0,0,14,32,0,7,0
02-08 18:58:25,6.496,28.232,62.209,0,0,1660912,10272368,447884,3851040,61230.900,32218.900,0,23.984,0,5.996,4330,2606,3.420,2.840,1.930,2,0,159.895,0,0,14,32,0,7,0
02-08 18:58:26,4.750,9.500,83.499,0,0,1663644,10269612,447896,3851048,59822.036,31299.496,0,323.995,0,13.000,2350,1991,3.420,2.840,1.930,0,0,39.999,0,0,14,32,0,7,0
02-08 18:58:27,5.767,14.542,78.228,0.501,0,1647416,10285788,447912,3851096,31228.978,15455.024,64.187,790.302,8.023,30.088,2477,2123,3.310,2.830,1.930,1,0,41.120,0,0,14,12,0,7,20
02-08 18:58:28,7.509,22.276,67.078,0.751,0,1653868,10279256,447912,3851148,60788.096,33038.641,32.037,4.005,1.001,1.001,4133,2702,3.310,2.830,1.930,1,0,125.146,0,0,14,12,0,7,20
02-08 18:58:29,6.497,22.489,68.465,0,0,1659632,10273484,447912,3851156,61401.731,34212.577,0,0,0,0,4033,2574,3.310,2.830,1.930,1,0,126.935,0,0,14,12,0,7,20
02-08 18:58:30,8.734,23.708,64.385,0,0,1656016,10277088,447912,3851168,59449.091,598675.460,0,15.972,0,3.993,4708,2876,3.310,2.830,1.930,2,0,115.794,0,0,14,12,0,7,20
02-08 18:58:31,7.739,22.717,65.904,0,0,1652464,10280508,447912,3851300,60020.583,31012.831,0,27.959,0,4.993,4134,2582,3.310,2.830,1.930,2,0,120.824,0,0,14,12,0,7,20
02-08 18:58:32,14.529,26.302,56.863,0,0,1657960,10274992,447916,3851756,45413.570,23094.057,0,200.400,0,4.008,5205,5498,3.280,2.830,1.940,1,0,119.238,0,0,14,12,0,7,20
02-08 18:58:33,18.906,22.140,56.221,0,0,1659144,10273804,447916,3851776,51408.568,24434.593,0,7.960,0,1.990,5440,6033,3.280,2.830,1.940,2,0,64.679,0,0,14,12,0,7,20
02-08 18:58:34,21.596,19.839,58.009,0,0,1669364,10263584,447920,3851308,53178.504,29270.728,0,4.018,0,1.004,4150,2549,3.280,2.830,1.940,2,0,59.265,0,0,14,12,0,7,20
02-08 18:58:35,28.200,24.423,45.825,0.252,0,1697412,10234884,447932,3851932,46146.362,25416.303,20.143,0,1.007,0,4722,2595,3.280,2.830,1.940,2,0,127.907,0,0,14,12,0,7,20
02-08 18:58:36,8.170,23.025,65.113,0.495,0,1696924,10235068,447936,3852188,60445.720,34397.523,150.528,23.768,1.981,3.961,4239,2806,3.280,2.830,1.940,1,0,125.770,0,0,16,12,0,7,20
02-08 18:58:37,8.013,23.790,66.111,0,0,1698204,10233636,447944,3852324,60611.917,31593.123,0,256.431,0,5.008,4299,2860,3.100,2.800,1.930,1,0,122.205,0,0,16,12,0,7,20
02-08 18:58:38,7.519,24.310,66.916,0,0,1698200,10233636,447944,3852328,45724.757,23460.366,0,12.030,0,3.007,4220,2734,3.100,2.800,1.930,1,0,122.304,0,0,16,12,0,7,20
02-08 18:58:39,15.764,27.023,55.798,0,0,1688504,10243312,447944,3852804,72470.618,595236.315,0,4.003,0,1.001,5295,5026,3.100,2.800,1.930,1,0,109.094,0,0,16,12,0,7,20
02-08 18:58:40,17.750,23.000,56.499,0,0,1693428,10238352,447944,3852800,45076.440,22695.718,0,819.990,0,7.000,4958,5261,3.100,2.800,1.930,2,0,65.999,0,0,16,12,0,7,20
02-08 18:58:41,20.950,20.701,55.618,0,0,1711056,10220680,447944,3852352,44976.974,23518.037,0,0,0,0,4263,2656,3.100,2.800,1.930,3,0,67.839,0,0,16,12,0,7,20
02-08 18:58:42,21.036,26.044,51.087,0.250,0,1742388,10188996,447944,3852696,61066.105,33919.826,4.007,909.551,1.002,111.190,4932,2978,3.010,2.780,1.930,1,0,137.234,0,0,18,12,0,7,20
02-08 18:58:43,7.002,23.258,66.772,0,0,1744976,10186392,447944,3852708,60595.730,33853.022,0,8.003,0,2.001,4326,2978,3.010,2.780,1.930,2,0,131.043,0,0,18,12,0,7,20
02-08 18:58:44,8.210,24.630,64.187,0,0,1746692,10184672,447944,3852712,60268.951,29151.770,0,11.942,0,2.985,4222,2894,3.010,2.780,1.930,2,0,115.437,0,0,18,12,0,7,20
02-08 18:58:45,7.019,23.814,66.429,0,0,1749168,10182156,447944,3852720,45332.322,24877.127,0,12.032,0,3.008,4236,2913,3.010,2.780,1.930,2,0,119.322,0,0,18,12,0,7,20
02-08 18:58:46,16.210,23.941,57.359,0,0,1756372,10174952,447948,3853096,59605.959,31619.997,0,115.715,0,4.988,5385,6140,3.010,2.780,1.930,1,0,91.774,0,0,18,12,0,7,20
02-08 18:58:47,19.593,22.858,55.262,0,0,1750428,10180700,448100,3853192,31113.490,15503.493,0,9340.277,0,732.472,6347,6520,2.930,2.770,1.930,1,0,70.333,0,0,18,12,0,7,20
02-08 18:58:48,24.473,21.975,51.192,0,0,1781040,10150060,448104,3852720,71894.234,582104.067,0,0,0,0,5132,3370,2.930,2.770,1.930,3,0,80.909,0,0,18,12,0,1,20
02-08 18:58:49,58.159,18.379,23.667,0,0,1951792,9979244,448168,3852728,44871.760,22870.941,0,124.879,0,4.028,4326,2888,2.930,2.770,1.930,13,0,19.135,0,0,20,12,0,1,20
02-08 18:58:50,80.989,17.748,0,0,0,2148396,9781940,448172,3853320,30270.974,14656.051,0,0,0,0,4987,3372,2.930,2.770,1.930,14,0,2.000,0,0,20,12,0,1,20
02-08 18:58:51,86.273,13.254,0,0,0,2322332,9607808,448188,3853500,29539.876,15008.001,0,0,0,0,5043,3528,2.930,2.770,1.930,13,0,36.010,0,0,20,12,0,1,20
02-08 18:58:52,55.564,15.379,26.294,0,0,2388732,9540792,448196,3854000,15316.751,7501.110,0,801.706,0,119.065,4715,3235,3.740,2.940,1.990,1,0,62.509,0,0,20,12,0,1,20
02-08 18:58:53,6.796,23.913,68.718,0,0,2365508,9564012,448196,3854004,46045.289,27372.239,0,72.493,0,3.021,4370,3042,3.740,2.940,1.990,1,0,130.891,0,0,20,12,0,1,20
02-08 18:58:54,6.218,23.381,67.408,0,0,2362636,9566856,448196,3854016,45500.181,25604.112,0,338.284,0,3.980,4427,3137,3.740,2.940,1.990,1,0,132.329,0,0,20,12,0,1,20
02-08 18:58:55,7.252,24.758,66.270,0,0,2359176,9570184,448196,3854148,60735.756,31539.740,0,12.004,0,3.001,4488,3128,3.740,2.940,1.990,2,0,119.037,0,0,20,12,0,1,20
02-08 18:58:56,8.484,23.707,66.129,0,0,2361684,9567668,448196,3854156,60104.979,29382.216,0,11.978,0,2.995,4484,3110,3.740,2.940,1.990,4,0,122.775,0,0,20,12,0,1,20
02-08 18:58:57,18.759,23.261,56.776,0,0,2366412,9562892,448196,3854636,45494.167,24389.347,0,56.026,0,4.002,4879,5733,3.600,2.930,1.990,1,0,76.035,0,0,20,12,0,1,20
02-08 18:58:58,21.742,22.992,53.231,0,0,2363864,9565420,448196,3854640,57641.397,464675.910,0,31.989,0,2.999,5942,6145,3.600,2.930,1.990,1,0,68.975,0,0,20,12,0,1,20
02-08 18:58:59,28.101,26.129,43.630,0,0,2402712,9526544,448196,3855228,48013.475,143227.974,0,118.318,0,1.972,5281,5817,3.600,2.930,1.990,4,0,124.234,0,0,20,12,0,1,20
02-08 18:59:00,28.665,17.250,54.032,0,0,2409696,9519252,448200,3854480,61701.539,32727.416,0,0,0,0,3852,11684,3.600,2.930,1.990,4,0,54.793,0,0,20,12,0,2,20
02-08 18:59:01,10.245,15.243,72.467,0,0,2417616,9511196,448200,3854576,45512.454,23939.193,0,3.998,0,1.000,3689,2859,3.600,2.930,1.990,2,0,75.966,0,0,21,12,0,2,20
02-08 18:59:02,19.772,10.011,70.078,0,0,2451616,9477188,448200,3854584,60642.229,31639.076,0,4.004,0,1.001,2907,2474,3.390,2.890,1.990,1,0,18.020,0,0,21,12,0,2,20
02-08 18:59:03,22.487,4.997,70.958,0,0,2492280,9436520,448200,3854584,30086.093,14649.281,0,0,0,0,2224,1857,3.390,2.890,1.990,3,0,0,0,0,21,12,0,2,20
02-08 18:59:04,23.246,6.499,69.738,0,0,2493912,9434856,448216,3854600,29586.082,14979.510,0,443.926,0,27.995,3345,3379,3.390,2.890,1.990,3,0,0,0,0,21,17,0,3,10
02-08 18:59:05,22.259,7.253,68.277,0,0,2496540,9432036,448264,3854740,14861.793,7364.871,0,732.285,0,36.014,4042,4663,3.390,2.890,1.990,1,0,2.001,0,0,21,14,0,7,0
02-08 18:59:06,17.013,13.760,68.050,0,0,2449316,9479260,448264,3854740,30669.720,16266.050,0,4.003,0,1.001,3445,2612,3.390,2.890,1.990,3,0,76.056,0,0,21,14,0,7,0
02-08 18:59:07,6.233,26.428,64.324,0,0,2441420,9487148,448264,3854748,60662.444,37182.524,0,3.989,0,0.997,4922,3388,3.280,2.880,1.990,3,0,158.567,0,0,21,14,0,7,0
02-08 18:59:08,9.015,25.292,65.359,0,0,2432552,9495996,448264,3854768,60922.426,33049.021,0,2872.783,0,495.825,5503,3351,3.280,2.880,1.990,1,0,139.232,0,0,21,14,0,8,0
02-08 18:59:09,8.062,23.681,66.509,0,0,2424776,9503740,448264,3854796,59567.085,589568.120,0,4.031,0,1.008,4822,3488,3.280,2.880,1.990,2,0,135.034,0,0,21,14,0,8,0
02-08 18:59:10,7.449,23.340,66.543,0,0,2420192,9508160,448268,3854944,59935.412,32850.410,0,218.500,0,6.952,4526,3383,3.280,2.880,1.990,1,0,123.154,0,0,21,14,0,8,0
02-08 18:59:11,7.006,26.023,65.559,0,0,2415128,9513220,448268,3854948,61017.948,31890.718,0,12.011,0,3.003,4702,3393,3.280,2.880,1.990,1,0,135.122,0,0,21,14,0,8,0
02-08 18:59:12,7.739,24.217,65.660,0,0,2407608,9520740,448268,3854948,45015.064,23082.241,0,15.978,0,3.995,4618,3312,3.100,2.850,1.980,1,0,123.830,0,0,21,14,0,8,0
02-08 18:59:13,8.249,24.498,65.746,0,0,2394060,9534284,448268,3854952,60914.107,31681.975,0,11.999,0,3.000,4615,3369,3.100,2.850,1.980,2,0,116.993,0,0,21,14,0,8,0
02-08 18:59:14,16.511,24.516,56.787,0,0,2405148,9523144,448268,3855432,59798.136,30964.265,0,4.003,0,1.001,5290,5998,3.100,2.850,1.980,1,0,93.061,0,0,21,14,0,8,0
02-08 18:59:15,19.501,23.001,56.752,0,0,2397716,9530488,448280,3855416,44901.707,23536.895,0,248.009,0,13.000,4923,5117,3.100,2.850,1.980,1,0,69.003,0,0,21,14,0,8,0
02-08 18:59:16,33.126,23.238,41.037,0,0,2442876,9485308,448292,3855412,45226.215,24323.292,0,7.911,0,1.978,5176,3376,3.100,2.850,1.980,4,0,69.218,0,0,21,14,0,8,0
02-08 18:59:17,47.136,22.167,31.085,0,0,2497392,9430684,448292,3855528,71569.949,599318.828,0,40.767,0,1.019,4837,3071,3.330,2.900,2.010,2,0,65.227,0,0,21,15,0,8,0
02-08 18:59:18,43.662,9.427,45.895,0,0,2543500,9384568,448292,3855536,29720.825,14610.845,0,432.649,0,64.500,3425,2054,3.330,2.900,2.010,3,0,0,0,0,21,15,0,8,0
02-08 18:59:19,49.699,5.994,43.206,0,0,2590208,9337696,448296,3855688,29621.891,14774.982,0,403.590,0,9.990,3674,2468,3.330,2.900,2.010,3,0,3.996,0,0,21,23,0,8,0
02-08 18:59:20,49.463,6.745,42.968,0,0,2622828,9304740,448332,3855940,29568.950,14647.077,103.923,155.884,0.999,14.989,4264,3390,3.330,2.900,2.010,4,0,15.988,0,0,21,31,0,8,0
02-08 18:59:21,44.710,8.492,46.208,0,0,2667872,9258400,448392,3857068,14842.573,7503.212,0,1302.821,0,114.896,3717,2352,3.330,2.900,2.010,3,0,0.999,0,0,21,31,0,8,0
02-08 18:59:22,26.998,27.998,43.246,0,0,2684000,9239920,448412,3859108,15690.659,9893.155,0,367.969,0,15.999,6689,8453,3.220,2.880,2.010,1,0,103.991,0,0,21,30,0,9,0
02-08 18:59:23,8.277,20.568,68.475,0.752,0,2687600,9236144,448564,3859116,45581.772,24929.915,144.475,1155.798,6.020,15.049,4324,3243,3.220,2.880,2.010,1,0,109.359,0,0,21,30,0,9,0
02-08 18:59:24,11.291,25.090,61.722,0,0,2685036,9238704,448564,3859592,60931.969,32316.133,0,4347.624,0,305.096,5908,5038,3.220,2.880,2.010,4,0,138.498,0,0,21,30,0,9,0
02-08 18:59:25,18.697,22.141,56.336,0,0,2694872,9228784,448564,3859516,43708.029,21698.044,0,3.936,0,0.984,5278,5621,3.220,2.880,2.010,4,0,67.899,0,0,21,30,0,9,0
02-08 18:59:26,18.485,22.283,58.240,0.506,0,2689512,9233940,448572,3859336,46013.304,24106.114,226.881,806.238,14.180,2.026,5014,4830,3.220,2.880,2.010,1,0,94.196,0,0,21,30,0,9,0
02-08 18:59:27,16.233,19.729,57.690,3.746,0,2694736,9220856,448580,3867588,44700.149,22492.425,7767.858,7.992,92.903,1.998,5142,6119,3.040,2.850,2,2,0,98.896,0,0,22,30,0,9,0
02-08 18:59:28,21.019,27.024,51.296,0,0,2681124,9234284,448584,3867584,59158.530,28047.379,0,332.301,0,6.005,5506,6118,3.040,2.850,2,2,0,76.069,0,0,22,30,0,9,0
02-08 18:59:29,19.986,15.240,60.209,2.248,0,2679212,9234480,448592,3868876,60288.893,596093.565,1606.904,3881.354,19.986,566.614,5210,3602,3.040,2.850,2,0,1,51.965,0,0,22,32,0,9,0
02-08 18:59:30,30.762,28.261,37.264,1.751,0,2743756,9169364,448624,3869364,45626.412,23961.144,588.224,312.119,24.009,24.009,5201,3943,3.040,2.850,2,1,0,104.040,0,0,22,46,0,9,0
02-08 18:59:31,8.469,21.172,68.001,0,0,2750672,9162316,448624,3869496,52286.585,28545.498,0,3.985,0,0.996,4392,3334,3.040,2.850,2,2,0,89.672,0,0,22,46,0,9,0
02-08 18:59:32,13.725,28.198,55.647,0,0,2762152,9150824,448624,3869964,53549.919,29016.313,0,15.970,0,2.994,5950,6290,2.960,2.840,2,9,0,157.708,0,0,22,46,0,9,0
02-08 18:59:33,19.803,26.321,53.394,0,0,2751568,9161388,448624,3869988,44786.798,22625.024,0,569.536,0,82.222,5565,6009,2.960,2.840,2,1,0,70.189,0,0,22,46,0,9,0
02-08 18:59:34,20.785,25.042,52.088,1.503,0,2721728,9189660,448648,3871028,59799.665,30960.117,1446.435,344.580,28.047,11.019,4677,3796,2.960,2.840,2,0,0,123.207,0,0,22,46,0,9,0
02-08 18:59:35,2.496,3.745,92.119,0,0,2722456,9188932,448648,3871028,44594.724,22474.111,0,0,0,0,1738,2113,2.960,2.840,2,1,0,16.976,0,0,22,46,0,9,0
02-08 18:59:36,7.507,22.522,66.315,1.251,0,2723688,9185840,448648,3872884,60760.902,34490.003,1725.701,32.032,20.020,3.003,4450,3378,2.960,2.840,2,5,0,107.106,0,0,24,46,0,9,0
02-08 18:59:37,18.522,23.778,55.815,0,0,2720320,9189204,448648,3872956,44607.882,22996.747,0,0,0,0,4737,5947,2.880,2.820,2,1,0,93.108,0,0,24,46,0,9,0
02-08 18:59:38,22.876,24.119,51.222,0,0,2711528,9197956,448648,3872888,56784.322,463856.493,0,3.978,0,0.995,6233,6672,2.880,2.820,2,4,0,78.573,0,0,24,46,0,10,0
02-08 18:59:39,9.785,28.852,57.454,1.004,0,2717564,9190024,448656,3874768,64103.356,157546.772,1874.649,240.854,22.078,8.028,5515,3693,2.880,2.820,2,1,0,136.484,0,0,24,48,0,10,0
02-08 18:59:40,7.740,24.218,65.412,0,0,2720776,9186808,448656,3874772,45936.545,24297.494,0,7.989,0,1.997,4755,3669,2.880,2.820,2,1,0,138.814,0,0,24,48,0,10,0
02-08 18:59:41,7.269,23.561,67.676,0,0,2729368,9178208,448656,3874780,60794.461,34594.170,0,12.031,0,2.005,4664,3437,2.880,2.820,2,2,0,129.337,0,0,24,48,0,10,0
02-08 18:59:42,7.751,24.253,66.258,0,0,2731616,9175952,448656,3874788,60234.015,31587.679,0,8.001,0,2.000,4353,3251,2.650,2.780,1.990,1,0,102.012,0,0,24,48,0,10,0
02-08 18:59:43,8.031,24.093,65.754,0,0,2722160,9185256,448656,3874920,56766.456,27405.950,0,20.078,0,5.019,4605,3304,2.650,2.780,1.990,2,0,119.462,0,0,24,48,0,10,0
02-08 18:59:44,12.550,25.100,59.304,0,0,2734944,9172456,448664,3875320,48839.777,26934.272,0,145.676,0,4.921,5798,5827,2.650,2.780,1.990,6,0,126.974,0,0,24,48,0,10,0
02-08 18:59:45,20.368,21.625,56.828,0,0,2737816,9169552,448664,3875416,44808.653,22829.782,0,12.070,0,2.012,5091,5593,2.650,2.780,1.990,5,0,45.261,0,0,24,48,0,10,0
02-08 18:59:46,18.638,18.386,61.957,0,0,2723612,9183756,448664,3875028,45188.571,22897.020,0,8.059,0,2.015,3552,3399,2.650,2.780,1.990,2,0,59.439,0,0,24,48,0,10,0
02-08 18:59:47,24.562,28.283,44.162,0,0,2757228,9150132,448672,3874936,58257.495,581586.525,0,39.696,0,2.977,6120,4018,2.520,2.750,1.980,2,0,115.118,0,0,24,48,0,10,0
02-08 18:59:48,26.579,30.842,41.123,0,0,2809556,9097780,448672,3874960,61547.429,32466.760,0,72.215,0,3.009,5276,3345,2.520,2.750,1.980,2,0,143.427,0,0,24,48,0,10,0
02-08 18:59:49,28.996,27.747,42.495,0,0,2831644,9075668,448704,3874936,60580.457,32535.949,0,3687.541,0,632.921,5945,3219,2.520,2.750,1.980,3,0,112.986,0,0,24,48,0,10,0
02-08 18:59:50,29.652,29.652,39.452,0,0,2875344,9030716,448740,3876128,61195.015,32213.299,8.041,176.908,1.005,2.010,5659,4630,2.520,2.750,1.980,3,0,129.665,0,0,24,48,0,10,0
02-08 18:59:51,25.311,29.530,42.434,0.496,0,2912888,8992248,448764,3876936,45280.490,25364.936,11.911,0,2.978,0,5332,3952,2.520,2.750,1.980,3,0,138.964,0,0,24,52,0,12,0
02-08 18:59:52,26.884,34.850,36.094,0,0,2970808,8934292,448764,3876952,60374.730,31189.545,0,904.103,0,7.966,5385,3474,2.480,2.730,1.980,4,0,155.330,0,0,24,52,0,12,0
02-08 18:59:53,35.040,30.502,34.535,0,0,3039624,8865468,448764,3876960,60742.141,33654.211,0,605.001,0,5.042,5267,3462,2.480,2.730,1.980,4,0,153.267,0,0,24,52,0,12,0
02-08 18:59:54,31.330,24.760,43.457,0.505,0,3036700,8868172,448768,3877164,46566.770,25659.880,4.043,598.293,1.011,6.064,5191,3374,2.480,2.730,1.980,2,0,130.371,0,0,24,52,0,12,0
02-08 18:59:55,16.615,24.799,55.302,0,0,3042664,8862172,448768,3877196,69588.124,468892.544,0,15.871,0,3.968,5009,3514,2.480,2.730,1.980,2,0,107.132,0,0,24,52,0,12,0
02-08 18:59:56,8.224,25.418,64.293,0,0,3035696,8869128,448768,3877200,63810.749,154309.655,0,11.962,0,2.990,4651,3316,2.480,2.730,1.980,1,0,113.634,0,0,24,52,0,12,0
02-08 18:59:57,8.274,24.570,65.186,0,0,3032716,8872104,448768,3877204,45803.028,24056.819,0,8.023,0,2.006,4414,3273,2.440,2.720,1.980,2,0,112.321,0,0,24,52,0,12,0
02-08 18:59:58,9.715,22.418,65.262,0,0,3028684,8876132,448768,3877600,59888.251,30925.042,0,15.942,0,3.985,5001,4425,2.440,2.720,1.980,1,0,97.643,0,0,24,52,0,12,0
02-08 18:59:59,18.423,25.642,54.521,0,0,3028972,8875788,448772,3877404,44082.645,22895.730,0,5429.172,0,651.262,6552,5602,2.440,2.720,1.980,3,0,74.686,0,0,24,52,0,12,0
02-08 19:00:00,29.495,33.276,36.554,0,0,3052332,8852392,448772,3877220,45702.721,23551.679,0,8.067,0,2.017,6759,17077,2.440,2.720,1.980,2,0,112.938,0,0,24,52,0,13,0
02-08 19:00:01,42.344,30.886,25.407,0,0,3081308,8823412,448784,3877672,48794.671,25564.047,0,0,0,0,5280,3388,2.440,2.720,1.980,8,0,107.605,0,0,24,52,0,13,0
02-08 19:00:02,49.002,30.501,19.751,0,0,3162636,8742016,448784,3877708,57413.320,34391.390,0,48.002,0,3.000,5470,3463,2.480,2.730,1.990,5,0,120.005,0,0,24,52,0,11,0
02-08 19:00:03,53.103,28.556,17.284,0,0,3199908,8704328,448792,3878108,60335.273,32557.281,0,4.008,0,1.002,5544,3669,2.480,2.730,1.990,5,0,107.208,0,0,24,52,0,11,0
02-08 19:00:04,51.831,28.795,18.529,0,0,3239848,8663888,448820,3878508,55916.422,577747.275,0,1089.704,0,87.136,5772,3730,2.480,2.730,1.990,4,0,122.191,0,0,24,52,0,11,0
02-08 19:00:05,49.330,30.739,17.352,0,0,3260212,8642032,448900,3879836,59541.502,31418.732,0,666.332,0,36.688,5586,3577,2.480,2.730,1.990,6,0,109.072,0,0,24,52,0,11,0
02-08 19:00:06,52.367,28.197,15.861,3.525,0,3293448,8606532,449836,3881088,45582.096,23673.727,874.119,487.412,126.888,25.176,5933,5472,2.480,2.730,1.990,4,0,98.691,0,0,24,56,0,6,0
02-08 19:00:07,60.303,22.307,15.198,0,0,3382492,8517400,449844,3881092,58538.059,30275.060,0,1247.243,0,5.883,6309,6264,2.530,2.730,2,4,0,75.501,0,0,24,56,0,6,0
02-08 19:00:08,46.425,33.161,18.621,1.275,0,3427240,8469268,451404,3882276,46067.033,24488.002,0,10374.750,0,1257.051,10919,13631,2.530,2.730,2,4,0,65.301,0,0,24,56,0,7,0
02-08 19:00:09,45.027,33.335,17.663,0.498,0,3451600,8433484,452776,3892016,60212.263,32961.015,0,16733.258,0,1146.332,10159,12969,2.530,2.730,2,5,0,98.513,0,0,24,56,0,7,0
02-08 19:00:10,50.120,27.816,18.294,1.002,0,3476684,8405008,453784,3894296,46309.668,26038.225,0,8099.355,0,979.340,9803,12068,2.530,2.730,2,5,0,106.254,0,0,24,56,0,6,0
02-08 19:00:11,47.845,31.225,16.620,2.518,0,3495040,8383084,454780,3896748,60830.383,31823.340,4.029,8332.046,1.007,938.765,9562,12336,2.530,2.730,2,5,1,105.762,0,0,24,56,0,6,0
02-08 19:00:12,56.091,31.162,10.470,0.997,0,3514884,8358876,455408,3900192,45445.313,23399.739,0,5803.566,0,456.707,8131,9402,2.880,2.800,2.020,7,0,106.698,0,0,24,56,0,6,0
02-08 19:00:13,67.394,28.206,3.245,0.250,0,3545396,8327464,455452,3900948,73464.659,574252.416,527.172,1218.088,6.989,49.922,6711,6200,2.880,2.800,2.020,3,0,115.818,0,0,24,62,0,10,0
02-08 19:00:14,57.631,28.197,12.615,0,0,3598124,8273440,455524,3902540,44378.405,22617.107,3.957,926.055,0.989,51.447,8211,9690,2.880,2.800,2.020,10,0,121.693,0,0,24,66,0,13,0
02-08 19:00:15,37.134,32.587,28.545,0,0,3602528,8267680,455544,3903444,61269.259,32378.655,0,860.898,0,36.376,8399,9968,2.880,2.800,2.020,3,0,108.117,0,0,24,78,0,21,0
02-08 19:00:16,24.198,30.435,44.155,0,0,3644820,8225352,455576,3903444,45513.475,25385.604,0,634.640,0,30.934,5370,3656,2.880,2.800,2.020,2,0,129.722,0,0,24,78,0,21,0
02-08 19:00:17,29.320,25.378,41.886,0,0,3676852,8193132,455744,3903456,60067.073,34054.565,0,5211.569,0,240.473,5723,4298,2.810,2.790,2.020,2,0,132.063,0,0,24,78,0,21,0
02-08 19:00:18,28.211,29.736,41.682,0,0,3722572,8147268,455744,3903596,61860.559,31812.201,0,24.399,0,6.100,5023,3344,2.810,2.790,2.020,3,0,114.879,0,0,24,78,0,21,0
02-08 19:00:19,28.898,28.151,41.604,0,0,3742972,8126832,455748,3903636,45789.098,22999.181,0,103.636,0,6.975,5084,3434,2.810,2.790,2.020,4,0,111.608,0,0,24,78,0,21,0
02-08 19:00:20,33.580,29.570,35.083,0,0,3776144,8093652,455748,3904124,60550.478,31320.215,0,4526.726,0,194.461,6163,5792,2.810,2.790,2.020,2,0,145.344,0,0,24,80,0,21,0
02-08 19:00:21,41.875,28.084,28.836,0,0,3753872,8114392,455752,3905640,51986.744,580219.087,0,0,0,0,7135,8251,2.810,2.790,2.020,3,0,80.239,0,0,24,78,0,22,0
02-08 19:00:22,29.164,24.716,43.747,0,0,3769736,8098292,455752,3905320,46278.538,26851.062,0,11.864,0,2.966,5502,4460,2.830,2.790,2.030,4,0,71.181,0,0,24,81,0,22,0
02-08 19:00:23,46.816,34.735,17.367,0,0,3827632,8040360,455756,3905352,61519.588,34444.687,0,402.721,0,21.143,6236,5306,2.830,2.790,2.030,3,0,127.864,0,0,24,81,0,22,0
02-08 19:00:24,53.156,26.826,18.381,0,0,3862604,8005360,455760,3905376,61120.655,34106.391,0,214.612,0,17.884,6157,4450,2.830,2.790,2.030,7,0,125.190,0,0,24,84,0,22,0
02-08 19:00:25,31.417,30.663,36.946,0,0,3899812,7968100,455792,3905396,61091.779,35471.997,0,13785.059,0,1593.445,8494,4168,2.830,2.790,2.030,4,0,152.810,0,0,24,88,0,22,0
02-08 19:00:26,29.901,25.881,42.968,0.251,0,3927516,7940348,455800,3905436,45493.311,23442.679,4.020,398.015,1.005,11.056,5179,3509,2.830,2.790,2.030,4,0,113.575,0,0,24,90,0,22,0
02-08 19:00:27,29.681,26.189,42.401,0,0,3961900,7905940,455816,3905444,60432.570,31420.467,0,263.384,0,13.967,5032,3394,3,2.830,2.040,2,0,121.715,0,0,24,90,0,22,0
02-08 19:00:28,25.999,36.248,36.248,0,0,3971008,7894452,455836,3907824,45832.724,23464.835,0,203.990,0,16.999,7132,7738,3,2.830,2.040,3,0,141.993,0,0,24,92,0,25,0
02-08 19:00:29,9.270,24.553,63.137,0.251,0,3979536,7885880,455868,3907832,67746.683,475385.289,0,529.146,0,35.076,5124,4201,3,2.830,2.040,4,0,112.243,0,0,24,92,0,25,0
02-08 19:00:30,18.876,22.104,56.875,0,0,3983268,7882120,455876,3907832,48214.988,137538.835,0,186.768,0,10.928,4994,6188,3,2.830,2.040,5,0,78.482,0,0,24,92,0,25,0
02-08 19:00:31,21.864,23.372,53.781,0,0,3961628,7903748,455888,3907836,60719.464,30523.589,0,172.904,0,11.058,5772,6504,3,2.830,2.040,4,0,77.405,0,0,24,94,0,25,0
02-08 19:00:32,40.267,24.359,33.058,0,0,4037608,7827656,455908,3908308,45765.723,24157.970,0,214.755,0,11.931,5567,3504,2.920,2.820,2.040,3,0,92.464,0,0,24,94,0,25,0
02-08 19:00:33,44.059,17.120,38.520,0,0,4106124,7759112,455912,3908332,62695.943,32524.225,0,205.442,0,7.049,4120,2762,2.920,2.820,2.040,2,0,35.247,0,0,24,95,0,25,0
02-08 19:00:34,26.513,15.758,56.027,0.250,0,4132544,7731708,455984,3909164,30373.866,15723.696,0,984.482,0,71.035,4724,4189,2.920,2.820,2.040,2,0,69.034,0,0,24,98,0,25,0
02-08 19:00:35,17.444,24.920,55.571,0,0,4139244,7724976,456028,3909172,61122.611,33269.105,0,3927.381,0,337.914,5656,3979,2.920,2.820,2.040,2,0,138.555,0,0,24,100,0,25,0
02-08 19:00:36,19.825,23.589,54.456,0,0,4144848,7719232,456028,3909312,61996.850,35210.380,0,0,0,0,4933,3633,2.920,2.820,2.040,1,0,124.472,0,0,24,102,0,25,0
02-08 19:00:37,9.476,24.188,64.336,0,0,4155388,7708684,456032,3909316,60661.250,33648.162,0,1216.896,0,8.977,4734,3556,2.770,2.790,2.040,1,0,130.667,0,0,24,104,0,25,0
02-08 19:00:38,12.474,25.197,60.872,0,0,4170216,7693836,456040,3909328,53759.535,452540.864,0,2722.254,0,14.968,4934,3811,2.770,2.790,2.040,2,0,133.718,0,0,24,106,0,26,0
02-08 19:00:39,21.520,28.276,47.794,0,0,4228652,7635340,456060,3909352,63652.304,153935.000,0,340.312,0,23.021,5567,4248,2.770,2.790,2.040,2,0,121.111,0,0,24,106,0,25,0
02-08 19:00:40,7.272,23.571,67.953,0,0,4231996,7631980,456072,3909356,61117.846,33411.959,0,96.288,0,9.027,4617,3512,2.770,2.790,2.040,1,0,134.402,0,0,24,106,0,25,0
02-08 19:00:41,6.731,22.686,67.808,0,0,4224276,7639680,456076,3909368,45483.416,24550.594,0,75.786,0,2.992,4660,3543,2.770,2.790,2.040,2,0,139.605,0,0,24,106,0,25,0
02-08 19:00:42,19.552,10.027,69.435,0,0,4258620,7605336,456076,3909368,64366.546,32749.281,0,806.148,0,3.008,2841,2482,2.630,2.760,2.030,1,0,15.040,0,0,24,106,0,25,0
02-08 19:00:43,22.762,5.503,70.287,0,0,4286540,7577396,456096,3909368,29667.473,14599.614,0,272.142,0,20.010,2500,2325,2.630,2.760,2.030,1,0,0,0,0,24,106,0,25,0
02-08 19:00:44,28.232,6.996,63.710,0,0,4302348,7561548,456128,3909376,15205.555,7291.471,0,299.814,0,39.975,3530,3632,2.630,2.760,2.030,3,0,3.998,0,0,24,110,0,25,0
02-08 19:00:45,23.736,5.497,68.960,0,0,4304312,7559532,456168,3909388,16152.676,7453.697,0,295.829,0,28.983,3495,3964,2.630,2.760,2.030,1,0,0,0,0,24,112,0,25,0
02-08 19:00:46,20.498,7.499,69.742,0,0,4258644,7605164,456176,3909412,15093.308,7443.166,0,179.980,0,11.999,3264,3041,2.630,2.760,2.030,1,0,26.997,0,0,24,110,0,25,0
02-08 19:00:47,20.938,12.962,64.808,0,0,4292224,7571436,456192,3909544,46055.296,27642.949,0,155.538,0,7.976,3495,3019,2.500,2.730,2.030,1,0,38.885,0,0,24,110,0,25,0
02-08 19:00:48,28.120,8.633,60.679,0.247,0,4327792,7535692,456200,3909708,29373.669,14462.371,0,607.779,0,21.706,3477,3507,2.500,2.730,2.030,3,0,3.947,0,0,24,112,0,27,0
02-08 19:00:49,36.643,8.652,54.455,0,0,4331224,7532124,456256,3909780,30071.603,15223.087,0,484.501,0,52.929,4997,5760,2.500,2.730,2.030,3,0,4.071,0,0,24,114,0,26,0
02-08 19:00:50,22.733,6.495,69.199,0,0,4329664,7533384,456296,3910000,15023.935,7290.630,0,331.756,0,25.981,3337,3736,2.500,2.730,2.030,1,0,1.999,0,0,24,113,0,26,0
02-08 19:00:51,28.018,8.756,61.039,0.250,0,4331860,7530660,456532,3910224,14925.635,7514.851,0,1949.258,0,275.178,5850,7688,2.500,2.730,2.030,2,0,5.003,0,0,24,116,0,24,0
02-08 19:00:52,23.720,7.990,65.667,0,0,4333836,7528556,456604,3910280,20786.779,566423.490,0,715.098,0,54.931,4045,4650,2.380,2.700,2.020,3,0,0,0,0,24,116,0,24,0
02-08 19:00:53,46.794,12.762,39.037,0,0,4399152,7463036,456756,3910320,14929.997,7531.060,0,1081.013,0,112.105,5554,5884,2.380,2.700,2.020,2,0,5.005,0,0,24,117,0,25,0
02-08 19:00:54,11.747,19.745,66.233,0,0,4328240,7533888,456792,3910340,538.865,0,0,699.825,0,41.989,4429,3762,2.380,2.700,2.020,1,0,110.972,0,0,24,117,0,25,0
02-08 19:00:55,21.253,7.251,70.511,0,0,4372400,7489720,456800,3910340,30472.775,16984.662,0,448.070,0,25.004,2496,2353,2.380,2.700,2.020,2,0,0,0,0,24,117,0,25,0
02-08 19:00:56,23.268,7.506,67.804,0,0,4395820,7466284,456812,3910344,44301.997,22095.455,0,9351.387,0,984.778,4574,3099,2.380,2.700,2.020,1,0,2.002,0,0,24,117,0,26,0
02-08 19:00:57,23.246,6.499,68.739,0,0,4391920,7470104,456884,3910352,15153.662,7360.865,0,2255.652,0,117.982,3800,4221,2.270,2.670,2.020,1,0,1.000,0,0,24,119,0,26,0
02-08 19:00:58,23.440,7.730,66.082,0,0,4382676,7479316,456904,3910364,31201.605,16066.118,0,163.584,0,19.949,3566,3894,2.270,2.670,2.020,1,0,0,0,0,24,118,0,26,0
02-08 19:00:59,25.223,7.992,64.682,0.250,0,4373476,7488400,456984,3910388,14960.262,7288.333,0,703.260,0,80.915,4455,5360,2.270,2.670,2.020,2,0,2.997,0,0,24,120,0,26,0
02-08 19:01:00,28.857,12.825,55.740,0,0,4381128,7480572,457036,3912228,14891.982,7517.516,0,635.339,0,56.233,4706,7547,2.270,2.670,2.020,5,0,36.502,0,0,24,120,0,26,0
02-08 19:01:01,45.384,26.622,27.383,0,0,4314620,7546904,457144,3910556,425.951,150.097,0,2693.633,0,185.593,6165,15933,2.270,2.670,2.020,2,0,91.275,0,0,24,119,0,27,0
02-08 19:01:02,39.249,14.750,44.999,0,0,4382140,7479368,457152,3910560,45195.683,24041.299,0,363.989,0,17.999,3661,2621,2.320,2.680,2.020,2,0,8.000,0,0,24,119,0,27,0
02-08 19:01:03,43.982,10.995,44.482,0,0,4454160,7407296,457196,3910568,29629.851,15071.820,0,2203.097,0,123.949,3947,3177,2.320,2.680,2.020,6,0,1.999,0,0,24,120,0,26,0
02-08 19:01:04,32.816,9.770,56.114,0,0,4466992,7394444,457204,3910580,29651.006,15433.233,0,637.290,0,19.039,3734,3365,2.320,2.680,2.020,1,0,2.004,0,0,24,123,0,26,0
02-08 19:01:05,24.644,4.730,68.953,0,0,4402472,7458956,457204,3910588,14798.363,7748.679,0,473.962,0,54.764,3167,3072,2.320,2.680,2.020,2,0,1.991,0,0,24,121,0,26,0
02-08 19:01:06,15.753,14.253,68.264,0,0,4428260,7433152,457208,3910600,44882.238,27223.604,0,112.023,0,4.001,3278,2794,2.320,2.680,2.020,1,0,55.011,0,0,24,121,0,26,0
02-08 19:01:07,23.868,5.527,70.849,0,0,4461356,7400056,457208,3910600,29557.555,14989.817,0,0,0,0,2343,2103,2.300,2.660,2.020,1,0,1.005,0,0,24,121,0,26,0
02-08 19:01:08,23.551,6.013,69.900,0,0,4470716,7390684,457216,3910604,29654.764,15212.710,0,88.190,0,10.022,3023,3046,2.300,2.660,2.020,2,0,0,0,0,24,123,0,27,0
02-08 19:01:09,26.197,6.487,64.869,0,0,4469888,7391456,457216,3910656,16273.182,8697.460,0,3.992,0,0.998,3683,3888,2.300,2.660,2.020,1,0,1.996,0,0,24,121,0,27,0
02-08 19:01:10,16.245,13.496,69.227,0,0,4414008,7447320,457216,3910672,30354.903,18863.725,0,39.987,0,2.999,3201,2682,2.300,2.660,2.020,3,0,50.983,0,0,24,121,0,27,0
02-08 19:01:11,23.392,5.973,69.679,0,0,4444176,7417140,457224,3910672,37754.233,93489.706,0,147.322,0,11.945,2507,2209,2.300,2.660,2.020,7,0,0,0,0,24,121,0,27,0
02-08 19:01:12,22.847,6.528,69.293,0,0,4466312,7395004,457224,3910672,34260.886,500092.850,0,0,0,0,3152,2983,2.190,2.640,2.010,1,0,3.013,0,0,24,121,0,26,0
02-08 19:01:13,22.517,7.005,68.301,0.250,0,4466232,7395004,457280,3910692,30016.503,14999.245,0,420.315,0,58.044,4243,4999,2.190,2.640,2.010,2,0,0,0,0,24,122,0,26,0
02-08 19:01:14,25.053,5.762,67.392,0,0,4420436,7440736,457356,3910680,15247.014,7672.109,0,729.532,0,82.173,3437,3976,2.190,2.640,2.010,2,0,2.004,0,0,24,121,0,26,0
02-08 19:01:15,12.978,17.719,68.133,0,0,4425764,7435352,457360,3910732,15758.834,8790.846,0,359.380,0,16.971,3687,3128,2.190,2.640,2.010,2,0,81.859,0,0,24,121,0,26,0
02-08 19:01:16,22.739,5.747,70.714,0.250,0,4470104,7391000,457372,3910732,44766.411,22024.886,0,271.863,0,13.993,2425,2118,2.190,2.640,2.010,1,0,0,0,0,24,121,0,11,0
02-08 19:01:17,24.019,6.005,68.805,0,0,4484696,7376328,457436,3910740,29615.654,14831.846,0,3815.047,0,521.416,3996,3334,2.180,2.630,2.010,1,0,1.001,0,0,24,121,0,11,0
02-08 19:01:18,24.223,4.994,68.922,0,0,4481352,7379668,457440,3910740,15659.378,7287.799,0,83.906,0,5.993,3386,3553,2.180,2.630,2.010,1,0,1.998,0,0,24,121,0,11,0
02-08 19:01:19,16.012,14.011,68.802,0,0,4463944,7397044,457448,3910764,45370.178,27338.595,0,164.124,0,13.010,3335,2802,2.180,2.630,2.010,1,0,55.041,0,0,24,121,0,11,0
02-08 19:01:20,25.661,6.541,67.171,0,0,4497620,7363368,457448,3910764,46793.232,24528.710,0,64.404,0,6.038,2716,2390,2.180,2.630,2.010,1,0,0,0,0,24,121,0,11,0
02-08 19:01:21,23.945,5.487,69.341,0,0,4507108,7353740,457448,3910904,15163.235,7492.821,0,239.451,0,1.995,3005,2906,2.180,2.630,2.010,1,0,1.995,0,0,24,121,0,12,0
02-08 19:01:22,26.797,5.955,64.512,0,0,4503248,7357568,457460,3910924,29769.864,14643.260,0,365.238,0,42.677,4169,4799,2.320,2.650,2.020,1,0,0.992,0,0,24,124,0,12,0
02-08 19:01:23,28.021,9.990,57.747,0.244,0,4521132,7339452,457644,3910968,14537.576,7175.224,0,1442.452,0,187.129,5493,7033,2.320,2.650,2.020,10,0,2.924,0,0,24,125,0,12,0
02-08 19:01:24,34.202,9.258,57.089,0,0,4513136,7347292,457736,3911028,15403.809,8276.397,0,847.595,0,73.033,4216,4510,2.320,2.650,2.020,1,0,3.086,0,0,24,125,0,10,0
02-08 19:01:25,23.740,10.995,63.722,0.250,0,4481484,7378828,457828,3911048,568.754,0,0,923.600,0,85.963,4140,4215,2.320,2.650,2.020,1,0,42.981,0,0,24,124,0,11,0
02-08 19:01:26,19.699,8.727,69.570,0,0,4493720,7366580,457840,3911048,44745.162,24554.433,0,590.471,0,23.938,2734,2483,2.320,2.650,2.020,1,0,9.974,0,0,24,124,0,11,0
02-08 19:01:27,24.566,6.016,68.685,0,0,4524212,7335988,457936,3911052,29954.729,15118.745,0,2947.945,0,150.405,3127,3015,2.220,2.620,2.020,1,0,3.008,0,0,24,125,0,11,0
02-08 19:01:28,25.179,9.224,64.069,0,0,4518112,7342040,457972,3911056,30236.534,15262.858,0,179.493,0,20.941,3516,3467,2.220,2.620,2.020,3,0,5.983,0,0,24,126,0,8,0
02-08 19:01:29,23.581,6.522,68.987,0,0,4512824,7347312,457996,3911048,14847.082,7483.748,0,232.801,0,19.066,3756,4137,2.220,2.620,2.020,1,0,0,0,0,24,125,0,8,0
02-08 19:01:30,25.209,11.232,60.403,0.250,0,4508732,7351220,458108,3911112,29213.927,584030.945,0,954.462,0,109.823,5416,6196,2.220,2.620,2.020,2,0,2.995,0,0,24,125,0,8,0
02-08 19:01:31,24.873,12.934,60.192,0.249,0,4505496,7354328,458212,3911132,17032.922,8752.256,0,3912.001,0,240.769,5364,6507,2.220,2.620,2.020,5,0,0,0,0,24,125,0,8,0
02-08 19:01:32,50.644,8.567,40.062,0,0,4424972,7434584,458296,3911312,15152.843,7516.455,0,1294.064,0,102.799,5795,6170,2.280,2.630,2.020,4,0,1.008,0,0,24,126,0,9,0
02-08 19:01:33,23.722,19.227,54.936,0,0,4439196,7420292,458340,3911332,501.412,0,0,2744.783,0,448.474,5238,4751,2.280,2.630,2.020,1,0,78.908,0,0,24,126,0,9,0
02-08 19:01:34,22.287,6.511,69.867,0,0,4481320,7378160,458348,3911332,45295.611,24062.166,0,304.508,0,14.023,2473,2134,2.280,2.630,2.020,1,0,0,0,0,24,126,0,9,0
02-08 19:01:35,24.189,4.987,69.825,0,0,4491320,7368144,458360,3911336,29549.850,14717.070,0,255.359,0,12.967,3038,2928,2.280,2.630,2.020,2,0,0,0,0,24,126,0,9,0
02-08 19:01:36,23.145,6.720,67.196,0,0,4490804,7368584,458412,3911360,29904.846,14673.683,0,899.933,0,91.586,4102,4518,2.280,2.630,2.020,1,0,1.991,0,0,24,127,0,9,0
02-08 19:01:37,21.856,8.290,69.085,0,0,4419188,7440104,458492,3911368,15196.643,7560.639,0,1081.240,0,100.487,4042,4417,2.180,2.600,2.020,1,0,23.112,0,0,24,126,0,9,0
02-08 19:01:38,10.080,21.924,66.024,0,0,4430560,7428672,458512,3911392,31121.911,18964.458,0,407.231,0,22.176,4312,3400,2.180,2.600,2.020,2,0,126.000,0,0,24,126,0,10,0
02-08 19:01:39,23.106,5.714,70.311,0,0,4469104,7390116,458524,3911392,43933.418,21752.051,0,361.739,0,14.907,2521,2280,2.180,2.600,2.020,1,0,1.988,0,0,24,126,0,10,0
02-08 19:01:40,24.470,6.242,67.668,0.250,0,4497248,7361904,458584,3911400,30016.506,14574.281,0,2145.392,0,108.868,3218,3149,2.180,2.600,2.020,2,0,0,0,0,24,127,0,9,0
02-08 19:01:41,23.250,6.000,69.001,0,0,4497240,7361904,458596,3911392,15227.130,7606.065,0,184.002,0,15.000,3334,3515,2.180,2.600,2.020,1,0,0,0,0,24,128,0,9,0
02-08 19:01:42,26.510,6.752,65.524,0,0,4497208,7361904,458600,3911420,16773.024,8652.107,0,200.072,0,7.003,3825,3931,2.080,2.570,2.010,2,0,2.001,0,0,24,127,0,10,0
02-08 19:01:43,21.225,9.988,67.170,0,0,4497616,7361424,458640,3911436,15041.978,7746.718,0,467.440,0,57.931,4397,5502,2.080,2.570,2.010,3,0,0,0,0,24,127,0,10,0
02-08 19:01:44,28.324,7.520,61.160,0.501,0,4487024,7371896,458732,3911456,27697.599,409880.353,0,810.123,0,86.226,5650,6961,2.080,2.570,2.010,2,0,0,0,0,24,127,0,10,0
02-08 19:01:45,18.709,10.228,68.600,0,0,4487728,7371168,458740,3911472,14949.363,7477.675,0,319.303,0,14.967,3482,3642,2.080,2.570,2.010,1,0,1.996,0,0,24,127,0,10,0
02-08 19:01:46,43.420,17.763,35.772,0,0,4492244,7366396,458788,3911676,472.681,187.493,0,817.076,0,73.024,7109,8113,2.080,2.570,2.010,9,0,1.974,0,0,24,129,0,10,0
02-08 19:01:47,43.013,18.470,37.699,0,0,4410972,7447568,458840,3911716,15217.358,7450.798,0,971.579,0,100.194,6707,7073,2.240,2.600,2.020,4,0,76.917,0,0,24,128,0,10,0
02-08 19:01:48,27.305,23.547,46.343,0,0,4412916,7445552,458884,3911744,479.965,0,0,841.693,0,78.157,6289,6117,2.240,2.600,2.020,1,0,121.244,0,0,24,128,0,9,0
02-08 19:01:49,14.277,23.043,61.113,0.250,0,4433948,7424400,458976,3911752,60628.567,35974.793,0,6672.388,0,647.202,5286,4039,2.240,2.600,2.020,2,0,92.171,0,0,24,128,0,9,0
02-08 19:01:50,23.798,5.511,70.142,0,0,4477788,7380552,458980,3911752,44652.325,21998.500,0,176.357,0,10.020,2615,2315,2.240,2.600,2.020,1,0,0,0,0,24,128,0,9,0
02-08 19:01:51,23.989,5.935,67.762,0,0,4495912,7362408,458992,3911760,14696.017,7611.144,0,375.908,0,26.709,3264,3171,2.240,2.600,2.020,2,0,3.957,0,0,24,128,0,9,0
02-08 19:01:52,24.582,6.271,68.227,0,0,4495896,7362408,459000,3911768,30079.881,14773.054,0,300.999,0,15.050,3697,3890,2.140,2.570,2.020,1,0,0,0,0,24,128,0,9,0
02-08 19:01:53,16.741,16.991,63.966,0,0,4450992,7407296,459000,3911784,16765.058,10041.644,0,0,0,0,3902,2982,2.140,2.570,2.020,3,0,85.954,0,0,24,128,0,9,0
02-08 19:01:54,11.818,25.648,60.851,0,0,4458780,7399496,459004,3911792,61141.336,33668.017,0,92.533,0,3.017,4870,3393,2.140,2.570,2.020,1,0,130.753,0,0,24,128,0,9,0
02-08 19:01:55,7.994,22.981,67.196,0,0,4456836,7401432,459004,3911800,60586.916,34144.338,0,3.997,0,0.999,4663,3415,2.140,2.570,2.020,1,0,124.899,0,0,24,128,0,9,0
02-08 19:01:56,7.950,24.347,64.842,0,0,4442584,7415688,459004,3911812,44914.120,23225.719,0,11.925,0,2.981,4438,3292,2.140,2.570,2.020,1,0,118.255,0,0,24,128,0,9,0
02-08 19:01:57,8.539,24.864,65.048,0,0,4432168,7426076,459028,3911816,60565.344,31034.113,0,514.355,0,29.133,4822,3838,2.050,2.540,2.010,1,0,120.552,0,0,24,128,0,7,0
02-08 19:01:58,14.038,29.078,54.396,0,0,4436004,7422096,459040,3912420,60569.821,31103.611,0,256.690,0,23.062,5863,6351,2.050,2.540,2.010,2,0,136.367,0,0,24,128,0,7,0
02-08 19:01:59,21.749,24.749,52.249,0,0,4433624,7424392,459064,3912444,45142.878,22821.433,0,355.991,0,25.999,5957,6921,2.050,2.540,2.010,2,0,77.998,0,0,24,128,0,7,0
02-08 19:02:00,20.878,18.890,58.659,0,0,4424420,7433548,459068,3911952,44899.651,23236.745,0,119.306,0,6.959,4595,3427,2.050,2.540,2.010,2,0,47.722,0,0,24,128,0,7,0
02-08 19:02:01,37.278,32.307,27.586,0,0,4488836,7369116,459068,3915108,79571.502,771153.481,0,182.909,0,11.929,6310,16238,2.050,2.540,2.010,10,0,161.040,0,0,25,128,0,8,0
02-08 19:02:02,27.838,27.086,43.638,0,0,4519912,7338012,459084,3911976,52816.378,30558.843,0,292.928,0,16.051,5206,4226,2.040,2.530,2.010,2,0,122.388,0,0,24,128,0,8,0
02-08 19:02:03,30.436,26.914,41.252,0,0,4525052,7332528,459104,3912256,53728.200,28182.151,0,277.696,0,15.092,5583,4598,2.040,2.530,2.010,2,0,114.701,0,0,24,130,0,8,0
02-08 19:02:04,23.905,24.901,49.303,0,0,4531820,7325740,459112,3912276,62422.127,32798.236,0,131.476,0,9.960,5241,4017,2.040,2.530,2.010,2,0,118.527,0,0,24,134,0,8,0
02-08 19:02:05,30.458,31.706,35.700,0,0,4547760,7307104,459112,3914972,45548.791,23499.390,0,275.618,0,4.993,7488,8941,2.040,2.530,2.010,4,0,107.850,0,0,24,136,0,7,0
02-08 19:02:06,14.105,28.210,56.167,0,0,4576560,7278012,459128,3915236,61067.716,31987.660,0,527.922,0,29.217,5628,5453,2.040,2.530,2.010,1,0,137.018,0,0,24,140,0,7,0
02-08 19:02:07,19.907,21.649,55.989,0,0,4589052,7265508,459132,3915336,44349.456,22513.152,0,1727.953,0,98.541,5231,6310,2.040,2.530,2.010,1,0,81.620,0,0,24,140,0,7,0
02-08 19:02:08,20.085,24.855,53.476,0,0,4577168,7277340,459136,3915344,69888.900,456231.619,0,413.752,0,22.094,6155,6915,2.040,2.530,2.010,1,0,79.336,0,0,24,140,0,8,0
02-08 19:02:09,39.173,25.450,34.432,0,0,4626884,7227548,459140,3915748,46720.410,75781.439,0,151.703,0,11.977,5503,3439,2.040,2.530,2.010,4,0,87.828,0,0,26,140,0,7,0
02-08 19:02:10,46.200,33.035,18.877,0,0,4699956,7154472,459140,3915752,60643.122,33085.112,0,4435.193,0,123.200,5720,3465,2.040,2.530,2.010,6,0,152.013,0,0,26,140,0,7,0
02-08 19:02:11,49.635,30.738,19.400,0,0,4767920,7086488,459152,3915760,45986.521,25830.255,0,346.688,0,22.172,5799,3811,2.040,2.530,2.010,4,0,135.047,0,0,26,140,0,7,0
02-08 19:02:12,55.548,26.663,15.554,0,0,4818508,7035868,459160,3915784,60115.685,33939.316,0,185.655,0,12.838,6124,4761,2.280,2.570,2.030,6,0,144.179,0,0,26,154,0,7,0
02-08 19:02:13,31.292,30.788,36.592,0,0,4820092,7032288,459184,3917704,61001.825,32021.113,0,633.922,0,37.349,7007,9494,2.280,2.570,2.030,2,0,116.084,0,0,26,156,0,7,0
02-08 19:02:14,18.276,25.286,54.827,0,0,4822516,7029824,459216,3917708,46930.992,23901.609,0,480.676,0,45.063,5081,4114,2.280,2.570,2.030,2,0,114.161,0,0,26,162,0,7,0
02-08 19:02:15,13.703,27.156,57.053,0,0,4824988,7027332,459216,3918112,61286.522,32132.123,0,12624.438,0,1682.195,7865,3886,2.280,2.570,2.030,1,0,99.656,0,0,26,162,0,7,0
02-08 19:02:16,20.183,24.668,53.571,0,0,4818700,7033588,459220,3917724,44580.124,22094.216,0,247.175,0,16.943,4853,5917,2.280,2.570,2.030,2,0,79.734,0,0,26,162,0,7,0
02-08 19:02:17,20.622,23.389,54.071,0,0,4820052,7032196,459224,3917728,44882.331,22980.365,0,152.907,0,7.042,6035,6332,2.330,2.570,2.030,2,0,83.495,0,0,26,162,0,7,0
02-08 19:02:18,27.457,27.210,43.041,0,0,4871636,6980600,459224,3917744,51366.813,604170.294,0,340.368,0,14.842,5474,3603,2.330,2.570,2.030,3,0,111.807,0,0,26,162,0,7,0
02-08 19:02:19,30.407,29.646,39.275,0,0,4910912,6941292,459228,3917768,62500.666,33583.022,0,170.277,0,4.054,6443,3407,2.330,2.570,2.030,4,0,130.748,0,0,26,162,0,7,0
02-08 19:02:20,29.147,26.656,43.098,0,0,4942652,6909544,459228,3917776,61911.268,37021.801,0,79.720,0,3.986,5139,3372,2.330,2.570,2.030,3,0,123.565,0,0,26,162,0,7,0
02-08 19:02:21,17.330,26.623,53.999,0,0,4947776,6904360,459236,3917828,61702.000,34429.027,0,156.724,0,13.060,5205,3735,2.330,2.570,2.030,2,0,153.710,0,0,27,166,0,6,0
02-08 19:02:22,23.575,23.821,49.116,0,0,4957768,6894332,459244,3917836,60066.377,32015.493,0,326.127,0,23.575,5258,3980,2.230,2.550,2.030,6,0,131.630,0,0,27,176,0,6,0
02-08 19:02:23,17.758,24.354,57.333,0,0,4957304,6894728,459296,3917852,46345.254,26714.073,0,1193.335,0,35.516,5101,3971,2.230,2.550,2.030,2,0,132.931,0,0,27,182,0,6,0
02-08 19:02:24,18.516,29.275,50.293,0,0,5013732,6838284,459296,3917856,62897.359,34287.633,0,20.017,0,5.004,4884,3371,2.230,2.550,2.030,1,0,117.101,0,0,27,182,0,6,0
02-08 19:02:25,10.205,24.891,62.229,0,0,5016020,6835980,459304,3917864,56615.039,541014.041,0,199.131,0,18.917,5085,3770,2.230,2.550,2.030,1,0,111.514,0,0,27,182,0,5,0
02-08 19:02:26,17.204,26.679,52.361,0,0,5015836,6836124,459320,3918364,63110.360,32901.604,0,570.485,0,35.905,6157,7282,2.230,2.550,2.030,11,0,139.629,0,0,27,182,0,5,0
02-08 19:02:27,19.329,18.575,60.496,0,0,4978536,6873356,459320,3918388,44852.183,22527.503,0,4.016,0,1.004,5201,6014,2.130,2.520,2.020,1,0,19.077,0,0,27,182,0,5,0
02-08 19:02:28,21.722,30.211,47.188,0,0,4991296,6860504,459352,3917896,59735.080,29717.236,0,235.693,0,19.974,5306,4508,2.130,2.520,2.020,5,0,114.850,0,0,27,182,0,5,0
02-08 19:02:29,27.052,27.553,43.333,0,0,5028968,6822808,459368,3917904,46148.440,27097.931,0,272.522,0,22.042,5267,3672,2.130,2.520,2.020,2,0,121.232,0,0,27,182,0,5,0
02-08 19:02:30,29.198,25.954,43.173,0,0,5067156,6784612,459368,3917912,61012.326,34572.420,0,183.673,0,8.984,5212,3371,2.130,2.520,2.020,2,0,130.767,0,0,27,182,0,5,0
02-08 19:02:31,33.138,26.360,39.414,0,0,5072304,6779092,459376,3918276,61136.535,33274.535,0,16.067,0,4.017,5572,4461,2.130,2.520,2.020,3,0,127.531,0,0,27,188,0,5,0
02-08 19:02:32,12.502,24.504,61.260,0,0,5077008,6774368,459376,3918280,45150.603,22807.841,0,16.003,0,4.001,4755,3674,2.280,2.550,2.030,2,0,125.021,0,0,27,188,0,5,0
02-08 19:02:33,35.062,34.813,27.602,0,0,5107616,6741136,459400,3920852,59890.152,31160.544,0,417.755,0,19.893,8703,11064,2.280,2.550,2.030,2,0,114.385,0,0,27,193,0,5,0
02-08 19:02:34,21.606,23.616,53.261,0,0,5123164,6725552,459408,3920860,60683.304,607365.646,0,558.737,0,20.098,5776,6934,2.280,2.550,2.030,2,0,95.468,0,0,27,194,0,4,0
02-08 19:02:35,19.530,24.037,54.834,0,0,5122444,6726272,459408,3921364,44800.498,23624.120,0,88.135,0,6.009,5671,6549,2.280,2.550,2.030,1,0,82.126,0,0,27,194,0,4,0
02-08 19:02:36,23.900,24.896,49.542,0.249,0,5153696,6694952,459444,3920872,45486.468,24865.843,0,693.097,0,51.783,5368,4060,2.280,2.550,2.030,2,0,85.641,0,0,27,194,0,4,0
02-08 19:02:37,29.349,30.603,38.630,0,0,5195268,6653376,459444,3920876,62440.539,40351.057,0,64.217,0,6.020,5326,3622,2.340,2.550,2.040,2,0,138.467,0,0,27,194,0,4,0
02-08 19:02:38,28.173,29.171,40.889,0,0,5218356,6630236,459452,3920904,60536.045,33089.833,0,1795.108,0,104.715,5718,4222,2.340,2.550,2.040,3,0,142.611,0,0,27,195,0,5,0
02-08 19:02:39,34.701,33.687,30.648,0,0,5235372,6610848,459452,3923256,56904.813,28678.340,0,194.526,0,13.171,8626,10506,2.340,2.550,2.040,7,0,146.907,0,0,27,196,0,5,0
02-08 19:02:40,13.859,27.719,55.438,0,0,5277852,6567988,459460,3923604,49584.270,29176.185,0,320.748,0,24.749,5510,5413,2.340,2.550,2.040,5,0,171.264,0,0,27,200,0,5,0
02-08 19:02:41,10.501,27.253,59.757,0,0,5281256,6564580,459460,3923608,60875.161,32479.821,0,8857.042,0,492.058,5790,3725,2.340,2.550,2.040,1,0,149.018,0,0,27,202,0,5,0
02-08 19:02:42,15.739,27.231,55.211,0,0,5280192,6565636,459468,3923608,72679.992,475068.590,0,275.806,0,21.985,5414,3999,2.230,2.530,2.030,2,0,141.900,0,0,27,206,0,4,0
02-08 19:02:43,8.017,24.801,65.134,0,0,5285132,6560644,459476,3923620,47131.289,137842.536,0,392.811,0,24.050,4923,3822,2.230,2.530,2.030,1,0,125.259,0,0,27,206,0,4,0
02-08 19:02:44,7.234,23.198,66.851,0,0,5285984,6559780,459480,3923628,60398.750,34345.659,0,103.769,0,11.973,4731,3700,2.230,2.530,2.030,1,0,130.709,0,0,27,206,0,4,0
02-08 19:02:45,10.003,25.007,63.017,0,0,5290356,6555380,459480,3923636,64723.687,31798.689,0,248.068,0,22.006,4898,3780,2.230,2.530,2.030,1,0,115.031,0,0,27,206,0,4,0
02-08 19:02:46,9.954,26.378,61.217,0,0,5280900,6564800,459488,3923648,58942.055,30124.501,0,8743.511,0,1582.671,7355,3870,2.230,2.530,2.030,3,0,115.465,0,0,27,206,0,3,0
02-08 19:02:47,8.541,24.116,65.815,0,0,5287660,6558028,459492,3923656,47378.949,25449.907,0,285.367,0,19.091,4551,3535,2.130,2.500,2.020,1,0,114.549,0,0,27,206,0,3,0
02-08 19:02:48,22.508,24.009,51.519,0,0,5281892,6563760,459496,3923668,46201.773,24449.876,0,1428.519,0,23.008,6197,6919,2.130,2.500,2.020,4,0,86.031,0,0,27,206,0,3,0
02-08 19:02:49,26.234,25.984,46.472,0,0,5294612,6550924,459512,3923680,59729.395,30753.153,0,243.851,0,18.988,6081,6254,2.130,2.500,2.020,2,0,93.942,0,0,27,212,0,3,0
02-08 19:02:50,28.747,25.721,44.634,0,0,5337096,6508412,459516,3923688,46066.901,25650.441,0,104.902,0,4.035,4929,3291,2.130,2.500,2.020,3,0,102.884,0,0,27,212,0,3,0
02-08 19:02:51,44.377,9.669,44.129,0,0,5419216,6426288,459516,3923692,72652.216,581673.889,0,0,0,0,3979,2746,2.130,2.500,2.020,2,0,4.958,0,0,27,212,0,3,0
02-08 19:02:52,43.233,14.244,41.983,0,0,5469612,6374640,459516,3924924,44249.173,22081.104,0,11.995,0,2.999,4330,4225,2.120,2.490,2.020,2,0,2.999,0,0,27,212,0,3,0
02-08 19:02:53,43.302,11.013,44.804,0,0,5540184,6303352,459528,3925576,29793.788,14807.787,0,132.159,0,5.006,4441,3967,2.120,2.490,2.020,2,0,5.006,0,0,27,215,0,3,0
02-08 19:02:54,39.344,19.426,38.852,0,0,5604860,6238592,459552,3925652,14670.329,7494.999,0,157.375,0,10.820,4395,3334,2.120,2.490,2.020,4,0,47.213,0,0,27,218,0,3,0
02-08 19:02:55,35.777,30.195,31.464,2.284,0,5571764,6270556,459904,3926360,45167.583,24432.027,893.161,2979.912,42.628,131.944,5327,4337,2.120,2.490,2.020,2,1,64.957,0,0,27,216,0,3,0
02-08 19:02:56,29.819,56.681,9.118,2.957,0,5530900,6306288,460060,3930980,52046.423,26377.101,2145.025,433.737,124.206,18.730,8431,12226,2.120,2.490,2.020,7,0,181.381,0,0,27,216,0,3,0
02-08 19:02:57,41.796,34.998,21.150,0.504,0,5539732,6295984,460108,3932340,54081.283,32613.135,96.685,483.426,3.021,36.257,7408,8950,2.510,2.570,2.050,6,0,134.956,0,0,27,216,0,3,0
02-08 19:02:58,46.949,30.037,21.455,0,0,5545164,6290452,460132,3932364,61614.407,34845.333,0,504.829,0,46.444,6619,6088,2.510,2.570,2.050,3,0,117.120,0,0,27,220,0,3,0
02-08 19:02:59,47.592,31.147,19.934,0,0,5550568,6284908,460144,3932520,46483.970,24938.364,0,334.890,0,20.931,6681,6520,2.510,2.570,2.050,5,0,99.670,0,0,27,221,0,3,0
02-08 19:03:00,45.276,31.096,21.394,0,0,5511716,6323452,460348,3932624,59990.619,31388.924,0,3080.780,0,284.594,7759,9039,2.510,2.570,2.050,5,0,118.415,0,0,27,222,0,3,0
02-08 19:03:01,28.147,29.404,40.462,0,0,5556224,6278936,460348,3932628,58756.302,575232.528,0,398.082,0,20.105,5571,4179,2.510,2.570,2.050,2,0,115.605,0,0,27,222,0,3,0
02-08 19:03:02,38.536,32.781,28.276,0,0,5571920,6263168,460352,3932644,61746.583,31695.558,0,320.299,0,18.017,5894,15570,2.790,2.630,2.070,4,0,135.126,0,0,27,222,0,3,0
02-08 19:03:03,39.181,28.200,30.946,0,0,5563324,6271700,460404,3932652,44713.464,22704.122,0,1796.844,0,90.840,6461,7134,2.790,2.630,2.070,3,0,88.844,0,0,27,224,0,3,0
02-08 19:03:04,38.022,27.265,32.769,0,0,5552572,6282352,460416,3932664,60513.262,30561.303,0,1620.918,0,37.021,7181,7286,2.790,2.630,2.070,2,0,92.052,0,0,27,222,0,3,0
02-08 19:03:05,60.969,28.485,9.995,0.250,0,5627556,6207312,460440,3933156,45534.654,25506.922,7.996,371.809,0.999,26.986,5572,4147,2.790,2.630,2.070,5,0,125.935,0,0,27,223,0,3,0
02-08 19:03:06,60.053,16.178,21.325,0,0,5692552,6142296,460452,3933164,43801.917,22764.251,0,137.264,0,9.805,5054,3555,2.790,2.630,2.070,3,0,1.961,0,0,27,223,0,3,0
02-08 19:03:07,65.232,16.244,19.595,0.774,0,5746768,6087136,460476,3934080,31023.749,15383.473,750.816,9273.812,7.219,1059.187,7015,3679,2.890,2.650,2.080,3,0,5.157,0,0,27,229,0,3,0
02-08 19:03:08,64.921,15.204,15.928,0,0,5737316,6094888,460588,3935584,28823.793,14683.164,0,2490.635,0,248.098,5875,4791,2.890,2.650,2.080,6,0,4.827,0,0,27,231,0,5,0
02-08 19:03:09,48.163,22.801,30.486,0.256,0,5766020,6065724,460604,3935760,15285.104,7808.561,0,618.946,0,22.544,5247,4238,2.890,2.650,2.080,3,0,76.856,0,0,27,226,0,12,0
02-08 19:03:10,31.141,27.374,40.182,0,0,5800724,6030980,460616,3935784,47622.782,28281.144,0,341.548,0,23.105,5498,4297,2.890,2.650,2.080,2,0,119.542,0,0,27,226,0,11,0
02-08 19:03:11,28.457,28.207,41.686,0,0,5787820,6043680,460660,3935940,71090.430,476785.845,0,898.628,0,46.928,6249,5332,2.890,2.650,2.080,2,0,115.823,0,0,27,228,0,11,0
02-08 19:03:12,27.687,30.430,39.659,0,0,5769616,6061872,460668,3935944,49721.033,155190.285,0,5790.727,0,584.660,6872,4300,2.820,2.640,2.080,3,0,119.726,0,0,27,226,0,11,0
02-08 19:03:13,29.066,28.314,40.592,0,0,5808876,6022576,460680,3935952,60748.940,31009.903,0,352.795,0,26.059,5357,3913,2.820,2.640,2.080,4,0,113.255,0,0,27,226,0,11,0
02-08 19:03:14,32.421,31.673,33.418,0,0,5828928,6002372,460696,3936572,45505.716,23829.725,0,303.258,0,21.946,6274,6373,2.820,2.640,2.080,8,0,141.654,0,0,27,226,0,11,0
02-08 19:03:15,37.709,25.972,34.463,0,0,5795772,6035472,460720,3936488,59569.945,30313.404,0,235.747,0,18.980,7159,7717,2.820,2.640,2.080,2,0,61.933,0,0,27,227,0,11,0
02-08 19:03:16,37.549,27.786,34.294,0,0,5777796,6053316,460748,3936112,44853.107,22967.754,0,1185.536,0,36.047,5543,4567,2.820,2.640,2.080,4,0,64.083,0,0,27,226,0,11,0
02-08 19:03:17,48.071,29.391,20.673,0,0,5822672,6008424,460756,3936124,46079.641,25694.449,0,183.318,0,7.970,5455,3389,2.910,2.660,2.090,4,0,113.578,0,0,27,226,0,11,0
02-08 19:03:18,47.620,31.329,20.301,0,0,5872552,5958360,460792,3936272,60908.644,34146.135,0,1972.977,0,324.819,6512,4457,2.910,2.660,2.090,6,0,138.349,0,0,27,226,0,11,0
02-08 19:03:19,50.280,30.518,18.511,0,0,5900716,5929936,460824,3936496,60658.594,31924.733,0,1096.644,0,38.022,6216,5242,2.910,2.660,2.090,4,0,105.062,0,0,27,234,0,11,0
02-08 19:03:20,46.183,31.454,20.220,0,0,5839476,5990080,460868,3937468,54839.932,563469.319,0,686.997,0,53.921,7634,8575,2.910,2.660,2.090,3,0,121.822,0,0,27,234,0,14,0
02-08 19:03:21,31.382,30.377,37.156,0,0,5885712,5943592,460884,3937700,61762.849,33370.858,0,5306.239,0,743.114,6276,3800,2.910,2.660,2.090,6,0,116.488,0,0,27,234,0,14,0
02-08 19:03:22,36.053,26.789,35.552,0,0,5903524,5925756,460888,3938112,44680.611,22989.759,0,1245.829,0,43.063,5852,6395,2.840,2.650,2.090,5,0,105.154,0,0,27,234,0,14,0
02-08 19:03:23,37.365,27.152,33.131,0,0,5907136,5922124,460888,3938240,44843.373,22467.023,0,203.267,0,12.953,7079,7708,2.840,2.650,2.090,5,0,86.688,0,0,27,235,0,14,0
02-08 19:03:24,42.706,29.719,26.722,0,0,5877720,5951480,460888,3937752,60685.812,32094.582,0,0,0,0,5681,3850,2.840,2.650,2.090,5,0,95.900,0,0,27,234,0,14,0
02-08 19:03:25,54.266,30.759,14.504,0,0,5995584,5833560,460908,3937768,45565.035,26015.443,0,348.100,0,28.008,5812,4025,2.840,2.650,2.090,4,0,124.035,0,0,27,236,0,14,0
02-08 19:03:26,49.096,30.810,18.536,0,0,6049476,5779644,460932,3937768,61336.499,34413.045,0,132.258,0,10.020,5894,4369,2.840,2.650,2.090,5,0,126.246,0,0,27,238,0,15,0
02-08 19:03:27,40.801,29.286,28.035,0,0,6060640,5767044,460964,3939136,60705.596,31857.672,0,1081.347,0,64.080,7777,9808,3.250,2.740,2.120,4,0,125.156,0,0,27,243,0,16,0
02-08 19:03:28,27.469,31.964,38.956,0,0,6053860,5773772,461000,3939152,45331.525,23529.282,0,491.442,0,46.947,5648,4529,3.250,2.740,2.120,3,0,126.856,0,0,27,242,0,16,0
02-08 19:03:29,34.533,30.807,32.794,0,0,6041912,5785692,461024,3939648,71104.125,578232.062,0,1478.727,0,33.788,6639,6599,3.250,2.740,2.120,12,0,142.109,0,0,27,242,0,16,0
02-08 19:03:30,40.757,29.184,29.184,0,0,6047380,5780084,461104,3939556,30366.210,14883.720,0,2958.630,0,145.919,6557,6105,3.250,2.740,2.120,3,0,96.608,0,0,27,245,0,16,0
02-08 19:03:31,40.054,22.639,35.824,0.249,0,6063972,5763412,461104,3939180,60380.955,32168.280,0,147.278,0,7.961,5633,4448,3.250,2.740,2.120,3,0,45.776,0,0,27,246,0,16,0
02-08 19:03:32,51.643,30.835,16.796,0,0,6051308,5776012,461132,3939212,62503.850,34251.721,0,276.765,0,26.072,6163,5102,3.310,2.760,2.130,3,0,128.355,0,0,27,244,0,16,0
02-08 19:03:33,59.788,18.262,21.014,0,0,6105700,5721608,461140,3939216,44934.870,23815.301,0,152.098,0,7.005,4353,2542,3.310,2.760,2.130,4,0,6.004,0,0,27,244,0,16,0
02-08 19:03:34,65.622,11.683,21.128,0,0,6181364,5645532,461152,3939600,30206.211,15122.991,0,234.650,0,12.926,4898,3423,3.310,2.760,2.130,3,0,1.989,0,0,27,248,0,16,0
02-08 19:03:35,64.819,14.179,21.269,0,0,6222548,5603196,461232,3940648,29909.922,15613.279,0,818.340,0,54.691,6216,7380,3.310,2.760,2.130,3,0,1.013,0,0,27,252,1,20,0
02-08 19:03:36,45.789,8.212,44.296,0,0,6230180,5595384,461264,3940796,15171.975,7841.807,0,386.217,0,40.812,5314,5566,3.310,2.760,2.130,2,0,1.991,0,0,27,251,1,21,0
02-08 19:03:37,46.519,11.254,40.766,0,0,6211240,5614304,461276,3940808,14921.960,7697.074,0,896.358,0,35.014,4365,3605,3.210,2.750,2.130,2,0,9.004,0,0,27,256,1,21,0
02-08 19:03:38,32.703,22.967,43.189,0,0,6201880,5623648,461284,3940816,30663.372,17033.764,0,163.767,0,8.987,5251,4064,3.210,2.750,2.130,2,0,100.857,0,0,27,256,1,22,0
02-08 19:03:39,28.058,27.562,42.460,0,0,6194432,5631076,461292,3940824,60548.468,33491.262,0,993.217,0,107.267,6092,4797,3.210,2.750,2.130,3,0,131.105,0,0,27,258,1,21,0
02-08 19:03:40,29.398,27.387,40.956,0,0,6106460,5719000,461316,3940844,70239.485,461204.475,0,385.937,0,38.192,6245,5280,3.210,2.750,2.130,2,0,123.620,0,0,27,256,1,21,0
02-08 19:03:41,28.311,29.563,40.587,0,0,6137200,5688212,461324,3940852,48631.991,146511.288,0,240.514,0,10.021,5283,3620,3.210,2.750,2.130,3,0,109.234,0,0,27,256,1,21,0
02-08 19:03:42,29.980,27.731,40.223,0,0,6161452,5663928,461340,3940864,60456.550,31440.964,0,951.363,0,50.966,5810,4796,3.110,2.730,2.130,3,0,118.920,0,0,27,256,1,21,0
02-08 19:03:43,32.025,29.023,37.529,0,0,6162272,5663076,461344,3940888,46390.412,25076.683,0,348.273,0,26.020,5944,5167,3.110,2.730,2.130,4,0,115.090,0,0,27,258,1,21,0
02-08 19:03:44,31.314,33.068,34.070,0,0,6088796,5736508,461376,3941384,60819.608,31536.612,0,432.887,0,40.082,7244,7997,3.110,2.730,2.130,5,0,177.363,0,0,27,256,1,21,0
02-08 19:03:45,25.809,24.556,48.612,0,0,6097928,5727288,461408,3941420,59711.032,30397.761,0,424.975,0,39.090,5900,7023,3.110,2.730,2.130,1,0,94.216,0,0,27,260,1,21,0
02-08 19:03:46,24.319,17.122,56.330,0,0,6109100,5716120,461416,3941364,45133.241,23121.480,0,321.600,0,29.778,4431,3756,3.110,2.730,2.130,7,0,29.778,0,0,28,260,1,21,0
02-08 19:03:47,48.273,29.860,20.155,0,0,6190948,5634232,461432,3941392,52393.098,26431.944,0,855.983,0,46.780,5664,3874,3.180,2.760,2.140,4,0,113.467,0,0,28,260,1,21,0
02-08 19:03:48,45.373,15.124,38.567,0,0,6256792,5568236,461432,3941528,53709.561,29397.686,0,10526.541,0,1261.370,6131,3074,3.180,2.760,2.140,2,0,19.157,0,0,28,263,1,21,0
02-08 19:03:49,45.449,10.488,43.451,0,0,6318740,5505796,461456,3941976,40382.526,458469.727,0,371.582,0,10.988,4181,3117,3.180,2.760,2.140,2,0,1.998,0,0,28,263,1,21,0
02-08 19:03:50,51.716,6.216,40.030,0,0,6330700,5492748,461528,3942860,31989.132,133217.604,0,720.041,0,53.705,5437,5915,3.180,2.760,2.140,6,0,6.962,0,0,28,267,1,21,0
02-08 19:03:51,11.340,25.453,62.499,0,0,6330732,5492348,461544,3943204,31326.920,17219.373,0,479.828,0,26.209,5538,5011,3.180,2.760,2.140,1,0,146.166,0,0,28,264,1,23,0
02-08 19:03:52,7.742,12.487,77.669,0,0,6336972,5486076,461564,3943212,60761.371,33360.066,0,187.803,0,14.984,3672,3580,3.010,2.730,2.140,0,0,65.931,0,0,28,265,1,23,0
02-08 19:03:53,3.254,2.253,94.129,0,0,6336964,5486076,461564,3943220,55013.164,24778.855,0,196.268,0,21.029,1766,2498,3.010,2.730,2.140,0,0,0,0,0,28,266,1,23,0
02-08 19:03:54,7.808,4.282,85.631,0.504,0,6332784,5488516,461584,3944896,2043776.487,72988.815,0,261.930,0,33.245,5092,4346,3.010,2.730,2.140,0,0,2.015,0,0,28,265,1,23,0
02-08 19:03:55,17.446,10.812,65.115,0,0,6366160,5451176,461596,3948796,4336867.162,109836.033,0,294.862,0,23.589,8382,5682,3.010,2.730,2.140,3,0,3.931,0,0,28,265,1,23,0
02-08 19:03:56,15.627,11.594,65.279,0,0,6355792,5451740,461612,3958288,9847745.156,211443.063,0,254.058,0,19.155,16497,12564,3.010,2.730,2.140,0,0,5.041,0,0,28,265,1,23,0
02-08 19:03:57,6.252,16.506,73.276,1.751,0,6358252,5446028,461616,3961496,1079608.572,48495.499,2300.830,164.059,27.010,11.004,4873,4290,2.770,2.680,2.120,3,0,101.036,0,0,28,264,1,23,0
02-08 19:03:58,7.254,22.763,67.538,0,0,6361228,5442976,461624,3961564,60861.545,34501.583,0,236.134,0,24.014,5051,4274,2.770,2.680,2.120,1,0,142.081,0,0,28,264,1,23,0
02-08 19:03:59,19.262,9.756,69.294,0,0,6379972,5424220,461628,3961568,44764.502,23058.682,0,220.140,0,22.014,3097,3088,2.770,2.680,2.120,1,0,17.011,0,0,28,264,1,23,0
02-08 19:04:00,31.504,5.706,60.528,0,0,6400332,5403836,461648,3961572,41269.395,571311.872,0,1349.484,0,27.783,3487,2911,2.770,2.680,2.120,3,0,2.977,0,0,28,268,1,23,0
02-08 19:04:01,24.538,6.510,67.855,0,0,6413108,5391052,461652,3961576,29784.953,15153.379,0,28.043,0,4.006,3356,3308,2.770,2.680,2.120,1,0,1.002,0,0,28,268,1,23,0
02-08 19:04:02,34.584,14.928,48.269,0,0,6445840,5358292,461668,3964844,14963.307,7553.808,0,744.433,0,22.890,5664,13542,2.780,2.690,2.130,2,0,35.828,0,0,29,275,1,24,0
02-08 19:04:03,25.001,6.819,66.165,0,0,6446292,5357828,461668,3961604,15360.474,7764.080,0,0,0,0,4295,6650,2.780,2.690,2.130,2,0,2.020,0,0,28,274,1,25,0
02-08 19:04:04,25.714,6.491,65.658,0,0,6433136,5370868,461684,3961704,15415.358,7351.679,0,363.490,0,41.941,4876,5654,2.780,2.690,2.130,1,0,0.999,0,0,28,285,1,26,0
02-08 19:04:05,28.745,5.999,62.988,0,0,6434172,5369608,461724,3961876,16896.905,8647.416,0,467.914,0,41.992,5265,6119,2.780,2.690,2.130,2,0,1.000,0,0,28,294,1,26,0
02-08 19:04:06,25.297,6.877,65.085,0,0,6434488,5369104,461744,3962036,352.684,145.396,0,530.500,0,44.208,5024,5898,2.780,2.690,2.130,4,0,1.965,0,0,28,300,1,26,0
02-08 19:04:07,32.332,11.202,53.717,0,0,6411644,5376028,461760,3977940,15295.255,7496.915,0,309.571,0,19.348,6491,7432,2.640,2.660,2.120,5,0,1.018,0,0,28,303,1,32,0
02-08 19:04:08,16.951,11.965,66.307,3.241,0,6361384,5425516,461816,3978160,477.610,0,0,16571.785,0,80.765,4139,4631,2.640,2.660,2.120,1,0,54.840,0,0,28,298,1,39,0
02-08 19:04:09,9.044,28.640,60.295,0,0,6349188,5437660,461836,3978192,46180.252,44399.528,0,9148.823,0,1036.076,6119,3989,2.640,2.660,2.120,1,0,149.734,0,0,28,298,1,39,0
02-08 19:04:10,8.227,23.186,65.319,0,0,6353920,5432880,461836,3978236,60646.668,34332.705,0,809.752,0,101.718,5685,4613,2.640,2.660,2.120,2,0,211.413,0,0,28,300,1,39,0
02-08 19:04:11,16.400,17.146,64.855,0.248,0,6374292,5412472,461876,3978232,45061.540,25548.390,0,536.731,0,42.740,4080,3887,2.640,2.660,2.120,3,0,91.443,0,0,28,300,1,39,0
02-08 19:04:12,24.204,5.295,69.838,0,0,6404276,5382484,461880,3978232,44824.616,22073.958,0,48.408,0,3.025,2792,2538,2.510,2.630,2.120,1,0,2.017,0,0,28,300,1,30,0
02-08 19:04:13,24.887,4.480,68.189,0,0,6428416,5358304,461884,3978236,18248.863,7328.613,0,242.893,0,23.891,2746,2624,2.510,2.630,2.120,2,0,0,0,0,28,300,1,30,0
02-08 19:04:14,8.023,23.317,66.440,0,0,6410800,5375864,461924,3978244,57624.126,33923.209,0,2206.322,0,126.362,4990,4210,2.510,2.630,2.120,2,0,111.319,0,0,28,300,1,30,0
02-08 19:04:15,8.987,22.716,65.652,0.250,0,6399652,5386948,461948,3978268,60545.664,33579.898,0,698.957,0,48.927,5211,4491,2.510,2.630,2.120,2,0,116.826,0,0,28,300,1,30,0
02-08 19:04:16,12.785,24.568,60.667,0,0,6389484,5397104,461952,3978272,73579.672,601140.817,0,68.188,0,7.019,5436,4248,2.510,2.630,2.120,1,0,121.334,0,0,28,300,1,30,0
02-08 19:04:17,8.718,22.168,67.252,0,0,6387236,5399336,461952,3978288,45444.640,25149.382,0,39.853,0,2.989,4621,3599,2.390,2.600,2.110,2,0,113.582,0,0,28,300,1,30,0
02-08 19:04:18,8.260,24.780,64.829,0,0,6389028,5397512,461968,3978304,61302.170,37932.513,0,140.172,0,15.018,4907,3770,2.390,2.600,2.110,2,0,141.173,0,0,28,300,1,30,0
02-08 19:04:19,6.260,13.272,79.130,0,0,6380816,5405716,461976,3978304,60668.802,31814.336,0,340.560,0,19.031,3328,3039,2.390,2.600,2.110,0,0,71.117,0,0,28,300,1,30,0
02-08 19:04:20,10.509,6.255,82.069,0,0,6377084,5409448,461976,3978304,44653.592,22747.150,0,0,0,0,2393,2652,2.390,2.600,2.110,1,0,9.008,0,0,28,300,1,27,0
02-08 19:04:21,24.419,5.538,69.480,0,0,6417884,5368624,461992,3978312,30799.840,15005.696,0,132.919,0,13.090,2829,2646,2.390,2.600,2.110,1,0,2.014,0,0,28,300,1,27,0
02-08 19:04:22,23.802,5.950,67.190,0,0,6434196,5352256,462024,3978332,29272.134,14602.348,0,503.803,0,40.661,3443,3698,2.280,2.580,2.100,2,0,19.835,0,0,28,302,1,27,0
02-08 19:04:23,24.985,5.497,68.708,0,0,6402524,5383788,462024,3978472,29513.043,14583.127,0,0,0,0,3448,3378,2.280,2.580,2.100,1,0,11.993,0,0,28,306,1,27,0
02-08 19:04:24,7.993,21.232,67.692,0.999,0,6402952,5382584,462036,3979192,15718.648,10129.396,335.715,123.895,6.994,8.992,4538,3543,2.280,2.580,2.100,1,1,101.913,0,0,28,306,1,27,0
02-08 19:04:25,4.732,8.219,63.511,21.420,0,6413256,5356376,462144,3994612,44382.272,22513.425,11237.784,16346.592,163.386,50.809,3249,3619,2.280,2.580,2.100,6,1,1.993,0,0,28,306,1,27,0
02-08 19:04:26,8.313,6.550,63.733,20.657,0,6391372,5358056,462168,4014724,29697.259,14852.660,18584.970,193.467,178.353,16.122,3041,3470,2.280,2.580,2.100,1,0,2.015,0,0,28,306,1,27,0
02-08 19:04:27,11.118,8.153,58.803,18.777,0,6399272,5324688,462176,4040008,46960.484,592341.328,23873.087,11.859,217.423,1.977,4203,4090,2.170,2.550,2.100,0,1,3.953,0,0,28,306,1,27,0
02-08 19:04:28,2.524,4.795,69.906,21.704,0,6394956,5309316,462196,4059532,15057.315,7498.373,18445.109,730.859,175.648,44.417,2566,3197,2.170,2.550,2.100,0,1,0,0,0,28,306,1,25,0
02-08 19:04:29,3.502,8.506,65.043,21.514,0,6370344,5307060,462212,4086236,14984.988,7366.910,25092.725,84.056,257.171,12.008,2888,3205,2.170,2.550,2.100,0,1,6.004,0,0,28,306,1,25,0
02-08 19:04:30,3.252,5.003,68.792,21.263,0,6369276,5285148,462220,4109084,15045.252,7366.530,21709.350,2117.302,213.131,403.248,3152,2982,2.170,2.550,2.100,0,1,2.001,0,0,28,306,1,25,0
02-08 19:04:31,2.249,3.748,70.722,22.241,0,6361992,5275320,462224,4126080,15479.773,7602.941,16081.531,283.886,144.942,4.998,2186,2661,2.170,2.550,2.100,0,1,0,0,0,28,306,1,25,0
02-08 19:04:32,5.504,9.006,68.548,15.010,0,6358736,5263264,462228,4141320,766.534,0,13209.210,284.198,134.093,33.023,3070,3102,2.080,2.520,2.090,0,1,16.011,0,0,28,306,1,26,0
02-08 19:04:33,3.241,4.737,69.566,21.194,0,6358264,5242612,462240,4162300,44872.212,27120.206,19544.261,135.641,193.488,11.968,2600,2951,2.080,2.520,2.090,0,1,1.995,0,0,28,306,1,26,0
02-08 19:04:34,2.753,4.254,70.066,21.270,0,6358204,5220940,462248,4183916,31195.603,14671.923,21104.027,4.004,204.194,1.001,2518,2814,2.080,2.520,2.090,0,1,0,0,0,28,306,1,26,0
02-08 19:04:35,6.767,10.777,68.673,11.780,0,6360596,5207836,462260,4194540,46141.055,27840.024,10269.831,288.726,99.250,21.053,3464,3626,2.080,2.520,2.090,0,1,26.066,0,0,28,306,1,26,0
02-08 19:04:36,2.248,4.247,70.196,21.733,0,6360584,5189944,462260,4212348,44639.385,22216.772,17414.496,47.963,143.888,2.998,2425,2894,2.080,2.520,2.090,1,0,1.998,0,0,28,306,1,21,0
02-08 19:04:37,2.982,5.467,69.337,19.633,0,6360688,5168536,462276,4233544,15573.136,7252.751,20891.423,91.455,193.844,9.941,2677,3107,1.990,2.500,2.080,3,0,0.994,0,0,28,306,1,21,0
02-08 19:04:38,10.065,11.826,65.169,13.084,0,6365704,5149900,462292,4247076,62384.072,36237.976,13164.636,185.191,153.990,16.104,4022,3700,1.990,2.500,2.080,0,1,26.168,0,0,28,306,1,22,0
02-08 19:04:39,2.500,4.500,70.006,20.752,0,6364068,5131504,462292,4267028,30179.381,14593.151,19161.512,244.019,229.018,18.001,2708,3187,1.990,2.500,2.080,0,1,2.000,0,0,28,306,1,22,0
02-08 19:04:40,4.489,9.227,68.825,15.211,0,6361184,5121676,462292,4279644,30356.786,18341.348,12300.713,51.868,132.663,4.987,3135,3031,1.990,2.500,2.080,0,1,15.959,0,0,28,306,1,21,0
02-08 19:04:41,2.757,4.261,70.427,21.304,0,6361244,5103040,462292,4298140,45724.055,22582.825,18290.023,469.181,201.507,84.212,2637,2860,1.990,2.500,2.080,0,1,0,0,0,28,306,1,21,0
02-08 19:04:42,5.746,10.993,69.457,12.492,0,6362892,5090192,462292,4309308,31085.700,19331.997,11137.085,0,126.921,0,3289,3219,1.910,2.470,2.080,0,1,27.983,0,0,28,306,1,21,0
02-08 19:04:43,3.764,5.019,68.003,20.827,0,6361040,5072552,462304,4328676,56253.877,591349.751,18376.233,349.297,238.887,25.093,3472,3652,1.910,2.470,2.080,0,1,1.004,0,0,28,306,1,21,0
02-08 19:04:44,3.725,5.960,69.776,18.623,0,6362568,5056676,462304,4342976,29729.022,14567.032,13837.985,91.379,157.927,12.912,2940,3223,1.910,2.470,2.080,1,0,8.939,0,0,28,306,1,21,0
02-08 19:04:45,5.016,8.277,67.467,18.058,0,6365860,5039300,462312,4356988,60539.337,34412.467,13443.154,381.224,178.573,27.087,3329,3389,1.910,2.470,2.080,0,1,9.029,0,0,28,306,1,21,0
02-08 19:04:46,3.253,4.504,69.557,22.268,0,6364068,5029724,462312,4368340,30570.200,14914.294,10912.996,1781.469,141.116,360.297,2830,2724,1.910,2.470,2.080,0,1,0,0,0,28,306,1,21,0
02-08 19:04:47,2.248,2.997,70.174,22.726,0,6364104,5019392,462312,4378588,30430.204,14774.077,10033.187,75.918,116.874,2.997,2200,2691,1.840,2.450,2.070,0,1,0.999,0,0,28,306,1,21,0
02-08 19:04:48,4.260,8.770,69.663,15.787,0,6363332,5007044,462320,4391636,30260.598,18737.715,12481.119,160.374,147.344,15.035,3093,3134,1.840,2.450,2.070,1,1,18.042,0,0,28,306,1,21,0
02-08 19:04:49,5.978,5.231,66.757,20.426,0,6362632,4988408,462320,4410892,31516.075,16084.348,18261.409,27.898,220.197,3.985,3205,3198,1.840,2.450,2.070,0,1,0,0,0,28,306,1,21,0
02-08 19:04:50,4.498,9.995,69.218,15.243,0,6357672,4977476,462320,4426736,45232.240,25960.085,15153.045,0,187.914,0,3247,3171,1.840,2.450,2.070,0,1,15.993,0,0,28,306,1,21,0
02-08 19:04:51,2.507,4.764,69.450,20.309,0,6356532,4962104,462324,4443180,44459.176,22328.373,15909.868,248.717,194.561,11.032,2686,3046,1.840,2.450,2.070,1,0,4.012,0,0,28,306,1,21,0
02-08 19:04:52,8.486,18.718,67.885,3.494,0,6362284,4953536,462324,4445980,30486.294,20629.012,2519.726,11.980,26.954,2.995,4125,3518,1.850,2.440,2.070,0,1,65.888,0,0,28,306,1,21,0
02-08 19:04:53,3.751,3.751,70.764,20.254,0,6361468,4934396,462324,4465840,44459.823,22024.371,18807.732,96.019,249.049,6.001,2894,3108,1.850,2.440,2.070,0,1,0,0,0,28,306,1,19,0
02-08 19:04:54,9.509,7.507,61.061,19.770,0,6364772,4918016,462336,4478872,29869.629,14738.620,12468.368,224.222,140.139,22.022,3762,4212,1.850,2.440,2.070,0,1,8.008,0,0,28,306,1,19,0
02-08 19:04:55,9.505,16.509,66.787,5.753,0,6365056,4914016,462340,4482552,58737.849,576680.507,3485.950,120.067,45.025,13.007,4273,3909,1.850,2.440,2.070,1,0,56.031,0,0,28,306,1,19,0
02-08 19:04:56,7.750,7.000,61.999,21.750,0,6399040,4861108,462340,4501392,44589.119,22627.553,17839.647,20.000,240.995,2.000,2875,3045,1.850,2.440,2.070,1,1,0,0,0,28,306,1,19,0
02-08 19:04:57,5.246,9.243,68.951,14.490,0,6399388,4848256,462356,4513812,30407.369,18374.929,11875.552,367.738,150.893,17.987,3235,3279,1.870,2.430,2.070,2,0,22.984,0,0,28,306,1,19,0
02-08 19:04:58,4.502,6.003,68.785,18.759,0,6383300,4846492,462368,4531572,44822.575,22737.452,16884.504,264.133,269.136,22.011,3347,3386,1.870,2.430,2.070,0,1,6.003,0,0,28,306,1,19,0
02-08 19:04:59,4.499,9.497,69.230,15.496,0,6381476,4837924,462376,4541924,46327.873,26936.368,9925.188,219.938,126.964,20.994,3216,3393,1.870,2.430,2.070,0,1,15.995,0,0,28,306,1,19,0
02-08 19:05:00,5.986,4.989,65.850,21.202,0,6367076,4837672,462380,4556524,46041.447,23547.527,14554.948,179.592,137.687,8.980,2993,3107,1.870,2.430,2.070,0,1,1.995,0,0,28,306,1,19,0
02-08 19:05:01,4.761,9.271,69.658,14.784,0,6361656,4830616,462380,4568936,45147.329,26131.228,12155.551,96.218,125.284,3.007,3268,3107,1.870,2.430,2.070,1,1,16.036,0,0,28,306,1,19,0
02-08 19:05:02,3.743,5.739,67.373,21.210,0,6362500,4817524,462380,4581136,30281.138,14564.650,11985.493,2391.509,124.766,461.134,3545,2892,1.880,2.430,2.070,0,1,2.994,0,0,28,306,1,20,0
02-08 19:05:03,14.986,18.483,51.453,13.238,0,6379536,4789860,462380,4591712,45726.094,25041.051,10458.415,0,98.909,0,4504,13004,1.880,2.430,2.070,0,1,53.951,0,0,28,306,1,21,0
02-08 19:05:04,4.753,9.505,68.536,15.258,0,6376024,4782752,462392,4602288,45838.400,27592.688,10465.571,112.060,102.054,10.005,3174,3159,1.880,2.430,2.070,0,1,16.009,0,0,28,306,1,21,0
02-08 19:05:05,6.497,9.246,67.717,14.993,0,6377612,4767888,462400,4615524,45245.147,26313.291,13001.720,343.834,143.930,29.986,3568,3829,1.880,2.430,2.070,1,0,15.992,0,0,28,306,1,17,0
02-08 19:05:06,4.261,6.266,67.673,20.302,0,6365004,4762916,462404,4633004,58686.144,599936.888,15303.152,44.113,170.436,4.010,3742,3785,1.880,2.430,2.070,1,1,4.010,0,0,28,306,1,17,0
02-08 19:05:07,14.004,13.504,56.766,13.754,0,6353804,4763752,462408,4643312,30350.659,14662.183,9498.710,100.029,103.029,6.002,3911,3803,1.810,2.400,2.070,2,1,17.005,0,0,28,306,1,17,0
02-08 19:05:08,3.731,4.229,68.658,20.896,0,6353980,4745356,462420,4661440,59653.008,33648.476,17234.197,206.970,219.905,12.936,2923,3060,1.810,2.400,2.070,0,1,0,0,0,28,304,1,18,2
02-08 19:05:09,5.666,11.332,67.747,14.781,0,6353760,4732016,462420,4674952,30113.283,19621.575,12428.048,90.658,163.579,5.912,3447,3131,1.810,2.400,2.070,1,1,17.737,0,0,28,304,1,5,2
02-08 19:05:10,4.062,5.332,68.295,19.803,0,6351968,4714136,462440,4694516,45203.924,22228.241,19210.043,178.736,254.902,17.264,3116,3217,1.810,2.400,2.070,1,0,0,0,0,28,304,1,5,2
02-08 19:05:11,7.538,9.548,66.587,14.574,0,6353128,4701284,462440,4706160,47262.376,27988.758,11120.323,80.407,161.820,2.010,3524,3288,1.810,2.400,2.070,1,1,16.081,0,0,28,304,1,5,2
02-08 19:05:12,3.482,5.471,69.634,19.398,0,6353280,4682384,462440,4724828,29739.483,14742.412,17579.480,0,244.712,0,2998,2992,1.740,2.380,2.060,2,0,2.984,0,0,28,304,1,5,2
02-08 19:05:13,4.003,9.757,68.302,15.512,0,6353592,4668800,462452,4738016,60174.496,35366.740,12677.585,160.121,133.101,13.010,3455,3448,1.740,2.380,2.060,0,1,15.011,0,0,28,304,1,5,2
02-08 19:05:14,6.278,9.542,69.306,14.815,0,6349436,4659304,462476,4751580,45900.369,25387.932,13053.551,148.655,137.607,21.093,3415,3422,1.740,2.380,2.060,0,1,16.071,0,0,28,304,1,5,2
02-08 19:05:15,3.234,4.727,67.176,22.143,0,6350440,4646728,462536,4763044,44476.355,22332.224,11321.363,2046.125,107.481,106.486,3076,3616,1.740,2.380,2.060,0,1,1.990,0,0,28,304,1,5,2
02-08 19:05:16,5.519,8.279,69.489,15.804,0,6349740,4638616,462536,4771836,31206.532,19709.917,8461.156,204.705,90.311,46.159,2931,2820,1.740,2.380,2.060,0,1,16.055,0,0,28,304,1,5,2
02-08 19:05:17,4.251,5.251,67.264,21.255,0,6349472,4627276,462544,4783372,58083.423,593959.041,11250.406,1984.424,109.023,398.085,3621,3212,1.680,2.360,2.050,0,1,2.000,0,0,28,304,1,5,2
02-08 19:05:18,6.224,15.435,67.217,9.460,0,6357996,4614436,462544,4787652,15757.567,7265.369,4154.485,0,42.819,0,3522,3145,1.680,2.360,2.050,3,0,70.702,0,0,28,304,1,5,2
02-08 19:05:19,24.116,4.773,70.088,0,0,6405624,4566808,462544,4787652,61855.072,35740.228,0,4.019,0,1.005,2689,2483,1.680,2.360,2.050,1,0,0,0,0,28,304,1,5,2
02-08 19:05:20,21.978,7.492,69.680,0,0,6443672,4528756,462544,4787656,44631.030,22093.738,0,0,0,0,2686,2625,1.680,2.360,2.050,1,0,0.999,0,0,28,304,1,5,2
02-08 19:05:21,24.445,5.737,68.846,0,0,6478936,4493476,462556,4787660,30229.567,15132.244,0,255.430,0,12.971,2786,2610,1.680,2.360,2.050,1,0,1.996,0,0,28,304,1,5,2
02-08 19:05:22,28.586,5.015,65.447,0,0,6502844,4469536,462564,4787680,47901.417,25600.181,0,337.016,0,30.091,3648,3656,1.630,2.330,2.050,3,0,4.012,0,0,28,308,1,5,2
02-08 19:05:23,25.398,4.482,68.227,0,0,6378068,4594276,462596,4787684,45411.434,22671.354,0,422.311,0,23.904,2942,2767,1.630,2.330,2.050,2,0,4.980,0,0,28,304,1,5,2
02-08 19:05:24,23.594,6.024,69.025,0,0,6423908,4548412,462608,4787696,45039.232,23138.077,0,104.416,0,6.024,2709,2562,1.630,2.330,2.050,2,0,2.008,0,0,28,304,1,5,2
02-08 19:05:25,24.900,5.785,68.916,0,0,6455376,4516912,462628,4787708,44989.310,22087.198,0,354.136,0,31.188,3109,3057,1.630,2.330,2.050,3,0,0,0,0,28,304,1,5,2
02-08 19:05:26,26.314,13.157,59.330,0,0,6519996,4452028,462628,4787972,15053.497,7391.704,0,87.382,0,5.958,3177,2811,1.630,2.330,2.050,4,0,6.951,0,0,28,304,1,5,2
02-08 19:05:27,28.222,5.495,63.936,0,0,6505180,4466832,462628,4787984,30555.415,14739.247,0,167.832,0,14.985,4068,4127,1.580,2.310,2.040,1,0,3.996,0,0,28,310,1,5,2
02-08 19:05:28,31.304,9.516,58.100,0,0,6459648,4512444,462660,4787868,31579.511,17109.534,4.007,424.733,1.002,30.052,3528,3099,1.580,2.310,2.040,2,0,15.026,0,0,28,304,1,5,2
02-08 19:05:29,22.745,12.747,62.735,0,0,6454632,4517444,462664,4787868,55589.967,455539.196,0,107.975,0,11.997,3423,3131,1.580,2.310,2.040,2,0,6.998,0,0,28,304,1,5,2
02-08 19:05:30,24.722,5.494,68.422,0,0,6484456,4487624,462664,4787872,33733.757,147185.140,0,203.769,0,11.986,2832,2468,1.580,2.310,2.040,1,0,1.998,0,0,28,304,1,5,2
02-08 19:05:31,26.660,3.239,69.515,0,0,6479012,4492908,462664,4788028,15852.326,7418.881,0,3.987,0,0.997,2529,2186,1.580,2.310,2.040,1,0,0,0,0,28,304,1,5,2
02-08 19:05:32,9.273,24.562,64.161,0,0,6461600,4510296,462680,4788036,47307.931,24595.833,513.290,296.746,4.010,11.028,4775,3787,1.610,2.310,2.040,5,0,133.335,0,0,28,304,1,6,2
02-08 19:05:33,12.744,24.989,59.474,0,0,6456900,4514964,462680,4788060,62481.446,35569.314,0,1907.159,0,357.842,5640,4121,1.610,2.310,2.040,2,0,121.946,0,0,28,304,1,6,2
02-08 19:05:34,7.770,25.314,64.664,0,0,6457076,4514716,462680,4788128,57145.101,28763.034,0,8.020,0,1.003,4870,3696,1.610,2.310,2.040,2,0,149.379,0,0,28,304,1,5,2
02-08 19:05:35,9.499,21.247,66.740,0,0,6445488,4526276,462704,4788128,51370.437,58267.422,0,263.961,0,17.997,4843,4002,1.610,2.310,2.040,1,0,123.982,0,0,28,304,1,5,2
02-08 19:05:36,15.016,15.766,67.820,0,0,6441420,4530344,462704,4788128,61367.583,33400.607,0,0,0,0,4262,3504,1.610,2.310,2.040,1,0,91.094,0,0,28,304,1,5,2
02-08 19:05:37,21.745,8.248,68.484,0,0,6457600,4514116,462732,4788148,45310.108,22530.584,0,343.917,0,21.995,3123,2924,1.560,2.280,2.040,1,0,18.995,0,0,28,304,1,5,2
02-08 19:05:38,20.006,7.252,71.522,0,0,6472976,4498700,462736,4788152,44736.481,23679.135,0,244.074,0,10.003,2880,2719,1.560,2.280,2.040,0,0,17.005,0,0,28,305,1,6,2
02-08 19:05:39,18.499,5.750,73.996,0,0,6468088,4497272,462752,4793256,47055.717,454710.939,0,1007.951,0,17.999,2839,2647,1.560,2.280,2.040,2,0,4.000,0,0,28,304,1,6,2
02-08 19:05:40,23.660,6.226,68.241,0,0,6455984,4508292,462752,4794224,48982.390,135903.020,0,67.743,0,4.981,2977,2845,1.560,2.280,2.040,1,0,2.989,0,0,28,304,1,6,2
02-08 19:05:41,24.037,10.516,61.594,0,0,6457984,4505700,462760,4794752,45211.028,22430.246,0,356.544,0,3.005,7561,13706,1.560,2.280,2.040,1,0,5.008,0,0,28,304,1,6,2
02-08 19:05:42,18.986,9.992,69.697,0,0,6475044,4487588,462760,4795636,34035.285,17023.139,0,167.873,0,2.998,2730,2448,1.520,2.260,2.030,1,0,8.993,0,0,28,304,1,5,2
02-08 19:05:43,18.312,3.763,76.759,0,0,6434360,4528256,462796,4795580,37938.878,25380.548,0,899.030,0,47.159,2729,2948,1.520,2.260,2.030,1,0,0,0,0,28,305,1,5,2
02-08 19:05:44,26.235,10.244,60.216,0,0,6440180,4522204,462820,4795780,61305.072,35368.849,0,267.847,0,14.991,7604,13246,1.520,2.260,2.030,1,0,5.997,0,0,28,305,1,5,2
02-08 19:05:45,17.984,12.739,68.939,0.250,0,6440720,4521476,462848,4795876,30860.653,14710.964,0,547.515,0,33.970,3133,3026,1.520,2.260,2.030,1,0,15.986,0,0,28,305,1,5,2
02-08 19:05:46,22.006,7.252,69.020,0,0,6418916,4541360,463004,4797424,30552.798,15628.501,0,652.188,0,21.006,2742,2514,1.520,2.260,2.030,1,0,1.000,0,0,28,305,1,5,2
02-08 19:05:47,9.496,20.491,68.472,0,0,6371172,4597940,463020,4789836,62056.194,34265.750,0,79.967,0,5.998,4591,3734,1.470,2.240,2.020,1,0,127.947,0,0,28,304,1,5,2
02-08 19:05:48,10.414,22.811,63.971,0,0,6380996,4588116,463020,4789836,45301.243,25070.602,0,1356.776,0,289.604,5150,3733,1.470,2.240,2.020,1,0,141.827,0,0,28,304,1,5,2
02-08 19:05:49,32.518,9.075,57.978,0.252,0,6425028,4544044,463060,4789840,45369.013,22366.384,0,496.090,0,26.216,3951,4031,1.470,2.240,2.020,2,0,0,0,0,28,304,1,5,2
02-08 19:05:50,25.712,3.245,69.398,0,0,6436400,4532452,463060,4790060,30091.746,14732.334,0,3.994,0,0.999,2565,2449,1.470,2.240,2.020,1,0,0,0,0,28,304,0,5,2
02-08 19:05:51,23.926,6.729,68.041,0,0,6448996,4519824,463060,4790092,27163.450,445186.688,0,0,0,0,3405,3275,1.470,2.240,2.020,1,0,3.988,0,0,28,308,1,8,2
02-08 19:05:52,16.321,14.312,67.794,0,0,6415124,4553672,463064,4790108,18573.602,136432.059,0,996.324,0,110.479,4238,3675,1.440,2.220,2.020,4,0,71.309,0,0,28,304,1,10,2
02-08 19:05:53,17.755,13.254,68.019,0,0,6437176,4531616,463064,4790112,60997.344,31963.088,0,0,0,0,3310,3060,1.440,2.220,2.020,1,0,46.013,0,0,28,304,1,10,2
02-08 19:05:54,29.025,7.757,61.553,0.250,0,6472480,4496240,463096,4790152,30204.124,14840.836,0,584.506,0,38.033,3728,3826,1.440,2.220,2.020,1,0,8.007,0,0,28,304,1,10,2
02-08 19:05:55,26.794,5.954,65.000,0,0,6483084,4485428,463156,4790300,31169.265,15896.732,0,543.817,0,44.657,3547,3480,1.440,2.220,2.020,1,0,0,0,0,28,305,1,10,2
02-08 19:05:56,21.008,13.505,64.526,0,0,6423304,4545200,463156,4790308,31412.668,16286.568,0,8.003,0,2.001,3762,2991,1.440,2.220,2.020,3,0,70.028,0,0,28,304,1,10,2
02-08 19:05:57,25.405,9.055,65.400,0,0,6479924,4488580,463160,4790304,44966.150,22384.975,0,120.739,0,5.031,3078,2733,1.480,2.220,2.020,1,0,3.018,0,0,28,304,1,10,2
02-08 19:05:58,24.164,5.286,69.722,0,0,6485740,4482740,463176,4790312,30549.954,14832.479,0,277.882,0,22.150,2922,2918,1.480,2.220,2.020,2,0,0,0,0,28,304,1,11,2
02-08 19:05:59,25.823,3.724,68.282,0,0,6482764,4485684,463196,4790324,16174.144,7311.885,0,143.020,0,17.877,3058,2956,1.480,2.220,2.020,3,0,0,0,0,28,304,1,11,2
02-08 19:06:00,16.247,15.247,66.987,0,0,6440968,4527468,463196,4790336,46027.149,25317.132,0,0,0,0,3652,3169,1.480,2.220,2.020,2,0,57.989,0,0,28,304,1,11,2
02-08 19:06:01,24.213,5.741,68.894,0,0,6476204,4492228,463204,4790332,44847.802,22427.396,0,47.926,0,3.994,2678,2417,1.480,2.220,2.020,3,0,0,0,0,28,304,1,11,2
02-08 19:06:02,25.718,4.791,69.338,0,0,6484928,4483476,463216,4790352,15471.265,7433.065,0,217.848,0,14.120,2997,2799,1.440,2.200,2.010,2,0,0,0,0,28,304,1,13,2
02-08 19:06:03,30.579,17.651,50.219,0,0,6485944,4482460,463216,4793232,30593.739,15533.048,0,7.955,0,0.994,4238,8785,1.440,2.200,2.010,5,0,69.610,0,0,28,304,1,13,2
02-08 19:06:04,25.866,8.456,63.919,0,0,6499000,4469392,463228,4790352,45180.752,22330.225,0,2642.301,0,497.421,3835,5324,1.440,2.200,2.010,2,0,0,0,0,28,304,1,14,2
02-08 19:06:05,26.360,5.523,66.779,0,0,6466492,4501828,463292,4790360,40365.575,576991.635,0,413.728,0,39.164,3797,4010,1.440,2.200,2.010,1,0,0,0,0,28,305,1,14,2
02-08 19:06:06,21.496,12.248,64.237,0,0,6446388,4521880,463320,4790380,47161.397,26463.611,0,215.956,0,18.996,4097,3737,1.440,2.200,2.010,3,0,48.990,0,0,28,304,1,14,2
02-08 19:06:07,24.010,6.253,69.028,0,0,6472788,4495476,463320,4790384,30309.351,14663.975,0,4.002,0,1.000,2845,2645,1.490,2.190,2.010,5,0,1.000,0,0,28,304,1,13,2
02-08 19:06:08,24.506,5.198,68.568,0,0,6489464,4478792,463320,4790388,29821.408,14608.708,0,15.842,0,1.980,2775,2578,1.490,2.190,2.010,3,0,0,0,0,28,308,1,16,2
02-08 19:06:09,19.465,11.376,68.255,0,0,6442712,4525520,463332,4790400,31510.701,15891.861,0,109.209,0,6.067,3436,3130,1.490,2.190,2.010,1,0,34.380,0,0,28,304,1,17,2
02-08 19:06:10,22.748,6.500,70.245,0,0,6443844,4524348,463332,4790440,45237.703,21952.400,0,11.999,0,3.000,2721,2462,1.490,2.190,2.010,1,0,0,0,0,28,304,1,17,2
02-08 19:06:11,23.993,5.998,68.730,0,0,6475488,4492524,463376,4790576,30213.359,14945.725,0,591.831,0,37.989,3111,3146,1.490,2.190,2.010,1,0,0,0,0,28,304,1,17,1
02-08 19:06:12,23.965,5.492,68.399,0,0,6474588,4493416,463424,4790536,15464.170,7512.908,0,207.693,0,26.960,3381,3436,1.450,2.170,2.010,1,0,1.997,0,0,28,304,1,17,1
02-08 19:06:13,11.017,22.284,64.347,0.250,0,6427676,4540208,463464,4790596,45924.455,25348.336,0,2343.544,0,64.097,4914,4059,1.450,2.170,2.010,1,0,131.198,0,0,28,304,1,17,1
02-08 19:06:14,7.491,10.237,80.399,0,0,6417848,4549872,463536,4790680,64427.153,34087.225,0,507.363,0,22.971,3246,3323,1.450,2.170,2.010,0,0,47.940,0,0,28,306,1,17,1
02-08 19:06:15,5.990,12.978,78.618,0,0,6409084,4558416,463736,4790728,55984.720,25238.498,0,2419.925,0,141.761,3982,4048,1.450,2.170,2.010,1,0,65.889,0,0,28,304,1,18,1
02-08 19:06:16,7.771,12.033,78.965,0,0,6407640,4559836,463760,4790728,65983.261,34519.782,0,180.490,0,13.035,3509,3362,1.450,2.170,2.010,1,0,60.163,0,0,28,306,1,18,1
02-08 19:06:17,11.191,17.408,68.884,0,0,6382204,4585244,463768,4790748,57850.833,591167.115,0,107.430,0,6.963,4340,3823,1.330,2.140,1.990,1,0,90.519,0,0,28,304,1,19,1
02-08 19:06:18,9.060,21.392,67.197,0,0,6384284,4583100,463776,4790804,61781.135,34908.304,0,68.456,0,5.033,4601,3614,1.330,2.140,1.990,1,0,121.811,0,0,28,304,1,19,1
02-08 19:06:19,22.634,5.970,69.893,0,0,6411164,4556136,463828,4790828,45314.698,23356.779,0,222.862,0,6.964,2621,2462,1.330,2.140,1.990,1,0,3.980,0,0,28,304,1,19,1
02-08 19:06:20,22.282,9.263,67.596,0,0,6421056,4536100,464368,4799108,59620.961,29564.130,0,2719.876,0,412.588,3366,2835,1.330,2.140,1.990,1,0,2.003,0,0,28,304,1,19,1
02-08 19:06:21,22.497,6.249,70.242,0,0,6434628,4519272,464504,4801712,29976.637,15129.303,0,1079.879,0,23.997,3103,3118,1.330,2.140,1.990,1,0,18.998,0,0,28,305,1,19,1
02-08 19:06:22,16.048,3.260,79.739,0,0,6435020,4518768,464536,4801756,39510.533,18301.906,0,477.432,0,32.096,2575,2937,1.230,2.100,1.980,1,0,0,0,0,28,305,1,19,1
02-08 19:06:23,21.486,5.496,71.454,0,0,6422448,4527656,464580,4805188,16819.254,8293.701,0,551.648,0,25.983,2594,2456,1.230,2.100,1.980,1,0,1.999,0,0,28,304,1,19,1
02-08 19:06:24,14.248,13.998,68.740,1.750,0,6394776,4551992,464652,4808356,31277.559,18497.374,1359.807,3159.551,22.997,87.988,4775,4507,1.230,2.100,1.980,4,0,97.986,0,0,28,304,1,19,1
02-08 19:06:25,8.242,25.225,63.438,0,0,6392048,4554680,464684,4808364,62957.635,32746.082,0,359.649,0,25.975,5149,4303,1.230,2.100,1.980,1,0,159.844,0,0,28,304,1,19,1
02-08 19:06:26,17.264,12.510,68.554,0,0,6405216,4541512,464692,4808356,45271.623,23934.834,0,88.069,0,3.002,3452,3098,1.230,2.100,1.980,2,0,45.035,0,0,28,304,1,19,1
02-08 19:06:27,31.650,11.215,55.823,0,0,6490096,4456600,464704,4808372,29681.124,15008.530,0,195.382,0,21.931,3666,3174,1.210,2.080,1.980,2,0,6.978,0,0,28,304,1,19,1
02-08 19:06:28,30.570,7.768,61.140,0,0,6482644,4464036,464708,4808384,41441.178,445953.222,0,124.285,0,14.032,3849,3860,1.210,2.080,1.980,3,0,0,0,0,28,304,1,19,1
02-08 19:06:29,24.685,14.960,58.595,0.249,0,6395204,4551428,464720,4808404,17799.795,131335.696,0,135.640,0,11.968,4077,3637,1.210,2.080,1.980,1,0,53.857,0,0,28,304,1,19,1
02-08 19:06:30,22.519,8.007,68.058,0,0,6422924,4523708,464724,4808400,30804.249,18838.052,0,56.048,0,6.005,2867,2662,1.210,2.080,1.980,1,0,2.002,0,0,28,304,1,19,1
02-08 19:06:31,24.070,5.516,69.953,0,0,6457924,4488692,464724,4808412,45043.513,22100.034,0,4.012,0,1.003,2827,2555,1.210,2.080,1.980,1,0,0,0,0,28,304,1,19,1
02-08 19:06:32,24.964,4.993,68.402,0,0,6426032,4520584,464740,4808396,15264.196,7513.268,0,267.618,0,14.979,3086,2801,1.190,2.060,1.970,3,0,9.986,0,0,28,304,1,20,1
02-08 19:06:33,20.953,8.232,69.845,0,0,6462380,4484216,464740,4808416,45122.807,22771.437,0,79.823,0,3.991,2827,2683,1.190,2.060,1.970,1,0,5.987,0,0,28,304,1,20,1
02-08 19:06:34,23.562,5.013,70.434,0,0,6499176,4447416,464740,4808420,29904.284,14630.299,0,12.031,0,3.008,2529,2373,1.190,2.060,1.970,1,0,0,0,0,28,305,1,20,1
02-08 19:06:35,24.815,6.142,65.600,0.246,0,6493816,4452672,464812,4808456,29504.869,14470.378,0,829.462,0,92.381,4245,5061,1.190,2.060,1.970,10,0,0,0,0,28,305,1,19,1
02-08 19:06:36,30.224,10.159,58.670,0.254,0,6489432,4456764,464900,4808656,15214.521,7562.560,0,3177.819,0,569.935,6436,7192,1.190,2.060,1.970,2,0,3.048,0,0,28,304,1,19,1
02-08 19:06:37,20.819,9.030,68.729,0,0,6471132,4475028,464920,4808672,45474.349,25683.480,0,236.788,0,17.057,3011,2979,1.170,2.050,1.970,1,0,6.020,0,0,28,304,1,19,1
02-08 19:06:38,24.453,5.988,68.618,0,0,6499308,4446832,464940,4808672,29415.343,15276.576,0,307.408,0,28.944,2798,2654,1.170,2.050,1.970,1,0,0,0,0,28,304,1,20,1
02-08 19:06:39,26.161,6.478,65.776,0,0,6496568,4449444,465052,4808688,31055.257,15890.892,0,3715.349,0,184.372,3591,3446,1.170,2.050,1.970,1,0,1.993,0,0,28,304,1,19,1
02-08 19:06:40,24.109,7.032,66.801,0,0,6494640,4451296,465112,4808704,15487.766,7491.747,0,446.009,0,58.262,4470,5306,1.170,2.050,1.970,1,0,0,0,0,28,305,1,19,1
02-08 19:06:41,25.746,6.749,66.240,0.250,0,6492404,4453452,465156,4808740,15419.700,7766.842,0,647.903,0,76.989,4503,5436,1.170,2.050,1.970,2,0,0,0,0,28,304,1,19,1
02-08 19:06:42,11.970,21.696,64.590,0,0,6427672,4518172,465164,4808740,30518.366,17726.069,0,135.664,0,9.975,4634,3697,1.160,2.030,1.960,2,0,140.651,0,0,28,304,1,19,1
02-08 19:06:43,7.772,26.576,62.680,0,0,6419180,4526640,465168,4808744,61658.291,31512.611,0,1680.833,0,110.317,5354,4292,1.160,2.030,1.960,1,0,166.479,0,0,28,304,1,19,1
02-08 19:06:44,8.745,26.235,62.464,0,0,6402840,4542948,465180,4808744,58640.005,581087.128,0,383.778,0,23.986,5599,4551,1.160,2.030,1.960,1,0,173.899,0,0,28,304,1,19,1
02-08 19:06:45,9.223,26.422,61.818,0,0,6404936,4540756,465260,4808760,61043.490,32336.907,0,2576.424,0,131.613,5649,5033,1.160,2.030,1.960,2,0,170.499,0,0,28,304,1,19,1
02-08 19:06:46,7.527,26.595,63.729,0,0,6404620,4541072,465260,4808760,61155.332,31844.208,0,40.144,0,8.029,5040,3913,1.160,2.030,1.960,2,0,163.587,0,0,28,304,1,19,1
02-08 19:06:47,7.996,26.738,63.221,0,0,6402540,4543136,465272,4808764,60906.920,32215.148,0,195.910,0,11.994,5069,3959,1.230,2.030,1.960,3,0,166.923,0,0,28,304,1,19,1
02-08 19:06:48,7.495,26.483,63.210,0,0,6400836,4544828,465284,4808764,45768.869,23630.959,0,103.934,0,9.994,5081,3854,1.230,2.030,1.960,3,0,162.896,0,0,28,304,1,19,1
02-08 19:06:49,7.755,26.517,63.541,0,0,6402616,4543028,465300,4808768,61262.069,32586.782,0,392.250,0,22.014,5159,4028,1.230,2.030,1.960,3,0,168.107,0,0,28,304,1,19,1
02-08 19:06:50,11.249,26.997,59.492,0,0,6392256,4553364,465304,4808780,62137.965,33146.714,0,79.990,0,6.999,5241,4188,1.230,2.030,1.960,1,0,160.979,0,0,28,304,1,19,1
02-08 19:06:51,8.510,25.779,63.321,0,0,6395140,4550464,465308,4808792,61380.053,32786.885,0,144.162,0,13.015,5290,4326,1.230,2.030,1.960,2,0,175.197,0,0,28,304,1,19,1
02-08 19:06:52,9.998,27.245,61.238,0,0,6397028,4548564,465312,4808796,54901.531,567913.709,0,1891.639,0,364.930,6081,4496,1.210,2.010,1.960,1,0,154.970,0,0,28,304,1,16,1
02-08 19:06:53,7.994,25.480,63.950,0,0,6394944,4550644,465312,4808800,60833.604,32013.058,0,159.875,0,16.987,5050,4002,1.210,2.010,1.960,2,0,159.875,0,0,28,304,1,16,1
02-08 19:06:54,7.498,29.493,60.985,0,0,6381900,4563680,465316,4808804,60963.190,32304.152,0,15024.350,0,73.982,5309,4018,1.210,2.010,1.960,1,0,171.958,0,0,28,304,1,16,1
02-08 19:06:55,15.176,28.113,52.742,0,0,6379796,4565592,465332,4808980,45893.607,23704.101,0,549.314,0,40.801,5886,5420,1.210,2.010,1.960,4,0,156.236,0,0,28,304,1,18,1
02-08 19:06:56,8.046,26.902,63.611,0,0,6382540,4562820,465360,4808980,60981.676,32009.446,0,2115.995,0,111.633,5292,4290,1.210,2.010,1.960,1,0,162.924,0,0,28,304,1,16,1
02-08 19:06:57,14.232,27.466,55.930,0,0,6404924,4540420,465364,4808992,61320.456,31590.567,0,271.661,0,15.980,5378,4174,1.270,2.010,1.960,3,0,162.797,0,0,28,304,1,16,1
02-08 19:06:58,8.819,25.952,63.746,0,0,6399152,4546156,465400,4808992,62031.959,32694.548,0,1580.304,0,79.620,5486,4644,1.270,2.010,1.960,3,0,182.420,0,0,28,304,1,16,1
02-08 19:06:59,8.427,24.537,63.450,0,0,6402812,4542488,465408,4808992,45397.169,24259.543,0,186.383,0,18.837,5181,4218,1.270,2.010,1.960,2,0,163.581,0,0,28,304,1,16,1
02-08 19:07:00,9.719,25.669,62.054,0,0,6402064,4543184,465444,4809008,73017.549,577293.998,0,494.439,0,30.902,5579,4308,1.270,2.010,1.960,1,0,167.471,0,0,28,304,1,15,1
02-08 19:07:01,12.037,26.331,59.685,0,0,6399260,4545980,465444,4809016,62392.009,33508.659,0,12.037,0,3.009,5366,4179,1.270,2.010,1.960,1,0,172.534,0,0,28,304,1,15,1
02-08 19:07:02,9.836,25.473,63.808,0,0,6390456,4554784,465444,4809016,61243.683,32572.907,0,16.141,0,4.035,5018,3873,1.250,1.990,1.950,1,0,160.403,0,0,28,304,1,16,1
02-08 19:07:03,8.420,24.517,63.398,0,0,6389720,4555516,465444,4809020,45565.054,23613.630,0,7.925,0,1.981,4940,3789,1.250,1.990,1.950,2,0,157.503,0,0,28,304,1,16,1
02-08 19:07:04,23.196,33.672,40.905,0,0,6388832,4556384,465444,4809024,61192.139,32345.015,0,23.944,0,5.986,6092,13229,1.250,1.990,1.950,1,0,196.544,0,0,28,304,1,13,1
02-08 19:07:05,13.213,19.566,65.812,0.762,0,6387972,4557176,465480,4809056,62221.340,33777.212,0,524.466,0,38.623,4877,4175,1.250,1.990,1.950,3,0,104.690,0,0,28,304,1,13,1
02-08 19:07:06,14.478,14.478,69.396,0,0,6391892,4622708,465488,4744352,44669.165,22911.719,0,31.952,0,3.994,3284,3381,1.250,1.990,1.950,1,0,38.942,0,0,28,304,1,13,1
02-08 19:07:07,18.313,11.631,68.302,0,0,6412176,4645112,465672,4708072,44316.081,22438.673,0,1413.553,0,284.096,3402,2797,1.230,1.980,1.950,3,0,5.939,0,0,28,304,1,13,1
02-08 19:07:08,22.329,7.691,67.979,0,0,6415020,4636640,465860,4713228,44461.539,23426.613,0,2532.607,0,18.856,2905,2730,1.230,1.980,1.950,3,0,0.992,0,0,28,304,1,14,1
02-08 19:07:09,25.436,8.311,65.983,0,0,6424388,4624448,465872,4715640,42931.270,573375.276,0,588.307,0,9.066,3411,3011,1.230,1.980,1.950,1,0,18.133,0,0,28,304,1,14,1
02-08 19:07:10,17.753,3.000,78.013,0,0,6424904,4623584,465876,4715908,39320.456,18772.082,0,312.051,0,9.001,2409,2522,1.230,1.980,1.950,0,0,2.000,0,0,28,305,1,14,1
02-08 19:07:11,21.997,6.499,69.741,0,0,6465564,4582764,465896,4716008,23926.872,13274.265,0,1031.865,0,47.994,2832,2562,1.230,1.980,1.950,0,0,1.000,0,0,28,305,1,15,1
02-08 19:07:12,17.016,3.503,78.325,0,0,6465264,4582764,465912,4716252,28435.392,16997.374,0,1045.007,0,30.029,2595,2781,1.130,1.940,1.940,2,0,0,0,0,28,305,1,10,1
02-08 19:07:13,16.242,2.499,79.709,0,0,6465484,4582272,465944,4716472,25805.867,14592.574,0,1163.408,0,48.975,2517,2814,1.130,1.940,1.940,1,0,1.999,0,0,28,305,1,10,1
02-08 19:07:14,21.209,4.242,73.357,0,0,6481304,4566308,465956,4716628,20934.105,10753.992,0,3856.466,0,150.706,2890,2804,1.130,1.940,1.940,1,0,0,0,0,28,305,1,10,1
02-08 19:07:15,16.807,2.508,79.268,0.251,0,6478468,4568936,466000,4716756,10159.306,7246.470,0,1067.605,0,43.146,2481,2801,1.130,1.940,1.940,0,0,0,0,0,28,305,1,10,1
02-08 19:07:16,18.477,3.496,77.406,0,0,6483496,4563628,466016,4716980,23337.521,12475.775,0,811.010,0,23.971,2355,2409,1.130,1.940,1.940,1,0,1.998,0,0,28,305,1,9,1
02-08 19:07:17,18.233,2.498,77.677,0.250,0,6489824,4557088,466044,4717128,8860.652,5824.512,0,1082.980,0,40.961,2355,2395,1.120,1.930,1.930,1,0,0.999,0,0,28,305,1,9,1
02-08 19:07:18,17.425,3.983,77.167,0,0,6482352,4549484,466072,4732136,22014.955,12237.169,0,585.472,0,17.923,2235,2288,1.120,1.930,1.930,1,0,0,0,0,28,305,1,9,1
02-08 19:07:19,24.493,4.798,70.449,0,0,6489508,4533172,466128,4740708,483.802,0,0,779.739,0,31.311,2680,2578,1.120,1.930,1.930,1,0,3.030,0,0,28,305,1,9,1
02-08 19:07:20,23.874,5.222,68.886,0,0,6481996,4530048,466296,4749660,15237.498,7257.657,0,752.027,0,35.811,2826,2747,1.120,1.930,1.930,2,0,0,0,0,28,305,1,8,1
02-08 19:07:21,23.297,5.511,70.142,0,0,6484364,4513036,466448,4762772,359.727,0,0,1290.607,0,31.063,2785,2779,1.120,1.930,1.930,1,0,0,0,0,28,305,1,8,1
02-08 19:07:22,26.729,4.497,67.698,0,0,6488100,4504536,466480,4766828,641.504,147.886,0,483.626,0,14.988,3033,3045,1.110,1.910,1.930,3,0,1.998,0,0,28,305,1,8,1
02-08 19:07:23,26.679,6.483,64.826,0.249,0,6492172,4481224,466660,4784308,16560.669,8691.733,0,3514.592,0,397.935,3859,3217,1.110,1.910,1.930,1,0,0,0,0,28,305,1,8,1
02-08 19:07:24,23.577,5.518,69.728,0.251,0,6492064,4470752,466728,4793328,2799.158,2026.630,0,1777.816,0,72.236,2838,2906,1.110,1.910,1.930,2,0,0,0,0,28,305,1,8,1
02-08 19:07:25,23.940,5.486,68.577,0.249,0,6492824,4455252,466788,4806228,477.794,0,0,1791.478,0,66.831,3107,3208,1.110,1.910,1.930,1,0,1.995,0,0,28,305,1,8,1
02-08 19:07:26,24.317,5.014,69.943,0,0,6491676,4438240,466832,4822748,15017.439,7382.371,0,1291.564,0,43.119,2811,2834,1.110,1.910,1.930,1,0,0,0,0,28,305,1,8,1
02-08 19:07:27,27.156,8.471,62.285,0,0,6485296,4456060,466888,4810240,1024.460,320.891,0,1474.903,0,60.790,3322,3229,1.100,1.900,1.920,2,0,3.986,0,0,28,304,1,8,1
02-08 19:07:28,24.073,10.030,64.194,0,0,6486968,4454208,466912,4810412,300.912,0,0,778.358,0,33.100,3443,3477,1.100,1.900,1.920,1,0,23.070,0,0,28,304,1,8,1
02-08 19:07:29,28.241,14.245,57.481,0,0,6512796,4429528,466924,4809252,623.795,324.893,0,247.919,0,13.995,3597,3303,1.100,1.900,1.920,1,0,22.992,0,0,28,305,1,8,1
02-08 19:07:30,18.446,4.548,76.562,0,0,6502580,4434128,466928,4814356,52027.612,25512.491,0,1415.002,0,30.321,2572,2522,1.100,1.900,1.920,2,0,1.011,0,0,28,304,1,8,1
02-08 19:07:31,22.285,6.438,69.332,0,0,6462152,4473260,466928,4815512,29589.716,14452.657,0,3.962,0,0.990,2686,2674,1.100,1.900,1.920,1,0,4.952,0,0,28,304,1,8,1
02-08 19:07:32,25.192,10.725,60.111,0,0,6459676,4475288,466932,4815856,29763.421,14706.115,0,327.246,0,3.991,7559,13437,1.090,1.880,1.910,1,0,4.989,0,0,28,304,1,9,1
02-08 19:07:33,19.714,9.483,69.373,0,0,6473012,4460924,466940,4816740,15187.165,7282.652,0,706.705,0,9.982,2756,2553,1.090,1.880,1.910,2,0,6.987,0,0,28,304,1,8,1
02-08 19:07:34,25.850,10.039,61.739,0,0,6460972,4473008,466940,4816672,19005.560,10826.905,0,12.047,0,3.012,6853,11577,1.090,1.880,1.910,2,0,7.027,0,0,28,304,1,8,1
02-08 19:07:35,18.823,11.545,68.266,0,0,6466680,4466992,466976,4816908,15395.018,7649.823,0,1533.980,0,28.110,3639,4121,1.090,1.880,1.910,1,0,14.055,0,0,28,304,1,8,1
02-08 19:07:36,18.671,10.207,69.706,0,0,6420208,4521440,466988,4809568,15492.692,7749.334,0,354.506,0,13.941,2691,2584,1.090,1.880,1.910,1,0,1.992,0,0,28,304,1,8,1
02-08 19:07:37,21.862,8.198,68.814,0,0,6436312,4505472,466996,4809508,714.477,147.069,0,377.610,0,7.950,3074,2918,1.090,1.870,1.910,2,0,12.918,0,0,28,304,1,8,1
02-08 19:07:38,22.892,6.038,69.432,0,0,6435828,4505900,467028,4809532,30562.010,16929.252,0,330.052,0,26.163,3349,3422,1.090,1.870,1.910,1,0,41.256,0,0,28,304,1,9,1
02-08 19:07:39,23.953,10.230,62.877,0,0,6410356,4531364,467028,4809540,60690.182,32440.489,0,1137.772,0,243.523,6726,10935,1.090,1.870,1.910,1,0,6.986,0,0,28,304,1,9,1
02-08 19:07:40,22.552,10.023,65.401,0,0,6445540,4496168,467028,4809552,57242.759,585026.586,0,10925.147,0,52.120,3692,3111,1.090,1.870,1.910,1,0,21.048,0,0,28,304,1,9,1
02-08 19:07:41,15.219,5.489,78.591,0,0,6463168,4478528,467028,4809564,36688.659,17511.517,0,574.835,0,3.992,2537,2601,1.090,1.870,1.910,1,0,16.966,0,0,28,305,1,8,1
02-08 19:07:42,23.801,5.261,69.400,0.251,0,6452516,4483176,467036,4815080,15513.546,7634.508,0,905.959,0,15.033,2745,2610,1.160,1.870,1.910,1,0,2.004,0,0,28,304,1,8,1
02-08 19:07:43,23.147,7.296,69.944,0,0,6460620,4474172,467048,4815808,19324.728,7475.475,0,535.400,0,21.134,2947,2911,1.160,1.870,1.910,1,0,4.026,0,0,28,304,1,8,1
02-08 19:07:44,24.036,10.160,60.710,0,0,6476672,4457540,467072,4816356,14935.261,7231.727,0,356.829,0,30.727,7347,13563,1.160,1.870,1.910,1,0,4.956,0,0,28,304,1,8,1
02-08 19:07:45,22.059,12.032,64.922,0.251,0,6445216,4488284,467104,4816960,17131.494,8834.461,0,6685.755,0,171.455,3654,3419,1.160,1.870,1.910,2,0,8.021,0,0,28,304,1,8,1
02-08 19:07:46,20.992,12.245,63.976,0,0,6459792,4473672,467104,4816996,15182.400,7941.071,0,7.997,0,1.999,6788,12424,1.160,1.870,1.910,1,0,13.995,0,0,28,304,1,8,1
02-08 19:07:47,17.430,11.620,70.225,0,0,6452448,4480952,467104,4817060,1254.965,149.545,0,234.422,0,3.031,2648,2390,1.150,1.850,1.900,1,0,8.084,0,0,28,304,1,8,1
02-08 19:07:48,21.017,7.665,69.479,0,0,6443560,4497980,467108,4809564,14961.946,7536.358,0,328.356,0,9.890,2656,2431,1.150,1.850,1.900,1,0,4.945,0,0,28,304,1,8,1
02-08 19:07:49,21.739,9.245,68.216,0,0,6477028,4464512,467108,4809564,15587.344,8909.624,0,883.566,0,190.906,3036,2518,1.150,1.850,1.900,1,0,19.990,0,0,28,304,1,8,1
02-08 19:07:50,20.743,11.746,65.728,0,0,6397284,4544244,467108,4809576,45728.657,32589.065,0,11740.061,0,53.982,3554,2974,1.150,1.850,1.900,2,0,38.987,0,0,28,304,1,8,1
02-08 19:07:51,21.277,8.261,67.838,0,0,6407868,4533660,467108,4809576,59836.233,30821.783,0,4.005,0,1.001,3614,3386,1.150,1.850,1.900,1,0,56.072,0,0,28,304,1,8,1
02-08 19:07:52,24.460,9.734,63.397,0,0,6427440,4514084,467108,4809580,33421.550,15858.164,0,11.980,0,2.995,5692,9238,1.130,1.840,1.900,4,0,7.987,0,0,28,304,1,8,1
02-08 19:07:53,23.767,9.257,66.048,0,0,6431356,4510132,467120,4809604,57181.536,31677.010,0,888.646,0,18.013,4047,4711,1.130,1.840,1.900,1,0,23.017,0,0,28,304,1,8,1
02-08 19:07:54,21.271,7.507,69.319,0,0,6461072,4480396,467132,4809612,44131.715,22071.864,0,188.186,0,16.016,2965,2840,1.130,1.840,1.900,1,0,18.018,0,0,28,304,1,8,1
02-08 19:07:55,17.237,12.241,68.947,0.250,0,6457316,4483128,467156,4810612,21441.592,10243.161,0,57480.014,0,199.847,3493,3236,1.130,1.840,1.900,2,0,1.998,0,0,28,305,1,8,1
02-08 19:07:56,26.021,7.256,66.054,0,0,6444228,4490748,467172,4815744,31677.014,16294.381,0,1273.045,0,13.011,3150,2886,1.130,1.840,1.900,3,0,3.002,0,0,28,304,1,8,1
02-08 19:07:57,30.455,12.981,53.921,0,0,6476296,4457752,467208,4816464,24616.918,442519.388,0,754.894,0,20.969,7331,11622,1.120,1.830,1.890,2,0,13.980,0,0,28,304,1,8,1
02-08 19:07:58,23.774,13.263,62.062,0,0,6476244,4457092,467232,4817072,17297.211,131516.861,0,364.363,0,15.015,3374,2931,1.120,1.830,1.890,2,0,10.010,0,0,28,304,1,8,1
02-08 19:07:59,22.241,12.245,61.976,0,0,6469076,4464204,467248,4817112,718.724,0,0,327.874,0,11.995,6436,12048,1.120,1.830,1.890,2,0,11.995,0,0,28,304,1,8,1
02-08 19:08:00,17.382,12.344,69.276,0,0,6468956,4464204,467260,4817180,15453.308,7678.287,0,1660.606,0,278.111,3167,2423,1.120,1.830,1.890,2,0,7.054,0,0,28,304,1,8,1
02-08 19:08:01,20.332,11.406,66.450,0,0,6450748,4490408,467300,4809664,15214.993,7557.411,0,25056.488,0,75.376,3066,2738,1.120,1.830,1.890,2,0,6.943,0,0,28,304,1,8,1
02-08 19:08:02,19.893,7.211,69.376,1.989,0,6483692,4456220,467308,4810900,821.571,147.206,246.670,950.873,3.979,19.893,2590,2567,1.110,1.810,1.890,4,0,0.995,0,0,28,304,1,9,1
02-08 19:08:03,22.131,6.036,70.667,0.754,0,6487708,4450160,467364,4812716,30424.578,16616.075,394.327,0,10.059,0,2567,2484,1.110,1.810,1.890,2,0,0,0,0,28,304,1,9,1
02-08 19:08:04,27.743,10.247,60.235,0.250,0,6488168,4449396,467452,4813960,29814.643,14654.384,0,1783.560,0,60.985,5299,9253,1.110,1.810,1.890,3,0,35.991,0,0,28,306,1,12,1
02-08 19:08:05,33.210,12.735,50.689,0,0,6463996,4473128,467676,4813056,30016.801,14574.424,0,2580.888,0,180.782,6398,14892,1.110,1.810,1.890,1,0,1.998,0,0,28,307,0,14,1
02-08 19:08:06,26.981,7.994,61.706,0.250,0,6463732,4473128,467940,4813056,15127.091,7452.625,0,1478.933,0,203.853,5899,7533,1.110,1.810,1.890,4,0,0.999,0,0,28,307,0,14,1
02-08 19:08:07,23.545,14.778,59.112,0.250,0,6419804,4516728,468048,4813276,31346.425,17051.325,128.243,1294.454,1.002,102.194,5319,5443,1.180,1.810,1.890,1,0,58.110,0,0,28,306,1,14,1
02-08 19:08:08,10.491,24.479,63.196,0.250,0,6406240,4530228,468056,4813348,57040.927,47748.921,0,211.818,0,12.989,4891,3885,1.180,1.810,1.890,2,0,140.879,0,0,28,306,1,15,1
02-08 19:08:09,8.761,24.781,64.330,0,0,6404356,4532052,468072,4813392,50472.537,26368.671,0,280.347,0,14.017,4803,3716,1.180,1.810,1.890,2,0,136.169,0,0,28,306,1,14,1
02-08 19:08:10,9.991,23.229,63.942,0,0,6399808,4536496,468176,4813392,60521.383,33435.826,0,5670.882,0,652.411,5577,4287,1.180,1.810,1.890,1,0,90.918,0,0,28,306,1,14,1
02-08 19:08:11,18.012,8.756,70.549,0,0,6360424,4577740,468184,4811556,76880.286,39569.426,0,476.330,0,34.024,3563,3441,1.180,1.810,1.890,0,0,18.012,0,0,28,306,1,16,1
02-08 19:08:12,17.241,9.495,71.462,0,0,6354448,4583356,468188,4811900,102571.988,563281.900,0,919.507,0,4.997,3287,3106,1.090,1.780,1.880,2,0,18.990,0,0,28,306,1,16,1
02-08 19:08:13,7.714,7.466,82.620,0,0,6366040,4572068,468224,4811576,64989.823,31816.535,0,848.096,0,28.867,2824,3075,1.090,1.780,1.880,0,0,7.963,0,0,28,307,1,15,1
02-08 19:08:14,4.779,2.264,92.311,0,0,6366016,4572068,468244,4811580,74806.456,18071.788,0,104.636,0,15.092,2000,2769,1.090,1.780,1.880,0,0,0,0,0,28,307,1,15,1
02-08 19:08:15,8.004,9.255,80.794,0,0,6363496,4574060,468352,4811996,68243.180,22046.011,0,1508.822,0,47.026,2912,3296,1.090,1.780,1.880,0,0,16.009,0,0,28,306,1,15,1
02-08 19:08:16,7.246,11.743,79.703,0,0,6357788,4579652,468360,4812136,180612.970,52881.663,0,4113.562,0,139.917,3669,3219,1.090,1.780,1.880,1,0,45.973,0,0,28,306,1,16,1
02-08 19:08:17,10.236,24.216,62.662,0,0,6362500,4574864,468416,4812168,44732.249,23067.641,0,619.131,0,53.924,5640,4459,1.080,1.770,1.880,2,0,209.706,0,0,28,306,1,16,1
02-08 19:08:18,17.955,14.963,62.844,2.244,0,6384956,4551708,468492,4812684,30845.329,15905.464,582.552,211.474,65.836,1.995,3885,3348,1.080,1.770,1.880,2,0,84.789,0,0,28,306,1,16,1
02-08 19:08:19,10.278,7.270,69.688,10.528,0,6387348,4545520,468760,4815308,29978.023,15381.572,2763.469,352.954,532.439,3.008,2907,3491,1.080,1.770,1.880,1,0,2.005,0,0,28,306,1,16,1
02-08 19:08:20,13.704,5.980,67.272,10.714,0,6393832,4532652,469092,4820596,24803.985,434884.973,5589.069,374.731,322.906,11.959,3275,3548,1.080,1.770,1.880,1,0,0,0,0,28,306,1,16,1
02-08 19:08:21,22.227,8.491,66.180,1.249,0,6396268,4526856,469316,4821292,15162.985,31105.147,867.084,2605.248,66.929,395.582,4663,4072,1.080,1.770,1.880,8,0,2.997,0,0,28,306,1,16,1
02-08 19:08:22,23.867,8.039,67.832,0,0,6384620,4538492,469324,4821296,30027.157,15620.553,0,200.985,0,21.103,3169,3256,1.070,1.760,1.870,1,0,3.015,0,0,28,306,1,16,1
02-08 19:08:23,23.968,5.742,67.409,0,0,6401672,4521384,469356,4821320,44428.956,21858.459,0,263.644,0,23.968,3469,3522,1.070,1.760,1.870,2,0,0,0,0,28,306,1,18,1
02-08 19:08:24,58.609,11.771,27.711,0,0,6284272,4638756,469384,4821320,29665.651,15160.940,0,616.011,0,39.236,4620,3206,1.070,1.760,1.870,4,0,4.905,0,0,28,294,0,21,1
02-08 19:08:25,35.276,8.436,57.260,0,0,6052652,4870312,469424,4821344,45140.190,22613.551,0,216.769,0,28.630,3505,2947,1.070,1.760,1.870,3,0,2.045,0,0,28,284,0,23,1
02-08 19:08:26,69.629,18.534,11.271,0,0,6058660,4864288,469424,4821344,25631.533,12935.989,0,4.007,0,1.002,4995,3024,1.070,1.760,1.870,9,0,8.015,0,0,28,280,0,23,1
02-08 19:08:27,85.435,14.489,0.250,0,0,6147352,4775584,469444,4821332,19130.428,9380.854,0,287.781,0,15.988,5375,3143,1.390,1.810,1.890,4,0,0.999,0,0,28,282,0,24,1
02-08 19:08:28,75.877,16.917,5.971,0,0,6265092,4656656,469524,4822440,15022.131,7596.645,0,784.144,0,56.721,6113,7522,1.390,1.810,1.890,6,0,7.961,0,0,28,282,1,27,1
02-08 19:08:29,78.436,18.544,3.258,0,0,6282200,4639168,469544,4822800,16939.064,9246.871,0,429.015,0,17.040,6088,4993,1.390,1.810,1.890,6,0,10.024,0,0,28,278,1,30,1
02-08 19:08:30,70.591,16.422,10.295,0,0,6333164,4587140,469576,4823828,43401.980,22144.147,0,509.827,0,34.315,7751,9069,1.390,1.810,1.890,5,0,2.941,0,0,28,284,1,33,1
02-08 19:08:31,45.243,10.736,46.010,0,0,6385340,4534732,469576,4824076,30788.587,15264.956,0,9430.941,0,1114.454,5897,3699,1.390,1.810,1.890,1,0,3.067,0,0,28,282,1,36,1
02-08 19:08:32,29.745,8.112,58.999,0,0,6378432,4540620,469596,4825076,14785.147,7392.574,0,216.330,0,15.733,5128,7393,1.360,1.800,1.880,5,0,0,0,0,28,289,1,40,1
02-08 19:08:33,5.844,3.557,90.461,0.254,0,6376200,4542716,469708,4825100,30259.820,15108.057,0,1992.182,0,129.085,2755,3815,1.360,1.800,1.880,0,0,0,0,0,28,292,1,39,1
02-08 19:08:34,2.732,2.235,93.139,0.248,0,6371836,4547072,469716,4825100,925.929,0,0,302.020,0,17.883,1634,2388,1.360,1.800,1.880,1,0,1.987,0,0,28,292,1,38,1
02-08 19:08:35,4.021,2.262,93.730,0,0,6367772,4551096,469756,4825100,15293.378,7570.800,0,333.710,0,25.129,1871,2758,1.360,1.800,1.880,0,0,0,0,0,28,292,1,38,1
02-08 19:08:36,3.254,2.003,93.875,0,0,6364176,4554668,469776,4825104,15116.094,7305.712,0,220.293,0,12.016,1591,2344,1.360,1.800,1.880,0,0,0,0,0,28,292,1,38,1
02-08 19:08:37,2.999,2.999,92.726,0,0,6358236,4560592,469792,4825104,15954.911,7604.051,0,2911.254,0,23.994,1813,2419,1.250,1.770,1.870,0,0,2.999,0,0,28,292,1,38,1
02-08 19:08:38,3.247,1.998,92.920,0,0,6355768,4562992,469856,4825108,761.342,0,0,1554.656,0,84.927,1895,2793,1.250,1.770,1.870,0,0,0,0,0,28,292,1,39,1
02-08 19:08:39,3.256,2.504,93.161,0,0,6353640,4565080,469892,4825112,15301.467,7382.770,0,308.534,0,27.047,1798,2632,1.250,1.770,1.870,0,0,0,0,0,28,292,1,39,1
02-08 19:08:40,5.997,2.999,89.960,0,0,6353676,4565036,469892,4825120,2270.999,1352.404,0,7.996,0,1.999,2055,2672,1.250,1.770,1.870,1,0,1.999,0,0,28,292,1,39,1
02-08 19:08:41,2.497,1.748,94.125,0,0,6353580,4565128,469896,4825120,3889.824,65.912,0,71.904,0,2.996,1461,2190,1.250,1.770,1.870,0,0,0,0,0,28,292,1,39,1
02-08 19:08:42,2.498,1.999,94.681,0,0,6353580,4565128,469896,4825120,11355.703,7534.495,0,15.988,0,3.997,1508,2208,1.150,1.740,1.860,0,0,0,0,0,28,292,1,38,1
02-08 19:08:43,3.742,2.495,91.566,0,0,6353584,4565072,469940,4825128,537.921,0,0,582.830,0,50.898,2297,3560,1.150,1.740,1.860,1,0,1.996,0,0,28,292,1,38,1
02-08 19:08:44,3.763,2.007,93.330,0,0,6353504,4565128,469956,4825136,15613.176,7809.598,0,116.411,0,13.046,1872,2809,1.150,1.740,1.860,0,0,0,0,0,28,292,1,38,1
02-08 19:08:45,2.752,2.251,93.051,0,0,6353472,4565128,469984,4825140,539.297,0,0,208.115,0,24.013,1827,2750,1.150,1.740,1.860,0,0,0,0,0,28,292,1,38,1
02-08 19:08:46,2.997,1.499,93.907,0,0,6353456,4565128,470000,4825140,419.585,0,0,991.020,0,183.818,1829,2260,1.150,1.740,1.860,0,0,0,0,0,28,292,1,38,1
02-08 19:08:47,2.750,3.500,92.510,0,0,6353440,4565128,470028,4825140,15156.680,7680.851,0,3304.366,0,224.025,2132,2505,1.140,1.730,1.860,0,0,3.000,0,0,28,292,1,38,1
02-08 19:08:48,2.250,1.500,95.017,0,0,6353440,4565128,470032,4825136,822.151,0,0,56.010,0,7.001,1467,2270,1.140,1.730,1.860,2,0,0,0,0,28,292,1,38,1
02-08 19:08:49,1.997,2.246,94.348,0,0,6353432,4565128,470036,4825140,478.228,0,0,1158.129,0,6.989,1438,2207,1.140,1.730,1.860,0,0,0,0,0,28,292,1,38,1
02-08 19:08:50,2.507,2.507,93.754,0,0,6353424,4565128,470044,4825140,421.142,0,0,120.326,0,9.024,1597,2282,1.140,1.730,1.860,0,0,2.005,0,0,28,292,1,38,1
02-08 19:08:51,5.995,2.748,89.920,0,0,6353408,4565128,470044,4825156,17195.795,8641.359,0,0,0,0,1987,2642,1.140,1.730,1.860,0,0,1.998,0,0,28,292,1,38,1
02-08 19:08:52,1.751,2.001,95.050,0,0,6353400,4565128,470044,4825164,360.189,148.078,0,28.015,0,4.002,1498,2216,1.050,1.700,1.850,0,0,0,0,0,28,292,1,38,1
02-08 19:08:53,3.493,1.996,92.566,0,0,6353384,4565128,470060,4825164,418.167,0,0,502.998,0,38.922,2019,3134,1.050,1.700,1.850,0,0,1.996,0,0,28,292,1,38,1
02-08 19:08:54,2.493,1.995,94.504,0,0,6353380,4565128,470072,4825156,299.220,0,0,107.719,0,7.979,1498,2311,1.050,1.700,1.850,0,0,0,0,0,28,292,1,38,1
02-08 19:08:55,2.764,2.010,94.217,0,0,6353340,4565128,470100,4825168,804.986,0,0,176.876,0,19.095,1681,2541,1.050,1.700,1.850,0,0,0,0,0,28,292,1,38,1
02-08 19:08:56,2.500,2.000,94.494,0,0,6353340,4565128,470104,4825164,15197.049,7457.533,0,115.993,0,7.000,1570,2226,1.050,1.700,1.850,2,0,2.000,0,0,28,292,1,38,1
02-08 19:08:57,12.238,6.244,79.675,0,0,6356496,4561896,470136,4825208,358.663,147.861,0,423.602,0,25.976,3117,3915,0.960,1.670,1.840,2,0,4.995,0,0,28,294,1,38,1
02-08 19:08:58,17.004,6.752,74.017,0.250,0,6388132,4530144,470160,4825300,300.070,0,0,392.091,0,35.008,3517,4093,0.960,1.670,1.840,0,0,2.000,0,0,28,292,1,39,1
02-08 19:08:59,3.253,2.252,93.590,0,0,6386860,4531400,470176,4825300,779.754,0,0,140.135,0,12.012,1951,2866,0.960,1.670,1.840,1,0,3.003,0,0,28,292,1,37,1
02-08 19:09:00,3.999,2.499,92.475,0,0,6376804,4541440,470176,4825316,25980.914,452206.672,0,3.999,0,1.000,2079,2592,0.960,1.670,1.840,0,0,0,0,0,28,292,1,37,1
02-08 19:09:01,3.249,2.000,93.730,0,0,6373196,4545060,470184,4825296,31532.412,13103.262,0,83.982,0,8.998,1697,2396,0.960,1.670,1.840,0,0,1.000,0,0,28,292,1,37,1
02-08 19:09:02,14.439,24.396,58.750,0,0,6376816,4541400,470196,4825324,101820.928,203260.477,0,6966.370,0,883.243,6808,4106,1.200,1.710,1.850,1,0,184.216,0,0,28,292,1,38,1
02-08 19:09:03,13.556,19.079,65.272,0,0,6373776,4544408,470224,4825328,41628.362,22666.394,0,309.288,0,22.092,4501,3926,1.200,1.710,1.850,1,0,129.539,0,0,28,292,1,37,1
02-08 19:09:04,23.344,5.215,69.536,0,0,6398724,4519460,470228,4825324,21758.663,11290.585,0,43.708,0,3.973,2639,2591,1.200,1.710,1.850,4,0,0,0,0,28,292,1,37,1
02-08 19:09:05,34.974,13.839,50.826,0,0,6421004,4497132,470260,4825340,23046.880,11968.797,0,442.841,0,35.226,4642,13872,1.200,1.710,1.850,1,0,39.252,0,0,28,292,1,38,1
02-08 19:09:06,26.192,3.492,68.847,0,0,6430440,4487556,470260,4825488,15002.633,7603.090,0,3.991,0,0.998,3078,2954,1.200,1.710,1.850,1,0,0,0,0,28,297,1,38,1
02-08 19:09:07,25.027,4.755,69.575,0,0,6398684,4519312,470260,4825488,14931.174,7776.424,0,0,0,0,2929,2613,1.190,1.700,1.840,1,0,21.023,0,0,28,298,1,31,1
02-08 19:09:08,9.261,24.530,63.329,0,0,6396392,4521588,470272,4825492,300.373,0,0,300.373,0,19.024,5358,3953,1.190,1.700,1.840,1,0,234.291,0,0,28,298,1,32,1
02-08 19:09:09,17.955,13.965,66.833,0,0,6425776,4492164,470276,4825528,48377.926,22798.942,0,51.870,0,5.985,3381,3034,1.190,1.700,1.840,2,0,49.875,0,0,28,298,1,32,1
02-08 19:09:10,24.639,4.978,68.690,0,0,6465860,4452076,470276,4825532,40733.987,22016.542,0,47.784,0,4.978,2803,2599,1.190,1.700,1.840,1,0,0,0,0,28,299,1,32,1
02-08 19:09:11,24.764,5.503,68.538,0,0,6461996,4455800,470276,4825672,14923.362,7300.090,0,0,0,0,3125,2924,1.190,1.700,1.840,2,0,2.001,0,0,28,300,1,31,1
02-08 19:09:12,15.838,6.788,76.425,0,0,6371116,4546668,470288,4825672,125022.049,474379.063,0,530.956,0,65.364,3429,3097,1.170,1.680,1.840,2,0,25.140,0,0,28,300,1,31,1
02-08 19:09:13,12.969,25.438,58.109,0.499,0,6374420,4543180,470436,4825708,62203.926,56689.319,139.661,235.428,4.988,23.942,5796,4898,1.170,1.680,1.840,1,0,192.532,0,0,28,300,1,31,1
02-08 19:09:14,8.502,26.007,63.016,0,0,6373664,4543912,470452,4825716,49102.699,29611.658,0,104.027,0,12.003,5538,4408,1.170,1.680,1.840,1,0,198.051,0,0,28,300,1,31,1
02-08 19:09:15,9.091,22.475,66.161,0,0,6373220,4544320,470480,4825724,57834.892,36082.541,0,319.189,0,26.262,5260,4286,1.170,1.680,1.840,2,0,168.686,0,0,28,300,1,30,1
02-08 19:09:16,6.702,23.335,67.273,0,0,6370920,4546600,470492,4825732,60274.646,38681.742,0,170.789,0,8.937,5166,3972,1.170,1.680,1.840,1,0,174.761,0,0,28,300,1,30,1
02-08 19:09:17,7.743,22.978,66.686,0,0,6371864,4545644,470512,4825724,61419.820,38660.749,0,375.638,0,20.980,5069,3944,1.240,1.690,1.840,1,0,167.838,0,0,28,300,1,30,1
02-08 19:09:18,6.736,23.700,66.608,0,0,6370360,4547120,470512,4825752,48929.902,28816.693,0,0,0,0,5150,3929,1.240,1.690,1.840,4,0,190.595,0,0,28,300,1,30,1
02-08 19:09:19,8.012,23.035,67.101,0,0,6367640,4549840,470512,4825752,58138.347,37033.639,0,4.006,0,1.002,5234,3894,1.240,1.690,1.840,1,0,200.301,0,0,28,300,1,29,1
02-08 19:09:20,7.489,24.464,65.155,0,0,6373136,4544332,470512,4825764,60679.740,38300.291,0,0,0,0,5205,3920,1.240,1.690,1.840,1,0,189.724,0,0,28,300,1,29,1
02-08 19:09:21,9.025,24.819,63.676,0,0,6366576,4550868,470528,4825772,75453.875,621662.913,0,112.311,0,7.019,5682,4273,1.240,1.690,1.840,1,0,192.533,0,0,28,300,1,29,1
02-08 19:09:22,7.239,26.210,63.653,0,0,6366620,4550820,470528,4825776,45680.430,28258.962,0,439.331,0,93.857,5274,3943,1.300,1.690,1.840,2,0,199.696,0,0,28,300,1,29,1
02-08 19:09:23,9.260,24.275,64.317,0.250,0,6365888,4551484,470584,4825788,60890.503,37495.104,0,796.831,0,90.094,5391,4381,1.300,1.690,1.840,1,0,179.187,0,0,28,300,1,29,1
02-08 19:09:24,12.019,23.787,62.347,0,0,6363356,4553992,470596,4825800,62321.157,38340.772,0,96.150,0,10.016,5098,4013,1.300,1.690,1.840,1,0,170.265,0,0,28,300,1,29,1
02-08 19:09:25,21.665,8.467,67.982,0,0,6402136,4515184,470628,4825796,45025.383,24067.060,0,274.916,0,20.917,3067,3088,1.300,1.690,1.840,1,0,3.984,0,0,28,300,1,29,1
02-08 19:09:26,24.534,5.257,69.596,0,0,6439168,4478140,470628,4825808,29436.764,14840.551,0,16.022,0,1.001,2680,2497,1.300,1.690,1.840,1,0,0,0,0,28,300,1,29,1
02-08 19:09:27,24.534,6.759,67.092,0.250,0,6415380,4501832,470712,4825820,45487.125,25038.196,0,2086.850,0,93.127,3427,3239,1.280,1.680,1.840,1,0,8.011,0,0,28,300,1,22,1
02-08 19:09:28,24.988,10.995,62.469,0,0,6434736,4481416,470736,4826856,44066.405,22818.818,0,199.902,0,22.989,3284,3318,1.280,1.680,1.840,5,0,1.999,0,0,28,300,1,22,1
02-08 19:09:29,28.148,7.722,62.275,0,0,6474624,4441388,470748,4826984,29544.135,15155.182,0,135.510,0,13.950,3428,3422,1.280,1.680,1.840,2,0,1.993,0,0,28,300,1,23,1
02-08 19:09:30,31.306,14.776,53.345,0,0,6504728,4412388,470848,4825764,15002.623,7537.376,0,753.337,0,78.139,4705,4880,1.280,1.680,1.840,3,0,8.014,0,0,28,301,1,25,1
02-08 19:09:31,29.057,9.769,58.616,0,0,6460088,4456732,471004,4825904,15251.169,7635.103,0,949.879,0,130.258,4781,5243,1.280,1.680,1.840,2,0,23.046,0,0,28,301,1,14,1
02-08 19:09:32,23.268,10.759,65.302,0,0,6448784,4468036,471012,4825896,57597.585,568652.052,0,3106.459,0,554.439,4498,3141,1.250,1.670,1.830,2,0,0,0,0,28,301,1,15,1
02-08 19:09:33,24.490,5.498,68.472,0,0,6474772,4441888,471032,4826036,29758.937,14718.034,0,215.912,0,18.992,3081,3050,1.250,1.670,1.830,2,0,1.999,0,0,28,299,1,17,1
02-08 19:09:34,25.197,5.239,68.355,0,0,6471812,4444836,471032,4826048,29965.534,14824.602,0,95.797,0,9.979,2967,2753,1.250,1.670,1.830,2,0,0,0,0,28,299,1,17,1
02-08 19:09:35,22.043,11.773,65.128,0,0,6429792,4486828,471048,4826060,32100.300,17473.457,0,164.324,0,19.038,3600,3457,1.250,1.670,1.830,2,0,25.049,0,0,28,299,1,14,1
02-08 19:09:36,24.458,6.051,69.338,0,0,6464328,4452292,471048,4826060,44586.326,22446.464,0,4.034,0,1.009,2747,2439,1.250,1.670,1.830,1,0,2.017,0,0,28,300,1,14,1
02-08 19:09:37,24.815,4.219,68.987,0,0,6462444,4454156,471048,4826080,15308.070,7454.520,0,35.734,0,0.993,3046,2840,1.230,1.660,1.830,1,0,0.993,0,0,28,299,1,14,1
02-08 19:09:38,5.496,3.997,89.431,0,0,6425176,4491500,471060,4825992,59809.910,23845.624,0,99.923,0,6.995,2007,2390,1.230,1.660,1.830,0,0,4.996,0,0,28,299,1,15,1
02-08 19:09:39,10.166,12.149,69.921,5.703,0,6417496,4495324,471108,4829800,111383.338,38564.888,2923.806,0,63.475,0,3162,2776,1.230,1.660,1.830,1,0,11.902,0,0,28,299,1,15,1
02-08 19:09:40,11.747,13.997,67.235,5.749,0,6404184,4504520,471204,4833820,44725.962,22544.940,2795.373,2287.487,50.989,119.973,3445,3381,1.230,1.660,1.830,1,0,3.999,0,0,28,299,1,14,1
02-08 19:09:41,9.569,13.598,68.748,6.296,0,6399548,4504040,471240,4838884,60584.521,30144.189,3936.493,628.550,70.510,36.262,3249,3319,1.230,1.660,1.830,2,0,4.029,0,0,28,299,1,14,1
02-08 19:09:42,5.512,6.013,68.647,18.790,0,6381060,4509780,471240,4851584,54233.894,458614.028,12470.649,4.009,138.296,1.002,3278,3288,1.210,1.650,1.820,0,1,4.009,0,0,28,299,1,14,1
02-08 19:09:43,4.248,4.498,67.717,21.489,0,6369068,4508116,471280,4865152,46847.905,107201.152,11954.107,227.888,135.933,25.987,3224,3807,1.210,1.650,1.820,1,1,1.000,0,0,28,299,1,14,1
02-08 19:09:44,3.745,4.493,68.400,20.969,0,6364280,4493132,471308,4884816,29428.900,14732.424,18109.478,95.860,204.700,12.981,3085,3405,1.210,1.650,1.820,1,1,0,0,0,28,299,1,14,1
02-08 19:09:45,14.721,15.220,68.614,0.250,0,6365588,4489856,471372,4886720,15005.279,7443.257,363.280,738.537,3.992,52.895,3001,2966,1.210,1.650,1.820,1,0,1.996,0,0,28,299,1,14,1
02-08 19:09:46,17.068,16.817,65.764,0,0,6364720,4488092,471388,4889320,16371.653,8846.476,0,164.660,0,13.052,2916,2991,1.210,1.650,1.820,1,0,0,0,0,28,299,1,14,1
02-08 19:09:47,3.750,5.000,68.748,20.749,0,6364744,4481060,471396,4896288,44733.633,22859.302,6627.797,151.995,63.998,9.000,2530,2868,1.200,1.640,1.820,0,1,3.000,0,0,28,299,1,14,1
02-08 19:09:48,3.990,4.738,69.080,20.450,0,6364584,4471988,471396,4905488,44500.468,22494.633,9109.578,31.921,90.777,2.993,2628,2903,1.200,1.640,1.820,0,1,3.990,0,0,28,299,1,14,1
02-08 19:09:49,3.258,5.013,69.427,20.302,0,6364656,4458140,471396,4919200,51745.147,24538.667,13727.056,0,137.351,0,2920,3041,1.200,1.640,1.820,1,1,2.005,0,0,28,299,1,14,1
02-08 19:09:50,4.495,6.493,68.926,17.981,0,6360864,4447940,471420,4933104,53086.070,28227.728,13857.139,159.829,141.848,14.984,3167,3387,1.200,1.640,1.820,1,0,3.996,0,0,28,299,1,14,1
02-08 19:09:51,4.237,6.231,68.288,19.190,0,6361544,4432580,471448,4947692,44536.410,23030.334,14052.272,203.367,150.532,16.947,3260,3494,1.200,1.640,1.820,0,1,5.981,0,0,28,299,1,14,1
02-08 19:09:52,4.241,7.984,67.612,18.213,0,6362020,4422008,471456,4957732,44117.817,22517.970,9784.000,7.984,150.692,1.996,2858,2849,1.180,1.630,1.810,2,0,2.994,0,0,28,299,1,14,1
