"pcp-dstat 6.2.0 CSV Output"
"Author:","PCP team <pcp@groups.io> and Dag Wieers <dag@wieers.com>",,,,"URL:","https://pcp.io/ and http://dag.wieers.com/home-made/dstat/"
"Host:","ubuntu",,,,"User:","stack"
"Cmdline:","dstat -tcmndrylpg --tcp --output /opt/stack/logs/dstat-csv.log",,,,"Date:","31 Jul 2026 11:00:29 UTC"
"system","total usage",,,,,"memory usage",,,,"net/total",,"dsk/total",,"io/total",,"system",,"load avg",,,"procs",,,"paging",,"tcp sockets",,,,
"time","total usage:usr","total usage:sys","total usage:idl","total usage:wai","total usage:stl","used","free","buf","cach","net/total:recv","net/total:send","dsk/total:read","dsk/total:writ","read","writ","int","csw","1m","5m","15m","run","blk","new","in","out","lis","act","syn","tim","clo"
31-07 11:00:29,,1250924,11424052,154372,3322240,,,,,,,1.460,1.190,0.840,2,0,,,,12,4,0,9,2
31-07 11:00:30,18.173,24.894,54.269,0.498,0,1256564,11410916,154448,3329392,179054.932,34658.684,0,987.801,0,23.898,4535,2459,1.460,1.190,0.840,3,0,134.429,0,0,12,4,0,9,2
31-07 11:00:32,22.221,24.968,50.185,0,0,1252884,11400932,154648,3342216,333103.659,43409.180,0,1250.392,0,35.954,4854,2490,1.590,1.220,0.850,4,0,120.845,0,0,12,4,0,9,2
31-07 11:00:33,26.915,24.940,43.459,0,0,1262376,11385304,154860,3347476,61453.279,33780.636,0,1295.874,0,33.582,4679,2462,1.590,1.220,0.850,4,0,131.365,0,0,12,4,0,9,2
31-07 11:00:34,27.301,29.576,40.699,0.253,0,1272332,11365772,155360,3354968,77048.499,592256.937,0,10459.319,0,51.569,4869,2533,1.590,1.220,0.850,2,0,129.427,0,0,12,4,0,9,2
31-07 11:00:35,26.550,26.049,45.335,0,0,1280408,11342720,155652,3368040,46813.539,25364.430,0,1410.638,0,35.066,4503,2334,1.590,1.220,0.850,2,0,109.204,0,0,12,4,0,9,2
31-07 11:00:36,29.506,24.255,44.259,0,0,1286132,11332936,155724,3371604,61522.133,32021.836,0,76.016,0,9.002,4458,2241,1.590,1.220,0.850,2,0,116.025,0,0,12,4,0,9,2
31-07 11:00:36,32.763,28.261,37.015,0,0,1307980,11292416,156160,3388728,46384.768,24596.952,0,1640.664,0,55.022,5012,4543,1.940,1.300,0.880,2,0,108.044,0,0,12,4,0,9,2
31-07 11:00:37,33.797,21.029,42.058,0.250,0,1299716,11290296,156796,3396456,45836.315,24184.407,0,1690.335,0,79.109,4494,2589,1.940,1.300,0.880,4,0,71.098,0,0,12,4,0,9,2
31-07 11:00:39,27.923,24.931,45.125,0.249,0,1291644,11289476,157200,3403556,46292.175,24505.334,0,1324.343,0,38.893,4516,2313,1.940,1.300,0.880,2,0,104.711,0,0,12,4,0,9,2
31-07 11:00:39,37.815,24.542,34.559,0,0,1283104,11278224,157664,3421452,62030.865,31546.839,0,917.566,0,30.051,4951,4662,1.940,1.300,0.880,3,0,65.111,0,0,12,4,0,9,2
31-07 11:00:41,38.498,21.857,37.008,0.248,0,1286812,11265076,158140,3432068,31430.632,16536.948,0,1605.510,0,50.669,5527,4886,1.940,1.300,0.880,2,0,70.539,0,0,13,4,0,9,2
31-07 11:00:41,27.699,22.411,47.592,0,0,1432392,11132752,158404,3540008,62221.679,33195.303,0,3497.105,0,544.912,4676,2660,2.030,1.330,0.890,3,0,64.463,0,0,13,4,0,9,0
31-07 11:00:42,37.180,14.068,44.968,2.010,0,1394684,11169576,158404,3540892,78910.007,601139.145,932.514,36.175,12.058,5.024,3864,2214,2.030,1.330,0.890,2,0,26.126,0,0,13,4,0,9,0
31-07 11:00:43,35.367,17.186,46.326,0,0,1387872,11176364,158404,3540908,46935.128,25326.100,0,9898.907,0,30.884,3636,1925,2.030,1.330,0.890,3,0,54.795,0,0,13,4,0,9,0
31-07 11:00:44,24.491,17.994,55.231,0,0,1397900,11166320,158424,3540920,68371.884,36659.070,0,839.704,0,8.997,3956,2211,2.030,1.330,0.890,3,0,79.972,0,0,13,5,0,9,0
31-07 11:00:46,35.589,23.394,37.331,0,0,1421396,11136712,158504,3548440,61960.984,33344.309,0,1353.881,0,29.865,4683,5157,2.030,1.330,0.890,4,0,129.415,0,0,13,4,0,10,0
31-07 11:00:46,41.167,14.810,36.900,5.271,0,1441096,11115052,158588,3547908,46139.635,23940.358,650.646,883.593,33.135,18.073,3789,11655,2.500,1.440,0.930,2,0,7.029,0,0,13,4,0,11,0
31-07 11:00:47,36.258,15.003,39.259,5.751,0,1488944,11062004,158752,3552328,46255.438,24332.491,3596.812,16.004,196.044,3.001,7605,11931,2.500,1.440,0.930,2,1,12.003,0,0,13,4,0,11,0
31-07 11:00:48,40.997,17.249,39.997,0.250,0,1497568,11052300,158832,3552992,46435.052,23129.532,83.995,29486.128,3.000,469.970,3858,1740,2.500,1.440,0.930,5,0,9.999,0,0,13,4,0,11,0
31-07 11:00:49,41.468,13.571,41.468,0.251,0,1513232,11035392,158936,3553860,16682.891,8594.278,112.593,0,5.026,0,6155,9097,2.500,1.440,0.930,4,0,12.064,0,0,13,4,0,11,0
31-07 11:00:50,36.293,14.667,45.988,0.746,0,1515080,11032336,159456,3554440,31520.650,16749.695,15.909,3305.194,0.994,185.942,3936,3065,2.500,1.440,0.930,4,0,7.955,0,0,13,6,0,11,0
31-07 11:00:51,33.457,20.224,37.702,2.497,0,1489116,11056912,164232,3551580,45666.319,23125.284,0,30153.253,0,1950.494,11557,16086,2.460,1.450,0.930,4,1,29.961,0,0,13,6,0,11,0
31-07 11:00:53,35.677,17.714,36.925,3.742,0,1485756,11051928,168996,3554984,30811.340,15695.082,0,27292.497,0,2122.683,11977,16415,2.460,1.450,0.930,3,0,35.927,0,0,13,6,0,11,0
31-07 11:00:53,42.223,14.664,34.891,4.804,0,1492352,11039888,173016,3556248,44082.811,584589.507,0,30784.848,0,1970.068,11033,14822,2.460,1.450,0.930,2,0,45.510,0,0,13,6,0,11,0
31-07 11:00:54,29.010,17.605,47.855,0.248,0,1399948,11131876,173392,3556276,45764.001,23824.218,0,4598.022,0,201.337,4291,2933,2.460,1.450,0.930,1,0,103.148,0,0,13,4,0,11,0
31-07 11:00:55,17.774,9.012,71.347,0.250,0,1416100,11115676,173436,3556276,61287.305,32192.758,0,632.860,0,24.033,2448,1676,2.460,1.450,0.930,1,0,23.031,0,0,13,4,0,11,0
31-07 11:00:56,21.970,6.990,70.154,0,0,1439000,11092224,173972,3556276,45889.165,23794.419,0,6830.647,0,341.532,2843,2591,2.350,1.440,0.930,1,0,0,0,0,13,4,0,11,0
31-07 11:00:57,21.750,6.000,70.499,0,0,1452508,11078684,173996,3556248,30628.494,15564.743,0,547.991,0,83.999,2260,1475,2.350,1.440,0.930,3,0,4.000,0,0,13,4,0,11,0
31-07 11:00:58,24.525,2.753,72.324,0,0,1451952,11079224,174000,3556260,31314.099,17362.798,0,4.004,0,1.001,1847,1173,2.350,1.440,0.930,2,0,1.001,0,0,13,4,0,10,0
31-07 11:00:59,20.241,6.247,71.717,0,0,1414648,11116528,174000,3556260,61756.875,31868.487,0,15.993,0,2.999,2106,1436,2.350,1.440,0.930,3,0,9.995,0,0,13,4,0,10,0
31-07 11:01:01,22.166,4.483,71.229,0,0,1414732,11116440,174000,3556264,45658.356,23736.727,0,0,0,0,1919,1316,2.350,1.440,0.930,3,0,1.992,0,0,13,4,0,10,0
31-07 11:01:01,21.320,5.016,72.990,0,0,1431616,11099556,174000,3556264,30790.129,15712.608,0,0,0,0,1800,1329,2.240,1.430,0.930,2,0,0,0,0,13,4,0,10,0
31-07 11:01:02,24.020,2.502,72.309,0,0,1436808,11094356,174012,3556260,31301.751,17279.215,0,420.346,0,76.063,1888,1163,2.240,1.430,0.930,3,0,0,0,0,13,4,0,9,0
31-07 11:01:03,15.250,13.000,71.250,0,0,1389936,11141192,174036,3556272,45772.700,25146.835,0,119.999,0,9.000,3081,2107,2.240,1.430,0.930,2,0,64.000,0,0,13,4,0,9,0
31-07 11:01:04,8.248,25.492,63.231,0.250,0,1372640,11158400,174084,3556316,74083.688,608191.828,0,17750.654,0,94.971,4878,3057,2.240,1.430,0.930,2,0,131.960,0,0,13,4,0,9,0
31-07 11:01:05,5.998,23.492,67.728,0,0,1364172,11166864,174084,3556320,46627.005,24799.025,0,19.994,0,4.998,4055,2527,2.240,1.430,0.930,1,0,120.961,0,0,13,4,0,9,0
31-07 11:01:06,6.754,24.015,67.043,0,0,1358884,11172012,174084,3556460,61779.678,33712.652,0,12.008,0,3.002,4113,2576,2.220,1.440,0.940,1,0,121.078,0,0,13,4,0,6,0
31-07 11:01:07,7.251,24.004,66.011,0,0,1355416,11175404,174084,3556536,61097.322,32292.456,0,940.159,0,191.032,4305,2574,2.220,1.440,0.940,1,0,119.020,0,0,13,4,0,6,0
31-07 11:01:08,6.988,23.460,66.887,0,0,1358564,11172244,174084,3556548,61743.581,32763.591,0,31.946,0,3.993,4138,2564,2.220,1.440,0.940,1,0,124.789,0,0,13,4,0,6,0
31-07 11:01:09,16.788,28.564,52.368,0.251,0,1328100,11202680,174092,3556628,45691.823,23594.095,0,53107.511,0,164.370,4997,5106,2.220,1.440,0.940,2,0,67.151,0,0,13,4,0,6,0
31-07 11:01:10,18.121,22.148,58.390,0,0,1331992,11198776,174092,3557020,46126.186,23761.761,0,44.296,0,2.013,4804,4964,2.220,1.440,0.940,1,0,63.424,0,0,13,4,0,6,0
31-07 11:01:11,28.107,22.137,43.777,2.487,0,1368228,11160724,174096,3558852,45811.332,23870.246,1878.419,19.899,23.878,2.985,4588,2709,2.120,1.440,0.940,4,0,66.660,0,0,13,4,0,6,0
31-07 11:01:12,44.948,19.727,30.715,2.747,0,1440028,11087748,174096,3560028,63568.108,408557.516,1098.740,0,13.984,0,4448,2429,2.120,1.440,0.940,3,0,66.923,0,0,13,5,0,6,0
31-07 11:01:13,42.675,7.487,47.416,0.250,0,1475740,11051956,174116,3560088,38793.428,181441.280,19.965,19.965,3.993,1.996,2922,1322,2.120,1.440,0.940,2,0,0,0,0,13,5,0,6,0
31-07 11:01:15,46.297,4.480,47.292,1.245,0,1494248,11032384,174140,3561112,29581.137,14878.682,489.850,3225.838,3.983,11.948,2758,1167,2.120,1.440,0.940,4,0,0,0,0,13,5,0,6,0
31-07 11:01:15,35.365,18.188,45.217,0,0,1503484,11023132,174140,3561120,15071.750,7669.253,0,21106.108,0,63.658,2932,1578,2.120,1.440,0.940,2,0,2.021,0,0,13,5,0,6,0
31-07 11:01:17,44.247,6.321,44.733,0,0,1519096,11006500,174168,3562108,29937.156,14866.956,0,268.399,0,15.559,2938,1819,2.110,1.450,0.950,5,0,0,0,0,13,5,0,6,0
31-07 11:01:17,42.815,14.702,43.847,0,0,1539344,10983820,174236,3564376,451.880,582.905,0,202.211,0,18.570,4498,4089,2.110,1.450,0.950,1,0,58.806,0,0,13,6,0,6,0
31-07 11:01:18,25.441,19.455,50.633,1.247,0,1556832,10965536,174368,3564984,60933.240,33185.340,722.331,3.991,14.965,0.998,4015,2408,2.110,1.450,0.950,2,0,84.804,0,0,14,8,0,3,0
31-07 11:01:19,25.507,6.252,68.019,0,0,1588792,10933532,174380,3564988,45673.760,24410.820,0,1504.420,0,6.002,2182,1456,2.110,1.450,0.950,1,0,1.000,0,0,14,8,0,3,0
31-07 11:01:20,21.791,6.011,69.881,0,0,1620036,10902284,174380,3564992,46341.106,22978.191,0,5430.207,0,214.403,2231,1497,2.110,1.450,0.950,1,0,0,0,0,14,8,0,3,0
31-07 11:01:21,23.960,2.745,71.879,0,0,1633896,10888424,174380,3564992,15742.604,8347.004,0,0,0,0,1855,1300,2.020,1.440,0.950,1,0,1.997,0,0,14,8,0,3,0
31-07 11:01:22,24.347,3.975,70.061,0,0,1641760,10880360,174380,3565192,30313.964,15398.468,0,7.950,0,1.988,1920,1239,2.020,1.440,0.950,2,0,0,0,0,14,8,0,3,0
31-07 11:01:23,22.236,4.497,69.456,2.249,0,1659908,10861992,174464,3565436,16364.600,18431.287,207.868,6667.763,14.990,903.426,3734,2210,2.020,1.440,0.950,2,0,1.999,0,0,14,14,0,3,0
31-07 11:01:24,36.301,7.311,52.434,0.756,0,1666712,10854180,175456,3565432,61705.305,35096.821,0,7986.175,0,515.270,6116,7134,2.020,1.440,0.950,3,0,2.017,0,0,14,20,0,3,0
31-07 11:01:25,17.881,11.176,70.036,0,0,1571888,10948932,175488,3565472,44393.592,24665.424,0,671.546,0,19.868,2703,2025,2.020,1.440,0.950,2,0,41.723,0,0,14,14,0,5,0
31-07 11:01:26,21.582,5.521,71.521,0.502,0,1596676,10924000,175528,3565552,51734.976,453108.406,96.365,349.323,13.049,14.053,2113,1697,1.940,1.430,0.950,2,0,1.004,0,0,14,14,0,5,0
31-07 11:01:27,21.292,3.757,71.891,2.004,0,1611688,10908412,175704,3565904,16676.742,133195.505,364.716,2709.319,13.026,103.203,2069,1627,1.940,1.430,0.950,1,0,2.004,0,0,14,14,0,5,0
31-07 11:01:28,22.411,4.233,70.470,0,0,1633080,10886740,175728,3566124,29533.450,15245.320,0,521.923,0,10.956,2378,2110,1.940,1.430,0.950,1,0,0.996,0,0,14,15,0,5,0
31-07 11:01:30,13.174,3.231,72.830,9.197,0,1632736,10886516,175768,3566436,15112.779,7562.355,346.003,31.816,85.507,1.989,1579,1196,1.940,1.430,0.950,0,1,0,0,0,14,14,0,5,0
31-07 11:01:30,20.567,5.267,70.980,1.756,0,1633860,10885256,175772,3566524,15083.852,7319.706,96.312,8.026,24.078,1.003,2750,2698,1.940,1.430,0.950,2,0,2.006,0,0,14,21,0,5,0
31-07 11:01:31,22.714,3.494,71.635,0,0,1633792,10885256,175772,3566588,179.711,0,0,0,0,0,2576,2420,1.860,1.420,0.950,1,0,0,0,0,14,20,0,5,0
31-07 11:01:32,14.287,13.034,71.185,0,0,1588892,10930144,175772,3566600,15402.055,7315.024,0,0,0,0,2463,1697,1.860,1.420,0.950,1,0,43.112,0,0,14,20,0,5,0
31-07 11:01:33,21.454,4.989,71.346,0,0,1612832,10906204,175784,3566588,15350.759,7904.882,0,1377.018,0,3.991,1846,1368,1.860,1.420,0.950,1,0,1.996,0,0,14,20,0,5,0
31-07 11:01:34,21.757,5.502,71.522,0,0,1638400,10880540,175840,3566604,44340.572,22498.887,0,472.145,0,34.010,2684,2537,1.860,1.420,0.950,2,0,0,0,0,14,21,0,6,0
31-07 11:01:36,21.901,5.226,70.679,0,0,1638624,10880288,175864,3566608,29670.411,15398.152,0,163.259,0,11.946,2463,2180,1.860,1.420,0.950,1,0,0,0,0,14,21,0,6,0
31-07 11:01:36,22.989,4.042,72.504,0,0,1639372,10879532,175864,3566616,15192.894,7536.322,0,0,0,0,2658,2441,1.790,1.420,0.950,2,0,2.021,0,0,14,20,0,6,0
31-07 11:01:37,17.199,21.935,59.074,0,0,1596472,10922420,175868,3566624,30030.609,16486.924,0,11.964,0,2.991,4038,2450,1.790,1.420,0.950,2,0,155.537,0,0,14,20,0,6,0
31-07 11:01:38,39.544,11.513,47.803,0,0,1652144,10866728,175868,3566624,44559.668,22987.623,0,0,0,0,2742,1582,1.790,1.420,0.950,2,0,1.001,0,0,14,20,0,6,0
31-07 11:01:39,43.320,6.761,48.328,0,0,1703548,10815320,175868,3566628,29847.272,14992.247,0,0,0,0,2660,1330,1.790,1.420,0.950,2,0,0,0,0,14,20,0,6,0
31-07 11:01:41,43.076,7.674,46.789,0,0,1728732,10790120,175876,3566636,15175.557,7385.273,0,91.103,0,4.951,3793,2803,1.790,1.420,0.950,3,0,1.980,0,0,14,20,0,6,0
31-07 11:01:42,43.731,7.454,46.465,0,0,1729348,10789364,175876,3566776,14884.580,7317.059,0,27.829,0,1.988,3625,2642,1.810,1.430,0.950,4,0,0,0,0,14,22,0,6,0
31-07 11:01:42,45.276,8.347,43.506,0,0,1733276,10785344,175908,3566836,15272.526,7381.805,0,210.446,0,15.176,6709,7514,1.810,1.430,0.950,2,0,0,0,0,14,21,0,7,0
31-07 11:01:44,32.777,27.810,36.501,0,0,1599896,10918664,175956,3566864,14874.617,7407.512,0,202.619,0,20.858,5281,4023,1.810,1.430,0.950,3,0,186.727,0,0,14,20,0,7,0
31-07 11:01:44,50.303,44.236,4.803,0,0,1672532,10845984,175972,3566876,36025.012,19583.273,0,206.267,0,13.144,4988,2975,1.810,1.430,0.950,5,0,231.545,0,0,14,20,0,7,0
31-07 11:01:45,71.259,27.503,0.250,0,0,1827308,10691144,175988,3566892,68174.380,417609.333,0,180.022,0,13.002,5346,3412,1.810,1.430,0.950,7,0,163.020,0,0,14,20,0,7,0
31-07 11:01:47,77.290,19.508,0.494,0,0,1954944,10563444,176020,3567088,34111.401,186792.391,0,466.211,0,19.755,6263,13561,2.150,1.500,0.980,6,0,37.534,0,0,14,21,0,8,0
31-07 11:01:47,83.024,16.151,1.262,0,0,2006584,10511776,176020,3566924,29809.886,15129.032,0,1082.087,0,3.028,6737,7321,2.150,1.500,0.980,5,0,0,0,0,14,23,0,5,0
31-07 11:01:48,84.146,13.234,1.248,0,0,2048340,10469704,176036,3567124,15462.933,7514.734,0,135.833,0,5.993,6800,8248,2.150,1.500,0.980,8,0,6.991,0,0,14,22,0,5,0
31-07 11:01:49,79.337,19.142,1.259,0,0,1913004,10604948,176124,3567124,32089.581,16300.685,0,419.103,0,38.283,6185,5744,2.150,1.500,0.980,5,0,104.776,0,0,14,20,0,5,0
31-07 11:01:51,52.881,15.815,28.664,0,0,1887256,10630576,176200,3567168,45261.160,23087.729,0,442.816,0,33.607,6195,5802,2.150,1.500,0.980,2,0,96.866,0,0,14,20,0,5,0
31-07 11:01:51,24.962,18.910,54.462,0,0,1698784,10819020,176216,3567176,60761.617,31214.887,0,157.335,0,10.086,3727,2173,2.130,1.510,0.990,1,0,110.941,0,0,14,20,0,5,0
31-07 11:01:53,19.332,7.683,71.626,0,0,1690532,10827256,176232,3567176,29276.054,14757.487,0,459.994,0,10.905,1929,1412,2.130,1.510,0.990,1,0,1.983,0,0,14,20,0,5,0
31-07 11:01:54,22.554,4.511,72.174,0.251,0,1708260,10809468,176288,3567180,29482.980,14759.533,0,633.525,0,31.075,2219,1760,2.130,1.510,0.990,1,0,0,0,0,14,21,0,5,0
31-07 11:01:54,22.905,5.034,71.485,0,0,1701760,10815968,176288,3567180,15016.922,7561.320,0,3040.637,0,502.410,3349,2413,2.130,1.510,0.990,1,0,0,0,0,14,21,0,5,0
31-07 11:01:55,21.632,5.719,70.117,0,0,1647260,10870412,176320,3567204,31394.613,15455.626,0,2645.558,0,343.127,3582,3070,2.130,1.510,0.990,1,0,24.864,0,0,14,20,0,5,0
31-07 11:01:56,15.022,12.268,71.603,0,0,1653268,10864436,176336,3567204,44859.712,23161.411,0,144.208,0,7.010,2559,1779,2.040,1.500,0.990,1,0,45.065,0,0,14,20,0,5,0
31-07 11:01:57,21.082,4.769,73.286,0,0,1681376,10836312,176352,3567204,30147.710,14649.197,0,104.408,0,6.024,1829,1307,2.040,1.500,0.990,1,0,0,0,0,14,20,0,5,0
31-07 11:01:59,22.087,5.212,70.977,0,0,1692932,10824736,176368,3567208,29314.893,14485.216,0,79.415,0,6.949,2491,2074,2.040,1.500,0.990,2,0,2.978,0,0,14,20,0,5,0
31-07 11:01:59,23.180,3.527,72.312,0,0,1688000,10829664,176368,3567212,15032.836,7665.577,0,4.031,0,1.008,2536,2309,2.040,1.500,0.990,1,0,0,0,0,14,21,0,5,0
31-07 11:02:00,20.392,7.212,70.376,0,0,1611748,10905808,176448,3567240,14776.534,7418.606,0,238.732,0,31.831,3176,2964,2.040,1.500,0.990,1,0,35.810,0,0,14,20,0,5,0
31-07 11:02:01,7.038,25.888,65.852,0,0,1600324,10917212,176464,3567240,41157.893,456975.465,0,422.256,0,8.043,5174,3148,1.960,1.490,0.990,2,0,230.230,0,0,14,20,0,5,0
31-07 11:02:03,5.186,26.673,64.954,0,0,1593012,10924528,176480,3567236,61981.565,159090.727,0,201.531,0,8.891,4678,2671,1.960,1.490,0.990,1,0,178.809,0,0,14,20,0,5,0
31-07 11:02:04,11.529,33.084,52.383,0,0,1601008,10916444,176552,3567248,61807.309,32348.331,0,898.286,0,47.120,5081,3071,1.960,1.490,0.990,3,0,241.615,0,0,14,20,0,5,0
31-07 11:02:05,41.541,48.048,8.508,0,0,1649336,10868096,176556,3567268,46200.045,23829.750,0,28.028,0,7.007,5190,3366,1.960,1.490,0.990,5,0,247.246,0,0,14,20,0,5,0
31-07 11:02:05,72.542,27.803,0,0,0,1772428,10744960,176556,3567312,60364.853,32171.132,0,16.177,0,3.033,5083,2872,1.960,1.490,0.990,5,0,118.291,0,0,14,20,0,5,0
31-07 11:02:06,86.008,13.001,0,0,0,1860864,10656520,176556,3567316,29593.589,14923.306,0,4.000,0,1.000,5125,2695,2.280,1.570,1.020,5,0,0,0,0,14,21,0,5,0
31-07 11:02:07,81.552,13.385,3.222,0,0,1942224,10575136,176556,3567340,30625.817,14771.543,0,0,0,0,6025,5907,2.280,1.570,1.020,6,0,1.983,0,0,14,21,0,5,0
31-07 11:02:08,83.028,12.291,3.512,0,0,1966600,10550692,176588,3567376,15248.049,7320.508,0,180.605,0,12.040,6546,8733,2.280,1.570,1.020,7,0,1.003,0,0,14,22,0,6,0
31-07 11:02:09,73.202,16.682,7.470,0,0,1963412,10553696,176680,3567464,14915.187,7786.254,3.984,2414.157,0.996,415.307,7455,9756,2.280,1.570,1.020,8,0,29.878,0,0,14,22,0,6,0
31-07 11:02:10,68.674,28.677,1.258,0,0,1776880,10739964,176736,3567664,16583.301,8892.860,0,402.483,0,29.180,6441,7581,2.280,1.570,1.020,7,0,253.564,0,0,14,21,0,6,0
31-07 11:02:11,76.926,22.552,0.501,0,0,1871796,10644984,176784,3567676,59472.191,30708.322,0,308.707,0,23.053,5749,4426,2.660,1.660,1.050,6,0,29.067,0,0,14,20,0,6,0
31-07 11:02:12,81.916,17.482,0.250,0,0,1956192,10560564,176800,3567676,29902.439,14840.832,0,167.828,0,6.993,5261,4225,2.660,1.660,1.050,7,0,0.999,0,0,14,21,0,6,0
31-07 11:02:14,84.090,14.097,0.989,0,0,2041148,10475412,176816,3567840,14637.624,7639.344,0,150.373,0,6.925,6618,6695,2.660,1.660,1.050,5,0,1.979,0,0,14,23,0,7,0
31-07 11:02:14,80.037,18.431,2.777,0,0,2002080,10514436,176832,3567864,57037.945,570139.089,0,161.589,0,9.089,6326,6388,2.660,1.660,1.050,7,0,53.526,0,0,14,24,0,7,0
31-07 11:02:16,48.680,7.166,40.031,0,0,1995240,10521176,176888,3567904,46232.729,26501.730,0,256.991,0,21.745,7279,8413,2.660,1.660,1.050,2,0,0.988,0,0,14,25,0,8,0
31-07 11:02:17,55.528,19.849,22.613,0,0,1963656,10552568,176912,3568068,45490.573,24084.486,0,221.106,0,15.075,7027,7172,2.770,1.700,1.060,3,0,65.327,0,0,14,24,0,8,0
31-07 11:02:18,68.484,13.549,15.273,0,0,1997008,10519156,176952,3568088,44203.358,22756.467,0,256.200,0,17.737,7205,7589,2.770,1.700,1.060,8,0,4.927,0,0,14,22,0,10,0
31-07 11:02:18,75.250,25.339,1.536,0,0,1696768,10819328,176992,3568116,31309.006,15887.419,0,233.428,0,18.429,5239,4504,2.770,1.700,1.060,6,0,156.642,0,0,14,22,0,10,0
31-07 11:02:20,44.158,11.841,41.937,0,0,1752576,10763500,177008,3568120,44902.670,22699.506,0,185.512,0,7.894,3783,2392,2.770,1.700,1.060,6,0,29.603,0,0,14,23,0,12,0
31-07 11:02:21,43.807,9.763,44.558,0,0,1752792,10763148,177112,3568148,29869.582,14610.873,0,364.471,0,42.054,5015,4624,2.770,1.700,1.060,2,0,16.021,0,0,14,24,0,10,0
31-07 11:02:22,32.711,35.684,28.746,0.248,0,1763856,10751804,177360,3568172,60044.809,31994.954,0,2715.973,0,148.685,6179,5137,2.790,1.720,1.070,7,0,198.246,0,0,14,25,0,10,0
31-07 11:02:22,66.994,30.568,3.566,0,0,1818748,10696896,177360,3568188,57050.460,28643.934,0,16.303,0,3.057,5802,5058,2.790,1.720,1.070,5,0,117.176,0,0,14,24,0,10,0
31-07 11:02:23,70.480,15.246,13.496,0,0,1814968,10700676,177360,3568192,57433.392,348105.339,0,3.999,0,1.000,4966,2814,2.790,1.720,1.070,4,0,49.986,0,0,14,24,0,10,0
31-07 11:02:25,63.199,12.392,22.553,0,0,1831652,10683844,177360,3568340,34162.272,222647.603,0,384.648,0,1.983,5848,4717,2.790,1.720,1.070,3,0,0,0,0,14,25,0,10,0
31-07 11:02:26,48.289,8.757,40.532,0,0,1831848,10683620,177360,3568368,29735.713,14669.698,0,3630.895,0,584.466,7576,7315,2.790,1.720,1.070,2,0,2.002,0,0,14,27,0,10,0
31-07 11:02:27,58.596,13.656,24.829,0,0,1783964,10731360,177460,3568404,18126.053,7692.971,0,707.126,0,79.452,6590,6089,2.720,1.720,1.080,3,0,43.699,0,0,14,25,0,11,0
31-07 11:02:27,53.231,42.331,5.830,0,0,1716112,10799128,177516,3568432,59614.192,33153.018,0,373.121,0,28.390,5684,4316,2.720,1.720,1.080,6,0,186.561,0,0,14,24,0,11,0
31-07 11:02:28,77.896,22.364,0,0,0,1801492,10713732,177532,3568432,44896.976,22693.231,0,197.000,0,9.046,4912,2029,2.720,1.720,1.080,4,0,33.168,0,0,14,24,0,9,0
31-07 11:02:30,82.372,13.605,2.474,0,0,1896912,10618276,177548,3568448,31472.375,16899.779,0,174.143,0,8.905,5250,4020,2.720,1.720,1.080,4,0,0,0,0,14,26,0,9,0
31-07 11:02:30,60.626,10.021,27.557,0,0,1896644,10618276,177644,3568616,15408.985,7311.176,0,893.855,0,51.106,7291,9270,2.720,1.720,1.080,3,0,0,0,0,14,28,0,10,0
31-07 11:02:32,56.448,11.535,29.206,0,0,1865040,10649780,177708,3568648,14525.414,7162.572,0,219.904,0,23.561,7730,8645,2.670,1.730,1.080,8,0,18.653,0,0,14,25,0,11,0
31-07 11:02:32,58.398,37.139,4.354,0,0,1760812,10753960,177724,3568676,62152.216,33893.571,0,196.710,0,12.294,6080,5861,2.670,1.730,1.080,4,0,263.305,0,0,14,24,0,11,0
31-07 11:02:33,65.759,17.187,16.689,0,0,1782416,10732336,177740,3568680,45256.469,22890.276,0,147.461,0,6.974,4116,1828,2.670,1.730,1.080,3,0,49.818,0,0,14,24,0,11,0
31-07 11:02:35,61.331,11.468,26.178,0,0,1828960,10685756,177756,3568696,44205.318,22137.064,0,151.583,0,9.973,4984,3723,2.670,1.730,1.080,3,0,1.995,0,0,14,24,0,11,0
31-07 11:02:35,64.189,10.280,24.071,0,0,1781056,10733528,177844,3568740,14899.920,7546.244,0,573.691,0,40.118,6189,7509,2.670,1.730,1.080,3,0,13.038,0,0,14,26,0,11,0
31-07 11:02:37,44.331,35.116,18.430,0,0,1773232,10741152,177860,3568904,67780.010,420642.709,0,199.239,0,10.958,7188,7165,2.850,1.780,1.110,5,0,197.246,0,0,14,26,0,10,0
31-07 11:02:37,70.485,24.000,6.063,0,0,1681284,10833048,177900,3568912,50949.336,207194.775,0,254.656,0,18.190,5658,4332,2.850,1.780,1.110,5,0,91.959,0,0,14,24,0,10,0
31-07 11:02:38,61.530,13.149,24.314,0,0,1773704,10740604,177916,3568916,43812.060,22049.434,0,178.634,0,7.939,3891,2196,2.850,1.780,1.110,3,0,0.992,0,0,14,24,0,10,0
31-07 11:02:39,63.961,11.287,23.578,0,0,1814244,10700032,177932,3568932,29509.298,14788.761,0,116.384,0,7.023,5245,4184,2.850,1.780,1.110,3,0,0,0,0,14,26,0,10,0
31-07 11:02:40,64.373,8.767,25.298,0,0,1814260,10699780,177996,3569100,15184.095,7310.007,0,260.499,0,26.050,7442,7840,2.850,1.780,1.110,3,0,2.004,0,0,14,25,0,10,0
31-07 11:02:41,49.654,31.689,17.716,0,0,1706964,10807040,178012,3569120,15176.742,7347.835,0,187.638,0,11.977,5958,5182,2.940,1.820,1.120,5,0,164.683,0,0,14,25,0,10,0
31-07 11:02:42,69.023,25.099,5.271,0,0,1776892,10737076,178028,3569136,49221.458,26428.410,0,240.952,0,13.052,5106,3472,2.940,1.820,1.120,3,0,122.484,0,0,14,24,0,10,0
31-07 11:02:44,64.630,10.400,23.524,0,0,1880160,10633780,178044,3569148,55937.600,28047.050,0,178.290,0,6.934,4606,3090,2.940,1.820,1.120,5,0,1.981,0,0,14,26,0,10,0
31-07 11:02:45,59.939,11.239,27.722,0,0,1880080,10633780,178108,3569164,33577.015,15192.623,0,1050.936,0,36.963,5341,5403,2.940,1.820,1.120,2,0,0,0,0,14,27,0,9,0
31-07 11:02:46,55.162,9.235,33.197,0,0,1830284,10683460,178180,3569204,15413.328,7284.340,0,4345.045,0,655.950,7913,7245,2.940,1.820,1.120,3,0,8.986,0,0,14,25,0,9,0
31-07 11:02:46,55.508,26.372,17.330,0,0,1719976,10793732,178204,3572404,15105.086,7396.318,0,192.895,0,12.056,5380,10334,3.030,1.860,1.140,7,0,141.657,0,0,14,24,0,9,0
31-07 11:02:47,61.768,15.568,22.347,0,0,1770604,10743072,178220,3569216,44810.452,23694.822,0,144.628,0,8.035,3862,2603,3.030,1.860,1.140,3,0,0,0,0,14,25,0,10,0
31-07 11:02:48,60.651,12.180,26.597,0,0,1834108,10679344,178236,3569360,30060.053,14991.747,0,115.336,0,7.954,5078,4087,3.030,1.860,1.140,3,0,6.960,0,0,14,26,0,9,0
31-07 11:02:49,61.600,9.766,26.543,0,0,1834072,10679344,178252,3569380,30027.965,14992.448,0,120.196,0,7.011,6198,5902,3.030,1.860,1.140,2,0,2.003,0,0,14,27,0,9,0
31-07 11:02:50,55.977,12.745,27.739,0,0,1798544,10714764,178308,3569412,15268.754,7293.017,0,299.877,0,25.989,7006,6795,3.030,1.860,1.140,2,0,49.980,0,0,14,25,0,9,0
31-07 11:02:51,33.024,30.522,35.776,0,0,1670288,10842956,178356,3569428,40109.077,450072.280,0,280.203,0,23.017,5756,4149,2.950,1.860,1.140,5,0,179.130,0,0,14,24,0,9,0
31-07 11:02:52,58.761,38.421,2.511,0,0,1728676,10784524,178376,3569448,64160.313,158334.093,0,261.161,0,18.080,5251,3109,2.950,1.860,1.140,5,0,216.965,0,0,14,24,0,9,0
31-07 11:02:53,73.111,27.198,0,0,0,1874480,10638652,178424,3569468,60640.534,32272.550,7.985,590.875,1.996,31.939,5574,3899,2.950,1.860,1.140,7,0,175.666,0,0,14,25,0,10,0
31-07 11:02:55,73.864,24.621,0.497,0,0,1968668,10544428,178424,3569488,45552.677,25615.982,0,0,0,0,6222,5293,2.950,1.860,1.140,7,0,156.183,0,0,14,26,0,10,0
31-07 11:02:55,73.313,25.021,2.002,0,0,2016648,10496296,178424,3569644,61823.028,34421.525,0,8.007,0,1.001,7289,8206,2.950,1.860,1.140,7,0,136.117,0,0,14,26,0,10,0
31-07 11:02:57,72.744,25.161,0.996,0,0,2021112,10491768,178456,3569676,62260.534,35235.795,0,199.297,0,11.958,7140,7868,3.430,1.980,1.180,8,0,145.487,0,0,14,26,0,10,0
31-07 11:02:58,67.664,28.646,2.469,0,0,2016056,10496780,178456,3569716,45061.027,25629.213,0,154.095,0,28.646,6675,7200,3.430,1.980,1.180,9,0,142.242,0,0,14,26,0,12,0
31-07 11:02:59,73.275,25.014,1.769,0,0,2005780,10506952,178528,3569744,61699.392,34458.353,0,363.847,0,32.342,6619,6699,3.430,1.980,1.180,7,0,156.656,0,0,14,25,0,12,0
31-07 11:03:00,66.323,31.050,1.490,0,0,1913348,10599340,178544,3569772,45472.128,27649.915,0,178.848,0,7.949,7395,7387,3.430,1.980,1.180,8,0,197.727,0,0,14,26,0,12,0
31-07 11:03:00,75.939,24.209,1.274,0,0,1938452,10574024,178624,3569904,74251.975,586169.113,0,424.035,0,33.637,7150,7359,3.430,1.980,1.180,7,0,156.974,0,0,14,24,0,12,0
31-07 11:03:01,71.670,27.220,0.749,0,0,1914168,10598256,178640,3569952,59980.935,33770.242,0,175.803,0,7.991,5893,5217,3.640,2.050,1.210,5,0,152.829,0,0,14,27,0,12,0
31-07 11:03:03,84.272,13.137,1.735,0,0,1898664,10613716,178656,3569976,30265.521,14954.798,0,122.938,0,7.931,5359,6325,3.640,2.050,1.210,6,0,0.991,0,0,14,26,0,13,0
31-07 11:03:04,69.242,21.438,7.639,0,0,1901560,10610628,178672,3570152,44597.057,24032.300,0,141.935,0,7.885,7430,10389,3.640,2.050,1.210,6,0,130.107,0,0,14,26,0,15,0
31-07 11:03:05,69.351,22.779,7.846,0,0,1808988,10703140,178688,3570204,61245.198,33156.681,0,153.887,0,9.112,6477,7430,3.640,2.050,1.210,8,0,135.664,0,0,14,26,0,15,0
31-07 11:03:06,44.386,26.581,26.832,0,0,1787884,10724188,178704,3570240,46197.447,24713.668,0,168.516,0,9.028,6911,7195,3.640,2.050,1.210,2,0,134.412,0,0,14,26,0,15,0
31-07 11:03:06,29.241,17.646,51.676,0,0,1638768,10873276,178720,3570252,61057.521,31820.412,0,169.397,0,10.083,4647,2978,3.670,2.080,1.230,1,0,112.931,0,0,14,24,0,15,0
31-07 11:03:07,6.473,25.395,66.225,0,0,1627536,10884512,178720,3570248,60319.755,33459.190,0,3.983,0,0.996,4650,2726,3.670,2.080,1.230,2,0,175.273,0,0,14,24,0,15,0
31-07 11:03:08,11.732,35.444,50.421,0,0,1624344,10887632,178768,3570268,56388.242,459568.614,0,375.409,0,22.964,5550,3567,3.670,2.080,1.230,2,0,217.657,0,0,14,24,0,15,0
31-07 11:03:09,31.320,43.346,24.304,0,0,1668944,10842976,178808,3570284,63756.604,155792.015,0,533.184,0,30.067,5408,3129,3.670,2.080,1.230,5,0,248.552,0,0,14,24,0,14,0
31-07 11:03:10,54.214,43.672,2.259,0,0,1735140,10776768,178808,3570296,61115.911,32949.884,0,64.253,0,7.028,5531,4151,3.670,2.080,1.230,5,0,343.353,0,0,14,24,0,14,0
31-07 11:03:11,66.355,32.429,0.499,0,0,1822224,10689664,178808,3570316,60954.574,31972.015,0,15.965,0,3.991,5813,5235,3.850,2.140,1.250,7,0,275.397,0,0,14,25,0,14,0
31-07 11:03:12,81.899,16.729,1.248,0,0,1870404,10641416,178856,3570336,44739.980,22917.816,0,219.730,0,19.975,6215,5222,3.850,2.140,1.250,5,0,12.984,0,0,14,25,0,14,0
31-07 11:03:13,78.629,19.782,2.003,0,0,1942140,10569524,178904,3570444,29862.824,15012.545,0,272.445,0,19.031,6928,7502,3.850,2.140,1.250,4,0,60.098,0,0,14,27,0,14,0
31-07 11:03:14,77.462,20.490,1.749,0,0,1955132,10556364,179000,3570504,29963.216,15158.521,0,375.815,0,37.981,6734,6609,3.850,2.140,1.250,6,0,93.954,0,0,14,26,0,14,0
31-07 11:03:15,76.977,20.811,1.755,0,0,1991652,10519516,179240,3570584,15242.923,7744.825,0,3197.423,0,147.435,7129,7852,3.850,2.140,1.250,5,0,40.118,0,0,14,24,0,14,0
31-07 11:03:16,73.084,25.692,1.247,0,0,1947612,10563392,179256,3570732,15060.768,7279.455,0,5834.738,0,762.267,6660,5329,3.950,2.190,1.270,5,0,135.692,0,0,14,25,0,15,0
31-07 11:03:18,80.638,15.583,2.226,0,0,1965200,10545752,179272,3570760,15022.449,7284.151,0,150.393,0,7.915,6392,6760,3.950,2.190,1.270,5,0,0,0,0,14,25,0,11,0
31-07 11:03:18,78.659,13.110,8.572,0,0,1977124,10533712,179336,3570812,15101.614,7521.058,0,237.995,0,22.186,7004,10218,3.950,2.190,1.270,3,0,1.008,0,0,14,28,0,13,0
31-07 11:03:19,69.242,16.748,12.749,0,0,1962032,10548760,179352,3570848,239.972,147.983,0,135.984,0,8.999,7239,8751,3.950,2.190,1.270,6,0,31.996,0,0,14,26,0,13,0
31-07 11:03:21,71.942,12.812,12.319,0,0,1992092,10518476,179384,3571036,14935.424,7669.249,0,173.450,0,13.797,7267,8471,3.950,2.190,1.270,4,0,0,0,0,14,28,0,14,0
31-07 11:03:22,55.883,8.850,33.631,0,0,2011008,10499516,179408,3571056,182.063,0,0,105.192,0,11.126,6681,7230,3.870,2.210,1.280,4,0,0,0,0,14,29,0,15,0
31-07 11:03:23,65.818,18.558,14.599,0,0,1928400,10582088,179464,3571052,14762.082,7381.536,0,336.514,0,24.744,7171,8172,3.870,2.210,1.280,8,0,68.293,0,0,14,26,0,16,0
31-07 11:03:23,76.156,21.506,2.277,0,0,1894592,10615612,179524,3571272,1369.291,0,0,303.612,0,23.277,7281,9045,3.870,2.210,1.280,7,0,60.722,0,0,14,26,0,16,0
31-07 11:03:24,81.927,15.736,1.249,0,0,1941792,10568316,179580,3571308,15141.484,7707.120,0,259.768,0,21.980,7432,9133,3.870,2.210,1.280,5,0,0,0,0,14,25,0,16,0
31-07 11:03:25,81.235,16.851,2.012,0,0,1910572,10599480,179596,3571348,301.801,0,0,140.841,0,7.042,6283,6828,3.870,2.210,1.280,5,0,32.192,0,0,14,26,0,16,0
31-07 11:03:27,76.847,19.274,2.471,0,0,1907824,10602048,179612,3571508,1058.567,0,0,541.639,0,9.884,6346,6119,3.960,2.250,1.300,4,0,70.176,0,0,14,27,0,16,0
31-07 11:03:28,76.100,14.567,9.042,0,0,1966932,10542868,179628,3571560,15164.666,7625.029,0,124.572,0,8.037,6769,9740,3.960,2.250,1.300,3,0,0,0,0,14,28,0,17,0
31-07 11:03:28,67.680,11.617,19.698,0,0,2001552,10508196,179644,3571596,889.947,0,0,181.828,0,9.091,6875,7481,3.960,2.250,1.300,2,0,3.030,0,0,14,29,0,17,0
31-07 11:03:30,54.610,9.884,32.123,0,0,2000936,10508628,179660,3571756,296.522,146.284,0,110.702,0,6.919,7593,8168,3.960,2.250,1.300,2,0,0,0,0,14,29,0,16,0
31-07 11:03:31,47.512,8.252,43.011,0,0,2000884,10508628,179676,3571788,14918.750,7297.835,0,116.029,0,8.002,6979,7942,3.960,2.250,1.300,3,0,0,0,0,14,29,0,17,0
31-07 11:03:31,47.234,7.035,43.466,0,0,2000828,10508628,179692,3571824,913.533,0,0,313.556,0,9.045,7119,8239,3.960,2.280,1.320,2,0,2.010,0,0,14,29,0,18,0
31-07 11:03:33,60.141,10.106,26.866,0,0,1952384,10556876,179724,3571988,353.945,0,0,106.479,0,12.817,7168,7990,3.960,2.280,1.320,5,0,29.578,0,0,14,27,0,19,0
31-07 11:03:33,74.429,23.544,2.025,0,0,1862040,10647116,179764,3572044,574.164,0,0,449.610,0,57.720,7285,10131,3.960,2.280,1.320,6,0,135.693,0,0,14,26,0,17,0
31-07 11:03:34,78.219,21.630,1.006,0,0,1869012,10640092,179812,3572048,15841.052,7881.291,0,225.352,0,19.115,6851,7691,3.960,2.280,1.320,6,0,64.386,0,0,14,24,0,17,0
31-07 11:03:35,77.299,21.764,0.500,0,0,1885044,10624004,179828,3572088,240.151,0,0,120.076,0,8.005,5298,3228,3.960,2.280,1.320,5,0,54.034,0,0,14,24,0,17,0
31-07 11:03:36,82.550,14.215,2.245,0,0,1945068,10563804,179844,3572248,358.130,0,0,6915.205,0,844.948,7117,7069,4.050,2.330,1.340,8,0,0.998,0,0,14,25,0,17,0
31-07 11:03:37,68.154,10.944,19.650,0,0,1977008,10531800,179860,3572292,760.142,0,0,127.354,0,6.965,7172,9230,4.050,2.330,1.340,3,0,1.990,0,0,14,29,0,19,0
31-07 11:03:38,65.001,11.250,21.750,0,0,1980352,10528272,179876,3572452,14915.229,7620.117,0,112.002,0,7.000,6993,7870,4.050,2.330,1.340,5,0,1.000,0,0,14,27,0,20,0
31-07 11:03:40,71.991,17.248,10.499,0,0,1933428,10575144,179892,3572504,359.953,147.981,0,115.985,0,7.999,7420,10121,4.050,2.330,1.340,5,0,33.996,0,0,14,26,0,20,0
31-07 11:03:40,74.320,22.848,2.260,0,0,1825424,10683128,179892,3572544,420.813,0,0,0,0,0,7308,10147,4.050,2.330,1.340,6,0,107.463,0,0,14,26,0,20,0
31-07 11:03:42,79.487,17.636,1.987,0,0,1909600,10598736,179940,3572712,645.831,0,0,449.101,0,21.859,6387,6801,4.200,2.390,1.360,5,0,29.808,0,0,14,25,0,20,0
31-07 11:03:42,78.863,20.344,2.009,0,0,1955176,10553104,179980,3572720,481.216,0,0,168.777,0,16.074,5551,4416,4.200,2.390,1.360,5,0,59.273,0,0,14,25,0,20,0
31-07 11:03:43,78.676,18.982,0.749,0.250,0,1932040,10576196,180020,3572724,641.397,0,0,239.775,0,16.984,5573,5707,4.200,2.390,1.360,6,0,61.942,0,0,14,27,0,20,0
31-07 11:03:45,75.792,20.377,2.733,0,0,1941968,10566196,180044,3572772,24221.642,438122.670,0,147.111,0,9.940,6861,7703,4.200,2.390,1.360,6,0,53.676,0,0,14,26,0,20,0
31-07 11:03:46,82.664,17.034,0.501,0,0,1994960,10513004,180060,3572952,360.714,0,0,136.270,0,10.020,6474,10792,4.200,2.390,1.360,6,0,6.012,0,0,14,27,0,21,0
31-07 11:03:47,77.937,17.793,5.012,0,0,1902708,10605128,180108,3573008,702.687,0,0,392.943,0,21.051,6594,8224,4.110,2.400,1.370,5,0,65.156,0,0,14,26,0,21,0
31-07 11:03:48,77.230,19.995,1.500,0,0,1942292,10565364,180124,3573116,1580.601,0,0,147.963,0,6.998,6473,15224,4.110,2.400,1.370,5,0,36.991,0,0,14,25,0,22,0
31-07 11:03:48,72.063,24.607,3.013,0,0,1906192,10601412,180140,3573188,481.088,0,0,140.610,0,9.039,6597,7597,4.110,2.400,1.370,5,0,101.440,0,0,14,24,0,22,0
31-07 11:03:49,76.789,21.261,2.001,0,0,1820292,10687272,180140,3573228,420.211,148.074,0,0,0,0,5753,5553,4.110,2.400,1.370,5,0,81.041,0,0,14,25,0,22,0
31-07 11:03:50,76.668,20.660,1.742,0,0,1908372,10599100,180196,3573256,1776.302,0,0,238.964,0,21.905,6281,6261,4.110,2.400,1.370,5,0,66.711,0,0,14,25,0,21,0
31-07 11:03:52,81.208,16.939,1.993,0,0,1979244,10528064,180196,3573416,17424.437,129799.952,0,143.485,0,2.989,6955,7961,4.180,2.440,1.390,5,0,0.996,0,0,14,26,0,21,0
31-07 11:03:52,83.286,14.091,2.013,0,0,2018060,10489016,180252,3573592,666.291,0,0,225.452,0,21.136,6730,9288,4.180,2.440,1.390,5,0,8.052,0,0,14,25,0,22,0
31-07 11:03:54,71.582,25.352,1.740,0,0,2026024,10480952,180308,3573632,578.619,0,0,318.141,0,22.866,6964,9115,4.180,2.440,1.390,6,0,111.349,0,0,14,26,0,24,0
31-07 11:03:54,80.889,18.899,0.756,0,0,2009800,10496752,180356,3574004,751.943,149.179,0,274.167,0,21.167,6520,8800,4.180,2.440,1.390,5,0,71.566,0,0,14,25,0,25,0
31-07 11:03:55,74.133,24.544,1.002,0,0,1875048,10631420,180372,3574084,568.022,0,0,160.288,0,8.014,5439,4378,4.180,2.440,1.390,4,0,112.202,0,0,14,24,0,25,0
31-07 11:03:57,81.420,15.142,3.475,0,0,1922604,10583820,180388,3574112,416.037,0,0,194.614,0,6.951,6051,7496,4.160,2.470,1.410,4,0,0,0,0,14,26,0,25,0
31-07 11:03:58,77.565,16.252,3.201,0,0,1931560,10574660,180412,3574292,236.388,0,0,161.532,0,10.834,5641,7281,4.160,2.470,1.410,6,0,33.488,0,0,14,26,0,25,0
31-07 11:03:58,76.564,10.974,13.271,0,0,1952200,10553628,180468,3574620,366.488,0,0,236.839,0,23.480,7008,9710,4.160,2.470,1.410,5,0,3.063,0,0,14,25,0,23,0
31-07 11:03:59,67.678,31.583,1.504,0,0,1828240,10677508,180516,3574648,44613.600,22894.349,0,244.645,0,21.056,5700,4826,4.160,2.470,1.410,4,0,193.510,0,0,14,24,0,23,0
31-07 11:04:00,78.650,20.539,0.250,0,0,1857348,10648352,180556,3574656,29975.040,15016.575,0,184.351,0,16.031,5229,3314,4.160,2.470,1.410,4,0,60.114,0,0,14,24,0,23,0
31-07 11:04:02,79.299,15.909,3.182,0,0,1923800,10581892,180556,3574664,28911.806,15149.035,0,328.944,0,0.979,5790,5286,4.230,2.510,1.420,6,0,1.958,0,0,14,26,0,25,0
31-07 11:04:03,69.432,15.485,13.737,0,0,1947276,10557700,180572,3575356,14841.552,7354.840,0,7996.216,0,952.073,7413,8546,4.230,2.510,1.420,6,0,19.981,0,0,14,26,0,25,0
31-07 11:04:04,60.785,23.204,15.385,0,0,1846024,10658736,180596,3575544,46492.256,22764.387,0,355.126,0,48.426,6881,7705,4.230,2.510,1.420,7,0,100.888,0,0,14,26,0,25,0
31-07 11:04:05,63.110,13.524,21.537,0,0,1849396,10655160,180596,3575748,33288.933,14807.770,0,0,0,0,7365,8068,4.230,2.510,1.420,4,0,2.003,0,0,14,26,0,27,0
31-07 11:04:05,58.654,17.797,22.559,0,0,1770964,10733568,180596,3575768,26184.931,15183.971,0,4.011,0,1.003,5787,4614,4.230,2.510,1.420,3,0,64.169,0,0,14,24,0,27,0
31-07 11:04:06,55.090,20.533,23.038,0,0,1769292,10735200,180636,3575768,29580.177,15102.597,0,132.215,0,16.026,5037,3497,4.210,2.540,1.440,3,0,50.082,0,0,14,24,0,25,0
31-07 11:04:07,55.277,22.011,22.011,0,0,1801944,10702520,180636,3575780,14982.344,7365.610,0,1744.855,0,311.153,5061,2814,4.210,2.540,1.440,3,0,62.030,0,0,14,24,0,25,0
31-07 11:04:08,64.999,11.795,22.586,0,0,1858376,10646072,180636,3575796,14852.862,7324.039,0,0,0,0,5582,4710,4.210,2.540,1.440,3,0,1.004,0,0,14,25,0,25,0
31-07 11:04:09,59.827,9.763,28.286,0,0,1870128,10634252,180668,3575828,1002.292,148.191,0,152.196,0,13.017,7810,8381,4.210,2.540,1.440,4,0,0,0,0,14,25,0,25,0
31-07 11:04:10,57.572,17.197,22.680,0,0,1782856,10721356,180668,3575996,15049.461,7273.507,0,39.877,0,0.997,7554,7862,4.210,2.540,1.440,3,0,60.812,0,0,14,26,0,25,0
31-07 11:04:12,63.368,12.922,21.123,0,0,1817192,10686860,180668,3576156,15295.819,7574.353,0,0,0,0,7066,6985,4.120,2.540,1.450,3,0,0,0,0,14,25,0,25,0
31-07 11:04:12,57.979,17.570,22.840,0,0,1833044,10670932,180708,3576184,180.715,0,0,281.112,0,17.068,5622,4926,4.120,2.540,1.450,3,0,43.171,0,0,14,24,0,25,0
31-07 11:04:13,59.697,17.484,21.980,0,0,1770272,10733696,180708,3576192,15081.602,7517.322,0,11.989,0,0.999,5358,3986,4.120,2.540,1.450,3,0,31.972,0,0,14,26,0,25,0
31-07 11:04:15,66.368,10.729,22.206,0,0,1815764,10688084,180708,3576312,359.288,147.707,0,15.968,0,2.994,6314,5895,4.120,2.540,1.450,3,0,0,0,0,14,25,0,27,0
31-07 11:04:15,56.487,18.829,23.097,0,0,1772460,10731232,180708,3576468,15158.564,7947.325,0,8.034,0,2.008,6515,6643,4.120,2.540,1.450,3,0,43.181,0,0,14,26,0,28,0
31-07 11:04:17,57.157,17.396,22.863,0,0,1764640,10738964,180748,3576512,595.431,0,19.881,151.094,0.994,14.911,6554,6001,4.030,2.550,1.460,4,0,58.648,0,0,14,25,0,28,0
31-07 11:04:18,49.982,24.241,24.241,0,0,1791748,10711832,180748,3576536,450.834,0,0,0,0,0,6243,5703,4.030,2.550,1.460,5,0,87.968,0,0,14,25,0,29,0
31-07 11:04:19,64.490,11.498,22.246,0,0,1833024,10670512,180764,3576564,14945.636,7456.821,0,75.988,0,7.999,7441,7376,4.030,2.550,1.460,7,0,1.000,0,0,14,26,0,26,0
31-07 11:04:19,63.770,9.289,25.106,0,0,1853436,10649904,180796,3576724,781.310,148.630,0,212.902,0,19.081,6836,6836,4.030,2.550,1.460,5,0,2.009,0,0,14,24,0,26,0
31-07 11:04:21,48.630,26.934,23.193,0,0,1714188,10788868,180812,3576992,629.450,0,0,63.843,0,5.985,5389,4539,4.030,2.550,1.460,3,0,114.718,0,0,14,25,0,26,0
31-07 11:04:22,64.233,12.997,21.744,0,0,1799920,10703116,180812,3577012,14851.001,8007.843,0,3.999,0,1.000,5906,4923,3.940,2.560,1.460,3,0,0,0,0,14,25,0,26,0
31-07 11:04:22,64.713,11.835,22.662,0,0,1845420,10657584,180812,3577040,525.763,0,0,221.586,0,1.007,6712,6484,3.940,2.560,1.460,6,0,2.014,0,0,14,26,0,23,0
31-07 11:04:24,51.382,8.893,36.560,0,0,1845608,10657332,180868,3577044,414.019,0,0,197.623,0,22.727,7544,8770,3.940,2.560,1.460,8,0,0,0,0,14,26,0,24,0
31-07 11:04:25,49.312,27.423,22.643,0,0,1712420,10790480,180868,3577084,753.766,148.942,0,0,0,0,5309,3458,3.940,2.560,1.460,5,0,156.993,0,0,14,24,0,24,0
31-07 11:04:25,59.624,16.785,23.299,0,0,1802384,10700516,180868,3577084,15529.425,7311.266,0,0,0,0,3707,1622,3.940,2.560,1.460,3,0,5.010,0,0,14,24,0,24,0
31-07 11:04:26,63.503,12.048,24.347,0,0,1842500,10660052,181060,3577236,421.678,0,0,2192.726,0,111.444,5084,3869,3.870,2.570,1.470,5,0,0,0,0,14,25,0,24,0
31-07 11:04:28,59.555,9.926,27.792,0.248,0,1842692,10659800,181092,3577260,654.109,0,0,107.198,0,12.904,6597,6562,3.870,2.570,1.470,5,0,0,0,0,14,26,0,25,0
31-07 11:04:28,53.282,23.990,21.717,0.253,0,1736584,10765644,181324,3577288,1102.013,0,0,7143.388,0,823.227,8028,6726,3.870,2.570,1.470,3,0,110.100,0,0,14,25,0,25,0
31-07 11:04:30,53.166,21.514,22.750,0,0,1809092,10693116,181324,3577304,678.549,146.393,0,15.826,0,2.967,6010,5069,3.870,2.570,1.470,3,0,49.457,0,0,14,25,0,25,0
31-07 11:04:30,65.722,11.790,21.824,0,0,1873876,10628312,181324,3577324,14966.552,7483.276,0,4.014,0,1.003,6129,5337,3.870,2.570,1.470,4,0,0,0,0,14,24,0,26,0
31-07 11:04:32,52.761,20.807,24.275,0,0,1777412,10724760,181324,3577340,798.603,0,0,0,0,0,5850,5072,3.800,2.570,1.480,6,0,93.137,0,0,14,26,0,24,0
31-07 11:04:32,46.477,22.986,29.554,0,0,1773516,10728456,181324,3577536,694.131,0,0,4.042,0,1.010,6465,7562,3.800,2.570,1.480,2,0,108.111,0,0,14,25,0,25,0
31-07 11:04:33,38.766,13.505,46.018,0,0,1769092,10732824,181372,3577536,539.216,0,0,240.096,0,20.008,4735,4333,3.800,2.570,1.480,3,0,43.017,0,0,14,24,0,25,0
31-07 11:04:34,37.987,14.088,48.049,0,0,1767564,10734344,181372,3577544,422.633,148.928,0,8.050,0,1.006,3135,1654,3.800,2.570,1.480,2,0,32.201,0,0,14,24,0,25,0
31-07 11:04:35,43.241,7.455,47.963,0,0,1794448,10707448,181372,3577556,16403.756,21878.965,0,0,0,0,3412,2401,3.800,2.570,1.480,3,0,0,0,0,14,25,0,23,0
31-07 11:04:36,44.688,8.488,45.188,0,0,1787884,10713924,181444,3577572,53574.138,454145.873,0,615.152,0,35.950,5429,5428,3.650,2.560,1.480,4,0,0.999,0,0,14,26,0,23,0
31-07 11:04:38,46.849,6.479,43.858,0,0,1782228,10719548,181444,3577604,32396.356,140994.570,0,0,0,0,6262,6974,3.650,2.560,1.480,2,0,1.994,0,0,14,26,0,24,0
31-07 11:04:38,32.379,21.837,45.180,0,0,1673648,10827976,181500,3577696,14855.240,7325.211,0,236.945,0,22.088,5206,4231,3.650,2.560,1.480,2,0,132.528,0,0,14,24,0,25,0
31-07 11:04:40,38.400,12.717,47.376,0,0,1705660,10795964,181500,3577696,15262.167,7556.279,0,139.636,0,30.919,2912,1510,3.650,2.560,1.480,2,0,0.997,0,0,14,24,0,22,0
31-07 11:04:40,43.337,8.517,47.345,0,0,1768664,10732896,181556,3577704,15066.274,7701.475,0,484.975,0,29.058,3735,2859,3.650,2.560,1.480,2,0,2.004,0,0,14,24,0,23,0
31-07 11:04:41,44.945,7.990,45.194,0,0,1765824,10735408,181572,3578012,15186.274,7580.653,0,83.897,0,6.991,5114,5312,3.520,2.550,1.490,4,0,0,0,0,14,26,0,23,0
31-07 11:04:42,31.557,21.789,45.081,0,0,1682220,10818928,181628,3578036,15347.503,7537.507,0,280.503,0,24.043,5075,3744,3.520,2.550,1.490,2,0,127.228,0,0,14,24,0,23,0
31-07 11:04:43,30.995,21.246,46.742,0,0,1731244,10769888,181644,3578036,358.938,0,0,163.971,0,8.998,3543,1960,3.520,2.550,1.490,3,0,70.988,0,0,14,24,0,23,0
31-07 11:04:44,42.219,10.052,47.999,0,0,1801604,10699460,181708,3578040,15509.471,8242.767,0,643.338,0,34.177,3475,2482,3.520,2.550,1.490,2,0,0,0,0,14,24,0,23,0
31-07 11:04:46,42.583,8.418,46.297,0,0,1802932,10698104,181724,3578052,14948.590,7385.663,0,79.224,0,6.932,4503,4037,3.520,2.550,1.490,4,0,0,0,0,14,26,0,23,0
31-07 11:04:47,45.814,6.759,44.812,0,0,1795416,10705544,181756,3578088,240.335,0,0,112.156,0,13.018,6957,8207,3.400,2.540,1.490,2,0,2.003,0,0,14,25,0,23,0
31-07 11:04:48,37.249,18.250,42.999,0,0,1691872,10809048,181796,3578532,478.990,0,0,127.997,0,16.000,3624,2502,3.400,2.540,1.490,14,0,63.999,0,0,14,24,0,22,0
31-07 11:04:48,50.398,16.799,32.847,0,0,1770952,10729948,181812,3578088,15348.106,7967.415,0,3574.505,0,567.668,4561,16132,3.400,2.540,1.490,2,0,14.041,0,0,14,24,0,23,0
31-07 11:04:49,42.827,8.565,47.613,0,0,1785448,10715400,181852,3578100,827.311,149.138,0,386.952,0,19.146,3988,3738,3.400,2.540,1.490,2,0,2.015,0,0,14,25,0,23,0
31-07 11:04:50,45.848,6.939,44.361,0,0,1785420,10715400,181852,3578128,14845.852,7779.797,0,19.826,0,1.983,6697,7699,3.400,2.540,1.490,4,0,0,0,0,14,26,0,24,0
31-07 11:04:51,38.763,14.005,46.266,0,0,1666900,10833724,181900,3578272,479.162,0,0,248.084,0,23.008,4584,3730,3.370,2.550,1.500,3,0,50.017,0,0,14,24,0,24,0
31-07 11:04:52,38.806,12.017,47.819,0,0,1713232,10787356,181932,3578276,810.170,0,0,164.237,0,12.017,2996,1689,3.370,2.550,1.500,2,0,13.019,0,0,14,24,0,24,0
31-07 11:04:54,43.982,7.703,47.212,0,0,1762872,10737704,181932,3578288,567.543,0,0,0,0,0,3502,2457,3.370,2.550,1.500,2,0,0,0,0,14,25,0,24,0
31-07 11:04:54,44.974,7.789,46.230,0,0,1759788,10740764,181932,3578308,15175.430,7643.995,0,4.020,0,1.005,5709,5908,3.370,2.550,1.500,3,0,0,0,0,14,26,0,24,0
31-07 11:04:56,38.422,13.971,45.407,0,0,1683112,10817328,182020,3578328,358.269,0,0,383.218,0,36.925,5254,4618,3.370,2.550,1.500,2,0,67.862,0,0,14,24,0,19,0
31-07 11:04:56,35.128,16.560,47.423,0,0,1720232,10780192,182036,3578328,796.908,0,0,124.454,0,7.026,3222,1697,3.260,2.540,1.500,2,0,38.139,0,0,14,24,0,19,0
31-07 11:04:57,42.978,8.496,47.475,0,0,1772568,10727836,182052,3578332,15211.102,7292.214,0,111.942,0,7.996,3308,2072,3.260,2.540,1.500,3,0,0,0,0,14,24,0,19,0
31-07 11:04:58,44.755,7.501,46.005,0,0,1770884,10729448,182100,3578356,300.031,0,0,1020.104,0,30.003,5784,6121,3.260,2.540,1.500,2,0,3.000,0,0,14,26,0,20,0
31-07 11:04:59,37.515,15.256,44.768,0,0,1633676,10866536,182196,3578376,299.121,148.060,0,356.144,0,39.016,5515,4990,3.260,2.540,1.500,2,0,85.034,0,0,14,24,0,20,0
31-07 11:05:00,16.612,39.517,43.041,0,0,1645100,10855100,182196,3578384,483.270,0,0,24.163,0,6.041,5190,2969,3.260,2.540,1.500,4,0,247.676,0,0,14,24,0,20,0
31-07 11:05:01,34.505,17.752,46.756,0,0,1697608,10802592,182204,3578376,806.107,0,0,108.014,0,4.001,3395,1823,3.240,2.550,1.510,2,0,52.007,0,0,14,24,0,20,0
31-07 11:05:03,43.089,8.667,47.052,0,0,1762188,10737908,182284,3578396,14894.108,7518.374,0,839.998,0,42.594,3460,2451,3.240,2.550,1.510,2,0,0,0,0,14,24,0,20,0
31-07 11:05:04,43.312,7.717,46.548,0,0,1759740,10740196,182300,3578540,536.672,0,0,95.585,0,7.965,4989,4958,3.240,2.550,1.510,2,0,0,0,0,14,26,0,17,0
31-07 11:05:05,45.645,9.478,42.153,0,0,1758240,10741620,182300,3578612,805.148,147.660,0,7.982,0,0.998,6663,7409,3.240,2.550,1.510,4,0,1.995,0,0,14,26,0,18,0
31-07 11:05:05,36.340,17.026,45.997,0,0,1649920,10849900,182332,3578620,486.905,0,0,182.970,0,16.264,4508,3182,3.240,2.550,1.510,3,0,77.254,0,0,14,24,0,18,0
31-07 11:05:06,40.216,10.675,48.160,0,0,1696020,10803784,182344,3578620,357.474,0,0,115.186,0,2.979,2819,1528,3.140,2.540,1.510,3,0,0,0,0,14,24,0,18,0
31-07 11:05:08,42.259,9.144,46.954,0,0,1746832,10752948,182360,3578628,592.118,0,0,177.932,0,7.908,3909,2993,3.140,2.540,1.510,4,0,1.977,0,0,14,24,0,16,0
31-07 11:05:09,43.883,8.575,46.153,0,0,1746812,10752948,182360,3578648,15168.412,7590.259,0,0,0,0,5087,5052,3.140,2.540,1.510,2,0,1.009,0,0,14,26,0,16,0
31-07 11:05:09,46.609,8.269,43.351,0,0,1746748,10752948,182384,3578688,1243.906,148.347,0,3227.541,0,542.267,7145,7376,3.140,2.540,1.510,3,0,0,0,0,14,25,0,16,0
31-07 11:05:10,38.227,14.491,44.973,0,0,1707504,10792020,182408,3578836,962.421,0,0,315.810,0,43.974,5396,4964,3.140,2.540,1.510,3,0,57.965,0,0,14,24,0,16,0
31-07 11:05:11,30.748,23.999,44.747,0,0,1659576,10839904,182416,3578868,948.942,0,0,31.998,0,4.000,4313,2511,3.050,2.530,1.520,2,0,124.992,0,0,14,24,0,16,0
31-07 11:05:12,25.523,29.777,42.788,0,0,1678428,10821032,182416,3578904,480.431,0,0,4.004,0,1.001,4979,3166,3.050,2.530,1.520,2,0,179.161,0,0,14,24,0,16,0
31-07 11:05:13,20.009,15.257,63.528,0,0,1631944,10867432,182496,3578908,825.368,0,0,544.243,0,37.017,3861,3351,3.050,2.530,1.520,1,0,89.040,0,0,14,24,0,16,0
31-07 11:05:14,14.748,12.498,71.741,0,0,1632420,10866956,182496,3578908,31067.098,51669.511,0,0,0,0,2497,1808,3.050,2.530,1.520,1,0,47.994,0,0,14,24,0,16,0
31-07 11:05:15,20.977,5.244,73.169,0,0,1660140,10839236,182496,3578908,29737.979,15127.203,0,7.991,0,1.998,1808,1350,3.050,2.530,1.520,1,0,0,0,0,14,24,0,16,0
31-07 11:05:16,23.266,4.503,71.800,0,0,1674476,10824872,182520,3578912,29819.797,14896.389,0,236.165,0,11.008,2481,2117,2.880,2.510,1.510,2,0,2.001,0,0,14,25,0,13,0
31-07 11:05:17,24.010,4.252,71.279,0,0,1674432,10824872,182552,3578920,15654.373,7623.103,0,92.037,0,12.005,3445,3686,2.880,2.510,1.510,1,0,0,0,0,14,24,0,13,0
31-07 11:05:18,9.245,18.989,69.711,0,0,1602908,10896392,182552,3578924,29782.181,15231.398,0,3.998,0,0.999,3317,2206,2.880,2.510,1.510,2,0,99.944,0,0,14,24,0,13,0
31-07 11:05:19,20.260,6.753,72.787,0,0,1650024,10849268,182560,3578924,359.182,148.075,0,1220.617,0,212.107,2074,1231,2.880,2.510,1.510,1,0,2.001,0,0,14,24,0,13,0
31-07 11:05:20,22.466,4.743,71.890,0,0,1671880,10827356,182616,3578924,15426.385,7608.353,0,323.505,0,20.968,2370,2136,2.880,2.510,1.510,1,1,0,0,0,14,25,0,12,0
31-07 11:05:21,22.274,5.005,70.826,0.250,0,1648608,10850548,182672,3578948,15318.464,7466.024,0,200.215,0,26.028,3636,3998,2.730,2.480,1.510,3,0,10.011,0,0,14,24,0,12,0
31-07 11:05:22,10.256,17.761,71.042,0,0,1650308,10848812,182704,3578948,14864.869,7690.589,0,164.098,0,13.008,3169,2295,2.730,2.480,1.510,2,0,86.051,0,0,14,24,0,12,0
31-07 11:05:23,21.244,4.999,73.230,0,0,1652056,10847048,182720,3578948,358.903,0,0,103.972,0,5.998,1678,1192,2.730,2.480,1.510,1,0,0,0,0,14,24,0,12,0
31-07 11:05:24,21.748,4.750,71.743,0,0,1673152,10825892,182768,3578960,15910.554,7647.305,0,603.945,0,28.997,2353,2034,2.730,2.480,1.510,1,0,0,0,0,14,24,0,11,0
31-07 11:05:25,23.754,4.751,71.012,0,0,1673396,10825640,182768,3578968,825.135,0,0,52.008,0,5.001,3867,4316,2.730,2.480,1.510,2,0,2.000,0,0,14,25,0,11,0
31-07 11:05:27,23.838,3.476,70.024,0,0,1673344,10825640,182800,3578984,15262.185,24916.516,0,150.973,0,12.912,3692,4061,2.590,2.460,1.510,4,0,0,0,0,14,24,0,11,0
31-07 11:05:27,17.353,10.814,71.927,0,0,1624632,10874348,182800,3578988,9559.714,420734.039,0,4.024,0,1.006,2361,1657,2.590,2.460,1.510,1,0,30.179,0,0,14,24,0,11,0
31-07 11:05:29,21.659,5.975,71.450,0,0,1669940,10829028,182808,3578992,358.494,0,0,39.833,0,2.987,1799,1214,2.590,2.460,1.510,1,0,2.987,0,0,14,25,0,10,0
31-07 11:05:29,22.350,5.274,71.569,0,0,1670136,10828804,182824,3579000,18206.173,137981.196,0,184.824,0,9.040,3145,3374,2.590,2.460,1.510,1,0,1.004,0,0,14,25,0,10,0
31-07 11:05:30,23.770,5.004,70.310,0,0,1670120,10828804,182824,3579012,807.688,0,0,1144.975,0,227.193,4545,4955,2.590,2.460,1.510,1,0,0,0,0,14,25,0,10,0
31-07 11:05:31,13.238,15.986,68.939,0,0,1643320,10855536,182824,3579080,1521.646,0,0,3.996,0,0.999,3539,2312,2.380,2.420,1.500,3,0,100.910,0,0,14,24,0,10,0
31-07 11:05:32,5.246,27.729,65.951,0,0,1635688,10863152,182832,3579088,16145.947,35599.426,0,115.913,0,6.995,4314,2628,2.380,2.420,1.500,2,0,167.875,0,0,14,24,0,8,0
31-07 11:05:33,24.463,27.741,46.404,0.504,0,1652048,10846496,182900,3579316,61536.477,32137.655,129.124,225.966,5.044,17.149,4630,2994,2.380,2.420,1.500,3,0,141.229,0,0,14,24,0,10,0
31-07 11:05:34,41.664,9.424,46.872,0.248,0,1735920,10762104,182980,3579748,44437.201,23349.469,43.648,571.386,0.992,16.864,3108,1818,2.380,2.420,1.500,3,0,1.984,0,0,14,24,0,10,0
31-07 11:05:35,39.298,7.259,48.559,4.255,0,1794396,10700680,183048,3582412,30149.541,15781.127,1962.378,24.029,32.039,2.002,2768,1437,2.380,2.420,1.500,2,0,2.002,0,0,14,26,0,10,0
31-07 11:05:37,38.662,17.596,38.167,2.726,0,1816788,10669724,187332,3586208,29615.374,15173.492,245.853,20853.886,5.948,1751.703,10682,15144,2.350,2.410,1.500,4,0,62.455,0,0,14,28,0,10,0
31-07 11:05:37,40.874,14.634,33.809,5.046,0,1732232,10746584,192228,3588692,15173.734,7526.818,0,29558.252,0,2290.946,12350,17900,2.350,2.410,1.500,4,0,66.609,0,0,14,28,0,10,0
31-07 11:05:39,39.790,15.418,33.075,6.217,0,1766380,10705520,197812,3589772,30301.823,15394.623,0,34302.674,0,2578.371,12730,19243,2.350,2.410,1.500,4,0,36.805,0,0,14,28,0,10,0
31-07 11:05:39,40.898,12.545,39.644,3.764,0,1818448,10650332,200960,3589652,44548.420,22411.206,0,17005.619,0,1423.157,9219,12805,2.350,2.410,1.500,3,0,8.029,0,0,14,28,0,10,0
31-07 11:05:40,43.272,10.756,43.272,1.001,0,1776204,10691496,201992,3589676,15205.889,7299.787,0,12682.580,0,625.324,4332,3957,2.350,2.410,1.500,2,0,7.004,0,0,14,24,0,7,0
31-07 11:05:41,40.759,11.252,47.260,0,0,1807892,10659744,202064,3589684,31043.600,15611.319,0,2324.494,0,221.047,3248,1836,2.320,2.400,1.500,2,0,1.000,0,0,14,24,0,7,0
31-07 11:05:43,41.579,13.445,39.837,0.996,0,1844616,10619736,205048,3589888,44087.109,21864.290,0,12074.458,0,1299.667,10241,13401,2.320,2.400,1.500,3,0,0.996,0,0,14,26,0,7,0
31-07 11:05:43,38.153,17.822,38.404,1.757,0,1883372,10576704,208912,3590176,30234.514,14813.536,0,9225.076,0,1516.093,11860,16738,2.320,2.400,1.500,4,0,4.016,0,0,14,26,0,7,0
31-07 11:05:44,35.428,16.966,46.655,0.249,0,1784664,10675276,209032,3590188,14885.787,7494.788,0,1337.286,0,68.860,3928,2178,2.320,2.400,1.500,3,0,69.858,0,0,14,24,0,7,0
31-07 11:05:45,22.532,10.265,65.845,0.250,0,1779240,10680616,209112,3590192,53496.040,452445.567,0,1377.984,0,173.249,3025,2310,2.320,2.400,1.500,1,0,29.042,0,0,14,24,0,7,0
31-07 11:05:46,22.022,7.007,69.570,0.250,0,1775348,10683864,209736,3590192,47096.159,143924.117,0,7795.806,0,328.329,2875,2665,2.220,2.380,1.500,2,0,5.005,0,0,14,24,0,7,0
31-07 11:05:48,19.355,7.196,72.209,0,0,1775536,10683612,209792,3590192,18373.295,7402.519,0,643.179,0,27.792,1705,1256,2.220,2.380,1.500,1,0,0,0,0,14,24,0,7,0
31-07 11:05:48,38.706,14.829,45.241,0.251,0,1767632,10691424,209792,3590256,26659.903,14670.085,40.214,0,3.016,0,3762,14671,2.220,2.380,1.500,1,0,43.230,0,0,14,24,0,7,0
31-07 11:05:49,19.768,7.006,73.066,0,0,1673420,10785636,209792,3590256,16345.788,7516.800,0,0,0,0,1921,1420,2.220,2.380,1.500,1,0,3.003,0,0,14,24,0,7,0
31-07 11:05:50,22.028,4.506,72.844,0,0,1698680,10760376,209792,3590256,15403.911,8256.672,0,0,0,0,1728,1236,2.220,2.380,1.500,1,0,0,0,0,14,24,0,7,0
31-07 11:05:52,20.897,5.473,71.647,0,0,1725112,10733944,209792,3590256,44288.685,21977.664,0,19.902,0,1.990,1863,1232,2.120,2.350,1.500,1,0,1.990,0,0,14,24,0,7,0
31-07 11:05:52,22.755,4.551,73.574,0,0,1682296,10776736,209800,3590272,30109.354,14921.181,0,117.314,0,3.034,1784,1140,2.120,2.350,1.500,1,0,3.034,0,0,14,24,0,5,0
31-07 11:05:53,19.849,6.699,71.954,0,0,1682128,10776904,209824,3590248,15100.409,7241.050,0,115.126,0,9.925,1912,1633,2.120,2.350,1.500,1,0,0,0,0,14,24,0,5,0
31-07 11:05:54,22.277,4.756,72.587,0,0,1712800,10746160,209872,3590272,44789.942,23013.716,0,408.492,0,25.030,1887,1329,2.120,2.350,1.500,1,0,2.002,0,0,14,24,0,5,0
31-07 11:05:56,21.182,5.233,72.267,0,0,1747044,10711916,209876,3590268,29914.401,14610.819,0,0,0,0,1812,1380,2.120,2.350,1.500,1,0,1.994,0,0,14,24,0,5,0
31-07 11:05:57,21.974,3.496,72.416,1.249,0,1699892,10758788,209888,3590492,29797.383,14802.803,151.824,0,5.993,0,1669,1124,2.030,2.330,1.500,1,0,0.999,0,0,14,24,0,5,0
31-07 11:05:57,21.049,5.763,72.419,0,0,1699892,10758788,209888,3590492,15190.375,7313.030,0,8.019,0,2.005,1761,1334,2.030,2.330,1.500,1,0,0,0,0,14,24,0,5,0
31-07 11:05:58,21.634,6.037,72.699,0,0,1731392,10727288,209888,3590492,44833.130,22883.451,0,0,0,0,1906,1295,2.030,2.330,1.500,1,0,5.031,0,0,14,24,0,5,0
31-07 11:05:59,21.372,4.722,72.318,0,0,1758856,10699820,209896,3590484,29415.287,14652.473,0,182.907,0,3.976,1739,1197,2.030,2.330,1.500,1,0,0,0,0,14,24,0,5,0
31-07 11:06:01,22.438,4.488,72.301,0,0,1760036,10698540,209896,3590576,29630.285,14779.242,0,0,0,0,1666,1022,2.030,2.330,1.500,1,0,0,0,0,14,24,0,5,0
31-07 11:06:01,21.088,6.276,72.553,0,0,1723296,10735276,209900,3590576,15097.982,7392.840,0,228.955,0,51.214,1861,1273,1.950,2.310,1.490,1,0,3.013,0,0,14,24,0,4,0
31-07 11:06:02,22.479,5.994,70.685,0,0,1758748,10699800,209908,3590592,43690.696,470753.733,0,0,0,0,2508,1744,1.950,2.310,1.490,2,0,0.999,0,0,14,24,0,4,0
31-07 11:06:03,23.283,4.256,71.853,0,0,1735996,10722508,209932,3590612,47914.937,154552.359,0,208.300,0,10.014,2036,1511,1.950,2.310,1.490,2,0,1.001,0,0,14,24,0,4,0
31-07 11:06:04,22.464,5.990,70.636,0,0,1766888,10691552,209964,3590644,30592.606,15706.641,0,347.439,0,17.971,2010,1487,1.950,2.310,1.490,2,0,1.997,0,0,14,24,0,4,0
31-07 11:06:05,21.279,6.008,72.597,0,0,1784188,10674244,209964,3590652,44996.404,21917.422,0,12.016,0,2.003,1833,1222,1.950,2.310,1.490,3,0,2.003,0,0,14,24,0,3,0
31-07 11:06:06,21.501,5.500,72.002,0,0,1798244,10660188,209964,3590652,15123.452,7428.222,0,1812.054,0,10.000,1706,1072,1.870,2.290,1.490,2,0,0,0,0,14,24,0,3,0
31-07 11:06:07,21.963,4.992,71.878,0,0,1741004,10717404,209964,3590672,29600.718,14567.255,0,139.763,0,32.944,1895,1236,1.870,2.290,1.490,3,0,2.995,0,0,14,24,0,3,0
31-07 11:06:08,21.788,5.760,72.378,0,0,1763732,10694664,209968,3590680,30113.193,16122.479,0,0,0,0,1821,1288,1.870,2.290,1.490,2,0,1.002,0,0,14,24,0,3,0
31-07 11:06:09,22.239,4.248,72.464,0,0,1778244,10680124,209984,3590688,29963.206,15218.486,0,263.870,0,3.998,1716,1145,1.870,2.290,1.490,2,0,0,0,0,14,24,0,3,0
31-07 11:06:11,20.920,5.977,71.975,0,0,1734560,10723784,209984,3590712,29745.336,15247.735,0,3.985,0,0.996,1826,1243,1.870,2.290,1.490,2,0,2.989,0,0,14,24,0,3,0
31-07 11:06:11,22.062,5.516,71.952,0,0,1742628,10715712,209984,3590712,45196.050,23552.208,0,794.233,0,75.211,1979,1289,1.800,2.270,1.490,2,0,0,0,0,14,24,0,3,0
31-07 11:06:12,20.745,6.249,72.733,0,0,1771476,10686864,209984,3590712,29449.163,15074.500,0,135.968,0,30.993,1792,1214,1.800,2.270,1.490,2,0,2.000,0,0,14,24,0,3,0
31-07 11:06:13,23.285,3.756,72.108,0,0,1774656,10683648,210008,3590724,29515.384,15100.708,0,140.211,0,9.014,1900,1523,1.800,2.270,1.490,2,0,2.003,0,0,14,24,0,3,0
31-07 11:06:14,6.488,22.209,69.370,0,0,1725952,10732180,210052,3590848,30762.550,18217.977,0,375.299,0,17.966,3927,2606,1.800,2.270,1.490,3,0,130.756,0,0,14,24,0,3,0
31-07 11:06:15,6.517,25.816,65.417,0,0,1715408,10742724,210052,3590848,70032.881,469834.074,0,256.656,0,4.010,4550,2870,1.800,2.270,1.490,2,0,154.394,0,0,14,24,0,3,0
31-07 11:06:16,5.487,25.442,66.848,0,0,1709684,10748444,210052,3590852,51622.371,154865.118,0,251.427,0,2.993,4266,2563,1.740,2.240,1.480,1,0,148.661,0,0,14,24,0,3,0
31-07 11:06:17,6.504,25.766,65.790,0,0,1695740,10762380,210052,3590860,57515.127,30788.804,0,372.227,0,7.004,4395,2665,1.740,2.240,1.480,1,0,160.098,0,0,14,24,0,3,0
31-07 11:06:18,7.262,21.536,69.615,0,0,1690160,10767924,210056,3590884,62019.642,32932.503,0,100.166,0,4.007,3876,2459,1.740,2.240,1.480,2,0,107.177,0,0,14,24,0,3,0
31-07 11:06:19,6.745,23.733,67.201,0,0,1672384,10785688,210064,3590888,60602.600,33061.778,0,307.775,0,3.997,4220,2602,1.740,2.240,1.480,1,0,141.896,0,0,14,24,0,3,0
31-07 11:06:20,6.997,24.740,66.972,0,0,1670316,10787756,210064,3590888,45516.959,23790.048,0,87.963,0,1.000,4107,2515,1.740,2.240,1.480,1,0,140.941,0,0,14,24,0,3,0
31-07 11:06:21,8.737,25.713,63.159,0,0,1664220,10793848,210064,3590888,71917.477,415098.479,0,7.989,0,0.999,4610,2864,1.680,2.220,1.480,3,0,141.796,0,0,14,24,0,3,0
31-07 11:06:22,6.004,22.517,68.801,0.250,0,1664296,10793756,210068,3590900,60560.651,33272.532,8.006,64.047,2.001,3.002,4155,2631,1.680,2.220,1.480,1,0,127.094,0,0,14,24,0,3,0
31-07 11:06:23,7.010,23.534,67.598,0,0,1659388,10798632,210092,3590904,45550.798,24537.444,0,693.001,0,120.174,4306,2758,1.680,2.220,1.480,1,0,124.179,0,0,14,24,0,3,0
31-07 11:06:24,21.010,6.253,72.284,0,0,1675240,10782756,210124,3590896,59728.295,31214.787,0,340.161,0,18.009,2052,1521,1.680,2.220,1.480,1,0,0,0,0,14,24,0,3,0
31-07 11:06:26,23.351,3.975,72.042,0,0,1707464,10750532,210124,3590896,44046.672,21815.161,0,0,0,0,1934,1262,1.680,2.220,1.480,2,0,1.987,0,0,14,24,0,3,0
31-07 11:06:27,20.794,6.263,71.902,0,0,1741232,10716764,210124,3590896,29594.505,14917.506,0,0,0,0,1876,1278,1.620,2.200,1.480,2,0,2.004,0,0,14,24,0,3,0
31-07 11:06:28,23.493,3.249,72.478,0,0,1701968,10756012,210124,3590912,15030.449,7425.751,0,107.967,0,2.999,1768,1131,1.620,2.200,1.480,3,0,1.000,0,0,14,24,0,3,0
31-07 11:06:28,20.687,6.559,72.405,0,0,1730536,10727464,210124,3590892,14870.624,7429.257,0,278.521,0,64.585,2034,1409,1.620,2.200,1.480,2,0,3.027,0,0,14,24,0,3,0
31-07 11:06:29,23.056,3.759,72.926,0,0,1761780,10696216,210132,3590888,44723.077,23661.179,0,64.155,0,3.007,1842,1320,1.620,2.200,1.480,1,0,0,0,0,14,24,0,3,0
31-07 11:06:30,20.450,5.487,72.572,0,0,1766500,10691492,210132,3590892,29459.784,15202.733,0,19.951,0,0.998,1891,1433,1.620,2.200,1.480,1,0,1.995,0,0,14,24,0,3,0
31-07 11:06:31,23.627,3.233,72.623,0,0,1727760,10730212,210132,3590912,29438.110,15000.095,0,0,0,0,1817,1159,1.570,2.180,1.470,1,0,2.984,0,0,14,24,0,3,0
31-07 11:06:33,20.427,6.477,72.242,0,0,1744728,10713256,210132,3590900,30273.838,15420.905,0,95.658,0,1.993,1855,1397,1.570,2.180,1.470,1,0,0,0,0,14,24,0,3,0
31-07 11:06:33,21.074,6.523,71.753,0,0,1768312,10689608,210188,3590908,44423.668,22296.633,0,180.637,0,22.078,2096,1659,1.570,2.180,1.470,1,0,2.007,0,0,14,24,0,1,0
31-07 11:06:34,22.985,4.497,71.704,0,0,1782420,10675360,210324,3590908,15353.097,7505.159,0,1838.814,0,117.924,2045,1479,1.570,2.180,1.470,1,0,1.999,0,0,14,24,0,1,0
31-07 11:06:35,21.532,5.258,72.607,0,0,1733912,10723872,210324,3590904,30364.579,14775.693,0,0,0,0,1874,1351,1.570,2.180,1.470,2,0,1.001,0,0,14,24,0,1,0
31-07 11:06:36,21.999,4.500,72.747,0,0,1735604,10722180,210324,3590904,22751.118,11851.540,0,0,0,0,1778,1269,1.530,2.160,1.470,2,0,0,0,0,14,24,0,1,0
31-07 11:06:37,20.243,6.998,71.476,0,0,1776624,10681160,210324,3590904,37550.412,18209.896,0,55.981,0,1.999,1959,1344,1.530,2.160,1.470,1,0,3.999,0,0,14,24,0,1,0
31-07 11:06:38,22.248,5.250,72.494,0,0,1774856,10682928,210324,3590904,29871.479,14590.769,0,23.998,0,1.000,1722,1058,1.530,2.160,1.470,1,0,1.000,0,0,14,24,0,1,0
31-07 11:06:39,22.246,5.249,71.988,0,0,1729276,10728484,210336,3590916,25404.728,443861.358,0,223.962,0,35.994,1955,1346,1.530,2.160,1.470,1,0,1.000,0,0,14,24,0,1,0
31-07 11:06:40,21.725,5.993,71.169,0,0,1727492,10730268,210336,3590916,51759.254,326317.636,0,7.991,0,0.999,2088,1408,1.530,2.160,1.470,4,0,2.997,0,0,14,24,0,1,0
31-07 11:06:41,21.646,5.286,73.244,0,0,1754212,10703548,210336,3590916,40830.161,21190.808,0,4.027,0,1.007,1820,1268,1.480,2.140,1.470,3,0,2.014,0,0,14,24,0,1,0
31-07 11:06:42,22.129,4.227,72.355,0,0,1764684,10693060,210336,3590928,19376.234,9446.436,0,51.718,0,1.989,1753,1261,1.480,2.140,1.470,2,0,0,0,0,14,24,0,1,0
31-07 11:06:43,20.503,6.251,72.260,0,0,1720064,10737676,210360,3590908,15037.068,7459.026,0,124.017,0,9.001,2009,1660,1.480,2.140,1.470,3,0,3.000,0,0,14,24,0,1,0
31-07 11:06:44,21.753,5.751,72.511,0,0,1748392,10709316,210392,3590908,48895.386,25409.838,0,324.049,0,18.003,1977,1469,1.480,2.140,1.470,2,0,0,0,0,14,24,0,1,0
31-07 11:06:45,20.751,6.000,72.504,0,0,1784708,10673000,210392,3590908,29934.587,15468.820,0,144.008,0,33.002,1892,1314,1.480,2.140,1.470,2,0,2.000,0,0,14,24,0,1,0
31-07 11:06:47,23.397,3.485,71.934,0,0,1781724,10675956,210392,3590936,29623.754,14886.549,0,31.860,0,1.991,1881,1272,1.450,2.120,1.470,3,0,1.991,0,0,14,24,0,1,0
31-07 11:06:47,21.304,6.266,72.182,0,0,1740812,10716952,210392,3590852,15133.113,7542.997,0,244.616,0,38.096,1930,1379,1.450,2.120,1.470,3,0,1.003,0,0,14,24,0,1,0
31-07 11:06:49,23.710,7.238,67.887,0,0,1734544,10723220,210392,3590852,30336.416,15582.018,0,0,0,0,2175,1541,1.450,2.120,1.470,6,0,14.975,0,0,14,24,0,1,0
31-07 11:06:49,34.320,14.780,49.350,0,0,1739924,10717816,210392,3590852,44537.522,22147.014,0,0,0,0,3568,11020,1.450,2.120,1.470,2,0,32.065,0,0,14,24,0,2,0
31-07 11:06:50,21.281,6.259,72.354,0,0,1748840,10708892,210400,3590852,15744.703,7306.536,0,208.300,0,33.048,1759,1123,1.450,2.120,1.470,2,0,0,0,0,14,24,0,1,0
31-07 11:06:51,23.712,3.245,72.135,0,0,1691556,10766088,210400,3590936,30109.970,14862.293,0,87.860,0,1.997,1826,1222,1.410,2.110,1.460,3,0,0.998,0,0,14,24,0,1,0
31-07 11:06:52,21.768,5.755,72.058,0,0,1689428,10768224,210400,3590928,15858.823,8024.488,0,40.032,0,5.004,1863,1334,1.410,2.110,1.460,2,0,2.002,0,0,14,24,0,1,0
31-07 11:06:54,22.457,5.240,71.114,0,0,1686640,10771000,210400,3590940,53800.462,510992.100,0,15.970,0,1.996,2220,1483,1.410,2.110,1.460,3,0,1.996,0,0,14,24,0,1,0
31-07 11:06:54,22.661,5.288,72.515,0,0,1692708,10764952,210400,3590920,45122.404,24292.496,0,0,0,0,1932,1398,1.410,2.110,1.460,2,0,0,0,0,14,24,0,1,0
31-07 11:06:55,21.213,5.241,72.374,0,0,1720752,10736900,210408,3590920,29779.205,15315.362,0,91.840,0,1.997,1866,1252,1.410,2.110,1.460,3,0,3.993,0,0,14,24,0,1,0
31-07 11:06:57,22.361,4.224,72.053,0,0,1740892,10716740,210408,3590940,30253.264,15128.123,0,166.964,0,34.784,1848,1192,1.380,2.090,1.460,2,0,0,0,0,14,24,0,1,0
31-07 11:06:57,21.532,5.508,72.359,0,0,1700596,10757060,210408,3590916,15237.874,7697.555,0,4.006,0,1.002,1807,1303,1.380,2.090,1.460,2,0,1.002,0,0,14,24,0,1,0
31-07 11:06:58,22.797,5.261,72.150,0,0,1708524,10749132,210408,3590916,30002.479,15736.771,0,8.017,0,1.002,1920,1357,1.380,2.090,1.460,2,0,3.006,0,0,14,24,0,1,0
31-07 11:06:59,22.002,4.250,72.507,0,0,1692876,10764756,210408,3590940,44553.041,23274.111,0,28.003,0,2.000,1811,1241,1.380,2.090,1.460,2,0,1.000,0,0,14,24,0,1,0
31-07 11:07:01,21.656,5.476,71.937,0,0,1695400,10762236,210416,3590928,44623.964,23595.401,0,75.671,0,1.991,1900,1408,1.380,2.090,1.460,2,0,0,0,0,14,24,0,1,0
31-07 11:07:01,21.074,5.770,72.756,0,0,1735720,10721916,210416,3590928,30165.270,15131.306,0,0,0,0,1882,1252,1.350,2.070,1.460,2,0,4.014,0,0,14,24,0,1,0
31-07 11:07:02,23.247,3.250,72.741,0,0,1751584,10706040,210416,3590940,29630.144,15142.029,0,11.998,0,1.000,1759,1211,1.350,2.070,1.460,2,0,0,0,0,14,24,0,1,0
31-07 11:07:03,6.506,24.521,67.308,0,0,1696316,10761276,210416,3590972,30493.209,16922.545,0,76.065,0,4.003,4102,2545,1.350,2.070,1.460,2,0,152.131,0,0,14,24,0,1,0
31-07 11:07:04,6.984,25.939,65.096,0,0,1660148,10797428,210416,3591004,60367.613,29819.666,0,123.708,0,5.986,4338,2708,1.350,2.070,1.460,2,0,155.633,0,0,14,24,0,1,0
31-07 11:07:05,7.010,24.284,67.595,0,0,1657016,10800560,210416,3591004,46313.073,26118.699,0,52.073,0,3.004,4319,2700,1.350,2.070,1.460,2,0,153.215,0,0,14,24,0,1,0
31-07 11:07:06,19.259,9.004,70.533,0,0,1678712,10778856,210424,3591004,58751.514,625292.833,0,80.037,0,2.001,2469,1713,1.320,2.050,1.450,2,0,6.003,0,0,14,24,0,1,0
31-07 11:07:07,22.494,5.499,71.482,0,0,1712884,10744668,210424,3591020,60486.109,30288.543,0,167.959,0,38.990,2107,1409,1.320,2.050,1.450,1,0,2.000,0,0,14,24,0,1,0
31-07 11:07:08,22.762,4.002,72.787,0,0,1726096,10731248,210424,3591228,29611.102,14599.446,0,8.004,0,1.001,1796,1188,1.320,2.050,1.450,1,0,1.001,0,0,14,24,0,1,0
31-07 11:07:09,21.730,4.746,72.434,0,0,1696872,10760392,210424,3591304,15085.239,7437.216,0,7.993,0,1.998,1844,1209,1.320,2.050,1.450,1,0,8.992,0,0,14,24,0,1,0
31-07 11:07:10,19.152,7.560,73.081,0,0,1694868,10762396,210424,3591304,45763.692,26230.458,0,44.352,0,2.016,1963,1495,1.320,2.050,1.450,1,0,2.016,0,0,14,24,0,1,0
31-07 11:07:11,22.333,4.218,71.961,0,0,1714016,10743232,210436,3591304,39181.773,19063.334,0,182.633,0,2.978,1757,1147,1.290,2.030,1.450,1,0,0,0,0,14,24,0,1,0
31-07 11:07:12,17.752,11.751,69.757,0,0,1688112,10769120,210436,3591320,20371.907,11311.059,0,0,0,0,2539,1600,1.290,2.030,1.450,2,0,60.006,0,0,14,24,0,1,0
31-07 11:07:14,7.225,28.651,62.036,0.249,0,1659660,10797460,210436,3591428,51126.497,56441.150,39.862,609.894,1.993,51.821,4515,2717,1.290,2.030,1.450,2,0,164.432,0,0,14,24,0,1,0
31-07 11:07:14,6.025,25.605,66.524,0,0,1653400,10803716,210436,3591432,57701.409,32953.586,0,56.231,0,2.008,4180,2572,1.290,2.030,1.450,1,0,137.566,0,0,14,24,0,1,0
31-07 11:07:16,5.722,24.134,68.171,0,0,1655220,10801892,210436,3591436,60813.781,32519.206,0,59.712,0,2.986,4257,2656,1.290,2.030,1.450,3,0,138.333,0,0,14,24,0,1,0
31-07 11:07:16,7.532,25.107,65.780,0,0,1653484,10803612,210448,3591440,71385.620,474592.553,0,176.752,0,5.021,4633,2929,1.270,2.020,1.450,1,0,151.645,0,0,14,24,0,1,0
31-07 11:07:17,5.996,24.984,67.457,0,0,1651748,10805348,210448,3591440,53437.190,131668.693,0,31.980,0,1.999,4421,2667,1.270,2.020,1.450,2,0,153.903,0,0,14,24,0,1,0
31-07 11:07:18,6.008,25.784,66.086,0,0,1640872,10816216,210448,3591444,54072.446,30133.258,0,176.230,0,2.003,4348,2693,1.270,2.020,1.450,1,0,156.204,0,0,14,24,0,1,0
31-07 11:07:19,5.993,25.222,66.427,0,0,1640576,10816508,210448,3591448,61217.854,31773.150,0,0,0,0,4324,2705,1.270,2.020,1.450,1,0,160.824,0,0,14,24,0,1,0
31-07 11:07:20,6.002,25.260,67.025,0,0,1633296,10823788,210448,3591448,60907.123,32116.193,0,4.002,0,1.000,4257,2611,1.270,2.020,1.450,1,0,143.054,0,0,14,24,0,1,0
31-07 11:07:22,5.976,25.647,66.731,0,0,1630328,10826740,210456,3591452,56562.228,27537.110,0,183.262,0,3.984,4317,2672,1.250,2,1.450,2,0,150.394,0,0,14,24,0,1,0
31-07 11:07:23,6.502,24.257,67.521,0,0,1622244,10834816,210456,3591460,50107.389,27590.473,0,268.082,0,4.001,4261,2598,1.250,2,1.450,2,0,147.045,0,0,14,24,0,1,0
31-07 11:07:23,6.025,26.108,66.275,0,0,1619096,10837964,210456,3591460,63874.431,33527.323,0,357.486,0,5.021,4436,2680,1.250,2,1.450,3,0,158.659,0,0,14,24,0,1,0
31-07 11:07:24,7.748,25.494,64.736,0,0,1619376,10837684,210456,3591460,70078.869,466535.267,0,351.924,0,3.999,4658,2817,1.250,2,1.450,1,0,149.968,0,0,14,24,0,1,0
31-07 11:07:25,6.782,24.868,66.817,0,0,1618544,10838512,210456,3591460,48412.972,142314.021,0,442.100,0,5.024,4498,2691,1.250,2,1.450,1,0,156.745,0,0,14,24,0,1,0
31-07 11:07:26,6.220,24.879,66.925,0,0,1617784,10839252,210464,3591468,64228.154,31982.715,0,330.396,0,4.976,4367,2720,1.230,1.980,1.440,1,0,153.256,0,0,14,24,0,1,0
31-07 11:07:27,5.532,25.144,67.636,0,0,1610840,10846192,210464,3591472,61349.204,32260.153,0,446.549,0,6.034,4390,2691,1.230,1.980,1.440,2,0,151.867,0,0,14,24,0,1,0
31-07 11:07:28,6.713,24.366,66.137,0,0,1617088,10839944,210464,3591472,60730.738,31942.713,0,358.035,0,4.973,4439,2710,1.230,1.980,1.440,2,0,157.138,0,0,14,24,0,1,0
31-07 11:07:29,5.751,25.255,66.763,0,0,1618900,10838132,210464,3591472,63106.834,33162.219,0,356.067,0,5.001,4454,2678,1.230,1.980,1.440,2,0,152.029,0,0,14,24,0,1,0
31-07 11:07:30,6.739,22.714,69.639,0,0,1627408,10829620,210464,3591476,45944.509,25910.555,0,27.955,0,0.998,4125,2618,1.230,1.980,1.440,1,0,139.776,0,0,14,24,0,1,0
31-07 11:07:32,6.231,24.424,67.789,0,0,1632512,10824500,210472,3591484,60739.852,33551.518,0,139.565,0,3.988,4317,2731,1.290,1.980,1.450,4,0,150.531,0,0,14,24,0,1,0
31-07 11:07:32,6.813,24.225,67.881,0,0,1633308,10823700,210472,3591488,72055.817,475181.190,0,84.788,0,3.028,4636,2977,1.290,1.980,1.450,1,0,147.370,0,0,14,24,0,1,0
31-07 11:07:33,5.966,23.614,68.108,0,0,1634876,10822128,210472,3591492,63657.491,142569.156,0,59.657,0,2.983,4292,2601,1.290,1.980,1.450,2,0,138.204,0,0,14,24,0,1,0
31-07 11:07:34,6.507,24.027,67.575,0,0,1634396,10822604,210472,3591496,45852.952,26581.537,0,60.067,0,3.003,4256,2590,1.290,1.980,1.450,1,0,142.158,0,0,14,24,0,1,0
31-07 11:07:35,6.750,23.750,67.500,0,0,1627664,10829324,210472,3591504,60819.292,32626.157,0,212.001,0,5.000,4291,2670,1.290,1.980,1.450,1,0,145.001,0,0,14,24,0,1,0
31-07 11:07:36,5.744,24.976,67.185,0,0,1623108,10833868,210480,3591508,61088.271,32211.033,0,103.900,0,5.994,4497,2725,1.350,1.980,1.450,1,0,160.845,0,0,14,24,0,1,0
31-07 11:07:37,6.000,25.999,65.747,0,0,1619636,10837340,210480,3591508,60876.366,31844.622,0,15.999,0,4.000,4474,2725,1.350,1.980,1.450,1,0,162.993,0,0,14,24,0,1,0
31-07 11:07:38,6.493,25.972,65.680,0,0,1620248,10836728,210480,3591508,45936.914,24026.326,0,511.453,0,113.878,4508,2715,1.350,1.980,1.450,1,0,158.830,0,0,14,24,0,1,0
31-07 11:07:39,7.289,24.632,67.111,0,0,1618368,10838596,210480,3591520,62063.527,32826.408,0,24.130,0,6.032,4515,2794,1.350,1.980,1.450,1,0,161.870,0,0,14,24,0,1,0
31-07 11:07:40,11.750,21.499,64.248,0,0,1602556,10854108,210480,3591624,71078.136,472473.612,0,8.000,0,2.000,4717,4108,1.350,1.980,1.450,4,0,77.998,0,0,14,24,0,1,0
31-07 11:07:42,15.136,31.761,51.115,0,0,1597604,10856072,210492,3594720,48757.171,137435.987,0,250.118,0,3.970,6663,8370,1.480,2,1.460,3,0,177.663,0,0,14,24,0,1,0
31-07 11:07:42,16.307,38.885,43.651,0,0,1595188,10858424,210536,3594732,60622.314,31320.659,0,208.724,0,17.059,5249,3068,1.480,2,1.460,2,0,194.675,0,0,14,24,0,3,0
31-07 11:07:43,25.757,29.758,43.012,0,0,1643872,10809692,210576,3594736,61811.030,32338.910,0,436.120,0,19.005,4934,2856,1.480,2,1.460,3,0,133.037,0,0,14,24,0,3,0
31-07 11:07:44,42.239,33.187,24.136,0,0,1713932,10739624,210576,3594744,46243.146,24486.280,0,132.750,0,6.034,5061,2588,1.480,2,1.460,4,0,154.875,0,0,14,24,0,3,0
31-07 11:07:46,32.883,56.440,7.853,0,0,1722096,10731320,210668,3594748,60190.865,31749.869,0,1672.596,0,33.373,5561,3742,1.480,2,1.460,4,0,325.881,0,0,14,24,0,5,0
31-07 11:07:46,59.967,40.573,1.276,0,0,1802244,10646428,210888,3598808,61479.488,31882.941,779.823,1396.333,64.305,38.787,5698,4340,1.760,2.050,1.480,6,1,273.551,0,0,14,24,0,7,0
31-07 11:07:47,79.654,18.363,0.744,0.993,0,1908420,10531584,214004,3603704,44121.081,22249.627,369.239,8937.172,72.458,739.471,7367,8530,1.760,2.050,1.480,7,0,31.762,0,0,14,26,0,8,0
31-07 11:07:48,66.342,21.611,6.031,4.775,0,1935108,10494356,218492,3609228,30438.714,15059.534,438.256,40866.401,9.047,3267.824,14037,17490,1.760,2.050,1.480,3,1,54.279,0,0,14,28,0,8,0
31-07 11:07:49,56.653,28.701,8.236,3.494,0,1979568,10439728,222388,3617608,15980.635,7431.275,7.986,47977.842,0.998,2964.923,14207,25737,1.760,2.050,1.480,7,0,100.827,0,0,14,30,0,8,0
31-07 11:07:51,57.018,21.228,12.588,4.690,0,1997424,10413772,225872,3619384,15305.572,7588.610,0,39947.327,0,2608.523,13850,24882,1.760,2.050,1.480,6,0,49.366,0,0,14,30,0,9,0
31-07 11:07:51,54.920,26.321,12.401,4.303,0,1967080,10436468,229228,3623424,15989.176,7683.794,0,23559.586,0,2014.592,12792,17521,1.940,2.080,1.490,4,1,131.606,0,0,14,28,0,8,0
31-07 11:07:53,61.097,22.352,9.438,4.222,0,1985872,10409532,234648,3625900,27291.886,557482.874,0,55736.167,0,3374.728,16035,23315,1.940,2.080,1.490,4,1,59.607,0,0,14,28,0,8,0
31-07 11:07:54,53.541,24.156,14.693,4.732,0,1990072,10395552,239684,3630344,30774.869,15808.292,0,44203.450,0,2828.957,14546,21537,1.940,2.080,1.490,5,1,88.654,0,0,14,32,0,8,0
31-07 11:07:55,51.502,14.501,23.001,5.000,0,1983488,10393816,245160,3632976,44485.625,22264.813,0,33009.206,0,2730.100,14097,21993,1.940,2.080,1.490,5,0,45.002,0,0,14,36,0,8,0
31-07 11:07:56,46.990,23.621,21.359,4.774,0,1960096,10409964,249824,3635316,30518.933,15288.113,0,37608.154,0,2579.178,12404,18753,1.940,2.080,1.490,5,0,85.437,0,0,14,36,0,8,0
31-07 11:07:57,46.462,26.728,20.233,4.247,0,1850876,10513484,254200,3636500,15529.283,7290.030,0,29735.650,0,2329.093,12932,18151,2.110,2.110,1.510,5,1,105.913,0,0,14,34,0,8,0
31-07 11:07:58,41.003,30.502,21.001,3.250,0,1863484,10496132,257956,3637336,15556.050,7362.497,0,30914.087,0,2156.146,13151,17747,2.110,2.110,1.510,4,0,130.009,0,0,14,36,0,8,0
31-07 11:07:59,39.962,24.762,21.820,7.355,0,1857676,10494156,261440,3641892,15047.162,7154.855,3432.291,23641.618,43.149,1861.282,12484,17780,2.110,2.110,1.510,11,2,90.220,0,0,14,37,0,8,0
31-07 11:07:59,55.699,28.491,13.091,2.823,0,1855276,10492696,264560,3642480,15625.522,7809.168,0,23146.184,0,1728.982,12807,19085,2.110,2.110,1.510,4,1,86.244,0,0,14,37,0,9,0
31-07 11:08:01,51.380,30.282,13.403,1.737,0,1808180,10535928,267240,3643120,14991.927,7404.622,397.137,17664.659,3.971,1538.906,11770,18013,2.110,2.110,1.510,7,0,122.120,0,0,14,36,0,10,0
31-07 11:08:01,41.665,34.090,18.181,3.788,0,1839256,10500556,269864,3644720,609.070,0,682.805,32836.230,18.181,2362.544,13354,18688,2.260,2.150,1.520,6,0,123.228,0,0,14,36,0,10,0
31-07 11:08:02,39.791,28.103,24.870,3.979,0,1860696,10474668,272536,3646392,15204.228,7741.383,791.845,31470.882,12.932,2318.834,11763,17826,2.260,2.150,1.520,2,1,103.457,0,0,14,36,0,10,0
31-07 11:08:03,39.474,11.992,38.474,5.246,0,1852192,10479792,274128,3648092,15676.477,7838.738,0,25366.973,0,2095.593,11389,16897,2.260,2.150,1.520,4,0,35.976,0,0,14,37,0,10,0
31-07 11:08:04,37.441,15.476,35.694,5.242,0,1847464,10479580,277320,3649668,44202.763,22001.538,0,35532.344,0,2565.981,14464,21891,2.260,2.150,1.520,3,0,26.958,0,0,14,37,0,10,0
31-07 11:08:05,37.755,16.002,36.255,4.751,0,1842228,10479020,280984,3651648,30643.167,15062.048,0,34356.672,0,2554.347,15244,21711,2.260,2.150,1.520,3,0,56.008,0,0,14,37,0,10,0
31-07 11:08:07,32.444,22.211,35.439,5.241,0,1761204,10553448,285472,3653552,15643.863,7349.252,0,29404.993,0,2382.867,13456,19943,2.480,2.190,1.540,4,0,112.804,0,0,14,36,0,10,0
31-07 11:08:07,36.868,18.810,31.852,6.772,0,1800280,10507108,291232,3654808,15537.670,7319.398,0,37792.814,0,2929.364,14645,20407,2.480,2.190,1.540,3,1,39.125,0,0,14,36,0,10,0
31-07 11:08:09,38.999,13.911,37.757,4.471,0,1834596,10467292,295336,3656064,15003.563,7249.403,0,27519.117,0,2195.886,10816,17010,2.480,2.190,1.540,2,0,23.847,0,0,14,36,0,10,0
31-07 11:08:09,40.201,13.819,37.940,4.774,0,1831780,10464056,299180,3658088,15355.736,7481.386,0,31224.034,0,2607.028,12744,17335,2.480,2.190,1.540,6,1,12.060,0,0,14,37,0,10,0
31-07 11:08:11,42.484,11.496,36.736,3.998,0,1829840,10461536,303048,3658548,15094.230,7359.187,0,26102.022,0,1960.251,12302,17123,2.480,2.190,1.540,2,0,23.991,0,0,14,35,0,11,0
31-07 11:08:11,39.049,14.018,45.557,0.250,0,1702032,10589048,303280,3658604,1138.423,0,0,3344.182,0,176.220,5783,5522,2.440,2.190,1.540,2,0,61.076,0,0,14,32,0,11,0
31-07 11:08:12,21.535,31.802,45.575,0,0,1705772,10585248,303312,3658636,61651.126,47127.303,0,516.848,0,26.043,4908,2881,2.440,2.190,1.540,1,0,183.301,0,0,14,32,0,11,0
31-07 11:08:13,22.495,5.249,71.233,0,0,1700908,10590112,303356,3658592,54865.592,577076.973,0,403.901,0,24.994,2303,1960,2.440,2.190,1.540,2,0,0,0,0,14,32,0,11,0
31-07 11:08:15,22.670,5.730,70.004,0.498,0,1702268,10588392,303652,3658652,29677.849,15304.291,0,3902.305,0,202.290,3439,3435,2.440,2.190,1.540,1,0,1.993,0,0,14,33,0,11,0
31-07 11:08:15,23.566,4.011,70.197,0,0,1702244,10588392,303652,3658676,15386.185,7641.447,0,4.011,0,1.003,4323,4745,2.440,2.190,1.540,2,0,0,0,0,14,33,0,11,0
31-07 11:08:16,24.516,4.753,69.544,0,0,1702072,10588392,303664,3658828,14989.547,7985.086,0,2477.578,0,11.007,3884,4116,2.400,2.190,1.540,1,0,0,0,0,14,32,0,11,0
31-07 11:08:17,14.250,13.000,71.250,0,0,1645688,10644776,303664,3658828,15561.078,7494.038,0,4.000,0,1.000,2680,1923,2.400,2.190,1.540,1,0,57.000,0,0,14,32,0,11,0
31-07 11:08:18,21.754,5.001,72.764,0,0,1687260,10603196,303672,3658828,15042.794,7297.356,0,52.010,0,3.001,1862,1387,2.400,2.190,1.540,1,0,1.000,0,0,14,32,0,11,0
31-07 11:08:19,22.243,5.748,71.226,0,0,1700040,10590412,303672,3658832,15337.933,7765.435,0,6757.767,0,457.849,2958,1786,2.400,2.190,1.540,2,0,0,0,0,14,33,0,11,0
31-07 11:08:20,20.255,8.002,70.018,0,0,1660704,10629728,303672,3658848,424.108,0,0,0,0,0,3459,3236,2.400,2.190,1.540,2,0,36.009,0,0,14,32,0,11,0
31-07 11:08:21,19.004,7.251,72.765,0,0,1664776,10625656,303696,3658824,15162.086,7525.532,0,284.058,0,11.002,1863,1767,2.290,2.170,1.540,1,0,0,0,0,14,32,0,11,0
31-07 11:08:22,22.493,4.499,72.229,0,0,1697184,10593188,303720,3658856,363.894,0,0,331.904,0,15.995,2082,1654,2.290,2.170,1.540,1,0,0,0,0,14,32,0,11,0
31-07 11:08:23,19.493,7.997,71.725,0,0,1667144,10623184,303772,3658848,15273.683,7617.349,0,395.862,0,30.989,2945,2553,2.290,2.170,1.540,1,0,35.987,0,0,14,32,0,11,0
31-07 11:08:24,17.250,9.750,71.999,0,0,1668092,10622176,303804,3658876,667.994,147.999,0,247.998,0,16.000,2198,1566,2.290,2.170,1.540,2,0,26.000,0,0,14,32,0,11,0
31-07 11:08:25,21.729,4.746,72.431,0,0,1700056,10590212,303804,3658876,15564.261,7516.882,0,23.977,0,1.998,1981,1517,2.290,2.170,1.540,1,0,0,0,0,14,33,0,11,0
31-07 11:08:26,22.984,4.497,71.700,0,0,1700040,10590212,303804,3658892,603.576,0,0,0,0,0,2900,2796,2.190,2.150,1.540,2,0,1.999,0,0,14,33,0,11,0
31-07 11:08:28,17.984,9.741,70.186,0,0,1632716,10657528,303804,3658900,15564.883,7451.242,0,7.993,0,1.998,3088,2576,2.190,2.150,1.540,1,0,42.961,0,0,14,32,0,11,0
31-07 11:08:28,20.050,6.516,72.931,0,0,1673792,10616452,303804,3658900,1076.665,0,0,0,0,0,1766,1298,2.190,2.150,1.540,1,0,1.002,0,0,14,32,0,11,0
31-07 11:08:29,21.979,4.995,72.431,0,0,1701748,10588492,303812,3658896,662.372,147.860,0,83.920,0,2.997,2112,1644,2.190,2.150,1.540,1,0,1.998,0,0,14,32,0,11,0
31-07 11:08:30,23.195,4.538,72.611,0,0,1701728,10588492,303812,3658916,427.600,0,0,8.068,0,2.017,2914,2880,2.190,2.150,1.540,1,0,0,0,0,14,33,0,12,0
31-07 11:08:31,16.113,11.403,70.155,0,0,1675320,10614832,303872,3658924,15257.622,7847.457,0,356.973,0,28.756,3560,3067,2.090,2.130,1.540,1,0,64.453,0,0,14,32,0,12,0
31-07 11:08:32,5.504,26.269,66.548,0,0,1669408,10620676,303872,3658992,830.601,0,0,4.003,0,1.001,4260,2466,2.090,2.130,1.540,1,0,162.117,0,0,14,32,0,12,0
31-07 11:08:33,5.249,25.744,66.733,0,0,1661632,10628388,303912,3659008,966.757,0,0,479.879,0,24.994,4561,2930,2.090,2.130,1.540,2,0,162.959,0,0,14,32,0,12,0
31-07 11:08:34,6.252,24.759,67.774,0,0,1659528,10630456,303916,3659040,11456.079,17578.259,0,68.024,0,3.001,4204,2503,2.090,2.130,1.540,3,0,149.053,0,0,14,32,0,12,0
31-07 11:08:36,10.964,31.646,55.318,0,0,1651956,10638004,303924,3659052,51442.789,76492.393,0,1343.581,0,262.138,5306,2916,2.090,2.130,1.540,5,0,196.354,0,0,14,34,0,13,0
31-07 11:08:37,38.523,31.018,29.017,0,0,1664104,10625528,304064,3659236,60915.755,32589.128,0,720.423,0,54.032,5341,3419,2.080,2.130,1.540,6,0,142.083,0,0,14,32,0,19,0
31-07 11:08:37,63.113,13.127,23.983,0,0,1767460,10521492,304108,3659864,46078.357,23990.919,0,319.098,0,14.137,3891,1900,2.080,2.130,1.540,3,0,3.029,0,0,14,32,0,19,0
31-07 11:08:38,63.213,13.138,22.806,0,0,1872644,10414624,304188,3661224,44357.330,22834.099,0,333.171,0,11.899,3966,1780,2.080,2.130,1.540,3,0,4.958,0,0,14,32,0,19,0
31-07 11:08:39,64.545,12.008,23.266,0,0,1969140,10316372,304244,3662660,29915.963,15464.837,12.008,548.384,2.001,10.007,3684,1472,2.080,2.130,1.540,4,0,0,0,0,14,32,0,19,0
31-07 11:08:41,61.885,10.730,23.207,3.743,0,2046696,10235256,304340,3665804,15537.065,7444.137,794.520,942.245,6.987,22.957,3751,1673,2.080,2.130,1.540,3,0,5.989,0,0,14,38,0,19,0
31-07 11:08:42,48.409,17.626,23.832,3.972,0,2048304,10219936,310040,3673444,59050.996,568016.428,0,34250.710,0,2706.930,14569,21615,2.320,2.170,1.560,7,0,107.244,0,0,14,38,0,19,0
31-07 11:08:43,40.962,21.361,27.392,4.775,0,2049100,10208848,315536,3677956,30051.499,14734.241,0,51972.929,0,3345.310,16573,23369,2.320,2.170,1.560,3,0,96.499,0,0,14,38,0,19,0
31-07 11:08:43,39.829,19.411,29.242,5.798,0,2048736,10197268,321632,3683424,30150.340,15106.933,0,56672.678,0,3580.611,17136,24723,2.320,2.170,1.560,3,1,93.776,0,0,14,38,0,19,0
31-07 11:08:44,37.841,18.921,30.124,7.718,0,2048996,10187692,326816,3687316,15257.995,7412.904,0,44792.103,0,3046.221,15285,23061,2.320,2.170,1.560,1,0,118.503,0,0,14,38,0,19,0
31-07 11:08:46,33.116,15.438,36.602,8.217,0,2050028,10176156,332604,3691672,30364.332,15539.223,0,34006.618,0,2714.036,14802,21388,2.320,2.170,1.560,0,3,80.674,0,0,14,38,0,17,0
31-07 11:08:47,50.535,16.181,21.160,6.970,0,2050668,10165572,337960,3695944,48644.309,23593.750,3.983,47390.636,0.996,3069.956,15052,21213,2.770,2.270,1.590,8,2,65.721,0,0,14,38,0,17,0
31-07 11:08:48,38.327,28.808,23.547,5.762,0,1925000,10282544,342536,3699824,57283.519,32064.101,0,37587.143,0,2505.008,14127,19560,2.770,2.270,1.590,5,1,149.298,0,0,14,36,0,17,0
31-07 11:08:49,48.571,19.678,20.176,6.725,0,1963788,10232676,348552,3704552,45227.741,23461.754,0,51610.278,0,3306.844,16149,22223,2.770,2.270,1.590,7,0,64.762,0,0,14,36,0,17,0
31-07 11:08:50,51.380,21.912,18.386,5.037,0,2005532,10183548,352820,3707448,45024.111,22429.948,0,34305.811,0,2308.076,13410,17726,2.770,2.270,1.590,3,1,57.425,0,0,14,36,0,12,0
31-07 11:08:51,60.548,20.766,11.259,3.503,0,2065608,10116824,355972,3714072,30613.272,14801.736,0,29883.694,0,1874.486,11972,26483,2.770,2.270,1.590,7,1,38.030,0,0,15,37,0,12,0
31-07 11:08:52,48.727,17.992,21.990,6.997,0,2084308,10087088,360868,3716552,15793.632,7358.567,0,48453.396,0,2807.690,13291,20711,2.950,2.320,1.610,5,0,1.999,0,0,14,36,0,13,0
31-07 11:08:53,49.105,14.559,24.923,6.169,0,2081616,10079780,365164,3721852,58977.445,28902.422,0,44341.658,0,2629.467,13255,19925,2.950,2.320,1.610,8,1,14.806,0,0,14,38,0,13,0
31-07 11:08:54,24.563,29.880,32.666,7.090,0,2006904,10147636,370364,3723324,56364.574,473805.995,0,46743.083,0,3056.917,15378,21879,2.950,2.320,1.610,3,0,118.509,0,0,14,36,0,12,0
31-07 11:08:55,37.983,15.743,34.485,7.747,0,1999020,10148992,374984,3725068,32857.500,146543.332,0,36827.748,0,2725.797,13578,19409,2.950,2.320,1.610,3,0,32.985,0,0,14,36,0,12,0
31-07 11:08:55,37.044,14.112,35.532,7.812,0,1992360,10150240,378464,3726868,30440.725,14708.800,0,43174.845,0,3047.197,14333,21094,2.950,2.320,1.610,2,0,57.456,0,0,14,36,0,12,0
31-07 11:08:57,36.264,11.841,49.833,0,0,1702600,10439904,378532,3726896,15182.650,7199.572,0,1302.554,0,64.141,3512,2030,2.870,2.310,1.610,1,0,57.233,0,0,14,32,0,12,0
31-07 11:08:57,6.091,25.633,67.256,0,0,1702604,10439836,378572,3726920,62058.990,38708.827,0,799.962,0,46.698,4664,2913,2.870,2.310,1.610,1,0,156.338,0,0,14,32,0,12,0
31-07 11:08:58,17.655,10.692,70.123,0.497,0,1701900,10440356,378760,3726916,60606.851,37776.709,0,4483.871,0,218.822,3296,2558,2.870,2.310,1.610,2,0,39.786,0,0,14,32,0,12,0
31-07 11:08:59,20.996,5.249,72.736,0,0,1746160,10396096,378760,3726916,45334.348,22935.623,0,3.999,0,1.000,1924,1345,2.870,2.310,1.610,1,0,2.999,0,0,14,32,0,12,0
31-07 11:09:00,21.997,4.999,72.990,0,0,1786984,10355272,378760,3726916,30115.955,14590.040,0,3.999,0,1.000,1822,1347,2.870,2.310,1.610,1,0,0,0,0,14,32,0,12,0
31-07 11:09:01,22.709,3.993,71.871,0,0,1807892,10334356,378764,3726916,30248.539,15208.618,0,55.899,0,2.995,2090,1676,2.800,2.310,1.620,2,0,1.996,0,0,14,36,0,10,0
31-07 11:09:02,25.471,2.522,72.377,0,0,1813912,10328308,378784,3726924,60879.815,32907.300,0,294.554,0,48.420,2252,1737,2.800,2.310,1.620,1,0,2.017,0,0,14,34,0,10,0
31-07 11:09:03,18.376,8.195,71.271,0,0,1762276,10379928,378792,3726932,44738.056,22778.772,0,270.183,0,18.873,2525,1943,2.800,2.310,1.620,1,0,26.820,0,0,14,32,0,10,0
31-07 11:09:05,22.690,6.233,70.314,0,0,1779276,10362928,378792,3726932,71386.738,576844.656,0,175.535,0,8.976,2592,1879,2.800,2.310,1.620,1,0,0.997,0,0,14,32,0,10,0
31-07 11:09:05,21.778,5.006,72.341,0,0,1812500,10329664,378796,3726968,30419.474,14742.646,0,108.137,0,10.013,1937,1344,2.800,2.310,1.620,1,0,2.003,0,0,14,32,0,10,0
31-07 11:09:07,21.977,5.494,71.924,0,0,1837196,10304968,378796,3726968,30212.052,15543.564,0,127.865,0,4.995,1955,1378,2.660,2.280,1.610,2,0,1.998,0,0,14,34,0,10,0
31-07 11:09:07,21.283,6.009,71.862,0,0,1773772,10368344,378840,3726972,45452.050,22861.737,0,749.171,0,67.105,2612,1928,2.660,2.280,1.610,3,0,19.030,0,0,14,32,0,10,0
31-07 11:09:08,9.008,38.534,50.545,0.250,0,1757408,10384668,378856,3726992,60803.935,32392.733,0,144.128,0,10.009,5346,3282,2.660,2.280,1.610,2,0,243.216,0,0,14,32,0,10,0
31-07 11:09:09,10.231,45.667,41.674,0,0,1731192,10410872,378864,3726996,45707.943,25008.556,0,227.586,0,14.973,5674,3494,2.660,2.280,1.610,2,0,290.472,0,0,14,32,0,10,0
31-07 11:09:10,11.496,45.983,40.735,0,0,1723892,10418148,378864,3727016,61033.077,33779.313,0,51.980,0,3.998,5638,3337,2.660,2.280,1.610,4,0,281.894,0,0,14,32,0,10,0
31-07 11:09:11,10.505,47.271,40.268,0,0,1710604,10431416,378864,3727036,62038.162,41007.954,0,5710.500,0,34.015,5700,3484,2.610,2.280,1.620,4,0,277.121,0,0,14,32,0,10,0
31-07 11:09:12,8.503,49.269,39.515,0,0,1698960,10443052,378864,3727044,61031.664,33284.905,0,44.017,0,10.004,5844,3687,2.610,2.280,1.620,4,0,343.133,0,0,14,32,0,10,0
31-07 11:09:13,10.506,47.529,39.524,0,0,1681828,10460180,378864,3727048,58306.377,576942.051,0,304.185,0,71.043,6116,3825,2.610,2.280,1.620,4,0,309.188,0,0,14,32,0,9,0
31-07 11:09:14,10.004,47.018,41.015,0.250,0,1673152,10468588,379116,3727056,60987.789,32286.064,0,7646.857,0,354.132,6329,4536,2.610,2.280,1.620,1,0,292.109,0,0,14,32,0,9,0
31-07 11:09:15,5.501,25.005,67.512,0,0,1671240,10470404,379188,3727064,60886.155,32407.938,0,2440.447,0,109.020,4561,3076,2.610,2.280,1.620,0,0,146.027,0,0,14,32,0,9,0
31-07 11:09:17,4.487,10.968,82.013,1.745,0,1655668,10485900,379196,3727132,44954.091,23254.798,75.781,63.816,6.980,1.994,2043,1742,2.400,2.240,1.610,0,0,37.891,0,0,14,12,0,9,20
31-07 11:09:17,6.265,23.307,67.664,1.002,0,1658732,10482676,379220,3727248,60836.866,32665.394,100.244,838.037,3.007,36.088,4381,3173,2.400,2.240,1.610,1,0,137.334,0,0,14,12,0,9,20
31-07 11:09:18,6.755,23.266,67.796,0,0,1654372,10487024,379224,3727256,60742.840,34221.008,0,732.492,0,157.106,4475,2748,2.400,2.240,1.610,1,0,136.092,0,0,14,12,0,9,20
31-07 11:09:19,6.752,24.257,67.520,0,0,1656888,10484504,379224,3727260,45396.641,23641.104,0,12.004,0,3.001,4213,2571,2.400,2.240,1.610,2,0,128.038,0,0,14,12,0,9,20
31-07 11:09:20,6.248,23.743,67.730,0,0,1655364,10486020,379224,3727268,60839.785,31898.450,0,11.996,0,2.999,4217,2599,2.400,2.240,1.610,2,0,130.961,0,0,14,12,0,9,20
31-07 11:09:21,16.993,21.741,60.226,0,0,1658732,10482640,379224,3727744,44836.981,22496.959,0,11.995,0,2.999,4410,5056,2.290,2.220,1.600,1,0,74.970,0,0,14,12,0,9,20
31-07 11:09:22,20.010,22.011,56.277,0,0,1652692,10488680,379224,3727744,57519.632,583146.138,0,8.004,0,2.001,5424,5637,2.290,2.220,1.600,1,0,67.032,0,0,14,12,0,9,20
31-07 11:09:23,22.958,24.705,49.908,0.499,0,1688948,10451976,379236,3727708,60236.176,32192.771,19.963,155.714,0.998,4.991,5056,2968,2.290,2.220,1.600,3,0,104.807,0,0,14,12,0,9,20
31-07 11:09:24,16.029,24.544,56.852,0.751,0,1702616,10437672,379236,3728280,60860.744,35561.540,152.272,0,2.004,0,4477,2879,2.290,2.220,1.600,2,0,147.263,0,0,16,12,0,9,20
31-07 11:09:25,6.997,24.239,67.218,0,0,1702860,10437412,379236,3728288,45241.792,24002.748,0,7.996,0,1.999,4242,2815,2.290,2.220,1.600,1,0,131.938,0,0,16,12,0,9,20
31-07 11:09:26,6.755,24.019,67.302,0,0,1704116,10436152,379236,3728292,60683.113,31608.540,0,460.357,0,75.058,4404,2816,2.260,2.220,1.610,1,0,125.097,0,0,16,12,0,9,20
31-07 11:09:28,11.178,24.343,62.349,0,0,1709856,10430368,379256,3728776,60646.543,31578.689,0,747.189,0,32.789,5526,5746,2.260,2.220,1.610,3,0,128.175,0,0,16,12,0,9,20
31-07 11:09:29,18.774,26.033,53.319,0.250,0,1713504,10426660,379284,3728752,44673.422,22593.041,0,3124.016,0,429.552,6072,6333,2.260,2.220,1.610,11,0,94.121,0,0,16,12,0,9,20
31-07 11:09:30,20.495,20.745,57.235,0,0,1727908,10412240,379284,3728316,45069.163,23009.957,0,23.994,0,2.999,4265,2671,2.260,2.220,1.610,3,0,62.983,0,0,16,12,0,9,20
31-07 11:09:31,18.491,25.488,54.224,0,0,1751008,10388748,379284,3728668,69165.199,476627.962,3.998,0,1.000,0,4870,3108,2.260,2.220,1.610,1,0,136.935,0,0,18,12,0,9,20
31-07 11:09:32,6.752,24.008,67.523,0,0,1748608,10391140,379284,3728676,64214.910,160356.713,0,4.001,0,1.000,4468,3068,2.240,2.210,1.610,1,0,136.046,0,0,18,12,0,9,20
31-07 11:09:32,7.281,24.606,66.788,0,0,1746936,10392804,379284,3728684,46138.215,24158.311,0,12.052,0,3.013,4368,2971,2.240,2.210,1.610,2,0,128.555,0,0,18,12,0,9,20
31-07 11:09:33,7.259,24.028,66.829,0,0,1750944,10388776,379292,3728692,61355.283,31945.636,0,188.222,0,6.007,4328,2928,2.240,2.210,1.610,1,0,124.146,0,0,18,12,0,9,20
31-07 11:09:34,16.469,22.708,58.391,0,0,1752416,10387292,379292,3728776,44715.632,22641.787,0,3.993,0,0.998,4752,5604,2.240,2.210,1.610,0,0,76.857,0,0,18,12,0,8,20
31-07 11:09:35,18.764,24.769,55.042,0,0,1761072,10378604,379292,3728704,60185.826,30253.035,0,344.262,0,3.002,5859,5787,2.240,2.210,1.610,2,0,83.063,0,0,18,12,0,8,20
31-07 11:09:36,30.774,18.515,49.289,0,0,1824000,10315608,379296,3728768,45299.547,24383.134,0,0,0,0,4104,2600,2.220,2.210,1.610,2,0,70.055,0,0,20,12,0,8,20
31-07 11:09:37,68.999,22.331,9.534,0,0,2042240,10097124,379356,3728916,44547.825,22033.545,0,0,0,0,4872,3457,2.220,2.210,1.610,14,0,15.054,0,0,20,12,0,8,20
31-07 11:09:38,82.186,17.237,0,0,0,2232936,9906108,379356,3729232,14964.351,7356.274,0,231.820,0,1.998,5076,3543,2.220,2.210,1.610,15,0,23.981,0,0,20,12,0,1,20
31-07 11:09:39,87.116,12.051,1.004,0,0,2352432,9785692,379372,3730036,30179.721,15067.266,0,24.101,0,6.025,5186,3996,2.220,2.210,1.610,4,0,41.173,0,0,20,12,0,1,20
31-07 11:09:40,14.625,22.805,60.484,0,0,2384660,9753440,379372,3730040,15815.997,9774.566,0,0,0,0,4407,3108,2.220,2.210,1.610,1,0,125.925,0,0,20,12,0,1,20
31-07 11:09:41,7.012,23.792,66.368,0,0,2384628,9753440,379372,3730048,73253.541,600385.912,0,152.271,0,4.007,4897,3621,2.040,2.170,1.600,1,0,132.236,0,0,20,12,0,1,20
31-07 11:09:43,6.976,24.166,66.519,0,0,2380040,9758008,379372,3730064,60581.359,31171.617,0,15.945,0,3.986,4385,3160,2.040,2.170,1.600,1,0,119.584,0,0,20,12,0,1,20
31-07 11:09:44,7.505,24.267,66.547,0,0,2365876,9772168,379376,3730064,45697.131,23292.377,0,260.183,0,5.004,4391,2966,2.040,2.170,1.600,3,0,118.083,0,0,20,12,0,1,20
31-07 11:09:44,15.295,26.327,57.168,0,0,2358660,9779308,379376,3730548,60345.431,31113.482,0,3008.847,0,542.595,6508,6115,2.040,2.170,1.600,1,0,121.357,0,0,20,12,0,1,20
31-07 11:09:45,18.244,21.743,57.981,0,0,2351252,9786656,379376,3730548,45019.952,22718.406,0,7.997,0,1.999,5139,5561,2.040,2.170,1.600,1,0,67.977,0,0,20,12,0,1,20
31-07 11:09:46,21.236,24.734,51.716,0,0,2367132,9770780,379376,3730084,46047.786,24124.171,0,55.963,0,2.998,5235,3449,1.960,2.150,1.600,2,0,95.937,0,0,20,12,0,1,20
31-07 11:09:48,23.618,12.679,62.402,0,0,2396756,9740832,379380,3730384,59952.750,31900.150,0,167.069,0,3.978,3377,2478,1.960,2.150,1.600,2,0,48.728,0,0,20,12,0,1,20
31-07 11:09:48,11.570,17.356,69.422,0,0,2412904,9724484,379380,3730544,46829.784,24142.819,0,0,0,0,3882,3101,1.960,2.150,1.600,1,0,87.532,0,0,21,12,0,2,20
31-07 11:09:49,20.968,10.983,66.647,0,0,2454128,9683156,379380,3730548,45067.347,23236.088,0,834.710,0,154.761,3018,2272,1.960,2.150,1.600,1,0,11.981,0,0,21,12,0,2,20
31-07 11:09:50,24.277,6.007,69.078,0,0,2478824,9658448,379388,3730552,36166.961,563694.415,0,180.204,0,12.014,3097,3170,1.960,2.150,1.600,3,0,3.003,0,0,21,13,0,2,14
31-07 11:09:51,34.205,14.481,49.185,0,0,2501968,9635264,379404,3730560,29551.833,14572.686,0,215.714,0,12.983,4905,14236,1.960,2.150,1.600,1,0,35.952,0,0,21,17,0,4,10
31-07 11:09:52,23.047,6.012,69.642,0,0,2497984,9639084,379424,3730700,14886.287,7310.874,0,713.452,0,36.073,3481,3729,1.960,2.150,1.600,1,0,7.014,0,0,21,14,0,8,0
31-07 11:09:54,6.470,26.128,65.196,0,0,2485828,9651228,379424,3730712,45578.140,23838.668,0,7.963,0,1.991,4824,3391,1.960,2.150,1.600,2,0,165.228,0,0,21,14,0,8,0
31-07 11:09:54,6.783,25.122,65.569,0,0,2471420,9665636,379424,3730712,61064.665,37546.408,0,8.039,0,2.010,4813,3409,1.960,2.150,1.600,1,0,156.762,0,0,21,14,0,7,0
31-07 11:09:55,6.251,23.253,68.508,0,0,2444776,9692272,379424,3730720,60822.220,34054.042,0,0,0,0,4548,3378,1.960,2.150,1.600,1,0,137.016,0,0,21,14,0,7,0
31-07 11:09:57,7.477,23.678,68.043,0,0,2433544,9703488,379424,3730736,45820.913,25921.317,0,7.976,0,1.994,4469,3259,1.890,2.130,1.600,2,0,134.591,0,0,21,14,0,7,0
31-07 11:09:58,7.748,23.993,65.731,0,0,2421148,9715744,379428,3730868,60269.994,31059.236,0,611.827,0,70.980,4504,3219,1.890,2.130,1.600,1,0,109.969,0,0,21,14,0,7,0
31-07 11:09:58,8.013,25.042,64.859,0,0,2414432,9722452,379428,3730876,60335.389,31753.359,0,16.027,0,4.007,4569,3376,1.890,2.130,1.600,3,0,132.222,0,0,21,14,0,8,0
31-07 11:09:59,7.255,24.518,66.550,0,0,2412224,9724656,379428,3730880,45584.926,23565.538,0,16.012,0,4.003,4444,3249,1.890,2.130,1.600,1,0,127.095,0,0,21,14,0,8,0
31-07 11:10:00,13.557,28.370,56.238,0,0,2402740,9734136,379428,3731336,70595.379,594159.698,0,124.528,0,4.017,6107,6495,1.890,2.130,1.600,6,0,132.562,0,0,21,14,0,8,0
31-07 11:10:01,18.899,21.883,56.946,0,0,2396060,9740728,379428,3731356,44487.708,22927.706,0,3.979,0,0.995,5369,5725,1.810,2.110,1.590,1,0,69.629,0,0,21,14,0,8,0
31-07 11:10:03,26.661,18.439,53.572,0,0,2396704,9740048,379440,3731352,44540.100,23312.588,0,207.312,0,8.970,4399,3223,1.810,2.110,1.590,5,0,46.844,0,0,21,14,0,8,0
31-07 11:10:03,46.443,23.598,28.619,0,0,2475156,9661452,379444,3731460,61008.390,33697.960,0,52.217,0,4.017,4958,3138,1.810,2.110,1.590,2,0,86.359,0,0,21,15,0,8,0
31-07 11:10:04,44.722,12.242,42.474,0,0,2552512,9584088,379444,3731468,45414.863,22262.208,0,3006.138,0,554.656,4067,2264,1.810,2.110,1.590,2,0,0,0,0,21,15,0,8,0
31-07 11:10:05,52.827,6.259,40.309,0.250,0,2592532,9543768,379464,3731724,30222.888,14841.552,88.128,224.326,1.001,10.015,4354,3489,1.810,2.110,1.590,2,0,17.025,0,0,21,29,0,8,0
31-07 11:10:06,44.458,8.242,45.957,0,0,2611988,9523368,379528,3732508,14901.968,7516.922,0,527.503,0,20.980,3622,2554,1.830,2.110,1.600,2,0,3.996,0,0,21,31,0,8,0
31-07 11:10:07,37.483,16.742,44.480,0,0,2622716,9509664,379556,3735168,15088.239,7358.702,0,1891.153,0,14.993,5270,6765,1.830,2.110,1.600,1,0,52.976,0,0,21,30,0,9,0
31-07 11:10:08,6.757,22.022,68.068,0.500,0,2626816,9505528,379564,3735180,60978.865,33857.795,4.004,0,1.001,0,4458,3409,1.830,2.110,1.600,1,0,128.128,0,0,21,30,0,9,0
31-07 11:10:09,7.238,24.959,65.891,0.250,0,2629296,9503008,379572,3735204,60894.136,32238.601,7.987,11.980,1.997,2.995,4813,3497,1.830,2.110,1.600,3,0,156.740,0,0,21,30,0,9,0
31-07 11:10:10,21.527,24.782,52.066,0,0,2669620,9462564,379572,3735400,55546.892,457577.990,0,52.066,0,3.004,5836,5895,1.830,2.110,1.600,2,0,83.106,0,0,21,30,0,9,0
31-07 11:10:11,18.238,21.236,57.711,0.999,0,2672760,9459408,379572,3735212,48531.896,146989.737,3.997,3.997,0.999,0.999,5292,5570,1.840,2.110,1.600,1,0,73.950,0,0,21,30,0,9,0
31-07 11:10:12,12.767,9.512,69.090,8.010,0,2672240,9451272,379592,3743824,44674.117,23512.588,8635.234,1794.334,116.151,57.074,3466,2766,1.840,2.110,1.600,1,0,54.070,0,0,22,30,0,9,0
31-07 11:10:14,17.430,23.157,56.025,0,0,2681280,9442232,379592,3744304,44555.946,22652.966,0,3.984,0,0.996,5659,6424,1.840,2.110,1.600,3,0,70.716,0,0,22,30,0,9,0
31-07 11:10:15,17.762,22.266,58.791,0,0,2677956,9445516,379592,3743840,59681.810,31658.178,8.006,0,1.001,0,5751,6185,1.840,2.110,1.600,1,0,112.079,0,0,22,30,0,9,0
31-07 11:10:16,24.659,24.161,44.835,4.733,0,2748716,9372448,379604,3746068,45021.374,23318.216,2183.966,227.164,43.839,10.960,4750,3636,1.840,2.110,1.600,7,0,98.637,0,0,22,38,0,9,0
31-07 11:10:16,14.347,22.653,60.660,0,0,2749520,9371596,379628,3746080,61272.048,33605.088,0,189.279,0,18.122,4824,3827,2.100,2.150,1.620,2,0,99.674,0,0,22,46,0,9,0
31-07 11:10:17,11.499,28.747,56.744,0.250,0,2742652,9378288,379632,3746712,60608.010,31674.870,4.000,99.990,1.000,7.999,5671,6147,2.100,2.150,1.620,1,0,155.985,0,0,22,46,0,9,0
31-07 11:10:18,18.498,20.997,58.242,0,0,2724632,9396264,379632,3746712,45090.002,23582.863,0,0,0,0,4982,5710,2.100,2.150,1.620,2,0,70.991,0,0,22,46,0,9,0
31-07 11:10:19,13.743,24.488,59.220,1.499,0,2721920,9397288,379660,3747748,45120.500,24006.029,1459.272,279.860,31.984,9.995,4382,3794,2.100,2.150,1.620,0,0,122.939,0,0,22,46,0,9,0
31-07 11:10:20,4.747,9.495,84.205,0,0,2719648,9399560,379660,3747748,58196.080,595509.600,0,11.994,0,1.999,3055,2761,2.100,2.150,1.620,1,0,51.972,0,0,22,46,0,9,0
31-07 11:10:21,9.009,22.021,65.813,0.751,0,2719156,9398308,379660,3749868,60676.779,32993.418,1725.643,4.004,20.019,1.001,4796,4350,2.090,2.150,1.620,3,0,99.094,0,0,24,46,0,9,0
31-07 11:10:22,18.987,30.230,48.468,0,0,2729944,9387444,379660,3749944,59843.395,30771.635,0,0,0,0,6283,7760,2.090,2.150,1.620,1,0,136.909,0,0,24,46,0,9,0
31-07 11:10:23,13.487,18.482,64.187,0.999,0,2705296,9410212,379660,3751340,42891.190,19980.523,1870.177,3.996,22.978,0.999,4241,3287,2.090,2.150,1.620,2,0,64.937,0,0,24,48,0,9,0
31-07 11:10:24,6.762,28.800,62.860,0,0,2713072,9402408,379660,3751364,51518.283,28854.566,0,208.365,0,10.018,4845,3407,2.090,2.150,1.620,2,0,152.267,0,0,24,48,0,9,0
31-07 11:10:25,7.750,24.500,65.001,0,0,2720108,9395360,379660,3751376,61328.673,34650.380,0,9236.101,0,1304.014,6772,3708,2.090,2.150,1.620,1,0,136.001,0,0,24,48,0,9,0
31-07 11:10:26,6.992,24.473,66.426,0,0,2727764,9387568,379660,3751512,60622.722,32635.781,0,7.991,0,1.998,4689,3463,2,2.130,1.620,2,0,130.855,0,0,24,48,0,9,0
31-07 11:10:27,7.247,24.489,65.971,0,0,2723928,9391392,379660,3751520,45950.613,23293.665,0,27.988,0,6.997,4648,3444,2,2.130,1.620,3,0,132.941,0,0,24,48,0,9,0
31-07 11:10:28,9.266,24.792,64.360,0,0,2720552,9394756,379660,3751532,74983.904,597885.849,0,16.027,0,4.007,5174,3945,2,2.130,1.620,2,0,111.190,0,0,24,48,0,10,0
31-07 11:10:30,18.942,23.428,55.330,0,0,2721500,9393804,379668,3752020,44597.611,22518.628,0,147.545,0,2.991,5893,7108,2,2.130,1.620,3,0,73.773,0,0,24,48,0,10,0
31-07 11:10:30,18.808,24.325,55.422,0,0,2728712,9386584,379668,3751540,44814.826,23157.738,0,2206.836,0,234.727,5791,5728,2,2.130,1.620,3,0,81.252,0,0,24,48,0,10,0
31-07 11:10:32,24.326,30.035,43.688,0,0,2774412,9340852,379676,3751560,60728.739,33591.791,0,853.894,0,1.986,5208,3435,2,2.130,1.620,4,0,137.020,0,0,24,48,0,10,0
31-07 11:10:33,28.054,28.555,41.580,0,0,2814284,9300980,379676,3751560,60983.970,33238.297,0,120.233,0,5.010,5253,3402,2,2.130,1.620,2,0,159.308,0,0,24,48,0,10,0
31-07 11:10:34,25.699,28.418,43.491,0,0,2857032,9258100,379708,3751624,45531.332,24657.533,0,7.907,0,1.977,5054,3328,2,2.130,1.620,6,0,118.612,0,0,24,48,0,10,0
31-07 11:10:34,28.967,29.729,40.147,0.254,0,2892032,9221272,379736,3753332,62657.892,33987.800,12.197,731.795,2.033,5.082,5909,5540,2,2.130,1.620,3,0,145.343,0,0,24,52,0,12,0
31-07 11:10:35,26.760,31.261,39.765,0.250,0,2952160,9161128,379744,3753340,61077.430,32123.797,8.003,16.006,2.001,3.001,5344,3442,2,2.130,1.620,3,0,162.060,0,0,24,52,0,12,0
31-07 11:10:36,24.233,31.229,42.971,0,0,2950120,9163160,379744,3753344,45053.223,23961.631,0,0,0,0,5291,3446,2.160,2.160,1.630,5,0,155.894,0,0,24,52,0,12,0
31-07 11:10:38,29.107,26.122,42.790,0,0,2969408,9143844,379744,3753352,74417.652,583286.398,0,597.069,0,2.985,5628,3761,2.160,2.160,1.630,5,0,132.350,0,0,24,52,0,12,0
31-07 11:10:38,18.606,26.150,53.808,0,0,2989784,9123104,379744,3753708,60698.157,32125.740,0,12.069,0,3.017,4840,3553,2.160,2.160,1.630,4,0,126.725,0,0,24,52,0,12,0
31-07 11:10:40,7.486,24.953,65.378,0,0,2976132,9136744,379748,3753716,49396.762,24073.048,0,195.635,0,8.983,4538,3410,2.160,2.160,1.630,2,0,120.774,0,0,24,52,0,12,0
31-07 11:10:41,17.695,29.657,51.090,0,0,3027172,9085688,379748,3753724,56640.588,31282.017,0,19.938,0,4.984,4827,3402,2.160,2.160,1.630,3,0,120.622,0,0,24,52,0,12,0
31-07 11:10:41,7.029,24.349,66.269,0,0,3029948,9082908,379748,3753728,60643.226,31604.321,0,16.065,0,4.016,4567,3437,2.070,2.140,1.630,3,0,112.457,0,0,24,52,0,12,0
31-07 11:10:42,18.742,24.490,55.476,0,0,3021592,9091096,379748,3754244,44536.946,22410.412,0,7.997,0,1.999,5476,6280,2.070,2.140,1.630,1,0,73.968,0,0,24,52,0,12,0
31-07 11:10:43,20.021,22.774,55.558,0,0,3019880,9092792,379748,3753856,44842.114,22852.010,0,932.980,0,128.135,5736,6451,2.070,2.140,1.630,2,0,74.078,0,0,24,52,0,12,0
31-07 11:10:45,40.069,30.611,28.372,0,0,3063056,9049596,379764,3754312,60428.341,33307.164,0,163.261,0,0.995,5253,3368,2.070,2.140,1.630,6,0,106.518,0,0,24,52,0,12,0
31-07 11:10:46,48.389,30.181,19.954,0,0,3147636,8964980,379764,3754348,59537.004,569576.960,0,11.973,0,2.993,5897,3671,2.070,2.140,1.630,4,0,123.717,0,0,24,52,0,12,0
31-07 11:10:46,51.443,30.008,18.408,0,0,3185624,8926212,379772,3755100,60492.634,32872.923,0,12.104,0,3.026,5573,3893,2.140,2.160,1.640,4,0,126.085,0,0,24,52,0,12,0
31-07 11:10:48,51.495,27.481,19.558,0,0,3230252,8881164,379800,3755436,60385.091,31732.946,0,827.885,0,24.757,5508,3437,2.140,2.160,1.640,7,0,119.825,0,0,24,52,0,12,0
31-07 11:10:49,46.127,32.339,18.802,1.504,0,3265560,8843088,380212,3757384,45208.734,23400.564,312.863,1235.409,16.044,53.147,5437,3436,2.140,2.160,1.640,7,0,112.310,0,0,24,52,0,12,0
31-07 11:10:50,54.190,26.724,12.372,5.691,0,3297212,8810412,380800,3757396,44595.918,22647.842,581.983,3.959,116.792,0.990,6408,6559,2.140,2.160,1.640,7,0,83.140,0,0,24,56,0,12,0
31-07 11:10:51,50.895,28.442,17.963,0.499,0,3344528,8760956,381820,3758492,59947.894,30543.278,0,12147.056,0,1003.938,9610,13376,2.140,2.160,1.640,8,0,82.830,0,0,24,56,0,12,0
31-07 11:10:52,47.135,36.045,14.367,1.008,0,3412732,8680120,383872,3771240,46107.904,25456.088,0,21060.154,0,1967.080,12694,19552,2.370,2.200,1.650,7,1,139.137,0,0,24,56,0,9,0
31-07 11:10:52,46.638,33.277,16.386,2.017,0,3426760,8661644,385816,3771144,61211.001,34430.306,0,8934.293,0,1044.687,10746,19462,2.370,2.200,1.650,5,0,117.981,0,0,24,56,0,10,0
31-07 11:10:54,48.435,29.211,18.725,1.748,0,3457160,8625392,388052,3774640,45655.707,24702.836,0,9039.864,0,1054.584,10681,13252,2.370,2.200,1.650,7,0,106.857,0,0,24,56,0,10,0
31-07 11:10:55,52.727,32.486,11.995,1.249,0,3491068,8587580,389284,3776972,72964.473,578346.105,3.998,6841.044,1.000,644.721,9015,10057,2.370,2.200,1.650,7,0,93.959,0,0,24,56,0,10,0
31-07 11:10:55,60.853,29.049,8.765,0.250,0,3517728,8559292,389332,3778472,52824.802,25992.187,528.899,1282.180,7.012,52.089,6894,7152,2.370,2.200,1.650,5,0,132.225,0,0,24,62,0,14,0
31-07 11:10:56,46.069,31.798,21.032,0,0,3576672,8499716,389428,3779484,53550.566,29370.187,0,8584.916,0,1122.689,9163,7442,2.580,2.250,1.670,3,0,128.193,0,0,24,66,0,14,0
31-07 11:10:57,43.445,30.961,24.469,0.250,0,3592736,8481180,389796,3781528,45040.890,22972.872,3.995,7079.024,0.999,292.629,9688,14569,2.580,2.250,1.670,3,0,99.873,0,0,24,78,0,22,0
31-07 11:10:59,20.984,28.728,48.213,0,0,3612856,8461024,389812,3781044,60062.503,33180.866,0,183.861,0,9.992,5384,3801,2.580,2.250,1.670,2,0,102.922,0,0,24,78,0,23,0
31-07 11:10:59,25.264,29.517,43.274,0,0,3665540,8408284,389856,3781056,46029.821,26308.758,0,496.278,0,27.015,5201,3388,2.580,2.250,1.670,3,0,129.072,0,0,24,78,0,23,0
31-07 11:11:00,29.029,26.777,43.293,0,0,3701268,8372548,389856,3781064,60319.716,33186.854,0,20.020,0,5.005,5118,3362,2.580,2.250,1.670,2,0,118.117,0,0,24,78,0,22,0
31-07 11:11:02,27.454,28.202,42.428,0,0,3728680,8345116,389856,3781084,60598.514,30841.839,0,11.980,0,2.995,5109,3483,2.540,2.250,1.670,6,0,122.792,0,0,24,78,0,22,0
31-07 11:11:03,28.751,28.001,41.251,0.250,0,3765120,8308636,389860,3781120,46113.075,24096.562,4.000,1904.044,1.000,6.000,5095,3407,2.540,2.250,1.670,4,0,123.003,0,0,24,80,0,22,0
31-07 11:11:04,39.202,30.213,28.465,0,0,3755244,8317028,389860,3782692,72959.503,590421.747,0,15.980,0,3.995,7661,11108,2.540,2.250,1.670,2,0,91.887,0,0,24,78,0,25,0
31-07 11:11:04,20.058,23.066,56.663,0,0,3748888,8323248,389868,3782624,44750.480,25603.509,0,140.403,0,2.006,5466,6301,2.540,2.250,1.670,1,0,76.219,0,0,24,78,0,25,0
31-07 11:11:06,21.820,30.002,45.871,0,0,3780208,8291932,389868,3782628,45882.853,25663.930,0,1824.920,0,4.959,5583,3570,2.540,2.250,1.670,2,0,109.098,0,0,24,78,0,25,0
31-07 11:11:07,31.434,28.440,37.421,0,0,3827980,8244064,389948,3782648,61254.244,34244.019,0,666.599,0,38.918,5438,3867,2.490,2.240,1.680,2,0,116.755,0,0,24,82,0,25,0
31-07 11:11:08,31.274,26.986,41.110,0,0,3862188,8209824,389972,3782656,61164.887,33136.319,0,153.343,0,10.088,5353,3573,2.490,2.240,1.680,5,0,127.114,0,0,24,84,0,25,0
31-07 11:11:09,26.002,29.003,43.004,0.250,0,3879596,8192376,389976,3782676,46860.296,25944.379,4.000,216.020,1.000,1.000,5181,3536,2.490,2.240,1.680,3,0,134.012,0,0,24,84,0,24,0
31-07 11:11:10,30.443,25.952,41.922,0,0,3928048,8143760,389976,3782840,60570.110,31355.560,0,27.948,0,6.987,5210,3596,2.490,2.240,1.680,2,0,115.784,0,0,24,86,0,24,0
31-07 11:11:11,35.657,32.166,31.916,0,0,3970928,8100020,390016,3783656,45352.118,23035.617,0,390.975,0,23.937,6039,6392,2.490,2.240,1.680,5,0,114.699,0,0,24,84,0,25,0
31-07 11:11:11,17.092,28.404,52.534,0,0,3976508,8093644,390048,3784420,72941.279,586160.447,0,365.978,0,24.130,5455,4589,2.450,2.240,1.680,1,0,127.690,0,0,24,88,0,27,0
31-07 11:11:12,8.497,23.992,65.477,0,0,3980208,8089916,390068,3784428,60086.859,31121.050,0,299.894,0,22.992,4752,3860,2.450,2.240,1.680,1,0,107.962,0,0,24,88,0,27,0
31-07 11:11:14,21.721,22.970,53.430,0,0,3985524,8084536,390088,3784824,44628.323,22522.388,0,179.764,0,9.987,5856,6831,2.450,2.240,1.680,1,0,78.896,0,0,24,90,0,27,0
31-07 11:11:14,18.282,23.291,56.350,0,0,3980008,8090012,390104,3784436,44842.390,23645.863,0,276.490,0,12.021,5249,5491,2.450,2.240,1.680,1,0,80.142,0,0,24,90,0,27,0
31-07 11:11:16,43.258,25.955,28.427,0,0,4052900,8017096,390108,3784912,45032.536,24437.900,0,15.820,0,1.977,5081,3194,2.450,2.240,1.680,5,0,101.841,0,0,24,90,0,27,0
31-07 11:11:17,42.943,14.566,41.688,0,0,4118876,7951056,390156,3784928,60193.054,31319.032,0,606.732,0,33.149,4007,2928,2.580,2.270,1.690,2,0,16.072,0,0,24,91,0,27,0
31-07 11:11:18,24.871,17.586,56.777,0,0,4140232,7928756,390336,3785624,45687.953,25219.067,0,1278.238,0,123.603,5162,4805,2.580,2.270,1.690,1,0,80.392,0,0,24,94,0,27,0
31-07 11:11:18,6.767,24.059,66.915,0,0,4131568,7937392,390348,3785624,56770.642,29809.324,0,216.533,0,12.030,4705,3513,2.580,2.270,1.690,3,0,136.335,0,0,24,94,0,27,0
31-07 11:11:20,6.966,22.889,67.423,0,0,4136836,7932104,390372,3785636,49911.269,29899.192,0,2364.548,0,269.694,5182,3802,2.580,2.270,1.690,1,0,140.320,0,0,24,94,0,27,0
31-07 11:11:20,10.289,24.844,63.491,0,0,4112116,7956792,390396,3785644,72264.043,604677.082,0,132.502,0,12.046,5137,3786,2.580,2.270,1.690,1,0,126.480,0,0,24,96,0,27,0
31-07 11:11:21,17.081,27.882,53.251,0,0,4185412,7883476,390404,3785648,60922.372,33765.272,0,550.597,0,102.483,5330,3846,2.450,2.240,1.690,2,0,129.611,0,0,24,98,0,27,0
31-07 11:11:23,17.637,23.847,56.388,0,0,4197956,7870884,390436,3785664,45082.333,24993.410,0,262.315,0,24.840,5261,4288,2.450,2.240,1.690,1,0,127.183,0,0,24,98,0,27,0
31-07 11:11:24,6.978,23.178,67.292,0,0,4193064,7875768,390440,3785668,60633.189,33795.319,0,43.864,0,3.988,4677,3422,2.450,2.240,1.690,1,0,128.602,0,0,24,98,0,27,0
31-07 11:11:24,6.532,23.868,67.585,0,0,4196048,7872748,390440,3785680,60877.472,33560.194,0,0,0,0,4630,3441,2.450,2.240,1.690,2,0,135.672,0,0,24,98,0,27,0
31-07 11:11:25,31.507,11.002,56.013,0.250,0,4235832,7832932,390488,3785668,46005.290,25871.787,0,480.107,0,34.008,4269,4244,2.450,2.240,1.690,2,0,0,0,0,24,101,0,27,0
31-07 11:11:27,44.674,12.978,39.932,0,0,4272252,7796432,390516,3785720,29362.143,14567.265,0,15094.370,0,1682.144,8171,5158,2.410,2.240,1.690,3,0,1.997,0,0,24,101,0,28,0
31-07 11:11:28,48.028,9.005,41.524,0.250,0,4280244,7788368,390592,3785716,15931.172,8675.995,0,4250.447,0,830.478,6468,5068,2.410,2.240,1.690,2,0,5.003,0,0,24,110,0,29,0
31-07 11:11:29,23.732,4.746,69.947,0,0,4282944,7785620,390612,3785744,15246.473,7356.438,0,223.831,0,12.990,3102,3050,2.410,2.240,1.690,1,0,0.999,0,0,24,108,0,29,0
31-07 11:11:30,17.258,12.005,69.280,0,0,4242816,7825724,390624,3785756,14981.526,7675.344,0,164.071,0,9.004,3292,2606,2.410,2.240,1.690,1,0,65.028,0,0,24,108,0,29,0
31-07 11:11:31,21.498,6.999,70.493,0,0,4251680,7816848,390640,3785752,44601.841,26207.556,0,291.973,0,17.998,2587,2443,2.410,2.240,1.690,1,0,0,0,0,24,108,0,29,0
31-07 11:11:32,38.703,11.164,48.131,0,0,4283596,7784660,390708,3785952,29630.749,14480.940,0,321.534,0,33.741,5209,5765,2.300,2.220,1.690,7,0,6.947,0,0,24,110,0,30,0
31-07 11:11:33,26.039,8.012,64.097,0,0,4284260,7783932,390728,3785992,42123.525,522471.919,0,1562.356,0,14.021,4339,4617,2.300,2.220,1.690,3,0,4.006,0,0,24,112,0,30,0
31-07 11:11:34,20.368,8.047,70.408,0,0,4285956,7781944,390772,3786196,16740.018,52520.385,0,358.075,0,22.128,2903,3112,2.300,2.220,1.690,1,0,0,0,0,24,111,0,30,0
31-07 11:11:35,27.966,10.487,59.177,0.250,0,4288876,7778448,391100,3786436,15224.255,7500.765,0,1538.106,0,192.763,5542,7237,2.300,2.220,1.690,6,0,4.994,0,0,24,114,0,30,0
31-07 11:11:36,23.506,9.752,64.516,0,0,4293212,7773928,391232,3786472,14978.599,7363.770,0,944.227,0,83.020,4368,5245,2.300,2.220,1.690,3,0,3.001,0,0,24,116,0,30,0
31-07 11:11:37,27.029,10.261,61.065,0.250,0,4300292,7766368,391680,3786496,14931.841,7303.749,0,4696.983,0,318.338,5282,6682,2.280,2.220,1.690,2,0,0,0,0,24,116,0,31,0
31-07 11:11:38,16.240,15.741,66.211,0,0,4247744,7818788,391760,3786540,478.720,0,0,559.673,0,49.971,4038,3584,2.280,2.220,1.690,3,0,85.950,0,0,24,115,0,29,0
31-07 11:11:39,30.533,12.013,56.560,0,0,4287256,7779236,391772,3786552,45983.139,23534.149,0,224.240,0,12.013,3587,2867,2.280,2.220,1.690,5,0,31.033,0,0,24,117,0,29,0
31-07 11:11:40,25.495,6.249,66.986,0,0,4329016,7737404,391836,3786544,29722.925,17350.454,0,1223.750,0,66.986,3083,2950,2.280,2.220,1.690,2,0,0,0,0,24,118,0,29,0
31-07 11:11:41,23.510,6.503,68.030,0,0,4326824,7739540,391868,3786564,29664.864,14796.416,0,236.102,0,20.009,3743,4054,2.280,2.220,1.690,1,0,0,0,0,24,119,0,29,0
31-07 11:11:41,33.731,13.593,52.107,0,0,4378372,7687880,391956,3786580,15199.117,7412.779,0,507.476,0,52.359,4120,4148,2.330,2.230,1.690,1,0,5.034,0,0,24,118,0,29,0
31-07 11:11:43,23.085,8.688,65.283,0,0,4378744,7687376,392064,3786604,15038.408,7309.703,0,675.170,0,68.510,3900,4738,2.330,2.230,1.690,1,0,1.986,0,0,24,121,0,29,0
31-07 11:11:44,22.823,6.698,68.718,0,0,4382740,7683344,392096,3786604,14919.525,7305.457,0,670.808,0,33.739,3462,3902,2.330,2.230,1.690,2,0,0,0,0,24,121,0,30,0
31-07 11:11:45,37.174,18.587,43.955,0.502,0,4331712,7734140,392176,3786756,1037.850,148.695,0,795.719,0,74.347,4981,4342,2.330,2.230,1.690,2,0,70.329,0,0,24,120,0,30,0
31-07 11:11:46,36.342,18.046,44.111,0,0,4391140,7674672,392204,3786764,63750.107,34162.334,0,332.841,0,16.041,3943,2810,2.330,2.230,1.690,3,0,31.079,0,0,24,120,0,30,0
31-07 11:11:47,46.029,10.006,43.027,0,0,4439184,7626540,392288,3786768,29556.802,15513.869,0,1344.855,0,74.047,3551,2598,2.310,2.220,1.700,3,0,0,0,0,24,120,0,30,0
31-07 11:11:48,32.929,8.913,56.945,0,0,4462304,7603384,392316,3786772,16102.085,7386.023,0,427.831,0,28.720,3809,3519,2.310,2.220,1.700,2,0,3.961,0,0,24,124,0,30,0
31-07 11:11:48,23.591,6.342,69.504,0,0,4430524,7635140,392336,3786776,15485.688,7567.308,0,166.404,0,14.205,3385,3538,2.310,2.220,1.700,1,0,10.147,0,0,24,122,0,30,0
31-07 11:11:50,19.666,14.936,63.729,0,0,4431500,7634132,392336,3786804,46446.439,28031.766,0,406.272,0,62.733,3690,3049,2.310,2.220,1.700,2,0,48.792,0,0,24,122,0,30,0
31-07 11:11:51,22.959,7.487,67.880,0,0,4461724,7603904,392344,3786796,30153.562,15161.131,0,55.901,0,2.995,2548,2168,2.310,2.220,1.700,1,0,4.991,0,0,24,122,0,30,0
31-07 11:11:52,23.285,6.009,70.106,0,0,4462140,7603472,392344,3786812,29816.218,14680.264,0,4.006,0,1.002,3108,3145,2.200,2.200,1.690,1,0,0,0,0,24,124,0,30,0
31-07 11:11:53,35.267,14.257,49.523,0,0,4424548,7641052,392344,3786824,24062.269,443053.503,0,0,0,0,5037,13928,2.200,2.200,1.690,1,0,48.022,0,0,24,122,0,31,0
31-07 11:11:54,16.990,12.493,68.959,0,0,4424796,7640800,392344,3786828,33003.498,154838.503,0,3.998,0,0.999,3122,2712,2.200,2.200,1.690,1,0,41.975,0,0,24,122,0,30,0
31-07 11:11:54,22.773,5.255,70.822,0,0,4453756,7611820,392360,3786832,44907.631,22286.645,0,104.106,0,13.013,2638,2456,2.200,2.200,1.690,1,0,0,0,0,24,123,0,30,0
31-07 11:11:55,24.180,5.289,69.769,0,0,4455464,7610056,392404,3786844,15389.504,7350.692,0,362.699,0,29.217,3402,3736,2.200,2.200,1.690,1,0,0,0,0,24,124,0,30,0
31-07 11:11:57,22.788,8.669,66.629,0.248,0,4458796,7606528,392576,3786860,30165.945,14522.692,0,776.763,0,90.160,4438,5440,2.110,2.180,1.690,1,0,1.982,0,0,24,123,0,30,0
31-07 11:11:57,19.131,14.852,64.443,0,0,4431804,7633428,392636,3786892,15791.527,8800.481,0,398.740,0,35.242,4180,3557,2.110,2.180,1.690,1,0,83.574,0,0,24,124,0,20,0
31-07 11:11:59,21.387,7.958,68.636,0,0,4464860,7600356,392648,3786892,43974.950,22130.716,0,4810.506,0,772.904,3870,2401,2.110,2.180,1.690,2,0,1.989,0,0,24,124,0,21,0
31-07 11:12:00,23.364,5.965,68.849,0.249,0,4494896,7570240,392720,3786896,29676.017,15137.761,0,946.483,0,57.664,3214,3266,2.110,2.180,1.690,1,0,1.988,0,0,24,124,0,21,0
31-07 11:12:01,26.393,6.033,67.113,0,0,4486904,7578200,392736,3786912,17114.460,9021.740,0,88.478,0,8.043,3618,3705,2.110,2.180,1.690,1,0,0,0,0,24,124,0,21,0
31-07 11:12:01,15.758,13.007,69.037,0,0,4450136,7614952,392744,3786920,15163.085,7299.892,0,48.026,0,3.002,3172,2615,2.020,2.160,1.680,1,0,55.029,0,0,24,124,0,14,0
31-07 11:12:03,22.955,6.238,70.114,0,0,4463912,7601172,392748,3786920,59766.964,34209.583,0,23.953,0,2.994,2537,2213,2.020,2.160,1.680,1,0,1.996,0,0,24,124,0,14,0
31-07 11:12:03,23.554,5.011,70.160,0,0,4477684,7587388,392748,3786932,30509.713,14757.721,0,232.531,0,3.007,2907,2837,2.020,2.160,1.680,2,0,0,0,0,24,126,0,14,0
31-07 11:12:05,24.911,7.722,65.017,0,0,4475956,7588800,392940,3787056,14982.312,7417.420,0,920.701,0,118.575,4981,6195,2.020,2.160,1.680,3,0,0,0,0,24,125,0,14,0
31-07 11:12:06,22.061,10.780,64.679,0.251,0,4476292,7587944,393280,3787220,15257.181,7358.343,0,1784.935,0,199.552,5334,7129,2.020,2.160,1.680,1,0,2.006,0,0,24,125,0,11,0
31-07 11:12:07,23.756,14.004,60.766,0,0,4435464,7628388,393624,3787248,14980.012,7526.016,0,5161.383,0,285.076,4744,4880,2.020,2.160,1.690,1,0,53.014,0,0,24,124,0,11,0
31-07 11:12:08,20.890,7.212,70.132,0,0,4454800,7609032,393644,3787248,44947.335,23904.664,0,258.644,0,13.927,2469,2224,2.020,2.160,1.690,2,0,0,0,0,24,124,0,11,0
31-07 11:12:08,23.627,6.032,69.623,0.251,0,4480344,7583340,393780,3787256,30142.455,14996.326,0,1572.423,0,82.442,3212,3299,2.020,2.160,1.690,2,0,3.016,0,0,24,124,0,12,0
31-07 11:12:09,23.753,5.751,68.510,0,0,4480772,7582892,393792,3787264,39754.595,445672.719,0,88.012,0,9.001,3859,4175,2.020,2.160,1.690,1,0,1.000,0,0,24,125,0,12,0
31-07 11:12:11,20.727,9.989,68.176,0.250,0,4482132,7581380,393920,3787284,19536.727,137460.324,0,663.278,0,55.939,3782,4441,2.020,2.160,1.690,3,0,0,0,0,24,125,0,12,0
31-07 11:12:11,30.286,11.514,55.566,0,0,4498000,7565252,394136,3787320,17147.330,8821.459,0,788.935,0,87.103,5457,6860,2.010,2.160,1.690,2,1,2.002,0,0,24,125,0,12,0
31-07 11:12:13,22.741,6.498,69.224,0,0,4497960,7565252,394172,3787324,15890.016,7455.193,0,359.864,0,20.992,3120,3295,2.010,2.160,1.690,1,0,0,0,0,24,125,0,12,0
31-07 11:12:14,22.401,9.458,66.457,0,0,4497832,7565252,394272,3787348,15088.492,7490.981,0,661.086,0,60.732,4665,6020,2.010,2.160,1.690,4,0,0,0,0,24,125,0,9,0
31-07 11:12:15,35.122,7.777,54.690,0,0,4496844,7566140,394336,3787380,481.669,148.515,0,694.407,0,72.250,6767,9212,2.010,2.160,1.690,2,0,3.010,0,0,24,126,0,10,0
31-07 11:12:16,27.240,14.745,55.980,0,0,4438464,7624300,394396,3787536,31277.743,17171.820,0,587.788,0,46.983,4982,4704,2.010,2.160,1.690,1,0,76.972,0,0,24,126,0,10,0
31-07 11:12:16,20.933,7.314,70.871,0.252,0,4476976,7585772,394412,3787536,44762.130,22214.607,0,338.969,0,19.168,2545,2351,1.930,2.140,1.680,1,0,0,0,0,24,126,0,10,0
31-07 11:12:18,23.820,5.707,68.482,0,0,4507700,7554984,394472,3787540,29872.114,14774.280,0,1441.103,0,78.407,3183,3018,1.930,2.140,1.680,2,0,1.985,0,0,24,127,0,10,0
31-07 11:12:19,23.461,5.241,70.132,0,0,4507528,7555152,394476,3787540,15778.510,7349.661,0,199.665,0,32.945,3009,2871,1.930,2.140,1.680,1,0,0.998,0,0,24,128,0,10,0
31-07 11:12:20,23.503,7.001,67.508,0,0,4507652,7554840,394608,3787588,15885.799,7510.850,0,828.094,0,98.011,4497,5551,1.930,2.140,1.680,2,0,0,0,0,24,127,0,10,0
31-07 11:12:21,13.773,18.030,66.110,0,0,4470456,7591956,394684,3787592,15403.707,7668.798,0,793.324,0,60.100,4255,3535,1.930,2.140,1.680,1,0,111.186,0,0,24,126,0,10,0
31-07 11:12:22,15.968,13.723,68.614,0,0,4469832,7592556,394704,3787596,59832.592,34471.781,0,395.218,0,25.949,3239,2768,1.940,2.140,1.690,1,0,37.925,0,0,24,126,0,10,0
31-07 11:12:23,25.771,8.007,65.054,0,0,4509024,7553244,394804,3787608,31249.897,17327.359,0,1933.602,0,101.084,3081,2769,1.940,2.140,1.690,1,0,0,0,0,24,126,0,10,0
31-07 11:12:24,24.230,6.245,68.694,0,0,4521320,7540936,394808,3787616,32234.630,17060.044,0,55.954,0,6.994,3164,2959,1.940,2.140,1.690,1,0,1.998,0,0,24,126,0,10,0
31-07 11:12:25,24.269,5.254,69.304,0,0,4517232,7545000,394828,3787620,15497.094,7449.814,0,156.122,0,13.010,3846,4068,1.940,2.140,1.690,4,0,0,0,0,24,127,0,10,0
31-07 11:12:26,23.247,6.749,67.743,0,0,4516260,7545892,394884,3787640,15213.332,7295.200,0,759.917,0,108.988,4199,4784,1.940,2.140,1.690,1,0,0,0,0,24,127,0,10,0
31-07 11:12:26,27.120,9.291,61.774,0.251,0,4513680,7548328,394988,3787676,15283.711,7328.467,0,1036.592,0,124.552,5053,6144,1.860,2.120,1.680,1,0,2.009,0,0,24,127,0,10,0
31-07 11:12:27,23.822,6.018,68.458,0,0,4509924,7551800,395264,3787676,11770.729,5566.898,0,5015.223,0,254.773,3921,4137,1.860,2.120,1.680,1,0,0,0,0,24,127,0,10,0
31-07 11:12:29,20.363,12.121,65.209,0,0,4510088,7551576,395280,3787716,4619.446,1757.018,0,3366.649,0,575.007,4275,3705,1.860,2.120,1.680,15,0,0.970,0,0,24,127,0,11,0
31-07 11:12:30,47.919,18.862,31.861,0.510,0,4447284,7614088,395520,3787748,18270.282,9602.093,0,2365.349,0,173.323,8125,9865,1.860,2.120,1.680,4,0,32.626,0,0,24,128,0,11,0
31-07 11:12:31,30.358,24.839,42.150,0,0,4450520,7610532,395624,3787948,421.503,0,0,903.220,0,87.311,6836,7047,1.860,2.120,1.680,2,0,135.483,0,0,24,128,0,8,0
31-07 11:12:31,21.055,25.567,51.384,0,0,4435008,7625960,395668,3787956,56155.844,596429.630,0,533.395,0,43.113,5737,5108,1.870,2.120,1.680,1,0,123.322,0,0,24,128,0,8,0
31-07 11:12:32,22.009,7.503,69.029,0,0,4467228,7593708,395692,3787960,30378.875,14750.252,0,348.148,0,22.009,2659,2453,1.870,2.120,1.680,1,0,2.001,0,0,24,128,0,8,0
31-07 11:12:34,25.813,6.950,65.772,0,0,4497700,7563216,395696,3787976,31422.864,16370.150,0,289.895,0,15.885,3224,3146,1.870,2.120,1.680,1,0,0,0,0,24,129,0,8,0
31-07 11:12:35,22.384,6.036,69.919,0,0,4497924,7562976,395704,3787984,15450.635,7718.275,0,217.303,0,13.078,3291,3506,1.870,2.120,1.680,1,0,2.012,0,0,24,130,0,7,0
31-07 11:12:36,15.257,15.257,68.281,0,0,4452528,7608368,395704,3787988,31035.929,15835.107,0,164.074,0,9.004,3795,2996,1.870,2.120,1.680,1,0,80.036,0,0,24,128,0,7,0
31-07 11:12:37,6.001,23.503,68.510,0,0,4459532,7601348,395716,3787992,31615.603,18692.721,0,152.022,0,8.001,4434,3349,1.800,2.100,1.680,1,0,133.019,0,0,24,128,0,7,0
31-07 11:12:38,7.749,22.997,66.991,0,0,4464528,7596308,395752,3788000,61020.695,34531.300,0,387.947,0,23.997,4764,3673,1.800,2.100,1.680,4,0,131.982,0,0,24,128,0,7,0
31-07 11:12:39,7.747,24.739,64.972,0,0,4461056,7599760,395768,3788004,60306.367,31490.615,0,187.920,0,11.995,4574,3490,1.800,2.100,1.680,2,0,122.948,0,0,24,128,0,6,0
31-07 11:12:40,8.004,24.263,65.536,0,0,4451680,7609120,395776,3788012,45942.225,24225.301,0,196.108,0,16.009,4706,3695,1.800,2.100,1.680,3,0,119.065,0,0,24,128,0,6,0
31-07 11:12:40,14.005,28.261,55.521,0,0,4447364,7613372,395820,3788512,60415.457,31003.524,0,652.242,0,39.015,5973,6834,1.800,2.100,1.680,1,0,129.048,0,0,24,128,0,6,0
31-07 11:12:41,28.318,26.814,43.855,0,0,4506308,7554344,395844,3788532,45082.729,23045.068,0,256.613,0,22.053,5929,6219,1.740,2.080,1.680,3,0,82.196,0,0,24,128,0,6,0
31-07 11:12:43,25.318,24.573,48.153,0,0,4495388,7565228,395864,3788048,54961.944,453118.823,0,214.455,0,10.921,5647,3756,1.740,2.080,1.680,3,0,84.392,0,0,24,128,0,6,0
31-07 11:12:44,26.565,28.319,43.606,0,0,4521920,7538672,395884,3788052,64542.010,155562.434,0,80.195,0,9.022,5354,3519,1.740,2.080,1.680,2,0,127.310,0,0,24,128,0,6,0
31-07 11:12:45,32.732,26.235,39.728,0,0,4536636,7523760,395904,3788192,66236.836,35435.118,0,203.886,0,7.996,5547,4110,1.740,2.080,1.680,4,0,125.929,0,0,24,131,0,6,0
31-07 11:12:46,23.277,26.030,48.557,0,0,4542012,7518156,395908,3788356,46263.857,23863.781,0,152.177,0,10.012,5321,4323,1.740,2.080,1.680,1,0,119.139,0,0,24,134,0,6,0
31-07 11:12:47,21.202,30.840,44.091,0.241,0,4543884,7511832,395924,3792712,58044.055,30351.987,3.855,292.977,0.964,15.420,5470,4976,1.760,2.080,1.680,5,0,117.576,0,0,24,134,0,5,0
31-07 11:12:48,22.470,47.006,27.377,3.099,0,4576992,7472584,396020,3798604,62890.550,33040.913,86.781,1330.645,21.695,114.675,6937,8015,1.760,2.080,1.680,1,1,145.668,0,0,24,140,0,5,0
31-07 11:12:48,16.671,41.677,36.373,3.536,0,4589188,7460224,396044,3799200,46271.592,23385.861,169.741,5969.224,30.311,874.974,7201,5766,1.760,2.080,1.680,1,0,137.409,0,0,24,140,0,5,0
31-07 11:12:50,19.913,21.656,55.758,0,0,4596372,7452968,396076,3799200,44660.940,22649.583,0,354.460,0,22.900,5596,6402,1.760,2.080,1.680,1,0,78.658,0,0,24,140,0,5,0
31-07 11:12:50,28.241,21.937,49.170,0,0,4620844,7428428,396092,3799160,60153.684,30930.128,0,274.343,0,25.215,4826,3542,1.760,2.080,1.680,3,0,47.405,0,0,26,140,0,5,0
31-07 11:12:52,48.959,30.414,18.793,0,0,4688444,7360800,396092,3799180,58774.089,567973.142,0,3.956,0,0.989,5996,3736,1.860,2.090,1.690,4,0,157.264,0,0,26,140,0,5,0
31-07 11:12:53,49.608,32.502,15.151,0,0,4781240,7267968,396124,3801168,59394.861,32277.053,0,281.520,0,20.528,5946,5181,1.860,2.090,1.690,11,0,169.108,0,0,26,140,0,5,0
31-07 11:12:54,56.084,28.682,15.366,0,0,4813192,7235976,396124,3799204,62297.110,35482.156,0,4.097,0,1.024,5769,10750,1.860,2.090,1.690,5,0,156.729,0,0,26,144,0,6,0
31-07 11:12:55,48.613,29.267,20.834,0,0,4838128,7209568,396164,3800592,45433.603,23776.869,0,2166.765,0,49.605,7338,8493,1.860,2.090,1.690,4,0,167.666,0,0,26,156,0,5,0
31-07 11:12:56,25.010,27.789,45.220,0,0,4841480,7205340,396200,3801408,63003.305,34093.065,0,440.575,0,35.367,6487,6915,1.860,2.090,1.690,1,0,126.312,0,0,26,162,0,5,0
31-07 11:12:57,13.999,28.498,55.247,0,0,4846412,7200388,396212,3801936,59696.636,31026.252,0,835.953,0,123.993,6204,6993,1.870,2.090,1.690,1,0,138.992,0,0,26,162,0,5,0
31-07 11:12:58,18.996,23.496,55.740,0,0,4844068,7202656,396240,3801928,44846.598,22737.740,0,367.931,0,26.995,5571,6586,1.870,2.090,1.690,1,0,79.985,0,0,26,162,0,5,0
31-07 11:12:59,22.896,23.643,51.766,0,0,4878764,7167964,396252,3801440,45298.799,24377.571,0,155.297,0,7.964,5203,3613,1.870,2.090,1.690,3,0,81.630,0,0,26,162,0,5,0
31-07 11:13:00,32.029,28.526,38.035,0,0,4916808,7129876,396264,3801468,68677.775,461702.018,0,516.472,0,20.018,9869,3841,1.870,2.090,1.690,4,0,129.118,0,0,26,162,0,5,0
31-07 11:13:01,27.832,27.080,44.130,0,0,4959380,7087296,396264,3801476,48466.528,144866.016,0,0,0,0,5246,3405,1.870,2.090,1.690,2,0,129.380,0,0,26,162,0,5,0
31-07 11:13:02,12.972,25.445,59.621,0,0,4977976,7068648,396272,3801520,61069.945,32922.809,0,55.879,0,1.996,4916,3438,1.880,2.090,1.690,2,0,147.681,0,0,27,162,0,5,0
31-07 11:13:03,11.539,25.586,60.453,0,0,4974124,7072468,396296,3801528,47219.288,26538.963,0,160.538,0,15.050,4874,3562,1.880,2.090,1.690,1,0,145.488,0,0,27,166,0,5,0
31-07 11:13:04,10.997,23.245,63.735,0,0,4985192,7061388,396308,3801536,60730.818,34709.894,0,175.959,0,8.998,4737,3737,1.880,2.090,1.690,1,0,139.967,0,0,27,168,0,5,0
31-07 11:13:05,26.738,26.988,43.981,0,0,4985560,7060812,396340,3801708,45244.459,23427.881,0,435.812,0,36.984,5132,3972,1.880,2.090,1.690,1,0,119.948,0,0,27,182,0,5,0
31-07 11:13:06,8.491,24.475,64.434,0,0,4980644,7065692,396368,3801716,61259.648,31228.215,0,275.719,0,19.980,4601,3523,1.880,2.090,1.690,1,0,121.876,0,0,27,182,0,5,0
31-07 11:13:07,14.978,29.956,53.422,0,0,4982960,7063348,396380,3802224,46465.966,24299.422,0,99.854,0,8.987,5958,6370,1.730,2.050,1.680,2,0,145.787,0,0,27,182,0,5,0
31-07 11:13:07,19.698,22.981,56.317,0,0,4994356,7051828,396408,3802244,60015.284,30379.890,0,266.685,0,17.173,5882,6816,1.730,2.050,1.680,5,0,82.834,0,0,27,182,0,5,0
31-07 11:13:09,26.313,22.093,50.143,0,0,5027672,7018512,396420,3801748,55136.560,469818.022,0,170.784,0,7.943,5282,3560,1.730,2.050,1.680,2,0,68.512,0,0,27,182,0,5,0
31-07 11:13:10,26.456,28.452,42.928,0,0,5075624,6970408,396560,3801756,47433.294,148750.043,0,2939.061,0,146.753,5620,4002,1.730,2.050,1.680,3,0,124.790,0,0,27,182,0,5,0
31-07 11:13:11,28.972,26.475,43.459,0,0,5104352,6941432,396576,3801984,61891.192,35612.162,0,367.651,0,22.978,5580,4059,1.730,2.050,1.680,3,0,142.864,0,0,27,183,0,5,0
31-07 11:13:12,32.079,26.816,38.595,0,0,5112488,6933196,396608,3802004,61042.564,33207.364,0,392.963,0,29.071,5851,4868,1.750,2.050,1.680,3,0,116.285,0,0,27,188,0,4,0
31-07 11:13:13,13.750,26.750,57.000,0,0,5133324,6912352,396608,3802012,46290.807,23545.902,0,16.000,0,4.000,4720,3529,1.750,2.050,1.680,2,0,120.999,0,0,27,188,0,4,0
31-07 11:13:14,35.566,37.058,24.871,0,0,5158676,6884508,396640,3804824,63002.599,32646.864,0,549.155,0,27.856,9342,13350,1.750,2.050,1.680,4,0,162.160,0,0,27,194,0,4,0
31-07 11:13:15,19.046,25.312,54.383,0.251,0,5166184,6876876,396656,3804928,45566.148,24022.597,0,380.929,0,19.046,5694,6423,1.750,2.050,1.680,7,0,94.230,0,0,27,194,0,4,0
31-07 11:13:16,18.250,20.999,59.499,0.250,0,5160532,6882404,396672,3804580,46675.878,23709.430,0,123.997,0,10.000,4174,3201,1.750,2.050,1.680,2,0,38.999,0,0,27,194,0,3,0
31-07 11:13:17,26.785,29.038,42.556,0,0,5197852,6845052,396688,3804592,60892.420,37785.904,0,188.249,0,12.016,5317,3581,1.770,2.050,1.680,3,0,137.181,0,0,27,194,0,3,0
31-07 11:13:18,31.741,30.242,36.740,0,0,5231812,6811052,396708,3804612,60120.225,579449.318,0,479.866,0,26.992,6031,4409,1.770,2.050,1.680,3,0,144.960,0,0,27,194,0,3,0
31-07 11:13:19,30.635,27.646,39.601,0,0,5241864,6800968,396736,3804600,60788.614,32384.330,0,191.281,0,17.933,5924,4636,1.770,2.050,1.680,2,0,143.461,0,0,27,196,0,3,0
31-07 11:13:20,30.309,35.319,32.313,0,0,5278664,6760652,396768,3808056,60874.095,32996.555,0,324.635,0,25.049,8007,10677,1.770,2.050,1.680,4,0,171.335,0,0,27,200,0,3,0
31-07 11:13:21,8.027,26.337,63.209,0,0,5276020,6763272,396784,3808060,62009.881,32549.544,0,13709.296,0,55.182,4956,3623,1.770,2.050,1.680,1,0,150.497,0,0,27,200,0,3,0
31-07 11:13:22,9.230,26.444,61.619,0,0,5280104,6759164,396800,3808068,45944.550,23575.995,0,271.424,0,19.958,4939,3732,1.790,2.050,1.690,2,0,157.666,0,0,27,202,0,3,0
31-07 11:13:23,12.998,24.746,60.489,0,0,5278460,6760784,396820,3808072,61429.336,33300.219,0,335.942,0,18.997,4854,3704,1.790,2.050,1.690,2,0,145.975,0,0,27,206,0,3,0
31-07 11:13:24,6.763,23.546,66.882,0,0,5284240,6754996,396820,3808080,61121.544,34163.377,0,12.024,0,2.004,4537,3533,1.790,2.050,1.690,4,0,137.271,0,0,27,206,0,3,0
31-07 11:13:25,8.988,24.966,64.162,0,0,5286428,6752652,396840,3808216,45549.175,24206.612,0,199.725,0,13.981,4780,3822,1.790,2.050,1.690,1,0,105.854,0,0,27,206,0,3,0
31-07 11:13:26,9.984,25.460,62.650,0,0,5291524,6747524,396868,3808224,74053.343,591775.781,0,2851.470,0,35.943,5305,4239,1.790,2.050,1.690,3,0,117.813,0,0,27,206,0,3,0
31-07 11:13:27,8.234,24.451,64.871,0,0,5293176,6745848,396884,3808228,45335.990,23227.883,0,191.620,0,14.970,4683,3861,1.730,2.030,1.680,2,0,120.760,0,0,27,206,0,3,0
31-07 11:13:28,17.803,23.570,56.417,0,0,5285284,6753652,396916,3808244,60230.801,30598.326,0,798.357,0,114.338,5490,6597,1.730,2.030,1.680,2,0,91.269,0,0,27,206,0,3,0
31-07 11:13:29,28.061,26.307,44.095,0,0,5299512,6739344,396956,3808752,48394.704,24806.670,0,312.676,0,27.059,6687,7108,1.730,2.030,1.680,1,0,86.186,0,0,27,210,0,4,0
31-07 11:13:30,25.203,27.948,44.917,0,0,5330500,6708280,396964,3808272,46152.561,24959.794,0,207.616,0,10.980,5586,3743,1.730,2.030,1.680,3,0,111.793,0,0,27,212,0,4,0
31-07 11:13:31,42.019,11.755,45.521,0,0,5420396,6618356,396976,3808272,60597.814,31748.572,0,120.055,0,7.003,3659,2429,1.730,2.030,1.680,2,0,8.004,0,0,27,212,0,4,0
31-07 11:13:32,43.414,14.222,41.418,0,0,5483208,6554852,396988,3808936,44640.294,22072.140,0,215.572,0,11.976,4417,4618,1.750,2.030,1.680,3,0,2.994,0,0,27,212,0,3,0
31-07 11:13:32,43.744,10.620,45.261,0,0,5563940,6473316,396996,3809716,29929.741,14892.049,0,169.917,0,5.057,4472,3814,1.750,2.030,1.680,2,0,5.057,0,0,27,215,0,3,0
31-07 11:13:34,35.858,14.838,46.739,0,0,5588300,6448884,397000,3809792,41639.526,20707.491,0,138.485,0,5.935,4504,3504,1.750,2.030,1.680,2,0,51.437,0,0,27,218,0,3,0
31-07 11:13:35,21.917,42.849,30.044,2.463,0,5550188,6485472,397312,3810820,48871.580,26418.667,1071.719,874.712,104.414,21.671,5790,4400,1.750,2.030,1.680,6,0,156.621,0,0,27,216,0,3,0
31-07 11:13:36,39.889,50.560,8.384,0.508,0,5567492,6463004,397500,3815504,59670.981,587447.421,1548.813,491.880,55.895,28.456,8888,12323,1.750,2.030,1.680,4,0,127.035,0,0,27,216,0,3,0
31-07 11:13:37,41.791,32.282,24.775,0.500,0,5599688,6430396,397528,3815836,61331.779,34133.826,20.020,316.313,2.002,24.024,7048,7058,2.010,2.080,1.700,4,0,131.130,0,0,27,218,0,4,0
31-07 11:13:38,44.440,30.289,22.096,0,0,5600228,6429804,397556,3815860,45655.326,24471.191,0,325.726,0,22.841,6853,6533,2.010,2.080,1.700,8,0,119.168,0,0,27,222,0,4,0
31-07 11:13:39,45.387,30.673,21.696,0,0,5607812,6422048,397628,3815924,60383.288,31443.519,0,1827.439,0,70.823,6950,6849,2.010,2.080,1.700,6,0,114.714,0,0,27,221,0,4,0
31-07 11:13:40,34.344,32.071,32.828,0,0,5560852,6468556,397876,3816128,62542.561,32946.537,0,1769.701,0,263.637,6899,7457,2.010,2.080,1.700,3,0,117.172,0,0,27,222,0,4,0
31-07 11:13:41,28.976,28.976,41.465,0,0,5601180,6428196,397900,3816136,45771.547,24069.779,0,1714.560,0,31.973,5470,4168,2.010,2.080,1.700,3,0,118.900,0,0,27,223,0,4,0
31-07 11:13:42,33.703,29.959,33.204,0,0,5594332,6434980,397924,3816652,60137.818,30268.133,0,439.392,0,25.964,6792,7663,2.090,2.100,1.710,2,0,124.827,0,0,27,224,0,5,0
31-07 11:13:43,44.926,26.955,26.706,0,0,5544248,6484952,397988,3816636,44771.931,22642.541,0,567.062,0,42.929,6671,7749,2.090,2.100,1.710,2,0,88.853,0,0,27,222,0,5,0
31-07 11:13:44,50.936,28.855,20.073,0,0,5607232,6421912,398000,3816616,54208.568,455409.783,0,212.775,0,8.029,5512,3695,2.090,2.100,1.710,4,0,113.413,0,0,27,222,0,5,0
31-07 11:13:45,63.978,15.995,19.686,0,0,5699860,6329204,398036,3816656,45721.803,140393.849,7.874,405.524,0.984,30.513,5330,4449,2.090,2.100,1.710,5,0,24.607,0,0,27,223,0,5,0
31-07 11:13:46,62.017,14.742,21.350,1.271,0,5757532,6270584,398068,3817572,30206.587,15120.068,740.143,296.871,7.117,16.267,5098,3990,2.090,2.100,1.710,5,0,6.100,0,0,27,229,0,5,0
31-07 11:13:47,63.179,15.982,19.478,0,0,5756144,6269828,398320,3819108,29825.394,14575.577,0,5058.301,0,258.709,5898,6252,2.160,2.110,1.720,4,0,4.994,0,0,27,229,0,5,0
31-07 11:13:48,46.052,21.775,31.536,0,0,5817932,6207792,398332,3819336,15634.661,7466.434,0,468.529,0,15.017,5221,4243,2.160,2.110,1.720,2,0,73.083,0,0,27,226,0,12,0
31-07 11:13:49,28.180,26.185,43.891,0,0,5842180,6183520,398348,3819344,45565.306,26861.565,0,195.516,0,10.973,5381,4085,2.160,2.110,1.720,3,0,130.677,0,0,27,226,0,13,0
31-07 11:13:50,27.784,27.534,42.052,0,0,5829280,6196328,398408,3819368,61444.106,33253.188,0,520.645,0,51.063,6351,5767,2.160,2.110,1.720,4,0,125.155,0,0,27,226,0,13,0
31-07 11:13:51,28.640,33.122,35.613,0,0,5824648,6200904,398428,3819388,46740.931,25309.495,0,346.664,0,20.919,5280,3762,2.160,2.110,1.720,3,0,129.501,0,0,27,226,0,13,0
31-07 11:13:52,29.312,28.310,42.089,0,0,5871824,6153676,398440,3819396,60601.338,31721.177,0,8309.598,0,224.475,5473,3517,2.150,2.110,1.720,4,0,113.240,0,0,27,227,0,13,0
31-07 11:13:53,35.549,29.040,33.546,0,0,5870436,6155020,398452,3819908,45261.869,23874.634,0,164.224,0,8.011,6382,7449,2.150,2.110,1.720,2,0,119.163,0,0,27,228,0,13,0
31-07 11:13:54,46.055,32.039,21.776,0,0,5786744,6238576,398492,3819788,44728.855,22429.005,0,296.357,0,30.036,7324,22391,2.150,2.110,1.720,2,0,127.153,0,0,27,226,0,14,0
31-07 11:13:55,45.233,28.830,23.859,0,0,5798948,6226308,398536,3819404,63831.258,573894.780,0,405.606,0,36.783,6104,4502,2.150,2.110,1.720,4,0,79.531,0,0,27,230,0,14,0
31-07 11:13:56,47.319,30.044,21.031,0,0,5873096,6151984,398548,3819568,54195.724,32094.620,0,236.343,0,19.028,6109,4492,2.150,2.110,1.720,4,0,126.183,0,0,27,230,0,14,0
31-07 11:13:57,45.674,31.697,21.215,0,0,5918264,6106452,398592,3819836,60936.321,33735.708,0,319.467,0,25.957,6358,5376,2.300,2.140,1.730,6,0,134.775,0,0,27,232,0,13,0
31-07 11:13:58,54.876,32.473,12.083,0,0,5877816,6145856,398668,3820772,45327.929,23817.376,0,2005.759,0,195.340,6998,7052,2.300,2.140,1.730,5,0,123.850,0,0,27,236,0,17,0
31-07 11:13:59,27.912,28.909,41.619,0,0,5900300,6123360,398672,3820816,60446.442,31776.351,0,330.962,0,15.950,5571,4335,2.300,2.140,1.730,2,0,130.590,0,0,27,238,0,17,0
31-07 11:14:00,34.543,28.579,33.549,0,0,5916744,6106896,398684,3821312,59987.217,30602.457,0,998.014,0,12.922,7077,7684,2.300,2.140,1.730,9,0,126.243,0,0,27,238,0,17,0
31-07 11:14:01,40.176,26.114,32.894,0,0,5909628,6113832,398696,3821476,29722.148,14804.828,0,237.038,0,15.066,6992,8030,2.300,2.140,1.730,12,0,89.391,0,0,27,238,0,16,0
31-07 11:14:02,39.512,28.008,31.509,0,0,5887572,6135824,398700,3820984,45958.467,24188.088,0,740.217,0,119.035,5462,3747,2.350,2.160,1.740,7,0,51.015,0,0,27,238,0,16,0
31-07 11:14:03,48.045,29.872,21.409,0,0,5967148,6056236,398700,3820992,60649.794,33634.253,0,151.353,0,6.970,5872,4189,2.350,2.160,1.740,3,0,124.468,0,0,27,238,0,16,0
31-07 11:14:04,47.164,31.274,20.681,0,0,6001832,6021528,398708,3821008,73880.284,585251.462,0,165.452,0,9.080,6428,5171,2.350,2.160,1.740,5,0,129.133,0,0,27,239,0,16,0
31-07 11:14:04,48.591,31.058,18.535,0,0,5942916,6078884,398800,3822360,45556.028,23515.891,0,1053.967,0,78.146,7391,8944,2.350,2.160,1.740,3,0,135.252,0,0,27,244,0,19,0
31-07 11:14:06,28.407,27.659,42.610,0,0,5989924,6031768,398804,3822460,61002.039,31544.599,0,195.360,0,10.964,5043,3440,2.350,2.160,1.740,2,0,115.621,0,0,27,244,0,19,0
31-07 11:14:07,30.878,25.648,41.834,0,0,6009904,6011640,398808,3822992,60271.270,31106.789,0,294.832,0,15.937,5668,5036,2.490,2.190,1.750,6,0,100.602,0,0,27,246,0,19,0
31-07 11:14:08,37.366,29.893,30.640,0,0,5988860,6032620,398852,3823008,44634.762,22664.634,0,550.025,0,33.878,7335,9329,2.490,2.190,1.750,10,0,143.485,0,0,27,244,0,20,0
31-07 11:14:09,38.213,28.157,32.430,0.251,0,6020380,6001060,398876,3822620,45233.622,23520.840,0,325.812,0,17.095,5155,3846,2.490,2.190,1.750,4,0,68.380,0,0,27,246,0,20,0
31-07 11:14:10,47.762,31.593,19.901,0,0,6102116,5919292,398884,3822644,61802.359,33604.722,0,206.970,0,10.946,5791,4142,2.490,2.190,1.750,6,0,131.346,0,0,27,247,0,20,0
31-07 11:14:11,60.037,17.261,21.763,0,0,6152524,5868632,398932,3822844,45303.024,22696.039,0,972.602,0,56.035,5423,4437,2.490,2.190,1.750,6,0,6.004,0,0,27,248,0,20,0
31-07 11:14:12,65.275,14.059,20.085,0,0,6132716,5887880,399028,3823296,30176.170,15045.405,0,1972.312,0,63.267,5368,4246,2.530,2.200,1.760,4,0,6.025,0,0,27,246,0,23,0
31-07 11:14:13,59.917,18.050,21.560,0,0,6248916,5770952,399064,3823960,32003.288,16521.093,0,497.388,0,35.098,5609,5785,2.530,2.200,1.760,4,0,5.014,0,0,27,252,1,27,0
31-07 11:14:13,48.102,8.815,42.058,0,0,6296708,5723128,399068,3823988,24768.403,437663.439,0,149.092,0,8.059,5261,5180,2.530,2.200,1.760,2,0,1.007,0,0,27,253,1,29,0
31-07 11:14:15,49.030,8.377,40.160,0,0,6297664,5722120,399116,3823996,18851.192,138829.452,0,1056.487,0,56.175,5441,5208,2.530,2.200,1.760,8,0,2.957,0,0,27,260,1,29,0
31-07 11:14:16,28.612,26.604,43.671,0,0,6235956,5783752,399164,3824020,31014.600,18444.315,0,461.811,0,40.157,5587,4735,2.530,2.200,1.760,2,0,121.476,0,0,27,258,1,30,0
31-07 11:14:17,27.187,26.688,43.898,0,0,6259676,5760012,399176,3824028,60687.509,34561.989,0,231.464,0,11.972,5446,3705,2.570,2.210,1.770,4,0,130.697,0,0,27,258,1,30,0
31-07 11:14:18,29.049,29.550,40.068,0,0,6264076,5755552,399220,3824040,61305.542,32985.711,0,8438.252,0,354.599,6543,4936,2.570,2.210,1.770,3,0,127.215,0,0,27,258,1,30,0
31-07 11:14:19,26.738,28.737,40.981,0,0,6247608,5771984,399240,3824052,44595.490,22991.426,0,311.857,0,29.986,6256,5646,2.570,2.210,1.770,4,0,120.944,0,0,27,258,1,30,0
31-07 11:14:20,18.799,29.326,50.381,0,0,6202372,5817056,399260,3824196,62049.529,31708.545,0,280.731,0,17.044,5350,4200,2.570,2.210,1.770,1,0,154.402,0,0,27,258,1,30,0
31-07 11:14:21,7.750,25.251,65.254,0,0,6185716,5833696,399272,3824200,60177.509,31721.850,0,268.016,0,15.001,4725,3683,2.570,2.210,1.770,3,0,120.007,0,0,27,258,1,30,0
31-07 11:14:22,16.508,24.513,56.779,0,0,6171756,5847616,399300,3824716,45220.144,22269.398,0,356.182,0,20.010,5373,6574,2.440,2.190,1.760,2,0,106.054,0,0,27,258,1,30,0
31-07 11:14:23,22.265,25.016,51.284,0,0,6147728,5871516,399340,3824720,44645.287,23151.187,0,1685.105,0,260.171,6214,7016,2.440,2.190,1.760,2,0,90.059,0,0,27,260,1,30,0
31-07 11:14:24,31.576,25.609,40.527,0,0,6148828,5870360,399344,3824696,55766.439,453269.273,0,15.913,0,2.984,5481,4081,2.440,2.190,1.760,3,0,67.628,0,0,28,260,1,30,0
31-07 11:14:25,50.096,24.547,25.048,0,0,6217940,5801216,399384,3824684,64130.717,156735.921,0,284.544,0,24.046,5590,3953,2.440,2.190,1.760,4,0,93.178,0,0,28,263,1,30,0
31-07 11:14:26,43.610,10.025,44.362,0,0,6295120,5723796,399424,3824880,44439.424,22254.300,0,364.923,0,31.079,4125,3568,2.440,2.190,1.760,2,0,4.010,0,0,28,263,1,30,0
31-07 11:14:27,47.259,7.251,45.009,0,0,6336972,5681336,399480,3825372,29597.634,14792.816,0,772.147,0,34.006,3734,2800,2.410,2.190,1.760,2,0,0,0,0,28,263,1,30,0
31-07 11:14:28,27.461,18.474,51.426,0.499,0,6339544,5677376,399560,3826552,30543.187,16446.408,0,671.037,0,54.921,5875,6825,2.410,2.190,1.760,3,0,99.857,0,0,28,264,1,31,0
31-07 11:14:29,9.508,21.517,67.053,0,0,6342228,5674632,399620,3826552,60697.961,34307.108,0,5544.381,0,515.407,5279,3806,2.410,2.190,1.760,1,0,118.093,0,0,28,265,1,32,0
31-07 11:14:30,1.753,2.003,94.150,0,0,6341560,5675236,399684,3826552,51108.241,23654.601,0,697.108,0,41.065,1722,2511,2.410,2.190,1.760,0,0,0,0,0,28,265,2,31,0
31-07 11:14:31,3.476,2.483,92.606,0,0,6341620,5674984,399696,3826728,259599.661,41424.918,0,146.978,0,11.917,2242,2815,2.410,2.190,1.760,0,0,1.986,0,0,28,265,1,31,0
31-07 11:14:32,3.011,3.011,88.317,0,0,6335656,5677392,399696,3830236,3882975.519,106291.494,0,0,0,0,6751,4968,2.370,2.190,1.760,0,0,0,0,0,28,265,1,31,0
31-07 11:14:33,14.175,9.699,66.896,0,0,6329860,5673656,399708,3839460,9779000.216,220611.577,0,155.180,0,12.932,16849,13121,2.370,2.190,1.760,1,0,5.968,0,0,28,265,1,31,0
31-07 11:14:34,6.051,12.859,77.151,0,0,6325588,5674704,399716,3842576,3356786.450,70045.269,0,625.278,0,27.230,7203,5563,2.370,2.190,1.760,1,0,68.579,0,0,28,264,1,31,0
31-07 11:14:35,11.463,24.671,59.559,1.246,0,6327420,5670440,399800,3844900,75401.213,598152.923,2292.648,2089.300,26.914,113.636,5953,5247,2.370,2.190,1.760,1,0,134.568,0,0,28,264,1,31,0
31-07 11:14:36,14.508,15.258,68.536,0,0,6352328,5645492,399836,3844904,45997.895,24746.856,0,312.162,0,27.014,3886,3612,2.370,2.190,1.760,2,0,59.031,0,0,28,264,1,31,0
31-07 11:14:37,22.804,5.764,69.915,0,0,6404480,5593328,399848,3844904,44089.965,22234.429,0,144.340,0,8.019,2667,2516,2.260,2.170,1.760,1,0,2.005,0,0,28,264,1,31,0
31-07 11:14:38,28.200,7.111,63.267,0,0,6404664,5593104,399880,3844912,29084.003,14312.967,0,631.685,0,39.235,3534,3528,2.260,2.170,1.760,3,0,1.962,0,0,28,274,1,31,0
31-07 11:14:39,23.189,7.135,68.292,0,0,6404872,5592880,399884,3844928,15203.620,7571.231,0,134.545,0,13.251,4409,5284,2.260,2.170,1.760,1,0,1.019,0,0,28,273,1,31,0
31-07 11:14:40,25.755,4.501,67.763,0,0,6405284,5592388,399884,3845008,14961.811,7297.371,0,12.002,0,3.001,4708,5386,2.260,2.170,1.760,2,0,2.000,0,0,28,274,1,32,0
31-07 11:14:41,25.508,6.252,66.021,0,0,6412956,5584604,399940,3845056,14980.693,7446.332,0,512.160,0,43.013,4563,5276,2.260,2.170,1.760,1,0,1.000,0,0,28,277,1,34,0
31-07 11:14:42,25.935,5.486,66.584,0.249,0,6412788,5584604,399988,3845176,417.958,0,0,458.856,0,40.898,5106,6115,2.320,2.180,1.770,2,0,0.998,0,0,28,278,1,34,0
31-07 11:14:43,25.511,5.753,66.029,0,0,6413580,5583608,400012,3845356,15092.624,7299.203,0,1276.560,0,24.011,4662,5387,2.320,2.180,1.770,1,0,2.001,0,0,28,278,1,34,0
31-07 11:14:44,26.608,12.185,59.184,0,0,6467084,5529972,400040,3845452,14960.992,7418.329,0,377.979,0,30.835,4737,5251,2.320,2.180,1.770,2,0,0,0,0,28,281,1,40,0
31-07 11:14:45,22.649,11.325,52.597,10.570,0,6414160,5566200,400120,3861572,301.993,0,0,16605.568,0,67.445,6324,8277,2.320,2.180,1.770,2,0,21.139,0,0,28,278,1,45,0
31-07 11:14:46,14.992,19.739,62.716,0,0,6349156,5631284,400128,3861484,32097.694,25687.151,0,227.877,0,12.993,4520,3679,2.320,2.180,1.770,1,0,116.937,0,0,28,278,1,44,0
31-07 11:14:47,7.246,25.236,65.714,0,0,6354096,5626328,400132,3861492,60747.090,43816.262,0,183.900,0,7.996,5037,3888,2.220,2.160,1.760,2,0,158.914,0,0,28,278,1,44,0
31-07 11:14:48,10.508,21.017,65.552,0,0,6366380,5614024,400144,3861500,60749.513,35626.450,0,220.176,0,9.007,4999,4035,2.220,2.160,1.760,1,0,191.153,0,0,28,278,1,44,0
31-07 11:14:49,22.251,8.500,69.002,0.250,0,6411684,5568664,400204,3861496,44476.566,22094.778,0,3660.129,0,451.016,3524,2779,2.220,2.160,1.760,2,0,3.000,0,0,28,278,1,44,0
31-07 11:14:50,19.841,10.664,67.459,0,0,6425980,5554340,400228,3861500,42315.708,566765.607,0,440.468,0,31.745,3704,3234,2.220,2.160,1.760,1,0,40.674,0,0,28,278,1,36,0
31-07 11:14:51,8.322,25.976,64.308,0,0,6421320,5558992,400228,3861508,61575.644,35800.849,0,0,0,0,4775,3704,2.220,2.160,1.760,1,0,135.174,0,0,28,278,1,36,0
31-07 11:14:52,6.754,24.266,66.793,0,0,6414476,5565784,400256,3861532,60974.505,33915.974,0,188.122,0,20.013,5043,4263,2.040,2.120,1.750,2,0,134.087,0,0,28,278,1,36,0
31-07 11:14:53,7.748,22.245,67.484,0,0,6402540,5577672,400296,3861536,56086.511,29136.992,0,631.848,0,40.990,4904,4154,2.040,2.120,1.750,2,0,119.971,0,0,28,278,1,36,0
31-07 11:14:54,6.998,26.241,63.977,0,0,6387228,5592948,400312,3861552,50378.038,33636.007,0,139.950,0,12.995,4879,3923,2.040,2.120,1.750,2,0,156.944,0,0,28,278,1,36,0
31-07 11:14:55,17.510,25.765,54.283,0,0,6361832,5618300,400344,3861564,61191.661,32921.724,0,236.141,0,27.016,5502,14262,2.040,2.120,1.750,0,0,129.077,0,0,28,278,1,37,0
31-07 11:14:56,6.248,3.999,88.225,0,0,6368076,5612028,400368,3861568,44374.669,22029.878,0,423.882,0,35.990,2403,2986,2.040,2.120,1.750,1,0,8.997,0,0,28,278,1,37,0
31-07 11:14:57,24.248,7.499,66.244,0,0,6413328,5566616,400384,3861712,46014.165,25572.869,0,107.991,0,11.999,3093,3097,1.950,2.110,1.750,1,0,0,0,0,28,278,1,37,0
31-07 11:14:58,22.248,6.999,69.243,0,0,6445820,5534120,400384,3861712,29653.864,15304.381,0,111.988,0,2.000,3390,3533,1.950,2.110,1.750,1,0,2.000,0,0,28,288,1,33,0
31-07 11:14:59,24.701,5.988,68.116,0,0,6446208,5533640,400404,3861768,29473.822,14952.486,0,239.527,0,21.957,3504,3660,1.950,2.110,1.750,2,0,1.996,0,0,28,302,1,34,0
31-07 11:15:00,13.525,17.282,67.626,0,0,6409948,5569872,400404,3861780,38631.250,460934.058,0,324.607,0,68.127,4360,3437,1.950,2.110,1.750,1,0,94.176,0,0,28,302,1,34,0
31-07 11:15:01,5.245,8.742,68.940,14.987,0,6400472,5569592,400508,3871076,62231.799,147403.619,6014.761,0,123.892,0,3285,3262,1.950,2.110,1.750,0,1,19.983,0,0,28,302,1,34,0
31-07 11:15:02,1.999,3.998,69.469,21.990,0,6393088,5555936,400556,3891940,29517.743,14585.449,19915.056,483.783,188.915,22.990,2577,3132,1.880,2.090,1.740,0,1,2.999,0,0,28,302,1,33,0
31-07 11:15:03,2.253,3.755,70.845,21.529,0,6388032,5543268,400612,3909492,29571.593,14611.563,16317.848,464.622,151.202,35.047,2256,2852,1.880,2.090,1.740,0,1,0,0,0,28,302,1,33,0
31-07 11:15:04,3.501,4.751,68.761,21.753,0,6368924,5542512,400664,3929180,15710.418,7297.123,18262.811,1548.238,171.026,267.041,3123,3168,1.880,2.090,1.740,0,1,22.003,0,0,28,304,1,34,0
31-07 11:15:05,2.996,6.740,65.902,21.718,0,6353848,5540524,400692,3946080,15115.596,7446.962,15952.356,16180.018,159.763,57.914,2836,3352,1.880,2.090,1.740,0,1,0,0,0,28,304,1,34,0
31-07 11:15:06,3.003,3.754,70.571,21.021,0,6354316,5513320,400724,3972628,15110.244,7451.517,24736.956,284.287,245.247,22.022,2709,3171,1.880,2.090,1.740,0,1,0,0,0,28,304,1,31,0
31-07 11:15:07,2.501,3.751,70.766,21.505,0,6354644,5490400,400728,3995088,15241.413,7657.715,21592.835,56.013,212.047,6.001,2427,2791,1.810,2.070,1.740,0,1,2.000,0,0,28,304,1,31,0
31-07 11:15:08,6.744,8.742,66.691,15.736,0,6354156,5476540,400732,4009344,1927.283,1351.796,12065.252,51.954,115.897,2.997,3193,3156,1.810,2.070,1.740,1,1,15.986,0,0,28,304,1,31,0
31-07 11:15:09,3.003,4.505,70.071,21.021,0,6354292,5453356,400760,4032228,30294.514,26538.731,21741.900,108.109,213.215,12.012,2792,3030,1.810,2.070,1.740,1,1,1.001,0,0,28,304,1,31,0
31-07 11:15:10,2.996,4.244,69.405,21.221,0,6354940,5432480,400780,4052340,44689.699,22055.746,19277.557,219.699,190.738,22.968,2831,3178,1.810,2.070,1.740,0,1,21.970,0,0,28,306,1,31,0
31-07 11:15:11,5.253,11.508,68.795,13.259,0,6356208,5418368,400808,4065064,46878.749,28516.705,12127.955,204.134,117.077,15.010,3490,3464,1.810,2.070,1.740,0,1,26.017,0,0,28,306,1,30,0
31-07 11:15:12,2.500,3.250,69.746,21.999,0,6355068,5401232,400828,4083216,30193.226,14723.135,17710.959,207.988,153.991,19.999,2581,3239,1.740,2.050,1.730,1,1,0,0,0,28,306,1,30,0
31-07 11:15:13,2.752,5.003,69.546,21.514,0,6355176,5381336,400832,4102916,30594.311,14667.738,19404.883,8.005,176.117,2.001,2809,3062,1.740,2.050,1.730,0,1,2.001,0,0,28,306,1,30,0
31-07 11:15:14,10.742,14.240,60.206,12.741,0,6396236,5327652,400844,4115440,15327.721,7452.516,11343.653,287.788,112.917,14.989,3427,3345,1.740,2.050,1.730,0,1,29.978,0,0,28,306,1,30,0
31-07 11:15:15,4.496,5.245,67.437,20.731,0,6396164,5306692,400864,4136368,52528.891,31096.927,19541.730,115.892,242.773,12.988,3494,3797,1.740,2.050,1.730,1,1,0,0,0,28,306,1,21,0
31-07 11:15:16,8.766,11.020,62.365,16.530,0,6386120,5303756,400872,4149272,34514.432,586932.693,13200.260,332.611,144.265,22.041,3818,3512,1.740,2.050,1.730,1,0,14.026,0,0,28,306,1,21,0
31-07 11:15:17,3.251,4.252,70.779,20.008,0,6383668,5295568,400872,4159864,60034.577,33575.745,10324.227,0,118.048,0,2460,2707,1.680,2.030,1.730,0,1,5.002,0,0,28,306,1,21,0
31-07 11:15:18,2.249,4.498,70.223,21.242,0,6379516,5281004,400876,4178496,30285.460,14586.442,18560.928,95.963,200.923,9.996,2784,3009,1.680,2.030,1.730,0,1,0,0,0,28,306,1,21,0
31-07 11:15:19,7.498,11.748,65.486,12.497,0,6378264,5269728,400888,4190960,47036.276,28251.159,11753.570,147.969,154.968,17.996,3994,3700,1.680,2.030,1.730,0,1,28.994,0,0,28,306,1,20,0
31-07 11:15:20,3.002,4.753,69.297,21.264,0,6375984,5254572,400900,4208320,44601.243,22064.962,16615.266,1897.286,203.138,296.201,3363,3013,1.680,2.030,1.730,0,1,1.001,0,0,28,306,1,20,0
31-07 11:15:21,3.997,8.494,69.453,15.739,0,6373628,5240984,400912,4224188,45977.959,27193.641,15257.699,127.914,207.860,7.995,3205,3167,1.680,2.030,1.730,0,1,15.989,0,0,28,306,1,20,0
31-07 11:15:22,2.500,4.249,70.488,21.496,0,6373640,5223068,400916,4242008,29709.820,14721.434,17157.009,227.960,214.963,13.998,2499,2910,1.630,2.020,1.730,0,1,2.000,0,0,28,306,1,20,0
31-07 11:15:23,4.003,8.506,69.549,15.761,0,6372252,5210624,400916,4255760,44717.216,25946.112,13437.380,0,153.107,0,3052,3074,1.630,2.020,1.730,1,1,16.011,0,0,28,306,1,20,0
31-07 11:15:24,2.741,4.236,69.520,21.429,0,6372408,5192480,400916,4273684,44647.133,21977.214,17091.395,7.974,206.317,1.993,2756,2895,1.630,2.020,1.730,1,1,0,0,0,28,306,1,20,0
31-07 11:15:25,5.267,8.778,69.218,15.298,0,6367904,5181988,400924,4288624,30748.972,18735.084,14188.747,160.506,174.550,19.060,3308,3425,1.630,2.020,1.730,0,1,18.057,0,0,28,306,1,20,0
31-07 11:15:26,2.750,3.250,69.252,23.001,0,6367856,5173672,400968,4296912,44740.556,22198.772,7772.270,2280.079,103.004,121.004,2575,3349,1.630,2.020,1.730,0,1,0,0,0,28,306,1,20,0
31-07 11:15:27,4.250,7.999,67.742,17.748,0,6370768,5158048,400992,4309552,15560.227,7295.169,12254.604,139.984,149.983,17.998,2959,3322,1.580,2,1.720,1,0,12.999,0,0,28,306,1,20,0
31-07 11:15:28,8.689,15.392,66.783,6.703,0,6373060,5151540,400992,4313748,73927.808,605923.021,3968.239,3.972,49.653,0.993,4265,3683,1.580,2,1.720,0,1,55.611,0,0,28,306,1,20,0
31-07 11:15:29,3.274,5.036,69.248,20.649,0,6366820,5136936,401032,4334452,44834.585,22276.278,19653.407,370.667,246.776,30.217,3208,3217,1.580,2,1.720,1,1,1.007,0,0,28,306,1,21,0
31-07 11:15:30,7.738,12.230,66.143,11.981,0,6368220,5125344,401032,4344608,32298.874,21276.662,9919.990,0,114.815,0,3807,3365,1.580,2,1.720,1,0,34.944,0,0,28,306,1,21,0
31-07 11:15:31,4.507,8.763,69.105,15.023,0,6365240,5118288,401032,4354592,60219.334,31151.247,9262.048,4.006,131.199,1.002,3285,3213,1.580,2,1.720,1,1,23.035,0,0,28,306,1,19,0
31-07 11:15:32,2.750,4.500,69.999,21.750,0,6365012,5098884,401032,4374144,30074.765,14819.884,18803.853,32.000,237.998,2.000,2737,2892,1.530,1.980,1.720,1,1,0,0,0,28,306,1,19,0
31-07 11:15:33,4.499,10.497,69.727,13.246,0,6365268,5087304,401032,4385420,30581.877,19195.646,10684.463,0,151.950,0,3380,3102,1.530,1.980,1.720,0,1,25.991,0,0,28,306,1,19,0
31-07 11:15:34,8.997,9.247,61.977,17.743,0,6361160,5072152,401052,4404576,44881.018,22011.671,18389.042,203.923,271.897,13.995,4236,4402,1.530,1.980,1.720,2,0,12.995,0,0,28,306,1,22,0
31-07 11:15:35,5.253,7.505,69.295,16.511,0,6359852,5058316,401076,4419632,45157.452,26201.088,14861.693,340.222,139.091,27.018,3444,3686,1.530,1.980,1.720,0,1,13.008,0,0,28,306,1,22,0
31-07 11:15:36,4.499,8.997,69.480,15.995,0,6359064,5050756,401076,4427948,30190.437,14801.802,8125.695,355.899,85.976,74.979,2922,2938,1.530,1.980,1.720,0,1,15.995,0,0,28,306,1,22,0
31-07 11:15:37,2.995,3.744,69.392,21.217,0,6359272,5036152,401080,4442276,45122.655,25803.773,14074.059,79.875,150.765,5.991,2640,2919,1.570,1.980,1.720,2,0,1.997,0,0,28,306,1,22,0
31-07 11:15:38,4.255,8.510,70.586,15.769,0,6360144,5023552,401088,4453944,44979.738,25094.539,11542.046,272.331,109.133,14.017,3081,3152,1.570,1.980,1.720,1,1,16.019,0,0,28,306,1,22,0
31-07 11:15:39,4.496,10.492,67.946,14.738,0,6355344,5016780,401092,4465448,58091.771,599700.759,11426.906,79.936,114.909,3.997,3640,3412,1.570,1.980,1.720,0,1,17.986,0,0,28,306,1,21,0
31-07 11:15:40,5.255,10.010,68.822,14.765,0,6356036,5002936,401104,4478508,45254.080,27176.273,12585.093,128.133,137.143,18.019,3293,3296,1.570,1.980,1.720,2,1,18.019,0,0,28,306,1,21,0
31-07 11:15:41,5.741,4.493,65.648,21.716,0,6355948,4989832,401128,4491608,46101.706,23999.885,11554.132,311.518,121.812,20.968,3126,3524,1.570,1.980,1.720,0,1,0,0,0,28,306,1,21,0
31-07 11:15:42,4.259,7.516,69.396,17.036,0,6357180,4975732,401144,4504412,30433.085,19356.761,11612.453,92.194,130.274,13.027,3047,3309,1.600,1.980,1.720,1,0,13.027,0,0,28,306,1,21,0
31-07 11:15:43,3.735,5.727,69.474,19.423,0,6355572,4961368,401144,4520320,44851.825,22506.592,14845.028,31.873,204.189,2.988,2840,3060,1.600,1.980,1.720,0,1,4.980,0,0,28,306,1,18,0
31-07 11:15:44,8.534,13.052,63.000,14.056,0,6396260,4906940,401160,4533992,29893.690,14812.813,12951.422,417.658,173.690,19.076,3536,3107,1.600,1.980,1.720,0,1,16.064,0,0,28,306,1,18,0
31-07 11:15:45,12.245,9.746,55.479,20.242,0,6394412,4887788,401180,4554876,44789.057,26825.852,20192.361,335.873,265.899,32.988,4304,4147,1.600,1.980,1.720,2,0,1.000,0,0,28,304,1,18,2
31-07 11:15:46,10.500,12.250,60.998,14.250,0,6392484,4875176,401184,4569360,45167.625,26073.206,13523.588,151.995,197.994,15.000,3694,3379,1.600,1.980,1.720,0,1,18.999,0,0,28,304,1,19,2
31-07 11:15:47,2.999,6.498,69.728,19.244,0,6391624,4861828,401184,4583488,44317.938,22043.006,13499.717,0,186.941,0,2782,2874,1.560,1.970,1.720,3,0,6.998,0,0,28,304,1,8,2
31-07 11:15:48,3.751,7.002,70.024,16.506,0,6380288,4860644,401184,4595944,45006.625,27373.503,12108.204,4.001,129.045,1.000,3003,3012,1.560,1.970,1.720,0,1,9.003,0,0,28,304,1,8,2
31-07 11:15:49,4.752,9.754,69.276,15.256,0,6379832,4847792,401188,4609184,45290.919,25189.410,12428.643,320.120,128.048,14.005,3243,3133,1.560,1.970,1.720,1,1,19.007,0,0,28,304,1,8,2
31-07 11:15:50,4.996,10.242,67.696,14.239,0,6380340,4833072,401192,4623344,42026.608,573578.272,13805.031,207.835,135.892,9.992,3768,3699,1.560,1.970,1.720,0,1,16.987,0,0,28,304,1,8,2
31-07 11:15:51,4.237,8.972,63.804,20.936,0,6379976,4815876,401216,4640800,45091.586,26622.280,16955.952,2978.856,174.464,429.681,3849,3128,1.560,1.970,1.720,0,1,5.982,0,0,28,304,1,8,2
31-07 11:15:52,12.283,17.046,63.670,5.515,0,6379556,4813332,401224,4643740,58266.596,34457.015,2687.176,68.182,25.067,7.019,3957,3524,1.510,1.950,1.710,2,0,71.190,0,0,28,304,1,8,2
31-07 11:15:53,23.028,5.256,70.085,0,0,6403496,4789392,401224,4643740,49149.758,25470.969,0,0,0,0,2636,2508,1.510,1.950,1.710,2,0,1.001,0,0,28,304,1,8,2
31-07 11:15:54,22.491,6.997,70.220,0,0,6444320,4748568,401224,4643740,44795.133,21944.757,0,19.992,0,1.999,2644,2578,1.510,1.950,1.710,3,0,0,0,0,28,304,1,8,2
31-07 11:15:55,36.250,13.500,48.501,0,0,6510300,4682544,401248,4643788,29776.393,14754.195,0,184.002,0,19.000,4331,13927,1.510,1.950,1.710,1,0,40.001,0,0,28,304,1,9,2
31-07 11:15:56,26.157,4.733,68.009,0,0,6527048,4665688,401332,4643764,45816.727,23925.262,0,781.233,0,64.771,3523,3722,1.510,1.950,1.710,1,0,1.993,0,0,28,308,1,8,2
31-07 11:15:57,24.579,5.267,68.970,0,0,6466284,4726408,401352,4643784,44943.678,22377.538,0,92.295,0,13.042,2897,2762,1.470,1.930,1.710,1,0,5.016,0,0,28,304,1,8,2
31-07 11:15:58,24.902,4.731,69.226,0,0,6464208,4728480,401352,4643788,59750.740,30591.040,0,3.984,0,0.996,2867,2687,1.470,1.930,1.710,2,0,1.992,0,0,28,304,1,8,2
31-07 11:15:59,21.903,8.711,68.198,0,0,6477188,4715468,401396,4643776,29644.587,14527.600,0,569.476,0,43.806,2757,2686,1.470,1.930,1.710,2,0,1.991,0,0,28,304,1,9,2
31-07 11:16:00,22.793,6.763,69.381,0,0,6499320,4693320,401396,4643792,29771.412,14685.827,0,96.182,0,8.015,3134,3074,1.470,1.930,1.710,2,0,2.004,0,0,28,307,1,8,2
31-07 11:16:01,28.183,3.774,66.431,0,0,6505072,4687552,401396,4643808,24629.870,459106.015,0,0,0,0,3562,3210,1.470,1.930,1.710,1,0,3.020,0,0,28,304,1,8,2
31-07 11:16:02,19.503,11.001,68.009,0,0,6456612,4735984,401416,4643812,62685.519,163300.192,0,152.021,0,12.002,3118,2804,1.590,1.950,1.720,2,0,16.002,0,0,28,304,1,8,2
31-07 11:16:03,25.735,6.246,66.962,0,0,6473544,4719040,401416,4643824,31148.356,15935.973,0,0,0,0,2867,2669,1.590,1.950,1.720,1,0,0,0,0,28,304,1,8,2
31-07 11:16:04,24.506,5.001,69.267,0,0,6490388,4702196,401416,4643824,29722.332,14595.600,0,8.002,0,2.000,2574,2337,1.590,1.950,1.720,1,0,2.000,0,0,28,304,1,8,2
31-07 11:16:05,23.746,7.749,66.488,0,0,6412656,4779764,401456,4643944,14917.349,7456.675,0,511.909,0,32.994,3243,3192,1.590,1.950,1.720,3,0,22.996,0,0,28,304,1,8,2
31-07 11:16:06,7.250,24.749,65.746,0,0,6409496,4782816,401480,4644028,30899.296,17629.028,511.972,363.980,4.000,22.999,4805,3953,1.590,1.950,1.720,1,0,129.993,0,0,28,304,1,8,2
31-07 11:16:07,7.272,22.818,67.954,0,0,6404972,4787328,401484,4644032,61390.929,33797.258,0,304.914,0,5.015,4701,3803,1.540,1.940,1.710,1,0,130.391,0,0,28,304,1,8,2
31-07 11:16:08,6.202,25.552,65.245,0,0,6402088,4790140,401484,4644096,61060.292,60608.788,0,0,0,0,4981,3783,1.540,1.940,1.710,4,0,163.732,0,0,28,304,1,8,2
31-07 11:16:09,10.282,19.560,68.211,0,0,6402348,4789840,401484,4644104,45757.353,25175.773,0,0,0,0,4483,3721,1.540,1.940,1.710,1,0,129.400,0,0,28,304,1,8,2
31-07 11:16:10,17.784,12.274,68.381,0,0,6417080,4775108,401484,4644104,60178.370,32217.766,0,60.115,0,6.012,3455,3022,1.540,1.940,1.710,2,0,59.113,0,0,28,304,1,8,2
31-07 11:16:11,23.563,7.193,67.714,0,0,6427308,4764832,401512,4644120,50113.320,312859.511,0,1896.984,0,323.440,3517,2933,1.540,1.940,1.710,7,0,1.984,0,0,28,304,1,8,2
31-07 11:16:12,15.892,6.306,76.684,0,0,6429104,4763004,401540,4644124,41840.037,262342.997,0,492.390,0,54.486,2887,2947,1.500,1.920,1.710,3,0,18.162,0,0,28,305,1,8,2
31-07 11:16:13,22.751,5.500,69.754,0,0,6420904,4764180,401552,4649980,31292.603,15797.809,0,1128.058,0,26.001,2891,2822,1.500,1.920,1.710,1,0,4.000,0,0,28,304,1,8,2
31-07 11:16:14,25.472,9.240,63.929,0,0,6468204,4715324,401564,4651312,46664.835,24503.608,0,611.317,0,18.979,3844,4165,1.500,1.920,1.710,3,0,7.991,0,0,28,304,1,8,2
31-07 11:16:14,28.553,14.403,54.578,0,0,6510812,4671680,401592,4652200,45445.566,22286.156,0,638.769,0,24.257,7219,12272,1.500,1.920,1.710,1,0,10.107,0,0,28,304,1,8,2
31-07 11:16:16,19.312,9.656,69.076,0,0,6487312,4695688,401608,4651676,36007.650,19268.980,0,586.279,0,23.768,3006,3072,1.500,1.920,1.710,2,0,1.981,0,0,28,305,1,8,2
31-07 11:16:17,21.968,8.488,65.405,0,0,6483596,4699160,401616,4651876,61163.346,38729.862,0,167.757,0,5.991,6269,11114,1.460,1.910,1.710,3,0,4.993,0,0,28,305,1,8,2
31-07 11:16:18,18.279,11.268,69.359,0,0,6478124,4704496,401616,4651968,30271.464,14614.915,0,88.138,0,1.002,3798,5008,1.460,1.910,1.710,1,0,15.024,0,0,28,305,1,8,2
31-07 11:16:19,21.241,7.497,69.971,0,0,6433428,4749072,401628,4652072,30111.398,15421.546,0,99.958,0,2.999,2594,2330,1.460,1.910,1.710,2,0,3.998,0,0,28,305,1,8,2
31-07 11:16:20,12.758,16.260,68.794,0.250,0,6401876,4787620,401736,4645924,61726.396,32626.823,0,744.475,0,21.013,4243,3615,1.460,1.910,1.710,1,0,97.062,0,0,28,304,1,8,2
31-07 11:16:21,7.233,26.188,64.847,0,0,6409916,4779568,401740,4645932,45747.745,25850.828,0,430.980,0,8.979,4950,3840,1.460,1.910,1.710,1,0,164.610,0,0,28,304,1,8,2
31-07 11:16:22,19.970,8.487,68.897,0,0,6427208,4762272,401744,4645932,68235.244,372288.822,0,179.732,0,8.987,3218,2955,1.420,1.890,1.700,2,0,7.988,0,0,28,304,1,8,2
31-07 11:16:23,25.525,4.254,69.819,0,0,6451736,4737544,401744,4646132,37024.737,248200.273,0,0,0,0,2739,2383,1.420,1.890,1.700,1,0,1.001,0,0,28,304,1,8,2
31-07 11:16:24,23.050,6.264,69.652,0.251,0,6468564,4720672,401748,4646172,15252.341,7378.128,0,184.403,0,16.035,3216,3171,1.420,1.890,1.700,1,0,0,0,0,28,307,1,10,2
31-07 11:16:25,16.932,16.434,64.493,0,0,6430520,4758692,401760,4646184,16727.313,8680.394,0,139.444,0,11.952,4284,3788,1.420,1.890,1.700,5,0,93.627,0,0,28,304,1,11,2
31-07 11:16:26,19.835,10.294,69.298,0,0,6456968,4732216,401780,4646192,46138.502,25754.805,0,96.415,0,12.052,3153,3018,1.420,1.890,1.700,1,0,24.104,0,0,28,304,1,11,2
31-07 11:16:27,23.494,5.748,69.232,0,0,6485648,4703504,401804,4646200,30112.097,15140.026,0,335.912,0,21.994,2985,3004,1.390,1.870,1.700,1,0,0,0,0,28,304,1,11,2
31-07 11:16:28,21.958,9.731,66.622,0,0,6394552,4794596,401804,4646204,29897.681,15049.148,0,3.992,0,0.998,3224,2960,1.390,1.870,1.700,1,0,29.943,0,0,28,304,0,11,2
31-07 11:16:29,17.266,12.762,68.814,0,0,6429780,4759352,401804,4646220,30152.074,15776.690,0,8.007,0,2.002,3266,2925,1.390,1.870,1.700,1,0,43.040,0,0,28,304,1,12,2
31-07 11:16:30,22.529,6.258,69.841,0,0,6473244,4715884,401804,4646224,45136.086,22189.047,0,344.451,0,15.020,2855,2696,1.390,1.870,1.700,1,0,0,0,0,28,304,1,13,2
31-07 11:16:31,23.193,5.985,69.080,0,0,6447672,4741436,401812,4646236,15062.920,7499.539,0,31.921,0,2.993,3055,2912,1.390,1.870,1.700,1,0,13.966,0,0,28,304,1,13,2
31-07 11:16:32,20.266,13.761,64.301,0,0,6464336,4724764,401812,4646244,45020.386,25237.837,0,68.053,0,2.002,3604,3205,1.360,1.860,1.690,3,0,44.035,0,0,28,304,1,12,2
31-07 11:16:33,29.765,7.254,61.780,0.250,0,6491108,4697780,401876,4646392,30112.725,15483.572,0,2012.984,0,118.058,3843,4037,1.360,1.860,1.690,2,0,0,0,0,28,304,1,12,2
31-07 11:16:34,24.200,5.239,68.857,0,0,6497944,4690932,401876,4646404,30234.329,15046.810,0,11.975,0,1.996,3007,2902,1.360,1.860,1.690,2,0,1.996,0,0,28,304,1,15,2
31-07 11:16:35,25.069,14.791,58.411,0,0,6454396,4734388,401912,4646460,30572.137,16224.651,0,344.949,0,30.083,4372,4471,1.360,1.860,1.690,3,0,40.110,0,0,28,304,1,17,2
31-07 11:16:36,27.255,6.751,65.011,0,0,6483684,4705084,401912,4646476,45908.831,24659.206,0,8.001,0,1.000,3200,3046,1.360,1.860,1.690,3,0,0,0,0,28,304,1,17,2
31-07 11:16:37,24.464,5.242,69.399,0,0,6487688,4701020,401956,4646492,14958.281,7586.984,0,211.693,0,25.962,3313,3467,1.330,1.850,1.690,3,0,1.997,0,0,28,304,1,14,2
31-07 11:16:38,15.302,14.809,66.146,0,0,6452892,4735788,401976,4646500,72773.227,586841.695,0,256.685,0,14.809,3986,3583,1.330,1.850,1.690,3,0,46.401,0,0,28,304,1,14,2
31-07 11:16:39,22.835,6.597,70.535,0,0,6489276,4699388,401992,4646500,44931.507,22445.456,0,109.609,0,7.104,2678,2389,1.330,1.850,1.690,1,0,1.015,0,0,28,304,1,14,2
31-07 11:16:40,23.586,5.214,69.517,0,0,6505648,4682988,402016,4646504,15576.828,7311.228,0,512.441,0,23.834,2760,2612,1.330,1.850,1.690,1,0,1.986,0,0,28,308,1,15,2
31-07 11:16:41,19.091,10.550,69.331,0,0,6475588,4713028,402024,4646512,30652.227,16147.030,0,168.805,0,14.067,3454,3562,1.330,1.850,1.690,1,0,32.153,0,0,28,304,1,16,2
31-07 11:16:42,24.042,6.261,68.368,0,0,6481232,4707360,402044,4646516,44917.672,22058.143,0,3526.097,0,514.890,3463,2936,1.380,1.850,1.690,1,0,0,0,0,28,304,1,16,2
31-07 11:16:43,24.963,5.991,67.401,0,0,6489956,4698576,402088,4646532,29902.243,14864.248,0,339.503,0,34.949,3628,3915,1.380,1.850,1.690,1,0,1.997,0,0,28,304,1,16,2
31-07 11:16:44,11.507,20.012,66.789,0,0,6451628,4736892,402092,4646540,45881.524,25856.948,0,116.067,0,7.004,4493,3664,1.380,1.850,1.690,1,0,123.071,0,0,28,304,1,16,2
31-07 11:16:45,10.509,13.011,74.311,0,0,6484476,4703880,402164,4646632,50405.090,27035.039,0,384.313,0,30.024,3627,3575,1.380,1.850,1.690,0,0,56.046,0,0,28,306,1,16,2
31-07 11:16:46,5.749,12.748,79.989,0,0,6462024,4726184,402268,4646672,74208.558,34945.083,0,1119.842,0,62.991,3580,3512,1.380,1.850,1.690,1,0,69.990,0,0,28,304,1,17,2
31-07 11:16:47,8.505,10.756,78.045,0,0,6453536,4734508,402284,4646820,52072.728,29266.708,0,148.085,0,23.013,3488,3449,1.350,1.830,1.690,0,0,56.032,0,0,28,306,1,17,2
31-07 11:16:48,6.252,18.006,73.776,0,0,6446288,4741752,402284,4646824,72852.586,472043.781,0,8.003,0,2.001,4267,3608,1.350,1.830,1.690,1,0,107.038,0,0,28,304,1,18,2
31-07 11:16:49,12.238,18.982,66.935,0.500,0,6437552,4750420,402296,4646876,63686.527,157462.012,0,247.761,0,8.991,4413,3476,1.350,1.830,1.690,2,0,104.899,0,0,28,304,1,17,1
31-07 11:16:50,19.756,8.753,70.020,0,0,6440140,4742456,402512,4651436,45157.929,23092.612,0,52.015,0,4.001,2743,2515,1.350,1.830,1.690,2,0,5.001,0,0,28,304,1,17,1
31-07 11:16:51,23.026,8.418,65.860,0,0,6464124,4712884,402772,4655912,44850.270,23186.736,0,863.610,0,14.856,2906,2752,1.350,1.830,1.690,2,0,3.962,0,0,28,304,1,17,1
31-07 11:16:52,18.678,7.825,73.199,0,0,6477104,4697588,402848,4657780,48938.206,24164.697,0,1659.846,0,9.087,2707,2515,1.320,1.820,1.680,1,0,22.212,0,0,28,305,1,17,1
31-07 11:16:53,16.476,3.245,78.386,0,0,6474100,4698420,402956,4659780,32372.848,14725.552,0,1441.900,0,51.924,2578,2949,1.320,1.820,1.680,2,0,0,0,0,28,305,1,17,1
31-07 11:16:54,22.283,6.259,70.105,0,0,6443144,4727672,402996,4661252,19303.863,11597.340,0,164.246,0,10.015,2598,2468,1.320,1.820,1.680,2,0,3.004,0,0,28,304,1,17,1
31-07 11:16:55,8.987,15.727,67.653,5.492,0,6393212,4774212,403196,4664392,30863.824,19344.312,1350.068,3307.266,20.970,99.857,4931,5018,1.320,1.820,1.680,3,0,106.847,0,0,28,304,1,17,1
31-07 11:16:56,18.112,34.240,44.661,0,0,6383544,4783784,403248,4664432,60598.391,31572.021,0,500.198,0,33.744,6201,13745,1.320,1.820,1.680,3,0,189.559,0,0,28,304,1,18,1
31-07 11:16:57,16.403,14.384,67.882,0,0,6402636,4764632,403304,4664436,45666.875,23985.153,0,254.367,0,30.282,3543,3538,1.300,1.810,1.680,1,0,41.385,0,0,28,304,1,17,1
31-07 11:16:58,25.932,6.483,66.576,0,0,6444456,4722800,403304,4664448,31083.771,16681.408,0,231.395,0,2.992,2944,2838,1.300,1.810,1.680,4,0,1.995,0,0,28,304,1,17,1
31-07 11:16:59,24.566,6.267,68.435,0,0,6458996,4708208,403340,4664460,29780.321,15022.517,0,292.790,0,23.062,3327,3561,1.300,1.810,1.680,1,0,1.003,0,0,28,304,1,18,1
31-07 11:16:59,20.707,11.364,68.183,0,0,6409712,4757472,403348,4664472,40559.396,459318.267,0,129.296,0,7.071,3554,2989,1.300,1.810,1.680,2,0,48.486,0,0,28,304,1,18,1
31-07 11:17:01,21.033,7.671,68.790,0,0,6449176,4718004,403348,4664476,46824.768,146896.030,0,3.959,0,0.990,2851,2653,1.300,1.810,1.680,1,0,1.980,0,0,28,304,1,17,1
31-07 11:17:02,24.004,4.501,69.763,0,0,6473848,4693332,403348,4664476,15107.799,9109.688,0,0,0,0,2601,2386,1.270,1.790,1.680,2,0,3.001,0,0,28,304,1,17,1
31-07 11:17:03,22.250,8.000,68.999,0,0,6439312,4727812,403384,4664488,31539.413,15573.710,0,1947.964,0,304.994,3549,3199,1.270,1.790,1.680,1,0,14.000,0,0,28,304,1,17,1
31-07 11:17:04,21.959,7.486,68.621,0,0,6444396,4722724,403392,4664484,44308.008,22206.406,0,135.746,0,7.985,2838,2702,1.270,1.790,1.680,1,0,1.996,0,0,28,304,1,18,1
31-07 11:17:05,23.998,6.999,67.743,0,0,6466908,4700084,403456,4664540,29975.039,15226.496,0,215.979,0,23.998,3280,3348,1.270,1.790,1.680,3,0,0,0,0,28,305,1,17,1
31-07 11:17:06,25.229,9.646,61.589,0,0,6466444,4700084,403864,4664584,15336.391,7430.249,0,1305.983,0,173.142,5897,7804,1.270,1.790,1.680,4,0,0.989,0,0,28,305,1,17,1
31-07 11:17:07,24.510,8.086,65.950,0,0,6427440,4738924,403976,4664632,46170.249,25658.449,0,303.220,0,44.472,3555,3851,1.410,1.810,1.680,2,0,7.075,0,0,28,304,1,17,1
31-07 11:17:08,23.040,5.698,68.377,0,0,6443792,4722544,403996,4664640,43990.120,22047.086,0,110.989,0,9.910,2780,2651,1.410,1.810,1.680,2,0,0,0,0,28,304,1,17,1
31-07 11:17:09,26.005,7.574,66.653,0.252,0,6455636,4710488,404188,4664656,16653.029,8734.508,0,3377.061,0,168.651,3428,3228,1.410,1.810,1.680,1,0,1.010,0,0,28,304,1,17,1
31-07 11:17:10,22.018,8.757,67.056,0.250,0,6455616,4710236,404348,4664764,30148.254,14802.400,0,576.483,0,74.062,4945,5926,1.410,1.810,1.680,1,0,2.002,0,0,28,305,1,17,1
31-07 11:17:11,21.748,10.999,63.993,0.250,0,6374948,4790584,404592,4664832,15686.296,9444.974,0,3631.605,0,229.975,5095,5736,1.410,1.810,1.680,1,0,40.996,0,0,28,304,1,17,1
31-07 11:17:12,6.757,27.280,63.569,0,0,6376536,4788940,404640,4664836,61554.664,32200.874,0,464.503,0,31.034,5383,4435,1.380,1.800,1.680,1,0,175.190,0,0,28,304,1,17,1
31-07 11:17:13,8.743,26.729,62.202,0,0,6377200,4788284,404648,4664836,71189.293,473845.865,0,1606.765,0,100.922,5593,4356,1.380,1.800,1.680,3,0,177.863,0,0,28,304,1,17,1
31-07 11:17:14,7.494,26.730,63.703,0,0,6380212,4785196,404712,4664844,63730.195,160975.776,0,1618.811,0,77.943,5298,4153,1.380,1.800,1.680,2,0,169.875,0,0,28,304,1,17,1
31-07 11:17:15,12.520,30.298,55.087,0,0,6417012,4747944,404768,4665236,48985.747,23729.662,0,380.604,0,30.048,5499,4681,1.380,1.800,1.680,3,0,170.270,0,0,28,304,1,17,1
31-07 11:17:16,8.945,26.089,61.868,0,0,6418460,4746616,404776,4665108,57041.073,31823.657,0,254.430,0,15.902,5478,4585,1.380,1.800,1.680,3,0,167.964,0,0,28,304,1,17,1
31-07 11:17:17,11.809,28.643,57.538,0,0,6410808,4754520,404780,4664852,61067.330,32132.660,0,96.482,0,8.040,5338,4055,1.510,1.820,1.690,1,0,173.869,0,0,28,304,1,17,1
31-07 11:17:18,6.506,27.026,64.312,0,0,6413484,4751844,404780,4664852,61222.410,32273.318,0,112.109,0,4.004,5017,3980,1.510,1.820,1.690,2,0,173.168,0,0,28,304,1,17,1
31-07 11:17:19,8.691,25.576,62.822,0,0,6413844,4751444,404812,4664860,60106.443,31711.919,0,377.428,0,29.797,5351,4219,1.510,1.820,1.690,4,0,169.843,0,0,28,304,1,17,1
31-07 11:17:20,10.322,27.189,60.168,0,0,6406972,4758284,404820,4664880,47500.972,25951.274,0,519.610,0,20.140,5398,4332,1.510,1.820,1.690,1,0,178.238,0,0,28,304,1,17,1
31-07 11:17:21,7.994,26.229,62.950,0,0,6402356,4762860,404844,4664896,70244.190,471073.726,0,255.797,0,25.979,5605,4820,1.510,1.820,1.690,1,0,168.866,0,0,28,304,1,17,1
31-07 11:17:22,6.489,27.205,63.396,0,0,6403728,4761488,404844,4664896,62196.974,141142.474,0,27.954,0,5.990,5238,3950,1.470,1.810,1.680,1,0,181.702,0,0,28,304,1,17,1
31-07 11:17:23,7.953,28.334,61.639,0,0,6397100,4768088,404864,4664900,60229.314,32603.085,0,13405.501,0,395.683,5705,3887,1.470,1.810,1.680,2,0,163.045,0,0,28,304,1,17,1
31-07 11:17:24,6.547,27.194,64.712,0,0,6395736,4769428,404876,4664904,48978.674,26904.077,0,386.761,0,7.050,4937,3800,1.470,1.810,1.680,5,0,168.201,0,0,28,304,1,17,1
31-07 11:17:25,8.255,26.267,62.791,0,0,6401108,4764032,404900,4664904,60675.494,31636.592,0,252.164,0,24.016,5340,4400,1.470,1.810,1.680,1,0,168.109,0,0,28,304,1,17,1
31-07 11:17:26,6.751,26.255,64.761,0,0,6398972,4766132,404932,4664908,60825.474,32627.619,0,464.080,0,30.005,5303,4377,1.470,1.810,1.680,1,0,165.028,0,0,28,304,1,14,1
31-07 11:17:27,7.497,25.990,63.225,0,0,6401584,4763484,404956,4664916,60618.128,32441.224,0,203.920,0,24.990,5274,4309,1.430,1.790,1.680,1,0,169.933,0,0,28,304,1,14,1
31-07 11:17:28,7.753,25.761,64.527,0,0,6396528,4768540,404956,4664916,60900.358,32789.653,0,3305.376,0,17.007,5146,4050,1.430,1.790,1.680,1,0,164.068,0,0,28,304,1,14,1
31-07 11:17:28,8.028,26.843,63.971,0,0,6397748,4767300,404968,4664924,55854.647,464592.412,0,425.467,0,26.090,5527,4482,1.430,1.790,1.680,3,0,170.588,0,0,28,304,1,15,1
31-07 11:17:30,6.961,27.349,62.653,0,0,6393416,4771608,404988,4664928,65452.933,151521.824,0,258.570,0,18.895,5289,4076,1.430,1.790,1.680,1,0,170.059,0,0,28,304,1,14,1
31-07 11:17:31,10.019,27.051,61.116,0,0,6391244,4773732,405012,4664952,63160.397,33494.317,0,484.917,0,27.051,5518,4574,1.430,1.790,1.680,2,0,168.318,0,0,28,304,1,14,1
31-07 11:17:32,6.998,26.493,64.233,0,0,6396148,4768828,405012,4664952,60738.818,32093.450,0,7.998,0,1.999,5090,3910,1.480,1.800,1.680,3,0,172.954,0,0,28,304,1,14,1
31-07 11:17:33,7.237,24.956,64.887,0,0,6397388,4767580,405016,4664956,49334.864,25635.242,0,139.756,0,9.983,4997,3883,1.480,1.800,1.680,1,0,166.709,0,0,28,304,1,14,1
31-07 11:17:34,13.276,16.783,68.637,0,0,6406292,4758656,405016,4664976,57393.489,31434.706,0,24.048,0,3.006,3922,3330,1.480,1.800,1.680,1,0,86.172,0,0,28,304,1,13,1
31-07 11:17:34,15.143,14.638,68.900,0,0,6401980,4820128,405052,4611884,45642.358,23402.662,0,1171.042,0,14.133,3428,3523,1.480,1.800,1.680,1,0,41.390,0,0,28,304,1,13,1
31-07 11:17:36,22.298,16.104,58.967,0,0,6419136,4861232,405108,4561012,44090.117,22195.200,0,1732.328,0,25.767,3957,4078,1.480,1.800,1.680,2,0,8.919,0,0,28,304,1,16,1
31-07 11:17:37,21.496,8.498,68.987,0,0,6421584,4849724,405168,4569532,44607.545,22667.703,0,607.885,0,5.999,2901,2799,1.440,1.780,1.680,1,0,2.999,0,0,28,304,1,16,1
31-07 11:17:38,23.229,6.244,69.937,0,0,6451140,4817752,405172,4571588,29726.118,14644.757,0,0,0,0,2829,2646,1.440,1.780,1.680,1,0,16.985,0,0,28,304,1,12,1
31-07 11:17:39,15.251,4.250,79.005,0,0,6451788,4816772,405192,4571856,48590.069,571839.118,0,2012.127,0,213.013,2753,2702,1.440,1.780,1.680,1,0,2.000,0,0,28,305,1,12,1
31-07 11:17:40,15.508,3.752,79.290,0,0,6468224,4800152,405236,4571952,24845.514,14069.086,0,1040.524,0,35.018,2283,2421,1.440,1.780,1.680,1,0,2.001,0,0,28,305,1,12,1
31-07 11:17:41,14.511,2.752,80.560,0.250,0,6467996,4799912,405324,4572256,42808.086,23980.974,0,2053.539,0,102.077,2856,3489,1.440,1.780,1.680,1,0,0,0,0,28,305,1,12,1
31-07 11:17:42,19.460,3.992,74.846,0,0,6483664,4784036,405364,4572416,12515.206,7103.360,0,782.387,0,32.932,2701,2964,1.640,1.820,1.690,5,0,0,0,0,28,305,1,10,1
31-07 11:17:43,21.295,2.505,75.411,0.501,0,6485284,4782272,405384,4572504,19164.878,11791.150,0,557.188,0,17.036,2413,2421,1.640,1.820,1.690,2,0,2.004,0,0,28,305,1,10,1
31-07 11:17:44,14.243,2.749,81.460,0,0,6485292,4782048,405400,4572672,29404.678,15801.304,0,4505.805,0,188.908,2368,2393,1.640,1.820,1.690,0,0,0,0,0,28,305,1,10,1
31-07 11:17:45,25.683,5.486,67.076,0,0,6524880,4742232,405444,4572852,19719.877,10910.714,0,901.662,0,53.860,3150,3289,1.640,1.820,1.690,1,0,0.997,0,0,28,305,1,10,1
31-07 11:17:46,16.794,3.008,78.456,0.251,0,6521644,4745136,405484,4573072,11237.485,6898.099,0,1090.862,0,37.097,2528,2693,1.640,1.820,1.690,2,0,2.005,0,0,28,305,1,9,1
31-07 11:17:47,19.753,5.001,75.012,0,0,6507276,4739832,405556,4592560,19997.167,10947.734,0,760.120,0,29.005,2341,2363,1.510,1.790,1.680,1,0,1.000,0,0,28,305,1,9,1
31-07 11:17:48,23.253,4.751,70.259,0,0,6510592,4726212,405624,4601660,359.048,0,0,1360.183,0,64.009,2730,2752,1.510,1.790,1.680,1,0,0,0,0,28,305,1,9,1
31-07 11:17:49,23.744,4.999,69.733,0.250,0,6512380,4712872,405652,4611972,15299.247,7456.171,0,1303.680,0,21.995,2689,2634,1.510,1.790,1.680,1,0,2.999,0,0,28,305,1,9,1
31-07 11:17:50,24.429,4.487,69.798,0,0,6503132,4711480,405664,4621240,477.620,0,0,1196.544,0,196.433,2991,2656,1.510,1.790,1.680,1,0,0,0,0,28,305,1,8,1
31-07 11:17:51,23.324,5.016,70.224,0.251,0,6505380,4690352,405724,4638576,601.921,148.474,0,1677.353,0,64.205,2798,2884,1.510,1.790,1.680,1,0,0,0,0,28,305,1,8,1
31-07 11:17:52,24.243,8.997,64.231,1.250,0,6508048,4677652,405796,4646996,15270.462,7617.736,0,1895.437,0,93.972,3249,2976,1.550,1.790,1.680,1,0,7.998,0,0,28,305,1,8,1
31-07 11:17:53,26.228,4.996,67.194,0,0,6508620,4667852,405848,4654672,1748.549,1351.878,0,1254.959,0,36.969,2944,2939,1.550,1.790,1.680,2,0,0,0,0,28,305,1,8,1
31-07 11:17:54,22.271,5.756,70.818,0.250,0,6507672,4644292,406416,4676620,701.676,0,0,1681.621,0,56.054,2742,2819,1.550,1.790,1.680,1,0,0,0,0,28,305,1,8,1
31-07 11:17:55,23.244,5.998,68.981,0,0,6524584,4637584,406476,4665160,15073.945,7629.948,0,1551.583,0,59.984,2969,3129,1.550,1.790,1.680,2,0,1.999,0,0,28,304,1,8,1
31-07 11:17:56,30.639,14.448,53.307,0,0,6521872,4640264,406504,4667724,477.276,147.467,0,713.423,0,30.888,4465,11614,1.550,1.790,1.680,2,0,53.806,0,0,28,304,1,8,1
31-07 11:17:57,23.551,8.769,65.893,0,0,6519204,4642904,406520,4665112,566.230,325.708,0,296.645,0,16.035,3331,7873,1.510,1.780,1.680,1,0,19.041,0,0,28,305,1,9,1
31-07 11:17:58,18.284,4.508,76.143,0,0,6515220,4641220,406548,4670212,6992.147,2809.282,0,1230.313,0,21.040,2497,2549,1.510,1.780,1.680,1,0,4.008,0,0,28,304,1,8,1
31-07 11:17:59,22.485,6.746,69.954,0,0,6499992,4655148,406548,4671368,30248.894,15941.404,0,3.997,0,0.999,2694,2590,1.510,1.780,1.680,2,0,2.998,0,0,28,304,1,9,1
31-07 11:18:00,22.755,9.752,64.014,0,0,6520104,4634052,406556,4672300,29777.586,14661.243,0,528.117,0,10.002,7472,14415,1.510,1.780,1.680,1,0,6.001,0,0,28,304,1,9,1
31-07 11:18:01,19.491,9.496,69.967,0,0,6523068,4630684,406556,4672520,29843.915,15092.877,0,927.562,0,136.935,3109,2674,1.510,1.780,1.680,1,0,8.996,0,0,28,304,1,9,1
31-07 11:18:02,21.743,10.996,63.978,0,0,6522024,4631700,406556,4672548,14909.949,7359.507,0,0,0,0,6850,12378,1.470,1.770,1.670,1,0,11.996,0,0,28,304,1,9,1
31-07 11:18:03,16.766,11.261,70.067,0,0,6518320,4635276,406572,4672620,29440.141,14768.117,0,1669.596,0,14.013,2688,2487,1.470,1.770,1.670,1,0,7.007,0,0,28,304,1,8,1
31-07 11:18:04,23.187,8.976,67.069,0,0,6440604,4721192,406580,4665228,8950.795,5011.448,0,267.277,0,13.962,3054,2772,1.470,1.770,1.670,1,0,6.981,0,0,28,304,1,9,1
31-07 11:18:05,23.308,8.270,66.665,0,0,6439032,4722716,406588,4665268,52952.926,28123.535,0,529.309,0,21.052,3993,4176,1.470,1.770,1.670,1,0,46.114,0,0,28,304,1,9,1
31-07 11:18:06,22.257,10.503,62.770,0.250,0,6432680,4728988,406656,4665280,45664.621,25202.069,0,2504.802,0,122.039,7490,14051,1.470,1.770,1.670,1,0,7.002,0,0,28,304,1,9,1
31-07 11:18:06,21.363,7.791,70.122,0,0,6455828,4705832,406660,4665292,44383.419,22233.933,0,197.045,0,6.032,2892,2698,1.430,1.750,1.670,1,0,20.107,0,0,28,304,1,8,1
31-07 11:18:08,17.063,6.182,75.177,0,0,6478784,4682860,406668,4665300,47915.580,585206.120,0,114.744,0,4.946,2965,2802,1.430,1.750,1.670,1,0,18.794,0,0,28,305,1,8,1
31-07 11:18:09,26.622,10.046,62.285,0,0,6494348,4661060,406692,4671016,15147.199,7504.283,0,12127.403,0,65.298,3128,2531,1.430,1.750,1.670,1,0,3.014,0,0,28,304,1,8,1
31-07 11:18:10,23.496,7.499,66.239,0,0,6492780,4661740,406692,4671700,15554.353,7492.725,0,11.998,0,2.000,5684,9146,1.430,1.750,1.670,2,0,7.999,0,0,28,304,1,8,1
31-07 11:18:11,20.757,10.503,66.022,0.250,0,6496948,4656580,406700,4672588,15383.071,7446.455,0,1864.615,0,184.061,4607,6281,1.430,1.750,1.670,2,0,8.003,0,0,28,304,1,8,1
31-07 11:18:12,21.281,11.266,64.094,0,0,6488220,4665132,406728,4672700,15297.346,7372.770,0,340.497,0,14.020,7531,14307,1.390,1.740,1.670,1,0,10.015,0,0,28,304,1,8,1
31-07 11:18:13,17.460,11.972,69.091,0,0,6485316,4667900,406728,4672792,15111.156,7506.691,0,91.788,0,1.995,2897,2681,1.390,1.740,1.670,1,0,11.972,0,0,28,304,1,8,1
31-07 11:18:14,19.033,10.017,69.621,0.250,0,6434688,4726760,406756,4665300,419.727,0,0,6278.874,0,155.269,2895,2587,1.390,1.740,1.670,1,0,1.002,0,0,28,304,1,8,1
31-07 11:18:15,25.218,7.490,65.667,0,0,6455504,4705996,406800,4665312,16285.300,8769.853,0,303.614,0,28.963,3230,3149,1.390,1.740,1.670,2,0,4.994,0,0,28,304,1,8,1
31-07 11:18:16,29.983,10.494,57.967,0,0,6500572,4660516,406800,4665724,418.765,147.917,0,15.991,0,3.998,3550,3234,1.390,1.740,1.670,4,0,22.987,0,0,28,304,1,8,1
31-07 11:18:17,21.045,14.030,63.387,0,0,6500684,4660808,406800,4665324,60966.543,42134.911,0,12.026,0,3.006,4408,4054,1.360,1.730,1.660,2,0,93.201,0,0,28,304,1,8,1
31-07 11:18:18,22.994,9.748,63.485,0,0,6500224,4661252,406812,4665328,44991.037,22990.398,0,307.925,0,8.998,6903,13465,1.360,1.730,1.660,2,0,6.998,0,0,28,304,1,8,1
31-07 11:18:19,19.902,9.702,68.662,0,0,6491124,4670336,406816,4665340,44522.998,24192.998,0,5461.138,0,34.829,3097,2753,1.360,1.730,1.660,3,0,22.887,0,0,28,304,1,8,1
31-07 11:18:20,18.738,7.495,72.952,0,0,6495864,4665572,406816,4665340,33528.936,15751.635,0,16928.860,0,50.966,2732,2609,1.360,1.730,1.660,1,0,16.989,0,0,28,305,1,8,1
31-07 11:18:21,19.367,5.030,74.702,0.252,0,6467000,4688840,406844,4670440,33029.923,17060.262,0,1436.696,0,22.134,2494,2495,1.360,1.730,1.660,1,0,2.012,0,0,28,304,1,8,1
31-07 11:18:22,22.488,6.746,69.712,0,0,6474692,4679808,406864,4671596,14906.969,7453.984,0,1323.287,0,183.901,3000,2601,1.330,1.720,1.660,1,0,3.998,0,0,28,304,1,8,1
31-07 11:18:23,22.513,10.506,63.287,0,0,6502348,4651052,406864,4672612,14984.836,7300.305,0,0,0,0,7012,12989,1.330,1.720,1.660,1,0,9.005,0,0,28,304,1,8,1
31-07 11:18:24,19.472,9.986,67.903,0,0,6491808,4661356,406872,4672744,14953.635,7285.590,0,459.344,0,4.993,4239,6029,1.330,1.720,1.660,1,0,7.989,0,0,28,304,1,8,1
31-07 11:18:25,21.263,20.763,55.535,0.250,0,6464976,4688116,406900,4672792,15252.517,7462.657,4.002,68810.937,1.001,235.147,6399,9425,1.330,1.720,1.660,1,0,10.006,0,0,28,304,1,8,1
31-07 11:18:26,20.490,12.244,65.969,0,0,6450772,4702480,406952,4672580,1928.106,1500.304,0,975.547,0,42.980,3260,3257,1.330,1.720,1.660,1,0,6.997,0,0,28,304,1,8,1
31-07 11:18:27,21.504,7.751,69.513,0.250,0,6442780,4717888,406964,4665804,15380.834,7297.344,208.038,452.083,3.001,17.003,2928,2982,1.310,1.700,1.660,0,1,6.001,0,0,28,304,1,8,1
31-07 11:18:28,20.245,7.748,69.484,1.000,0,6460644,4697224,406980,4668324,598.864,0,431.902,3.999,10.998,1.000,2652,2588,1.310,1.700,1.660,4,0,2.000,0,0,28,304,1,8,1
31-07 11:18:29,24.826,6.455,66.037,0,0,6462132,4695212,407040,4668664,44833.883,23552.982,0,2395.219,0,77.457,4637,5620,1.310,1.700,1.660,1,0,0.993,0,0,28,305,1,11,2
31-07 11:18:30,25.940,8.311,64.220,0,0,6460836,4696404,407084,4668724,46623.978,599677.655,0,3134.927,0,62.457,5879,6532,1.310,1.700,1.660,1,0,1.007,0,0,28,308,1,14,1
31-07 11:18:31,26.989,9.746,59.726,0.500,0,6458648,4698296,407268,4668836,29580.047,14734.046,0,1763.287,0,226.908,6364,8120,1.310,1.700,1.660,1,0,2.999,0,0,28,307,1,13,1
31-07 11:18:32,14.652,15.894,65.811,0,0,6405572,4751176,407324,4668976,30324.876,15548.366,127.152,989.405,0.993,67.550,4697,4484,1.280,1.690,1.650,1,0,90.397,0,0,28,306,1,13,1
31-07 11:18:33,9.824,26.952,61.712,0,0,6399196,4756724,407336,4669792,61782.980,49996.657,0,2067.493,0,345.590,5845,4400,1.280,1.690,1.650,2,0,161.208,0,0,28,306,1,13,1
31-07 11:18:34,7.748,22.994,66.481,0,0,6399016,4756904,407336,4669792,61124.853,32968.751,0,15.996,0,2.999,4820,3938,1.280,1.690,1.650,1,0,131.963,0,0,28,306,1,14,1
31-07 11:18:35,16.071,17.060,64.779,0,0,6408416,4747376,407460,4669808,60492.582,34741.252,0,3493.114,0,169.117,4627,4366,1.280,1.690,1.650,2,0,61.317,0,0,28,306,1,15,1
31-07 11:18:36,16.184,9.862,72.067,0,0,6383608,4773988,407480,4667996,114542.226,36684.099,0,489.553,0,25.287,3793,4233,1.280,1.690,1.650,3,0,24.275,0,0,28,306,1,17,1
31-07 11:18:37,20.124,9.938,68.323,0,0,6388700,4768884,407480,4668032,61557.990,32702.465,0,477.017,0,3.975,3393,3209,1.260,1.680,1.650,0,0,7.950,0,0,28,307,1,17,1
31-07 11:18:38,3.517,2.512,92.709,0,0,6387584,4769868,407480,4668164,63064.556,477140.773,0,0,0,0,2309,2790,1.260,1.680,1.650,0,0,0,0,0,28,307,1,17,1
31-07 11:18:39,6.240,5.242,86.362,0,0,6377708,4779352,407512,4668520,104850.663,88961.022,0,1234.031,0,15.975,2361,2633,1.260,1.680,1.650,3,0,8.986,0,0,28,306,1,14,2
31-07 11:18:40,5.765,10.778,81.963,0,0,6359248,4797756,407532,4668556,119196.320,38773.619,0,1014.633,0,22.057,3010,3198,1.260,1.680,1.650,2,1,34.088,0,0,28,306,1,15,1
31-07 11:18:41,6.252,16.506,75.278,0.250,0,6363232,4793748,407540,4668572,142429.289,43274.191,0,692.259,0,37.014,4552,4074,1.260,1.680,1.650,2,0,132.049,0,0,28,306,1,15,1
31-07 11:18:42,10.000,21.501,64.002,2.250,0,6370200,4786676,407596,4668620,29897.836,16338.457,44.001,288.008,6.000,40.001,5164,4540,1.240,1.670,1.640,1,0,183.005,0,0,28,306,1,15,1
31-07 11:18:43,14.740,8.744,69.704,5.746,0,6380684,4773908,407872,4670300,29802.396,14906.195,2106.614,7.995,185.878,1.999,2962,3045,1.240,1.670,1.640,2,0,0,0,0,28,306,1,15,1
31-07 11:18:44,9.492,5.745,69.444,13.739,0,6385584,4761180,408512,4676352,15202.815,7290.157,6370.894,999.199,651.478,26.978,3676,3809,1.240,1.670,1.640,0,1,1.998,0,0,28,306,0,15,1
31-07 11:18:45,14.754,6.502,69.020,7.752,0,6404544,4737016,408760,4678444,29792.753,15468.544,2316.681,660.194,207.061,16.005,3033,3059,1.240,1.670,1.640,2,0,0,0,0,28,306,0,15,1
31-07 11:18:46,26.020,11.259,61.298,0,0,6442632,4698964,408792,4678464,1005.784,222.173,0,5752.483,0,300.234,4400,4185,1.240,1.670,1.640,1,0,1.001,0,0,28,306,1,15,1
31-07 11:18:47,23.186,7.230,68.064,0.249,0,6454304,4687176,408888,4678480,59123.996,28436.083,0,1834.972,0,112.691,3717,4068,1.300,1.670,1.650,2,0,1.995,0,0,28,306,1,16,1
31-07 11:18:47,58.948,13.915,27.324,0,0,6133180,5008256,408896,4678500,32317.851,18749.110,0,275.261,0,15.180,4735,3363,1.300,1.670,1.650,3,0,4.048,0,0,28,290,0,20,1
31-07 11:18:49,53.964,15.348,28.715,0,0,6131820,5009584,408916,4678496,53451.283,499619.285,0,2835.843,0,442.605,5608,3310,1.300,1.670,1.650,3,0,7.921,0,0,28,286,0,21,1
31-07 11:18:50,62.980,15.685,19.063,0,0,6238408,4902988,409008,4678412,28677.242,14617.083,0,1760.536,0,88.799,4957,3074,1.300,1.670,1.650,8,0,2.896,0,0,28,282,0,22,1
31-07 11:18:51,91.710,8.991,0.771,0,0,6124112,5016780,409032,4678892,15909.833,8027.360,0,345.263,0,32.882,6151,4873,1.300,1.670,1.650,10,0,4.110,0,0,28,274,1,26,1
31-07 11:18:52,79.918,19.980,0.759,0,0,6193552,4946500,409048,4679708,31197.508,16236.583,0,659.580,0,16.186,6452,5429,1.520,1.710,1.660,4,0,12.140,0,0,28,278,1,26,1
31-07 11:18:52,78.270,16.359,5.537,0,0,6282044,4857040,409064,4680660,30037.726,15480.935,0,169.125,0,13.087,6853,6423,1.520,1.710,1.660,4,0,4.027,0,0,28,278,1,30,1
31-07 11:18:54,50.196,11.622,36.101,0,0,6330268,4807648,409092,4681800,29327.267,15218.014,0,229.467,0,20.771,6506,7282,1.520,1.710,1.660,4,0,0,0,0,28,289,1,32,1
31-07 11:18:55,27.006,6.752,63.515,0,0,6332908,4804120,409148,4682632,29719.010,14831.498,0,452.107,0,41.010,5446,8357,1.520,1.710,1.660,0,0,0,0,0,28,292,1,35,1
31-07 11:18:56,2.506,2.256,93.482,0,0,6332900,4804120,409156,4682632,15318.947,8023.876,0,204.507,0,20.050,1868,2651,1.520,1.710,1.660,0,0,2.005,0,0,28,292,1,35,1
31-07 11:18:57,16.257,11.255,71.030,0,0,6361808,4775140,409220,4682640,15330.484,7763.284,0,344.146,0,38.016,3826,9548,1.470,1.700,1.650,0,0,36.015,0,0,28,292,1,36,1
31-07 11:18:58,1.998,1.998,94.408,0,0,6361780,4775140,409240,4682648,478.533,0,0,223.781,0,17.982,1617,2413,1.470,1.700,1.650,0,0,0,0,0,28,292,1,36,1
31-07 11:18:59,4.971,3.480,89.478,0,0,6361768,4775140,409240,4682660,16211.441,8672.415,0,190.887,0,9.942,2004,2614,1.470,1.700,1.650,2,0,2.983,0,0,28,292,1,37,1
31-07 11:19:00,1.763,1.763,95.444,0,0,6361764,4775140,409244,4682660,15414.077,7349.438,0,108.791,0,7.051,1503,2267,1.470,1.700,1.650,0,0,0,0,0,28,292,1,35,1
31-07 11:19:01,1.748,2.747,94.406,0,0,6358868,4778008,409272,4682660,299.701,147.852,0,3304.701,0,39.960,1599,2369,1.470,1.700,1.650,0,0,0,0,0,28,292,1,35,1
31-07 11:19:02,2.251,1.501,95.053,0,0,6359868,4777004,409276,4682660,15445.669,7462.188,0,28.016,0,3.002,1497,2268,1.360,1.670,1.640,0,0,2.001,0,0,28,292,1,35,1
31-07 11:19:03,2.249,1.500,94.970,0,0,6359448,4777400,409296,4682664,953.697,73.976,0,83.973,0,11.996,1519,2278,1.360,1.670,1.640,0,0,0,0,0,28,292,1,35,1
31-07 11:19:04,3.993,3.245,91.847,0,0,6355508,4781336,409300,4682664,15010.061,7445.629,0,7627.327,0,429.287,2480,2491,1.360,1.670,1.640,0,0,0,0,0,28,292,1,35,1
31-07 11:19:05,3.256,3.256,91.915,0,0,6352348,4784440,409348,4682672,628.129,0,0,336.605,0,35.063,2146,3150,1.360,1.670,1.640,1,0,2.004,0,0,28,292,1,35,1
31-07 11:19:06,2.250,1.250,94.520,0,0,6349052,4787692,409364,4682700,539.112,148.031,0,96.020,0,12.003,1603,2394,1.360,1.670,1.640,0,0,0,0,0,28,292,1,35,1
31-07 11:19:07,2.250,1.750,94.729,0,0,6346484,4790256,409376,4682692,15239.656,7294.399,0,131.971,0,12.997,1715,2681,1.250,1.650,1.640,0,0,0,0,0,28,292,1,35,1
31-07 11:19:08,2.000,2.000,94.504,0,0,6344164,4792492,409416,4682736,701.026,42.002,0,736.027,0,39.001,1765,2736,1.250,1.650,1.640,0,0,2.000,0,0,28,292,1,35,1
31-07 11:19:09,2.500,1.750,94.001,0,0,6343712,4792928,409432,4682736,627.005,0,0,144.001,0,18.000,1615,2347,1.250,1.650,1.640,1,0,1.000,0,0,28,292,1,35,1
31-07 11:19:10,4.999,2.500,91.990,0,0,6343684,4792948,409432,4682744,16603.187,8648.056,0,7.999,0,2.000,1771,2489,1.250,1.650,1.640,0,0,0,0,0,28,292,1,35,1
31-07 11:19:11,2.495,2.246,92.820,0,0,6344092,4792520,409448,4682748,640.757,221.570,0,1604.887,0,27.946,1873,2774,1.250,1.650,1.640,2,0,1.996,0,0,28,292,1,35,1
31-07 11:19:12,2.506,1.754,94.966,0,0,6344048,4792548,409464,4682748,480.093,0,0,152.347,0,13.030,1676,2586,1.150,1.620,1.630,0,0,0,0,0,28,292,1,35,1
31-07 11:19:13,1.999,1.999,94.458,0,0,6344044,4792548,409464,4682752,931.586,0,0,3.998,0,1.000,1494,2259,1.150,1.620,1.630,0,0,0,0,0,28,292,1,35,1
31-07 11:19:14,2.250,1.750,94.763,0,0,6344028,4792548,409480,4682752,15157.001,7621.006,0,360.048,0,16.002,1555,2284,1.150,1.620,1.630,0,0,2.000,0,0,28,292,1,35,1
31-07 11:19:15,3.250,1.750,93.505,0.500,0,6344000,4792548,409524,4682736,240.013,0,0,340.018,0,34.002,1900,2996,1.150,1.620,1.630,0,0,0,0,0,28,292,1,35,1
31-07 11:19:16,7.504,6.003,85.544,0,0,6378172,4758316,409524,4682764,806.412,148.076,0,556.284,0,80.041,2143,2481,1.150,1.620,1.630,0,0,4.002,0,0,28,292,1,35,1
31-07 11:19:17,3.499,2.499,91.978,0,0,6378300,4758060,409540,4682876,299.927,0,0,127.969,0,8.998,1980,2919,1.050,1.590,1.620,0,0,2.000,0,0,28,292,1,35,1
31-07 11:19:18,5.499,3.999,88.987,0,0,6410160,4726312,409564,4682760,1211.820,0,0,523.922,0,26.996,1892,2572,1.050,1.590,1.620,0,0,0,0,0,28,292,1,35,1
31-07 11:19:19,2.749,2.249,94.226,0,0,6402992,4733464,409584,4682756,14912.149,7618.032,0,127.967,0,14.996,1731,2612,1.050,1.590,1.620,0,0,1.000,0,0,28,292,1,35,1
31-07 11:19:20,2.001,1.501,94.539,0,0,6398828,4737584,409612,4682772,359.148,0,0,240.099,0,18.007,1570,2356,1.050,1.590,1.620,0,0,2.001,0,0,28,292,1,35,1
31-07 11:19:21,5.750,2.500,90.257,0,0,6391216,4745180,409624,4682776,1750.132,1501.114,0,148.011,0,17.001,1957,2601,1.050,1.590,1.620,4,0,0,0,0,28,292,1,35,1
31-07 11:19:22,1.999,2.248,94.682,0,0,6385744,4750640,409624,4682788,820.414,0,0,951.321,0,4.996,1727,2632,1.050,1.580,1.610,1,0,0.999,0,0,28,292,1,35,1
31-07 11:19:23,2.251,1.751,94.778,0,0,6380036,4756348,409624,4682788,6978.059,198.058,0,4.001,0,1.000,1498,2227,1.050,1.580,1.610,0,0,0,0,0,28,292,1,35,1
31-07 11:19:24,2.750,2.250,94.236,0,0,6375408,4760988,409624,4682776,63347.577,21260.837,0,0,0,0,1698,2320,1.050,1.580,1.610,0,0,0,0,0,28,292,1,35,1
31-07 11:19:25,10.255,25.261,61.527,0.250,0,6381612,4754700,409692,4682792,81265.933,30235.369,0,1748.773,0,284.126,6348,4947,1.050,1.580,1.610,1,0,221.098,0,0,28,290,1,36,1
31-07 11:19:26,17.697,15.454,65.055,0,0,6395076,4741204,409720,4682796,40288.413,560460.490,0,175.475,0,18.943,4383,4023,1.050,1.580,1.610,1,0,93.719,0,0,28,290,1,36,1
31-07 11:19:27,23.312,5.765,69.185,0,0,6441196,4695060,409744,4682796,29611.351,15250.869,0,192.516,0,21.056,2795,2796,1.050,1.570,1.610,2,0,0,0,0,28,290,1,36,1
31-07 11:19:28,24.205,5.240,69.372,0,0,6449244,4686996,409744,4682820,15735.859,7907.356,0,7.985,0,0.998,3132,3003,1.050,1.570,1.610,2,0,1.996,0,0,28,293,1,37,1
31-07 11:19:29,27.751,2.750,69.253,0,0,6453008,4683216,409760,4682820,15258.716,7524.353,0,920.043,0,168.008,3044,2405,1.050,1.570,1.610,1,0,3.000,0,0,28,297,1,38,1
31-07 11:19:30,14.531,17.036,66.141,0,0,6422868,4713348,409764,4682824,30243.601,15499.106,0,40.086,0,4.009,4422,3376,1.050,1.570,1.610,1,0,147.315,0,0,28,296,1,38,1
31-07 11:19:31,11.476,20.957,65.365,0,0,6419544,4716652,409776,4682832,29531.160,15033.029,0,115.762,0,8.981,4458,3620,1.050,1.570,1.610,1,0,156.677,0,0,28,296,1,38,1
31-07 11:19:32,25.053,6.697,66.229,0,0,6438916,4697248,409800,4682840,31123.162,16594.456,0,381.003,0,21.828,2905,2744,1.040,1.560,1.610,4,0,0,0,0,28,296,1,38,1
31-07 11:19:32,24.075,6.335,69.690,0,0,6454016,4682140,409804,4682844,29935.657,15448.307,0,36.492,0,4.055,3065,3035,1.040,1.560,1.610,2,0,0,0,0,28,298,1,32,1
31-07 11:19:34,14.191,3.486,81.163,0,0,6412524,4723624,409804,4682852,31793.047,14173.176,0,7.967,0,1.992,2393,2590,1.040,1.560,1.610,0,0,2.988,0,0,28,298,1,34,1
31-07 11:19:35,10.002,23.506,62.766,0.250,0,6408328,4727508,410120,4682848,115197.549,45987.397,140.035,2592.643,5.001,158.039,5940,5146,1.040,1.560,1.610,1,0,195.048,0,0,28,298,1,34,1
31-07 11:19:36,7.738,25.709,64.397,0,0,6403436,4732360,410120,4682888,61638.223,37553.819,0,3.994,0,0.998,5402,3990,1.040,1.560,1.610,1,0,213.658,0,0,28,298,1,34,1
31-07 11:19:37,7.265,22.545,67.386,0,0,6403928,4731852,410128,4682896,60571.898,38200.877,0,64.129,0,6.012,5231,4161,0.960,1.530,1.600,2,0,182.367,0,0,28,298,1,29,1
31-07 11:19:38,16.881,26.315,53.374,0,0,6391740,4743996,410136,4682932,57460.381,546231.601,0,361.455,0,14.895,6221,5331,0.960,1.530,1.600,3,0,183.706,0,0,28,300,1,30,1
31-07 11:19:39,17.615,24.410,55.111,0,0,6375732,4759952,410148,4682972,61714.344,39746.413,0,306.005,0,21.138,6000,5368,0.960,1.530,1.600,1,0,180.181,0,0,28,298,1,31,1
31-07 11:19:40,7.503,24.260,66.777,0,0,6380252,4755420,410152,4682980,61391.775,39279.851,0,48.019,0,5.002,5171,4056,0.960,1.530,1.600,1,0,188.076,0,0,28,298,1,31,1
31-07 11:19:41,7.189,24.541,64.203,0,0,6383492,4752148,410176,4682988,55941.229,34969.961,0,1951.369,0,311.346,5697,4421,0.960,1.530,1.600,1,0,204.259,0,0,28,298,1,30,1
31-07 11:19:42,7.560,24.697,65.522,0,0,6383960,4751644,410196,4683004,50488.861,30547.137,0,189.508,0,21.168,5348,4409,0.960,1.530,1.600,2,0,195.557,0,0,28,298,1,30,1
31-07 11:19:43,10.985,25.964,60.417,0,0,6383332,4752260,410196,4683016,62649.606,38757.553,0,19.972,0,1.997,5355,4100,0.960,1.530,1.600,2,0,201.722,0,0,28,298,1,30,1
31-07 11:19:44,7.510,24.782,65.083,0,0,6380464,4755120,410196,4683024,60778.884,37616.203,0,4.005,0,1.001,5180,3945,0.960,1.530,1.600,1,0,197.253,0,0,28,298,1,30,1
31-07 11:19:45,9.257,24.520,64.052,0.250,0,6378344,4757088,410268,4683104,61156.435,38783.350,0,736.595,0,59.048,5792,4991,0.960,1.530,1.600,1,0,187.151,0,0,28,298,1,30,1
31-07 11:19:46,11.991,21.233,63.949,0,0,6390664,4744764,410268,4683108,60071.442,596533.727,0,11.991,0,2.998,5017,3863,0.960,1.530,1.600,2,0,129.897,0,0,28,298,1,30,1
31-07 11:19:47,25.267,10.257,63.542,0,0,6436008,4699420,410268,4683108,44450.411,22779.072,0,0,0,0,2997,2662,1.200,1.570,1.610,1,0,2.001,0,0,28,298,1,30,1
31-07 11:19:48,24.503,5.501,69.257,0,0,6447456,4687956,410276,4683116,30248.114,15211.566,0,260.027,0,14.001,2772,2628,1.200,1.570,1.610,1,0,0,0,0,28,298,1,30,1
31-07 11:19:49,22.495,6.499,68.485,0,0,6424136,4711260,410280,4683128,45014.426,23650.970,0,171.963,0,9.998,3143,2990,1.200,1.570,1.610,1,0,5.999,0,0,28,298,1,24,1
31-07 11:19:50,22.996,5.999,70.236,0,0,6433456,4701936,410280,4683132,29852.211,14589.171,0,0,0,0,2631,2453,1.200,1.570,1.610,1,0,2.000,0,0,28,298,1,24,1
31-07 11:19:50,23.403,6.291,70.461,0,0,6449156,4686072,410288,4683288,30339.710,15133.114,0,72.475,0,6.040,3207,3177,1.200,1.570,1.610,1,0,0,0,0,28,299,1,25,1
31-07 11:19:52,22.854,13.663,60.117,0,0,6402268,4732724,410492,4683320,30573.189,15298.519,0,1327.541,0,200.721,5025,5693,1.190,1.560,1.610,1,0,28.816,0,0,28,299,1,25,1
31-07 11:19:53,21.504,7.501,69.013,0,0,6405480,4729476,410520,4683328,44846.546,22826.350,0,152.029,0,16.003,2914,2824,1.190,1.560,1.610,1,0,2.000,0,0,28,299,1,18,1
31-07 11:19:54,26.738,6.247,66.471,0,0,6440556,4694176,410600,4683472,31234.251,16099.913,0,1499.340,0,72.968,3314,3239,1.190,1.560,1.610,2,0,0,0,0,28,299,1,18,1
31-07 11:19:55,24.994,4.749,68.234,0,0,6440784,4693924,410628,4683468,29791.841,14750.455,0,211.949,0,26.994,3409,3705,1.190,1.560,1.610,1,0,0,0,0,28,299,1,18,1
31-07 11:19:56,9.008,4.754,84.076,0.250,0,6406948,4727668,410688,4683500,30266.471,16284.781,0,488.443,0,64.058,3103,3883,1.190,1.560,1.610,0,0,23.021,0,0,28,299,1,19,1
31-07 11:19:57,9.496,7.996,81.212,0,0,6423228,4711348,410712,4685808,44067.309,22171.590,0,2083.022,0,359.831,3130,6089,1.170,1.550,1.600,1,0,33.984,0,0,28,299,1,11,1
31-07 11:19:58,8.248,6.249,84.480,0,0,6389396,4745172,410716,4683504,14971.481,7588.217,0,39.991,0,3.999,2613,7793,1.170,1.550,1.600,1,0,2.000,0,0,28,299,1,12,1
31-07 11:19:59,3.501,2.751,91.767,0.250,0,6353776,4780768,410740,4683504,40567.502,460641.184,0,764.141,0,37.007,2255,2788,1.170,1.550,1.600,1,0,3.001,0,0,28,299,1,13,1
31-07 11:20:00,2.251,1.751,94.552,0,0,6353980,4780544,410760,4683504,18393.049,136014.309,0,124.068,0,13.007,1752,2512,1.170,1.550,1.600,0,0,1.001,0,0,28,299,1,13,1
31-07 11:20:01,2.496,1.497,94.085,0,0,6353972,4780544,410768,4683504,15216.293,7562.726,0,35.937,0,2.995,1547,2281,1.170,1.550,1.600,0,0,0,0,0,28,299,1,12,1
31-07 11:20:02,2.003,2.253,94.639,0,0,6353948,4780544,410792,4683504,359.527,0,0,376.552,0,27.040,1839,2853,1.080,1.520,1.590,0,0,2.003,0,0,28,299,1,12,1
31-07 11:20:03,1.999,1.500,94.974,0,0,6353948,4780544,410792,4683504,15358.868,7294.038,0,0,0,0,1490,2281,1.080,1.520,1.590,1,0,0,0,0,28,299,1,12,1
31-07 11:20:04,2.500,2.000,93.487,0,0,6353924,4780544,410812,4683508,15419.863,7456.966,0,167.977,0,16.998,1580,2326,1.080,1.520,1.590,0,0,0,0,0,28,299,1,13,1
31-07 11:20:05,7.991,4.745,86.157,0,0,6354120,4780296,410876,4683496,2491.309,1393.495,0,507.452,0,51.944,2932,3875,1.080,1.520,1.590,0,0,1.998,0,0,28,299,1,12,1
31-07 11:20:06,18.521,9.761,70.580,0,0,6394600,4739724,410880,4683584,30333.596,16162.434,0,52.059,0,6.007,2998,2998,1.080,1.520,1.590,2,0,11.013,0,0,28,299,1,12,1
31-07 11:20:07,23.973,4.994,69.172,0,0,6435664,4698660,410880,4683584,44098.220,22672.407,0,0,0,0,2856,2812,1.070,1.510,1.590,1,0,0,0,0,28,299,1,12,1
31-07 11:20:08,21.280,7.510,69.847,0,0,6414724,4719576,410888,4683600,15055.952,7468.393,0,412.574,0,17.024,3255,2956,1.070,1.510,1.590,1,0,27.038,0,0,28,299,1,12,1
31-07 11:20:09,21.251,7.750,69.253,0,0,6459600,4674700,410888,4683600,44959.756,23706.926,0,0,0,0,2819,2791,1.070,1.510,1.590,1,0,1.000,0,0,28,299,1,12,1
31-07 11:20:10,23.968,5.243,69.906,0,0,6484384,4649908,410888,4683608,29731.185,15381.402,0,47.936,0,4.993,2720,2621,1.070,1.510,1.590,1,0,0,0,0,28,299,1,12,1
31-07 11:20:11,18.279,4.257,76.870,0,0,6393212,4741144,410900,4683532,46396.674,23749.200,0,408.640,0,28.044,3112,3262,1.070,1.510,1.590,0,0,7.011,0,0,28,299,1,12,1
31-07 11:20:12,7.243,11.488,75.424,3.746,0,6390620,4740580,410928,4686660,112880.547,31755.802,2289.678,1890.084,45.953,312.683,3480,3454,0.990,1.490,1.580,0,1,11.988,0,0,28,299,1,12,1
31-07 11:20:13,10.253,13.004,67.768,7.502,0,6386812,4740336,411000,4690624,44678.175,22232.058,2760.752,2208.602,62.017,121.033,3247,3219,0.990,1.490,1.580,1,0,2.001,0,0,28,299,1,12,1
31-07 11:20:14,5.747,9.245,68.712,14.242,0,6378584,4744552,411020,4694616,69488.625,459712.122,3506.064,487.731,63.965,21.988,3034,2945,0.990,1.490,1.580,1,0,2.998,0,0,28,299,1,12,1
31-07 11:20:15,9.244,10.993,66.957,11.243,0,6374424,4742680,411080,4700572,47363.599,95244.865,5040.764,551.646,55.964,53.965,3439,3841,0.990,1.490,1.580,1,1,5.996,0,0,28,299,1,12,1
31-07 11:20:16,5.508,6.009,67.101,19.279,0,6372488,4728568,411080,4716540,46254.521,24087.203,14850.320,36.054,168.253,6.009,3312,3409,0.990,1.490,1.580,1,0,2.003,0,0,28,299,1,12,1
31-07 11:20:17,8.252,7.752,61.017,21.506,0,6407924,4677796,411080,4731812,44427.261,21960.060,13583.749,12.003,148.041,3.001,3129,3253,0.990,1.480,1.580,1,0,4.001,0,0,28,299,1,12,1
31-07 11:20:17,9.594,11.614,67.664,10.352,0,6415924,4661308,411088,4740260,15062.792,7368.296,7408.692,379.726,82.813,17.168,2927,3055,0.990,1.480,1.580,2,0,2.020,0,0,28,299,1,12,1
31-07 11:20:19,16.343,16.838,64.877,0,0,6430016,4644992,411096,4742476,29396.735,14774.140,0,209.984,0,3.962,2658,2297,0.990,1.480,1.580,1,0,0.990,0,0,28,299,1,12,1
31-07 11:20:20,9.750,10.750,70.502,7.750,0,6422332,4644844,411104,4750268,15710.467,8444.251,6580.196,72.002,66.002,3.000,2580,2589,0.990,1.480,1.580,0,1,2.000,0,0,28,299,1,12,1
31-07 11:20:21,3.247,4.996,69.442,20.483,0,6419468,4633584,411104,4764328,59062.296,29872.860,13776.406,63.946,139.882,3.997,2788,3015,0.990,1.480,1.580,1,0,3.997,0,0,28,299,1,12,1
31-07 11:20:22,4.000,6.749,68.992,18.248,0,6396292,4642124,411116,4778888,45603.965,23017.459,14278.424,147.984,147.984,11.999,3371,3616,0.990,1.470,1.570,2,0,4.000,0,0,28,299,1,12,1
31-07 11:20:23,2.999,5.498,69.969,19.991,0,6392332,4631084,411116,4793824,44818.073,22899.819,14941.357,0,143.936,0,2909,3049,0.990,1.470,1.570,0,1,1.999,0,0,28,299,1,12,1
31-07 11:20:24,3.003,5.506,70.077,19.772,0,6380144,4629572,411116,4807460,48263.811,22544.669,13242.490,20.022,162.177,3.003,2874,3005,0.990,1.470,1.570,2,0,4.004,0,0,28,299,1,12,1
