"pcp-dstat 6.2.0 CSV Output"
"Author:","PCP team <pcp@groups.io> and Dag Wieers <dag@wieers.com>",,,,"URL:","https://pcp.io/ and http://dag.wieers.com/home-made/dstat/"
"Host:","ubuntu",,,,"User:","stack"
"Cmdline:","dstat -tcmndrylpg --tcp --output /opt/stack/logs/dstat-csv.log",,,,"Date:","31 Jul 2026 14:50:17 UTC"
"system","total usage",,,,,"memory usage",,,,"net/total",,"dsk/total",,"io/total",,"system",,"load avg",,,"procs",,,"paging",,"tcp sockets",,,,
"time","total usage:usr","total usage:sys","total usage:idl","total usage:wai","total usage:stl","used","free","buf","cach","net/total:recv","net/total:send","dsk/total:read","dsk/total:writ","read","writ","int","csw","1m","5m","15m","run","blk","new","in","out","lis","act","syn","tim","clo"
31-07 14:50:17,,1258588,11478496,153244,3263404,,,,,,,1.390,1.180,0.830,4,0,,,,12,4,0,9,2
31-07 14:50:18,21.718,21.718,54.170,0,0,1265284,11471488,153284,3263620,81348.363,39249.277,0,591.131,0,15.977,4464,2374,1.390,1.180,0.830,1,0,124.816,0,0,12,4,0,9,2
31-07 14:50:19,22.689,23.697,52.184,0,0,1288424,11447588,153356,3264244,648225.732,52731.358,0,1080.986,0,19.159,5381,2592,1.360,1.180,0.830,2,0,132.098,0,0,12,4,0,9,2
31-07 14:50:20,21.162,24.150,53.278,0.249,0,1290012,11445616,153460,3264448,80494.058,40245.535,0,952.038,0,31.867,4531,2466,1.360,1.180,0.830,2,0,137.428,0,0,12,4,0,9,2
31-07 14:50:21,19.700,25.436,52.118,0,0,1260564,11459276,153552,3279564,212524.266,463916.369,0,1013.441,0,24.937,4771,2523,1.360,1.180,0.830,1,0,122.690,0,0,12,4,0,9,2
31-07 14:50:22,26.489,28.988,43.482,0,0,1269168,11444596,153728,3285008,307690.336,149703.859,0,11495.305,0,63.974,5048,2541,1.360,1.180,0.830,2,0,119.951,0,0,12,4,0,9,2
31-07 14:50:23,29.569,25.058,44.103,0.251,0,1264192,11444232,153932,3289720,62148.618,34162.495,0,777.810,0,35.082,4598,2468,1.360,1.180,0.830,2,0,116.271,0,0,12,4,0,9,2
31-07 14:50:24,35.737,26.240,36.487,0,0,1260296,11437440,154472,3298404,64670.224,33558.662,0,591.782,0,24.991,4750,4277,1.410,1.190,0.840,3,0,76.972,0,0,12,4,0,9,2
31-07 14:50:25,30.112,27.126,41.560,0,0,1256384,11428332,154712,3309628,46373.187,24654.389,0,3237.214,0,371.304,5236,2618,1.410,1.190,0.840,2,0,107.509,0,0,12,4,0,9,2
31-07 14:50:26,33.343,28.580,36.602,0,0,1272196,11407780,154748,3313956,47098.400,24005.974,0,20.056,0,4.011,5027,4550,1.410,1.190,0.840,6,0,126.353,0,0,12,4,0,9,2
31-07 14:50:27,40.483,26.905,31.934,0,0,1278148,11392456,154892,3322536,60607.730,31061.726,0,873.023,0,24.139,5336,4804,1.410,1.190,0.840,2,0,70.405,0,0,12,4,0,9,2
31-07 14:50:28,33.583,20.398,44.528,0.249,0,1394912,11262280,155456,3441184,45421.525,23394.354,0,1795.050,0,77.613,4513,3123,1.410,1.190,0.840,4,0,15.921,0,0,13,4,0,9,2
31-07 14:50:29,25.727,18.233,54.950,0,0,1406764,11240256,156048,3466292,46140.977,24884.337,0,1490.642,0,49.955,3916,2647,1.380,1.190,0.840,2,0,64.941,0,0,13,6,0,9,2
31-07 14:50:30,42.058,10.765,45.813,0,0,1417848,11222972,156256,3471368,69942.245,460400.537,0,568.783,0,22.030,3616,2187,1.380,1.190,0.840,3,0,21.029,0,0,13,6,0,9,2
31-07 14:50:31,38.744,12.831,47.298,0,0,1427732,11189104,157020,3492704,50974.227,153613.031,0,1702.730,0,58.368,3742,2106,1.380,1.190,0.840,2,0,27.171,0,0,13,6,0,9,2
31-07 14:50:32,30.010,22.877,44.277,0.246,0,1414588,11196160,157396,3497516,61319.155,33315.232,0,10949.287,0,60.020,4775,2635,1.380,1.190,0.840,2,0,114.137,0,0,13,6,0,9,2
31-07 14:50:33,34.606,16.166,46.984,1.010,0,1344024,11281472,157608,3482404,63495.670,34486.024,505.201,1014.443,9.094,34.354,4099,2492,1.380,1.190,0.840,2,1,55.572,0,0,13,4,0,11,0
31-07 14:50:34,37.170,9.729,47.397,4.241,0,1382904,11240900,157692,3483996,46177.078,24128.788,1568.606,758.359,59.870,17.961,3259,1860,1.430,1.200,0.850,3,1,19.957,0,0,13,4,0,11,0
31-07 14:50:35,33.700,12.481,47.430,4.743,0,1437700,11182464,157852,3487240,45327.687,22827.101,3103.391,59.911,173.742,4.993,3074,1963,1.430,1.200,0.850,2,0,17.973,0,0,13,4,1,11,0
31-07 14:50:36,37.130,5.268,56.197,0.753,0,1463428,11155276,157920,3488544,37565.573,18747.663,76.267,1067.740,1.004,17.060,2596,1408,1.430,1.200,0.850,5,0,0,0,0,13,5,0,11,0
31-07 14:50:37,40.761,14.504,43.512,0.500,0,1466480,11144592,158052,3494552,16407.505,8607.363,112.031,29560.117,5.001,446.123,4040,1751,1.430,1.200,0.850,4,0,6.002,0,0,13,4,0,11,0
31-07 14:50:38,44.461,10.432,41.481,0,0,1481020,11129488,158052,3494996,16343.870,8297.122,15.897,11.923,0.994,1.987,5771,9288,1.430,1.200,0.850,4,0,5.961,0,0,13,6,0,11,0
31-07 14:50:39,31.583,21.306,40.606,2.005,0,1509208,11091504,162192,3500296,60832.454,32265.574,0,27684.567,0,1728.531,10793,14340,1.640,1.250,0.860,9,0,32.084,0,0,13,6,0,11,0
31-07 14:50:40,35.553,19.028,36.805,3.004,0,1495904,11095828,167296,3503916,30609.751,15588.299,0,34828.056,0,2640.947,13269,18716,1.640,1.250,0.860,5,0,37.055,0,0,13,6,0,11,0
31-07 14:50:41,38.441,19.470,31.202,4.743,0,1500512,11085496,171316,3505448,31433.013,20118.287,0,28776.070,0,1915.076,13789,22952,1.640,1.250,0.860,2,0,34.947,0,0,13,6,0,11,0
31-07 14:50:42,32.438,22.707,42.419,0.749,0,1459648,11125912,171720,3505440,60927.860,579835.721,0,5034.403,0,219.581,5015,3323,1.640,1.250,0.860,4,0,76.854,0,0,13,4,0,11,0
31-07 14:50:43,39.260,12.665,47.872,0,0,1399164,11194808,171808,3498132,46389.943,25484.225,0,3173.244,0,41.540,3054,1731,1.640,1.250,0.860,3,0,9.119,0,0,13,4,0,11,0
31-07 14:50:44,39.552,13.101,45.732,0.247,0,1420556,11172788,172312,3498252,55750.065,28230.998,0,7056.019,0,335.200,3866,2856,1.660,1.260,0.870,4,0,25.709,0,0,13,4,0,11,0
31-07 14:50:45,45.801,15.517,38.043,0,0,1452000,11141316,172340,3500492,35014.313,18219.456,0,268.301,0,9.010,3655,4909,1.660,1.260,0.870,6,0,78.088,0,0,13,4,0,10,0
31-07 14:50:46,29.598,9.281,59.699,0,0,1434348,11158956,172344,3498228,46213.719,26149.982,0,4.013,0,1.003,2993,9344,1.660,1.260,0.870,1,0,12.040,0,0,13,4,0,11,0
31-07 14:50:47,19.722,7.240,72.148,0,0,1361200,11232104,172344,3498228,45524.725,23651.607,0,7.989,0,1.997,2091,1464,1.660,1.260,0.870,1,0,10.984,0,0,13,4,0,11,0
31-07 14:50:48,20.738,5.747,72.209,0,0,1388980,11204324,172344,3498228,45621.841,23733.392,0,0,0,0,1911,1404,1.660,1.260,0.870,3,0,0,0,0,13,4,0,11,0
31-07 14:50:49,21.796,5.512,72.152,0,0,1419412,11173888,172344,3498232,31399.992,15663.920,0,0,0,0,1894,1399,1.610,1.260,0.870,4,0,2.004,0,0,13,4,0,10,0
31-07 14:50:50,23.725,2.747,72.674,0,0,1423508,11169768,172356,3498244,31040.403,15644.571,0,155.836,0,3.996,1773,1209,1.610,1.260,0.870,3,0,0,0,0,13,4,0,10,0
31-07 14:50:51,16.994,10.496,71.476,0.250,0,1391400,11201852,172380,3498244,47081.985,26434.009,0,115.961,0,9.997,2671,1887,1.610,1.260,0.870,3,0,44.985,0,0,13,4,0,10,0
31-07 14:50:52,6.506,22.771,68.062,0,0,1390224,11202980,172420,3498252,56908.239,468809.345,0,416.382,0,23.021,4667,3219,1.610,1.260,0.870,1,0,138.127,0,0,13,4,0,10,0
31-07 14:50:53,6.996,24.986,65.463,0,0,1381372,11211820,172420,3498264,64974.192,168823.361,0,6324.417,0,35.980,4500,2698,1.610,1.260,0.870,1,0,127.928,0,0,13,4,0,6,0
31-07 14:50:54,6.754,24.514,66.789,0,0,1374164,11219020,172420,3498272,62048.487,32510.117,0,72.042,0,5.003,4182,2507,1.640,1.270,0.880,2,0,119.070,0,0,13,4,0,6,0
31-07 14:50:55,7.748,23.243,66.730,0,0,1366992,11226184,172420,3498280,46753.650,24593.452,0,11.996,0,2.999,4244,2541,1.640,1.270,0.880,1,0,123.962,0,0,13,4,0,6,0
31-07 14:50:56,7.502,23.756,66.518,0,0,1363492,11229680,172420,3498284,61735.759,32781.899,0,24.007,0,5.001,4062,2538,1.640,1.270,0.880,3,0,122.033,0,0,13,4,0,6,0
31-07 14:50:57,16.840,21.049,59.681,0,0,1361244,11231912,172428,3498288,45158.800,23267.346,0,182.264,0,2.972,4214,4928,1.640,1.270,0.880,3,0,70.330,0,0,13,4,0,6,0
31-07 14:50:58,17.697,28.166,51.596,0,0,1334776,11258384,172428,3498292,60551.268,31066.274,0,39506.083,0,138.586,5580,5679,1.640,1.270,0.880,5,0,64.807,0,0,13,4,0,6,0
31-07 14:50:59,28.305,20.218,44.733,6.318,0,1357960,11233288,172432,3500660,46971.781,25453.620,1908.592,5855.172,23.251,11.120,4397,2434,1.670,1.280,0.880,7,0,72.785,0,0,13,4,0,6,0
31-07 14:51:00,45.107,18.544,33.580,1.504,0,1438000,11152144,172432,3501764,61273.882,32032.263,1102.625,0,14.033,0,4027,2085,1.670,1.280,0.880,2,0,59.141,0,0,13,5,0,6,0
31-07 14:51:01,45.242,6.999,45.992,0.500,0,1457916,11132096,172452,3501876,41846.952,573935.329,19.997,1715.711,3.999,334.944,3535,1870,1.670,1.280,0.880,4,0,2.999,0,0,13,5,0,6,0
31-07 14:51:02,46.781,4.230,47.527,0.498,0,1484900,11104124,172468,3502840,29916.819,14750.882,489.705,732.567,3.981,3.981,2785,1209,1.670,1.280,0.880,4,0,0,0,0,13,5,0,6,0
31-07 14:51:03,36.283,16.378,47.873,0,0,1486404,11102612,172472,3502844,15093.697,7569.021,0,499.898,0,2.016,2758,1643,1.670,1.280,0.880,4,0,0,0,0,13,5,0,6,0
31-07 14:51:04,45.622,15.706,36.647,0.748,0,1522336,11063984,172572,3505212,29627.684,14778.441,3.989,41363.681,0.997,168.526,4326,3641,1.700,1.290,0.890,4,0,18.947,0,0,13,4,0,6,0
31-07 14:51:05,19.344,23.064,53.320,1.736,0,1541608,11044400,172704,3505360,1360.034,625.953,353.153,7.936,9.920,1.984,4203,2496,1.700,1.290,0.890,5,1,111.104,0,0,13,6,0,3,0
31-07 14:51:06,35.938,8.293,55.792,0,0,1594492,10991004,172704,3505864,61232.615,33544.640,369.937,0,5.026,0,2842,1826,1.700,1.290,0.890,2,0,11.058,0,0,14,12,0,3,0
31-07 14:51:07,22.541,4.954,70.597,0,0,1621196,10964292,172712,3505860,36980.700,17356.346,0,0,0,0,1981,1428,1.700,1.290,0.890,3,0,2.972,0,0,14,12,0,3,0
31-07 14:51:08,25.145,4.318,71.118,0,0,1638048,10947408,172720,3505868,24308.109,13801.959,0,1519.892,0,4.064,2011,1413,1.700,1.290,0.890,3,0,0,0,0,14,12,0,3,0
31-07 14:51:09,24.199,3.210,70.621,0,0,1642080,10943376,172720,3505872,30307.899,15334.207,0,0,0,0,1808,1199,1.720,1.310,0.900,3,0,0,0,0,14,12,0,3,0
31-07 14:51:10,25.053,3.796,70.352,0.506,0,1662160,10922752,172808,3506312,17346.034,18669.053,210.549,5567.413,15.184,248.003,2871,2251,1.720,1.310,0.900,2,0,4.049,0,0,14,18,0,3,0
31-07 14:51:11,38.816,6.967,51.506,0.498,0,1667156,10916704,173816,3506352,60697.490,36299.060,0,7381.038,0,508.591,6068,6936,1.720,1.310,0.900,1,0,0,0,0,14,18,0,5,0
31-07 14:51:12,15.674,12.191,70.409,0,0,1587240,10996588,173848,3506352,44758.028,22697.968,0,374.186,0,16.918,2660,1875,1.720,1.310,0.900,3,0,41.797,0,0,14,18,0,5,0
31-07 14:51:13,19.368,5.031,72.691,2.515,0,1623440,10959796,173912,3506780,29833.051,14830.000,462.809,515.126,26.159,16.098,1911,1373,1.720,1.310,0.900,3,0,2.012,0,0,14,18,0,5,0
31-07 14:51:14,23.977,3.497,71.681,0.250,0,1647224,10935604,174064,3506996,29562.585,14739.832,0,2697.407,0,102.901,2122,1553,1.660,1.300,0.900,3,0,0,0,0,14,18,0,5,0
31-07 14:51:15,19.677,4.732,71.485,2.740,0,1647204,10935380,174088,3507116,14801.184,7334.836,119.557,1586.126,29.889,10.959,2329,2057,1.660,1.300,0.900,1,0,0,0,0,14,18,0,5,0
31-07 14:51:16,16.061,4.266,72.023,6.776,0,1646864,10935156,174124,3507408,15152.502,7323.793,325.234,0,80.305,0,2550,2556,1.660,1.300,0.900,2,0,2.008,0,0,14,25,0,5,0
31-07 14:51:17,19.461,10.230,69.361,0,0,1559448,11022548,174124,3507428,39415.275,455849.525,0,7.984,0,1.996,3101,2113,1.660,1.300,0.900,2,0,44.910,0,0,14,24,0,5,0
31-07 14:51:18,21.783,7.011,71.108,0,0,1595932,10986040,174132,3507428,48636.613,158824.384,0,889.346,0,4.006,2448,1474,1.660,1.300,0.900,2,0,0,0,0,14,24,0,5,0
31-07 14:51:19,22.656,3.983,71.452,0,0,1632976,10948996,174132,3507428,29409.485,15015.448,0,0,0,0,1881,1270,1.610,1.290,0.900,1,0,2.988,0,0,14,25,0,5,0
31-07 14:51:20,22.019,5.255,71.563,0,0,1633220,10948744,174132,3507436,15048.308,7464.601,0,12.011,0,2.002,2577,2395,1.610,1.290,0.900,3,0,0,0,0,14,25,0,5,0
31-07 14:51:21,19.548,9.022,70.925,0,0,1600468,10981444,174172,3507444,15340.931,7476.486,0,200.496,0,16.040,3063,2581,1.610,1.290,0.900,1,0,42.104,0,0,14,24,0,5,0
31-07 14:51:22,22.421,27.207,49.124,0,0,1634064,10947824,174188,3507452,60810.191,32489.472,0,5308.434,0,605.613,5043,2402,1.610,1.290,0.900,2,0,116.890,0,0,14,24,0,5,0
31-07 14:51:23,41.004,9.692,47.962,0,0,1707448,10874408,174220,3507452,29415.532,15337.985,0,330.020,0,18.887,2909,1550,1.610,1.290,0.900,3,0,0,0,0,14,24,0,5,0
31-07 14:51:24,43.260,8.252,47.261,0,0,1747824,10834020,174220,3507464,29957.871,15243.496,0,0,0,0,3701,2594,1.640,1.310,0.910,2,0,0,0,0,14,24,0,5,0
31-07 14:51:25,44.912,7.984,45.161,0,0,1745464,10836172,174236,3507652,14946.553,7281.654,0,550.915,0,8.982,5677,5893,1.640,1.310,0.910,3,0,1.996,0,0,14,26,0,5,0
31-07 14:51:26,39.814,13.522,44.321,0,0,1730740,10850800,174300,3507680,30287.752,15567.057,0,324.522,0,27.044,5521,5024,1.640,1.310,0.910,2,0,54.087,0,0,14,24,0,5,0
31-07 14:51:27,40.457,47.493,11.559,0,0,1706212,10875248,174316,3507696,47653.588,24796.752,0,213.089,0,15.077,5202,3242,1.640,1.310,0.910,5,0,295.511,0,0,14,24,0,5,0
31-07 14:51:28,67.911,31.826,0.251,0,0,1796840,10784584,174332,3507712,60550.831,32222.540,0,168.400,0,12.029,5297,3395,1.640,1.310,0.910,6,0,233.555,0,0,14,24,0,5,0
31-07 14:51:29,81.140,17.811,0,0,0,1917180,10663412,174356,3508488,44207.255,23136.674,0,340.391,0,17.811,5506,3774,1.990,1.380,0.930,7,0,5.937,0,0,14,25,0,5,0
31-07 14:51:30,84.578,15.058,0.753,0,0,2003564,10576988,174364,3508504,29886.892,14980.088,0,44.171,0,3.012,5693,4452,1.990,1.380,0.930,7,0,0,0,0,14,26,0,6,0
31-07 14:51:31,81.848,13.393,2.976,0,0,2046984,10533192,174380,3508840,42656.370,567118.607,0,75.400,0,5.953,7561,9007,1.990,1.380,0.930,4,0,2.976,0,0,14,29,0,7,0
31-07 14:51:32,77.544,15.711,6.589,0,0,1999944,10580080,174460,3508876,31115.737,15855.372,0,393.293,0,35.477,6277,6171,1.990,1.380,0.930,8,0,83.119,0,0,14,25,0,8,0
31-07 14:51:33,47.868,24.058,26.538,0,0,1812372,10767540,174548,3508896,61742.995,31690.954,0,500.008,0,37.699,5984,5321,1.990,1.380,0.930,4,0,165.677,0,0,14,24,0,8,0
31-07 14:51:34,13.816,14.570,69.833,0,0,1701584,10878308,174564,3508900,60965.096,31755.627,0,221.055,0,10.048,3092,2047,1.910,1.380,0.930,4,0,63.302,0,0,14,24,0,6,0
31-07 14:51:35,21.286,6.010,72.872,0,0,1688616,10891260,174580,3508900,30278.774,14844.893,0,232.390,0,14.024,1877,1328,1.910,1.380,0.930,2,0,0,0,0,14,24,0,6,0
31-07 14:51:36,22.244,4.249,72.230,0,0,1701104,10878708,174632,3508908,29969.712,14587.966,0,739.795,0,29.992,2249,1791,1.910,1.380,0.930,3,0,0,0,0,14,24,0,6,0
31-07 14:51:37,22.875,4.724,69.869,0,0,1692532,10887228,174672,3508920,15234.835,7387.672,0,159.131,0,18.897,3592,3689,1.910,1.380,0.930,3,0,2.984,0,0,14,24,0,6,0
31-07 14:51:38,14.725,13.727,70.380,0,0,1650224,10929520,174688,3508920,30247.296,16138.413,0,139.761,0,6.988,3034,1924,1.910,1.380,0.930,2,0,67.884,0,0,14,24,0,6,0
31-07 14:51:39,20.498,6.999,72.244,0,0,1651296,10928428,174704,3508920,44599.575,22924.239,0,123.990,0,6.999,1963,1480,1.840,1.370,0.930,2,0,0,0,0,14,24,0,6,0
31-07 14:51:40,21.924,5.292,72.323,0,0,1689392,10890296,174736,3508924,30628.700,15331.486,0,2528.032,0,284.252,2426,1391,1.840,1.370,0.930,2,0,2.016,0,0,14,25,0,6,0
31-07 14:51:41,22.081,4.466,71.205,0,0,1689708,10889976,174736,3508928,15106.348,7401.337,0,7.939,0,1.985,2781,2666,1.840,1.370,0.930,1,0,0,0,0,14,25,0,6,0
31-07 14:51:42,19.531,10.016,69.611,0,0,1639016,10940596,174808,3508944,15419.556,7469.896,0,336.536,0,29.046,3357,3055,1.840,1.370,0.930,3,0,47.075,0,0,14,24,0,7,0
31-07 14:51:43,6.750,26.498,64.996,0,0,1634712,10944884,174824,3508944,61141.410,34379.981,0,2623.846,0,371.978,5232,2676,1.840,1.370,0.930,1,0,187.989,0,0,14,24,0,7,0
31-07 14:51:44,7.220,26.887,62.736,0.249,0,1615448,10964096,174888,3508940,60333.026,595774.071,0,705.032,0,35.849,5133,3046,1.770,1.360,0.930,3,0,160.325,0,0,14,24,0,7,0
31-07 14:51:45,7.258,29.284,61.321,0,0,1610128,10969388,174912,3508944,61250.252,32934.313,0,388.452,0,14.016,4802,2803,1.770,1.360,0.930,2,0,195.227,0,0,14,24,0,7,0
31-07 14:51:46,35.841,46.368,16.041,0,0,1622704,10956792,174912,3508960,60741.788,31373.950,0,24.061,0,6.015,5768,12441,1.770,1.360,0.930,5,0,251.641,0,0,14,24,0,7,0
31-07 14:51:47,60.018,39.340,1.009,0,0,1736468,10842980,174912,3508976,46414.860,25147.183,0,20.174,0,5.044,5078,3081,1.770,1.360,0.930,5,0,240.073,0,0,14,24,0,7,0
31-07 14:51:48,78.614,19.036,0.247,0,0,1876688,10702628,174912,3509108,44414.590,23244.113,0,0,0,0,5134,2715,1.770,1.360,0.930,8,0,0,0,0,14,25,0,7,1
31-07 14:51:49,81.868,14.521,2.504,0,0,1945696,10633580,174912,3509140,30262.626,15231.958,0,0,0,0,6165,6579,2.110,1.440,0.960,6,0,2.003,0,0,14,26,0,7,0
31-07 14:51:50,78.450,15.540,6.266,0,0,1934544,10644644,174960,3509180,15656.827,7314.606,0,260.663,0,19.048,6264,7831,2.110,1.440,0.960,6,0,30.077,0,0,14,26,0,8,0
31-07 14:51:51,80.281,16.206,1.995,0,0,1936160,10642756,175040,3509368,15724.068,7341.954,0,402.900,0,34.905,6439,8634,2.110,1.440,0.960,7,0,29.918,0,0,14,26,0,8,0
31-07 14:51:52,75.565,22.519,1.251,0,0,1712800,10866024,175120,3509380,15288.236,7302.322,0,344.298,0,33.029,5673,4216,2.110,1.440,0.960,7,0,96.083,0,0,14,24,0,8,0
31-07 14:51:53,68.199,30.199,1.007,0,0,1795488,10783300,175140,3509396,52711.237,26585.130,0,233.538,0,15.099,5730,4053,2.110,1.440,0.960,7,0,157.034,0,0,14,24,0,8,0
31-07 14:51:54,81.077,17.658,0,0,0,1910320,10668428,175156,3509416,38842.578,20133.080,0,198.963,0,7.959,6429,5949,2.420,1.520,0.990,7,0,0,0,0,14,26,0,8,0
31-07 14:51:55,84.910,13.275,1.503,0,0,1987384,10591328,175172,3509436,29768.012,14884.006,0,152.287,0,8.015,6196,4890,2.420,1.520,0.990,6,0,2.004,0,0,14,25,0,8,0
31-07 14:51:56,77.854,16.860,3.719,0,0,2003676,10575004,175188,3509460,52866.435,452613.249,0,567.294,0,8.926,6913,7156,2.420,1.520,0.990,5,0,50.580,0,0,14,28,0,8,0
31-07 14:51:57,70.815,16.515,10.009,0,0,1999892,10578592,175204,3509636,33680.735,139813.585,0,144.132,0,7.006,6465,7922,2.420,1.520,0.990,8,0,47.043,0,0,14,27,0,8,0
31-07 14:51:58,68.112,16.288,13.079,0,0,1898608,10679768,175260,3509688,60255.324,33406.410,0,292.190,0,21.717,6929,7541,2.420,1.520,0.990,6,0,78.970,0,0,14,25,0,8,0
31-07 14:51:59,43.369,20.289,36.014,0,0,1756344,10821968,175308,3509700,45340.743,23744.696,0,275.936,0,25.362,4403,3989,2.550,1.560,1.010,4,0,109.563,0,0,14,24,0,8,0
31-07 14:52:00,40.585,11.524,46.597,0,0,1781440,10796848,175324,3509708,29713.021,14688.660,0,132.276,0,7.015,3385,2215,2.550,1.560,1.010,4,0,16.033,0,0,14,24,0,8,0
31-07 14:52:01,43.764,8.703,46.002,0,0,1776680,10801560,175364,3509712,29653.865,14871.691,0,242.689,0,16.909,4144,3234,2.550,1.560,1.010,4,0,1.989,0,0,14,25,0,8,0
31-07 14:52:02,37.550,15.270,46.311,0,0,1687444,10890700,175436,3509736,15235.095,7792.278,0,356.470,0,33.044,4314,3147,2.550,1.560,1.010,5,0,79.104,0,0,14,24,0,8,0
31-07 14:52:03,38.596,43.108,16.040,0,0,1696572,10881532,175452,3509756,41708.093,24286.613,0,220.550,0,13.033,5832,4772,2.550,1.560,1.010,6,0,236.590,0,0,14,25,0,8,0
31-07 14:52:04,77.016,22.221,1.515,0,0,1728232,10849840,175468,3509772,49451.136,25653.301,0,3700.831,0,477.755,5762,4023,2.660,1.600,1.020,6,0,16.161,0,0,14,24,0,8,0
31-07 14:52:05,66.669,15.745,15.745,0,0,1819120,10758872,175484,3509812,44328.259,22577.920,0,204.681,0,10.824,4609,2639,2.660,1.600,1.020,5,0,48.218,0,0,14,27,0,8,0
31-07 14:52:06,66.152,11.645,20.069,0,0,1827600,10750304,175552,3509828,29504.389,14948.917,0,364.704,0,28.740,5708,4644,2.660,1.600,1.020,6,0,0.991,0,0,14,30,0,9,0
31-07 14:52:07,52.055,8.339,37.146,0.253,0,1825056,10752732,175616,3509880,30304.251,15113.210,0,254.717,0,27.291,6412,6997,2.660,1.600,1.020,11,0,3.032,0,0,14,29,0,11,0
31-07 14:52:08,56.157,22.160,20.398,0,0,1714436,10863020,175912,3509908,15676.488,8656.669,0,2788.185,0,163.181,6052,5166,2.660,1.600,1.020,3,0,90.656,0,0,14,28,0,10,0
31-07 14:52:09,54.830,40.243,4.024,0,0,1726716,10850728,175928,3509916,73356.129,588052.285,0,193.164,0,10.061,5362,3075,2.690,1.620,1.030,4,0,170.025,0,0,14,28,0,10,0
31-07 14:52:10,83.827,15.264,0.500,0,0,1838824,10738600,175944,3509920,30873.211,14815.538,0,164.150,0,8.007,4824,1992,2.690,1.620,1.030,4,0,2.002,0,0,14,28,0,10,0
31-07 14:52:11,79.043,13.335,4.122,0,0,1902888,10674408,175968,3510020,28874.280,14152.005,0,387.939,0,19.397,5537,5455,2.690,1.620,1.030,5,0,0,0,0,14,30,0,11,0
31-07 14:52:12,55.800,8.116,34.495,0.254,0,1902696,10674408,176000,3510176,22359.594,11456.261,0,121.746,0,12.175,6598,7055,2.690,1.620,1.030,4,0,0,0,0,14,31,0,12,0
31-07 14:52:13,66.715,24.955,7.385,0,0,1823400,10753476,176048,3510348,23483.802,12994.723,0,342.234,0,23.427,5958,7066,2.690,1.620,1.030,6,0,179.266,0,0,14,28,0,14,0
31-07 14:52:14,59.972,29.986,9.995,0,0,1719696,10857164,176064,3510348,45463.539,24106.620,0,175.917,0,8.996,4691,2699,2.800,1.660,1.050,4,0,149.929,0,0,14,28,0,14,0
31-07 14:52:15,62.751,11.320,23.378,0,0,1795728,10781100,176096,3510348,43456.416,22188.877,0,169.306,0,11.812,3924,1690,2.800,1.660,1.050,3,0,0,0,0,14,29,0,12,0
31-07 14:52:16,61.491,11.593,25.957,0,0,1816524,10760252,176120,3510372,30234.383,15005.802,0,524.185,0,52.418,5368,4597,2.800,1.660,1.050,6,0,2.016,0,0,14,30,0,13,0
31-07 14:52:17,54.549,8.257,35.532,0,0,1816484,10760252,176120,3510412,14989.491,7626.865,0,12.011,0,3.003,6362,6687,2.800,1.660,1.050,3,0,1.001,0,0,14,31,0,14,0
31-07 14:52:18,59.681,10.238,27.968,0,0,1751148,10825440,176224,3510448,18369.734,7986.754,0,443.487,0,40.953,5927,5326,2.800,1.660,1.050,6,0,35.958,0,0,14,28,0,14,0
31-07 14:52:19,36.508,44.259,17.504,0,0,1656576,10919972,176256,3510456,56883.786,32066.644,0,276.057,0,18.004,5087,3218,2.810,1.680,1.060,3,0,265.055,0,0,14,28,0,14,0
31-07 14:52:20,60.013,16.186,23.159,0,0,1775504,10801028,176272,3510456,44618.963,22770.164,0,147.418,0,7.969,3701,1657,2.810,1.680,1.060,4,0,0,0,0,14,29,0,14,0
31-07 14:52:21,61.456,9.993,27.980,0,0,1831808,10744660,176320,3510472,29510.802,14647.478,0,603.566,0,29.978,4936,3768,2.810,1.680,1.060,4,0,0,0,0,14,29,0,14,0
31-07 14:52:22,57.332,10.561,29.923,0,0,1831636,10744672,176320,3510628,15182.993,7338.531,0,8.047,0,1.006,6018,5703,2.810,1.680,1.060,4,0,2.012,0,0,14,31,0,14,0
31-07 14:52:23,56.636,9.936,29.808,0.248,0,1735368,10840712,176384,3510792,27089.932,437945.950,0,306.034,0,26.828,6749,6329,2.810,1.680,1.060,3,0,16.891,0,0,14,28,0,15,0
31-07 14:52:24,34.223,47.057,17.363,0,0,1666576,10909472,176400,3510804,63201.401,157612.451,0,193.261,0,12.079,5420,3248,2.830,1.710,1.070,3,0,272.780,0,0,14,28,0,15,0
31-07 14:52:25,59.563,17.944,21.433,0,0,1732288,10843728,176432,3510804,44312.154,22662.989,0,3544.893,0,464.544,4547,2025,2.830,1.710,1.070,3,0,1.994,0,0,14,28,0,15,0
31-07 14:52:26,64.678,10.862,23.699,0,0,1816136,10759836,176464,3510812,29397.290,15179.038,0,955.849,0,24.686,4478,2488,2.830,1.710,1.070,4,0,0,0,0,14,29,0,15,0
31-07 14:52:27,60.836,12.874,25.496,0,0,1817020,10758840,176464,3510844,15242.826,7530.538,0,8.078,0,1.010,6183,6334,2.830,1.710,1.070,4,0,7.068,0,0,14,31,0,15,0
31-07 14:52:28,59.288,5.827,33.445,0,0,1768932,10806812,176544,3510876,15298.385,7544.298,0,283.773,0,30.404,5608,5339,2.830,1.710,1.070,3,0,5.067,0,0,14,28,0,15,0
31-07 14:52:29,44.018,31.513,23.509,0,0,1712324,10863392,176568,3510880,47721.108,25850.351,0,192.077,0,12.005,4559,2467,2.840,1.730,1.080,3,0,109.044,0,0,14,28,0,15,0
31-07 14:52:30,63.141,12.181,23.864,0,0,1790680,10785020,176584,3510880,44196.002,23124.671,0,111.368,0,6.960,3847,1450,2.840,1.730,1.080,6,0,0,0,0,14,28,0,15,0
31-07 14:52:31,63.199,11.197,23.637,0,0,1812244,10763388,176632,3510900,15024.332,7553.967,0,390.139,0,23.886,5114,3933,2.840,1.730,1.080,4,0,1.991,0,0,14,29,0,13,0
31-07 14:52:32,54.247,8.250,35.248,0,0,1812272,10763164,176664,3511064,29829.324,14789.169,0,131.993,0,14.999,6725,7090,2.840,1.730,1.080,4,0,0,0,0,14,30,0,13,0
31-07 14:52:33,48.683,31.368,18.570,0,0,1729692,10845628,176712,3511092,16776.910,9322.959,0,313.174,0,24.090,5792,4676,2.840,1.730,1.080,3,0,195.734,0,0,14,28,0,13,0
31-07 14:52:34,54.091,41.260,4.277,0,0,1724204,10851072,176736,3511112,61260.817,32653.651,0,253.597,0,17.108,5304,3181,2.860,1.750,1.090,5,0,218.375,0,0,14,28,0,13,0
31-07 14:52:35,68.159,30.709,0,0,0,1841476,10733732,176752,3511136,60905.024,33068.035,0,175.766,0,14.980,5379,3726,2.860,1.750,1.090,8,0,194.741,0,0,14,29,0,13,0
31-07 14:52:36,73.234,26.744,0,0,0,1949776,10625400,176776,3511140,52511.287,548889.570,0,375.916,0,15.996,5526,4098,2.860,1.750,1.090,9,0,154.965,0,0,14,28,0,12,0
31-07 14:52:37,75.210,23.737,0.750,0,0,2014652,10560440,176812,3511172,64309.580,65480.953,0,203.891,0,14.992,6531,6454,2.860,1.750,1.090,9,0,130.930,0,0,14,28,0,12,0
31-07 14:52:38,75.378,21.677,1.232,0,0,2045420,10529444,176860,3511348,45125.154,27228.607,0,283.775,0,21.677,6518,6606,2.860,1.750,1.090,7,0,166.521,0,0,14,31,0,13,0
31-07 14:52:39,67.369,31.405,1.520,0,0,2072968,10501336,176876,3511888,61677.336,33773.513,0,158.038,0,7.091,6464,6513,3.110,1.820,1.120,7,0,151.960,0,0,14,29,0,13,0
31-07 14:52:40,70.097,26.787,1.001,0,0,2008624,10565272,176964,3512204,62381.573,33586.611,0,452.628,0,36.050,7089,7171,3.110,1.820,1.120,7,0,164.228,0,0,14,29,0,13,0
31-07 14:52:41,69.041,28.767,2.001,0,0,1935260,10638564,177020,3512216,46047.624,27136.279,0,352.211,0,24.014,6180,5403,3.110,1.820,1.120,7,0,208.125,0,0,14,28,0,13,0
31-07 14:52:42,67.819,31.282,0,0,0,1875320,10698488,177036,3512232,60980.889,33888.393,0,180.183,0,9.009,5760,4697,3.110,1.820,1.120,6,0,187.190,0,0,14,28,0,13,0
31-07 14:52:43,78.806,18.834,0.496,0,0,1933768,10640024,177036,3512248,61155.109,34157.013,0,7.930,0,0.991,6091,4898,3.110,1.820,1.120,5,0,92.188,0,0,14,30,0,13,0
31-07 14:52:44,85.313,12.873,2.272,0,0,2003728,10570008,177036,3512300,31081.067,14877.720,0,0,0,0,6008,7237,3.420,1.910,1.150,5,0,0,0,0,14,29,0,14,0
31-07 14:52:45,68.770,23.422,6.229,0,0,1920484,10652968,177036,3512584,58111.888,556399.450,111.627,7.973,0.997,1.993,7222,8242,3.420,1.910,1.150,5,0,155.481,0,0,14,30,0,14,0
31-07 14:52:46,53.986,31.800,11.339,0,0,1732276,10841156,177036,3513108,60244.211,33533.318,0,3987.554,0,494.007,7480,6809,3.420,1.910,1.150,6,0,230.734,0,0,14,29,0,15,0
31-07 14:52:47,33.786,20.423,44.124,0,0,1692060,10881356,177044,3512620,45468.997,24404.640,0,169.435,0,8.068,4453,14143,3.420,1.910,1.150,2,0,101.862,0,0,14,28,0,16,0
31-07 14:52:48,5.763,25.557,67.401,0,0,1663080,10910332,177044,3512624,61360.734,34236.850,0,16.036,0,2.004,4561,2657,3.420,1.910,1.150,1,0,171.385,0,0,14,28,0,15,0
31-07 14:52:49,6.469,28.115,62.948,0,0,1651796,10921608,177044,3512632,60390.607,31789.663,0,11.943,0,2.986,4509,2706,3.230,1.890,1.150,3,0,173.170,0,0,14,28,0,15,0
31-07 14:52:50,23.097,41.674,33.892,0,0,1669728,10903588,177116,3512648,49845.670,24687.349,0,694.909,0,39.164,5316,3405,3.230,1.890,1.150,5,0,243.017,0,0,14,28,0,15,0
31-07 14:52:51,43.750,45.259,10.309,0,0,1702056,10871208,177156,3512660,61449.609,32958.586,0,543.108,0,28.161,5284,3210,3.230,1.890,1.150,7,0,270.548,0,0,14,28,0,15,0
31-07 14:52:52,60.628,35.736,1.725,0,0,1782580,10790668,177156,3512676,60135.659,32421.461,0,149.844,0,32.532,5342,3747,3.230,1.890,1.150,9,0,270.113,0,0,14,29,0,14,0
31-07 14:52:53,67.200,31.698,0.761,0,0,1843368,10729812,177196,3512700,57811.327,573954.476,0,178.524,0,19.272,6154,6224,3.230,1.890,1.150,5,0,195.768,0,0,14,28,0,14,0
31-07 14:52:54,78.996,19.249,0.750,0,0,1862288,10710692,177244,3512848,44852.452,22824.703,0,247.986,0,18.999,5561,5470,3.370,1.940,1.170,5,0,66.996,0,0,14,28,0,14,0
31-07 14:52:55,78.284,20.009,1.751,0,0,1919440,10653504,177260,3512868,29827.078,14892.530,0,140.061,0,8.004,5740,5184,3.370,1.940,1.170,5,0,69.030,0,0,14,29,0,14,0
31-07 14:52:56,78.372,18.660,0.995,0,0,1981572,10591272,177332,3512896,29687.792,15077.270,0,354.291,0,29.856,6216,5767,3.370,1.940,1.170,5,0,54.736,0,0,14,29,0,14,0
31-07 14:52:57,79.797,18.820,1.757,0,0,1952608,10620096,177396,3512964,14911.556,7522.025,0,2212.242,0,269.002,6813,6802,3.370,1.940,1.170,7,0,51.191,0,0,14,29,0,15,0
31-07 14:52:58,74.684,22.980,1.998,0,0,1903368,10669164,177412,3513120,15081.724,7437.453,0,187.835,0,7.993,6419,5991,3.370,1.940,1.170,5,0,97.914,0,0,14,29,0,15,0
31-07 14:52:59,81.530,15.518,1.724,0,0,1965268,10607200,177428,3513164,15092.124,7413.053,0,197.051,0,10.838,6552,7475,3.500,1.990,1.190,6,0,0,0,0,14,30,0,15,0
31-07 14:53:00,80.019,12.582,5.788,0,0,1990636,10581748,177476,3513200,15193.454,7410.017,0,253.644,0,19.124,6783,7742,3.500,1.990,1.190,6,0,0,0,0,14,30,0,15,0
31-07 14:53:01,70.416,16.231,12.235,0,0,2011356,10560832,177492,3513376,419.497,0,0,147.823,0,7.990,7100,8050,3.500,1.990,1.190,5,0,31.962,0,0,14,32,0,15,0
31-07 14:53:02,81.220,14.422,3.289,0,0,1984176,10587916,177540,3513420,15684.364,7451.009,0,230.757,0,20.242,6125,8483,3.500,1.990,1.190,6,0,20.242,0,0,14,31,0,15,0
31-07 14:53:03,74.186,14.837,9.644,0,0,1937836,10634020,177588,3513604,1093.998,146.394,0,265.092,0,20.772,6561,9114,3.500,1.990,1.190,6,0,14.837,0,0,14,30,0,15,0
31-07 14:53:04,75.151,22.697,1.261,0,0,1881868,10689880,177684,3513644,15166.368,7656.317,0,423.670,0,42.367,6087,7749,3.620,2.040,1.210,5,0,114.996,0,0,14,29,0,16,0
31-07 14:53:05,76.490,20.997,2.000,0,0,1940452,10631196,177700,3513708,589.919,0,0,199.973,0,9.999,6327,6574,3.620,2.040,1.210,5,0,9.999,0,0,14,29,0,16,0
31-07 14:53:06,84.163,13.903,1.490,0,0,1980112,10591436,177748,3513752,15050.019,7442.088,0,286.005,0,20.855,6160,6882,3.620,2.040,1.210,4,0,0,0,0,14,31,0,16,0
31-07 14:53:07,77.190,20.869,1.257,0,0,1981464,10589924,177764,3513908,766.371,0,0,225.285,0,11.063,5991,9095,3.620,2.040,1.210,4,0,74.425,0,0,14,31,0,18,0
31-07 14:53:08,70.231,11.912,15.386,0,0,2016428,10554896,177784,3513952,356.364,146.913,0,206.473,0,7.941,7086,8015,3.620,2.040,1.210,6,0,0,0,0,14,31,0,17,0
31-07 14:53:09,71.034,21.411,6.549,0,0,1999164,10572060,177800,3514032,15089.461,7877.230,0,133.000,0,7.053,6447,10838,3.730,2.090,1.230,7,0,71.538,0,0,14,31,0,19,0
31-07 14:53:10,70.785,12.937,13.181,0,0,2041204,10529812,177816,3514220,643.414,0,0,148.405,0,8.787,6955,8906,3.730,2.090,1.230,5,0,1.953,0,0,14,31,0,19,0
31-07 14:53:11,81.072,16.933,2.566,0,0,1882584,10688060,177864,3514540,1028.278,0,0,291.448,0,23.603,5948,8473,3.730,2.090,1.230,5,0,79.019,0,0,14,29,0,23,0
31-07 14:53:12,70.108,26.791,1.753,0,0,1901932,10668480,178064,3514564,15178.319,7763.928,0,7691.817,0,736.131,7982,7426,3.730,2.090,1.230,6,0,102.157,0,0,14,30,0,21,0
31-07 14:53:13,81.341,17.520,1.752,0,0,1894020,10676348,178096,3514588,300.334,148.165,0,124.138,0,13.014,7020,6718,3.730,2.090,1.230,7,0,32.036,0,0,14,29,0,22,0
31-07 14:53:14,80.988,15.998,2.000,0,0,1954120,10616148,178168,3514616,1222.817,0,0,335.950,0,28.996,7286,7372,3.830,2.140,1.250,8,0,0,0,0,14,29,0,22,0
31-07 14:53:15,82.908,14.149,1.738,0,0,1920380,10649664,178192,3514812,297.875,0,0,139.008,0,9.929,6128,8875,3.830,2.140,1.250,6,0,29.787,0,0,14,30,0,22,0
31-07 14:53:16,75.934,21.372,2.263,0,0,1921388,10648592,178208,3514856,15061.139,7470.727,0,116.667,0,7.040,6634,7539,3.830,2.140,1.250,5,0,36.207,0,0,14,29,0,22,0
31-07 14:53:17,79.046,18.761,1.501,0,0,1854168,10715632,178224,3515012,582.339,0,0,120.070,0,9.005,6839,6780,3.830,2.140,1.250,8,0,51.030,0,0,14,29,0,19,0
31-07 14:53:18,75.938,19.706,1.922,0,0,1933552,10636196,178240,3515048,575.786,142.264,0,134.574,0,7.690,6136,7355,3.830,2.140,1.250,6,0,52.868,0,0,14,30,0,20,0
31-07 14:53:19,84.588,13.493,3.373,0,0,1976296,10593356,178288,3515096,249.094,0,0,261.549,0,20.758,6299,8744,4.010,2.210,1.280,6,0,2.076,0,0,14,29,0,21,0
31-07 14:53:20,73.193,23.482,2.498,0,0,1922268,10647312,178336,3515132,15143.224,7518.154,0,219.829,0,18.985,6374,7241,4.010,2.210,1.280,5,0,118.908,0,0,14,29,0,21,0
31-07 14:53:21,72.614,25.290,1.753,0,0,1807360,10762184,178352,3515148,603.952,0,0,116.183,0,7.011,5596,4479,4.010,2.210,1.280,7,0,113.178,0,0,14,29,0,20,0
31-07 14:53:22,78.595,19.837,1.507,0,0,1890772,10678656,178368,3515244,541.378,0,0,120.529,0,7.031,6417,6433,4.010,2.210,1.280,6,0,43.190,0,0,14,29,0,20,0
31-07 14:53:23,81.457,14.652,2.732,0,0,1963884,10605324,178416,3515416,637.751,147.020,0,294.041,0,22.848,7288,7974,4.010,2.210,1.280,5,0,0,0,0,14,29,0,21,0
31-07 14:53:24,78.269,17.448,2.243,0,0,1948908,10620112,178432,3515584,357.943,0,0,139.588,0,7.976,6822,7629,4.010,2.240,1.290,5,0,63.812,0,0,14,30,0,21,0
31-07 14:53:25,83.205,14.372,2.773,0,0,1993576,10575344,178480,3515628,302.562,0,0,229.947,0,19.162,6000,7316,4.010,2.240,1.290,5,0,2.017,0,0,14,28,0,21,0
31-07 14:53:26,68.325,30.283,0.751,0,0,1856784,10712108,178496,3515640,15231.790,7466.230,0,156.172,0,8.009,5078,3206,4.010,2.240,1.290,5,0,153.169,0,0,14,28,0,21,0
31-07 14:53:27,79.294,17.539,2.223,0,0,1926188,10642596,178512,3515668,355.712,0,0,110.666,0,5.929,6303,5945,4.010,2.240,1.290,5,0,6.917,0,0,14,30,0,21,0
31-07 14:53:28,78.424,17.092,3.519,0,0,1959796,10608740,178560,3515848,421.279,148.805,0,1540.332,0,59.321,6955,7923,4.010,2.240,1.290,6,0,62.337,0,0,14,30,0,23,0
31-07 14:53:29,81.916,14.985,2.497,0,0,1993704,10574720,178608,3515908,239.755,0,0,279.714,0,21.978,5904,8719,4.170,2.300,1.320,5,0,0,0,0,14,31,0,24,0
31-07 14:53:30,77.556,19.326,2.008,0,0,2012612,10555528,178696,3516096,360.424,0,0,381.508,0,35.139,6911,10155,4.170,2.300,1.320,6,0,84.333,0,0,14,29,0,25,0
31-07 14:53:31,70.621,24.793,4.758,0,0,1974236,10593820,178744,3516128,240.413,0,0,284.489,0,21.036,6069,5934,4.170,2.300,1.320,4,0,107.184,0,0,14,28,0,25,0
31-07 14:53:32,75.998,18.387,3.432,0,0,1914892,10653144,178760,3516148,8186.189,3600.825,0,145.131,0,7.845,5353,5573,4.170,2.300,1.320,6,0,29.419,0,0,14,30,0,25,0
31-07 14:53:33,77.154,21.205,2.810,0,0,1786024,10781816,178792,3516312,53562.306,27646.709,0,5988.383,0,594.751,6936,5431,4.170,2.300,1.320,5,0,78.687,0,0,14,28,0,25,0
31-07 14:53:34,78.326,17.406,2.984,0,0,1860748,10707000,178824,3516368,29876.279,15114.187,0,246.665,0,14.919,5815,5553,4.150,2.330,1.330,4,0,3.978,0,0,14,29,0,26,0
31-07 14:53:35,72.994,20.998,5.000,0,0,1881040,10686644,178840,3516412,15666.620,7427.346,0,163.986,0,11.999,6345,6995,4.150,2.330,1.330,4,0,95.992,0,0,14,29,0,27,0
31-07 14:53:36,78.430,12.785,6.638,0,0,1911328,10656152,178888,3516580,15338.856,7369.968,0,251.763,0,18.686,6539,7699,4.150,2.330,1.330,5,0,0,0,0,14,29,0,27,0
31-07 14:53:37,71.193,24.329,4.354,0,0,1870300,10696964,178936,3516732,15340.864,7541.362,0,278.627,0,20.487,5599,5292,4.150,2.330,1.330,5,0,138.289,0,0,14,28,0,27,0
31-07 14:53:38,72.339,24.944,1.497,0,0,1822484,10744436,178968,3517040,16070.125,7441.388,0,279.376,0,17.960,5403,4698,4.150,2.330,1.330,4,0,66.851,0,0,14,28,0,27,0
31-07 14:53:39,65.829,19.551,13.611,0,0,1834468,10732404,178984,3517052,39283.482,440241.479,0,205.901,0,9.899,5149,3527,4.220,2.370,1.350,7,0,86.122,0,0,14,29,0,27,0
31-07 14:53:40,58.301,10.554,27.894,0,0,1835604,10731172,179032,3517096,33073.759,149411.405,0,321.661,0,21.109,7107,7457,4.220,2.370,1.350,2,0,2.010,0,0,14,31,0,27,0
31-07 14:53:41,56.762,7.220,33.609,0,0,1811440,10755280,179048,3517136,29588.107,14596.879,0,163.316,0,9.958,6658,6881,4.220,2.370,1.350,3,0,0,0,0,14,29,0,29,0
31-07 14:53:42,52.345,24.294,22.040,0,0,1746464,10820108,179064,3517284,23088.835,9545.295,0,164.298,0,8.015,5812,5140,4.220,2.370,1.350,7,0,77.140,0,0,14,29,0,29,0
31-07 14:53:43,64.580,11.514,22.528,0,0,1809424,10757108,179096,3517292,22682.185,13006.161,0,3091.842,0,448.557,5831,3666,4.220,2.370,1.350,6,0,5.006,0,0,14,28,0,29,0
31-07 14:53:44,56.906,16.722,24.959,0,0,1858980,10707516,179112,3517308,15265.807,5916.236,0,151.750,0,7.987,5124,3973,4.120,2.380,1.360,7,0,26.956,0,0,14,30,0,29,0
31-07 14:53:45,57.037,19.513,22.515,0,0,1853976,10712400,179200,3517340,648.419,1813.173,0,360.233,0,38.025,6078,5799,4.120,2.380,1.360,5,0,60.039,0,0,14,29,0,27,0
31-07 14:53:46,54.627,20.703,22.948,0,0,1828652,10737684,179224,3517352,14941.263,7441.198,0,127.712,0,9.977,5314,3857,4.120,2.380,1.360,4,0,60.863,0,0,14,29,0,27,0
31-07 14:53:47,67.559,17.580,15.069,0,0,1884808,10681488,179240,3520224,15313.025,7817.750,0,128.588,0,9.041,5859,12373,4.120,2.380,1.360,5,0,37.170,0,0,14,29,0,27,0
31-07 14:53:48,58.445,10.943,26.362,0,0,1905408,10660700,179256,3517540,357.136,0,0,111.418,0,6.964,6129,12631,4.120,2.380,1.360,2,0,0,0,0,14,31,0,29,0
31-07 14:53:49,64.312,9.798,24.117,0,0,1899840,10666212,179272,3517580,15049.006,7643.078,0,112.546,0,7.034,7591,7648,4.190,2.430,1.380,4,0,2.010,0,0,14,29,0,27,0
31-07 14:53:50,49.542,26.272,22.269,0,0,1768624,10797392,179288,3517600,885.742,0,0,144.121,0,8.007,5775,4927,4.190,2.430,1.380,5,0,94.079,0,0,14,28,0,27,0
31-07 14:53:51,57.440,19.230,22.476,0,0,1753836,10812164,179304,3517600,14900.335,7905.689,0,127.866,0,6.993,4198,1899,4.190,2.430,1.380,4,0,42.955,0,0,14,28,0,27,0
31-07 14:53:52,62.315,12.763,23.775,0,0,1823828,10742148,179320,3517608,779.816,0,0,148.155,0,7.007,4147,2550,4.190,2.430,1.380,4,0,2.002,0,0,14,28,0,27,0
31-07 14:53:53,61.054,9.887,26.943,0,0,1835964,10729828,179336,3517772,296.621,0,0,122.603,0,8.899,7295,7369,4.190,2.430,1.380,5,0,0,0,0,14,30,0,30,0
31-07 14:53:54,58.908,16.433,23.007,0,0,1802028,10763532,179392,3517940,15615.305,7855.689,0,262.935,0,24.271,6391,6365,4.180,2.450,1.400,4,0,34.384,0,0,14,29,0,31,0
31-07 14:53:55,40.189,34.697,23.215,0,0,1724088,10841408,179448,3517948,299.546,0,0,267.595,0,23.964,5527,3678,4.180,2.450,1.400,3,0,205.688,0,0,14,28,0,31,0
31-07 14:53:56,55.121,19.615,23.588,0,0,1762048,10803424,179464,3517952,416.140,0,0,139.044,0,6.952,4013,2303,4.180,2.450,1.400,4,0,4.966,0,0,14,29,0,31,0
31-07 14:53:57,59.297,17.992,23.060,0,0,1842572,10722840,179512,3517964,15180.081,7559.631,0,194.616,0,19.259,5089,3433,4.180,2.450,1.400,3,0,61.831,0,0,14,30,0,31,0
31-07 14:53:58,61.020,13.587,23.716,0,0,1884332,10681008,179560,3517988,354.753,0,0,233.208,0,19.763,5003,4507,4.180,2.450,1.400,6,0,1.976,0,0,14,29,0,30,0
31-07 14:53:59,53.398,20.863,23.346,0,0,1863976,10701316,179576,3518016,238.430,147.032,0,1136.516,0,48.679,6544,5954,4.320,2.510,1.420,4,0,94.378,0,0,14,29,0,31,0
31-07 14:54:00,62.282,13.257,22.512,0,0,1865136,10699980,179592,3518176,741.382,0,0,136.070,0,7.004,6133,5964,4.320,2.510,1.420,4,0,0,0,0,14,29,0,31,0
31-07 14:54:01,65.327,11.439,22.623,0,0,1799304,10765248,179608,3518720,15452.683,7418.264,0,117.944,0,8.134,6702,6407,4.320,2.510,1.420,5,0,16.268,0,0,14,29,0,32,0
31-07 14:54:02,55.283,19.673,23.657,0,0,1820056,10744380,179704,3518740,881.537,0,0,366.560,0,36.855,5371,4761,4.320,2.510,1.420,6,0,58.769,0,0,14,28,0,32,0
31-07 14:54:03,52.385,25.941,21.407,0,0,1780968,10783452,179720,3518740,362.668,0,0,4001.435,0,518.817,5090,2312,4.320,2.510,1.420,4,0,94.697,0,0,14,28,0,32,0
31-07 14:54:04,58.831,14.646,24.575,0,0,1810460,10753796,179736,3518880,740.729,146.954,0,186.672,0,7.943,4754,3606,4.540,2.590,1.450,5,0,1.986,0,0,14,30,0,33,0
31-07 14:54:05,60.441,9.491,26.974,0,0,1845228,10718796,179752,3519092,409.599,0,0,159.844,0,8.991,7179,7597,4.540,2.590,1.450,3,0,0,0,0,14,31,0,33,0
31-07 14:54:06,59.847,13.216,24.687,0,0,1790564,10773196,179840,3519264,14996.599,7438.951,0,387.009,0,35.908,6890,7094,4.540,2.590,1.450,6,0,31.918,0,0,14,30,0,32,0
31-07 14:54:07,59.973,16.562,22.082,0,0,1792100,10771572,179896,3519308,301.119,0,0,289.075,0,24.090,6382,6427,4.540,2.590,1.450,4,0,39.146,0,0,14,28,0,32,0
31-07 14:54:08,46.696,31.214,21.226,0,0,1736920,10826608,179912,3519436,702.194,0,0,131.849,0,7.991,5002,2599,4.540,2.590,1.450,4,0,159.817,0,0,14,28,0,32,0
31-07 14:54:09,43.548,18.771,37.041,0,0,1757020,10806448,179932,3519472,180.200,148.165,0,212.236,0,9.010,3986,2422,4.570,2.630,1.470,3,0,69.077,0,0,14,29,0,32,0
31-07 14:54:10,45.417,6.273,46.672,0,0,1769712,10793536,179964,3519660,703.592,0,0,236.873,0,14.052,4523,4280,4.570,2.630,1.470,3,0,2.007,0,0,14,29,0,27,0
31-07 14:54:11,29.746,23.053,44.371,0,0,1693992,10869096,179980,3519804,15862.460,22640.543,0,142.780,0,10.907,5670,5146,4.570,2.630,1.470,3,0,101.136,0,0,14,29,0,27,0
31-07 14:54:12,38.390,13.549,46.670,0,0,1680752,10882324,179980,3519816,44489.304,22684.758,0,0,0,0,4251,2977,4.570,2.630,1.470,2,0,40.146,0,0,14,28,0,27,0
31-07 14:54:13,38.267,15.257,45.520,0,0,1723156,10839708,180180,3519824,29424.840,14826.470,0,2252.983,0,121.053,4230,3230,4.570,2.630,1.470,2,0,26.011,0,0,14,28,0,27,0
31-07 14:54:14,43.425,8.236,47.169,0,0,1759624,10803168,180180,3519896,14949.244,7497.083,0,0,0,0,4299,3479,4.370,2.620,1.470,3,0,0,0,0,14,29,0,22,0
31-07 14:54:15,43.585,7.515,47.843,0,0,1719744,10842988,180212,3519916,15227.576,7700.957,0,124.241,0,13.025,3906,3262,4.370,2.620,1.470,2,0,5.010,0,0,14,29,0,22,0
31-07 14:54:16,41.422,10.042,47.447,0,0,1702160,10860488,180276,3519936,14977.044,7651.698,0,265.098,0,26.108,4129,3549,4.370,2.620,1.470,2,0,11.046,0,0,14,28,0,22,0
31-07 14:54:17,32.896,20.186,45.357,0,0,1729348,10833148,180292,3520068,15135.314,7273.085,0,171.460,0,7.975,4437,2844,4.370,2.620,1.470,7,0,85.730,0,0,14,28,0,22,0
31-07 14:54:18,42.738,8.747,47.236,0,0,1750968,10811504,180308,3520076,15559.490,7455.839,0,155.955,0,7.998,3675,2699,4.370,2.620,1.470,6,0,0,0,0,14,29,0,22,0
31-07 14:54:19,44.216,7.494,46.464,0,0,1727832,10834440,180356,3520228,701.460,147.886,0,199.846,0,18.985,4469,3881,4.180,2.610,1.480,4,0,6.995,0,0,14,29,0,22,0
31-07 14:54:20,41.846,10.960,45.582,0.249,0,1739900,10822344,180372,3520240,15305.554,7496.354,0,119.559,0,6.974,5014,4938,4.180,2.610,1.480,5,0,0,0,0,14,29,0,22,0
31-07 14:54:21,39.147,12.296,47.428,0,0,1734204,10827984,180420,3520248,15032.475,7618.622,0,196.739,0,19.072,3794,2698,4.180,2.610,1.480,4,0,30.113,0,0,14,28,0,23,0
31-07 14:54:22,42.914,8.930,46.883,0,0,1737692,10824456,180436,3520268,594.348,0,0,115.099,0,6.946,4088,3565,4.180,2.610,1.480,3,0,1.984,0,0,14,28,0,22,0
31-07 14:54:23,43.545,8.558,47.069,0,0,1702060,10860028,180484,3520280,241.639,0,0,249.694,0,24.164,3957,3062,4.180,2.610,1.480,2,0,5.034,0,0,14,29,0,21,0
31-07 14:54:24,41.229,12.244,45.227,0,0,1737676,10824404,180484,3520288,25243.396,441021.804,0,3422.291,0,493.753,4892,3751,4,2.600,1.480,3,0,0,0,0,14,29,0,21,0
31-07 14:54:25,44.312,7.805,47.333,0,0,1694336,10867724,180484,3520308,767.401,0,0,0,0,0,4451,4015,4,2.600,1.480,2,0,12.085,0,0,14,28,0,21,0
31-07 14:54:26,36.712,15.379,46.882,0,0,1718408,10843640,180484,3520320,15215.707,7239.243,0,0,0,0,4191,3356,4,2.600,1.480,3,0,46.634,0,0,14,29,0,19,0
31-07 14:54:27,42.762,14.004,42.012,0,0,1752472,10809520,180516,3520340,3126.908,125822.534,0,124.036,0,13.004,4439,3205,4,2.600,1.480,2,0,43.012,0,0,14,28,0,19,0
31-07 14:54:28,26.457,28.204,43.180,0,0,1739008,10822972,180516,3520352,478.223,0,0,19.968,0,4.992,5132,3579,4,2.600,1.480,3,0,169.724,0,0,14,29,0,19,0
31-07 14:54:29,31.355,22.074,45.151,0,0,1669036,10892768,180556,3520488,301.007,148.497,0,433.450,0,67.225,4984,3839,3.920,2.600,1.490,3,0,106.356,0,0,14,28,0,19,0
31-07 14:54:30,32.193,20.875,46.529,0,0,1695404,10866400,180556,3520488,15125.611,7406.368,0,470.820,0,1.006,3508,1917,3.920,2.600,1.490,3,0,73.440,0,0,14,28,0,15,0
31-07 14:54:31,42.793,8.210,47.271,0,0,1737628,10824168,180556,3520496,238.843,0,0,0,0,0,3162,2019,3.920,2.600,1.490,4,0,1.990,0,0,14,28,0,15,0
31-07 14:54:32,44.933,7.489,45.931,0.250,0,1754128,10807528,180668,3520520,598.103,0,0,1294.058,0,61.907,5208,5068,3.920,2.600,1.490,2,0,0,0,0,14,29,0,16,0
31-07 14:54:33,41.759,11.253,45.510,0,0,1745804,10815804,180700,3520532,16110.609,7297.635,0,148.033,0,13.003,4749,4198,3.920,2.600,1.490,3,0,46.010,0,0,14,28,0,16,0
31-07 14:54:34,29.547,23.287,46.574,0,0,1689564,10872024,180716,3520536,479.763,148.236,0,160.255,0,11.018,4130,2241,3.770,2.590,1.490,3,0,96.153,0,0,14,28,0,16,0
31-07 14:54:35,40.489,10.497,47.988,0,0,1729572,10831996,180732,3520540,649.831,0,0,131.966,0,7.998,3021,1815,3.770,2.590,1.490,3,0,1.000,0,0,14,28,0,16,0
31-07 14:54:36,43.913,7.691,45.898,0,0,1752424,10809076,180772,3520560,933.840,0,0,373.139,0,19.848,5028,4887,3.770,2.590,1.490,3,0,0,0,0,14,29,0,17,0
31-07 14:54:37,45.371,7.269,44.619,0,0,1752360,10809076,180804,3520592,421.124,0,0,96.257,0,12.032,5964,6428,3.770,2.590,1.490,2,0,3.008,0,0,14,29,0,17,0
31-07 14:54:38,30.529,24.774,43.291,0,0,1702564,10858660,180836,3520772,31234.755,34320.694,0,172.164,0,13.012,5732,5144,3.770,2.590,1.490,4,0,136.130,0,0,14,28,0,15,0
31-07 14:54:39,22.751,33.620,41.962,0,0,1607532,10953600,180900,3520812,61639.253,47543.925,0,404.457,0,28.312,5390,3568,3.790,2.620,1.510,2,0,201.217,0,0,14,28,0,15,0
31-07 14:54:40,22.336,10.920,65.519,0,0,1646292,10914820,180920,3520808,45438.225,22800.514,0,174.717,0,6.949,2708,1665,3.790,2.620,1.510,1,0,44.672,0,0,14,28,0,15,0
31-07 14:54:41,22.241,4.998,72.222,0,0,1668936,10892152,180936,3520816,45096.738,21945.600,0,143.945,0,8.997,2233,1731,3.790,2.620,1.510,1,0,0,0,0,14,28,0,15,0
31-07 14:54:42,22.265,4.753,71.296,0,0,1668900,10892152,180960,3520824,15164.890,7462.867,0,304.198,0,15.010,3159,3295,3.790,2.620,1.510,3,0,0,0,0,14,29,0,15,0
31-07 14:54:43,23.250,4.500,70.001,0,0,1668884,10892152,180960,3520840,30383.521,14916.256,0,0,0,0,3724,3902,3.790,2.620,1.510,2,0,2.000,0,0,14,28,0,12,0
31-07 14:54:44,14.607,12.844,72.530,0,0,1632796,10928232,180968,3520840,15550.550,7825.139,0,48.353,0,3.022,2619,1744,3.560,2.590,1.500,1,0,56.412,0,0,14,28,0,12,0
31-07 14:54:45,22.088,5.212,71.725,0,0,1655544,10905484,180968,3520840,14688.465,7403.797,0,2319.022,0,385.180,2123,1125,3.560,2.590,1.500,1,0,0,0,0,14,28,0,12,0
31-07 14:54:46,21.164,4.980,72.207,0,0,1680896,10880128,180968,3520844,357.549,0,0,151.386,0,2.988,2018,1609,3.560,2.590,1.500,1,0,1.992,0,0,14,29,0,12,0
31-07 14:54:47,22.848,5.775,70.802,0,0,1679752,10881232,181000,3520852,14979.941,7815.359,0,120.514,0,13.056,2786,2574,3.560,2.590,1.500,1,0,1.004,0,0,14,28,0,12,0
31-07 14:54:48,23.743,24.243,50.486,0,0,1624396,10936572,181000,3520852,15090.788,7293.964,0,0,0,0,4188,10170,3.560,2.590,1.500,1,0,126.965,0,0,14,28,0,13,0
31-07 14:54:49,20.227,6.243,72.667,0,0,1668568,10892392,181000,3520856,686.215,147.831,0,0,0,0,1802,1270,3.360,2.560,1.500,1,0,1.998,0,0,14,28,0,13,0
31-07 14:54:50,22.525,4.255,72.581,0,0,1687236,10873696,181024,3520860,15352.093,7628.494,0,236.263,0,11.012,2114,1652,3.360,2.560,1.500,2,0,0,0,0,14,28,0,13,0
31-07 14:54:51,22.588,4.220,70.741,0,0,1683456,10877436,181056,3520868,1825.866,0,0,95.314,0,11.914,3251,3349,3.360,2.560,1.500,2,0,0,0,0,14,28,0,11,0
31-07 14:54:52,12.088,16.370,70.264,0.252,0,1653336,10907544,181064,3520872,15145.828,7512.975,0,44.324,0,6.044,3315,2111,3.360,2.560,1.500,1,0,101.745,0,0,14,28,0,11,0
31-07 14:54:53,20.009,6.753,73.032,0,0,1652684,10908196,181064,3520872,300.133,0,0,4.002,0,1.000,1745,1216,3.360,2.560,1.500,1,0,0,0,0,14,28,0,11,0
31-07 14:54:54,22.477,4.995,72.425,0,0,1675836,10885012,181088,3520880,298.691,147.847,0,247.744,0,10.989,1990,1489,3.250,2.550,1.500,3,0,0,0,0,14,28,0,11,0
31-07 14:54:55,22.260,4.752,70.780,0,0,1675976,10884788,181152,3520900,14862.400,7623.283,0,172.074,0,24.010,3330,3528,3.250,2.550,1.500,2,0,2.001,0,0,14,28,0,7,0
31-07 14:54:56,12.196,15.432,70.438,0,0,1631124,10929620,181168,3520900,536.623,0,0,111.506,0,6.969,3077,1930,3.250,2.550,1.500,3,0,91.594,0,0,14,28,0,7,0
31-07 14:54:57,18.594,8.041,72.867,0,0,1634872,10925840,181200,3520900,422.128,0,0,144.730,0,12.061,1952,1526,3.250,2.550,1.500,2,0,3.015,0,0,14,28,0,7,0
31-07 14:54:58,22.229,4.746,72.182,0,0,1675340,10885296,181272,3520904,15020.864,7678.774,0,711.331,0,39.962,2071,1629,3.250,2.550,1.500,1,0,1.998,0,0,14,29,0,7,0
31-07 14:54:59,22.200,5.238,71.837,0,0,1675340,10885296,181272,3520904,1101.495,147.664,0,11.973,0,1.995,2923,2922,3.070,2.530,1.500,2,0,0,0,0,14,29,0,7,0
31-07 14:55:00,23.690,4.239,69.573,0,0,1675316,10885296,181296,3520904,1065.285,0,0,115.705,0,10.972,4069,4619,3.070,2.530,1.500,3,0,0,0,0,14,28,0,7,0
31-07 14:55:01,17.086,10.804,71.860,0,0,1606468,10954100,181304,3520936,422.117,0,0,1073.383,0,205.028,2736,1718,3.070,2.530,1.500,1,0,32.161,0,0,14,28,0,7,0
31-07 14:55:02,21.767,5.755,72.057,0,0,1651316,10909244,181312,3520936,15761.569,7530.005,0,60.048,0,3.002,1889,1284,3.070,2.530,1.500,1,0,3.002,0,0,14,28,0,7,0
31-07 14:55:03,22.232,4.996,71.942,0,0,1674312,10886100,181328,3521068,861.312,0,0,195.843,0,7.994,2313,1976,3.070,2.530,1.500,1,0,0,0,0,14,28,0,5,0
31-07 14:55:04,22.510,4.502,71.282,0,0,1674300,10886100,181328,3521080,479.213,148.066,0,4.002,0,1.000,3448,3544,2.900,2.500,1.500,1,0,2.001,0,0,14,29,0,5,0
31-07 14:55:05,23.719,14.731,59.172,0,0,1634672,10925632,181336,3521144,975.714,0,0,287.621,0,42.943,4396,3778,2.900,2.500,1.500,2,0,91.879,0,0,14,28,0,5,0
31-07 14:55:06,10.010,45.047,43.044,0,0,1628792,10931440,181336,3521220,866.895,0,0,4.004,0,1.001,5644,3728,2.900,2.500,1.500,3,0,361.373,0,0,14,28,0,5,0
31-07 14:55:07,16.975,51.424,28.957,0,0,1621744,10938420,181360,3521236,71694.571,485159.792,0,259.615,0,10.984,6005,4068,2.900,2.500,1.500,5,0,379.437,0,0,14,30,0,5,0
31-07 14:55:08,34.710,29.715,33.961,0.250,0,1670340,10889608,181436,3521372,47301.989,132919.419,127.851,459.466,4.994,24.971,4475,2845,2.900,2.500,1.500,2,0,138.839,0,0,14,28,0,6,0
31-07 14:55:09,43.102,8.019,47.362,0,0,1747504,10811756,181500,3521896,44841.603,23148.515,44.104,549.294,1.002,6.014,3087,1752,2.830,2.490,1.500,2,0,0,0,0,14,28,0,6,0
31-07 14:55:10,40.755,8.001,47.756,2.750,0,1790004,10766040,181596,3524752,30161.513,14725.715,2076.242,1128.131,33.004,18.002,3022,1647,2.830,2.490,1.500,2,0,5.001,0,0,14,30,0,6,0
31-07 14:55:11,39.919,15.968,37.674,2.744,0,1812816,10734816,186116,3528224,30496.245,14724.183,131.733,19987.525,4.990,1816.322,10327,15253,2.830,2.490,1.500,4,0,61.875,0,0,14,32,0,6,0
31-07 14:55:12,41.234,15.994,34.986,3.249,0,1770920,10768332,191560,3530856,15268.929,7682.945,0,32231.184,0,2736.912,12664,18777,2.830,2.490,1.500,5,0,63.975,0,0,14,32,0,6,0
31-07 14:55:13,39.268,16.652,33.552,5.219,0,1771252,10760520,197616,3532064,29984.951,15933.917,0,35319.453,0,2738.828,12472,20057,2.830,2.490,1.500,3,0,37.777,0,0,14,32,0,6,0
31-07 14:55:14,41.124,13.372,40.367,3.028,0,1810204,10718976,200548,3531616,44794.162,22601.438,0,16469.703,0,1365.411,8709,11691,2.760,2.480,1.500,2,0,8.073,0,0,14,32,0,6,0
31-07 14:55:15,42.647,10.973,44.143,0.998,0,1763328,10764928,201428,3531636,15385.759,7439.992,0,10538.492,0,524.730,4446,3775,2.760,2.480,1.500,3,0,4.988,0,0,14,28,0,6,0
31-07 14:55:16,42.076,10.078,48.122,0,0,1756728,10771480,201476,3531636,30414.344,15596.686,0,475.681,0,26.203,2956,1561,2.760,2.480,1.500,5,0,3.023,0,0,14,28,0,6,0
31-07 14:55:17,43.663,9.867,41.936,0.493,0,1784796,10741268,203436,3531768,43502.865,21727.751,0,7771.470,0,831.812,7268,8463,2.760,2.480,1.500,5,0,1.973,0,0,14,30,0,6,0
31-07 14:55:18,38.202,17.342,38.956,1.508,0,1822472,10699688,207044,3531952,30290.463,14898.927,0,13033.042,0,1525.079,11988,15838,2.760,2.480,1.500,5,0,2.011,0,0,14,30,0,6,0
31-07 14:55:19,44.317,19.137,32.734,1.007,0,1782696,10737236,208980,3532140,15116.037,7793.703,0,6377.582,0,786.622,8553,10214,3.020,2.540,1.530,2,0,89.641,0,0,14,30,0,6,0
31-07 14:55:20,27.111,22.136,48.998,0.249,0,1750604,10769216,209084,3532148,15109.310,7258.677,0,1070.496,0,50.739,4167,2409,3.020,2.540,1.530,1,0,97.499,0,0,14,28,0,6,0
31-07 14:55:21,22.509,5.002,72.027,0,0,1778536,10741200,209164,3532148,59286.427,30323.471,0,880.333,0,38.014,2074,1508,3.020,2.540,1.530,1,0,0,0,0,14,28,0,6,0
31-07 14:55:22,21.508,7.503,70.026,0,0,1725468,10793972,209452,3532148,40632.045,583043.884,0,3577.325,0,150.056,2607,2292,3.020,2.540,1.530,2,0,5.002,0,0,14,28,0,6,0
31-07 14:55:23,19.000,7.750,72.750,0,0,1731012,10788428,209452,3532148,15035.935,7457.968,0,4.000,0,1.000,1619,1179,3.020,2.540,1.530,1,0,0,0,0,14,28,0,6,0
31-07 14:55:24,22.746,2.750,73.237,0.250,0,1637708,10881668,209452,3532212,18921.567,9466.282,39.993,0,2.999,0,1676,1092,2.860,2.520,1.520,3,0,1.000,0,0,14,28,0,5,0
31-07 14:55:25,19.881,7.207,71.819,0,0,1684328,10835048,209452,3532212,14767.276,7252.426,0,0,0,0,1839,1411,2.860,2.520,1.520,4,0,1.988,0,0,14,28,0,5,0
31-07 14:55:26,22.890,4.276,72.694,0,0,1714528,10804844,209452,3532216,45251.133,22911.813,0,0,0,0,1843,1298,2.860,2.520,1.520,3,0,0,0,0,14,28,0,5,0
31-07 14:55:27,21.256,9.503,68.519,0,0,1739708,10779644,209460,3532216,30324.428,14662.075,0,96.027,0,2.001,2192,1535,2.860,2.520,1.520,4,0,9.003,0,0,14,28,0,5,0
31-07 14:55:28,22.472,4.744,71.911,0,0,1731796,10787544,209460,3532228,29734.366,14867.682,0,487.400,0,108.866,1933,1266,2.860,2.520,1.520,2,0,2.996,0,0,14,28,0,5,0
31-07 14:55:29,20.669,5.977,71.720,0,0,1729076,10790264,209484,3532204,30283.959,15856.196,0,123.519,0,9.961,2049,1810,2.710,2.490,1.520,3,0,0,0,0,14,28,0,5,0
31-07 14:55:30,20.592,6.027,72.573,0,0,1730064,10789220,209516,3532228,29783.678,14982.744,0,321.432,0,18.081,1924,1401,2.710,2.490,1.520,4,0,2.009,0,0,14,28,0,5,0
31-07 14:55:31,21.665,4.535,73.057,1.512,0,1730408,10788688,209532,3532396,30416.909,15030.599,153.168,0,6.046,0,1759,1239,2.710,2.490,1.520,2,0,2.015,0,0,14,28,0,5,0
31-07 14:55:32,21.944,3.945,72.243,0,0,1688768,10830240,209532,3532448,21670.791,9509.387,0,0,0,0,1686,1099,2.710,2.490,1.520,5,0,0.986,0,0,14,28,0,5,0
31-07 14:55:33,20.883,6.542,73.215,0,0,1733120,10785888,209532,3532448,23495.260,13866.088,0,4.026,0,1.006,1777,1368,2.710,2.490,1.520,3,0,0,0,0,14,28,0,5,0
31-07 14:55:34,21.675,4.983,72.002,0,0,1746264,10772744,209532,3532448,44456.160,22767.725,0,3.986,0,0.997,1813,1166,2.570,2.470,1.520,2,0,3.986,0,0,14,28,0,5,0
31-07 14:55:35,21.324,5.268,72.754,0,0,1771456,10747544,209540,3532448,30134.176,15130.810,0,148.518,0,3.011,1768,1315,2.570,2.470,1.520,1,0,0,0,0,14,28,0,5,0
31-07 14:55:36,19.249,8.249,71.995,0,0,1777000,10742000,209544,3532444,14974.001,7457.502,0,1927.871,0,197.987,1808,998,2.570,2.470,1.520,3,0,0,0,0,14,28,0,4,0
31-07 14:55:37,22.496,3.999,72.736,0,0,1661840,10857072,209544,3532532,14913.136,7618.537,0,0,0,0,1748,1095,2.570,2.470,1.520,3,0,3.999,0,0,14,28,0,4,0
31-07 14:55:38,20.511,6.253,72.288,0,0,1710456,10808436,209552,3532544,14922.758,7461.879,0,0,0,0,1782,1314,2.570,2.470,1.520,3,0,0,0,0,14,28,0,4,0
31-07 14:55:39,22.502,6.001,71.008,0,0,1729556,10789324,209576,3532532,53627.711,465491.569,0,376.040,0,49.005,2467,1938,2.450,2.440,1.520,3,0,2.000,0,0,14,28,0,4,0
31-07 14:55:40,21.001,6.500,71.753,0.250,0,1771536,10747292,209608,3532564,47473.308,149283.258,0,376.018,0,20.001,2015,1496,2.450,2.440,1.520,3,0,2.000,0,0,14,28,0,3,0
31-07 14:55:41,21.494,5.249,72.981,0,0,1798860,10719968,209608,3532564,29866.097,15271.959,0,1531.595,0,9.997,1748,1150,2.450,2.440,1.520,2,0,1.999,0,0,14,28,0,3,0
31-07 14:55:42,23.504,4.001,72.762,0,0,1810864,10707944,209608,3532584,29937.992,14918.488,0,0,0,0,1705,1120,2.450,2.440,1.520,2,0,0,0,0,14,28,0,3,0
31-07 14:55:43,20.242,5.998,72.470,0,0,1767904,10750888,209612,3532596,30253.446,15955.379,0,0,0,0,1833,1304,2.450,2.440,1.520,1,0,2.999,0,0,14,28,0,3,0
31-07 14:55:44,22.009,6.003,71.530,0,0,1764404,10754376,209616,3532604,44492.539,23017.591,0,0,0,0,1852,1364,2.330,2.420,1.510,3,0,0,0,0,14,28,0,3,0
31-07 14:55:45,22.250,4.500,72.501,0,0,1759944,10758808,209628,3532616,29472.442,14820.222,0,200.003,0,3.000,1735,1186,2.330,2.420,1.510,2,0,1.000,0,0,14,28,0,3,0
31-07 14:55:46,20.564,6.194,71.356,0,0,1753952,10764784,209628,3532628,29790.194,15819.258,0,642.205,0,3.964,1933,1464,2.330,2.420,1.510,2,0,1.982,0,0,14,28,0,3,0
31-07 14:55:47,22.382,5.533,72.679,0,0,1783688,10735048,209628,3532628,45276.365,22995.794,0,4.024,0,1.006,1934,1287,2.330,2.420,1.510,2,0,3.018,0,0,14,28,0,3,0
31-07 14:55:48,28.488,7.679,62.673,0,0,1802576,10716148,209628,3534804,14779.024,7550.530,0,11.891,0,0.991,2447,3203,2.330,2.420,1.510,4,0,33.690,0,0,14,28,0,3,0
31-07 14:55:49,14.933,24.550,58.465,0,0,1730892,10787664,209664,3532772,30723.981,18186.556,0,190.329,0,10.124,4552,9624,2.380,2.430,1.520,2,0,128.573,0,0,14,28,0,4,0
31-07 14:55:50,6.496,25.233,65.954,0,0,1713744,10804776,209696,3532772,61546.485,31991.901,0,831.426,0,63.956,4542,2750,2.380,2.430,1.520,3,0,166.885,0,0,14,28,0,4,0
31-07 14:55:51,6.719,25.632,65.945,0,0,1698900,10819616,209696,3532776,65373.137,292567.061,0,262.787,0,3.982,4596,2922,2.380,2.430,1.520,4,0,159.265,0,0,14,28,0,4,0
31-07 14:55:52,5.782,26.146,66.371,0,0,1684336,10834168,209696,3532784,55346.594,330462.521,0,446.498,0,6.034,4588,2759,2.380,2.430,1.520,1,0,166.934,0,0,14,28,0,3,0
31-07 14:55:53,6.747,22.241,68.971,0,0,1672740,10845740,209700,3532804,61860.420,33770.036,0,15.993,0,3.998,4058,2630,2.380,2.430,1.520,4,0,116.952,0,0,14,28,0,3,0
31-07 14:55:54,5.498,24.492,68.227,0,0,1664752,10853720,209700,3532808,61568.227,32760.947,0,175.941,0,1.999,4273,2719,2.270,2.400,1.520,2,0,150.949,0,0,14,28,0,3,0
31-07 14:55:55,6.226,25.404,66.000,0,0,1659852,10858612,209708,3532808,60691.912,31653.997,0,215.184,0,2.989,4459,2777,2.270,2.400,1.520,5,0,155.411,0,0,14,28,0,3,0
31-07 14:55:56,5.775,23.350,68.796,0,0,1645728,10872716,209712,3532820,46332.148,24177.923,8.035,24.104,2.009,1.004,4070,2642,2.270,2.400,1.520,3,0,138.596,0,0,14,28,0,3,0
31-07 14:55:57,5.242,25.214,67.403,0,0,1640584,10877860,209712,3532820,60674.522,33545.635,0,0,0,0,4414,2757,2.270,2.400,1.520,1,0,157.773,0,0,14,28,0,3,0
31-07 14:55:58,15.693,11.458,70.992,0,0,1659680,10858768,209712,3532812,59602.020,31196.430,0,3.985,0,0.996,2718,1893,2.270,2.400,1.520,2,0,38.859,0,0,14,28,0,3,0
31-07 14:55:59,21.609,6.533,71.862,0,0,1695852,10822560,209736,3532824,44799.677,23612.950,0,116.587,0,10.051,2174,1782,2.170,2.380,1.510,2,0,2.010,0,0,14,28,0,3,0
31-07 14:56:00,21.506,6.252,71.269,0,0,1722916,10795464,209768,3532824,42691.446,555016.808,0,840.225,0,132.035,2371,1627,2.170,2.380,1.510,3,0,2.001,0,0,14,28,0,3,0
31-07 14:56:01,22.245,4.499,72.485,0,0,1730244,10788120,209768,3532840,29794.752,14720.913,0,55.988,0,2.000,1782,1246,2.170,2.380,1.510,1,0,0,0,0,14,28,0,3,0
31-07 14:56:02,21.016,5.004,73.057,0,0,1691308,10827076,209768,3532820,14866.521,7529.835,0,0,0,0,1743,1170,2.170,2.380,1.510,1,0,3.002,0,0,14,28,0,3,0
31-07 14:56:03,20.492,6.497,71.971,0,0,1726064,10792232,209856,3532820,30581.631,16087.493,0,1255.492,0,56.977,2053,1638,2.170,2.380,1.510,1,0,0,0,0,14,28,0,3,0
31-07 14:56:04,21.748,6.000,72.744,0,0,1740768,10777528,209856,3532820,44263.439,22748.170,0,4.000,0,1.000,1861,1185,2.080,2.360,1.510,1,0,2.000,0,0,14,28,0,3,0
31-07 14:56:05,23.250,3.750,71.251,0,0,1752444,10765796,209856,3532876,15757.197,7458.093,0,24.000,0,2.000,1824,1111,2.080,2.360,1.510,1,0,2.000,0,0,14,28,0,3,0
31-07 14:56:06,19.729,7.242,72.674,0,0,1726196,10792056,209856,3532864,29907.562,15849.340,0,0,0,0,1811,1289,2.080,2.360,1.510,1,0,0.999,0,0,14,28,0,3,0
31-07 14:56:07,22.768,4.003,72.557,0,0,1725420,10792832,209856,3532864,44309.068,22848.083,0,48.038,0,1.001,1839,1218,2.080,2.360,1.510,1,0,1.001,0,0,14,28,0,3,0
31-07 14:56:08,20.251,7.001,72.005,0,0,1741380,10776872,209856,3532864,29593.127,15277.098,0,0,0,0,1928,1294,2.080,2.360,1.510,4,0,4.000,0,0,14,28,0,3,0
31-07 14:56:09,23.005,4.001,72.765,0,0,1695248,10822960,209888,3532876,14799.035,7769.593,0,156.032,0,12.002,1901,1450,1.990,2.330,1.510,2,0,1.000,0,0,14,28,0,1,0
31-07 14:56:10,19.755,6.002,73.019,0,0,1725728,10792468,209920,3532856,15098.940,7621.989,0,376.098,0,21.005,1858,1467,1.990,2.330,1.510,1,0,0,0,0,14,28,0,1,0
31-07 14:56:11,21.412,5.976,72.204,0,0,1761748,10756448,209920,3532856,44673.115,23163.174,0,179.266,0,39.837,2036,1341,1.990,2.330,1.510,1,0,3.984,0,0,14,28,0,1,0
31-07 14:56:12,21.645,5.034,73.491,0,0,1754592,10763604,209920,3532856,29910.725,15016.269,0,511.415,0,60.403,1875,1222,1.990,2.330,1.510,1,0,0,0,0,14,28,0,1,0
31-07 14:56:13,21.677,4.485,72.256,0,0,1754792,10763380,209920,3532880,29760.580,15027.294,0,23.919,0,0.997,1709,1059,1.990,2.330,1.510,2,0,0,0,0,14,28,0,1,0
31-07 14:56:14,20.494,6.748,72.729,0,0,1649972,10868212,209920,3532868,14850.665,7603.780,0,0,0,0,1886,1354,1.910,2.310,1.510,2,0,2.999,0,0,14,28,0,1,0
31-07 14:56:15,21.460,5.490,72.365,0,0,1692056,10826128,209928,3532860,44756.739,23669.967,0,91.829,0,1.996,1849,1282,1.910,2.310,1.510,2,0,0,0,0,14,28,0,1,0
31-07 14:56:16,20.796,6.765,70.907,0,0,1728580,10789588,209928,3532872,42550.442,601699.488,0,148.329,0,33.073,2257,1455,1.910,2.310,1.510,2,0,2.004,0,0,14,28,0,1,0
31-07 14:56:17,23.411,4.028,73.253,0,0,1695304,10822852,209928,3532884,29800.478,14855.935,0,76.525,0,3.021,1892,1226,1.910,2.310,1.510,1,0,4.028,0,0,14,28,0,1,0
31-07 14:56:18,19.869,5.961,72.520,0,0,1695328,10822852,209928,3532860,14940.170,7730.860,0,0,0,0,1781,1305,1.910,2.310,1.510,1,0,0,0,0,14,28,0,1,0
31-07 14:56:19,22.177,4.734,71.765,0,0,1695304,10822852,209952,3532868,30617.545,15734.376,0,131.568,0,9.967,2016,1676,1.840,2.290,1.500,2,0,0,0,0,14,28,0,1,0
31-07 14:56:20,20.687,7.228,71.782,0.249,0,1731308,10786816,209984,3532868,44442.202,23275.403,0,327.008,0,17.946,1942,1346,1.840,2.290,1.500,1,0,3.988,0,0,14,28,0,1,0
31-07 14:56:21,24.643,2.263,72.421,0,0,1736824,10781272,209984,3532896,15313.121,7664.607,0,28.164,0,1.006,1685,1048,1.840,2.290,1.500,3,0,0,0,0,14,28,0,1,0
31-07 14:56:22,20.003,7.001,72.510,0,0,1730936,10787244,209984,3532812,30307.313,15316.180,0,220.031,0,34.005,1942,1414,1.840,2.290,1.500,3,0,1.000,0,0,14,28,0,1,0
31-07 14:56:23,23.003,4.501,72.258,0,0,1754320,10763860,209984,3532812,44277.160,22250.593,0,4.000,0,1.000,1898,1267,1.840,2.290,1.500,5,0,2.000,0,0,14,28,0,1,0
31-07 14:56:24,19.258,7.003,72.532,0,0,1786184,10731996,209984,3532812,29908.005,15070.553,0,8.003,0,1.000,1830,1218,1.770,2.270,1.500,4,0,2.001,0,0,14,28,0,1,0
31-07 14:56:25,21.745,5.749,72.733,0,0,1781824,10736272,209984,3532896,15156.518,7456.287,0,83.981,0,1.000,1655,1018,1.770,2.270,1.500,2,0,0,0,0,14,28,0,1,0
31-07 14:56:26,22.715,3.994,72.886,0,0,1733684,10784404,209992,3532896,15741.440,7608.130,0,95.850,0,1.997,1791,1144,1.770,2.270,1.500,3,0,2.995,0,0,14,28,0,1,0
31-07 14:56:27,21.188,6.980,70.294,0,0,1729408,10788692,209992,3532884,14996.074,7597.745,0,7.977,0,1.994,1913,1251,1.770,2.270,1.500,2,0,3.988,0,0,14,28,0,1,0
31-07 14:56:28,22.583,7.277,69.757,0,0,1732388,10785700,209992,3532896,45555.030,23735.548,0,160.592,0,34.126,2143,1402,1.770,2.270,1.500,2,0,4.015,0,0,14,28,0,1,0
31-07 14:56:29,20.506,6.252,72.271,0,0,1724956,10793152,209992,3532876,30113.693,15392.443,0,4.001,0,1.000,1898,1359,1.710,2.250,1.500,3,0,2.001,0,0,14,28,0,1,0
31-07 14:56:30,22.499,4.750,72.748,0,0,1724956,10793152,209992,3532876,45184.521,23161.242,0,0,0,0,1809,1219,1.710,2.250,1.500,1,0,0,0,0,14,28,0,1,0
31-07 14:56:31,20.978,5.994,72.174,0,0,1753912,10764184,210000,3532880,29688.834,15224.019,0,63.933,0,1.998,1829,1151,1.710,2.250,1.500,4,0,1.998,0,0,14,28,0,1,0
31-07 14:56:32,23.526,4.505,71.079,0,0,1702228,10815844,210000,3532904,36145.384,448821.452,0,20.022,0,1.001,2136,1437,1.710,2.250,1.500,5,0,3.003,0,0,14,28,0,1,0
31-07 14:56:33,21.608,5.276,73.115,0,0,1713608,10804488,210000,3532880,17684.400,138283.241,0,132.663,0,30.151,1903,1297,1.710,2.250,1.500,4,0,1.005,0,0,14,28,0,1,0
31-07 14:56:34,21.898,4.479,72.164,0,0,1731976,10786120,210000,3532880,45025.573,23604.210,0,7.963,0,1.991,1817,1246,1.650,2.230,1.490,4,0,0,0,0,14,28,0,1,0
31-07 14:56:35,22.745,4.499,72.234,0,0,1686852,10831220,210000,3532904,30266.469,15074.747,0,27.994,0,2.000,1819,1114,1.650,2.230,1.490,3,0,2.999,0,0,14,28,0,1,0
31-07 14:56:36,20.683,6.479,72.017,0,0,1693644,10824440,210008,3532884,30085.766,15749.100,0,119.613,0,2.990,1857,1380,1.650,2.230,1.490,2,0,0,0,0,14,28,0,1,0
31-07 14:56:37,20.814,7.272,71.470,0,0,1737696,10780380,210008,3532892,44856.823,22834.158,0,0,0,0,1962,1312,1.650,2.230,1.490,1,0,3.009,0,0,14,28,0,1,0
31-07 14:56:38,22.017,5.504,71.555,0,0,1760148,10757928,210008,3532892,29977.919,15089.537,0,0,0,0,1840,1201,1.650,2.230,1.490,1,0,2.002,0,0,14,28,0,1,0
31-07 14:56:39,18.723,10.235,70.898,0,0,1710804,10807232,210008,3532932,16211.751,7864.722,0,163.765,0,33.951,2547,1538,1.600,2.200,1.490,2,0,47.931,0,0,14,28,0,1,0
31-07 14:56:40,5.477,25.642,66.222,0,0,1696444,10821588,210008,3532936,45663.117,24584.691,0,123.481,0,5.975,4289,2613,1.600,2.200,1.490,1,0,151.364,0,0,14,28,0,1,0
31-07 14:56:41,6.007,25.531,66.331,0,0,1684124,10833908,210008,3532936,61014.301,31738.650,0,76.093,0,4.005,4344,2686,1.600,2.200,1.490,2,0,150.183,0,0,14,28,0,1,0
31-07 14:56:42,9.287,21.084,68.522,0,0,1669040,10848984,210016,3532936,61181.779,32776.061,0,132.526,0,5.020,3872,2441,1.600,2.200,1.490,2,0,116.462,0,0,14,28,0,1,0
31-07 14:56:43,19.252,8.001,72.508,0,0,1688244,10829768,210016,3532948,44924.676,22972.391,0,0,0,0,1972,1500,1.600,2.200,1.490,2,0,0,0,0,14,28,0,1,0
31-07 14:56:44,24.093,4.223,70.293,0,0,1719296,10798716,210016,3532948,51309.301,454136.443,0,0,0,0,2246,1499,1.550,2.180,1.490,3,0,2.981,0,0,14,28,0,1,0
31-07 14:56:45,24.408,3.523,72.218,0,0,1735132,10782636,210016,3533188,32500.628,142857.823,0,0,0,0,1866,1181,1.550,2.180,1.490,3,0,0,0,0,14,28,0,1,0
31-07 14:56:46,19.898,6.549,73.295,0,0,1700660,10817068,210016,3533228,15722.955,7350.678,0,4.030,0,1.007,1944,1341,1.550,2.180,1.490,1,0,9.067,0,0,14,28,0,1,0
31-07 14:56:47,20.852,6.702,71.491,0,0,1695068,10822648,210024,3533228,45338.439,25079.571,0,377.316,0,51.633,2167,1603,1.550,2.180,1.490,1,0,2.979,0,0,14,28,0,1,0
31-07 14:56:48,22.468,3.994,72.397,0,0,1703648,10814068,210024,3533228,44394.059,22180.553,0,0,0,0,1831,1199,1.550,2.180,1.490,1,0,0,0,0,14,28,0,1,0
31-07 14:56:49,33.993,15.612,50.361,0,0,1666896,10850800,210024,3533232,15333.834,7497.705,0,0,0,0,3782,10781,1.510,2.160,1.490,1,0,59.426,0,0,14,28,0,2,0
31-07 14:56:50,7.941,27.792,60.795,0.496,0,1653448,10864124,210024,3533356,61075.617,63427.008,39.703,174.692,1.985,38.710,4415,2778,1.510,2.160,1.490,2,0,162.781,0,0,14,28,0,1,0
31-07 14:56:51,7.258,24.528,67.078,0,0,1634684,10882884,210024,3533360,60896.413,33488.722,0,56.065,0,2.002,4362,2647,1.510,2.160,1.490,1,0,137.159,0,0,14,28,0,1,0
31-07 14:56:52,6.252,23.256,68.017,0,0,1630388,10887164,210032,3533364,61074.257,32992.242,0,148.037,0,5.001,4267,2594,1.510,2.160,1.490,1,0,134.033,0,0,14,28,0,1,0
31-07 14:56:53,6.247,25.986,66.213,0,0,1635368,10882180,210032,3533368,45770.766,24678.394,0,155.914,0,4.997,4310,2618,1.510,2.160,1.490,1,0,150.917,0,0,14,28,0,1,0
31-07 14:56:54,7.497,24.489,65.471,0,0,1621384,10896164,210032,3533368,72430.892,472698.454,0,0,0,0,4746,2822,1.470,2.150,1.480,1,0,146.935,0,0,14,28,0,1,0
31-07 14:56:55,7.230,25.182,66.071,0,0,1617800,10899744,210032,3533372,62379.399,145231.463,0,115.687,0,1.995,4357,2626,1.470,2.150,1.480,1,0,148.598,0,0,14,28,0,1,0
31-07 14:56:56,7.529,25.851,66.259,0,0,1615632,10901900,210032,3533380,56811.420,28905.165,0,236.928,0,35.138,4359,2625,1.470,2.150,1.480,2,0,144.566,0,0,14,28,0,1,0
31-07 14:56:57,5.983,25.177,65.560,0,0,1623932,10893592,210040,3533380,49584.407,28154.467,0,91.734,0,2.991,4331,2646,1.470,2.150,1.480,1,0,153.555,0,0,14,28,0,1,0
31-07 14:56:58,6.767,26.064,66.413,0,0,1619236,10898284,210040,3533380,61213.641,31776.198,0,8.020,0,2.005,4362,2714,1.470,2.150,1.480,2,0,151.373,0,0,14,28,0,1,0
31-07 14:56:59,5.747,25.486,65.964,0,0,1619804,10897712,210040,3533384,60924.856,32668.228,0,267.854,0,3.998,4333,2637,1.350,2.110,1.470,1,0,146.920,0,0,14,28,0,1,0
31-07 14:57:00,6.498,22.994,67.982,0,0,1618844,10898664,210040,3533392,45722.969,24503.552,0,263.931,0,2.999,4052,2436,1.350,2.110,1.470,2,0,132.965,0,0,14,28,0,1,0
31-07 14:57:01,7.007,25.774,65.561,0,0,1617148,10900356,210040,3533392,60756.663,31389.274,0,488.456,0,36.034,4308,2587,1.350,2.110,1.470,4,0,148.138,0,0,14,28,0,1,0
31-07 14:57:02,6.003,25.513,66.033,0,0,1611324,10906172,210048,3533392,61362.245,32544.040,0,440.217,0,6.003,4356,2590,1.350,2.110,1.470,1,0,148.073,0,0,14,28,0,1,0
31-07 14:57:03,7.483,24.444,66.099,0,0,1607076,10910420,210048,3533392,66195.847,588733.671,0,263.399,0,2.993,4564,2880,1.350,2.110,1.470,1,0,139.681,0,0,14,28,0,1,0
31-07 14:57:04,5.758,25.534,66.588,0,0,1614040,10903448,210048,3533396,55540.259,30478.202,0,356.470,0,5.007,4320,2633,1.400,2.110,1.480,1,0,150.198,0,0,14,28,0,1,0
31-07 14:57:05,6.001,26.002,64.506,0,0,1609192,10908256,210048,3533436,60935.624,31810.936,0,356.033,0,5.000,4367,2646,1.400,2.110,1.480,2,0,145.013,0,0,14,28,0,1,0
31-07 14:57:06,6.497,25.240,65.474,0,0,1614724,10902720,210048,3533440,60839.153,31265.745,0,351.862,0,3.998,4410,2643,1.400,2.110,1.480,2,0,146.942,0,0,14,28,0,1,0
31-07 14:57:07,6.502,24.007,67.268,0,0,1614220,10903216,210056,3533440,57137.647,29778.155,0,560.153,0,38.010,4283,2608,1.400,2.110,1.480,4,0,144.039,0,0,14,28,0,1,0
31-07 14:57:08,5.998,22.743,69.480,0,0,1615128,10902300,210056,3533448,49842.664,27014.230,0,27.992,0,1.000,4064,2590,1.400,2.110,1.480,2,0,136.961,0,0,14,28,0,1,0
31-07 14:57:09,5.484,23.680,67.550,0,0,1618376,10899048,210056,3533452,60931.872,33654.510,0,55.835,0,1.994,4157,2613,1.370,2.090,1.470,2,0,143.576,0,0,14,28,0,1,0
31-07 14:57:10,6.758,23.528,68.332,0,0,1624136,10893288,210056,3533452,60886.003,32807.336,0,88.106,0,4.005,4104,2541,1.370,2.090,1.470,2,0,133.160,0,0,14,28,0,1,0
31-07 14:57:11,7.718,23.154,66.226,0,0,1623464,10893952,210056,3533460,61191.076,584249.091,0,59.753,0,2.988,4590,2923,1.370,2.090,1.470,3,0,133.448,0,0,14,28,0,1,0
31-07 14:57:12,6.535,22.872,67.108,0,0,1622580,10894832,210064,3533460,61249.806,32835.196,0,140.751,0,4.021,4048,2504,1.370,2.090,1.470,2,0,129.692,0,0,14,28,0,1,0
31-07 14:57:13,6.005,24.772,67.310,0,0,1621760,10895644,210064,3533468,60814.426,32136.761,0,356.319,0,36.032,4335,2615,1.370,2.090,1.470,3,0,142.127,0,0,14,28,0,1,0
31-07 14:57:14,7.248,24.242,66.728,0,0,1621272,10896120,210064,3533472,61125.728,33218.983,0,11.996,0,2.999,4210,2615,1.420,2.090,1.480,2,0,135.955,0,0,14,28,0,1,0
31-07 14:57:15,6.251,26.006,65.764,0,0,1620180,10897212,210064,3533472,46171.837,23422.990,0,16.003,0,4.001,4323,2576,1.420,2.090,1.480,2,0,151.032,0,0,14,28,0,1,0
31-07 14:57:16,6.516,25.814,66.666,0,0,1621520,10895872,210064,3533472,61215.504,31129.552,0,20.050,0,5.012,4372,2631,1.420,2.090,1.480,1,0,153.382,0,0,14,28,0,1,0
31-07 14:57:17,6.222,24.389,66.696,0,0,1623500,10893872,210072,3533480,61545.058,32832.127,0,103.527,0,6.968,4334,2728,1.420,2.090,1.480,3,0,162.259,0,0,14,28,0,1,0
31-07 14:57:18,7.724,21.927,68.273,0,0,1621648,10895716,210072,3533484,60943.383,32775.033,0,641.866,0,82.725,4205,2570,1.420,2.090,1.480,1,0,123.589,0,0,14,28,0,1,0
31-07 14:57:19,20.006,31.009,47.764,0,0,1600904,10913056,210072,3536812,60194.480,574722.898,0,0,0,0,7232,9833,1.380,2.070,1.470,2,0,156.045,0,0,14,28,0,1,0
31-07 14:57:20,14.859,31.985,51.881,0,0,1607644,10906256,210120,3536820,60842.060,31547.810,0,386.842,0,18.133,5250,3335,1.380,2.070,1.470,8,0,211.554,0,0,14,28,0,3,0
31-07 14:57:21,24.362,31.571,42.011,0,0,1646148,10867704,210160,3536828,45926.136,23651.657,0,1650.624,0,22.870,4955,2940,1.380,2.070,1.470,2,0,154.125,0,0,14,28,0,3,0
31-07 14:57:22,40.623,32.849,26.079,0,0,1719884,10793956,210160,3536836,61850.685,33561.299,0,20.061,0,5.015,4984,2595,1.380,2.070,1.470,4,0,148.448,0,0,14,28,0,3,0
31-07 14:57:23,39.961,52.528,7.540,0,0,1691156,10822520,210248,3536880,63767.003,34090.164,0,9554.495,0,812.293,6555,3754,1.380,2.070,1.470,4,0,327.732,0,0,14,28,0,5,0
31-07 14:57:24,50.362,48.357,1.253,0.501,0,1763500,10746176,210404,3540392,45941.722,23371.749,773.713,1058.343,65.144,37.082,5654,4420,1.670,2.120,1.490,4,1,289.641,0,0,14,28,0,7,0
31-07 14:57:25,80.591,17.019,0.751,0,0,1903996,10600376,211696,3543924,60121.207,30682.809,372.423,1377.563,73.083,44.050,5374,2969,1.670,2.120,1.490,4,0,15.017,0,0,14,30,0,7,0
31-07 14:57:26,70.495,19.541,3.463,2.226,0,1947032,10549036,214840,3548404,29637.506,14953.806,439.294,13404.404,9.894,1180.355,9256,11250,1.670,2.120,1.490,9,0,50.459,0,0,14,32,0,8,0
31-07 14:57:27,55.232,21.493,13.496,3.249,0,1969556,10513756,220764,3554728,15497.081,7617.582,0,48328.659,0,2977.055,13715,21658,1.670,2.120,1.490,4,0,67.978,0,0,14,34,0,8,0
31-07 14:57:28,54.237,23.138,12.689,4.727,0,1947724,10527056,224864,3558864,15205.312,7260.813,0,36224.450,0,2345.633,12916,18813,1.670,2.120,1.490,5,0,67.672,0,0,14,32,0,8,0
31-07 14:57:29,47.968,30.230,11.742,4.497,0,1965840,10501156,228200,3563028,17304.378,9447.655,0,38973.825,0,2376.404,12950,18585,1.940,2.170,1.510,6,0,96.935,0,0,14,32,0,8,0
31-07 14:57:30,61.330,19.945,9.474,3.989,0,1999268,10461088,231320,3566380,26313.120,435741.113,0,32414.221,0,2156.028,12934,17325,1.940,2.170,1.510,10,0,48.865,0,0,14,32,0,8,0
31-07 14:57:31,59.632,22.206,9.980,4.990,0,2025196,10428368,235496,3568756,17710.930,130938.722,0,48791.386,0,2823.409,13814,20020,1.940,2.170,1.510,7,0,43.913,0,0,14,32,0,8,0
31-07 14:57:32,55.866,19.897,16.071,4.337,0,2021092,10425924,239116,3571516,964.261,0,0,27872.765,0,2024.439,12575,18420,1.940,2.170,1.510,5,0,81.631,0,0,14,37,0,8,0
31-07 14:57:33,44.275,20.777,21.519,5.689,0,1943652,10496012,243800,3573956,44826.102,22518.421,0,38554.386,0,2622.862,13950,20158,1.940,2.170,1.510,7,1,84.098,0,0,14,36,0,8,0
31-07 14:57:34,52.127,20.649,17.124,5.036,0,1949548,10484200,248328,3575172,31852.295,14859.435,0,35879.412,0,2486.981,12988,17778,2.430,2.260,1.550,5,0,45.328,0,0,14,36,0,8,0
31-07 14:57:35,47.704,23.129,19.756,3.132,0,1884088,10545384,251664,3576004,30114.250,14449.983,0,22705.189,0,1692.288,10698,14096,2.430,2.260,1.550,4,1,79.025,0,0,14,34,0,8,0
31-07 14:57:36,43.610,30.270,18.470,3.591,0,1883044,10541112,254876,3577960,15801.011,7486.472,0,24589.612,0,1777.216,11394,15734,2.430,2.260,1.550,6,0,130.316,0,0,14,37,0,8,0
31-07 14:57:37,39.737,24.928,21.473,7.898,0,1876784,10539864,258452,3581752,15324.967,7362.855,3455.349,26150.081,43.439,1953.753,13028,17636,2.430,2.260,1.550,7,0,91.814,0,0,14,37,0,8,0
31-07 14:57:38,48.421,30.768,14.627,3.026,0,1856556,10555932,261524,3582648,15473.569,7360.008,0,23879.675,0,1755.265,12681,18812,2.430,2.260,1.550,11,1,87.763,0,0,14,37,0,9,0
31-07 14:57:39,46.983,33.808,13.424,1.989,0,1862460,10546696,264196,3583224,15316.930,7401.923,0,22130.199,0,1605.871,12352,17842,2.870,2.360,1.580,21,0,89.491,0,0,14,36,0,10,0
31-07 14:57:40,42.826,33.196,14.698,2.281,0,1800336,10605648,266312,3584136,672.034,0,1094.716,14302.259,23.313,1189.997,9862,13357,2.870,2.360,1.580,5,1,123.662,0,0,14,36,0,10,0
31-07 14:57:41,50.143,26.924,16.056,2.964,0,1852324,10550088,268532,3585384,15156.447,7208.699,786.475,21056.989,12.844,1802.175,11468,16116,2.870,2.360,1.580,8,1,74.103,0,0,14,36,0,10,0
31-07 14:57:42,38.675,23.918,27.480,4.834,0,1872828,10525500,271184,3586676,735.849,0,0,38927.746,0,2676.741,13837,19304,2.870,2.360,1.580,2,0,86.511,0,0,14,36,0,10,0
31-07 14:57:43,37.831,13.938,36.338,5.476,0,1867664,10526624,273104,3588684,44903.442,22336.237,0,30268.807,0,2283.800,13481,19565,2.870,2.360,1.580,6,0,17.920,0,0,14,37,0,10,0
31-07 14:57:44,38.360,13.288,37.859,3.761,0,1862924,10528708,274620,3589748,30264.105,15011.205,0,30194.906,0,2274.547,12018,15975,2.960,2.390,1.600,2,0,26.075,0,0,14,37,0,11,0
31-07 14:57:45,38.788,14.014,36.536,4.755,0,1855580,10531412,277512,3591340,29804.964,14738.322,0,29332.505,0,2237.174,13272,19284,2.960,2.390,1.600,4,0,27.026,0,0,14,36,0,11,0
31-07 14:57:46,26.523,24.045,35.943,6.445,0,1800704,10580100,281768,3593104,15338.923,7234.181,0,30673.880,0,2480.801,13578,19015,2.960,2.390,1.600,4,0,112.043,0,0,14,36,0,11,0
31-07 14:57:47,39.541,17.268,32.784,5.255,0,1834704,10539852,286432,3594532,14995.594,7303.595,0,37078.559,0,2700.809,12849,20700,2.960,2.390,1.600,5,0,57.059,0,0,14,36,0,11,0
31-07 14:57:48,37.147,15.311,35.390,5.522,0,1861044,10506488,291620,3596184,15343.640,7324.949,0,35058.556,0,2689.630,12808,19737,2.960,2.390,1.600,7,1,39.155,0,0,14,37,0,11,0
31-07 14:57:49,38.380,14.857,35.161,4.705,0,1862848,10499660,295620,3597060,1181.604,146.586,0,25815.032,0,2098.759,12644,18926,3.050,2.410,1.610,7,0,31.694,0,0,14,37,0,12,0
31-07 14:57:50,45.527,18.011,27.016,3.252,0,1867416,10490908,298768,3597980,15555.176,7366.345,0,24950.718,0,1767.042,12700,25922,3.050,2.410,1.610,7,1,42.025,0,0,14,37,0,13,0
31-07 14:57:51,37.362,14.894,37.867,4.544,0,1779004,10573548,302528,3599828,15247.779,7367.404,0,26601.820,0,1987.260,11023,15641,3.050,2.410,1.610,3,0,42.411,0,0,14,36,0,12,0
31-07 14:57:52,41.411,12.298,37.897,3.514,0,1821280,10527936,305520,3600088,850.300,0,0,23121.743,0,1588.164,7246,10262,3.050,2.410,1.610,2,0,15.058,0,0,14,34,0,13,0
31-07 14:57:53,28.196,25.701,45.413,0,0,1707984,10641196,305520,3600124,15691.799,7443.674,0,15.969,0,2.994,4664,2796,3.050,2.410,1.610,4,0,127.754,0,0,14,32,0,13,0
31-07 14:57:54,24.790,17.278,55.339,0.250,0,1707892,10640948,305716,3600268,664.066,148.238,0,7291.710,0,342.550,5510,4946,2.960,2.410,1.610,2,0,86.138,0,0,14,33,0,13,0
31-07 14:57:55,24.489,3.998,69.718,0,0,1707860,10640948,305724,3600292,30559.965,30028.209,0,39.982,0,2.999,4344,4793,2.960,2.410,1.610,1,0,0,0,0,14,33,0,14,0
31-07 14:57:56,20.505,6.001,70.766,0,0,1627720,10721076,305724,3600304,30213.860,15147.439,0,0,0,0,3241,2841,2.960,2.410,1.610,1,0,20.005,0,0,14,32,0,14,0
31-07 14:57:57,18.010,11.756,70.038,0,0,1655384,10693404,305732,3600304,41872.842,574283.277,0,152.083,0,8.004,2916,2124,2.960,2.410,1.610,2,0,39.021,0,0,14,32,0,14,0
31-07 14:57:58,21.360,4.967,72.525,0,0,1700464,10648296,305756,3600308,15179.639,7248.553,0,91.402,0,9.935,1739,1182,2.960,2.410,1.610,2,0,0,0,0,14,32,0,15,0
31-07 14:57:59,23.391,6.539,69.167,0,0,1696428,10652220,305756,3600420,33638.942,15125.250,0,6205.437,0,360.173,3826,3134,2.810,2.380,1.610,3,0,2.012,0,0,14,33,0,14,0
31-07 14:58:00,19.016,9.008,71.560,0,0,1623244,10725400,305756,3600424,723.607,0,0,0,0,0,2648,1970,2.810,2.380,1.610,1,0,34.029,0,0,14,32,0,14,0
31-07 14:58:01,20.501,6.500,72.255,0,0,1668296,10680292,305804,3600424,15543.091,7296.512,0,536.038,0,24.002,2073,1797,2.810,2.380,1.610,1,0,0,0,0,14,32,0,14,0
31-07 14:58:02,22.242,4.998,72.474,0,0,1692188,10656380,305820,3600428,16366.150,7653.264,0,115.959,0,6.997,2161,1638,2.810,2.380,1.610,1,0,1.999,0,0,14,32,0,14,0
31-07 14:58:03,19.463,6.737,71.615,0,0,1685556,10662936,305884,3600440,15131.474,7348.147,0,459.134,0,31.940,2795,2439,2.810,2.380,1.610,2,0,26.949,0,0,14,32,0,14,0
31-07 14:58:04,17.036,11.525,71.151,0,0,1713756,10634712,305908,3600440,931.983,148.316,0,200.426,0,14.030,2309,1577,2.660,2.360,1.600,2,0,34.072,0,0,14,32,0,14,0
31-07 14:58:05,22.424,6.229,70.013,0,0,1748856,10599576,305908,3600476,15648.062,7271.400,0,3.987,0,0.997,2068,1441,2.660,2.360,1.600,5,0,2.990,0,0,14,32,0,14,0
31-07 14:58:06,25.063,14.787,58.898,0,0,1753720,10594704,305908,3600476,1459.659,0,0,0,0,0,3936,3107,2.660,2.360,1.600,4,0,105.264,0,0,14,33,0,14,0
31-07 14:58:07,24.659,3.736,70.240,0,0,1746192,10602084,305908,3600624,11353.897,3724.190,0,0,0,0,3330,3328,2.660,2.360,1.600,3,0,0.996,0,0,14,32,0,14,0
31-07 14:58:08,16.083,12.565,71.619,0,0,1701984,10646292,305908,3600624,4634.911,3576.450,0,32.166,0,1.005,2497,1769,2.660,2.360,1.600,1,0,45.233,0,0,14,32,0,14,0
31-07 14:58:09,22.436,3.989,72.793,0,0,1710936,10637336,305908,3600628,1144.744,189.461,0,3.989,0,0.997,1713,1243,2.530,2.340,1.600,1,0,0,0,0,14,32,0,14,0
31-07 14:58:10,22.027,5.006,71.837,0,0,1723700,10624556,305920,3600632,16501.074,7304.887,0,144.175,0,3.004,2129,1627,2.530,2.340,1.600,1,0,0,0,0,14,32,0,14,0
31-07 14:58:11,23.693,3.741,71.079,0,0,1716236,10632004,305920,3600648,905.825,0,0,7.981,0,1.995,3416,3556,2.530,2.340,1.600,2,0,1.995,0,0,14,33,0,14,0
31-07 14:58:12,15.905,12.623,71.446,0,0,1676472,10671704,305980,3600652,790.708,0,0,375.662,0,29.285,3228,2334,2.530,2.340,1.600,2,0,68.669,0,0,14,32,0,14,0
31-07 14:58:13,6.449,24.805,65.734,0,0,1666092,10681948,306036,3600728,16447.014,43228.976,0,412.763,0,26.790,4483,2927,2.530,2.340,1.600,3,0,159.747,0,0,14,32,0,14,0
31-07 14:58:14,6.005,26.774,65.808,0,0,1653612,10694384,306060,3600744,61389.159,39985.276,0,204.180,0,11.010,4458,2683,2.400,2.310,1.600,1,0,162.143,0,0,14,32,0,14,0
31-07 14:58:15,6.235,25.690,66.594,0,0,1640124,10707836,306060,3600776,46383.073,41582.347,0,1069.488,0,202.524,4618,2609,2.400,2.310,1.600,1,0,147.653,0,0,14,32,0,14,0
31-07 14:58:16,10.003,30.759,57.267,0,0,1637836,10710104,306068,3600788,60837.133,31675.441,0,116.035,0,7.002,4783,2811,2.400,2.310,1.600,3,0,183.055,0,0,14,32,0,15,0
31-07 14:58:17,40.049,30.981,28.462,0,0,1662524,10685084,306212,3600968,61946.062,33713.472,0,705.261,0,55.413,5438,3442,2.400,2.310,1.600,3,0,160.195,0,0,14,32,0,20,0
31-07 14:58:18,65.759,11.752,22.253,0,0,1788484,10559048,306232,3601020,54948.259,452133.731,0,284.038,0,12.002,4227,1927,2.400,2.310,1.600,5,0,1.000,0,0,14,32,0,20,0
31-07 14:58:19,62.681,20.396,15.670,0,0,1870844,10474912,306288,3602416,46223.094,125213.662,0,390.018,0,7.960,4426,2392,2.450,2.330,1.600,4,0,88.550,0,0,14,32,0,20,0
31-07 14:58:20,63.957,11.992,22.985,0.500,0,1965156,10378396,306364,3604344,31190.058,15755.421,11.992,871.415,1.999,23.984,3855,1701,2.450,2.330,1.600,4,0,1.999,0,0,14,32,0,20,0
31-07 14:58:21,61.589,8.547,23.882,5.530,0,2057380,10283232,306444,3606984,14998.675,7336.440,800.412,3322.313,8.044,79.438,3752,1626,2.450,2.330,1.600,3,0,6.033,0,0,14,32,0,20,0
31-07 14:58:22,55.323,15.422,23.745,1.958,0,2072388,10257808,310596,3612912,14939.095,7208.600,0,24780.666,0,1968.118,11712,16195,2.450,2.330,1.600,5,0,73.437,0,0,14,38,0,20,0
31-07 14:58:23,41.105,23.705,27.487,2.522,0,2072912,10245460,316668,3618304,49330.057,25288.413,0,53598.927,0,3501.240,16970,23971,2.450,2.330,1.600,3,2,104.906,0,0,14,38,0,20,0
31-07 14:58:24,34.926,17.337,32.916,7.789,0,2072868,10233616,322492,3624020,41052.043,20640.097,0,57699.001,0,3475.529,16569,24486,2.660,2.370,1.620,4,3,99.502,0,0,14,38,0,16,0
31-07 14:58:25,38.352,16.934,30.632,7.471,0,2072856,10223536,327808,3628524,15258.976,7333.633,0,47221.341,0,3317.169,16820,23884,2.660,2.370,1.620,5,0,122.526,0,0,14,38,0,16,0
31-07 14:58:26,31.326,16.039,38.844,7.769,0,2072964,10213232,333528,3632608,45024.311,22779.304,0,38934.526,0,2864.956,14757,22019,2.660,2.370,1.620,5,1,74.180,0,0,14,38,0,16,0
31-07 14:58:27,45.137,15.128,25.544,7.192,0,2073328,10204412,338396,3635944,45203.056,23359.922,0,38430.583,0,2630.818,14065,19887,2.660,2.370,1.620,5,0,72.417,0,0,14,38,0,16,0
31-07 14:58:28,40.864,28.481,19.317,5.944,0,1965440,10303856,342692,3639852,45178.001,23406.772,0,38345.578,0,2438.948,13836,19092,2.660,2.370,1.620,5,1,127.792,0,0,14,36,0,13,0
31-07 14:58:29,48.411,20.129,21.912,6.880,0,1987396,10272900,347664,3643604,49558.926,26602.786,0,41908.918,0,2744.667,13948,19463,2.680,2.380,1.630,9,0,84.592,0,0,14,36,0,13,0
31-07 14:58:30,48.766,19.507,21.257,6.502,0,2017608,10233336,352692,3647700,56073.898,28157.490,0,39165.200,0,2643.891,13734,19221,2.680,2.380,1.630,9,0,55.019,0,0,14,36,0,13,0
31-07 14:58:31,56.635,15.788,18.294,5.513,0,2058344,10185708,356540,3650468,32765.960,131559.020,0,36170.060,0,2356.607,11844,15823,2.680,2.380,1.630,6,1,18.043,0,0,14,36,0,13,0
31-07 14:58:32,45.445,18.377,24.585,6.457,0,2078744,10153704,361364,3656872,25972.864,465783.139,0,42236.822,0,2635.331,14517,19680,2.680,2.380,1.630,4,0,4.967,0,0,14,36,0,13,0
31-07 14:58:33,47.999,17.250,22.500,7.250,0,2083284,10138332,366340,3662428,44915.307,22545.652,0,57703.110,0,3234.950,15278,21215,2.680,2.380,1.630,6,1,5.000,0,0,14,38,0,13,0
31-07 14:58:34,32.192,27.413,29.425,6.287,0,1984748,10229308,371460,3664628,46394.338,24097.532,0,36360.574,0,2669.903,14372,20266,2.950,2.440,1.660,5,0,114.683,0,0,14,36,0,13,0
31-07 14:58:35,33.495,15.747,37.744,7.499,0,1981808,10226792,375196,3666204,44937.624,22178.360,0,39577.504,0,2783.543,14025,20160,2.950,2.440,1.660,2,0,40.993,0,0,14,36,0,13,0
31-07 14:58:36,30.503,15.871,39.182,7.440,0,1974580,10229120,378184,3667972,29590.943,14861.436,0,40316.928,0,2805.242,13865,20942,2.950,2.440,1.660,3,2,56.541,0,0,14,36,0,13,0
31-07 14:58:37,51.411,4.559,41.534,1.773,0,1969664,10232928,379004,3668236,15231.892,7622.024,0,14081.092,0,866.139,5718,5636,2.950,2.440,1.660,3,0,7.091,0,0,14,32,0,13,0
31-07 14:58:38,8.961,31.614,57.004,0,0,1660308,10542216,379060,3668248,45540.700,30444.770,0,1350.180,0,68.704,4827,2920,2.950,2.440,1.660,3,0,189.185,0,0,14,32,0,13,0
31-07 14:58:39,14.667,15.164,67.866,0.497,0,1677352,10525008,379208,3668260,60480.087,37513.922,0,4582.096,0,210.808,3698,2763,2.790,2.420,1.650,3,0,60.657,0,0,14,32,0,13,0
31-07 14:58:40,22.369,6.032,71.632,0,0,1703584,10498776,379208,3668260,45747.035,23511.421,0,8.043,0,2.011,1905,1319,2.790,2.420,1.650,1,0,1.005,0,0,14,32,0,11,0
31-07 14:58:41,21.743,5.498,71.727,0,0,1742576,10459784,379208,3668260,44433.943,21881.078,0,3.999,0,1.000,1893,1309,2.790,2.420,1.650,2,0,1.999,0,0,14,32,0,11,0
31-07 14:58:42,21.764,5.003,72.546,0,0,1775024,10427336,379208,3668260,26304.847,11041.071,0,160.103,0,37.024,1795,1251,2.790,2.420,1.650,3,0,2.001,0,0,14,34,0,11,0
31-07 14:58:43,25.882,2.738,69.932,0,0,1784012,10418320,379228,3668268,61167.466,461938.501,0,171.220,0,14.932,2721,2237,2.790,2.420,1.650,1,0,0.995,0,0,14,38,0,11,0
31-07 14:58:44,19.858,8.295,72.394,0,0,1662052,10540276,379232,3668268,47531.967,140668.400,0,44.241,0,4.022,2371,1557,2.650,2.390,1.650,2,0,29.159,0,0,14,32,0,10,0
31-07 14:58:45,21.243,5.748,71.977,0,0,1705840,10496456,379256,3668276,59879.037,31188.123,0,251.920,0,14.995,2027,1684,2.650,2.390,1.650,1,0,1.000,0,0,14,32,0,10,0
31-07 14:58:46,21.742,5.498,72.223,0,0,1750924,10451348,379280,3668276,44526.206,20782.162,0,435.836,0,26.990,1823,1294,2.650,2.390,1.650,2,0,0,0,0,14,32,0,10,0
31-07 14:58:47,22.007,5.001,72.521,0,0,1783680,10418592,379280,3668276,14986.439,9368.775,0,4.001,0,1.000,1797,1264,2.650,2.390,1.650,2,0,5.001,0,0,14,34,0,10,0
31-07 14:58:48,20.735,6.495,71.697,0,0,1778316,10423900,379328,3668276,44948.018,23562.710,0,679.501,0,41.969,2507,1902,2.650,2.390,1.650,1,0,20.985,0,0,14,32,0,10,0
31-07 14:58:49,8.977,38.650,49.622,0,0,1781176,10421012,379340,3668292,60806.034,32751.455,0,159.588,0,10.972,5339,3268,2.520,2.370,1.640,4,0,250.354,0,0,14,32,0,10,0
31-07 14:58:50,19.433,50.327,27.904,0,0,1767624,10434556,379348,3669932,60720.174,31455.819,0,3679.346,0,35.877,6383,14416,2.520,2.370,1.640,8,0,314.917,0,0,14,32,0,11,0
31-07 14:58:51,9.786,46.922,40.900,0,0,1755168,10446988,379348,3668316,46238.759,27071.389,0,12.044,0,3.011,5463,3315,2.520,2.370,1.640,5,0,286.050,0,0,14,32,0,11,0
31-07 14:58:52,10.027,46.875,41.862,0,0,1744308,10457828,379348,3668336,61262.416,41069.552,0,296.792,0,68.182,5679,3366,2.520,2.370,1.640,3,0,277.741,0,0,14,32,0,8,0
31-07 14:58:53,9.996,49.479,37.484,0,0,1715496,10486632,379348,3668344,74584.885,592039.076,0,35.985,0,8.996,6082,3780,2.520,2.370,1.640,2,0,326.859,0,0,14,32,0,8,0
31-07 14:58:54,9.984,47.923,39.686,0,0,1702864,10499260,379348,3668348,45939.381,24113.358,0,31.949,0,7.987,5670,3467,2.400,2.350,1.640,4,0,317.491,0,0,14,32,0,8,0
31-07 14:58:55,9.767,45.327,43.324,0,0,1692088,10510032,379352,3668348,60679.580,32505.487,0,617.053,0,43.074,5541,3429,2.400,2.350,1.640,7,0,296.506,0,0,14,32,0,8,0
31-07 14:58:56,6.726,24.162,67.256,0,0,1682780,10519332,379352,3668356,60921.256,31866.534,0,259.061,0,32.881,4387,2688,2.400,2.350,1.640,1,0,145.473,0,0,14,32,0,8,0
31-07 14:58:57,5.767,11.283,81.236,0.752,0,1671776,10530272,379364,3668416,45529.317,23861.346,68.198,156.455,8.023,3.009,2279,1960,2.400,2.350,1.640,0,0,39.114,0,0,14,12,0,7,20
31-07 14:58:58,4.992,17.472,74.629,1.248,0,1674652,10527292,379412,3668472,59661.886,31572.608,35.941,1373.764,1.997,163.733,3504,2695,2.400,2.350,1.640,1,0,82.865,0,0,14,12,0,7,20
31-07 14:58:59,6.736,23.202,68.858,0,0,1664708,10537228,379412,3668480,45338.769,25673.208,0,3.992,0,0.998,3953,2592,2.280,2.320,1.640,4,0,136.719,0,0,14,12,0,7,20
31-07 14:59:00,7.270,24.569,67.189,0,0,1666964,10534960,379412,3668496,60769.680,31815.358,0,12.034,0,3.008,4107,2543,2.280,2.320,1.640,1,0,116.327,0,0,14,12,0,7,20
31-07 14:59:01,8.012,24.788,65.350,0,0,1666192,10535724,379412,3668500,73926.325,583496.470,0,12.018,0,3.005,4517,2740,2.280,2.320,1.640,2,0,118.181,0,0,14,12,0,7,20
31-07 14:59:02,12.012,23.022,62.811,0,0,1667068,10534848,379412,3668972,45734.631,25967.341,0,28.027,0,4.004,5123,4989,2.280,2.320,1.640,3,0,105.103,0,0,14,12,0,7,20
31-07 14:59:03,18.963,22.955,56.640,0,0,1655368,10546524,379420,3668948,44707.921,23136.935,0,111.782,0,3.992,5093,5609,2.280,2.320,1.640,2,0,87.829,0,0,14,12,0,7,20
31-07 14:59:04,18.562,22.827,57.693,0,0,1655068,10546804,379420,3668516,44913.623,22806.484,0,4.013,0,1.003,3879,2411,2.180,2.300,1.630,5,0,59.199,0,0,14,12,0,7,20
31-07 14:59:05,26.018,27.753,44.355,0.248,0,1686280,10514692,379436,3669344,60218.120,33176.215,19.823,3.965,0.991,0.991,4917,2751,2.180,2.300,1.630,3,0,135.789,0,0,14,12,0,7,20
31-07 14:59:06,13.346,24.174,60.686,0.252,0,1689352,10511420,379436,3669548,61185.471,34719.375,153.100,56.405,2.014,1.007,4451,2775,2.180,2.300,1.630,4,0,129.933,0,0,16,12,0,7,20
31-07 14:59:07,7.467,24.393,65.713,0,0,1695352,10505408,379436,3669556,60084.401,31175.746,0,27.878,0,4.978,4253,2794,2.180,2.300,1.630,2,0,113.504,0,0,16,12,0,7,20
31-07 14:59:08,7.533,25.110,66.542,0,0,1697112,10503644,379436,3669560,45733.900,23053.269,0,12.053,0,3.013,4088,2667,2.180,2.300,1.630,1,0,115.507,0,0,16,12,0,7,20
31-07 14:59:09,13.003,24.255,60.512,0.250,0,1709532,10491212,379440,3670036,70467.199,465159.728,0,256.052,0,4.001,5680,5940,2.090,2.280,1.630,6,0,110.022,0,0,16,12,0,7,20
31-07 14:59:10,19.852,25.807,52.110,0,0,1702564,10498136,379440,3670012,48155.849,146534.091,0,809.943,0,5.955,5035,5709,2.090,2.280,1.630,8,0,87.347,0,0,16,12,0,7,20
31-07 14:59:11,18.345,22.114,59.558,0,0,1702260,10498440,379440,3669572,45737.356,23398.918,0,4.021,0,1.005,4055,2740,2.090,2.280,1.630,3,0,42.218,0,0,16,12,0,7,20
31-07 14:59:12,24.693,26.189,46.892,0.499,0,1733636,10466552,379444,3670048,60795.388,33089.468,3.991,19.954,0.998,1.995,4884,2912,2.090,2.280,1.630,1,0,129.700,0,0,18,12,0,7,20
31-07 14:59:13,6.774,22.582,68.498,0,0,1737760,10462412,379444,3670060,57079.270,32483.386,0,0,0,0,4413,3013,2.090,2.280,1.630,3,0,128.464,0,0,18,12,0,7,20
31-07 14:59:14,7.541,24.633,66.358,0,0,1743516,10456632,379452,3670068,49110.686,25091.231,0,193.040,0,5.027,4254,2866,2,2.260,1.630,1,0,114.618,0,0,18,12,0,7,20
31-07 14:59:15,7.470,24.151,66.230,0,0,1746280,10453864,379452,3670072,59910.488,31105.051,0,11.951,0,2.988,4344,2906,2,2.260,1.630,2,0,119.512,0,0,18,12,0,7,20
31-07 14:59:16,13.116,26.232,57.908,0,0,1748056,10452084,379452,3670528,48590.952,23665.916,0,27.716,0,3.959,5408,5868,2,2.260,1.630,10,0,126.704,0,0,18,12,0,7,20
31-07 14:59:17,21.642,22.397,55.616,0,0,1731808,10468312,379452,3670532,56383.642,30587.067,0,346.276,0,3.020,5326,5762,2,2.260,1.630,12,0,74.490,0,0,18,12,0,5,20
31-07 14:59:18,21.566,19.811,57.676,0,0,1746504,10453556,379456,3670108,55926.926,466124.584,0,24.074,0,2.006,4503,3237,2,2.260,1.630,4,0,48.147,0,0,18,12,0,5,20
31-07 14:59:19,41.496,16.599,41.245,0,0,1832284,10367684,379516,3670140,48201.050,142057.040,0,2865.002,0,455.704,4676,2411,2,2.250,1.630,14,0,50.298,0,0,18,12,0,5,20
31-07 14:59:20,79.410,20.227,0.250,0,0,2028080,10171376,379520,3670612,45050.717,22816.027,0,0,0,0,5225,3624,2,2.250,1.630,14,0,3.995,0,0,20,12,0,5,20
31-07 14:59:21,84.780,15.756,0,0,0,2204172,9995256,379520,3670640,15589.601,7820.810,0,80.029,0,2.001,5079,3558,2,2.250,1.630,13,0,19.007,0,0,20,12,0,1,20
31-07 14:59:22,90.669,9.267,0,0,0,2297240,9901524,379536,3671236,30071.909,15238.331,0,12.022,0,3.006,5130,3744,2,2.250,1.630,7,0,30.056,0,0,20,12,0,1,20
31-07 14:59:23,26.409,20.732,50.350,0,0,2370776,9827744,379540,3671360,15305.425,9453.960,0,43.439,0,6.911,4379,3112,2,2.250,1.630,1,0,98.726,0,0,20,12,0,1,20
31-07 14:59:24,6.792,23.645,67.915,0,0,2365656,9832832,379540,3671368,61345.961,34408.312,0,390.386,0,3.018,4498,3108,2,2.250,1.630,1,0,128.787,0,0,20,12,0,1,20
31-07 14:59:25,8.001,23.753,66.007,0,0,2351424,9847036,379544,3671376,45529.942,24258.633,0,96.010,0,6.001,4418,3027,2,2.250,1.630,1,0,119.013,0,0,20,12,0,1,20
31-07 14:59:26,8.500,24.250,65.001,0,0,2345852,9852568,379544,3671380,61025.077,31266.552,0,12.000,0,3.000,4427,3113,2,2.250,1.630,3,0,119.002,0,0,20,12,0,1,20
31-07 14:59:27,9.195,23.359,65.356,0,0,2341928,9856472,379544,3671776,60384.988,31426.555,0,11.928,0,2.982,4636,3682,2,2.250,1.630,3,0,103.377,0,0,20,12,0,1,20
31-07 14:59:28,21.153,24.175,53.891,0,0,2339416,9858812,379544,3671864,45346.814,22946.387,0,4.029,0,1.007,5608,6182,2,2.250,1.630,4,0,74.541,0,0,20,12,0,1,20
31-07 14:59:29,20.483,23.981,52.957,0,0,2311684,9886532,379544,3671396,58086.041,576653.813,0,31.974,0,3.997,5667,5568,2.320,2.310,1.650,4,0,80.935,0,0,20,12,0,1,20
31-07 14:59:30,25.994,25.495,46.490,0,0,2351856,9846216,379556,3671508,60689.012,34066.709,0,123.973,0,2.000,4939,3133,2.320,2.310,1.650,1,0,123.973,0,0,20,12,0,1,20
31-07 14:59:31,21.112,6.955,70.788,0,0,2372480,9825300,379556,3671796,44516.458,23047.577,0,588.161,0,90.410,2500,2087,2.320,2.310,1.650,3,0,7.948,0,0,21,12,0,2,20
31-07 14:59:32,11.317,17.856,69.662,0,0,2383808,9813960,379556,3671804,60471.823,32916.775,0,0,0,0,3741,2971,2.320,2.310,1.650,3,0,86.512,0,0,21,12,0,2,20
31-07 14:59:33,22.219,6.241,70.400,0,0,2423044,9774724,379556,3671804,30230.183,14960.810,0,0,0,0,2333,2039,2.320,2.310,1.650,1,0,0,0,0,21,12,0,2,20
31-07 14:59:34,22.902,5.974,69.205,0,0,2446548,9751208,379564,3671808,29857.549,14838.659,0,2489.374,0,433.151,3425,2677,2.210,2.290,1.650,1,0,0,0,0,21,13,0,2,14
31-07 14:59:35,23.052,6.586,70.169,0,0,2448080,9749516,379580,3671952,29983.747,14852.548,0,705.238,0,20.265,3531,3755,2.210,2.290,1.650,2,0,2.027,0,0,21,17,0,3,4
31-07 14:59:36,23.590,4.966,68.535,0.248,0,2446412,9751000,379616,3672096,15368.666,7312.358,3.973,337.707,0.993,32.777,3415,3661,2.210,2.290,1.650,2,0,0,0,0,21,14,0,8,0
31-07 14:59:37,8.957,23.636,65.186,0,0,2431924,9765488,379616,3672096,15894.395,8958.822,0,3.981,0,0.995,4521,3133,2.210,2.290,1.650,4,0,144.305,0,0,21,14,0,8,0
31-07 14:59:38,7.282,25.613,65.289,0,0,2422436,9774980,379616,3672108,45953.102,30348.132,0,8.036,0,2.009,4832,3366,2.210,2.290,1.650,2,0,154.684,0,0,21,14,0,8,0
31-07 14:59:39,6.255,24.020,67.306,0,0,2416736,9780672,379616,3672116,60745.179,33325.529,0,0,0,0,4489,3383,2.120,2.270,1.650,2,0,140.116,0,0,21,14,0,8,0
31-07 14:59:40,7.789,23.618,67.587,0,0,2404360,9793040,379616,3672124,70458.588,477351.986,0,44.221,0,3.015,4941,3928,2.120,2.270,1.650,2,0,136.682,0,0,21,14,0,8,0
31-07 14:59:41,7.960,24.627,64.676,0,0,2403676,9793708,379616,3672140,48111.858,145731.577,0,163.182,0,5.970,4598,3302,2.120,2.270,1.650,2,0,115.421,0,0,21,14,0,8,0
31-07 14:59:42,8.486,24.460,65.145,0,0,2392180,9805196,379616,3672148,60250.651,30824.196,0,11.981,0,2.995,4701,3341,2.120,2.270,1.650,2,0,117.810,0,0,21,14,0,8,0
31-07 14:59:43,7.505,25.018,64.797,0,0,2387628,9809744,379616,3672152,60865.579,31659.188,0,16.012,0,4.003,4648,3373,2.120,2.270,1.650,1,0,118.086,0,0,21,14,0,9,0
31-07 14:59:44,9.007,23.268,66.301,0,0,2382784,9814580,379616,3672160,45461.230,23352.097,0,12.009,0,3.002,4438,3280,2.190,2.280,1.650,1,0,112.087,0,0,21,14,0,9,0
31-07 14:59:45,21.682,24.673,51.091,0,0,2378132,9819172,379624,3672636,48007.152,24593.235,0,123.614,0,6.978,6791,8418,2.190,2.280,1.650,2,0,107.664,0,0,21,14,0,9,0
31-07 14:59:46,18.901,20.891,58.693,0,0,2391340,9805932,379640,3672620,56128.871,28584.718,0,127.335,0,6.964,3958,2976,2.190,2.280,1.650,4,0,39.792,0,0,21,14,0,9,0
31-07 14:59:47,47.416,30.039,20.853,0,0,2441116,9756040,379644,3672732,45232.637,24876.908,0,19.860,0,1.986,5441,3254,2.190,2.280,1.650,5,0,116.182,0,0,21,14,0,10,0
31-07 14:59:48,42.891,12.110,45.414,0,0,2508640,9688504,379644,3672744,59595.043,30538.272,0,0,0,0,3309,2459,2.190,2.280,1.650,5,0,0,0,0,21,15,0,9,0
31-07 14:59:49,47.687,6.024,46.181,0,0,2567840,9629284,379644,3672760,30358.886,14797.949,0,0,0,0,3206,1884,2.170,2.280,1.660,6,0,0,0,0,21,15,0,9,0
31-07 14:59:50,53.271,6.753,38.015,0.250,0,2603072,9593584,379696,3673128,27298.615,569645.513,88.034,392.152,1.000,25.010,4852,3869,2.170,2.280,1.660,3,0,20.008,0,0,21,31,0,9,0
31-07 14:59:51,56.816,17.520,25.029,0,0,2657788,9537580,379752,3674108,15118.486,7730.942,0,869.005,0,63.073,4886,17272,2.170,2.280,1.660,4,0,38.044,0,0,21,31,0,10,0
31-07 14:59:52,36.256,18.753,43.257,0,0,2670488,9522292,379776,3676508,15380.339,7297.110,0,1364.207,0,41.006,6456,8734,2.170,2.280,1.660,2,0,58.009,0,0,21,30,0,10,0
31-07 14:59:53,10.498,24.996,61.240,1.000,0,2703104,9489628,379808,3676516,45729.432,27299.482,11.998,231.962,3.000,10.998,4847,3570,2.170,2.280,1.660,1,0,126.979,0,0,21,30,0,10,0
31-07 14:59:54,6.999,25.497,65.243,0,0,2697532,9495204,379808,3676524,60629.905,32260.757,0,0,0,0,4804,3466,2.080,2.250,1.650,1,0,159.984,0,0,21,30,0,9,0
31-07 14:59:55,19.645,23.927,55.662,0,0,2698232,9494328,379816,3676652,45494.496,22786.539,0,56.417,0,3.022,5615,6295,2.080,2.250,1.650,1,0,75.559,0,0,21,30,0,9,0
31-07 14:59:56,17.832,21.299,57.211,1.734,0,2710164,9482284,379824,3676720,44647.533,23534.366,55.478,0,7.925,0,5360,5850,2.080,2.250,1.650,2,0,79.254,0,0,21,30,0,9,0
31-07 14:59:57,15.692,16.937,61.023,3.985,0,2705252,9478560,379836,3685768,51361.788,26274.185,8572.087,1243.371,108.596,5.978,5396,6438,2.080,2.250,1.650,13,0,108.596,0,0,22,30,0,9,0
31-07 14:59:58,17.596,26.645,54.296,0,0,2697348,9486424,379836,3685788,53051.132,27166.057,0,4.022,0,1.005,5659,6567,2.080,2.250,1.650,1,0,74.406,0,0,22,30,0,9,0
31-07 14:59:59,15.091,17.071,63.829,2.227,0,2710828,9471028,379840,3687212,44275.528,23574.163,1737.731,7.917,24.740,1.979,4209,3342,1.990,2.230,1.650,3,0,56.407,0,0,22,30,0,9,0
31-07 15:00:00,32.480,27.948,36.257,0.755,0,2743996,9437256,379928,3687684,45284.951,23959.812,459.255,9257.612,22.157,1029.295,7291,4230,1.990,2.230,1.650,1,0,108.771,0,0,22,46,0,9,0
31-07 15:00:01,9.534,23.083,65.234,0,0,2733152,9448088,379928,3687696,73359.722,600936.120,0,0,0,0,5028,3701,1.990,2.230,1.650,1,0,102.367,0,0,22,46,0,9,0
31-07 15:00:02,14.504,27.258,56.016,0.500,0,2740188,9441000,379932,3688196,60065.313,31903.196,4.001,16.005,1.000,4.001,5432,5715,1.990,2.230,1.650,2,0,139.040,0,0,22,46,0,9,0
31-07 15:00:03,18.992,23.991,55.728,0,0,2738612,9442552,379932,3688172,30041.106,14652.199,0,3.998,0,1.000,5101,5292,1.990,2.230,1.650,2,0,70.972,0,0,22,46,0,9,0
31-07 15:00:04,19.816,23.283,53.502,1.982,0,2729776,9450456,380108,3688392,44430.327,23497.227,642.022,313.085,20.806,10.899,4445,3639,1.910,2.210,1.640,0,3,116.911,0,0,22,46,0,9,0
31-07 15:00:05,4.539,7.060,84.215,4.034,0,2725784,9453508,380108,3689276,60330.927,31140.235,952.079,1032.763,14.120,158.344,2449,2472,1.910,2.210,1.640,1,0,17.145,0,0,22,46,0,9,0
31-07 15:00:06,7.257,19.518,68.063,2.502,0,2730324,9447240,380108,3691008,45971.496,25093.196,1725.595,0,20.019,0,4120,3248,1.910,2.210,1.640,1,0,97.090,0,0,24,46,0,9,0
31-07 15:00:07,16.745,24.242,57.232,0,0,2726208,9451328,380108,3691496,59800.302,31692.091,0,787.754,0,84.973,5115,6251,1.910,2.210,1.640,3,0,105.967,0,0,24,46,0,9,0
31-07 15:00:08,17.660,25.122,54.722,0,0,2722624,9454864,380108,3691496,36978.200,18943.791,0,0,0,0,5479,5957,1.910,2.210,1.640,1,0,73.626,0,0,24,46,0,9,0
31-07 15:00:09,11.877,24.765,59.890,2.780,0,2726928,9448620,380116,3692888,53567.876,27993.372,1896.280,202.162,24.259,4.043,4815,3582,1.840,2.190,1.640,3,0,103.103,0,0,24,48,0,9,0
31-07 15:00:10,8.209,24.378,64.427,0,0,2731928,9443616,380116,3692892,73565.181,589518.453,0,35.820,0,4.975,5139,3723,1.840,2.190,1.640,4,0,144.277,0,0,24,48,0,9,0
31-07 15:00:11,8.247,22.491,67.723,0,0,2739740,9435796,380116,3692900,45904.559,27770.844,0,3.998,0,1.000,4431,3302,1.840,2.190,1.640,1,0,127.949,0,0,24,48,0,9,0
31-07 15:00:12,8.251,24.003,64.758,0,0,2739236,9436284,380116,3692916,60295.075,32145.772,0,768.090,0,6.001,4523,3373,1.840,2.190,1.640,1,0,119.014,0,0,24,48,0,9,0
31-07 15:00:13,8.565,24.689,65.249,0,0,2737972,9437544,380116,3692920,61156.660,31946.291,0,16.123,0,4.031,4554,3419,1.840,2.190,1.640,4,0,117.902,0,0,24,48,0,10,0
31-07 15:00:14,8.636,22.700,64.893,0,0,2722880,9452600,380116,3692924,44319.037,22988.576,0,7.896,0,1.974,4417,3442,1.770,2.170,1.640,3,0,106.593,0,0,24,48,0,10,0
31-07 15:00:15,19.575,19.575,58.975,0,0,2721672,9453804,380124,3693020,45167.572,22489.927,0,160.614,0,4.015,4722,5890,1.770,2.170,1.640,2,0,72.276,0,0,24,48,0,10,0
31-07 15:00:16,20.392,24.122,53.964,0,0,2718652,9456784,380124,3692928,44720.781,22737.390,0,7.958,0,0.995,5458,6051,1.770,2.170,1.640,8,0,73.610,0,0,24,48,0,10,0
31-07 15:00:17,24.476,28.472,44.956,0,0,2751840,9423524,380136,3692956,60695.876,32724.123,0,19.981,0,1.998,5656,3523,1.770,2.170,1.640,2,0,122.880,0,0,24,48,0,10,0
31-07 15:00:18,28.600,29.855,40.392,0.251,0,2801916,9373400,380180,3692956,60723.026,32600.367,0,1252.394,0,51.180,5445,3684,1.770,2.170,1.640,2,0,150.528,0,0,24,48,0,10,0
31-07 15:00:19,27.463,28.453,41.566,0,0,2850740,9324440,380204,3693032,55822.253,564263.470,0,23.752,0,0.990,5364,3799,1.790,2.170,1.640,4,0,119.750,0,0,24,48,0,10,0
31-07 15:00:20,30.431,29.163,39.053,0,0,2861012,9312816,380240,3694312,61774.270,32491.846,8.115,190.699,1.014,4.057,6070,5094,1.790,2.170,1.640,4,0,133.895,0,0,24,48,0,10,0
31-07 15:00:21,27.107,29.096,42.028,0,0,2875676,9297932,380252,3694512,60315.968,33013.381,3.979,3.979,0.995,0.995,5338,3517,1.790,2.170,1.640,2,0,139.263,0,0,24,52,0,12,0
31-07 15:00:22,31.544,33.531,33.283,0,0,2956620,9216980,380260,3694520,59992.555,31077.225,7.948,11.922,1.987,2.981,5422,3462,1.790,2.170,1.640,5,0,156.976,0,0,24,52,0,12,0
31-07 15:00:23,36.738,35.463,28.064,0,0,3010980,9162592,380268,3694528,47072.175,26221.057,0,1122.564,0,11.226,5298,3430,1.790,2.170,1.640,4,0,157.159,0,0,24,52,0,12,0
31-07 15:00:24,30.623,24.399,43.071,0,0,3002392,9171160,380272,3694536,63852.915,35331.322,3.983,3.983,0.996,0.996,4933,3233,1.890,2.180,1.650,4,0,117.512,0,0,24,52,0,12,0
31-07 15:00:25,23.391,25.631,48.773,0,0,3016976,9156348,380272,3694760,45923.215,23661.847,0,15.926,0,3.981,4801,3374,1.890,2.180,1.650,1,0,116.458,0,0,24,52,0,12,0
31-07 15:00:26,9.243,26.231,62.955,0.749,0,3013692,9159608,380280,3694768,60766.135,31257.436,0,6895.023,0,883.362,5977,3365,1.890,2.180,1.650,3,0,117.915,0,0,24,52,0,12,0
31-07 15:00:27,8.834,24.735,64.613,0,0,2998364,9174916,380280,3694772,65620.462,591284.804,0,16.153,0,4.038,4942,3803,1.890,2.180,1.650,2,0,120.140,0,0,24,52,0,12,0
31-07 15:00:28,15.110,30.715,52.265,0,0,2995248,9178000,380280,3695260,53097.520,28713.680,0,459.736,0,5.945,5521,6469,1.890,2.180,1.650,2,0,129.796,0,0,24,52,0,12,0
31-07 15:00:29,18.746,23.245,55.988,0,0,2996392,9176804,380280,3695248,45187.407,22789.162,0,7.998,0,2.000,5902,7221,1.900,2.180,1.650,13,0,74.984,0,0,24,52,0,12,0
31-07 15:00:30,20.269,17.517,60.558,0,0,3005196,9167916,380280,3695244,44958.845,22507.449,0,4.004,0,1.001,4038,3197,1.900,2.180,1.650,4,0,23.022,0,0,24,52,0,12,0
31-07 15:00:31,44.077,33.867,21.167,0,0,3046764,9126312,380296,3695264,61380.373,33347.270,0,147.422,0,1.992,5565,3368,1.900,2.180,1.650,7,0,123.516,0,0,24,52,0,12,0
31-07 15:00:32,47.942,29.560,20.369,0,0,3122044,9051024,380296,3695272,60487.490,34569.958,0,0,0,0,5421,3188,1.900,2.180,1.650,6,0,110.292,0,0,24,52,0,12,0
31-07 15:00:33,54.040,28.021,17.763,0,0,3157508,9015364,380304,3695468,46003.262,23915.812,0,764.569,0,95.071,5709,3575,1.900,2.180,1.650,7,0,123.092,0,0,24,52,0,12,0
31-07 15:00:34,51.502,29.033,18.430,0,0,3203964,8968028,380332,3696276,61541.628,32286.583,0,16.157,0,4.039,5659,3880,1.980,2.190,1.660,10,0,125.220,0,0,24,52,0,12,0
31-07 15:00:35,50.775,29.765,18.259,0,0,3251128,8918280,380472,3698832,60645.616,31007.142,0,76.037,0,7.003,5774,4646,1.980,2.190,1.660,8,0,98.048,0,0,24,52,0,11,0
31-07 15:00:36,48.773,25.236,17.228,6.309,0,3273092,8894896,381380,3698936,56518.575,563692.956,873.548,3067.125,130.062,15.530,7449,7684,1.980,2.190,1.660,7,0,74.737,0,0,24,56,0,11,0
31-07 15:00:37,58.909,29.584,14.014,0,0,3389764,8777344,381796,3698928,46505.708,25340.893,0,2071.949,0,174.393,6731,6349,1.980,2.190,1.660,6,0,139.099,0,0,24,56,0,11,0
31-07 15:00:38,39.709,34.776,18.991,1.973,0,3421312,8732564,384300,3709312,59891.494,33611.768,0,19999.347,0,1309.152,11777,15012,1.980,2.190,1.660,6,0,106.547,0,0,24,56,0,11,0
31-07 15:00:39,50.247,28.960,16.336,1.238,0,3456436,8690320,386788,3713772,45217.940,25928.213,0,12558.174,0,1407.894,11995,16065,2.150,2.220,1.670,7,0,114.849,0,0,24,56,0,5,0
31-07 15:00:40,47.556,31.287,17.771,1.001,0,3508476,8633408,388792,3716480,60178.726,31745.309,0,10352.167,0,1085.275,9939,12774,2.150,2.220,1.670,5,0,106.125,0,0,24,56,0,5,0
31-07 15:00:41,62.871,31.180,6.645,0.511,0,3516352,8622360,388976,3719184,62171.191,33057.101,539.775,1427.131,7.156,69.516,7051,7103,2.150,2.220,1.670,5,0,141.077,0,0,24,58,0,7,0
31-07 15:00:42,58.416,28.960,10.891,0,0,3529820,8607532,389056,3720928,44812.007,23613.928,0,942.577,0,52.475,7779,9584,2.150,2.220,1.670,4,0,150.495,0,0,24,66,0,13,0
31-07 15:00:43,42.883,31.096,23.573,0.502,0,3571144,8564376,389096,3722296,45000.329,23241.961,4.012,726.249,1.003,32.099,7554,9943,2.150,2.220,1.670,4,0,87.270,0,0,24,68,0,17,0
31-07 15:00:44,34.040,34.541,30.035,0,0,3609108,8526324,389128,3722236,69047.349,464973.818,0,676.797,0,34.040,7126,6527,2.290,2.250,1.680,3,0,114.134,0,0,24,78,0,21,0
31-07 15:00:45,26.377,29.114,42.303,0,0,3661744,8473412,389388,3722244,47638.830,145403.891,0,5080.307,0,237.891,5882,4442,2.290,2.250,1.680,3,0,125.415,0,0,24,78,0,21,0
31-07 15:00:46,29.123,27.365,43.182,0.251,0,3692176,8442956,389400,3722256,61066.105,33561.302,4.017,317.336,1.004,6.025,5165,3502,2.290,2.250,1.680,3,0,122.516,0,0,24,78,0,21,0
31-07 15:00:47,28.464,29.712,40.699,0,0,3704096,8430868,389400,3722424,61996.649,32223.276,0,8589.145,0,584.262,6122,3736,2.290,2.250,1.680,2,0,121.846,0,0,24,78,0,20,0
31-07 15:00:48,30.034,25.529,42.548,0,0,3749444,8385504,389400,3722440,45885.914,23704.819,0,12.014,0,3.003,5127,3413,2.290,2.250,1.680,5,0,122.138,0,0,24,80,0,20,0
31-07 15:00:49,36.808,29.797,31.549,0,0,3744788,8388928,389400,3723656,59792.488,30623.882,0,4.006,0,1.002,6896,9852,2.350,2.270,1.690,1,0,96.150,0,0,24,78,0,22,0
31-07 15:00:50,18.711,23.201,56.133,0,0,3744216,8389432,389404,3723760,45640.568,22904.109,0,0,0,0,5478,6017,2.350,2.270,1.690,2,0,77.837,0,0,24,78,0,22,0
31-07 15:00:51,28.655,34.136,35.881,0,0,3795264,8338360,389404,3726260,56659.612,28281.965,0,3.987,0,0.997,5916,8189,2.350,2.270,1.690,5,0,142.526,0,0,24,78,0,21,0
31-07 15:00:52,31.284,32.285,33.536,0,0,3834752,8298828,389436,3723676,50166.346,30531.075,0,9998.832,0,1306.415,8050,8330,2.350,2.270,1.690,4,0,119.129,0,0,24,78,0,22,0
31-07 15:00:53,34.554,28.544,36.306,0,0,3885956,8247436,389488,3723812,72994.350,582839.070,0,452.703,0,31.048,5699,3819,2.350,2.270,1.690,3,0,127.198,0,0,24,82,0,22,0
31-07 15:00:54,30.539,29.037,38.299,0,0,3928020,8205320,389492,3723856,60654.064,34480.378,0,32.041,0,3.004,5231,3527,2.480,2.300,1.700,6,0,132.170,0,0,24,82,0,22,0
31-07 15:00:55,33.411,26.430,39.146,0,0,3967808,8165504,389508,3723868,45831.424,23788.896,0,135.640,0,11.968,5177,3476,2.480,2.300,1.700,2,0,123.672,0,0,24,86,0,22,0
31-07 15:00:56,30.292,31.544,35.800,0,0,3964204,8167592,389540,3725360,60312.436,31273.782,0,244.342,0,19.027,7090,7326,2.480,2.300,1.700,5,0,125.175,0,0,24,84,0,25,0
31-07 15:00:57,16.388,26.816,54.129,0,0,3960012,8171628,389600,3725452,49497.489,25598.416,0,496.594,0,35.755,5287,4535,2.480,2.300,1.700,2,0,123.155,0,0,24,88,0,26,0
31-07 15:00:58,10.582,24.692,62.235,0,0,3962504,8169124,389608,3725952,57257.876,29665.006,0,2959.043,0,18.141,5655,6061,2.480,2.300,1.700,6,0,107.840,0,0,24,88,0,26,0
31-07 15:00:59,21.509,31.513,45.518,0,0,3968888,8162608,389624,3725932,60251.322,31244.613,0,208.084,0,12.005,6270,6765,2.440,2.290,1.700,1,0,137.055,0,0,24,90,0,26,0
31-07 15:01:00,22.304,15.861,59.726,0,0,3970972,8160488,389636,3725936,44567.349,22320.353,0,178.436,0,7.930,4142,3371,2.440,2.290,1.700,5,0,26.765,0,0,24,90,0,26,0
31-07 15:01:01,46.988,27.347,24.115,0,0,4062896,8068536,389644,3725956,60546.040,232538.005,0,99.445,0,3.978,5395,3317,2.440,2.290,1.700,6,0,99.445,0,0,24,91,0,26,0
31-07 15:01:02,47.211,8.122,44.673,0,0,4113260,8017448,389680,3726572,54868.703,373426.392,0,731.014,0,32.490,4249,3576,2.440,2.290,1.700,3,0,4.061,0,0,24,93,0,26,0
31-07 15:01:03,12.479,22.213,63.894,0,0,4120716,8009676,389852,3726716,49411.314,26967.418,0,1585.379,0,111.815,5109,4373,2.440,2.290,1.700,2,0,121.799,0,0,24,94,0,26,0
31-07 15:01:04,7.009,22.778,68.333,0,0,4128048,8002344,389852,3726716,45547.529,24910.369,0,8.010,0,2.002,4407,3351,2.330,2.270,1.700,1,0,131.160,0,0,24,94,0,26,0
31-07 15:01:05,6.496,24.235,66.459,0,0,4133256,7997056,389880,3726760,60761.771,33177.672,0,175.892,0,11.993,4662,3620,2.330,2.270,1.700,3,0,129.920,0,0,24,94,0,26,0
31-07 15:01:06,10.005,22.511,65.031,0,0,4138524,7991764,389892,3726772,61339.153,33810.069,0,88.042,0,7.003,4716,3498,2.330,2.270,1.700,1,0,123.058,0,0,24,96,0,26,0
31-07 15:01:07,18.205,27.931,52.121,0.249,0,4212244,7917876,389924,3726908,60425.677,33425.400,0,175.566,0,17.956,5255,3915,2.330,2.270,1.700,4,0,128.682,0,0,24,98,0,26,0
31-07 15:01:08,13.776,24.546,59.111,0,0,4219616,7910448,389948,3726924,46040.618,25007.047,0,188.354,0,16.030,5069,4149,2.330,2.270,1.700,1,0,128.241,0,0,24,98,0,26,0
31-07 15:01:09,7.465,22.644,66.937,0,0,4213332,7916728,389948,3726928,60472.023,33244.434,0,1588.566,0,185.134,5011,3495,2.220,2.250,1.690,3,0,127.404,0,0,24,98,0,26,0
31-07 15:01:10,10.541,22.337,66.259,0,0,4215240,7914800,389956,3726936,72734.826,600083.902,0,48.189,0,4.016,4727,3478,2.220,2.250,1.690,1,0,110.432,0,0,24,98,0,26,0
31-07 15:01:11,21.030,8.262,69.349,0,0,4257280,7872744,389972,3726936,44314.361,23091.016,0,1089.558,0,16.023,2646,2565,2.220,2.250,1.690,1,0,2.003,0,0,24,98,0,26,0
31-07 15:01:12,43.134,12.466,43.383,0,0,4285636,7844280,390044,3726952,31577.057,19028.812,0,8688.627,0,958.422,6617,5871,2.220,2.250,1.690,4,0,0,0,0,24,102,0,26,0
31-07 15:01:13,49.978,9.746,37.483,0,0,4291524,7838272,390132,3726988,15722.952,8225.313,0,555.751,0,56.974,5100,5048,2.220,2.250,1.690,4,0,4.998,0,0,24,110,0,27,0
31-07 15:01:14,33.334,7.576,59.093,0,0,4257760,7872012,390144,3726996,15139.894,8232.595,0,141.419,0,8.081,3636,3342,2.200,2.240,1.700,2,0,11.111,0,0,24,108,0,27,0
31-07 15:01:15,14.606,14.358,68.325,0,0,4273464,7856288,390152,3727008,59638.222,34156.787,0,122.788,0,6.932,3313,2761,2.200,2.240,1.700,1,0,53.472,0,0,24,108,0,27,0
31-07 15:01:16,23.434,5.544,71.815,0,0,4312276,7817460,390168,3727008,30177.263,15427.294,0,294.314,0,15.119,2300,1996,2.200,2.240,1.700,2,0,0,0,0,24,108,0,26,0
31-07 15:01:17,38.972,10.853,47.112,0,0,4313480,7815948,390244,3727236,29195.369,14846.808,0,438.064,0,40.452,5547,6105,2.200,2.240,1.700,2,0,10.853,0,0,24,112,0,27,0
31-07 15:01:18,22.914,7.050,68.741,0,0,4311968,7817324,390284,3727324,14962.967,7348.533,0,265.901,0,22.158,3825,4538,2.200,2.240,1.700,2,0,0,0,0,24,111,0,27,0
31-07 15:01:19,25.288,8.429,62.725,0.248,0,4314012,7814700,390600,3727536,14850.765,7382.243,0,1491.523,0,190.407,4834,6127,2.110,2.220,1.690,4,0,0.992,0,0,24,111,0,27,0
31-07 15:01:20,25.462,9.580,63.782,0.252,0,4314064,7814296,390892,3727588,15386.277,7357.339,0,4263.546,0,258.152,4942,6119,2.110,2.220,1.690,1,0,4.034,0,0,24,114,0,27,0
31-07 15:01:21,33.519,7.254,56.532,0.250,0,4317480,7810516,391064,3727776,479.269,0,0,1156.649,0,109.061,4860,5707,2.110,2.220,1.690,5,0,3.002,0,0,24,116,0,28,0
31-07 15:01:22,23.727,12.238,62.439,0,0,4252060,7875796,391180,3727796,15974.449,7288.904,0,3488.604,0,566.449,5736,5612,2.110,2.220,1.690,1,0,51.949,0,0,24,117,0,28,0
31-07 15:01:23,14.133,15.648,69.405,0,0,4277928,7849864,391228,3727796,30406.019,17093.354,0,419.964,0,28.267,3578,3111,2.110,2.220,1.690,2,0,62.591,0,0,24,117,0,28,0
31-07 15:01:24,31.946,9.906,55.967,0,0,4368312,7759396,391296,3727800,43731.700,22000.567,0,1580.950,0,75.283,3165,2330,2.020,2.200,1.690,2,0,2.972,0,0,24,117,0,26,0
31-07 15:01:25,37.928,7.685,53.546,0,0,4391460,7736212,391316,3727820,16626.065,8576.301,0,122.958,0,11.899,3819,3180,2.020,2.200,1.690,2,0,2.975,0,0,24,119,0,26,0
31-07 15:01:26,23.206,6.810,68.357,0,0,4391396,7736212,391368,3727832,29917.725,15182.852,0,262.330,0,33.296,3939,4508,2.020,2.200,1.690,1,0,2.018,0,0,24,120,0,26,0
31-07 15:01:27,21.947,6.484,69.582,0,0,4391580,7735960,391428,3727836,14938.922,7344.263,0,299.277,0,31.923,3013,3434,2.020,2.200,1.690,2,0,0.998,0,0,24,120,0,26,0
31-07 15:01:28,25.830,10.532,62.442,0,0,4391916,7735512,391524,3727844,23532.542,449126.487,0,525.620,0,53.164,4200,4601,2.020,2.200,1.690,3,0,5.015,0,0,24,123,0,26,0
31-07 15:01:29,26.623,11.196,59.715,0,0,4399588,7727700,391612,3727884,718.565,147.296,0,760.365,0,62.700,4161,4641,1.940,2.180,1.680,2,0,7.962,0,0,24,123,0,27,0
31-07 15:01:30,34.681,21.208,43.165,0,0,4411628,7715588,391656,3727892,17712.938,138673.504,0,818.380,0,35.929,4745,3444,1.940,2.180,1.680,3,0,91.818,0,0,24,122,0,27,0
31-07 15:01:31,39.597,14.214,47.466,0,0,4441876,7685324,391672,3727892,30579.993,16545.422,0,280.224,0,12.184,3535,2465,1.940,2.180,1.680,4,0,5.077,0,0,24,122,0,27,0
31-07 15:01:32,43.980,8.895,44.474,0,0,4474980,7652048,391836,3727896,29450.725,14486.685,0,1616.879,0,92.901,4109,3502,1.940,2.180,1.680,5,0,1.977,0,0,24,123,0,27,0
31-07 15:01:33,26.348,7.528,65.494,0,0,4472424,7654596,391836,3727904,29822.191,14779.103,0,0,0,0,3180,3096,1.940,2.180,1.680,2,0,0,0,0,24,124,0,27,0
31-07 15:01:34,20.941,11.218,65.815,0,0,4430748,7696256,391836,3727920,15618.018,7584.641,0,83.764,0,4.986,3534,3061,1.860,2.160,1.680,2,0,51.854,0,0,24,124,0,27,0
31-07 15:01:35,19.940,8.973,70.290,0,0,4450772,7676224,391844,3727920,51910.684,28167.723,0,139.582,0,11.964,2506,2314,1.860,2.160,1.680,3,0,6.979,0,0,24,124,0,27,0
31-07 15:01:36,25.742,7.066,66.878,0,0,4486880,7639972,391848,3728060,39379.840,21517.080,0,189.782,0,7.066,3086,2895,1.860,2.160,1.680,4,0,0,0,0,24,125,0,27,0
31-07 15:01:37,23.120,5.221,69.607,0,0,4482756,7644092,391848,3728064,15290.757,7416.171,0,3.978,0,0.994,3256,3445,1.860,2.160,1.680,2,0,0.994,0,0,24,126,0,28,0
31-07 15:01:38,18.513,11.258,69.047,0,0,4444532,7682284,391848,3728080,14986.259,7625.220,0,0,0,0,3163,2574,1.860,2.160,1.680,2,0,51.035,0,0,24,124,0,28,0
31-07 15:01:39,21.030,7.761,70.350,0,0,4475164,7651632,391860,3728084,44924.901,26483.670,0,160.228,0,12.017,2546,2359,1.790,2.140,1.680,1,0,2.003,0,0,24,124,0,28,0
31-07 15:01:40,23.968,4.494,70.405,0,0,4505472,7621320,391860,3728088,29910.724,14704.200,0,7.989,0,1.997,2571,2433,1.790,2.140,1.680,1,0,0,0,0,24,125,0,28,0
31-07 15:01:41,22.970,5.992,69.909,0,0,4498704,7628052,391892,3728092,29764.194,14573.000,0,123.839,0,12.983,3091,3249,1.790,2.140,1.680,2,0,0,0,0,24,126,0,28,0
31-07 15:01:42,22.048,9.020,66.646,0.251,0,4494252,7632284,392068,3728128,15161.287,7540.555,0,665.461,0,74.163,4154,5034,1.790,2.140,1.680,1,0,2.004,0,0,24,125,0,28,0
31-07 15:01:43,15.998,15.498,66.242,0.500,0,4445188,7681176,392204,3728144,30949.117,16685.906,0,2967.628,0,499.937,4470,3583,1.790,2.140,1.680,1,0,81.990,0,0,24,124,0,29,0
31-07 15:01:44,21.443,7.979,69.316,0,0,4483496,7642844,392228,3728144,59135.142,30074.227,0,650.275,0,79.788,2718,2314,1.730,2.120,1.670,2,0,0,0,0,24,124,0,13,0
31-07 15:01:45,25.035,7.260,66.592,0,0,4512844,7613392,392324,3728148,38019.597,455263.819,0,1245.723,0,62.086,3551,3449,1.730,2.120,1.670,5,0,4.006,0,0,24,126,0,13,0
31-07 15:01:46,22.786,6.761,69.360,0.250,0,4507532,7618636,392380,3728160,17998.648,137623.050,0,188.300,0,22.035,3474,3764,1.730,2.120,1.670,4,0,0,0,0,24,126,0,13,0
31-07 15:01:47,19.742,12.495,65.723,0,0,4417728,7708416,392380,3728180,16598.241,8645.480,0,35.985,0,1.999,3404,2786,1.730,2.120,1.670,3,0,55.977,0,0,24,126,0,13,0
31-07 15:01:48,22.231,6.495,70.191,0,0,4459100,7667044,392380,3728180,45438.932,26773.570,0,23.980,0,2.997,2405,2036,1.730,2.120,1.670,2,0,1.998,0,0,24,126,0,13,0
31-07 15:01:49,25.559,8.437,64.269,0,0,4483936,7642192,392388,3728188,29549.810,15204.191,0,309.682,0,3.970,3393,3230,1.670,2.100,1.670,3,0,7.941,0,0,24,126,0,13,0
31-07 15:01:50,23.170,6.044,69.510,0,0,4484156,7641968,392388,3728192,30276.132,14863.048,0,0,0,0,3141,3167,1.670,2.100,1.670,1,0,0,0,0,24,128,0,13,0
31-07 15:01:51,25.863,9.450,61.674,0.249,0,4483828,7641728,392860,3728272,15296.086,7257.608,0,4882.174,0,384.964,6321,7960,1.670,2.100,1.670,5,0,1.989,0,0,24,127,0,13,0
31-07 15:01:52,37.185,18.592,42.210,0,0,4483188,7641980,393052,3728464,14930.145,7398.743,0,1700.445,0,152.759,6962,17570,1.670,2.100,1.670,3,0,36.180,0,0,24,126,0,14,0
31-07 15:01:53,16.988,12.491,68.453,0,0,4445108,7680036,393068,3728468,30506.083,16302.822,0,495.660,0,22.984,3387,2892,1.670,2.100,1.670,2,0,52.964,0,0,24,126,0,11,0
31-07 15:01:54,26.592,9.533,63.469,0,0,4474436,7650676,393100,3728468,44420.938,22686.106,0,453.562,0,23.079,2859,2314,1.620,2.080,1.670,1,0,2.007,0,0,24,126,0,11,0
31-07 15:01:55,24.181,5.541,70.276,0,0,4483240,7641760,393208,3728472,29934.963,14701.995,0,2768.715,0,139.040,2961,2784,1.620,2.080,1.670,5,0,0,0,0,24,127,0,11,0
31-07 15:01:56,23.505,5.938,68.287,0,0,4483200,7641760,393236,3728480,14940.001,7380.931,0,304.817,0,30.680,3374,3806,1.620,2.080,1.670,1,0,0,0,0,24,128,0,11,0
31-07 15:01:57,23.707,6.488,68.377,0.250,0,4483396,7641508,393280,3728488,15008.065,7672.231,0,335.398,0,22.959,3622,3748,1.620,2.080,1.670,1,0,2.995,0,0,24,127,0,7,0
31-07 15:01:58,30.345,11.034,57.429,0,0,4483656,7641004,393472,3728536,17121.427,9414.377,0,979.055,0,106.332,5150,6327,1.620,2.080,1.670,1,0,0,0,0,24,127,0,7,0
31-07 15:01:59,21.558,9.416,66.162,0,0,4484096,7640500,393532,3728536,14902.480,7604.378,0,2612.766,0,446.034,3933,3919,1.570,2.070,1.660,2,0,0.991,0,0,24,127,0,7,0
31-07 15:02:00,30.728,11.334,57.678,0,0,4485412,7639016,393644,3728556,15027.470,7513.735,0,689.112,0,64.478,4674,5245,1.570,2.070,1.660,4,0,2.015,0,0,24,127,0,7,0
31-07 15:02:01,41.724,14.741,40.974,0,0,4425808,7698492,393720,3728600,580.635,0,0,835.475,0,71.955,6060,6124,1.570,2.070,1.660,5,0,65.959,0,0,24,126,0,7,0
31-07 15:02:02,27.198,10.231,60.884,0,0,4450212,7674048,393744,3728616,47940.810,24124.112,0,554.944,0,43.916,3544,3522,1.570,2.070,1.660,4,0,10.979,0,0,24,126,0,7,0
31-07 15:02:03,23.104,5.525,70.569,0,0,4491744,7632496,393760,3728620,41090.689,20366.034,0,285.289,0,15.068,2741,2472,1.570,2.070,1.660,4,0,2.009,0,0,24,127,0,7,0
31-07 15:02:04,23.996,5.249,69.238,0,0,4491676,7632496,393820,3728624,24295.800,439643.995,0,1423.754,0,73.987,2955,2847,1.680,2.080,1.670,3,0,1.000,0,0,24,126,0,7,0
31-07 15:02:05,24.962,6.989,66.398,0,0,4491520,7632496,393896,3728700,17201.673,139442.583,0,770.820,0,93.856,4721,5789,1.680,2.080,1.670,1,0,0.998,0,0,24,127,0,7,0
31-07 15:02:06,18.008,13.006,67.029,0,0,4449036,7674920,393948,3728708,15414.600,7593.251,0,608.260,0,53.023,3883,3575,1.680,2.080,1.670,1,0,66.028,0,0,24,126,0,7,0
31-07 15:02:07,13.517,17.772,67.082,0,0,4459732,7664208,393956,3728716,45198.565,26106.094,0,336.414,0,16.020,3784,3009,1.680,2.080,1.670,1,0,84.103,0,0,24,126,0,7,0
31-07 15:02:08,23.622,5.968,69.124,0.249,0,4496132,7627692,394052,3728716,29372.220,14709.980,0,2088.638,0,109.405,2632,2379,1.680,2.080,1.670,3,0,0,0,0,24,126,0,7,0
31-07 15:02:09,26.164,8.805,63.399,0.252,0,4508052,7615392,394276,3728868,31460.762,16261.218,0,5092.008,0,242.525,4227,4283,1.630,2.060,1.660,1,0,2.013,0,0,24,126,0,8,0
31-07 15:02:10,23.685,5.734,69.060,0,0,4504752,7618652,394304,3728880,15315.936,7437.573,0,151.584,0,18.948,3557,3817,1.630,2.060,1.660,2,0,0,0,0,24,127,0,8,0
31-07 15:02:11,24.540,5.759,67.611,0.250,0,4502304,7621052,394328,3728884,29879.966,14615.952,0,248.407,0,28.046,3921,4178,1.630,2.060,1.660,3,0,0,0,0,24,127,0,8,0
31-07 15:02:12,22.874,9.552,66.109,0,0,4499696,7623504,394448,3728916,886.819,0,0,715.890,0,77.421,4177,5175,1.630,2.060,1.660,2,0,2.011,0,0,24,127,0,8,0
31-07 15:02:13,26.564,5.213,65.789,0.248,0,4497788,7625280,394572,3728920,15728.762,7376.302,0,619.657,0,63.555,4529,5530,1.630,2.060,1.660,1,0,0,0,0,24,127,0,8,0
31-07 15:02:14,19.701,9.476,68.828,0,0,4497668,7625312,394592,3728924,15076.287,7764.577,0,371.072,0,17.955,3430,3729,1.580,2.050,1.660,1,0,0,0,0,24,127,0,8,0
31-07 15:02:15,41.822,17.888,38.043,0,0,4498472,7624320,394668,3729012,31725.243,19355.008,0,3047.461,0,487.755,8262,9303,1.580,2.050,1.660,5,0,5.039,0,0,24,126,0,8,0
31-07 15:02:16,37.181,17.467,42.671,0,0,4419944,7702720,394768,3729036,419.219,0,0,978.178,0,91.829,6228,5989,1.580,2.050,1.660,2,0,85.840,0,0,24,126,0,8,0
31-07 15:02:17,31.588,24.873,40.542,0,0,4423240,7699280,394876,3729072,15814.974,11369.748,0,1150.108,0,112.424,7067,7056,1.580,2.050,1.660,4,0,139.286,0,0,24,126,0,7,0
31-07 15:02:18,19.019,17.517,62.311,0,0,4448840,7673640,394896,3729072,60021.072,32389.878,0,492.485,0,25.025,3603,3155,1.580,2.050,1.660,3,0,63.062,0,0,24,126,0,7,0
31-07 15:02:19,23.574,6.019,69.971,0,0,4491904,7630548,394916,3729076,30024.834,15428.732,0,533.686,0,29.092,2561,2219,1.530,2.030,1.660,5,0,0,0,0,24,126,0,7,0
31-07 15:02:20,25.475,7.243,65.436,0,0,4503776,7618452,394992,3729220,31233.366,16414.900,0,1882.154,0,98.903,3512,3516,1.530,2.030,1.660,2,0,0,0,0,24,126,0,7,0
31-07 15:02:21,23.486,6.246,68.710,0,0,4503768,7618452,394992,3729228,15026.264,7615.573,0,99.942,0,4.997,3365,3389,1.530,2.030,1.660,1,0,3.998,0,0,24,128,0,6,0
31-07 15:02:22,18.522,11.514,68.581,0,0,4465536,7656684,394992,3729228,14873.527,7536.881,0,12.014,0,3.004,3477,2839,1.530,2.030,1.660,3,0,56.066,0,0,24,126,0,6,0
31-07 15:02:23,8.733,22.955,65.622,0,0,4465736,7656472,394996,3729236,46052.912,462954.372,0,91.820,0,3.992,4897,3544,1.530,2.030,1.660,1,0,121.762,0,0,24,126,0,6,0
31-07 15:02:24,14.677,27.114,56.467,0,0,4497436,7624760,394996,3729248,64342.787,135581.043,0,7.960,0,1.990,4927,3364,1.490,2.010,1.650,7,0,131.342,0,0,24,126,0,6,0
31-07 15:02:25,12.314,25.884,59.810,0,0,4506428,7615760,394996,3729256,46041.670,24758.342,0,8.042,0,2.010,4620,3320,1.490,2.010,1.650,1,0,121.631,0,0,24,126,0,6,0
31-07 15:02:26,8.558,24.920,64.691,0.252,0,4497304,7624812,395040,3729280,60989.403,30940.739,0,809.514,0,53.363,5046,4189,1.490,2.010,1.650,3,0,116.796,0,0,24,126,0,6,0
31-07 15:02:27,9.660,23.035,64.152,0.248,0,4492268,7629836,395048,3729684,60467.803,30638.632,0,162.487,0,10.898,4507,3387,1.490,2.010,1.650,5,0,101.059,0,0,24,126,0,6,0
31-07 15:02:28,24.012,21.261,53.027,0,0,4467492,7654580,395056,3729676,44622.491,22983.584,0,244.123,0,21.011,6017,7260,1.490,2.010,1.650,3,0,78.039,0,0,24,126,0,6,0
31-07 15:02:29,19.279,27.792,52.078,0,0,4435052,7686912,395064,3729288,47021.285,24941.281,0,148.222,0,8.012,5192,5360,2.010,2.110,1.690,6,0,88.132,0,0,24,126,0,5,0
31-07 15:02:30,28.253,26.253,43.255,0,0,4489440,7632484,395092,3729304,60583.279,33257.996,0,3188.383,0,543.065,6029,3454,2.010,2.110,1.690,6,0,115.014,0,0,24,126,0,5,0
31-07 15:02:31,30.434,27.191,40.412,0,0,4529988,7591920,395092,3729320,57571.736,30901.764,0,43.904,0,3.991,5279,3539,2.010,2.110,1.690,4,0,121.735,0,0,24,126,0,5,0
31-07 15:02:32,31.130,26.611,40.920,0,0,4537596,7583972,395112,3729596,64715.461,598030.067,0,224.937,0,8.033,5713,4439,2.010,2.110,1.690,3,0,122.510,0,0,24,129,0,5,0
31-07 15:02:33,24.130,25.623,48.509,0,0,4545260,7576244,395128,3729608,61003.200,31589.201,0,139.309,0,8.956,5220,4149,2.010,2.110,1.690,4,0,120.402,0,0,24,132,0,5,0
31-07 15:02:34,20.713,28.450,48.913,0,0,4545216,7575068,395128,3730804,45852.759,24191.139,0,15.972,0,3.993,5918,6599,1.930,2.090,1.680,5,0,105.813,0,0,24,132,0,5,0
31-07 15:02:35,27.852,31.364,38.641,0,0,4571028,7547488,395180,3732516,60862.898,32064.904,0,1128.113,0,49.179,6506,8434,1.930,2.090,1.680,3,0,139.509,0,0,24,138,0,5,0
31-07 15:02:36,18.388,26.339,53.175,0,0,4586056,7532424,395196,3733024,44919.809,23035.392,0,266.374,0,16.897,5806,6707,1.930,2.090,1.680,4,0,116.290,0,0,24,138,0,5,0
31-07 15:02:37,22.705,21.191,54.996,0,0,4575832,7542596,395216,3733028,60012.413,30398.243,0,145.311,0,12.109,5805,6616,1.930,2.090,1.680,1,0,80.728,0,0,24,138,0,5,0
31-07 15:02:38,29.216,22.283,47.291,0,0,4613248,7505140,395216,3733004,44650.174,23303.580,0,39.615,0,3.962,4727,3198,1.930,2.090,1.680,4,0,52.490,0,0,26,138,0,4,0
31-07 15:02:39,48.440,30.871,19.828,0,0,4688328,7430060,395216,3733004,46202.581,27222.989,0,0,0,0,5491,3367,2.090,2.120,1.700,5,0,126.497,0,0,26,138,0,4,0
31-07 15:02:40,47.588,31.558,19.536,0,0,4745760,7372600,395236,3733012,60952.709,33235.456,0,320.593,0,23.043,5722,3974,2.090,2.120,1.700,7,0,142.263,0,0,26,138,0,4,0
31-07 15:02:41,56.990,26.225,16.391,0,0,4788184,7330104,395284,3733036,76192.076,583109.394,0,351.018,0,31.269,6239,4649,2.090,2.120,1.700,3,0,125.075,0,0,26,146,0,4,0
31-07 15:02:42,46.506,28.544,21.654,0,0,4804512,7312636,395308,3734152,45925.636,26024.855,0,539.375,0,28.544,6714,8114,2.090,2.120,1.700,3,0,135.828,0,0,26,154,0,4,0
31-07 15:02:43,25.614,28.628,44.448,0,0,4812064,7304376,395348,3734792,60743.672,32446.581,0,510.274,0,36.161,6228,6501,2.090,2.120,1.700,2,0,123.551,0,0,26,160,0,5,0
31-07 15:02:44,9.114,24.810,65.570,0,0,4815560,7300852,395368,3734800,61756.451,32751.658,0,255.192,0,16.203,4719,3675,2.010,2.110,1.690,1,0,115.444,0,0,26,160,0,5,0
31-07 15:02:45,17.883,26.576,52.159,0,0,4827844,7288372,395412,3735436,45625.050,23868.132,0,13380.619,0,1343.228,8157,6824,2.010,2.110,1.690,3,0,102.332,0,0,26,160,0,5,0
31-07 15:02:46,19.269,23.272,56.805,0.250,0,4810068,7306088,395412,3735440,44797.096,23098.221,0,1309.260,0,261.251,5523,5973,2.010,2.110,1.690,3,0,80.077,0,0,26,160,0,4,0
31-07 15:02:47,24.456,24.209,48.418,0,0,4839480,7276548,395540,3734952,59825.597,33054.519,0,3035.498,0,145.253,5658,4234,2.010,2.110,1.690,4,0,93.871,0,0,26,160,0,4,0
31-07 15:02:48,32.770,28.960,39.121,0,0,4879652,7236328,395548,3734976,53410.023,29984.075,0,48.774,0,3.048,8870,3630,2.010,2.110,1.690,2,0,149.372,0,0,26,160,0,4,0
31-07 15:02:49,28.384,27.388,41.829,0,0,4919532,7196432,395552,3734984,62451.437,455547.110,0,171.302,0,2.988,5415,3709,2.010,2.100,1.690,2,0,125.488,0,0,26,160,0,4,0
31-07 15:02:50,21.154,26.380,49.773,0,0,4927084,7188788,395592,3735036,64434.564,156236.496,0,226.966,0,22.896,5328,3823,2.010,2.100,1.690,5,0,151.311,0,0,27,164,0,4,0
31-07 15:02:51,11.516,24.784,62.085,0,0,4928768,7187092,395596,3735040,60958.628,33027.310,0,108.148,0,7.010,4833,3504,2.010,2.100,1.690,4,0,134.184,0,0,27,166,0,4,0
31-07 15:02:52,29.522,27.815,38.794,0,0,4948280,7167512,395648,3735660,44339.284,25360.993,0,476.263,0,40.990,5351,5853,2.010,2.100,1.690,12,0,157.128,0,0,27,180,0,4,0
31-07 15:02:53,22.036,29.723,46.891,0,0,4943160,7172604,395656,3735076,63092.079,33461.135,0,73.796,0,11.274,5382,13610,2.010,2.100,1.690,2,0,109.668,0,0,27,180,0,5,0
31-07 15:02:54,9.244,24.485,64.709,0,0,4946648,7169112,395656,3735080,60774.910,31910.001,0,11.992,0,2.998,4626,3392,2.010,2.100,1.700,1,0,112.929,0,0,27,180,0,4,0
31-07 15:02:55,17.066,28.610,53.205,0,0,4996952,7118784,395668,3735572,45257.645,23366.168,0,513.983,0,29.112,6197,6865,2.010,2.100,1.700,1,0,137.531,0,0,27,180,0,4,0
31-07 15:02:56,19.560,23.572,55.671,0,0,4984244,7131452,395680,3735596,44753.207,23076.750,0,152.467,0,14.043,5597,6128,2.010,2.100,1.700,7,0,80.246,0,0,27,180,0,4,0
31-07 15:02:57,18.947,23.185,56.093,0,0,4970332,7145160,395700,3735232,44550.011,22504.860,0,251.295,0,12.964,4583,3705,2.010,2.100,1.700,5,0,56.841,0,0,27,180,0,4,0
31-07 15:02:58,28.641,27.396,42.339,0,0,5004880,7110576,395724,3735244,70238.236,587143.673,0,259.013,0,22.913,5720,4096,2.010,2.100,1.700,4,0,122.533,0,0,27,180,0,4,0
31-07 15:02:59,28.611,26.854,42.917,0,0,5042852,7072588,395728,3735256,61540.092,35281.072,0,224.874,0,15.059,5209,3463,2,2.100,1.700,6,0,117.456,0,0,27,180,0,4,0
31-07 15:03:00,28.962,26.487,42.081,0,0,5062016,7053124,395740,3735544,45498.407,25638.958,0,39.606,0,3.961,5429,4207,2,2.100,1.700,4,0,128.720,0,0,27,180,0,4,0
31-07 15:03:01,28.748,25.974,43.626,0,0,5072032,7043092,395740,3735560,60817.201,31570.112,0,1835.823,0,8.070,5193,3810,2,2.100,1.700,3,0,122.052,0,0,27,186,0,4,0
31-07 15:03:02,16.657,26.210,54.135,0,0,5070300,7043840,395740,3736524,55602.383,26658.730,0,11.758,0,2.939,6156,6352,2,2.100,1.700,9,0,110.719,0,0,27,186,0,4,0
31-07 15:03:03,35.484,28.028,35.999,0,0,5108868,7003428,395776,3738752,50559.725,28235.360,0,798.144,0,39.084,6154,9750,2,2.100,1.700,1,0,126.510,0,0,27,192,0,4,0
31-07 15:03:04,22.096,22.096,53.625,0,0,5111560,7000688,395780,3738768,45892.444,23955.671,0,158.890,0,6.951,5615,6182,2,2.100,1.700,2,0,81.431,0,0,27,192,0,4,0
31-07 15:03:05,23.709,26.454,47.668,0,0,5135084,6977036,395812,3738320,45005.339,24290.085,0,259.552,0,19.966,5706,4006,2,2.100,1.700,3,0,84.854,0,0,27,192,0,4,0
31-07 15:03:06,27.195,29.939,41.416,0,0,5179544,6932564,395812,3738332,49717.774,29994.930,0,778.415,0,109.776,5309,3348,2,2.100,1.700,4,0,143.707,0,0,27,192,0,4,0
31-07 15:03:07,29.260,28.268,40.914,0,0,5205988,6906104,395820,3738340,66334.983,578553.251,0,325.332,0,14.878,5762,4252,2,2.100,1.700,4,0,138.861,0,0,27,193,0,4,0
31-07 15:03:08,35.080,33.350,28.904,0,0,5218304,6891608,395832,3740476,59924.119,31795.100,0,529.655,0,42.491,7331,8675,2,2.100,1.700,5,0,134.390,0,0,27,194,0,4,0
31-07 15:03:09,16.878,30.432,50.891,0,0,5267472,6841820,395864,3741024,62360.286,33738.508,0,355.982,0,31.711,5685,6070,2.240,2.150,1.720,1,0,172.876,0,0,27,198,0,4,0
31-07 15:03:10,7.753,25.510,64.024,0,0,5268716,6840560,395872,3741028,45989.145,23802.874,0,164.061,0,10.004,4771,3506,2.240,2.150,1.720,2,0,149.056,0,0,27,198,0,3,0
31-07 15:03:11,17.031,26.297,54.598,0,0,5272188,6837036,395916,3741036,61165.321,32109.915,0,460.831,0,33.060,5200,4111,2.240,2.150,1.720,2,0,145.262,0,0,27,204,0,3,0
31-07 15:03:12,8.828,23.205,66.839,0,0,5271056,6838152,395928,3741040,61175.143,33027.071,0,310.739,0,15.133,4706,3540,2.240,2.150,1.720,2,0,137.209,0,0,27,204,0,3,0
31-07 15:03:13,9.223,22.434,66.304,0,0,5273208,6835420,395944,3741604,60641.951,34663.654,0,103.694,0,13.959,4847,3939,2.240,2.150,1.720,1,0,129.617,0,0,27,204,0,4,0
31-07 15:03:14,9.892,23.988,62.815,0,0,5274640,6833932,395972,3741612,44863.683,23741.062,0,423.382,0,30.666,4881,3883,2.140,2.130,1.710,3,0,117.716,0,0,27,204,0,4,0
31-07 15:03:15,12.907,25.561,59.726,0,0,5272096,6836304,395992,3741760,75540.239,597530.356,0,303.692,0,21.258,5667,4546,2.140,2.130,1.710,4,0,122.489,0,0,27,204,0,3,0
31-07 15:03:16,10.623,21.740,64.232,0,0,5267844,6840540,396000,3742272,59719.497,30993.188,0,2170.037,0,16.799,5002,4574,2.140,2.130,1.710,2,0,102.770,0,0,27,204,0,3,0
31-07 15:03:17,22.089,25.603,51.207,0,0,5276860,6831496,396020,3742272,45574.941,22757.851,0,16815.869,0,1903.683,9419,8043,2.140,2.130,1.710,7,0,90.365,0,0,27,204,0,3,0
31-07 15:03:18,27.513,22.465,49.474,0.252,0,5291652,6816628,396060,3741780,44865.411,22769.933,0,310.976,0,30.290,5000,4208,2.140,2.130,1.710,2,0,91.879,0,0,27,210,0,3,0
31-07 15:03:19,28.883,24.967,43.080,0,0,5340516,6767748,396068,3741788,59484.924,32496.167,0,70.495,0,2.937,4874,3224,2.210,2.140,1.720,4,0,98.889,0,0,27,210,0,3,0
31-07 15:03:20,44.053,10.012,45.054,0,0,5412336,6695928,396068,3741788,44489.571,23302.059,0,4.005,0,1.001,3544,2297,2.210,2.140,1.720,4,0,0,0,0,27,210,0,3,0
31-07 15:03:21,44.740,13.573,40.467,0,0,5475264,6632184,396072,3742584,44674.241,23085.629,0,96.517,0,8.043,4579,4681,2.210,2.140,1.720,3,0,7.038,0,0,27,210,0,3,0
31-07 15:03:22,44.034,11.759,44.284,0,0,5547508,6559256,396084,3743236,29374.788,14801.482,0,136.106,0,9.007,4175,3443,2.210,2.140,1.720,4,0,5.004,0,0,27,214,0,3,0
31-07 15:03:23,41.342,12.352,45.124,0.252,0,5577104,6529576,396100,3743312,15160.510,7356.906,0,145.202,0,4.033,4356,3576,2.210,2.140,1.720,3,0,39.326,0,0,27,216,0,4,0
31-07 15:03:24,21.585,32.132,42.189,0.245,0,5524724,6581752,396128,3743472,44116.195,24299.032,82.416,796.690,5.887,17.661,5258,4197,2.200,2.140,1.720,5,1,113.813,0,0,27,214,0,4,0
31-07 15:03:25,40.710,54.280,3.267,1.256,0,5564148,6537020,396600,3747912,74411.199,593100.315,2541.086,474.443,155.802,34.176,9947,12216,2.200,2.140,1.720,5,0,154.797,0,0,27,214,0,4,0
31-07 15:03:26,41.996,34.789,20.128,0.497,0,5555704,6543924,396648,3749312,46719.269,26438.999,19.880,548.680,1.988,51.687,9158,11402,2.200,2.140,1.720,6,0,131.206,0,0,27,215,0,4,0
31-07 15:03:27,46.870,31.162,21.788,0,0,5574828,6524604,396684,3749464,61222.405,33466.451,0,385.091,0,28.375,6461,5854,2.200,2.140,1.720,6,0,122.621,0,0,27,218,0,4,0
31-07 15:03:28,46.665,30.455,19.894,0,0,5575372,6523584,397048,3749564,59169.036,30700.544,0,3096.580,0,269.182,7930,8305,2.200,2.140,1.720,8,0,117.890,0,0,27,220,0,4,0
31-07 15:03:29,31.028,32.045,35.097,0,0,5510612,6588268,397092,3749600,46522.493,24808.063,0,549.346,0,36.623,5992,5871,2.340,2.170,1.740,4,0,133.267,0,0,27,220,0,4,0
31-07 15:03:30,27.781,29.533,41.796,0,0,5552336,6546516,397108,3749608,60300.642,31510.825,0,340.376,0,16.018,5187,3691,2.340,2.170,1.740,3,0,120.133,0,0,27,220,0,4,0
31-07 15:03:31,32.365,32.867,32.867,0,0,5565764,6532968,397204,3750120,45692.720,24204.195,0,3323.837,0,111.397,6554,7325,2.340,2.170,1.740,3,0,135.482,0,0,27,220,0,4,0
31-07 15:03:32,37.596,27.387,33.612,0,0,5565480,6533160,397240,3750100,56971.885,28921.154,0,227.067,0,17.926,6805,7514,2.340,2.170,1.740,3,0,84.652,0,0,27,221,0,4,0
31-07 15:03:33,44.906,24.948,28.939,0,0,5574996,6523424,397268,3750224,54428.900,380155.075,0,251.473,0,18.960,5495,3987,2.340,2.170,1.740,5,0,89.812,0,0,27,220,0,4,0
31-07 15:03:34,64.647,18.221,15.725,0.499,0,5661932,6436260,397460,3750256,51041.528,218824.714,7.987,12831.518,0.998,1168.135,6879,4118,2.470,2.200,1.750,5,0,51.917,0,0,27,221,0,4,0
31-07 15:03:35,61.520,14.765,21.901,0.738,0,5713092,6384348,397480,3750988,29245.105,14841.564,716.584,346.480,6.890,14.765,5165,3813,2.470,2.200,1.750,4,0,3.937,0,0,27,227,0,4,0
31-07 15:03:36,62.851,15.713,20.274,0,0,5748728,6347636,397580,3751764,30521.181,15516.049,0,1390.828,0,71.974,5761,4862,2.470,2.200,1.750,5,0,2.027,0,0,27,227,0,4,0
31-07 15:03:37,63.358,15.650,21.204,0,0,5746128,6348976,397632,3752828,16973.963,9029.692,0,1369.145,0,73.708,6232,6233,2.470,2.200,1.750,2,0,40.388,0,0,27,224,0,10,0
31-07 15:03:38,27.194,26.691,44.568,0,0,5773760,6321296,397636,3752836,34194.068,20161.910,0,217.553,0,11.079,5168,3418,2.470,2.200,1.750,3,0,131.942,0,0,27,224,0,10,0
31-07 15:03:39,26.919,27.659,42.971,0,0,5796528,6298496,397652,3752848,56825.286,31928.846,0,225.227,0,17.781,5574,4286,2.440,2.200,1.750,5,0,128.419,0,0,27,224,0,10,0
31-07 15:03:40,28.060,28.812,41.339,0,0,5794020,6300968,397672,3752864,60363.847,31852.517,0,332.716,0,20.043,6002,5170,2.440,2.200,1.750,3,0,112.241,0,0,27,225,0,11,0
31-07 15:03:41,26.418,29.658,41.870,0,0,5800756,6294044,397724,3753000,61342.860,31426.079,0,426.671,0,39.876,5638,4426,2.440,2.200,1.750,4,0,120.624,0,0,27,224,0,11,0
31-07 15:03:42,31.013,27.787,38.456,0,0,5839460,6255336,397724,3753512,44938.161,23660.961,0,579.566,0,12.901,5958,6368,2.440,2.200,1.750,7,0,130.005,0,0,27,224,0,11,0
31-07 15:03:43,41.011,24.050,34.935,0,0,5820472,6274228,397748,3753520,45775.524,23164.714,0,336.190,0,21.265,6351,7190,2.440,2.200,1.750,5,0,64.808,0,0,27,224,0,11,0
31-07 15:03:44,40.809,28.865,29.113,0,0,5823272,6271320,397780,3753028,60225.573,597149.679,0,342.394,0,26.874,7085,6098,2.400,2.190,1.750,7,0,72.659,0,0,27,228,0,11,0
31-07 15:03:45,46.636,31.429,22.051,0,0,5784740,6309800,397808,3753048,62091.312,34569.746,0,442.032,0,35.484,5962,4376,2.400,2.190,1.750,4,0,127.743,0,0,27,226,0,12,0
31-07 15:03:46,46.369,29.441,21.835,0,0,5856328,6238176,397820,3753056,59446.757,33715.544,0,153.092,0,8.832,5679,3532,2.400,2.190,1.750,7,0,117.763,0,0,27,226,0,12,0
31-07 15:03:47,51.148,31.591,16.297,0,0,5882716,6211280,397924,3753372,47137.451,23830.985,0,2651.676,0,213.618,6435,5119,2.400,2.190,1.750,5,0,120.348,0,0,27,230,0,14,0
31-07 15:03:48,40.342,31.128,26.148,0,0,5882028,6210980,397956,3754300,61909.334,33039.495,0,9395.174,0,1206.272,10096,8979,2.400,2.190,1.750,6,0,119.531,0,0,27,235,0,14,0
31-07 15:03:49,26.787,31.043,40.556,0,0,5860980,6231864,397984,3754436,61573.696,32018.562,0,380.530,0,30.042,5380,4170,2.370,2.190,1.750,3,0,131.183,0,0,27,234,0,14,0
31-07 15:03:50,38.791,24.937,35.769,0,0,5908476,6184344,397984,3754436,45013.976,22803.212,0,463.480,0,8.061,5402,6516,2.370,2.190,1.750,3,0,94.711,0,0,27,234,0,14,0
31-07 15:03:51,38.030,27.772,32.025,0,0,5917520,6175260,397992,3754952,45691.722,24635.260,0,184.144,0,9.007,6473,7139,2.370,2.190,1.750,2,0,89.070,0,0,27,234,0,14,0
31-07 15:03:52,40.384,30.911,27.670,0,0,5931616,6161128,398000,3754472,61329.730,33794.869,0,666.086,0,10.968,6787,5389,2.370,2.190,1.750,4,0,87.748,0,0,27,236,0,14,0
31-07 15:03:53,55.627,34.735,9.816,0,0,5959624,6133100,398004,3757304,55291.257,573161.628,0,128.872,0,7.048,5915,9843,2.370,2.190,1.750,4,0,173.172,0,0,27,234,0,14,0
31-07 15:03:54,48.759,31.186,17.820,0,0,5994544,6097980,398020,3754668,59903.557,33096.599,0,332.649,0,20.791,5861,9379,2.500,2.220,1.770,4,0,122.763,0,0,27,236,0,16,0
31-07 15:03:55,41.529,33.273,24.267,0,0,6031716,6059428,398060,3755976,46292.419,23854.706,0,600.420,0,35.025,6581,7698,2.500,2.220,1.770,7,0,132.093,0,0,27,240,0,17,0
31-07 15:03:56,35.484,29.696,32.968,0,0,6052580,6038524,398088,3755988,60567.688,31763.609,0,455.003,0,43.286,6371,5835,2.500,2.220,1.770,6,0,110.731,0,0,27,240,0,16,0
31-07 15:03:57,31.443,31.195,35.157,0,0,6005340,6085744,398100,3756500,44647.077,22585.481,0,261.447,0,13.865,6063,6288,2.500,2.220,1.770,3,0,140.627,0,0,27,240,0,16,0
31-07 15:03:58,39.583,29.246,30.507,0,0,6021388,6069624,398144,3756508,60145.869,30930.144,0,605.089,0,37.314,6216,6114,2.500,2.220,1.770,4,0,88.746,0,0,27,242,0,16,0
31-07 15:03:59,44.756,26.357,27.600,0,0,6049556,6041232,398164,3756156,46731.696,25082.507,0,298.376,0,13.924,6035,4619,2.540,2.230,1.770,5,0,69.621,0,0,27,242,0,16,0
31-07 15:04:00,50.077,27.429,21.390,0,0,6103272,5987460,398200,3756176,60974.607,32432.016,0,338.211,0,32.211,6141,5165,2.540,2.230,1.770,4,0,104.684,0,0,27,242,0,17,0
31-07 15:04:01,60.683,16.774,20.721,0,0,6107260,5983144,398220,3756476,43501.328,22662.882,0,236.812,0,10.854,4631,2841,2.540,2.230,1.770,4,0,5.920,0,0,27,242,0,17,0
31-07 15:04:02,65.967,15.853,19.176,0,0,6207656,5881404,398276,3757708,40307.425,455892.925,90.002,437.735,3.068,24.546,6660,6472,2.540,2.230,1.770,3,0,3.068,0,0,27,244,1,21,0
31-07 15:04:03,43.863,10.350,42.877,0,0,6208336,5880688,398296,3757724,17815.089,123820.490,0,244.447,0,20.699,5167,5000,2.540,2.230,1.770,5,0,2.957,0,0,27,250,1,21,0
31-07 15:04:04,46.092,8.222,43.601,0,0,6196248,5892728,398332,3757736,14805.397,7492.392,0,454.447,0,44.847,5144,5485,2.580,2.250,1.780,2,0,0,0,0,27,247,1,22,0
31-07 15:04:05,46.686,11.044,40.913,0.251,0,6221252,5867624,398380,3757788,15034.973,7554.133,0,1068.261,0,51.204,4442,3735,2.580,2.250,1.780,2,0,7.028,0,0,27,254,1,22,0
31-07 15:04:06,30.748,24.749,43.247,0,0,6242560,5846296,398396,3757796,46065.241,25560.469,0,291.983,0,18.999,5308,3989,2.580,2.250,1.780,6,0,113.993,0,0,27,255,1,22,0
31-07 15:04:07,26.626,27.881,43.706,0,0,6240468,5848372,398400,3757808,61093.003,34363.998,0,188.890,0,8.038,5902,4722,2.580,2.250,1.780,4,0,133.630,0,0,27,256,1,23,0
31-07 15:04:08,28.547,28.297,41.569,0,0,6220872,5867888,398452,3757832,45098.950,24128.098,0,572.952,0,42.070,5954,5132,2.580,2.250,1.780,3,0,122.203,0,0,27,254,1,23,0
31-07 15:04:09,27.748,31.498,39.748,0,0,6233936,5854776,398484,3757844,60343.461,31512.152,0,9551.440,0,1169.931,7276,3946,2.530,2.240,1.780,3,0,121.993,0,0,27,254,1,23,0
31-07 15:04:10,30.575,28.090,38.281,0,0,6239324,5849296,398544,3757868,61793.192,32986.663,0,1161.369,0,58.665,6060,4836,2.530,2.240,1.780,3,0,119.319,0,0,27,254,1,23,0
31-07 15:04:11,28.881,28.127,41.438,0,0,6218232,5870092,398572,3758136,45907.014,23168.983,0,253.147,0,21.096,6101,5310,2.530,2.240,1.780,3,0,104.473,0,0,27,256,1,23,0
31-07 15:04:12,29.285,32.039,36.544,0,0,6167000,5921260,398628,3758652,60486.691,31646.031,0,1413.699,0,49.059,6974,7931,2.530,2.240,1.780,2,0,165.199,0,0,27,256,1,23,0
31-07 15:04:13,21.370,24.103,51.933,0,0,6098384,5989812,398644,3758652,60358.580,585430.620,0,337.937,0,20.873,6551,7598,2.530,2.240,1.780,1,0,89.454,0,0,27,256,1,24,0
31-07 15:04:14,29.024,21.018,48.291,0.500,0,6109936,5978064,398768,3758628,44653.476,22807.141,0,5832.895,0,540.454,5847,4599,2.410,2.220,1.780,9,0,41.034,0,0,28,258,1,24,0
31-07 15:04:15,49.243,29.347,20.642,0,0,6167848,5920132,398784,3758628,60260.310,33353.821,0,183.044,0,13.927,5679,3624,2.410,2.220,1.780,4,0,119.377,0,0,28,261,1,24,0
31-07 15:04:16,43.096,11.024,44.599,0,0,6233348,5854616,398796,3758632,44862.434,23449.975,0,96.213,0,6.013,3685,2524,2.410,2.220,1.780,3,0,2.004,0,0,28,261,1,23,0
31-07 15:04:17,46.348,9.320,44.333,0,0,6297548,5789640,398836,3759292,29875.216,15192.017,0,439.297,0,14.106,3790,3111,2.410,2.220,1.780,3,0,3.023,0,0,28,261,1,23,0
31-07 15:04:18,41.923,12.727,43.420,0,0,6310556,5774800,398964,3760964,29537.505,15343.692,0,2136.059,0,206.619,5897,6556,2.410,2.220,1.780,1,0,43.919,0,0,28,262,1,24,0
31-07 15:04:19,7.019,24.065,66.429,0,0,6310708,5774628,398980,3760968,46062.457,25841.822,0,120.325,0,7.019,4744,3716,2.210,2.180,1.770,3,0,134.363,0,0,28,262,1,24,0
31-07 15:04:20,6.939,8.178,83.017,0,0,6312452,5772864,398992,3760976,50292.113,25337.368,0,182.390,0,11.895,2722,2811,2.210,2.180,1.770,3,0,36.676,0,0,28,263,1,24,0
31-07 15:04:21,6.296,3.526,88.896,0,0,6312900,5772372,399008,3760996,62556.426,27471.561,0,298.166,0,16.117,2433,2954,2.210,2.180,1.770,0,0,4.029,0,0,28,264,1,24,1
31-07 15:04:22,11.005,6.003,80.035,0,0,6306004,5777480,399044,3762704,1842092.917,75218.786,0,292.127,0,28.012,5462,4898,2.210,2.180,1.770,4,0,6.003,0,0,28,263,1,24,0
31-07 15:04:23,6.998,7.248,76.982,0,0,6303616,5771952,399060,3770392,8310508.423,634403.892,0,251.940,0,13.997,13370,9894,2.210,2.180,1.770,0,0,1.000,0,0,28,263,1,24,0
31-07 15:04:24,4.507,5.008,83.885,0,0,6303344,5766012,399088,3776404,6568110.129,259303.958,0,148.238,0,19.031,8653,7190,2.040,2.150,1.760,3,0,2.003,0,0,28,263,1,23,0
31-07 15:04:25,6.998,21.495,68.233,1.250,0,6302544,5763876,399088,3779308,597100.241,33145.909,2299.439,3.999,26.993,1.000,5064,3899,2.040,2.150,1.760,3,0,122.970,0,0,28,262,1,23,0
31-07 15:04:26,12.229,24.208,60.645,0,0,6346608,5719784,399108,3779316,45836.997,25438.155,0,363.374,0,24.957,5067,4202,2.040,2.150,1.760,1,0,133.769,0,0,28,262,1,23,0
31-07 15:04:27,21.497,8.249,69.239,0,0,6385152,5681228,399120,3779316,52446.010,26747.925,0,207.968,0,12.998,2847,2725,2.040,2.150,1.760,1,0,3.999,0,0,28,262,1,23,0
31-07 15:04:28,28.797,5.759,63.854,0,0,6422420,5643932,399140,3779324,37449.145,18408.056,0,144.236,0,18.029,3477,3500,2.040,2.150,1.760,2,0,2.003,0,0,28,267,1,23,0
31-07 15:04:29,24.515,10.153,63.393,0,0,6423380,5642936,399156,3779340,15134.178,7373.442,0,146.597,0,14.858,3812,3892,1.950,2.130,1.750,2,0,5.943,0,0,28,272,1,24,0
31-07 15:04:30,23.452,6.556,68.339,0,0,6419284,5646888,399164,3779476,15682.107,7359.404,0,117.008,0,7.061,4276,4850,1.950,2.130,1.750,3,0,2.017,0,0,28,272,1,24,0
31-07 15:04:31,27.241,5.248,64.728,0,0,6415976,5650136,399200,3779500,24314.804,331428.278,0,127.957,0,17.994,4905,5288,1.950,2.130,1.750,3,0,0,0,0,28,271,1,24,0
31-07 15:04:32,28.259,7.502,61.770,0,0,6412740,5653264,399264,3779540,17513.746,8717.860,0,488.160,0,44.014,5051,5580,1.950,2.130,1.750,4,0,1.000,0,0,28,275,1,26,0
31-07 15:04:33,25.244,5.249,67.734,0,0,6410356,5655560,399316,3779568,15275.315,7618.162,0,363.912,0,31.992,4791,5629,1.950,2.130,1.750,5,0,2.999,0,0,28,276,1,26,0
31-07 15:04:34,24.355,7.307,64.541,0,0,6408504,5657340,399352,3779600,588.418,144.182,0,6285.547,0,664.405,5495,5651,1.880,2.110,1.750,3,0,0,0,0,28,279,1,27,0
31-07 15:04:35,26.401,10.509,60.236,0.256,0,6401896,5655548,399368,3787948,16000.664,7480.510,4.101,1866.026,1.025,335.270,5694,6204,1.880,2.110,1.750,7,0,0,0,0,28,289,1,32,0
31-07 15:04:36,22.472,8.739,63.172,3.745,0,6403052,5646020,399412,3795816,896.895,0,0,16399.792,0,54.932,4773,5607,1.880,2.110,1.750,2,0,22.972,0,0,28,286,1,37,0
31-07 15:04:37,9.038,24.101,64.520,0,0,6325864,5723180,399416,3795836,61800.346,51712.174,0,144.604,0,7.029,4742,3595,1.880,2.110,1.750,1,0,141.592,0,0,28,286,1,37,0
31-07 15:04:38,7.965,24.393,65.213,0,0,6333348,5715652,399432,3795844,45535.376,25310.485,0,971.719,0,20.908,5111,4162,1.880,2.110,1.750,3,0,175.228,0,0,28,286,1,37,0
31-07 15:04:39,12.550,19.829,65.009,0,0,6349244,5699700,399472,3795856,61662.260,35940.954,0,5630.395,0,131.523,4788,3971,1.810,2.090,1.740,2,0,151.603,0,0,28,286,1,37,0
31-07 15:04:40,21.974,7.741,69.169,0,0,6394076,5654844,399496,3795856,44726.524,21862.349,0,347.592,0,30.964,3049,3232,1.810,2.090,1.740,3,0,0,0,0,28,286,1,37,0
31-07 15:04:41,20.754,9.752,68.263,0,0,6386304,5662612,399496,3795856,30552.796,15382.918,0,128.024,0,14.003,3212,2943,1.810,2.090,1.740,4,0,29.006,0,0,28,286,1,30,0
31-07 15:04:42,7.737,23.210,67.134,0,0,6384364,5664520,399516,3795868,60715.257,34137.109,0,291.497,0,17.969,4765,3917,1.810,2.090,1.740,1,0,125.783,0,0,28,286,1,30,0
31-07 15:04:43,10.208,25.396,61.498,0.498,0,6373148,5675572,399568,3795948,62200.230,35810.322,0,609.503,0,58.759,5441,4897,1.810,2.090,1.740,2,0,124.490,0,0,28,286,1,31,0
31-07 15:04:44,7.795,23.637,65.378,0.754,0,6376508,5672168,399588,3795956,61414.819,34350.457,0,12230.662,0,37.215,4983,4179,1.740,2.070,1.740,3,0,118.686,0,0,28,286,1,31,0
31-07 15:04:45,8.232,24.696,65.108,0,0,6376124,5672516,399596,3795980,49671.858,25031.503,0,2015.612,0,395.140,5190,3717,1.740,2.070,1.740,3,0,137.700,0,0,28,286,1,29,0
31-07 15:04:46,8.279,24.086,66.235,0,0,6358980,5689628,399628,3795980,58314.130,37272.390,0,694.467,0,47.168,4838,3859,1.740,2.070,1.740,2,0,137.488,0,0,28,286,1,29,0
31-07 15:04:47,3.251,2.501,92.527,0,0,6354988,5693616,399632,3795980,58612.253,489706.146,0,44.013,0,4.001,2225,2726,1.740,2.070,1.740,0,0,1.000,0,0,28,286,1,29,0
31-07 15:04:48,21.211,8.734,68.874,0,0,6395044,5653560,399632,3795980,65961.260,338967.529,0,7.985,0,0.998,3108,2792,1.740,2.070,1.740,1,0,11.978,0,0,28,286,1,29,0
31-07 15:04:49,23.422,5.980,69.021,0,0,6429932,5618660,399640,3795984,30509.600,14691.173,0,67.775,0,2.990,3155,3279,1.680,2.050,1.730,2,0,0,0,0,28,286,1,27,0
31-07 15:04:50,23.787,5.759,68.606,0,0,6429324,5619236,399660,3795996,30104.334,14680.595,0,600.925,0,16.025,3436,3419,1.680,2.050,1.730,3,0,1.002,0,0,28,300,1,27,0
31-07 15:04:51,12.532,19.551,66.422,0,0,6407476,5641000,399708,3796008,31462.457,17254.673,0,445.153,0,41.106,4545,3836,1.680,2.050,1.730,2,0,117.304,0,0,28,302,1,28,0
31-07 15:04:52,4.746,8.492,68.937,16.235,0,6397968,5638328,399836,3807724,60069.487,30865.989,8292.475,243.779,138.874,22.979,3264,3383,1.680,2.050,1.730,0,1,35.967,0,0,28,304,1,28,0
31-07 15:04:53,3.251,4.501,69.264,21.754,0,6388556,5625804,399884,3829480,30363.235,14889.058,20604.231,492.101,197.040,34.007,2692,3304,1.680,2.050,1.730,0,1,0,0,0,28,304,1,28,0
31-07 15:04:54,17.502,14.501,48.754,17.002,0,6366776,5622132,399920,3854712,31168.864,16358.503,23622.170,156.014,219.020,19.002,4756,14426,1.790,2.070,1.740,0,1,38.003,0,0,28,304,1,29,0
31-07 15:04:55,2.749,3.998,70.719,20.741,0,6360700,5604492,399928,3878240,15212.327,7454.730,21774.448,0,213.906,0,2451,2897,1.790,2.070,1.740,1,1,0,0,0,28,304,1,29,0
31-07 15:04:56,7.495,7.745,61.212,21.487,0,6386860,5560392,399952,3896068,15454.391,7423.385,16197.929,307.809,163.898,23.985,2779,3232,1.790,2.070,1.740,2,1,3.998,0,0,28,304,1,29,0
31-07 15:04:57,3.748,4.747,67.963,21.488,0,6375724,5547912,399968,3919516,15779.354,7292.004,21480.230,423.768,208.886,22.987,2691,3342,1.790,2.070,1.740,0,1,2.998,0,0,28,304,1,26,0
31-07 15:04:58,7.759,6.508,64.075,20.274,0,6405496,5493072,399984,3944424,544.634,0,22810.551,92.107,219.255,14.016,2838,3274,1.790,2.070,1.740,0,1,0,0,0,28,304,1,26,0
31-07 15:04:59,5.248,8.997,69.475,15.245,0,6400552,5483492,399992,3958856,60151.745,35191.565,13463.243,147.948,128.954,10.996,3141,3101,1.720,2.050,1.740,1,1,15.994,0,0,28,304,1,26,0
31-07 15:05:00,4.008,5.511,67.892,21.044,0,6394408,5473116,400012,3975276,43733.248,464294.732,15608.567,2132.449,157.328,405.847,3621,3397,1.720,2.050,1.740,0,1,2.004,0,0,28,304,1,26,0
31-07 15:05:01,2.491,3.737,70.004,21.674,0,6389160,5458416,400016,3995116,31079.782,73966.074,19188.569,31.888,187.342,2.989,2309,2780,1.720,2.050,1.740,0,1,0.996,0,0,28,304,1,25,0
31-07 15:05:02,5.268,11.039,68.489,13.798,0,6383832,5457040,400020,4001756,30804.599,19911.550,6197.648,0,61.214,0,2952,2885,1.720,2.050,1.740,0,1,29.102,0,0,28,304,1,25,0
31-07 15:05:03,2.248,3.746,69.928,21.977,0,6377044,5446888,400024,4018588,29924.144,14642.901,16494.991,3.996,143.852,0.999,2097,2681,1.720,2.050,1.740,0,1,1.998,0,0,28,304,1,25,0
31-07 15:05:04,3.247,4.496,69.439,21.481,0,6368000,5437828,400056,4036572,29869.813,14888.947,17572.594,359.685,159.860,29.974,2791,3290,1.670,2.040,1.730,0,1,0,0,0,28,304,1,25,0
31-07 15:05:05,8.507,13.262,64.306,12.010,0,6365080,5429524,400060,4047716,32478.300,20897.209,11101.674,4.003,100.087,1.001,3631,3340,1.670,2.040,1.730,3,0,26.023,0,0,28,304,1,20,0
31-07 15:05:06,3.503,4.754,68.053,21.266,0,6362568,5413752,400156,4065812,44596.561,21971.027,17497.560,2113.638,208.161,116.090,3049,3621,1.670,2.040,1.730,2,1,2.002,0,0,28,304,1,20,0
31-07 15:05:07,2.751,4.251,70.519,22.256,0,6359992,5401684,400164,4080384,29783.037,14595.939,13987.775,156.042,164.044,11.003,2244,2693,1.670,2.040,1.730,3,1,1.000,0,0,28,304,1,20,0
31-07 15:05:08,4.246,9.241,67.935,15.485,0,6358740,5389492,400188,4093720,30748.719,18790.107,13019.602,323.692,139.867,23.977,3199,3380,1.670,2.040,1.730,0,1,15.985,0,0,28,304,1,20,0
31-07 15:05:09,3.489,4.237,69.531,21.682,0,6358812,5372280,400188,4110780,44814.075,22194.207,16894.871,454.571,187.411,56.821,2578,2890,1.610,2.020,1.730,3,0,1.994,0,0,28,304,1,19,0
31-07 15:05:10,5.270,11.293,68.759,12.296,0,6359492,5359680,400188,4122648,46111.609,27102.038,11567.551,88.333,133.503,4.015,3474,3277,1.610,2.020,1.730,0,1,26.098,0,0,28,304,1,19,0
31-07 15:05:11,2.251,4.501,70.523,20.757,0,6355316,5343060,400192,4143344,44645.643,22521.387,19962.547,108.035,258.085,13.004,2931,3223,1.610,2.020,1.730,0,1,0,0,0,28,304,1,19,0
31-07 15:05:12,4.247,6.995,69.697,18.486,0,6355116,5331692,400196,4154860,30400.687,18791.589,10967.589,187.856,127.902,8.993,2595,2803,1.610,2.020,1.730,1,0,12.990,0,0,28,304,1,19,0
31-07 15:05:13,3.980,6.218,68.651,19.152,0,6355604,5315196,400208,4170792,45191.933,22594.971,15079.233,163.169,198.987,15.919,3011,3313,1.610,2.020,1.730,3,1,4.975,0,0,28,304,1,19,0
31-07 15:05:14,5.279,5.531,67.372,20.111,0,6351732,5298872,400224,4190908,51733.384,634045.669,19740.899,100.555,245.353,13.072,4084,3817,1.560,2,1.720,0,1,1.006,0,0,28,304,1,19,0
31-07 15:05:15,5.240,9.233,68.374,14.723,0,6351020,5284916,400244,4205492,60376.696,33452.331,13846.474,107.801,163.698,9.982,3305,3186,1.560,2,1.720,1,1,17.967,0,0,28,304,1,19,0
31-07 15:05:16,6.262,5.260,66.132,20.791,0,6339076,5283152,400256,4219124,31608.914,16205.255,13053.982,2003.989,154.307,365.728,3492,3166,1.560,2,1.720,0,1,0,0,0,28,304,1,19,0
31-07 15:05:17,5.250,8.000,70.250,16.000,0,6340356,5271812,400256,4229152,46046.968,26569.982,9579.993,32.000,112.000,3.000,2867,2871,1.560,2,1.720,1,1,17.000,0,0,28,304,1,19,0
31-07 15:05:18,2.999,4.498,69.974,20.992,0,6335172,5260484,400272,4245568,44826.397,22269.752,15738.171,107.960,203.924,8.997,2706,2852,1.560,2,1.720,1,0,1.999,0,0,28,304,1,19,0
31-07 15:05:19,5.746,14.991,68.958,8.245,0,6339360,5248388,400272,4253460,31000.959,20161.616,7551.362,31.980,91.944,1.999,3725,3213,1.520,1.980,1.720,3,0,48.970,0,0,28,304,1,19,0
31-07 15:05:20,5.502,9.003,69.523,15.005,0,6340064,5234024,400272,4267072,60171.060,31468.491,12964.322,0,167.056,0,3182,3069,1.520,1.980,1.720,1,1,17.006,0,0,28,304,1,19,0
31-07 15:05:21,2.751,5.002,69.278,20.758,0,6336880,5219408,400272,4284808,30723.542,14730.013,17034.954,12.005,201.082,3.001,2917,3135,1.520,1.980,1.720,2,1,4.002,0,0,28,304,1,20,0
31-07 15:05:22,13.040,20.062,60.939,5.016,0,6352516,5199032,400280,4289512,30410.096,20677.982,4441.744,160.497,55.171,12.037,4200,3430,1.520,1.980,1.720,4,0,57.177,0,0,28,304,1,19,0
31-07 15:05:23,9.471,7.976,61.564,18.444,0,6348072,5183372,400316,4309484,45086.549,22529.815,18735.299,291.119,255.228,25.922,4177,4466,1.520,1.980,1.720,0,1,5.982,0,0,28,304,1,21,0
31-07 15:05:24,3.241,4.737,69.068,20.197,0,6348576,5169040,400356,4323208,29757.426,14862.755,13085.448,458.789,165.563,33.910,2707,3295,1.480,1.970,1.720,1,0,1.995,0,0,28,304,1,21,0
31-07 15:05:25,6.761,11.268,67.360,13.272,0,6340196,5165824,400360,4334728,80040.173,598208.891,10949.808,112.182,164.267,5.008,4049,3608,1.480,1.970,1.720,1,1,27.044,0,0,28,304,1,21,0
31-07 15:05:26,7.477,8.723,63.803,17.945,0,6366076,5125252,400400,4349332,30189.752,14612.865,13968.854,303.064,212.344,30.905,3278,3379,1.480,1.970,1.720,3,0,7.975,0,0,28,304,1,21,0
31-07 15:05:27,8.772,8.020,64.409,17.042,0,6373248,5103592,400408,4363760,46914.598,27472.693,14331.312,208.514,133.329,10.025,3526,3327,1.480,1.970,1.720,2,1,11.027,0,0,28,304,1,21,0
31-07 15:05:28,5.757,9.012,68.339,15.270,0,6368580,5097204,400424,4374752,45893.531,27109.165,10637.799,160.208,113.147,15.019,3236,3355,1.480,1.970,1.720,0,1,16.021,0,0,28,304,1,21,0
31-07 15:05:29,3.497,8.993,65.447,20.484,0,6364856,5083432,400424,4392152,44535.234,22503.927,17194.191,11.990,175.859,2.998,3118,3036,1.440,1.950,1.710,6,0,5.995,0,0,28,304,1,21,0
31-07 15:05:30,5.258,9.765,69.104,14.772,0,6362284,5073976,400436,4404116,45314.984,25005.515,11789.688,616.926,114.171,51.077,3481,3219,1.440,1.950,1.710,0,1,18.027,0,0,28,304,1,20,0
31-07 15:05:31,4.997,9.744,68.209,15.241,0,6357016,5070068,400440,4413240,46137.116,27789.205,8842.656,2594.432,87.947,499.698,3916,3184,1.440,1.950,1.710,1,1,15.990,0,0,28,304,1,20,0
31-07 15:05:32,4.240,7.233,69.589,18.208,0,6355028,5061728,400440,4423536,44900.010,26817.889,10256.246,0,113.737,0,2781,2841,1.440,1.950,1.710,1,0,9.977,0,0,28,304,1,20,0
31-07 15:05:33,3.259,5.014,69.701,19.807,0,6348472,5061056,400444,4430724,45169.012,22516.811,6414.463,104.300,68.196,7.020,2455,2757,1.440,1.950,1.710,1,1,8.023,0,0,28,304,1,20,0
31-07 15:05:34,3.498,4.748,68.468,20.990,0,6343832,5049212,400484,4447104,30697.801,14895.110,14609.242,407.811,169.921,37.982,3064,3643,1.480,1.950,1.710,0,1,1.000,0,0,28,304,1,18,0
31-07 15:05:35,8.181,10.413,64.212,15.123,0,6340124,5043180,400484,4456796,30298.978,18661.544,8786.337,71.401,103.135,5.950,3289,3082,1.480,1.950,1.710,1,1,15.867,0,0,28,304,1,18,0
31-07 15:05:36,9.065,7.554,61.187,20.648,0,6337188,5029080,400488,4473744,55545.102,597888.418,16095.067,124.893,215.541,9.065,3771,3594,1.480,1.950,1.710,2,0,3.022,0,0,28,302,1,18,2
31-07 15:05:37,4.003,8.756,69.296,15.510,0,6338644,5016228,400496,4485100,30335.207,19877.241,10879.247,96.064,144.096,9.006,3025,3025,1.480,1.950,1.710,4,1,17.011,0,0,28,302,1,18,2
31-07 15:05:38,6.007,5.507,66.331,20.525,0,6337480,5000100,400500,4502308,45657.617,23269.345,16700.343,68.083,212.259,6.007,3062,3133,1.480,1.950,1.710,1,0,0,0,0,28,302,1,7,2
31-07 15:05:39,4.500,9.249,69.496,14.749,0,6339256,4984728,400504,4515836,45204.413,26006.511,12787.268,67.996,190.989,4.000,3367,3238,1.440,1.940,1.710,1,0,17.999,0,0,28,302,1,7,2
31-07 15:05:40,2.990,5.980,69.022,19.436,0,6339568,4968096,400508,4532088,29747.672,14932.642,15421.027,143.526,212.298,8.970,2993,2988,1.440,1.940,1.710,3,0,2.990,0,0,28,302,1,7,2
31-07 15:05:41,5.258,9.014,69.109,15.274,0,6340236,4953484,400528,4545948,60230.001,35217.549,13084.638,100.158,141.223,12.019,3321,3391,1.440,1.940,1.710,1,1,13.021,0,0,28,302,1,7,2
31-07 15:05:42,4.720,9.937,68.567,15.403,0,6341928,4938364,400528,4559312,44989.661,24890.688,12962.078,0,132.165,0,3100,3019,1.440,1.940,1.710,2,1,17.887,0,0,28,302,1,7,2
31-07 15:05:43,5.284,9.813,68.442,14.594,0,6340904,4925008,400548,4573592,45692.140,26835.338,13881.666,124.806,136.884,17.111,3460,3462,1.440,1.940,1.710,1,1,16.104,0,0,28,302,1,8,2
31-07 15:05:44,3.500,4.750,68.750,21.000,0,6340952,4907632,400560,4590840,44516.246,22102.122,16712.092,224.001,171.001,19.000,2996,3401,1.410,1.920,1.710,2,1,0,0,0,28,302,1,8,2
31-07 15:05:45,12.016,16.021,67.088,3.505,0,6358552,4886216,400560,4594640,45921.367,27762.496,3752.934,8.011,36.047,2.003,3829,3213,1.410,1.920,1.710,3,0,71.093,0,0,28,302,1,8,2
31-07 15:05:46,24.149,5.477,68.962,0,0,6392304,4852452,400572,4594640,49558.023,465742.843,0,326.636,0,15.933,2835,2646,1.410,1.920,1.710,2,0,0,0,0,28,302,1,7,2
31-07 15:05:47,22.283,7.511,69.603,0,0,6435308,4809448,400572,4594640,47497.006,144713.292,0,40.059,0,4.006,2831,2669,1.410,1.920,1.710,3,0,3.004,0,0,28,302,1,7,2
31-07 15:05:48,23.317,5.265,69.951,0,0,6466792,4777948,400584,4594644,30672.046,14928.854,0,88.253,0,9.026,2712,2585,1.410,1.920,1.710,4,0,2.006,0,0,28,302,1,7,2
31-07 15:05:49,27.478,5.496,65.697,0.250,0,6494452,4750228,400620,4594668,16595.600,8855.849,0,251.797,0,26.978,3377,3383,1.380,1.900,1.700,5,0,3.997,0,0,28,306,1,7,2
31-07 15:05:50,24.192,5.487,69.085,0.249,0,6452280,4792364,400632,4594692,60067.513,31247.357,0,163.609,0,9.976,2920,2594,1.380,1.900,1.700,3,0,4.988,0,0,28,302,1,7,2
31-07 15:05:51,24.779,5.506,69.080,0,0,6473928,4770704,400644,4594692,46049.155,23655.305,0,100.116,0,8.009,2970,2757,1.380,1.900,1.700,1,0,2.002,0,0,28,302,1,8,2
31-07 15:05:52,23.468,4.744,69.905,0,0,6473912,4770704,400652,4594700,45038.743,21924.181,0,315.571,0,14.980,2635,2466,1.380,1.900,1.700,2,0,0,0,0,28,302,1,8,2
31-07 15:05:53,20.560,9.026,69.704,0,0,6474408,4770200,400660,4594700,15504.368,7317.412,0,160.470,0,15.044,2745,2716,1.380,1.900,1.700,2,0,3.009,0,0,28,302,1,8,2
31-07 15:05:54,33.279,10.679,53.892,0,0,6510572,4733968,400688,4597316,29859.897,14642.853,0,361.601,0,29.802,4585,9571,1.350,1.890,1.700,6,0,36.756,0,0,28,308,1,8,2
31-07 15:05:55,29.969,10.577,58.931,0,0,6388996,4855520,400696,4594736,30943.263,17435.492,0,104.766,0,12.088,3812,9260,1.350,1.890,1.700,3,0,17.125,0,0,28,302,1,9,2
31-07 15:05:56,21.433,7.975,69.531,0,0,6408392,4836116,400704,4594736,44376.349,21885.128,0,111.649,0,11.962,2777,2816,1.350,1.890,1.700,2,0,0,0,0,28,302,1,9,2
31-07 15:05:57,29.095,10.693,58.440,0,0,6452224,4792140,400712,4594872,29677.386,14580.564,0,346.162,0,18.900,3391,3016,1.350,1.890,1.700,4,0,6.963,0,0,28,302,1,9,2
31-07 15:05:58,28.994,8.572,62.275,0,0,6444128,4800184,400732,4594896,15573.323,7521.425,0,415.504,0,22.187,3326,3236,1.350,1.890,1.700,2,0,18.153,0,0,28,302,1,9,2
31-07 15:05:59,7.409,24.450,64.213,0,0,6436148,4808140,400748,4594904,45305.889,25359.285,505.803,154.112,3.952,11.855,4819,3958,1.320,1.870,1.690,3,0,130.402,0,0,28,302,1,9,2
31-07 15:06:00,10.615,25.275,61.923,0,0,6425756,4818512,400756,4594916,75947.365,599959.107,0,877.537,0,80.879,5390,4107,1.320,1.870,1.690,3,0,125.362,0,0,28,302,1,9,2
31-07 15:06:01,8.249,24.998,65.244,0,0,6416684,4827524,400756,4594980,61962.915,61623.948,0,51.995,0,3.000,4981,3695,1.320,1.870,1.690,1,0,155.985,0,0,28,302,1,9,2
31-07 15:06:02,10.993,18.238,68.455,0,0,6401976,4842228,400756,4594984,46092.542,25872.903,0,0,0,0,4286,3525,1.320,1.870,1.690,3,0,114.924,0,0,28,302,1,9,2
31-07 15:06:03,16.000,15.500,66.251,0,0,6414004,4830184,400760,4594992,60814.181,32592.633,0,2884.056,0,527.010,4643,3386,1.320,1.870,1.690,2,0,75.001,0,0,28,302,1,9,2
31-07 15:06:04,22.392,7.464,68.670,0,0,6426732,4817404,400796,4595008,45101.960,23220.259,0,457.797,0,32.842,3135,3097,1.290,1.860,1.690,2,0,17.914,0,0,28,302,1,9,2
31-07 15:06:05,16.329,7.537,75.618,0,0,6426396,4817696,400804,4595044,50367.170,25025.817,0,184.900,0,11.054,2568,2475,1.290,1.860,1.690,1,0,17.083,0,0,28,303,1,9,2
31-07 15:06:06,21.773,6.257,70.575,0,0,6413308,4823660,400820,4600912,32260.228,16362.360,0,1041.105,0,20.021,2777,2625,1.290,1.860,1.690,3,0,4.004,0,0,28,302,1,9,2
31-07 15:06:07,21.741,8.996,64.974,0,0,6413132,4823172,400820,4601444,45308.676,23122.648,0,0,0,0,5790,10022,1.290,1.860,1.690,2,0,6.997,0,0,28,302,1,9,2
31-07 15:06:08,20.264,10.007,67.797,0,0,6429680,4805572,400832,4602328,44428.632,22941.817,0,340.235,0,6.004,3977,5771,1.290,1.860,1.690,3,0,8.006,0,0,28,302,1,9,2
31-07 15:06:09,18.002,5.251,76.008,0.250,0,6418676,4816416,400840,4602468,63196.515,476696.142,0,360.037,0,5.001,2838,2703,1.270,1.840,1.690,1,0,3.000,0,0,28,303,1,9,2
31-07 15:06:10,22.502,10.001,63.256,0,0,6431220,4803672,400868,4602644,49149.964,140228.162,0,404.041,0,18.002,7700,14595,1.270,1.840,1.690,3,0,6.001,0,0,28,303,1,9,2
31-07 15:06:11,20.257,12.105,65.712,0,0,6428460,4806132,400896,4602872,31274.032,15821.306,0,332.019,0,13.834,3343,3148,1.270,1.840,1.690,3,0,13.834,0,0,28,303,1,9,2
31-07 15:06:12,21.767,7.340,70.616,0,0,6416468,4818000,400912,4602976,30680.069,15753.098,0,89.092,0,1.012,2552,2252,1.270,1.840,1.690,3,0,3.037,0,0,28,303,1,9,2
31-07 15:06:13,13.740,16.988,66.452,0,0,6369192,4872180,401172,4596844,61459.047,32005.111,0,2809.990,0,126.909,4567,4205,1.270,1.840,1.690,3,0,84.939,0,0,28,302,1,10,2
31-07 15:06:14,7.691,25.058,65.498,0,0,6366156,4875188,401192,4596852,60637.389,33888.343,0,162.753,0,14.886,5006,4146,1.250,1.830,1.680,4,0,156.799,0,0,28,302,1,10,2
31-07 15:06:15,19.142,11.082,68.255,0,0,6387576,4853768,401192,4596852,45499.712,23429.385,0,4.030,0,1.007,3029,2699,1.250,1.830,1.680,4,0,27.201,0,0,28,302,1,9,2
31-07 15:06:16,25.169,3.987,70.025,0,0,6410760,4830584,401200,4596844,29812.214,15292.864,0,203.347,0,9.968,2503,2233,1.250,1.830,1.680,3,0,0,0,0,28,302,1,9,2
31-07 15:06:17,27.092,5.754,62.336,0,0,6431924,4809176,401200,4597088,28810.688,14678.663,0,53.705,0,3.836,3241,2914,1.250,1.830,1.680,5,0,0.959,0,0,28,307,1,10,2
31-07 15:06:18,25.152,12.576,64.189,0,0,6394908,4846140,401232,4597108,16041.543,8123.998,0,1844.458,0,376.227,5102,4682,1.250,1.830,1.680,2,0,46.111,0,0,28,302,1,12,2
31-07 15:06:19,13.753,17.504,66.516,0,0,6415316,4825712,401232,4597128,45362.657,24549.767,0,0,0,0,3727,3345,1.230,1.820,1.680,2,0,74.017,0,0,28,302,0,12,2
31-07 15:06:20,23.276,5.756,69.578,0,0,6453604,4787408,401248,4597128,29689.135,14682.386,0,348.389,0,16.018,2623,2536,1.230,1.820,1.680,1,0,0,0,0,28,302,1,12,2
31-07 15:06:21,25.589,5.466,67.574,0,0,6462248,4778732,401268,4597140,41781.332,453929.404,0,119.247,0,11.925,3572,3248,1.230,1.820,1.680,2,0,4.969,0,0,28,302,1,13,2
31-07 15:06:22,21.506,15.504,61.016,0,0,6433644,4807320,401268,4597156,28343.586,152653.857,0,8.002,0,2.001,4504,3618,1.230,1.820,1.680,4,0,71.019,0,0,28,302,1,13,2
31-07 15:06:23,22.337,7.278,69.519,0,0,6430908,4810056,401268,4597156,38261.194,18427.373,0,12.047,0,3.012,2738,2609,1.230,1.820,1.680,3,0,0,0,0,28,302,1,12,2
31-07 15:06:24,29.848,8.853,61.214,0,0,6457116,4783724,401340,4597204,29758.985,15055.545,0,518.040,0,36.425,3977,4122,1.210,1.800,1.670,1,0,8.094,0,0,28,302,1,14,2
31-07 15:06:25,22.269,6.433,69.035,0,0,6421108,4819716,401340,4597220,14981.823,7716.079,0,0,0,0,3281,2983,1.210,1.800,1.670,1,0,18.805,0,0,28,302,1,14,2
31-07 15:06:26,17.494,13.246,67.729,0,0,6419344,4821440,401368,4597232,60149.033,32673.697,0,111.965,0,12.996,3496,3421,1.210,1.800,1.670,3,0,36.988,0,0,28,302,1,14,2
31-07 15:06:27,27.700,8.734,62.138,0,0,6456580,4784172,401392,4597240,29978.767,14837.159,0,363.343,0,19.964,3165,2808,1.210,1.800,1.670,3,0,2.995,0,0,28,303,1,12,2
31-07 15:06:28,25.001,5.250,68.502,0,0,6368316,4872212,401468,4597384,29473.033,14592.512,0,284.010,0,32.001,3139,3103,1.210,1.800,1.670,4,0,1.000,0,0,28,302,1,14,2
31-07 15:06:29,19.435,15.449,63.538,0,0,6403912,4836616,401468,4597384,30300.001,15811.296,0,183.389,0,4.983,3326,2906,1.190,1.790,1.670,5,0,35.880,0,0,28,302,1,14,2
31-07 15:06:30,23.879,5.530,69.374,0,0,6446624,4793896,401468,4597392,29812.521,14670.994,0,0,0,0,2756,2573,1.190,1.790,1.670,6,0,3.016,0,0,28,302,1,14,2
31-07 15:06:31,24.729,5.245,68.441,0,0,6444240,4796148,401584,4597408,29685.365,14653.346,0,1846.406,0,149.871,3407,3348,1.190,1.790,1.670,5,0,0,0,0,28,302,1,14,2
31-07 15:06:32,17.755,12.004,68.520,0,0,6419076,4821296,401596,4597412,45097.182,24975.300,0,72.021,0,6.002,3404,3100,1.190,1.790,1.670,4,0,47.014,0,0,28,302,1,14,2
31-07 15:06:33,26.005,7.069,66.655,0,0,6434340,4806012,401608,4597420,46500.781,23538.218,0,109.071,0,7.069,3074,2852,1.190,1.790,1.670,2,0,2.020,0,0,28,302,1,14,2
31-07 15:06:34,24.968,5.191,67.488,0,0,6442544,4797724,401676,4597436,15250.727,7521.042,0,3002.088,0,557.700,4226,3353,1.180,1.780,1.670,2,0,0,0,0,28,302,1,17,2
31-07 15:06:35,18.290,11.525,68.651,0,0,6373856,4866416,401676,4597436,30628.278,15588.241,0,84.185,0,3.007,3163,2844,1.180,1.780,1.670,3,0,32.070,0,0,28,302,1,17,2
31-07 15:06:36,25.475,6.494,68.433,0,0,6416616,4823632,401692,4597440,57347.485,576184.185,0,183.819,0,8.991,3113,2795,1.180,1.780,1.670,2,0,2.997,0,0,28,302,1,17,2
31-07 15:06:37,23.269,5.505,69.057,0,0,6430644,4809520,401756,4597460,29735.629,14898.340,0,456.378,0,36.030,3178,3268,1.180,1.780,1.670,1,0,1.001,0,0,28,302,1,17,2
31-07 15:06:38,13.958,17.697,66.051,0,0,6395360,4844788,401768,4597464,45540.959,25381.622,0,115.652,0,6.979,4305,3425,1.180,1.780,1.670,2,0,107.676,0,0,28,302,1,17,2
31-07 15:06:39,7.099,13.437,79.352,0,0,6397736,4842280,401816,4597544,65443.911,35142.067,0,20.282,0,5.070,3463,3155,1.160,1.760,1.660,1,0,74.028,0,0,28,304,1,17,1
31-07 15:06:40,3.957,5.194,87.552,0,0,6386452,4853408,401916,4597588,55216.874,24222.613,0,771.641,0,49.464,2541,3203,1.160,1.760,1.660,1,0,21.764,0,0,28,302,1,18,1
31-07 15:06:41,7.740,17.728,72.409,0.250,0,6391904,4847900,401960,4597596,61013.714,34393.997,0,275.655,0,19.975,4301,3945,1.160,1.760,1.660,1,0,101.873,0,0,28,304,1,18,1
31-07 15:06:42,6.223,12.198,79.411,0,0,6400296,4839456,402000,4597608,50579.385,25981.245,0,382.370,0,23.898,2931,2938,1.160,1.760,1.660,5,0,53.771,0,0,28,302,1,20,1
31-07 15:06:43,9.780,25.828,61.938,0,0,6396252,4843316,402096,4597688,49422.868,26468.261,0,481.460,0,44.134,5183,4396,1.160,1.760,1.660,7,0,144.438,0,0,28,302,1,20,1
31-07 15:06:44,24.022,10.259,64.809,0,0,6416132,4823352,402156,4597708,58501.265,33903.869,0,308.281,0,15.014,3611,3511,1.150,1.750,1.660,1,0,16.015,0,0,28,302,1,20,1
31-07 15:06:45,21.776,8.510,68.330,0,0,6422992,4806664,402688,4605720,56176.858,555433.152,0,16.019,0,3.004,3316,2969,1.150,1.750,1.660,2,0,6.007,0,0,28,302,1,20,1
31-07 15:06:46,21.776,6.758,70.332,0.250,0,6436336,4789664,402888,4608608,45787.681,59536.800,0,1113.305,0,16.019,2935,2788,1.150,1.750,1.660,0,0,17.020,0,0,28,303,1,20,1
31-07 15:06:47,15.959,2.992,79.546,0,0,6434020,4791612,402964,4608848,39262.365,18405.823,0,2465.680,0,36.905,2304,2478,1.150,1.750,1.660,2,0,0.997,0,0,28,303,1,20,1
31-07 15:06:48,20.030,5.759,73.111,0,0,6412168,4809872,403080,4612080,16607.133,8636.070,0,580.879,0,32.049,2827,2926,1.150,1.750,1.660,2,0,4.006,0,0,28,302,1,20,1
31-07 15:06:49,13.739,13.489,68.943,1.499,0,6397764,4820936,403232,4615184,15289.379,7599.727,1350.885,3001.522,20.983,81.932,4387,4361,1.140,1.740,1.660,1,0,79.934,0,0,28,302,1,20,1
31-07 15:06:50,10.009,24.021,64.557,0,0,6380324,4838216,403296,4615240,60935.995,35165.159,0,1737.540,0,319.283,5417,3974,1.140,1.740,1.660,4,0,150.133,0,0,28,302,1,20,1
31-07 15:06:51,14.257,17.508,66.031,0,0,6404524,4814008,403304,4615244,60616.588,30908.577,0,84.040,0,6.003,4019,3520,1.140,1.740,1.660,1,0,73.034,0,0,28,302,1,21,1
31-07 15:06:52,23.493,5.248,70.478,0,0,6447080,4771452,403304,4615244,29984.795,14653.501,0,15.995,0,1.999,2559,2377,1.140,1.740,1.660,3,0,0,0,0,28,302,1,20,1
31-07 15:06:53,23.076,6.699,68.235,0,0,6459692,4758820,403312,4615256,29712.865,14709.045,0,127.042,0,9.925,3219,3277,1.140,1.740,1.660,2,0,0,0,0,28,302,1,20,1
31-07 15:06:54,20.159,11.339,66.776,0,0,6441044,4777380,403380,4615276,30244.410,18927.199,0,318.511,0,36.286,3784,3571,1.200,1.740,1.660,4,0,49.389,0,0,28,302,1,20,1
31-07 15:06:55,36.212,14.984,48.200,0,0,6471592,4746692,403380,4615412,30948.886,15994.404,0,19.979,0,0.999,4241,13247,1.200,1.740,1.660,3,0,35.963,0,0,28,302,1,21,1
31-07 15:06:56,23.333,6.206,68.261,0,0,6495196,4723064,403400,4615416,30166.721,14692.661,0,123.117,0,11.915,2776,2727,1.200,1.740,1.660,3,0,0,0,0,28,304,1,18,1
31-07 15:06:57,25.659,12.327,60.627,0,0,6468868,4748868,403400,4615940,15477.169,7504.631,0,16.100,0,4.025,3467,3182,1.200,1.740,1.660,1,0,21.131,0,0,28,302,1,18,1
31-07 15:06:58,26.616,6.716,66.415,0.249,0,6509160,4708408,403432,4616068,65065.489,265006.005,0,481.569,0,34.824,3586,3671,1.200,1.740,1.660,3,0,0,0,0,28,302,1,18,1
31-07 15:06:59,27.964,8.566,61.974,0,0,6510344,4707836,403452,4615436,40152.251,357320.266,0,185.419,0,21.162,3647,3421,1.190,1.730,1.650,5,0,0,0,0,28,303,1,18,1
31-07 15:07:00,24.885,10.102,61.350,0.246,0,6501280,4716568,403704,4615512,14700.428,7415.260,0,1190.541,0,163.601,5715,7785,1.190,1.730,1.650,6,0,2.957,0,0,28,303,1,18,1
31-07 15:07:01,25.581,9.371,63.574,0,0,6417596,4799944,403984,4615536,45802.329,26195.338,0,4810.313,0,293.806,4261,4864,1.190,1.730,1.650,1,0,5.066,0,0,28,302,1,19,1
31-07 15:07:02,23.104,6.211,69.560,0,0,6453500,4764040,403984,4615536,29566.922,14953.386,0,1371.323,0,81.484,2706,2389,1.190,1.730,1.650,1,0,0,0,0,28,302,1,19,1
31-07 15:07:03,23.939,5.544,69.551,0,0,6465468,4752028,404036,4615552,29887.574,15198.302,0,749.936,0,39.311,3069,3022,1.190,1.730,1.650,3,0,2.016,0,0,28,303,1,19,1
31-07 15:07:04,23.592,7.450,65.561,0,0,6462384,4754960,404164,4615568,29904.828,15351.245,0,667.532,0,80.461,4734,5660,1.170,1.720,1.650,2,0,0,0,0,28,303,1,19,1
31-07 15:07:05,24.363,8.452,64.636,0.249,0,6459784,4757256,404260,4615768,15607.143,9778.952,0,696.082,0,84.524,4410,5134,1.170,1.720,1.650,2,0,0,0,0,28,302,1,19,1
31-07 15:07:06,11.336,25.695,60.962,0,0,6412968,4804048,404272,4615780,63019.324,33059.400,0,185.404,0,11.084,5303,4302,1.170,1.720,1.650,2,0,164.244,0,0,28,302,1,19,1
31-07 15:07:07,7.535,27.127,63.546,0,0,6407344,4809652,404288,4615784,61389.409,32027.422,0,160.750,0,10.047,5098,4030,1.170,1.720,1.650,1,0,174.816,0,0,28,302,1,19,1
31-07 15:07:08,7.645,26.389,61.655,0,0,6409248,4807664,404372,4615784,44920.677,23547.447,0,2059.785,0,105.554,5531,4603,1.170,1.720,1.650,5,0,167.703,0,0,28,302,1,19,1
31-07 15:07:09,7.345,27.101,63.826,0,0,6405516,4811368,404388,4615788,61551.335,32395.120,0,113.468,0,10.131,5228,4134,1.240,1.720,1.650,1,0,170.202,0,0,28,302,1,19,1
31-07 15:07:10,9.733,27.202,60.144,0,0,6398716,4818152,404396,4615796,72991.060,589756.186,0,2870.928,0,535.055,6434,4208,1.240,1.720,1.650,3,0,165.707,0,0,28,302,1,19,1
31-07 15:07:11,8.245,26.733,63.460,0,0,6400076,4816756,404432,4615796,60836.335,31613.907,0,215.863,0,20.987,5258,4176,1.240,1.720,1.650,3,0,168.893,0,0,28,302,1,19,1
31-07 15:07:12,7.022,26.082,64.454,0,0,6392768,4824040,404448,4615800,45696.370,23869.411,0,401.268,0,15.048,5075,3934,1.240,1.720,1.650,1,0,165.523,0,0,28,302,1,19,1
31-07 15:07:13,7.733,26.691,62.861,0,0,6397448,4819344,404456,4615808,60620.896,31831.583,0,279.382,0,23.947,5246,4261,1.240,1.720,1.650,2,0,166.631,0,0,28,302,1,20,1
31-07 15:07:14,7.929,27.008,61.944,0,0,6397624,4819136,404484,4615812,60097.048,31737.378,0,225.973,0,22.796,5241,4342,1.220,1.710,1.650,2,0,169.480,0,0,28,302,1,20,1
31-07 15:07:15,8.579,25.737,63.586,0,0,6391508,4825224,404500,4615820,61605.140,32295.841,0,157.452,0,16.149,5292,4351,1.220,1.710,1.650,2,0,170.573,0,0,28,302,1,20,1
31-07 15:07:16,6.951,26.563,62.808,0.497,0,6392212,4824468,404548,4615824,48804.291,24042.677,0,659.356,0,39.720,5204,3940,1.220,1.710,1.650,3,0,161.860,0,0,28,302,1,19,1
31-07 15:07:17,10.210,28.141,58.024,0.249,0,6388284,4828364,404552,4615844,58501.619,32600.291,3.985,11475.398,0.996,53.791,5391,4156,1.220,1.710,1.650,2,0,173.326,0,0,28,302,1,19,1
31-07 15:07:18,9.116,27.096,62.802,0,0,6375964,4840672,404560,4615848,75735.630,592656.020,0,198.537,0,15.194,5401,4172,1.220,1.710,1.650,3,0,173.213,0,0,28,302,1,19,1
31-07 15:07:19,6.747,26.737,63.969,0,0,6381248,4835388,404560,4615848,60665.746,31848.642,0,19.990,0,4.998,5146,3935,1.200,1.700,1.640,5,0,170.918,0,0,28,302,1,19,1
31-07 15:07:20,8.004,25.264,64.786,0,0,6377936,4838696,404560,4615852,46024.610,24413.585,0,12.007,0,3.002,4967,3828,1.200,1.700,1.640,2,0,163.091,0,0,28,302,1,16,1
31-07 15:07:21,8.998,26.244,62.737,0,0,6381476,4835148,404560,4615860,61083.949,31669.234,0,15.997,0,3.999,5152,4080,1.200,1.700,1.640,1,0,166.964,0,0,28,302,1,17,1
31-07 15:07:22,7.001,26.004,64.011,0,0,6376892,4839720,404564,4615868,60705.985,32235.302,4.001,3308.544,1.000,16.003,5034,3867,1.200,1.700,1.640,1,0,163.027,0,0,28,302,1,17,1
31-07 15:07:23,8.211,24.882,64.195,0,0,6379616,4836964,404588,4615876,63491.361,35017.636,0,218.960,0,17.915,5079,3979,1.200,1.700,1.640,2,0,153.272,0,0,28,302,1,17,1
31-07 15:07:24,15.184,28.874,53.267,0,0,6372292,4844184,404640,4615924,45819.328,24622.164,0,517.733,0,32.856,5911,5198,1.270,1.700,1.650,2,0,162.289,0,0,28,302,1,16,1
31-07 15:07:25,7.563,26.219,63.278,0,0,6374772,4841664,404668,4615936,61386.746,32079.428,0,157.311,0,14.118,5302,4456,1.270,1.700,1.650,1,0,165.379,0,0,28,302,1,16,1
31-07 15:07:26,8.212,26.379,62.713,0,0,6377120,4839300,404684,4615936,73717.072,576053.120,0,270.762,0,20.904,5663,4550,1.270,1.700,1.650,4,0,163.254,0,0,28,302,1,16,1
31-07 15:07:27,8.792,27.380,61.794,0,0,6376436,4839952,404708,4615944,61165.760,32138.776,0,257.223,0,21.100,5212,4066,1.270,1.700,1.650,2,0,164.783,0,0,28,302,1,16,1
31-07 15:07:28,16.512,27.770,53.289,0,0,6385836,4830512,404732,4615960,47378.593,25103.329,0,216.158,0,17.012,5410,4381,1.270,1.700,1.650,3,0,155.113,0,0,28,302,1,16,1
31-07 15:07:29,15.235,14.735,68.182,0,0,6392436,4823884,404740,4615976,62500.951,34417.831,0,359.643,0,11.988,4035,3556,1.330,1.710,1.650,2,0,102.898,0,0,28,302,1,14,1
31-07 15:07:30,13.473,20.209,65.119,0.249,0,6396224,4936152,404780,4511640,44646.333,22973.860,0,2339.302,0,28.942,3029,2977,1.330,1.710,1.650,4,0,11.976,0,0,28,302,1,14,1
31-07 15:07:31,20.496,9.998,68.487,0,0,6399500,4924616,404848,4519472,45523.082,23403.415,0,2235.562,0,404.921,3111,2583,1.330,1.710,1.650,3,0,2.999,0,0,28,302,1,14,1
31-07 15:07:32,22.571,6.520,69.719,0,0,6422676,4897932,404904,4522540,44270.974,23130.611,0,0,0,0,2802,2703,1.330,1.710,1.650,1,0,17.054,0,0,28,302,1,14,1
31-07 15:07:33,18.488,2.748,77.200,0,0,6422836,4897484,404908,4522784,38689.826,17794.422,0,887.423,0,6.995,2316,2430,1.330,1.710,1.650,1,0,1.999,0,0,28,303,1,14,1
31-07 15:07:34,17.499,4.750,75.746,0,0,6438468,4881636,404992,4522876,24138.770,13763.299,0,1343.932,0,64.997,2851,3245,1.460,1.730,1.650,1,0,1.000,0,0,28,303,1,14,1
31-07 15:07:35,14.875,2.727,81.069,0.248,0,6438116,4881636,405052,4523120,28258.484,15492.782,0,1269.331,0,43.633,2436,2822,1.460,1.730,1.650,2,0,0,0,0,28,303,1,14,1
31-07 15:07:36,15.389,3.532,79.971,0,0,6437708,4881636,405144,4523356,27704.650,16347.308,0,1513.640,0,58.527,2478,2704,1.460,1.730,1.650,0,0,2.018,0,0,28,303,1,14,1
31-07 15:07:37,19.497,3.250,75.740,0,0,6457248,4861980,405172,4523436,21143.101,10674.537,0,535.927,0,17.998,2287,2262,1.460,1.730,1.650,2,0,1.000,0,0,28,303,1,11,1
31-07 15:07:38,15.752,4.000,78.760,0,0,6457224,4861756,405240,4523600,25822.223,15354.917,0,4556.569,0,195.024,2424,2490,1.460,1.730,1.650,1,0,0,0,0,28,303,1,11,1
31-07 15:07:39,23.767,3.502,71.550,0,0,6465036,4853720,405256,4523776,7806.441,4889.408,0,568.396,0,16.011,2701,2594,1.420,1.720,1.650,1,0,2.001,0,0,28,303,1,11,1
31-07 15:07:40,16.475,2.995,79.378,0,0,6465056,4853468,405296,4523932,24406.566,13945.611,0,870.665,0,23.963,2345,2589,1.420,1.720,1.650,1,0,0,0,0,28,303,1,11,1
31-07 15:07:41,20.525,4.505,73.339,0,0,6464128,4837592,405356,4540612,33781.848,455141.343,0,756.915,0,32.039,2983,2930,1.420,1.720,1.650,1,0,0,0,0,28,303,1,10,1
31-07 15:07:42,23.201,5.488,70.101,0.249,0,6473524,4820272,405424,4548032,687.542,0,0,1049.773,0,51.890,2772,2798,1.420,1.720,1.650,4,0,2.994,0,0,28,303,1,10,1
31-07 15:07:43,24.535,6.009,68.097,0.250,0,6474820,4807812,405708,4557188,539.769,0,0,4294.114,0,182.259,3315,3722,1.420,1.720,1.650,2,0,0,0,0,28,303,1,11,1
31-07 15:07:44,24.725,5.494,68.681,0,0,6472196,4796356,405936,4569640,18089.804,134808.397,0,1294.698,0,50.949,3225,3199,1.390,1.700,1.650,2,0,0.999,0,0,28,303,1,11,1
31-07 15:07:45,24.267,4.753,69.300,0,0,6474644,4787856,405948,4574864,479.344,0,0,744.535,0,22.016,2747,2727,1.390,1.700,1.650,6,0,2.001,0,0,28,303,1,8,1
31-07 15:07:46,23.243,5.498,69.980,0.250,0,6485840,4756228,406312,4593332,14917.643,7455.823,0,2363.310,0,104.969,2907,3020,1.390,1.700,1.650,4,0,0,0,0,28,303,1,8,1
31-07 15:07:47,23.525,5.005,70.074,0,0,6484904,4745784,406904,4602172,761.808,0,0,2398.544,0,85.090,2797,2925,1.390,1.700,1.650,2,0,1.001,0,0,28,303,1,8,1
31-07 15:07:48,22.734,5.496,69.952,0.250,0,6487024,4719476,407248,4624124,299.795,0,0,1506.970,0,50.965,2768,2906,1.390,1.700,1.650,3,0,1.999,0,0,28,303,1,8,1
31-07 15:07:49,24.486,4.997,69.960,0.250,0,6484752,4712768,407292,4631716,298.828,147.915,0,1639.056,0,56.967,2816,2860,1.360,1.690,1.640,1,0,0,0,0,28,303,1,8,1
31-07 15:07:50,25.259,6.502,66.273,0,0,6438244,4774540,407308,4615920,17323.008,8826.061,0,452.157,0,14.005,3006,2735,1.360,1.690,1.640,3,0,2.001,0,0,28,302,1,8,1
31-07 15:07:51,21.210,8.385,68.317,0,0,6453316,4759452,407308,4615932,590.929,0,0,430.125,0,7.892,2842,2755,1.360,1.690,1.640,3,0,18.744,0,0,28,302,1,9,1
31-07 15:07:52,15.729,6.089,78.138,0,0,6460368,4752400,407308,4615932,5666.553,2055.952,0,133.951,0,4.059,2373,2330,1.360,1.690,1.640,2,0,18.266,0,0,28,303,1,9,1
31-07 15:07:53,22.015,5.442,70.252,0,0,6443100,4763108,407324,4621804,16686.252,8904.150,0,1187.352,0,18.800,2680,2629,1.360,1.690,1.640,3,0,1.979,0,0,28,302,1,8,1
31-07 15:07:54,24.244,8.587,66.167,0,0,6446708,4758824,407360,4622344,44657.922,22423.918,0,747.531,0,24.244,4955,7635,1.330,1.680,1.640,1,0,6.061,0,0,28,302,1,8,1
31-07 15:07:55,26.225,16.234,54.947,0.250,0,6480452,4724104,407368,4625756,30651.213,14577.833,0,411.600,0,16.983,5471,10753,1.330,1.680,1.640,5,0,43.957,0,0,28,302,1,8,1
31-07 15:07:56,29.080,12.643,55.631,0,0,6464128,4740276,407388,4623352,15208.537,7543.580,0,1501.029,0,15.172,7234,19082,1.330,1.680,1.640,1,0,8.092,0,0,28,302,1,9,1
31-07 15:07:57,17.090,11.393,68.855,0,0,6461156,4743100,407396,4623444,14836.034,7228.294,0,1886.331,0,322.975,3161,2630,1.330,1.680,1.640,3,0,14.861,0,0,28,302,1,8,1
31-07 15:07:58,28.414,13.210,56.829,0,0,6445888,4765524,407420,4616928,15480.287,7274.050,0,566.291,0,26.919,3558,3127,1.330,1.680,1.640,1,0,6.979,0,0,28,302,1,8,1
31-07 15:07:59,23.894,7.467,66.705,0,0,6449248,4762304,407428,4616780,15070.369,7476.942,0,346.468,0,6.969,3147,3126,1.380,1.690,1.640,4,0,12.943,0,0,28,302,1,8,1
31-07 15:08:00,28.276,9.846,60.844,0,0,6435984,4776272,407448,4616056,30703.700,16862.597,0,428.179,0,19.187,4522,5285,1.380,1.690,1.640,3,0,41.404,0,0,28,302,1,8,1
31-07 15:08:01,26.719,9.648,58.138,0,0,6434148,4778092,407448,4616072,61260.757,33985.045,0,0,0,0,7683,12866,1.380,1.690,1.640,1,0,4.948,0,0,28,302,1,7,1
31-07 15:08:02,22.626,7.627,70.422,0,0,6450764,4761464,407448,4616084,44954.915,22624.402,0,239.993,0,3.051,2916,2615,1.380,1.690,1.640,1,0,18.305,0,0,28,302,1,7,1
31-07 15:08:03,15.826,7.666,74.185,0,0,6465808,4746420,407448,4616088,34588.179,16437.496,0,11426.523,0,54.403,2792,2642,1.380,1.690,1.640,3,0,16.815,0,0,28,303,1,7,1
31-07 15:08:04,23.709,5.801,70.370,0,0,6446340,4759604,407504,4621776,17221.694,8622.954,0,1303.481,0,40.355,2994,3055,1.350,1.680,1.640,2,0,4.036,0,0,28,302,1,7,1
31-07 15:08:05,23.835,8.690,64.801,0,0,6452440,4752608,407508,4622528,15088.432,7633.100,0,317.798,0,6.952,5499,9045,1.350,1.680,1.640,3,0,5.959,0,0,28,302,1,7,1
31-07 15:08:06,21.133,10.063,66.922,0,0,6476360,4727664,407512,4623416,15844.802,7505.274,0,169.065,0,4.025,4384,6437,1.350,1.680,1.640,2,0,8.051,0,0,28,302,1,7,1
31-07 15:08:07,22.412,10.475,62.852,0,0,6467980,4735928,407512,4623528,14875.863,7267.404,0,85.751,0,0.974,6939,13247,1.350,1.680,1.640,2,0,8.770,0,0,28,302,1,7,1
31-07 15:08:08,18.058,13.225,68.415,0,0,6461320,4742428,407524,4623620,15295.528,7654.377,0,6112.107,0,133.270,3045,2651,1.350,1.680,1.640,2,0,14.243,0,0,28,302,1,7,1
31-07 15:08:09,19.538,9.769,70.387,0,0,6424820,4787116,407544,4616276,1308.556,148.290,0,356.697,0,13.025,2570,2466,1.320,1.660,1.630,3,0,1.002,0,0,28,302,1,7,1
31-07 15:08:10,20.993,7.997,69.227,0,0,6439228,4772864,407544,4616124,15210.018,7941.399,0,47.984,0,2.999,3037,2807,1.320,1.660,1.630,2,0,23.992,0,0,28,302,1,7,1
31-07 15:08:11,22.398,7.964,67.693,0,0,6412848,4799192,407584,4616140,3639.501,131.404,0,621.184,0,27.874,3195,3021,1.320,1.660,1.630,5,0,31.856,0,0,28,302,1,7,1
31-07 15:08:12,23.367,12.060,63.065,0,0,6401756,4810336,407588,4616148,68888.791,622807.135,0,285.424,0,10.050,4352,3926,1.320,1.660,1.630,2,0,63.316,0,0,28,302,1,7,1
31-07 15:08:13,25.626,10.698,60.706,0,0,6413968,4798116,407596,4616148,44860.622,23207.545,0,1429.075,0,309.500,7798,13260,1.320,1.660,1.630,1,0,7.961,0,0,28,302,1,8,1
31-07 15:08:14,21.693,11.969,64.830,0,0,6444816,4767244,407608,4616160,44623.745,25209.758,0,17537.917,0,80.788,3443,3059,1.300,1.650,1.630,4,0,18.950,0,0,28,302,1,7,1
31-07 15:08:15,22.421,6.975,68.758,0,0,6446040,4766012,407608,4616168,29434.481,15025.157,0,23.916,0,1.993,2869,2628,1.300,1.650,1.630,1,0,17.937,0,0,28,302,1,7,1
31-07 15:08:16,15.986,4.996,77.682,0.250,0,6451016,4761028,407628,4616176,36443.959,18083.101,0,531.533,0,20.982,2409,2440,1.300,1.650,1.630,2,0,1.998,0,0,28,303,1,7,1
31-07 15:08:17,24.766,5.307,69.748,0,0,6433252,4771948,407632,4622428,15566.949,7945.209,0,934.017,0,17.184,2730,2611,1.300,1.650,1.630,2,0,3.033,0,0,28,302,1,7,1
31-07 15:08:18,22.992,8.247,65.978,0,0,6450640,4754336,407632,4622572,15149.921,7683.424,0,335.887,0,2.999,4437,7335,1.300,1.650,1.630,2,0,5.998,0,0,28,302,1,7,1
31-07 15:08:19,21.249,18.999,56.997,0,0,6457036,4746932,407636,4623464,14795.141,7575.560,4.000,68931.997,1.000,189.989,4792,6608,1.350,1.660,1.630,1,0,9.999,0,0,28,302,1,7,1
31-07 15:08:20,21.976,10.239,65.178,0,0,6440760,4763060,407636,4623576,14898.546,7677.521,0,87.903,0,0.999,5437,8848,1.350,1.660,1.630,4,0,4.994,0,0,28,302,1,7,1
31-07 15:08:21,20.552,12.532,65.665,0,0,6441420,4762304,407652,4623652,300.758,0,0,1451.659,0,12.030,4289,5937,1.350,1.660,1.630,3,0,14.035,0,0,28,302,1,8,1
31-07 15:08:22,21.065,11.648,65.674,0,0,6419284,4784472,407664,4623608,15243.208,7619.126,0,444.102,0,18.835,3110,2924,1.350,1.660,1.630,2,0,7.930,0,0,28,302,1,7,1
31-07 15:08:23,24.711,9.834,64.804,0,0,6404604,4807128,407688,4616216,1704.580,1364.673,0,580.969,0,20.173,3267,2992,1.350,1.660,1.630,2,0,7.060,0,0,28,302,1,7,1
31-07 15:08:24,21.756,8.502,67.269,1.000,0,6412516,4797736,407744,4617588,45095.990,24034.923,248.071,7030.025,4.001,39.011,3098,3058,1.330,1.650,1.630,2,0,0,0,0,28,302,1,7,1
31-07 15:08:25,28.516,9.755,59.783,1.001,0,6425812,4782236,407836,4619452,30193.650,14666.087,392.216,1644.907,10.006,33.018,4374,5050,1.330,1.650,1.630,2,0,8.004,0,0,28,303,1,9,1
31-07 15:08:26,25.380,7.465,65.191,0.249,0,6426428,4781240,408004,4619664,29749.988,14523.162,0,2117.961,0,162.231,5584,7145,1.330,1.650,1.630,2,0,0,0,0,28,305,1,12,1
31-07 15:08:27,26.107,8.535,62.506,0.251,0,6426584,4780736,408132,4619884,15097.822,7458.541,0,1004.112,0,127.522,5684,7216,1.330,1.650,1.630,4,0,2.008,0,0,28,305,1,12,1
31-07 15:08:28,27.985,12.493,57.469,0,0,6388200,4818852,408236,4620048,15428.593,7615.850,127.930,4373.617,0.999,723.606,5962,6138,1.330,1.650,1.630,4,0,29.984,0,0,28,304,1,12,1
31-07 15:08:29,7.758,25.276,65.068,0,0,6392116,4814892,408244,4620084,30950.292,32015.403,0,140.146,0,10.010,4817,3861,1.460,1.670,1.640,3,0,155.162,0,0,28,304,1,12,1
31-07 15:08:30,9.719,29.156,57.814,0.498,0,6372224,4834632,408376,4620100,74142.881,596259.040,0,4744.762,0,226.273,6022,4894,1.460,1.670,1.640,1,0,148.523,0,0,28,304,1,12,1
31-07 15:08:31,10.262,20.275,67.332,0,0,6386616,4820224,408384,4620108,45799.454,25881.337,0,180.218,0,15.018,4570,3681,1.460,1.670,1.640,2,0,93.113,0,0,28,304,1,12,1
31-07 15:08:32,17.538,9.771,70.905,0,0,6370732,4836112,408392,4620120,61070.420,33757.750,0,88.193,0,6.013,3225,2921,1.460,1.670,1.640,0,0,23.050,0,0,28,304,1,14,1
31-07 15:08:33,7.005,10.008,81.313,0,0,6380204,4828464,408404,4618284,126784.674,44432.230,0,760.586,0,17.013,3081,3141,1.460,1.670,1.640,0,0,25.019,0,0,28,305,1,14,1
31-07 15:08:34,6.989,3.494,87.610,0,0,6378596,4830068,408416,4618308,52380.054,18575.231,0,1413.734,0,215.654,2951,3271,1.340,1.640,1.630,4,0,1.997,0,0,28,305,0,14,1
31-07 15:08:35,6.249,4.749,87.989,0,0,6376092,4832292,408444,4618560,153205.139,18994.538,0,275.964,0,10.999,2337,2658,1.340,1.640,1.630,2,0,4.999,0,0,28,304,0,14,2
31-07 15:08:36,8.737,11.732,77.132,0,0,6372460,4835600,408456,4618808,157851.216,360498.817,0,746.856,0,8.986,3639,3416,1.340,1.640,1.630,2,0,35.945,0,0,28,304,1,15,1
31-07 15:08:37,8.079,21.208,69.431,0,0,6379728,4828312,408460,4618824,102663.008,184089.712,0,173.704,0,9.089,5098,3841,1.340,1.640,1.630,1,0,186.833,0,0,28,304,1,15,1
31-07 15:08:38,11.418,16.878,64.286,5.212,0,6380908,4826860,408532,4618992,43890.187,22233.511,182.681,563.929,14.893,51.627,4340,3912,1.340,1.640,1.630,0,1,129.068,0,0,28,304,1,15,1
31-07 15:08:39,8.000,6.000,69.753,14.251,0,6386784,4819076,408772,4620384,14916.559,7680.288,1636.061,8.000,132.005,2.000,2384,2735,1.310,1.630,1.620,2,0,0,0,0,28,304,1,15,1
31-07 15:08:40,9.756,8.255,69.044,11.507,0,6385324,4816192,409232,4623280,29609.801,15161.627,3334.117,3666.328,594.377,169.107,3414,4023,1.310,1.630,1.620,0,1,2.001,0,0,28,304,1,15,1
31-07 15:08:41,12.387,3.964,69.366,12.635,0,6384380,4811724,409480,4627840,14899.921,7784.902,4760.523,103.059,238.819,12.882,2660,3118,1.310,1.630,1.620,3,0,0,0,0,28,304,1,15,1
31-07 15:08:42,20.936,8.225,67.794,1.246,0,6388524,4804164,409704,4628556,14989.457,7596.918,885.310,358.910,68.791,20.936,3644,3806,1.310,1.630,1.620,6,0,0,0,0,28,304,1,15,1
31-07 15:08:43,22.944,8.825,68.327,0.252,0,6383948,4808704,409720,4628576,242.045,74.631,0,225.909,0,20.170,2930,2905,1.310,1.630,1.620,1,0,3.026,0,0,28,304,1,16,1
31-07 15:08:44,27.782,9.097,60.727,0,0,6349016,4843444,409756,4628728,50651.995,25150.454,0,468.117,0,49.172,4302,4300,1.290,1.620,1.620,6,0,1.967,0,0,28,298,0,22,1
31-07 15:08:45,81.115,11.989,7.142,0,0,6022508,5169896,409776,4628748,54774.639,30643.148,0,261.201,0,20.406,5438,3490,1.290,1.620,1.620,3,0,3.061,0,0,28,276,0,25,2
31-07 15:08:46,62.223,15.493,21.491,0,0,5869240,5323152,409784,4628324,29518.305,14981.557,0,119.948,0,6.997,4600,3004,1.290,1.620,1.620,5,0,8.996,0,0,28,270,0,24,1
31-07 15:08:47,85.153,14.983,0,0,0,6029244,5163132,409792,4628756,29905.864,15472.339,0,135.845,0,8.990,5324,3168,1.290,1.620,1.620,7,0,4.994,0,0,28,270,0,24,1
31-07 15:08:48,83.255,16.251,0.750,0,0,6150656,5041696,409812,4628760,44491.917,22711.489,0,480.031,0,22.001,5444,3412,1.290,1.620,1.620,6,0,1.000,0,0,28,272,0,25,1
31-07 15:08:49,86.559,12.722,0.499,0,0,6235832,4955260,409816,4630016,14763.358,7764.832,0,1145.467,0,191.576,8726,9563,1.670,1.690,1.640,6,0,3.991,0,0,28,278,1,29,1
31-07 15:08:50,71.860,13.317,14.070,0,0,6275604,4914212,409844,4631264,29800.112,15330.711,0,530.655,0,28.141,5851,6482,1.670,1.690,1.640,11,0,4.020,0,0,28,286,1,34,1
31-07 15:08:51,49.028,10.506,39.773,0,0,6310704,4878692,409848,4631680,14924.465,7860.459,0,188.107,0,15.009,4880,4695,1.670,1.690,1.640,2,0,0,0,0,28,290,1,36,1
31-07 15:08:52,20.965,4.493,73.628,0,0,6319332,4869872,409848,4631872,15189.775,7585.403,0,0,0,0,2910,3404,1.670,1.690,1.640,0,0,1.997,0,0,28,288,1,39,1
31-07 15:08:53,2.736,1.741,93.756,0,0,6319332,4869872,409848,4631872,179.057,73.612,0,11.937,0,2.984,1606,2329,1.670,1.690,1.640,1,0,0,0,0,28,288,1,39,1
31-07 15:08:54,5.020,3.012,90.618,0,0,6316680,4872320,409908,4632016,26534.904,449895.497,0,1112.524,0,75.306,2623,3515,1.530,1.660,1.640,1,0,0,0,0,28,288,1,39,1
31-07 15:08:55,2.497,3.496,91.405,1.498,0,6315000,4873960,409932,4632032,17867.472,134426.607,7.992,2573.332,1.998,23.975,1879,2446,1.530,1.660,1.640,1,0,2.997,0,0,28,288,1,38,1
31-07 15:08:56,17.260,11.007,70.292,0,0,6340672,4848260,409952,4632040,2272.370,1427.861,0,360.217,0,19.011,3793,7985,1.530,1.660,1.640,0,0,36.022,0,0,28,288,1,39,1
31-07 15:08:57,2.504,1.502,94.640,0,0,6324992,4863940,409952,4632040,14938.070,7469.035,0,1221.805,0,4.006,1586,2287,1.530,1.660,1.640,3,0,1.001,0,0,28,288,1,39,1
31-07 15:08:58,4.229,3.483,90.548,0,0,6327232,4861672,409968,4632052,416.918,0,0,123.384,0,16.916,1906,2683,1.530,1.660,1.640,4,0,3.980,0,0,28,288,1,39,1
31-07 15:08:59,9.791,8.536,80.587,0,0,6362452,4825420,409972,4633080,15442.606,7475.274,0,12560.549,0,1518.352,4012,2969,1.410,1.640,1.630,0,0,2.008,0,0,28,288,1,38,1
31-07 15:09:00,8.007,4.504,86.822,0,0,6394932,4793948,409992,4632052,825.686,74.062,0,444.369,0,22.018,2272,2965,1.410,1.640,1.630,1,0,0,0,0,28,288,1,38,1
31-07 15:09:01,1.749,1.749,94.969,0,0,6394932,4793948,409992,4632052,419.865,0,0,3.999,0,1.000,1463,2190,1.410,1.640,1.630,1,0,1.999,0,0,28,288,1,38,1
31-07 15:09:02,2.252,2.001,94.818,0,0,6395160,4793696,410012,4632056,15105.769,7301.205,0,292.208,0,15.011,1548,2275,1.410,1.640,1.630,0,0,0,0,0,28,288,1,38,1
31-07 15:09:03,2.490,1.992,94.632,0,0,6391504,4797336,410028,4632056,820.811,0,0,123.520,0,13.946,1542,2381,1.410,1.640,1.630,0,0,0,0,0,28,288,1,38,1
31-07 15:09:04,3.255,2.504,92.398,0,0,6379176,4809584,410088,4632076,539.864,148.237,0,797.276,0,64.103,2142,3295,1.300,1.610,1.620,1,0,2.003,0,0,28,288,1,38,1
31-07 15:09:05,2.756,2.756,93.195,0,0,6371904,4816816,410088,4632116,15067.502,7377.424,0,32.067,0,4.008,1762,2498,1.300,1.610,1.620,1,0,0,0,0,28,288,1,38,1
31-07 15:09:06,2.746,1.748,94.379,0,0,6364908,4823796,410100,4632120,418.465,0,0,231.704,0,20.973,1545,2387,1.300,1.610,1.620,0,0,0,0,0,28,288,1,38,1
31-07 15:09:07,4.252,2.251,91.053,0,0,6359304,4829392,410100,4632128,2994.739,1353.786,0,12.007,0,1.001,1981,2630,1.300,1.610,1.620,1,0,3.002,0,0,28,288,1,38,1
31-07 15:09:08,3.251,2.001,93.543,0.250,0,6354384,4834308,410104,4632128,821.377,74.034,0,180.083,0,21.010,1819,2675,1.300,1.610,1.620,1,0,0,0,0,28,288,1,38,1
31-07 15:09:09,2.242,1.993,94.412,0,0,6348676,4840016,410104,4632128,15042.103,7578.845,0,3.986,0,0.996,1479,2224,1.190,1.580,1.610,1,0,0,0,0,28,288,1,38,1
31-07 15:09:10,2.761,2.259,93.385,0,0,6348900,4839772,410120,4632132,1065.390,42.174,0,1883.762,0,118.488,1971,2695,1.190,1.580,1.610,1,0,2.008,0,0,28,288,1,38,1
31-07 15:09:11,2.750,1.500,95.000,0,0,6348856,4839800,410132,4632140,688.999,0,0,200.000,0,16.000,1637,2531,1.190,1.580,1.610,0,0,0,0,0,28,288,1,38,1
31-07 15:09:12,2.250,1.750,94.759,0,0,6348840,4839800,410148,4632140,13376.232,264.024,0,216.020,0,11.001,1437,2233,1.190,1.580,1.610,2,0,0,0,0,28,288,1,38,1
31-07 15:09:13,3.248,2.249,93.439,0,0,6348844,4839776,410168,4632140,701.544,0,0,95.938,0,12.992,1795,2628,1.190,1.580,1.610,1,0,1.999,0,0,28,288,1,39,1
31-07 15:09:14,3.000,2.250,93.259,0,0,6348516,4840028,410224,4632160,15096.388,7444.684,0,356.033,0,40.004,1995,3089,1.100,1.560,1.600,1,0,0,0,0,28,288,1,39,1
31-07 15:09:15,2.001,1.751,95.059,0,0,6348756,4839776,410236,4632160,360.223,0,0,128.079,0,8.005,1478,2234,1.100,1.560,1.600,0,0,0,0,0,28,288,1,38,1
31-07 15:09:16,3.248,1.749,94.438,0,0,6348980,4839524,410264,4632160,418.726,0,0,547.642,0,26.982,1551,2263,1.100,1.560,1.600,3,0,1.999,0,0,28,288,1,38,1
31-07 15:09:17,2.501,2.001,94.786,0,0,6348436,4840032,410296,4632164,846.325,0,0,120.046,0,13.005,1568,2313,1.100,1.560,1.600,0,0,2.001,0,0,28,288,1,38,1
31-07 15:09:18,4.493,2.996,90.866,0,0,6348636,4839792,410304,4632180,1926.157,1351.006,0,95.859,0,8.987,1906,2592,1.100,1.560,1.600,1,0,0,0,0,28,288,1,38,1
31-07 15:09:19,3.241,3.490,91.496,0,0,6348948,4839492,410304,4632168,96427.822,28736.379,0,0,0,0,2099,2649,1.010,1.530,1.590,2,0,12.964,0,0,28,288,1,38,1
31-07 15:09:20,10.034,25.084,62.460,0,0,6351772,4836528,410436,4632176,45168.561,23095.496,0,3074.316,0,215.724,5919,4807,1.010,1.530,1.590,3,0,220.741,0,0,28,288,1,38,1
31-07 15:09:21,15.493,15.493,66.970,0,0,6357624,4830672,410436,4632180,29502.997,14651.543,0,43.981,0,4.998,3552,3051,1.010,1.530,1.590,3,0,82.963,0,0,28,288,1,39,1
31-07 15:09:22,24.232,5.746,69.447,0,0,6396432,4791864,410436,4632180,29850.379,14580.951,0,0,0,0,2581,2317,1.010,1.530,1.590,3,0,1.998,0,0,28,288,1,39,1
31-07 15:09:23,23.532,5.758,69.344,0,0,6412548,4775736,410436,4632200,14876.190,7305.916,0,108.147,0,10.014,3095,3040,1.010,1.530,1.590,3,0,0,0,0,28,292,1,38,1
31-07 15:09:24,27.218,2.997,68.670,0,0,6414272,4773972,410464,4632208,14957.533,7888.787,0,339.603,0,31.963,3015,3022,1.010,1.520,1.590,1,0,0,0,0,28,293,1,38,1
31-07 15:09:25,23.973,17.231,56.937,0,0,6383468,4804744,410464,4632240,29972.739,15390.921,0,0,0,0,4592,4101,1.010,1.520,1.590,5,0,125.860,0,0,28,296,1,39,1
31-07 15:09:26,28.779,23.774,44.544,0,0,6388564,4799456,410488,4632408,44311.169,22138.067,0,200.200,0,19.019,5977,5440,1.010,1.520,1.590,1,0,184.184,0,0,28,294,1,41,1
31-07 15:09:27,21.540,7.514,69.880,0,0,6401156,4786856,410492,4632412,14823.488,7309.554,0,112.208,0,8.015,2589,2561,1.010,1.520,1.590,2,0,1.002,0,0,28,294,1,34,1
31-07 15:09:28,25.188,5.985,67.333,0,0,6421788,4766168,410536,4632424,39495.009,440812.304,0,163.594,0,21.946,3364,3341,1.010,1.520,1.590,2,0,1.995,0,0,28,294,1,34,1
31-07 15:09:29,27.304,7.014,63.625,0,0,6378996,4808916,410544,4632456,18340.123,85206.823,0,180.355,0,10.020,3560,3300,1.090,1.530,1.590,2,0,2.004,0,0,28,296,1,34,1
31-07 15:09:30,9.982,24.956,63.637,0,0,6369840,4817916,410564,4632584,127935.207,49787.352,0,3098.483,0,578.969,5781,4176,1.090,1.530,1.590,2,0,188.664,0,0,28,296,1,34,1
31-07 15:09:31,8.016,23.548,64.883,1.002,0,6361944,4825664,410700,4632596,60838.293,37197.995,140.287,0,5.010,0,5112,3879,1.090,1.530,1.590,2,0,185.379,0,0,28,296,1,34,1
31-07 15:09:32,6.752,24.257,66.518,0,0,6357004,4830552,410748,4632600,61362.575,38272.338,0,796.215,0,42.011,5249,4099,1.090,1.530,1.590,3,0,184.050,0,0,28,296,1,34,1
31-07 15:09:33,7.228,22.929,67.541,0.249,0,6359764,4827780,410752,4632608,60634.813,38439.333,0,43.865,0,4.985,5078,3942,1.090,1.530,1.590,3,0,181.440,0,0,28,296,1,34,1
31-07 15:09:34,9.278,22.820,65.450,0,0,6362716,4824760,410808,4632620,45877.292,29600.518,0,437.337,0,38.117,5587,4771,1.160,1.540,1.590,3,0,176.540,0,0,28,296,1,34,1
31-07 15:09:35,8.748,23.745,65.986,0,0,6364236,4823236,410808,4632624,61663.260,38614.022,0,3.999,0,1.000,5328,4236,1.160,1.540,1.590,2,0,184.962,0,0,28,296,1,32,1
31-07 15:09:36,9.715,23.914,63.770,0,0,6356588,4830844,410832,4632640,70867.633,470119.955,0,306.894,0,21.921,5709,4725,1.160,1.540,1.590,3,0,200.278,0,0,28,296,1,32,1
31-07 15:09:37,7.278,24.596,65.506,0,0,6356000,4831424,410832,4632648,63625.194,118616.710,0,36.141,0,3.012,5209,3973,1.160,1.540,1.590,4,0,196.768,0,0,28,296,1,32,1
31-07 15:09:38,7.244,24.731,65.950,0,0,6356312,4831104,410832,4632656,45888.058,27940.724,0,0,0,0,5241,3920,1.160,1.540,1.590,2,0,203.845,0,0,28,296,1,32,1
31-07 15:09:39,8.507,27.524,61.804,0,0,6355440,4831932,410864,4632668,61082.800,38185.633,0,228.201,0,22.019,5444,4184,1.150,1.530,1.590,6,0,213.188,0,0,28,296,1,32,1
31-07 15:09:40,9.981,24.203,62.379,0,0,6352336,4834996,410888,4632684,62282.541,39007.556,0,363.297,0,25.950,5569,4571,1.150,1.530,1.590,2,0,189.633,0,0,28,296,1,31,1
31-07 15:09:41,9.984,21.217,67.145,0,0,6359620,4827692,410904,4632688,60776.662,37213.624,0,459.280,0,79.875,5029,4012,1.150,1.530,1.590,2,0,150.764,0,0,28,296,1,31,1
31-07 15:09:42,21.769,7.006,69.560,0,0,6408496,4778804,410916,4632688,44305.438,23078.022,0,184.160,0,9.008,2687,2574,1.150,1.530,1.590,2,0,2.002,0,0,28,296,1,31,1
31-07 15:09:43,23.770,6.005,69.057,0,0,6437936,4749332,410936,4632700,29862.862,15384.808,0,232.193,0,14.012,2914,2853,1.150,1.530,1.590,2,0,0,0,0,28,296,1,32,1
31-07 15:09:44,23.977,6.993,68.184,0,0,6414416,4772796,410976,4632716,30677.213,17235.265,0,287.721,0,22.978,3357,3418,1.140,1.520,1.590,3,0,4.995,0,0,28,296,1,31,1
31-07 15:09:45,23.044,6.262,69.632,0,0,6419952,4767252,410980,4632720,44291.880,22873.318,0,68.129,0,6.011,2788,2718,1.140,1.520,1.590,1,0,2.004,0,0,28,296,1,31,1
31-07 15:09:46,24.967,5.742,67.162,0,0,6433736,4753448,410992,4632728,42465.322,587248.041,0,1805.633,0,336.559,3769,3173,1.140,1.520,1.590,1,0,0.999,0,0,28,297,1,32,1
31-07 15:09:47,23.034,9.013,66.598,0.250,0,6433504,4753448,411168,4632784,15325.630,7859.605,0,1025.514,0,145.214,4316,5351,1.140,1.520,1.590,1,0,2.003,0,0,28,297,1,32,1
31-07 15:09:48,19.490,10.245,68.715,0,0,6393936,4793016,411168,4632784,14967.352,7616.108,0,0,0,0,2969,2793,1.140,1.520,1.590,2,0,23.988,0,0,28,297,1,23,1
31-07 15:09:49,24.033,5.007,69.845,0,0,6435224,4751728,411168,4632784,59192.724,31665.183,0,0,0,0,2750,2823,1.120,1.510,1.580,1,0,0,0,0,28,298,1,23,1
31-07 15:09:50,25.736,4.997,67.214,0,0,6435720,4750972,411284,4632928,29575.251,15393.803,0,1855.012,0,105.944,3728,3910,1.120,1.510,1.580,3,0,0,0,0,28,297,1,23,1
31-07 15:09:51,12.248,5.999,81.234,0.250,0,6394672,4791996,411296,4632940,31503.829,17633.546,0,107.979,0,8.998,2693,2888,1.120,1.510,1.580,2,0,22.995,0,0,28,297,1,25,1
31-07 15:09:52,4.753,2.251,91.309,0.250,0,6389616,4796992,411348,4632948,44235.743,22226.442,0,336.218,0,40.026,2061,3026,1.120,1.510,1.580,3,0,0,0,0,28,297,1,10,1
31-07 15:09:53,2.250,2.000,94.493,0,0,6385128,4801476,411356,4632944,14854.953,7295.486,0,159.989,0,9.999,1566,2343,1.120,1.510,1.580,2,0,0,0,0,28,297,1,10,1
31-07 15:09:54,3.000,2.250,93.515,0,0,6380976,4805584,411392,4632952,29535.581,14742.287,0,564.087,0,35.005,1875,2797,1.030,1.490,1.570,1,0,2.000,0,0,28,297,1,10,1
31-07 15:09:55,1.500,1.500,94.476,0,0,6377312,4809236,411404,4632952,14792.195,7456.082,0,51.987,0,5.998,1580,2489,1.030,1.490,1.570,0,0,0,0,0,28,297,1,10,1
31-07 15:09:56,9.249,6.749,82.987,0,0,6397672,4788852,411428,4635260,14972.635,7294.848,0,179.972,0,18.997,2522,5740,1.030,1.490,1.570,6,0,33.995,0,0,28,297,1,10,1
31-07 15:09:57,5.694,5.694,86.399,0,0,6374600,4811892,411452,4632960,237.660,73.278,0,261.426,0,21.785,2523,6593,1.030,1.490,1.570,1,0,4.951,0,0,28,297,1,11,1
31-07 15:09:58,2.760,2.258,94.332,0,0,6374580,4811892,411468,4632964,14967.751,7388.038,0,76.269,0,12.042,1765,2646,1.030,1.490,1.570,1,0,0,0,0,28,297,1,11,1
31-07 15:09:59,8.613,6.080,85.368,0,0,6416004,4769940,411472,4633484,14992.298,7392.796,0,101.327,0,8.106,2123,2549,0.950,1.460,1.560,0,0,4.053,0,0,28,297,1,11,1
31-07 15:10:00,4.470,2.483,90.638,0.248,0,6416084,4769812,411520,4633484,416.190,188.726,0,671.466,0,47.678,2305,3313,0.950,1.460,1.560,0,0,1.987,0,0,28,297,1,10,1
31-07 15:10:01,21.222,10.736,66.162,0,0,6400376,4786004,411548,4632972,30019.884,15231.646,0,2412.776,0,471.370,3654,3334,0.950,1.460,1.560,1,0,8.988,0,0,28,297,1,10,1
31-07 15:10:02,26.709,5.741,66.648,0,0,6445948,4740420,411548,4632984,31233.291,15986.580,0,87.866,0,1.997,2877,2630,0.950,1.460,1.560,1,0,0,0,0,28,297,1,10,1
31-07 15:10:03,24.555,4.510,69.656,0,0,6445928,4740420,411548,4633004,29986.269,14787.172,0,8.018,0,1.002,3066,2967,0.950,1.460,1.560,1,0,2.004,0,0,28,297,1,10,1
31-07 15:10:04,19.654,9.952,68.168,0,0,6415160,4771168,411568,4633004,45163.101,23408.026,0,262.721,0,18.908,3397,3427,0.950,1.450,1.560,3,0,25.874,0,0,28,297,1,10,1
31-07 15:10:05,24.866,8.791,65.054,0,0,6429724,4756552,411568,4633056,57448.326,592843.017,0,4.019,0,1.005,3604,3281,0.950,1.450,1.560,1,0,1.005,0,0,28,297,1,10,1
31-07 15:10:06,21.749,5.000,72.247,0,0,6349312,4836940,411572,4633076,15214.470,7457.740,0,311.989,0,14.999,2788,2649,0.950,1.450,1.560,2,0,7.000,0,0,28,297,1,10,1
31-07 15:10:07,5.748,6.997,82.965,2.249,0,6348440,4836464,411600,4634396,127654.302,39895.218,1071.549,327.862,15.993,22.990,2793,3230,0.950,1.450,1.560,1,0,12.995,0,0,28,297,1,10,1
31-07 15:10:08,11.261,14.764,68.564,3.754,0,6347180,4834460,411676,4637568,45583.863,22637.286,1917.803,2866.696,48.045,135.127,3255,3053,0.950,1.450,1.560,0,1,4.004,0,0,28,297,1,10,1
31-07 15:10:09,9.227,11.721,68.582,8.479,0,6345524,4828424,411676,4645228,60018.868,30984.045,6496.075,115.716,117.711,6.983,2961,2808,0.960,1.440,1.560,1,0,1.995,0,0,28,297,1,10,1
31-07 15:10:10,7.754,10.506,68.789,12.007,0,6345348,4819856,411700,4653916,45530.807,24021.615,7968.517,424.240,88.050,25.014,3094,3231,0.960,1.440,1.560,0,1,6.003,0,0,28,297,1,10,1
31-07 15:10:11,3.734,4.978,68.701,19.416,0,6344224,4805492,411720,4669320,44823.214,22452.430,14190.334,230.996,162.295,24.892,3106,3614,0.960,1.440,1.560,2,1,1.991,0,0,28,297,1,10,1
31-07 15:10:12,3.771,4.022,68.884,21.620,0,6343720,4789376,411732,4685864,44575.294,22173.511,15023.685,583.249,166.930,85.476,3007,3267,0.960,1.440,1.560,1,1,0,0,0,28,297,1,10,1
31-07 15:10:13,13.230,11.982,67.397,5.741,0,6344304,4781828,411756,4692772,16281.216,8701.754,5403.774,259.605,61.906,19.970,3093,3154,0.960,1.440,1.560,3,0,1.997,0,0,28,297,1,11,1
31-07 15:10:14,14.511,14.511,69.554,0,0,6344220,4779308,411784,4695332,29960.346,14991.682,0,368.287,0,20.016,2780,2718,1.040,1.450,1.560,2,0,0,0,0,28,297,1,11,1
31-07 15:10:15,7.011,8.012,69.354,14.271,0,6344032,4768808,411784,4705972,39725.655,442935.139,9962.961,64.096,95.143,4.006,3193,3120,1.040,1.450,1.560,2,1,4.006,0,0,28,297,1,11,1
31-07 15:10:16,4.520,4.520,69.052,20.590,0,6345808,4751928,411796,4721016,49107.991,103272.118,15033.817,397.741,154.677,19.084,3202,3155,1.040,1.450,1.560,2,1,5.022,0,0,28,297,1,10,1
31-07 15:10:17,3.485,4.480,69.939,20.409,0,6345112,4737816,411796,4735744,45025.068,22450.310,14507.580,47.788,149.337,3.982,2858,3058,1.040,1.450,1.560,0,1,2.987,0,0,28,297,1,10,1
31-07 15:10:18,3.249,4.748,69.971,20.491,0,6345468,4725256,411796,4747868,44998.102,22378.602,12022.951,3.998,118.950,1.000,2718,2922,1.040,1.450,1.560,1,1,1.999,0,0,28,297,1,10,1
31-07 15:10:19,4.501,7.001,69.013,17.753,0,6345480,4709380,411796,4763652,59302.961,29851.518,15214.812,0,214.040,0,3239,3176,1.040,1.450,1.560,4,0,4.001,0,0,28,297,1,10,1
