"pcp-dstat 6.2.0 CSV Output"
"Author:","PCP team <pcp@groups.io> and Dag Wieers <dag@wieers.com>",,,,"URL:","https://pcp.io/ and http://dag.wieers.com/home-made/dstat/"
"Host:","ubuntu",,,,"User:","stack"
"Cmdline:","dstat -tcmndrylpg --tcp --output /opt/stack/logs/dstat-csv.log",,,,"Date:","27 Jul 2026 13:52:09 UTC"
"system","total usage",,,,,"memory usage",,,,"net/total",,"dsk/total",,"io/total",,"system",,"load avg",,,"procs",,,"paging",,"tcp sockets",,,,
"time","total usage:usr","total usage:sys","total usage:idl","total usage:wai","total usage:stl","used","free","buf","cach","net/total:recv","net/total:send","dsk/total:read","dsk/total:writ","read","writ","int","csw","1m","5m","15m","run","blk","new","in","out","lis","act","syn","tim","clo"
27-07 13:52:09,,1242396,11444796,146204,3318836,,,,,,,1.670,1.360,1.260,3,0,,,,12,4,0,9,0
27-07 13:52:10,10.468,24.923,62.308,0,0,1249000,11438168,146232,3318832,78955.127,163455.127,0,215.335,0,6.978,4968,4149,1.670,1.360,1.260,2,0,138.572,0,0,12,4,0,9,0
27-07 13:52:11,19.991,23.489,55.224,0.250,0,1246868,11439948,146260,3319104,53492.723,29063.267,0,283.866,0,8.996,4484,2414,1.670,1.360,1.260,2,0,143.932,0,0,12,5,0,9,0
27-07 13:52:12,20.148,24.874,53.728,0,0,1253432,11433180,146328,3319196,73575.583,41362.635,0,11732.613,0,302.469,5165,2670,1.670,1.360,1.260,2,0,164.169,0,0,12,5,0,9,0
27-07 13:52:13,16.773,24.032,57.828,0,0,1246684,11439744,146408,3319320,88735.056,41076.112,0,692.930,0,23.031,4321,2414,1.670,1.360,1.260,1,0,134.180,0,0,12,6,0,9,0
27-07 13:52:14,19.026,23.282,56.077,0,0,1243148,11442844,146488,3319612,58964.279,32741.132,0,1157.596,0,34.047,4392,2442,1.610,1.350,1.260,2,0,133.184,0,0,12,5,0,9,1
27-07 13:52:15,20.540,30.310,47.844,0,0,1255096,11430584,146536,3320224,69468.824,38852.523,0,773.524,0,23.045,5416,4819,1.610,1.350,1.260,2,0,151.298,0,0,12,4,0,9,2
27-07 13:52:16,31.262,17.616,49.621,0,0,1250332,11435192,146568,3319868,51888.150,27358.286,0,488.275,0,12.902,3639,1884,1.610,1.350,1.260,3,0,65.500,0,0,12,4,0,9,2
27-07 13:52:17,20.285,24.291,54.593,0,0,1252232,11432952,146664,3320076,103025.803,39917.115,0,1041.778,0,33.056,4352,2388,1.610,1.350,1.260,1,0,110.188,0,0,12,4,0,9,2
27-07 13:52:18,36.402,20.335,42.428,0,0,1245272,11439656,146760,3320560,86265.905,572340.463,0,779.260,0,27.113,5041,4835,1.610,1.350,1.260,4,0,66.277,0,0,12,4,0,9,2
27-07 13:52:19,37.684,24.544,36.692,0,0,1283448,11400648,146796,3322156,630010.910,50280.126,0,864.744,0,9.917,5625,7758,2.690,1.580,1.330,7,0,104.126,0,0,12,4,0,9,2
27-07 13:52:20,17.093,10.306,71.638,0,0,1426508,11256960,146920,3446076,73695.403,32080.867,0,953.166,0,33.180,2910,7237,2.690,1.580,1.330,3,0,2.011,0,0,13,4,0,10,2
27-07 13:52:21,23.661,17.185,57.283,0.249,0,1415688,11260264,146980,3453268,55635.714,31841.648,0,820.897,0,21.917,3638,2319,2.690,1.580,1.330,1,0,72.725,0,0,13,6,0,10,2
27-07 13:52:22,30.786,13.266,54.815,0,0,1403652,11261860,147120,3463200,459615.955,47533.256,0,12943.318,0,393.466,4330,2150,2.690,1.580,1.330,2,0,21.025,0,0,13,6,0,10,2
27-07 13:52:23,39.537,12.591,48.099,0.252,0,1415548,11242200,147328,3470132,47249.960,26001.732,0,1277.271,0,39.285,3601,2035,2.690,1.580,1.330,3,0,39.285,0,0,13,6,0,9,2
27-07 13:52:24,30.348,21.890,45.521,0,0,1388936,11257696,147952,3478832,62640.318,33574.335,0,1818.863,0,54.725,4882,3074,2.630,1.580,1.330,2,0,132.335,0,0,13,6,0,11,2
27-07 13:52:25,37.546,11.765,48.059,2.253,0,1404648,11228612,148264,3490604,62005.522,32891.592,648.801,1389.715,33.041,33.041,3543,2267,2.630,1.580,1.330,2,0,21.026,0,0,13,6,0,11,2
27-07 13:52:26,40.670,7.280,47.699,3.766,0,1423772,11199992,148480,3498564,48063.963,24666.133,2691.253,518.167,124.521,6.025,3307,1920,2.630,1.580,1.330,2,0,0,0,0,13,6,0,11,2
27-07 13:52:27,43.639,7.730,46.382,1.746,0,1461600,11146148,148752,3513024,41449.257,466592.658,997.455,1464.264,74.809,38.901,3764,2450,2.630,1.580,1.330,2,0,1.995,0,0,13,6,0,11,2
27-07 13:52:28,42.111,9.024,47.375,0.752,0,1485020,11112252,149436,3521440,34126.157,144462.653,112.297,2859.555,5.013,88.233,3322,2082,2.630,1.580,1.330,2,0,1.003,0,0,13,6,0,11,2
27-07 13:52:29,45.731,5.219,47.720,0.497,0,1490804,11099960,149748,3526576,15919.488,8302.232,15.907,552.753,0.994,25.848,2944,1566,2.580,1.590,1.340,2,0,0,0,0,13,6,0,11,2
27-07 13:52:30,39.144,14.033,42.344,1.231,0,1507752,11069144,152764,3535864,31520.924,16572.390,0,17894.912,0,1079.288,7595,10024,2.580,1.590,1.340,4,0,11.817,0,0,13,8,0,11,2
27-07 13:52:31,38.582,16.896,36.061,4.539,0,1513352,11035684,158080,3556924,38102.308,17643.021,0,29461.858,0,2135.400,12428,17250,2.580,1.590,1.340,6,1,36.313,0,0,13,8,0,11,2
27-07 13:52:32,40.605,14.448,36.370,4.235,0,1514588,11018868,163336,3565884,24433.855,14048.894,0,34931.415,0,2220.082,11916,17018,2.580,1.590,1.340,2,0,27.900,0,0,13,8,0,11,2
27-07 13:52:33,43.598,13.357,37.550,3.276,0,1426708,11097856,165780,3571244,46963.743,28052.845,0,31902.564,0,1173.363,7463,8167,2.580,1.590,1.340,3,0,23.185,0,0,13,6,0,11,2
27-07 13:52:34,33.079,19.046,46.612,1.253,0,1401204,11140200,165848,3554604,62491.858,35387.862,930.231,954.288,12.029,35.084,3974,2236,2.530,1.600,1.340,4,0,65.156,0,0,13,4,0,11,0
27-07 13:52:35,41.507,11.252,47.008,0,0,1448776,11092576,165888,3554616,45950.693,24645.126,0,772.129,0,29.005,3016,1645,2.530,1.600,1.340,3,0,18.003,0,0,13,4,0,11,0
27-07 13:52:36,34.534,9.009,54.804,0.250,0,1494884,11045956,166384,3554632,53451.355,26634.088,0,6610.475,0,276.271,3557,2757,2.530,1.600,1.340,4,0,19.019,0,0,13,5,0,11,0
27-07 13:52:37,45.424,5.990,47.171,0.499,0,1490320,11044276,166444,3560160,16626.327,8590.702,0,2076.544,0,211.648,3062,1502,2.530,1.600,1.340,4,0,1.997,0,0,13,4,0,11,0
27-07 13:52:38,41.791,15.105,42.547,0,0,1438936,11094612,166444,3561036,61684.244,33480.524,0,19346.944,0,78.548,4969,5544,2.530,1.600,1.340,6,0,16.112,0,0,13,4,0,11,0
27-07 13:52:39,41.350,13.866,42.093,0,0,1480456,11052024,166444,3561920,56713.450,452300.214,0,3.962,0,0.990,5855,8061,2.490,1.600,1.350,3,0,9.904,0,0,13,4,0,11,0
27-07 13:52:40,42.088,11.524,44.843,0,0,1509528,11022820,166444,3562040,35521.054,138002.708,0,88.184,0,1.002,4860,5995,2.490,1.600,1.350,6,0,6.013,0,0,13,4,0,11,0
27-07 13:52:41,41.904,13.968,42.153,0,0,1514520,11017780,166448,3562080,31031.663,17422.947,0,15.963,0,2.993,5447,7484,2.490,1.600,1.350,2,0,7.982,0,0,13,4,0,11,0
27-07 13:52:42,22.512,31.017,45.275,0,0,1457444,11074576,166496,3562236,47460.337,25641.229,0,2597.441,0,17.009,5051,3006,2.490,1.600,1.350,5,0,143.079,0,0,13,4,0,11,0
27-07 13:52:43,27.854,27.606,42.279,0,0,1404520,11135684,166592,3554772,62046.787,36382.888,0,9339.200,0,344.201,5510,2973,2.490,1.600,1.350,5,0,142.257,0,0,13,4,0,11,0
27-07 13:52:44,26.478,29.756,43.121,0,0,1362432,11177616,166604,3554880,61983.923,33648.848,0,334.885,0,7.061,4799,2764,2.370,1.590,1.340,3,0,147.269,0,0,13,4,0,11,0
27-07 13:52:45,26.236,29.484,43.477,0,0,1364120,11175928,166604,3554880,47635.779,25381.562,0,71.962,0,5.997,4845,2738,2.370,1.590,1.340,2,0,156.917,0,0,13,4,0,11,0
27-07 13:52:46,7.264,25.798,64.871,0,0,1351920,11188020,166604,3554988,61772.171,32978.487,8.015,20.037,1.002,5.009,4259,2641,2.370,1.590,1.340,1,0,138.258,0,0,13,4,0,11,0
27-07 13:52:47,14.961,25.433,57.349,0,0,1337564,11202364,166604,3555452,46207.607,25140.951,0,1739.430,0,348.086,5547,5058,2.370,1.590,1.340,1,0,104.725,0,0,13,4,0,7,0
27-07 13:52:48,19.323,21.833,57.718,0,0,1331968,11207960,166604,3555452,61894.232,31604.604,0,0,0,0,4398,4933,2.370,1.590,1.340,2,0,65.247,0,0,13,4,0,7,0
27-07 13:52:49,30.875,23.405,42.577,1.494,0,1368976,11169016,166620,3557364,55848.520,454684.143,1880.375,207.160,23.903,3.984,4527,2930,2.420,1.620,1.350,4,0,78.681,0,0,13,4,0,7,0
27-07 13:52:50,45.075,17.627,36.010,1.259,0,1422280,11114612,166620,3558464,48567.006,144263.659,1107.985,0,14.102,0,3960,1955,2.420,1.620,1.350,3,0,53.385,0,0,13,5,0,7,0
27-07 13:52:51,43.547,6.221,48.523,1.244,0,1457928,11078828,166640,3558576,44326.949,22240.116,19.907,59.721,3.981,5.972,2848,1363,2.420,1.620,1.350,2,0,1.991,0,0,13,5,0,7,0
27-07 13:52:52,46.252,5.500,47.002,0.500,0,1485664,11050100,166652,3559544,15343.789,7752.399,492.025,300.015,7.000,31.002,2875,1256,2.420,1.620,1.350,3,0,1.000,0,0,13,5,0,6,0
27-07 13:52:53,36.021,19.511,44.525,0,0,1493484,11042064,166660,3559732,29612.895,15350.758,0,4206.400,0,38.022,3153,1788,2.420,1.620,1.350,2,0,6.003,0,0,13,5,0,6,0
27-07 13:52:54,43.542,12.689,42.049,0,0,1515096,11017876,166752,3562176,30674.657,14805.366,3.981,1640.175,0.995,66.682,4560,4715,2.550,1.660,1.370,3,0,47.772,0,0,13,6,0,6,0
27-07 13:52:55,26.416,20.881,51.071,1.006,0,1543816,10988404,166884,3562788,47022.451,27865.082,728.578,0,15.095,0,4198,2591,2.550,1.660,1.370,1,0,94.594,0,0,14,8,0,6,0
27-07 13:52:56,22.586,5.772,71.524,0,0,1588168,10944052,166884,3562788,61675.166,31756.602,0,381.461,0,2.008,2067,1514,2.550,1.660,1.370,1,0,0,0,0,14,8,0,5,0
27-07 13:52:57,20.659,5.725,72.181,0,0,1620168,10912048,166884,3562792,30613.524,16071.876,0,7.965,0,1.991,1978,1491,2.550,1.660,1.370,1,0,1.991,0,0,14,8,0,5,0
27-07 13:52:58,24.368,8.952,65.397,0,0,1623244,10908928,166884,3562812,30761.913,15441.629,0,48764.713,0,161.130,2466,1409,2.550,1.660,1.370,1,0,0,0,0,14,8,0,5,0
27-07 13:52:59,25.472,3.026,71.625,0.252,0,1639320,10892576,166952,3563108,32103.015,26455.757,68.598,1400.213,9.079,26.229,2187,1648,2.420,1.650,1.370,2,0,2.018,0,0,14,10,0,5,0
27-07 13:53:00,32.372,7.413,55.106,1.977,0,1651880,10878968,167804,3563292,46388.132,28614.746,138.384,5570.925,5.931,402.301,5694,7018,2.420,1.650,1.370,1,0,1.977,0,0,14,20,0,3,0
27-07 13:53:01,17.127,13.853,69.013,0,0,1557688,10973012,167948,3563292,73550.219,611043.900,0,1902.126,0,88.658,3650,2888,2.420,1.650,1.370,1,0,42.314,0,0,14,14,0,5,0
27-07 13:53:02,19.046,5.012,72.927,3.007,0,1594460,10935716,168012,3563692,30115.179,15180.889,425.033,505.228,23.056,22.054,1839,1408,2.420,1.650,1.370,1,0,1.002,0,0,14,14,0,5,0
27-07 13:53:03,23.854,4.721,69.574,0.248,0,1612832,10916816,168252,3563936,29356.328,15117.475,35.781,9847.728,2.982,1044.607,3703,1764,2.420,1.650,1.370,1,0,1.988,0,0,14,14,0,5,0
27-07 13:53:04,20.143,11.834,66.975,1.259,0,1618284,10911276,168272,3563984,15388.211,7702.667,36.257,41526.719,9.064,114.815,2762,2172,2.310,1.640,1.360,0,1,0,0,0,14,14,0,5,0
27-07 13:53:05,7.181,1.981,72.054,16.342,0,1618700,10910296,168312,3564352,29673.176,14773.200,404.094,3.962,100.033,0.990,1414,1383,2.310,1.640,1.360,1,0,0,0,0,14,17,0,5,0
27-07 13:53:06,21.713,6.817,71.703,0,0,1619948,10909036,168312,3564364,994.746,0,0,4.040,0,1.010,3458,3675,2.310,1.640,1.360,1,0,2.020,0,0,14,21,0,5,0
27-07 13:53:07,18.056,10.031,71.472,0,0,1570800,10958180,168312,3564368,15349.777,7547.492,0,0,0,0,2659,1826,2.310,1.640,1.360,1,0,43.134,0,0,14,20,0,5,0
27-07 13:53:08,18.759,7.652,71.086,0,0,1596272,10932640,168324,3564400,44360.860,23987.702,0,1591.545,0,5.924,1899,1362,2.310,1.640,1.360,1,0,0,0,0,14,20,0,5,0
27-07 13:53:09,23.034,4.507,72.106,0,0,1619948,10908956,168324,3564404,29907.052,15410.699,0,644.950,0,5.007,1953,1348,2.200,1.620,1.360,1,0,2.003,0,0,14,20,0,5,0
27-07 13:53:10,22.628,5.280,71.906,0,0,1640572,10888304,168348,3564408,30068.574,15229.890,0,160.907,0,10.057,2582,2490,2.200,1.620,1.360,1,0,0,0,0,14,20,0,5,0
27-07 13:53:11,22.483,5.246,71.446,0,0,1640404,10888304,168380,3564544,15538.208,7356.417,0,435.669,0,21.983,2975,2965,2.200,1.620,1.360,1,0,0,0,0,14,21,0,5,0
27-07 13:53:12,15.486,12.988,70.185,0,0,1609644,10919056,168380,3564552,15085.080,7744.853,0,11.989,0,1.998,3155,2197,2.200,1.620,1.360,1,0,77.928,0,0,14,20,0,5,0
27-07 13:53:13,32.216,20.638,47.065,0,0,1647144,10881536,168388,3564564,30272.766,16713.950,0,100.674,0,5.034,3592,2083,2.200,1.620,1.360,2,0,81.546,0,0,14,20,0,5,0
27-07 13:53:14,42.592,7.677,47.792,0,0,1713416,10815260,168388,3564568,29492.639,14600.218,0,0,0,0,2910,1484,2.270,1.650,1.370,2,0,0,0,0,14,21,0,6,0
27-07 13:53:15,43.613,9.525,45.869,0,0,1733560,10795100,168388,3564580,30633.164,14695.978,0,4303.120,0,345.894,5013,3822,2.270,1.650,1.370,4,0,2.005,0,0,14,22,0,6,0
27-07 13:53:16,45.267,7.753,43.766,0,0,1733764,10794876,168424,3564648,30113.297,14921.598,0,344.129,0,14.005,6819,7702,2.270,1.650,1.370,2,0,0,0,0,14,21,0,7,0
27-07 13:53:17,35.629,24.417,38.121,0,0,1681044,10847472,168480,3564668,15515.379,7990.899,0,239.189,0,26.909,5291,3891,2.270,1.650,1.370,7,0,151.486,0,0,14,20,0,7,0
27-07 13:53:18,46.340,46.088,8.311,0,0,1675336,10853136,168500,3564688,70113.820,464089.015,0,213.565,0,13.096,5407,3401,2.270,1.650,1.370,6,0,253.860,0,0,14,20,0,7,0
27-07 13:53:19,70.569,29.028,0,0,0,1792484,10735964,168516,3564696,48738.591,155864.196,0,160.156,0,10.010,5234,3172,2.650,1.740,1.400,6,0,177.173,0,0,14,20,0,7,0
27-07 13:53:20,80.088,20.209,0.249,0,0,1949900,10578504,168548,3564772,44724.714,22364.852,0,343.307,0,17.964,5909,10829,2.650,1.740,1.400,6,0,35.927,0,0,14,21,0,7,0
27-07 13:53:21,82.607,13.768,1.721,0,0,2013604,10514760,168548,3564720,29282.193,14804.343,0,7.867,0,1.967,6400,5454,2.650,1.740,1.400,6,0,1.967,0,0,14,22,0,7,0
27-07 13:53:22,78.093,13.099,8.313,0,0,2052388,10475712,168604,3564924,15785.898,7551.355,0,205.561,0,23.176,7172,8962,2.650,1.740,1.400,3,0,1.008,0,0,14,25,0,7,0
27-07 13:53:23,76.453,18.800,4.512,0,0,2012344,10515684,168652,3564948,15920.367,7838.861,0,284.758,0,21.056,6695,7563,2.650,1.740,1.400,5,0,70.187,0,0,14,23,0,7,0
27-07 13:53:24,50.872,31.075,17.041,0,0,1711064,10816728,168732,3565104,62453.354,31970.969,0,485.168,0,37.089,6455,5962,2.760,1.770,1.410,2,0,199.480,0,0,14,20,0,7,0
27-07 13:53:25,14.230,14.479,70.150,0,0,1712552,10815220,168748,3565108,59924.459,31427.138,0,227.675,0,9.986,2673,1907,2.760,1.770,1.410,1,0,42.939,0,0,14,20,0,7,0
27-07 13:53:26,21.727,5.244,72.174,0,0,1705396,10822360,168764,3565108,29803.440,15355.739,0,307.674,0,8.990,1860,1325,2.760,1.770,1.410,3,0,0,0,0,14,20,0,7,0
27-07 13:53:27,21.736,5.996,71.453,0,0,1695836,10831856,168820,3565116,29880.260,14744.260,0,667.559,0,33.978,2492,2176,2.760,1.770,1.410,1,0,1.999,0,0,14,20,0,7,0
27-07 13:53:28,23.610,4.521,71.083,0,0,1691592,10836044,168860,3565132,15694.442,7330.302,0,152.715,0,16.075,3558,3850,2.760,1.770,1.410,1,0,0,0,0,14,20,0,5,0
27-07 13:53:29,14.757,12.756,71.533,0,0,1609532,10918084,168876,3565136,30846.399,16563.732,0,144.067,0,8.004,2940,1995,2.620,1.760,1.410,1,0,68.032,0,0,14,20,0,5,0
27-07 13:53:30,20.476,6.742,72.165,0,0,1655060,10872540,168892,3565136,44638.711,22156.047,0,355.583,0,8.989,1985,1509,2.620,1.760,1.410,1,0,1.998,0,0,14,20,0,5,0
27-07 13:53:31,22.709,4.741,70.871,0,0,1653860,10873696,168924,3565144,40658.031,444485.347,0,363.339,0,18.965,2666,2500,2.620,1.760,1.410,1,0,0,0,0,14,20,0,5,0
27-07 13:53:32,22.796,5.261,71.394,0,0,1654368,10873184,168924,3565148,17764.898,135720.255,0,0,0,0,2892,2808,2.620,1.760,1.410,4,0,2.004,0,0,14,21,0,5,0
27-07 13:53:33,16.497,12.248,69.736,0,0,1583296,10944180,168988,3565160,15152.932,7360.510,0,267.946,0,25.995,3359,2658,2.620,1.760,1.410,1,0,69.986,0,0,14,20,0,5,0
27-07 13:53:34,6.223,26.387,65.719,0,0,1584768,10942712,168988,3565156,61936.022,34341.080,0,3.983,0,0.996,4701,2572,2.570,1.770,1.420,2,0,176.246,0,0,14,20,0,5,0
27-07 13:53:35,6.015,27.819,64.660,0,0,1581748,10945656,169068,3565152,56762.458,29120.057,0,4483.093,0,576.426,5305,2949,2.570,1.770,1.420,2,0,189.469,0,0,14,20,0,5,0
27-07 13:53:36,11.210,32.634,54.059,0,0,1588844,10938524,169092,3565164,49433.913,28710.313,0,159.435,0,13.951,5018,3000,2.570,1.770,1.420,3,0,225.202,0,0,14,20,0,5,0
27-07 13:53:37,39.925,48.769,12.129,0,0,1644928,10882428,169092,3565176,61172.629,32754.374,0,48.516,0,5.054,5184,3062,2.570,1.770,1.420,5,0,240.559,0,0,14,20,0,5,0
27-07 13:53:38,68.531,30.514,0.250,0,0,1766652,10760692,169092,3565188,49154.945,26681.912,0,12.005,0,3.001,5061,2779,2.570,1.770,1.420,5,0,142.063,0,0,14,21,0,5,0
27-07 13:53:39,83.207,16.193,0.249,0,0,1869680,10657652,169092,3565200,44417.489,24069.189,0,43.846,0,2.989,5667,3818,2.760,1.820,1.430,6,0,1.993,0,0,14,21,0,5,0
27-07 13:53:40,82.589,14.179,2.736,0,0,1943428,10583856,169092,3565248,30156.835,15265.984,0,23.881,0,2.985,6677,9202,2.760,1.820,1.430,6,0,0,0,0,14,22,0,5,0
27-07 13:53:41,80.868,16.324,3.014,0,0,1919688,10607344,169168,3565424,28310.928,465690.758,0,317.446,0,29.133,7039,9066,2.760,1.820,1.430,5,0,52.238,0,0,14,22,0,5,0
27-07 13:53:42,74.224,22.992,2.249,0,0,1881488,10645424,169248,3565460,14849.868,7689.343,0,407.859,0,33.988,7153,8198,2.760,1.820,1.430,8,0,94.967,0,0,14,21,0,5,0
27-07 13:53:43,71.610,28.393,0.503,0,0,1857320,10669516,169296,3565484,45371.810,24575.392,0,470.362,0,23.116,5980,5556,2.760,1.820,1.430,6,0,137.691,0,0,14,20,0,5,0
27-07 13:53:44,80.223,19.244,0.500,0,0,1945344,10581400,169312,3565560,45888.665,23870.023,0,155.948,0,8.997,5531,3932,3.020,1.890,1.460,7,0,29.990,0,0,14,20,0,5,0
27-07 13:53:45,84.354,13.437,0.995,0,0,2018236,10508332,169328,3565720,15048.334,7458.973,0,191.103,0,11.944,5670,7152,3.020,1.890,1.460,4,0,1.991,0,0,14,24,0,7,0
27-07 13:53:46,84.359,13.267,2.003,0,0,2049156,10477336,169348,3565768,30380.351,15722.365,0,188.244,0,6.008,6645,9993,3.020,1.890,1.460,6,0,0,0,0,14,23,0,7,0
27-07 13:53:47,63.589,18.133,16.643,0.248,0,1965692,10560712,169396,3565804,19396.718,8469.297,0,278.203,0,21.859,7144,9350,3.020,1.890,1.460,5,0,102.339,0,0,14,22,0,7,0
27-07 13:53:48,65.279,25.860,8.034,0,0,1799408,10726780,169444,3565968,57232.344,32747.811,0,385.646,0,20.086,6489,8703,3.020,1.890,1.460,4,0,147.630,0,0,14,21,0,7,0
27-07 13:53:49,59.549,16.943,22.673,0,0,1757372,10768780,169460,3565984,44645.282,22882.750,0,175.408,0,8.970,5070,3096,3.020,1.910,1.470,2,0,49.832,0,0,14,21,0,7,0
27-07 13:53:50,41.840,9.713,47.070,0,0,1755836,10770292,169476,3565992,44950.303,22354.612,0,378.554,0,48.814,4315,3749,3.020,1.910,1.470,5,0,0,0,0,14,21,0,7,0
27-07 13:53:51,42.681,10.294,45.443,0,0,1739060,10786928,169596,3566024,29778.619,15208.667,0,409.742,0,48.205,5702,5909,3.020,1.910,1.470,4,0,21.090,0,0,14,21,0,7,0
27-07 13:53:52,32.736,39.787,25.434,0.252,0,1736024,10789716,169804,3566056,31382.436,16736.762,0,2635.013,0,136.988,6423,5916,3.020,1.910,1.470,6,0,225.628,0,0,14,21,0,8,0
27-07 13:53:53,60.257,31.754,8.001,0,0,1706380,10819332,169820,3566068,60032.774,30963.494,0,156.018,0,9.001,4752,2681,3.020,1.910,1.470,3,0,142.016,0,0,14,20,0,8,0
27-07 13:53:54,62.265,12.503,24.006,0,0,1793184,10732428,169836,3566076,31710.508,16687.951,0,144.034,0,7.002,4540,2888,3.020,1.930,1.480,3,0,2.000,0,0,14,22,0,9,0
27-07 13:53:55,59.170,11.636,25.995,0.248,0,1798372,10727136,169916,3566100,29185.948,14967.305,0,4773.218,0,690.235,6604,5757,3.020,1.930,1.480,3,0,0,0,0,14,25,0,9,0
27-07 13:53:56,53.120,9.020,36.081,0,0,1798856,10726408,169988,3566268,15189.191,7637.191,0,228.514,0,30.068,7292,8123,3.020,1.930,1.480,2,0,1.002,0,0,14,26,0,11,0
27-07 13:53:57,46.993,35.371,16.422,0,0,1668096,10857044,170080,3566300,46162.100,24319.033,0,440.621,0,41.435,6468,6369,3.020,1.930,1.480,5,0,218.289,0,0,14,24,0,12,0
27-07 13:53:58,71.506,28.002,0.250,0,0,1748856,10776264,170096,3566300,59697.320,731219.157,0,340.030,0,9.001,5184,2403,3.020,1.930,1.480,5,0,45.004,0,0,14,24,0,12,0
27-07 13:53:59,83.681,14.988,1.499,0,0,1875780,10649308,170112,3566316,33637.205,16882.050,0,191.841,0,8.993,5264,3460,3.100,1.960,1.490,5,0,0,0,0,14,24,0,13,0
27-07 13:54:00,64.376,13.225,21.209,0,0,1879940,10645024,170192,3566356,29920.493,14893.375,0,886.297,0,45.912,7349,8956,3.100,1.960,1.490,3,0,1.996,0,0,14,28,0,13,0
27-07 13:54:01,54.344,12.845,29.642,0,0,1882260,10642504,170224,3566516,15179.661,7368.998,0,122.520,0,12.845,7161,8024,3.100,1.960,1.490,5,0,36.558,0,0,14,27,0,13,0
27-07 13:54:02,65.067,32.660,3.038,0,0,1762560,10762068,170288,3566556,46522.256,25544.808,0,328.121,0,29.369,6081,7001,3.100,1.960,1.490,4,0,241.027,0,0,14,24,0,13,0
27-07 13:54:03,65.204,17.919,16.426,0,0,1797668,10726940,170304,3566556,44295.127,22804.584,0,159.278,0,7.964,4110,1863,3.100,1.960,1.490,3,0,51.765,0,0,14,24,0,13,0
27-07 13:54:04,62.622,12.225,23.951,0,0,1833144,10691448,170304,3566572,44802.527,22637.781,0,0,0,0,5590,4586,3.090,1.980,1.500,3,0,0,0,0,14,25,0,13,0
27-07 13:54:05,55.671,10.236,31.705,0,0,1833324,10691196,170344,3566604,14894.910,7351.591,0,531.248,0,22.967,6920,7496,3.090,1.980,1.500,4,0,0,0,0,14,27,0,13,0
27-07 13:54:06,57.225,12.139,27.250,0,0,1751064,10773184,170448,3566768,29726.324,15085.621,0,332.946,0,39.636,7133,7162,3.090,1.980,1.500,4,0,26.755,0,0,14,25,0,13,0
27-07 13:54:07,41.297,45.075,8.310,4.533,0,1668556,10855652,170464,3566784,62297.506,32854.534,0,241.740,0,10.073,5578,3963,3.090,1.980,1.500,6,0,271.958,0,0,14,24,0,14,0
27-07 13:54:08,60.173,16.838,21.543,0,0,1794560,10729560,170496,3566820,45137.840,22721.952,0,217.909,0,14.857,3977,1987,3.090,1.980,1.500,3,0,3.962,0,0,14,25,0,14,0
27-07 13:54:09,64.496,11.499,22.749,0,0,1855440,10668644,170512,3566836,37677.654,444712.311,0,351.978,0,10.999,5295,4177,3.080,2,1.510,3,0,2.000,0,0,14,26,0,14,0
27-07 13:54:10,58.276,10.091,31.030,0,0,1850964,10673072,170532,3566864,31682.814,82942.231,0,217.966,0,10.091,6533,6494,3.080,2,1.510,2,0,1.009,0,0,14,27,0,15,0
27-07 13:54:11,55.551,13.512,28.776,0,0,1820968,10702816,170592,3567024,14809.631,7627.020,0,300.276,0,25.023,6987,7022,3.080,2,1.510,3,0,43.040,0,0,14,25,0,15,0
27-07 13:54:12,38.103,43.654,18.168,0,0,1688560,10835152,170608,3567040,31974.897,17784.579,0,242.242,0,12.112,5425,4146,3.080,2,1.510,3,0,249.307,0,0,14,24,0,15,0
27-07 13:54:13,58.000,17.500,24.500,0,0,1758976,10764720,170624,3567040,44430.085,23094.044,0,180.000,0,8.000,3859,1752,3.080,2,1.510,3,0,0,0,0,14,24,0,15,0
27-07 13:54:14,62.026,11.413,24.314,0,0,1846208,10677456,170640,3567056,30215.211,14759.266,0,138.939,0,6.947,4943,3660,3.070,2.010,1.520,3,0,0,0,0,14,25,0,16,0
27-07 13:54:15,58.432,10.692,29.340,0,0,1843528,10680016,170736,3567080,15115.754,7578.763,0,696.212,0,46.746,6347,6161,3.070,2.010,1.520,5,0,1.989,0,0,14,26,0,16,0
27-07 13:54:16,55.293,19.604,23.374,0,0,1772280,10751240,170736,3567104,15383.537,7334.877,0,4282.699,0,658.490,7464,6017,3.070,2.010,1.520,3,0,64.341,0,0,14,25,0,16,0
27-07 13:54:17,53.987,22.452,23.462,0,0,1716600,10806840,170796,3567120,46720.249,24054.889,0,347.130,0,25.227,4943,3518,3.070,2.010,1.520,3,0,48.437,0,0,14,24,0,16,0
27-07 13:54:18,62.725,12.148,23.305,0,0,1779824,10743588,170812,3567128,44358.043,22676.363,0,115.038,0,6.942,4208,2402,3.070,2.010,1.520,3,0,1.983,0,0,14,24,0,14,0
27-07 13:54:19,63.590,11.426,24.095,0,0,1813480,10709876,170852,3567144,14820.493,7718.262,0,425.260,0,22.853,5620,4715,3.070,2.030,1.520,3,0,0,0,0,14,26,0,15,0
27-07 13:54:20,58.172,16.408,22.871,0,0,1788748,10734412,170892,3567300,14950.814,7577.333,0,139.216,0,16.905,7767,8433,3.070,2.030,1.520,5,0,48.726,0,0,14,26,0,15,0
27-07 13:54:21,59.017,37.045,4.599,0,0,1754792,10768252,170944,3567336,46618.461,25153.816,0,416.948,0,56.206,6394,15197,3.070,2.030,1.520,8,0,238.110,0,0,14,24,0,16,0
27-07 13:54:22,63.601,35.417,0.499,0,0,1750852,10772148,170968,3567356,63280.720,34004.321,0,239.439,0,16.960,5357,3615,3.070,2.030,1.520,6,0,248.418,0,0,14,24,0,15,0
27-07 13:54:23,70.774,29.760,0.250,0,0,1875744,10647228,170984,3567368,47946.447,25440.727,0,156.054,0,11.004,5387,4100,3.070,2.030,1.520,7,0,171.059,0,0,14,24,0,15,0
27-07 13:54:24,73.110,25.451,0.998,0,0,1971168,10551764,171016,3567376,73380.329,613533.845,0,451.135,0,20.960,6575,5636,3.380,2.110,1.550,9,0,170.673,0,0,14,25,0,15,0
27-07 13:54:25,73.919,24.723,0.749,0,0,2026072,10496828,171016,3567408,46558.831,27739.514,0,0,0,0,6786,7528,3.380,2.110,1.550,5,0,143.842,0,0,14,28,0,15,0
27-07 13:54:26,70.868,26.451,1.747,0,0,1995900,10526808,171040,3567588,60887.964,33350.087,0,2379.582,0,438.187,8265,9411,3.380,2.110,1.550,8,0,147.726,0,0,14,28,0,15,0
27-07 13:54:27,70.960,27.080,1.755,0,0,2008656,10514000,171072,3567616,62250.240,34568.311,0,180.534,0,14.042,7271,7997,3.380,2.110,1.550,8,0,151.448,0,0,14,26,0,15,0
27-07 13:54:28,64.520,34.128,1.246,0,0,1873788,10648792,171104,3567656,45909.420,29417.183,0,171.389,0,14.947,7314,9247,3.380,2.110,1.550,6,0,225.198,0,0,14,26,0,15,0
27-07 13:54:29,71.288,27.205,1.260,0,0,1824800,10697576,171184,3567772,60833.304,34417.862,0,378.860,0,32.243,6765,6966,3.670,2.190,1.580,7,0,190.438,0,0,14,25,0,16,0
27-07 13:54:30,69.218,29.629,0.747,0,0,1865824,10656424,171200,3567900,60101.786,33377.819,0,187.236,0,7.967,6014,5034,3.670,2.190,1.580,5,0,165.325,0,0,14,26,0,16,0
27-07 13:54:31,83.029,15.459,1.247,0,0,1942860,10579340,171216,3567932,29758.735,15402.973,0,199.469,0,10.971,6470,6681,3.670,2.190,1.580,6,0,1.995,0,0,14,25,0,16,0
27-07 13:54:32,76.749,19.000,3.500,0,0,1969244,10552908,171232,3567960,45790.589,25997.767,0,143.999,0,9.000,6607,6455,3.670,2.190,1.580,4,0,106.999,0,0,14,27,0,16,0
27-07 13:54:33,60.124,13.971,23.202,0,0,1969672,10552432,171248,3567992,56309.297,552566.973,0,155.675,0,8.981,7373,7612,3.670,2.190,1.580,1,0,27.942,0,0,14,28,0,17,0
27-07 13:54:34,56.565,17.194,24.171,0,0,1883616,10638332,171248,3568148,32258.605,15485.406,0,3.987,0,0.997,7128,7207,3.700,2.220,1.600,6,0,62.795,0,0,14,26,0,19,0
27-07 13:54:35,54.935,21.974,20.975,0,0,1850548,10671372,171248,3568176,45743.988,24670.870,0,3.995,0,0.999,6902,6813,3.700,2.220,1.600,4,0,89.894,0,0,14,25,0,20,0
27-07 13:54:36,36.363,35.109,27.586,0,0,1650992,10870916,171248,3568188,62250.213,33837.024,0,24.075,0,4.012,5793,4223,3.700,2.220,1.600,4,0,228.710,0,0,14,24,0,21,0
27-07 13:54:37,6.768,27.824,63.920,0,0,1642112,10879796,171248,3568188,61146.754,34311.326,0,4.011,0,1.003,4613,2789,3.700,2.220,1.600,1,0,183.488,0,0,14,24,0,21,0
27-07 13:54:38,10.957,35.362,49.308,1.743,0,1622228,10899656,171264,3568192,45673.066,23518.377,0,167.348,0,6.973,5056,2985,3.700,2.220,1.600,2,1,207.193,0,0,14,24,0,21,0
27-07 13:54:39,31.334,44.620,20.555,2.757,0,1661808,10859964,171352,3568216,60985.606,32922.321,0,942.529,0,56.151,5583,3593,3.720,2.250,1.610,4,0,268.721,0,0,14,24,0,21,0
27-07 13:54:40,53.552,44.250,2.263,0,0,1717596,10804144,171360,3568236,61443.882,32069.046,0,607.429,0,7.040,5336,4053,3.720,2.250,1.610,5,0,358.021,0,0,14,24,0,21,0
27-07 13:54:41,68.794,30.409,0.249,0,0,1819876,10701840,171360,3568256,44895.695,23629.313,0,15.952,0,3.988,5549,5540,3.720,2.250,1.610,8,0,242.275,0,0,14,26,0,21,0
27-07 13:54:42,79.517,18.254,2.000,0,0,1897908,10623732,171408,3568284,57185.472,583207.193,0,196.043,0,19.004,6333,6434,3.720,2.250,1.610,6,0,33.007,0,0,14,25,0,21,0
27-07 13:54:43,77.757,20.819,1.003,0,0,1955248,10566320,171456,3568308,29509.648,15037.760,0,236.784,0,19.063,5724,6127,3.720,2.250,1.610,5,0,101.335,0,0,14,25,0,21,0
27-07 13:54:44,79.592,19.400,0.995,0,0,1936396,10584956,171520,3568456,29439.984,15219.928,0,286.530,0,26.862,5972,5500,3.910,2.320,1.630,5,0,51.735,0,0,14,25,0,21,0
27-07 13:54:45,79.776,18.506,1.500,0,0,1958944,10562276,171584,3568520,14920.798,7430.389,0,352.113,0,29.009,6414,7223,3.910,2.320,1.630,5,0,30.010,0,0,14,25,0,21,0
27-07 13:54:46,78.747,20.564,0.502,0,0,1933252,10587924,171600,3568544,15697.139,7517.533,0,5011.689,0,704.204,7632,6497,3.910,2.320,1.630,5,0,90.283,0,0,14,25,0,20,0
27-07 13:54:47,79.702,18.489,1.499,0,0,1981644,10539356,171616,3568704,15470.660,7489.478,0,271.836,0,12.992,6286,7738,3.910,2.320,1.630,5,0,36.978,0,0,14,26,0,20,0
27-07 13:54:48,80.889,12.444,5.476,0,0,2001204,10519728,171636,3568744,15027.946,7490.577,0,203.094,0,7.964,6803,8059,3.910,2.320,1.630,4,0,0,0,0,14,27,0,21,0
27-07 13:54:49,58.160,20.968,17.223,1.997,0,1999500,10517460,171688,3572568,1411.826,147.772,119.816,315.514,16.974,19.969,6991,7932,3.990,2.360,1.650,7,0,2.995,0,0,14,29,0,21,0
27-07 13:54:50,66.302,26.521,5.254,0.751,0,1973476,10539124,171936,3576572,15106.832,7625.973,180.141,2842.226,25.020,141.111,7123,9013,3.990,2.360,1.650,6,0,31.024,0,0,14,27,0,21,0
27-07 13:54:51,64.609,19.308,10.892,2.723,0,2016208,10496244,171984,3576668,635.690,0,118.820,1548.627,28.715,291.110,7224,8382,3.990,2.360,1.650,4,0,0,0,0,14,28,0,23,0
27-07 13:54:52,80.392,17.696,3.034,0,0,1909768,10602460,172008,3576864,15458.454,8006.806,0,303.365,0,54.606,6752,8899,3.990,2.360,1.650,6,0,56.628,0,0,14,26,0,25,0
27-07 13:54:53,76.827,19.706,2.245,0,0,1936952,10575172,172064,3576912,625.590,0,0,303.316,0,24.944,6841,8825,3.990,2.360,1.650,6,0,44.899,0,0,14,26,0,25,0
27-07 13:54:54,78.563,20.967,1.263,0,0,1898104,10613784,172112,3577068,16115.719,7655.194,0,270.801,0,21.220,6488,7018,4.070,2.410,1.670,5,0,65.679,0,0,14,25,0,23,0
27-07 13:54:55,79.003,17.174,1.472,0,0,1959476,10552336,172144,3577108,471.071,0,0,196.280,0,13.740,6983,7976,4.070,2.410,1.670,6,0,1.963,0,0,14,26,0,23,0
27-07 13:54:56,85.227,12.860,2.017,0,0,2019624,10492108,172176,3577148,664.670,0,0,209.790,0,14.120,6884,8535,4.070,2.410,1.670,6,0,0,0,0,14,26,0,23,0
27-07 13:54:57,77.835,20.907,2.267,0,0,2022360,10489164,172192,3577340,15270.834,7581.008,0,145.091,0,8.061,6268,10372,4.070,2.410,1.670,3,0,71.538,0,0,14,28,0,24,0
27-07 13:54:58,64.805,11.422,20.360,0,0,2062400,10449064,172208,3577380,773.688,0,0,131.100,0,6.952,7909,8700,4.070,2.410,1.670,4,0,1.986,0,0,14,28,0,24,0
27-07 13:54:59,50.712,8.411,37.353,0,0,2058752,10452528,172224,3577544,3057.540,2145.226,0,114.781,0,8.905,6923,7778,4.070,2.430,1.680,4,0,0,0,0,14,28,0,21,0
27-07 13:55:00,68.910,19.184,11.359,0,0,1980916,10530304,172240,3577588,15362.210,7530.159,0,113.084,0,7.068,7150,9410,4.070,2.430,1.680,3,0,71.687,0,0,14,28,0,21,0
27-07 13:55:01,75.781,17.565,6.273,0,0,1931544,10579588,172280,3577632,584.167,0,0,212.789,0,18.067,6621,10075,4.070,2.430,1.680,4,0,32.119,0,0,14,27,0,23,0
27-07 13:55:02,80.656,17.283,1.753,0,0,1890092,10620644,172296,3578008,867.675,0,0,164.317,0,8.015,6439,9138,4.070,2.430,1.680,5,0,52.101,0,0,14,25,0,24,0
27-07 13:55:03,72.217,24.653,1.992,0,0,1872300,10638364,172320,3578048,4123.818,131.484,0,123.515,0,10.957,6622,9684,4.070,2.430,1.680,5,0,100.605,0,0,14,27,0,22,0
27-07 13:55:04,82.141,15.979,1.997,0,0,1916816,10593760,172368,3578088,15254.840,7727.787,0,251.667,0,19.974,6642,7731,4.220,2.490,1.710,5,0,31.958,0,0,14,26,0,23,0
27-07 13:55:05,80.646,16.780,2.505,0,0,1968032,10542352,172384,3578260,661.201,0,0,116.211,0,7.013,6838,9140,4.220,2.490,1.710,6,0,0,0,0,14,26,0,24,0
27-07 13:55:06,80.872,16.174,1.742,0,0,1981896,10528376,172432,3578320,596.214,0,0,203.051,0,20.902,7110,10689,4.220,2.490,1.710,6,0,29.860,0,0,14,26,0,24,0
27-07 13:55:07,75.841,23.433,1.008,0,0,1859252,10650900,172468,3578404,423.297,0,145.130,8586.885,14.110,29.228,6518,6940,4.220,2.490,1.710,5,1,96.754,0,0,14,25,0,24,0
27-07 13:55:08,67.232,32.122,0.747,0,0,1844144,10665520,172496,3578776,15035.018,7428.365,227.094,195.221,14.940,6.972,6585,6748,4.220,2.490,1.710,6,0,325.701,0,0,14,25,0,24,0
27-07 13:55:09,73.077,26.027,0.501,0.501,0,1919192,10589432,172532,3579660,420.444,148.156,752.794,240.253,21.022,13.014,6665,7043,4.450,2.570,1.730,7,0,164.173,0,0,14,25,0,25,0
27-07 13:55:10,74.213,23.066,2.507,0.251,0,1971628,10536780,172612,3579724,420.209,0,52.150,525.511,3.009,31.089,6919,8944,4.450,2.570,1.730,5,0,219.632,0,0,14,26,0,25,0
27-07 13:55:11,75.595,20.708,1.996,0,0,1957932,10550388,172664,3579764,700.565,0,0,319.346,0,20.957,6432,9495,4.450,2.570,1.730,4,0,59.877,0,0,14,26,0,23,0
27-07 13:55:12,74.086,23.277,2.503,0,0,1898008,10610124,172680,3579936,821.949,0,0,152.176,0,7.008,6560,8737,4.450,2.570,1.730,5,0,120.139,0,0,14,26,0,23,0
27-07 13:55:13,77.808,20.200,1.746,0,0,1875944,10632156,172696,3579972,239.410,0,0,135.666,0,6.983,6269,8405,4.450,2.570,1.730,5,0,42.894,0,0,14,25,0,24,0
27-07 13:55:14,80.036,18.876,1.258,0,0,1929512,10578508,172744,3580004,15136.320,7657.256,0,217.456,0,19.128,6588,7158,4.570,2.620,1.760,5,0,53.357,0,0,14,25,0,24,0
27-07 13:55:15,80.129,18.166,1.244,0,0,1890768,10617108,172760,3580160,358.341,0,0,115.465,0,7.963,5678,6450,4.570,2.620,1.760,5,0,34.839,0,0,14,25,0,24,0
27-07 13:55:16,77.866,19.779,2.003,0,0,1949100,10558712,172776,3580204,1104.641,0,0,144.214,0,8.012,7053,9513,4.570,2.620,1.760,5,0,40.059,0,0,14,25,0,24,0
27-07 13:55:17,76.678,20.663,1.494,0,0,1917060,10590720,172792,3580220,119.498,0,0,127.465,0,7.967,5779,4690,4.570,2.620,1.760,5,0,76.678,0,0,14,25,0,25,0
27-07 13:55:18,80.064,18.824,1.757,0,0,1933512,10574052,172848,3580380,601.356,0,0,277.085,0,22.087,5771,4830,4.570,2.620,1.760,8,0,58.228,0,0,14,26,0,25,0
27-07 13:55:19,80.740,17.693,0.748,0,0,1960684,10546804,172864,3580432,1025.697,147.525,0,123.602,0,6.978,6578,10120,4.600,2.660,1.770,6,0,10.965,0,0,14,26,0,27,0
27-07 13:55:20,79.392,18.974,1.498,0,0,1844504,10662860,172944,3580476,15134.498,7489.854,0,371.497,0,31.957,6781,9178,4.600,2.660,1.770,5,0,99.865,0,0,14,26,0,28,0
27-07 13:55:21,77.108,21.349,1.507,0,0,1925168,10581996,172992,3583060,663.078,0,0,1402.510,0,24.112,6885,11962,4.600,2.660,1.770,8,0,66.308,0,0,14,24,0,28,0
27-07 13:55:22,75.152,24.129,0.754,0,0,1882292,10624792,173008,3580680,541.897,0,0,176.946,0,9.048,6485,8971,4.600,2.660,1.770,4,0,122.656,0,0,14,24,0,29,1
27-07 13:55:23,78.599,14.426,6.467,0,0,1948616,10558404,173024,3580724,698.439,0,0,187.046,0,9.949,6016,7041,4.600,2.660,1.770,4,0,0,0,0,14,26,0,28,0
27-07 13:55:24,56.945,10.354,29.582,0,0,1952652,10554096,173088,3580928,1095.518,145.938,0,299.764,0,25.638,7557,9640,4.400,2.650,1.780,5,0,0,0,0,14,26,0,28,0
27-07 13:55:25,73.748,23.904,3.306,0,0,1776004,10730692,173104,3580964,732.391,0,0,122.065,0,8.138,6501,7845,4.400,2.650,1.780,5,0,130.203,0,0,14,24,0,28,0
27-07 13:55:26,72.079,27.186,0.249,0,0,1762196,10744480,173120,3580964,477.868,0,0,159.622,0,6.983,4826,2223,4.400,2.650,1.780,5,0,76.818,0,0,14,24,0,28,0
27-07 13:55:27,83.915,14.321,1.507,0,0,1897708,10608932,173136,3580984,602.985,0,0,4289.236,0,221.095,5542,3705,4.400,2.650,1.780,4,0,0,0,0,14,25,0,28,0
27-07 13:55:28,61.420,12.383,23.776,0,0,1897280,10608708,173216,3581552,15579.956,7786.511,0,903.473,0,92.130,7097,8668,4.400,2.650,1.780,3,0,1.981,0,0,14,28,0,29,0
27-07 13:55:29,56.725,16.944,22.837,0,0,1866244,10639536,173264,3581708,43659.123,21933.680,0,196.450,0,19.645,7389,7693,4.520,2.710,1.800,5,0,58.935,0,0,14,26,0,29,0
27-07 13:55:30,66.524,23.959,10.450,0,0,1776096,10729420,173336,3581880,31178.236,15653.858,0,367.031,0,30.586,7011,8958,4.520,2.710,1.800,3,0,121.324,0,0,14,25,0,29,0
27-07 13:55:31,58.097,17.857,23.138,0,0,1804272,10701208,173352,3581900,44742.231,22936.995,0,213.274,0,8.048,5598,4671,4.520,2.710,1.800,4,0,36.216,0,0,14,24,0,28,0
27-07 13:55:32,54.617,20.854,22.592,0,0,1779212,10726236,173368,3581916,29784.318,14812.219,0,131.082,0,7.944,6061,5040,4.520,2.710,1.800,4,0,71.499,0,0,14,25,0,28,0
27-07 13:55:33,63.352,12.670,22.856,0,0,1821324,10684092,173384,3581928,24276.576,431313.938,0,135.151,0,9.938,6076,4840,4.520,2.710,1.800,4,0,14.906,0,0,14,25,0,28,0
27-07 13:55:34,59.474,16.128,22.933,0,0,1854116,10651280,173384,3581948,20927.644,141736.626,0,0,0,0,6233,5710,4.720,2.780,1.830,4,0,31.249,0,0,14,25,0,28,0
27-07 13:55:35,56.887,19.212,23.453,0,0,1868472,10636896,173384,3581976,14826.444,7868.315,0,3.992,0,0.998,5898,5775,4.720,2.780,1.830,4,0,33.932,0,0,14,25,0,25,0
27-07 13:55:36,63.830,11.719,22.939,0,0,1914604,10590612,173384,3582128,14875.492,7665.641,0,438.835,0,1.995,5752,5629,4.720,2.780,1.830,3,0,0,0,0,14,25,0,25,0
27-07 13:55:37,55.969,8.784,32.879,0,0,1919824,10585320,173416,3582160,14974.698,7457.231,0,132.519,0,12.047,7181,8454,4.720,2.780,1.830,3,0,2.008,0,0,14,25,0,26,0
27-07 13:55:38,59.038,15.510,24.266,0,0,1736476,10768548,173504,3582188,986.637,0,0,324.209,0,35.023,5725,5286,4.720,2.780,1.830,3,0,40.026,0,0,14,24,0,26,0
27-07 13:55:39,48.622,27.460,23.933,0,0,1770420,10734564,173520,3582196,15333.388,7797.697,0,213.636,0,12.093,4182,2213,4.830,2.830,1.850,3,0,109.841,0,0,14,24,0,24,0
27-07 13:55:40,62.419,12.583,23.932,0,0,1816976,10687944,173572,3582208,9737.407,3623.772,0,272.375,0,19.737,4326,2862,4.830,2.830,1.850,3,0,1.974,0,0,14,25,0,24,0
27-07 13:55:41,59.336,11.411,28.400,0,0,1825436,10679444,173588,3582232,5710.493,3742.756,0,154.173,0,9.129,6514,6508,4.830,2.830,1.850,4,0,0,0,0,14,25,0,24,0
27-07 13:55:42,50.278,8.173,38.638,0,0,1825256,10679444,173604,3582396,474.549,0,0,146.625,0,6.935,7004,8071,4.830,2.830,1.850,2,0,0.991,0,0,14,27,0,25,0
27-07 13:55:43,45.962,7.993,42.964,0,0,1825200,10679444,173620,3582432,14903.627,7451.814,0,127.894,0,9.992,7209,8553,4.830,2.830,1.850,2,0,1.998,0,0,14,27,0,27,0
27-07 13:55:44,54.478,15.244,27.489,0,0,1665628,10838968,173636,3582460,760.698,147.941,0,135.946,0,6.997,6606,6676,4.920,2.890,1.870,3,0,57.977,0,0,14,24,0,27,0
27-07 13:55:45,51.422,27.090,22.074,0,0,1708268,10796312,173652,3582460,15188.677,7482.967,0,124.415,0,8.027,4423,2223,4.920,2.890,1.870,4,0,79.264,0,0,14,24,0,27,0
27-07 13:55:46,64.047,12.211,23.177,0,0,1810768,10693788,173668,3582468,683.833,0,0,115.633,0,6.978,4675,3010,4.920,2.890,1.870,4,0,1.994,0,0,14,25,0,27,0
27-07 13:55:47,63.926,12.128,23.498,0,0,1835736,10668628,173708,3582620,994.513,0,0,274.906,0,20.214,6698,6594,4.920,2.890,1.870,3,0,0,0,0,14,26,0,27,0
27-07 13:55:48,48.541,8.173,39.626,0,0,1835652,10668628,173740,3582660,694.438,0,0,3514.787,0,291.248,7839,8850,4.920,2.890,1.870,4,0,0,0,0,14,26,0,28,0
27-07 13:55:49,51.471,24.979,22.456,0,0,1720532,10783680,173788,3582680,15114.361,7839.767,0,213.959,0,19.176,6161,5100,5.010,2.940,1.890,4,0,150.377,0,0,14,24,0,28,0
27-07 13:55:50,50.203,26.975,22.729,0,0,1754200,10750008,173788,3582684,1101.961,0,0,0,0,0,4560,2307,5.010,2.940,1.890,3,0,95.910,0,0,14,24,0,28,0
27-07 13:55:51,62.365,11.678,24.846,0,0,1803756,10700444,173788,3582692,701.663,0,0,7.951,0,0.994,4180,2769,5.010,2.940,1.890,3,0,0,0,0,14,24,0,29,0
27-07 13:55:52,60.635,12.476,25.701,0,0,1778436,10725628,173884,3582732,15407.842,7443.913,0,491.071,0,41.921,5926,5705,5.010,2.940,1.890,5,0,15.970,0,0,14,24,0,27,0
27-07 13:55:53,43.948,29.965,24.221,0,0,1729504,10774400,173900,3582872,581.313,0,0,339.599,0,47.943,5661,4901,5.010,2.940,1.890,4,0,141.832,0,0,14,25,0,27,0
27-07 13:55:54,66.281,14.452,18.439,0,0,1816124,10687744,173916,3582892,1371.463,147.512,0,131.565,0,5.980,5806,5093,5.010,2.970,1.910,3,0,5.980,0,0,14,25,0,28,0
27-07 13:55:55,61.201,12.290,25.584,0,0,1839880,10663924,173948,3582920,361.186,0,0,172.566,0,13.043,6345,6206,5.010,2.970,1.910,3,0,2.007,0,0,14,26,0,28,0
27-07 13:55:56,55.502,9.209,31.858,0,0,1837160,10666472,174076,3582956,417.138,0,0,398.223,0,50.773,7491,8594,5.010,2.970,1.910,4,0,0,0,0,14,24,0,27,0
27-07 13:55:57,47.299,27.823,23.776,0,0,1689848,10813516,174324,3582972,15437.097,7612.316,0,2553.626,0,140.632,6632,6139,5.010,2.970,1.910,4,0,125.455,0,0,14,24,0,26,0
27-07 13:55:58,56.614,20.291,23.798,0,0,1788128,10715236,174324,3582972,660.331,0,0,1611.248,0,238.481,4244,1725,5.010,2.970,1.910,3,0,45.091,0,0,14,24,0,26,0
27-07 13:55:59,64.411,10.653,23.287,0,0,1821664,10681688,174324,3582984,636.183,146.659,0,3.964,0,0.991,4606,2978,4.850,2.970,1.920,3,0,0,0,0,14,25,0,27,0
27-07 13:56:00,59.829,11.265,26.785,0,0,1831304,10671888,174324,3583144,419.555,0,0,0,0,0,6986,7735,4.850,2.970,1.920,3,0,0,0,0,14,27,0,26,0
27-07 13:56:01,45.683,8.238,42.937,0,0,1831520,10671636,174324,3583176,581.145,0,0,0,0,0,7155,8424,4.850,2.970,1.920,2,0,1.997,0,0,14,27,0,27,0
27-07 13:56:02,53.792,12.701,30.631,0,0,1775956,10727100,174372,3583220,683.356,0,0,203.214,0,18.927,7493,8303,4.850,2.970,1.920,2,0,30.881,0,0,14,26,0,28,0
27-07 13:56:03,54.589,20.125,23.647,0,0,1732500,10770356,174420,3583372,15069.466,7504.546,0,213.323,0,20.125,6241,5450,4.850,2.970,1.920,3,0,68.424,0,0,14,24,0,28,0
27-07 13:56:04,45.854,32.148,21.432,0,0,1757988,10744864,174420,3583376,688.805,147.530,0,15.949,0,1.994,5309,3262,4.700,2.970,1.920,5,0,154.508,0,0,14,24,0,24,0
27-07 13:56:05,44.679,14.976,38.938,0,0,1780532,10722280,174420,3583416,271.567,0,0,3.994,0,0.998,5409,4878,4.700,2.970,1.920,2,0,45.927,0,0,14,25,0,24,0
27-07 13:56:06,44.996,8.547,44.996,0,0,1775680,10727052,174436,3583472,393.150,0,0,124.682,0,6.033,6330,6959,4.700,2.970,1.920,2,0,0,0,0,14,25,0,24,0
27-07 13:56:07,33.454,19.473,45.687,0,0,1705700,10797000,174452,3583488,391.456,0,0,115.839,0,5.992,4695,3633,4.700,2.970,1.920,3,0,101.858,0,0,14,24,0,24,0
27-07 13:56:08,33.509,19.755,46.013,0,0,1706960,10795708,174452,3583520,451.124,0,0,620.171,0,6.002,3540,1916,4.700,2.970,1.920,2,0,66.018,0,0,14,24,0,23,0
27-07 13:56:09,42.789,8.810,48.075,0,0,1732620,10770044,174452,3583524,15853.131,22210.089,0,4.027,0,1.007,3217,2234,4.480,2.960,1.920,2,0,0,0,0,14,24,0,23,0
27-07 13:56:10,45.755,7.460,45.258,0,0,1744564,10757960,174560,3583556,44240.051,22871.500,0,839.504,0,50.728,5219,5099,4.480,2.960,1.920,2,0,1.989,0,0,14,24,0,23,0
27-07 13:56:11,31.985,20.240,45.228,0,0,1707832,10794528,174576,3583700,29577.919,14585.056,0,155.926,0,7.996,5625,5274,4.480,2.960,1.920,3,0,93.955,0,0,14,25,0,23,0
27-07 13:56:12,39.527,13.009,46.781,0,0,1670112,10832192,174648,3583680,14985.050,7300.896,0,2325.560,0,274.184,4160,2757,4.480,2.960,1.920,2,0,8.005,0,0,14,24,0,22,0
27-07 13:56:13,41.817,9.766,47.576,0,0,1729004,10773248,174672,3583708,15222.211,7373.728,0,112.178,0,9.014,3229,2181,4.480,2.960,1.920,2,0,2.003,0,0,14,24,0,22,0
27-07 13:56:14,43.550,9.208,45.790,0,0,1751032,10751148,174720,3583728,15306.728,7328.356,0,609.203,0,28.867,5246,5267,4.520,2.990,1.940,2,0,0,0,0,14,25,0,22,0
27-07 13:56:15,40.762,12.004,45.764,0,0,1727644,10774484,174752,3583748,14800.520,7770.373,0,108.033,0,13.004,5767,5920,4.520,2.990,1.940,3,0,30.009,0,0,14,25,0,23,0
27-07 13:56:16,42.614,10.277,46.624,0,0,1686080,10815992,174784,3583768,15297.801,7544.121,0,152.406,0,14.037,4140,3512,4.520,2.990,1.940,2,0,7.019,0,0,14,24,0,21,0
27-07 13:56:17,41.135,9.972,47.866,0,0,1751328,10750720,174800,3583776,10817.649,3661.726,0,115.675,0,7.978,3182,2078,4.520,2.990,1.940,3,0,0,0,0,14,24,0,21,0
27-07 13:56:18,43.668,8.235,45.914,0,0,1768560,10733452,174816,3583796,4298.931,3844.784,0,115.783,0,6.987,5510,5824,4.520,2.990,1.940,2,0,0,0,0,14,25,0,22,0
27-07 13:56:19,38.303,14.520,45.313,0,0,1738232,10763612,174832,3583948,15057.002,7306.191,0,112.156,0,7.010,5638,5450,4.640,3.040,1.960,2,0,58.081,0,0,14,25,0,22,0
27-07 13:56:20,41.639,11.037,47.157,0,0,1691136,10810648,174880,3583956,360.202,148.495,0,252.844,0,21.070,3902,3107,4.640,3.040,1.960,2,0,5.017,0,0,14,24,0,18,0
27-07 13:56:21,41.507,9.752,47.758,0,0,1725484,10776296,174880,3583960,300.048,0,0,0,0,0,3289,2229,4.640,3.040,1.960,2,0,0,0,0,14,24,0,18,0
27-07 13:56:22,52.472,15.992,30.234,0,0,1769240,10732488,174912,3583976,14967.070,7843.844,0,107.943,0,11.994,6018,18246,4.640,3.040,1.960,3,0,38.979,0,0,14,24,0,19,0
27-07 13:56:23,33.962,18.979,44.950,0,0,1726640,10775072,174912,3583992,299.667,0,0,3.996,0,0.999,5282,4716,4.640,3.040,1.960,2,0,98.890,0,0,14,25,0,19,0
27-07 13:56:24,35.907,16.956,45.134,0,0,1686484,10815188,174944,3584000,15285.555,7923.553,0,311.197,0,49.871,4608,3411,4.430,3.020,1.960,2,0,72.812,0,0,14,24,0,19,0
27-07 13:56:25,26.031,29.285,43.803,0,0,1684932,10816732,174944,3584008,240.289,148.178,0,20.024,0,5.006,5124,3274,4.430,3.020,1.960,2,0,171.206,0,0,14,24,0,17,0
27-07 13:56:26,38.010,15.504,45.512,0,0,1720760,10780820,175008,3584024,419.114,0,0,268.073,0,27.007,4936,4651,4.430,3.020,1.960,2,0,42.011,0,0,14,24,0,17,0
27-07 13:56:27,31.819,20.043,46.851,0,0,1698604,10802972,175008,3584028,3663.917,66.143,0,0,0,0,3929,2146,4.430,3.020,1.960,3,0,94.204,0,0,14,24,0,17,0
27-07 13:56:28,41.899,9.976,47.136,0,0,1740916,10760648,175008,3584040,11591.034,7440.049,0,0,0,0,4402,4023,4.430,3.020,1.960,3,0,1.995,0,0,14,25,0,17,0
27-07 13:56:29,45.876,7.270,46.127,0,0,1772608,10728936,175008,3584060,421.161,0,0,1716.733,0,250.691,5466,4795,4.230,3.010,1.960,4,0,0,0,0,14,24,0,16,0
27-07 13:56:30,36.354,15.936,45.567,0,0,1720724,10780684,175008,3584196,357.565,147.409,0,3.984,0,0.996,5155,4562,4.230,3.010,1.960,4,0,45.816,0,0,14,25,0,17,0
27-07 13:56:31,45.527,7.755,45.777,0,0,1764544,10736804,175044,3584216,14804.756,7624.509,0,160.095,0,12.007,4678,4212,4.230,3.010,1.960,3,0,2.001,0,0,14,25,0,17,0
27-07 13:56:32,38.017,13.506,47.522,0,0,1715140,10786208,175044,3584216,299.137,0,0,8.004,0,2.001,4102,3450,4.230,3.010,1.960,4,0,31.014,0,0,14,25,0,17,0
27-07 13:56:33,43.928,8.736,46.424,0,0,1756940,10744376,175044,3584248,299.510,0,0,0,0,0,5310,5164,4.230,3.010,1.960,4,0,0,0,0,14,26,0,17,0
27-07 13:56:34,44.017,7.753,46.018,0,0,1757132,10744124,175076,3584272,599.236,0,0,264.104,0,38.015,5989,6488,4.060,2.990,1.960,3,0,2.001,0,0,14,25,0,18,0
27-07 13:56:35,30.221,24.227,43.458,0,0,1701808,10799392,175076,3584328,239.770,147.858,0,7.992,0,1.998,5912,5263,4.060,2.990,1.960,2,0,140.865,0,0,14,25,0,18,0
27-07 13:56:36,23.315,34.095,41.365,0,0,1639796,10861356,175100,3584364,38229.365,473048.150,0,128.357,0,9.025,5818,4414,4.060,2.990,1.960,2,0,227.633,0,0,14,24,0,18,0
27-07 13:56:37,20.057,12.535,66.438,0,0,1673152,10828004,175100,3584360,62901.972,160054.851,0,0,0,0,2665,1780,4.060,2.990,1.960,2,0,39.111,0,0,14,24,0,18,0
27-07 13:56:38,21.741,4.998,71.969,0,0,1702812,10798340,175100,3584364,29758.318,14585.784,0,339.855,0,2.999,2329,1969,4.060,2.990,1.960,1,0,0,0,0,14,24,0,18,0
27-07 13:56:39,23.250,4.750,71.250,0,0,1696988,10803980,175284,3584360,29891.994,14753.997,0,1844.000,0,97.000,3191,3264,3.890,2.970,1.960,2,0,0,0,0,14,24,0,18,0
27-07 13:56:40,11.955,16.687,70.236,0,0,1673432,10827524,175284,3584372,15038.386,7481.834,0,0,0,0,3095,2095,3.890,2.970,1.960,3,0,92.651,0,0,14,24,0,18,0
27-07 13:56:41,20.831,5.522,73.286,0,0,1699064,10801888,175284,3584376,15094.877,7324.569,0,4.016,0,1.004,1727,1251,3.890,2.970,1.960,1,0,0,0,0,14,24,0,17,0
27-07 13:56:42,21.978,4.745,71.930,0,0,1714428,10786496,175308,3584380,15260.043,7330.815,0,275.730,0,12.987,2364,2061,3.890,2.970,1.960,1,0,0.999,0,0,14,25,0,17,0
27-07 13:56:43,23.776,4.255,71.079,0.250,0,1706272,10794464,175348,3584528,15112.748,7466.274,0,160.178,0,18.020,3506,3836,3.890,2.970,1.960,1,0,2.002,0,0,14,24,0,17,0
27-07 13:56:44,10.035,18.315,70.248,0,0,1614464,10886248,175364,3584532,721.546,0,0,1481.227,0,225.797,3637,2129,3.820,2.970,1.970,1,0,99.351,0,0,14,24,0,17,0
27-07 13:56:45,21.165,5.229,72.957,0,0,1645456,10855280,175372,3584532,15376.202,7414.202,0,51.792,0,2.988,1822,1355,3.820,2.970,1.970,1,0,0,0,0,14,24,0,14,0
27-07 13:56:46,22.009,5.002,72.278,0.250,0,1666308,10834376,175420,3584536,941.364,0,0,404.156,0,24.009,2394,2032,3.820,2.970,1.970,1,0,2.001,0,0,14,24,0,14,0
27-07 13:56:47,22.469,4.744,71.153,0.250,0,1668000,10832612,175468,3584556,15015.504,7351.964,0,135.815,0,18.974,3313,3487,3.820,2.970,1.970,1,0,0,0,0,14,25,0,14,0
27-07 13:56:48,12.515,15.519,70.836,0,0,1620784,10879800,175492,3584556,1284.560,0,0,132.161,0,10.012,3370,2291,3.820,2.970,1.970,1,0,94.114,0,0,14,24,0,14,0
27-07 13:56:49,19.485,7.245,72.696,0,0,1641432,10859136,175508,3584556,14964.804,7452.424,0,107.919,0,5.996,1926,1484,3.590,2.940,1.970,1,0,1.999,0,0,14,24,0,12,0
27-07 13:56:50,21.493,5.248,71.977,0,0,1674848,10825652,175572,3584560,940.694,147.952,0,675.780,0,36.988,2472,2307,3.590,2.940,1.970,1,0,1.000,0,0,14,25,0,12,0
27-07 13:56:51,22.527,4.505,72.086,0,0,1671524,10828952,175588,3584568,762.915,0,0,80.096,0,7.008,2990,3037,3.590,2.940,1.970,1,0,0,0,0,14,25,0,12,0
27-07 13:56:52,23.497,4.249,69.491,0,0,1669024,10831440,175588,3584580,15093.111,7523.058,0,0,0,0,4271,4684,3.590,2.940,1.970,1,0,3.000,0,0,14,25,0,12,0
27-07 13:56:53,18.392,8.818,72.562,0,0,1621788,10878628,175620,3584592,241.872,0,0,108.843,0,13.101,2533,2162,3.590,2.940,1.970,1,0,30.234,0,0,14,24,0,10,0
27-07 13:56:54,21.837,8.189,68.987,0,0,1662184,10838224,175628,3584592,703.762,0,0,43.675,0,2.978,1889,1314,3.380,2.910,1.960,1,0,5.956,0,0,14,24,0,10,0
27-07 13:56:55,21.986,5.496,71.453,0,0,1669744,10830496,175660,3584724,15367.899,7505.067,0,879.422,0,142.906,2696,2110,3.380,2.910,1.960,1,0,1.999,0,0,14,24,0,10,0
27-07 13:56:56,23.233,4.996,70.699,0,0,1666924,10833288,175676,3584736,1405.986,0,0,59.957,0,6.995,3699,4012,3.380,2.910,1.960,1,0,0,0,0,14,25,0,11,0
27-07 13:56:57,24.027,4.505,69.829,0,0,1664716,10835480,175676,3584752,360.407,0,0,4.005,0,1.001,3690,3995,3.380,2.910,1.960,1,0,0,0,0,14,24,0,10,0
27-07 13:56:58,6.488,24.204,67.871,0,0,1613860,10886300,175676,3584804,1886.419,0,0,3.992,0,0.998,4036,2383,3.380,2.910,1.960,1,0,155.704,0,0,14,24,0,10,0
27-07 13:56:59,9.519,31.815,57.117,0,0,1612928,10887196,175700,3584816,46426.924,51661.627,0,184.377,0,11.023,4744,2885,3.190,2.880,1.950,2,0,193.395,0,0,14,26,0,11,0
27-07 13:57:00,31.509,19.006,47.264,0.750,0,1651116,10848748,175776,3584996,61275.840,32023.324,172.050,400.116,6.002,23.007,3848,2464,3.190,2.880,1.950,2,0,60.017,0,0,14,24,0,12,0
27-07 13:57:01,43.741,8.748,47.240,0.250,0,1732264,10766904,175836,3585548,44400.363,22891.032,27.994,275.940,2.000,5.999,3024,1643,3.190,2.880,1.950,2,0,2.000,0,0,14,24,0,11,0
27-07 13:57:02,38.668,10.659,44.865,3.222,0,1785344,10707932,177336,3589584,29398.737,15336.402,2161.453,5746.689,35.694,548.295,5751,6140,3.190,2.880,1.950,4,0,26.770,0,0,14,28,0,11,0
27-07 13:57:03,40.410,16.565,37.649,1.757,0,1790816,10692852,182584,3593444,25667.395,444503.937,0,24452.596,0,2167.563,13789,18795,3.190,2.880,1.950,4,0,78.309,0,0,14,28,0,11,0
27-07 13:57:04,39.656,20.832,33.381,2.259,0,1748836,10726620,188936,3595056,18236.733,128921.106,0,40784.424,0,3019.879,15672,20975,3.260,2.890,1.970,2,0,49.194,0,0,14,28,0,11,0
27-07 13:57:05,39.499,13.500,38.749,4.500,0,1768064,10701952,193636,3595624,45200.894,22985.437,0,28655.299,0,2320.943,11940,16211,3.260,2.890,1.970,4,0,20.999,0,0,14,28,0,8,0
27-07 13:57:06,40.016,12.255,45.018,1.000,0,1735448,10733876,194580,3595348,30065.312,14597.978,0,7719.161,0,586.240,4802,4516,3.260,2.890,1.970,4,0,7.003,0,0,14,24,0,8,0
27-07 13:57:07,43.767,8.503,47.269,0,0,1737484,10731732,194660,3595372,29423.647,14597.778,0,868.344,0,39.015,3080,1788,3.260,2.890,1.970,4,0,3.001,0,0,14,24,0,8,0
27-07 13:57:08,41.692,12.408,42.933,0.496,0,1794600,10672552,196540,3595504,30277.566,15654.478,0,9390.701,0,835.832,6941,8139,3.260,2.890,1.970,4,0,0.993,0,0,14,26,0,8,0
27-07 13:57:09,40.386,16.054,38.630,1.505,0,1808616,10654156,200580,3595736,44177.127,22190.909,0,15403.999,0,1709.772,12543,16876,3.480,2.950,1.990,4,0,2.007,0,0,14,26,0,8,0
27-07 13:57:10,42.015,11.754,41.515,1.501,0,1792564,10667656,202872,3595920,15322.377,7608.670,0,13208.636,0,1075.377,8119,9841,3.480,2.950,1.990,3,0,18.006,0,0,14,24,0,8,0
27-07 13:57:11,21.832,18.319,59.473,0,0,1737600,10722584,202904,3595920,30112.995,15779.209,0,497.868,0,23.087,3413,2054,3.480,2.950,1.990,1,0,83.313,0,0,14,24,0,8,0
27-07 13:57:12,22.251,4.500,72.253,0,0,1759376,10700792,202920,3595920,44650.574,22182.782,0,228.008,0,9.000,1917,1348,3.480,2.950,1.990,1,0,3.000,0,0,14,24,0,8,0
27-07 13:57:13,19.248,8.249,71.491,0.250,0,1778624,10681236,203216,3595920,29934.305,14656.191,0,3543.563,0,161.980,2310,2001,3.480,2.950,1.990,1,0,2.000,0,0,14,24,0,8,0
27-07 13:57:14,21.750,4.500,72.998,0.750,0,1754404,10705360,203240,3595988,15376.653,7361.834,39.999,123.997,3.000,10.000,1669,1055,3.440,2.950,1.990,1,0,1.000,0,0,14,24,0,8,0
27-07 13:57:15,20.504,5.501,72.513,0,0,1750456,10709308,203240,3595988,14918.630,7511.324,0,0,0,0,1770,1290,3.440,2.950,1.990,1,0,0,0,0,14,24,0,8,0
27-07 13:57:16,20.499,6.250,72.498,0,0,1743064,10716700,203240,3595988,44673.746,22933.356,0,0,0,0,1902,1254,3.440,2.950,1.990,1,0,4.000,0,0,14,24,0,8,0
27-07 13:57:17,22.750,4.000,72.751,0,0,1748004,10711744,203240,3596000,29532.431,14592.213,0,192.003,0,41.001,1811,1138,3.440,2.950,1.990,1,0,0,0,0,14,24,0,8,0
27-07 13:57:18,20.003,6.251,73.012,0,0,1720820,10738924,203240,3596004,29535.699,14822.358,0,0,0,0,1870,1340,3.440,2.950,1.990,1,0,1.000,0,0,14,24,0,7,0
27-07 13:57:19,22.952,5.239,71.100,0,0,1698352,10761380,203248,3596004,52395.823,585039.793,0,95.799,0,1.996,2214,1581,3.240,2.910,1.990,3,0,2.994,0,0,14,24,0,7,0
27-07 13:57:20,20.036,6.261,72.129,0,0,1738548,10721152,203280,3596004,33599.023,19436.723,0,100.179,0,13.023,2109,1881,3.240,2.910,1.990,3,0,2.004,0,0,14,24,0,7,0
27-07 13:57:21,21.997,3.749,72.739,1.500,0,1695560,10763856,203328,3596224,29809.380,15075.663,151.976,427.934,5.999,17.997,1805,1279,3.240,2.910,1.990,2,0,1.000,0,0,14,24,0,7,0
27-07 13:57:22,27.252,11.501,60.003,0,0,1749628,10709784,203328,3598824,14915.846,7458.423,0,0,0,0,2781,7187,3.240,2.910,1.990,2,0,37.002,0,0,14,24,0,6,0
27-07 13:57:23,23.987,8.246,67.215,0,0,1762344,10697068,203328,3596228,29924.287,16033.581,0,3.998,0,0.999,2415,6053,3.240,2.910,1.990,2,0,3.998,0,0,14,24,0,7,0
27-07 13:57:24,20.506,6.752,72.523,0,0,1776456,10682956,203328,3596228,30272.448,15406.808,0,0,0,0,1790,1214,3.060,2.880,1.980,2,0,0,0,0,14,24,0,7,0
27-07 13:57:25,21.998,4.750,72.744,0,0,1740672,10718656,203328,3596312,29409.676,15290.792,0,0,0,0,1792,1182,3.060,2.880,1.980,2,0,3.000,0,0,14,24,0,7,0
27-07 13:57:26,20.759,6.003,72.532,0,0,1730284,10729016,203344,3596324,30012.163,16101.062,0,96.042,0,3.001,1892,1424,3.060,2.880,1.980,2,0,0,0,0,14,24,0,6,0
27-07 13:57:27,21.752,5.251,72.758,0,0,1717036,10742252,203344,3596336,44032.665,22604.395,0,0,0,0,1888,1427,3.060,2.880,1.980,2,0,1.000,0,0,14,24,0,6,0
27-07 13:57:28,21.252,5.750,72.255,0,0,1714936,10744352,203344,3596336,46078.333,24351.761,0,136.010,0,28.002,1954,1475,3.060,2.880,1.980,2,0,2.000,0,0,14,24,0,6,0
27-07 13:57:29,20.747,5.749,72.741,0,0,1743664,10715624,203344,3596336,29408.448,15274.155,0,4.000,0,1.000,1738,1181,2.900,2.850,1.980,2,0,2.000,0,0,14,24,0,6,0
27-07 13:57:30,22.736,4.747,72.206,0,0,1715908,10743324,203368,3596364,30365.327,15348.561,0,159.902,0,9.994,1925,1545,2.900,2.850,1.980,2,0,0.999,0,0,14,24,0,6,0
27-07 13:57:31,20.751,6.250,72.753,0,0,1712364,10746816,203408,3596376,30127.421,16028.756,0,504.024,0,20.001,1937,1446,2.900,2.850,1.980,2,0,2.000,0,0,14,24,0,6,0
27-07 13:57:32,22.501,4.500,72.502,0,0,1682764,10776380,203408,3596412,30038.756,15438.389,0,8.000,0,2.000,1836,1270,2.900,2.850,1.980,2,0,2.000,0,0,14,24,0,6,0
27-07 13:57:33,20.240,7.246,71.215,0,0,1662104,10797040,203408,3596412,53097.900,452117.760,0,0,0,0,2192,1753,2.900,2.850,1.980,2,0,1.000,0,0,14,24,0,6,0
27-07 13:57:34,22.018,5.254,72.310,0,0,1710976,10748168,203408,3596412,32349.795,145764.737,0,0,0,0,1884,1203,2.750,2.820,1.970,2,0,4.003,0,0,14,24,0,4,0
27-07 13:57:35,21.755,5.001,72.518,0,0,1686772,10772360,203408,3596424,29539.272,14905.669,0,4.001,0,1.000,1798,1193,2.750,2.820,1.970,2,0,5.001,0,0,14,24,0,4,0
27-07 13:57:36,5.986,23.446,68.592,0,0,1662676,10796300,203428,3596548,55096.985,29763.387,0,2689.799,0,86.800,4398,2756,2.750,2.820,1.970,3,0,160.630,0,0,14,24,0,4,0
27-07 13:57:37,5.759,25.289,66.853,0,0,1658972,10799960,203428,3596552,51711.794,28147.433,0,420.649,0,5.008,4407,2747,2.750,2.820,1.970,2,0,168.260,0,0,14,24,0,4,0
27-07 13:57:38,5.753,25.261,67.280,0,0,1652540,10806388,203428,3596556,61321.900,32498.256,0,264.116,0,4.002,4398,2840,2.750,2.820,1.970,0,0,167.073,0,0,14,24,0,4,0
27-07 13:57:39,6.002,24.007,68.021,0,0,1642284,10816624,203436,3596568,61056.500,32283.782,0,444.135,0,32.010,4283,2734,2.770,2.820,1.980,1,0,149.045,0,0,14,24,0,4,0
27-07 13:57:40,5.999,23.496,68.238,0,0,1640608,10818252,203464,3596584,60624.282,33082.151,0,319.943,0,13.998,4369,3124,2.770,2.820,1.980,1,0,138.975,0,0,14,24,0,4,0
27-07 13:57:41,5.491,24.958,67.885,0,0,1635260,10823552,203504,3596592,45409.063,24516.461,0,678.850,0,24.958,4261,2757,2.770,2.820,1.980,1,0,147.750,0,0,14,24,0,4,0
27-07 13:57:42,6.512,26.046,65.616,0,0,1630108,10828704,203504,3596592,70714.353,579132.610,0,0,0,0,4648,2961,2.770,2.820,1.980,1,0,160.284,0,0,14,24,0,4,0
27-07 13:57:43,5.248,22.490,69.720,1.000,0,1631552,10827248,203508,3596600,60852.505,33331.488,7.997,0,1.999,0,4024,2663,2.770,2.820,1.980,1,0,136.940,0,0,14,24,0,4,0
27-07 13:57:44,7.252,23.006,68.018,0,0,1617216,10841564,203508,3596604,60831.487,32424.788,0,324.088,0,69.019,4281,2644,2.620,2.790,1.970,1,0,143.039,0,0,14,24,0,4,0
27-07 13:57:45,20.746,5.999,72.237,0,0,1662088,10796708,203508,3596588,44875.217,22916.026,0,0,0,0,1906,1445,2.620,2.790,1.970,2,0,0,0,0,14,24,0,4,0
27-07 13:57:46,20.759,6.253,72.530,0,0,1699552,10759232,203516,3596588,44285.587,22059.259,0,120.050,0,3.001,1959,1363,2.620,2.790,1.970,3,0,4.002,0,0,14,24,0,4,0
27-07 13:57:47,22.252,4.250,72.755,0,0,1723964,10734804,203516,3596604,29594.197,14593.084,0,20.001,0,2.000,1820,1307,2.620,2.790,1.970,2,0,0,0,0,14,24,0,4,0
27-07 13:57:48,20.499,5.250,72.996,0,0,1707852,10750932,203516,3596588,15034.198,7847.581,0,0,0,0,1766,1252,2.620,2.790,1.970,3,0,1.000,0,0,14,24,0,4,0
27-07 13:57:49,21.299,6.014,72.668,0,0,1751688,10707096,203516,3596588,44719.364,23540.411,0,0,0,0,1883,1393,2.490,2.760,1.970,2,0,2.005,0,0,14,24,0,4,0
27-07 13:57:50,20.304,6.517,72.943,0,0,1782384,10676368,203548,3596588,31471.120,16122.582,0,116.307,0,13.034,1989,1620,2.490,2.760,1.970,1,0,2.005,0,0,14,24,0,4,0
27-07 13:57:51,22.253,5.251,72.009,0,0,1748348,10710336,203596,3596608,29595.724,14917.877,0,524.066,0,27.003,1897,1356,2.490,2.760,1.970,3,0,1.000,0,0,14,24,0,4,0
27-07 13:57:52,20.642,5.969,71.875,0,0,1722576,10736116,203596,3596600,30028.185,16024.317,0,0,0,0,1924,1433,2.490,2.760,1.970,2,0,2.984,0,0,14,24,0,4,0
27-07 13:57:53,21.485,5.746,72.451,0,0,1742952,10715740,203596,3596600,44118.075,22682.615,0,3.997,0,0.999,1866,1269,2.490,2.760,1.970,3,0,1.999,0,0,14,24,0,4,0
27-07 13:57:54,24.516,7.255,67.543,0,0,1768856,10689812,203596,3596612,23758.277,452402.908,0,12.008,0,1.001,2269,1409,2.370,2.730,1.960,3,0,6.004,0,0,14,24,0,4,0
27-07 13:57:55,20.754,6.751,72.263,0,0,1743788,10714904,203596,3596588,33900.207,159317.170,0,132.024,0,27.005,2166,1505,2.370,2.730,1.960,2,0,4.001,0,0,14,24,0,4,0
27-07 13:57:56,22.005,4.501,72.515,0,0,1772736,10685948,203604,3596588,44618.172,22738.675,0,160.033,0,6.001,1829,1277,2.370,2.730,1.960,2,0,0,0,0,14,24,0,4,0
27-07 13:57:57,19.993,6.747,72.473,0,0,1788912,10669764,203604,3596592,29766.933,15366.287,0,0,0,0,1795,1201,2.370,2.730,1.960,2,0,1.999,0,0,14,24,0,4,0
27-07 13:57:58,20.247,6.249,72.739,0,0,1781288,10677364,203604,3596616,14972.802,7618.882,0,23.996,0,1.000,1631,1013,2.370,2.730,1.960,2,0,2.000,0,0,14,24,0,4,0
27-07 13:57:59,20.004,6.501,73.014,0,0,1692732,10765932,203604,3596604,15158.867,7621.442,0,4.001,0,1.000,1789,1309,2.260,2.700,1.960,2,0,1.000,0,0,14,24,0,3,0
27-07 13:58:00,22.001,4.250,72.252,0,0,1730244,10728380,203636,3596612,44796.286,23472.674,0,128.004,0,12.000,1997,1678,2.260,2.700,1.960,3,0,0,0,0,14,24,0,3,0
27-07 13:58:01,20.243,7.247,72.474,0,0,1755224,10703368,203668,3596612,30506.258,15528.532,0,507.821,0,41.985,1958,1329,2.260,2.700,1.960,2,0,3.999,0,0,14,24,0,3,0
27-07 13:58:02,22.258,5.002,72.525,0,0,1754200,10704408,203668,3596596,30723.391,15281.168,0,20.007,0,3.001,1823,1315,2.260,2.700,1.960,3,0,2.001,0,0,14,24,0,3,0
27-07 13:58:03,20.695,5.486,72.808,0,0,1787556,10671052,203668,3596596,29807.255,16292.957,0,0,0,0,1759,1335,2.260,2.700,1.960,2,0,0,0,0,14,24,0,1,0
27-07 13:58:04,21.806,5.263,72.435,0,0,1813328,10645280,203668,3596596,45011.089,23183.277,0,0,0,0,1856,1250,2.160,2.680,1.950,2,0,4.010,0,0,14,24,0,1,0
27-07 13:58:05,22.440,3.241,72.555,0,0,1813320,10645256,203668,3596628,21616.045,10122.860,0,31.914,0,1.995,1691,1177,2.160,2.680,1.950,3,0,0,0,0,14,24,0,1,0
27-07 13:58:06,19.809,7.021,72.968,0,0,1767216,10691428,203676,3596548,23574.474,13095.147,0,541.619,0,67.201,1973,1414,2.160,2.680,1.950,2,0,1.003,0,0,14,24,0,1,0
27-07 13:58:07,24.001,7.750,67.002,0.750,0,1760344,10698264,203692,3596568,30329.838,16042.443,36.001,96.003,5.000,3.000,2422,1620,2.160,2.680,1.950,2,1,37.001,0,0,14,24,0,1,0
27-07 13:58:08,22.248,13.999,62.744,0.500,0,1776080,10682472,203696,3596616,29648.275,15400.585,11.999,4.000,3.000,1.000,2952,1975,2.160,2.680,1.950,2,0,73.993,0,0,14,24,0,1,0
27-07 13:58:09,21.001,5.250,72.755,0,0,1774776,10683692,203696,3596700,29473.937,15144.995,0,84.006,0,1.000,1635,1020,2.070,2.650,1.950,2,0,0,0,0,14,24,0,1,0
27-07 13:58:10,21.442,5.734,71.805,0,0,1703288,10755160,203724,3596692,23550.889,439344.006,0,203.446,0,9.973,2214,1734,2.070,2.650,1.950,2,0,2.992,0,0,14,24,0,1,0
27-07 13:58:11,22.070,5.016,72.229,0,0,1707448,10750952,203760,3596704,61978.198,164556.922,0,405.283,0,22.070,2081,1481,2.070,2.650,1.950,0,0,2.006,0,0,14,24,0,1,0
27-07 13:58:12,20.237,6.496,72.702,0,0,1700004,10758416,203760,3596684,30039.326,16017.510,0,195.872,0,35.976,1892,1435,2.070,2.650,1.950,1,0,0.999,0,0,14,24,0,1,0
27-07 13:58:13,20.758,5.502,72.277,0,0,1729536,10728884,203760,3596684,44044.455,23000.593,0,0,0,0,1860,1286,2.070,2.650,1.950,1,0,4.001,0,0,14,24,0,1,0
27-07 13:58:14,21.747,4.999,72.741,0,0,1734572,10723828,203760,3596704,30096.103,14980.060,0,23.997,0,2.000,1735,1172,1.980,2.620,1.940,1,0,0,0,0,14,24,0,1,0
27-07 13:58:15,21.255,5.251,73.016,0,0,1689324,10769100,203760,3596680,15635.383,7769.681,0,0,0,0,1731,1224,1.980,2.620,1.940,1,0,1.000,0,0,14,24,0,1,0
27-07 13:58:16,21.999,4.750,72.497,0,0,1693104,10765312,203768,3596680,44672.945,23712.909,0,107.995,0,2.000,1853,1292,1.980,2.620,1.940,1,0,2.000,0,0,14,24,0,1,0
27-07 13:58:17,20.714,5.989,72.373,0,0,1697676,10760728,203768,3596692,29746.742,15117.442,0,27.951,0,1.996,1845,1350,1.980,2.620,1.940,1,0,0.998,0,0,14,24,0,1,0
27-07 13:58:18,20.773,5.506,72.831,0,0,1703032,10755372,203768,3596692,44844.675,23608.151,0,0,0,0,1833,1311,1.980,2.620,1.940,3,0,0,0,0,14,24,0,1,0
27-07 13:58:19,20.757,5.502,72.775,0,0,1718900,10739504,203768,3596692,29722.203,15083.177,0,0,0,0,1794,1172,1.900,2.590,1.930,2,0,4.001,0,0,14,24,0,1,0
27-07 13:58:20,24.930,15.109,59.682,0,0,1666284,10792080,203772,3596708,29867.138,15469.950,4.029,24.175,1.007,4.029,3215,2110,1.900,2.590,1.930,3,0,92.671,0,0,14,24,0,1,0
27-07 13:58:21,5.921,24.425,66.367,0,0,1657996,10800328,203784,3596732,30509.270,16382.141,0,240.798,0,6.908,4366,2828,1.900,2.590,1.930,2,0,160.861,0,0,14,24,0,1,0
27-07 13:58:22,6.034,25.895,66.373,0.251,0,1648488,10809744,203864,3596740,61218.956,31861.010,0,1182.645,0,54.305,4468,2962,1.900,2.590,1.930,1,0,172.972,0,0,14,24,0,1,0
27-07 13:58:23,20.983,29.476,48.211,0,0,1639540,10818688,203864,3596744,72187.545,594192.841,0,251.796,0,41.966,5454,10869,1.900,2.590,1.930,1,0,162.868,0,0,14,24,0,1,0
27-07 13:58:24,19.265,7.506,72.557,0,0,1667600,10790616,203864,3596756,46075.149,22705.814,0,0,0,0,1947,1546,1.830,2.570,1.930,1,0,0,0,0,14,24,0,1,0
27-07 13:58:25,21.747,4.999,72.489,0,0,1702228,10755980,203864,3596764,44305.098,22326.522,0,0,0,0,1869,1247,1.830,2.570,1.930,2,0,2.000,0,0,14,24,0,1,0
27-07 13:58:26,24.759,2.501,72.528,0,0,1714644,10743296,203864,3597028,29722.309,14597.554,0,8.003,0,2.001,1735,1046,1.830,2.570,1.930,1,0,0,0,0,14,24,0,1,0
27-07 13:58:27,18.990,7.996,72.461,0,0,1680128,10777792,203872,3597036,29983.841,16922.880,0,159.914,0,1.999,2022,1600,1.830,2.570,1.930,1,0,8.995,0,0,14,24,0,1,0
27-07 13:58:28,22.620,5.027,72.385,0,0,1681256,10776664,203872,3597036,60039.075,30783.598,0,0,0,0,1913,1330,1.830,2.570,1.930,2,0,2.011,0,0,14,24,0,1,0
27-07 13:58:29,22.646,3.235,72.665,0,0,1707884,10750036,203872,3597036,29575.788,15074.574,0,3.982,0,0.995,1669,1091,1.760,2.540,1.920,1,0,0,0,0,14,24,0,1,0
27-07 13:58:30,7.497,28.488,62.474,0.500,0,1664008,10793792,203872,3597160,32009.703,48207.974,39.983,0,1.999,0,4349,2731,1.760,2.540,1.920,1,0,177.926,0,0,14,24,0,1,0
27-07 13:58:31,5.982,24.428,67.551,0,0,1660544,10797256,203872,3597160,61024.892,33666.637,0,55.835,0,1.994,4277,2697,1.760,2.540,1.920,1,0,153.547,0,0,14,24,0,1,0
27-07 13:58:32,6.018,24.825,67.955,0,0,1643828,10813968,203880,3597156,61275.837,31023.582,0,128.387,0,5.015,4275,2834,1.760,2.540,1.920,2,0,153.463,0,0,14,24,0,1,0
27-07 13:58:33,6.498,25.744,66.734,0,0,1645280,10812488,203880,3597168,58120.033,577881.129,0,83.980,0,2.999,4652,2946,1.760,2.540,1.920,2,0,162.961,0,0,14,24,0,1,0
27-07 13:58:34,5.244,25.472,67.176,0,0,1642220,10815544,203880,3597172,60867.601,32817.661,0,27.969,0,0.999,4270,2732,1.700,2.510,1.920,2,0,160.822,0,0,14,24,0,1,0
27-07 13:58:35,6.261,26.297,66.619,0,0,1633912,10823852,203880,3597172,60985.373,31544.573,0,180.323,0,3.005,4363,2749,1.700,2.510,1.920,1,0,164.295,0,0,14,24,0,1,0
27-07 13:58:36,6.495,24.733,66.953,0,0,1624992,10832764,203880,3597180,61095.777,32387.087,0,3.997,0,0.999,4424,2700,1.700,2.510,1.920,1,0,162.885,0,0,14,24,0,1,0
27-07 13:58:37,4.754,26.021,66.555,0,0,1625712,10832036,203880,3597184,45769.781,23871.705,0,360.297,0,67.055,4480,2788,1.700,2.510,1.920,2,0,163.135,0,0,14,24,0,1,0
27-07 13:58:38,5.750,25.750,66.749,0,0,1616952,10840780,203888,3597188,60994.438,32261.703,0,283.997,0,5.000,4269,2738,1.700,2.510,1.920,1,0,162.998,0,0,14,24,0,1,0
27-07 13:58:39,4.976,25.129,67.426,0,0,1611676,10846052,203888,3597188,60704.507,32247.154,0,262.738,0,2.986,4334,2668,1.650,2.490,1.910,1,0,155.254,0,0,14,24,0,1,0
27-07 13:58:40,5.775,27.370,65.537,0,0,1605832,10851888,203888,3597196,61341.792,32855.971,0,441.937,0,5.022,4398,2736,1.650,2.490,1.910,3,0,166.731,0,0,14,24,0,1,0
27-07 13:58:41,8.249,25.746,64.489,0,0,1604832,10852888,203888,3597196,58274.137,590474.061,0,359.939,0,5.999,4900,2779,1.650,2.490,1.910,2,0,158.973,0,0,14,24,0,1,0
27-07 13:58:42,5.751,25.256,66.517,0,0,1608220,10849496,203888,3597196,60890.324,31701.979,0,444.112,0,6.002,4326,2725,1.650,2.490,1.910,1,0,155.039,0,0,14,24,0,1,0
27-07 13:58:43,6.492,25.967,66.165,0,0,1608156,10849552,203896,3597196,60678.206,31271.907,0,447.426,0,5.992,4392,2662,1.650,2.490,1.910,3,0,157.798,0,0,14,24,0,1,0
27-07 13:58:44,5.507,25.031,66.832,0,0,1614060,10843644,203896,3597200,60949.582,32191.392,0,356.436,0,5.006,4441,2666,1.590,2.460,1.910,1,0,156.191,0,0,14,24,0,1,0
27-07 13:58:45,5.995,25.229,66.693,0,0,1614932,10842772,203896,3597200,45659.212,23919.680,0,439.627,0,4.996,4260,2603,1.590,2.460,1.910,1,0,153.869,0,0,14,24,0,1,0
27-07 13:58:46,5.995,23.481,68.445,0,0,1616864,10840836,203896,3597204,60691.438,32581.930,0,175.859,0,1.998,4187,2692,1.590,2.460,1.910,1,0,147.882,0,0,14,24,0,1,0
27-07 13:58:47,6.253,23.262,68.034,0,0,1613932,10843756,203896,3597216,60666.606,33280.790,0,60.030,0,3.002,4273,2680,1.590,2.460,1.910,2,0,147.074,0,0,14,24,0,1,0
27-07 13:58:48,5.494,24.472,68.673,0,0,1606208,10851464,203904,3597220,60686.580,32858.954,0,163.815,0,4.994,4365,2718,1.590,2.460,1.910,1,0,151.829,0,0,14,24,0,1,0
27-07 13:58:49,6.740,23.963,67.397,0,0,1606668,10851000,203904,3597224,55828.400,579307.769,0,55.914,0,1.997,4528,3068,1.550,2.440,1.900,2,0,154.763,0,0,14,24,0,1,0
27-07 13:58:50,6.007,23.526,68.327,0,0,1609136,10848524,203904,3597232,60993.644,34326.632,0,92.104,0,5.006,4337,2739,1.550,2.440,1.900,1,0,159.179,0,0,14,24,0,1,0
27-07 13:58:51,6.297,25.441,68.766,0,0,1608256,10849408,203904,3597228,61215.014,32838.234,0,205.541,0,3.023,4170,2619,1.550,2.440,1.900,1,0,152.141,0,0,14,24,0,1,0
27-07 13:58:52,7.213,26.366,65.666,0,0,1599664,10857952,203904,3597244,60603.105,32592.414,0,19.899,0,4.975,4403,2801,1.550,2.440,1.900,1,0,168.146,0,0,14,24,0,1,0
27-07 13:58:53,5.754,26.019,66.548,0,0,1603684,10853924,203912,3597244,45590.961,23861.251,0,108.078,0,6.004,4335,2653,1.550,2.440,1.900,1,0,156.113,0,0,14,24,0,1,0
27-07 13:58:54,6.747,28.237,62.722,0,0,1603456,10854152,203912,3597244,61362.424,31753.730,0,343.845,0,71.968,4544,2733,1.500,2.420,1.900,2,0,167.925,0,0,14,24,0,1,0
27-07 13:58:55,5.500,26.001,67.253,0,0,1604420,10853188,203912,3597244,60742.340,32945.269,0,12.000,0,3.000,4415,2789,1.500,2.420,1.900,1,0,164.006,0,0,14,24,0,1,0
27-07 13:58:56,9.732,21.709,66.874,0,0,1597932,10859388,203912,3597536,46181.176,26116.899,0,7.985,0,1.996,4123,3534,1.500,2.420,1.900,2,0,99.812,0,0,14,24,0,1,0
27-07 13:58:57,15.252,32.504,50.005,0,0,1583056,10870972,203912,3600764,71347.828,476492.278,0,4.000,0,1.000,7018,9459,1.500,2.420,1.900,2,0,183.020,0,0,14,24,0,1,0
27-07 13:58:58,17.278,37.061,43.822,0,0,1589376,10864584,203968,3600772,63997.553,147114.341,0,673.100,0,25.041,5513,3384,1.500,2.420,1.900,2,0,209.342,0,0,14,24,0,3,0
27-07 13:58:59,25.275,32.213,40.638,0,0,1642736,10811168,204008,3600780,55828.253,27683.186,0,432.147,0,21.806,5127,3000,1.780,2.460,1.920,7,0,166.515,0,0,14,24,0,3,0
27-07 13:59:00,40.675,41.428,17.325,0,0,1698888,10754996,204020,3600784,54739.473,30276.240,0,12.052,0,3.013,5298,3010,1.780,2.460,1.920,4,0,229.989,0,0,14,24,0,3,0
27-07 13:59:01,36.703,58.725,4.809,0.506,0,1746616,10706092,204144,3601764,61907.727,32669.557,494.104,1032.757,9.113,38.475,5481,3743,1.780,2.460,1.920,7,0,314.890,0,0,14,24,0,5,0
27-07 13:59:02,69.472,28.884,0.996,0.249,0,1844452,10601112,205500,3606920,48870.437,23119.484,645.417,1776.889,126.494,67.729,5829,4705,1.780,2.460,1.920,5,0,164.342,0,0,14,26,0,7,0
27-07 13:59:03,75.039,17.066,1.255,5.521,0,1920856,10517012,208216,3611200,41254.063,21972.720,16.062,11351.769,1.004,1005.878,7412,9778,1.780,2.460,1.920,3,1,37.143,0,0,14,26,0,8,0
27-07 13:59:04,55.733,23.674,12.577,4.439,0,1942148,10480220,214868,3619404,22071.181,9256.579,422.188,47667.832,8.878,3095.391,15200,23029,2.120,2.520,1.940,4,0,85.819,0,0,14,30,0,8,0
27-07 13:59:05,54.814,22.026,14.517,3.004,0,1946892,10463084,221860,3624428,23205.285,13285.621,0,66682.405,0,3917.606,17717,24917,2.120,2.520,1.940,7,0,49.058,0,0,14,30,0,8,0
27-07 13:59:06,50.479,28.209,12.867,4.454,0,1926184,10473948,226904,3628868,15524.874,7221.516,0,32322.619,0,2392.325,13392,19271,2.120,2.520,1.940,5,1,121.744,0,0,14,28,0,8,0
27-07 13:59:07,62.247,22.267,9.615,5.061,0,1955968,10436428,231520,3631740,15447.454,7451.458,0,43587.285,0,2709.529,13167,19305,2.120,2.520,1.940,6,0,59.717,0,0,14,28,0,8,0
27-07 13:59:08,61.991,21.162,9.709,3.983,0,1996252,10388756,236264,3634172,417.256,0,0,40180.095,0,2756.481,13842,19718,2.120,2.520,1.940,7,0,48.796,0,0,14,32,0,8,0
27-07 13:59:09,51.489,22.605,18.084,4.521,0,1985584,10391056,241364,3637208,15314.133,7492.804,0,39306.577,0,2736.712,15209,22230,2.350,2.560,1.950,4,0,87.406,0,0,14,37,0,8,0
27-07 13:59:10,46.189,24.218,22.221,4.744,0,1935184,10433944,245876,3640012,41188.946,448321.645,0,40199.245,0,2619.562,14311,19993,2.350,2.560,1.950,3,0,86.886,0,0,14,36,0,8,0
27-07 13:59:11,49.862,26.309,18.041,4.260,0,1830508,10534448,249164,3640772,32858.001,143008.074,0,23136.106,0,1821.101,11104,14642,2.350,2.560,1.950,5,0,91.205,0,0,14,34,0,8,0
27-07 13:59:12,40.016,30.383,22.231,3.705,0,1861736,10498796,252644,3641616,29356.056,14577.741,0,23642.143,0,1888.170,12212,16588,2.350,2.560,1.950,7,0,145.244,0,0,14,34,0,9,0
27-07 13:59:13,42.906,28.936,18.210,6.486,0,1858224,10494048,256640,3646108,29527.072,14721.628,3492.321,32165.270,43.903,2277.991,13453,19192,2.350,2.560,1.950,11,1,93.794,0,0,14,37,0,9,0
27-07 13:59:14,50.003,32.325,13.637,2.778,0,1856880,10492048,259088,3646924,15308.959,7503.461,0,20724.422,0,1682.925,13378,20846,2.480,2.580,1.970,14,2,142.432,0,0,14,37,0,9,0
27-07 13:59:15,51.865,28.176,14.961,2.244,0,1850592,10495924,260584,3647336,15203.324,7490.452,398.959,22453.403,3.990,1650.692,11220,16889,2.480,2.580,1.970,6,1,51.865,0,0,14,36,0,9,0
27-07 13:59:16,46.644,31.598,15.548,3.762,0,1807648,10535404,262852,3648424,420.298,0,662.045,24441.505,14.043,1928.959,11878,16772,2.480,2.580,1.970,4,1,120.372,0,0,14,36,0,9,0
27-07 13:59:17,39.759,29.757,23.255,4.251,0,1852956,10487040,264564,3649688,14859.422,7459.718,796.183,30611.050,13.003,2321.535,13271,18262,2.480,2.580,1.970,9,1,116.027,0,0,14,36,0,9,0
27-07 13:59:18,38.354,13.878,37.345,6.308,0,1843392,10490844,267112,3652732,15708.102,7953.469,0,31688.721,0,2432.470,13642,19557,2.480,2.580,1.970,5,0,18.168,0,0,14,37,0,9,0
27-07 13:59:19,40.937,11.165,39.200,3.722,0,1836140,10493944,269928,3653936,43812.704,22108.802,0,26723.487,0,1934.198,11931,17555,2.770,2.640,1.990,2,0,31.757,0,0,14,37,0,9,0
27-07 13:59:20,36.872,14.548,38.627,5.518,0,1831484,10492624,273888,3655768,29688.931,15505.145,0,29204.333,0,2282.529,13973,20228,2.770,2.640,1.990,4,0,27.089,0,0,14,37,0,9,0
27-07 13:59:21,29.691,22.705,37.925,5.988,0,1741436,10576524,278316,3657316,14766.872,7347.507,0,30527.783,0,2342.380,13627,18987,2.770,2.640,1.990,4,0,114.774,0,0,14,36,0,10,0
27-07 13:59:22,38.981,18.491,31.485,5.997,0,1784292,10526388,283492,3659220,15071.631,7844.165,0,34403.180,0,2703.678,15719,21580,2.770,2.640,1.990,6,1,57.972,0,0,14,36,0,10,0
27-07 13:59:23,42.234,17.993,29.988,5.248,0,1842372,10462408,287932,3663104,14970.167,7844.943,0,31703.647,0,2411.061,13645,22931,2.770,2.640,1.990,9,1,66.974,0,0,14,37,0,10,0
27-07 13:59:24,43.373,16.951,30.660,4.487,0,1840268,10459264,292040,3661532,15220.567,7274.763,0,28728.135,0,2254.419,12791,25627,2.700,2.630,1.990,1,1,19.942,0,0,14,37,0,13,0
27-07 13:59:25,40.862,13.036,37.854,4.763,0,1832640,10462040,295696,3662608,15284.858,7626.886,0,25209.035,0,1908.226,12616,17960,2.700,2.630,1.990,3,0,20.055,0,0,14,37,0,12,0
27-07 13:59:26,40.431,12.479,36.688,4.243,0,1831176,10457620,299652,3664388,699.814,0,0,31506.592,0,2404.923,12960,18312,2.700,2.630,1.990,2,0,12.978,0,0,14,37,0,12,0
27-07 13:59:27,40.761,12.659,43.799,2.279,0,1824812,10461556,301720,3664688,15166.135,7388.630,0,11921.457,0,994.467,7154,8377,2.700,2.630,1.990,2,0,45.571,0,0,14,34,0,13,0
27-07 13:59:28,26.961,25.477,45.018,0,0,1713136,10573140,301780,3664720,15605.806,22142.772,0,815.266,0,46.502,4673,2694,2.700,2.630,1.990,2,0,137.527,0,0,14,32,0,13,0
27-07 13:59:29,25.259,17.176,57.339,0.758,0,1733292,10552560,302196,3664720,61016.332,31755.975,0,6159.224,0,298.060,4397,3600,2.650,2.620,1.990,1,0,75.778,0,0,14,33,0,13,0
27-07 13:59:30,23.068,4.465,69.204,0,0,1728328,10557500,302196,3664744,29478.573,14850.906,0,0,0,0,4552,5057,2.650,2.620,1.990,1,0,0,0,0,14,33,0,15,0
27-07 13:59:31,24.769,4.003,70.053,0,0,1724440,10561356,302196,3664772,29881.603,15155.464,0,0,0,0,4365,4913,2.650,2.620,1.990,1,0,2.002,0,0,14,32,0,15,0
27-07 13:59:32,15.444,12.953,69.996,0,0,1642708,10643068,302212,3664772,25323.097,448747.404,0,2140.233,0,9.964,3008,2214,2.650,2.620,1.990,1,0,55.797,0,0,14,32,0,15,0
27-07 13:59:33,21.832,6.023,71.771,0,0,1684100,10601684,302220,3664772,32984.457,145507.027,0,3673.862,0,19.072,2102,1466,2.650,2.620,1.990,1,0,1.004,0,0,14,32,0,15,0
27-07 13:59:34,22.252,4.250,72.256,0,0,1696536,10589236,302220,3664784,967.086,0,0,68.006,0,2.000,2251,1844,2.520,2.590,1.980,1,0,2.000,0,0,14,33,0,15,0
27-07 13:59:35,21.465,7.488,70.384,0,0,1664404,10621352,302220,3664800,15536.417,7497.654,0,7.987,0,0.998,3457,3177,2.520,2.590,1.980,1,0,33.944,0,0,14,32,0,15,0
27-07 13:59:36,19.028,7.511,72.858,0,0,1664404,10621352,302220,3664800,15121.313,7697.358,0,0,0,0,1766,1325,2.520,2.590,1.980,1,0,0,0,0,14,32,0,15,0
27-07 13:59:37,21.989,5.247,71.716,0,0,1696808,10588872,302276,3664812,15038.789,7778.270,0,587.718,0,26.987,2308,2071,2.520,2.590,1.980,1,0,1.999,0,0,14,32,0,15,0
27-07 13:59:38,18.237,9.244,70.951,0,0,1666552,10619072,302320,3664824,1118.222,0,0,259.819,0,21.985,3027,2476,2.520,2.590,1.980,3,0,49.965,0,0,14,32,0,15,0
27-07 13:59:39,18.011,9.005,72.292,0,0,1690652,10594964,302328,3664824,15708.193,7462.367,0,1556.911,0,87.051,2166,1445,2.390,2.560,1.980,1,0,10.006,0,0,14,32,0,15,0
27-07 13:59:40,22.747,4.249,72.490,0,0,1722012,10563600,302328,3664828,694.904,147.979,0,31.996,0,2.000,2184,1744,2.390,2.560,1.980,1,0,2.000,0,0,14,32,0,15,0
27-07 13:59:41,23.187,6.049,70.821,0,0,1717044,10568556,302328,3664840,13999.886,5528.579,0,0,0,0,3445,3532,2.390,2.560,1.980,2,0,0,0,0,14,33,0,15,0
27-07 13:59:42,16.647,9.939,71.311,0,0,1683696,10601896,302328,3664848,2809.697,1961.918,0,3.976,0,0.994,2488,1752,2.390,2.560,1.980,1,0,43.731,0,0,14,32,0,15,0
27-07 13:59:43,21.727,5.244,72.673,0,0,1689356,10596236,302328,3664848,727.234,0,0,0,0,0,1771,1153,2.390,2.560,1.980,1,0,1.998,0,0,14,32,0,15,0
27-07 13:59:44,22.235,4.997,72.451,0,0,1712488,10573092,302332,3664852,15268.778,7680.858,0,131.912,0,5.996,2303,1889,2.280,2.540,1.970,1,0,0,0,0,14,33,0,15,0
27-07 13:59:45,24.260,3.501,70.529,0,0,1706080,10579432,302384,3664868,1198.493,190.078,0,412.170,0,30.012,3742,4056,2.280,2.540,1.970,1,0,0,0,0,14,32,0,15,0
27-07 13:59:46,6.236,24.445,68.098,0.249,0,1657180,10628284,302408,3664892,808.194,0,0,271.394,0,14.967,4137,2515,2.280,2.540,1.970,2,0,158.646,0,0,14,32,0,15,0
27-07 13:59:47,5.262,26.062,66.908,0,0,1655640,10629744,302416,3664964,16579.265,53773.351,0,76.180,0,3.007,4418,2530,2.280,2.540,1.970,1,0,176.418,0,0,14,32,0,15,0
27-07 13:59:48,5.240,25.449,67.116,0,0,1650608,10634748,302416,3664992,61917.205,46922.185,0,0,0,0,4489,2674,2.280,2.540,1.970,2,0,164.671,0,0,14,32,0,15,0
27-07 13:59:49,5.801,29.760,62.546,0,0,1651144,10634200,302416,3665004,45545.835,23670.760,0,137.198,0,6.053,4551,2847,2.180,2.510,1.970,2,0,189.657,0,0,14,32,0,15,0
27-07 13:59:50,32.445,33.444,33.194,0,0,1641340,10643724,302512,3665180,60848.568,33096.286,0,690.837,0,39.933,5387,3352,2.180,2.510,1.970,4,0,181.694,0,0,14,36,0,20,0
27-07 13:59:51,60.364,15.650,23.599,0,0,1751060,10533916,302596,3665184,55860.441,27682.804,0,1983.305,0,276.232,4742,2304,2.180,2.510,1.970,7,0,10.930,0,0,14,32,0,22,0
27-07 13:59:52,61.372,14.529,23.296,0,0,1867696,10415504,302652,3666636,49679.414,26676.846,0,312.619,0,13.026,3880,1847,2.180,2.510,1.970,3,0,5.010,0,0,14,32,0,22,0
27-07 13:59:53,64.724,11.745,23.241,0.250,0,1971452,10309440,302704,3668624,29887.861,14909.945,11.995,443.820,1.999,3.998,3662,1584,2.180,2.510,1.970,3,0,0,0,0,14,32,0,22,0
27-07 13:59:54,64.442,13.436,18.661,1.990,0,2060708,10215832,303064,3672216,24965.562,435797.093,792.210,5752.479,7.962,258.762,5223,3238,2.240,2.520,1.970,7,1,11.943,0,0,14,38,0,22,0
27-07 13:59:55,47.266,19.901,24.877,2.985,0,2059556,10203008,308824,3680020,47656.888,137234.084,0,41490.439,0,2989.190,16730,23741,2.240,2.520,1.970,7,0,107.468,0,0,14,38,0,22,0
27-07 13:59:56,38.527,20.900,31.225,4.533,0,2056732,10193444,315384,3685472,30353.537,14697.820,0,59460.096,0,3788.275,17550,26104,2.240,2.520,1.970,5,0,126.914,0,0,14,38,0,22,0
27-07 13:59:57,38.055,16.913,31.588,7.462,0,2058252,10179080,321620,3691736,29623.989,14583.169,0,48471.277,0,3493.076,17107,25288,2.240,2.520,1.970,3,0,143.265,0,0,14,38,0,22,0
27-07 13:59:58,30.634,17.326,36.912,8.286,0,2058636,10167768,327888,3695996,30904.388,15562.176,0,44808.300,0,3166.874,16098,23849,2.240,2.520,1.970,7,0,95.418,0,0,14,38,0,22,0
27-07 13:59:59,44.819,17.429,25.148,6.972,0,2060084,10156428,333536,3699976,47517.627,25126.277,0,54949.539,0,3402.226,16302,23374,2.310,2.530,1.980,5,0,68.722,0,0,14,38,0,22,0
27-07 14:00:00,39.488,27.992,22.743,5.998,0,1965000,10240544,338716,3705440,45940.194,24460.649,0,37056.863,0,2631.209,14630,20659,2.310,2.530,1.980,7,1,158.952,0,0,14,36,0,22,0
27-07 14:00:01,47.190,17.386,23.098,6.954,0,1998832,10194616,344688,3711180,59758.304,30722.113,0,46601.761,0,3202.952,15931,22675,2.310,2.530,1.980,2,1,82.458,0,0,14,36,0,22,0
27-07 14:00:02,53.578,16.099,22.639,5.282,0,2030652,10156488,348616,3713384,30302.694,14681.971,0,39498.043,0,2514.408,13738,18351,2.310,2.530,1.980,4,0,44.271,0,0,14,36,0,18,0
27-07 14:00:03,49.062,17.703,26.048,5.817,0,2062856,10112316,353288,3720280,30428.483,14991.693,0,45339.249,0,2786.917,14247,19735,2.310,2.530,1.980,4,0,0,0,0,14,36,0,18,0
27-07 14:00:04,45.794,16.003,25.113,6.648,0,2079972,10082568,358960,3726804,15342.515,7185.249,0,55579.316,0,3152.410,15734,21870,2.440,2.550,1.990,6,1,6.894,0,0,14,38,0,18,0
27-07 14:00:05,34.627,28.561,27.550,5.813,0,2056164,10099188,363896,3728848,61240.686,32906.228,0,51686.678,0,3185.680,15875,22720,2.440,2.550,1.990,4,0,112.222,0,0,14,36,0,18,0
27-07 14:00:06,32.617,16.184,37.099,7.719,0,2033920,10114860,368372,3730764,54411.287,459551.439,0,48227.485,0,3421.060,16397,24474,2.440,2.550,1.990,1,1,47.805,0,0,14,36,0,15,0
27-07 14:00:07,42.402,11.541,37.384,5.520,0,2022304,10121268,371672,3732532,35296.170,144793.578,0,23676.634,0,2140.652,11603,16186,2.440,2.550,1.990,5,0,62.222,0,0,14,36,0,15,0
27-07 14:00:08,26.992,26.492,43.488,1.250,0,1725228,10417612,372328,3732588,30730.189,21901.720,0,12016.555,0,613.824,5591,4544,2.440,2.550,1.990,1,0,148.957,0,0,14,32,0,15,0
27-07 14:00:09,11.772,18.785,67.125,0.250,0,1732716,10409920,372516,3732600,61327.794,38779.956,0,6019.169,0,343.638,4356,3133,2.330,2.530,1.980,1,0,100.186,0,0,14,32,0,15,0
27-07 14:00:10,22.249,5.000,72.497,0,0,1762988,10379636,372524,3732604,59975.757,30650.854,0,115.996,0,5.000,1976,1348,2.330,2.530,1.980,1,0,3.000,0,0,14,32,0,15,0
27-07 14:00:11,21.756,4.751,73.271,0,0,1793136,10349488,372524,3732604,29844.509,14662.180,0,0,0,0,1823,1287,2.330,2.530,1.980,1,0,0,0,0,14,32,0,15,0
27-07 14:00:12,22.073,5.017,72.490,0,0,1820776,10321848,372524,3732604,30262.184,14640.468,0,248.824,0,48.159,1973,1341,2.330,2.530,1.980,2,0,3.010,0,0,14,32,0,15,0
27-07 14:00:13,24.897,4.233,69.712,0.249,0,1822408,10319900,372816,3732620,30649.510,17523.680,0,7365.602,0,345.574,3289,3173,2.330,2.530,1.980,1,0,1.992,0,0,14,38,0,15,0
27-07 14:00:14,19.756,7.502,71.271,0,0,1763656,10378544,372916,3732624,44932.020,23070.685,0,1736.503,0,91.026,2601,1808,2.220,2.500,1.980,1,0,27.008,0,0,14,32,0,14,0
27-07 14:00:15,22.009,5.502,72.279,0,0,1757560,10384572,372980,3732628,45688.511,23579.553,0,956.387,0,55.022,2270,1904,2.220,2.500,1.980,1,0,1.000,0,0,14,32,0,14,0
27-07 14:00:16,21.999,5.000,72.498,0,0,1762756,10379372,372980,3732632,44933.937,23741.438,0,4.000,0,1.000,1922,1361,2.220,2.500,1.980,1,0,2.000,0,0,14,32,0,14,0
27-07 14:00:17,21.753,5.001,72.259,0,0,1799728,10342392,372988,3732632,30156.744,15991.985,0,40.005,0,3.000,1860,1261,2.220,2.500,1.980,1,0,2.000,0,0,14,32,0,14,0
27-07 14:00:18,25.575,3.260,70.958,0,0,1796116,10345956,373032,3732632,57508.929,577702.968,0,782.298,0,66.194,2519,2122,2.220,2.500,1.980,1,0,1.003,0,0,14,34,0,14,0
27-07 14:00:19,8.703,33.567,55.448,0,0,1710308,10431724,373060,3732640,45667.466,24283.841,0,226.766,0,15.913,5012,3126,2.120,2.480,1.970,2,0,213.836,0,0,14,32,0,14,0
27-07 14:00:20,11.003,45.512,41.261,0,0,1689148,10452868,373068,3732648,61021.149,33888.969,0,280.074,0,15.004,5724,3514,2.120,2.480,1.970,2,0,292.077,0,0,14,32,0,14,0
27-07 14:00:21,9.978,45.648,41.407,0,0,1682248,10459760,373068,3732656,62292.833,34993.821,0,15.964,0,3.991,5680,3443,2.120,2.480,1.970,4,0,292.347,0,0,14,32,0,14,0
27-07 14:00:22,9.785,45.915,42.402,0,0,1674080,10467896,373068,3732688,46219.219,30493.665,0,12.043,0,3.011,5643,3508,2.120,2.480,1.970,5,0,304.094,0,0,14,32,0,13,0
27-07 14:00:23,9.951,48.759,39.306,0,0,1655360,10486616,373068,3732688,60955.091,37039.154,0,31.843,0,7.961,5768,3626,2.120,2.480,1.970,2,0,331.364,0,0,14,32,0,13,0
27-07 14:00:24,20.572,53.186,24.335,0,0,1654476,10487484,373068,3732704,61916.127,32332.863,0,196.687,0,38.133,6097,11196,2.430,2.540,2,3,0,323.128,0,0,14,32,0,14,0
27-07 14:00:25,9.508,49.541,38.782,0,0,1648976,10492980,373068,3732704,46278.531,24508.405,0,4039.363,0,27.022,5701,3532,2.430,2.540,2,3,0,317.264,0,0,14,32,0,14,0
27-07 14:00:26,7.003,25.513,65.532,0,0,1647520,10494432,373068,3732704,68544.940,471545.483,0,28.014,0,7.003,4664,3009,2.430,2.540,2,1,0,157.078,0,0,14,32,0,11,0
27-07 14:00:27,5.249,12.749,79.992,1.500,0,1635368,10506452,373080,3732820,63885.298,144758.813,123.987,0,8.999,0,2542,2040,2.430,2.540,2,2,0,43.995,0,0,13,12,0,11,20
27-07 14:00:28,6.498,23.244,67.232,1.250,0,1635752,10505968,373108,3732884,46206.323,25243.074,43.988,723.801,1.999,30.991,4358,3113,2.430,2.540,2,1,0,133.963,0,0,14,12,0,11,20
27-07 14:00:29,6.503,23.510,68.530,0,0,1637640,10504004,373108,3732960,62631.498,35107.414,0,476.209,0,88.039,4332,2653,2.320,2.510,1.990,1,0,138.061,0,0,14,12,0,11,20
27-07 14:00:30,6.202,24.809,66.984,0,0,1633796,10507844,373108,3732964,61392.627,32314.834,0,11.908,0,2.977,4317,2695,2.320,2.510,1.990,1,0,132.975,0,0,14,12,0,9,20
27-07 14:00:31,6.555,24.706,67.563,0,0,1635328,10506180,373108,3733096,61588.478,31494.578,0,12.101,0,3.025,4163,2548,2.320,2.510,1.990,2,0,126.051,0,0,14,12,0,9,20
27-07 14:00:32,16.745,21.743,59.732,0,0,1620312,10521048,373116,3733304,45112.309,22625.134,0,299.909,0,13.996,4465,5150,2.320,2.510,1.990,1,0,72.978,0,0,14,12,0,9,20
27-07 14:00:33,18.740,23.738,55.721,0,0,1626020,10515332,373116,3733240,45242.464,22750.165,0,7.996,0,1.999,4869,5382,2.320,2.510,1.990,4,0,80.958,0,0,14,12,0,9,20
27-07 14:00:34,26.374,26.872,45.533,0,0,1675688,10464744,373132,3734100,62974.751,35198.183,43.791,3.981,1.991,0.995,4976,2811,2.370,2.520,2,3,0,138.340,0,0,16,12,0,8,20
27-07 14:00:35,7.793,23.128,66.871,0.251,0,1687600,10452696,373132,3734236,59524.616,597341.801,128.715,4.022,1.006,1.006,4582,3178,2.370,2.520,2,2,0,144.804,0,0,16,12,0,8,20
27-07 14:00:36,7.054,24.942,67.521,0,0,1691472,10448680,373132,3734376,61149.792,31666.317,0,12.093,0,3.023,4336,2773,2.370,2.520,2,1,0,127.987,0,0,16,12,0,8,20
27-07 14:00:37,6.698,24.062,66.481,0.248,0,1688412,10451724,373136,3734380,59824.833,31164.638,0,257.985,0,6.946,4229,2715,2.370,2.520,2,1,0,117.086,0,0,16,12,0,8,20
27-07 14:00:38,11.993,28.982,56.965,0,0,1689328,10450744,373180,3734860,45542.677,23129.616,0,643.600,0,40.975,5772,6292,2.370,2.520,2,2,0,120.925,0,0,16,12,0,8,20
27-07 14:00:39,18.109,23.071,57.056,0,0,1685384,10454648,373184,3734864,44460.236,22681.607,0,904.962,0,9.923,4518,5153,2.260,2.490,1.990,2,0,65.491,0,0,16,12,0,8,20
27-07 14:00:40,21.828,22.079,55.448,0,0,1718840,10421136,373184,3734456,49480.396,23566.012,0,2300.200,0,366.306,4653,2800,2.260,2.490,1.990,4,0,80.286,0,0,16,12,0,8,20
27-07 14:00:41,14.771,25.035,58.333,0.501,0,1734064,10405560,373188,3734752,57365.227,33613.595,4.006,8.011,1.001,2.003,4565,2978,2.260,2.490,1.990,2,0,137.194,0,0,18,12,0,8,20
27-07 14:00:42,7.955,22.871,67.370,0,0,1736804,10402804,373188,3734768,60770.585,33334.177,0,3.978,0,0.994,4337,3049,2.260,2.490,1.990,3,0,131.260,0,0,18,12,0,8,20
27-07 14:00:43,7.555,25.434,64.970,0,0,1734964,10404640,373188,3734772,56526.811,465571.085,0,32.233,0,5.036,4751,3174,2.260,2.490,1.990,1,0,118.860,0,0,18,12,0,8,20
27-07 14:00:44,7.982,24.197,66.354,0,0,1735692,10403768,373192,3734904,64628.229,158865.506,0,195.571,0,5.987,4604,3210,2.160,2.470,1.990,2,0,131.711,0,0,18,12,0,8,20
27-07 14:00:45,18.829,21.340,58.496,0,0,1753264,10386172,373192,3734904,45396.871,22978.613,0,345.452,0,3.013,4860,5685,2.160,2.470,1.990,1,0,73.308,0,0,18,12,0,8,20
27-07 14:00:46,19.909,22.149,56.740,0,0,1747160,10392228,373192,3734912,59729.792,30639.852,0,3.982,0,0.995,4447,4951,2.160,2.470,1.990,5,0,81.627,0,0,18,12,0,8,20
27-07 14:00:47,29.620,17.069,52.211,0,0,1814840,10324480,373196,3734976,46124.705,23846.527,0,0,0,0,3864,2536,2.160,2.470,1.990,1,0,65.264,0,0,20,12,0,8,20
27-07 14:00:48,74.695,23.389,3.018,0,0,2032704,10106024,373248,3735444,44657.183,22773.745,0,24.144,0,2.012,5143,3591,2.160,2.470,1.990,13,0,15.090,0,0,20,12,0,8,20
27-07 14:00:49,83.051,17.011,0,0,0,2225960,9912740,373260,3735456,15109.328,7528.648,0,264.163,0,2.001,4954,3250,3.030,2.640,2.040,13,0,26.016,0,0,20,12,0,8,20
27-07 14:00:50,86.350,11.013,2.253,0,0,2357844,9780028,373272,3736116,29869.472,15868.313,0,152.176,0,9.010,5263,3966,3.030,2.640,2.040,2,0,38.044,0,0,20,12,0,8,20
27-07 14:00:51,7.940,22.082,68.230,0,0,2364312,9773500,373272,3736124,15575.370,10009.760,0,0,0,0,4309,3052,3.030,2.640,2.040,1,0,135.964,0,0,20,12,0,1,20
27-07 14:00:52,7.239,22.714,67.893,0,0,2363760,9774040,373272,3736132,60973.345,35096.940,0,67.893,0,2.995,4293,3151,3.030,2.640,2.040,1,0,125.803,0,0,20,12,0,1,20
27-07 14:00:53,7.504,25.265,64.789,0,0,2362688,9775092,373272,3736144,60802.232,31975.054,0,12.007,0,3.002,4576,3302,3.030,2.640,2.040,1,0,137.082,0,0,20,12,0,1,20
27-07 14:00:54,8.002,25.255,64.512,0,0,2329352,9808420,373276,3736148,57235.825,584338.512,0,296.056,0,7.001,4768,3275,2.870,2.620,2.040,2,0,130.025,0,0,20,12,0,1,20
27-07 14:00:55,17.446,24.425,56.327,0,0,2346812,9790876,373276,3736232,60611.410,30559.923,0,3.988,0,0.997,4937,5767,2.870,2.620,2.040,1,0,91.718,0,0,20,12,0,1,20
27-07 14:00:56,17.752,24.002,57.006,0,0,2345924,9791668,373276,3736152,44863.450,22404.222,0,4.000,0,1.000,4777,5419,2.870,2.620,2.040,1,0,77.008,0,0,20,12,0,1,20
27-07 14:00:57,26.110,26.361,46.446,0,0,2367044,9770524,373276,3736164,46630.190,26228.917,0,0,0,0,5086,3360,2.870,2.620,2.040,1,0,135.573,0,0,20,12,0,1,20
27-07 14:00:58,19.664,5.725,73.179,0,0,2381124,9755912,373276,3736684,45374.055,23220.190,0,11.948,0,2.987,2187,2048,2.870,2.620,2.040,1,0,5.974,0,0,21,12,0,1,20
27-07 14:00:59,11.042,18.822,68.761,0,0,2379944,9757084,373280,3736688,61232.625,32989.328,0,208.793,0,4.015,3966,3046,2.720,2.590,2.030,1,0,88.336,0,0,21,12,0,2,20
27-07 14:01:00,21.412,6.473,70.958,0,0,2419320,9717708,373280,3736688,44208.879,22106.929,0,3.984,0,0.996,2424,2283,2.720,2.590,2.030,1,0,0,0,0,21,12,0,2,20
27-07 14:01:01,22.851,6.529,69.306,0,0,2439352,9697632,373312,3736696,30115.985,14656.721,0,305.348,0,22.098,3224,3366,2.720,2.590,2.030,1,0,0,0,0,21,12,0,3,10
27-07 14:01:02,22.486,6.496,69.457,0,0,2443940,9693020,373316,3736716,15675.359,7291.515,0,43.973,0,3.998,3611,3927,2.720,2.590,2.030,3,0,1.999,0,0,21,17,0,4,0
27-07 14:01:03,18.247,11.748,67.989,0,0,2434244,9702504,373388,3736852,15097.530,7360.796,0,735.880,0,36.994,3648,3369,2.720,2.590,2.030,2,0,57.991,0,0,21,14,0,8,0
27-07 14:01:04,6.299,26.203,66.012,0,0,2402424,9734316,373388,3736860,61608.573,37930.023,0,8.062,0,2.016,4791,3349,2.660,2.580,2.030,1,0,161.250,0,0,21,14,0,8,0
27-07 14:01:05,8.202,24.356,65.364,0,0,2399512,9737220,373388,3736868,70829.554,597048.758,0,47.718,0,2.982,5171,3948,2.660,2.580,2.030,1,0,153.096,0,0,21,14,0,8,0
27-07 14:01:06,6.989,23.714,66.899,0,0,2395496,9741224,373388,3736880,60793.669,34613.999,0,3039.434,0,335.496,5120,3454,2.660,2.580,2.030,1,0,135.796,0,0,21,14,0,9,0
27-07 14:01:07,7.503,24.009,67.026,0,0,2399392,9737332,373388,3736892,45883.540,25645.804,0,8.003,0,2.001,4461,3307,2.660,2.580,2.030,1,0,125.048,0,0,21,14,0,9,0
27-07 14:01:08,8.244,26.481,63.705,0,0,2400312,9736356,373396,3736932,60513.796,31175.742,0,191.863,0,5.996,4662,3411,2.660,2.580,2.030,2,0,129.907,0,0,21,14,0,9,0
27-07 14:01:09,8.233,23.701,66.113,0,0,2395788,9740876,373396,3736936,61703.490,31263.394,0,11.975,0,2.994,4625,3348,2.610,2.570,2.030,2,0,123.744,0,0,21,14,0,9,0
27-07 14:01:10,7.740,23.969,65.665,0,0,2388120,9748412,373396,3737068,56042.696,27466.564,0,15.979,0,3.995,4608,3404,2.610,2.570,2.030,3,0,126.836,0,0,21,14,0,9,0
27-07 14:01:11,16.824,23.855,58.006,0,0,2380260,9756236,373396,3737540,49434.259,26918.851,0,44.195,0,4.018,4807,5573,2.610,2.570,2.030,1,0,87.386,0,0,21,14,0,9,0
27-07 14:01:12,18.859,21.588,58.313,0,0,2358700,9777720,373408,3737152,45741.068,23235.795,0,131.018,0,5.955,4567,5032,2.610,2.570,2.030,1,0,68.487,0,0,21,14,0,9,0
27-07 14:01:13,40.156,26.688,31.925,0,0,2402300,9734072,373436,3737600,56516.017,573688.259,0,1568.337,0,250.415,5982,4074,2.610,2.570,2.030,3,0,95.776,0,0,21,14,0,9,0
27-07 14:01:14,43.675,18.934,37.363,0,0,2479580,9656740,373436,3737652,61932.286,32645.474,0,8.079,0,1.010,4196,2616,2.640,2.580,2.040,3,0,41.403,0,0,21,15,0,9,0
27-07 14:01:15,45.303,8.054,46.310,0,0,2542564,9593740,373436,3737668,45262.051,22679.853,0,0,0,0,3287,1885,2.640,2.580,2.040,2,0,0,0,0,21,15,0,9,0
27-07 14:01:16,52.497,5.422,38.448,0,0,2571788,9564256,373468,3737888,15944.168,7192.769,86.755,977.964,0.986,91.684,4757,3741,2.640,2.580,2.040,2,0,16.759,0,0,21,31,0,9,0
27-07 14:01:17,44.558,9.566,46.320,0,0,2609676,9524984,373500,3738988,31347.686,14892.945,0,463.202,0,14.097,3575,2405,2.640,2.580,2.040,2,0,4.028,0,0,21,31,0,9,0
27-07 14:01:18,34.505,16.753,46.757,0,0,2619240,9512668,373512,3741588,16542.589,8421.318,0,364.057,0,24.004,5817,7353,2.640,2.580,2.040,1,0,63.010,0,0,21,30,0,9,0
27-07 14:01:19,6.997,22.491,68.222,0.750,0,2622048,9509800,373528,3741596,61316.539,33538.074,11.995,0,2.999,0,4465,3420,2.510,2.550,2.030,3,0,122.949,0,0,21,30,0,9,0
27-07 14:01:20,7.252,24.758,65.771,0,0,2619052,9512792,373528,3741600,61018.770,32094.399,0,12.004,0,3.001,4917,3532,2.510,2.550,2.030,1,0,164.053,0,0,21,30,0,9,0
27-07 14:01:21,26.443,27.191,45.153,0,0,2683812,9447904,373528,3741992,44703.801,22599.368,0,2015.662,0,14.968,5395,6074,2.510,2.550,2.030,5,0,72.843,0,0,21,30,0,9,0
27-07 14:01:22,17.306,22.072,57.437,2.007,0,2665696,9465944,373536,3741648,45333.706,22707.987,56.183,0,8.026,0,4217,5242,2.510,2.550,2.030,0,1,77.252,0,0,21,30,0,9,0
27-07 14:01:23,12.731,8.569,68.065,7.590,0,2660512,9462844,373548,3750248,45084.183,22967.617,8034.553,215.456,103.811,2.938,3674,3648,2.510,2.550,2.030,4,0,50.926,0,0,22,30,0,9,0
27-07 14:01:24,23.234,24.457,49.648,0,0,2659748,9463548,373548,3750724,70879.026,577390.196,0,3.913,0,0.978,5969,7279,2.630,2.570,2.040,4,0,84.132,0,0,22,30,0,9,0
27-07 14:01:25,23.999,29.216,47.997,0.261,0,2671452,9451452,373548,3750192,47662.476,24249.129,279.637,0,4.174,0,5240,14673,2.630,2.570,2.040,1,1,137.732,0,0,22,30,0,10,0
27-07 14:01:26,28.431,28.930,37.160,3.491,0,2729616,9391272,373620,3752136,45721.667,23574.595,1963.220,319.223,41.898,25.937,5351,4049,2.630,2.570,2.040,2,0,106.740,0,0,22,44,0,10,0
27-07 14:01:27,10.022,23.050,66.145,0,0,2715528,9405336,373628,3752148,61175.996,33385.125,0,52.114,0,3.007,4624,3583,2.630,2.570,2.040,4,0,103.226,0,0,22,46,0,10,0
27-07 14:01:28,12.766,27.033,57.570,0,0,2722424,9398404,373632,3752636,61010.549,31878.953,4.005,24.029,1.001,6.007,5395,5910,2.630,2.570,2.040,1,0,144.176,0,0,22,46,0,9,0
27-07 14:01:29,18.948,20.444,59.088,0,0,2716588,9404220,373632,3752640,44557.557,22340.609,0,0,0,0,4307,4886,2.500,2.550,2.040,1,0,71.803,0,0,22,46,0,9,0
27-07 14:01:30,14.526,23.041,59.356,1.503,0,2704036,9415148,373672,3753684,45855.687,23395.677,1462.605,244.435,32.057,8.014,3830,3546,2.500,2.550,2.040,0,0,123.220,0,0,22,46,0,9,0
27-07 14:01:31,4.269,9.541,84.868,0,0,2705544,9413636,373672,3753688,45508.430,22694.456,0,6271.207,0,362.573,2821,2475,2.500,2.550,2.040,1,0,51.222,0,0,22,46,0,9,0
27-07 14:01:32,6.483,20.196,67.568,3.491,0,2709072,9408364,373672,3755412,60775.090,32775.605,1719.363,39.892,19.946,3.989,4215,3310,2.500,2.550,2.040,1,0,98.734,0,0,24,46,0,9,0
27-07 14:01:33,20.864,24.093,52.656,0,0,2706400,9410856,373676,3755932,58315.346,582917.008,0,445.095,0,12.916,6149,7500,2.500,2.550,2.040,3,0,73.520,0,0,24,46,0,9,0
27-07 14:01:34,15.596,22.136,60.622,0.755,0,2712916,9404332,373676,3755556,45695.588,22810.062,4.025,4.025,1.006,1.006,4099,4156,2.380,2.520,2.030,1,0,84.519,0,0,24,46,0,9,0
27-07 14:01:35,7.740,29.462,58.674,2.247,0,2708700,9406640,373676,3757432,60981.008,32839.461,1865.583,39.948,21.972,5.992,4905,3546,2.380,2.520,2.030,2,0,150.805,0,0,24,48,0,9,0
27-07 14:01:36,7.949,22.606,66.080,0,0,2703644,9411692,373676,3757436,53942.078,27417.700,0,7.949,0,1.987,4607,3459,2.380,2.520,2.030,1,0,135.141,0,0,24,48,0,10,0
27-07 14:01:37,6.544,23.155,68.710,0,0,2709376,9405944,373676,3757452,54452.908,33033.368,0,16.108,0,3.020,4598,3483,2.380,2.520,2.030,1,0,131.884,0,0,24,48,0,10,0
27-07 14:01:38,8.496,24.240,65.472,0,0,2712552,9402724,373680,3757460,60680.717,31572.325,0,211.908,0,9.996,4626,3407,2.380,2.520,2.030,1,0,119.948,0,0,24,48,0,10,0
27-07 14:01:39,7.998,23.494,66.233,0,0,2706628,9408644,373680,3757464,49075.758,23704.087,0,47.988,0,3.999,4438,3302,2.270,2.500,2.020,2,0,114.971,0,0,24,48,0,10,0
27-07 14:01:40,13.992,26.984,56.217,0,0,2722228,9393048,373680,3757948,56369.869,30731.937,0,7.995,0,1.999,5551,6137,2.270,2.500,2.020,2,0,117.931,0,0,24,48,0,10,0
27-07 14:01:41,20.527,23.280,55.573,0,0,2720556,9394668,373680,3757952,46922.232,23210.289,0,20.026,0,2.003,4870,5573,2.270,2.500,2.020,1,0,74.097,0,0,24,48,0,10,0
27-07 14:01:42,23.484,20.986,53.713,0,0,2731316,9383908,373680,3757476,58890.340,585735.588,0,27.981,0,1.999,4750,3435,2.270,2.500,2.020,2,0,74.948,0,0,24,48,0,10,0
27-07 14:01:43,25.502,31.002,41.503,0,0,2770748,9344436,373696,3757500,60700.284,32888.321,0,240.017,0,4.000,5388,3467,2.270,2.500,2.020,4,0,151.011,0,0,24,48,0,10,0
27-07 14:01:44,29.022,28.271,42.032,0,0,2805104,9310084,373696,3757500,60861.249,32322.562,0,168.128,0,5.004,5113,3269,2.400,2.520,2.040,2,0,119.090,0,0,24,48,0,10,0
27-07 14:01:45,26.177,29.418,42.381,0,0,2831388,9283444,373732,3757776,60466.473,32149.863,0,175.508,0,1.994,5222,3397,2.400,2.520,2.040,2,0,140.606,0,0,24,48,0,10,0
27-07 14:01:46,29.264,29.264,40.269,0.500,0,2865764,9247200,373756,3759536,46019.476,25549.923,12.006,12.006,2.001,2.001,6081,5382,2.400,2.520,2.040,3,0,144.067,0,0,24,52,0,12,0
27-07 14:01:47,26.202,31.241,40.815,0.252,0,2932784,9180172,373764,3759536,61660.228,32276.763,8.062,515.977,2.016,73.567,5510,3596,2.400,2.520,2.040,3,0,169.305,0,0,24,52,0,12,0
27-07 14:01:48,27.017,27.265,43.376,0,0,2970784,9142132,373772,3759548,61247.217,33608.388,0,1388.039,0,6.940,5186,3474,2.400,2.520,2.040,4,0,136.821,0,0,24,52,0,12,0
27-07 14:01:49,30.214,24.970,43.198,0,0,2952432,9160456,373776,3759556,50597.366,27285.302,3.995,1182.583,0.999,2.996,5054,3318,2.370,2.510,2.040,5,0,131.842,0,0,24,52,0,12,0
27-07 14:01:50,16.256,26.510,55.771,0,0,2960840,9151808,373776,3759788,71589.853,579447.344,0,28.011,0,7.003,5215,3977,2.370,2.510,2.040,3,0,107.040,0,0,24,52,0,12,0
27-07 14:01:51,10.502,27.254,59.509,0,0,2994292,9118348,373776,3759792,60645.142,31946.816,0,12.002,0,3.000,4791,3481,2.370,2.510,2.040,3,0,130.020,0,0,24,52,0,12,0
27-07 14:01:52,8.247,25.991,64.729,0,0,2995068,9117536,373776,3759796,46687.578,23464.249,0,4738.435,0,345.886,5030,3398,2.370,2.510,2.040,3,0,121.960,0,0,24,52,0,12,0
27-07 14:01:53,12.876,27.733,55.714,0,0,2996860,9115732,373784,3760284,60230.012,31093.104,0,237.715,0,4.952,5701,6147,2.370,2.510,2.040,8,0,143.619,0,0,24,52,0,12,0
27-07 14:01:54,20.231,25.542,54.624,0,0,2986908,9125644,373784,3760268,45598.076,22810.671,0,0,0,0,4793,5988,2.260,2.490,2.030,1,0,73.844,0,0,24,52,0,12,0
27-07 14:01:55,22.135,19.399,56.954,0,0,2994164,9118288,373784,3760272,44614.215,22306.112,0,3.979,0,0.995,3624,2977,2.260,2.490,2.030,3,0,30.840,0,0,24,52,0,12,0
27-07 14:01:56,44.397,34.614,19.815,0,0,3079052,9033372,373828,3760252,61359.543,34094.544,0,866.861,0,38.126,5613,3709,2.260,2.490,2.030,4,0,126.417,0,0,24,52,0,12,0
27-07 14:01:57,50.662,27.318,20.364,0,0,3142500,8969872,373832,3760300,52048.586,29944.129,0,39.735,0,2.980,5439,3249,2.260,2.490,2.030,7,0,117.218,0,0,24,52,0,12,0
27-07 14:01:58,50.150,30.689,18.214,0,0,3175708,8936188,373840,3760760,31194.989,16844.516,0,39.921,0,4.990,5545,4051,2.260,2.490,2.030,4,0,107.786,0,0,24,52,0,12,0
27-07 14:01:59,50.556,29.679,18.864,0,0,3215336,8895956,373864,3761228,64540.225,460926.872,0,261.582,0,16.097,5746,3673,2.320,2.500,2.030,5,0,118.718,0,0,24,52,0,12,0
27-07 14:02:00,44.208,31.649,19.592,4.521,0,3249676,8858544,374628,3763112,60339.331,155114.360,671.151,1796.435,74.349,96.453,5725,4056,2.320,2.500,2.030,1,2,104.491,0,0,24,52,0,11,0
27-07 14:02:01,55.707,24.372,15.668,1.990,0,3256288,8851292,374988,3763252,48969.471,24644.396,362.096,3.979,61.676,0.995,5506,5684,2.320,2.500,2.030,4,0,79.581,0,0,24,56,0,11,0
27-07 14:02:02,52.110,28.868,13.945,1.957,0,3376740,8729460,375560,3764056,43718.565,22241.422,0,5151.304,0,414.923,7299,9171,2.320,2.500,2.030,8,0,71.437,0,0,24,56,0,11,0
27-07 14:02:03,44.290,33.412,21.238,1.554,0,3376216,8724624,378112,3766692,48768.713,25241.666,0,10563.291,0,1251.516,10574,13511,2.320,2.500,2.030,5,0,92.206,0,0,24,56,0,11,0
27-07 14:02:04,44.688,30.615,19.752,1.481,0,3414764,8674980,380576,3775028,47854.323,26808.929,0,14023.679,0,992.521,10125,12728,2.460,2.520,2.050,6,1,99.746,0,0,24,56,0,5,0
27-07 14:02:05,48.724,28.836,17.401,1.492,0,3432108,8651500,382804,3778760,60480.929,34132.388,0,10949.888,0,1181.299,10942,14003,2.460,2.520,2.050,10,0,103.413,0,0,24,56,0,5,0
27-07 14:02:06,52.583,32.106,14.662,1.264,0,3490780,8588080,384200,3781892,31135.984,16836.548,0,8101.767,0,689.641,8440,9535,2.460,2.520,2.050,7,0,100.109,0,0,24,56,0,6,0
27-07 14:02:07,65.767,30.875,2.259,0.502,0,3492440,8583552,384264,3784488,61735.742,32236.932,530.153,1200.877,7.029,47.192,7341,8986,2.460,2.520,2.050,4,0,193.787,0,0,24,60,0,10,0
27-07 14:02:08,49.861,25.429,23.185,0,0,3512292,8563216,384344,3785224,55341.808,466765.509,0,893.511,0,51.856,6687,7477,2.460,2.520,2.050,2,0,97.728,0,0,24,66,0,14,0
27-07 14:02:09,41.100,31.615,23.347,0,0,3550964,8522880,384388,3786400,60374.105,143341.806,0,684.831,0,27.238,7054,9813,2.740,2.580,2.070,6,0,84.631,0,0,24,66,0,15,0
27-07 14:02:10,38.907,34.556,27.901,0.256,0,3600516,8472968,384712,3786412,46699.854,26714.884,0,6282.482,0,293.851,6902,7812,2.740,2.580,2.070,2,0,140.271,0,0,24,78,0,20,0
27-07 14:02:11,27.970,26.458,44.349,0,0,3646440,8426920,384716,3786528,61243.426,35617.988,0,40.317,0,3.024,5320,3554,2.740,2.580,2.070,3,0,139.093,0,0,24,78,0,20,0
27-07 14:02:12,27.566,28.067,43.104,0,0,3679408,8393936,384716,3786540,45654.722,23600.720,0,36.087,0,6.014,5105,3396,2.740,2.580,2.070,2,0,124.299,0,0,24,78,0,20,0
27-07 14:02:13,27.468,29.200,41.326,0,0,3692064,8381256,384716,3786556,59641.373,31439.063,0,7510.850,0,290.021,5878,3616,2.740,2.580,2.070,3,0,140.556,0,0,24,78,0,20,0
27-07 14:02:14,34.522,29.735,35.278,0,0,3736000,8337160,384716,3787212,45606.767,23543.724,0,12.095,0,3.024,5921,6081,2.840,2.600,2.080,2,0,148.169,0,0,24,80,0,20,0
27-07 14:02:15,41.291,25.620,31.093,0,0,3735384,8336396,384720,3788544,51500.147,24870.031,0,0,0,0,6742,9100,2.840,2.600,2.080,4,0,89.546,0,0,24,79,0,22,0
27-07 14:02:16,20.747,24.451,52.114,0,0,3745784,8325944,384720,3788068,53102.727,29507.772,0,114.601,0,2.964,4702,3623,2.840,2.600,2.080,3,0,84.963,0,0,24,78,0,22,0
27-07 14:02:17,27.028,29.323,43.856,0,0,3791864,8279860,384720,3788076,73222.763,601048.191,0,4.080,0,1.020,5522,3632,2.840,2.600,2.080,4,0,121.370,0,0,24,78,0,22,0
27-07 14:02:18,36.073,26.257,34.600,0,0,3816188,8255452,384792,3788088,45087.398,24020.961,0,530.047,0,41.226,5496,3936,2.840,2.600,2.080,7,0,122.696,0,0,24,82,0,22,0
27-07 14:02:19,31.421,27.399,40.470,0,0,3857400,8214216,384804,3788100,61252.386,34495.188,0,2236.134,0,12.065,5251,3462,2.770,2.590,2.080,5,0,123.671,0,0,24,84,0,22,0
27-07 14:02:20,29.846,28.341,40.631,0,0,3888096,8183488,384804,3788136,60421.577,31537.561,0,20.065,0,5.016,5224,3604,2.770,2.590,2.080,3,0,117.378,0,0,24,86,0,22,0
27-07 14:02:21,38.304,32.256,29.988,0,0,3977308,8094228,384804,3788152,50168.854,25340.962,0,28.224,0,7.056,5320,3616,2.770,2.590,2.080,3,0,145.151,0,0,24,86,0,22,0
27-07 14:02:22,27.537,30.290,40.053,0,0,3980172,8089748,384832,3789708,58110.424,32100.770,0,2351.133,0,230.307,7338,8705,2.770,2.590,2.080,2,0,151.201,0,0,24,88,0,25,0
27-07 14:02:23,13.639,22.894,58.940,0,0,3982600,8087260,384896,3790204,58500.058,30489.239,0,413.070,0,32.149,5362,5283,2.770,2.590,2.080,4,0,89.628,0,0,24,88,0,25,0
27-07 14:02:24,21.359,23.901,54.922,0,0,3958812,8111000,384908,3790112,45692.033,22560.727,0,134.254,0,7.120,5178,5864,2.630,2.570,2.070,3,0,78.315,0,0,24,88,0,25,0
27-07 14:02:25,30.760,32.010,34.511,1.250,0,3960932,8108824,384928,3790176,45670.935,23283.614,0,196.064,0,11.004,5877,16663,2.630,2.570,2.070,3,0,120.039,0,0,24,90,0,25,0
27-07 14:02:26,48.959,28.785,19.436,0,0,4045800,8023916,384928,3790200,70275.993,566262.464,0,106.283,0,3.936,5755,3676,2.630,2.570,2.070,4,0,111.204,0,0,24,90,0,25,0
27-07 14:02:27,44.383,11.478,45.148,0,0,4110048,7959176,384936,3790672,45527.406,23750.324,0,12.243,0,1.020,3531,2656,2.630,2.570,2.070,2,0,3.061,0,0,24,91,0,25,0
27-07 14:02:28,17.073,20.337,60.508,0,0,4117136,7951624,385100,3790904,46323.876,24468.519,0,1610.881,0,93.399,5055,4698,2.630,2.570,2.070,1,0,113.485,0,0,24,94,0,26,0
27-07 14:02:29,6.974,22.664,67.246,0,0,4114364,7954364,385124,3790912,60868.200,33431.783,0,131.504,0,12.951,4756,3709,2.500,2.540,2.070,2,0,133.496,0,0,24,94,0,26,0
27-07 14:02:30,7.730,22.441,67.822,0,0,4117052,7951668,385124,3790920,45611.339,25044.296,0,39.895,0,2.992,4388,3311,2.500,2.540,2.070,1,0,120.683,0,0,24,94,0,26,0
27-07 14:02:31,10.265,23.034,64.596,0,0,4102596,7966108,385128,3790928,60671.779,33914.185,0,460.682,0,5.007,4702,3451,2.500,2.540,2.070,3,0,120.178,0,0,24,96,0,26,0
27-07 14:02:32,11.175,23.593,63.327,0,0,4104424,7964276,385128,3790932,61069.555,33464.729,0,441.057,0,3.973,4730,3463,2.500,2.540,2.070,5,0,131.125,0,0,24,98,0,26,0
27-07 14:02:33,23.405,29.445,45.551,0,0,4188408,7880216,385180,3790952,61555.783,33924.183,0,7706.930,0,376.488,6178,4537,2.500,2.540,2.070,3,0,126.838,0,0,24,98,0,26,0
27-07 14:02:34,7.763,23.038,67.111,0,0,4186076,7882540,385180,3790960,57922.739,591449.592,0,4.007,0,1.002,4833,3718,2.380,2.510,2.060,2,0,136.225,0,0,24,98,0,26,0
27-07 14:02:35,8.730,21.200,67.841,0,0,4181880,7886728,385188,3790960,60619.782,34391.316,0,43.897,0,2.993,4301,3340,2.380,2.510,2.060,1,0,121.714,0,0,24,98,0,26,0
27-07 14:02:36,21.050,7.518,70.417,0,0,4229216,7839392,385188,3790960,44762.279,22559.563,0,4.010,0,1.002,2475,2250,2.380,2.510,2.060,2,0,0,0,0,24,98,0,27,0
27-07 14:02:37,22.940,5.735,69.567,0,0,4256636,7811924,385224,3790968,29915.132,15014.416,0,1304.561,0,22.940,3127,3262,2.380,2.510,2.060,1,0,0,0,0,24,98,0,26,0
27-07 14:02:38,28.034,7.009,63.077,0,0,4258032,7810412,385324,3790988,14933.192,7370.979,0,476.581,0,57.070,4186,4597,2.380,2.510,2.060,1,0,4.005,0,0,24,106,0,26,0
27-07 14:02:39,23.496,4.749,70.989,0,0,4195012,7873428,385328,3790988,15065.703,7522.853,0,147.977,0,7.999,2790,2756,2.270,2.490,2.050,1,0,2.000,0,0,24,104,0,26,0
27-07 14:02:40,14.799,14.548,68.977,0,0,4227732,7840672,385344,3791008,60054.583,34238.647,0,132.436,0,10.033,3556,2961,2.270,2.490,2.050,1,0,61.201,0,0,24,104,0,26,0
27-07 14:02:41,22.713,5.241,70.883,0,0,4265816,7802572,385360,3791008,29575.350,14568.036,0,291.520,0,13.977,2445,2168,2.270,2.490,2.050,1,0,1.997,0,0,24,104,0,26,0
27-07 14:02:42,27.603,8.532,63.237,0,0,4276528,7791660,385400,3791164,29762.466,14941.960,0,313.173,0,25.094,3685,3821,2.270,2.490,2.050,4,0,4.015,0,0,24,108,0,29,0
27-07 14:02:43,33.548,8.449,55.168,0,0,4280896,7787152,385456,3791244,15119.041,8190.723,0,326.038,0,25.845,5169,6222,2.270,2.490,2.050,1,0,4.970,0,0,24,109,0,29,0
27-07 14:02:44,22.375,5.718,69.610,0,0,4285056,7782644,385528,3791480,15939.622,7529.778,0,421.636,0,35.799,2823,3068,2.170,2.460,2.050,2,0,1.989,0,0,24,109,0,29,0
27-07 14:02:45,27.607,11.294,59.481,0.502,0,4289500,7777376,386092,3791700,15034.386,7473.022,0,4625.965,0,364.415,5974,8119,2.170,2.460,2.050,3,0,3.012,0,0,24,112,0,29,0
27-07 14:02:46,22.511,9.255,65.783,0,0,4298124,7768556,386228,3791740,15651.961,7299.713,0,872.444,0,75.038,4016,4780,2.170,2.460,2.050,4,0,3.002,0,0,24,116,0,29,0
27-07 14:02:47,27.559,3.758,67.395,0,0,4300772,7765784,386332,3791760,523.126,0,0,693.492,0,69.149,4061,5017,2.170,2.460,2.050,1,0,2.004,0,0,24,113,0,30,0
27-07 14:02:48,10.011,19.522,68.328,0,0,4263908,7802624,386348,3791768,31561.013,17275.713,0,364.416,0,21.024,4087,3194,2.170,2.460,2.050,1,0,111.127,0,0,24,113,0,30,0
27-07 14:02:49,22.249,7.500,69.247,0.250,0,4278636,7787756,386472,3791780,44146.225,22115.111,0,1859.925,0,101.996,2782,2937,2.070,2.440,2.040,1,0,0,0,0,24,113,0,30,0
27-07 14:02:50,24.946,5.488,68.353,0,0,4300696,7765660,386492,3791788,40148.840,462373.743,0,191.589,0,15.966,3557,3419,2.070,2.440,2.040,1,0,1.996,0,0,24,113,0,28,0
27-07 14:02:51,21.842,7.853,67.489,0,0,4306208,7760144,386492,3791792,18029.235,141528.417,0,918.837,0,5.890,3529,3807,2.070,2.440,2.040,4,0,2.945,0,0,24,114,0,28,0
27-07 14:02:52,30.045,14.004,56.016,0,0,4371068,7695128,386632,3791808,17080.838,7510.232,0,680.341,0,75.367,4277,4802,2.070,2.440,2.040,2,0,0,0,0,24,114,0,28,0
27-07 14:02:53,26.108,10.443,61.665,0,0,4370944,7695128,386728,3791832,15336.796,7322.276,0,1161.698,0,128.304,4408,5286,2.070,2.440,2.040,2,0,6.962,0,0,24,116,0,28,0
27-07 14:02:54,34.941,22.028,42.790,0,0,4354968,7710972,386832,3791848,15409.485,7389.261,0,3455.614,0,419.292,5420,3981,2.150,2.450,2.050,4,0,83.048,0,0,24,115,0,28,0
27-07 14:02:55,37.736,18.620,42.204,0,0,4374400,7691512,386860,3791836,31277.006,17056.574,0,309.831,0,18.868,3938,2868,2.150,2.450,2.050,3,0,19.861,0,0,24,115,0,28,0
27-07 14:02:56,43.825,9.571,45.588,0,0,4419132,7646668,386948,3791856,44598.006,22837.500,0,1289.571,0,60.449,3581,2540,2.150,2.450,2.050,3,0,2.015,0,0,24,116,0,28,0
27-07 14:02:57,24.568,6.452,67.252,0,0,4426356,7639360,387004,3791868,15086.345,7564.018,0,428.826,0,27.794,3337,3699,2.150,2.450,2.050,2,0,0,0,0,24,117,0,28,0
27-07 14:02:58,19.292,9.771,70.154,0,0,4367928,7697772,387004,3791884,31494.209,16343.916,0,8.018,0,2.004,3327,3107,2.150,2.450,2.050,3,0,41.090,0,0,24,115,0,29,0
27-07 14:02:59,17.996,9.998,69.734,0,0,4392604,7673084,387012,3791884,45073.748,26725.921,0,91.979,0,4.999,2653,2401,2.060,2.430,2.040,1,0,15.996,0,0,24,115,0,29,0
27-07 14:03:00,22.881,5.472,70.385,0,0,4427060,7638620,387012,3791892,29838.194,14663.921,0,0,0,0,2747,2667,2.060,2.430,2.040,2,0,0,0,0,24,116,0,29,0
27-07 14:03:01,33.221,8.742,55.951,0,0,4425008,7640660,387036,3791880,31319.294,18511.624,0,115.897,0,9.991,4369,4543,2.060,2.430,2.040,2,0,0,0,0,24,120,0,29,0
27-07 14:03:02,40.201,14.573,44.221,0,0,4399004,7666608,387048,3791924,15110.639,7332.705,0,156.785,0,12.060,5370,5051,2.060,2.430,2.040,2,0,52.262,0,0,24,117,0,30,0
27-07 14:03:03,29.203,9.315,60.671,0,0,4414320,7651236,387096,3791932,45893.745,28192.807,0,217.511,0,19.133,3261,2973,2.060,2.430,2.040,1,0,5.035,0,0,24,117,0,30,0
27-07 14:03:04,22.134,5.969,69.884,0,0,4416564,7648968,387116,3791936,29806.947,14999.471,0,1209.667,0,222.833,2737,2185,2.050,2.420,2.040,1,0,0,0,0,24,117,0,30,0
27-07 14:03:05,22.646,6.221,69.928,0,0,4417776,7647748,387116,3791944,29516.094,14672.441,0,0,0,0,3241,3398,2.050,2.420,2.040,1,0,1.991,0,0,24,119,0,30,0
27-07 14:03:06,23.014,9.256,66.291,0.250,0,4421628,7643716,387316,3791916,14984.364,7300.562,0,1020.638,0,115.072,4504,5584,2.050,2.420,2.040,2,0,0,0,0,24,117,0,31,0
27-07 14:03:07,15.229,15.229,67.158,0,0,4356900,7708320,387360,3791992,30486.438,16773.133,0,347.526,0,26.963,3880,3460,2.050,2.420,2.040,1,0,81.888,0,0,24,117,0,31,0
27-07 14:03:08,23.086,8.783,67.502,0.251,0,4405980,7659180,387388,3792024,57248.705,581723.526,0,297.109,0,22.082,3197,3020,2.050,2.420,2.040,1,0,3.011,0,0,24,117,0,31,0
27-07 14:03:09,22.677,5.482,70.026,0,0,4429908,7635240,387396,3792028,29437.853,14545.481,0,179.426,0,8.971,2910,2965,1.970,2.390,2.040,1,0,0,0,0,24,117,0,31,0
27-07 14:03:10,22.106,6.782,70.085,0,0,4430332,7634792,387408,3792036,14986.736,7479.803,0,180.866,0,9.043,3391,3690,1.970,2.390,2.040,1,0,0,0,0,24,117,0,15,0
27-07 14:03:11,16.846,11.566,70.151,0,0,4411196,7653908,387416,3792048,15001.788,7500.894,0,201.150,0,10.058,3126,2607,1.970,2.390,2.040,2,0,57.328,0,0,24,117,0,15,0
27-07 14:03:12,21.380,6.961,70.604,0,0,4435540,7629524,387456,3792048,44957.127,27165.803,0,719.966,0,39.777,2461,2309,1.970,2.390,2.040,2,0,0,0,0,24,117,0,15,0
27-07 14:03:13,34.446,7.239,57.161,0,0,4453048,7611904,387488,3792132,34278.736,17923.150,0,199.690,0,20.967,3766,3586,1.970,2.390,2.040,2,0,3.994,0,0,24,119,0,16,0
27-07 14:03:14,22.775,7.258,67.576,0.250,0,4447476,7617392,387628,3792072,26612.748,13675.286,0,716.801,0,84.094,4252,5287,1.890,2.370,2.030,1,0,3.003,0,0,24,120,0,16,0
27-07 14:03:15,26.249,13.250,59.248,0,0,4480468,7583616,388112,3792352,15095.438,7833.709,0,5339.801,0,364.986,5521,7002,1.890,2.370,2.030,1,0,2.000,0,0,24,121,0,16,0
27-07 14:03:16,23.991,8.497,64.725,0.250,0,4479536,7584252,388236,3792524,15491.006,7425.127,0,887.657,0,73.971,4211,5254,1.890,2.370,2.030,4,0,0,0,0,24,121,0,17,0
27-07 14:03:17,18.013,13.259,67.798,0,0,4420896,7642792,388340,3792512,15313.791,7367.191,0,656.463,0,66.047,3871,3822,1.890,2.370,2.030,1,0,55.039,0,0,24,120,0,17,0
27-07 14:03:18,21.746,6.249,70.737,0,0,4451712,7611948,388360,3792520,30097.395,15905.038,0,331.938,0,15.997,2465,2309,1.890,2.370,2.030,1,0,0,0,0,24,120,0,15,0
27-07 14:03:19,22.488,6.996,69.464,0,0,4467220,7596412,388444,3792464,29762.453,14812.262,0,3458.194,0,371.806,3710,3271,1.820,2.350,2.020,1,0,0,0,0,24,120,0,15,0
27-07 14:03:20,22.421,6.477,68.508,0,0,4462188,7601328,388468,3792552,29650.126,15303.870,0,247.126,0,18.933,3748,4085,1.820,2.350,2.020,1,0,1.993,0,0,24,121,0,15,0
27-07 14:03:21,20.514,9.006,69.297,0,0,4460000,7603400,388556,3792580,27667.810,13341.070,0,856.582,0,59.040,3992,4838,1.820,2.350,2.020,2,0,0,0,0,24,121,0,15,0
27-07 14:03:22,30.283,15.266,53.057,0,0,4524020,7539212,388704,3792596,17670.077,9442.194,0,708.765,0,76.082,5511,6617,1.820,2.350,2.020,3,0,3.003,0,0,24,121,0,12,0
27-07 14:03:23,22.017,9.007,67.052,0,0,4518896,7544208,388808,3792616,14933.610,7367.728,0,616.479,0,62.048,4149,4885,1.820,2.350,2.020,2,0,3.002,0,0,24,121,0,12,0
27-07 14:03:24,33.154,9.473,53.596,0.249,0,4514900,7548024,388936,3792660,2108.925,1283.303,0,1048.978,0,132.618,7658,10601,1.750,2.330,2.020,4,0,0.997,0,0,24,122,0,12,0
27-07 14:03:25,28.073,18.047,52.387,0,0,4424280,7638528,389016,3792692,45552.808,24646.281,0,685.789,0,59.154,5334,5293,1.750,2.330,2.020,3,0,91.238,0,0,24,122,0,12,0
27-07 14:03:26,32.335,13.786,53.390,0,0,4463016,7599760,389032,3792692,52584.841,455620.321,0,272.715,0,15.039,4116,14638,1.750,2.330,2.020,1,0,25.066,0,0,24,122,0,12,0
27-07 14:03:27,23.091,6.526,69.523,0,0,4489088,7573592,389120,3792696,17209.540,142669.921,0,1638.430,0,86.339,3118,3120,1.750,2.330,2.020,2,0,0,0,0,24,122,0,12,0
27-07 14:03:28,25.105,7.954,64.129,0,0,4494916,7567528,389312,3792736,29599.899,14508.136,0,998.230,0,105.391,4811,5974,1.750,2.330,2.020,2,0,1.989,0,0,24,125,0,12,0
27-07 14:03:29,13.988,17.985,66.193,0,0,4436456,7625924,389360,3792748,15676.511,9309.989,0,611.474,0,42.963,4323,3683,1.690,2.300,2.010,2,0,111.904,0,0,24,124,0,12,0
27-07 14:03:30,17.283,11.772,69.632,0,0,4443064,7619288,389384,3792752,60353.277,32383.317,0,308.584,0,16.030,3117,2733,1.690,2.300,2.010,1,0,37.070,0,0,24,124,0,12,0
27-07 14:03:31,23.252,5.501,70.757,0,0,4465560,7596644,389400,3792884,30401.897,14593.391,0,296.028,0,17.002,2388,2079,1.690,2.300,2.010,1,0,0,0,0,24,124,0,11,0
27-07 14:03:32,22.494,6.498,69.230,0,0,4463576,7598524,389496,3792888,30228.358,14719.792,0,1591.545,0,81.977,3316,3536,1.690,2.300,2.010,1,0,1.999,0,0,24,126,0,12,0
27-07 14:03:33,23.491,5.998,69.472,0,0,4463620,7598468,389496,3792900,15536.792,7616.957,0,0,0,0,3814,4237,1.690,2.300,2.010,1,0,1.000,0,0,24,125,0,12,0
27-07 14:03:34,18.996,10.248,67.485,0,0,4464444,7597492,389624,3792920,15391.508,7618.271,0,739.832,0,82.981,4268,5325,1.560,2.260,2,4,0,0,0,0,24,125,0,12,0
27-07 14:03:35,25.684,10.972,60.595,0.249,0,4464104,7597252,390172,3792932,16563.569,9163.526,0,7393.061,0,636.370,6153,7666,1.560,2.260,2,1,0,1.995,0,0,24,125,0,12,0
27-07 14:03:36,18.256,11.254,69.524,0,0,4464296,7597012,390188,3792952,15084.296,7298.563,0,232.081,0,9.003,3428,3735,1.560,2.260,2,1,0,0,0,0,24,125,0,13,0
27-07 14:03:37,34.069,17.408,44.763,0,0,4467716,7593232,390448,3793048,881.330,0,0,2383.371,0,162.141,9836,13206,1.560,2.260,2,3,0,1.989,0,0,24,126,0,14,0
27-07 14:03:38,34.859,20.815,41.630,0,0,4404716,7656108,390568,3793048,31492.340,16766.355,0,838.619,0,90.282,7048,7429,1.560,2.260,2,3,0,105.329,0,0,24,126,0,14,0
27-07 14:03:39,26.364,25.109,45.949,0.251,0,4404672,7656020,390632,3793112,61080.970,34035.647,0,763.311,0,71.309,6585,6459,1.670,2.280,2.010,4,0,136.593,0,0,24,126,0,13,0
27-07 14:03:40,19.753,14.502,64.508,0,0,4420088,7640576,390640,3793112,44844.864,23915.127,0,368.048,0,21.003,3173,2843,1.670,2.280,2.010,2,0,49.006,0,0,24,128,0,13,0
27-07 14:03:41,24.238,5.747,69.215,0.250,0,4459824,7600784,390684,3793124,29784.815,14744.483,0,1003.488,0,47.976,2831,2659,1.670,2.280,2.010,1,0,1.999,0,0,24,129,0,13,0
27-07 14:03:42,22.235,6.746,69.954,0.250,0,4461572,7599020,390696,3793128,29811.540,14738.379,0,111.927,0,11.992,3304,3391,1.670,2.280,2.010,1,0,0,0,0,24,130,0,13,0
27-07 14:03:43,21.047,9.772,66.648,0,0,4439740,7620716,390696,3793264,27324.836,459009.945,0,0,0,0,4208,3805,1.670,2.280,2.010,1,0,41.091,0,0,24,128,0,10,0
27-07 14:03:44,6.995,23.482,67.698,0,0,4438328,7622120,390696,3793272,48280.203,153167.261,0,23.982,0,2.998,4546,3518,1.700,2.270,2.010,1,0,135.896,0,0,24,128,0,10,0
27-07 14:03:45,7.248,23.744,67.232,0,0,4441996,7618428,390712,3793276,61179.504,35018.558,0,123.967,0,8.998,4775,3697,1.700,2.270,2.010,1,0,160.957,0,0,24,128,0,10,0
27-07 14:03:46,9.737,24.217,63.413,0,0,4440976,7619428,390712,3793300,46751.112,24932.928,0,15.978,0,3.995,4645,3597,1.700,2.270,2.010,1,0,124.829,0,0,24,128,0,10,0
27-07 14:03:47,7.755,25.518,64.546,0,0,4437828,7622572,390712,3793304,61228.167,31606.283,0,16.011,0,4.003,4650,3501,1.700,2.270,2.010,2,0,125.088,0,0,24,128,0,9,0
27-07 14:03:48,13.510,29.522,55.542,0,0,4436184,7624188,390728,3793800,60266.296,30609.005,0,492.370,0,27.020,5909,6695,1.700,2.270,2.010,2,0,131.099,0,0,24,128,0,9,0
27-07 14:03:49,17.632,23.343,55.875,0,0,4426556,7633772,390732,3793800,44556.711,22784.953,0,75.493,0,3.973,4980,6181,1.640,2.250,2,2,0,77.480,0,0,24,128,0,9,0
27-07 14:03:50,19.096,19.598,60.051,0,0,4421060,7639268,390732,3793328,30204.216,15139.796,0,12.060,0,3.015,4164,3574,1.640,2.250,2,3,0,51.257,0,0,24,128,0,9,0
27-07 14:03:51,27.702,27.203,43.675,0,0,4471700,7588620,390732,3793332,60939.257,33494.429,0,2240.150,0,392.326,5847,3393,1.640,2.250,2,5,0,124.786,0,0,24,128,0,9,0
27-07 14:03:52,33.381,29.114,36.644,0,0,4536432,7523872,390756,3793336,71421.138,467911.306,0,734.882,0,31.122,5672,4120,1.640,2.250,2,2,0,127.500,0,0,24,128,0,9,0
27-07 14:03:53,31.489,27.990,37.736,0,0,4524900,7535040,390792,3793624,48904.260,142562.286,0,535.806,0,28.989,6147,5266,1.640,2.250,2,3,0,128.953,0,0,24,134,0,9,0
27-07 14:03:54,9.002,24.756,64.517,0,0,4524644,7535236,390792,3793636,60950.814,31626.205,0,172.045,0,11.003,4704,3576,1.590,2.230,1.990,2,0,125.032,0,0,24,134,0,9,0
27-07 14:03:55,30.461,39.449,28.463,0,0,4554712,7502476,390832,3796260,61309.375,31891.102,0,850.909,0,100.871,9617,12091,1.590,2.230,1.990,1,0,164.789,0,0,24,140,0,9,0
27-07 14:03:56,14.472,29.693,53.646,0,0,4557352,7499612,390856,3796884,60284.260,30914.135,0,598.840,0,20.959,5821,5936,1.590,2.230,1.990,1,0,138.731,0,0,24,140,0,9,0
27-07 14:03:57,22.276,22.526,53.312,0,0,4569340,7487524,390876,3796900,46239.404,24076.808,0,312.361,0,14.016,4525,5036,1.590,2.230,1.990,1,0,79.091,0,0,24,140,0,9,0
27-07 14:03:58,26.827,19.055,52.902,0,0,4588656,7468148,390876,3796872,45730.477,23407.297,0,12.035,0,3.009,4095,3380,1.590,2.230,1.990,3,0,49.141,0,0,26,140,0,9,0
27-07 14:03:59,46.425,33.019,19.116,0,0,4666032,7390740,390900,3796880,64381.139,36387.181,0,194.637,0,12.910,5706,3671,1.700,2.240,2,6,0,138.033,0,0,26,140,0,8,0
27-07 14:04:00,47.775,32.185,18.859,0,0,4739064,7317660,390940,3796888,45875.303,24595.704,0,394.272,0,26.151,5665,3822,1.700,2.240,2,4,0,132.765,0,0,26,140,0,8,0
27-07 14:04:01,55.598,25.339,16.483,0,0,4779648,7277048,390952,3796904,70873.980,576865.625,0,118.084,0,6.888,6045,4543,1.700,2.240,2,6,0,139.733,0,0,26,148,0,8,0
27-07 14:04:02,48.121,31.740,20.221,0,0,4798900,7255900,391008,3798692,47305.477,25684.592,0,409.545,0,37.883,8722,10571,1.700,2.240,2,1,0,139.245,0,0,26,156,0,8,0
27-07 14:04:03,10.361,25.657,60.688,0,0,4802896,7251880,391032,3798704,59962.812,31034.813,0,288.145,0,15.789,4907,3660,1.700,2.240,2,1,0,132.231,0,0,26,158,0,7,0
27-07 14:04:04,14.259,25.016,58.287,0,0,4805116,7249616,391068,3798708,60913.701,32190.452,0,276.175,0,19.012,4757,3598,1.730,2.240,2,2,0,110.070,0,0,26,162,0,7,0
27-07 14:04:05,19.290,24.551,54.363,0,0,4808036,7246664,391092,3798708,30002.526,15648.612,0,456.952,0,26.054,4931,6095,1.730,2.240,2,6,0,83.173,0,0,26,162,0,7,0
27-07 14:04:06,21.762,21.512,56.031,0,0,4810092,7244588,391092,3799212,60194.737,30977.362,0,4.002,0,1.001,4696,5399,1.730,2.240,2,1,0,79.044,0,0,26,162,0,8,0
27-07 14:04:07,23.414,25.656,48.322,0,0,4835668,7218852,391160,3798736,45391.118,24962.226,0,573.890,0,51.810,5327,4233,1.730,2.240,2,2,0,96.645,0,0,26,162,0,7,0
27-07 14:04:08,32.044,30.792,35.799,0,0,4877956,7176336,391176,3798940,47071.147,27200.068,0,404.551,0,20.027,8303,4208,1.730,2.240,2,2,0,126.172,0,0,26,162,0,7,0
27-07 14:04:09,27.271,27.522,43.784,0,0,4919272,7135012,391184,3798940,61678.500,34555.172,0,120.094,0,7.006,5117,3639,1.750,2.230,2,4,0,128.101,0,0,26,162,0,7,0
27-07 14:04:10,16.735,26.226,54.950,0,0,4920772,7133428,391208,3798996,43136.009,578593.003,0,187.830,0,10.990,5417,3990,1.750,2.230,2,3,0,147.866,0,0,27,166,0,7,0
27-07 14:04:11,11.563,24.384,61.588,0,0,4927248,7126944,391216,3798996,61091.236,32904.563,0,72.397,0,9.050,4950,3595,1.750,2.230,2,5,0,143.789,0,0,27,168,0,7,0
27-07 14:04:12,25.974,24.975,47.203,0,0,4929888,7124260,391248,3799008,60635.197,33624.837,0,575.432,0,58.942,5318,3959,1.750,2.230,2,2,0,137.864,0,0,27,182,0,7,0
27-07 14:04:13,8.440,25.319,62.802,0.496,0,4931188,7122944,391248,3799020,49222.976,23786.372,0,8189.597,0,346.529,5127,3474,1.750,2.230,2,3,0,114.186,0,0,27,182,0,7,0
27-07 14:04:14,7.804,24.418,66.207,0,0,4931972,7122188,391248,3799024,42832.453,23892.810,0,20.139,0,5.035,4549,3393,1.690,2.210,1.990,2,0,120.833,0,0,27,182,0,7,0
27-07 14:04:15,12.091,27.391,56.755,0,0,4944140,7109992,391364,3799404,60567.450,31023.026,0,3146.720,0,157.928,6010,6576,1.690,2.210,1.990,9,0,134.239,0,0,27,182,0,7,0
27-07 14:04:16,18.491,23.811,57.500,0,0,4952760,7101204,391372,3799536,45326.151,23109.397,0,145.903,0,9.119,5159,6326,1.690,2.210,1.990,4,0,65.859,0,0,27,182,0,6,0
27-07 14:04:17,18.147,23.616,56.182,0,0,4943896,7109856,391376,3799176,44364.765,22357.392,0,51.707,0,3.977,3980,3582,1.690,2.210,1.990,2,0,58.668,0,0,27,182,0,6,0
27-07 14:04:18,26.168,28.660,42.865,0,0,4987848,7065860,391404,3799188,60917.322,33257.355,0,3532.884,0,324.977,5813,3700,1.690,2.210,1.990,2,0,123.611,0,0,27,182,0,6,0
27-07 14:04:19,31.637,27.619,39.922,0,0,5029344,7024348,391404,3799200,59103.083,591417.498,0,0,0,0,5785,4138,1.710,2.210,2,3,0,128.555,0,0,27,182,0,6,0
27-07 14:04:20,28.511,27.755,42.641,0,0,5033800,7019628,391408,3799444,47648.006,26321.408,0,20.185,0,5.046,5602,4348,1.710,2.210,2,4,0,127.166,0,0,27,184,0,5,0
27-07 14:04:21,17.666,24.135,55.485,0,0,5037436,7015988,391408,3799448,55427.148,29666.244,0,11.943,0,2.986,4925,3639,1.710,2.210,2,3,0,121.420,0,0,27,188,0,5,0
27-07 14:04:22,30.202,34.829,29.958,0.244,0,5105776,6945196,391436,3801852,33528.703,17131.155,0,459.844,0,22.408,8051,10217,1.710,2.210,2,8,0,119.832,0,0,27,192,0,5,0
27-07 14:04:23,25.539,27.861,44.113,3.096,0,5150524,6900268,391468,3802504,50000.394,25477.448,0,652.157,0,38.180,6341,7842,1.710,2.210,2,1,0,107.317,0,0,27,194,0,5,0
27-07 14:04:24,18.918,23.647,56.255,0,0,5119728,6931020,391468,3802504,48250.056,23426.069,0,147.359,0,7.965,4892,6029,1.820,2.220,2,4,0,81.645,0,0,27,194,0,5,0
27-07 14:04:25,23.469,26.465,48.186,0,0,5151024,6899636,391524,3802024,53738.653,32081.406,0,1238.356,0,137.817,5391,4045,1.820,2.220,2,2,0,97.870,0,0,27,194,0,5,0
27-07 14:04:26,36.469,36.962,23.655,0,0,5203832,6846780,391544,3805420,55917.436,33464.514,0,161.645,0,13.799,5905,11579,1.820,2.220,2,7,0,176.430,0,0,28,195,0,5,0
27-07 14:04:27,29.232,29.995,40.671,0,0,5214632,6835928,391548,3802048,50683.729,29016.455,0,81.341,0,4.067,5747,6504,1.820,2.220,2,4,0,143.364,0,0,27,194,0,6,1
27-07 14:04:28,37.957,34.732,24.313,0,0,5233984,6812064,391576,3806504,71912.594,573345.821,0,476.328,0,34.732,9680,12118,1.820,2.220,2,4,0,146.868,0,0,27,199,0,5,0
27-07 14:04:29,8.065,27.219,62.503,0,0,5259828,6786160,391616,3806508,61127.664,32692.957,0,274.206,0,21.170,5122,4198,1.670,2.190,1.990,1,0,168.354,0,0,27,200,0,5,0
27-07 14:04:30,9.979,26.194,61.120,0.249,0,5262824,6783140,391628,3806520,47020.892,25249.244,0,275.414,0,10.977,5038,3838,1.670,2.190,1.990,3,0,161.656,0,0,27,200,0,5,0
27-07 14:04:31,14.951,26.164,56.813,0,0,5264308,6781628,391644,3806532,60377.262,31847.172,0,318.950,0,18.938,4957,3815,1.670,2.190,1.990,2,0,154.491,0,0,27,206,0,5,0
27-07 14:04:32,7.530,23.344,67.020,0,0,5258476,6787452,391644,3806540,61000.374,33998.760,0,108.436,0,8.032,4568,3406,1.670,2.190,1.990,2,0,128.517,0,0,27,206,0,4,0
27-07 14:04:33,7.508,24.026,66.070,0,0,5261712,6784176,391672,3806552,61163.233,33657.898,0,228.243,0,19.020,4786,3680,1.670,2.190,1.990,3,0,132.141,0,0,27,206,0,4,0
27-07 14:04:34,8.746,24.989,64.222,0,0,5255600,6790264,391692,3806556,45529.237,23703.711,0,403.825,0,27.988,4737,3793,1.620,2.170,1.980,2,0,118.948,0,0,27,206,0,4,0
27-07 14:04:35,8.254,24.262,64.533,0,0,5258044,6787756,391732,3806564,60792.932,32124.345,0,316.161,0,24.012,4904,3907,1.620,2.170,1.980,1,0,121.062,0,0,27,206,0,4,0
27-07 14:04:36,14.741,31.730,50.968,0,0,5275384,6770392,391732,3807048,89576.769,599863.441,0,11.992,0,2.998,6484,6395,1.620,2.170,1.980,3,0,140.912,0,0,27,206,0,5,0
27-07 14:04:37,19.961,23.704,55.392,0,0,5253824,6791852,391768,3807072,44936.208,23070.926,0,542.939,0,29.942,4914,5916,1.620,2.170,1.980,1,0,82.838,0,0,27,206,0,5,0
27-07 14:04:38,31.132,21.170,46.076,0,0,5258532,6787036,391784,3806588,45092.586,23513.139,0,8671.230,0,665.485,5971,3884,1.620,2.170,1.980,2,0,62.763,0,0,27,212,0,5,0
27-07 14:04:39,35.195,19.357,44.245,0,0,5341880,6703664,391784,3806596,60629.376,32550.053,0,0,0,0,4298,2820,1.650,2.160,1.980,2,0,59.328,0,0,27,212,0,5,0
27-07 14:04:40,44.525,9.005,45.276,0,0,5405840,6639684,391808,3806588,60033.024,31089.620,0,292.166,0,18.010,3618,2407,1.650,2.160,1.980,2,0,1.001,0,0,27,212,0,3,0
27-07 14:04:41,46.137,15.127,38.574,0,0,5499736,6544960,391808,3807396,31183.853,16309.956,0,4.034,0,1.008,4382,3916,1.650,2.160,1.980,2,0,4.034,0,0,27,212,0,3,0
27-07 14:04:42,43.871,9.666,44.118,0,0,5530280,6513724,391820,3808048,29741.796,15394.867,0,154.662,0,6.940,4346,3958,1.650,2.160,1.980,2,0,7.931,0,0,27,217,0,3,0
27-07 14:04:43,26.973,23.976,46.704,0,0,5505480,6538452,391824,3808124,45285.132,24210.013,0,4467.574,0,295.707,5449,3659,1.650,2.160,1.980,3,0,101.899,0,0,27,216,0,3,0
27-07 14:04:44,27.320,54.881,10.638,1.934,0,5509240,6532464,392276,3809644,58417.444,31125.927,1450.596,816.202,120.883,22.242,6306,5190,1.920,2.210,2,7,1,188.578,0,0,27,216,0,3,0
27-07 14:04:45,44.296,42.751,13.134,2.060,0,5522376,6514476,392324,3814300,56918.971,469188.519,1149.628,449.138,37.085,31.934,7712,12743,1.920,2.210,2,3,0,159.671,0,0,27,216,0,3,0
27-07 14:04:46,41.464,33.221,22.480,0.250,0,5532444,6504076,392344,3814564,64197.070,165593.730,15.986,419.634,0.999,27.976,7240,7414,1.920,2.210,2,4,0,113.901,0,0,27,217,0,3,0
27-07 14:04:47,46.244,31.996,20.747,0,0,5539932,6496516,392360,3814600,56212.733,27702.418,0,431.944,0,28.996,6834,6684,1.920,2.210,2,3,0,110.986,0,0,27,222,0,4,0
27-07 14:04:48,44.362,34.532,18.904,0.504,0,5470028,6565844,392708,3814824,50132.375,27359.414,0,6194.584,0,272.223,7481,7595,1.920,2.210,2,3,0,121.996,0,0,27,220,0,4,0
27-07 14:04:49,31.102,28.116,38.566,0,0,5510600,6525228,392732,3814840,60162.944,30924.450,0,509.569,0,32.843,5781,5045,2,2.220,2.010,2,0,116.444,0,0,27,222,0,4,0
27-07 14:04:50,33.251,32.251,32.751,0,0,5534616,6501188,392736,3815324,45203.995,23714.522,0,348.008,0,17.000,6384,6880,2,2.220,2.010,5,0,143.003,0,0,27,222,0,4,0
27-07 14:04:51,36.925,26.945,34.679,0.249,0,5538576,6497140,392788,3815324,44531.296,23214.715,0,538.902,0,45.906,7133,8282,2,2.220,2.010,16,0,80.835,0,0,27,223,0,4,0
27-07 14:04:52,40.667,26.285,31.244,0,0,5510960,6524624,392812,3815340,45734.193,23936.829,0,416.586,0,29.756,5079,4253,2,2.220,2.010,4,0,35.707,0,0,27,222,0,4,0
27-07 14:04:53,67.326,23.792,9.365,0.253,0,5602516,6433000,392832,3815368,61461.602,33741.719,8.099,437.363,1.012,25.310,5287,3767,2,2.220,2.010,3,0,108.328,0,0,27,223,0,4,0
27-07 14:04:54,62.268,16.505,20.756,0,0,5678000,6357456,392868,3815388,57027.754,573344.443,0,400.118,0,32.009,5573,4287,2.080,2.240,2.010,4,0,3.001,0,0,27,223,0,4,0
27-07 14:04:55,63.005,17.641,17.389,1.260,0,5730924,6303332,392928,3816468,30075.063,15191.768,733.882,693.559,7.057,26.210,5827,5090,2.080,2.240,2.010,4,0,9.073,0,0,27,228,0,6,0
27-07 14:04:56,64.272,14.529,19.208,0,0,5704284,6328052,393068,3817980,14933.805,7730.394,0,3762.755,0,300.429,5606,4719,2.080,2.240,2.010,8,0,9.850,0,0,27,227,0,12,0
27-07 14:04:57,34.831,24.306,39.341,0,0,5764020,6268080,393080,3818192,15257.359,7866.230,0,272.632,0,16.037,5074,3841,2.080,2.240,2.010,4,0,108.251,0,0,27,226,0,12,0
27-07 14:04:58,28.111,27.358,43.672,0,0,5771224,6260776,393152,3818220,61609.815,35989.842,0,1024.036,0,58.229,5596,4443,2.080,2.240,2.010,2,0,129.510,0,0,27,227,0,12,0
27-07 14:04:59,26.954,28.950,41.678,0.499,0,5772392,6259540,393188,3818236,62831.624,34296.842,0,443.235,0,36.936,6077,5638,2.080,2.230,2.010,3,0,123.786,0,0,27,226,0,13,0
27-07 14:05:00,26.881,29.644,42.708,0,0,5755176,6276736,393200,3818244,45834.210,24236.028,0,200.979,0,11.054,5120,3544,2.080,2.230,2.010,3,0,123.602,0,0,27,226,0,13,0
27-07 14:05:01,28.712,27.227,41.831,0,0,5796180,6235700,393220,3818256,59755.350,31161.810,0,792.065,0,32.673,5184,3587,2.080,2.230,2.010,2,0,107.919,0,0,27,226,0,13,0
27-07 14:05:02,37.192,25.632,36.187,0,0,5792356,6239448,393256,3818260,44951.206,23111.387,0,289.495,0,26.135,5921,6429,2.080,2.230,2.010,2,0,91.473,0,0,27,228,0,13,0
27-07 14:05:03,38.198,28.961,30.958,0,0,5775424,6256256,393312,3818288,61414.287,32642.505,0,399.456,0,34.952,6701,7908,2.080,2.230,2.010,2,0,94.871,0,0,27,226,0,13,0
27-07 14:05:04,45.250,32.072,21.133,0,0,5812352,6219164,393336,3818428,52319.411,28890.093,0,310.283,0,21.879,5690,3948,2.150,2.250,2.020,4,0,116.356,0,0,27,226,0,13,0
27-07 14:05:05,46.950,31.467,20.229,0,0,5886424,6145068,393348,3818440,67540.327,580977.471,0,127.864,0,7.992,6026,4107,2.150,2.250,2.020,3,0,125.866,0,0,27,227,0,13,0
27-07 14:05:06,49.708,30.224,18.984,0,0,5903844,6127176,393412,3818752,60176.120,32430.580,0,799.324,0,37.968,6142,4980,2.150,2.250,2.020,6,0,114.903,0,0,27,230,0,15,0
27-07 14:05:07,43.151,32.300,23.468,0,0,5888280,6141664,393540,3819676,45919.027,24364.580,0,823.660,0,77.723,7943,9616,2.150,2.250,2.020,2,0,123.145,0,0,27,234,0,17,0
27-07 14:05:08,26.712,31.455,39.444,0,0,5923944,6105900,393564,3819732,63735.703,31413.003,0,363.479,0,23.966,5312,3943,2.150,2.250,2.020,2,0,115.834,0,0,27,234,0,17,0
27-07 14:05:09,32.919,30.425,34.914,0,0,5951284,6078508,393572,3820244,45095.654,23402.217,0,1105.271,0,131.675,6158,5745,2.140,2.240,2.020,2,0,131.675,0,0,27,235,0,16,0
27-07 14:05:10,38.537,28.027,32.281,0,0,5938900,6090684,393584,3820380,44717.915,23256.319,0,164.158,0,8.008,6099,7691,2.140,2.240,2.020,2,0,87.084,0,0,27,236,0,16,0
27-07 14:05:11,41.095,27.313,31.322,0,0,5940316,6089240,393588,3819896,45188.064,23876.986,0,164.379,0,6.014,5291,4084,2.140,2.240,2.020,6,0,77.178,0,0,27,234,0,16,0
27-07 14:05:12,47.903,29.441,20.708,0,0,5983172,6046368,393600,3819900,61033.722,33855.617,0,115.766,0,6.986,5605,3539,2.140,2.240,2.020,5,0,122.752,0,0,27,234,0,16,0
27-07 14:05:13,48.331,30.301,21.536,0,0,6009120,6020196,393644,3820076,58848.177,565196.925,0,609.016,0,35.058,6431,4923,2.140,2.240,2.020,7,0,114.191,0,0,27,236,0,17,0
27-07 14:05:14,40.890,33.364,23.831,0,0,6006376,6021496,393728,3821368,63176.784,33969.023,0,11940.785,0,727.485,8501,9621,2.370,2.290,2.030,3,0,138.473,0,0,27,242,0,18,0
27-07 14:05:15,25.680,30.715,42.800,0,0,6004316,6023544,393740,3821368,45058.087,24145.382,0,237.667,0,14.099,5213,3765,2.370,2.290,2.030,4,0,131.925,0,0,27,242,0,18,0
27-07 14:05:16,33.272,30.789,34.265,0,0,6008268,6019564,393756,3821876,59882.118,31917.001,0,850.167,0,33.768,6034,6169,2.370,2.290,2.030,3,0,145.005,0,0,27,242,0,18,0
27-07 14:05:17,40.499,27.750,30.500,0,0,6008776,6018944,393764,3821956,44539.280,23439.621,0,219.996,0,18.000,6375,7591,2.370,2.290,2.030,2,0,89.999,0,0,27,246,0,19,0
27-07 14:05:18,39.367,26.161,32.639,0.249,0,5959984,6067616,393808,3821492,45229.645,23647.820,0,514.256,0,42.855,6145,5489,2.370,2.290,2.030,4,0,66.774,0,0,27,244,0,19,0
27-07 14:05:19,48.500,30.407,20.104,0,0,6026508,6001092,393816,3821484,61131.352,33565.149,0,1383.135,0,11.057,5350,3393,2.420,2.300,2.040,3,0,110.570,0,0,27,244,0,19,0
27-07 14:05:20,61.999,16.184,20.666,0,0,6136520,5890772,393820,3821732,44369.142,22950.964,0,175.289,0,9.960,4884,3325,2.420,2.300,2.040,4,0,2.988,0,0,27,244,0,19,0
27-07 14:05:21,62.237,12.976,19.945,0,0,6185204,5841412,393872,3822324,28385.809,14400.521,0,376.786,0,22.107,6160,5648,2.420,2.300,2.040,5,0,1.922,0,0,27,246,0,25,0
27-07 14:05:22,47.770,14.096,39.678,0,0,6117604,5908448,393928,3822816,15886.863,7933.512,0,613.965,0,64.738,6703,7904,2.420,2.300,2.040,2,0,5.221,0,0,27,249,1,25,0
27-07 14:05:23,54.962,13.241,30.979,0,0,6238036,5787992,393956,3822816,15145.562,7496.833,0,407.719,0,34.976,4543,3408,2.420,2.300,2.040,2,0,5.996,0,0,27,253,1,25,0
27-07 14:05:24,38.821,17.898,42.350,0.252,0,6201632,5824160,394024,3822980,15299.450,7780.304,0,1012.367,0,47.392,5230,4513,2.390,2.290,2.040,3,0,66.550,0,0,27,256,1,25,0
27-07 14:05:25,29.997,28.510,38.922,0,0,6198036,5827736,394040,3822984,58356.637,580566.632,0,194.363,0,6.942,6590,5925,2.390,2.290,2.040,2,0,126.931,0,0,27,258,1,25,0
27-07 14:05:26,27.112,28.355,41.787,0,0,6120404,5905288,394080,3823004,60160.293,33616.617,0,461.646,0,35.817,5771,4625,2.390,2.290,2.040,3,0,133.320,0,0,27,256,1,25,0
27-07 14:05:27,38.129,35.370,25.336,0,0,6136312,5889348,394084,3823016,39831.122,21015.292,0,1123.812,0,123.419,6016,13585,2.390,2.290,2.040,3,0,138.470,0,0,27,256,1,26,0
27-07 14:05:28,29.508,28.257,41.010,0,0,6151604,5874004,394116,3823032,53925.717,27502.996,0,1040.265,0,51.013,5626,4395,2.390,2.290,2.040,3,0,117.030,0,0,27,256,1,27,0
27-07 14:05:29,26.364,30.592,39.794,0,0,6154164,5871428,394120,3823044,60678.219,31095.199,0,1046.588,0,13.928,6049,5388,2.270,2.270,2.030,6,0,117.393,0,0,27,258,1,26,0
27-07 14:05:30,23.359,29.136,45.714,0,0,6111608,5913944,394148,3823444,46905.521,24476.552,0,434.031,0,35.165,5798,5257,2.270,2.270,2.030,1,0,132.621,0,0,27,256,1,26,0
27-07 14:05:31,21.285,27.402,46.975,0,0,6085924,5939548,394156,3823536,58366.248,29490.418,0,172.241,0,6.850,5824,7268,2.270,2.270,2.030,6,0,142.882,0,0,27,258,1,26,0
27-07 14:05:32,19.088,22.396,59.553,0,0,6084344,5941080,394196,3823428,46823.942,23471.015,0,525.288,0,31.558,3992,4018,2.270,2.270,2.030,3,0,42.756,0,0,28,258,1,26,0
27-07 14:05:33,48.644,31.163,19.762,0,0,6153072,5872284,394232,3823548,46102.618,26059.147,0,599.946,0,41.550,5860,4150,2.270,2.270,2.030,4,0,135.799,0,0,28,258,1,26,0
27-07 14:05:34,48.311,14.122,36.171,0,0,6220384,5804804,394260,3823688,74531.071,593566.956,0,5858.710,0,618.375,5419,3731,2.250,2.270,2.030,3,0,15.856,0,0,28,263,1,26,0
27-07 14:05:35,46.255,8.751,43.255,0,0,6293088,5731500,394280,3824212,29595.193,15197.640,0,608.066,0,25.003,3804,2860,2.250,2.270,2.030,3,0,4.000,0,0,28,263,1,26,0
27-07 14:05:36,50.853,10.470,36.893,0,0,6298516,5725004,394400,3825076,31684.132,16947.860,0,1391.964,0,94.725,5575,6108,2.250,2.270,2.030,7,0,22.934,0,0,28,264,1,29,0
27-07 14:05:37,11.282,24.569,60.419,0,0,6300764,5722232,394484,3825500,60866.098,32508.850,0,1981.538,0,112.314,5551,5220,2.250,2.270,2.030,1,0,125.350,0,0,28,264,1,28,0
27-07 14:05:38,7.453,13.415,77.756,0,0,6301728,5721224,394516,3825512,45934.371,26323.874,0,226.562,0,18.880,3489,3407,2.250,2.270,2.030,0,0,66.577,0,0,28,265,1,28,0
27-07 14:05:39,2.522,2.018,94.073,0,0,6301728,5721224,394516,3825512,70254.380,33043.972,0,4.035,0,1.009,1661,2298,2.070,2.230,2.020,1,0,0,0,0,28,266,1,28,0
27-07 14:05:40,3.994,2.746,89.607,0,0,6292200,5729428,394548,3826772,1416540.302,61294.265,0,323.484,0,26.957,3896,3677,2.070,2.230,2.020,0,0,0,0,0,28,265,1,28,0
27-07 14:05:41,5.996,5.746,81.692,0,0,6292120,5723352,394568,3832740,6427673.910,154148.448,0,135.903,0,12.991,11178,8105,2.070,2.230,2.020,1,0,1.999,0,0,28,265,1,28,0
27-07 14:05:42,13.277,8.267,72.400,0,0,6293660,5716104,394596,3838264,6305193.671,134564.568,0,312.647,0,22.046,10570,7924,2.070,2.230,2.020,0,0,6.012,0,0,28,265,1,28,0
27-07 14:05:43,5.251,12.003,77.771,0,0,6289252,5717132,394612,3841528,3128688.345,76760.961,0,252.069,0,20.005,6453,5464,2.070,2.230,2.020,1,0,54.015,0,0,28,264,1,28,0
27-07 14:05:44,8.499,21.247,64.490,3.499,0,6292900,5711128,394640,3843836,76252.706,490996.836,2299.629,215.965,26.996,19.997,5380,4483,1.990,2.210,2.010,1,0,119.981,0,0,28,264,1,28,0
27-07 14:05:45,12.476,17.217,67.620,0,0,6311288,5692732,394648,3843836,64628.285,161484.380,0,115.777,0,6.987,4201,3515,1.990,2.210,2.010,3,0,86.832,0,0,28,264,1,28,0
27-07 14:05:46,29.297,6.761,63.351,0,0,6359112,5644852,394688,3843852,29818.466,14681.370,0,432.689,0,38.061,3095,2756,1.990,2.210,2.010,3,0,4.006,0,0,28,268,1,28,0
27-07 14:05:47,26.736,7.246,64.217,0,0,6375968,5627968,394696,3843868,31026.282,16098.844,0,95.951,0,9.995,3610,3441,1.990,2.210,2.010,1,0,1.999,0,0,28,268,1,28,0
27-07 14:05:48,23.201,6.486,67.856,0,0,6376424,5627492,394708,3843880,30149.103,14884.454,0,155.670,0,14.968,4052,4559,1.990,2.210,2.010,1,0,0,0,0,28,274,1,29,0
27-07 14:05:49,24.300,5.762,68.141,0,0,6376280,5627492,394708,3844024,15307.630,7311.107,0,0,0,0,4484,5128,1.910,2.190,2.010,1,0,0,0,0,28,274,1,29,0
27-07 14:05:50,25.469,8.240,63.673,0,0,6383716,5619980,394748,3844056,15196.740,7435.066,0,6592.079,0,555.333,5473,5397,1.910,2.190,2.010,1,0,2.996,0,0,28,277,1,30,0
27-07 14:05:51,24.307,5.513,68.161,0,0,6384196,5619476,394752,3844072,240.568,0,0,172.407,0,7.017,4709,5354,1.910,2.190,2.010,1,0,0,0,0,28,276,1,30,0
27-07 14:05:52,25.446,5.987,66.110,0.249,0,6384564,5618972,394840,3844116,14889.357,7603.840,0,594.736,0,55.881,5309,6514,1.910,2.190,2.010,1,0,0.998,0,0,28,278,1,30,0
27-07 14:05:53,25.812,10.672,61.303,0,0,6415004,5588484,394856,3844144,14819.875,7469.503,0,321.653,0,32.761,4906,5540,1.910,2.190,2.010,2,0,2.978,0,0,28,279,1,33,0
27-07 14:05:54,26.177,12.081,56.128,2.769,0,6388732,5598052,394916,3860304,705.759,0,0,16607.991,0,66.448,6459,8275,1.830,2.170,2,1,0,21.143,0,0,28,278,1,41,0
27-07 14:05:55,15.135,19.601,63.268,0,0,6330872,5655852,394920,3860356,30739.672,35392.205,0,178.638,0,11.909,4408,3590,1.830,2.170,2,2,0,113.138,0,0,28,278,1,41,0
27-07 14:05:56,7.066,27.761,63.092,0,0,6331184,5655564,394936,3860348,46440.998,25043.110,0,197.858,0,11.104,5094,3982,1.830,2.170,2,2,0,172.621,0,0,28,278,1,41,0
27-07 14:05:57,10.995,21.740,64.472,0.250,0,6339536,5647148,395008,3860324,61760.769,37119.634,0,2107.071,0,177.922,5403,4435,1.830,2.170,2,1,0,187.917,0,0,28,278,1,41,0
27-07 14:05:58,23.967,8.239,66.409,0,0,6382460,5604108,395060,3860384,45994.250,23716.643,0,635.133,0,43.940,3307,3335,1.830,2.170,2,2,0,19.973,0,0,28,280,1,34,0
27-07 14:05:59,21.552,8.019,69.918,0,0,6356656,5629908,395060,3860388,30355.099,15894.275,0,4.010,0,1.002,2964,2644,1.770,2.150,2,1,0,27.065,0,0,28,280,1,34,0
27-07 14:06:00,8.994,22.485,65.707,0,0,6347436,5639108,395080,3860388,74836.008,599663.429,0,375.754,0,25.983,5262,4301,1.770,2.150,2,2,0,124.918,0,0,28,280,1,34,0
27-07 14:06:01,7.747,23.490,66.722,0,0,6353692,5632840,395080,3860400,60865.880,34183.892,0,3.998,0,1.000,4755,3770,1.770,2.150,2,1,0,129.946,0,0,28,280,1,34,0
27-07 14:06:02,7.483,22.700,67.351,0,0,6357400,5629064,395120,3860424,45716.663,25096.371,0,614.638,0,35.920,4851,4060,1.770,2.150,2,4,0,114.746,0,0,28,280,1,33,0
27-07 14:06:03,7.500,24.499,64.997,0,0,6347928,5638496,395144,3860440,60645.361,37620.363,0,339.985,0,20.999,4813,3783,1.770,2.150,2,1,0,131.994,0,0,28,280,1,33,0
27-07 14:06:04,8.249,24.997,64.243,0,0,6349544,5636824,395188,3860452,60808.823,33182.629,0,411.958,0,35.996,4970,4020,1.700,2.130,1.990,1,0,128.987,0,0,28,280,1,33,0
27-07 14:06:05,3.261,4.515,91.047,0,0,6345256,5641108,395192,3860452,44840.446,23637.198,0,212.695,0,16.052,2088,2521,1.700,2.130,1.990,0,0,19.062,0,0,28,280,1,33,0
27-07 14:06:06,18.611,8.189,70.723,0,0,6367052,5619236,395228,3860492,44285.078,22428.906,0,246.166,0,24.815,2784,2777,1.700,2.130,1.990,2,0,8.933,0,0,28,280,1,33,0
27-07 14:06:07,25.337,5.574,68.411,0,0,6396000,5590256,395256,3860496,29869.588,14788.852,0,283.777,0,21.283,2827,2677,1.700,2.130,1.990,2,0,0,0,0,28,280,1,33,0
27-07 14:06:08,22.841,8.441,63.805,0,0,6408008,5578160,395292,3860540,30393.049,14502.862,0,166.837,0,21.848,3673,3787,1.700,2.130,1.990,2,0,1.986,0,0,28,290,1,34,0
27-07 14:06:09,26.202,5.989,64.882,0,0,6408240,5577908,395292,3860560,16156.672,8795.035,0,0,0,0,3413,3416,1.650,2.110,1.990,2,0,0.998,0,0,28,304,1,34,0
27-07 14:06:10,17.277,12.770,65.854,0,0,6331856,5654268,395308,3860568,14878.565,7455.809,0,124.197,0,12.019,3694,3059,1.650,2.110,1.990,1,0,60.095,0,0,28,304,1,31,0
27-07 14:06:11,8.231,15.465,65.102,6.735,0,6335384,5646548,395388,3864488,39829.358,457460.929,1967.522,195.555,68.843,9.977,4250,3655,1.650,2.110,1.990,0,1,53.877,0,0,28,304,1,31,0
27-07 14:06:12,3.252,4.003,68.301,20.515,0,6333900,5631720,395432,3880532,34616.621,144651.062,14130.459,44.033,150.111,3.002,2455,2774,1.650,2.110,1.990,1,1,0,0,0,28,304,1,31,0
27-07 14:06:13,3.493,4.740,67.360,20.707,0,6331888,5624928,395448,3889260,29752.048,14627.541,8079.177,18936.569,72.848,502.953,2843,2582,1.650,2.110,1.990,0,1,2.994,0,0,28,304,1,31,0
27-07 14:06:14,4.770,4.268,66.277,22.092,0,6332116,5610816,395500,3902984,29799.533,15247.721,12721.162,421.763,123.516,31.130,2693,3271,1.600,2.090,1.980,0,1,2.008,0,0,28,304,1,29,0
27-07 14:06:15,2.496,3.245,68.640,22.214,0,6331904,5595444,395504,3918468,15098.701,7497.933,14748.265,31.949,147.762,2.995,2236,2661,1.600,2.090,1.980,0,1,0,0,0,28,304,1,29,0
27-07 14:06:16,2.746,3.994,68.140,20.966,0,6332560,5572260,395524,3940852,14950.868,7284.242,21069.991,95.845,203.671,8.985,2443,2825,1.600,2.090,1.980,1,1,0,0,0,28,304,1,29,0
27-07 14:06:17,5.255,8.759,68.071,15.266,0,6333160,5554372,395532,3958028,507.526,0,15664.245,96.100,149.155,10.010,3034,2954,1.600,2.090,1.980,1,1,18.019,0,0,28,304,1,29,0
27-07 14:06:18,3.501,4.752,69.027,20.008,0,6332528,5536744,395536,3976188,45712.602,27122.444,17646.795,64.025,172.066,4.002,2507,2687,1.600,2.090,1.980,0,1,0,0,0,28,304,1,28,0
27-07 14:06:19,6.496,12.493,65.961,11.993,0,6333272,5524648,395560,3987460,33522.237,20142.126,11145.429,279.835,107.936,26.984,3321,3154,1.550,2.070,1.970,1,1,25.985,0,0,28,304,1,28,0
27-07 14:06:20,6.995,5.246,62.958,21.486,0,6333020,5512580,395580,3999688,53520.982,27656.388,11636.169,375.747,101.931,17.988,2920,3178,1.550,2.070,1.970,3,1,21.985,0,0,28,306,1,28,0
27-07 14:06:21,3.251,7.253,68.530,18.008,0,6328624,5506156,395584,4010456,34476.112,23164.153,10820.743,988.433,99.043,207.091,2809,2819,1.550,2.070,1.970,2,0,10.004,0,0,28,306,1,28,0
27-07 14:06:22,6.246,9.494,65.208,15.990,0,6332184,5493344,395608,4019644,44706.088,22823.240,8874.261,195.873,100.935,12.992,3128,3243,1.550,2.070,1.970,1,2,15.990,0,0,28,306,1,28,0
27-07 14:06:23,2.755,3.005,62.614,28.552,0,6332376,5487800,395632,4024940,29586.055,14750.951,5281.650,192.351,65.119,21.038,2245,2854,1.550,2.070,1.970,1,0,3.005,0,0,28,306,1,22,0
27-07 14:06:24,13.507,15.258,54.778,13.007,0,6378736,5427708,395648,4038588,30338.719,18711.695,12134.287,220.114,135.070,22.011,4068,3774,1.660,2.090,1.980,0,1,20.010,0,0,28,306,1,22,0
27-07 14:06:25,7.971,8.718,61.773,17.685,0,6367172,5423940,395648,4053856,44275.106,22248.146,15092.473,87.677,169.377,4.982,3451,3536,1.660,2.090,1.980,2,0,7.971,0,0,28,306,1,22,0
27-07 14:06:26,8.212,11.198,62.214,13.438,0,6368936,5410652,395656,4065288,57179.795,600131.526,10782.368,410.112,142.345,37.826,3525,3170,1.660,2.090,1.980,2,1,20.904,0,0,28,306,1,22,0
27-07 14:06:27,13.338,16.107,53.857,13.842,0,6390124,5377084,395664,4080176,45106.883,26745.216,11914.950,44.293,152.007,3.020,3991,7236,1.660,2.090,1.980,1,1,50.334,0,0,28,306,1,22,0
27-07 14:06:28,9.982,8.983,58.143,19.215,0,6365764,5387396,395752,4091480,44137.602,22929.713,13295.481,2527.339,159.705,168.689,3976,8712,1.660,2.090,1.980,0,1,1.996,0,0,28,306,1,24,0
27-07 14:06:29,4.744,7.990,66.915,16.229,0,6358916,5389052,395756,4096652,45701.022,26136.842,4941.731,51.934,56.928,3.995,2843,2856,1.930,2.140,2,1,1,16.978,0,0,28,306,1,24,0
27-07 14:06:30,4.236,8.473,67.531,17.443,0,6354864,5379936,395772,4109756,29615.068,14766.168,12551.342,87.716,145.529,8.971,2909,2867,1.930,2.140,2,1,0,10.964,0,0,28,306,1,24,0
27-07 14:06:31,7.308,7.812,64.513,17.388,0,6346792,5373932,395772,4123780,51477.131,28336.211,13446.873,4.032,163.298,1.008,3117,3076,1.930,2.140,2,3,0,6.048,0,0,28,306,1,22,0
27-07 14:06:32,9.466,18.184,64.516,3.986,0,6339128,5377888,395784,4127472,49104.250,29122.581,3598.972,107.610,41.849,6.975,4131,3330,1.930,2.140,2,2,0,58.787,0,0,28,306,1,22,0
27-07 14:06:33,5.000,7.749,66.995,16.749,0,6341664,5361788,395784,4140968,53443.658,28981.646,12794.961,115.991,156.987,3.000,3158,2986,1.930,2.140,2,0,1,9.999,0,0,28,306,1,22,0
27-07 14:06:34,7.232,15.213,65.091,8.978,0,6341136,5355508,395796,4147744,45482.205,28221.253,6556.029,139.660,72.823,11.971,3900,3502,1.860,2.120,1.990,1,0,40.900,0,0,28,306,1,22,0
27-07 14:06:35,4.774,9.046,67.845,15.579,0,6338940,5345408,395804,4159968,45229.889,23332.592,11538.647,229.165,157.802,14.072,3126,2931,1.860,2.120,1.990,0,1,15.077,0,0,28,306,1,22,0
27-07 14:06:36,8.240,11.985,65.169,11.236,0,6335952,5339508,395804,4168808,57916.802,592543.351,8409.517,2057.435,112.859,384.521,4542,3778,1.860,2.120,1.990,0,1,28.964,0,0,28,306,1,23,0
27-07 14:06:37,5.018,9.534,67.739,15.304,0,6337968,5323512,395808,4182720,44840.419,25903.516,13367.226,525.858,198.702,32.113,3496,3591,1.860,2.120,1.990,2,0,15.053,0,0,28,306,1,23,0
27-07 14:06:38,10.999,13.249,59.745,13.249,0,6372268,5276960,395856,4194876,30835.184,16004.538,11906.912,311.972,109.990,35.997,3827,3528,1.860,2.120,1.990,0,1,17.998,0,0,28,306,1,24,0
27-07 14:06:39,3.968,6.696,67.460,18.353,0,6372384,5267400,395856,4204272,44380.697,26140.723,9210.265,0,102.182,0,2800,2746,1.790,2.100,1.990,2,0,10.913,0,0,28,306,1,21,0
27-07 14:06:40,7.056,12.096,66.779,11.340,0,6373488,5258328,395864,4212196,61917.844,38420.573,7830.072,254.014,77.615,10.080,3504,3186,1.790,2.100,1.990,0,1,23.184,0,0,28,306,1,21,0
27-07 14:06:41,5.247,9.745,67.216,13.743,0,6372996,5245500,395868,4225448,45677.937,27706.011,12665.605,163.917,134.932,12.993,3246,3172,1.790,2.100,1.990,1,0,15.992,0,0,28,306,1,21,0
27-07 14:06:42,15.464,13.718,55.373,12.721,0,6366708,5238548,395888,4238616,47419.826,28597.161,11888.629,167.614,145.665,12.970,4479,4320,1.790,2.100,1.990,4,1,23.945,0,0,28,306,1,23,0
27-07 14:06:43,6.003,10.505,67.529,13.756,0,6363320,5228440,395896,4252020,45169.732,27530.026,12449.438,44.019,176.077,6.003,3604,3438,1.790,2.100,1.990,0,1,17.007,0,0,28,306,1,23,0
27-07 14:06:44,5.006,9.511,66.576,15.518,0,6359772,5216136,395916,4267784,48403.965,23220.368,15345.425,176.200,193.219,16.018,3538,3504,1.720,2.080,1.980,3,0,15.017,0,0,28,306,1,23,0
27-07 14:06:45,5.476,8.712,67.707,15.184,0,6358020,5203952,395916,4281656,56564.492,38342.260,13103.359,0,187.191,0,3276,3069,1.720,2.080,1.980,2,0,14.935,0,0,28,306,1,23,0
27-07 14:06:46,6.243,10.239,66.179,14.235,0,6342848,5210056,395924,4290668,56439.124,571369.715,8842.462,303.672,93.899,14.984,3514,3241,1.720,2.080,1.980,2,0,16.982,0,0,28,306,1,23,0
27-07 14:06:47,5.517,8.527,67.963,15.298,0,6341464,5197984,395924,4304076,45039.448,22996.220,12948.666,52.164,132.416,5.016,3106,2950,1.720,2.080,1.980,1,0,15.047,0,0,28,306,1,23,0
27-07 14:06:48,5.491,11.980,66.887,12.479,0,6340688,5186116,395936,4316644,60604.308,39868.444,11975.708,95.838,122.792,6.988,3358,3165,1.720,2.080,1.980,1,0,28.951,0,0,28,306,1,23,0
27-07 14:06:49,17.581,11.804,67.813,0,0,6373944,5152852,395936,4316652,45948.761,23333.536,0,16.074,0,1.005,3392,2970,1.670,2.060,1.980,1,0,49.227,0,0,28,306,1,23,0
27-07 14:06:50,23.034,5.944,67.617,0,0,6406200,5120596,395936,4316652,60832.408,30765.929,0,7.926,0,1.981,2782,2445,1.670,2.060,1.980,1,0,1.981,0,0,28,306,1,23,0
27-07 14:06:51,23.754,6.501,66.260,0,0,6446256,5080540,395936,4316652,29656.486,14756.232,0,80.012,0,2.000,2657,2304,1.670,2.060,1.980,2,0,2.000,0,0,28,306,1,20,0
27-07 14:06:52,26.505,6.626,67.026,0,0,6469388,5057360,395980,4316656,31731.066,14954.693,0,2409.877,0,418.976,3803,3100,1.670,2.060,1.980,1,0,2.039,0,0,28,306,1,20,0
27-07 14:06:53,29.006,6.637,59.978,0.246,0,6483396,5043276,396028,4316676,31723.368,17508.617,0,393.297,0,43.263,3777,3772,1.670,2.060,1.980,1,0,2.950,0,0,28,310,1,20,0
27-07 14:06:54,44.337,9.825,43.077,0.504,0,6502764,5023872,396060,4316680,45116.837,22515.089,0,201.531,0,28.214,4378,3461,1.770,2.080,1.980,1,1,3.023,0,0,28,306,1,20,2
27-07 14:06:55,22.938,7.230,63.328,4.239,0,6449212,5077392,396072,4316700,44724.779,22979.716,0,291.211,0,13.962,2963,2667,1.770,2.080,1.980,2,0,4.986,0,0,28,304,1,9,2
27-07 14:06:56,25.885,9.956,61.975,0,0,6472444,5054120,396104,4316704,53016.374,452397.369,0,565.487,0,28.872,3364,2917,1.770,2.080,1.980,1,0,5.973,0,0,28,304,1,9,2
27-07 14:06:57,24.782,5.507,68.087,0,0,6496088,5030460,396120,4316704,32069.058,140201.501,0,112.144,0,12.015,2843,2615,1.770,2.080,1.980,1,0,2.003,0,0,28,304,1,9,2
27-07 14:06:58,20.210,8.842,69.473,0,0,6515308,5011224,396128,4316708,30883.512,14975.906,0,68.715,0,6.063,2749,2476,1.770,2.080,1.980,1,0,3.032,0,0,28,304,1,10,2
27-07 14:06:59,24.659,4.439,66.086,0,0,6519008,5007508,396128,4316724,14890.160,7326.716,0,224.891,0,49.318,3510,3395,1.710,2.060,1.980,2,0,0.986,0,0,28,310,1,11,2
27-07 14:07:00,26.371,4.521,68.063,0,0,6393596,5132928,396128,4316732,30707.118,16580.196,0,0,0,0,2735,2322,1.710,2.060,1.980,5,0,14.065,0,0,28,304,1,11,2
27-07 14:07:01,21.052,9.273,67.916,0,0,6420728,5105788,396128,4316740,45293.951,22799.850,0,4.010,0,1.002,2842,2668,1.710,2.060,1.980,1,0,3.007,0,0,28,304,1,11,2
27-07 14:07:02,24.521,4.504,68.558,0,0,6456656,5069852,396136,4316740,30469.649,14964.597,0,132.111,0,7.006,2612,2299,1.710,2.060,1.980,1,0,0,0,0,28,304,1,11,2
27-07 14:07:03,26.299,4.299,69.035,0,0,6452820,5073668,396152,4316744,29871.737,14960.144,0,121.380,0,15.173,2706,2313,1.710,2.060,1.980,2,0,3.035,0,0,28,304,1,11,2
27-07 14:07:04,18.062,14.598,63.836,0,0,6438980,5087304,396184,4316912,16433.991,8690.568,0,740.297,0,36.619,4267,3792,1.650,2.040,1.970,1,0,83.135,0,0,28,304,1,11,2
27-07 14:07:05,7.578,24.503,64.920,0.253,0,6425216,5101048,396192,4316920,46773.537,27453.220,517.337,464.795,4.042,16.167,4661,3723,1.650,2.040,1.970,1,0,127.313,0,0,28,304,1,11,2
27-07 14:07:06,8.915,24.021,63.643,0,0,6407336,5118900,396220,4316920,60180.883,33116.077,0,190.186,0,21.792,4927,3889,1.650,2.040,1.970,1,0,146.601,0,0,28,304,1,12,2
27-07 14:07:07,8.458,22.885,63.681,0,0,6407744,5118412,396244,4316972,46247.461,52988.711,0,330.346,0,20.895,5041,4204,1.650,2.040,1.970,2,0,144.278,0,0,28,304,1,12,2
27-07 14:07:08,12.113,20.693,63.844,0,0,6414964,5110968,396276,4317164,61610.444,34382.013,0,1788.648,0,352.279,5115,3954,1.650,2.040,1.970,1,0,115.071,0,0,28,304,1,11,2
27-07 14:07:09,24.150,8.465,65.230,0,0,6424416,5101508,396284,4317164,58593.874,577650.988,0,107.556,0,6.971,3465,2984,1.600,2.020,1.970,1,0,18.922,0,0,28,304,1,11,2
27-07 14:07:10,22.738,6.247,67.215,0,0,6442888,5083024,396284,4317176,45098.544,22728.179,0,0,0,0,2896,2633,1.600,2.020,1.970,3,0,16.991,0,0,28,304,1,11,2
27-07 14:07:11,16.005,3.751,78.276,0.250,0,6448912,5076980,396296,4317184,50588.071,25109.473,0,456.154,0,16.005,2296,2384,1.600,2.020,1.970,1,0,1.000,0,0,28,305,1,11,2
27-07 14:07:12,22.413,6.548,69.001,0,0,6401520,5118220,396316,4322116,15308.094,7524.608,0,870.316,0,16.117,2641,2430,1.600,2.020,1.970,2,0,4.029,0,0,28,304,1,10,2
27-07 14:07:13,24.222,4.994,68.170,0,0,6417348,5100908,396316,4323432,60097.897,31131.685,0,0,0,0,2810,2725,1.600,2.020,1.970,4,0,2.997,0,0,28,304,1,10,2
27-07 14:07:14,26.460,9.644,59.103,0.495,0,6438324,5079408,396376,4323808,44172.627,21716.362,0,1084.136,0,57.372,7851,13179,1.550,2.010,1.960,1,0,4.946,0,0,28,304,1,10,2
27-07 14:07:15,21.385,8.806,68.685,0,0,6394216,5122616,396376,4324596,32140.626,17885.312,0,88.561,0,1.006,3042,2820,1.550,2.010,1.960,1,0,9.057,0,0,28,305,1,10,2
27-07 14:07:16,18.204,3.491,74.811,0,0,6397260,5119340,396392,4324800,66865.630,42693.857,0,494.747,0,8.977,2538,2549,1.550,2.010,1.960,1,0,0.997,0,0,28,305,1,10,2
27-07 14:07:17,21.727,11.987,62.683,0,0,6403744,5112788,396396,4324828,44160.719,22356.064,0,115.876,0,6.993,5976,10693,1.550,2.010,1.960,1,0,11.987,0,0,28,305,1,10,2
27-07 14:07:18,18.400,10.334,69.315,0,0,6404648,5111780,396396,4324892,29834.260,14978.127,0,177.447,0,2.016,2685,2306,1.550,2.010,1.960,1,0,9.074,0,0,28,305,1,10,2
27-07 14:07:19,22.725,5.993,69.922,0,0,6387312,5135700,396508,4319028,31121.111,16229.805,0,627.297,0,21.975,2691,2531,1.510,1.990,1.950,1,0,0.999,0,0,28,304,1,10,2
27-07 14:07:20,9.187,21.353,65.549,0,0,6351384,5171952,396508,4318848,72239.572,599656.875,0,11.918,0,2.979,5164,4273,1.510,1.990,1.950,1,0,137.056,0,0,28,304,1,10,2
27-07 14:07:21,10.050,22.864,64.069,0,0,6361848,5161472,396516,4318856,60468.818,33558.948,0,353.760,0,4.020,4627,3671,1.510,1.990,1.950,2,0,133.665,0,0,28,304,1,10,2
27-07 14:07:22,23.149,7.800,68.189,0,0,6406676,5116616,396536,4318864,29782.528,14686.447,0,350.252,0,22.142,2992,2951,1.510,1.990,1.950,1,0,0,0,0,28,304,1,10,2
27-07 14:07:23,24.983,3.216,68.269,0.247,0,6422312,5100740,396556,4319084,29337.906,14502.733,0,83.110,0,12.862,2700,2655,1.510,1.990,1.950,1,0,0.989,0,0,28,304,1,10,2
27-07 14:07:24,26.985,7.746,63.214,0,0,6450720,5071520,396584,4319868,15146.469,7291.893,0,219.876,0,23.986,3212,3002,1.470,1.970,1.950,2,0,3.998,0,0,28,307,1,10,2
27-07 14:07:25,30.542,10.601,55.279,1.262,0,6396696,5124836,396612,4320536,30461.467,15647.723,674.453,149.430,32.309,9.087,4529,4356,1.470,1.970,1.950,1,1,25.242,0,0,28,304,1,13,2
27-07 14:07:26,20.677,23.418,51.817,0.249,0,6406492,5115688,396628,4319872,47281.463,26266.483,119.579,11.958,7.972,2.989,4770,4140,1.470,1.970,1.950,2,0,100.646,0,0,28,304,1,13,2
27-07 14:07:27,19.154,9.204,67.412,0,0,6430920,5091244,396628,4319872,43868.064,21844.481,0,0,0,0,2710,2634,1.470,1.970,1.950,1,0,1.990,0,0,28,304,1,13,2
27-07 14:07:28,35.435,14.325,49.257,0,0,6453084,5069068,396640,4319872,30988.800,15042.541,0,373.952,0,16.084,4149,10771,1.470,1.970,1.950,1,0,36.189,0,0,28,304,1,13,2
27-07 14:07:29,23.634,3.980,69.410,0,0,6453544,5068592,396644,4319884,14723.835,7391.771,0,47.766,0,4.976,2838,2770,1.430,1.960,1.940,1,0,0,0,0,28,304,1,13,2
27-07 14:07:30,15.976,14.728,65.901,0,0,6406416,5115720,396644,4319884,22449.201,11165.190,0,35.946,0,2.995,3574,3023,1.430,1.960,1.940,1,0,71.892,0,0,28,304,1,13,2
27-07 14:07:31,21.786,7.262,68.864,0,0,6425316,5096820,396644,4319884,52615.300,26768.415,0,4.007,0,1.002,2752,2693,1.430,1.960,1.940,1,0,0,0,0,28,304,1,13,2
27-07 14:07:32,24.217,5.243,69.656,0,0,6449504,5072628,396644,4319888,29557.131,15219.471,0,3.995,0,0.999,2690,2547,1.430,1.960,1.940,3,0,0,0,0,28,304,1,13,2
27-07 14:07:33,18.287,11.774,66.633,0,0,6401328,5120780,396648,4319908,15093.227,7472.966,0,108.217,0,6.012,3718,3313,1.430,1.960,1.940,3,0,57.114,0,0,28,304,1,13,2
27-07 14:07:34,20.752,10.501,66.508,0,0,6396512,5125580,396664,4319908,58523.716,598218.652,0,108.012,0,12.001,3434,3253,1.400,1.940,1.940,1,0,3.000,0,0,28,304,1,13,2
27-07 14:07:35,23.958,5.740,69.130,0,0,6435588,5086492,396672,4319912,29941.942,15361.293,0,1050.174,0,102.821,2862,2583,1.400,1.940,1.940,4,0,0,0,0,28,304,1,13,2
27-07 14:07:36,25.255,5.751,65.513,0,0,6432908,5088876,396684,4320192,29919.935,15147.005,128.025,132.026,1.000,13.003,3078,2959,1.400,1.940,1.940,4,0,3.001,0,0,28,304,0,17,2
27-07 14:07:37,19.019,14.264,64.063,0.250,0,6396724,5125044,396684,4320208,31468.871,17874.535,0,136.134,0,12.012,3731,3823,1.400,1.940,1.940,1,0,32.031,0,0,28,304,1,17,2
27-07 14:07:38,23.829,5.709,67.268,0.248,0,6414584,5107180,396724,4320172,29900.554,15240.694,0,3669.681,0,502.397,3661,3072,1.400,1.940,1.940,3,0,0,0,0,28,304,1,17,2
27-07 14:07:39,23.523,6.006,67.567,0.250,0,6422772,5098892,396792,4320204,30068.964,15167.114,0,956.954,0,69.069,3425,3481,1.360,1.920,1.930,2,0,2.002,0,0,28,304,1,18,2
27-07 14:07:40,18.863,12.072,68.159,0,0,6382416,5139220,396796,4320228,45548.246,26171.001,0,116.700,0,7.042,3422,3167,1.360,1.920,1.930,1,0,47.284,0,0,28,304,1,16,2
27-07 14:07:41,21.474,5.993,70.166,0,0,6429196,5092420,396812,4320232,44703.631,22199.497,0,335.599,0,13.983,2681,2687,1.360,1.920,1.930,2,0,0,0,0,28,304,1,16,2
27-07 14:07:42,22.942,5.985,69.076,0,0,6442288,5079324,396812,4320236,15278.456,7417.288,0,0,0,0,2632,2433,1.360,1.920,1.930,2,0,1.995,0,0,28,308,1,17,2
27-07 14:07:43,36.872,12.541,47.908,0,0,6374952,5146548,396860,4320300,30099.244,15930.526,0,662.183,0,106.351,5359,5515,1.360,1.920,1.930,1,0,39.129,0,0,28,304,1,20,2
27-07 14:07:44,21.996,8.249,68.488,0,0,6417408,5104084,396868,4320300,44517.102,22899.937,0,103.982,0,12.998,3001,3213,1.500,1.940,1.940,1,0,0,0,0,28,304,1,18,2
27-07 14:07:45,23.473,5.553,70.167,0,0,6439528,5081956,396868,4320308,30481.654,15699.183,0,0,0,0,2740,2580,1.500,1.940,1.940,2,0,2.019,0,0,28,305,1,18,2
27-07 14:07:46,17.833,13.127,65.389,0,0,6357096,5164324,396900,4320340,45578.350,24600.262,0,285.335,0,32.695,4499,4307,1.500,1.940,1.940,1,0,71.334,0,0,28,304,1,18,2
27-07 14:07:47,7.756,19.515,69.053,0,0,6363636,5157644,396952,4320428,74552.647,608219.301,0,88.068,0,12.009,4769,4108,1.500,1.940,1.940,1,0,109.084,0,0,28,306,1,18,2
27-07 14:07:48,6.733,4.239,86.533,0,0,6366712,5154536,397020,4320392,60523.388,27350.487,0,1296.752,0,57.855,2575,3038,1.500,1.940,1.940,2,0,8.978,0,0,28,304,1,19,2
27-07 14:07:49,6.764,19.040,71.901,0,0,6367980,5153176,397020,4320480,46068.765,26713.109,0,0,0,0,4233,3571,1.540,1.940,1.940,1,0,117.246,0,0,28,306,1,19,2
27-07 14:07:50,4.739,4.739,88.785,0,0,6368464,5152684,397024,4320484,65312.515,33211.410,0,1763.720,0,12.969,2116,2578,1.540,1.940,1.940,2,0,7.981,0,0,28,304,1,20,2
27-07 14:07:51,7.272,22.570,67.458,0,0,6371748,5149352,397024,4320532,46807.146,26323.064,0,8.025,0,2.006,4724,3900,1.540,1.940,1.940,1,0,146.451,0,0,28,304,1,20,2
27-07 14:07:52,16.461,14.216,67.340,0.249,0,6390816,5130228,397064,4320544,60530.096,32211.421,0,442.947,0,21.948,3925,3678,1.540,1.940,1.940,1,0,58.860,0,0,28,304,1,20,2
27-07 14:07:53,20.268,10.510,67.562,0,0,6430696,5081940,397448,4327460,44722.741,22686.667,0,1052.959,0,33.030,3119,3048,1.540,1.940,1.940,1,0,4.004,0,0,28,304,1,20,2
27-07 14:07:54,24.753,4.751,69.009,0,0,6444292,5063852,397592,4331212,44800.617,22684.844,0,420.053,0,15.002,3067,3187,1.570,1.940,1.940,2,0,2.000,0,0,28,304,1,20,2
27-07 14:07:55,18.779,8.513,71.609,0,0,6436712,5070768,397624,4331692,36981.545,17515.782,0,929.421,0,12.018,2890,2732,1.570,1.940,1.940,0,0,17.026,0,0,28,305,1,20,2
27-07 14:07:56,19.451,8.977,70.322,0,0,6435440,5068512,397700,4334916,35396.318,17014.890,0,881.766,0,41.894,2900,2713,1.570,1.940,1.940,2,0,7.980,0,0,28,304,1,20,2
27-07 14:07:57,14.517,12.765,68.080,3.004,0,6388876,5111804,397760,4338036,59235.989,589620.652,1381.632,2791.298,21.025,66.078,4506,4178,1.570,1.940,1.940,3,0,71.084,0,0,28,304,1,20,1
27-07 14:07:58,10.509,22.519,64.304,0,0,6354156,5146344,397812,4338120,46075.512,25709.489,0,632.529,0,48.040,5089,4233,1.570,1.940,1.940,2,0,150.125,0,0,28,304,1,21,1
27-07 14:07:59,15.250,20.000,63.250,0,0,6367360,5132988,397812,4338268,62228.327,33359.175,0,1996.010,0,378.002,4564,3551,1.530,1.930,1.930,2,0,83.000,0,0,28,304,1,21,1
27-07 14:08:00,23.363,5.965,69.094,0,0,6414476,5085864,397820,4338268,45139.998,22682.837,0,163.043,0,13.918,2869,2865,1.530,1.930,1.930,2,0,1.988,0,0,28,304,1,21,1
27-07 14:08:01,23.322,5.323,70.726,0,0,6432060,5068264,397820,4338280,15627.698,7793.569,0,4.056,0,1.014,3069,3048,1.530,1.930,1.930,1,0,0,0,0,28,306,1,18,1
27-07 14:08:02,19.828,9.914,67.912,0,0,6402732,5097580,397824,4338288,30211.507,18660.486,0,111.039,0,6.940,3376,2895,1.530,1.930,1.930,2,0,46.597,0,0,28,304,1,18,1
27-07 14:08:03,21.222,7.490,70.158,0,0,6440860,5059448,397824,4338292,44577.605,22021.153,0,27.963,0,0.999,2703,2680,1.530,1.930,1.930,2,0,2.996,0,0,28,304,1,18,1
27-07 14:08:04,23.020,6.255,69.310,0.250,0,6461288,5038992,397848,4338296,30281.235,15157.132,0,416.361,0,28.024,2843,2934,1.480,1.910,1.930,2,0,0,0,0,28,304,1,18,1
27-07 14:08:05,23.222,5.993,69.667,0,0,6438564,5061704,397852,4338304,15603.422,7596.955,0,1366.373,0,82.901,3228,3054,1.480,1.910,1.930,2,0,14.982,0,0,28,304,1,18,1
27-07 14:08:06,21.033,8.513,69.359,0,0,6438800,5061464,397852,4338304,44989.602,23851.430,0,4.006,0,1.002,2622,2492,1.480,1.910,1.930,3,0,2.003,0,0,28,304,1,19,1
27-07 14:08:07,24.485,5.996,67.708,0,0,6448796,5051424,397896,4338304,30079.461,15458.473,0,487.699,0,38.976,3139,3215,1.480,1.910,1.930,1,0,0,0,0,28,304,1,19,1
27-07 14:08:08,25.974,10.490,61.939,0,0,6447068,5052908,398024,4338416,29925.547,14709.523,0,1262.757,0,144.857,5807,7685,1.480,1.910,1.930,5,0,0.999,0,0,28,305,1,19,1
27-07 14:08:09,26.179,6.981,64.076,0,0,6399584,5100284,398100,4338448,30568.930,17879.413,0,937.453,0,86.764,4655,5607,1.530,1.910,1.930,1,0,6.981,0,0,28,304,1,18,1
27-07 14:08:10,25.299,8.602,66.031,0,0,6417408,5082420,398120,4338468,59579.892,587772.962,0,198.347,0,20.239,3590,3698,1.530,1.910,1.930,1,0,1.012,0,0,28,304,1,18,1
27-07 14:08:11,23.600,4.968,69.557,0,0,6421120,5078696,398124,4338476,29912.573,15048.201,0,254.381,0,11.924,2718,2504,1.530,1.910,1.930,1,0,0,0,0,28,304,1,18,1
27-07 14:08:12,23.496,5.749,68.489,0.250,0,6422752,5076960,398204,4338496,15460.585,7426.840,0,799.875,0,70.989,4047,4605,1.530,1.910,1.930,2,0,2.000,0,0,28,305,1,18,1
27-07 14:08:13,21.337,8.187,67.732,0,0,6424600,5074944,398240,4338628,15045.049,7314.117,0,341.392,0,36.719,3845,4613,1.530,1.910,1.930,1,0,0.992,0,0,28,305,1,18,1
27-07 14:08:14,26.922,4.529,67.934,0,0,6424700,5074692,398352,4338664,15781.724,7771.601,0,1006.423,0,90.578,4037,4748,1.400,1.880,1.920,4,0,0,0,0,28,304,1,18,1
27-07 14:08:15,10.758,29.272,57.543,0,0,6393184,5106200,398368,4338656,61243.773,34279.620,0,264.197,0,20.015,5349,4085,1.400,1.880,1.920,2,0,180.135,0,0,28,304,1,18,1
27-07 14:08:16,7.237,25.704,64.134,0,0,6395284,5104004,398380,4338732,52757.829,25476.043,0,455.179,0,18.966,5115,4051,1.400,1.880,1.920,6,0,169.694,0,0,28,304,1,18,1
27-07 14:08:17,7.906,27.177,61.271,0,0,6382448,5116688,398552,4338712,54551.327,28924.063,0,3794.875,0,199.626,5577,4715,1.400,1.880,1.920,3,0,166.026,0,0,28,304,1,18,1
27-07 14:08:18,7.418,27.116,64.464,0,0,6376780,5122228,398648,4338744,62606.757,33380.038,0,2926.458,0,143.253,5313,4360,1.400,1.880,1.920,3,0,173.950,0,0,28,304,1,18,1
27-07 14:08:19,6.685,26.740,63.385,0,0,6367060,5131948,398648,4338744,60538.335,31809.217,0,2190.734,0,399.126,5872,3948,1.450,1.880,1.920,1,0,171.337,0,0,28,304,1,18,1
27-07 14:08:20,7.740,26.216,63.668,0,0,6361708,5137272,398672,4338748,61219.692,31836.757,0,211.726,0,15.979,5126,3973,1.450,1.880,1.920,5,0,172.776,0,0,28,304,1,18,1
27-07 14:08:21,10.751,27.751,59.003,0,0,6363844,5135108,398680,4338760,59903.047,587014.863,0,236.012,0,9.000,5682,4712,1.450,1.880,1.920,3,0,172.009,0,0,28,304,1,18,1
27-07 14:08:22,8.008,26.025,63.310,0.250,0,6362872,5136040,398716,4338764,61813.817,32214.653,0,232.221,0,21.020,5329,4328,1.450,1.880,1.920,2,0,168.160,0,0,28,304,1,18,1
27-07 14:08:23,8.008,27.278,62.814,0,0,6366748,5132112,398764,4338768,60942.439,32423.219,0,228.234,0,22.023,5271,4351,1.450,1.880,1.920,4,0,169.173,0,0,28,304,1,18,1
27-07 14:08:24,8.239,25.467,63.418,0,0,6364500,5134164,398836,4338892,57873.231,30618.443,0,375.515,0,33.956,5378,4688,1.580,1.900,1.930,4,0,164.787,0,0,28,304,1,18,1
27-07 14:08:25,13.498,30.246,54.493,0,0,6395852,5102268,398860,4339408,49879.927,25584.885,0,251.969,0,16.998,5470,4456,1.580,1.900,1.930,3,0,166.980,0,0,28,304,1,15,1
27-07 14:08:26,8.974,28.917,58.582,0,0,6360200,5137892,398864,4339420,61022.003,31782.854,0,11514.978,0,55.840,5315,4340,1.580,1.900,1.930,4,0,160.540,0,0,28,304,1,15,1
27-07 14:08:27,11.049,28.626,58.257,0,0,6397680,5100888,398884,4338912,61459.753,32286.233,0,216.956,0,12.053,5309,4126,1.580,1.900,1.930,3,0,177.783,0,0,28,304,1,15,1
27-07 14:08:28,13.480,29.457,54.421,0,0,6406272,5092232,398932,4341120,60916.731,31538.300,0,563.184,0,35.948,5597,7078,1.580,1.900,1.930,4,0,199.711,0,0,28,304,1,16,1
27-07 14:08:29,15.011,29.771,53.788,0,0,6392840,5105652,398944,4338928,58731.787,575771.659,0,172.122,0,12.009,5918,10946,1.530,1.890,1.920,5,0,164.117,0,0,28,304,1,17,1
27-07 14:08:30,7.247,26.738,62.722,0,0,6389264,5109228,398944,4338928,61478.269,32329.417,0,7.996,0,1.999,5109,3925,1.530,1.890,1.920,1,0,163.926,0,0,28,304,1,15,1
27-07 14:08:31,8.741,25.724,62.937,0,0,6380680,5117792,398960,4338932,61265.346,31322.479,0,3524.453,0,28.971,5036,3950,1.530,1.890,1.920,1,0,152.846,0,0,28,304,1,15,1
27-07 14:08:32,11.516,25.286,61.087,0,0,6383192,5115252,398972,4338948,48574.794,26448.458,0,120.170,0,9.013,5053,3962,1.530,1.890,1.920,1,0,150.213,0,0,28,304,1,15,1
27-07 14:08:33,8.212,25.882,63.460,0,0,6389204,5109240,398972,4338948,60722.664,31629.540,0,15.927,0,3.982,4982,3877,1.530,1.890,1.920,1,0,160.268,0,0,28,304,1,15,1
27-07 14:08:34,7.039,26.899,62.847,0,0,6393020,5105360,399040,4338944,61579.132,32493.477,0,442.444,0,32.178,5427,4676,1.490,1.870,1.910,3,0,164.911,0,0,28,304,1,15,1
27-07 14:08:35,7.493,25.726,64.441,0,0,6388680,5109632,399088,4338960,60944.145,31796.858,0,459.579,0,31.971,5102,4003,1.490,1.870,1.910,2,0,158.854,0,0,28,304,1,15,1
27-07 14:08:36,7.967,27.137,62.988,0.249,0,6385192,5113108,399092,4338968,49197.298,23494.244,0,107.552,0,10.954,4986,3830,1.490,1.870,1.910,6,0,160.333,0,0,28,304,1,16,1
27-07 14:08:37,10.035,26.341,61.462,0,0,6384996,5113144,399124,4339096,69244.334,597149.344,0,333.147,0,20.069,5519,4521,1.490,1.870,1.910,2,0,146.504,0,0,28,304,1,16,1
27-07 14:08:38,13.501,18.502,66.005,0,0,6386104,5111916,399216,4339124,61183.969,32718.657,0,456.037,0,48.004,4404,3878,1.490,1.870,1.910,2,0,82.007,0,0,28,304,1,12,1
27-07 14:08:39,12.671,16.149,68.821,0,0,6389508,5224744,399228,4234788,45825.530,22460.085,0,0,0,0,3084,3093,1.450,1.860,1.910,2,0,41.740,0,0,28,304,1,12,1
27-07 14:08:40,21.386,9.058,69.191,0,0,6399252,5207636,399544,4241412,45344.932,22219.580,0,72.462,0,3.019,2799,2481,1.450,1.860,1.910,2,0,3.019,0,0,28,304,1,12,1
27-07 14:08:41,24.397,5.726,68.211,0,0,6410008,5194364,399584,4243712,45067.348,22502.805,0,5082.499,0,99.579,3073,2801,1.450,1.860,1.910,1,0,0,0,0,28,304,1,12,1
27-07 14:08:42,22.676,6.479,68.278,0,0,6425528,5176600,399604,4245688,30047.268,14610.478,0,526.288,0,9.968,2987,2751,1.450,1.860,1.910,1,0,18.938,0,0,28,304,1,11,1
27-07 14:08:43,21.490,4.748,72.717,0,0,6427752,5174080,399612,4245936,36253.598,18322.711,0,323.853,0,3.998,2738,2726,1.450,1.860,1.910,1,0,1.000,0,0,28,305,1,11,1
27-07 14:08:44,16.408,4.039,79.262,0,0,6444656,5156972,399660,4246028,23836.169,14354.004,0,852.193,0,34.330,2555,2880,1.410,1.840,1.900,0,0,0,0,0,28,305,1,11,1
27-07 14:08:45,17.742,5.497,74.465,0.500,0,6447176,5154212,399704,4246220,25069.120,14336.206,0,2762.691,0,391.814,4091,3953,1.410,1.840,1.900,2,0,7.996,0,0,28,305,1,13,1
27-07 14:08:46,14.906,2.484,80.492,0,0,6446856,5154212,399736,4246468,25899.584,13837.690,0,985.780,0,28.818,2219,2431,1.410,1.840,1.900,2,0,1.987,0,0,28,305,1,9,1
27-07 14:08:47,18.369,3.523,77.752,0,0,6466232,5134656,399768,4246580,8314.703,4962.049,0,664.291,0,20.130,2274,2340,1.410,1.840,1.900,2,0,0,0,0,28,305,1,9,1
27-07 14:08:48,15.943,2.740,79.467,0.249,0,6463492,5137164,399828,4246712,24721.906,15050.370,0,1127.981,0,45.837,2340,2490,1.410,1.840,1.900,0,0,1.993,0,0,28,305,1,9,1
27-07 14:08:49,17.958,1.995,78.565,0,0,6462824,5137568,399860,4246872,23553.609,12946.553,0,694.367,0,21.948,2288,2324,1.380,1.830,1.900,1,0,0,0,0,28,305,1,9,1
27-07 14:08:50,22.614,2.513,73.872,0,0,6461048,5139140,399884,4247020,5951.954,3536.800,0,462.327,0,15.076,2317,2273,1.380,1.830,1.900,0,0,0,0,0,28,305,1,8,1
27-07 14:08:51,15.927,3.235,79.138,0,0,6461240,5138676,399916,4247220,24639.405,13129.004,0,911.833,0,24.886,2267,2329,1.380,1.830,1.900,1,0,1.991,0,0,28,305,1,8,1
27-07 14:08:52,21.333,5.271,72.533,0,0,6473144,5106476,399956,4267180,4403.209,2505.793,0,746.919,0,31.122,2629,2650,1.380,1.830,1.900,1,0,1.004,0,0,28,305,1,8,1
27-07 14:08:53,24.046,5.761,68.632,0.501,0,6465092,5105564,400084,4275148,15531.771,7700.760,0,1739.334,0,86.165,3202,3268,1.380,1.830,1.900,1,0,1.002,0,0,28,305,1,8,1
27-07 14:08:54,28.556,6.704,62.823,0,0,6473008,5088776,400132,4282764,2039.138,1343.865,0,1553.440,0,29.797,3574,3713,1.590,1.870,1.910,1,0,2.980,0,0,28,305,1,7,1
27-07 14:08:55,26.610,8.033,64.517,0.251,0,6473716,5075544,400168,4293904,1120.640,148.615,0,799.309,0,38.158,3059,2963,1.590,1.870,1.910,3,0,0,0,0,28,305,1,7,1
27-07 14:08:56,29.713,8.739,59.926,0,0,6477548,5066512,400200,4298380,16417.626,7418.793,0,659.182,0,19.975,3182,2737,1.590,1.870,1.910,3,0,5.993,0,0,28,305,1,7,1
27-07 14:08:57,23.155,6.224,69.215,0.249,0,6463248,5059580,400388,4317472,665.264,0,0,2637.154,0,118.513,2910,3019,1.590,1.870,1.910,1,0,1.992,0,0,28,305,1,7,1
27-07 14:08:58,24.629,5.278,69.111,0,0,6465136,5047384,400724,4325772,606.165,0,0,1463.643,0,44.231,2810,2684,1.590,1.870,1.910,1,0,0,0,0,28,305,1,7,1
27-07 14:08:59,23.885,4.478,68.918,0.249,0,6465004,5023820,400820,4347372,18719.817,9627.619,0,1401.249,0,50.755,2828,2843,1.540,1.850,1.910,2,0,0,0,0,28,305,1,7,1
27-07 14:09:00,25.017,4.753,69.296,0.250,0,6466896,5011848,401252,4355584,1287.851,148.098,0,1368.904,0,48.032,2898,2836,1.540,1.850,1.910,1,0,2.001,0,0,28,305,1,7,1
27-07 14:09:01,23.642,5.973,67.940,0,0,6425436,5069332,401332,4339112,1389.667,173.211,0,1740.071,0,299.635,3156,2489,1.540,1.850,1.910,1,0,1.991,0,0,28,304,1,7,1
27-07 14:09:02,22.486,7.832,69.733,0,0,6448100,5046652,401340,4339120,1163.226,0,0,448.716,0,8.085,2731,2505,1.540,1.850,1.910,2,0,18.191,0,0,28,304,1,7,1
27-07 14:09:03,13.782,5.414,77.523,0,0,6456904,5037832,401348,4339128,38487.073,17750.164,0,94.505,0,2.953,2390,2433,1.540,1.850,1.910,0,0,19.688,0,0,28,305,1,7,1
27-07 14:09:04,25.757,7.323,67.674,0,0,6450504,5037776,401416,4344944,56719.043,595445.913,0,1507.013,0,44.443,3481,3283,1.580,1.850,1.910,3,0,3.030,0,0,28,304,1,7,1
27-07 14:09:05,25.807,8.602,65.276,0,0,6451176,5036308,401436,4345548,16870.610,9297.558,0,651.750,0,13.156,4339,5810,1.580,1.850,1.910,1,0,6.072,0,0,28,304,1,7,1
27-07 14:09:06,21.762,11.006,64.786,0,0,6472880,5013632,401444,4346432,29851.606,14990.339,0,148.082,0,4.002,5243,9027,1.580,1.850,1.910,2,0,10.006,0,0,28,304,1,7,1
27-07 14:09:07,23.059,6.695,67.938,0,0,6475036,5011300,401460,4346556,15378.751,7557.467,0,1571.001,0,14.877,3274,3625,1.580,1.850,1.910,2,0,4.959,0,0,28,304,1,7,1
27-07 14:09:08,22.804,12.780,61.395,0,0,6476708,5009544,401476,4346616,15255.150,7638.100,0,292.694,0,22.052,6530,11966,1.580,1.850,1.910,3,0,8.019,0,0,28,304,1,7,1
27-07 14:09:09,17.499,11.249,69.744,0,0,6476596,5009556,401476,4346680,690.944,0,0,191.984,0,3.000,2638,2350,1.530,1.840,1.900,1,0,8.999,0,0,28,304,1,7,1
27-07 14:09:10,22.720,6.991,69.409,0,0,6434760,5059536,401504,4339260,15019.332,7757.841,0,267.650,0,10.986,2852,2813,1.530,1.840,1.900,1,0,0.999,0,0,28,304,1,7,1
27-07 14:09:11,22.264,7.004,69.795,0,0,6416660,5077604,401516,4339280,30872.735,17164.973,0,568.363,0,14.009,2960,2719,1.530,1.840,1.900,1,0,18.012,0,0,28,304,1,7,1
27-07 14:09:12,22.506,10.503,65.017,0,0,6431820,5062440,401516,4339284,30309.036,15148.016,0,16704.429,0,232.062,5100,6222,1.530,1.840,1.900,2,0,38.010,0,0,28,304,1,7,1
27-07 14:09:13,23.957,9.078,65.314,0,0,6429940,5064312,401516,4339292,60889.928,33573.990,0,0,0,0,5266,8748,1.530,1.840,1.900,1,0,4.035,0,0,28,304,1,7,1
27-07 14:09:14,22.622,7.377,66.883,0,0,6440036,5054236,401548,4339300,43543.888,21947.512,0,365.890,0,26.557,3405,3453,1.490,1.830,1.900,1,0,17.704,0,0,28,304,1,7,1
27-07 14:09:15,15.378,6.554,77.392,0,0,6463468,5030764,401580,4339308,35952.175,16972.766,0,588.884,0,38.318,2620,2671,1.490,1.830,1.900,2,0,19.159,0,0,28,305,1,7,1
27-07 14:09:16,24.463,6.490,67.647,0,0,6460648,5027440,401608,4344968,18893.249,9737.182,0,894.639,0,14.977,2897,2744,1.490,1.830,1.900,2,0,1.997,0,0,28,304,1,7,1
27-07 14:09:17,23.788,7.845,66.557,0,0,6451624,5035504,401620,4345716,15802.601,7385.547,0,842.212,0,8.098,5463,9034,1.490,1.830,1.900,2,0,6.074,0,0,28,304,1,7,1
27-07 14:09:18,20.695,9.855,65.534,0,0,6478544,5007596,401620,4346604,15201.824,7414.658,0,0,0,0,4991,7361,1.490,1.830,1.900,1,0,9.855,0,0,28,304,1,7,1
27-07 14:09:19,21.598,10.548,65.295,0,0,6470328,5015660,401620,4346716,15228.902,7395.460,0,88.400,0,1.005,5590,9367,1.450,1.810,1.890,2,0,5.023,0,0,28,304,1,7,1
27-07 14:09:20,18.509,11.505,68.782,0,0,6463044,5022784,401620,4346808,15166.119,7513.527,0,96.045,0,3.001,3722,4897,1.450,1.810,1.890,1,0,15.007,0,0,28,304,1,7,1
27-07 14:09:21,18.396,10.441,69.359,0,0,6412472,5081284,401644,4339444,664.259,0,0,588.684,0,12.927,2627,2417,1.450,1.810,1.890,3,0,1.989,0,0,28,304,1,7,1
27-07 14:09:22,23.616,6.712,67.864,0,0,6407888,5086120,401668,4339320,15398.523,7415.871,0,453.424,0,15.910,3039,2960,1.450,1.810,1.890,2,0,5.966,0,0,28,304,1,7,1
27-07 14:09:23,23.683,7.054,68.529,0,0,6409792,5084108,401756,4339340,16224.341,18904.043,0,1930.917,0,90.701,3332,3109,1.450,1.810,1.890,1,0,18.140,0,0,28,304,1,7,1
27-07 14:09:24,18.763,12.759,65.547,0,0,6398896,5095004,401804,4339328,58828.165,578886.912,0,368.264,0,27.019,4740,4414,1.410,1.800,1.890,2,0,96.069,0,0,28,304,1,7,1
27-07 14:09:25,23.406,9.711,63.495,0,0,6401408,5092488,401804,4339332,44860.156,23278.676,0,0,0,0,6754,11022,1.410,1.800,1.890,1,0,5.976,0,0,28,304,1,7,1
27-07 14:09:26,30.524,12.109,56.760,0,0,6425536,5068068,401820,4339608,49669.021,26685.633,0,262.356,0,14.127,5711,7881,1.410,1.800,1.890,3,0,7.063,0,0,28,304,1,7,1
27-07 14:09:27,25.505,14.610,57.200,0,0,6452008,5041696,401836,4339492,42122.941,21337.813,0,24258.725,0,379.352,4561,3563,1.410,1.800,1.890,5,0,34.667,0,0,28,304,1,7,1
27-07 14:09:28,16.856,8.554,73.716,0,0,6477656,5016028,401844,4339500,36671.672,17755.168,0,32742.852,0,125.795,2732,2462,1.410,1.800,1.890,3,0,2.013,0,0,28,305,1,8,1
27-07 14:09:29,33.001,13.500,52.001,0,0,6451096,5036064,401860,4345464,15262.387,7470.189,0,784.020,0,13.000,4186,13642,1.460,1.800,1.890,1,0,38.001,0,0,28,304,1,9,1
27-07 14:09:30,24.382,7.713,64.937,0,0,6451036,5035588,401860,4345896,29512.741,14800.657,0,0,0,0,5552,8785,1.460,1.800,1.890,1,0,7.962,0,0,28,304,1,9,1
27-07 14:09:31,21.012,9.873,68.099,0,0,6463408,5022260,401860,4346784,886.043,0,0,24.303,0,2.025,4971,7862,1.460,1.800,1.890,1,0,8.101,0,0,28,304,1,7,1
27-07 14:09:32,22.282,9.903,63.875,0,0,6464772,5020748,401860,4346896,15336.056,7225.356,0,95.070,0,2.971,5701,9999,1.460,1.800,1.890,3,0,4.952,0,0,28,304,1,7,1
27-07 14:09:33,19.226,16.979,61.175,0,0,6457536,5027968,401868,4346924,15081.492,7352.976,0,38732.467,0,101.875,4061,4719,1.460,1.800,1.890,1,0,10.987,0,0,28,304,1,7,1
27-07 14:09:34,19.050,11.280,68.932,0,0,6440132,5047680,401924,4344556,15439.697,7477.710,0,1387.658,0,30.079,3062,2876,1.420,1.790,1.880,1,0,7.018,0,0,28,304,1,7,1
27-07 14:09:35,21.260,7.503,69.282,0,0,6429120,5064264,401948,4339512,1006.464,148.068,0,800.369,0,15.007,2747,2600,1.420,1.790,1.880,1,0,6.003,0,0,28,304,1,7,1
27-07 14:09:36,22.217,6.990,68.898,1.248,0,6439068,5052136,402020,4341540,15973.333,9046.596,247.633,563.166,3.994,5.991,2795,2635,1.420,1.790,1.880,1,0,1.997,0,0,28,304,1,8,1
27-07 14:09:37,22.977,7.243,66.185,1.998,0,6442428,5047304,402060,4342760,44348.349,22094.253,391.615,1378.643,9.990,28.971,3555,3794,1.420,1.790,1.880,1,0,0,0,0,28,305,1,8,1
27-07 14:09:38,27.238,7.247,62.472,0,0,6442640,5046800,402164,4342948,31511.020,15937.929,0,623.723,0,72.968,5361,6275,1.420,1.790,1.880,1,0,0,0,0,28,306,1,9,1
27-07 14:09:39,23.359,8.114,64.421,0.492,0,6442696,5046560,402288,4343008,14851.277,7175.822,0,712.074,0,86.550,5111,6211,1.390,1.770,1.880,4,0,1.967,0,0,28,307,1,11,1
27-07 14:09:40,28.573,8.091,61.444,0,0,6442352,5046560,402532,4343108,15826.718,8087.323,0,1242.025,0,168.907,5921,7767,1.390,1.770,1.880,1,0,1.011,0,0,28,306,1,11,1
27-07 14:09:41,13.046,17.813,66.737,0.753,0,6368876,5119824,402592,4343260,15949.608,7321.987,128.456,1023.633,1.004,54.192,4176,3583,1.390,1.770,1.880,2,0,91.324,0,0,28,306,1,11,1
27-07 14:09:42,12.232,25.462,58.662,0,0,6357552,5131096,402616,4343288,72811.762,485775.204,0,247.628,0,10.984,5697,4856,1.390,1.770,1.880,1,0,150.774,0,0,28,306,1,11,1
27-07 14:09:43,8.042,25.381,64.333,0,0,6365428,5123064,402768,4343292,53014.350,153271.180,0,5870.379,0,614.178,5779,4402,1.390,1.770,1.880,2,0,125.650,0,0,28,306,1,11,1
27-07 14:09:44,15.198,17.191,65.776,0,0,6367424,5121052,402776,4343300,57730.384,32136.551,0,3308.731,0,110.623,4470,3783,1.360,1.760,1.870,1,0,67.769,0,0,28,308,1,12,1
27-07 14:09:45,12.543,9.533,76.010,0,0,6358268,5132128,402800,4341480,128271.387,45648.009,0,517.770,0,23.079,3137,2983,1.360,1.760,1.870,1,0,27.093,0,0,28,306,1,13,1
27-07 14:09:46,21.268,11.010,66.808,0,0,6355176,5135180,402812,4341524,47717.215,24741.370,0,1325.145,0,17.015,3839,4131,1.360,1.760,1.870,0,0,16.014,0,0,28,307,1,15,1
27-07 14:09:47,3.269,2.012,93.538,0,0,6355172,5135180,402816,4341524,66349.351,24718.070,0,225.295,0,13.075,1705,2344,1.360,1.760,1.870,0,0,0,0,0,28,307,1,13,1
27-07 14:09:48,8.979,7.483,82.561,0,0,6344428,5145668,402824,4341804,89776.434,32067.573,0,690.419,0,12.970,2586,2759,1.360,1.760,1.870,0,0,13.968,0,0,28,306,1,13,1
27-07 14:09:49,12.201,12.699,71.961,0,0,6347980,5142084,402844,4341832,194160.494,509566.217,0,382.464,0,15.936,4369,3967,1.250,1.730,1.860,2,0,43.824,0,0,28,306,1,14,1
27-07 14:09:50,10.589,24.203,64.038,0.252,0,6355228,5134780,402884,4341848,45736.463,23428.945,0,310.611,0,33.280,5563,4273,1.250,1.730,1.860,2,0,229.933,0,0,28,306,1,14,1
27-07 14:09:51,14.891,12.906,66.515,4.219,0,6372796,5115908,403112,4342744,30483.532,15004.498,1119.828,27.797,102.254,2.978,3755,3482,1.250,1.730,1.860,0,1,69.493,0,0,28,306,0,14,1
27-07 14:09:52,12.958,7.476,67.780,8.473,0,6376708,5107004,403456,4346296,29678.853,14610.667,3839.561,135.561,622.982,11.961,3967,4243,1.250,1.730,1.860,2,0,1.994,0,0,28,306,0,14,1
27-07 14:09:53,12.944,6.721,68.205,9.957,0,6389908,5086996,404056,4350964,14981.222,8009.368,5193.543,573.520,273.816,38.832,3276,3479,1.250,1.730,1.860,1,0,0.996,0,0,28,306,1,14,1
27-07 14:09:54,22.519,8.257,67.055,0.751,0,6397556,5077084,404108,4351600,15862.094,7368.082,648.535,288.238,48.040,25.021,4017,4291,1.230,1.720,1.860,2,0,1.001,0,0,28,306,1,14,1
27-07 14:09:55,22.618,7.539,69.109,0,0,6398032,5076608,404108,4351600,30462.405,15715.722,0,0,0,0,2889,2772,1.230,1.720,1.860,3,0,2.010,0,0,28,307,1,14,1
27-07 14:09:56,44.781,16.082,37.606,0,0,6268600,5205952,404156,4351628,44863.150,22999.131,0,324.600,0,32.658,4666,3958,1.230,1.720,1.860,10,0,9.896,0,0,28,296,0,18,1
27-07 14:09:57,74.896,11.209,15.030,0,0,5919748,5554672,404156,4351760,45522.210,22866.061,0,0,0,0,4690,2783,1.230,1.720,1.860,2,0,3.057,0,0,28,280,0,20,1
27-07 14:09:58,52.427,11.815,33.229,0,0,5966612,5507800,404156,4351760,29651.711,14626.484,0,3.938,0,0.985,4084,2825,1.230,1.720,1.860,5,0,6.892,0,0,28,280,0,21,1
27-07 14:09:59,87.303,12.508,0,0,0,6060036,5414308,404216,4351768,18245.176,9892.059,0,1152.706,0,70.043,5503,3360,1.450,1.760,1.870,6,0,1.001,0,0,28,276,0,22,1
27-07 14:10:00,84.442,15.535,0,0,0,6068320,5405992,404228,4351788,16974.556,9081.628,0,248.565,0,24.055,5547,4030,1.450,1.760,1.870,5,0,6.014,0,0,28,272,0,21,1
27-07 14:10:01,84.763,14.294,1.003,0,0,6140416,5333668,404324,4351920,47476.577,23713.712,0,2925.092,0,132.412,5732,3879,1.450,1.760,1.870,6,0,2.006,0,0,28,276,0,22,1
27-07 14:10:02,86.080,12.368,1.237,0,0,6215376,5257340,404356,4353256,29460.202,15033.361,0,296.828,0,24.736,8231,9732,1.450,1.760,1.870,5,0,1.979,0,0,28,276,1,27,1
27-07 14:10:03,66.357,14.634,19.428,0,0,6276560,5195880,404380,4353508,40039.408,446401.097,0,359.288,0,13.120,5319,4391,1.450,1.760,1.870,4,0,5.046,0,0,28,282,1,27,1
27-07 14:10:04,69.429,15.457,14.950,0,0,6311356,5159680,404428,4354864,17169.617,134184.513,0,10224.740,0,835.169,9401,8712,1.740,1.810,1.890,1,0,3.041,0,0,28,294,1,30,1
27-07 14:10:05,14.851,2.228,80.690,0,0,6319632,5151364,404436,4354896,15288.456,7443.247,0,122.767,0,9.901,2616,3217,1.740,1.810,1.890,1,0,0,0,0,28,292,1,33,1
27-07 14:10:06,3.241,2.244,92.742,0.249,0,6319600,5151364,404452,4354912,14933.405,7349.529,0,263.267,0,26.925,1891,2751,1.740,1.810,1.890,0,0,0,0,0,28,292,1,34,1
27-07 14:10:07,3.288,2.276,94.345,0.253,0,6319584,5151364,404468,4354912,15929.837,7590.069,0,84.986,0,12.141,1845,2656,1.740,1.810,1.890,0,0,2.023,0,0,28,292,1,34,1
27-07 14:10:08,3.726,3.975,90.177,0,0,6319524,5151364,404480,4354960,622.045,0,0,87.444,0,12.918,1890,2684,1.740,1.810,1.890,0,0,0,0,0,28,292,1,33,1
27-07 14:10:09,2.732,3.229,92.387,0,0,6316228,5154648,404492,4354960,14698.464,7452.546,0,5157.774,0,417.231,2277,2386,1.600,1.780,1.880,1,0,0,0,0,28,292,1,33,1
27-07 14:10:10,2.766,2.514,93.778,0,0,6316196,5154648,404516,4354968,1334.513,148.838,0,345.948,0,21.119,1809,2633,1.600,1.780,1.880,0,0,2.011,0,0,28,292,1,33,1
27-07 14:10:11,7.004,2.502,89.807,0,0,6316412,5154396,404544,4354976,16316.363,8816.599,0,792.503,0,41.026,2054,2673,1.600,1.780,1.880,0,0,0,0,0,28,292,1,33,1
27-07 14:10:12,2.016,1.512,95.738,0,0,6316388,5154396,404560,4354984,766.912,0,0,225.740,0,14.109,1451,2658,1.600,1.780,1.880,0,0,0,0,0,28,292,1,33,1
27-07 14:10:13,2.730,1.985,93.562,0,0,6316388,5154396,404560,4354984,14807.062,7476.990,0,59.562,0,2.978,1617,2347,1.600,1.780,1.880,0,0,2.978,0,0,28,292,1,33,1
27-07 14:10:14,3.748,1.999,93.199,0,0,6316352,5154396,404592,4354988,1000.457,0,0,355.807,0,31.983,1894,2848,1.470,1.750,1.870,0,0,0,0,0,28,292,1,33,1
27-07 14:10:15,2.244,1.745,94.491,0,0,6316344,5154396,404596,4354992,1185.752,147.596,0,19.945,0,2.992,1604,2567,1.470,1.750,1.870,0,0,0,0,0,28,292,1,33,1
27-07 14:10:16,2.758,2.006,94.279,0,0,6316812,5153896,404612,4355008,15750.540,7642.582,0,116.344,0,13.039,1785,2824,1.470,1.750,1.870,0,0,2.006,0,0,28,292,1,33,1
27-07 14:10:17,2.493,1.994,94.225,0,0,6316792,5153896,404632,4355008,23840.407,658.079,0,526.463,0,30.910,1609,2355,1.470,1.750,1.870,1,0,0,0,0,28,292,1,33,1
27-07 14:10:18,2.257,2.006,95.028,0,0,6317040,5153644,404636,4355008,863.525,66.194,0,40.117,0,3.009,1560,2440,1.470,1.750,1.870,0,0,0,0,0,28,292,1,33,1
27-07 14:10:19,2.000,1.500,94.977,0,0,6317036,5153644,404636,4355012,15498.247,7654.146,0,0,0,0,1563,2389,1.350,1.720,1.860,3,0,1.000,0,0,28,292,1,33,1
27-07 14:10:20,3.001,2.251,94.044,0,0,6317276,5153404,404636,4355012,539.253,148.069,0,1792.841,0,119.056,1702,2267,1.350,1.720,1.860,0,0,1.000,0,0,28,292,1,33,1
27-07 14:10:21,2.750,2.000,94.016,0,0,6317500,5153180,404648,4355016,540.095,0,0,224.039,0,16.003,1581,2346,1.350,1.720,1.860,0,0,0,0,0,28,292,1,33,1
27-07 14:10:22,4.745,2.248,90.910,0,0,6317460,5153180,404668,4355036,1867.150,1425.587,0,95.905,0,11.988,2008,2962,1.350,1.720,1.860,1,0,0,0,0,28,292,1,33,1
27-07 14:10:23,2.248,2.498,94.425,0,0,6317428,5153180,404700,4355036,14964.038,7290.172,0,343.725,0,26.978,1843,2855,1.350,1.720,1.860,1,0,2.998,0,0,28,292,1,33,1
27-07 14:10:24,2.503,1.752,93.597,0,0,6317404,5153180,404736,4355024,539.559,0,0,148.153,0,21.022,1708,2638,1.240,1.690,1.850,0,0,0,0,0,28,292,1,33,1
27-07 14:10:25,2.270,1.514,95.857,0,0,6317372,5153180,404752,4355040,665.951,149.334,0,145.298,0,12.108,1579,2549,1.240,1.690,1.850,0,0,0,0,0,28,292,1,33,1
27-07 14:10:26,5.916,4.683,86.762,0,0,6346560,5123324,404768,4355692,639.872,0,0,307.612,0,25.634,2091,2820,1.240,1.690,1.850,3,0,4.930,0,0,28,292,1,33,1
27-07 14:10:27,5.029,3.269,90.529,0,0,6354848,5115004,404796,4355696,15124.394,7664.797,0,679.974,0,37.218,2024,2923,1.240,1.690,1.850,1,0,1.006,0,0,28,292,1,33,1
27-07 14:10:28,7.749,4.249,86.737,0,0,6373708,5096760,404820,4355056,598.908,0,0,115.982,0,13.998,2243,2977,1.240,1.690,1.850,0,0,0,0,0,28,292,1,33,1
27-07 14:10:29,7.545,6.288,85.008,0,0,6353224,5117220,404840,4357220,543.249,0,0,253.516,0,13.078,2286,4899,1.140,1.660,1.840,1,0,36.217,0,0,28,292,1,33,1
27-07 14:10:30,5.718,5.221,87.263,0,0,6322900,5147540,404840,4355064,956.663,188.946,0,1372.343,0,292.369,2685,6894,1.140,1.660,1.840,0,0,2.983,0,0,28,292,1,34,1
27-07 14:10:31,2.499,1.499,94.447,0,0,6323140,5147300,404840,4355064,299.832,0,0,3.998,0,0.999,1463,2229,1.140,1.660,1.840,0,0,0,0,0,28,292,1,34,1
27-07 14:10:32,2.500,2.250,94.268,0,0,6323372,5147048,404860,4355064,1013.194,0,0,184.035,0,16.003,1564,2317,1.140,1.660,1.840,0,0,0,0,0,28,292,1,33,1
27-07 14:10:33,10.242,12.990,75.440,0,0,6327868,5142544,404860,4355072,114184.483,38408.216,0,51.958,0,5.995,3978,3844,1.140,1.660,1.840,2,0,105.915,0,0,28,292,1,33,1
27-07 14:10:34,11.249,22.997,62.992,0,0,6333392,5137000,404892,4355060,46842.950,23990.901,0,883.886,0,29.996,5459,4445,1.130,1.650,1.830,2,0,208.973,0,0,28,292,1,33,1
27-07 14:10:35,21.754,8.001,69.261,0,0,6375680,5094692,404896,4355076,30002.863,14742.389,0,24.004,0,4.001,2786,2849,1.130,1.650,1.830,3,0,0,0,0,28,292,1,33,1
27-07 14:10:36,24.260,5.252,69.278,0.250,0,6409416,5060924,404916,4355088,14981.064,7298.954,0,192.078,0,18.007,2959,3004,1.130,1.650,1.830,2,0,2.001,0,0,28,292,1,33,1
27-07 14:10:37,24.975,4.246,69.181,0,0,6417060,5053112,404944,4355236,14961.184,7288.782,0,487.517,0,34.965,3134,3091,1.130,1.650,1.830,1,0,0,0,0,28,295,1,33,1
27-07 14:10:38,27.021,2.502,69.304,0,0,6420800,5049332,404976,4355244,15166.721,7375.700,0,156.121,0,22.017,2937,2817,1.130,1.650,1.830,1,0,0,0,0,28,298,1,33,1
27-07 14:10:39,12.432,19.891,65.888,0,0,6384940,5085192,404976,4355244,15073.132,7256.108,0,3.978,0,0.995,4709,3495,1.120,1.640,1.830,3,0,179.016,0,0,28,298,1,33,1
27-07 14:10:40,14.530,16.283,66.888,0,0,6406948,5063184,404976,4355244,37079.237,17281.532,0,0,0,0,4038,3427,1.120,1.640,1.830,4,0,124.255,0,0,28,298,1,33,1
27-07 14:10:41,24.258,6.252,68.522,0,0,6445272,5024840,404992,4355248,49205.583,516855.689,0,304.096,0,18.006,2981,2918,1.120,1.640,1.830,4,0,1.000,0,0,28,298,1,29,1
27-07 14:10:42,25.069,4.262,69.189,0,0,6445204,5024884,404992,4355272,15076.264,7478.469,0,0,0,0,3113,3133,1.120,1.640,1.830,1,0,2.005,0,0,28,300,1,30,1
27-07 14:10:43,9.745,12.993,74.960,0,0,6402456,5067608,405008,4355280,129726.709,50762.886,0,163.912,0,8.995,3977,3412,1.120,1.640,1.830,3,0,104.944,0,0,28,300,1,30,1
27-07 14:10:44,11.974,25.195,59.621,0.748,0,6401808,5068044,405196,4355304,62429.537,37609.393,139.697,299.350,4.989,35.922,5709,4715,1.110,1.630,1.820,2,0,200.565,0,0,28,300,1,30,1
27-07 14:10:45,7.738,24.462,65.647,0,0,6394496,5075324,405220,4355312,52545.706,32856.542,0,2124.672,0,373.415,6057,4310,1.110,1.630,1.820,1,0,198.689,0,0,28,300,1,28,1
27-07 14:10:46,6.774,22.830,67.737,0,0,6386512,5083296,405220,4355324,54592.711,35592.336,0,0,0,0,5088,3902,1.110,1.630,1.820,1,0,185.649,0,0,28,300,1,28,1
27-07 14:10:47,7.242,23.224,67.175,0,0,6383896,5085892,405236,4355328,60790.207,38131.476,0,131.853,0,10.988,5172,4056,1.110,1.630,1.820,1,0,176.803,0,0,28,300,1,28,1
27-07 14:10:48,21.198,28.181,47.135,0,0,6380236,5089420,405324,4355372,46773.699,30782.776,0,2302.374,0,109.732,6650,6243,1.110,1.630,1.820,2,0,181.556,0,0,28,301,1,31,1
27-07 14:10:49,11.804,25.617,60.526,0,0,6377712,5091892,405348,4355400,74263.397,571680.985,0,136.623,0,12.055,6159,4997,1.180,1.640,1.820,1,0,204.934,0,0,28,300,1,29,1
27-07 14:10:50,7.504,24.763,65.534,0,0,6380260,5089328,405352,4355412,45832.687,28434.695,0,156.081,0,10.005,5298,4095,1.180,1.640,1.820,4,0,205.106,0,0,28,300,1,29,1
27-07 14:10:51,6.991,25.218,65.667,0,0,6366712,5102852,405368,4355420,60763.506,38016.142,0,103.869,0,9.987,5325,4140,1.180,1.640,1.820,3,0,202.745,0,0,28,300,1,29,1
27-07 14:10:52,7.496,25.986,64.215,0,0,6369860,5099656,405408,4355428,61141.351,38284.930,0,191.894,0,17.990,5604,4491,1.180,1.640,1.820,1,0,225.876,0,0,28,300,1,29,1
27-07 14:10:53,7.505,24.265,66.291,0,0,6363216,5106272,405428,4355436,56071.720,31067.237,0,120.074,0,15.009,5401,4406,1.180,1.640,1.820,1,0,198.123,0,0,28,300,1,28,1
27-07 14:10:54,9.256,22.764,65.039,0,0,6361596,5107812,405488,4355456,58040.044,35667.535,0,484.292,0,49.030,5530,4747,1.170,1.630,1.820,1,0,175.106,0,0,28,300,1,28,1
27-07 14:10:55,23.962,8.237,66.396,0,0,6398220,5071172,405496,4355464,46442.187,25089.664,0,371.418,0,62.901,3169,3154,1.170,1.630,1.820,3,0,1.997,0,0,28,300,1,28,1
27-07 14:10:56,22.685,6.731,69.051,0,0,6427860,5041392,405504,4355596,40312.912,18211.557,0,119.655,0,7.977,2805,2644,1.170,1.630,1.820,3,0,2.991,0,0,28,300,1,28,1
27-07 14:10:57,28.304,14.027,57.110,0,0,6418664,5050560,405504,4355612,34422.143,20413.225,0,4.008,0,1.002,3459,2990,1.170,1.630,1.820,1,0,8.015,0,0,28,300,1,24,1
27-07 14:10:58,24.076,6.520,68.465,0,0,6428968,5040252,405504,4355616,53331.632,453661.951,0,4.013,0,1.003,2929,2758,1.170,1.630,1.820,1,0,2.006,0,0,28,300,1,25,1
27-07 14:10:59,24.232,6.245,68.949,0,0,6445268,5023924,405516,4355632,32561.793,133530.730,0,119.911,0,8.993,3126,2964,1.150,1.620,1.810,1,0,0,0,0,28,301,1,27,1
27-07 14:11:00,28.138,8.964,59.762,0.498,0,6445276,5023672,405764,4355628,14915.656,7641.597,0,1502.024,0,192.235,4902,5968,1.150,1.620,1.810,1,0,0.996,0,0,28,301,1,29,1
27-07 14:11:01,18.727,10.986,67.915,0,0,6399124,5069752,405780,4355684,44886.690,23955.947,0,2468.903,0,447.439,3870,3111,1.150,1.620,1.810,2,0,23.970,0,0,28,301,1,25,1
27-07 14:11:02,24.635,5.530,69.884,0,0,6444968,5023888,405800,4355684,29814.808,15390.558,0,217.193,0,13.072,2669,2576,1.150,1.620,1.810,2,0,0,0,0,28,302,1,25,1
27-07 14:11:03,24.696,5.238,67.602,0,0,6444836,5023888,405916,4355700,29587.030,15050.950,0,1883.863,0,99.781,3398,3430,1.150,1.620,1.810,2,0,0.998,0,0,28,301,1,25,1
27-07 14:11:04,21.498,9.749,67.744,0,0,6438496,5030196,405960,4355688,30116.491,16054.663,0,159.987,0,20.998,3392,3348,1.140,1.610,1.810,5,0,26.998,0,0,28,299,1,25,3
27-07 14:11:05,24.054,6.330,69.629,0,0,6442676,5025952,405996,4355716,30277.323,15129.040,0,437.525,0,28.358,3041,3049,1.140,1.610,1.810,2,0,0,0,0,28,299,1,13,3
27-07 14:11:06,26.506,5.501,66.764,0,0,6411520,5057076,405996,4355748,31436.749,16176.473,0,4.001,0,1.000,3160,2875,1.140,1.610,1.810,1,0,4.001,0,0,28,299,1,14,3
27-07 14:11:07,3.468,3.715,86.937,3.220,0,6404516,5060816,406024,4358968,98932.993,30821.821,3194.135,309.110,26.750,19.815,2370,3046,1.140,1.610,1.810,0,1,10.898,0,0,28,299,1,14,3
27-07 14:11:08,4.247,4.747,68.708,20.987,0,6383892,5063432,406064,4376828,60276.819,30219.360,17149.422,323.800,158.902,20.987,2947,3450,1.140,1.610,1.810,0,1,0,0,0,28,299,1,14,3
27-07 14:11:09,6.948,8.188,69.477,12.407,0,6378876,5054504,406076,4390660,29192.291,14482.997,12871.128,107.193,123.074,6.948,2572,2688,1.130,1.600,1.800,1,0,0,0,0,28,299,1,13,3
27-07 14:11:10,3.775,6.795,69.968,18.625,0,6367220,5043720,406104,4412976,30545.501,15713.200,21214.027,128.863,216.449,12.081,3245,3485,1.130,1.600,1.800,1,1,4.027,0,0,28,299,1,13,3
27-07 14:11:11,9.201,9.698,67.638,10.693,0,6356732,5044056,406136,4423048,42970.194,543698.290,9031.698,771.872,84.548,42.771,3275,3172,1.130,1.600,1.800,0,1,2.984,0,0,28,299,1,13,3
27-07 14:11:12,2.768,3.774,69.444,22.645,0,6347536,5039316,406136,4436920,60245.255,29941.469,12745.505,0,135.869,0,2464,2802,1.130,1.600,1.800,0,1,0,0,0,28,299,1,13,3
27-07 14:11:13,7.497,8.997,67.477,13.745,0,6348408,5022688,406176,4452572,29995.742,15408.731,14407.073,1639.439,168.942,311.893,3791,3320,1.130,1.600,1.800,0,1,6.998,0,0,28,299,1,13,3
27-07 14:11:14,6.999,7.998,68.736,14.747,0,6348984,5005816,406224,4468752,44887.891,22015.533,15336.888,519.895,175.964,42.991,3216,3316,1.280,1.620,1.810,4,0,0,0,0,28,299,1,14,1
27-07 14:11:15,2.751,5.501,69.765,20.504,0,6348608,4989436,406232,4485436,44685.616,22714.888,16219.490,84.018,163.035,6.001,2887,3251,1.280,1.620,1.810,0,1,2.000,0,0,28,299,1,14,1
27-07 14:11:16,6.747,8.496,69.214,13.993,0,6349872,4975828,406256,4497708,30103.442,15312.086,11665.971,147.924,125.935,11.994,2880,2890,1.280,1.620,1.810,1,0,3.998,0,0,28,299,1,14,1
27-07 14:11:17,5.975,5.477,65.727,20.415,0,6341832,4969288,406268,4512212,60311.337,30944.391,13579.561,258.924,141.412,15.934,3014,3309,1.280,1.620,1.810,0,1,1.992,0,0,28,299,1,14,1
27-07 14:11:18,2.761,3.515,70.291,22.594,0,6341764,4954168,406272,4527348,29921.961,15110.600,13612.394,44.183,145.603,3.012,2519,2921,1.280,1.620,1.810,0,1,0,0,0,28,299,1,14,1
27-07 14:11:19,3.253,3.753,70.310,21.518,0,6340744,4938316,406272,4544140,29839.421,14766.580,15485.193,0,165.141,0,2619,2942,1.260,1.610,1.810,0,1,2.002,0,0,28,299,1,14,1
27-07 14:11:20,11.722,14.714,70.080,2.245,0,6340872,4935040,406284,4547276,18914.069,7623.487,1428.531,123.700,13.966,13.966,2697,2786,1.260,1.610,1.810,3,0,0,0,0,28,299,1,14,1
27-07 14:11:21,13.998,14.748,70.242,0,0,6341292,4932280,406300,4549584,26053.038,14524.349,0,403.954,0,18.998,2576,2383,1.260,1.610,1.810,2,0,0,0,0,28,299,1,14,1
27-07 14:11:22,4.008,5.261,69.646,19.290,0,6342672,4919944,406312,4560480,15678.805,5996.547,10501.973,100.210,109.229,10.021,2547,3000,1.260,1.610,1.810,1,1,4.008,0,0,28,299,1,14,1
27-07 14:11:23,3.999,5.249,68.737,20.996,0,6342316,4909108,406356,4571596,44477.749,24261.499,10758.004,363.932,115.978,31.994,2832,3337,1.260,1.610,1.810,1,1,2.999,0,0,28,299,1,14,1
27-07 14:11:24,4.500,4.750,66.994,21.498,0,6342320,4902304,406380,4578340,57833.945,612372.477,6735.411,275.976,67.994,27.998,3165,3602,1.240,1.600,1.800,3,0,3.000,0,0,28,299,1,14,1
27-07 14:11:25,2.000,2.750,69.507,23.002,0,6342440,4890964,406388,4589504,29654.893,14741.438,11001.073,112.011,111.011,10.001,2553,3141,1.240,1.600,1.800,0,1,2.000,0,0,28,299,1,14,1
27-07 14:11:26,2.748,4.997,69.455,21.236,0,6342632,4879624,406392,4600600,45157.857,22211.665,10996.903,399.742,115.925,64.958,2580,2822,1.240,1.600,1.800,2,1,1.999,0,0,28,299,1,14,1
27-07 14:11:27,10.014,9.764,59.334,19.528,0,6382540,4828720,406432,4611492,44498.937,22648.032,9954.078,1794.538,95.135,303.429,3403,3199,1.240,1.600,1.800,1,0,6.008,0,0,28,299,1,14,1
27-07 14:11:28,7.498,6.999,64.737,18.496,0,6379800,4817520,406432,4625368,46115.432,24383.941,13585.181,3.999,155.968,1.000,3513,3733,1.240,1.600,1.800,0,1,3.999,0,0,28,299,1,15,1
