"pcp-dstat 6.2.0 CSV Output"
"Author:","PCP team <pcp@groups.io> and Dag Wieers <dag@wieers.com>",,,,"URL:","https://pcp.io/ and http://dag.wieers.com/home-made/dstat/"
"Host:","ubuntu",,,,"User:","stack"
"Cmdline:","dstat -tcmndrylpg --tcp --output /opt/stack/logs/dstat-csv.log",,,,"Date:","04 Aug 2026 19:43:46 UTC"
"system","total usage",,,,,"memory usage",,,,"net/total",,"dsk/total",,"io/total",,"system",,"load avg",,,"procs",,,"paging",,"tcp sockets",,,,
"time","total usage:usr","total usage:sys","total usage:idl","total usage:wai","total usage:stl","used","free","buf","cach","net/total:recv","net/total:send","dsk/total:read","dsk/total:writ","read","writ","int","csw","1m","5m","15m","run","blk","new","in","out","lis","act","syn","tim","clo"
04-08 19:43:46,,1256772,11420440,165168,3310184,,,,,,,1.540,1.270,0.910,3,0,,,,12,4,0,9,2
04-08 19:43:47,21.502,24.502,52.504,0,0,1264856,11411576,165204,3310888,660731.200,48609.693,0,848.064,0,9.001,5847,4333,1.540,1.270,0.910,2,0,156.012,0,0,12,4,0,9,2
04-08 19:43:48,19.499,24.248,53.746,0,0,1268400,11407648,165328,3311076,89484.366,42091.879,0,979.927,0,32.998,4534,2589,1.540,1.270,0.910,1,0,148.989,0,0,12,4,0,9,2
04-08 19:43:49,20.384,24.611,51.210,0,0,1261076,11406248,165412,3319392,194678.713,44915.454,0,7413.983,0,55.684,4656,2463,1.540,1.270,0.910,2,0,122.307,0,0,12,4,0,9,2
04-08 19:43:50,23.531,26.034,47.562,0.250,0,1266088,11388652,165612,3331156,318566.721,34812.320,0,1369.783,0,39.051,4731,2450,1.540,1.270,0.910,2,0,120.156,0,0,12,4,0,9,2
04-08 19:43:51,27.391,25.435,42.310,0,0,1268128,11379088,165928,3337416,61219.377,32518.270,0,1029.127,0,45.000,4471,2456,1.580,1.280,0.920,2,0,113.478,0,0,12,4,0,9,2
04-08 19:43:53,26.900,26.153,43.838,0,0,1280968,11356428,166368,3345232,61686.593,31986.563,0,298.893,0,14.945,4463,2251,1.580,1.280,0.920,2,0,102.620,0,0,12,4,0,9,2
04-08 19:43:53,40.800,24.634,35.155,0,0,1261360,11361372,166644,3358208,61156.828,593596.796,0,3465.174,0,424.935,6360,5732,1.580,1.280,0.920,3,0,85.192,0,0,12,4,0,9,2
04-08 19:43:54,27.852,29.095,39.540,0,0,1266700,11350792,166784,3362572,46410.514,24134.820,0,11264.176,0,100.466,4676,2345,1.580,1.280,0.920,3,0,116.382,0,0,12,4,0,9,2
04-08 19:43:55,34.721,27.087,34.967,0.246,0,1280012,11317112,167428,3381048,60340.400,32058.423,0,2060.596,0,91.604,5051,4654,1.580,1.280,0.920,2,0,90.619,0,0,12,4,0,9,2
04-08 19:43:56,40.684,22.214,34.944,0,0,1288176,11302024,167776,3386420,46081.672,24130.079,0,766.763,0,31.948,5133,5092,1.610,1.300,0.920,3,0,64.895,0,0,12,4,0,9,2
04-08 19:43:57,31.148,25.021,42.892,0,0,1413608,11167648,168168,3517936,47613.548,25176.775,0,1315.365,0,38.807,5460,4435,1.610,1.300,0.920,2,0,54.126,0,0,13,6,0,9,2
04-08 19:43:58,35.922,15.716,46.649,0.249,0,1426384,11131992,168792,3538376,61867.758,34575.976,0,1552.631,0,50.890,3687,2192,1.610,1.300,0.920,2,0,41.909,0,0,13,6,0,9,2
04-08 19:43:59,40.105,11.530,46.872,0,0,1435412,11114436,169260,3545296,61883.497,33917.515,0,1339.496,0,46.120,3381,2032,1.610,1.300,0.920,2,0,22.058,0,0,13,6,0,9,2
04-08 19:44:01,30.685,19.726,43.592,0.974,0,1382796,11182712,169360,3529744,60447.739,32868.148,903.993,9862.100,11.690,343.868,4666,2205,1.610,1.300,0.920,2,0,77.930,0,0,13,4,0,9,0
04-08 19:44:02,29.343,24.076,44.140,0,0,1394580,11170876,169408,3529756,57194.767,457171.915,0,674.131,0,17.054,4902,3068,1.640,1.310,0.930,2,0,111.352,0,0,13,4,0,11,0
04-08 19:44:02,33.491,12.087,49.103,4.029,0,1429844,11134868,169472,3530436,64249.799,158650.307,652.691,596.286,33.239,13.094,3266,1928,1.640,1.310,0.930,2,0,29.210,0,0,13,5,0,11,0
04-08 19:44:03,29.939,8.732,53.391,5.489,0,1458388,11095972,169716,3539216,52460.470,26430.824,3596.628,1764.383,197.595,26.945,3232,2153,1.640,1.310,0.930,2,0,0.998,0,0,13,4,0,11,0
04-08 19:44:04,41.342,9.521,47.355,0,0,1470588,11081384,169836,3541200,30753.445,15599.719,76.170,741.651,1.002,7.016,3028,1606,1.640,1.310,0.930,3,0,4.009,0,0,13,4,0,11,0
04-08 19:44:05,40.316,18.627,37.254,1.021,0,1495856,11055048,169876,3541908,32046.581,16051.869,114.314,27202.544,5.103,109.210,7750,12114,1.640,1.310,0.930,2,0,7.145,0,0,13,4,0,11,0
04-08 19:44:07,39.305,10.190,45.613,0,0,1519244,11030604,169876,3542792,15303.667,8153.092,0,93.167,0,1.941,2886,1382,1.670,1.320,0.940,2,0,6.793,0,0,13,4,0,11,0
04-08 19:44:07,39.729,18.979,37.452,0.506,0,1529596,11014980,172044,3545640,32397.683,17609.351,16.195,16612.328,1.012,967.669,10151,16276,1.670,1.320,0.940,1,1,22.269,0,0,13,6,0,11,0
04-08 19:44:08,33.195,22.045,36.235,4.308,0,1521260,11013776,177392,3549532,45794.249,23649.702,0,32207.300,0,2443.725,12455,17976,1.670,1.320,0.940,7,0,49.665,0,0,13,6,0,11,0
04-08 19:44:09,32.210,21.224,35.956,5.244,0,1523184,11009492,182856,3546372,31109.745,15641.766,0,40310.431,0,2414.031,12252,17355,1.670,1.320,0.940,2,0,32.959,0,0,13,6,0,11,0
04-08 19:44:10,41.553,12.266,44.056,1.001,0,1404336,11129404,183964,3545104,46301.939,28387.135,0,15275.445,0,574.732,5589,5401,1.670,1.320,0.940,3,0,40.051,0,0,13,4,0,11,0
04-08 19:44:11,32.948,18.720,47.674,0,0,1410772,11122940,184012,3545116,46102.908,24943.454,0,738.829,0,30.951,3872,2104,1.700,1.330,0.940,3,0,69.889,0,0,13,4,0,11,0
04-08 19:44:12,39.432,13.392,45.136,0.248,0,1434264,11098968,184528,3545112,45343.603,24148.402,0,6825.001,0,327.362,4184,2759,1.700,1.330,0.940,3,0,41.664,0,0,13,4,0,11,0
04-08 19:44:13,22.381,7.041,68.653,0,0,1454832,11078364,184560,3545116,58973.905,462083.296,0,285.676,0,16.094,2498,1880,1.700,1.330,0.940,4,0,8.047,0,0,13,4,0,11,0
04-08 19:44:14,24.178,2.991,70.790,0,0,1454112,11079060,184572,3545128,40074.204,141698.946,0,39.882,0,3.988,1941,1381,1.700,1.330,0.940,3,0,3.988,0,0,13,4,0,11,0
04-08 19:44:15,21.067,5.768,71.979,0,0,1417536,11115636,184572,3545128,50207.636,29308.186,0,4.013,0,1.003,2008,1400,1.700,1.330,0.940,1,0,10.032,0,0,13,4,0,11,0
04-08 19:44:16,21.903,5.168,70.385,0,0,1416256,11116912,184572,3545132,44878.030,23963.366,0,0,0,0,1942,1453,1.640,1.330,0.940,1,0,0,0,0,13,4,0,11,0
04-08 19:44:17,21.333,5.654,72.994,0,0,1438436,11094732,184572,3545132,31835.805,16736.262,0,0,0,0,1879,1428,1.640,1.330,0.940,1,0,2.056,0,0,13,4,0,11,0
04-08 19:44:18,23.715,2.223,71.639,0,0,1442472,11090684,184576,3545140,45225.527,24895.828,0,0,0,0,1793,1276,1.640,1.330,0.940,1,0,0,0,0,13,4,0,10,0
04-08 19:44:19,10.679,18.378,68.295,0,0,1386364,11146752,184608,3545116,46114.744,25407.712,0,178.809,0,11.921,3691,2647,1.640,1.330,0.940,1,0,96.358,0,0,13,4,0,10,0
04-08 19:44:20,6.508,21.777,68.584,0,0,1371828,11161248,184640,3545124,62819.560,35320.046,0,388.473,0,22.027,4250,2756,1.640,1.330,0.940,1,0,133.162,0,0,13,4,0,10,0
04-08 19:44:21,7.320,23.981,67.903,0,0,1366544,11166496,184648,3545152,47075.929,24462.358,0,3287.631,0,26.253,4139,2672,1.590,1.320,0.940,1,0,128.234,0,0,13,4,0,10,0
04-08 19:44:22,16.330,28.700,51.215,0,0,1371196,11161824,184648,3548020,60933.913,31911.873,0,11.876,0,2.969,5182,9373,1.590,1.320,0.940,3,0,152.409,0,0,13,4,0,9,0
04-08 19:44:24,11.552,25.561,59.233,0,0,1344448,11188568,184648,3545176,56359.001,582264.273,0,15.730,0,3.932,4818,5613,1.590,1.320,0.940,1,0,119.940,0,0,13,4,0,10,0
04-08 19:44:25,12.061,23.369,61.312,0,0,1346196,11186804,184648,3545648,62659.546,32283.119,0,2440.406,0,479.437,5783,4694,1.590,1.320,0.940,2,0,114.583,0,0,13,4,0,10,0
04-08 19:44:25,18.683,20.703,58.574,0,0,1341952,11191060,184648,3545584,45808.643,23711.224,0,52.514,0,5.049,4510,4541,1.590,1.320,0.940,7,0,46.455,0,0,13,4,0,10,0
04-08 19:44:26,18.213,29.940,48.902,0.249,0,1312648,11220104,184656,3545464,45557.362,23262.208,327.342,51141.130,3.992,153.691,5274,4592,1.620,1.330,0.950,1,0,65.868,0,0,13,4,0,6,0
04-08 19:44:27,41.533,24.269,31.275,1.251,0,1375628,11155344,184660,3547692,47285.787,27241.769,1561.248,12.010,19.015,3.002,4724,2560,1.620,1.330,0.950,3,1,123.098,0,0,13,4,0,6,0
04-08 19:44:28,42.862,8.522,45.870,1.253,0,1441560,11088312,184660,3548792,45041.369,24373.513,1102.874,0,14.037,0,3015,1541,1.620,1.330,0.950,2,0,0,0,0,13,5,0,6,0
04-08 19:44:29,45.385,5.237,46.881,0.249,0,1476812,11052528,184696,3549284,29759.379,15267.205,19.949,0,3.990,0,2793,1269,1.620,1.330,0.950,3,0,1.995,0,0,13,5,0,6,0
04-08 19:44:30,43.138,8.778,47.402,0,0,1495356,11033376,184696,3549872,31009.174,15300.936,493.579,236.757,4.013,3.010,2788,1400,1.620,1.330,0.950,2,0,0,0,0,13,5,0,6,0
04-08 19:44:31,41.593,15.785,42.345,0,0,1501080,11026576,184744,3550868,15423.596,7799.495,0,14155.752,0,54.121,3129,1817,1.650,1.340,0.950,3,0,0,0,0,13,5,0,6,0
04-08 19:44:32,47.225,10.299,41.447,0,0,1536188,10989252,184804,3552764,15172.214,7656.442,0,29371.798,0,337.607,4091,2958,1.650,1.340,0.950,3,0,3.014,0,0,13,6,0,6,0
04-08 19:44:33,16.889,24.704,57.222,0.504,0,1544312,10980956,184936,3552776,47402.699,26574.026,133.097,8.066,5.042,2.017,4364,2645,1.650,1.340,0.950,3,0,129.064,0,0,13,6,0,6,0
04-08 19:44:34,29.374,6.970,60.491,0.747,0,1578232,10946432,184936,3553376,45768.796,24313.770,589.473,0,9.957,0,2616,1743,1.650,1.340,0.950,1,0,11.949,0,0,14,8,0,3,0
04-08 19:44:35,23.135,6.538,70.662,0,0,1621044,10903620,184936,3553376,56333.425,464507.085,0,0,0,0,2324,1633,1.650,1.340,0.950,1,0,3.018,0,0,14,8,0,3,0
04-08 19:44:36,22.272,4.702,70.775,0,0,1638384,10886232,184948,3553380,34275.063,140460.844,0,1381.851,0,3.959,1941,1420,1.680,1.350,0.960,2,0,0,0,0,14,8,0,3,0
04-08 19:44:37,25.538,3.540,71.809,0,0,1647252,10877160,184948,3553584,17063.145,8486.566,0,1298.624,0,6.068,1865,1237,1.680,1.350,0.960,2,0,0,0,0,14,8,0,3,0
04-08 19:44:38,24.267,3.502,70.549,0.500,0,1661052,10863048,185020,3553824,47517.162,34775.269,208.145,420.293,15.010,25.017,2389,2055,1.680,1.350,0.960,2,0,4.003,0,0,14,14,0,3,0
04-08 19:44:39,30.920,4.700,61.839,0.247,0,1667200,10856256,185596,3553868,60853.877,33650.500,0,1733.481,0,225.590,4659,5396,1.680,1.350,0.960,2,0,0,0,0,14,14,0,3,0
04-08 19:44:40,22.475,13.485,61.931,0,0,1637664,10885324,186052,3553868,45586.842,25690.170,0,5441.893,0,278.687,4260,3865,1.680,1.350,0.960,2,0,41.953,0,0,14,14,0,5,0
04-08 19:44:41,17.740,6.497,71.712,2.998,0,1637608,10885228,186092,3553948,44427.157,23111.597,95.949,495.734,12.993,13.992,1888,1491,1.630,1.350,0.960,2,0,1.999,0,0,14,14,0,5,0
04-08 19:44:42,22.531,4.050,72.908,1.013,0,1637048,10885228,186212,3554296,16074.134,7782.902,368.589,2341.149,13.164,76.958,1860,1320,1.630,1.350,0.960,1,0,0,0,0,14,14,0,5,0
04-08 19:44:43,22.417,5.231,71.484,0,0,1636760,10885228,186244,3554516,29847.841,15235.261,0,534.011,0,11.955,2567,2428,1.630,1.350,0.960,1,0,0,0,0,14,14,0,5,0
04-08 19:44:44,12.175,3.230,72.054,10.684,0,1638024,10883240,186288,3554908,14887.880,7573.141,425.368,3.975,105.348,0.994,1589,1300,1.630,1.350,0.960,1,0,2.982,0,0,14,14,0,5,0
04-08 19:44:45,23.026,5.006,71.081,0.250,0,1639196,10882008,186288,3554932,15176.206,7790.833,16.018,8.009,4.005,2.002,3290,3635,1.630,1.350,0.960,2,0,0,0,0,14,21,0,5,0
04-08 19:44:46,17.952,9.475,70.812,0,0,1583736,10937444,186288,3554940,363.035,0,0,0,0,0,2680,1903,1.580,1.340,0.960,1,0,42.886,0,0,14,20,0,5,0
04-08 19:44:47,20.335,6.527,72.804,0,0,1616640,10904540,186288,3554940,44970.910,23391.742,0,8.034,0,1.004,1951,1443,1.580,1.340,0.960,1,0,2.008,0,0,14,20,0,5,0
04-08 19:44:48,22.983,4.996,71.448,0,0,1640768,10880376,186300,3554944,30265.802,15640.529,0,1259.077,0,4.996,2421,2107,1.580,1.340,0.960,1,0,0,0,0,14,20,0,5,0
04-08 19:44:49,22.428,5.483,71.273,0.249,0,1640724,10880376,186340,3554948,30081.090,15065.964,0,175.441,0,15.949,2793,2847,1.580,1.340,0.960,1,0,0,0,0,14,21,0,5,0
04-08 19:44:50,16.784,11.524,69.643,0,0,1602000,10919080,186356,3554952,15404.580,7797.986,0,124.255,0,8.016,3078,2406,1.580,1.340,0.960,1,0,51.105,0,0,14,20,0,5,0
04-08 19:44:51,26.286,25.535,47.815,0,0,1630528,10890524,186372,3554964,59817.123,587687.013,0,168.228,0,12.016,4486,2744,1.690,1.370,0.970,3,0,108.147,0,0,14,20,0,5,0
04-08 19:44:52,42.760,8.804,48.042,0,0,1695772,10825256,186396,3554964,30181.519,15170.243,0,249.517,0,15.092,2892,1464,1.690,1.370,0.970,3,0,0,0,0,14,20,0,5,0
04-08 19:44:53,43.277,8.655,46.491,0,0,1725196,10795812,186404,3554976,30103.716,15168.087,0,43.524,0,2.968,3946,3015,1.690,1.370,0.970,2,0,1.978,0,0,14,20,0,5,0
04-08 19:44:54,45.456,8.539,44.702,0,0,1725984,10794804,186436,3555164,29670.356,15146.588,0,184.837,0,13.059,6728,7727,1.690,1.370,0.970,2,0,1.005,0,0,14,22,0,5,0
04-08 19:44:55,36.789,19.521,40.794,0,0,1689892,10830800,186500,3555196,15583.691,7996.565,0,6603.072,0,796.853,6956,5316,1.690,1.370,0.970,3,0,102.109,0,0,14,21,0,6,0
04-08 19:44:56,44.611,46.115,9.273,0,0,1658480,10862200,186516,3555192,48745.805,23378.417,0,212.531,0,14.035,5186,3361,1.880,1.410,0.990,7,0,306.767,0,0,14,20,0,6,0
04-08 19:44:57,71.589,28.636,0,0,0,1799440,10721188,186532,3555212,58212.803,32254.818,0,172.819,0,13.062,5286,3302,1.880,1.410,0.990,7,0,172.819,0,0,14,20,0,6,0
04-08 19:44:58,81.987,17.143,0.248,0,0,1931124,10589460,186556,3555212,44120.103,22161.417,0,333.912,0,15.901,5348,3342,1.880,1.410,0.990,7,0,0,0,0,14,21,0,6,0
04-08 19:44:59,84.286,14.172,1.243,0,0,2001372,10519152,186556,3555252,29892.572,14577.813,0,0,0,0,6575,6756,1.880,1.410,0.990,6,0,1.989,0,0,14,22,0,6,0
04-08 19:45:00,83.167,15.578,1.256,0,0,2041640,10478592,186628,3555456,15055.428,7465.402,0,313.571,0,28.141,6843,7617,1.880,1.410,0.990,6,0,32.161,0,0,14,21,0,6,0
04-08 19:45:01,74.115,18.028,6.510,0,0,1958360,10561756,186716,3555500,60681.243,32007.711,0,488.759,0,39.061,6962,8873,2.130,1.470,1.010,4,0,91.142,0,0,14,20,0,7,0
04-08 19:45:02,39.020,19.010,41.271,0,0,1871176,10648864,186764,3555528,45354.781,23093.599,0,928.466,0,25.013,4793,4507,2.130,1.470,1.010,1,0,132.066,0,0,14,20,0,8,0
04-08 19:45:03,14.069,14.069,69.109,0,0,1729456,10790584,186780,3555528,53659.496,456437.935,0,1907.419,0,14.809,3175,2172,2.130,1.470,1.010,2,0,60.224,0,0,14,20,0,6,0
04-08 19:45:04,22.677,4.787,72.064,0,0,1751160,10768864,186796,3555528,48259.491,149578.014,0,173.356,0,9.071,2005,1389,2.130,1.470,1.010,1,0,1.008,0,0,14,20,0,6,0
04-08 19:45:05,23.012,6.503,70.035,0,0,1757164,10762760,186844,3555524,15346.761,7497.792,0,584.295,0,29.015,2535,2116,2.130,1.470,1.010,1,0,2.001,0,0,14,20,0,7,0
04-08 19:45:06,23.012,4.252,70.786,0,0,1746164,10773668,186876,3555584,30058.425,14665.526,0,96.049,0,13.007,3504,3722,2.040,1.470,1.010,1,0,0,0,0,14,20,0,7,0
04-08 19:45:07,15.214,14.715,68.839,0,0,1643328,10876472,186908,3555584,16121.189,8899.128,0,207.513,0,13.967,3086,2131,2.040,1.470,1.010,2,0,70.834,0,0,14,20,0,7,0
04-08 19:45:08,19.786,9.768,69.127,0,0,1643232,10876520,186924,3555568,44747.002,22954.065,0,3814.991,0,387.711,2825,1466,2.040,1.470,1.010,2,0,5.009,0,0,14,20,0,7,0
04-08 19:45:09,22.963,4.992,71.634,0,0,1684788,10834980,186948,3555592,29846.633,15215.343,0,331.463,0,17.971,2101,1647,2.040,1.470,1.010,1,0,0,0,0,14,21,0,7,0
04-08 19:45:10,22.620,4.775,71.882,0,0,1682856,10836908,186948,3555596,15247.085,7660.740,0,60.321,0,4.021,2971,2949,2.040,1.470,1.010,1,0,0,0,0,14,21,0,7,0
04-08 19:45:11,19.204,8.978,70.331,0.249,0,1631716,10887964,187012,3555612,25888.626,11396.542,0,335.192,0,24.940,3191,2850,1.950,1.460,1.010,2,0,39.904,0,0,14,20,0,7,0
04-08 19:45:12,5.985,25.435,66.331,0,0,1629684,10889980,187028,3555612,50068.062,29390.898,0,171.562,0,6.982,4599,2584,1.950,1.460,1.010,1,0,174.554,0,0,14,20,0,7,0
04-08 19:45:13,5.504,26.019,66.297,0,0,1624364,10895244,187092,3555604,61446.924,33551.984,0,952.681,0,38.027,4892,2993,1.950,1.460,1.010,1,0,180.129,0,0,14,20,0,7,0
04-08 19:45:14,6.493,30.718,60.936,0,0,1615624,10903964,187100,3555616,60690.069,32723.529,0,71.924,0,6.993,4765,2844,1.950,1.460,1.010,4,0,204.784,0,0,14,20,0,7,0
04-08 19:45:15,29.461,47.088,22.914,0,0,1638364,10881208,187100,3555632,50581.770,58926.618,0,28.202,0,7.051,5295,3268,1.950,1.460,1.010,8,0,275.979,0,0,14,20,0,7,0
04-08 19:45:16,67.742,32.115,0.251,0,0,1768036,10751492,187100,3555644,68091.203,550949.837,0,16.057,0,4.014,5347,3101,2.200,1.520,1.030,5,0,170.609,0,0,14,20,0,7,0
04-08 19:45:17,83.080,14.994,0.492,0,0,1903556,10615968,187100,3555648,43586.107,22298.909,0,0,0,0,5329,2892,2.200,1.520,1.030,5,0,1.966,0,0,14,21,0,7,0
04-08 19:45:18,84.140,14.863,1.763,0,0,1980764,10538616,187100,3555792,15155.310,7700.590,0,40.307,0,3.023,6091,6018,2.200,1.520,1.030,5,0,0,0,0,14,23,0,8,0
04-08 19:45:19,54.136,8.195,34.518,0,0,1980712,10538616,187108,3555832,29576.362,14852.251,0,99.333,0,1.987,6974,7702,2.200,1.520,1.030,3,0,0,0,0,14,24,0,9,0
04-08 19:45:20,74.598,9.829,13.861,0,0,1981132,10538140,187156,3555840,16021.432,7354.959,0,209.681,0,19.154,6119,5889,2.200,1.520,1.030,4,0,2.016,0,0,14,23,0,9,0
04-08 19:45:21,62.615,15.284,19.475,0,0,1934388,10584760,187228,3555892,15388.411,7324.434,0,347.092,0,33.526,6939,7418,2.260,1.540,1.040,6,0,29.582,0,0,14,23,0,9,0
04-08 19:45:22,80.858,19.264,1.521,0,0,1774028,10744852,187332,3556052,761.432,0,0,494.779,0,46.639,6010,6057,2.260,1.540,1.040,7,0,98.347,0,0,14,21,0,9,0
04-08 19:45:23,65.584,32.918,0.754,0,0,1800224,10718616,187380,3556220,45902.967,25280.856,0,341.742,0,26.133,6369,16484,2.260,1.540,1.040,6,0,191.979,0,0,14,20,0,9,0
04-08 19:45:24,78.891,21.221,0.250,0,0,1844312,10674468,187396,3556080,44657.140,23223.830,0,183.745,0,6.990,5328,3486,2.260,1.540,1.040,6,0,30.957,0,0,14,20,0,9,0
04-08 19:45:25,81.008,17.041,0.494,0,0,1978596,10540152,187412,3556096,15335.139,7272.904,0,146.209,0,6.915,5380,3993,2.260,1.540,1.040,6,0,0,0,0,14,21,0,9,0
04-08 19:45:26,83.976,15.085,1.509,0,0,2034948,10483744,187432,3556128,30962.424,15332.872,0,3733.151,0,508.883,7034,7253,2.560,1.620,1.070,6,0,2.011,0,0,14,20,0,10,0
04-08 19:45:28,78.637,16.658,2.205,0,0,2047760,10470892,187448,3556152,15468.785,7308.134,0,156.785,0,8.819,6141,6803,2.560,1.620,1.070,7,0,46.056,0,0,14,24,0,10,0
04-08 19:45:28,58.555,9.972,31.962,0,0,2047952,10470640,187464,3556188,16380.113,8174.203,0,196.377,0,9.205,7011,7387,2.560,1.620,1.070,2,0,3.068,0,0,14,25,0,10,0
04-08 19:45:29,68.052,16.887,14.871,0,0,1937096,10581444,187512,3556192,45857.837,23429.981,0,241.962,0,20.163,6960,7670,2.560,1.620,1.070,7,0,63.515,0,0,14,23,0,10,0
04-08 19:45:30,72.672,21.901,4.231,0,0,1852712,10665556,187560,3556416,60503.076,31945.895,0,270.779,0,20.906,6493,7173,2.560,1.620,1.070,4,0,93.578,0,0,14,21,0,10,0
04-08 19:45:31,54.782,22.909,21.166,0,0,1790792,10727464,187576,3556436,59406.576,584844.463,0,163.350,0,8.964,5175,3240,2.600,1.640,1.080,2,0,92.631,0,0,14,21,0,11,0
04-08 19:45:32,44.106,8.223,46.099,0,0,1795780,10722420,187616,3556444,45122.238,23172.118,0,613.989,0,16.945,4102,3559,2.600,1.640,1.080,3,0,1.993,0,0,14,21,0,12,0
04-08 19:45:33,42.892,12.718,43.141,0,0,1737620,10780320,187720,3556600,30606.606,15319.263,0,478.789,0,44.886,4964,3990,2.600,1.640,1.080,2,0,36.907,0,0,14,22,0,12,0
04-08 19:45:34,36.302,39.557,21.781,0,0,1729124,10788744,187752,3556640,61147.465,32452.420,0,292.418,0,22.032,6573,5949,2.600,1.640,1.080,8,0,254.364,0,0,14,25,0,12,0
04-08 19:45:35,75.353,22.758,1.770,0,0,1723304,10794548,187768,3556640,46253.426,24015.774,0,186.106,0,9.103,5480,4011,2.600,1.640,1.080,4,0,43.492,0,0,14,24,0,12,0
04-08 19:45:36,65.550,14.153,19.864,0,0,1827812,10689992,187784,3556668,59600.922,31094.579,0,357.546,0,46.680,4998,3079,2.630,1.660,1.090,3,0,47.673,0,0,14,25,0,12,0
04-08 19:45:37,63.032,10.834,23.391,0,0,1836304,10681464,187800,3556688,29711.552,15139.419,0,137.882,0,6.894,6122,5821,2.630,1.660,1.090,3,0,0,0,0,14,26,0,12,0
04-08 19:45:38,50.204,7.607,41.583,0,0,1836512,10681212,187856,3556668,30472.460,15016.650,0,409.748,0,59.839,6497,6988,2.630,1.660,1.090,4,0,2.028,0,0,14,26,0,12,0
04-08 19:45:39,55.256,21.157,21.157,0.249,0,1746732,10770868,187912,3556748,30938.543,16325.993,0,366.384,0,25.886,6925,6828,2.630,1.660,1.090,4,0,108.521,0,0,14,25,0,12,0
04-08 19:45:40,60.825,37.101,2.271,0,0,1711160,10806244,187984,3556872,45633.171,24025.004,0,419.968,0,31.296,5381,3396,2.630,1.660,1.090,4,0,150.421,0,0,14,24,0,12,0
04-08 19:45:41,83.880,15.977,0.250,0,0,1877992,10639180,188192,3556892,30118.798,15098.343,0,2504.408,0,127.817,5215,2509,2.740,1.700,1.110,4,0,1.997,0,0,14,26,0,12,0
04-08 19:45:42,78.436,12.570,8.799,0,0,1901528,10615572,188224,3556924,39431.991,448221.260,0,136.760,0,12.067,6170,6669,2.740,1.700,1.110,2,0,0,0,0,14,28,0,13,0
04-08 19:45:43,51.781,7.853,36.320,0,0,1901444,10615572,188272,3556960,18565.418,134849.348,0,227.736,0,18.651,7490,8563,2.740,1.700,1.110,4,0,0.982,0,0,14,27,0,13,0
04-08 19:45:44,48.925,29.759,18.914,0,0,1883588,10633360,188292,3557000,31348.351,16378.293,0,185.613,0,12.105,6930,7556,2.740,1.700,1.110,6,0,141.227,0,0,14,27,0,11,0
04-08 19:45:45,67.862,30.525,1.514,0,0,1774860,10741916,188340,3557124,61203.190,32055.210,0,286.586,0,21.191,5847,5045,2.740,1.700,1.110,5,0,135.220,0,0,14,24,0,11,0
04-08 19:45:46,62.157,19.471,18.472,0,0,1811280,10705472,188356,3557132,45266.459,23532.887,0,151.774,0,8.987,4116,1987,2.840,1.740,1.120,3,0,52.921,0,0,14,24,0,11,0
04-08 19:45:47,63.914,11.396,23.782,0,0,1849440,10667252,188380,3557164,44768.610,21980.507,0,261.602,0,11.891,5075,3997,2.840,1.740,1.120,3,0,1.982,0,0,14,26,0,11,0
04-08 19:45:48,60.450,9.611,28.075,0,0,1849536,10667000,188484,3557212,15766.648,7573.738,0,295.422,0,42.492,7280,7529,2.840,1.740,1.120,5,0,0,0,0,14,26,0,12,0
04-08 19:45:49,53.602,18.933,23.604,0,0,1784916,10731372,188556,3557368,30712.212,15380.202,0,428.812,0,31.472,7177,6929,2.840,1.740,1.120,6,0,81.632,0,0,14,25,0,12,0
04-08 19:45:50,60.218,37.350,3.557,0,0,1712544,10803728,188572,3557368,61318.594,32750.408,0,256.117,0,13.212,5746,4686,2.840,1.740,1.120,5,0,203.267,0,0,14,24,0,12,0
04-08 19:45:51,63.834,12.371,22.268,0,0,1802724,10713512,188588,3557388,45274.331,23443.250,0,209.810,0,10.886,3843,1593,2.850,1.760,1.130,3,0,17.814,0,0,14,24,0,12,0
04-08 19:45:52,61.574,12.414,24.580,0,0,1820548,10695672,188652,3557336,30343.173,14557.334,0,746.836,0,35.753,5427,4257,2.850,1.760,1.130,3,0,0,0,0,14,25,0,14,0
04-08 19:45:53,56.696,8.859,33.663,0,0,1821208,10694916,188652,3557432,30574.190,14923.129,0,0,0,0,6333,6306,2.850,1.760,1.130,3,0,2.025,0,0,14,27,0,14,0
04-08 19:45:54,57.354,12.166,28.305,0,0,1758860,10757160,188716,3557464,15660.838,7472.392,0,405.201,0,31.781,6896,7220,2.850,1.760,1.130,3,0,26.815,0,0,14,25,0,14,0
04-08 19:45:55,33.925,44.305,21.773,0,0,1653852,10862120,188732,3557464,31547.986,17300.606,0,222.789,0,13.165,5309,3601,2.850,1.760,1.130,3,0,264.309,0,0,14,24,0,14,0
04-08 19:45:56,63.253,15.251,21.251,0,0,1754416,10761508,188764,3557480,57450.662,581646.952,0,5300.246,0,629.029,5610,2415,2.870,1.780,1.140,4,0,3.000,0,0,14,24,0,13,0
04-08 19:45:57,60.865,11.428,25.837,0,0,1826148,10689724,188804,3557492,30106.784,14500.386,0,488.911,0,24.843,4987,3699,2.870,1.780,1.140,3,0,0,0,0,14,24,0,14,0
04-08 19:45:58,55.634,8.732,34.179,0,0,1826228,10689500,188804,3557636,15985.774,8111.141,0,0,0,0,6006,5762,2.870,1.780,1.140,3,0,0,0,0,14,27,0,14,0
04-08 19:45:59,55.614,10.179,31.035,0,0,1787320,10728312,188852,3557676,15233.323,7245.735,0,214.512,0,18.869,6810,7060,2.870,1.780,1.140,3,0,17.876,0,0,14,25,0,14,0
04-08 19:46:00,49.867,28.857,22.023,0,0,1726568,10789004,188916,3557672,60756.251,31655.947,0,332.112,0,27.338,5010,3221,2.870,1.780,1.140,3,0,97.204,0,0,14,24,0,14,0
04-08 19:46:01,62.179,12.684,23.877,0,0,1778360,10737172,188940,3557688,30145.227,14940.795,0,127.342,0,9.949,3834,1572,2.880,1.800,1.150,3,0,0,0,0,14,24,0,14,0
04-08 19:46:02,62.473,13.087,22.718,0,0,1823852,10691640,188964,3557704,29878.496,14863.194,0,316.070,0,17.779,4880,3765,2.880,1.800,1.150,3,0,1.975,0,0,14,26,0,15,0
04-08 19:46:03,59.301,9.046,29.902,0,0,1824772,10690632,189020,3557728,15417.284,7481.991,0,265.347,0,24.122,7199,7716,2.880,1.800,1.150,3,0,0,0,0,14,26,0,17,0
04-08 19:46:04,49.673,30.105,19.066,0,0,1732228,10783084,189068,3557768,31162.462,15997.680,0,790.752,0,24.084,6590,6325,2.880,1.800,1.150,4,0,156.545,0,0,14,25,0,15,0
04-08 19:46:05,60.139,39.166,1.011,0,0,1716320,10798876,189088,3557800,63252.295,33358.561,0,181.934,0,14.150,5393,3727,2.880,1.800,1.150,5,0,240.557,0,0,14,24,0,15,0
04-08 19:46:06,69.025,30.152,0,0,0,1843148,10671876,189104,3557956,61201.563,32338.618,0,175.428,0,12.958,5384,3777,3.210,1.890,1.180,8,0,190.380,0,0,14,25,0,15,0
04-08 19:46:07,73.396,27.054,0.250,0,0,1951960,10563040,189128,3557956,46257.867,25392.429,0,292.581,0,14.028,5641,4338,3.210,1.890,1.180,7,0,146.291,0,0,14,24,0,15,0
04-08 19:46:08,72.434,25.389,1.742,0,0,2008720,10506160,189136,3557996,71737.497,575307.842,0,51.774,0,3.983,7128,7004,3.210,1.890,1.180,7,0,148.354,0,0,14,26,0,14,0
04-08 19:46:09,74.420,23.303,1.503,0,0,2057528,10457284,189168,3558032,61318.845,35055.949,0,292.667,0,44.101,7538,8003,3.210,1.890,1.180,7,0,139.318,0,0,14,28,0,14,0
04-08 19:46:10,68.652,28.356,2.239,0,0,2062752,10452024,189168,3558068,45965.122,24044.183,0,39.798,0,0.995,6598,7739,3.210,1.890,1.180,7,0,144.269,0,0,14,27,0,14,0
04-08 19:46:11,70.882,26.519,1.239,0,0,2048340,10466212,189224,3558228,61504.847,34473.486,0,376.716,0,23.793,6939,8813,3.670,2.010,1.230,9,0,166.548,0,0,14,26,0,14,0
04-08 19:46:12,67.534,30.378,1.757,0,0,2036872,10477584,189272,3558272,61381.980,33699.635,0,321.351,0,21.089,7256,8159,3.670,2.010,1.230,6,0,140.591,0,0,14,26,0,14,0
04-08 19:46:13,70.189,30.153,1.014,0,0,1881688,10632684,189344,3558280,47035.260,26332.286,0,393.261,0,31.420,6436,6213,3.670,2.010,1.230,6,0,214.875,0,0,14,24,0,14,0
04-08 19:46:14,69.243,30.247,0.500,0,0,1864412,10649932,189360,3558292,61125.700,36444.244,0,167.983,0,9.999,5618,4511,3.670,2.010,1.230,7,0,186.981,0,0,14,25,0,15,0
04-08 19:46:15,83.066,15.466,0.998,0,0,1955308,10559000,189376,3558312,44891.483,22891.254,0,119.735,0,7.982,6477,6864,3.670,2.010,1.230,5,0,0,0,0,14,25,0,15,0
04-08 19:46:16,76.973,19.864,2.731,0,0,1945768,10568328,189392,3558504,29633.167,14945.700,0,166.858,0,7.946,6936,8149,3.700,2.040,1.240,6,0,85.415,0,0,14,26,0,15,0
04-08 19:46:17,66.861,23.030,7.924,0,0,1877628,10636436,189408,3558536,72085.498,568527.886,0,4310.827,0,537.863,7914,8164,3.700,2.040,1.240,6,0,110.940,0,0,14,27,0,15,0
04-08 19:46:18,54.432,21.572,21.823,0,0,1790520,10723520,189408,3558560,45965.656,24245.047,0,8.027,0,1.003,7014,7356,3.700,2.040,1.240,7,0,98.329,0,0,14,26,0,17,0
04-08 19:46:19,43.850,24.949,29.989,0,0,1693592,10820292,189408,3558716,61610.409,33019.365,0,8.064,0,2.016,6172,5541,3.700,2.040,1.240,3,0,133.061,0,0,14,24,0,17,0
04-08 19:46:20,14.473,33.188,51.155,0,0,1587376,10926508,189408,3558716,61737.587,33068.716,0,11.978,0,2.994,5019,2928,3.700,2.040,1.240,1,0,224.584,0,0,14,24,0,15,0
04-08 19:46:21,6.745,31.479,59.210,0,0,1584324,10929516,189448,3558732,45997.625,23452.003,0,303.793,0,20.986,4860,3105,3.560,2.040,1.250,3,0,192.868,0,0,14,24,0,15,0
04-08 19:46:22,24.506,42.261,32.258,0,0,1619160,10894668,189464,3558728,61265.619,32012.161,0,160.041,0,10.003,5302,3093,3.560,2.040,1.250,5,0,228.058,0,0,14,24,0,15,0
04-08 19:46:23,46.862,46.862,6.730,0,0,1716496,10797308,189488,3559564,61367.126,32550.062,0,374.895,0,19.941,5497,5964,3.560,2.040,1.250,8,0,298.121,0,0,14,25,0,15,0
04-08 19:46:24,59.633,38.408,1.769,0,0,1779856,10733900,189496,3558768,63077.799,32992.333,0,97.030,0,9.097,6215,12377,3.560,2.040,1.250,6,0,283.005,0,0,14,25,0,16,0
04-08 19:46:25,71.421,26.720,1.498,0,0,1859728,10653964,189544,3558776,57653.263,454323.731,0,399.558,0,23.973,6970,6704,3.560,2.040,1.250,5,0,160.822,0,0,14,24,0,15,0
04-08 19:46:26,77.198,20.736,1.999,0,0,1940296,10573364,189560,3558792,48508.165,144606.115,0,123.916,0,6.995,6482,5931,3.840,2.120,1.280,6,0,68.953,0,0,14,25,0,15,0
04-08 19:46:27,77.860,19.964,1.248,0,0,1952444,10561140,189656,3558768,30025.120,15086.927,0,355.362,0,38.930,6502,6733,3.840,2.120,1.280,5,0,66.880,0,0,14,24,0,15,0
04-08 19:46:28,75.417,22.899,1.245,0,0,1964000,10549488,189672,3558848,14973.933,7704.009,0,1788.111,0,314.612,6490,6054,3.840,2.120,1.280,6,0,66.706,0,0,14,26,0,15,0
04-08 19:46:29,81.907,16.331,1.759,0,0,1920352,10592860,189736,3559052,15602.544,8182.668,0,345.718,0,28.140,6381,6642,3.840,2.120,1.280,5,0,43.215,0,0,14,25,0,14,0
04-08 19:46:30,73.043,24.680,1.745,0,0,1909884,10603312,189752,3559068,15296.553,7472.775,0,187.468,0,7.977,6274,6879,3.840,2.120,1.280,5,0,92.737,0,0,14,26,0,14,0
04-08 19:46:31,82.186,16.188,0.996,0,0,1948376,10564756,189768,3559112,15438.094,7788.283,0,155.407,0,7.970,6624,7856,3.930,2.170,1.300,6,0,0,0,0,14,27,0,14,0
04-08 19:46:32,68.405,11.317,19.868,0,0,1975872,10537064,189784,3559292,15115.437,7538.606,0,116.690,0,8.048,7007,9765,3.930,2.170,1.300,2,0,2.012,0,0,14,29,0,14,0
04-08 19:46:33,68.686,12.150,17.357,0,0,1977772,10535076,189848,3559324,653.631,146.794,0,281.686,0,27.772,5980,7854,3.930,2.170,1.300,5,0,0,0,0,14,26,0,12,0
04-08 19:46:34,60.286,16.260,21.763,0,0,1954276,10558496,189880,3559364,15285.142,7594.542,0,828.495,0,16.010,7345,7691,3.930,2.170,1.300,4,0,31.019,0,0,14,28,0,12,0
04-08 19:46:35,66.059,10.719,19.942,0,0,1992516,10520084,189896,3559516,15231.003,7502.328,0,151.562,0,8.974,7323,7117,3.930,2.170,1.300,4,0,1.994,0,0,14,28,0,12,0
04-08 19:46:36,71.723,17.931,10.354,0,0,1843316,10669196,189968,3559532,424.278,0,0,323.260,0,28.285,6892,8423,3.860,2.180,1.310,6,0,70.713,0,0,14,26,0,12,0
04-08 19:46:37,72.347,24.533,2.754,0,0,1826912,10685352,190024,3559704,1047.404,0,0,320.430,0,26.035,7093,7845,3.860,2.180,1.310,6,0,57.077,0,0,14,26,0,12,0
04-08 19:46:38,82.749,15.000,1.500,0,0,1926308,10585868,190064,3559752,15215.793,7575.897,0,231.997,0,19.000,6891,8177,3.860,2.180,1.310,7,0,2.000,0,0,14,25,0,12,0
04-08 19:46:39,80.540,17.595,0.991,0,0,1934068,10578056,190080,3559784,1013.067,0,0,150.671,0,6.939,6487,7032,3.860,2.180,1.310,4,0,29.738,0,0,14,27,0,12,0
04-08 19:46:40,82.945,14.830,2.765,0,0,1982016,10529924,190096,3559948,15279.958,7401.701,0,189.014,0,10.054,6170,8837,3.860,2.180,1.310,4,0,0,0,0,14,27,0,12,0
04-08 19:46:41,66.849,19.955,11.724,0,0,2010072,10501796,190112,3560020,717.382,0,0,167.622,0,7.982,7047,8723,4.110,2.260,1.340,4,0,72.836,0,0,14,28,0,15,0
04-08 19:46:42,77.444,12.531,9.524,0,0,2041952,10469724,190128,3560192,481.208,0,0,116.292,0,7.018,6957,8364,4.110,2.260,1.340,3,0,0,0,0,14,28,0,16,0
04-08 19:46:43,48.537,7.965,39.826,0,0,2044460,10467168,190144,3560224,862.222,147.354,0,111.511,0,6.969,6938,7683,4.110,2.260,1.340,2,0,0,0,0,14,29,0,17,0
04-08 19:46:44,57.325,9.262,31.792,0,0,2032776,10478804,190160,3560252,14979.628,7467.785,0,120.157,0,9.012,7154,7704,4.110,2.260,1.340,3,0,3.004,0,0,14,29,0,19,0
04-08 19:46:45,54.981,11.942,30.103,0,0,1930308,10581176,190208,3560296,596.081,0,0,406.011,0,50.751,6972,7502,4.110,2.260,1.340,4,0,24.878,0,0,14,28,0,19,0
04-08 19:46:46,71.875,23.459,3.993,0,0,1942436,10568888,190208,3560456,690.798,0,0,11.979,0,0.998,6147,7829,4.100,2.290,1.350,6,0,75.868,0,0,14,26,0,19,0
04-08 19:46:47,79.462,19.739,1.265,0,0,1906512,10604752,190248,3560472,15994.635,7944.174,0,275.333,0,17.208,7082,9197,4.100,2.290,1.350,5,0,62.760,0,0,14,26,0,19,0
04-08 19:46:48,74.507,20.724,2.714,0,0,1865652,10645536,190264,3560528,592.108,146.053,0,6082.918,0,661.187,7540,6346,4.100,2.290,1.350,5,0,63.158,0,0,14,25,0,19,0
04-08 19:46:49,81.719,17.566,3.055,0,0,1918956,10592152,190312,3560560,671.063,42.769,0,211.808,0,19.348,6305,6462,4.100,2.290,1.350,5,0,25.458,0,0,14,25,0,19,0
04-08 19:46:50,77.282,18.098,1.957,0,0,1945284,10565444,190504,3560724,749.345,0,0,1929.123,0,108.587,6533,9221,4.100,2.290,1.350,5,0,31.304,0,0,14,26,0,19,0
04-08 19:46:51,80.287,13.591,5.789,0,0,1996716,10513808,190520,3560908,873.840,0,0,80.538,0,8.054,6732,10178,4.170,2.340,1.370,6,0,0,0,0,14,28,0,19,0
04-08 19:46:52,71.530,13.190,15.980,0,0,1920236,10590256,190520,3560936,15602.761,7731.372,0,0,0,0,6911,7610,4.170,2.340,1.370,7,0,33.482,0,0,14,25,0,19,0
04-08 19:46:53,75.321,21.556,1.487,0,0,1878132,10632308,190520,3560984,474.722,146.678,0,0,0,0,6420,9169,4.170,2.340,1.370,5,0,73.339,0,0,14,26,0,18,0
04-08 19:46:54,77.972,19.743,1.999,0,0,1843724,10666668,190544,3561004,808.705,0,0,103.962,0,8.997,6143,6495,4.170,2.340,1.370,5,0,64.976,0,0,14,25,0,18,0
04-08 19:46:55,79.940,18.602,1.760,0,0,1932660,10577712,190544,3561024,825.543,0,0,64.354,0,4.022,6446,6157,4.170,2.340,1.370,6,0,0,0,0,14,25,0,18,0
04-08 19:46:56,84.354,13.477,1.248,0,0,1985056,10525296,190544,3561044,685.813,0,0,15.972,0,1.997,6229,6293,4.240,2.380,1.390,6,0,1.997,0,0,14,25,0,19,0
04-08 19:46:57,76.249,18.320,4.704,0,0,1978588,10531636,190632,3561080,414.913,0,0,419.865,0,37.629,6922,9358,4.240,2.380,1.390,5,0,58.425,0,0,14,26,0,20,0
04-08 19:46:58,77.620,21.491,1.517,0,0,1968672,10541392,190680,3561184,15145.798,7661.897,0,250.812,0,20.227,7160,9079,4.240,2.380,1.390,6,0,60.680,0,0,14,26,0,21,0
04-08 19:46:59,76.004,22.251,1.250,0,0,1969960,10539740,190728,3561500,926.054,0,0,244.014,0,20.001,6713,8474,4.240,2.380,1.390,5,0,62.004,0,0,14,26,0,21,0
04-08 19:47:00,81.077,18.129,1.511,0,0,1951288,10558388,190744,3561504,483.441,0,0,120.860,0,8.057,6332,5569,4.240,2.380,1.390,6,0,30.215,0,0,14,25,0,22,0
04-08 19:47:01,76.837,20.325,1.487,0,0,1945424,10564212,190760,3561544,474.902,0,0,115.008,0,6.940,5786,5513,4.460,2.460,1.420,6,0,93.196,0,0,14,26,0,21,0
04-08 19:47:02,75.650,23.122,1.759,0,0,1878356,10631232,190776,3561572,1328.017,0,0,160.850,0,10.053,6413,6970,4.460,2.460,1.420,5,0,36.191,0,0,14,26,0,21,0
04-08 19:47:03,83.069,13.928,1.741,0,0,1945696,10563696,190792,3561748,1100.289,147.236,0,119.380,0,7.959,6767,8170,4.460,2.460,1.420,5,0,0,0,0,14,26,0,22,0
04-08 19:47:04,76.200,20.303,3.008,0,0,1925420,10583928,190808,3561776,15316.129,7447.513,0,120.315,0,7.018,6689,7111,4.460,2.460,1.420,7,0,75.197,0,0,14,25,0,22,0
04-08 19:47:05,80.793,17.153,1.243,0,0,1963236,10545876,190856,3561960,416.644,0,0,1205.186,0,21.876,6926,9099,4.460,2.460,1.420,5,0,13.921,0,0,14,26,0,19,0
04-08 19:47:06,77.319,21.730,1.769,0,0,1930636,10578392,190904,3561996,303.212,0,0,258.741,0,20.214,6415,6162,4.500,2.500,1.440,5,0,128.360,0,0,14,24,0,19,0
04-08 19:47:07,73.209,25.236,0.500,0,0,1893992,10614844,190952,3562140,598.661,0,0,247.860,0,18.989,6164,5547,4.500,2.500,1.440,5,0,50.971,0,0,14,25,0,19,0
04-08 19:47:08,82.626,16.426,0.995,0,0,1959080,10549576,191008,3562260,418.109,147.334,0,318.559,0,25.883,7234,7778,4.500,2.500,1.440,6,0,7.964,0,0,14,26,0,20,0
04-08 19:47:09,78.131,19.470,2.247,0,0,1980576,10527932,191056,3562356,358.453,0,0,295.549,0,20.968,6832,7522,4.500,2.500,1.440,6,0,71.890,0,0,14,26,0,21,0
04-08 19:47:10,71.275,17.136,9.685,0,0,1960952,10547348,191072,3562528,178.809,0,0,238.412,0,8.940,6613,8826,4.500,2.500,1.440,4,0,65.563,0,0,14,27,0,21,0
04-08 19:47:11,73.569,12.894,13.652,0,0,1913348,10594780,191088,3562680,484.395,0,0,145.622,0,7.079,6475,6884,4.540,2.540,1.460,8,0,27.304,0,0,14,25,0,21,1
04-08 19:47:12,71.431,21.653,5.227,0,0,1866236,10641844,191120,3562688,30496.718,15996.516,0,215.039,0,13.938,6338,7801,4.540,2.540,1.460,6,0,51.769,0,0,14,26,0,21,0
04-08 19:47:13,78.387,20.536,1.252,0,0,1810408,10697420,191168,3562892,29823.193,15288.757,0,248.435,0,21.037,5696,5386,4.540,2.540,1.460,4,0,94.165,0,0,14,25,0,21,0
04-08 19:47:14,78.411,20.041,2.004,0.251,0,1853304,10654196,191216,3563172,29719.186,15373.652,0,232.479,0,20.041,5836,5645,4.540,2.540,1.460,4,0,33.068,0,0,14,25,0,21,0
04-08 19:47:15,76.092,19.524,3.504,0,0,1857820,10649588,191272,3563208,15173.413,7629.258,0,236.287,0,23.028,6030,5984,4.540,2.540,1.460,6,0,62.075,0,0,14,25,0,21,0
04-08 19:47:16,73.705,24.238,1.237,0,0,1871408,10635696,191304,3563476,29454.190,14917.045,0,308.669,0,42.541,6084,7425,4.580,2.580,1.480,5,0,66.285,0,0,14,26,0,22,0
04-08 19:47:17,77.694,20.058,2.793,0,0,1904400,10602452,191320,3563708,730.227,0,0,121.874,0,8.125,5500,6838,4.580,2.580,1.480,4,0,67.031,0,0,14,25,0,22,0
04-08 19:47:18,61.110,14.350,21.525,0,0,1900536,10606276,191336,3563732,55250.498,453402.637,0,170.218,0,7.917,6863,6753,4.580,2.580,1.480,4,0,21.772,0,0,14,26,0,21,0
04-08 19:47:19,55.043,15.372,26.034,0,0,1856260,10650368,191352,3563892,32584.434,147320.719,0,7767.502,0,799.362,7857,7130,4.580,2.580,1.480,5,0,42.646,0,0,14,26,0,21,0
04-08 19:47:20,53.291,24.108,23.600,0,0,1685752,10820852,191368,3563900,30630.566,15110.240,0,166.470,0,9.136,5545,4289,4.580,2.580,1.480,3,0,107.597,0,0,14,24,0,22,0
04-08 19:47:21,58.546,16.692,23.917,0,0,1764116,10742480,191384,3563892,15042.602,7467.987,0,123.570,0,7.972,3647,1533,4.450,2.590,1.490,3,0,1.993,0,0,14,24,0,22,0
04-08 19:47:22,60.787,10.421,27.044,0,0,1827884,10678512,191424,3564052,15083.174,7723.204,0,460.494,0,21.834,4890,4071,4.450,2.590,1.490,6,0,0,0,0,14,26,0,21,0
04-08 19:47:23,57.030,9.962,30.881,0,0,1829656,10676524,191480,3564208,17898.085,9864.019,0,167.356,0,20.919,6163,6356,4.450,2.590,1.490,6,0,0,0,0,14,26,0,21,0
04-08 19:47:24,63.066,24.217,11.604,0,0,1853032,10653092,191496,3567096,15535.417,7561.861,0,133.195,0,8.072,7155,16345,4.450,2.590,1.490,12,0,99.896,0,0,14,26,0,21,0
04-08 19:47:25,57.922,19.973,20.473,0,0,1811432,10694620,191544,3564268,718.037,0,0,223.700,0,18.975,6242,8760,4.450,2.590,1.490,3,0,58.921,0,0,14,25,0,22,0
04-08 19:47:26,60.091,16.024,22.784,0,0,1752252,10753744,191592,3564276,15401.301,7373.155,0,240.364,0,21.032,5042,3567,4.340,2.600,1.500,4,0,30.045,0,0,14,24,0,21,0
04-08 19:47:27,62.928,13.288,23.567,0,0,1795620,10710340,191608,3564296,480.358,0,0,116.329,0,8.023,5181,4098,4.340,2.600,1.500,4,0,2.006,0,0,14,25,0,21,0
04-08 19:47:28,63.416,10.404,23.781,0,0,1831220,10674316,191624,3564696,14720.404,7697.099,0,110.978,0,6.936,6390,6607,4.340,2.600,1.500,3,0,0,0,0,14,26,0,21,0
04-08 19:47:29,55.933,18.644,23.865,0,0,1821516,10683896,191640,3564804,920.777,0,0,119.323,0,6.961,6546,6289,4.340,2.600,1.500,4,0,42.757,0,0,14,25,0,22,0
04-08 19:47:30,58.578,18.258,23.076,0,0,1791020,10714384,191656,3564796,15537.498,7729.190,0,146.063,0,8.115,5933,5075,4.340,2.600,1.500,4,0,45.645,0,0,14,25,0,22,0
04-08 19:47:31,63.587,11.923,22.603,0,0,1853168,10652068,191656,3564964,815.702,0,0,63.587,0,7.948,5822,5176,4.310,2.620,1.510,4,0,0,0,0,14,25,0,22,0
04-08 19:47:32,57.370,10.773,30.314,0,0,1871768,10633436,191656,3564996,470.989,0,0,8.017,0,2.004,6471,6400,4.310,2.620,1.510,3,0,0,0,0,14,26,0,23,0
04-08 19:47:33,51.219,9.494,37.227,0,0,1868200,10636812,191688,3565152,15145.741,7799.232,0,135.917,0,12.992,6898,7453,4.310,2.620,1.510,2,0,1.999,0,0,14,27,0,23,0
04-08 19:47:34,53.119,19.452,24.191,0,0,1691784,10813020,191744,3565304,700.278,0,0,275.323,0,23.941,6457,6255,4.310,2.620,1.510,5,0,84.792,0,0,14,25,0,23,0
04-08 19:47:35,43.736,32.676,23.125,0,0,1707944,10796780,191808,3565316,481.598,0,0,325.757,0,25.136,5620,3980,4.310,2.620,1.510,3,0,148.803,0,0,14,24,0,23,0
04-08 19:47:36,58.012,18.673,22.906,0,0,1778232,10726472,191824,3565316,14854.966,7397.606,0,924.203,0,10.955,4001,1831,4.200,2.630,1.520,4,0,29.877,0,0,14,25,0,23,0
04-08 19:47:37,64.104,11.519,23.538,0,0,1822244,10682400,191872,3565328,3041.951,1814.954,0,641.043,0,32.052,4774,3422,4.200,2.630,1.520,3,0,0,0,0,14,25,0,24,0
04-08 19:47:38,65.727,11.246,22.742,0,0,1840088,10664520,191880,3565352,581.801,147.949,0,39.986,0,3.999,5827,5281,4.200,2.630,1.520,3,0,0,0,0,14,25,0,24,0
04-08 19:47:39,58.385,16.646,23.354,0,0,1785636,10718952,191880,3565372,356.771,0,0,3.975,0,0.994,6116,5676,4.200,2.630,1.520,3,0,35.776,0,0,14,26,0,25,0
04-08 19:47:40,56.745,17.248,23.748,0,0,1762720,10741664,191928,3565524,14794.711,7619.336,0,4247.630,0,548.952,6714,5247,4.200,2.630,1.520,3,0,58.995,0,0,14,25,0,25,0
04-08 19:47:41,56.896,17.967,23.706,0,0,1786108,10718228,191944,3565552,804.523,0,0,115.787,0,6.987,5990,5862,4.190,2.650,1.530,3,0,35.934,0,0,14,25,0,25,0
04-08 19:47:42,65.375,12.258,22.983,0.255,0,1781416,10722764,192040,3565612,615.957,0,0,351.392,0,38.817,6108,5660,4.190,2.650,1.530,4,0,19.408,0,0,14,24,0,21,0
04-08 19:47:43,52.322,22.813,23.309,0,0,1786360,10717792,192040,3565640,739.948,146.799,0,0,0,0,4249,2634,4.190,2.650,1.530,4,0,72.408,0,0,14,24,0,21,0
04-08 19:47:44,64.855,11.225,23.198,0,0,1826856,10677220,192104,3565648,14882.678,7411.406,0,183.589,0,24.944,5043,3836,4.190,2.650,1.530,4,0,0.998,0,0,14,24,0,21,0
04-08 19:47:45,51.287,21.840,23.312,0,0,1780204,10723852,192104,3565668,746.981,0,0,7.853,0,1.963,5232,3959,4.190,2.650,1.530,4,0,94.231,0,0,14,26,0,21,0
04-08 19:47:46,64.638,12.928,22.053,0,0,1816052,10687844,192104,3565828,365.014,0,0,133.839,0,27.376,7262,7998,4.090,2.660,1.540,4,0,0,0,0,14,26,0,17,0
04-08 19:47:47,60.146,14.535,23.306,0,0,1765340,10738524,192104,3565860,239.580,0,0,8.019,0,1.002,6646,6199,4.090,2.660,1.540,3,0,37.090,0,0,14,25,0,18,0
04-08 19:47:48,60.658,14.789,23.060,0,0,1799804,10704028,192104,3565888,628.641,190.497,0,0,0,0,6681,6674,4.090,2.660,1.540,3,0,8.021,0,0,14,26,0,18,0
04-08 19:47:49,65.781,10.585,22.935,0,0,1801536,10702268,192104,3565912,543.386,0,0,0,0,0,6316,5760,4.090,2.660,1.540,3,0,6.049,0,0,14,26,0,19,0
04-08 19:47:50,43.036,33.445,20.411,0,0,1712300,10791352,192144,3566024,14672.445,7306.712,0,2494.591,0,415.109,6509,4855,4.090,2.660,1.540,2,0,180.996,0,0,14,25,0,19,0
04-08 19:47:51,44.320,15.109,40.291,0,0,1722112,10781524,192144,3566040,361.613,0,0,4.029,0,1.007,5319,5429,3.920,2.650,1.540,3,0,41.298,0,0,14,25,0,18,0
04-08 19:47:52,35.896,16.316,46.690,0,0,1743400,10760180,192176,3566060,524.135,0,0,357.456,0,38.155,4442,3180,3.920,2.650,1.540,3,0,68.278,0,0,14,24,0,18,0
04-08 19:47:53,40.006,10.619,46.674,0,0,1751736,10751700,192176,3566204,594.659,146.195,0,7.902,0,0.988,3971,3365,3.920,2.650,1.540,2,0,0,0,0,14,25,0,18,0
04-08 19:47:54,45.749,7.583,47.013,0,0,1752068,10751224,192176,3566348,938.229,0,0,0,0,0,4792,4396,3.920,2.650,1.540,3,0,3.033,0,0,14,25,0,18,0
04-08 19:47:55,34.783,19.769,44.292,0,0,1721124,10781884,192440,3566360,359.345,0,0,3030.907,0,155.149,5237,4527,3.920,2.650,1.540,3,0,64.061,0,0,14,25,0,17,0
04-08 19:47:56,45.432,6.990,46.680,0,0,1756716,10746240,192440,3566408,15570.652,21829.267,0,11.982,0,2.996,3810,3193,3.770,2.640,1.550,2,0,0,0,0,14,24,0,18,0
04-08 19:47:57,31.429,21.950,44.898,0,0,1695836,10807116,192440,3566412,44834.618,22000.252,0,7.982,0,1.995,4663,3039,3.770,2.640,1.550,2,0,103.765,0,0,14,24,0,19,0
04-08 19:47:58,43.107,10.084,46.889,0,0,1724212,10778668,192496,3566424,29778.877,14863.221,0,346.876,0,24.201,4292,3931,3.770,2.640,1.550,2,0,0,0,0,14,24,0,19,0
04-08 19:47:59,32.085,19.649,46.262,0,0,1706484,10796388,192512,3566416,15017.645,7324.273,0,155.201,0,7.959,4459,2893,3.770,2.640,1.550,2,0,93.518,0,0,14,24,0,16,0
04-08 19:48:00,43.226,9.745,45.974,0,0,1732076,10770740,192528,3566452,15129.471,7291.889,0,115.935,0,6.996,4547,4053,3.770,2.640,1.550,2,0,1.999,0,0,14,25,0,16,0
04-08 19:48:01,44.587,8.517,46.341,0,0,1703016,10799732,192576,3566468,18887.993,8087.841,0,204.400,0,18.035,4851,4334,3.630,2.620,1.550,2,0,5.010,0,0,14,24,0,17,0
04-08 19:48:02,39.675,11.902,46.618,0,0,1717328,10785396,192592,3566476,14963.278,7397.331,0,119.024,0,8.927,4247,3813,3.630,2.620,1.550,2,0,0,0,0,14,25,0,17,0
04-08 19:48:03,45.401,7.102,47.684,0,0,1743860,10758684,192640,3566608,15359.394,7783.689,0,211.028,0,19.277,4074,3410,3.630,2.620,1.550,2,0,2.029,0,0,14,24,0,16,0
04-08 19:48:04,37.204,14.385,46.629,0,0,1711564,10790968,192640,3566620,476.206,0,0,7.937,0,0.992,3693,2564,3.630,2.620,1.550,2,0,30.755,0,0,14,25,0,16,0
04-08 19:48:05,45.354,8.722,45.354,0,0,1757856,10744628,192640,3566668,15267.696,7499.781,0,0,0,0,4750,4357,3.630,2.620,1.550,4,0,0,0,0,14,26,0,16,0
04-08 19:48:06,42.499,9.750,46.249,0,0,1678684,10823756,192672,3566680,299.996,0,0,2539.966,0,403.995,4529,3631,3.500,2.610,1.550,2,0,7.000,0,0,14,25,0,16,0
04-08 19:48:07,42.948,10.238,46.443,0,0,1714196,10788224,192672,3566700,15016.699,7353.039,0,475.421,0,0.999,4870,4538,3.500,2.610,1.550,3,0,0,0,0,14,25,0,15,0
04-08 19:48:08,38.134,15.805,44.657,0,0,1750712,10751696,192672,3566712,240.844,148.521,0,8.028,0,2.007,4004,2662,3.500,2.610,1.550,2,0,62.218,0,0,14,25,0,15,0
04-08 19:48:09,41.770,11.575,46.551,0,0,1795096,10707304,192672,3566720,26673.593,567248.420,0,0,0,0,4459,3638,3.500,2.610,1.550,2,0,3.020,0,0,14,25,0,15,0
04-08 19:48:10,44.533,6.717,46.026,0,0,1809912,10692436,192704,3566736,238.835,0,0,206.991,0,14.927,4968,5059,3.500,2.610,1.550,2,0,0,0,0,14,24,0,15,0
04-08 19:48:11,42.403,9.229,46.892,0,0,1753424,10748880,192736,3566748,759.258,0,0,99.771,0,12.970,4389,3845,3.380,2.600,1.550,3,0,4.989,0,0,14,24,0,13,0
04-08 19:48:12,32.352,21.317,45.644,0,0,1749560,10752744,192736,3566748,15306.140,7319.019,0,196.618,0,35.110,4093,2144,3.380,2.600,1.550,2,0,101.319,0,0,14,25,0,13,0
04-08 19:48:13,40.764,10.754,47.266,0.250,0,1749712,10752496,192824,3566752,746.260,148.052,0,1068.372,0,50.017,3710,2956,3.380,2.600,1.550,2,0,0,0,0,14,25,0,13,0
04-08 19:48:14,45.428,8.192,44.683,0,0,1757584,10744460,192840,3566900,357.463,0,0,59.577,0,7.944,5689,5716,3.380,2.600,1.550,2,0,0.993,0,0,14,25,0,13,0
04-08 19:48:15,34.669,19.093,44.216,0,0,1714272,10787724,192872,3566912,15108.679,7331.754,0,120.588,0,15.074,4947,3971,3.380,2.600,1.550,3,0,99.485,0,0,14,25,0,14,0
04-08 19:48:16,19.027,36.302,42.811,0,0,1652524,10849372,192952,3566932,180.257,0,0,448.639,0,38.054,5670,3969,3.350,2.610,1.560,2,0,240.342,0,0,14,24,0,15,0
04-08 19:48:17,34.428,18.212,46.652,0,0,1683808,10818084,192976,3566912,298.373,0,0,618.701,0,95.799,3410,1826,3.350,2.610,1.560,3,0,42.910,0,0,14,24,0,15,0
04-08 19:48:18,43.407,8.232,47.398,0,0,1765824,10735960,193048,3566940,179.614,147.683,0,1712.321,0,236.492,3434,1785,3.350,2.610,1.560,3,0,1.996,0,0,14,26,0,15,0
04-08 19:48:19,43.784,8.507,46.786,0,0,1763392,10738372,193048,3566960,15509.098,7475.832,0,0,0,0,4758,4522,3.350,2.610,1.560,2,0,0,0,0,14,26,0,14,0
04-08 19:48:20,45.552,7.759,44.301,0,0,1761276,10740460,193048,3566988,480.548,0,0,12.014,0,3.003,6790,7754,3.350,2.610,1.560,2,0,0,0,0,14,25,0,14,0
04-08 19:48:21,33.587,20.052,45.117,0,0,1678892,10822792,193096,3566992,480.246,0,0,176.458,0,20.052,4288,2924,3.240,2.600,1.560,2,0,78.203,0,0,14,24,0,14,0
04-08 19:48:22,40.746,10.186,48.199,0,0,1740988,10760696,193096,3566992,178.883,0,0,0,0,0,2661,1233,3.240,2.600,1.560,3,0,0,0,0,14,24,0,14,0
04-08 19:48:23,43.744,8.548,47.263,0,0,1770520,10731124,193120,3567004,15119.258,7648.625,0,277.547,0,12.067,3798,2738,3.240,2.600,1.560,2,0,0,0,0,14,24,0,12,0
04-08 19:48:24,45.025,8.505,45.275,0,0,1768588,10732896,193120,3567164,360.201,0,0,0,0,0,6143,6756,3.240,2.600,1.560,2,0,3.002,0,0,14,26,0,12,0
04-08 19:48:25,55.592,15.705,25.677,0,0,1794444,10706980,193144,3567200,880.502,0,0,87.751,0,8.975,7035,22271,3.240,2.600,1.560,3,0,35.898,0,0,14,24,0,15,0
04-08 19:48:26,27.409,26.911,44.104,0,0,1681016,10820364,193152,3567236,920.943,0,0,43.854,0,5.980,4394,2453,3.140,2.590,1.570,4,0,155.484,0,0,14,24,0,15,0
04-08 19:48:27,26.106,30.876,42.423,0,0,1711112,10790236,193160,3567252,360.469,0,0,76.311,0,3.012,4688,2393,3.140,2.590,1.570,2,0,171.700,0,0,14,24,0,14,0
04-08 19:48:28,23.050,17.288,58.377,0,0,1727496,10773816,193176,3567268,420.918,148.323,0,204.446,0,9.020,3656,2511,3.140,2.590,1.570,1,0,79.173,0,0,14,24,0,14,0
04-08 19:48:29,22.998,5.000,71.244,0,0,1688000,10813276,193208,3567272,45577.222,57777.210,0,91.992,0,11.999,3076,2962,3.140,2.590,1.570,2,0,8.999,0,0,14,24,0,14,0
04-08 19:48:30,11.721,16.709,69.827,0,0,1680040,10821236,193208,3567272,29800.369,14879.236,0,0,0,0,2991,2021,3.140,2.590,1.570,1,0,83.793,0,0,14,24,0,14,0
04-08 19:48:31,21.770,5.005,72.817,0,0,1692856,10808396,193232,3567272,29678.479,15320.185,0,236.219,0,11.010,1799,1185,2.970,2.560,1.560,1,0,0,0,0,14,24,0,13,0
04-08 19:48:32,21.969,4.494,72.147,0,0,1700652,10800588,193240,3567276,15346.048,7675.021,0,39.943,0,4.993,2313,1874,2.970,2.560,1.560,1,0,0,0,0,14,25,0,13,0
04-08 19:48:33,24.322,4.263,70.710,0,0,1698672,10802476,193312,3567296,15079.829,7694.875,0,280.835,0,29.086,3494,3746,2.970,2.560,1.560,1,0,2.006,0,0,14,24,0,13,0
04-08 19:48:34,10.522,18.037,69.393,0,0,1657396,10843748,193312,3567300,15409.702,7635.709,0,0,0,0,3345,2095,2.970,2.560,1.560,1,0,100.206,0,0,14,24,0,13,0
04-08 19:48:35,21.203,5.737,72.590,0,0,1695836,10805268,193352,3567300,15402.980,7441.564,0,387.145,0,20.954,1889,1414,2.970,2.560,1.560,1,0,0,0,0,14,24,0,13,0
04-08 19:48:36,21.757,5.252,72.023,0,0,1715208,10785884,193360,3567304,984.319,0,0,28.009,0,3.001,2320,1887,2.810,2.540,1.560,1,0,2.001,0,0,14,24,0,12,0
04-08 19:48:37,23.225,4.995,69.676,0.250,0,1710424,10790572,193432,3567324,15138.865,7450.060,0,2201.654,0,371.604,4242,3827,2.810,2.540,1.560,1,0,0,0,0,14,24,0,12,0
04-08 19:48:38,13.461,13.710,70.544,0,0,1665956,10835020,193448,3567324,478.606,147.570,0,394.850,0,9.971,3017,1877,2.810,2.540,1.560,1,0,81.762,0,0,14,24,0,12,0
04-08 19:48:39,18.316,8.531,72.513,0,0,1663968,10837008,193448,3567324,15776.180,7322.540,0,8.029,0,1.004,1968,1349,2.810,2.540,1.560,1,0,14.051,0,0,14,24,0,12,0
04-08 19:48:40,21.958,4.741,72.610,0,0,1699504,10801420,193496,3567328,239.539,0,0,658.734,0,28.944,1822,1361,2.810,2.540,1.560,1,0,0,0,0,14,25,0,10,0
04-08 19:48:41,21.661,4.980,71.456,0,0,1696716,10804204,193496,3567332,15092.871,7427.426,0,0,0,0,2664,2479,2.660,2.510,1.560,2,0,0,0,0,14,25,0,10,0
04-08 19:48:42,23.539,4.507,70.115,0,0,1695824,10804952,193496,3567476,946.550,0,0,0,0,0,3929,4191,2.660,2.510,1.560,1,0,2.003,0,0,14,25,0,10,0
04-08 19:48:43,24.358,3.516,71.317,0,0,1695760,10804952,193548,3567484,704.125,148.660,0,176.785,0,22.098,3200,3367,2.660,2.510,1.560,1,0,0,0,0,14,24,0,10,0
04-08 19:48:44,16.746,10.497,71.733,0,0,1650408,10850300,193548,3567488,14912.401,7294.240,0,7.998,0,2.000,2280,1514,2.660,2.510,1.560,1,0,30.993,0,0,14,24,0,10,0
04-08 19:48:45,20.972,4.744,72.902,0,0,1686560,10814120,193572,3567492,358.518,0,0,235.683,0,11.984,1800,1316,2.660,2.510,1.560,2,0,1.997,0,0,14,24,0,10,0
04-08 19:48:46,22.250,5.000,71.751,0,0,1693680,10806984,193580,3567500,240.005,0,0,32.001,0,4.000,2246,1867,2.530,2.490,1.550,1,0,0,0,0,14,25,0,10,0
04-08 19:48:47,23.027,4.756,70.081,0,0,1690948,10809704,193580,3567512,18706.652,9360.835,0,0,0,0,4005,4448,2.530,2.490,1.550,1,0,0,0,0,14,25,0,10,0
04-08 19:48:48,24.238,3.998,70.465,0,0,1687264,10813376,193580,3567524,539.731,189.905,0,215.892,0,33.983,3457,3446,2.530,2.490,1.550,1,0,1.999,0,0,14,24,0,9,0
04-08 19:48:49,7.754,22.011,68.535,0,0,1633372,10867204,193580,3567584,881.448,0,0,4.002,0,1.001,3964,2280,2.530,2.490,1.550,2,0,139.071,0,0,14,24,0,9,0
04-08 19:48:50,7.932,30.984,58.745,0,0,1630340,10870220,193588,3567592,356.934,0,0,23.796,0,5.949,4414,2570,2.530,2.490,1.550,3,0,181.442,0,0,14,26,0,9,0
04-08 19:48:51,28.912,23.381,46.762,0.503,0,1656600,10843716,193672,3567748,46404.728,52735.160,128.720,631.535,5.028,27.152,4155,2553,2.570,2.490,1.560,3,0,87.490,0,0,14,24,0,11,0
04-08 19:48:52,42.143,10.034,47.410,0,0,1743556,10756312,193712,3568148,44707.221,23631.934,44.149,1175.978,1.003,239.811,3163,1459,2.570,2.490,1.560,2,0,0,0,0,14,24,0,10,0
04-08 19:48:53,42.178,6.988,47.419,2.496,0,1786312,10712240,193812,3569160,44137.246,23100.352,227.609,1018.252,6.988,11.979,3080,1769,2.570,2.490,1.560,1,1,2.995,0,0,14,26,0,10,0
04-08 19:48:54,35.300,16.656,36.294,6.961,0,1793956,10695744,197816,3573616,26006.454,435982.472,1968.830,19958.765,30.825,1729.190,11253,14602,2.570,2.490,1.560,5,0,61.650,0,0,14,28,0,10,0
04-08 19:48:55,41.373,15.546,35.104,4.012,0,1803436,10677668,202868,3576772,33331.772,138458.294,0,24709.221,0,2123.292,12635,17325,2.570,2.490,1.560,3,0,67.199,0,0,14,28,0,10,0
04-08 19:48:56,38.322,18.034,32.811,6.011,0,1727400,10747724,207148,3578252,15127.307,7309.678,0,34003.629,0,2543.760,12849,18333,2.680,2.520,1.570,3,1,31.058,0,0,14,28,0,10,0
04-08 19:48:57,38.955,16.128,35.481,4.962,0,1771484,10700600,210252,3578100,15326.940,8023.246,0,25522.735,0,1972.067,11514,15867,2.680,2.520,1.570,3,0,13.895,0,0,14,28,0,10,0
04-08 19:48:58,42.468,8.848,48.535,0.253,0,1737124,10734912,210328,3578072,45059.051,22906.686,0,1176.983,0,58.647,3221,1811,2.680,2.520,1.570,2,0,7.078,0,0,14,24,0,10,0
04-08 19:48:59,43.606,7.725,47.593,0,0,1777388,10694592,210380,3578072,29874.466,14837.063,0,701.686,0,31.895,2901,1502,2.680,2.520,1.570,2,0,0,0,0,14,24,0,10,0
04-08 19:49:00,43.137,9.226,46.379,0.499,0,1757608,10713996,210688,3578128,14757.369,7276.951,0,5812.784,0,284.256,3535,2379,2.680,2.520,1.570,2,0,2.992,0,0,14,24,0,8,0
04-08 19:49:01,41.248,14.588,40.242,0.755,0,1802136,10667124,212780,3578324,44945.499,23072.861,0,10406.631,0,1212.296,10251,12987,2.870,2.560,1.590,2,1,1.006,0,0,14,26,0,8,0
04-08 19:49:02,39.712,15.140,40.705,1.241,0,1821604,10644960,215228,3578508,29887.544,15195.946,0,8212.522,0,1375.041,10505,14218,2.870,2.560,1.590,6,0,1.986,0,0,14,26,0,8,0
04-08 19:49:03,42.826,11.020,42.575,1.503,0,1824116,10641208,216376,3578568,30266.615,15222.967,0,10029.767,0,718.272,6761,7273,2.870,2.560,1.590,3,0,20.035,0,0,14,24,0,8,0
04-08 19:49:04,24.026,18.462,57.410,0.253,0,1770444,10694552,216624,3578640,30881.186,15382.930,0,3528.585,0,162.873,3932,2704,2.870,2.560,1.590,1,0,82.954,0,0,14,24,0,7,0
04-08 19:49:05,22.340,5.461,70.000,0,0,1790392,10674392,216792,3578676,45809.606,23468.276,0,3832.609,0,170.779,2524,1967,2.870,2.560,1.590,1,0,0,0,0,14,24,0,7,0
04-08 19:49:06,22.488,5.247,71.463,0,0,1790524,10674236,216816,3578676,44391.189,21942.724,0,111.942,0,11.994,2086,1473,2.720,2.530,1.590,1,0,3.998,0,0,14,24,0,7,0
04-08 19:49:07,19.247,7.499,72.737,0,0,1807824,10656932,216820,3578676,14972.415,7456.713,0,27.995,0,2.999,1767,1195,2.720,2.530,1.590,1,0,0,0,0,14,24,0,7,0
04-08 19:49:08,24.254,7.001,67.511,0.750,0,1738308,10726372,216820,3578740,30002.681,14808.310,40.006,152.024,3.000,35.005,2162,1189,2.720,2.530,1.590,2,0,7.001,0,0,14,24,0,7,0
04-08 19:49:09,20.199,6.733,72.318,0,0,1759712,10704968,216820,3578740,30288.673,16037.585,0,71.819,0,0.997,1961,1422,2.720,2.530,1.590,2,0,1.995,0,0,14,24,0,7,0
04-08 19:49:10,22.583,5.771,70.761,0,0,1741252,10723424,216820,3578744,45551.727,597997.905,0,40.148,0,1.004,2465,1591,2.720,2.530,1.590,1,0,3.011,0,0,14,24,0,7,0
04-08 19:49:11,22.238,5.497,72.211,0,0,1759832,10704844,216820,3578744,30136.577,15297.663,0,0,0,0,1791,1185,2.580,2.510,1.590,1,0,0,0,0,14,24,0,7,0
04-08 19:49:12,22.962,3.744,72.381,0,0,1738164,10726488,216828,3578756,15137.033,7739.235,0,135.776,0,1.997,1772,1109,2.580,2.510,1.590,1,0,2.995,0,0,14,24,0,7,0
04-08 19:49:13,20.975,6.243,71.915,0,0,1734964,10729636,216872,3578764,30520.798,16368.585,0,555.341,0,33.960,2134,1801,2.580,2.510,1.590,1,0,0,0,0,14,24,0,7,0
04-08 19:49:14,21.480,5.995,71.435,0,0,1732696,10731896,216876,3578764,44227.660,22809.196,0,47.956,0,5.995,1978,1278,2.580,2.510,1.590,1,0,2.997,0,0,14,24,0,7,0
04-08 19:49:15,22.536,5.008,72.115,0,0,1742876,10721716,216880,3578760,29818.544,15102.079,0,0,0,0,1883,1283,2.580,2.510,1.590,1,0,2.003,0,0,14,24,0,7,0
04-08 19:49:16,22.012,3.252,72.290,1.251,0,1687596,10776748,216892,3578988,15570.648,7462.145,152.084,0,6.003,0,1741,1068,2.450,2.480,1.580,1,0,1.001,0,0,14,24,0,7,0
04-08 19:49:17,21.554,5.514,72.932,0,0,1687788,10776524,216892,3578988,15655.986,7476.618,0,0,0,0,1769,1257,2.450,2.480,1.580,1,0,0,0,0,14,24,0,5,0
04-08 19:49:18,22.925,4.283,72.805,0,0,1710216,10754096,216892,3578988,44898.012,24222.516,0,0,0,0,1884,1198,2.450,2.480,1.580,1,0,2.015,0,0,14,24,0,5,0
04-08 19:49:19,20.578,6.198,71.900,0,0,1740192,10724108,216896,3578988,30042.333,14899.680,0,376.856,0,40.661,1920,1233,2.450,2.480,1.580,1,0,1.983,0,0,14,24,0,5,0
04-08 19:49:20,21.488,5.247,72.459,0,0,1745400,10718816,216896,3579072,29575.242,15135.424,0,7.995,0,1.999,1671,968,2.450,2.480,1.580,1,0,0,0,0,14,24,0,5,0
04-08 19:49:21,21.513,5.253,72.544,0,0,1697016,10767200,216904,3579064,14984.052,7462.508,0,0,0,0,1824,1216,2.340,2.460,1.580,1,0,4.002,0,0,14,24,0,5,0
04-08 19:49:22,22.186,4.487,72.043,0,0,1696988,10767200,216904,3579088,44661.795,23725.893,0,0,0,0,1876,1275,2.340,2.460,1.580,1,0,0,0,0,14,24,0,5,0
04-08 19:49:23,20.501,6.750,72.503,0,0,1695500,10768660,216928,3579088,29958.141,15454.589,0,460.018,0,24.001,2114,1725,2.340,2.460,1.580,1,0,1.000,0,0,14,24,0,5,0
04-08 19:49:24,21.550,6.766,70.913,0.251,0,1732996,10731140,216936,3579100,44718.815,23311.597,0,3471.983,0,233.537,2272,1428,2.340,2.460,1.580,1,0,3.007,0,0,14,24,0,5,0
04-08 19:49:25,28.926,9.226,60.595,0,0,1778920,10685216,216936,3581192,37074.455,446571.178,0,3.990,0,0.997,2772,4150,2.340,2.460,1.580,2,0,35.908,0,0,14,24,0,4,0
04-08 19:49:26,29.604,9.032,61.466,0,0,1777136,10686980,216936,3579120,32827.433,147599.010,0,8.028,0,2.007,2737,9277,2.230,2.430,1.580,1,0,3.011,0,0,14,24,0,5,0
04-08 19:49:27,20.610,6.284,72.639,0,0,1714836,10749280,216936,3579120,15439.608,7564.473,0,0,0,0,1837,1205,2.230,2.430,1.580,1,0,3.016,0,0,14,24,0,5,0
04-08 19:49:28,21.877,4.226,72.593,0,0,1727288,10736816,216940,3579128,29713.348,15536.859,0,0,0,0,1814,1262,2.230,2.430,1.580,1,0,0,0,0,14,24,0,5,0
04-08 19:49:29,23.242,4.748,71.975,0,0,1738184,10725904,216948,3579136,44481.337,23373.769,0,1043.633,0,33.988,1909,1233,2.230,2.430,1.580,1,0,0,0,0,14,24,0,3,0
04-08 19:49:30,21.020,5.255,72.820,0,0,1715696,10748368,216948,3579160,14870.259,7789.470,0,0,0,0,1792,1186,2.230,2.430,1.580,1,0,3.003,0,0,14,24,0,3,0
04-08 19:49:31,21.224,5.493,72.660,0,0,1756772,10707292,216948,3579160,44559.525,23522.715,0,0,0,0,1785,1207,2.130,2.410,1.570,1,0,0,0,0,14,24,0,3,0
04-08 19:49:32,21.260,5.503,72.285,0,0,1792796,10671268,216948,3579160,30070.638,15121.361,0,8.004,0,2.001,1759,1111,2.130,2.410,1.570,2,0,2.001,0,0,14,24,0,3,0
04-08 19:49:33,21.962,5.241,71.876,0,0,1749988,10713952,216984,3579248,29891.294,15559.086,0,479.171,0,24.957,2103,1628,2.130,2.410,1.570,1,0,9.983,0,0,14,24,0,3,0
04-08 19:49:34,5.752,22.257,69.522,0,0,1741440,10722420,217004,3579308,45758.227,27248.472,0,104.032,0,5.002,4039,2637,2.130,2.410,1.570,1,0,145.045,0,0,14,24,0,3,0
04-08 19:49:35,6.505,26.272,66.304,0,0,1720456,10743392,217004,3579312,46035.788,23339.158,0,484.398,0,38.031,4425,2661,2.130,2.410,1.570,1,0,164.135,0,0,14,24,0,3,0
04-08 19:49:36,6.243,24.723,67.178,0,0,1713812,10750024,217004,3579324,60451.170,31672.034,0,255.726,0,2.997,4341,2689,2.040,2.390,1.570,2,0,158.830,0,0,14,24,0,3,0
04-08 19:49:37,6.021,24.584,67.733,0,0,1696612,10767224,217004,3579324,61455.166,32028.052,0,353.214,0,4.014,4433,2784,2.040,2.390,1.570,1,0,162.559,0,0,14,24,0,3,0
04-08 19:49:38,7.736,22.708,67.375,0,0,1688156,10775648,217008,3579348,72213.929,598624.606,0,111.792,0,6.987,4566,3094,2.040,2.390,1.570,3,0,115.785,0,0,14,24,0,3,0
04-08 19:49:39,5.482,25.914,67.028,0.249,0,1670076,10793728,217012,3579344,45520.562,23994.702,0,271.104,0,3.987,4279,2663,2.040,2.390,1.570,1,0,157.480,0,0,14,24,0,3,0
04-08 19:49:40,6.259,25.535,66.592,0,0,1641468,10822336,217012,3579344,61002.345,32060.328,0,544.753,0,101.140,4340,2644,2.040,2.390,1.570,1,0,146.202,0,0,14,24,0,3,0
04-08 19:49:41,5.751,22.503,69.009,0.500,0,1641972,10821816,217016,3579356,61055.787,32616.160,8.001,0,2.000,0,4053,2585,1.960,2.360,1.560,1,0,135.017,0,0,14,24,0,3,0
04-08 19:49:42,6.010,25.041,67.110,0,0,1644604,10819180,217016,3579356,60827.276,32679.336,0,0,0,0,4242,2582,1.960,2.360,1.560,1,0,152.248,0,0,14,24,0,3,0
04-08 19:49:43,15.514,12.261,71.565,0,0,1669412,10794332,217056,3579352,45276.370,23631.593,0,480.439,0,27.025,2791,2165,1.960,2.360,1.560,2,0,33.030,0,0,14,24,0,3,0
04-08 19:49:44,21.516,5.004,72.303,0,0,1704356,10759380,217064,3579352,44620.782,23016.910,0,72.053,0,7.005,1959,1450,1.960,2.360,1.560,1,0,1.001,0,0,14,24,0,3,0
04-08 19:49:45,21.474,5.493,72.662,0,0,1753980,10709756,217064,3579352,44179.231,20183.436,0,3.995,0,0.999,1889,1280,1.960,2.360,1.560,2,0,3.995,0,0,14,24,0,3,0
04-08 19:49:46,22.763,3.502,72.791,0,0,1755964,10707752,217064,3579368,14962.442,9113.142,0,288.163,0,64.036,1805,1124,1.880,2.340,1.560,1,0,0,0,0,14,24,0,3,0
04-08 19:49:47,20.985,5.996,72.698,0,0,1713412,10750324,217064,3579348,15306.078,7356.750,0,0,0,0,1764,1245,1.880,2.340,1.560,1,0,0.999,0,0,14,24,0,3,0
04-08 19:49:48,22.015,5.754,71.050,0,0,1696076,10767660,217064,3579348,53995.634,575120.854,0,0,0,0,2342,1783,1.880,2.340,1.560,2,0,3.002,0,0,14,24,0,3,0
04-08 19:49:49,20.979,6.993,71.677,0,0,1743180,10720548,217072,3579348,29740.734,14619.123,0,135.862,0,2.997,1801,1174,1.880,2.340,1.560,2,0,1.998,0,0,14,24,0,3,0
04-08 19:49:50,22.772,4.254,72.819,0,0,1689640,10774064,217072,3579372,29887.504,14738.056,0,28.027,0,3.003,1716,1088,1.880,2.340,1.560,1,0,0,0,0,14,24,0,3,0
04-08 19:49:51,19.968,6.739,72.133,0,0,1688896,10774816,217072,3579364,30070.320,15450.987,0,143.767,0,31.948,1935,1396,1.810,2.320,1.560,3,0,2.995,0,0,14,24,0,3,0
04-08 19:49:52,21.763,5.003,72.794,0,0,1738624,10725088,217072,3579364,29429.644,14828.891,0,0,0,0,1769,1172,1.810,2.320,1.560,1,0,2.001,0,0,14,24,0,3,0
04-08 19:49:53,21.761,5.003,72.537,0,0,1761676,10702000,217108,3579364,29849.090,14813.489,0,444.225,0,26.013,1931,1510,1.810,2.320,1.560,1,0,0,0,0,14,24,0,1,0
04-08 19:49:54,22.768,4.504,72.308,0,0,1725572,10738084,217116,3579376,29435.765,14603.791,0,472.381,0,52.042,1905,1178,1.810,2.320,1.560,1,0,4.003,0,0,14,24,0,1,0
04-08 19:49:55,20.175,5.978,72.232,0,0,1725596,10738084,217116,3579352,15385.945,7988.377,0,0,0,0,1777,1373,1.810,2.320,1.560,1,0,0,0,0,14,24,0,1,0
04-08 19:49:56,21.813,5.014,72.959,0,0,1738700,10724980,217116,3579352,44154.726,22378.227,0,8.023,0,2.006,1862,1225,1.740,2.300,1.550,2,0,2.006,0,0,14,24,0,1,0
04-08 19:49:57,19.240,7.746,72.212,0,0,1759868,10703812,217116,3579352,29581.590,15459.946,0,135.929,0,30.984,1825,1272,1.740,2.300,1.550,2,0,1.999,0,0,14,24,0,1,0
04-08 19:49:58,23.038,4.007,72.869,0,0,1704404,10759252,217116,3579376,14820.221,7456.186,0,24.039,0,1.002,1657,996,1.740,2.300,1.550,1,0,1.002,0,0,14,24,0,1,0
04-08 19:49:59,19.977,6.243,72.914,0,0,1709188,10754464,217128,3579368,14963.446,7934.692,0,87.897,0,1.998,1786,1346,1.740,2.300,1.550,1,0,0,0,0,14,24,0,1,0
04-08 19:50:00,22.194,4.987,72.069,0,0,1735648,10728004,217128,3579368,44956.878,23588.645,0,59.849,0,0.997,1894,1245,1.740,2.300,1.550,1,0,3.990,0,0,14,24,0,1,0
04-08 19:50:01,22.756,4.501,72.768,0,0,1759080,10704568,217128,3579372,29927.245,15147.667,0,12.003,0,1.000,1750,1142,1.680,2.270,1.550,2,0,0,0,0,14,24,0,1,0
04-08 19:50:02,21.006,5.252,72.522,0,0,1715060,10748576,217128,3579384,29650.851,15214.542,0,144.043,0,32.010,1862,1243,1.680,2.270,1.550,3,0,1.000,0,0,14,24,0,1,0
04-08 19:50:03,21.735,6.745,70.702,0,0,1697308,10766332,217176,3579340,37941.034,446350.531,0,419.713,0,26.982,2321,2007,1.680,2.270,1.550,3,0,1.999,0,0,14,24,0,1,0
04-08 19:50:04,21.535,5.258,72.366,0,0,1730988,10732620,217184,3579364,48405.847,163432.836,0,28.045,0,3.005,1976,1259,1.680,2.270,1.550,2,0,4.006,0,0,14,24,0,1,0
04-08 19:50:05,21.700,6.735,70.588,0,0,1746316,10717248,217184,3579408,26377.417,11397.822,0,67.844,0,1.995,1900,1210,1.680,2.270,1.550,2,0,0,0,0,14,24,0,1,0
04-08 19:50:06,23.773,3.253,72.820,0,0,1718176,10745360,217184,3579436,19269.446,11416.929,0,28.027,0,1.001,1711,1025,1.630,2.250,1.550,1,0,2.002,0,0,14,24,0,1,0
04-08 19:50:07,21.173,7.562,71.585,0,0,1671512,10792092,217188,3579360,15098.488,7356.165,0,100.825,0,5.041,2016,1460,1.630,2.250,1.550,1,0,4.033,0,0,14,24,0,1,0
04-08 19:50:08,23.586,6.455,68.276,0,0,1699744,10763860,217188,3579360,15277.959,8284.499,0,321.767,0,73.490,2135,1274,1.630,2.250,1.550,1,0,5.959,0,0,14,24,0,1,0
04-08 19:50:09,20.696,6.483,72.063,0,0,1745420,10718172,217188,3579360,44152.727,22866.818,0,0,0,0,1909,1270,1.630,2.250,1.550,1,0,3.990,0,0,14,24,0,1,0
04-08 19:50:10,19.779,7.761,72.606,0,0,1760836,10702756,217188,3579360,29695.327,14613.322,0,180.263,0,28.041,1742,1062,1.630,2.250,1.550,1,0,0,0,0,14,24,0,1,0
04-08 19:50:11,23.213,2.746,72.633,0,0,1707472,10756036,217188,3579444,15010.868,7284.289,0,103.833,0,2.995,1680,995,1.580,2.230,1.540,1,0,0.998,0,0,14,24,0,1,0
04-08 19:50:12,21.332,5.521,72.278,0,0,1707228,10756288,217192,3579432,30499.132,15601.919,0,128.493,0,2.008,1915,1339,1.580,2.230,1.540,1,0,2.008,0,0,14,24,0,1,0
04-08 19:50:13,21.732,5.495,72.438,0,0,1683024,10780480,217192,3579444,44618.021,22664.708,0,159.864,0,32.972,1920,1262,1.580,2.230,1.540,1,0,0.999,0,0,14,24,0,1,0
04-08 19:50:14,20.963,6.239,71.873,0,0,1684304,10779220,217192,3579424,29947.213,16145.541,0,7.986,0,1.996,1889,1416,1.580,2.230,1.540,1,0,0.998,0,0,14,24,0,1,0
04-08 19:50:15,21.586,5.522,72.289,0,0,1727452,10736072,217192,3579424,44510.664,23216.669,0,0,0,0,1958,1322,1.580,2.230,1.540,1,0,4.016,0,0,14,24,0,1,0
04-08 19:50:16,22.418,4.733,71.988,0,0,1753604,10709920,217192,3579424,29305.329,14861.903,0,19.927,0,0.996,1778,1151,1.530,2.210,1.540,1,0,0,0,0,14,24,0,1,0
04-08 19:50:17,22.230,4.746,72.435,0,0,1725864,10737640,217196,3579440,15429.168,7775.030,0,59.946,0,1.998,1758,1153,1.530,2.210,1.540,1,0,0.999,0,0,14,24,0,1,0
04-08 19:50:18,21.333,5.522,72.534,0,0,1754104,10709420,217196,3579420,15354.013,8003.282,0,0,0,0,1799,1216,1.530,2.210,1.540,1,0,2.008,0,0,14,24,0,1,0
04-08 19:50:19,23.215,4.493,71.394,0,0,1761860,10701664,217196,3579420,53990.751,463964.387,0,135.798,0,30.954,2161,1359,1.530,2.210,1.540,1,0,0,0,0,14,24,0,1,0
04-08 19:50:20,22.248,5.499,71.743,0,0,1703020,10760488,217196,3579436,34715.492,152350.607,0,135.986,0,24.997,2064,1292,1.530,2.210,1.540,1,0,2.000,0,0,14,24,0,1,0
04-08 19:50:21,22.490,4.748,71.968,0,0,1743924,10719584,217196,3579436,47644.113,23621.644,0,0,0,0,1917,1279,1.490,2.190,1.540,1,0,1.999,0,0,14,24,0,1,0
04-08 19:50:22,20.208,6.237,72.351,0,0,1780924,10682584,217196,3579436,42106.468,22651.450,0,0,0,0,1812,1175,1.490,2.190,1.540,2,0,1.996,0,0,14,24,0,1,0
04-08 19:50:23,21.766,4.503,72.552,0,0,1749040,10714424,217200,3579480,15291.890,7611.420,0,76.054,0,3.002,1896,1163,1.490,2.190,1.540,1,0,11.008,0,0,14,24,0,1,0
04-08 19:50:24,6.511,25.793,66.860,0,0,1739476,10723988,217200,3579480,46468.780,24827.022,0,96.159,0,4.007,4267,2595,1.490,2.190,1.540,1,0,161.266,0,0,14,24,0,1,0
04-08 19:50:25,5.760,26.045,65.613,0,0,1733672,10729792,217200,3579480,61045.723,31950.811,0,236.406,0,36.062,4377,2686,1.490,2.190,1.540,2,0,160.275,0,0,14,24,0,1,0
04-08 19:50:26,20.231,31.471,46.956,0,0,1706912,10756528,217200,3579488,45509.746,24299.439,0,59.944,0,4.995,5188,12344,1.770,2.240,1.560,1,0,170.841,0,0,14,24,0,1,0
04-08 19:50:27,19.005,7.502,72.017,0,0,1735504,10727924,217200,3579500,60220.306,31073.382,0,0,0,0,2091,1617,1.770,2.240,1.560,1,0,2.000,0,0,14,24,0,1,0
04-08 19:50:28,21.752,5.001,72.508,0,0,1774496,10688924,217208,3579500,44774.643,22104.292,0,104.011,0,2.000,1839,1220,1.770,2.240,1.560,2,0,0,0,0,14,24,0,1,0
04-08 19:50:29,23.741,2.499,72.722,0,0,1781164,10682052,217208,3579704,30088.350,14748.290,0,0,0,0,1698,1086,1.770,2.240,1.560,2,0,0,0,0,14,24,0,1,0
04-08 19:50:30,19.497,7.249,72.489,0,0,1749148,10713988,217208,3579776,30361.313,17399.314,0,135.979,0,29.995,2019,1399,1.770,2.240,1.560,3,0,10.998,0,0,14,24,0,1,0
04-08 19:50:31,21.257,7.502,70.772,0,0,1745456,10717680,217208,3579776,58229.378,581025.375,0,0,0,0,2296,1743,1.710,2.220,1.550,2,0,1.000,0,0,14,24,0,1,0
04-08 19:50:32,22.506,4.251,72.519,0,0,1741736,10721400,217208,3579776,44815.788,22703.972,0,8.002,0,2.001,1722,1076,1.710,2.220,1.550,2,0,0,0,0,14,24,0,1,0
04-08 19:50:33,16.459,15.212,68.079,0,0,1689144,10773956,217216,3579804,15116.972,7748.508,0,123.689,0,1.995,2896,1774,1.710,2.220,1.550,2,0,86.782,0,0,14,24,0,1,0
04-08 19:50:34,7.256,26.521,64.302,0,0,1649912,10813056,217216,3579904,61995.915,64748.131,40.032,28.023,2.002,1.001,4287,2683,1.710,2.220,1.550,2,0,162.131,0,0,14,24,0,1,0
04-08 19:50:35,6.761,23.537,67.856,0,0,1641500,10821460,217216,3579908,61403.152,33340.208,0,56.088,0,2.003,4242,2612,1.710,2.220,1.550,1,0,144.226,0,0,14,24,0,1,0
04-08 19:50:36,6.242,24.718,67.163,0,0,1635524,10827432,217216,3579912,46119.176,24691.971,0,199.741,0,34.955,4169,2476,1.650,2.200,1.550,2,0,141.816,0,0,14,24,0,1,0
04-08 19:50:37,6.011,25.799,66.627,0,0,1638288,10824668,217216,3579912,61063.034,33700.038,0,56.107,0,2.004,4156,2601,1.650,2.200,1.550,2,0,146.278,0,0,14,24,0,1,0
04-08 19:50:38,6.502,24.756,67.268,0,0,1638932,10824008,217224,3579916,60771.932,32656.561,0,108.028,0,5.001,4313,2640,1.650,2.200,1.550,1,0,148.039,0,0,14,24,0,1,0
04-08 19:50:39,6.242,25.719,66.419,0,0,1636528,10826404,217224,3579924,60861.030,31481.737,0,175.786,0,1.998,4316,2629,1.650,2.200,1.550,1,0,150.817,0,0,14,24,0,1,0
04-08 19:50:40,6.752,26.010,65.024,0,0,1631704,10831228,217224,3579924,58347.543,575394.450,0,0,0,0,4663,2819,1.650,2.200,1.550,2,0,152.056,0,0,14,24,0,1,0
04-08 19:50:41,6.235,25.440,65.845,0,0,1626916,10836016,217224,3579924,60605.873,31669.210,0,139.670,0,30.927,4397,2739,1.520,2.160,1.540,1,0,148.649,0,0,14,24,0,1,0
04-08 19:50:42,6.468,25.126,66.172,0,0,1627584,10835332,217224,3579936,60456.510,32166.652,0,87.566,0,0.995,4241,2634,1.520,2.160,1.540,1,0,143.290,0,0,14,24,0,1,0
04-08 19:50:43,6.271,24.835,67.732,0,0,1623440,10839472,217228,3579936,61204.718,32451.194,0,389.334,0,6.021,4198,2645,1.520,2.160,1.540,2,0,143.492,0,0,14,24,0,1,0
04-08 19:50:44,6.759,25.535,66.090,0,0,1626916,10835996,217228,3579936,60925.189,31957.636,0,360.492,0,6.008,4407,2745,1.520,2.160,1.540,1,0,156.213,0,0,14,24,0,1,0
04-08 19:50:45,6.013,25.055,66.648,0,0,1625328,10837584,217228,3579936,45892.574,23536.092,0,352.781,0,4.009,4334,2636,1.520,2.160,1.540,1,0,151.335,0,0,14,24,0,1,0
04-08 19:50:46,6.741,25.714,66.158,0,0,1617496,10845416,217228,3579936,61013.375,31893.764,0,351.512,0,3.994,4402,2677,1.400,2.120,1.530,1,0,146.796,0,0,14,24,0,1,0
04-08 19:50:47,6.509,25.535,65.839,0,0,1620684,10842216,217228,3579944,61017.865,31723.081,0,352.479,0,4.005,4321,2645,1.400,2.120,1.530,1,0,148.201,0,0,14,24,0,1,0
04-08 19:50:48,7.991,26.471,63.680,0,0,1622592,10840308,217228,3579944,74764.452,584240.936,0,411.546,0,5.993,4880,2984,1.400,2.120,1.530,1,0,151.832,0,0,14,24,0,1,0
04-08 19:50:49,6.257,24.526,67.071,0,0,1611072,10851828,217228,3579944,45899.732,24445.955,0,352.374,0,4.004,4189,2534,1.400,2.120,1.530,2,0,149.158,0,0,14,24,0,1,0
04-08 19:50:50,6.006,26.027,66.319,0,0,1608804,10854096,217228,3579944,61119.676,31166.470,0,360.375,0,6.006,4356,2670,1.400,2.120,1.530,1,0,156.163,0,0,14,24,0,1,0
04-08 19:50:51,5.734,22.937,69.309,0,0,1615588,10847304,217228,3579952,60647.871,34203.744,0,251.307,0,3.989,4149,2629,1.280,2.090,1.530,1,0,138.618,0,0,14,24,0,1,0
04-08 19:50:52,6.263,22.796,68.639,0,0,1617820,10845064,217228,3579960,61735.687,33577.817,0,252.510,0,41.083,4300,2647,1.280,2.090,1.530,1,0,145.293,0,0,14,24,0,1,0
04-08 19:50:53,6.532,24.621,68.083,0,0,1614520,10848300,217288,3579964,46136.877,25215.450,0,1105.412,0,43.212,4270,2974,1.280,2.090,1.530,1,0,150.738,0,0,14,24,0,1,0
04-08 19:50:54,5.475,23.642,68.189,0,0,1618272,10844540,217292,3579968,60360.692,33314.053,0,155.292,0,5.973,4217,2718,1.280,2.090,1.530,1,0,151.310,0,0,14,24,0,1,0
04-08 19:50:55,6.495,24.231,68.197,0,0,1615140,10847672,217292,3579968,61049.756,33142.352,0,55.957,0,1.998,4245,2689,1.280,2.090,1.530,1,0,150.883,0,0,14,24,0,1,0
04-08 19:50:56,6.758,24.530,66.581,0,0,1617344,10845456,217292,3579980,73210.888,586802.456,0,388.472,0,44.053,4556,2900,1.260,2.070,1.520,1,0,141.171,0,0,14,24,0,1,0
04-08 19:50:57,5.750,25.501,66.502,0,0,1623236,10839560,217292,3579984,52610.531,26160.761,0,12.000,0,3.000,4310,2720,1.260,2.070,1.520,2,0,155.005,0,0,14,24,0,1,0
04-08 19:50:58,6.486,26.194,66.358,0,0,1630188,10832608,217292,3579984,54853.020,30592.757,0,19.957,0,4.989,4462,2662,1.260,2.070,1.520,1,0,152.674,0,0,14,24,0,1,0
04-08 19:50:59,5.757,25.532,66.334,0,0,1620292,10842488,217300,3579992,60766.227,31658.234,0,112.143,0,6.008,4415,2645,1.260,2.070,1.520,2,0,148.188,0,0,14,24,0,1,0
04-08 19:51:00,5.506,25.276,67.321,0,0,1617032,10845748,217300,3579992,61222.122,31743.247,0,12.013,0,3.003,4367,2641,1.260,2.070,1.520,4,0,154.161,0,0,14,24,0,1,0
04-08 19:51:01,8.499,21.246,68.989,0,0,1619476,10843168,217300,3580128,56383.614,28775.210,0,287.952,0,3.999,3965,2480,1.240,2.050,1.520,2,0,112.981,0,0,14,24,0,1,0
04-08 19:51:02,19.008,34.515,43.019,0,0,1616524,10842520,217300,3583620,49566.068,27358.181,0,8.004,0,2.001,8404,11871,1.240,2.050,1.520,2,0,142.063,0,0,14,24,0,1,0
04-08 19:51:03,13.715,36.656,47.379,0.499,0,1608388,10850588,217348,3583632,60719.326,32428.858,0,9164.504,0,875.755,6486,3309,1.240,2.050,1.520,2,0,206.471,0,0,14,24,0,3,0
04-08 19:51:04,25.652,31.688,41.496,0,0,1643592,10815368,217360,3583632,58504.279,572659.493,0,221.310,0,8.048,5237,2934,1.240,2.050,1.520,2,0,151.899,0,0,14,24,0,3,0
04-08 19:51:05,40.880,32.704,24.528,0,0,1722144,10736744,217388,3583676,60713.117,31907.537,0,198.208,0,14.866,5249,2990,1.240,2.050,1.520,3,0,156.584,0,0,14,24,0,3,0
04-08 19:51:06,36.412,57.653,6.574,0.253,0,1725580,10733160,217480,3583696,61248.423,32839.795,40.458,643.283,2.023,33.378,5386,3905,1.620,2.120,1.540,3,1,384.351,0,0,14,24,0,5,0
04-08 19:51:07,58.760,38.094,1.743,0.498,0,1815012,10637524,218672,3588336,45604.351,23776.687,1091.533,1123.402,133.454,25.894,5765,4443,1.620,2.120,1.540,4,0,229.062,0,0,14,24,0,7,0
04-08 19:51:08,83.167,15.782,0.501,0.251,0,1909720,10538848,218992,3591316,44954.336,22675.566,16.032,3378.790,1.002,82.165,5337,2842,1.620,2.120,1.540,6,0,13.026,0,0,14,26,0,8,0
04-08 19:51:09,68.130,23.858,3.935,1.968,0,1952568,10487692,222164,3595984,30170.099,14657.084,421.079,23336.423,8.854,1812.213,11885,16117,1.620,2.120,1.540,8,0,47.224,0,0,14,30,0,8,0
04-08 19:51:10,50.983,21.850,19.087,4.521,0,1978896,10450172,226172,3602740,15225.516,7395.767,0,35092.222,0,2493.384,13846,20294,1.620,2.120,1.540,6,1,94.431,0,0,14,30,0,8,0
04-08 19:51:11,49.400,23.465,16.055,5.681,0,1975316,10446328,230068,3606056,29738.865,14642.192,0,51225.935,0,2975.862,14116,21104,2.050,2.200,1.570,6,1,39.520,0,0,14,30,0,8,0
04-08 19:51:12,56.782,23.680,13.241,4.329,0,1894728,10518672,234136,3609912,244.443,0,0,24786.482,0,1955.541,11610,16414,2.050,2.200,1.570,4,1,106.944,0,0,14,28,0,8,0
04-08 19:51:13,60.640,23.113,7.704,4.971,0,1920568,10485660,238236,3612776,15775.438,7400.111,0,35616.761,0,2274.510,12547,17355,2.050,2.200,1.570,5,0,56.664,0,0,14,28,0,8,0
04-08 19:51:14,62.889,20.464,8.984,4.742,0,1973768,10425936,242672,3614700,15069.307,7283.099,0,35201.645,0,2443.671,13354,18380,2.050,2.200,1.570,5,1,49.912,0,0,14,28,0,8,0
04-08 19:51:15,48.434,23.339,19.073,5.019,0,1984512,10408604,247080,3616716,15562.278,7873.992,0,42517.953,0,2634.033,13786,19420,2.050,2.200,1.570,4,0,69.264,0,0,14,32,0,8,0
04-08 19:51:16,51.094,17.447,21.185,5.982,0,1980604,10404332,251516,3620232,43954.036,21821.492,0,34375.230,0,2360.805,13936,19517,2.770,2.350,1.620,4,1,38.881,0,0,14,37,0,8,0
04-08 19:51:17,56.185,18.644,16.881,4.535,0,1970696,10407608,255820,3622352,30070.025,15099.009,0,35422.504,0,2412.697,12734,18052,2.770,2.350,1.620,3,0,53.414,0,0,14,36,0,8,0
04-08 19:51:18,37.455,37.205,19.726,3.496,0,1901872,10472664,258504,3623312,15479.370,7435.051,0,21214.467,0,1577.102,11202,14281,2.770,2.350,1.620,4,0,149.820,0,0,14,36,0,8,0
04-08 19:51:19,41.818,29.548,21.034,4.007,0,1926396,10443812,261920,3624104,15689.547,7440.115,0,21499.006,0,1767.879,11524,15219,2.770,2.350,1.620,3,1,124.202,0,0,14,36,0,8,0
04-08 19:51:20,39.599,23.017,22.027,10.395,0,1916596,10444948,266272,3628228,28683.817,580705.226,3464.946,29826.259,43.559,2284.885,12933,19079,2.770,2.350,1.620,5,0,70.289,0,0,14,37,0,8,0
04-08 19:51:21,48.891,31.502,15.121,3.276,0,1886444,10471320,269320,3628852,15485.788,7354.792,0,27080.473,0,1810.472,12561,18776,2.870,2.370,1.640,7,0,85.685,0,0,14,37,0,9,0
04-08 19:51:22,52.564,27.522,14.381,1.984,0,1887248,10467920,271064,3629624,15813.805,7301.425,0,13063.621,0,1158.390,11033,15374,2.870,2.370,1.640,8,1,73.391,0,0,14,37,0,10,0
04-08 19:51:23,49.661,31.579,14.771,2.801,0,1884660,10468444,272296,3630348,610.189,150.765,1100.174,20901.271,23.430,1747.036,11333,14128,2.870,2.370,1.640,3,0,95.756,0,0,14,36,0,10,0
04-08 19:51:24,41.588,32.181,20.546,2.228,0,1807564,10542464,273948,3631664,15286.441,7289.725,788.185,14234.867,12.872,1379.325,10668,14705,2.870,2.370,1.640,3,0,131.694,0,0,14,36,0,10,0
04-08 19:51:25,39.333,18.801,31.664,5.442,0,1842260,10504004,276296,3632984,414.603,0,0,32748.661,0,2394.602,12498,17892,2.870,2.370,1.640,4,0,51.454,0,0,14,36,0,10,0
04-08 19:51:26,42.101,17.500,33.732,4.819,0,1868080,10474568,278204,3635168,45523.881,23276.283,0,31854.746,0,2307.947,12049,20083,2.800,2.370,1.640,10,1,55.797,0,0,14,37,0,10,0
04-08 19:51:27,42.845,16.690,30.390,4.733,0,1853168,10484372,281144,3636604,29604.214,14539.554,0,29043.237,0,2252.874,13828,29148,2.800,2.370,1.640,1,1,36.867,0,0,14,37,0,12,0
04-08 19:51:28,37.589,14.936,35.597,5.974,0,1848548,10483616,285252,3637736,29346.177,14904.098,0,37037.201,0,2646.652,14475,22040,2.800,2.370,1.640,2,0,26.885,0,0,14,37,0,11,0
04-08 19:51:29,36.839,18.294,35.586,5.012,0,1799800,10525992,289324,3639856,15474.509,7379.888,0,25225.144,0,2102.095,12686,17742,2.800,2.370,1.640,3,0,85.207,0,0,14,36,0,11,0
04-08 19:51:30,34.511,22.757,32.511,6.002,0,1799468,10520728,293528,3641108,15100.908,7430.415,0,30577.939,0,2324.756,12978,18563,2.800,2.370,1.640,3,0,78.025,0,0,14,36,0,11,0
04-08 19:51:31,37.633,15.701,33.895,6.729,0,1840588,10473100,298500,3642424,15048.281,7434.918,0,30409.591,0,2447.402,12975,18421,2.890,2.390,1.650,2,0,32.898,0,0,14,36,0,11,0
04-08 19:51:32,40.477,14.079,36.957,5.280,0,1847352,10461536,302228,3643408,15231.235,7337.059,0,29565.450,0,2331.045,11721,16608,2.890,2.390,1.650,3,1,15.084,0,0,14,37,0,11,0
04-08 19:51:33,40.988,11.427,37.510,4.471,0,1844524,10459520,305692,3644668,416.335,147.059,0,21732.905,0,1797.496,11899,17293,2.890,2.390,1.650,3,0,22.854,0,0,14,37,0,12,0
04-08 19:51:34,39.838,12.778,37.332,4.760,0,1841340,10457000,309600,3646328,15411.990,7312.126,0,27685.057,0,2013.440,12612,17867,2.890,2.390,1.650,3,0,16.035,0,0,14,37,0,13,0
04-08 19:51:35,42.502,12.575,39.484,3.018,0,1796096,10499588,311932,3646552,1054.257,0,0,18208.059,0,1232.313,7483,9334,2.890,2.390,1.650,2,0,39.233,0,0,14,34,0,14,0
04-08 19:51:36,26.567,27.569,44.862,0,0,1682948,10612592,312028,3646592,15133.923,7314.328,0,1094.743,0,61.153,4594,2731,2.820,2.390,1.650,3,0,127.319,0,0,14,32,0,14,0
04-08 19:51:37,25.071,19.113,54.610,0.248,0,1718496,10576836,312232,3646592,698.011,0,0,5167.069,0,140.992,3994,2862,2.820,2.390,1.650,1,0,86.383,0,0,14,32,0,14,0
04-08 19:51:38,23.845,5.271,69.779,0,0,1718708,10576612,312232,3646604,45903.577,37489.929,0,2140.561,0,402.610,3890,3608,2.820,2.390,1.650,1,0,0,0,0,14,33,0,14,0
04-08 19:51:39,23.381,3.980,69.644,0,0,1718684,10576612,312232,3646628,29679.312,14840.153,0,7.959,0,1.990,4324,4675,2.820,2.390,1.650,2,0,1.990,0,0,14,33,0,14,0
04-08 19:51:40,23.123,4.524,71.379,0,0,1670780,10624492,312232,3646648,29810.094,14868.855,0,0,0,0,3242,3093,2.820,2.390,1.650,1,0,7.037,0,0,14,32,0,14,0
04-08 19:51:41,14.003,13.502,71.763,0,0,1678576,10616696,312232,3646648,15037.686,7297.303,0,0,0,0,2618,1775,2.680,2.360,1.650,2,0,48.009,0,0,14,32,0,14,0
04-08 19:51:42,21.658,5.726,71.197,0,0,1679524,10615716,312244,3646656,14852.768,7426.384,3.983,4313.636,0.996,19.915,1842,1210,2.680,2.360,1.650,2,0,1.992,0,0,14,32,0,14,0
04-08 19:51:43,22.951,5.296,72.636,0,0,1704636,10590544,312296,3646660,15288.772,7969.733,0,601.261,0,29.256,2217,1863,2.680,2.360,1.650,0,0,0,0,0,14,33,0,14,0
04-08 19:51:44,22.622,4.226,71.099,0,0,1704624,10590544,312296,3646672,936.715,0,0,270.474,0,2.983,3135,3172,2.680,2.360,1.650,1,0,0.994,0,0,14,33,0,14,0
04-08 19:51:45,17.762,10.257,71.299,0,0,1637332,10657828,312296,3646680,15105.485,7367.114,0,4.003,0,1.001,2581,1920,2.680,2.360,1.650,1,0,36.025,0,0,14,32,0,14,0
04-08 19:51:46,20.981,5.745,72.433,0,0,1676388,10618768,312300,3646680,15088.115,7612.994,0,75.930,0,2.997,1764,1201,2.540,2.340,1.650,1,0,0,0,0,14,32,0,14,0
04-08 19:51:47,22.177,4.485,72.261,0,0,1710392,10584760,312300,3646684,537.224,0,0,15.947,0,0.997,2107,1659,2.540,2.340,1.650,1,0,0,0,0,14,32,0,14,0
04-08 19:51:48,20.578,8.532,70.769,0,0,1678320,10616764,312356,3646696,15394.543,7635.035,0,578.199,0,37.141,2980,2586,2.540,2.340,1.650,1,0,29.111,0,0,14,32,0,14,0
04-08 19:51:49,16.505,10.253,71.773,0,0,1678820,10616260,312356,3646700,719.235,0,0,8.003,0,1.000,2204,1594,2.540,2.340,1.650,1,0,33.011,0,0,14,32,0,14,0
04-08 19:51:50,23.014,5.003,71.293,0,0,1704200,10590872,312364,3646700,28138.972,582461.313,0,72.043,0,5.003,2297,1710,2.540,2.340,1.650,1,0,0,0,0,14,33,0,14,0
04-08 19:51:51,22.212,5.241,71.379,0,0,1704196,10590872,312364,3646704,804.635,0,0,0,0,0,3216,3276,2.420,2.320,1.640,1,0,1.997,0,0,14,33,0,14,0
04-08 19:51:52,18.028,9.765,71.109,0,0,1667800,10627120,312364,3646852,721.104,0,0,44.067,0,4.006,2951,2345,2.420,2.320,1.640,1,0,43.066,0,0,14,32,0,14,0
04-08 19:51:53,18.738,7.495,72.704,0,0,1694756,10600164,312364,3646852,16326.691,7763.098,0,0,0,0,1783,1329,2.420,2.320,1.640,1,0,0,0,0,14,32,0,14,0
04-08 19:51:54,23.151,5.284,71.718,0,0,1698748,10596172,312364,3646852,1216.933,42.276,0,1433.344,0,270.765,2615,1792,2.420,2.320,1.640,1,0,3.020,0,0,14,33,0,14,0
04-08 19:51:55,22.013,4.699,71.480,0,0,1700480,10594408,312376,3646872,473.896,0,0,87.062,0,1.979,3054,3088,2.420,2.320,1.640,3,0,0,0,0,14,33,0,14,0
04-08 19:51:56,16.283,11.524,70.144,0.251,0,1645064,10649764,312432,3646876,15650.115,7473.336,0,324.666,0,28.058,3513,2838,2.310,2.300,1.640,1,0,60.123,0,0,14,32,0,14,0
04-08 19:51:57,5.997,26.238,66.219,0.250,0,1635572,10659176,312440,3646944,1312.383,0,0,131.938,0,5.997,4335,2472,2.310,2.300,1.640,2,0,161.924,0,0,14,32,0,14,0
04-08 19:51:58,5.757,25.780,66.577,0,0,1636612,10658052,312496,3646968,540.629,148.172,0,452.526,0,27.031,4481,2904,2.310,2.300,1.640,1,0,157.183,0,0,14,32,0,14,0
04-08 19:51:59,6.491,25.215,67.157,0,0,1636240,10658392,312496,3647000,924.726,0,0,0,0,0,4089,2504,2.310,2.300,1.640,1,0,151.791,0,0,14,32,0,14,0
04-08 19:52:00,9.254,30.012,58.524,0,0,1626976,10667632,312504,3647016,42827.709,84374.888,0,116.048,0,7.003,4585,2784,2.310,2.300,1.640,3,0,182.075,0,0,14,34,0,14,0
04-08 19:52:01,35.249,31.999,31.249,0,0,1647576,10646760,312588,3647196,50319.119,26445.011,0,583.978,0,32.999,5075,2973,2.360,2.310,1.650,3,0,156.994,0,0,14,36,0,18,0
04-08 19:52:02,59.858,16.029,24.544,0,0,1768148,10526096,312680,3647192,61005.905,31316.418,0,957.725,0,95.171,4416,2261,2.360,2.310,1.650,4,0,11.020,0,0,14,32,0,20,0
04-08 19:52:03,63.245,12.999,22.748,0,0,1873116,10419540,312748,3648596,45373.070,22792.026,0,271.976,0,11.999,4086,1870,2.360,2.310,1.650,3,0,4.000,0,0,14,32,0,20,0
04-08 19:52:04,62.300,12.359,23.961,2.270,0,1990236,10300148,312800,3650484,29855.483,14855.101,12.107,694.126,2.018,9.080,3643,1614,2.360,2.310,1.650,3,0,1.009,0,0,14,32,0,18,0
04-08 19:52:05,63.767,11.122,22.244,1.483,0,2080204,10206920,312888,3653424,29993.207,14621.911,790.908,3883.358,11.864,95.898,4300,1915,2.360,2.310,1.650,6,0,5.932,0,0,14,32,0,18,0
04-08 19:52:06,53.769,15.858,24.035,2.230,0,2091112,10185036,317492,3659356,30456.643,15560.848,0,26998.566,0,2207.262,13136,17697,2.410,2.320,1.650,5,0,91.185,0,0,14,38,0,18,0
04-08 19:52:07,39.309,21.418,28.977,4.788,0,2090952,10170952,324100,3666544,45128.268,22224.468,0,60664.229,0,3872.399,18749,27282,2.410,2.320,1.650,4,0,120.949,0,0,14,38,0,18,0
04-08 19:52:08,36.042,20.273,31.787,6.508,0,2091248,10158616,330312,3671988,16086.641,7943.204,0,61246.972,0,3744.339,17327,26062,2.410,2.320,1.650,4,0,102.118,0,0,14,38,0,18,0
04-08 19:52:09,35.798,20.527,30.541,6.759,0,2090836,10149544,335776,3675740,30279.235,15514.616,0,47571.213,0,3157.195,15743,23774,2.410,2.320,1.650,4,1,122.162,0,0,14,38,0,13,0
04-08 19:52:10,31.633,19.677,34.373,8.469,0,2091512,10138512,341820,3679712,54798.786,464517.401,0,51588.690,0,3442.235,16367,23743,2.410,2.320,1.650,3,1,59.778,0,0,14,38,0,13,0
04-08 19:52:11,54.043,16.513,20.016,5.504,0,1955796,10264260,346988,3684256,46566.449,132924.899,0,24463.674,0,2344.886,13515,18575,2.540,2.350,1.670,8,1,109.088,0,0,14,36,0,13,0
04-08 19:52:12,37.034,29.276,22.520,6.506,0,1972060,10238052,352120,3688800,45407.086,24388.067,0,45649.306,0,2847.577,14442,21125,2.540,2.350,1.670,7,0,137.124,0,0,14,36,0,13,0
04-08 19:52:13,45.666,19.855,23.330,6.453,0,1997944,10201512,357280,3693920,59369.203,30701.670,0,41989.195,0,2797.559,14488,20600,2.540,2.350,1.670,4,1,63.536,0,0,14,36,0,13,0
04-08 19:52:14,53.860,16.183,23.010,4.299,0,2042400,10150608,360748,3696688,29748.669,14759.029,0,30327.216,0,1985.470,12238,15758,2.540,2.350,1.670,7,0,28.321,0,0,14,36,0,13,0
04-08 19:52:15,44.214,20.120,24.839,6.955,0,2075880,10104996,365856,3703316,29341.329,15207.693,0,55123.664,0,3143.678,15845,21271,2.540,2.350,1.670,2,1,3.974,0,0,14,36,0,13,0
04-08 19:52:16,47.621,16.705,23.686,6.482,0,2087416,10082580,370580,3709096,29859.286,15354.495,0,54133.669,0,3052.748,15165,20672,2.900,2.430,1.690,6,1,5.984,0,0,14,38,0,13,0
04-08 19:52:17,29.055,26.801,33.313,6.512,0,2010368,10152128,375876,3711092,45354.817,23642.735,0,33996.325,0,2656.026,14329,20991,2.900,2.430,1.690,6,1,120.227,0,0,14,36,0,13,0
04-08 19:52:18,32.934,14.833,38.465,7.291,0,2004192,10151024,380928,3713120,44740.585,22292.859,0,44179.442,0,3084.275,14920,21857,2.900,2.430,1.690,4,0,41.231,0,0,14,36,0,13,0
04-08 19:52:19,39.130,12.711,34.395,6.729,0,1990960,10159868,383708,3714612,30186.520,14547.432,0,40635.509,0,2857.247,13089,19471,2.900,2.430,1.690,2,1,53.835,0,0,14,36,0,13,0
04-08 19:52:20,27.850,18.818,51.686,0.251,0,1737956,10412644,383920,3714624,15030.219,7551.240,0,6110.041,0,334.206,4512,3014,2.900,2.430,1.690,2,0,105.380,0,0,14,32,0,13,0
04-08 19:52:21,7.766,24.802,65.388,0.501,0,1719056,10431392,384060,3714632,61208.425,45347.888,0,4437.383,0,216.458,4911,3448,2.740,2.400,1.690,1,0,146.309,0,0,14,32,0,13,0
04-08 19:52:22,23.107,5.023,72.083,0,0,1741984,10408456,384068,3714632,58093.430,602075.989,0,36.167,0,3.014,2188,1369,2.740,2.400,1.690,1,0,1.005,0,0,14,32,0,13,0
04-08 19:52:23,21.404,5.724,71.677,0,0,1774068,10376372,384068,3714632,48033.823,24449.963,0,99.552,0,1.991,1969,1394,2.740,2.400,1.690,1,0,0.996,0,0,14,32,0,13,0
04-08 19:52:24,21.987,4.747,72.458,0,0,1812604,10337836,384068,3714632,29574.660,14583.449,0,0,0,0,1907,1274,2.740,2.400,1.690,1,0,4.997,0,0,14,32,0,13,0
04-08 19:52:25,24.719,3.496,70.912,0,0,1834484,10315924,384088,3714640,46059.561,24759.124,0,215.731,0,17.978,2536,2301,2.740,2.400,1.690,1,0,0,0,0,14,38,0,11,0
04-08 19:52:26,21.488,5.747,72.210,0,0,1678408,10471992,384096,3714640,44471.241,24422.403,0,87.951,0,7.996,2174,1364,2.680,2.390,1.690,1,0,18.989,0,0,14,32,0,11,0
04-08 19:52:27,31.313,15.782,51.854,0,0,1697496,10452884,384108,3714648,60413.647,33154.209,0,396.792,0,27.054,3837,12348,2.680,2.390,1.690,1,0,46.092,0,0,14,32,0,12,0
04-08 19:52:28,21.105,5.528,72.863,0,0,1743104,10407272,384108,3714652,44779.105,23107.128,0,100.501,0,2.010,1856,1301,2.680,2.390,1.690,1,0,1.005,0,0,14,32,0,12,0
04-08 19:52:29,22.610,4.224,72.552,0,0,1778384,10371992,384108,3714652,29588.257,15037.128,0,51.681,0,2.982,1783,1229,2.680,2.390,1.690,1,0,0,0,0,14,32,0,10,0
04-08 19:52:30,22.781,4.006,71.599,0,0,1796460,10353876,384148,3714652,14936.600,7696.615,0,556.768,0,38.052,2085,1681,2.680,2.390,1.690,1,0,4.006,0,0,14,34,0,10,0
04-08 19:52:31,13.720,17.711,67.353,0,0,1744120,10406196,384152,3714660,46318.197,24526.622,0,175.618,0,39.913,3370,1991,2.550,2.370,1.690,4,0,103.774,0,0,14,32,0,10,0
04-08 19:52:32,9.980,44.911,42.166,0,0,1735308,10414972,384172,3714672,60749.677,32767.101,0,323.360,0,17.964,5795,3672,2.550,2.370,1.690,3,0,289.427,0,0,14,32,0,10,0
04-08 19:52:33,11.799,46.441,40.166,0,0,1720496,10429772,384172,3714684,73060.254,589942.547,0,2522.401,0,128.530,6058,3731,2.550,2.370,1.690,3,0,286.180,0,0,14,32,0,9,0
04-08 19:52:34,10.989,45.204,41.458,0,0,1711736,10438520,384172,3714696,61133.343,37759.300,0,11.988,0,2.997,5657,3403,2.550,2.370,1.690,3,0,276.716,0,0,14,32,0,9,0
04-08 19:52:35,10.512,48.055,39.796,0,0,1697664,10452568,384172,3714720,46300.944,28520.613,0,12.014,0,3.003,5545,3412,2.550,2.370,1.690,2,0,298.341,0,0,14,32,0,9,0
04-08 19:52:36,9.251,48.753,39.252,0,0,1685456,10464776,384172,3714720,62116.833,32814.025,0,32.002,0,8.000,5740,3503,2.500,2.370,1.690,2,0,320.020,0,0,14,32,0,9,0
04-08 19:52:37,10.955,48.053,39.090,0,0,1670904,10479324,384172,3714724,62837.726,33381.328,0,27.886,0,6.971,5655,3487,2.500,2.370,1.690,3,0,311.724,0,0,14,32,0,7,0
04-08 19:52:38,7.279,36.899,53.717,0,0,1652236,10497964,384180,3714740,61783.131,32403.185,0,2723.024,0,29.118,5084,3182,2.500,2.370,1.690,2,0,236.959,0,0,14,32,0,7,0
04-08 19:52:39,4.992,13.978,80.123,0,0,1654432,10495768,384180,3714740,46292.798,24375.455,0,3.994,0,0.998,2828,2042,2.500,2.370,1.690,0,0,79.874,0,0,14,32,0,7,0
04-08 19:52:40,4.503,10.256,83.302,1.001,0,1648548,10501564,384212,3714800,51662.029,24701.314,68.042,724.449,8.005,29.018,2370,2273,2.500,2.370,1.690,1,0,38.024,0,0,14,12,0,7,20
04-08 19:52:41,6.005,16.264,75.814,0.250,0,1646176,10503864,384220,3714860,66416.897,593623.601,36.030,780.657,2.002,149.126,3648,2423,2.380,2.340,1.690,2,0,83.070,0,0,14,12,0,7,20
04-08 19:52:42,6.492,22.973,69.170,0,0,1645904,10504128,384220,3714868,61093.353,33784.932,0,0,0,0,4048,2661,2.380,2.340,1.690,1,0,132.846,0,0,14,12,0,7,20
04-08 19:52:43,7.012,23.790,67.362,0,0,1650600,10499424,384220,3714876,64897.078,31524.500,0,12.020,0,3.005,4185,2551,2.380,2.340,1.690,2,0,127.212,0,0,14,12,0,7,20
04-08 19:52:44,6.245,24.729,66.942,0,0,1651092,10498924,384220,3714884,45291.761,23303.811,0,19.983,0,4.996,4162,2553,2.380,2.340,1.690,3,0,128.888,0,0,14,12,0,7,20
04-08 19:52:45,12.229,28.200,57.399,0,0,1658604,10491404,384220,3715332,60305.059,31143.289,0,7.986,0,1.996,5462,5681,2.380,2.340,1.690,2,0,133.765,0,0,14,12,0,7,20
04-08 19:52:46,18.481,21.228,59.189,0,0,1650836,10499136,384220,3715360,29577.486,14874.654,0,123.872,0,3.996,4648,4508,2.270,2.320,1.680,11,0,65.932,0,0,14,12,0,7,20
04-08 19:52:47,18.798,19.550,60.905,0,0,1654828,10495144,384224,3714900,60613.653,31518.418,0,0,0,0,3805,2363,2.270,2.320,1.680,2,0,49.125,0,0,14,12,0,7,20
04-08 19:52:48,26.452,26.956,45.095,0.504,0,1692992,10456092,384236,3715764,61753.947,35162.727,44.339,0,2.015,0,4870,2770,2.270,2.320,1.680,2,0,142.086,0,0,16,12,0,7,20
04-08 19:52:49,6.423,22.233,68.181,0.247,0,1691316,10457616,384236,3715904,45316.873,25628.277,126.481,3.953,0.988,0.988,4061,2737,2.270,2.320,1.680,1,0,124.505,0,0,16,12,0,7,20
04-08 19:52:50,8.533,26.100,64.247,0,0,1692980,10455920,384248,3715916,71685.376,581405.442,0,610.345,0,29.112,4776,3425,2.270,2.320,1.680,2,0,118.455,0,0,16,12,0,7,20
04-08 19:52:51,6.505,24.520,66.555,0,0,1690896,10457908,384256,3716004,61583.685,31944.291,0,100.082,0,6.005,4257,2723,2.170,2.300,1.680,2,0,123.101,0,0,16,12,0,7,20
04-08 19:52:52,14.983,26.719,57.184,0,0,1691724,10457056,384256,3716472,45339.582,22925.495,0,3.995,0,0.999,5126,5594,2.170,2.300,1.680,1,0,107.875,0,0,16,12,0,7,20
04-08 19:52:53,17.272,22.529,58.575,0,0,1695496,10453280,384256,3716476,44856.447,22903.332,0,813.041,0,6.008,4987,5788,2.170,2.300,1.680,3,0,67.086,0,0,16,12,0,7,20
04-08 19:52:54,22.207,24.453,51.401,0.250,0,1726284,10422072,384256,3716372,60793.188,30673.063,3.992,59.885,0.998,1.996,4973,3117,2.170,2.300,1.680,6,0,102.802,0,0,16,12,0,7,20
04-08 19:52:55,13.510,24.268,60.044,0,0,1743156,10405196,384256,3716380,46020.896,27396.178,0,0,0,0,4347,2942,2.170,2.300,1.680,3,0,140.103,0,0,18,12,0,7,20
04-08 19:52:56,6.502,24.258,67.522,0,0,1745852,10402488,384256,3716388,60555.514,33494.793,0,232.075,0,6.002,4385,2981,2.160,2.290,1.680,3,0,134.043,0,0,18,12,0,7,20
04-08 19:52:57,7.005,23.766,66.794,0,0,1752512,10395692,384256,3716520,60978.803,31964.864,0,12.008,0,3.002,4399,3022,2.160,2.290,1.680,1,0,128.084,0,0,18,12,0,7,20
04-08 19:52:58,10.227,23.698,64.607,0,0,1753672,10394524,384256,3716920,60063.295,602490.843,0,11.974,0,2.993,5207,4270,2.160,2.290,1.680,4,0,99.780,0,0,18,12,0,7,20
04-08 19:52:59,20.148,23.381,54.722,0,0,1744336,10403848,384256,3717000,59683.551,30178.563,0,338.280,0,1.990,5601,6280,2.160,2.290,1.680,7,0,70.641,0,0,18,12,0,7,20
04-08 19:53:00,18.530,24.039,55.590,0,0,1753696,10394476,384260,3716528,45062.692,23916.581,0,0,0,0,4454,3229,2.160,2.290,1.680,4,0,95.153,0,0,18,12,0,7,20
04-08 19:53:01,35.300,19.027,45.063,0,0,1844260,10303788,384320,3716544,45793.330,23559.095,0,144.203,0,2.003,3997,2484,2.140,2.290,1.680,14,0,62.087,0,0,20,12,0,7,20
04-08 19:53:02,78.946,21.943,0,0,0,2066652,10080796,384324,3717060,44939.992,22082.582,0,52.462,0,3.027,5144,3584,2.140,2.290,1.680,14,0,0,0,0,20,12,0,1,20
04-08 19:53:03,83.279,16.756,0,0,0,2265180,9882232,384336,3717052,15344.390,7364.587,0,0,0,0,5017,3444,2.140,2.290,1.680,13,0,34.012,0,0,20,12,0,1,20
04-08 19:53:04,82.209,11.494,6.497,0,0,2362752,9783884,384340,3717740,29941.065,15290.373,0,135.932,0,6.997,4941,3643,2.140,2.290,1.680,1,0,30.985,0,0,20,12,0,1,20
04-08 19:53:05,7.462,22.636,67.660,0,0,2365276,9781132,384340,3717904,15857.301,9904.221,0,0,0,0,4062,2986,2.140,2.290,1.680,1,0,127.360,0,0,20,12,0,1,20
04-08 19:53:06,7.508,24.024,66.567,0,0,2362972,9783404,384348,3717916,60821.519,33854.243,0,3879.924,0,542.549,5481,3158,2.050,2.270,1.680,3,0,127.129,0,0,20,12,0,1,20
04-08 19:53:07,8.000,24.501,65.002,0,0,2366212,9780160,384348,3717920,60352.958,31479.021,0,28.001,0,4.000,4389,3138,2.050,2.270,1.680,1,0,117.004,0,0,20,12,0,1,20
04-08 19:53:08,7.490,24.218,66.663,0,0,2366428,9779908,384348,3717936,45808.100,23701.008,0,139.817,0,8.988,4487,3158,2.050,2.270,1.680,1,0,121.841,0,0,20,12,0,1,20
04-08 19:53:09,14.747,33.244,49.991,0,0,2370788,9775496,384348,3718404,71313.964,582771.467,0,719.868,0,93.983,6133,6541,2.050,2.270,1.680,1,0,126.977,0,0,20,12,0,1,20
04-08 19:53:10,19.267,23.020,55.298,0,0,2370796,9775408,384348,3718412,44778.792,22649.622,0,0,0,0,5349,6063,2.050,2.270,1.680,1,0,70.061,0,0,20,12,0,1,20
04-08 19:53:11,21.535,18.280,59.597,0,0,2364428,9781780,384348,3717948,44872.336,23145.828,0,0,0,0,4167,3040,2.050,2.260,1.680,2,0,54.088,0,0,20,12,0,1,20
04-08 19:53:12,24.203,18.963,55.144,0,0,2386916,9759276,384348,3717948,45534.273,25133.577,0,1077.923,0,212.590,4361,2859,2.050,2.260,1.680,1,0,87.831,0,0,20,12,0,1,20
04-08 19:53:13,17.248,12.499,68.742,0,0,2396496,9749272,384352,3718344,60080.432,31278.581,0,163.982,0,2.000,3162,2680,2.050,2.260,1.680,2,0,50.994,0,0,21,12,0,2,20
04-08 19:53:14,16.247,12.248,69.987,0,0,2417556,9728204,384352,3718352,45449.532,24185.494,0,11.998,0,2.999,3054,2559,2.050,2.260,1.680,1,0,43.992,0,0,21,12,0,2,20
04-08 19:53:15,23.353,5.466,70.556,0,0,2462552,9683208,384352,3718352,44113.390,21751.118,0,0,0,0,2311,1886,2.050,2.260,1.680,4,0,0,0,0,21,12,0,2,20
04-08 19:53:16,22.319,6.771,69.464,0,0,2456608,9689140,384360,3718356,15309.120,7547.230,0,316.976,0,21.065,3118,3191,1.960,2.240,1.680,1,0,2.006,0,0,21,16,1,3,10
04-08 19:53:17,21.375,7.705,68.350,0,0,2460232,9685328,384400,3718504,29721.121,15121.534,0,246.558,0,24.855,4142,4745,1.960,2.240,1.680,3,0,0,0,0,21,18,0,5,0
04-08 19:53:18,13.595,18.127,66.716,0.252,0,2429380,9716148,384420,3718508,15929.252,8432.896,0,2211.445,0,351.455,4551,2884,1.960,2.240,1.680,1,0,98.689,0,0,21,14,0,7,0
04-08 19:53:19,7.509,26.281,65.078,0,0,2423408,9722112,384420,3718516,61077.935,37410.673,0,0,0,0,4831,3380,1.960,2.240,1.680,1,0,157.188,0,0,21,14,0,7,0
04-08 19:53:20,7.755,24.015,65.790,0,0,2404124,9741380,384420,3718532,74277.909,592892.465,0,20.012,0,4.002,4899,3644,1.960,2.240,1.680,1,0,134.081,0,0,21,14,0,7,0
04-08 19:53:21,6.986,22.953,67.860,0,0,2401140,9744364,384420,3718532,61576.737,33532.697,0,3.992,0,0.998,4517,3295,1.890,2.220,1.670,1,0,124.742,0,0,21,14,0,7,0
04-08 19:53:22,7.529,23.842,67.008,0,0,2394296,9751192,384420,3718548,46693.461,25170.741,0,8.031,0,2.008,4401,3193,1.890,2.220,1.670,3,0,118.455,0,0,21,14,0,7,0
04-08 19:53:23,8.002,24.007,65.270,0,0,2390092,9755260,384420,3718680,61431.025,31177.656,0,152.047,0,5.002,4597,3301,1.890,2.220,1.670,1,0,119.037,0,0,21,14,0,7,0
04-08 19:53:24,9.238,23.719,65.165,0,0,2388796,9756368,384420,3718868,60745.799,31171.358,0,67.911,0,4.993,4604,3319,1.890,2.220,1.670,2,0,115.849,0,0,21,14,0,7,0
04-08 19:53:25,8.500,23.251,65.003,0,0,2385744,9759352,384420,3718936,46390.956,23386.986,0,8.000,0,2.000,4439,3238,1.890,2.220,1.670,1,0,117.005,0,0,21,14,0,7,0
04-08 19:53:26,13.712,27.673,55.845,0,0,2374888,9770192,384424,3719416,60596.660,30387.582,0,151.579,0,7.978,5905,6447,1.810,2.200,1.670,1,0,118.670,0,0,21,14,0,7,0
04-08 19:53:27,22.231,25.689,49.155,0,0,2384476,9760544,384436,3720608,45025.718,22934.256,0,126.468,0,8.892,5781,8740,1.810,2.200,1.670,5,0,101.768,0,0,21,14,0,7,0
04-08 19:53:28,34.014,21.576,43.914,0,0,2400528,9744396,384440,3719404,55399.808,458536.419,0,4.061,0,1.015,5328,9516,1.810,2.200,1.670,4,0,46.706,0,0,21,14,0,8,0
04-08 19:53:29,47.251,25.750,26.501,0,0,2471196,9673588,384444,3719512,64198.235,147170.832,0,52.001,0,2.000,5112,3030,1.810,2.200,1.670,2,0,90.002,0,0,21,15,0,8,0
04-08 19:53:30,43.205,9.490,45.952,0,0,2548296,9596476,384444,3719520,44345.727,22062.978,0,0,0,0,3322,2019,1.810,2.200,1.670,2,0,0,0,0,21,15,0,7,0
04-08 19:53:31,52.973,6.964,39.046,0,0,2591424,9553188,384444,3719676,29863.024,14713.152,0,0,0,0,4147,3144,1.830,2.200,1.670,2,0,16.912,0,0,21,31,0,7,0
04-08 19:53:32,43.912,9.284,45.669,0.251,0,2617816,9526304,384516,3720080,15715.052,7521.786,88.326,3115.509,1.004,482.783,4525,2932,1.830,2.200,1.670,3,0,4.015,0,0,21,31,0,7,0
04-08 19:53:33,44.625,13.036,41.366,0,0,2643492,9497092,384556,3723184,15704.939,7743.665,0,1239.468,0,103.289,5139,5804,1.830,2.200,1.670,2,0,21.059,0,0,21,30,0,8,0
04-08 19:53:34,8.204,24.115,65.135,0,0,2651604,9488960,384564,3723192,60719.866,33353.166,0,139.220,0,9.944,4654,3416,1.830,2.200,1.670,4,0,129.276,0,0,21,30,0,8,0
04-08 19:53:35,15.828,28.389,53.763,0.502,0,2697144,9443404,384588,3723228,61365.729,33174.575,12.059,1443.072,3.015,22.108,4922,3502,1.830,2.200,1.670,2,0,120.591,0,0,21,30,0,8,0
04-08 19:53:36,13.010,29.273,55.293,0,0,2686960,9453564,384592,3723704,46724.616,23698.571,0,84.066,0,4.003,5791,6338,1.760,2.180,1.670,2,0,147.115,0,0,21,30,0,8,0
04-08 19:53:37,21.758,20.508,56.022,0,0,2691480,9448916,384664,3723684,45416.577,22996.900,0,2296.889,0,110.043,5762,6581,1.760,2.180,1.670,2,0,72.028,0,0,21,30,0,8,0
04-08 19:53:38,15.956,10.970,67.565,4.238,0,2687032,9446580,384696,3729880,48270.174,25141.339,6506.231,1093.015,95.739,10.970,4031,2956,1.760,2.180,1.670,1,1,43.880,0,0,21,30,0,9,0
04-08 19:53:39,15.258,20.511,57.032,4.753,0,2679628,9451712,384696,3732656,71762.920,602825.337,2305.282,4.002,26.014,1.001,5211,6140,1.760,2.180,1.670,1,0,83.046,0,0,22,30,0,9,0
04-08 19:53:40,21.278,22.279,55.822,0,0,2675704,9455612,384696,3732656,44918.105,22759.441,0,0,0,0,4906,5459,1.760,2.180,1.670,1,0,72.093,0,0,22,30,0,9,0
04-08 19:53:41,24.496,22.496,47.992,2.500,0,2752072,9377072,384712,3734272,45662.190,23088.051,2203.623,183.969,45.992,6.999,5107,3749,1.700,2.160,1.660,5,0,84.985,0,0,22,34,0,9,0
04-08 19:53:42,18.232,22.727,57.442,0,0,2752284,9376668,384740,3734424,46015.925,24633.335,0,235.764,0,23.976,4718,3763,1.700,2.160,1.660,1,0,92.907,0,0,22,46,0,9,0
04-08 19:53:43,7.495,22.984,66.453,0,0,2745776,9383148,384740,3734448,61081.426,33392.179,0,15.989,0,2.998,4614,3462,1.700,2.160,1.660,2,0,115.917,0,0,22,46,0,9,0
04-08 19:53:44,17.017,27.027,55.556,0,0,2757228,9371684,384740,3734928,52505.132,27327.654,0,16.016,0,4.004,5306,6274,1.700,2.160,1.660,2,0,108.109,0,0,22,46,0,9,0
04-08 19:53:45,20.250,22.501,55.001,0,0,2733016,9395840,384740,3734920,52814.277,26968.652,0,656.016,0,102.002,5546,6385,1.700,2.160,1.660,2,0,70.002,0,0,22,46,0,9,0
04-08 19:53:46,13.255,22.009,61.775,1.751,0,2725500,9401700,384780,3735956,45880.204,23995.521,1460.580,328.130,32.013,12.005,4293,3706,1.890,2.190,1.680,1,0,125.050,0,0,22,46,0,9,0
04-08 19:53:47,4.234,11.457,82.437,0,0,2722392,9404800,384780,3735964,48369.344,23690.050,0,0,0,0,2845,2664,1.890,2.190,1.680,3,0,62.762,0,0,22,46,0,9,0
04-08 19:53:48,8.780,19.566,66.223,2.759,0,2722668,9402792,384780,3737892,55745.407,464062.105,1729.815,0,20.067,0,4545,3834,1.890,2.190,1.680,1,0,85.287,0,0,24,46,0,9,0
04-08 19:53:49,23.627,23.627,50.736,0,0,2734352,9391044,384780,3738188,48329.613,140105.241,0,31.834,0,2.984,6901,8748,1.890,2.190,1.680,3,0,87.545,0,0,24,46,0,9,0
04-08 19:53:50,14.645,19.610,61.808,2.730,0,2731404,9392080,384784,3739564,60167.797,31923.743,1862.682,7.943,23.830,1.986,4625,3806,1.890,2.190,1.680,4,0,95.318,0,0,24,48,0,9,0
04-08 19:53:51,7.089,32.915,58.234,0,0,2724928,9398524,384788,3739580,52138.470,25979.605,0,206.605,0,8.102,4949,3411,1.810,2.170,1.670,5,0,154.954,0,0,24,48,0,9,0
04-08 19:53:52,6.496,23.486,67.708,0,0,2729304,9394140,384788,3739588,61229.341,33179.593,0,0,0,0,4484,3343,1.810,2.170,1.670,1,0,130.919,0,0,24,48,0,9,0
04-08 19:53:53,7.513,23.039,67.365,0,0,2727284,9396148,384788,3739596,61015.852,33366.792,0,4.007,0,1.002,4361,3335,1.810,2.170,1.670,1,0,125.213,0,0,24,48,0,9,0
04-08 19:53:54,7.750,24.249,65.498,0,0,2729796,9393500,384788,3739732,60818.571,32055.247,0,20.000,0,5.000,4498,3336,1.810,2.170,1.670,1,0,116.997,0,0,24,48,0,9,0
04-08 19:53:55,7.727,23.930,66.306,0,0,2726212,9397076,384788,3739740,45314.715,23062.674,0,79.767,0,7.977,4474,3247,1.810,2.170,1.670,3,0,114.665,0,0,24,48,0,9,0
04-08 19:53:56,16.225,26.209,55.663,0,0,2736284,9386992,384792,3740228,59724.365,30524.145,0,171.731,0,5.991,5224,6015,1.830,2.160,1.670,1,0,105.834,0,0,24,48,0,9,0
04-08 19:53:57,20.524,24.529,52.812,0,0,2724400,9398860,384792,3740232,58271.320,588083.494,0,4.005,0,1.001,5917,6487,1.830,2.160,1.670,2,0,73.086,0,0,24,48,0,9,0
04-08 19:53:58,21.766,21.766,55.791,0,0,2741504,9381764,384792,3739752,45873.121,23431.428,0,0,0,0,4824,3288,1.830,2.160,1.670,2,0,63.047,0,0,24,48,0,9,0
04-08 19:53:59,25.632,29.116,42.804,0,0,2777588,9345656,384800,3739768,60660.567,32976.637,0,63.708,0,1.991,5228,3443,1.830,2.160,1.670,3,0,134.383,0,0,24,48,0,9,0
04-08 19:54:00,28.109,28.109,42.163,0,0,2811588,9311648,384800,3739776,61116.368,31929.488,0,96.373,0,4.016,5169,3305,1.830,2.160,1.670,2,0,133.516,0,0,24,48,0,9,0
04-08 19:54:01,26.963,27.961,43.190,0,0,2851212,9271720,384856,3740016,46252.828,24492.020,0,387.462,0,4.993,5130,3273,1.840,2.160,1.680,4,0,122.830,0,0,24,48,0,9,0
04-08 19:54:02,27.207,32.497,39.299,0.504,0,2876996,9244320,384868,3741496,61578.112,33649.803,12.092,96.735,2.015,3.023,6257,5595,1.840,2.160,1.680,4,0,148.126,0,0,24,52,0,11,0
04-08 19:54:03,26.595,32.063,38.276,0,0,2946000,9175192,384888,3741588,60708.128,31692.739,11.930,10749.165,2.983,1175.131,7260,3410,1.840,2.160,1.680,4,0,151.117,0,0,24,52,0,11,0
04-08 19:54:04,26.675,29.417,42.381,0,0,2984780,9136404,384888,3741588,45651.793,23958.715,0,849.614,0,5.983,5330,3409,1.840,2.160,1.680,5,0,143.597,0,0,24,52,0,11,0
04-08 19:54:05,34.015,27.262,37.767,0.250,0,2990460,9130672,384892,3741632,71804.646,464867.351,4.002,44.020,1.000,1.000,5669,3879,1.840,2.160,1.680,3,0,133.060,0,0,24,52,0,11,0
04-08 19:54:06,17.257,26.010,54.521,0,0,3005096,9115608,384900,3741992,63550.252,144455.127,0,556.212,0,7.003,4934,3496,1.860,2.160,1.680,2,0,118.045,0,0,24,52,0,11,0
04-08 19:54:07,8.596,23.514,66.748,0,0,2997148,9123420,384900,3742124,46644.816,24338.800,0,12.136,0,3.034,4476,3252,1.860,2.160,1.680,2,0,116.304,0,0,24,52,0,11,0
04-08 19:54:08,9.178,23.812,64.244,0,0,2998512,9122032,384916,3742132,60300.921,30717.989,0,1611.305,0,243.085,5100,3500,1.860,2.160,1.680,3,0,119.062,0,0,24,52,0,12,0
04-08 19:54:09,8.740,28.219,60.683,0,0,3000008,9120524,384916,3742140,61170.990,31808.635,0,11.987,0,2.997,4692,3421,1.860,2.160,1.680,2,0,118.868,0,0,24,52,0,12,0
04-08 19:54:10,19.032,22.538,57.348,0,0,2993884,9126632,384916,3742628,45116.750,22458.205,0,4.007,0,1.002,4913,6045,1.860,2.160,1.680,1,0,77.131,0,0,24,52,0,12,0
04-08 19:54:11,20.412,22.680,55.692,0,0,2984748,9135592,384916,3742364,45668.520,22597.379,0,4.032,0,1.008,5310,5980,1.790,2.140,1.670,0,0,73.584,0,0,24,52,0,12,0
04-08 19:54:12,33.833,28.609,35.824,0,0,3025788,9094532,384916,3742740,45491.130,23763.058,0,0,0,0,5698,4040,1.790,2.140,1.670,3,0,87.569,0,0,24,52,0,12,0
04-08 19:54:13,45.390,31.749,20.587,0,0,3114700,9005584,384932,3742760,61092.120,34310.246,0,146.837,0,1.984,5516,3323,1.790,2.140,1.670,5,0,123.026,0,0,24,52,0,12,0
04-08 19:54:14,53.293,29.002,17.103,0,0,3171856,8948080,384940,3743096,74127.013,580019.434,0,15.864,0,3.966,5603,3829,1.790,2.140,1.670,8,0,111.049,0,0,24,52,0,12,0
04-08 19:54:15,51.132,28.825,19.049,0,0,3219868,8899224,384952,3743808,45630.982,25231.237,0,8.021,0,2.005,5252,3284,1.790,2.140,1.670,3,0,104.270,0,0,24,52,0,12,0
04-08 19:54:16,49.922,32.777,17.649,0,0,3259892,8857908,385004,3744948,61112.209,31352.835,0,645.452,0,34.290,5693,3641,1.960,2.170,1.690,3,0,120.014,0,0,24,52,0,11,0
04-08 19:54:17,46.644,31.096,16.300,5.016,0,3291476,8823916,386092,3746268,45911.073,23282.047,1035.203,377.167,136.422,9.028,6528,6516,1.960,2.170,1.690,7,0,125.388,0,0,24,54,0,11,0
04-08 19:54:18,60.024,21.850,17.832,0,0,3352488,8762836,386096,3746272,45394.504,22964.976,0,1330.080,0,4.018,6122,5257,1.960,2.170,1.690,3,0,77.354,0,0,24,56,0,11,0
04-08 19:54:19,44.583,29.970,20.805,0.495,0,3401552,8710212,388076,3747232,44562.224,23676.561,0,9063.235,0,1037.298,10486,12630,1.960,2.170,1.690,6,0,53.500,0,0,24,56,0,11,0
04-08 19:54:20,42.735,32.797,18.138,1.739,0,3424548,8675008,390136,3757056,60830.388,32695.576,0,16481.957,0,1095.219,10602,13695,1.960,2.170,1.690,4,1,104.354,0,0,24,56,0,6,0
04-08 19:54:21,47.969,27.982,18.988,0.999,0,3462152,8632948,392120,3759420,46517.378,26479.138,0,10817.112,0,1331.152,10236,12992,2.450,2.270,1.720,3,0,97.938,0,0,24,56,0,6,0
04-08 19:54:22,48.614,30.166,16.454,1.994,0,3486032,8604688,394196,3761612,60183.719,31607.621,0,8348.656,0,969.290,9634,12250,2.450,2.270,1.720,5,0,100.718,0,0,24,56,0,6,0
04-08 19:54:24,48.781,29.609,15.532,1.456,0,3513572,8573004,395368,3764496,55912.737,557847.889,62.130,6931.331,0.971,589.260,8378,9470,2.450,2.270,1.720,4,0,99.990,0,0,24,58,0,6,0
04-08 19:54:24,69.940,29.271,3.886,0.259,0,3573640,8510488,395460,3766576,62949.701,32329.667,547.082,1156.333,7.253,41.446,6683,6890,2.450,2.270,1.720,4,0,129.518,0,0,24,62,0,9,0
04-08 19:54:25,58.989,33.419,7.848,0,0,3585160,8496056,395524,3769504,53056.089,27646.566,0,2859.850,0,52.660,9014,14347,2.450,2.270,1.720,3,0,128.612,0,0,24,78,0,21,0
04-08 19:54:26,21.116,24.346,52.418,0.248,0,3584552,8496464,395588,3769468,52668.650,26398.916,7.950,1077.182,1.987,40.742,6023,6882,2.330,2.250,1.720,2,0,77.509,0,0,24,78,0,21,0
04-08 19:54:27,23.184,28.419,46.368,0,0,3624832,8456180,395612,3769452,46839.179,24817.097,0,546.439,0,24.929,5598,3579,2.330,2.250,1.720,2,0,110.684,0,0,24,78,0,21,0
04-08 19:54:28,38.792,37.533,22.923,0,0,3692988,8387680,395904,3769488,61342.235,34403.240,0,7407.820,0,242.830,6345,16875,2.330,2.250,1.720,4,0,158.192,0,0,24,78,0,21,0
04-08 19:54:29,29.263,27.527,40.671,0,0,3720668,8359988,395912,3769492,46051.929,24876.474,0,8546.762,0,983.036,6809,3374,2.330,2.250,1.720,3,0,125.979,0,0,24,78,0,21,0
04-08 19:54:30,27.470,29.717,41.454,0,0,3744868,8335796,395912,3769516,60648.771,30889.759,0,11.987,0,2.997,5051,3419,2.330,2.250,1.720,4,0,123.863,0,0,24,78,0,21,0
04-08 19:54:31,31.617,25.800,41.988,0,0,3771164,8309408,395912,3769608,67149.001,470495.260,0,8.094,0,2.024,5237,3607,2.300,2.240,1.720,3,0,112.305,0,0,24,80,0,21,0
04-08 19:54:32,42.799,27.881,27.147,0,0,3769244,8309856,395912,3771076,48399.113,146228.439,0,15.652,0,2.935,7127,9031,2.300,2.240,1.720,7,0,90.001,0,0,24,78,0,22,0
04-08 19:54:33,20.854,26.449,53.153,0,0,3749948,8329076,395916,3771088,45701.321,24306.897,0,0,0,0,5969,5843,2.300,2.240,1.720,3,0,87.486,0,0,24,78,0,23,0
04-08 19:54:34,25.352,31.566,41.259,0,0,3791724,8287280,395924,3771096,60484.673,33721.016,0,11640.004,0,1238.764,7446,3506,2.300,2.240,1.720,3,0,118.309,0,0,24,78,0,23,0
04-08 19:54:35,42.355,34.492,24.094,0,0,3895244,8183736,395968,3771080,47140.889,25469.552,0,588.399,0,38.550,5413,3878,2.300,2.240,1.720,2,0,145.071,0,0,24,82,0,23,0
04-08 19:54:36,31.225,25.773,40.394,0,0,3912760,8166168,395996,3771104,61233.745,33883.604,0,245.835,0,16.852,5222,3587,2.280,2.240,1.720,3,0,122.918,0,0,24,84,0,22,0
04-08 19:54:37,28.326,27.581,41.743,0,0,3929828,8149052,395996,3771148,60449.520,34108.394,0,3.976,0,0.994,5055,3478,2.280,2.240,1.720,3,0,128.212,0,0,24,84,0,22,0
04-08 19:54:38,29.854,26.843,42.899,0,0,3974152,8104704,395996,3771172,45873.415,23959.261,0,32.112,0,7.024,5066,3364,2.280,2.240,1.720,3,0,119.415,0,0,24,86,0,23,0
04-08 19:54:39,30.809,30.809,35.778,0,0,3969392,8108028,396056,3772552,59819.682,31184.429,0,600.274,0,33.790,7015,7197,2.280,2.240,1.720,3,0,122.241,0,0,24,88,0,26,0
04-08 19:54:40,18.521,27.281,51.808,0,0,3971576,8105604,396092,3772752,74046.562,590698.603,0,340.384,0,22.025,5543,4416,2.280,2.240,1.720,4,0,119.134,0,0,24,88,0,25,0
04-08 19:54:41,30.759,31.255,34.480,0,0,3980688,8096416,396156,3773240,46297.629,26778.406,0,472.303,0,38.697,7368,8687,2.340,2.250,1.730,15,0,132.959,0,0,24,91,0,26,0
04-08 19:54:42,43.623,23.703,32.276,0,0,3981344,8095676,396176,3773276,44408.015,22240.318,0,225.933,0,11.095,6145,6339,2.340,2.250,1.730,6,0,30.259,0,0,24,92,0,26,0
04-08 19:54:43,28.476,22.731,47.460,0,0,3988992,8087944,396204,3773076,53472.246,26149.114,0,231.806,0,13.988,5212,4670,2.340,2.250,1.730,5,0,72.939,0,0,24,94,0,26,0
04-08 19:54:44,49.090,26.936,23.915,0,0,4075652,8001256,396220,3773264,54639.954,31445.514,0,213.477,0,10.070,5343,3333,2.340,2.250,1.730,2,0,112.780,0,0,24,95,0,26,0
04-08 19:54:45,42.908,10.727,45.403,0,0,4119916,7956904,396284,3773284,44960.871,22631.612,0,610.694,0,34.925,3598,2829,2.340,2.250,1.730,2,0,0,0,0,24,95,0,26,0
04-08 19:54:46,27.950,17.219,52.406,0.250,0,4135976,7939884,396476,3773980,48689.062,23911.304,0,946.310,0,83.850,4921,4626,2.310,2.240,1.730,2,0,74.866,0,0,24,98,0,27,0
04-08 19:54:47,7.766,23.548,66.385,0,0,4142004,7933840,396492,3773980,57455.660,33187.385,0,144.293,0,8.016,4740,3482,2.310,2.240,1.730,2,0,131.267,0,0,24,98,0,27,0
04-08 19:54:48,7.011,22.284,68.855,0,0,4143736,7932080,396512,3773988,60728.979,33122.713,0,456.699,0,21.032,4473,3389,2.310,2.240,1.730,2,0,112.172,0,0,24,98,0,27,0
04-08 19:54:49,12.015,23.781,62.080,0,0,4145892,7929900,396532,3773992,72882.631,590420.504,0,548.705,0,16.021,5199,4119,2.310,2.240,1.730,2,0,120.154,0,0,24,100,0,27,0
04-08 19:54:50,21.891,28.433,48.562,0,0,4225204,7850548,396560,3774000,46112.217,29704.818,0,169.086,0,14.091,5344,3860,2.310,2.240,1.730,4,0,128.828,0,0,24,102,0,27,0
04-08 19:54:51,11.940,23.383,61.691,0,0,4228664,7847032,396600,3774016,62699.914,34326.049,0,1114.417,0,144.277,5190,3847,2.210,2.220,1.730,4,0,119.402,0,0,24,102,0,27,0
04-08 19:54:52,7.220,22.906,66.726,0,0,4225104,7850564,396620,3774024,60209.209,33132.195,0,103.575,0,8.963,4614,3479,2.210,2.220,1.730,1,0,121.502,0,0,24,102,0,27,0
04-08 19:54:53,14.454,23.924,59.561,0,0,4234108,7841532,396640,3774032,46088.095,24502.430,0,127.596,0,11.962,4739,3444,2.210,2.220,1.730,3,0,125.602,0,0,24,104,0,27,0
04-08 19:54:54,35.340,19.299,43.861,0,0,4262780,7812808,396672,3774048,61480.856,32930.480,0,405.027,0,28.071,4844,3829,2.210,2.220,1.730,3,0,74.188,0,0,24,108,0,27,0
04-08 19:54:55,25.155,6.476,66.997,0,0,4307096,7768456,396704,3774048,44249.854,23481.303,0,187.293,0,19.925,2846,2615,2.210,2.220,1.730,1,0,1.992,0,0,24,108,0,27,0
04-08 19:54:56,30.688,6.340,62.898,0,0,4322356,7753124,396752,3774068,15341.919,7565.961,0,1830.114,0,39.565,3582,3411,2.110,2.200,1.720,1,0,2.029,0,0,24,112,0,27,0
04-08 19:54:57,22.932,5.671,68.549,0.247,0,4322312,7753124,396788,3774076,29186.171,14682.347,0,323.513,0,22.685,3772,4125,2.110,2.200,1.720,1,0,0,0,0,24,114,0,27,0
04-08 19:54:58,19.963,9.233,69.372,0,0,4235872,7839548,396800,3774080,15622.176,7943.344,0,123.772,0,6.987,3285,2888,2.110,2.200,1.720,1,0,32.939,0,0,24,112,0,27,0
04-08 19:54:59,18.894,12.344,67.514,0,0,4266060,7809340,396812,3774088,56093.804,465945.261,0,124.951,0,8.061,3331,2812,2.110,2.200,1.720,1,0,32.245,0,0,24,112,0,27,0
04-08 19:55:00,46.066,12.083,41.284,0.252,0,4302968,7772084,396908,3774316,32533.418,137580.813,0,9287.782,0,1139.828,7860,5800,2.110,2.200,1.720,1,0,9.062,0,0,24,114,0,28,0
04-08 19:55:01,23.036,5.945,68.118,0,0,4318508,7756496,396940,3774328,29598.434,14683.788,0,249.684,0,18.825,3287,3297,2.100,2.200,1.720,2,0,4.954,0,0,24,114,0,28,0
04-08 19:55:02,24.251,6.000,68.752,0,0,4318484,7756496,396952,3774340,15243.419,7362.202,0,132.004,0,9.000,3844,4157,2.100,2.200,1.720,2,0,2.000,0,0,24,116,0,28,0
04-08 19:55:03,22.758,6.752,68.273,0,0,4319532,7755012,397088,3774588,15314.166,7298.462,0,696.235,0,80.027,3647,4174,2.100,2.200,1.720,1,0,0,0,0,24,115,0,28,0
04-08 19:55:04,29.324,9.195,57.405,0.497,0,4323280,7750516,397616,3774788,15166.961,7399.584,0,5463.207,0,400.595,6567,8337,2.100,2.200,1.720,2,0,5.964,0,0,24,118,0,28,0
04-08 19:55:05,26.883,15.682,54.762,0,0,4370808,7702660,397736,3774904,16294.200,8772.881,0,3377.325,0,462.988,5250,5148,2.100,2.200,1.720,5,0,1.991,0,0,24,118,0,26,0
04-08 19:55:06,39.816,8.316,50.652,0.252,0,4397164,7676140,397856,3774944,423.356,0,0,709.626,0,75.599,5505,6275,2.170,2.210,1.730,1,0,1.008,0,0,24,118,0,27,0
04-08 19:55:07,17.524,23.533,57.329,0,0,4327152,7746048,397920,3774972,15115.930,7468.341,0,568.788,0,39.054,4547,3830,2.170,2.210,1.730,3,0,155.215,0,0,24,117,0,28,0
04-08 19:55:08,22.563,32.591,43.372,0,0,4329832,7743308,397936,3774984,300.844,0,0,373.047,0,17.048,5521,4073,2.170,2.210,1.730,2,0,242.681,0,0,24,117,0,29,0
04-08 19:55:09,30.462,29.959,38.266,0,0,4365480,7707376,398052,3774992,45770.739,26361.577,0,1667.613,0,90.631,5469,4187,2.170,2.210,1.730,4,0,183.276,0,0,24,117,0,28,0
04-08 19:55:10,31.895,25.270,39.255,0,0,4375988,7696816,398112,3774968,29479.529,14991.487,0,463.209,0,26.497,5667,4683,2.170,2.210,1.730,6,0,147.206,0,0,24,117,0,28,0
04-08 19:55:11,25.789,10.113,63.714,0,0,4371980,7700772,398148,3774972,30047.599,15218.480,0,606.797,0,22.249,4118,4318,2.160,2.210,1.730,1,0,44.498,0,0,24,120,0,28,0
04-08 19:55:12,20.997,7.749,70.489,0,0,4369436,7703248,398212,3774976,14913.665,7294.858,0,311.951,0,34.995,2933,3139,2.160,2.210,1.730,3,0,0,0,0,24,120,0,28,0
04-08 19:55:13,21.336,7.782,68.779,0.251,0,4368252,7704368,398276,3774980,15156.385,7650.987,0,381.545,0,36.146,3614,4305,2.160,2.210,1.730,2,0,2.008,0,0,24,120,0,28,0
04-08 19:55:14,26.932,10.224,60.598,0,0,4368548,7703932,398380,3775012,14878.573,7652.749,0,794.003,0,80.797,4706,5575,2.160,2.210,1.730,3,0,3.990,0,0,24,120,0,28,0
04-08 19:55:15,34.910,20.594,43.449,0,0,4344880,7727564,398428,3775008,15634.706,8571.311,0,506.322,0,40.184,4815,3516,2.160,2.210,1.730,2,0,86.396,0,0,24,119,0,28,0
04-08 19:55:16,39.673,16.365,41.904,0,0,4405068,7667200,398436,3775160,49076.956,24574.183,0,281.675,0,9.918,3994,2918,2.150,2.210,1.730,5,0,11.902,0,0,24,119,0,28,0
04-08 19:55:17,48.109,9.772,40.843,0,0,4479948,7592280,398464,3775172,41142.532,23236.826,0,408.930,0,28.064,3833,2712,2.150,2.210,1.730,2,0,2.005,0,0,24,121,0,28,0
04-08 19:55:18,25.856,6.713,65.385,0,0,4496296,7575912,398476,3775176,14773.623,7482.279,0,513.139,0,13.922,3046,2880,2.150,2.210,1.730,1,0,0,0,0,24,123,0,28,0
04-08 19:55:19,24.905,5.031,69.936,0,0,4496272,7575912,398492,3775184,15129.350,7490.714,0,253.581,0,15.094,3417,3615,2.150,2.210,1.730,1,0,2.013,0,0,24,121,0,28,0
04-08 19:55:20,15.017,15.517,68.076,0,0,4465260,7606904,398500,3775196,55033.041,469542.799,0,192.213,0,11.012,3589,2927,2.150,2.210,1.730,1,0,55.061,0,0,24,121,0,28,0
04-08 19:55:21,24.243,4.999,69.731,0,0,4483348,7588760,398552,3775200,47637.774,155688.775,0,787.781,0,40.989,2624,2219,2.050,2.190,1.730,2,0,1.000,0,0,24,121,0,28,0
04-08 19:55:22,22.985,5.746,69.454,0,0,4496184,7575900,398572,3775204,14966.143,7423.111,0,599.605,0,96.936,3070,2967,2.050,2.190,1.730,1,0,1.999,0,0,24,121,0,28,0
04-08 19:55:23,24.514,4.503,69.541,0,0,4492680,7579380,398572,3775212,29908.428,14600.508,0,24.014,0,2.001,3256,3426,2.050,2.190,1.730,1,0,0,0,0,24,121,0,28,0
04-08 19:55:24,15.500,14.250,68.500,0,0,4452160,7619864,398596,3775224,15750.101,11656.075,0,208.001,0,19.000,3329,2976,2.050,2.190,1.730,3,0,52.000,0,0,24,121,0,28,0
04-08 19:55:25,23.965,6.490,68.649,0,0,4481256,7590744,398620,3775224,44650.513,21987.752,0,2604.181,0,492.278,3751,2717,2.050,2.190,1.730,1,0,1.997,0,0,24,121,0,20,0
04-08 19:55:26,24.230,5.495,68.943,0,0,4500336,7571636,398640,3775232,29507.767,15005.677,0,227.813,0,19.984,3014,2955,1.970,2.170,1.720,2,0,0,0,0,24,121,0,20,0
04-08 19:55:27,28.081,8.775,62.430,0,0,4496048,7575728,398772,3775288,16866.573,8673.980,0,778.241,0,76.219,4869,5852,1.970,2.170,1.720,4,0,1.003,0,0,24,124,0,20,0
04-08 19:55:28,16.969,15.002,64.189,0.246,0,4403348,7668208,398972,3775304,15174.080,7242.242,0,3411.586,0,196.747,4320,4303,1.970,2.170,1.720,5,0,74.764,0,0,24,123,0,20,0
04-08 19:55:29,31.001,18.042,51.584,0,0,4427772,7643760,398996,3775304,60691.855,31482.801,0,268.337,0,18.296,4177,15420,1.970,2.170,1.720,2,0,44.723,0,0,24,123,0,13,0
04-08 19:55:30,22.717,5.492,69.899,0,0,4461164,7610312,399048,3775308,29609.183,14732.695,0,898.700,0,40.941,2709,2645,1.970,2.170,1.720,3,0,0,0,0,24,124,0,13,0
04-08 19:55:31,22.768,6.505,70.056,0,0,4462388,7609084,399048,3775312,15167.113,7433.937,0,4.003,0,1.001,3398,3625,1.970,2.160,1.730,2,0,2.002,0,0,24,125,0,13,0
04-08 19:55:32,18.747,10.498,69.490,0,0,4444436,7627016,399048,3775332,14973.808,7426.913,0,11.998,0,3.000,3373,2727,1.970,2.160,1.730,1,0,54.992,0,0,24,123,0,13,0
04-08 19:55:33,20.996,7.749,70.738,0,0,4476612,7594836,399052,3775332,45731.231,27165.385,0,95.984,0,5.999,2444,2197,1.970,2.160,1.730,2,0,0,0,0,24,123,0,11,0
04-08 19:55:34,23.249,6.000,69.247,0,0,4505632,7565812,399052,3775336,29782.880,15453.419,0,23.999,0,3.000,3100,3013,1.970,2.160,1.730,1,0,3.000,0,0,24,123,0,11,0
04-08 19:55:35,22.508,6.252,69.776,0,0,4500580,7570860,399052,3775340,30194.065,15473.671,0,0,0,0,3186,3387,1.970,2.160,1.730,1,0,0,0,0,24,125,0,11,0
04-08 19:55:36,27.419,11.217,57.081,0.249,0,4512656,7558136,399452,3775568,16001.737,7436.037,0,2010.063,0,235.305,5964,7602,1.810,2.130,1.720,1,0,0,0,0,24,124,0,11,0
04-08 19:55:37,28.344,8.278,61.956,0.251,0,4461172,7609328,399712,3775596,25734.559,449341.922,0,1244.136,0,121.404,4856,5640,1.810,2.130,1.720,3,0,4.013,0,0,24,123,0,11,0
04-08 19:55:38,19.500,14.750,64.001,0,0,4458880,7611572,399752,3775604,34576.759,142978.140,0,484.011,0,26.001,3607,3053,1.810,2.130,1.720,1,0,52.001,0,0,24,123,0,12,0
04-08 19:55:39,23.515,5.754,70.046,0,0,4479580,7590796,399824,3775604,45332.654,23065.088,0,592.388,0,38.025,2708,2568,1.810,2.130,1.720,2,0,0,0,0,24,123,0,12,0
04-08 19:55:40,23.351,6.528,68.547,0,0,4477444,7592828,399920,3775612,14980.925,7490.463,0,799.465,0,49.213,3625,3941,1.810,2.130,1.720,1,0,2.009,0,0,24,125,0,12,0
04-08 19:55:41,23.028,6.258,68.834,0,0,4475996,7594240,399944,3775620,30357.138,14934.270,0,2551.121,0,426.522,4166,3678,1.830,2.120,1.720,1,0,0,0,0,24,124,0,12,0
04-08 19:55:42,20.127,9.194,67.588,0,0,4476972,7593092,400092,3775644,15105.837,7478.373,0,1093.329,0,87.466,4087,4996,1.830,2.120,1.720,1,0,0,0,0,24,124,0,7,0
04-08 19:55:43,26.239,6.247,65.474,0.250,0,4477468,7592512,400156,3775660,14909.021,7586.957,0,703.718,0,68.972,4507,5689,1.830,2.120,1.720,1,0,1.999,0,0,24,124,0,7,0
04-08 19:55:44,19.736,11.742,67.203,0,0,4477688,7592204,400240,3775660,848.411,147.897,0,723.498,0,68.952,4187,5300,1.830,2.120,1.720,3,0,0.999,0,0,24,124,0,7,0
04-08 19:55:45,29.292,8.512,57.832,0,0,4480456,7589248,400364,3775716,14996.381,7630.880,0,825.177,0,76.109,7245,10173,1.830,2.120,1.720,2,0,1.001,0,0,24,126,0,7,0
04-08 19:55:46,32.668,16.708,48.378,0.249,0,4389968,7679608,400460,3775748,15345.415,9041.267,0,849.863,0,80.797,5863,5832,1.840,2.120,1.720,1,0,78.802,0,0,24,125,0,7,0
04-08 19:55:47,20.715,8.735,69.134,0,0,4422460,7647100,400472,3775752,45628.388,23879.905,0,315.470,0,15.973,2568,2328,1.840,2.120,1.720,1,0,0,0,0,24,125,0,7,0
04-08 19:55:48,23.328,5.212,69.735,0,0,4470580,7598980,400492,3775732,33331.941,16718.582,0,420.893,0,23.824,2392,2094,1.840,2.120,1.720,1,0,0,0,0,24,126,0,7,0
04-08 19:55:49,25.429,7.050,66.719,0,0,4470828,7598504,400556,3775892,28285.628,14720.370,0,1695.909,0,85.601,3527,3597,1.840,2.120,1.720,2,0,2.014,0,0,24,127,0,7,0
04-08 19:55:50,22.770,7.256,67.310,0,0,4472268,7597020,400668,3775824,14989.348,7530.706,0,860.767,0,95.085,4509,5532,1.840,2.120,1.720,4,0,0,0,0,24,126,0,6,0
04-08 19:55:51,23.086,9.285,65.746,0.251,0,4433972,7635076,400928,3775792,15314.200,7618.456,0,5111.090,0,302.128,4586,5434,1.780,2.100,1.720,2,0,19.071,0,0,24,126,0,6,0
04-08 19:55:52,10.014,22.531,65.088,0,0,4434408,7634452,400936,3775968,45883.284,26678.214,0,228.310,0,12.016,4391,3377,1.780,2.100,1.720,2,0,132.179,0,0,24,126,0,6,0
04-08 19:55:53,21.687,7.478,69.797,0,0,4450032,7618828,400964,3775940,44138.591,21956.125,0,1280.275,0,95.722,2683,2377,1.780,2.100,1.720,1,0,0,0,0,24,126,0,6,0
04-08 19:55:54,23.512,7.504,67.533,0,0,4475852,7592912,401020,3775980,30052.775,15041.395,0,380.187,0,40.020,3382,3454,1.780,2.100,1.720,2,0,1.000,0,0,24,126,0,6,0
04-08 19:55:55,24.267,6.505,67.297,0,0,4475768,7592912,401084,3775996,15045.516,7499.241,0,464.325,0,51.036,4290,5089,1.780,2.100,1.720,2,0,2.001,0,0,24,127,0,6,0
04-08 19:55:56,22.206,8.483,67.116,0,0,4476172,7592464,401124,3776000,24317.469,450019.892,0,451.100,0,42.914,4168,4723,1.710,2.080,1.710,1,0,0,0,0,24,127,0,6,0
04-08 19:55:57,24.337,9.189,64.320,0,0,4479104,7589440,401196,3776020,18538.085,142574.981,0,2546.975,0,427.145,5061,5268,1.710,2.080,1.710,4,0,0.993,0,0,24,127,0,7,0
04-08 19:55:58,22.523,8.258,66.817,0,0,4481388,7586976,401284,3776044,14931.014,7369.410,0,724.729,0,68.068,4490,5648,1.710,2.080,1.710,1,0,2.002,0,0,24,127,0,7,0
04-08 19:55:59,23.169,6.296,70.011,0.252,0,4481888,7586472,401316,3776016,15145.524,7498.722,0,370.705,0,22.162,2925,2861,1.710,2.080,1.710,1,0,0,0,0,24,127,0,7,0
04-08 19:56:00,37.503,20.118,39.490,0,0,4488076,7579972,401476,3776140,1684.907,1344.150,0,2459.805,0,165.908,7521,9176,1.710,2.080,1.710,3,0,0.993,0,0,24,127,0,7,0
04-08 19:56:01,41.353,16.541,39.849,0,0,4433376,7634480,401636,3776168,15012.231,7314.140,0,910.257,0,93.231,6397,6487,1.820,2.100,1.720,4,0,73.181,0,0,24,126,0,8,0
04-08 19:56:02,28.867,24.600,43.426,0.251,0,4431684,7635984,401772,3776212,825.348,0,0,1024.155,0,101.411,6878,6805,1.820,2.100,1.720,1,0,125.509,0,0,24,126,0,7,0
04-08 19:56:03,13.999,21.249,63.496,0,0,4432112,7635524,401788,3776212,61224.863,36143.558,0,395.973,0,23.998,4076,3376,1.820,2.100,1.720,1,0,91.994,0,0,24,126,0,7,0
04-08 19:56:04,22.528,5.757,70.087,0.250,0,4481252,7586384,401808,3776192,44813.534,22323.664,0,324.402,0,19.024,2635,2377,1.820,2.100,1.720,2,0,3.004,0,0,24,126,0,7,0
04-08 19:56:05,22.913,7.223,68.241,0,0,4496556,7571012,401856,3776208,15438.466,7517.498,0,1195.467,0,61.766,3180,3178,1.820,2.100,1.720,1,0,0,0,0,24,126,0,7,0
04-08 19:56:06,34.350,13.540,50.648,0,0,4512768,7554744,401864,3776260,29558.438,14995.852,0,176.516,0,16.047,4352,3950,1.910,2.110,1.730,1,0,4.012,0,0,24,126,0,6,0
04-08 19:56:07,13.748,17.498,67.741,0,0,4470076,7597428,401864,3776268,15842.940,8368.912,0,0,0,0,3799,2909,1.910,2.110,1.730,1,0,92.988,0,0,24,126,0,6,0
04-08 19:56:08,7.508,23.026,67.074,0,0,4467752,7599744,401868,3776272,60797.512,33445.139,0,96.107,0,8.009,4587,3482,1.910,2.110,1.730,1,0,129.143,0,0,24,126,0,7,0
04-08 19:56:09,7.997,25.489,63.472,0,0,4472484,7594984,401884,3776284,60788.655,34642.986,0,339.853,0,23.990,4796,3856,1.910,2.110,1.730,2,0,129.944,0,0,24,126,0,7,0
04-08 19:56:10,8.975,25.430,62.828,0.249,0,4469524,7597896,401912,3776304,45183.983,23483.544,0,370.982,0,28.921,4842,3889,1.910,2.110,1.730,1,0,124.658,0,0,24,126,0,5,0
04-08 19:56:11,11.285,25.078,61.442,0,0,4452360,7615012,401924,3776320,62333.396,33040.040,0,329.026,0,20.063,4966,4006,1.840,2.100,1.720,1,0,117.366,0,0,24,126,0,5,0
04-08 19:56:12,14.255,29.259,54.018,0,0,4451928,7615436,401932,3776816,72613.570,577915.590,0,2948.957,0,527.171,6801,6909,1.840,2.100,1.720,1,0,129.042,0,0,24,126,0,5,0
04-08 19:56:13,17.661,23.880,55.719,0,0,4434072,7633276,401940,3776804,44788.324,23079.708,0,147.258,0,6.965,5663,6267,1.840,2.100,1.720,1,0,79.599,0,0,24,126,0,5,0
04-08 19:56:14,21.745,19.996,57.487,0,0,4460172,7607132,401948,3776332,45014.169,23218.929,0,163.964,0,8.998,4561,3276,1.840,2.100,1.720,3,0,58.987,0,0,24,126,0,5,0
04-08 19:56:15,27.021,27.272,43.785,0,0,4505668,7561624,401952,3776340,60863.055,33536.479,0,308.243,0,8.006,5278,3402,1.840,2.100,1.720,3,0,125.099,0,0,24,126,0,5,0
04-08 19:56:16,28.450,26.454,43.174,0,0,4540476,7526800,401956,3776352,60156.542,33748.836,0,55.902,0,3.993,5098,3381,1.850,2.090,1.730,3,0,122.785,0,0,24,126,0,5,0
04-08 19:56:17,32.515,27.763,38.018,0,0,4546236,7520680,401968,3776692,46040.284,23879.039,0,300.139,0,11.005,5864,4745,1.850,2.090,1.730,2,0,120.055,0,0,24,132,0,5,0
04-08 19:56:18,10.046,25.366,63.539,0,0,4546728,7520176,401968,3776700,60443.332,31413.093,0,12.055,0,3.014,4679,3520,1.850,2.090,1.730,1,0,119.545,0,0,24,132,0,5,0
04-08 19:56:19,35.403,34.148,29.126,0,0,4582164,7481692,402036,3779648,45453.749,23266.711,0,847.669,0,44.191,7255,10659,1.850,2.090,1.730,1,0,138.600,0,0,24,138,0,5,0
04-08 19:56:20,11.015,22.765,60.706,0,0,4582472,7481364,402052,3780044,71443.482,470712.733,0,203.660,0,12.729,5637,5098,1.850,2.090,1.730,3,0,94.976,0,0,24,138,0,5,0
04-08 19:56:21,19.887,23.915,55.634,0,0,4586840,7476900,402088,3780052,47770.528,141367.173,0,326.251,0,29.201,5377,5672,1.780,2.080,1.720,4,0,79.549,0,0,24,138,0,5,0
04-08 19:56:22,23.194,22.942,54.204,0,0,4596136,7467524,402104,3779676,46454.801,24088.608,0,262.194,0,14.118,5562,6193,1.780,2.080,1.720,1,0,82.692,0,0,26,138,0,5,0
04-08 19:56:23,48.510,31.594,17.912,0,0,4694900,7368744,402104,3780144,61137.102,34794.184,0,7.961,0,1.990,5522,3415,1.780,2.080,1.720,4,0,136.327,0,0,26,138,0,5,0
04-08 19:56:24,49.320,32.964,17.614,0,0,4773692,7289896,402164,3780140,61411.929,33937.906,0,801.191,0,105.685,6114,4209,1.780,2.080,1.720,4,0,159.030,0,0,26,138,0,5,0
04-08 19:56:26,51.762,26.858,17.824,0,0,4828176,7235216,402324,3780168,59406.493,33889.643,0,2074.398,0,120.128,6108,4458,1.780,2.080,1.720,4,0,127.941,0,0,26,142,0,5,0
04-08 19:56:26,55.989,30.049,14.639,0,0,4841076,7220616,402384,3781768,46580.575,26241.767,0,608.171,0,39.038,7120,8175,2.120,2.140,1.750,2,0,163.343,0,0,26,154,0,5,0
04-08 19:56:27,12.474,24.199,61.371,0,0,4838760,7222692,402404,3781976,60160.221,31473.674,0,395.167,0,24.947,4861,3935,2.120,2.140,1.750,2,0,122.741,0,0,26,156,0,5,0
04-08 19:56:28,14.977,25.211,57.411,0,0,4845220,7216152,402468,3781984,48891.922,23914.788,0,1665.409,0,83.869,4978,3816,2.120,2.140,1.750,4,0,123.807,0,0,26,160,0,5,0
04-08 19:56:29,29.250,31.000,38.250,0,0,4848748,7212572,402500,3781992,69662.578,592368.415,0,579.996,0,37.000,7063,18189,2.120,2.140,1.750,5,0,118.999,0,0,26,160,0,6,0
04-08 19:56:30,21.424,23.692,53.938,0,0,4813936,7247248,402504,3781996,45101.957,22801.007,0,112.916,0,6.049,5547,6091,2.120,2.140,1.750,2,0,83.679,0,0,26,160,0,6,0
04-08 19:56:31,25.011,26.744,46.059,0,0,4863500,7197672,402504,3782012,45481.656,25521.710,0,0,0,0,5397,3384,2.270,2.170,1.760,2,0,114.900,0,0,26,160,0,5,0
04-08 19:56:32,31.276,28.773,38.531,0,0,4911280,7149856,402516,3782032,61219.919,34283.955,0,284.232,0,14.011,8299,3561,2.270,2.170,1.760,4,0,125.102,0,0,26,160,0,5,0
04-08 19:56:33,30.900,28.657,38.376,0,0,4932192,7128916,402532,3782044,62245.403,35123.245,0,8683.875,0,1159.245,7307,3918,2.270,2.170,1.760,2,0,123.600,0,0,26,160,0,5,0
04-08 19:56:34,12.436,25.369,58.946,0,0,4938424,7122584,402544,3782096,60390.115,32366.841,0,135.301,0,7.959,4980,3651,2.270,2.170,1.760,4,0,154.204,0,0,27,162,0,5,0
04-08 19:56:35,10.067,24.160,64.175,0,0,4939372,7121608,402564,3782104,46223.431,24784.304,0,136.908,0,17.113,4793,3643,2.270,2.170,1.760,3,0,134.894,0,0,27,164,0,5,0
04-08 19:56:36,29.996,26.496,42.244,0,0,4964192,7096732,402592,3782128,61033.832,34357.402,0,459.938,0,30.996,5269,4025,2.490,2.220,1.780,2,0,137.982,0,0,27,180,0,5,0
04-08 19:56:37,11.029,25.315,61.660,0,0,4970072,7090832,402592,3782132,58728.952,583607.993,0,12.031,0,3.008,5005,3622,2.490,2.220,1.780,3,0,119.309,0,0,27,180,0,5,0
04-08 19:56:38,8.232,25.695,62.865,0,0,4953872,7107028,402592,3782136,60506.102,31743.850,0,7934.965,0,932.997,6238,3394,2.490,2.220,1.780,1,0,115.751,0,0,27,180,0,6,0
04-08 19:56:39,14.272,27.542,55.834,0,0,4955640,7105228,402640,3782644,60548.419,31349.333,0,769.161,0,49.074,5905,6714,2.490,2.220,1.780,2,0,131.198,0,0,27,180,0,5,0
04-08 19:56:40,18.999,24.999,54.748,0,0,4941204,7119572,402672,3782644,45016.608,22711.298,0,211.993,0,18.999,5623,6353,2.490,2.220,1.780,3,0,82.997,0,0,27,180,0,5,0
04-08 19:56:41,22.957,20.961,54.149,0,0,4963120,7097620,402680,3782164,46136.788,23857.420,0,155.709,0,6.987,4842,3349,2.450,2.220,1.780,2,0,72.864,0,0,27,180,0,5,0
04-08 19:56:42,25.411,29.111,42.680,0,0,5017796,7042944,402680,3782164,59718.360,33050.554,0,39.473,0,2.960,5244,3439,2.450,2.220,1.780,2,0,127.300,0,0,27,180,0,5,0
04-08 19:56:43,28.713,26.446,43.825,0,0,5052504,7007956,402696,3782392,61498.927,34840.291,0,169.255,0,15.112,5267,3691,2.450,2.220,1.780,5,0,133.993,0,0,27,181,0,5,0
04-08 19:56:44,34.463,28.426,34.715,0,0,5065908,6994388,402696,3782556,57497.524,29680.523,0,873.400,0,194.201,5857,4732,2.450,2.220,1.780,1,0,113.703,0,0,27,186,0,6,0
04-08 19:56:45,9.470,24.423,64.794,0,0,5063460,6996832,402696,3782560,49940.581,28051.018,0,15.949,0,3.987,4626,3508,2.450,2.220,1.780,7,0,115.633,0,0,27,186,0,6,0
04-08 19:56:46,37.907,37.154,22.845,0,0,5118796,6938908,402728,3785444,71115.053,592032.312,0,3229.399,0,32.133,9242,13905,2.660,2.260,1.790,3,0,149.621,0,0,27,192,0,6,0
04-08 19:56:47,21.023,22.525,55.311,0,0,5110264,6947380,402740,3785560,44946.742,22671.090,0,384.425,0,8.009,5150,5669,2.660,2.260,1.790,4,0,73.081,0,0,27,192,0,6,0
04-08 19:56:48,17.655,24.867,56.198,0,0,5113948,6943612,402756,3785056,44777.670,22930.925,0,131.295,0,6.963,4560,3867,2.660,2.260,1.790,3,0,72.610,0,0,27,192,0,6,0
04-08 19:56:49,26.616,28.876,42.686,0,0,5158176,6899296,402812,3785072,61220.236,38027.998,0,514.245,0,33.145,5633,4079,2.660,2.260,1.790,4,0,145.636,0,0,27,192,0,6,0
04-08 19:56:50,27.485,28.475,41.846,0,0,5203764,6853692,402816,3785080,60234.204,32422.831,0,106.967,0,8.914,5272,3526,2.660,2.260,1.790,4,0,139.651,0,0,27,192,0,6,0
04-08 19:56:51,29.241,28.736,40.584,0,0,5226332,6831088,402848,3785084,46334.315,24045.889,0,306.523,0,24.199,5712,4498,2.680,2.270,1.800,4,0,143.178,0,0,27,192,0,6,0
04-08 19:56:52,36.235,35.485,26.489,0,0,5274104,6780872,402884,3787436,60790.074,32632.083,0,295.874,0,22.990,7611,9793,2.680,2.270,1.800,1,0,160.931,0,0,27,198,0,6,0
04-08 19:56:53,7.271,25.823,64.432,0.251,0,5268992,6785964,402896,3787444,61047.159,31990.216,0,196.554,0,11.031,4863,3651,2.680,2.270,1.800,3,0,156.441,0,0,27,198,0,6,0
04-08 19:56:54,11.637,27.235,57.936,0,0,5274624,6780252,402968,3787452,64980.963,586589.516,0,926.970,0,139.640,5745,4407,2.680,2.270,1.800,3,0,146.572,0,0,27,200,0,6,0
04-08 19:56:55,16.152,26.247,54.766,0.252,0,5273776,6781056,402996,3787464,55996.948,30141.176,0,339.198,0,27.257,5202,4110,2.680,2.270,1.800,3,0,133.256,0,0,27,204,0,6,0
04-08 19:56:56,8.505,22.514,67.542,0,0,5282828,6771996,402996,3787472,60869.795,33770.969,0,16.010,0,4.002,4673,3502,2.550,2.250,1.800,2,0,126.078,0,0,27,204,0,6,0
04-08 19:56:57,9.224,24.681,63.823,0,0,5272116,6782660,403008,3787492,60211.875,33068.215,0,470.694,0,27.922,4866,3775,2.550,2.250,1.800,3,0,126.648,0,0,27,204,0,6,0
04-08 19:56:58,7.774,24.576,65.451,0,0,5278108,6776636,403020,3787496,45664.551,24074.097,0,236.729,0,12.037,4612,3518,2.550,2.250,1.800,2,0,123.380,0,0,27,204,0,6,0
04-08 19:56:59,8.238,23.966,65.157,0,0,5278708,6775880,403044,3787628,60696.435,31253.426,0,407.419,0,23.966,4716,3742,2.550,2.250,1.800,1,0,110.842,0,0,27,204,0,5,0
04-08 19:57:00,16.271,26.034,56.574,0,0,5290500,6764068,403052,3788140,60109.033,28865.954,0,172.226,0,8.011,5565,6259,2.550,2.250,1.800,1,0,119.157,0,0,27,204,0,5,0
04-08 19:57:01,25.504,23.503,49.007,0.250,0,5297288,6757264,403072,3788124,30267.236,17752.484,0,304.043,0,26.004,6049,6819,2.580,2.270,1.800,1,0,87.012,0,0,27,208,0,5,0
04-08 19:57:02,24.194,24.942,48.637,0,0,5326692,6727796,403080,3787660,60441.431,33316.515,0,111.740,0,8.979,5234,3546,2.580,2.270,1.800,3,0,87.796,0,0,27,210,0,5,0
04-08 19:57:03,41.205,14.734,42.954,0,0,5401504,6652984,403080,3787660,60613.502,585199.646,0,0,0,0,4305,2859,2.580,2.270,1.800,2,0,32.964,0,0,27,210,0,4,0
04-08 19:57:04,45.756,12.319,40.979,0.503,0,5474284,6579160,403088,3788680,45578.584,24108.662,80.449,128.719,3.017,8.045,4431,4342,2.580,2.270,1.800,2,0,4.022,0,0,27,210,0,4,0
04-08 19:57:05,40.195,13.809,43.648,0,0,5556436,6496280,403112,3789368,43794.554,22619.805,0,153.876,0,14.796,3956,3027,2.580,2.270,1.800,2,0,6.905,0,0,27,214,0,4,0
04-08 19:57:06,45.226,13.138,41.183,0,0,5588080,6464544,403124,3789448,16358.183,8941.112,0,218.298,0,7.074,4873,4375,2.540,2.260,1.810,2,0,34.362,0,0,27,216,0,4,0
04-08 19:57:07,32.055,34.521,30.083,0.247,0,5536180,6516004,403272,3789692,44590.196,24476.328,260.386,2189.613,14.795,19.726,5409,3834,2.540,2.260,1.810,5,0,96.659,0,0,27,214,0,4,0
04-08 19:57:08,32.818,57.305,7.068,2.524,0,5521748,6525304,403464,3794296,45815.912,24436.769,2237.681,347.366,144.399,15.147,8147,11992,2.540,2.260,1.810,9,0,165.605,0,0,27,214,0,5,0
04-08 19:57:09,43.358,35.040,20.167,0.252,0,5549452,6495784,403528,3795980,61206.720,33934.383,20.167,1093.031,2.017,165.366,7774,9659,2.540,2.260,1.810,3,0,127.050,0,0,27,215,0,5,0
04-08 19:57:10,49.655,32.362,16.305,0,0,5567520,6477452,403580,3796156,59977.723,33334.792,0,596.852,0,38.538,6689,6185,2.540,2.260,1.810,3,0,126.485,0,0,27,218,0,5,0
04-08 19:57:11,46.488,29.400,21.610,0,0,5573840,6470932,403676,3796252,45555.800,23457.875,0,812.150,0,77.396,6969,6761,2.740,2.310,1.820,9,0,121.622,0,0,27,221,0,6,0
04-08 19:57:12,33.004,30.754,34.505,0.250,0,5479804,6564552,403996,3796332,70581.418,466598.262,0,2744.366,0,219.029,7536,8351,2.740,2.310,1.820,2,0,127.017,0,0,27,220,0,5,0
04-08 19:57:13,26.974,29.971,42.209,0,0,5522884,6521464,403996,3796340,63201.105,152117.028,0,323.683,0,16.983,5123,3598,2.740,2.310,1.820,3,0,119.883,0,0,27,220,0,5,0
04-08 19:57:14,33.973,30.199,34.980,0,0,5559760,6484528,404044,3796832,46137.497,24243.476,0,24839.396,0,2620.236,9936,5933,2.740,2.310,1.820,5,0,131.867,0,0,27,221,0,5,0
04-08 19:57:15,38.319,23.390,35.831,0,0,5555836,6488324,404056,3796740,44059.231,22400.367,0,175.174,0,11.944,6269,6640,2.740,2.310,1.820,4,0,62.704,0,0,27,222,0,5,0
04-08 19:57:16,35.436,27.201,36.434,0,0,5519244,6524868,404088,3796372,44356.050,22559.338,0,387.302,0,40.926,5845,5240,2.680,2.300,1.820,2,0,55.899,0,0,27,220,0,5,0
04-08 19:57:17,65.412,26.920,6.793,0.503,0,5619552,6424532,404200,3796756,62412.379,34514.542,8.051,2898.268,1.006,168.059,5942,4796,2.680,2.300,1.820,4,0,124.787,0,0,27,221,0,5,0
04-08 19:57:18,64.295,14.260,21.265,0,0,5727028,6316940,404208,3796860,29732.903,15154.654,0,136.096,0,7.005,4467,2781,2.680,2.300,1.820,4,0,0,0,0,27,222,0,5,0
04-08 19:57:19,61.150,15.412,20.632,0.746,0,5761308,6281688,404252,3797780,29601.349,15151.166,723.851,628.399,8.949,19.886,5062,3487,2.680,2.300,1.820,3,0,5.966,0,0,27,227,0,5,0
04-08 19:57:20,64.530,14.949,18.437,0.747,0,5775012,6265868,404352,3799432,14865.372,7337.012,0,1925.442,0,108.630,6005,5740,2.680,2.300,1.820,4,0,0.997,0,0,27,229,0,5,0
04-08 19:57:21,43.903,22.077,32.614,0,0,5788440,6252208,404352,3799664,31228.083,16915.086,0,268.939,0,13.046,5362,4206,2.620,2.300,1.820,2,0,93.326,0,0,27,224,0,9,0
04-08 19:57:22,28.018,26.530,43.143,0,0,5799892,6240736,404368,3799668,52058.739,27014.211,0,222.160,0,14.877,5338,3596,2.620,2.300,1.820,3,0,123.973,0,0,27,224,0,9,0
04-08 19:57:23,28.866,27.862,41.416,0,0,5800752,6239848,404384,3799672,66340.640,475146.576,0,678.718,0,32.129,5680,4432,2.620,2.300,1.820,4,0,124.499,0,0,27,224,0,9,0
04-08 19:57:24,28.687,27.680,41.269,0,0,5804424,6236112,404408,3799704,63835.493,148041.575,0,346.254,0,28.183,6051,5313,2.620,2.300,1.820,2,0,110.721,0,0,27,226,0,9,0
04-08 19:57:25,28.715,27.716,41.699,0,0,5757000,6283488,404452,3799716,45207.500,22939.838,0,1745.857,0,192.763,6067,5026,2.620,2.300,1.820,3,0,112.861,0,0,27,224,0,9,0
04-08 19:57:26,35.312,30.804,32.808,0,0,5778920,6261560,404452,3800208,59810.972,31569.406,0,16.028,0,3.005,5909,6765,2.810,2.340,1.840,2,0,126.222,0,0,27,224,0,9,0
04-08 19:57:27,41.347,25.254,31.196,0,0,5807488,6232904,404472,3800244,44243.870,22316.539,0,273.336,0,18.817,6774,6979,2.810,2.340,1.840,5,0,85.170,0,0,27,224,0,9,0
04-08 19:57:28,45.817,29.133,23.406,0,0,5833064,6207252,404484,3799760,46228.962,25022.843,0,239.043,0,17.928,6222,4871,2.810,2.340,1.840,4,0,78.685,0,0,27,228,0,9,0
04-08 19:57:29,47.794,31.695,19.369,0,0,5824876,6215408,404508,3799768,61131.169,33940.854,0,354.179,0,34.211,6081,4605,2.810,2.340,1.840,4,0,136.842,0,0,27,226,0,9,0
04-08 19:57:30,51.394,34.597,13.037,0,0,5898064,6142076,404532,3799896,60343.451,34091.733,0,373.048,0,20.056,5934,14448,2.810,2.340,1.840,3,0,174.490,0,0,27,226,0,10,0
04-08 19:57:32,51.199,30.866,15.433,0,0,5920188,6119224,404564,3800516,44575.714,23328.979,0,556.572,0,30.376,6245,5987,2.830,2.350,1.850,7,0,119.545,0,0,27,233,0,12,0
04-08 19:57:32,33.995,28.627,37.317,0,0,5922768,6115992,404572,3801144,75495.776,604514.211,0,294.450,0,14.314,6415,6290,2.830,2.350,1.850,2,0,120.643,0,0,27,236,0,12,0
04-08 19:57:33,33.542,31.790,32.541,0,0,5878768,6159936,404600,3801668,45490.127,23255.204,0,809.016,0,34.043,7066,7556,2.830,2.350,1.850,2,0,143.180,0,0,27,234,0,12,0
04-08 19:57:34,38.501,19.001,41.251,0,0,5878960,6159556,404608,3801292,44089.366,22102.685,0,236.007,0,11.000,4982,3591,2.830,2.350,1.850,5,0,10.000,0,0,27,234,0,12,0
04-08 19:57:35,39.752,25.251,34.252,0,0,5899032,6139472,404632,3801272,45004.197,23159.131,0,676.033,0,32.002,5686,6938,2.830,2.350,1.850,6,0,80.004,0,0,27,235,0,13,0
04-08 19:57:36,44.342,28.822,22.910,0,0,5935264,6103188,404640,3801316,59761.238,33491.046,0,220.725,0,12.810,6834,4998,2.840,2.360,1.850,6,0,106.421,0,0,27,236,0,13,0
04-08 19:57:37,51.709,34.133,15.029,0,0,5974296,6064156,404644,3801328,64500.569,36539.862,0,1797.343,0,14.265,5786,4246,2.840,2.360,1.850,5,0,129.401,0,0,27,234,0,14,0
04-08 19:57:38,52.357,31.716,15.607,0,0,5995528,6041024,404680,3803164,45333.379,24275.670,0,531.628,0,43.295,6488,6589,2.840,2.360,1.850,3,0,111.763,0,0,27,240,0,17,0
04-08 19:57:39,32.838,28.887,35.307,0,0,6021260,6015164,404704,3803228,60912.472,32005.293,0,481.951,0,29.628,6086,5708,2.840,2.360,1.850,2,0,114.562,0,0,27,240,0,18,0
04-08 19:57:40,28.003,31.253,38.003,0,0,6018500,6017612,404720,3803528,45132.047,23456.103,0,9300.834,0,1660.149,8816,5141,2.840,2.360,1.850,3,0,111.010,0,0,27,242,0,17,0
04-08 19:57:41,32.240,29.241,36.239,0,0,5990024,6046056,404744,3804028,74992.679,587745.062,0,623.814,0,32.990,6937,7555,2.770,2.360,1.860,2,0,131.961,0,0,27,240,0,17,0
04-08 19:57:42,38.866,31.890,27.904,0,0,5982836,6053252,404768,3804024,44788.342,22617.898,0,334.844,0,20.928,5822,5408,2.770,2.360,1.860,10,0,110.618,0,0,27,242,0,17,0
04-08 19:57:43,40.413,23.093,36.146,0,0,6002428,6033540,404804,3803548,44976.736,22980.858,0,646.613,0,28.114,5446,4019,2.770,2.360,1.860,3,0,39.158,0,0,27,242,0,17,0
04-08 19:57:44,45.700,29.556,22.353,0,0,6051660,5984288,404804,3803568,60959.770,33353.022,0,11.922,0,2.980,6127,4746,2.770,2.360,1.860,4,0,117.230,0,0,27,244,0,16,0
04-08 19:57:45,57.996,19.920,22.442,0,0,6108828,5927088,404816,3803584,45120.653,23121.624,0,334.862,0,29.250,4952,3620,2.770,2.360,1.860,4,0,24.207,0,0,27,242,0,16,0
04-08 19:57:46,64.249,13.750,21.250,0,0,6191032,5844512,404844,3803888,29591.551,15017.772,0,5531.916,0,212.997,4855,2942,2.790,2.370,1.860,3,0,3.000,0,0,27,245,0,17,0
04-08 19:57:47,58.571,13.885,27.266,0,0,6237292,5797164,404888,3804864,29943.096,14877.127,0,448.374,0,34.335,5990,6991,2.790,2.370,1.860,3,0,1.010,0,0,27,248,1,20,0
04-08 19:57:48,44.093,9.908,43.102,0,0,6237248,5797164,404920,3804876,15098.528,7623.578,0,384.449,0,30.716,5761,6140,2.790,2.370,1.860,2,0,0,0,0,27,249,1,20,0
04-08 19:57:49,49.944,7.991,40.454,0.250,0,6170212,5864124,404976,3804904,15785.182,7671.341,0,1214.629,0,76.913,4946,4514,2.790,2.370,1.860,3,0,7.991,0,0,27,253,1,20,0
04-08 19:57:50,38.416,19.457,40.411,0,0,6161240,5873048,405012,3804916,32114.599,17813.949,0,415.090,0,31.930,4888,3777,2.790,2.370,1.860,3,0,68.849,0,0,27,254,1,20,0
04-08 19:57:51,27.536,27.035,43.557,0,0,6176804,5857456,405024,3804932,60834.615,33379.685,0,192.252,0,10.013,5675,4379,2.730,2.360,1.860,2,0,123.161,0,0,27,254,1,21,0
04-08 19:57:52,29.175,27.429,41.642,0,0,6163524,5870700,405044,3804944,74625.155,580092.932,0,355.082,0,22.941,6360,5606,2.730,2.360,1.860,4,0,127.670,0,0,27,255,1,21,0
04-08 19:57:53,27.009,29.010,41.264,0,0,6141368,5892816,405064,3804960,45098.077,23159.742,0,956.320,0,23.008,5356,4065,2.730,2.360,1.860,3,0,112.037,0,0,27,254,1,21,0
04-08 19:57:54,28.999,28.249,41.498,0,0,6166224,5867944,405072,3804968,60045.161,31080.531,0,371.982,0,24.999,5488,4048,2.730,2.360,1.860,2,0,113.995,0,0,27,254,1,21,0
04-08 19:57:55,29.303,28.051,41.075,0,0,6173456,5860540,405100,3805108,45165.044,23805.243,0,316.575,0,23.042,5679,4603,2.730,2.360,1.860,4,0,117.213,0,0,27,254,1,21,0
04-08 19:57:56,28.456,26.724,40.828,0,0,6170880,5863084,405116,3805516,59752.971,31569.998,0,673.050,0,86.111,6275,5652,2.590,2.340,1.860,3,0,96.009,0,0,27,255,1,21,0
04-08 19:57:58,34.899,29.206,34.157,0,0,6169672,5864204,405136,3805520,59437.607,30521.239,0,574.229,0,48.512,7083,8196,2.590,2.340,1.860,11,0,126.726,0,0,27,256,1,21,0
04-08 19:57:58,20.684,23.748,55.667,0,0,6159472,5874256,405144,3805264,45516.221,22945.029,0,298.253,0,21.450,5281,5628,2.590,2.340,1.860,1,0,94.991,0,0,28,258,1,21,0
04-08 19:57:59,43.689,30.284,23.830,0,0,6191376,5842256,405220,3805744,45223.119,24710.122,0,2768.296,0,145.961,5950,4413,2.590,2.340,1.860,6,0,109.223,0,0,28,258,1,21,0
04-08 19:58:00,48.632,15.623,35.781,0,0,6228640,5804960,405244,3805752,60868.099,32039.661,0,225.773,0,19.150,4496,3086,2.590,2.340,1.860,2,0,41.325,0,0,28,261,1,21,0
04-08 19:58:01,47.402,11.726,39.169,0,0,6284972,5748344,405268,3805968,56837.923,580435.401,0,391.194,0,8.981,4444,3482,2.620,2.350,1.860,2,0,5.988,0,0,28,261,1,21,0
04-08 19:58:02,48.522,5.972,43.296,0,0,6325328,5707280,405336,3806508,15031.217,7554.426,0,537.469,0,38.817,4021,3346,2.620,2.350,1.860,7,0,6.967,0,0,28,265,1,21,0
04-08 19:58:03,15.380,26.222,56.730,0,0,6322108,5709308,405356,3807640,62100.262,33021.304,0,294.491,0,27.230,6270,6838,2.620,2.350,1.860,1,0,131.109,0,0,28,262,1,22,0
04-08 19:58:04,8.002,15.253,74.515,0,0,6326344,5705056,405368,3807644,61261.256,33707.744,0,928.186,0,18.004,3904,3518,2.620,2.350,1.860,0,0,80.016,0,0,28,263,1,22,0
04-08 19:58:05,4.275,3.772,91.276,0,0,6326516,5704804,405380,3807704,54793.890,24954.866,0,345.995,0,17.099,2105,2838,2.620,2.350,1.860,1,0,2.012,0,0,28,264,1,22,0
04-08 19:58:07,8.418,5.291,80.333,0,0,6326732,5703880,405396,3808380,1072192.545,46460.167,0,5803.192,0,324.217,4772,4156,2.410,2.310,1.850,1,0,4.810,0,0,28,263,1,22,0
04-08 19:58:07,17.279,20.632,62.412,0.258,0,6386748,5640240,405448,3811832,3712331.281,113223.235,0,3466.207,0,654.040,8768,5420,2.410,2.310,1.850,3,0,79.434,0,0,28,263,1,22,0
04-08 19:58:08,9.012,10.014,71.097,0,0,6382700,5634904,405460,3820960,10139083.435,210450.260,0,1662.261,0,17.023,15366,10774,2.410,2.310,1.850,0,0,34.046,0,0,28,263,1,23,0
04-08 19:58:09,6.495,18.485,69.692,0.749,0,6377548,5635036,405476,3825864,2462079.057,75655.500,2282.115,407.663,25.979,31.974,7263,6014,2.410,2.310,1.850,3,0,89.926,0,0,28,262,1,22,0
04-08 19:58:10,8.498,25.995,62.987,0,0,6381252,5631116,405492,3826020,60503.223,33820.858,15.997,267.943,1.000,22.995,5215,4237,2.410,2.310,1.850,2,0,148.969,0,0,28,262,1,22,0
04-08 19:58:11,19.042,11.525,67.900,0,0,6381344,5631024,405508,3826004,58516.016,587417.141,0,300.663,0,28.062,3665,3411,2.300,2.290,1.850,1,0,27.060,0,0,28,262,1,22,0
04-08 19:58:12,27.065,7.201,64.310,0,0,6420104,5592216,405528,3826032,31031.500,16033.206,0,2482.997,0,492.627,3860,2825,2.300,2.290,1.850,2,0,0,0,0,28,263,1,22,0
04-08 19:58:13,28.679,7.044,62.892,0.252,0,6418724,5593584,405548,3826024,29716.382,14683.602,0,342.134,0,29.182,3942,4061,2.300,2.290,1.850,3,0,4.025,0,0,28,272,1,23,0
04-08 19:58:14,23.470,6.242,68.163,0,0,6416660,5595464,405564,3826192,14717.306,7434.556,0,167.787,0,8.989,4146,4794,2.300,2.290,1.850,2,0,0,0,0,28,272,1,23,0
04-08 19:58:15,26.002,5.000,67.506,0,0,6414096,5598004,405564,3826216,15258.308,7296.626,0,40.003,0,4.000,4723,5300,2.300,2.290,1.850,1,0,1.000,0,0,28,272,1,23,0
04-08 19:58:16,24.686,6.732,65.579,0,0,6423268,5588772,405596,3826240,14937.013,7277.006,0,450.823,0,40.893,4696,5540,2.120,2.250,1.840,2,0,2.992,0,0,28,283,1,26,0
04-08 19:58:17,26.451,5.490,65.628,0,0,6424928,5587008,405656,3826280,15007.054,7605.836,0,515.041,0,50.905,4864,5663,2.120,2.250,1.840,2,0,0.998,0,0,28,292,1,26,0
04-08 19:58:18,25.406,7.223,65.259,0,0,6426820,5585064,405684,3826304,422.442,0,0,2419.081,0,463.292,5665,5646,2.120,2.250,1.840,1,0,1.993,0,0,28,299,1,29,0
04-08 19:58:19,28.241,22.644,44.270,3.308,0,6431540,5563628,405732,3842472,15897.597,7575.809,0,16898.003,0,56.992,7514,8906,2.120,2.250,1.840,3,0,109.912,0,0,28,296,1,38,0
04-08 19:58:20,14.585,17.057,66.005,0,0,6369192,5625892,405744,3842532,979.938,0,0,245.232,0,17.799,3939,3151,2.120,2.250,1.840,2,0,94.928,0,0,28,296,1,38,0
04-08 19:58:21,6.738,25.206,64.387,0,0,6366196,5628872,405760,3842532,46235.178,44027.038,0,231.595,0,12.977,4994,3789,2.030,2.230,1.830,0,0,151.735,0,0,28,296,1,34,0
04-08 19:58:22,8.763,25.036,63.842,0,0,6369060,5625952,405800,3842548,61068.889,36686.799,0,1165.678,0,71.102,5623,4590,2.030,2.230,1.830,3,0,217.313,0,0,28,296,1,34,0
04-08 19:58:23,24.836,9.031,65.226,0,0,6411348,5583656,405816,3842536,46878.167,26055.133,0,128.444,0,13.045,3216,3128,2.030,2.230,1.830,1,0,2.007,0,0,28,296,1,34,0
04-08 19:58:24,25.696,4.491,68.356,0,0,6444108,5550844,405840,3842564,29709.545,15583.241,0,291.387,0,30.935,2931,2834,2.030,2.230,1.830,1,0,0,0,0,28,296,1,34,0
04-08 19:58:25,8.007,23.270,66.556,0.250,0,6436332,5558552,405872,3842584,60812.466,34893.531,0,240.203,0,23.019,5163,4336,2.030,2.230,1.830,1,0,120.102,0,0,28,296,1,34,0
04-08 19:58:26,9.740,22.977,65.436,0,0,6415756,5579116,405880,3842588,70448.602,473495.568,0,175.827,0,17.982,5179,4158,1.940,2.210,1.830,1,0,134.867,0,0,28,298,1,34,0
04-08 19:58:27,7.990,23.721,64.920,0,0,6411544,5583272,405944,3842576,50423.928,149983.372,0,898.893,0,60.925,5159,4338,1.940,2.210,1.830,2,0,119.852,0,0,28,298,1,34,0
04-08 19:58:28,7.263,22.790,67.618,0,0,6397032,5597732,405960,3842612,60741.879,33506.405,0,208.363,0,17.030,4686,3664,1.940,2.210,1.830,1,0,114.199,0,0,28,298,1,34,0
04-08 19:58:29,8.011,25.036,64.342,0,0,6389800,5604928,405980,3842628,61034.483,37401.609,0,272.390,0,20.029,4996,3803,1.940,2.210,1.830,1,0,133.191,0,0,28,298,1,34,0
04-08 19:58:30,16.426,21.653,59.731,0,0,6377072,5617656,405980,3842628,59958.216,31458.452,0,39.821,0,2.987,4811,8230,1.940,2.210,1.830,0,0,108.512,0,0,28,298,1,35,0
04-08 19:58:31,10.261,6.257,82.337,0,0,6382328,5612392,405988,3842628,44902.498,22619.927,0,40.042,0,3.003,2311,2539,1.870,2.190,1.820,2,0,11.012,0,0,28,298,1,35,0
04-08 19:58:32,22.771,6.006,69.565,0,0,6426996,5567724,405988,3842628,29559.577,14929.929,0,808.755,0,121.113,2846,2459,1.870,2.190,1.820,3,0,0,0,0,28,298,1,35,0
04-08 19:58:33,23.752,6.001,68.257,0.250,0,6433008,5561688,406004,3842636,30346.044,14593.464,0,208.021,0,19.002,3330,3321,1.870,2.190,1.820,1,0,0,0,0,28,298,1,35,0
04-08 19:58:34,28.475,7.743,62.445,0,0,6435412,5559208,406036,3842672,31336.201,16276.561,0,347.692,0,34.969,4036,4152,1.870,2.190,1.820,3,0,22.980,0,0,28,304,1,31,0
04-08 19:58:35,13.211,16.452,68.299,0,0,6368324,5626276,406048,3842680,15909.205,9001.523,0,63.812,0,5.982,3930,3129,1.870,2.190,1.820,1,0,85.748,0,0,28,304,1,31,0
04-08 19:58:36,5.778,10.802,68.578,12.811,0,6366320,5618492,406156,3851992,57303.778,30083.730,5948.420,192.922,119.571,6.029,3452,3235,1.800,2.170,1.820,1,1,26.125,0,0,28,304,1,31,0
04-08 19:58:37,3.995,6.492,66.169,20.974,0,6372412,5597644,406168,3866644,47155.349,582897.367,14146.705,16399.950,136.833,83.897,3038,3109,1.800,2.170,1.820,2,1,1.998,0,0,28,304,1,31,0
04-08 19:58:38,8.260,7.259,63.077,20.525,0,6392228,5554564,406204,3889756,15496.983,7371.029,21406.221,556.682,195.239,42.052,2944,3210,1.800,2.170,1.820,0,1,0,0,0,28,304,1,30,0
04-08 19:58:39,2.755,3.506,69.371,22.539,0,6392456,5542244,406220,3901748,29703.002,14831.967,11287.762,472.828,101.177,24.042,2456,3046,1.800,2.170,1.820,0,1,0,0,0,28,304,1,30,0
04-08 19:58:40,2.499,4.248,69.710,21.737,0,6392556,5522348,406240,3921384,15450.099,7519.668,18445.373,199.885,181.895,21.987,2640,3118,1.800,2.170,1.820,0,1,1.999,0,0,28,304,1,30,0
04-08 19:58:41,2.495,3.742,70.353,21.705,0,6390180,5499640,406248,3946316,15243.151,7280.787,23339.234,315.341,218.543,13.971,2381,2770,1.810,2.170,1.820,0,1,0,0,0,28,304,1,30,0
04-08 19:58:42,2.757,4.763,68.430,22.309,0,6386832,5488140,406288,3961044,601.586,0,13872.574,5257.862,138.365,694.832,2946,2929,1.810,2.170,1.820,0,1,0,0,0,28,304,1,26,0
04-08 19:58:43,2.248,2.747,69.925,22.476,0,6383540,5481020,406292,3971404,15318.474,7449.963,10069.137,75.918,100.891,8.990,1960,2472,1.810,2.170,1.820,0,1,1.998,0,0,28,304,1,26,0
04-08 19:58:44,4.745,7.491,67.673,17.980,0,6379672,5463340,406320,3992796,15258.659,7501.475,18782.654,387.560,186.788,43.950,2927,3263,1.810,2.170,1.820,1,0,8.990,0,0,28,304,1,27,0
04-08 19:58:45,6.505,6.505,66.297,18.263,0,6377576,5448472,406324,4009668,1990.412,1353.960,15879.262,0,150.106,0,2721,2969,1.810,2.170,1.820,0,1,8.006,0,0,28,304,1,27,0
04-08 19:58:46,2.251,4.001,70.274,21.507,0,6365428,5444244,406324,4025916,31093.729,21009.249,15297.278,0,155.054,0,2443,2663,1.750,2.150,1.820,0,1,2.001,0,0,28,304,1,27,0
04-08 19:58:47,3.755,4.005,69.845,21.780,0,6364736,5427360,406340,4043376,48282.669,24527.360,16834.897,136.185,162.221,16.022,2744,3097,1.750,2.150,1.820,0,1,0,0,0,28,304,1,27,0
04-08 19:58:48,4.489,10.972,69.075,12.219,0,6365592,5414032,406360,4055756,45564.261,27911.102,11602.528,219.443,109.721,11.970,3272,3262,1.750,2.150,1.820,0,1,25.934,0,0,28,304,1,27,0
04-08 19:58:49,2.507,4.011,69.442,21.810,0,6365360,5395384,406368,4074548,30377.173,14847.140,18567.449,84.233,155.431,9.025,2502,2947,1.750,2.150,1.820,1,1,1.003,0,0,28,304,1,27,0
04-08 19:58:50,2.995,3.244,70.630,21.713,0,6365256,5377240,406376,4092704,30169.654,14567.208,17993.377,11.980,165.718,2.995,2262,2719,1.750,2.150,1.820,0,1,0.998,0,0,28,304,1,23,0
04-08 19:58:51,5.995,11.241,67.945,12.490,0,6367708,5362412,406392,4105004,46792.134,27493.751,12090.216,295.761,131.893,20.983,3565,3369,1.690,2.130,1.810,0,1,25.979,0,0,28,304,1,23,0
04-08 19:58:52,2.501,4.252,70.041,21.513,0,6367736,5344280,406396,4123004,44414.090,22062.960,17206.107,80.047,212.125,1.001,2498,2853,1.690,2.130,1.810,0,1,0,0,0,28,304,1,23,0
04-08 19:58:53,3.498,6.997,69.219,18.242,0,6367804,5329160,406396,4137992,29637.765,14879.355,14745.415,51.977,161.928,2.999,2925,2983,1.690,2.130,1.810,1,0,11.995,0,0,28,304,1,23,0
04-08 19:58:54,4.503,6.754,68.044,18.512,0,6367412,5313764,406416,4153696,54941.757,471516.874,15410.029,268.175,170.111,21.014,3569,3637,1.690,2.130,1.810,0,1,7.005,0,0,28,304,1,22,0
04-08 19:58:55,3.988,3.490,68.051,21.936,0,6367552,5303192,406432,4164064,34103.369,147126.179,10301.904,147.569,117.656,20.939,2782,3118,1.690,2.130,1.810,0,1,0.997,0,0,28,304,1,22,0
04-08 19:58:56,8.599,12.899,65.760,12.646,0,6370004,5292864,406432,4171920,31951.163,20963.208,7688.837,8.094,80.935,2.023,3398,3210,1.710,2.120,1.810,1,1,28.327,0,0,28,304,1,22,0
04-08 19:58:57,2.973,2.973,69.860,21.305,0,6367740,5281284,406440,4185676,44323.066,21915.288,13020.749,126.838,166.475,10.900,2455,2884,1.710,2.120,1.810,0,1,0,0,0,28,304,1,22,0
04-08 19:58:58,3.002,5.253,68.792,21.513,0,6367760,5263644,406456,4203216,29879.056,14666.863,16806.156,316.191,213.129,18.011,2670,3073,1.710,2.120,1.810,0,1,0,0,0,28,304,1,22,0
04-08 19:58:59,4.004,8.758,69.066,15.765,0,6370360,5248272,406456,4215924,30093.779,19372.526,12067.540,0,160.153,0,2894,2895,1.710,2.120,1.810,1,1,18.017,0,0,28,304,1,22,0
04-08 19:59:00,2.501,3.501,70.016,21.755,0,6370668,5229636,406456,4234188,44440.030,22054.978,17872.034,44.010,217.049,3.001,2492,2827,1.710,2.120,1.810,1,1,0,0,0,28,304,1,22,0
04-08 19:59:01,4.753,8.755,69.537,16.009,0,6371412,5215528,406464,4247480,15043.016,7299.890,12866.856,76.041,154.082,9.005,2934,2954,1.660,2.110,1.810,0,1,16.009,0,0,28,304,1,22,0
04-08 19:59:02,2.995,4.492,69.881,20.964,0,6371420,5197384,406464,4265536,59458.453,33668.499,17306.443,63.891,207.645,3.993,2832,3007,1.660,2.110,1.810,1,1,3.993,0,0,28,304,1,22,0
04-08 19:59:03,4.001,9.252,68.767,15.754,0,6371908,5186044,406464,4276372,30991.610,18664.583,10610.605,2260.555,131.032,474.116,3796,3116,1.660,2.110,1.810,0,1,16.004,0,0,28,304,1,22,0
04-08 19:59:04,2.249,4.498,70.225,20.743,0,6372384,5166652,406464,4295224,44475.404,22190.219,17745.777,7.997,227.920,1.999,2856,3018,1.660,2.110,1.810,1,0,0,0,0,28,304,1,22,0
04-08 19:59:05,5.508,15.273,67.603,10.266,0,6376524,5153944,406468,4303748,30782.026,19457.726,8280.650,172.263,110.168,6.009,3756,3229,1.660,2.110,1.810,1,0,43.066,0,0,28,304,1,22,0
04-08 19:59:06,6.485,10.725,66.846,13.469,0,6377052,5141596,406480,4315492,56352.585,27740.294,11002.732,163.624,140.677,17.959,3719,3711,1.600,2.090,1.800,6,1,26.938,0,0,28,304,1,21,0
04-08 19:59:07,10.994,8.245,59.216,18.739,0,6375148,5126148,406504,4332748,45874.376,580630.023,16466.443,723.580,207.879,108.937,4597,4569,1.600,2.090,1.800,1,1,5.997,0,0,28,304,1,23,0
04-08 19:59:08,10.758,14.010,60.292,14.010,0,6420520,5072856,406508,4340628,22216.614,11041.760,6896.847,144.101,84.059,12.008,3703,3568,1.600,2.090,1.800,5,0,35.025,0,0,28,304,1,24,0
04-08 19:59:09,8.254,12.255,65.028,12.255,0,6427112,5054972,406524,4351856,53664.350,32648.205,10272.470,308.134,142.062,23.010,4185,4113,1.600,2.090,1.800,1,1,27.012,0,0,28,304,1,24,0
04-08 19:59:10,7.759,10.262,58.820,20.775,0,6427076,5038844,406552,4367908,44601.867,22142.245,15153.962,328.389,197.234,29.034,3264,3264,1.600,2.090,1.800,1,1,6.007,0,0,28,304,1,23,0
04-08 19:59:11,5.246,11.242,69.699,12.991,0,6414220,5041124,406564,4378424,14785.200,7290.674,10100.622,119.912,125.908,6.995,3166,2956,1.640,2.090,1.810,0,1,27.980,0,0,28,304,1,23,0
04-08 19:59:12,2.752,4.253,70.043,21.513,0,6398628,5040872,406572,4394196,45155.824,26494.325,15225.381,236.146,247.152,16.010,2818,2820,1.640,2.090,1.810,0,1,0,0,0,28,304,1,23,0
04-08 19:59:13,3.749,7.748,70.234,15.996,0,6394604,5037092,406580,4401960,29912.303,14816.683,7538.312,31.993,104.976,2.999,2774,2720,1.640,2.090,1.810,2,1,15.996,0,0,28,304,1,23,0
04-08 19:59:14,3.247,4.996,69.439,20.982,0,6375704,5036600,406580,4421288,59693.987,33810.540,19207.264,7.993,186.837,1.998,2946,3013,1.640,2.090,1.810,1,0,1.998,0,0,28,304,1,24,0
04-08 19:59:15,4.752,8.503,70.022,14.755,0,6376108,5025008,406580,4432444,44924.378,26550.497,10895.487,4.001,106.034,1.000,3038,3001,1.640,2.090,1.810,1,1,17.005,0,0,28,304,1,22,0
04-08 19:59:16,4.011,9.025,70.194,15.794,0,6376104,5011916,406580,4445476,29955.827,14927.274,12675.046,0,133.369,0,3084,3001,1.580,2.070,1.800,1,0,15.042,0,0,28,304,1,22,0
04-08 19:59:17,5.224,6.716,67.165,18.408,0,6376004,4996808,406624,4460588,44519.914,24696.801,14925.544,529.359,141.295,50.747,3668,3996,1.580,2.070,1.800,1,1,3.980,0,0,28,304,1,22,0
04-08 19:59:18,8.534,9.538,65.511,14.056,0,6372992,4992048,406628,4468308,58532.350,480382.134,7710.740,120.480,81.324,7.028,3906,3550,1.580,2.070,1.800,1,1,16.064,0,0,28,304,1,22,0
04-08 19:59:19,11.720,9.725,60.097,16.708,0,6373252,4980988,406636,4479052,46362.346,142516.337,10525.290,2513.621,121.691,464.820,4201,3466,1.580,2.070,1.800,1,0,2.992,0,0,28,302,1,13,2
04-08 19:59:20,4.747,8.745,68.960,15.491,0,6373592,4965584,406640,4494048,45383.469,26386.574,13028.384,239.860,144.915,15.991,3229,3122,1.580,2.070,1.800,1,1,15.991,0,0,28,302,1,13,2
04-08 19:59:21,5.265,9.025,69.443,14.791,0,6374720,4951472,406656,4506968,30417.532,18776.180,11608.260,124.346,126.351,10.028,3249,3278,1.540,2.050,1.800,0,1,16.045,0,0,28,302,1,13,2
04-08 19:59:22,2.997,3.746,70.177,21.478,0,6372820,4937612,406660,4522640,45029.941,23091.867,14928.399,43.954,184.807,2.997,2373,2704,1.540,2.050,1.800,0,1,0,0,0,28,302,1,13,2
04-08 19:59:23,3.738,9.220,69.776,14.952,0,6374524,4923764,406660,4534732,36538.937,18821.699,11343.657,0,156.499,0,3111,2959,1.540,2.050,1.800,5,1,17.943,0,0,28,302,1,7,2
04-08 19:59:24,3.766,3.264,70.306,22.096,0,6374756,4912172,406680,4546024,53232.531,31229.832,10923.511,265.153,134.585,22.096,2485,3066,1.540,2.050,1.800,1,1,0,0,0,28,302,1,7,2
04-08 19:59:25,2.499,3.498,69.718,22.240,0,6374696,4903112,406684,4555108,29622.453,15071.108,8728.008,99.954,112.948,11.995,2347,3006,1.540,2.050,1.800,0,1,1.000,0,0,28,302,1,7,2
04-08 19:59:26,3.732,7.713,69.669,16.920,0,6375080,4895440,406684,4562364,15364.110,7584.020,6990.834,11.943,105.499,1.991,2582,2663,1.570,2.050,1.800,2,0,15.924,0,0,28,302,1,7,2
04-08 19:59:27,3.515,5.775,69.548,19.835,0,6375880,4878904,406688,4578016,44940.799,27210.736,14915.991,293.258,212.913,19.082,2752,3116,1.570,2.050,1.800,0,1,2.009,0,0,28,302,1,7,2
04-08 19:59:28,4.246,8.741,69.178,15.983,0,6375384,4866528,406692,4590816,44760.258,27709.064,12119.344,371.612,168.824,21.977,3200,3266,1.570,2.050,1.800,0,1,15.983,0,0,28,302,1,7,2
04-08 19:59:29,6.956,7.950,65.833,17.141,0,6376672,4851156,406696,4604832,31007.726,15991.775,13403.160,35.774,140.113,2.981,3269,3258,1.570,2.050,1.800,4,0,11.925,0,0,28,302,1,7,2
04-08 19:59:30,5.041,8.318,67.046,17.644,0,6388072,4824796,406696,4619744,57920.853,599167.122,14522.306,0,147.199,0,3461,3270,1.570,2.050,1.800,3,1,21.172,0,0,28,302,1,7,2
04-08 19:59:31,17.667,16.920,52.503,10.948,0,6372220,4826368,406704,4633952,45505.846,27309.479,13743.323,67.681,138.349,5.972,4888,13229,1.610,2.050,1.800,1,1,37.822,0,0,28,302,1,7,2
04-08 19:59:32,2.762,4.772,70.066,20.844,0,6371972,4809232,406704,4651256,45470.379,22264.564,17129.369,8.036,159.721,2.009,2758,3027,1.610,2.050,1.800,0,1,2.009,0,0,28,302,1,7,2
04-08 19:59:33,13.199,16.437,66.993,0.747,0,6397832,4782808,406704,4651820,60047.976,32844.185,510.046,83.679,5.977,1.992,3741,3212,1.610,2.050,1.800,3,0,68.737,0,0,28,302,1,7,2
04-08 19:59:34,23.196,6.485,69.339,0,0,6438620,4742012,406708,4651824,44877.120,24654.930,0,131.695,0,7.982,2825,2694,1.610,2.050,1.800,1,0,0.998,0,0,28,302,1,7,2
04-08 19:59:35,23.634,6.034,69.895,0,0,6465836,4714796,406708,4651824,29760.154,14674.918,0,4.023,0,1.006,2640,2413,1.610,2.050,1.800,2,0,3.017,0,0,28,302,1,7,2
04-08 19:59:36,23.243,4.999,70.230,0,0,6504140,4676492,406708,4651824,29582.575,14587.845,0,39.989,0,1.000,2482,2407,1.640,2.050,1.800,4,0,1.999,0,0,28,302,1,7,2
04-08 19:59:37,26.492,3.249,68.729,0,0,6523748,4656836,406740,4651840,30263.551,16336.899,0,403.874,0,40.987,3160,3317,1.640,2.050,1.800,6,0,1.999,0,0,28,306,1,7,2
04-08 19:59:38,27.907,9.632,61.001,0,0,6503284,4677276,406744,4651860,44456.093,22231.010,0,367.487,0,52.357,3252,2798,1.640,2.050,1.800,2,0,6.915,0,0,28,302,1,8,2
04-08 19:59:39,25.705,5.040,68.296,0,0,6539168,4641332,406792,4651868,44898.653,23150.931,0,435.479,0,47.378,3141,3335,1.640,2.050,1.800,1,0,0,0,0,28,302,1,7,2
04-08 19:59:40,24.336,9.032,65.231,0,0,6564472,4615876,406804,4652004,31091.270,16230.564,0,2384.457,0,449.595,3616,3027,1.640,2.050,1.800,2,0,1.004,0,0,28,302,1,7,2
04-08 19:59:41,23.468,5.992,69.157,0,0,6578500,4601700,406812,4652144,29372.330,14638.230,0,247.666,0,12.982,3062,3012,1.590,2.030,1.800,1,0,3.995,0,0,28,305,1,7,2
04-08 19:59:42,27.980,3.781,67.304,0,0,6575460,4604724,406816,4652156,42013.564,601358.199,0,125.028,0,7.058,3679,3490,1.590,2.030,1.800,1,0,1.008,0,0,28,302,1,7,2
04-08 19:59:43,19.088,9.916,69.164,0,0,6466148,4714024,406820,4652164,44821.326,22844.488,0,130.891,0,6.941,2849,2661,1.590,2.030,1.800,1,0,14.874,0,0,28,302,1,7,2
04-08 19:59:44,24.092,5.772,69.012,0,0,6510388,4669784,406820,4652164,44435.919,22294.751,0,341.297,0,16.061,2672,2415,1.590,2.030,1.800,2,0,2.008,0,0,28,302,1,8,2
04-08 19:59:45,25.368,3.482,69.638,0,0,6502472,4677524,406840,4652316,18504.937,7389.639,0,175.091,0,17.907,2524,2418,1.590,2.030,1.800,2,0,0.995,0,0,28,302,1,8,2
04-08 19:59:46,11.306,19.095,68.089,0,0,6492072,4687892,406844,4652344,26999.300,16132.245,514.560,229.140,4.020,5.025,4020,3279,1.620,2.030,1.800,1,0,89.445,0,0,28,302,1,8,2
04-08 19:59:47,8.504,25.513,63.533,0,0,6480940,4699012,406856,4652336,60739.629,34137.777,0,388.202,0,15.008,5011,3998,1.620,2.030,1.800,1,0,132.069,0,0,28,302,1,7,2
04-08 19:59:48,7.248,24.745,65.736,0,0,6475452,4704484,406864,4652344,60801.883,33116.856,0,219.953,0,11.997,4954,4010,1.620,2.030,1.800,4,0,149.968,0,0,28,302,1,7,2
04-08 19:59:49,7.975,23.674,65.292,0,0,6460456,4719408,406872,4652404,52986.956,55405.241,0,139.555,0,8.971,5011,3975,1.620,2.030,1.800,2,0,146.533,0,0,28,302,1,7,2
04-08 19:59:50,13.009,19.263,65.543,0,0,6456836,4722948,406940,4652416,54639.090,31592.867,0,1825.206,0,109.072,4631,3985,1.620,2.030,1.800,1,0,101.067,0,0,28,302,1,7,2
04-08 19:59:51,26.795,8.014,64.609,0,0,6451168,4728616,406940,4652416,47181.808,24991.273,0,40.068,0,4.007,3342,3050,1.650,2.030,1.800,3,0,17.029,0,0,28,302,1,7,2
04-08 19:59:52,21.275,8.658,67.783,0,0,6447332,4732296,406940,4652572,55844.384,556605.288,0,98.953,0,2.969,3099,2936,1.650,2.030,1.800,1,0,17.812,0,0,28,302,2,7,2
04-08 19:59:53,16.661,4.039,79.014,0,0,6454556,4721080,406944,4656108,51639.373,24964.416,0,226.187,0,6.059,2264,2281,1.650,2.030,1.800,1,0,3.029,0,0,28,303,1,7,2
04-08 19:59:54,22.746,6.999,68.989,0,0,6449668,4722316,406964,4658828,45684.832,23546.305,0,1339.790,0,32.995,3050,3088,1.650,2.030,1.800,3,0,2.000,0,0,28,302,1,7,2
04-08 19:59:55,23.238,10.609,63.399,0,0,6451556,4720028,406976,4659172,45198.607,22868.054,0,198.027,0,12.124,7157,13021,1.650,2.030,1.800,1,0,7.072,0,0,28,302,1,7,2
04-08 19:59:56,19.310,10.397,68.078,0,0,6443684,4726912,406976,4659984,29744.570,14514.811,0,1786.377,0,366.386,3289,2535,1.600,2.010,1.790,2,0,8.912,0,0,28,302,1,7,2
04-08 19:59:57,13.377,2.776,83.541,0,0,6443644,4726912,406992,4660008,50904.211,27109.809,0,625.929,0,23.220,2250,2587,1.600,2.010,1.790,0,0,0,0,0,28,303,1,7,2
04-08 19:59:58,20.921,10.212,64.757,0,0,6464600,4705744,407000,4660176,46624.761,30565.121,0,426.397,0,14.944,7330,13787,1.600,2.010,1.790,1,0,5.978,0,0,28,303,1,7,2
04-08 19:59:59,17.941,10.964,69.273,0,0,6462540,4707728,407000,4660244,29435.359,14691.765,0,283.071,0,5.980,2957,2563,1.600,2.010,1.790,1,0,12.957,0,0,28,303,1,7,2
04-08 20:00:00,29.618,11.947,56.996,0,0,6430876,4739256,407028,4660344,29698.686,14885.681,0,533.623,0,30.863,3882,3642,1.600,2.010,1.790,3,0,2.987,0,0,28,303,0,7,2
04-08 20:00:01,18.288,10.773,68.895,0.251,0,6383184,4793704,407144,4654392,38212.193,18091.968,0,982.061,0,36.076,3343,3178,1.550,1.990,1.790,4,0,37.078,0,0,28,302,1,7,2
04-08 20:00:02,9.735,23.465,64.404,0,0,6380068,4796804,407144,4654408,55184.794,33515.074,0,3.994,0,0.999,4956,4167,1.550,1.990,1.790,1,0,145.783,0,0,28,302,1,7,2
04-08 20:00:03,14.529,19.289,64.630,0,0,6390528,4786340,407144,4654412,70658.606,471643.892,0,4.008,0,1.002,4256,3584,1.550,1.990,1.790,2,0,91.184,0,0,28,302,1,7,2
04-08 20:00:04,24.087,5.463,68.538,0,0,6427236,4749628,407156,4654404,46062.238,153776.538,0,452.944,0,21.853,2841,2666,1.550,1.990,1.790,3,0,0,0,0,28,302,1,7,2
04-08 20:00:05,25.601,6.275,67.517,0,0,6448368,4728212,407156,4654688,15878.903,9543.807,0,72.286,0,4.016,2840,2539,1.550,1.990,1.790,2,0,3.012,0,0,28,302,1,7,2
04-08 20:00:06,23.040,7.263,68.869,0,0,6425672,4750896,407156,4654700,30630.750,16328.119,0,0,0,0,3355,3213,1.510,1.980,1.790,2,0,20.035,0,0,28,302,1,10,2
04-08 20:00:07,12.763,20.271,64.316,0,0,6421120,4755396,407168,4654708,60295.698,32917.683,0,176.180,0,16.016,4431,3770,1.510,1.980,1.790,1,0,98.100,0,0,28,302,1,10,2
04-08 20:00:08,25.761,8.917,62.917,0,0,6454864,4720736,407172,4655620,29895.840,15304.118,0,245.722,0,14.862,2998,2960,1.510,1.980,1.790,3,0,4.954,0,0,28,302,1,9,2
04-08 20:00:09,33.750,9.500,55.250,0,0,6487096,4688452,407180,4655664,30577.145,15262.072,0,1144.005,0,122.001,4536,4666,1.510,1.980,1.790,1,0,7.000,0,0,28,303,1,11,2
04-08 20:00:10,23.648,20.126,55.094,0,0,6463484,4712964,407180,4654768,15129.498,7637.704,0,189.182,0,19.119,4372,3865,1.510,1.980,1.790,1,0,76.478,0,0,28,302,1,11,2
04-08 20:00:11,22.731,9.598,67.183,0,0,6469544,4706776,407180,4654896,56268.245,370825.274,0,3022.741,0,567.774,4019,2992,1.470,1.960,1.780,1,0,2.021,0,0,28,302,1,11,2
04-08 20:00:12,23.831,4.965,69.259,0,0,6481692,4694600,407196,4654908,29593.353,14759.440,0,544.145,0,32.768,2859,2628,1.470,1.960,1.780,1,0,0,0,0,28,302,1,10,2
04-08 20:00:13,27.221,5.244,66.429,0,0,6478328,4697940,407200,4654928,31160.482,16089.693,0,35.961,0,2.997,2990,2816,1.470,1.960,1.780,1,0,0,0,0,28,302,1,10,2
04-08 20:00:14,15.478,14.479,68.152,0,0,6416612,4759648,407200,4654936,44928.676,24063.549,0,23.966,0,4.993,3435,3136,1.470,1.960,1.780,2,0,57.917,0,0,28,302,1,11,2
04-08 20:00:15,23.315,5.766,70.195,0,0,6461372,4714888,407200,4654936,29800.813,16870.882,0,0,0,0,2474,2395,1.470,1.960,1.780,3,0,1.003,0,0,28,302,1,11,2
04-08 20:00:16,24.155,4.781,69.949,0,0,6467212,4708908,407200,4655076,30548.926,15175.327,0,161.033,0,5.032,2978,2885,1.430,1.940,1.780,1,0,0,0,0,28,302,1,14,2
04-08 20:00:17,18.419,11.201,68.449,0,0,6472560,4703552,407208,4655076,25937.895,12170.460,0,87.615,0,8.961,3294,3197,1.430,1.940,1.780,3,0,33.851,0,0,28,302,1,14,2
04-08 20:00:18,23.461,5.241,70.134,0,0,6503012,4673084,407220,4655080,33543.441,18898.698,0,199.669,0,11.980,2616,2611,1.430,1.940,1.780,2,0,0,0,0,28,302,1,14,2
04-08 20:00:19,24.953,4.991,68.120,0,0,6514064,4661976,407252,4655104,29715.507,15304.904,0,383.271,0,41.920,3447,3646,1.430,1.940,1.780,1,0,0,0,0,28,302,1,14,2
04-08 20:00:20,18.121,12.836,68.459,0,0,6481704,4694320,407260,4655112,45926.894,26123.129,0,40.270,0,4.027,3468,3085,1.430,1.940,1.780,1,0,49.331,0,0,28,302,1,14,1
04-08 20:00:21,24.148,5.477,69.208,0,0,6481052,4694968,407260,4655116,44087.849,22668.288,0,35.849,0,2.987,2662,2411,1.390,1.930,1.770,2,0,0,0,0,28,302,1,14,1
04-08 20:00:22,23.981,5.746,69.196,0,0,6497228,4678788,407284,4655096,15862.712,7614.102,0,591.542,0,28.978,2891,2775,1.390,1.930,1.770,1,0,0,0,0,28,302,1,16,1
04-08 20:00:23,19.748,11.249,67.993,0,0,6461776,4714192,407300,4655128,30786.037,16140.446,0,143.986,0,17.998,3328,3105,1.390,1.930,1.770,1,0,33.997,0,0,28,302,1,16,1
04-08 20:00:24,27.144,7.222,64.001,0.249,0,6465716,4710216,407328,4655136,45677.235,24690.909,0,338.682,0,32.872,3380,3474,1.390,1.930,1.770,1,0,0,0,0,28,302,1,16,1
04-08 20:00:25,24.060,6.015,69.172,0,0,6467668,4708240,407336,4655152,29786.278,14953.289,0,88.220,0,12.030,2979,3002,1.390,1.930,1.770,1,0,1.002,0,0,28,302,1,16,1
04-08 20:00:26,24.770,4.754,68.305,0,0,6409976,4765888,407364,4655168,15047.139,7301.891,0,220.178,0,26.021,3272,3340,1.360,1.910,1.770,1,0,5.004,0,0,28,302,1,16,1
04-08 20:00:27,7.759,24.529,65.326,0,0,6413020,4762836,407372,4655168,60832.776,34199.790,0,104.121,0,11.013,5046,4230,1.360,1.910,1.770,2,0,157.183,0,0,28,302,1,16,1
04-08 20:00:28,5.745,5.995,86.674,0.250,0,6412068,4763660,407452,4655216,50616.658,26493.790,0,975.146,0,49.956,2393,2961,1.360,1.910,1.770,0,0,18.983,0,0,28,304,1,16,1
04-08 20:00:29,6.499,15.248,75.240,0,0,6389304,4786292,407504,4655296,64151.476,481815.980,0,267.964,0,19.997,4231,3838,1.360,1.910,1.770,1,0,84.989,0,0,28,302,1,17,1
04-08 20:00:30,6.003,9.505,82.798,0,0,6391516,4784080,407508,4655292,73347.400,356158.886,0,108.062,0,6.003,2919,2891,1.360,1.910,1.770,1,0,42.024,0,0,28,304,1,17,1
04-08 20:00:31,18.648,26.356,52.462,0,0,6401160,4774416,407512,4658824,46351.961,25179.997,0,59.673,0,2.984,5094,12292,1.410,1.910,1.770,6,0,139.237,0,0,29,303,1,18,1
04-08 20:00:32,12.019,21.033,63.851,0,0,6393336,4782180,407536,4655352,60977.225,34234.023,0,420.664,0,27.043,4775,4561,1.410,1.910,1.770,4,0,106.168,0,0,28,302,1,18,1
04-08 20:00:33,20.225,8.739,69.664,0,0,6424096,4746212,407748,4659716,44910.362,22248.437,0,31.960,0,3.995,2790,2696,1.410,1.910,1.770,2,0,4.994,0,0,28,302,1,18,1
04-08 20:00:34,23.630,7.711,66.911,0.249,0,6428304,4736912,408012,4664000,55953.172,29460.559,0,2913.222,0,43.778,3171,3016,1.410,1.910,1.770,2,0,0.995,0,0,28,302,1,18,1
04-08 20:00:35,24.734,7.824,66.631,0.252,0,6444092,4718008,408136,4666412,36097.962,18812.211,0,775.345,0,14.134,3220,2983,1.410,1.910,1.770,1,0,20.191,0,0,28,303,1,18,1
04-08 20:00:36,14.496,2.749,81.480,0,0,6435808,4725960,408176,4666652,39477.379,18571.474,0,503.877,0,23.994,2205,2465,1.380,1.900,1.770,1,0,0,0,0,28,303,1,18,1
04-08 20:00:37,22.998,6.499,69.243,0.250,0,6435628,4722612,408252,4669888,16574.206,7535.185,0,531.942,0,29.997,2902,2752,1.380,1.900,1.770,1,0,2.000,0,0,28,302,1,18,1
04-08 20:00:38,12.005,16.256,67.527,1.751,0,6399404,4755512,408384,4673020,31739.456,18147.122,1352.531,3257.278,21.008,96.038,4953,4766,1.380,1.900,1.770,2,0,97.038,0,0,28,302,1,19,1
04-08 20:00:39,15.205,25.924,55.337,0,0,6414348,4740484,408412,4673056,55516.334,503290.264,0,311.083,0,21.935,5567,4625,1.380,1.900,1.770,2,0,147.565,0,0,28,302,1,19,1
04-08 20:00:40,15.796,16.047,67.448,0,0,6415076,4739732,408432,4673060,60419.062,31081.085,0,1713.020,0,101.297,3964,3549,1.380,1.900,1.770,1,0,60.176,0,0,28,302,1,19,1
04-08 20:00:41,23.512,5.503,70.035,0,0,6455140,4699664,408436,4673060,29666.829,14893.444,0,108.054,0,7.004,2668,2485,1.350,1.880,1.760,1,0,2.001,0,0,28,302,1,18,1
04-08 20:00:42,24.143,4.978,68.944,0,0,6463884,4690868,408468,4673076,29905.247,14658.927,0,318.586,0,19.912,3175,3139,1.350,1.880,1.760,4,0,0,0,0,28,302,1,18,1
04-08 20:00:43,18.586,12.558,67.311,0,0,6444388,4710356,408468,4673084,30407.365,18812.843,0,3046.061,0,585.704,4265,3021,1.350,1.880,1.760,1,0,47.218,0,0,28,302,1,18,1
04-08 20:00:44,22.898,6.222,69.689,0,0,6476504,4678236,408468,4673088,29519.239,14805.913,0,87.609,0,4.978,2558,2438,1.350,1.880,1.760,2,0,1.991,0,0,28,302,1,19,1
04-08 20:00:45,23.591,5.521,70.021,0,0,6478688,4676032,408480,4673092,29875.797,14881.681,0,100.389,0,13.051,2792,2680,1.350,1.880,1.760,4,0,1.004,0,0,28,302,1,18,1
04-08 20:00:46,25.715,6.741,65.910,0,0,6420956,4733744,408480,4673112,31649.921,16532.497,0,0,0,0,3446,3222,1.320,1.870,1.760,5,0,13.981,0,0,28,302,1,18,1
04-08 20:00:47,22.253,7.251,69.009,0,0,6463124,4691540,408496,4673112,44337.616,22022.789,0,96.012,0,10.001,2752,2758,1.320,1.870,1.760,3,0,2.000,0,0,28,302,1,18,1
04-08 20:00:48,22.743,5.748,69.729,0,0,6483272,4671384,408508,4673108,30009.884,14815.500,0,363.889,0,41.987,2741,2678,1.320,1.870,1.760,3,0,0,0,0,28,302,1,18,1
04-08 20:00:49,26.209,11.482,59.656,0.250,0,6479536,4674552,408980,4673192,15082.218,7755.771,0,4620.714,0,340.463,6436,8644,1.320,1.870,1.760,1,0,0.998,0,0,28,303,1,18,1
04-08 20:00:50,27.036,8.011,63.335,0,0,6460952,4692980,409096,4673228,45973.657,26377.376,0,616.827,0,80.107,4078,4565,1.320,1.870,1.760,2,0,7.009,0,0,28,302,1,18,1
04-08 20:00:51,23.505,6.001,68.764,0,0,6458960,4694932,409136,4673228,44608.179,22996.732,0,188.039,0,20.004,2915,2844,1.300,1.850,1.750,1,0,0,0,0,28,302,1,18,1
04-08 20:00:52,24.950,5.292,69.052,0.252,0,6472832,4681040,409168,4673216,29894.067,14872.941,0,600.805,0,30.242,3336,3301,1.300,1.850,1.750,2,0,0,0,0,28,303,1,18,1
04-08 20:00:53,21.806,9.416,66.408,0,0,6472712,4680936,409220,4673384,24765.244,434611.897,0,265.632,0,36.673,4522,5515,1.300,1.850,1.750,3,0,1.982,0,0,28,303,1,18,1
04-08 20:00:54,24.810,7.595,65.824,0,0,6400752,4752756,409324,4673416,20382.035,177537.482,0,955.962,0,102.280,4707,5623,1.300,1.850,1.750,2,0,9.114,0,0,28,302,1,18,1
04-08 20:00:55,7.176,26.973,62.607,0.247,0,6406988,4746492,409340,4673424,60267.209,32555.735,0,186.089,0,15.837,5394,4434,1.300,1.850,1.750,1,0,165.303,0,0,28,302,1,18,1
04-08 20:00:56,8.736,25.708,63.396,0,0,6394836,4758640,409340,4673428,61184.317,31877.543,0,171.717,0,14.975,5124,3927,1.270,1.840,1.750,1,0,162.732,0,0,28,302,1,18,1
04-08 20:00:57,11.262,27.030,58.565,0,0,6389956,4763444,409440,4673400,58386.604,31239.566,0,3087.416,0,153.169,5742,4858,1.270,1.840,1.750,2,0,172.191,0,0,28,302,1,18,1
04-08 20:00:58,8.506,25.517,64.293,0,0,6393588,4759772,409440,4673440,50329.821,26047.504,0,16.011,0,4.003,5085,3922,1.270,1.840,1.750,1,0,167.112,0,0,28,302,1,18,1
04-08 20:00:59,8.723,26.170,62.559,0,0,6390400,4762956,409440,4673444,60635.094,31994.433,0,111.659,0,5.982,5131,3929,1.270,1.840,1.750,2,0,164.498,0,0,28,302,1,18,1
04-08 20:01:00,7.500,26.248,63.996,0,0,6383712,4769620,409452,4673452,61115.144,31779.995,0,439.972,0,20.999,5044,3905,1.270,1.840,1.750,3,0,167.989,0,0,28,302,1,18,1
04-08 20:01:01,7.968,26.147,63.250,0,0,6387576,4765724,409484,4673452,60646.180,32441.712,0,251.007,0,24.902,5199,4196,1.250,1.830,1.740,1,0,168.334,0,0,28,302,1,18,1
04-08 20:01:02,8.797,26.893,61.577,0,0,6388464,4764808,409500,4673464,58773.511,572974.629,0,249.326,0,16.086,5735,4661,1.250,1.830,1.740,1,0,181.968,0,0,28,302,1,18,1
04-08 20:01:03,7.753,26.762,63.278,0,0,6387808,4765464,409500,4673464,61255.041,31726.006,0,2633.162,0,535.236,5933,3804,1.250,1.830,1.740,3,0,165.073,0,0,28,302,1,18,1
04-08 20:01:04,8.001,27.004,62.510,0,0,6389992,4763260,409524,4673460,61134.511,32541.063,0,500.078,0,28.004,5413,4543,1.250,1.830,1.740,2,0,163.025,0,0,28,302,1,18,1
04-08 20:01:05,8.999,28.497,59.494,0,0,6377488,4775672,409548,4673516,61215.570,31738.666,0,11482.794,0,71.992,5256,4029,1.250,1.830,1.740,1,0,161.983,0,0,28,302,1,18,1
04-08 20:01:06,7.263,27.047,64.111,0,0,6376968,4776192,409548,4673516,45874.186,23929.306,0,16.028,0,4.007,5029,3853,1.150,1.790,1.730,1,0,169.292,0,0,28,302,1,18,1
04-08 20:01:07,8.000,26.251,63.251,0,0,6377784,4775372,409572,4673496,61208.243,32290.656,0,376.008,0,33.001,5282,4193,1.150,1.790,1.730,1,0,170.003,0,0,28,302,1,18,1
04-08 20:01:08,11.479,26.952,57.646,0,0,6377752,4775344,409588,4673540,63469.997,32863.970,0,335.398,0,18.966,5511,4639,1.150,1.790,1.730,4,0,166.701,0,0,28,302,1,19,1
04-08 20:01:09,18.769,31.531,47.297,0,0,6410332,4742296,409612,4673980,60994.871,32136.071,0,384.384,0,33.033,6195,5657,1.150,1.790,1.730,1,0,166.166,0,0,28,302,1,13,1
04-08 20:01:10,11.748,30.246,55.492,0,0,6405496,4747228,409644,4673848,58416.994,582798.123,0,4503.383,0,92.987,6059,5098,1.150,1.790,1.730,3,0,161.978,0,0,28,302,1,13,1
04-08 20:01:11,12.970,28.186,55.872,0,0,6435524,4717432,409656,4673596,61022.708,31979.004,0,135.690,0,11.973,5271,3973,1.300,1.810,1.740,2,0,161.631,0,0,28,302,1,13,1
04-08 20:01:12,7.519,24.814,65.418,0,0,6427152,4725780,409672,4673604,61378.935,32453.507,0,352.908,0,16.041,4902,3870,1.300,1.810,1.740,1,0,146.377,0,0,28,302,1,13,1
04-08 20:01:13,7.740,25.468,64.418,0,0,6424708,4728216,409680,4673604,61096.138,32466.624,0,95.878,0,6.991,4963,3850,1.300,1.810,1.740,3,0,151.807,0,0,28,302,1,13,1
04-08 20:01:14,7.496,26.986,61.968,0,0,6413496,4739392,409712,4673608,45815.429,23941.682,0,479.753,0,27.986,5134,4302,1.300,1.810,1.740,2,0,161.917,0,0,28,302,1,14,1
04-08 20:01:15,8.764,25.539,64.099,0,0,6411676,4741208,409716,4673608,60854.070,32181.748,0,104.161,0,8.012,4906,3875,1.300,1.810,1.740,2,0,160.248,0,0,28,302,1,14,1
04-08 20:01:16,7.726,26.167,63.549,0,0,6405520,4747360,409716,4673612,60621.484,32114.544,0,7.975,0,1.994,4954,3801,1.190,1.780,1.730,2,0,158.499,0,0,28,302,1,14,1
04-08 20:01:17,9.040,26.618,62.024,0,0,6398500,4754348,409744,4673616,61318.760,32033.447,0,454.005,0,34.151,5428,4522,1.190,1.780,1.730,1,0,149.661,0,0,28,302,1,9,1
04-08 20:01:18,9.244,23.485,64.459,0,0,6391612,4761188,409760,4673644,62481.065,574382.880,0,235.849,0,13.991,5292,4163,1.190,1.780,1.730,2,0,121.922,0,0,28,302,1,9,1
04-08 20:01:19,23.897,11.202,63.975,0,0,6388908,4782248,409776,4656064,46123.588,25218.516,0,171.263,0,11.949,3762,3490,1.190,1.780,1.730,1,0,38.833,0,0,28,302,1,9,1
04-08 20:01:20,16.002,14.751,67.256,0.250,0,6407608,4860812,409796,4569380,59801.680,28572.714,0,1832.174,0,10.001,2897,2841,1.190,1.780,1.730,4,0,3.000,0,0,28,302,1,9,1
04-08 20:01:21,20.574,9.283,69.749,0,0,6414096,4846476,409868,4576804,30849.320,17307.895,0,12.043,0,3.011,2697,2514,1.180,1.770,1.730,1,0,3.011,0,0,28,302,1,9,1
04-08 20:01:22,24.357,5.965,67.604,0.249,0,6427944,4828644,409960,4580236,44138.206,22953.418,0,3932.940,0,143.161,3331,3353,1.180,1.770,1.730,2,0,16.901,0,0,28,302,1,9,1
04-08 20:01:23,20.621,6.287,72.173,0,0,6461212,4795052,409968,4580508,34970.832,17277.196,0,285.673,0,5.029,2551,2354,1.180,1.770,1.730,1,0,3.018,0,0,28,303,1,9,1
04-08 20:01:24,18.774,5.507,74.597,0.250,0,6484248,4771860,410008,4580584,23919.071,12581.343,0,3003.902,0,447.581,3157,2875,1.180,1.770,1.730,2,0,0,0,0,28,303,1,9,1
04-08 20:01:25,14.479,2.996,80.883,0,0,6482236,4773532,410084,4580772,27323.340,15675.247,0,1250.185,0,52.923,2574,2978,1.180,1.770,1.730,1,0,0.999,0,0,28,303,1,9,1
04-08 20:01:26,15.504,3.001,80.770,0,0,6480504,4774928,410112,4581036,26156.487,14593.619,0,1024.254,0,29.007,2242,2463,1.160,1.760,1.720,1,0,2.000,0,0,28,303,1,7,1
04-08 20:01:27,18.527,3.505,76.863,0,0,6480308,4774928,410172,4581140,22268.860,12474.407,0,837.235,0,35.052,2398,2510,1.160,1.760,1.720,2,0,0,0,0,28,303,1,7,1
04-08 20:01:28,15.722,2.246,80.107,0.250,0,6480468,4774480,410208,4581316,27002.772,14688.765,0,938.324,0,29.947,2339,2641,1.160,1.760,1.720,1,0,0,0,0,28,303,1,7,1
04-08 20:01:29,18.280,2.754,77.877,0,0,6480184,4774480,410252,4581516,8767.301,6034.844,0,845.379,0,30.049,2392,2450,1.160,1.760,1.720,2,0,2.003,0,0,28,303,1,7,1
04-08 20:01:30,21.485,2.998,73.448,0,0,6480312,4774256,410272,4581588,22464.150,13901.192,0,811.427,0,23.983,2597,2573,1.160,1.760,1.720,0,0,0,0,0,28,303,1,6,1
04-08 20:01:31,16.251,3.500,79.007,0,0,6481368,4766220,410292,4588472,24687.224,11503.036,0,796.072,0,27.002,2240,2415,1.150,1.750,1.720,3,0,0,0,0,28,303,1,6,1
04-08 20:01:32,35.455,13.233,50.186,0.250,0,6491356,4740396,410380,4603952,1009.712,1905.569,0,503.358,0,18.976,4138,11870,1.150,1.750,1.720,1,0,38.950,0,0,28,303,1,7,1
04-08 20:01:33,23.555,4.511,70.916,0,0,6488452,4731464,410488,4614216,1107.600,0,0,1042.447,0,49.115,2627,2664,1.150,1.750,1.720,2,0,0,0,0,28,303,1,7,1
04-08 20:01:34,23.474,5.744,68.672,0,0,6494760,4710472,410704,4627324,15663.321,7729.276,0,1474.336,0,38.956,2943,2919,1.150,1.750,1.720,2,0,0,0,0,28,303,1,5,1
04-08 20:01:35,25.229,3.997,70.692,0,0,6497856,4702436,410728,4631500,483.601,0,0,335.723,0,3.997,2624,2588,1.150,1.750,1.720,2,0,2.998,0,0,28,303,1,5,1
04-08 20:01:36,23.274,5.818,70.580,0.253,0,6508476,4674308,410844,4647572,16001.196,8008.187,0,1481.424,0,62.738,2700,2624,1.140,1.730,1.710,2,0,0,0,0,28,303,1,5,1
04-08 20:01:37,23.478,4.943,69.197,0,0,6507576,4665348,410964,4655780,537.760,0,0,1775.399,0,80.071,2901,2980,1.140,1.730,1.710,3,0,0,0,0,28,303,1,5,1
04-08 20:01:38,23.990,4.498,69.470,0,0,6506532,4657140,411180,4663380,786.665,0,0,1527.349,0,55.976,2869,3041,1.140,1.730,1.710,2,0,1.999,0,0,28,303,1,6,1
04-08 20:01:39,27.016,8.255,63.538,0.250,0,6522772,4618204,411608,4683936,424.255,148.089,0,1961.181,0,73.044,3432,3600,1.140,1.730,1.710,5,0,0,0,0,28,303,1,6,1
04-08 20:01:40,27.552,5.055,66.984,0,0,6521152,4613500,411648,4689288,15448.185,7540.583,0,2616.657,0,345.787,3575,3212,1.140,1.730,1.710,3,0,0,0,0,28,303,1,6,1
04-08 20:01:41,24.935,6.982,66.328,0.249,0,6457500,4692172,411664,4673732,2311.987,1523.039,0,6295.627,0,190.505,3324,2877,1.130,1.720,1.710,2,0,3.990,0,0,28,302,1,6,1
04-08 20:01:42,20.583,7.935,69.683,0,0,6467008,4682648,411672,4673740,803.467,0,0,285.677,0,3.968,2744,2553,1.130,1.720,1.710,1,0,17.855,0,0,28,302,1,5,1
04-08 20:01:43,15.253,5.501,78.018,0,0,6474000,4675652,411684,4673732,21166.788,10278.325,0,580.131,0,18.004,2308,2349,1.130,1.720,1.710,2,0,17.004,0,0,28,303,1,5,1
04-08 20:01:44,22.654,6.544,70.479,0,0,6478012,4665936,411708,4678876,46252.475,24276.055,0,1276.680,0,21.144,2836,2670,1.130,1.720,1.710,1,0,4.027,0,0,28,302,1,6,1
04-08 20:01:45,23.089,6.023,69.770,0,0,6474448,4668216,411708,4679996,40245.699,457716.773,0,8.031,0,2.008,2950,2737,1.130,1.720,1.710,2,0,5.019,0,0,28,302,1,6,1
04-08 20:01:46,21.485,10.619,63.468,0,0,6478856,4662700,411708,4681028,18163.100,148420.392,0,0,0,0,7589,14213,1.200,1.720,1.710,2,0,10.866,0,0,28,302,1,5,1
04-08 20:01:47,21.561,8.524,69.194,0,0,6466488,4674852,411728,4681152,15545.622,7382.717,0,1845.178,0,27.076,2754,2610,1.200,1.720,1.710,6,0,3.008,0,0,28,302,1,5,1
04-08 20:01:48,20.454,11.973,63.607,0,0,6459032,4682232,411736,4681180,15368.504,7345.512,0,295.337,0,11.973,7204,12846,1.200,1.720,1.710,1,0,11.973,0,0,28,302,1,5,1
04-08 20:01:49,17.001,12.250,69.502,0,0,6459896,4681252,411744,4681248,15100.529,7606.266,0,272.010,0,10.000,2842,2653,1.200,1.720,1.710,1,0,7.000,0,0,28,302,1,5,1
04-08 20:01:50,20.989,7.996,69.715,0.250,0,6438160,4711168,411768,4673824,15211.285,7292.301,0,679.655,0,17.991,2584,2483,1.200,1.720,1.710,1,0,2.998,0,0,28,302,1,5,1
04-08 20:01:51,22.012,7.754,68.538,0,0,6419708,4729592,411800,4673820,484.270,0,0,7099.955,0,47.026,3405,3411,1.180,1.710,1.710,2,0,48.027,0,0,28,302,1,5,1
04-08 20:01:52,26.020,10.758,59.795,0,0,6431308,4717944,411800,4673868,61832.652,34424.973,0,0,0,0,7309,12667,1.180,1.710,1.710,2,0,6.005,0,0,28,302,1,5,1
04-08 20:01:53,22.223,7.828,69.446,0,0,6438292,4710952,411800,4673876,46315.077,25586.375,0,0,0,0,3375,3775,1.180,1.710,1.710,1,0,22.223,0,0,28,302,1,5,1
04-08 20:01:54,19.793,8.660,69.772,0,0,6469516,4679704,411816,4673884,44595.691,23157.377,0,696.730,0,26.721,3095,3077,1.180,1.710,1.710,1,0,17.814,0,0,28,303,1,5,1
04-08 20:01:55,18.254,3.751,76.517,0,0,6471412,4671920,411844,4679444,21382.780,10420.329,0,816.182,0,24.005,2498,2705,1.180,1.710,1.710,1,0,2.000,0,0,28,303,1,5,1
04-08 20:01:56,23.012,7.004,69.035,0,0,6456232,4686104,411852,4680144,30072.144,15391.751,0,4622.328,0,26.013,2940,2791,1.170,1.700,1.700,1,0,5.003,0,0,28,302,1,5,1
04-08 20:01:57,25.698,9.231,61.625,0,0,6486596,4655392,411856,4680484,15069.522,7347.141,0,726.531,0,19.960,6735,12038,1.170,1.700,1.700,1,0,4.990,0,0,28,302,1,5,1
04-08 20:01:58,18.724,10.236,69.655,0,0,6443676,4697332,411856,4681296,15714.540,7837.297,0,131.820,0,3.995,2817,2642,1.170,1.700,1.700,3,0,7.989,0,0,28,302,1,5,1
04-08 20:01:59,22.237,11.493,62.963,0,0,6461284,4679692,411856,4681324,363.788,147.914,0,0,0,0,6278,11373,1.170,1.700,1.700,2,0,13.992,0,0,28,302,1,5,1
04-08 20:02:00,18.823,10.792,69.268,0,0,6461164,4679692,411872,4681388,15338.373,7715.867,0,2108.160,0,335.298,3323,2339,1.170,1.700,1.700,3,0,7.027,0,0,28,302,1,5,1
04-08 20:02:01,20.758,8.003,69.776,0,0,6424688,4724356,411884,4673892,15045.554,7784.874,0,604.223,0,13.005,2684,2532,1.150,1.690,1.700,1,0,5.002,0,0,28,302,1,5,1
04-08 20:02:02,21.480,7.901,67.896,0.247,0,6452872,4696164,411896,4673888,536.254,0,0,146.161,0,10.863,2890,2626,1.150,1.690,1.700,3,0,21.727,0,0,28,302,1,5,1
04-08 20:02:03,23.530,11.891,64.770,0,0,6429100,4719908,411896,4673916,33174.369,29303.351,0,4.048,0,1.012,3562,3014,1.150,1.690,1.700,2,0,46.553,0,0,28,302,1,5,1
04-08 20:02:04,21.006,8.753,68.520,0,0,6426236,4722772,411896,4673916,45112.209,22996.733,0,12.004,0,3.001,3499,3413,1.150,1.690,1.700,3,0,49.014,0,0,28,302,1,5,1
04-08 20:02:05,24.218,11.735,60.421,0,0,6421508,4727448,411908,4673956,45653.118,24421.967,0,199.738,0,5.992,6839,12092,1.150,1.690,1.700,2,0,10.986,0,0,28,302,1,5,1
04-08 20:02:06,22.037,9.266,67.614,0,0,6443060,4705860,411924,4673976,56522.645,585779.228,0,196.332,0,9.015,3500,3143,1.140,1.680,1.700,1,0,20.034,0,0,28,302,1,5,1
04-08 20:02:07,19.970,12.731,65.652,0,0,6470768,4678144,411940,4673960,33947.567,16032.182,0,52278.335,0,183.727,3600,2931,1.140,1.680,1.700,0,0,16.975,0,0,28,303,1,5,1
04-08 20:02:08,21.047,6.190,71.561,0,0,6436788,4706716,411992,4678924,32656.763,16488.342,0,1188.563,0,31.695,3027,3205,1.140,1.680,1.700,2,0,4.952,0,0,28,302,1,6,1
04-08 20:02:09,29.066,8.594,61.419,0.253,0,6454640,4687352,412024,4680280,15551.266,7525.915,0,695.571,0,26.286,3878,4112,1.140,1.680,1.700,1,0,7.077,0,0,28,302,1,6,1
04-08 20:02:10,28.033,15.268,52.812,0,0,6508512,4631420,412036,4682188,15523.317,7304.619,0,332.392,0,16.019,7027,12533,1.140,1.680,1.700,2,0,13.015,0,0,28,302,1,6,1
04-08 20:02:11,25.706,16.129,57.208,0,0,6488736,4651904,412036,4681428,15875.969,7354.820,0,1540.319,0,308.467,5297,5848,1.130,1.670,1.690,3,0,16.129,0,0,28,302,1,5,1
04-08 20:02:12,20.015,18.014,57.794,1.001,0,6487468,4653044,412052,4681544,16024.109,7301.518,0,43536.900,0,233.176,6297,9269,1.130,1.670,1.690,2,0,9.007,0,0,28,302,1,5,1
04-08 20:02:13,17.589,10.900,69.365,0,0,6478296,4662272,412084,4681420,479.611,0,0,1922.407,0,25.764,2741,2610,1.130,1.670,1.690,1,0,6.937,0,0,28,302,1,5,1
04-08 20:02:14,24.243,8.748,65.982,0,0,6444644,4703748,412084,4674176,17213.353,8956.582,0,19.995,0,4.999,3179,2929,1.130,1.670,1.690,1,0,7.998,0,0,28,302,1,6,1
04-08 20:02:15,21.239,6.997,69.216,0.250,0,6460040,4686524,412092,4675984,423.790,0,247.877,3.998,3.998,1.000,2742,2867,1.130,1.670,1.690,3,0,1.000,0,0,28,302,0,5,1
04-08 20:02:16,22.381,6.963,67.143,0.746,0,6462900,4681972,412144,4677304,45489.068,23849.159,389.926,2076.954,9.947,34.815,3766,4114,1.120,1.650,1.690,2,0,0,0,0,28,303,0,5,1
04-08 20:02:17,25.368,7.284,65.554,0,0,6461368,4683380,412232,4677340,30322.580,14734.310,0,425.975,0,45.210,5073,5773,1.120,1.650,1.690,2,0,2.009,0,0,28,303,1,9,1
04-08 20:02:18,23.840,8.940,64.071,0,0,6461388,4682960,412504,4677468,29976.329,14634.035,0,3154.880,0,238.404,5374,6849,1.120,1.650,1.690,3,0,0,0,0,28,305,1,9,1
04-08 20:02:19,25.681,8.308,62.943,0.252,0,6460844,4682960,412836,4677680,16493.062,7571.279,0,2739.276,0,249.758,6166,7976,1.120,1.650,1.690,1,0,1.007,0,0,28,304,1,9,1
04-08 20:02:20,10.986,21.722,65.664,0,0,6388088,4755552,412836,4677844,46385.493,35419.797,127.833,7.990,0.999,0.999,4434,3601,1.120,1.650,1.690,1,0,119.844,0,0,28,304,1,9,1
04-08 20:02:21,7.736,24.955,63.136,0,0,6391472,4752056,412928,4677864,45665.625,30113.679,0,2655.210,0,122.779,5163,4207,1.110,1.640,1.690,2,0,151.726,0,0,28,304,1,9,1
04-08 20:02:22,8.786,23.345,66.522,0.251,0,6396472,4747048,412944,4677856,62000.478,32780.015,0,184.755,0,13.053,4894,3939,1.110,1.640,1.690,1,0,116.476,0,0,28,304,1,9,1
04-08 20:02:23,20.452,15.463,62.103,0,0,6382480,4760896,412952,4678004,92840.124,606443.739,0,143.660,0,9.976,4388,3476,1.110,1.640,1.690,1,0,56.865,0,0,28,304,1,11,1
04-08 20:02:24,12.258,8.755,77.048,0,0,6381252,4763948,413028,4676148,126702.138,43361.083,0,1312.820,0,55.034,3236,3519,1.110,1.640,1.690,1,0,18.011,0,0,28,304,1,11,1
04-08 20:02:25,10.247,6.748,81.227,0,0,6384916,4760224,413036,4676196,51765.082,25702.593,0,663.809,0,15.995,3125,3514,1.110,1.640,1.690,2,0,8.997,0,0,28,305,1,11,1
04-08 20:02:26,4.005,2.253,92.607,0,0,6386144,4758992,413036,4676200,68334.081,18096.943,0,224.260,0,3.003,1856,2467,1.020,1.620,1.680,0,0,0,0,0,28,305,1,11,1
04-08 20:02:27,4.493,2.746,91.358,0,0,6387492,4757620,413056,4676200,34119.042,19952.032,0,3698.260,0,672.955,2996,2694,1.020,1.620,1.680,1,0,1.997,0,0,28,305,1,11,1
04-08 20:02:28,5.997,6.997,85.459,0,0,6375052,4769636,413112,4676568,28603.415,7840.276,0,419.801,0,17.991,2281,2715,1.020,1.620,1.680,1,0,12.994,0,0,28,304,1,11,1
04-08 20:02:29,6.764,9.519,81.416,0,0,6373984,4770444,413152,4676756,127059.290,38760.098,0,1106.258,0,30.061,3164,3324,1.020,1.620,1.680,2,0,26.053,0,0,28,304,1,12,1
04-08 20:02:30,7.453,16.895,73.044,0,0,6373260,4771160,413152,4676764,133748.477,469273.966,0,0,0,0,4509,3698,1.020,1.620,1.680,4,0,134.163,0,0,28,304,1,12,1
04-08 20:02:31,10.307,20.613,65.107,1.508,0,6382504,4761856,413172,4676800,29819.683,14968.162,44.243,361.987,6.033,16.088,4645,3561,1.020,1.610,1.670,1,0,180.993,0,0,28,304,1,12,1
04-08 20:02:32,26.417,14.953,51.090,5.483,0,6405868,4735928,413460,4681480,30146.799,14546.546,2101.434,450.592,185.421,21.931,4423,10560,1.020,1.610,1.670,4,0,35.888,0,0,28,304,1,12,1
04-08 20:02:33,8.273,8.774,64.678,16.295,0,6378376,4756800,414040,4683752,18749.583,9857.119,5779.901,72.199,601.655,4.011,3875,7905,1.020,1.610,1.670,4,0,2.006,0,0,28,304,1,13,1
04-08 20:02:34,16.240,8.745,67.208,5.996,0,6391104,4738220,414328,4686384,26276.515,12871.924,2706.302,1191.253,255.839,26.983,3406,3428,1.020,1.610,1.670,1,1,0,0,0,28,304,1,13,1
04-08 20:02:35,22.512,7.254,68.036,0,0,6369480,4759580,414340,4686632,12762.709,6079.196,224.118,260.137,2.001,30.016,3705,4101,1.020,1.610,1.670,1,0,2.001,0,0,28,304,1,13,1
04-08 20:02:36,23.762,9.255,65.532,0,0,6392372,4736652,414340,4686664,50014.368,25367.360,0,0,0,0,3297,3324,1.100,1.610,1.670,2,0,2.001,0,0,28,305,1,15,1
04-08 20:02:37,53.375,11.723,34.170,0,0,6256224,4872752,414376,4686660,47538.579,24404.800,0,347.186,0,32.923,4730,3804,1.100,1.610,1.670,5,1,5.986,0,0,28,292,0,18,1
04-08 20:02:38,51.551,15.920,32.599,0,0,6092568,5036364,414388,4686684,30096.900,14980.220,0,165.773,0,13.141,4220,2999,1.100,1.610,1.670,6,0,4.043,0,0,28,284,0,21,1
04-08 20:02:39,63.635,13.371,20.551,0,0,6196632,4932288,414396,4686688,29550.576,14598.991,0,316.939,0,21.790,4768,3223,1.100,1.610,1.670,6,0,2.971,0,0,28,284,0,20,1
04-08 20:02:40,74.755,11.501,13.751,0,0,6274752,4853944,414416,4686892,15562.115,7458.535,0,540.039,0,23.002,4766,2784,1.100,1.610,1.670,4,0,0,0,0,28,286,0,21,1
04-08 20:02:41,56.593,14.337,28.674,0,0,6325004,4803068,414436,4687512,15071.278,7547.712,0,478.900,0,20.122,5346,5745,1.170,1.620,1.680,2,0,5.030,0,0,28,290,1,24,1
04-08 20:02:42,70.044,15.953,12.713,0,0,6238384,4889280,414452,4687952,30277.876,15356.797,0,287.155,0,19.941,5650,5719,1.170,1.620,1.680,3,0,7.977,0,0,28,276,1,29,1
04-08 20:02:43,45.066,9.263,44.815,0,0,6283744,4843920,414452,4687952,30428.275,15180.088,0,4698.837,0,311.453,4132,2619,1.170,1.620,1.680,4,0,0,0,0,28,276,1,29,1
04-08 20:02:44,42.827,11.635,43.322,0,0,6345276,4782432,414484,4687956,29807.795,14799.924,0,748.611,0,39.609,4180,3236,1.170,1.620,1.680,4,0,1.980,0,0,28,280,1,32,1
04-08 20:02:45,32.236,11.585,53.894,0,0,6345100,4780920,414512,4689616,15434.878,7424.295,0,221.621,0,23.169,7450,12232,1.170,1.620,1.680,0,0,3.022,0,0,28,291,1,35,1
04-08 20:02:46,3.501,3.001,92.025,0,0,6345780,4780216,414532,4689620,40143.913,460745.258,0,136.037,0,15.004,2177,2794,1.160,1.610,1.670,0,0,1.000,0,0,28,289,1,36,1
04-08 20:02:47,7.005,5.004,86.564,0.250,0,6345932,4779992,414584,4689640,6893.099,150578.377,0,10055.438,0,917.679,3335,3233,1.160,1.610,1.670,0,0,0,0,0,28,289,1,36,1
04-08 20:02:48,1.747,1.498,94.851,0,0,6345924,4779992,414592,4689640,15377.809,7424.321,0,31.950,0,2.995,1574,2486,1.160,1.610,1.670,0,0,1.997,0,0,28,289,1,35,1
04-08 20:02:49,2.495,2.495,93.316,0,0,6345920,4779992,414596,4689640,15010.475,7495.257,0,2762.566,0,15.969,1659,2406,1.160,1.610,1.670,0,0,0,0,0,28,289,1,35,1
04-08 20:02:50,2.508,1.756,94.809,0,0,6345920,4779992,414612,4689624,15487.539,7644.947,0,220.720,0,16.052,1535,2343,1.160,1.610,1.670,0,0,0,0,0,28,289,1,35,1
04-08 20:02:51,2.491,2.242,93.677,0,0,6345864,4779992,414652,4689640,679.659,0,0,342.819,0,31.890,1855,2830,1.060,1.580,1.660,0,0,1.993,0,0,28,289,1,35,1
04-08 20:02:52,3.008,3.258,92.481,0,0,6345864,4779992,414652,4689640,15012.522,7550.873,0,4976.438,0,1038.596,3406,2351,1.060,1.580,1.660,0,0,0,0,0,28,289,1,35,1
04-08 20:02:53,1.747,1.497,95.077,0,0,6345860,4779992,414656,4689640,239.563,0,0,43.920,0,3.993,1396,2182,1.060,1.580,1.660,0,0,0,0,0,28,289,1,35,1
04-08 20:02:54,2.506,2.255,94.213,0,0,6345828,4779992,414684,4689644,11112.156,3894.817,0,268.608,0,23.052,1680,2584,1.060,1.580,1.660,1,0,2.005,0,0,28,289,1,35,1
04-08 20:02:55,3.995,2.497,91.392,0,0,6345704,4779992,414796,4689656,4696.432,4013.242,0,2481.059,0,152.819,2473,3643,1.060,1.580,1.660,3,0,0.999,0,0,28,289,1,35,1
04-08 20:02:56,3.253,1.752,93.850,0,0,6345952,4779740,414796,4689660,866.920,0,0,1149.219,0,7.007,1750,2577,0.980,1.560,1.650,0,0,0,0,0,28,289,1,35,1
04-08 20:02:57,2.996,2.996,91.622,0,0,6345844,4779740,414880,4689684,14895.149,7621.331,0,1753.545,0,103.855,2251,3336,0.980,1.560,1.650,0,0,1.997,0,0,28,289,1,35,1
04-08 20:02:58,4.755,2.252,91.342,0,0,6345832,4779740,414888,4689688,2138.164,1354.371,0,20.020,0,3.003,1966,2742,0.980,1.560,1.650,0,0,0,0,0,28,289,1,35,1
04-08 20:02:59,2.251,2.251,94.539,0,0,6345828,4779740,414888,4689692,512.214,148.062,0,1336.558,0,9.004,1497,2199,0.980,1.560,1.650,0,0,0,0,0,28,289,1,35,1
04-08 20:03:00,2.251,2.001,94.786,0,0,6345820,4779740,414896,4689692,15252.791,7438.824,0,260.099,0,9.003,1629,2389,0.980,1.560,1.650,0,0,2.001,0,0,28,289,1,35,1
04-08 20:03:01,1.999,1.749,94.443,0,0,6345800,4779740,414916,4689692,391.762,0,0,111.932,0,14.991,1491,2321,0.900,1.530,1.640,0,0,0,0,0,28,289,1,35,1
04-08 20:03:02,2.497,1.998,94.386,0,0,6346048,4779488,414916,4689696,836.990,0,0,7.990,0,1.998,1535,2335,0.900,1.530,1.640,2,0,1.998,0,0,28,289,1,35,1
04-08 20:03:03,3.000,2.750,93.257,0,0,6346296,4779236,414924,4689692,1706.134,0,0,116.009,0,11.001,1637,2392,0.900,1.530,1.640,1,0,3.000,0,0,28,289,1,36,1
04-08 20:03:04,6.258,5.507,87.361,0,0,6361908,4763612,414924,4689704,15386.466,8006.129,0,24.030,0,4.005,1899,2424,0.900,1.530,1.640,0,0,0,0,0,28,289,1,36,1
04-08 20:03:05,3.739,2.991,91.470,0.249,0,6362324,4763108,414976,4689740,759.674,0,0,370.864,0,26.918,2037,2947,0.900,1.530,1.640,0,0,0.997,0,0,28,289,1,36,1
04-08 20:03:06,2.259,1.506,94.876,0,0,6359656,4765776,414980,4689736,360.429,0,0,36.143,0,3.012,1536,2326,0.830,1.500,1.640,0,0,2.008,0,0,28,289,1,36,1
04-08 20:03:07,2.997,1.748,94.168,0.250,0,6356812,4768572,415012,4689752,299.739,0,0,455.604,0,34.970,1831,2827,0.830,1.500,1.640,0,0,0,0,0,28,289,1,36,1
04-08 20:03:08,3.243,1.996,92.803,0,0,6354680,4770684,415056,4689728,763.377,0,0,355.245,0,42.909,1838,2846,0.830,1.500,1.640,3,0,0,0,0,28,289,1,37,1
04-08 20:03:09,6.017,3.760,88.245,0,0,6355656,4769648,415072,4689772,16741.557,9212.620,0,184.513,0,14.039,2532,3423,0.830,1.500,1.640,2,0,3.008,0,0,28,289,1,37,1
04-08 20:03:10,25.287,11.156,60.490,0,0,6371268,4753556,415104,4690232,534.493,0,0,424.421,0,31.732,4930,5676,0.830,1.500,1.640,1,0,7.933,0,0,28,289,1,39,1
04-08 20:03:11,7.311,6.806,84.198,0,0,6340960,4784104,415104,4689980,692.742,0,0,121.003,0,8.067,2655,3362,0.760,1.480,1.630,2,0,7.059,0,0,28,289,1,39,1
04-08 20:03:12,7.251,4.500,87.759,0,0,6365400,4759660,415112,4689980,659.067,0,0,196.020,0,11.001,2059,2635,0.760,1.480,1.630,0,0,1.000,0,0,28,289,1,38,1
04-08 20:03:13,1.749,1.749,94.454,0,0,6363924,4761112,415136,4689980,1150.434,0,0,483.762,0,22.989,1567,2774,0.760,1.480,1.630,1,0,0,0,0,28,289,1,38,1
04-08 20:03:14,2.750,2.250,93.739,0,0,6359940,4765092,415144,4689976,31589.206,13708.354,0,75.991,0,5.999,1675,2385,0.760,1.480,1.630,0,0,0,0,0,28,289,1,39,1
04-08 20:03:15,9.725,22.692,64.085,0,0,6366516,4758488,415160,4689988,110398.553,38738.539,0,335.140,0,21.944,5490,4601,0.760,1.480,1.630,1,0,199.488,0,0,28,289,1,39,1
04-08 20:03:16,14.025,17.782,66.620,0,0,6370100,4754904,415164,4689984,29944.959,15267.511,0,36.065,0,3.005,3880,3403,0.780,1.470,1.620,1,0,115.208,0,0,28,289,1,38,1
04-08 20:03:17,24.517,7.005,68.048,0,0,6414916,4710048,415196,4689992,29673.140,15132.781,0,664.473,0,55.039,3262,3587,0.780,1.470,1.620,1,0,1.001,0,0,28,289,1,38,1
04-08 20:03:18,24.493,5.249,68.231,0,0,6422952,4701984,415212,4690012,15432.722,7617.888,0,2915.192,0,578.840,4077,3390,0.780,1.470,1.620,1,0,3.999,0,0,28,292,1,38,1
04-08 20:03:19,26.526,2.502,69.568,0,0,6434284,4690644,415220,4690012,15252.942,7613.458,0,720.706,0,102.100,2986,2505,0.780,1.470,1.620,1,0,0,0,0,28,294,1,38,1
04-08 20:03:20,19.362,15.886,62.553,0,0,6395936,4728948,415252,4690032,31865.336,16795.007,0,325.673,0,25.816,4327,3557,0.780,1.470,1.620,2,0,113.191,0,0,28,295,1,34,1
04-08 20:03:21,10.540,22.084,64.998,0,0,6395236,4729648,415252,4690032,30842.519,14647.813,0,0,0,0,4904,3684,0.800,1.460,1.620,2,0,190.727,0,0,28,295,1,34,1
04-08 20:03:22,20.300,9.523,68.919,0,0,6424608,4700276,415260,4690024,38674.023,442467.158,0,44.108,0,3.007,2993,2929,0.800,1.460,1.620,1,0,0,0,0,28,295,1,34,1
04-08 20:03:23,24.005,6.001,69.015,0,0,6454916,4669952,415260,4690040,29900.548,93358.444,0,1064.233,0,242.053,3114,2631,0.800,1.460,1.620,1,0,1.000,0,0,28,295,1,34,1
04-08 20:03:24,24.995,3.999,69.985,0,0,6421052,4703780,415276,4690060,17681.126,10571.684,0,99.978,0,11.997,3395,3338,0.800,1.460,1.620,1,0,2.999,0,0,28,297,1,32,1
04-08 20:03:25,8.470,17.190,71.749,0,0,6421380,4703404,415324,4690060,128945.589,49863.824,0,338.817,0,33.882,4896,4579,0.800,1.460,1.620,2,0,142.502,0,0,28,297,1,32,1
04-08 20:03:26,9.040,24.357,63.781,0.251,0,6422276,4702352,415460,4690080,61260.575,36976.715,140.619,12.053,5.022,3.013,5377,4236,0.810,1.450,1.620,2,0,194.857,0,0,28,297,1,32,1
04-08 20:03:27,6.996,24.237,65.965,0,0,6405900,4718696,415480,4690092,45986.730,28175.130,0,595.686,0,26.986,5284,4189,0.810,1.450,1.620,2,0,187.901,0,0,28,297,1,32,1
04-08 20:03:28,6.480,23.178,66.794,0,0,6394600,4729964,415488,4690100,60747.452,38696.531,0,203.372,0,11.963,5126,4134,0.810,1.450,1.620,1,0,182.437,0,0,28,297,1,32,1
04-08 20:03:29,7.754,22.760,67.531,0,0,6386236,4738312,415496,4690108,61035.993,38743.769,0,344.158,0,60.028,5244,3949,0.810,1.450,1.620,1,0,179.082,0,0,28,297,1,32,1
04-08 20:03:30,6.998,22.493,66.481,0,0,6381792,4742744,415504,4690112,61121.201,38706.728,0,91.973,0,8.997,5167,4019,0.810,1.450,1.620,4,0,180.947,0,0,28,297,1,32,1
04-08 20:03:31,11.509,24.769,61.296,0,0,6381780,4742732,415504,4690136,60217.100,534215.101,0,0,0,0,5688,4314,0.830,1.450,1.610,2,0,202.151,0,0,28,297,1,32,1
04-08 20:03:32,6.743,24.724,65.931,0,0,6389068,4735436,415504,4690144,61296.823,37730.496,0,11.987,0,2.997,5223,4000,0.830,1.450,1.610,1,0,193.797,0,0,28,297,1,32,1
04-08 20:03:33,17.525,30.795,49.822,0,0,6376620,4747876,415504,4690152,61212.880,37965.124,0,0,0,0,6005,11045,0.830,1.450,1.610,1,0,228.332,0,0,28,297,1,32,1
04-08 20:03:34,7.497,27.239,61.974,0.250,0,6374300,4750172,415524,4690156,60921.743,37842.311,0,183.924,0,13.994,5285,4170,0.830,1.450,1.610,2,0,211.912,0,0,28,297,1,32,1
04-08 20:03:35,8.215,23.152,65.223,0,0,6368512,4755932,415544,4690164,45538.276,27461.177,0,314.661,0,20.911,5322,4344,0.830,1.450,1.610,1,0,188.199,0,0,28,297,1,32,1
04-08 20:03:36,7.542,23.380,66.621,0,0,6373028,4751400,415548,4690176,61342.769,37599.484,0,92.515,0,5.028,5082,3950,0.840,1.440,1.610,1,0,181.008,0,0,28,297,1,32,1
04-08 20:03:37,20.768,9.258,69.061,0,0,6406040,4718388,415572,4690152,45573.375,24561.760,0,148.131,0,20.018,3119,3112,0.840,1.440,1.610,1,0,15.013,0,0,28,297,1,28,1
04-08 20:03:38,24.085,5.463,68.780,0,0,6445772,4678624,415580,4690176,29449.586,14975.578,0,214.533,0,14.898,2877,2942,0.840,1.440,1.610,2,0,0,0,0,28,297,1,29,1
04-08 20:03:39,24.891,5.531,68.891,0,0,6413464,4710784,415596,4690308,45064.061,23746.934,0,132.754,0,12.069,3145,3096,0.840,1.440,1.610,3,0,5.029,0,0,28,297,1,29,1
04-08 20:03:40,24.754,8.001,65.760,0.250,0,6413856,4710376,415612,4690308,61352.162,481169.854,0,132.020,0,14.002,3745,3368,0.840,1.440,1.610,2,0,3.000,0,0,28,297,1,29,1
04-08 20:03:41,27.786,7.760,62.331,0,0,6478532,4645668,415620,4690332,33262.231,140821.027,0,164.213,0,10.013,3350,2968,0.860,1.430,1.610,1,0,0,0,0,28,297,1,20,1
04-08 20:03:42,27.647,9.216,61.520,0.249,0,6475852,4647972,415928,4690400,31505.262,16047.031,0,4016.988,0,289.917,5064,6098,0.860,1.430,1.610,3,0,0.996,0,0,28,298,1,21,1
04-08 20:03:43,19.283,9.767,69.369,0,0,6440220,4683600,415932,4690400,30499.420,16245.922,0,284.489,0,17.029,3006,2757,0.860,1.430,1.610,1,0,24.041,0,0,28,298,1,21,1
04-08 20:03:44,23.777,6.507,69.077,0,0,6470476,4653320,415948,4690408,44442.669,22871.561,0,340.380,0,20.022,2833,2631,0.860,1.430,1.610,1,0,0,0,0,28,298,1,22,1
04-08 20:03:45,30.110,5.520,62.980,0,0,6466676,4657092,415968,4690416,15151.235,7322.695,0,192.703,0,19.070,3720,3787,0.860,1.430,1.610,4,0,1.004,0,0,28,299,1,11,1
04-08 20:03:46,3.990,4.240,89.536,0,0,6430144,4693548,416032,4690428,44873.741,23428.002,0,387.075,0,43.895,2363,3376,0.790,1.410,1.600,0,0,22.945,0,0,28,299,1,11,1
04-08 20:03:47,2.748,1.749,93.687,0,0,6421236,4702432,416056,4690428,30180.670,14714.089,0,167.887,0,16.989,1721,2540,0.790,1.410,1.600,1,0,0,0,0,28,299,1,11,1
04-08 20:03:48,4.251,1.750,92.525,0,0,6413356,4710280,416084,4690432,30121.267,14662.024,0,644.177,0,34.009,2092,2937,0.790,1.410,1.600,1,0,0,0,0,28,299,1,11,1
04-08 20:03:49,2.000,2.250,94.255,0,0,6406252,4717376,416092,4690432,15156.838,7518.416,0,52.003,0,6.000,1688,2530,0.790,1.410,1.600,0,0,2.000,0,0,28,299,1,10,1
04-08 20:03:50,2.749,1.750,94.731,0,0,6401968,4721632,416120,4690432,15271.885,7360.498,0,391.920,0,70.986,1680,2366,0.790,1.410,1.600,0,0,0,0,0,28,299,1,10,1
04-08 20:03:51,1.500,2.000,94.733,0,0,6398364,4725232,416124,4690432,14979.247,7456.629,0,35.993,0,2.999,1466,2249,0.720,1.380,1.590,0,0,0,0,0,28,299,1,10,1
04-08 20:03:52,2.751,2.501,93.284,0,0,6395388,4728140,416176,4690448,15106.538,7298.676,0,576.211,0,49.018,1943,2877,0.720,1.380,1.590,0,0,2.001,0,0,28,299,1,10,1
04-08 20:03:53,5.247,2.498,91.441,0,0,6392640,4730884,416176,4690452,1928.754,1352.126,0,0,0,0,1875,2621,0.720,1.380,1.590,0,0,0,0,0,28,299,1,10,1
04-08 20:03:54,3.253,2.252,92.335,0.250,0,6390376,4733120,416196,4690460,15289.051,7612.997,0,3050.804,0,569.523,2732,2797,0.720,1.380,1.590,1,0,0,0,0,28,299,1,10,1
04-08 20:03:55,4.739,3.242,90.284,0,0,6390136,4733312,416240,4690464,418.996,0,0,454.910,0,47.885,2545,3788,0.720,1.380,1.590,0,0,2.993,0,0,28,300,1,10,1
04-08 20:03:56,18.285,8.516,71.134,0,0,6414300,4709144,416240,4690468,60446.096,31523.503,0,12.023,0,3.006,2911,2983,0.750,1.380,1.580,1,0,9.017,0,0,28,300,1,10,1
04-08 20:03:57,24.767,5.504,69.547,0.250,0,6455872,4667564,416268,4690448,29792.207,15316.389,0,572.388,0,36.024,2801,2716,0.750,1.380,1.580,1,0,0,0,0,28,300,1,10,1
04-08 20:03:58,24.855,5.468,67.854,0,0,6429048,4694220,416272,4690612,39130.494,450829.341,0,151.118,0,3.977,3260,3018,0.750,1.380,1.580,2,0,1.988,0,0,28,300,1,10,1
04-08 20:03:59,18.089,10.552,69.594,0,0,6395576,4727688,416272,4690616,31010.293,151619.499,0,8.040,0,1.005,3063,2840,0.750,1.380,1.580,1,0,26.129,0,0,28,300,1,10,1
04-08 20:04:00,23.515,6.004,70.296,0,0,6436140,4687116,416280,4690616,33615.123,16576.910,0,212.140,0,9.006,2626,2437,0.750,1.380,1.580,1,0,0,0,0,28,300,1,10,1
04-08 20:04:01,24.211,4.992,69.637,0,0,6440664,4682580,416280,4690628,29348.548,14796.077,0,0,0,0,2979,2836,0.850,1.390,1.590,1,0,1.997,0,0,28,300,1,10,1
04-08 20:04:02,6.258,6.008,85.366,0.501,0,6384104,4738920,416292,4690836,100093.464,30827.721,340.461,192.260,7.009,17.023,2540,3031,0.850,1.390,1.590,1,0,17.023,0,0,28,300,1,10,1
04-08 20:04:03,11.493,13.742,69.209,3.248,0,6382008,4737684,416300,4694160,60421.914,30953.514,2026.790,179.893,49.970,8.995,2801,2620,0.850,1.390,1.590,1,0,3.998,0,0,28,300,1,10,1
04-08 20:04:04,10.989,11.488,65.183,11.238,0,6381084,4731452,416324,4701276,46725.117,24364.032,6021.829,907.070,116.880,108.888,3423,3194,0.850,1.390,1.590,2,0,1.998,0,0,28,300,1,10,1
04-08 20:04:05,11.016,15.021,65.093,6.509,0,6374964,4731392,416372,4707392,45160.322,23148.971,5215.428,280.399,57.081,30.043,3692,3704,0.850,1.390,1.590,2,0,7.010,0,0,28,300,1,9,1
04-08 20:04:06,3.750,5.001,69.758,20.002,0,6367520,4720328,416372,4725836,59418.140,29525.548,16994.042,4.000,186.022,1.000,3027,3146,0.860,1.380,1.580,0,1,2.000,0,0,28,300,1,9,1
04-08 20:04:07,3.001,3.751,69.519,21.506,0,6367496,4704452,416408,4741620,29600.232,14596.059,14492.030,468.130,163.045,32.009,2549,3101,0.860,1.380,1.580,0,1,0,0,0,28,300,1,9,1
04-08 20:04:08,10.085,11.850,70.849,6.808,0,6368004,4695380,416420,4750140,29843.459,15079.565,6938.698,221.877,78.665,15.128,2816,2913,0.860,1.380,1.580,1,0,2.017,0,0,28,300,1,10,1
04-08 20:04:09,16.527,14.060,65.861,0,0,6353464,4707832,416440,4752192,54599.306,507476.747,0,149.976,0,14.800,3242,3248,0.860,1.380,1.580,3,0,0.987,0,0,28,300,1,9,1
04-08 20:04:10,13.555,14.057,62.502,8.283,0,6351888,4700584,416484,4760924,35173.669,15550.633,7433.942,361.456,72.291,32.129,3871,4229,0.860,1.380,1.580,0,1,7.028,0,0,28,300,1,9,1
04-08 20:04:11,10.229,13.472,55.136,19.210,0,6392876,4645912,416504,4774524,44583.734,22341.764,12941.218,267.447,135.719,15.967,3686,3535,0.870,1.370,1.580,0,1,13.971,0,0,28,300,1,9,1
04-08 20:04:12,4.761,6.014,67.404,20.296,0,6393316,4632708,416512,4787184,45044.852,22439.236,12544.644,316.723,122.279,15.034,2998,3478,0.870,1.370,1.580,0,1,2.005,0,0,28,300,1,9,1
04-08 20:04:13,6.966,8.210,63.195,18.909,0,6425520,4588428,416524,4799200,44626.377,22280.347,12408.048,191.077,126.389,13.933,3066,3152,0.870,1.370,1.580,1,1,4.976,0,0,28,300,1,9,1
04-08 20:04:14,4.271,6.029,68.835,19.344,0,6410708,4588160,416532,4814192,60178.012,30775.850,15041.237,152.744,163.798,12.059,3288,3322,0.870,1.370,1.580,1,1,4.020,0,0,28,300,1,8,1
04-08 20:04:15,8.994,9.993,64.454,14.739,0,6409552,4580108,416580,4823244,30899.802,16095.437,8114.171,3609.407,136.902,659.526,4446,4071,0.870,1.370,1.580,1,0,7.994,0,0,28,300,1,8,1
