"pcp-dstat 6.2.0 CSV Output"
"Author:","PCP team <pcp@groups.io> and Dag Wieers <dag@wieers.com>",,,,"URL:","https://pcp.io/ and http://dag.wieers.com/home-made/dstat/"
"Host:","ubuntu",,,,"User:","stack"
"Cmdline:","dstat -tcmndrylpg --tcp --output /opt/stack/logs/dstat-csv.log",,,,"Date:","01 Aug 2026 12:48:55 UTC"
"system","total usage",,,,,"memory usage",,,,"net/total",,"dsk/total",,"io/total",,"system",,"load avg",,,"procs",,,"paging",,"tcp sockets",,,,
"time","total usage:usr","total usage:sys","total usage:idl","total usage:wai","total usage:stl","used","free","buf","cach","net/total:recv","net/total:send","dsk/total:read","dsk/total:writ","read","writ","int","csw","1m","5m","15m","run","blk","new","in","out","lis","act","syn","tim","clo"
01-08 12:48:55,,1320924,11231928,214432,3369960,,,,,,,1.620,1.180,0.870,1,0,,,,12,6,0,9,0
01-08 12:48:56,24.072,28.290,45.413,0,0,1260512,11292416,214496,3369768,58700.871,31087.559,0,16092.710,0,73.456,5033,3609,1.620,1.180,0.870,3,0,150.882,0,0,12,5,0,9,0
01-08 12:48:57,16.758,23.011,59.029,0,0,1266240,11286460,214588,3369864,89775.064,42510.865,0,776.381,0,24.012,4370,2378,1.620,1.180,0.870,2,0,133.065,0,0,12,6,0,9,0
01-08 12:48:58,16.958,25.187,55.611,0.249,0,1270248,11282008,214676,3370176,76142.584,351207.707,0,1161.096,0,32.918,4733,2976,1.620,1.180,0.870,2,0,140.648,0,0,12,5,0,9,1
01-08 12:48:59,20.163,25.888,52.523,0,0,1280220,11271856,214740,3370280,67030.836,284338.393,0,924.014,0,26.884,4510,2434,1.620,1.180,0.870,3,0,133.424,0,0,12,5,0,9,1
01-08 12:49:00,25.619,24.112,48.727,0,0,1280208,11271604,214780,3370424,68405.641,36571.353,0,651.033,0,19.089,4489,2244,1.650,1.200,0.870,4,0,120.562,0,0,12,4,0,9,2
01-08 12:49:01,17.756,25.258,55.517,0,0,1279292,11271948,214936,3370712,109012.233,34021.684,0,2844.893,0,337.106,4903,2495,1.650,1.200,0.870,1,0,123.039,0,0,12,4,0,9,2
01-08 12:49:02,25.457,24.459,48.917,0,0,1280308,11270632,214976,3370912,112547.085,37453.467,0,614.957,0,15.973,4531,4197,1.650,1.200,0.870,1,0,75.871,0,0,12,4,0,9,2
01-08 12:49:03,24.519,25.269,48.787,0,0,1279528,11270404,215116,3371644,623076.778,52518.766,0,1549.173,0,38.029,5832,2924,1.650,1.200,0.870,1,0,123.093,0,0,12,4,0,9,2
01-08 12:49:04,25.322,26.576,46.884,0,0,1291072,11257344,215188,3373464,73058.051,39143.005,0,1087.111,0,30.086,4934,4650,1.650,1.200,0.870,2,0,110.316,0,0,12,4,0,9,2
01-08 12:49:05,33.535,24.344,40.987,0.248,0,1286068,11245812,215352,3389240,439393.076,38626.369,0,1327.490,0,29.809,5496,4575,1.840,1.240,0.890,3,0,66.573,0,0,12,4,0,9,2
01-08 12:49:06,28.551,15.277,55.349,0,0,1425232,11097976,215660,3521204,45707.438,23434.754,0,961.714,0,39.070,3978,3272,1.840,1.240,0.890,2,0,14.025,0,0,13,4,0,9,2
01-08 12:49:07,28.845,19.314,50.667,0,0,1433160,11077968,216496,3530424,46606.754,24889.108,0,702.317,0,32.106,3949,2436,1.840,1.240,0.890,2,0,67.222,0,0,13,6,0,9,2
01-08 12:49:08,40.886,11.219,46.371,0.499,0,1434964,11060824,216976,3543784,60066.457,587392.585,55.844,1396.106,1.994,36.897,3933,2363,1.840,1.240,0.890,2,0,26.925,0,0,13,6,0,9,2
01-08 12:49:09,38.716,14.330,47.264,0,0,1439888,11049572,217136,3549012,61955.087,33574.551,0,683.820,0,22.124,3786,2131,1.840,1.240,0.890,5,0,50.281,0,0,13,6,0,9,2
01-08 12:49:10,29.943,23.705,44.665,0.250,0,1425548,11041812,218120,3568264,62969.768,33998.085,39.924,2607.022,1.996,113.783,4841,3022,1.930,1.270,0.900,3,0,109.790,0,0,13,8,0,10,2
01-08 12:49:11,36.721,16.237,43.965,2.248,0,1424380,11032244,218964,3576304,45900.228,24561.323,647.481,12941.632,32.974,93.925,4040,2730,1.930,1.270,0.900,3,0,31.974,0,0,13,6,0,11,2
01-08 12:49:12,39.308,9.013,47.570,3.505,0,1459812,10970924,219688,3599236,60412.868,31661.575,2351.459,1794.640,135.199,43.063,3372,2145,1.930,1.270,0.900,3,0,0,0,0,13,6,0,11,2
01-08 12:49:13,43.775,7.462,47.257,0.497,0,1487572,10933224,220416,3607076,30528.242,15419.821,75.612,2546.922,0.995,52.729,3071,1763,1.930,1.270,0.900,3,0,0,0,0,13,6,0,11,2
01-08 12:49:14,43.499,7.750,47.249,1.000,0,1523100,10910128,220808,3593624,31409.009,16126.491,131.996,1055.967,7.000,24.999,2983,1544,1.930,1.270,0.900,3,0,2.000,0,0,13,4,0,11,0
01-08 12:49:15,38.238,13.995,45.235,1.000,0,1483984,10945476,222496,3595800,23740.319,11779.189,943.695,9029.079,12.996,718.767,6307,7294,1.940,1.280,0.910,5,0,29.990,0,0,13,6,0,11,0
01-08 12:49:16,34.461,23.630,35.446,1.969,0,1506416,10915328,225496,3600336,38019.349,20996.598,0,40159.870,0,2520.576,11660,16531,1.940,1.280,0.910,4,0,47.261,0,0,13,6,0,11,0
01-08 12:49:17,32.189,14.700,42.327,5.829,0,1508624,10907276,228208,3603312,37559.989,18806.354,0,33910.238,0,2273.997,10919,16598,1.940,1.280,0.910,1,1,17.235,0,0,13,7,0,11,0
01-08 12:49:18,41.886,13.293,38.123,4.013,0,1505368,10900348,230440,3610328,16938.800,8602.832,0,22958.274,0,1495.839,9097,12947,1.940,1.280,0.910,3,0,29.094,0,0,13,6,0,11,0
01-08 12:49:19,35.725,20.486,41.970,0,0,1449028,10956168,230476,3610580,75116.104,600210.338,0,2050.556,0,31.977,6034,6130,1.940,1.280,0.910,2,0,80.943,0,0,13,4,0,11,0
01-08 12:49:20,39.897,15.307,43.160,0.251,0,1482812,10921248,230516,3611504,46226.863,24726.393,0,1324.897,0,42.156,5117,6889,2.020,1.310,0.920,2,0,11.041,0,0,13,4,0,11,0
01-08 12:49:21,41.077,11.950,45.309,0,0,1522336,10881308,230748,3611628,45317.134,23667.318,0,7165.819,0,283.805,3664,2928,2.020,1.310,0.920,3,0,4.979,0,0,13,4,0,11,0
01-08 12:49:22,43.115,19.051,35.595,0,0,1530220,10873604,230760,3611624,30645.808,16063.882,0,29121.740,0,460.229,6849,9029,2.020,1.310,0.920,2,0,10.027,0,0,13,4,0,11,0
01-08 12:49:23,37.279,15.512,46.786,0,0,1483748,10920000,230760,3611700,46596.100,25839.019,0,176.136,0,2.002,3199,1557,2.020,1.310,0.920,2,0,19.015,0,0,13,4,0,11,0
01-08 12:49:24,41.479,10.558,48.267,0,0,1448400,10963672,230780,3604280,46291.010,24367.765,0,281.557,0,11.061,3003,1582,2.020,1.310,0.920,2,0,1.006,0,0,13,4,0,11,0
01-08 12:49:25,42.270,9.200,47.243,0,0,1483400,10928648,230780,3604304,30459.189,15802.973,0,15.913,0,2.984,3109,1588,2.020,1.330,0.930,3,0,9.946,0,0,13,4,0,11,0
01-08 12:49:26,45.325,6.973,46.819,0,0,1490216,10921832,230784,3604300,46198.675,25046.322,0,0,0,0,3012,1379,2.020,1.330,0.930,3,0,18.927,0,0,13,4,0,11,0
01-08 12:49:27,9.794,26.368,61.777,0,0,1440116,10971916,230784,3604316,62028.003,34672.398,0,2394.733,0,79.356,4516,2736,2.020,1.330,0.930,1,0,159.716,0,0,13,4,0,11,0
01-08 12:49:28,7.458,24.115,66.129,0.497,0,1421812,10990004,230996,3604320,53289.174,28566.808,0,6662.638,0,307.277,4899,3803,2.020,1.330,0.930,3,0,122.314,0,0,13,4,0,11,0
01-08 12:49:29,9.027,24.322,65.192,0,0,1406128,11005668,231004,3604328,65074.719,474920.180,0,92.272,0,6.018,4552,2835,2.020,1.330,0.930,1,0,118.349,0,0,13,4,0,11,0
01-08 12:49:30,7.517,24.305,66.651,0,0,1395568,11016220,231004,3604336,64621.976,153094.830,0,16.036,0,4.009,4181,2479,1.940,1.320,0.930,1,0,118.267,0,0,13,4,0,11,0
01-08 12:49:31,6.718,24.632,66.929,0,0,1377364,11034284,231004,3604472,46108.579,24485.417,0,23.885,0,4.976,3962,2436,1.940,1.320,0.930,1,0,116.441,0,0,13,4,0,11,0
01-08 12:49:32,7.787,22.355,67.567,0,0,1366944,11044700,231004,3604476,61877.739,32077.721,0,16.076,0,4.019,4043,2569,1.940,1.320,0.930,2,0,105.496,0,0,13,4,0,9,0
01-08 12:49:33,22.478,24.976,50.701,0,0,1344044,11067576,231004,3604872,45952.256,24033.598,0,1234.798,0,249.757,6329,7092,1.940,1.320,0.930,2,0,93.909,0,0,13,4,0,9,0
01-08 12:49:34,16.356,20.073,61.458,0.991,0,1348976,11061104,231008,3606468,45519.793,23965.768,1522.580,27.755,18.834,1.983,3449,2398,1.940,1.320,0.930,3,0,37.668,0,0,13,4,0,9,0
01-08 12:49:35,47.804,29.940,21.638,0.252,0,1423268,10986592,231008,3606692,61749.522,33474.788,193.228,185.177,2.013,2.013,5204,2658,2.020,1.350,0.940,4,0,116.742,0,0,13,4,0,9,0
01-08 12:49:36,44.694,8.585,45.451,2.020,0,1486096,10922584,231028,3607848,45529.120,23260.990,1131.234,24.241,18.181,2.020,2978,1474,2.020,1.350,0.940,2,0,6.060,0,0,13,5,0,7,0
01-08 12:49:37,47.218,5.246,45.969,0.749,0,1499936,10907704,231040,3608868,30282.677,14648.170,491.670,15713.455,5.996,64.956,2928,1184,2.020,1.350,0.940,3,0,0,0,0,13,5,0,7,0
01-08 12:49:38,36.061,15.171,47.501,0,0,1507376,10900260,231040,3608868,33425.980,16595.107,0,1114.166,0,1.990,2757,1567,2.020,1.350,0.940,2,0,1.990,0,0,13,5,0,7,0
01-08 12:49:39,47.624,10.722,40.144,0,0,1529428,10875944,231136,3610972,24687.653,441658.954,0,1236.726,0,70.813,4467,4541,2.020,1.350,0.940,2,0,6.982,0,0,13,4,0,8,0
01-08 12:49:40,17.552,25.074,55.164,1.003,0,1545868,10859108,231280,3611148,48576.982,153897.149,136.404,1223.627,6.018,4.012,4437,2700,2.020,1.360,0.940,2,0,123.366,0,0,13,6,0,7,0
01-08 12:49:41,32.544,7.701,57.634,0.248,0,1600248,10804452,231280,3611420,60610.580,32377.646,262.336,0,4.968,0,2819,1890,2.020,1.360,0.940,3,0,12.918,0,0,14,12,0,7,0
01-08 12:49:42,22.326,5.770,71.241,0,0,1636532,10768164,231280,3611424,30860.396,15902.797,0,8.027,0,2.007,1929,1443,2.020,1.360,0.940,3,0,0,0,0,14,12,0,7,0
01-08 12:49:43,24.758,11.754,63.270,0.250,0,1646644,10758032,231280,3611424,30514.729,15595.972,0,68089.709,0,186.059,2698,1523,2.020,1.360,0.940,1,0,0,0,0,14,12,0,7,0
01-08 12:49:44,24.987,3.748,69.963,0.250,0,1662504,10741904,231308,3611664,16341.315,8276.601,15.992,5309.178,3.998,388.793,2717,1493,2.020,1.360,0.940,2,0,3.998,0,0,14,14,0,4,0
01-08 12:49:45,26.021,5.504,66.054,0,0,1669328,10734624,231616,3611776,61929.584,45245.957,52.043,1725.409,5.004,225.184,4523,5300,1.940,1.350,0.940,1,0,1.001,0,0,14,18,0,4,0
01-08 12:49:46,29.567,12.779,55.876,0.251,0,1580552,10823332,231672,3611784,45823.378,24893.159,0,537.212,0,43.097,4085,3412,1.940,1.350,0.940,1,0,42.095,0,0,14,18,0,6,0
01-08 12:49:47,17.699,8.725,71.544,0.748,0,1607152,10796620,231696,3611856,43901.431,22088.319,95.724,315.092,12.963,11.966,1890,1631,1.940,1.350,0.940,1,0,1.994,0,0,14,18,0,6,0
01-08 12:49:48,22.544,6.763,69.635,1.002,0,1631504,10771716,231800,3612216,30381.040,14620.412,364.709,11794.921,13.025,131.255,2345,1673,1.940,1.350,0.940,2,0,0,0,0,14,18,0,6,0
01-08 12:49:49,22.406,4.730,71.701,0,0,1652904,10750044,231804,3612428,15440.550,7478.783,0,489.955,0,5.975,2435,2230,1.940,1.350,0.940,1,0,0,0,0,14,18,0,6,0
01-08 12:49:50,11.777,4.260,72.416,10.775,0,1652720,10749568,231852,3612808,14889.140,7312.768,408.938,1218.795,101.232,6.014,1501,1215,1.860,1.350,0.940,1,0,2.005,0,0,14,18,0,6,0
01-08 12:49:51,22.793,4.509,70.885,0.501,0,1654016,10748056,231856,3612980,15151.845,7472.225,36.069,4.008,9.017,1.002,2870,2706,1.860,1.350,0.940,2,0,0,0,0,14,24,0,6,0
01-08 12:49:52,17.515,14.763,67.560,0,0,1661300,10740756,231856,3612984,14928.153,7464.577,0,0,0,0,2726,1781,1.860,1.350,0.940,1,0,49.043,0,0,14,24,0,6,0
01-08 12:49:53,21.713,5.740,71.379,0,0,1684852,10717204,231856,3612984,30684.037,15845.166,0,5071.412,0,418.292,2315,1328,1.860,1.350,0.940,1,0,1.997,0,0,14,24,0,6,0
01-08 12:49:54,34.667,13.218,51.626,0,0,1707136,10694900,231856,3612988,52923.945,579329.200,0,3.990,0,0.998,3779,11414,1.860,1.350,0.940,1,0,36.911,0,0,14,25,0,7,0
01-08 12:49:55,21.592,5.523,71.052,0,0,1626548,10775548,231880,3613000,15100.086,7459.659,0,261.108,0,17.072,3172,3233,1.800,1.340,0.940,1,0,11.047,0,0,14,24,0,7,0
01-08 12:49:56,16.530,28.051,53.848,0,0,1638096,10763984,231892,3613004,61073.220,32485.158,0,164.299,0,12.022,4528,2667,1.800,1.340,0.940,2,0,148.270,0,0,14,24,0,6,0
01-08 12:49:57,41.485,11.063,48.022,0,0,1703776,10698300,231908,3612992,44339.433,22012.827,0,321.825,0,18.103,2972,1584,1.800,1.340,0.940,3,0,0,0,0,14,24,0,6,0
01-08 12:49:58,43.576,7.221,47.809,0,0,1731420,10670632,231908,3613012,29933.174,14760.910,0,139.442,0,2.988,3147,1791,1.800,1.340,0.940,3,0,0,0,0,14,24,0,6,0
01-08 12:49:59,44.375,8.429,45.119,0,0,1751472,10650556,231908,3613036,14850.598,7583.959,0,0,0,0,5276,5233,1.800,1.340,0.940,2,0,1.983,0,0,14,24,0,7,0
01-08 12:50:00,46.036,6.719,44.294,0,0,1751420,10650556,231952,3613044,14845.970,7262.232,0,481.760,0,33.843,5239,5026,1.890,1.370,0.960,6,0,0,0,0,14,25,0,7,0
01-08 12:50:01,36.912,15.819,46.956,0,0,1661288,10740504,231960,3613220,14921.468,7328.152,0,124.546,0,7.031,4123,2897,1.890,1.370,0.960,4,0,48.212,0,0,14,24,0,7,0
01-08 12:50:02,35.018,39.805,25.445,0,0,1694624,10707148,231972,3613228,46084.147,23693.566,0,169.297,0,13.100,5059,2897,1.890,1.370,0.960,5,0,208.599,0,0,14,24,0,7,0
01-08 12:50:03,61.777,34.765,2.501,0,0,1781188,10620560,231984,3613240,61335.404,31551.583,0,428.184,0,23.010,5548,3805,1.890,1.370,0.960,6,0,216.093,0,0,14,24,0,7,0
01-08 12:50:04,73.920,24.973,0.749,0,0,1869952,10531696,231996,3613292,60616.477,32792.553,0,2061.771,0,332.640,6750,5663,1.890,1.370,0.960,7,0,110.880,0,0,14,26,0,7,0
01-08 12:50:05,83.242,16.799,1.003,0,0,1952544,10449092,231996,3613304,30001.288,15194.207,0,8.023,0,1.003,5937,5056,2.220,1.450,0.980,6,0,8.023,0,0,14,24,0,7,0
01-08 12:50:06,81.208,16.391,0.993,0,0,2028888,10372564,232020,3613380,56196.996,563722.263,0,254.303,0,16.887,6496,6439,2.220,1.450,0.980,5,0,44.702,0,0,14,25,0,7,0
01-08 12:50:07,81.210,16.793,2.256,0.251,0,1981528,10419732,232044,3613548,45319.273,22993.501,0,344.892,0,28.073,6379,6191,2.220,1.450,0.980,4,0,55.143,0,0,14,25,0,7,0
01-08 12:50:08,52.550,24.158,21.170,0,0,1832700,10568364,232068,3613720,60297.853,31462.435,0,442.319,0,35.864,6313,5706,2.220,1.450,0.980,2,0,136.481,0,0,14,25,0,8,0
01-08 12:50:09,17.037,13.780,68.398,0,0,1806888,10594156,232080,3613728,45912.245,24148.199,0,316.685,0,17.037,3226,2219,2.220,1.450,0.980,2,0,70.152,0,0,14,24,0,8,0
01-08 12:50:10,19.717,7.238,71.631,0,0,1789036,10611996,232092,3613728,44579.824,22013.372,0,958.405,0,9.983,1990,1462,2.120,1.440,0.980,1,0,0,0,0,14,24,0,8,0
01-08 12:50:11,22.972,5.301,71.945,0,0,1771716,10629260,232140,3613736,30392.468,14897.853,0,985.516,0,44.429,2562,2199,2.120,1.440,0.980,1,0,2.020,0,0,14,24,0,8,0
01-08 12:50:12,22.516,4.206,71.013,0,0,1757720,10643248,232140,3613744,15183.430,7541.734,0,3.959,0,0.990,2979,2844,2.120,1.440,0.980,1,0,0,0,0,14,25,0,8,0
01-08 12:50:13,14.761,13.510,70.300,0,0,1660400,10740528,232180,3613744,14998.684,7853.594,0,236.168,0,23.016,3235,2402,2.120,1.440,0.980,1,0,68.048,0,0,14,24,0,6,0
01-08 12:50:14,20.177,7.473,71.739,0,0,1663500,10737416,232192,3613744,44818.185,24088.491,0,111.595,0,5.978,1912,1344,2.120,1.440,0.980,1,0,1.993,0,0,14,24,0,6,0
01-08 12:50:15,22.034,5.258,71.859,0,0,1684004,10716880,232224,3613744,37443.025,17745.025,0,408.622,0,26.040,1920,1295,2.030,1.430,0.980,3,0,1.002,0,0,14,24,0,6,0
01-08 12:50:16,23.601,4.017,72.813,0,0,1693844,10707036,232224,3613748,23440.798,13046.100,0,28.121,0,2.009,2332,1962,2.030,1.430,0.980,1,0,0,0,0,14,24,0,6,0
01-08 12:50:17,24.004,3.501,70.763,0.250,0,1681652,10719172,232260,3613768,14918.768,7783.444,0,300.056,0,28.005,3190,3372,2.030,1.430,0.980,1,0,2.000,0,0,14,24,0,6,0
01-08 12:50:18,5.741,25.211,66.896,0,0,1638512,10762304,232268,3613768,45703.663,24705.438,0,171.732,0,8.986,4524,2582,2.030,1.430,0.980,1,0,165.741,0,0,14,24,0,6,0
01-08 12:50:19,6.747,27.490,63.476,0,0,1633812,10766964,232308,3613768,72209.806,474747.211,0,2750.964,0,276.896,5636,3250,2.030,1.430,0.980,1,0,170.936,0,0,14,24,0,6,0
01-08 12:50:20,6.496,25.733,65.208,0,0,1626084,10774680,232328,3613760,49077.475,157434.872,0,155.900,0,9.994,4640,2703,1.950,1.420,0.980,3,0,166.893,0,0,14,24,0,6,0
01-08 12:50:21,17.439,42.850,38.864,0,0,1624716,10776028,232328,3613780,60825.629,32129.820,0,23.916,0,5.979,5307,3225,1.950,1.420,0.980,5,0,260.092,0,0,14,24,0,6,0
01-08 12:50:22,54.942,41.776,3.798,0,0,1701972,10698764,232328,3613788,62289.384,33400.600,0,44.561,0,8.102,5099,3152,1.950,1.420,0.980,5,0,270.405,0,0,14,24,0,6,0
01-08 12:50:23,79.259,20.189,0.249,0,0,1854120,10546596,232328,3613804,44530.581,22730.875,0,0,0,0,5262,3038,1.950,1.420,0.980,5,0,10.967,0,0,14,24,0,7,0
01-08 12:50:24,84.067,14.426,0.995,0,0,1946068,10454628,232328,3613824,29764.531,15153.865,0,23.877,0,2.985,6395,5193,1.950,1.420,0.980,5,0,0,0,0,14,27,0,7,0
01-08 12:50:25,81.553,14.172,3.481,0,0,1976876,10423632,232340,3613996,15013.794,7578.505,0,163.107,0,11.935,5941,8280,2.430,1.530,1.020,5,0,0.995,0,0,14,27,0,7,0
01-08 12:50:26,71.629,16.705,10.884,0,0,1958424,10442028,232428,3613964,15282.641,7878.736,0,396.873,0,45.559,7195,8755,2.430,1.530,1.020,6,0,32.398,0,0,14,26,0,7,0
01-08 12:50:27,73.452,23.565,3.008,0,0,1876272,10524076,232500,3613996,15137.676,7773.401,0,356.983,0,34.094,6502,6234,2.430,1.530,1.020,6,0,120.331,0,0,14,24,0,7,0
01-08 12:50:28,67.421,32.212,0.250,0,0,1867856,10532400,232504,3614080,45569.278,24519.094,0,367.567,0,11.986,5565,4035,2.430,1.530,1.020,6,0,159.812,0,0,14,24,0,7,0
01-08 12:50:29,83.878,15.093,0,0,0,1948476,10451760,232516,3614084,45477.445,22640.740,0,482.981,0,64.332,5092,2669,2.430,1.530,1.020,8,0,1.979,0,0,14,26,0,7,0
01-08 12:50:30,85.744,14.081,1.006,0,0,2034136,10366080,232516,3614104,15242.777,7633.961,0,160.927,0,9.052,7014,7039,2.800,1.620,1.050,7,0,0,0,0,14,24,0,7,0
01-08 12:50:31,81.959,16.143,0.745,0,0,2058200,10341676,232524,3614448,31048.973,15523.493,0,111.265,0,6.954,6640,7619,2.800,1.620,1.050,7,0,47.685,0,0,14,27,0,7,0
01-08 12:50:32,68.969,13.642,16.927,0,0,2044520,10355064,232640,3614624,59216.739,585720.129,0,2186.812,0,112.170,7234,7897,2.800,1.620,1.050,7,0,22.232,0,0,14,28,0,10,0
01-08 12:50:33,60.334,12.263,23.545,0,0,2029404,10370124,232668,3614652,44082.126,22489.399,0,372.796,0,21.583,6742,7394,2.800,1.620,1.050,7,0,32.374,0,0,14,26,0,10,0
01-08 12:50:34,50.202,31.440,18.762,0,0,1735168,10664320,232680,3614680,46093.708,25243.072,0,348.880,0,24.340,5673,4499,2.800,1.620,1.050,3,0,199.795,0,0,14,24,0,12,0
01-08 12:50:35,38.434,14.226,46.670,0,0,1745744,10653724,232688,3614692,44459.015,21850.655,0,2615.530,0,310.469,3547,1729,2.740,1.630,1.060,3,0,3.993,0,0,14,24,0,12,0
01-08 12:50:36,43.919,7.444,46.400,0,0,1786960,10612440,232752,3614696,29709.077,14482.840,0,762.255,0,47.641,3530,2409,2.740,1.630,1.060,2,0,0,0,0,14,25,0,12,0
01-08 12:50:37,44.638,7.774,46.644,0,0,1780704,10618640,232788,3614716,14962.215,7481.108,0,144.446,0,19.059,4850,4523,2.740,1.630,1.060,2,0,0,0,0,14,25,0,12,0
01-08 12:50:38,38.318,16.529,43.827,0,0,1736732,10662576,232804,3614736,15105.626,7308.883,0,256.452,0,14.025,5432,4737,2.740,1.630,1.060,2,0,74.131,0,0,14,25,0,12,0
01-08 12:50:39,40.042,43.045,15.766,0,0,1642392,10756896,232812,3614748,61209.035,33537.086,0,236.247,0,14.015,5579,4122,2.740,1.630,1.060,4,0,229.240,0,0,14,24,0,12,0
01-08 12:50:40,58.824,23.479,18.682,0,0,1718540,10680724,232824,3614756,45260.723,23446.830,0,161.577,0,8.079,4267,2131,2.920,1.690,1.080,3,0,77.759,0,0,14,24,0,12,0
01-08 12:50:41,64.945,11.359,21.731,0,0,1821756,10577456,232852,3614780,29552.548,14958.514,0,683.524,0,42.473,4527,2555,2.920,1.690,1.080,3,0,1.976,0,0,14,27,0,12,0
01-08 12:50:42,66.603,10.227,21.702,0,0,1823656,10575468,232856,3614864,29645.512,14691.546,0,59.868,0,6.985,5323,4879,2.920,1.690,1.080,2,0,0.998,0,0,14,31,0,11,0
01-08 12:50:43,47.551,7.008,43.297,0,0,1825504,10573452,232860,3615024,15381.657,7369.981,0,148.160,0,7.008,6483,7092,2.920,1.690,1.080,4,0,0,0,0,14,31,0,11,0
01-08 12:50:44,52.556,23.889,22.883,0,0,1623564,10775288,232932,3615052,15123.099,7487.619,0,523.047,0,57.334,6003,4769,2.920,1.690,1.080,5,0,118.691,0,0,14,28,0,11,0
01-08 12:50:45,57.422,39.618,2.257,0,0,1727096,10671748,232940,3615052,30029.719,16776.121,0,236.707,0,11.033,5009,2878,3,1.720,1.100,4,0,143.429,0,0,14,28,0,11,0
01-08 12:50:46,83.889,14.730,0.749,0,0,1865572,10533216,232976,3615068,57972.089,583338.094,0,942.749,0,45.939,5335,2706,3,1.720,1.100,6,0,0.999,0,0,14,28,0,12,0
01-08 12:50:47,80.684,13.654,5.213,0,0,1906484,10492152,232976,3615220,14817.993,9110.057,0,0,0,0,5455,4585,3,1.720,1.100,3,0,1.986,0,0,14,31,0,13,0
01-08 12:50:48,48.524,7.003,42.521,0,0,1906448,10492152,232976,3615256,29725.776,14923.418,0,4.002,0,1.000,6382,7103,3,1.720,1.100,3,0,0,0,0,14,32,0,14,0
01-08 12:50:49,57.857,16.071,22.253,0,0,1892292,10506268,233000,3615280,15553.029,8588.484,0,332.304,0,20.769,6243,5753,3,1.720,1.100,5,0,66.263,0,0,14,30,0,15,0
01-08 12:50:50,62.467,36.866,2.816,0,0,1718488,10680048,233040,3615264,61748.904,32726.438,0,327.694,0,24.577,5964,5601,3.160,1.780,1.120,6,0,236.554,0,0,14,28,0,13,0
01-08 12:50:51,57.563,20.522,21.774,0.250,0,1770928,10627548,233048,3615312,45054.083,23127.195,0,2330.539,0,314.342,4484,2114,3.160,1.780,1.120,3,0,28.031,0,0,14,28,0,13,0
01-08 12:50:52,64.004,11.412,22.327,0,0,1819480,10578952,233080,3615324,29303.968,15384.807,0,436.617,0,21.831,4530,2817,3.160,1.780,1.120,4,0,2.977,0,0,14,28,0,13,0
01-08 12:50:53,62.311,10.967,25.173,0,0,1831864,10566392,233080,3615476,30832.270,15813.926,0,0,0,0,6626,6279,3.160,1.780,1.120,2,0,4.985,0,0,14,31,0,13,0
01-08 12:50:54,63.755,16.188,17.931,0,0,1842832,10555304,233132,3617988,15362.863,7774.075,0,462.221,0,35.862,6609,12158,3.160,1.780,1.120,8,0,67.739,0,0,14,30,0,13,0
01-08 12:50:55,48.813,42.743,9.105,0,0,1677124,10720980,233148,3615536,31430.386,17167.943,0,356.106,0,26.303,6064,10681,3.230,1.820,1.130,4,0,230.659,0,0,14,28,0,14,0
01-08 12:50:56,60.432,18.556,20.562,0,0,1744800,10653292,233168,3615528,59939.494,30864.943,0,188.568,0,13.039,4015,1953,3.230,1.820,1.130,3,0,42.127,0,0,14,28,0,14,0
01-08 12:50:57,60.418,10.763,24.461,0,0,1831180,10566868,233192,3615548,29156.292,14946.526,0,626.196,0,32.288,4080,2600,3.230,1.820,1.130,3,0,0,0,0,14,30,0,16,0
01-08 12:50:58,64.897,11.498,24.528,0,0,1833272,10564628,233192,3615696,30777.633,14913.074,0,0,0,0,5342,4233,3.230,1.820,1.130,2,0,0,0,0,14,31,0,14,0
01-08 12:50:59,58.607,6.866,28.935,0,0,1833192,10564628,233232,3615736,14748.243,7301.538,0,294.259,0,23.541,6518,6663,3.230,1.820,1.130,4,0,1.962,0,0,14,30,0,16,0
01-08 12:51:00,44.686,35.092,17.167,0,0,1697048,10700736,233244,3615760,38159.272,450010.183,0,214.089,0,14.138,5882,4690,3.210,1.840,1.140,6,0,202.980,0,0,14,28,0,16,0
01-08 12:51:01,47.846,27.700,22.915,0,0,1680364,10717400,233256,3615764,48436.815,151612.961,0,193.397,0,13.095,4491,2444,3.210,1.840,1.140,3,0,87.633,0,0,14,28,0,16,0
01-08 12:51:02,61.905,13.177,22.375,0,0,1770324,10627436,233260,3615764,29767.074,15161.488,0,115.357,0,8.950,3773,1645,3.210,1.840,1.140,3,0,1.989,0,0,14,28,0,15,0
01-08 12:51:03,61.956,10.535,24.582,0,0,1830000,10567724,233280,3615776,30033.672,14965.666,0,501.665,0,24.080,4705,3427,3.210,1.840,1.140,3,0,0,0,0,14,29,0,15,0
01-08 12:51:04,63.687,9.380,23.697,0,0,1829972,10567724,233288,3615796,15127.791,7350.126,0,114.537,0,11.849,6180,5913,3.210,1.840,1.140,4,0,0,0,0,14,29,0,17,0
01-08 12:51:05,53.535,20.513,22.264,0,0,1808104,10589400,233288,3615988,45401.470,24549.935,0,152.099,0,30.019,6382,5673,3.200,1.860,1.150,3,0,67.044,0,0,14,29,0,16,0
01-08 12:51:06,52.766,21.965,23.227,0,0,1722700,10674760,233320,3616004,30228.801,14736.200,0,254.490,0,21.208,4322,2677,3.200,1.860,1.150,3,0,48.474,0,0,14,28,0,16,0
01-08 12:51:07,62.824,12.515,23.278,0,0,1806716,10590728,233336,3616004,31335.077,15077.841,0,2086.469,0,287.340,4360,1904,3.200,1.860,1.150,3,0,0,0,0,14,28,0,16,0
01-08 12:51:08,60.839,12.366,22.753,0,0,1837896,10559480,233404,3615996,15211.713,7508.415,0,534.196,0,34.624,5619,4980,3.200,1.860,1.150,5,0,1.979,0,0,14,30,0,16,0
01-08 12:51:09,53.590,18.030,23.289,0,0,1789944,10607360,233404,3616068,30660.719,15778.616,0,392.662,0,18.030,6383,6495,3.200,1.860,1.150,4,0,66.112,0,0,14,30,0,16,0
01-08 12:51:10,57.531,38.269,4.055,0,0,1702440,10694828,233432,3616068,47672.042,27067.380,0,356.843,0,27.372,5598,4389,3.420,1.920,1.180,6,0,257.495,0,0,14,28,0,15,0
01-08 12:51:11,67.547,30.771,0,0,0,1776004,10621192,233440,3616100,60626.141,34013.643,0,232.161,0,15.010,5208,3212,3.420,1.920,1.180,6,0,190.132,0,0,14,28,0,15,0
01-08 12:51:12,68.919,28.467,0.250,0,0,1889916,10507224,233472,3616124,45891.083,24790.873,0,483.432,0,26.968,5497,4166,3.420,1.920,1.180,7,0,167.803,0,0,14,29,0,15,0
01-08 12:51:13,73.424,24.974,0.250,0,0,1976016,10421120,233472,3616124,67355.853,584661.114,0,3.996,0,0.999,6113,4977,3.420,1.920,1.180,8,0,154.839,0,0,14,29,0,15,0
01-08 12:51:14,77.558,20.384,0.746,0,0,2033564,10363412,233492,3616264,53762.829,32490.969,0,226.709,0,13.921,6618,6583,3.420,1.920,1.180,8,0,121.309,0,0,14,30,0,15,0
01-08 12:51:15,75.636,22.290,1.002,0,0,2042532,10354380,233508,3616308,56265.456,30496.991,0,244.441,0,18.033,7348,8211,3.790,2.030,1.220,10,0,145.262,0,0,14,29,0,15,0
01-08 12:51:16,69.001,28.000,1.250,0,0,1946116,10450728,233548,3616332,54621.663,32830.398,0,260.003,0,26.000,6381,6337,3.790,2.030,1.220,8,0,181.002,0,0,14,29,0,15,0
01-08 12:51:17,71.592,27.381,1.005,0,0,1898948,10497696,233576,3616504,45903.258,27159.729,0,325.555,0,20.096,6856,6932,3.790,2.030,1.220,7,0,194.931,0,0,14,29,0,15,0
01-08 12:51:18,67.969,30.986,0,0,0,1774936,10621612,233604,3616568,60913.458,33188.993,0,339.846,0,23.989,5584,4250,3.790,2.030,1.220,6,0,212.904,0,0,14,28,0,15,0
01-08 12:51:19,71.565,27.275,0.250,0,0,1879736,10516800,233608,3616576,61039.306,36096.706,0,300.272,0,8.007,5757,4337,3.790,2.030,1.220,6,0,155.141,0,0,14,28,0,15,0
01-08 12:51:20,80.431,14.354,3.217,0,0,1958060,10438428,233612,3616620,44800.599,23126.403,0,158.386,0,7.919,6568,6947,3.880,2.080,1.240,6,0,20.788,0,0,14,31,0,15,0
01-08 12:51:21,80.556,15.261,3.002,0,0,1972440,10423880,233624,3616776,29840.561,15352.578,0,132.091,0,9.006,5929,7582,3.880,2.080,1.240,5,0,50.034,0,0,14,30,0,16,0
01-08 12:51:22,67.183,25.570,5.766,0,0,1881340,10514908,233628,3616836,70378.824,458740.340,0,164.448,0,8.022,6583,8486,3.880,2.080,1.240,5,0,207.566,0,0,14,29,0,17,0
01-08 12:51:23,32.488,36.737,28.490,0,0,1782832,10613388,233628,3616864,47684.967,142671.037,0,3074.902,0,324.884,6688,5519,3.880,2.080,1.240,2,0,234.916,0,0,14,28,0,17,0
01-08 12:51:24,15.748,21.497,61.741,0,0,1737140,10659084,233628,3616860,60991.616,33836.794,0,23.996,0,3.999,4313,2464,3.880,2.080,1.240,2,0,139.978,0,0,14,28,0,17,0
01-08 12:51:25,6.009,29.796,61.845,0,0,1718564,10677652,233628,3616868,60729.411,31792.902,0,172.265,0,6.009,4604,2835,3.650,2.060,1.240,4,0,178.274,0,0,14,28,0,17,0
01-08 12:51:26,21.475,42.701,33.711,0,0,1662708,10733452,233660,3616888,61137.411,31695.405,0,663.234,0,36.957,5508,3576,3.650,2.060,1.240,4,0,236.727,0,0,14,28,0,16,0
01-08 12:51:27,43.327,46.601,9.320,0,0,1709228,10686924,233660,3616896,46182.034,23694.566,0,12.091,0,3.023,5083,3030,3.650,2.060,1.240,4,0,277.088,0,0,14,28,0,16,0
01-08 12:51:28,61.174,36.704,0.999,0,0,1783348,10612788,233660,3616908,60331.592,31486.645,0,23.970,0,5.993,5590,4079,3.650,2.060,1.240,6,0,292.634,0,0,14,28,0,16,0
01-08 12:51:29,69.734,26.994,1.500,0,0,1875028,10521080,233684,3616912,60340.442,32610.672,0,191.957,0,15.996,6377,6213,3.650,2.060,1.240,5,0,161.964,0,0,14,28,0,16,0
01-08 12:51:30,78.055,18.337,1.487,0,0,1919672,10476264,233700,3617068,29329.732,15337.375,0,222.022,0,16.850,5771,5429,3.760,2.110,1.260,5,0,66.408,0,0,14,28,0,17,0
01-08 12:51:31,77.109,20.094,2.009,0,0,1924304,10471588,233740,3617072,43377.889,571192.440,0,454.114,0,29.136,6646,6346,3.760,2.110,1.260,5,0,61.285,0,0,14,28,0,18,0
01-08 12:51:32,76.263,21.324,1.003,0,0,1900980,10494804,233776,3617140,15131.271,7387.520,0,353.220,0,26.090,6134,6167,3.760,2.110,1.260,6,0,67.232,0,0,14,29,0,18,0
01-08 12:51:33,77.292,19.574,1.506,0,0,1863468,10532256,233884,3617092,15032.751,7389.898,0,2706.216,0,144.546,6494,6236,3.760,2.110,1.260,5,0,63.239,0,0,14,28,0,19,0
01-08 12:51:34,73.563,22.194,1.746,0,0,1851560,10544040,233884,3617212,14817.371,7556.809,0,0,0,0,5930,6469,3.760,2.110,1.260,6,0,78.800,0,0,14,29,0,19,0
01-08 12:51:35,80.882,13.646,1.985,0,0,1929932,10465484,233884,3617396,15023.270,7437.204,0,0,0,0,6046,6149,3.940,2.170,1.280,5,0,2.977,0,0,14,30,0,14,0
01-08 12:51:36,80.419,13.319,4.021,0.251,0,1976256,10419116,233904,3617416,15119.856,7563.447,0,478.496,0,42.220,6566,8405,3.940,2.170,1.280,6,0,0,0,0,14,30,0,15,0
01-08 12:51:37,67.042,16.328,13.111,0,0,1975520,10419648,233904,3617608,14760.069,7219.728,0,0,0,0,7034,7558,3.940,2.170,1.280,4,0,29.686,0,0,14,31,0,15,0
01-08 12:51:38,82.176,12.413,1.986,0,0,2012736,10382384,233924,3617636,416.096,0,0,2828.262,0,319.768,6784,8384,3.940,2.170,1.280,5,0,1.986,0,0,14,31,0,17,0
01-08 12:51:39,78.115,19.782,1.522,0,0,1948544,10446376,233948,3617808,15463.720,7716.136,0,137.969,0,14.203,6442,9003,3.940,2.170,1.280,7,0,40.579,0,0,14,29,0,19,1
01-08 12:51:40,77.961,19.616,1.509,0,0,1909660,10485176,233972,3617868,361.136,0,0,241.428,0,30.179,6083,6156,4.110,2.240,1.310,5,0,87.518,0,0,14,29,0,19,0
01-08 12:51:41,75.865,20.645,1.244,0,0,1942796,10452008,233980,3617888,179.092,0,0,147.253,0,7.960,6421,6395,4.110,2.240,1.310,6,0,31.839,0,0,14,29,0,19,0
01-08 12:51:42,81.609,14.225,1.248,0,0,1989188,10405564,233992,3617924,15916.535,7349.318,0,59.897,0,6.988,6427,7668,4.110,2.240,1.310,5,0,0,0,0,14,30,0,20,0
01-08 12:51:43,71.374,18.835,6.691,0,0,1958736,10435804,233992,3618132,416.350,0,0,0,0,0,6096,7358,4.110,2.240,1.310,6,0,59.479,0,0,14,31,0,20,0
01-08 12:51:44,67.935,14.594,15.348,0,0,1981724,10412620,233992,3618324,15497.315,7655.058,0,12.077,0,1.006,7159,9819,4.110,2.240,1.310,7,0,13.084,0,0,14,31,0,22,0
01-08 12:51:45,72.301,10.329,14.359,0,0,2021968,10372328,233992,3618372,241.844,0,0,4.031,0,1.008,6842,7875,4.020,2.250,1.320,4,0,1.008,0,0,14,32,0,25,0
01-08 12:51:46,65.442,21.062,10.782,0,0,2006772,10387448,234004,3618432,868.551,0,0,148.436,0,15.044,6818,8755,4.020,2.250,1.320,6,0,71.209,0,0,14,29,0,27,0
01-08 12:51:47,75.807,16.765,2.916,0,0,1915244,10478944,234004,3618464,14671.527,7405.739,0,0,0,0,6608,8108,4.020,2.250,1.320,6,0,56.369,0,0,14,30,0,26,0
01-08 12:51:48,79.440,18.707,1.538,0,0,1908572,10485584,234004,3618496,429.486,0,0,8.200,0,2.050,5921,6343,4.020,2.250,1.320,5,0,29.726,0,0,14,29,0,26,0
01-08 12:51:49,76.072,20.019,1.501,0,0,1906428,10487668,234024,3618532,360.340,148.140,0,148.140,0,13.012,6470,5977,4.020,2.250,1.320,5,0,94.089,0,0,14,29,0,27,0
01-08 12:51:50,76.742,20.248,2.000,0,0,1919088,10474784,234040,3618740,538.942,0,0,87.990,0,9.999,6387,7638,4.100,2.290,1.340,5,0,29.997,0,0,14,30,0,27,0
01-08 12:51:51,82.626,13.937,0.995,0,0,1967636,10426148,234040,3618824,15087.709,7424.395,0,163.261,0,27.874,6179,9713,4.100,2.290,1.340,6,0,1.991,0,0,14,31,0,26,0
01-08 12:51:52,79.674,14.892,2.482,0,0,1932928,10460700,234044,3618972,237.285,0,0,127.081,0,11.914,6531,7357,4.100,2.290,1.340,5,0,33.756,0,0,14,30,0,28,0
01-08 12:51:53,75.727,20.244,2.249,0,0,1910420,10483144,234044,3619016,469.860,0,0,0,0,0,6558,7104,4.100,2.290,1.340,5,0,35.989,0,0,14,29,0,30,0
01-08 12:51:54,75.573,21.484,0.758,0,0,1896812,10496584,234044,3619180,996.862,149.630,0,4278.620,0,329.591,6195,5269,4.100,2.290,1.340,5,0,108.179,0,0,14,29,0,30,0
01-08 12:51:55,77.370,19.781,2.003,0,0,1976036,10417344,234044,3622216,600.931,0,0,12.019,0,1.002,6387,13157,4.170,2.340,1.360,10,0,37.057,0,0,14,29,0,30,0
01-08 12:51:56,83.479,12.460,1.495,0,0,1998548,10394788,234060,3619220,14992.405,7661.168,0,155.496,0,15.948,6515,10376,4.170,2.340,1.360,5,0,0,0,0,14,29,0,31,0
01-08 12:51:57,71.722,23.576,2.978,0,0,1889448,10503708,234060,3619396,416.930,0,0,3.971,0,0.993,6114,5881,4.170,2.340,1.360,7,0,106.218,0,0,14,30,0,31,0
01-08 12:51:58,77.650,16.569,2.226,0,0,1935008,10458096,234076,3619432,651.866,0,0,114.744,0,11.870,6719,7340,4.170,2.340,1.360,5,0,13.848,0,0,14,30,0,31,0
01-08 12:51:59,81.763,17.375,1.022,0,0,1926148,10466916,234076,3619472,367.932,151.261,0,0,0,0,6039,6797,4.170,2.340,1.360,5,0,61.322,0,0,14,29,0,29,0
01-08 12:52:00,75.183,22.304,1.253,0,0,1947052,10446000,234092,3619468,480.168,0,0,124.302,0,14.034,5983,5819,4.400,2.420,1.390,8,0,96.234,0,0,14,29,0,29,0
01-08 12:52:01,76.778,19.009,1.234,0,0,1901084,10491824,234092,3619608,4115.900,1836.750,0,79.000,0,19.750,6147,5349,4.400,2.420,1.390,5,0,29.625,0,0,14,28,0,31,0
01-08 12:52:02,86.417,11.404,1.014,0,0,1945652,10447220,234092,3619644,11425.270,5674.622,0,0,0,0,5666,5066,4.400,2.420,1.390,5,0,0,0,0,14,28,0,30,0
01-08 12:52:03,73.236,23.752,0.990,0,0,1905500,10487364,234092,3619652,635.373,0,0,3.959,0,0.990,5486,4964,4.400,2.420,1.390,5,0,78.185,0,0,14,29,0,30,0
01-08 12:52:04,83.040,13.337,2.013,0,0,1879064,10513572,234104,3619876,482.137,148.969,0,108.707,0,9.059,6152,6153,4.400,2.420,1.390,7,0,9.059,0,0,14,28,0,30,0
01-08 12:52:05,73.459,20.988,0.976,0,0,1896864,10495744,234108,3619896,351.430,0,0,46.857,0,3.905,6262,5845,4.520,2.480,1.410,7,0,80.048,0,0,14,30,0,30,0
01-08 12:52:06,78.275,20.077,1.525,0,0,1953828,10438596,234140,3620048,773.601,0,0,134.186,0,14.232,6330,6264,4.520,2.480,1.410,4,0,22.364,0,0,14,31,0,31,0
01-08 12:52:07,81.363,14.520,2.253,0,0,1909604,10482560,234172,3620272,702.979,0,0,1145.595,0,15.021,6174,8172,4.520,2.480,1.410,6,0,32.045,0,0,14,30,0,33,0
01-08 12:52:08,77.427,19.105,2.514,0,0,1848900,10543220,234204,3620300,15299.331,7662.235,0,136.754,0,15.083,5988,5275,4.520,2.480,1.410,6,0,62.344,0,0,14,29,0,33,0
01-08 12:52:09,74.905,19.725,2.996,0,0,1873536,10518524,234224,3620336,765.033,189.760,0,167.788,0,12.984,5575,6028,4.520,2.480,1.410,4,0,84.893,0,0,14,29,0,33,0
01-08 12:52:10,76.397,20.039,1.753,0,0,1899672,10492348,234224,3620372,942.820,0,0,0,0,0,5296,5932,4.480,2.500,1.430,5,0,72.139,0,0,14,29,0,34,0
01-08 12:52:11,81.543,12.928,2.983,0,0,1935780,10456088,234224,3620520,742.837,0,0,51.710,0,2.983,5388,6513,4.480,2.500,1.430,4,0,0,0,0,14,30,0,34,0
01-08 12:52:12,80.694,14.196,2.740,0,0,1831588,10560224,234248,3620552,536.962,0,0,163.380,0,13.947,5389,5592,4.480,2.500,1.430,4,0,45.826,0,0,14,29,0,35,0
01-08 12:52:13,73.554,23.678,1.259,0,0,1784868,10606784,234260,3620700,423.186,0,0,64.485,0,6.046,5499,5074,4.480,2.500,1.430,4,0,63.478,0,0,14,29,0,35,0
01-08 12:52:14,76.253,20.434,0.748,0,0,1827616,10563972,234260,3620760,1159.249,147.523,0,4106.713,0,351.862,5377,2518,4.480,2.500,1.430,7,0,95.690,0,0,14,29,0,35,0
01-08 12:52:15,80.695,15.940,1.494,0,0,1910688,10480880,234260,3620780,418.420,0,0,3.985,0,0.996,5153,3894,4.440,2.530,1.440,4,0,2.989,0,0,14,30,0,35,0
01-08 12:52:16,73.546,12.802,10.542,0,0,1946424,10445096,234260,3620828,30427.436,15675.075,0,8.032,0,1.004,5981,7151,4.440,2.530,1.440,2,0,0,0,0,14,32,0,36,0
01-08 12:52:17,72.005,14.050,13.046,0,0,1887652,10503644,234324,3620980,30627.510,15131.610,0,256.910,0,27.096,6060,6219,4.440,2.530,1.440,4,0,60.213,0,0,14,29,0,36,0
01-08 12:52:18,73.003,21.324,3.010,0,0,1884824,10506416,234360,3621000,30179.391,14841.337,0,180.625,0,19.066,6299,6994,4.440,2.530,1.440,4,0,69.240,0,0,14,28,0,37,0
01-08 12:52:19,63.621,26.050,8.767,0,0,1799936,10591244,234360,3621060,30301.808,15465.504,0,8.015,0,2.004,4372,2236,4.440,2.530,1.440,4,0,157.300,0,0,14,28,0,37,0
01-08 12:52:20,63.733,10.663,22.815,0,0,1860872,10530300,234360,3621068,44152.535,22164.055,0,0,0,0,4676,2941,4.330,2.540,1.450,4,0,0,0,0,14,28,0,37,0
01-08 12:52:21,58.390,9.402,28.205,0,0,1876800,10514200,234360,3621236,29468.264,14637.145,0,15.835,0,1.979,6095,6866,4.330,2.540,1.450,2,0,1.979,0,0,14,30,0,37,0
01-08 12:52:22,62.813,13.478,22.633,0,0,1761704,10629280,234360,3621252,15796.366,7915.985,0,0,0,0,5123,3702,4.330,2.540,1.450,3,0,34.585,0,0,14,29,0,37,0
01-08 12:52:23,53.149,20.711,23.206,0,0,1783880,10607092,234360,3621264,18109.722,9783.482,0,103.804,0,1.996,5296,4303,4.330,2.540,1.450,3,0,42.919,0,0,14,29,0,37,0
01-08 12:52:24,62.616,11.430,21.866,0,0,1856620,10534332,234360,3621284,23379.570,432061.379,0,3.976,0,0.994,5760,4707,4.330,2.540,1.450,3,0,1.988,0,0,14,29,0,36,0
01-08 12:52:25,63.765,10.002,23.506,0,0,1873944,10516956,234380,3621312,18008.223,140576.965,0,128.030,0,16.004,6030,5517,4.300,2.560,1.470,4,0,2.000,0,0,14,29,0,36,0
01-08 12:52:26,56.814,17.675,23.231,0,0,1799520,10591204,234400,3621464,15432.170,7369.142,0,105.043,0,12.120,6105,5502,4.300,2.560,1.470,3,0,60.601,0,0,14,29,0,36,0
01-08 12:52:27,56.484,17.589,23.040,0,0,1778816,10611868,234424,3621480,780.866,0,0,130.805,0,13.873,4871,3837,4.300,2.560,1.470,4,0,31.710,0,0,14,28,0,36,0
01-08 12:52:28,52.996,22.498,22.248,0,0,1773208,10617456,234424,3621496,15517.927,7847.457,0,0,0,0,4529,2671,4.300,2.560,1.470,3,0,58.996,0,0,14,28,0,36,0
01-08 12:52:29,62.534,11.959,22.672,0,0,1801244,10589260,234560,3621516,1002.535,147.490,0,3109.254,0,158.452,4949,4094,4.300,2.560,1.470,4,0,0,0,0,14,29,0,36,0
01-08 12:52:30,60.479,10.038,26.099,0,0,1827172,10563304,234564,3621540,15276.764,7486.307,0,3059.569,0,345.306,6876,6258,4.200,2.570,1.470,4,0,2.008,0,0,14,31,0,36,0
01-08 12:52:31,58.114,15.346,24.403,0,0,1753020,10637420,234564,3621572,3061.168,1889.834,0,0,0,0,5841,5231,4.200,2.570,1.470,3,0,43.271,0,0,14,30,0,36,0
01-08 12:52:32,61.697,12.339,21.471,0,0,1797464,10592816,234564,3621732,15602.052,7397.772,0,15.795,0,0.987,6953,7031,4.200,2.570,1.470,4,0,0,0,0,14,29,0,34,0
01-08 12:52:33,59.273,15.638,23.709,0,0,1789140,10601132,234564,3621740,893.881,0,0,12.107,0,2.018,5139,3903,4.200,2.570,1.470,3,0,53.471,0,0,14,29,0,34,0
01-08 12:52:34,56.509,19.003,22.253,0,0,1749720,10640516,234564,3621760,723.109,148.022,0,0,0,0,4705,3257,4.200,2.570,1.470,3,0,43.006,0,0,14,29,0,34,0
01-08 12:52:35,65.128,10.730,22.708,0,0,1811924,10578300,234568,3621764,15311.404,7348.276,0,191.642,0,17.966,5456,4449,4.100,2.570,1.480,4,0,0.998,0,0,14,28,0,34,0
01-08 12:52:36,54.548,18.266,24.521,0,0,1763492,10626684,234580,3621796,843.736,0,0,140.122,0,8.007,5117,3363,4.100,2.570,1.480,3,0,66.058,0,0,14,29,0,32,0
01-08 12:52:37,50.479,21.491,24.740,0,0,1771608,10618528,234588,3621828,1129.526,0,0,319.866,0,45.981,6767,6906,4.100,2.570,1.480,5,0,80.966,0,0,14,29,0,32,0
01-08 12:52:38,61.380,14.222,22.955,0,0,1796748,10593360,234608,3621832,15309.112,7509.340,0,954.137,0,21.957,5001,3453,4.100,2.570,1.480,3,0,33.934,0,0,14,28,0,32,0
01-08 12:52:39,50.576,24.914,22.174,0,0,1788040,10602060,234608,3621840,721.514,147.492,0,3.986,0,0.997,4728,2816,4.100,2.570,1.480,4,0,65.773,0,0,14,29,0,32,0
01-08 12:52:40,63.648,11.482,22.963,0,0,1816092,10573876,234620,3621960,1123.207,0,0,471.248,0,23.962,4624,3006,4.010,2.580,1.490,4,0,0,0,0,14,29,0,28,0
01-08 12:52:41,63.296,10.047,24.364,0,0,1833116,10556780,234644,3622008,912.265,0,0,100.470,0,9.042,5705,4815,4.010,2.580,1.490,3,0,0,0,0,14,31,0,28,0
01-08 12:52:42,56.439,14.734,25.722,0,0,1801552,10588280,234688,3622028,15262.622,7677.761,0,179.807,0,21.976,6410,5747,4.010,2.580,1.490,3,0,36.960,0,0,14,29,0,28,0
01-08 12:52:43,62.307,14.069,20.853,0,0,1835900,10553720,234820,3622104,848.177,0,0,2082.254,0,131.648,6421,6002,4.010,2.580,1.490,3,0,25.124,0,0,14,29,0,29,0
01-08 12:52:44,48.231,27.739,21.742,0,0,1767556,10621972,234832,3622180,722.721,147.943,0,143.944,0,11.995,5110,3192,4.010,2.580,1.490,3,0,124.952,0,0,14,28,0,26,0
01-08 12:52:45,60.541,15.826,22.358,0,0,1788468,10601056,234832,3622184,486.340,0,0,2479.931,0,331.595,4345,2336,4.170,2.640,1.510,3,0,3.015,0,0,14,29,0,26,0
01-08 12:52:46,62.916,10.116,22.699,0.247,0,1847748,10541612,234844,3622336,15915.896,7200.495,0,378.973,0,73.031,5690,4920,4.170,2.640,1.510,3,0,1.974,0,0,14,29,0,26,0
01-08 12:52:47,64.730,10.036,23.082,0,0,1858484,10530728,234844,3622484,828.944,0,0,0,0,0,5475,4640,4.170,2.640,1.510,3,0,0,0,0,14,30,0,26,0
01-08 12:52:48,52.210,20.834,24.850,0,0,1702992,10686164,234884,3622500,725.918,0,0,329.324,0,31.125,5737,5145,4.170,2.640,1.510,6,0,65.262,0,0,14,29,0,20,0
01-08 12:52:49,51.218,21.237,24.235,0,0,1751568,10637556,234888,3622524,483.697,189.881,0,139.912,0,7.995,5556,4481,4.170,2.640,1.510,4,0,73.954,0,0,14,29,0,20,0
01-08 12:52:50,62.477,11.315,22.137,0,0,1816288,10572804,234896,3622540,1364.649,0,0,106.260,0,5.903,5910,4957,4.080,2.640,1.520,4,0,0,0,0,14,29,0,20,0
01-08 12:52:51,63.875,8.111,26.361,0,0,1837128,10551916,234908,3622576,738.106,0,0,117.610,0,8.111,5951,5308,4.080,2.640,1.520,4,0,2.028,0,0,14,29,0,20,0
01-08 12:52:52,47.928,25.093,24.842,0,0,1831016,10557968,234940,3622604,15275.811,7552.086,0,236.881,0,23.086,6024,5648,4.080,2.640,1.520,6,0,127.474,0,0,14,29,0,18,0
01-08 12:52:53,35.681,30.973,30.726,0,0,1761088,10627700,234952,3622784,588.741,0,0,142.725,0,6.938,5277,4387,4.080,2.640,1.520,3,0,144.707,0,0,14,29,0,16,0
01-08 12:52:54,42.350,9.327,47.392,0,0,1679736,10709032,234968,3622788,4885.409,282.335,0,112.934,0,15.125,3623,2694,4.080,2.640,1.520,6,0,7.058,0,0,14,28,0,16,0
01-08 12:52:55,38.427,12.726,46.661,0,0,1718116,10670648,234968,3622792,662.742,0,0,7.985,0,0.998,3206,1968,3.910,2.630,1.530,3,0,25.951,0,0,14,29,0,16,0
01-08 12:52:56,57.156,17.047,24.567,0,0,1769684,10619012,235016,3622796,849.318,0,0,1022.791,0,50.137,4928,17182,3.910,2.630,1.530,3,0,36.099,0,0,14,30,0,17,0
01-08 12:52:57,44.731,7.207,45.974,0,0,1771600,10617024,235020,3622860,421.470,0,0,67.594,0,6.958,4574,4225,3.910,2.630,1.530,4,0,1.988,0,0,14,29,0,13,0
01-08 12:52:58,30.051,22.789,44.576,0,0,1733096,10655448,235020,3622940,16547.083,21833.054,0,8.014,0,2.003,5447,4568,3.910,2.630,1.530,2,0,102.173,0,0,14,29,0,13,0
01-08 12:52:59,43.178,8.333,47.723,0,0,1767948,10620580,235020,3622952,44836.746,22553.715,0,0,0,0,3706,2978,3.910,2.630,1.530,2,0,0,0,0,14,28,0,13,0
01-08 12:53:00,36.739,15.246,46.486,0,0,1700964,10687560,235020,3622956,29886.261,15661.421,0,3.999,0,1.000,3638,1882,3.760,2.620,1.530,3,0,65.981,0,0,14,28,0,13,0
01-08 12:53:01,40.743,10.248,47.241,0,0,1731544,10656976,235020,3622960,15341.200,7684.597,0,2203.598,0,307.944,3515,1885,3.760,2.620,1.530,3,0,0,0,0,14,28,0,12,0
01-08 12:53:02,44.201,6.876,45.429,0,0,1754392,10633976,235024,3623104,15013.627,7484.713,0,94.296,0,1.964,4219,3610,3.760,2.620,1.530,3,0,0,0,0,14,29,0,12,0
01-08 12:53:03,44.930,6.893,47.993,0,0,1692072,10696276,235032,3623116,15768.361,7683.017,0,130.705,0,15.317,4159,3460,3.760,2.620,1.530,2,0,2.042,0,0,14,28,0,12,0
01-08 12:53:04,41.029,8.952,46.997,0,0,1700060,10688260,235064,3623112,15197.185,7565.272,0,159.143,0,20.888,4213,3649,3.760,2.620,1.530,2,0,4.973,0,0,14,28,0,12,0
01-08 12:53:05,37.486,15.494,45.483,0.250,0,1677572,10710688,235076,3623156,15498.131,7617.115,0,155.941,0,7.997,3785,1982,3.620,2.610,1.530,3,0,84.968,0,0,14,28,0,11,0
01-08 12:53:06,39.271,10.756,47.525,0,0,1723144,10664964,235088,3623296,787.421,0,0,184.098,0,10.005,3375,2173,3.620,2.610,1.530,2,0,12.006,0,0,14,29,0,11,0
01-08 12:53:07,43.005,7.706,46.983,0.249,0,1723864,10664208,235120,3623300,15080.186,7576.884,0,719.903,0,33.808,3696,2587,3.620,2.610,1.530,2,0,0,0,0,14,29,0,11,0
01-08 12:53:08,45.628,6.732,46.376,0,0,1745708,10642284,235168,3623332,15830.754,7599.719,0,335.106,0,52.859,4892,4272,3.620,2.610,1.530,3,0,0,0,0,14,29,0,11,0
01-08 12:53:09,41.945,8.540,46.969,0,0,1685712,10702260,235184,3623336,546.544,148.692,0,546.544,0,9.042,3354,2048,3.620,2.610,1.530,2,0,7.033,0,0,14,29,0,7,0
01-08 12:53:10,42.527,9.256,45.779,0,0,1720708,10667232,235196,3623352,603.382,0,0,152.096,0,8.005,4687,4249,3.490,2.600,1.530,2,0,0,0,0,14,29,0,7,0
01-08 12:53:11,39.992,11.498,45.991,0,0,1677804,10710100,235228,3623356,15221.112,7522.573,0,207.961,0,18.996,3748,2552,3.490,2.600,1.530,2,0,29.994,0,0,14,28,0,7,0
01-08 12:53:12,41.057,10.635,45.757,0,0,1736236,10651636,235244,3623372,715.289,0,0,142.464,0,8.904,4059,3429,3.490,2.600,1.530,2,0,1.979,0,0,14,29,0,7,0
01-08 12:53:13,44.694,7.872,46.218,0,0,1731148,10656680,235272,3623384,15703.920,7642.710,0,288.481,0,23.363,4493,3815,3.490,2.600,1.530,2,0,5.079,0,0,14,28,0,5,0
01-08 12:53:14,40.864,10.339,46.526,0,0,1731136,10656680,235276,3623392,1383.485,145.734,0,114.224,0,6.893,3976,3319,3.490,2.600,1.530,3,0,0,0,0,14,29,0,5,0
01-08 12:53:15,44.268,7.294,46.532,0,0,1760088,10627712,235276,3623408,1378.357,0,0,4.024,0,1.006,4061,3240,3.370,2.590,1.540,2,0,3.018,0,0,14,29,0,5,0
01-08 12:53:16,34.913,16.708,46.633,0,0,1738216,10649576,235276,3623416,721.198,0,0,1532.172,0,278.305,4093,2328,3.370,2.590,1.540,3,0,55.860,0,0,14,29,0,5,0
01-08 12:53:17,44.874,7.563,46.386,0,0,1740052,10647572,235292,3623564,15347.809,7683.988,0,129.075,0,12.101,4851,4633,3.370,2.590,1.540,3,0,0,0,0,14,28,0,4,0
01-08 12:53:18,35.113,18.926,43.830,0,0,1709532,10678068,235324,3623556,839.734,0,0,334.698,0,25.899,4571,2921,3.370,2.590,1.540,2,0,102.601,0,0,14,29,0,4,0
01-08 12:53:19,27.242,25.992,42.737,0,0,1702652,10684896,235344,3623588,1415.568,147.955,0,247.924,0,23.993,5707,4662,3.370,2.590,1.540,2,0,157.952,0,0,14,28,0,4,0
01-08 12:53:20,26.227,26.984,45.645,0,0,1690100,10697440,235352,3623588,15412.387,7656.261,0,145.257,0,6.052,4333,2386,3.340,2.600,1.550,2,0,125.083,0,0,14,28,0,4,0
01-08 12:53:21,40.816,10.204,47.785,0.249,0,1734944,10652592,235384,3623560,541.560,0,0,533.596,0,26.879,2666,1499,3.340,2.600,1.550,3,0,1.991,0,0,14,28,0,3,0
01-08 12:53:22,42.183,7.692,47.890,0,0,1766432,10621052,235396,3623600,958.784,0,0,111.163,0,11.910,3867,3363,3.340,2.600,1.550,3,0,0,0,0,14,29,0,3,0
01-08 12:53:23,46.049,6.257,46.299,0,0,1763188,10624284,235396,3623612,1001.059,0,0,28.030,0,2.002,5152,5240,3.340,2.600,1.550,4,0,0,0,0,14,29,0,3,0
01-08 12:53:24,28.755,23.254,45.008,0,0,1690884,10696548,235416,3623628,847.154,148.027,0,288.052,0,21.004,4630,2857,3.340,2.600,1.550,2,0,142.026,0,0,14,28,0,3,0
01-08 12:53:25,40.964,10.620,48.297,0,0,1719800,10667608,235436,3623632,15806.924,7937.852,0,141.603,0,12.137,2926,1676,3.230,2.590,1.550,2,0,1.011,0,0,14,28,0,2,0
01-08 12:53:26,43.026,7.254,48.029,0,0,1769732,10617644,235456,3623644,843.508,0,0,376.226,0,19.011,3282,2135,3.230,2.590,1.550,3,0,0,0,0,14,28,0,2,0
01-08 12:53:27,44.409,6.736,48.151,0,0,1777224,10610152,235456,3623644,722.516,0,0,3.992,0,0.998,3514,2533,3.230,2.590,1.550,2,0,1.996,0,0,14,29,0,2,0
01-08 12:53:28,44.179,6.205,45.420,0,0,1772996,10614216,235456,3623808,836.911,0,0,7.942,0,0.993,5776,6175,3.230,2.590,1.550,3,0,0,0,0,14,30,0,3,0
01-08 12:53:29,46.351,5.763,45.349,0,0,1721384,10665780,235472,3623836,909.983,190.415,0,124.271,0,13.028,5271,5364,3.230,2.590,1.550,2,0,1.002,0,0,14,29,0,5,0
01-08 12:53:30,33.832,17.911,45.773,0,0,1633984,10753144,235500,3623844,898.543,0,0,350.262,0,14.926,4014,2862,3.130,2.580,1.550,3,0,75.625,0,0,14,28,0,5,0
01-08 12:53:31,28.600,28.349,41.645,0,0,1669580,10717496,235500,3623896,73993.974,622060.764,0,4.014,0,1.003,5302,2879,3.130,2.580,1.550,3,0,169.591,0,0,14,28,0,5,0
01-08 12:53:32,25.715,25.216,46.686,0,0,1682016,10705032,235516,3623908,49521.393,30732.044,0,2029.230,0,289.605,4975,3009,3.130,2.580,1.550,3,0,134.816,0,0,14,28,0,5,0
01-08 12:53:33,23.861,4.521,70.076,0,0,1682004,10705032,235516,3623920,56903.564,30148.169,0,20.093,0,2.009,4191,4495,3.130,2.580,1.550,2,0,2.009,0,0,14,29,0,5,0
01-08 12:53:34,20.207,6.237,71.847,0,0,1626076,10760956,235516,3623936,30194.607,14774.492,0,7.983,0,0.998,2655,2224,3.130,2.580,1.550,2,0,18.960,0,0,14,28,0,5,0
01-08 12:53:35,15.516,12.263,70.824,0,0,1628344,10758688,235516,3623936,15295.929,7531.844,0,0,0,0,2372,1636,2.880,2.540,1.540,2,0,38.040,0,0,14,28,0,5,0
01-08 12:53:36,21.010,5.002,72.284,0,0,1641944,10745080,235520,3623936,15673.408,7623.603,0,80.038,0,4.002,1780,1173,2.880,2.540,1.540,1,0,2.001,0,0,14,28,0,5,0
01-08 12:53:37,21.763,4.503,72.794,0,0,1666624,10720396,235520,3623940,15349.268,7624.604,0,0,0,0,2113,1609,2.880,2.540,1.540,2,0,1.001,0,0,14,28,0,5,0
01-08 12:53:38,23.875,3.267,71.626,0,0,1666620,10720396,235532,3623932,15824.055,7497.351,0,104.549,0,12.063,2782,2745,2.880,2.540,1.540,1,0,0,0,0,14,28,0,5,0
01-08 12:53:39,11.157,16.363,69.669,0,0,1605340,10781660,235532,3623948,15260.653,7703.714,0,198.345,0,39.669,3311,2007,2.880,2.540,1.540,1,0,92.230,0,0,14,28,0,5,0
01-08 12:53:40,19.311,7.524,71.725,0,0,1629772,10757228,235532,3623948,812.551,0,0,0,0,0,1747,1250,2.730,2.510,1.540,1,0,0,0,0,14,28,0,5,0
01-08 12:53:41,22.411,4.281,71.263,0,0,1664772,10722228,235552,3623928,15269.868,8068.051,0,286.058,0,17.123,1963,1481,2.730,2.510,1.540,1,0,0,0,0,14,29,0,5,0
01-08 12:53:42,22.305,4.213,71.376,0,0,1664736,10722228,235560,3623952,657.256,0,0,63.446,0,7.931,2397,2138,2.730,2.510,1.540,1,0,1.983,0,0,14,29,0,5,0
01-08 12:53:43,24.452,2.994,70.861,0,0,1664708,10722228,235596,3623944,15309.930,7670.934,0,247.514,0,25.949,3151,3243,2.730,2.510,1.540,3,0,0,0,0,14,28,0,5,0
01-08 12:53:44,9.512,18.773,68.836,0,0,1638488,10748416,235604,3623968,663.826,148.184,0,188.234,0,9.011,3407,2104,2.730,2.510,1.540,1,0,99.123,0,0,14,28,0,5,0
01-08 12:53:45,20.041,6.263,71.647,0,0,1676492,10710372,235636,3623976,15375.624,7473.371,0,392.808,0,23.047,1872,1368,2.590,2.480,1.540,1,0,3.006,0,0,14,28,0,5,0
01-08 12:53:46,21.735,4.747,71.449,0,0,1697560,10689296,235640,3623980,482.658,0,0,23.983,0,2.998,2022,1597,2.590,2.480,1.540,2,0,0,0,0,14,29,0,4,0
01-08 12:53:47,21.714,4.493,71.131,0,0,1693516,10693336,235640,3623984,15480.195,7445.589,0,0,0,0,2876,2724,2.590,2.480,1.540,1,0,0,0,0,14,29,0,4,0
01-08 12:53:48,19.796,8.019,69.913,0,0,1658404,10728416,235660,3623996,664.545,0,0,1194.778,0,213.496,3138,2416,2.590,2.480,1.540,2,0,29.068,0,0,14,28,0,4,0
01-08 12:53:49,11.256,15.758,69.785,0,0,1652228,10734592,235660,3623996,1115.566,148.075,0,4.002,0,1.001,2769,1845,2.590,2.480,1.540,3,0,67.034,0,0,14,28,0,4,0
01-08 12:53:50,20.694,5.236,72.305,0,0,1687648,10699132,235696,3624000,1124.972,0,0,634.293,0,27.925,1737,1228,2.460,2.460,1.530,1,0,0,0,0,14,28,0,4,0
01-08 12:53:51,23.245,4.249,70.736,0,0,1708884,10677752,235708,3624132,15276.931,7618.469,0,115.977,0,12.997,2490,2175,2.460,2.460,1.530,1,0,2.000,0,0,14,28,0,4,0
01-08 12:53:52,22.674,4.031,72.054,0,0,1706236,10680396,235708,3624136,728.598,0,0,0,0,0,2644,2547,2.460,2.460,1.530,1,0,0,0,0,14,29,0,4,0
01-08 12:53:53,24.629,6.717,66.174,0,0,1696208,10690408,235708,3624152,710.496,0,0,0,0,0,3730,3724,2.460,2.460,1.530,1,0,5.971,0,0,14,29,0,4,0
01-08 12:53:54,19.869,7.797,71.429,0,0,1644972,10741608,235728,3624168,1466.816,148.895,0,124.750,0,16.097,2483,1869,2.460,2.460,1.530,1,0,32.194,0,0,14,28,0,4,0
01-08 12:53:55,19.730,6.493,72.675,0,0,1643456,10743112,235736,3624168,15084.371,7450.281,0,51.946,0,2.997,1753,1285,2.350,2.430,1.530,2,0,0.999,0,0,14,28,0,4,0
01-08 12:53:56,28.369,7.401,61.918,0,0,1696112,10690444,235748,3625932,654.207,0,0,173.666,0,7.894,2434,4363,2.350,2.430,1.530,4,0,33.549,0,0,14,28,0,4,0
01-08 12:53:57,27.300,8.847,62.942,0,0,1691112,10695432,235756,3624172,1228.505,0,0,48.534,0,5.056,3118,9441,2.350,2.430,1.530,1,0,4.044,0,0,14,29,0,5,0
01-08 12:53:58,22.953,3.493,70.604,0,0,1691096,10695432,235756,3624188,721.507,0,0,0,0,0,3771,4146,2.350,2.430,1.530,1,0,0,0,0,14,29,0,4,0
01-08 12:53:59,24.636,2.240,70.174,0,0,1691084,10695432,235756,3624196,15332.760,7732.075,0,0,0,0,2628,2495,2.350,2.430,1.530,1,0,0,0,0,14,28,0,4,0
01-08 12:54:00,5.484,24.182,67.559,0,0,1637560,10748960,235756,3624192,1042.054,0,0,7.977,0,1.994,4082,2292,2.240,2.410,1.530,2,0,141.600,0,0,14,28,0,4,0
01-08 12:54:01,8.046,31.180,59.091,0,0,1629060,10757376,235764,3624268,486.813,0,0,12.070,0,3.017,4517,2609,2.240,2.410,1.530,2,0,183.058,0,0,14,30,0,4,0
01-08 12:54:02,30.993,20.245,46.239,0.250,0,1641428,10744780,235860,3624364,482.883,0,127.969,1919.536,4.999,92.978,4063,2595,2.240,2.410,1.530,2,0,84.979,0,0,14,28,0,6,0
01-08 12:54:03,42.359,9.023,47.372,0,0,1730588,10655348,235900,3624596,1150.966,0,44.114,4.010,1.003,1.003,2778,1338,2.240,2.410,1.530,3,0,2.005,0,0,14,28,0,6,0
01-08 12:54:04,38.420,8.287,47.962,4.018,0,1783220,10599656,235976,3627336,730.230,148.658,1751.748,2141.472,19.084,198.880,3198,1631,2.240,2.410,1.530,3,0,3.013,0,0,14,30,0,6,0
01-08 12:54:05,38.952,15.531,36.486,4.191,0,1802632,10574764,238120,3630404,45475.963,51929.140,429.949,19292.474,16.764,1566.947,9610,13163,2.220,2.400,1.530,3,0,56.209,0,0,14,32,0,6,0
01-08 12:54:06,42.398,14.300,34.370,4.014,0,1802552,10568728,241412,3632912,29879.337,15130.836,0,26356.034,0,2208.713,11855,16786,2.220,2.400,1.530,4,0,50.175,0,0,14,32,0,6,0
01-08 12:54:07,37.997,15.749,33.748,6.500,0,1751404,10614896,244568,3634520,29785.829,14914.913,0,31341.715,0,2344.829,12795,18049,2.220,2.400,1.530,3,1,39.997,0,0,14,32,0,6,0
01-08 12:54:08,41.309,12.518,37.303,4.506,0,1787148,10574852,247728,3635552,41135.461,447415.864,0,20404.999,0,1773.521,10469,13953,2.220,2.400,1.530,2,0,22.031,0,0,14,32,0,6,0
01-08 12:54:09,42.586,12.203,38.601,2.739,0,1741204,10619908,249388,3634744,47521.105,145486.065,0,16149.844,0,1164.518,7183,9025,2.220,2.400,1.530,2,0,11.954,0,0,14,28,0,6,0
01-08 12:54:10,44.037,7.046,47.811,0,0,1765308,10595776,249412,3634744,15604.614,7343.822,0,603.933,0,25.164,2708,1358,2.200,2.400,1.530,3,0,0,0,0,14,28,0,6,0
01-08 12:54:11,41.394,10.224,46.880,0.499,0,1786480,10574356,249640,3634764,29901.314,14716.258,0,5569.716,0,265.320,3563,2456,2.200,2.400,1.530,3,0,0.997,0,0,14,28,0,6,0
01-08 12:54:12,41.638,11.860,43.909,0.757,0,1841352,10518164,250788,3634904,15901.128,8731.337,0,5709.184,0,721.723,7023,8483,2.200,2.400,1.530,3,0,3.028,0,0,14,30,0,6,0
01-08 12:54:13,40.460,13.569,39.720,1.480,0,1860800,10496492,252792,3635076,44107.815,22529.565,0,7839.460,0,1310.524,11084,15153,2.200,2.400,1.530,5,0,1.974,0,0,14,30,0,6,0
01-08 12:54:14,43.026,9.871,42.267,1.265,0,1855672,10500272,253924,3635256,30236.848,15578.552,0,7507.834,0,994.160,6948,9463,2.200,2.400,1.530,4,0,0,0,0,14,30,0,6,0
01-08 12:54:15,29.823,20.049,48.619,0,0,1757244,10598660,253956,3635264,15327.492,7999.568,0,962.354,0,91.223,4177,2260,2.180,2.390,1.540,1,0,102.250,0,0,14,28,0,6,0
01-08 12:54:16,21.177,6.402,69.932,0.246,0,1750344,10605208,254300,3635272,44710.250,23623.260,0,7548.727,0,302.382,2664,2616,2.180,2.390,1.540,1,0,0,0,0,14,28,0,6,0
01-08 12:54:17,23.353,3.767,71.817,0,0,1750936,10604592,254324,3635272,44693.428,23160.308,0,445.970,0,19.084,1797,1195,2.180,2.390,1.540,2,0,0,0,0,14,28,0,6,0
01-08 12:54:18,21.073,5.519,72.502,0.251,0,1773068,10582432,254348,3635272,30576.202,15263.014,0,116.404,0,13.045,1929,1396,2.180,2.390,1.540,2,0,4.014,0,0,14,28,0,6,0
01-08 12:54:19,21.358,5.528,72.867,0.251,0,1773848,10581600,254356,3635316,15459.899,7807.339,40.203,28.142,3.015,4.020,1654,1054,2.180,2.390,1.540,2,0,0,0,0,14,28,0,6,0
01-08 12:54:20,22.891,3.235,72.653,0,0,1708996,10646428,254356,3635340,30294.191,15137.641,0,0,0,0,1731,1106,2.090,2.370,1.530,2,0,0.995,0,0,14,28,0,6,0
01-08 12:54:21,20.602,6.030,72.862,0,0,1702136,10653288,254356,3635340,1451.220,0,0,4.020,0,1.005,1771,1277,2.090,2.370,1.530,2,0,2.010,0,0,14,28,0,6,0
01-08 12:54:22,22.887,3.483,72.393,0,0,1717140,10638284,254356,3635340,44558.961,23808.430,0,0,0,0,1802,1261,2.090,2.370,1.530,3,0,0,0,0,14,28,0,6,0
01-08 12:54:23,20.872,5.715,71.810,0,0,1753976,10601444,254356,3635340,36297.686,17127.101,0,0,0,0,1790,1178,2.090,2.370,1.530,3,0,1.988,0,0,14,28,0,6,0
01-08 12:54:24,25.087,3.763,70.494,0,0,1758596,10596796,254384,3635340,35200.782,603435.677,0,590.041,0,34.118,2514,1927,2.090,2.370,1.530,2,0,2.007,0,0,14,28,0,6,0
01-08 12:54:25,20.136,6.796,72.488,0,0,1715912,10639468,254384,3635352,15285.931,7345.462,0,161.085,0,35.237,1872,1400,2.080,2.360,1.540,2,0,2.014,0,0,14,28,0,6,0
01-08 12:54:26,21.158,5.227,72.185,0,0,1713096,10642276,254392,3635352,44420.992,23581.010,0,83.635,0,2.987,1844,1351,2.080,2.360,1.540,2,0,0,0,0,14,28,0,6,0
01-08 12:54:27,21.745,4.749,72.234,0,0,1733676,10621696,254392,3635352,29973.237,15398.526,0,3.999,0,1.000,1882,1289,2.080,2.360,1.540,2,0,3.999,0,0,14,28,0,6,0
01-08 12:54:28,20.863,4.524,72.894,1.508,0,1754644,10600528,254408,3635520,29999.348,15322.923,152.827,0,6.033,0,1690,1139,2.080,2.360,1.540,2,0,0,0,0,14,28,0,6,0
01-08 12:54:29,21.640,4.477,72.133,0,0,1706376,10648744,254408,3635572,14959.824,7567.466,0,0,0,0,1658,1072,2.080,2.360,1.540,2,0,0.995,0,0,14,28,0,6,0
01-08 12:54:30,21.740,5.747,72.216,0,0,1706196,10648924,254408,3635572,30242.558,16314.209,0,7.996,0,1.999,1882,1377,2,2.340,1.530,2,0,1.999,0,0,14,28,0,6,0
01-08 12:54:31,22.175,4.485,71.258,0,0,1725620,10629484,254416,3635576,43998.317,21879.565,0,298.983,0,30.895,1889,1327,2,2.340,1.530,2,0,0,0,0,14,28,0,3,0
01-08 12:54:32,20.579,5.521,73.031,0,0,1750820,10604284,254416,3635576,14972.603,7390.432,0,0,0,0,1777,1233,2,2.340,1.530,1,0,2.008,0,0,14,28,0,3,0
01-08 12:54:33,18.945,7.229,73.037,0,0,1752584,10602520,254416,3635576,29831.842,14549.491,0,3.988,0,0.997,1705,1077,2,2.340,1.530,1,0,1.994,0,0,14,28,0,3,0
01-08 12:54:34,24.823,1.755,71.711,0,0,1752524,10602520,254432,3635620,15019.205,7628.452,0,437.287,0,25.074,1865,1449,2,2.340,1.530,1,0,0,0,0,14,28,0,3,0
01-08 12:54:35,20.718,6.241,72.390,0,0,1646008,10708980,254436,3635668,15079.054,7770.176,0,1421.836,0,9.985,1897,1356,1.920,2.320,1.530,1,0,1.997,0,0,14,28,0,3,0
01-08 12:54:36,22.024,4.505,72.328,0,0,1684308,10670676,254444,3635664,479.515,0,0,124.133,0,28.030,1798,1254,1.920,2.320,1.530,1,0,2.002,0,0,14,28,0,3,0
01-08 12:54:37,21.727,4.995,71.924,0,0,1697124,10657824,254444,3635696,45084.102,25105.328,0,3.996,0,0.999,1872,1326,1.920,2.320,1.530,1,0,0.999,0,0,14,28,0,3,0
01-08 12:54:38,20.512,6.504,72.542,0,0,1697124,10657824,254444,3635696,48659.226,25752.938,0,0,0,0,1933,1487,1.920,2.320,1.530,1,0,0,0,0,14,28,0,3,0
01-08 12:54:39,21.540,6.011,72.633,0,0,1697880,10657068,254444,3635696,44349.366,22857.936,0,4.007,0,1.002,1951,1285,1.920,2.320,1.530,3,0,4.007,0,0,14,28,0,3,0
01-08 12:54:40,20.829,5.772,71.523,0,0,1725596,10629348,254448,3635696,15435.837,7649.156,0,911.474,0,6.023,1775,1232,1.840,2.290,1.530,1,0,0,0,0,14,28,0,3,0
01-08 12:54:41,24.552,3.720,70.183,0,0,1684304,10670620,254448,3635716,44335.629,583596.703,0,0,0,0,2327,1414,1.840,2.290,1.530,1,0,1.984,0,0,14,28,0,3,0
01-08 12:54:42,20.879,5.786,72.700,0,0,1684164,10670760,254452,3635712,15720.384,8297.401,0,136.848,0,30.187,1866,1334,1.840,2.290,1.530,1,0,2.012,0,0,14,28,0,3,0
01-08 12:54:43,22.560,5.013,71.188,0,0,1693196,10661716,254596,3635580,44914.859,23119.181,0,3216.512,0,144.382,2382,1923,1.840,2.290,1.530,1,0,0,0,0,14,28,0,3,0
01-08 12:54:44,22.699,4.490,71.838,0.249,0,1669332,10685320,254636,3635760,29704.036,15485.091,0,474.929,0,36.917,2072,1667,1.840,2.290,1.530,2,0,0.998,0,0,14,28,0,3,0
01-08 12:54:45,21.688,5.734,71.546,0,0,1679064,10675576,254636,3635772,30093.986,16582.604,0,23.932,0,2.991,2008,1508,1.770,2.270,1.520,1,0,2.991,0,0,14,28,0,3,0
01-08 12:54:46,21.598,4.717,71.247,0,0,1719872,10634764,254640,3635772,44296.345,22765.316,0,91.355,0,2.979,1907,1266,1.770,2.270,1.520,2,0,1.986,0,0,14,28,0,3,0
01-08 12:54:47,22.643,5.032,72.711,0,0,1740032,10614604,254640,3635772,15137.903,7735.003,0,0,0,0,1741,1191,1.770,2.270,1.520,2,0,0,0,0,14,28,0,3,0
01-08 12:54:48,15.213,11.971,71.327,0,0,1683196,10671328,254640,3635880,30459.227,16581.838,0,143.652,0,28.930,2893,1854,1.770,2.270,1.520,1,0,66.838,0,0,14,28,0,3,0
01-08 12:54:49,6.267,24.316,68.185,0,0,1679036,10675444,254652,3635908,62058.089,34403.184,0,176.478,0,3.008,4219,2709,1.770,2.270,1.520,1,0,155.421,0,0,14,28,0,3,0
01-08 12:54:50,6.479,24.171,66.284,0,0,1675364,10679100,254652,3635912,60943.687,31579.240,0,753.548,0,63.792,4558,2810,1.710,2.250,1.520,2,0,168.452,0,0,14,28,0,3,0
01-08 12:54:51,7.029,25.353,66.270,0,0,1669220,10685228,254656,3635920,61064.490,32717.136,0,377.536,0,6.025,4449,2793,1.710,2.250,1.520,1,0,163.666,0,0,14,28,0,3,0
01-08 12:54:52,5.991,22.714,68.891,0,0,1663952,10690484,254660,3635924,45724.593,23958.061,0,183.709,0,3.994,4057,2516,1.710,2.250,1.520,1,0,118.812,0,0,14,28,0,3,0
01-08 12:54:53,8.260,27.032,62.324,0,0,1621364,10733036,254664,3635944,74034.333,600346.292,4.005,600.717,1.001,92.110,4653,2675,1.710,2.250,1.520,1,0,132.158,0,0,14,28,0,3,0
01-08 12:54:54,6.737,24.704,66.375,0,0,1622820,10731524,254712,3635952,60625.250,32750.551,0,602.869,0,28.946,4501,3034,1.710,2.250,1.520,1,0,137.742,0,0,14,28,0,3,0
01-08 12:54:55,6.766,25.811,65.906,0,0,1618748,10735596,254712,3635952,61128.234,32129.811,0,76.180,0,6.014,4334,2677,1.740,2.250,1.520,1,0,144.341,0,0,14,28,0,3,0
01-08 12:54:56,6.241,21.717,69.395,0.499,0,1622280,10732048,254716,3635964,45661.942,25020.160,7.988,0,1.997,0,4001,2513,1.740,2.250,1.520,1,0,127.807,0,0,14,28,0,3,0
01-08 12:54:57,18.259,31.765,47.023,0,0,1637708,10716616,254716,3636036,60611.392,33032.018,0,4.002,0,1.000,5188,10825,1.740,2.250,1.520,1,0,179.087,0,0,14,28,0,4,0
01-08 12:54:58,17.494,9.497,71.977,0,0,1661808,10692508,254716,3635972,60202.026,31594.042,0,0,0,0,2374,1692,1.740,2.250,1.520,2,0,25.992,0,0,14,28,0,4,0
01-08 12:54:59,21.678,5.293,73.352,0,0,1692540,10661792,254716,3635956,44985.201,23309.303,0,0,0,0,1823,1371,1.740,2.250,1.520,1,0,0,0,0,14,28,0,3,0
01-08 12:55:00,22.356,3.726,72.283,0,0,1692428,10661896,254724,3635956,29904.942,14695.133,0,71.538,0,2.981,1723,1102,1.680,2.220,1.520,1,0,1.987,0,0,14,28,0,3,0
01-08 12:55:01,21.456,5.489,72.851,0,0,1733000,10621324,254724,3635956,30201.336,15244.873,0,87.821,0,2.994,1857,1278,1.680,2.220,1.520,1,0,1.996,0,0,14,28,0,3,0
01-08 12:55:02,24.834,3.763,69.986,0,0,1655108,10699196,254724,3635972,30331.094,560006.977,0,100.338,0,4.014,2293,1424,1.680,2.220,1.520,1,0,4.014,0,0,14,28,0,3,0
01-08 12:55:03,20.554,6.266,72.439,0,0,1672152,10682172,254724,3635952,30794.401,15715.030,0,4.010,0,1.003,1925,1405,1.680,2.220,1.520,1,0,2.005,0,0,14,28,0,3,0
01-08 12:55:04,25.101,17.645,53.929,0,0,1711184,10643116,254752,3635952,44059.109,21428.627,0,604.407,0,31.811,4113,2942,1.680,2.220,1.520,4,0,132.214,0,0,14,28,0,1,0
01-08 12:55:05,24.722,29.217,43.452,0,0,1730956,10623252,254756,3636004,16753.356,9661.249,0,71.920,0,3.996,4845,3068,1.860,2.250,1.540,3,0,211.764,0,0,14,28,0,1,0
01-08 12:55:06,28.139,25.648,44.324,0,0,1687488,10666628,254760,3636060,29533.999,15084.242,0,143.432,0,8.964,4904,2989,1.860,2.250,1.540,2,0,211.163,0,0,14,28,0,1,0
01-08 12:55:07,20.115,8.800,69.900,0,0,1725380,10628784,254760,3636020,15780.298,8603.229,0,16.092,0,3.017,2088,1518,1.860,2.250,1.540,1,0,11.063,0,0,14,28,0,1,0
01-08 12:55:08,22.612,4.020,72.611,0,0,1756132,10598044,254760,3636008,45281.108,23106.872,0,0,0,0,1869,1382,1.860,2.250,1.540,1,0,0,0,0,14,28,0,1,0
01-08 12:55:09,22.006,5.752,72.271,0,0,1770008,10584172,254760,3636008,29882.608,15296.406,0,612.176,0,129.037,2029,1248,1.860,2.250,1.540,1,0,4.001,0,0,14,28,0,1,0
01-08 12:55:10,22.718,3.245,71.897,0,0,1773424,10580748,254768,3636008,15443.940,7836.806,0,239.658,0,5.991,1755,1157,1.790,2.230,1.530,1,0,0,0,0,14,28,0,1,0
01-08 12:55:11,21.188,5.484,72.786,0,0,1719716,10634436,254768,3636024,14932.036,7501.912,0,43.871,0,0.997,1811,1322,1.790,2.230,1.530,1,0,0.997,0,0,14,28,0,1,0
01-08 12:55:12,21.480,5.245,71.683,0,0,1719596,10634580,254768,3636000,44633.004,23463.922,0,7.992,0,1.998,1937,1374,1.790,2.230,1.530,1,0,1.998,0,0,14,28,0,1,0
01-08 12:55:13,21.397,5.722,71.904,0,0,1747648,10606528,254768,3636000,37148.226,18791.566,0,3.981,0,0.995,1894,1306,1.790,2.230,1.530,1,0,1.990,0,0,14,28,0,1,0
01-08 12:55:14,22.466,16.660,60.077,0,0,1760148,10593976,254800,3636008,23518.934,11635.779,0,516.966,0,26.252,3313,2458,1.790,2.230,1.530,2,0,86.834,0,0,14,28,0,1,0
01-08 12:55:15,23.888,2.986,71.912,0,0,1708052,10646040,254808,3636032,14846.179,7423.089,0,143.326,0,4.977,1779,1141,1.730,2.210,1.530,2,0,3.981,0,0,14,28,0,1,0
01-08 12:55:16,20.507,6.002,73.024,0,0,1718020,10636068,254808,3636036,15307.102,7460.487,0,84.028,0,4.001,1737,1348,1.730,2.210,1.530,1,0,0,0,0,14,28,0,1,0
01-08 12:55:17,22.406,4.280,72.506,0,0,1749028,10605072,254808,3636024,45310.463,24027.818,0,0,0,0,1810,1286,1.730,2.210,1.530,2,0,0,0,0,14,28,0,1,0
01-08 12:55:18,20.705,5.737,72.591,0,0,1765288,10588808,254808,3636028,29706.062,15242.679,0,3.991,0,0.998,1865,1306,1.730,2.210,1.530,2,0,3.991,0,0,14,28,0,1,0
01-08 12:55:19,25.230,2.474,70.248,0,0,1769284,10584812,254808,3636028,39147.746,445178.343,0,19.788,0,1.979,2100,1541,1.730,2.210,1.530,2,0,0.989,0,0,14,28,0,1,0
01-08 12:55:20,20.225,6.826,72.305,0,0,1714940,10639140,254812,3636040,17710.119,155415.825,0,109.216,0,2.023,1917,1406,1.670,2.190,1.530,3,0,1.011,0,0,14,28,0,1,0
01-08 12:55:21,22.112,4.969,71.802,0,0,1745600,10608508,254812,3636012,29754.370,15219.052,0,345.842,0,58.634,1930,1281,1.670,2.190,1.530,2,0,1.988,0,0,14,28,0,1,0
01-08 12:55:22,21.023,5.506,72.328,0,0,1779272,10574836,254812,3636012,29743.197,14607.813,0,0,0,0,1805,1184,1.670,2.190,1.530,2,0,2.002,0,0,14,28,0,1,0
01-08 12:55:23,23.007,3.751,73.023,0,0,1783192,10570916,254812,3636012,29651.243,15148.722,0,28.009,0,1.000,1718,1144,1.670,2.190,1.530,2,0,0,0,0,14,28,0,1,0
01-08 12:55:24,21.730,5.245,71.435,0,0,1728896,10625184,254812,3636040,30251.393,15278.058,0,3.996,0,0.999,1873,1303,1.670,2.190,1.530,2,0,2.997,0,0,14,28,0,1,0
01-08 12:55:25,20.965,5.491,72.379,0,0,1726472,10627688,254816,3635956,15424.289,8635.605,0,71.880,0,2.995,1762,1320,1.620,2.170,1.520,3,0,0.998,0,0,14,28,0,1,0
01-08 12:55:26,21.200,6.057,72.937,0,0,1761372,10592788,254816,3635956,44809.300,22913.950,0,8.076,0,2.019,1843,1221,1.620,2.170,1.520,3,0,2.019,0,0,14,28,0,1,0
01-08 12:55:27,19.848,6.699,71.701,0,0,1762072,10592088,254816,3635956,29367.016,15189.630,0,3.970,0,0.992,1778,1208,1.620,2.170,1.520,2,0,1.985,0,0,14,28,0,1,0
01-08 12:55:28,24.757,1.500,72.270,0,0,1760376,10593656,254816,3636084,15219.253,7622.130,0,84.023,0,1.000,1632,998,1.620,2.170,1.520,2,0,0,0,0,14,28,0,1,0
01-08 12:55:29,20.838,6.025,72.806,0,0,1717016,10636932,254816,3636168,15670.815,7842.939,0,0,0,0,1827,1330,1.620,2.170,1.520,1,0,1.004,0,0,14,28,0,1,0
01-08 12:55:30,22.163,4.731,71.219,0,0,1690524,10663424,254816,3636168,45019.310,23136.680,0,426.317,0,86.658,2107,1337,1.570,2.150,1.520,1,0,2.988,0,0,14,28,0,1,0
01-08 12:55:31,19.710,6.736,72.603,0,0,1688208,10665736,254820,3636168,29783.787,15113.446,0,87.822,0,2.994,1855,1396,1.570,2.150,1.520,3,0,0,0,0,14,28,0,1,0
01-08 12:55:32,23.297,3.257,72.396,0,0,1703856,10650108,254820,3636148,59858.666,30194.868,0,0,0,0,1856,1293,1.570,2.150,1.520,2,0,0,0,0,14,28,0,1,0
01-08 12:55:33,20.242,6.498,72.223,0,0,1741428,10612536,254820,3636148,30042.667,14586.498,0,3.998,0,1.000,1835,1194,1.570,2.150,1.520,3,0,3.998,0,0,14,28,0,1,0
01-08 12:55:34,23.263,3.002,72.042,0,0,1705824,10648136,254820,3636152,15163.742,7448.294,0,20.012,0,1.001,1635,1025,1.570,2.150,1.520,3,0,1.001,0,0,14,28,0,1,0
01-08 12:55:35,21.217,6.490,71.140,0,0,1708656,10645284,254820,3636172,26023.694,452940.472,0,0,0,0,2278,1660,1.520,2.130,1.520,1,0,0.998,0,0,14,28,0,1,0
01-08 12:55:36,21.640,5.536,72.470,0,0,1741360,10612592,254828,3636152,46551.971,151315.547,0,84.548,0,5.033,1990,1387,1.520,2.130,1.520,1,0,3.020,0,0,14,28,0,1,0
01-08 12:55:37,22.284,3.962,71.805,0,0,1722732,10631220,254828,3636152,29248.946,14517.508,0,31.693,0,1.981,1781,1129,1.520,2.130,1.520,1,0,0.990,0,0,14,28,0,1,0
01-08 12:55:38,20.488,6.071,72.342,0,0,1717368,10636568,254828,3636168,30534.424,15494.356,0,0,0,0,1816,1348,1.520,2.130,1.520,2,0,0,0,0,14,28,0,1,0
01-08 12:55:39,21.748,5.000,71.743,0,0,1734164,10619772,254828,3636168,44545.583,22195.799,0,4.000,0,1.000,1853,1256,1.520,2.130,1.520,2,0,2.000,0,0,14,28,0,1,0
01-08 12:55:40,20.600,6.205,71.976,0,0,1754976,10598960,254828,3636168,29496.132,14617.517,0,0,0,0,1907,1334,1.480,2.110,1.510,1,0,1.986,0,0,14,28,0,1,0
01-08 12:55:41,21.006,6.002,72.021,0,0,1711168,10642724,254832,3636208,15382.425,7298.100,0,100.029,0,3.001,2036,1316,1.480,2.110,1.510,1,0,21.006,0,0,14,28,0,1,0
01-08 12:55:42,5.725,25.391,65.718,0,0,1703600,10650292,254832,3636208,60620.723,32378.980,0,99.572,0,4.979,4288,2632,1.480,2.110,1.510,3,0,154.337,0,0,14,28,0,1,0
01-08 12:55:43,6.016,25.568,65.674,0,0,1684780,10669112,254832,3636208,60875.549,32197.444,0,100.266,0,5.013,4201,2588,1.480,2.110,1.510,2,0,144.383,0,0,14,28,0,1,0
01-08 12:55:44,6.255,25.019,66.801,0,0,1682984,10670908,254832,3636208,46047.903,24290.412,0,48.036,0,2.002,4224,2633,1.480,2.110,1.510,1,0,143.108,0,0,14,28,0,1,0
01-08 12:55:45,16.748,9.749,70.991,0,0,1681796,10672096,254832,3636208,44861.533,22853.215,0,4.000,0,1.000,2075,1714,1.440,2.100,1.510,1,0,5.999,0,0,14,28,0,1,0
01-08 12:55:46,21.006,5.502,72.271,0,0,1690924,10662944,254840,3636224,44747.865,22976.606,0,96.028,0,2.001,1852,1369,1.440,2.100,1.510,1,0,0,0,0,14,28,0,1,0
01-08 12:55:47,24.025,4.505,69.573,0,0,1712672,10641196,254840,3636224,61257.856,600005.450,0,24.025,0,2.002,2542,1532,1.440,2.100,1.510,1,0,0,0,0,14,28,0,1,0
01-08 12:55:48,23.947,3.492,72.339,0,0,1685180,10668412,254840,3636496,16041.374,7345.686,0,3.991,0,0.998,1872,1157,1.440,2.100,1.510,2,0,10.976,0,0,14,28,0,1,0
01-08 12:55:49,19.009,7.504,72.285,0,0,1707380,10646208,254840,3636500,51704.277,26593.000,0,4.002,0,1.000,1998,1577,1.440,2.100,1.510,2,0,0,0,0,14,28,0,1,0
01-08 12:55:50,21.960,4.741,71.868,0,0,1736612,10616976,254840,3636500,52710.277,28383.916,0,0,0,0,1878,1341,1.410,2.080,1.510,1,0,0,0,0,14,28,0,1,0
01-08 12:55:51,22.272,4.004,71.320,0,0,1750332,10603252,254844,3636500,30736.312,14606.405,0,340.336,0,46.045,1911,1253,1.410,2.080,1.510,1,0,2.002,0,0,14,28,0,1,0
01-08 12:55:52,14.262,22.018,62.802,0,0,1715524,10637988,254844,3636572,30817.437,27520.716,40.033,500.413,2.002,46.038,3730,2255,1.410,2.080,1.510,2,0,128.106,0,0,14,28,0,1,0
01-08 12:55:53,6.504,27.518,63.791,0,0,1697452,10656000,254844,3636632,61697.911,52850.187,0,28.018,0,1.001,4432,2727,1.410,2.080,1.510,1,0,153.099,0,0,14,28,0,1,0
01-08 12:55:54,5.247,25.236,67.712,0,0,1691496,10661952,254844,3636636,60892.174,32721.823,0,59.967,0,2.998,4305,2736,1.410,2.080,1.510,1,0,148.917,0,0,14,28,0,1,0
01-08 12:55:55,5.986,24.443,67.094,0,0,1674568,10678876,254844,3636640,46277.551,25111.694,0,91.787,0,3.991,4216,2736,1.370,2.060,1.510,1,0,150.650,0,0,14,28,0,1,0
01-08 12:55:56,6.275,24.597,66.762,0,0,1666448,10686992,254848,3636640,61399.382,32158.426,0,132.521,0,3.012,4327,2634,1.370,2.060,1.510,1,0,149.588,0,0,14,28,0,1,0
01-08 12:55:57,9.757,26.519,61.544,0,0,1665496,10687940,254848,3637036,72260.814,597270.270,0,260.187,0,32.023,4872,3008,1.370,2.060,1.510,2,0,163.117,0,0,14,28,0,1,0
01-08 12:55:58,18.947,30.664,47.865,0,0,1669140,10684292,254848,3636648,60525.350,31866.154,0,87.753,0,0.997,5050,14047,1.370,2.060,1.510,4,0,163.539,0,0,14,28,0,2,0
01-08 12:55:59,7.005,24.767,66.296,0,0,1659676,10693756,254848,3636648,45924.652,23740.362,0,4.003,0,1.001,4225,2569,1.370,2.060,1.510,3,0,150.103,0,0,14,28,0,2,0
01-08 12:56:00,5.748,25.991,66.226,0,0,1652980,10700452,254848,3636648,60679.869,32204.255,0,3.999,0,1.000,4384,2741,1.340,2.040,1.500,1,0,155.943,0,0,14,28,0,2,0
01-08 12:56:01,6.012,24.800,66.634,0,0,1643576,10709836,254856,3636656,61210.746,32457.086,0,280.563,0,5.010,4319,2663,1.340,2.040,1.500,1,0,150.301,0,0,14,28,0,1,0
01-08 12:56:02,5.748,24.743,66.980,0,0,1640096,10713304,254856,3636664,60497.741,32978.047,0,395.881,0,28.991,4297,2590,1.340,2.040,1.500,1,0,140.957,0,0,14,28,0,1,0
01-08 12:56:03,6.245,25.727,65.692,0,0,1637380,10716020,254856,3636664,57030.008,30073.638,0,355.688,0,4.996,4253,2568,1.340,2.040,1.500,1,0,149.869,0,0,14,28,0,1,0
01-08 12:56:04,6.492,25.220,65.672,0,0,1634972,10718428,254856,3636664,50774.557,25489.656,0,351.581,0,3.995,4225,2526,1.340,2.040,1.500,1,0,147.824,0,0,14,28,0,1,0
01-08 12:56:05,7.769,26.565,63.906,0,0,1628256,10725104,254856,3636700,73282.162,596181.561,0,352.863,0,4.010,4609,2824,1.310,2.020,1.500,2,0,141.346,0,0,14,28,0,1,0
01-08 12:56:06,5.995,26.477,65.194,0,0,1628640,10724704,254864,3636704,60746.052,31606.971,0,439.624,0,7.993,4470,2680,1.310,2.020,1.500,1,0,157.865,0,0,14,28,0,1,0
01-08 12:56:07,6.747,24.989,67.220,0,0,1629748,10723596,254864,3636704,61009.794,32039.712,0,355.841,0,4.998,4294,2615,1.310,2.020,1.500,1,0,143.936,0,0,14,28,0,1,0
01-08 12:56:08,6.491,25.216,65.912,0,0,1632916,10720424,254864,3636708,45730.647,24383.287,0,351.528,0,3.995,4374,2575,1.310,2.020,1.500,1,0,145.804,0,0,14,28,0,1,0
01-08 12:56:09,9.011,26.282,63.077,0,0,1632400,10720940,254864,3636708,70190.818,333257.452,0,356.436,0,5.006,4512,2703,1.310,2.020,1.500,1,0,150.184,0,0,14,28,0,1,0
01-08 12:56:10,6.495,22.484,68.950,0,0,1628736,10724596,254864,3636716,45339.185,25705.396,0,27.980,0,0.999,3990,2584,1.290,2.010,1.500,2,0,128.907,0,0,14,28,0,1,0
01-08 12:56:11,6.754,23.764,67.540,0,0,1622484,10730844,254868,3636716,61012.693,32503.014,0,188.110,0,6.004,4168,2573,1.290,2.010,1.500,1,0,132.077,0,0,14,28,0,1,0
01-08 12:56:12,6.007,23.526,67.824,0,0,1623176,10730144,254868,3636724,60702.157,33612.633,0,60.065,0,3.003,4212,2580,1.290,2.010,1.500,1,0,134.146,0,0,14,28,0,1,0
01-08 12:56:13,6.998,24.242,66.978,0,0,1622556,10730760,254868,3636728,61094.727,33322.943,0,227.924,0,36.988,4149,2584,1.290,2.010,1.500,2,0,135.955,0,0,14,28,0,1,0
01-08 12:56:14,5.748,24.493,67.980,0,0,1622096,10731220,254868,3636728,60602.532,33348.387,0,83.976,0,2.999,4117,2566,1.290,2.010,1.500,2,0,138.960,0,0,14,28,0,1,0
01-08 12:56:15,6.504,24.265,67.041,0,0,1620596,10732712,254868,3636736,45573.071,24302.970,0,208.128,0,4.002,4255,2607,1.350,2.010,1.500,1,0,146.090,0,0,14,28,0,1,0
01-08 12:56:16,5.983,24.928,67.305,0,0,1620496,10732800,254876,3636740,60765.698,32766.932,0,115.664,0,4.986,4161,2570,1.350,2.010,1.500,1,0,131.618,0,0,14,28,0,1,0
01-08 12:56:17,6.033,25.893,65.864,0,0,1622864,10730432,254876,3636740,61438.200,31552.200,0,16.089,0,4.022,4357,2595,1.350,2.010,1.500,2,0,151.838,0,0,14,28,0,1,0
01-08 12:56:18,6.498,25.993,65.232,0,0,1622948,10730344,254876,3636744,57572.108,30235.654,0,19.994,0,4.999,4323,2611,1.350,2.010,1.500,2,0,156.957,0,0,14,28,0,1,0
01-08 12:56:19,7.019,24.315,67.181,0,0,1623200,10730092,254876,3636744,49566.500,26226.637,0,336.907,0,72.194,4247,2551,1.350,2.010,1.500,2,0,143.386,0,0,14,28,0,1,0
01-08 12:56:20,7.680,25.022,65.155,0,0,1617688,10735596,254876,3636752,71467.688,487129.788,0,7.928,0,1.982,4638,2818,1.480,2.020,1.510,1,0,130.806,0,0,14,28,0,1,0
01-08 12:56:21,14.700,27.906,54.566,0.249,0,1594300,10756272,255024,3638908,67290.367,346441.189,135.543,223.248,3.987,2.990,6304,8643,1.480,2.020,1.510,6,0,60.795,0,0,14,28,0,1,0
01-08 12:56:22,11.926,31.718,55.316,0,0,1604440,10745028,255024,3640340,46106.097,23738.154,0,198.934,0,6.090,5194,4043,1.480,2.020,1.510,2,0,238.518,0,0,14,28,0,1,0
01-08 12:56:23,20.829,33.476,42.650,0,0,1610416,10738984,255084,3640344,60320.619,31436.351,0,476.098,0,26.781,5312,3319,1.480,2.020,1.510,2,0,176.553,0,0,14,28,0,4,0
01-08 12:56:24,29.205,31.701,37.442,0,0,1656484,10692900,255088,3640352,45183.686,23615.250,0,4604.834,0,189.705,5136,2792,1.480,2.020,1.510,4,0,152.762,0,0,14,28,0,4,0
01-08 12:56:25,43.879,38.921,15.618,0,0,1705600,10643764,255096,3640360,60414.031,32027.122,0,5156.388,0,318.308,5586,2974,1.600,2.040,1.520,5,0,209.230,0,0,14,28,0,4,0
01-08 12:56:26,47.351,49.123,3.798,0,0,1724060,10625248,255188,3640324,61736.954,33124.083,40.514,733.300,2.026,36.462,5530,3912,1.600,2.040,1.520,5,0,343.354,0,0,14,30,0,7,0
01-08 12:56:27,65.155,32.828,0.501,0.501,0,1836472,10506784,256428,3644880,55162.089,491848.849,1102.620,2016.793,135.322,71.169,5815,4404,1.600,2.040,1.520,4,0,137.326,0,0,14,28,0,8,0
01-08 12:56:28,82.417,15.345,0.495,0.247,0,1927588,10411356,256804,3648040,44288.442,22548.139,15.840,2538.349,0.990,192.059,5453,2844,1.600,2.040,1.520,4,0,10.890,0,0,14,30,0,9,0
01-08 12:56:29,61.116,22.201,9.729,3.243,0,1973364,10356700,259644,3653592,15062.013,7721.090,427.065,30581.025,8.980,2191.201,12065,17022,1.600,2.040,1.520,4,1,83.816,0,0,14,34,0,9,0
01-08 12:56:30,53.970,19.897,17.161,4.477,0,2009804,10311872,262860,3658400,29764.777,14582.443,0,38381.133,0,2660.216,14181,20705,1.790,2.070,1.530,3,1,50.737,0,0,14,34,0,9,0
01-08 12:56:31,51.992,27.005,13.124,4.291,0,1985504,10328508,265628,3663056,15178.529,7365.650,0,34211.505,0,2293.689,12525,18214,1.790,2.070,1.530,5,0,103.983,0,0,14,32,0,9,0
01-08 12:56:32,62.225,23.177,7.306,4.031,0,1986604,10319688,268868,3667296,14970.174,7515.318,0,40569.415,0,2531.306,12326,18830,1.790,2.070,1.530,4,0,46.354,0,0,14,32,0,9,0
01-08 12:56:33,58.149,21.256,11.239,4.398,0,2009236,10288040,273480,3671380,1107.273,0,0,45510.597,0,2684.625,13104,20702,1.790,2.070,1.530,7,2,51.797,0,0,14,37,0,9,0
01-08 12:56:34,63.937,20.470,9.856,3.791,0,2005944,10283336,277580,3675052,15488.538,7524.911,0,39969.769,0,2425.075,12540,18583,1.790,2.070,1.530,4,0,37.402,0,0,14,37,0,9,0
01-08 12:56:35,47.773,23.254,20.979,4.550,0,1966180,10317808,281576,3676220,30904.019,15307.428,0,28422.881,0,2094.914,12627,18029,1.890,2.090,1.540,5,0,93.017,0,0,14,36,0,9,0
01-08 12:56:36,39.351,26.400,22.166,5.977,0,1959988,10316368,286660,3678572,29540.209,14602.738,0,40885.276,0,2760.553,14052,20040,1.890,2.090,1.540,4,0,95.638,0,0,14,36,0,9,0
01-08 12:56:37,56.145,18.297,17.796,4.512,0,1927432,10343648,290428,3679936,30010.492,14695.947,0,24603.530,0,1907.927,11361,15011,1.890,2.090,1.540,3,0,32.083,0,0,14,34,0,9,0
01-08 12:56:38,44.334,29.226,19.071,2.229,0,1939600,10327940,293208,3680608,15101.314,7549.171,0,24240.566,0,1710.947,11516,14512,1.890,2.090,1.540,6,1,115.912,0,0,14,34,0,10,0
01-08 12:56:39,40.755,27.753,22.003,4.751,0,1928072,10334044,296724,3682372,30267.525,14969.743,744.087,23554.743,9.001,1872.218,12503,17200,1.890,2.090,1.540,3,2,118.014,0,0,14,37,0,11,0
01-08 12:56:40,41.958,26.973,19.480,5.994,0,1919852,10335960,299976,3685736,299.698,0,2753.227,18996.867,34.965,1590.398,12869,18256,1.980,2.100,1.550,13,0,109.889,0,0,14,37,0,11,0
01-08 12:56:41,48.377,29.984,15.874,3.779,0,1856392,10394564,303556,3686828,15153.068,7353.294,0,28844.749,0,2099.357,13427,20340,1.980,2.100,1.550,6,1,74.581,0,0,14,37,0,12,0
01-08 12:56:42,45.382,34.793,14.623,3.025,0,1809368,10438772,305568,3687060,15042.740,7357.994,16.136,22937.255,1.008,1655.952,11650,15600,1.980,2.100,1.550,6,1,97.824,0,0,14,36,0,12,0
01-08 12:56:43,50.222,27.461,14.597,3.464,0,1853116,10391952,307388,3688248,14997.440,7701.094,1052.938,23681.211,21.771,1800.089,10291,15222,1.980,2.100,1.550,3,0,77.189,0,0,14,36,0,12,0
01-08 12:56:44,44.554,29.046,19.446,2.708,0,1878792,10363256,309188,3689324,354.462,145.723,783.754,18751.015,12.800,1512.369,10611,14829,1.980,2.100,1.550,4,0,104.369,0,0,14,36,0,12,0
01-08 12:56:45,39.184,17.696,34.128,5.056,0,1871380,10367844,310732,3690528,15834.479,7998.642,0,32528.483,0,2636.215,13044,17981,2.460,2.200,1.580,5,1,43.482,0,0,14,37,0,12,0
01-08 12:56:46,39.283,12.260,36.280,5.505,0,1864512,10371048,312784,3692052,44571.957,22134.353,0,29024.065,0,2215.837,13189,19350,2.460,2.200,1.580,5,1,21.017,0,0,14,37,0,12,0
01-08 12:56:47,40.153,12.799,39.651,3.764,0,1857856,10374236,314996,3693216,30695.965,14647.815,0,24348.780,0,1692.449,10996,15761,2.460,2.200,1.580,2,0,24.092,0,0,14,37,0,12,0
01-08 12:56:48,32.169,20.199,36.159,5.736,0,1766860,10459172,319048,3695096,15384.471,7277.774,0,38296.091,0,2650.362,13156,19441,2.460,2.200,1.580,7,0,68.828,0,0,14,36,0,12,0
01-08 12:56:49,32.070,21.296,37.081,6.013,0,1792784,10427172,323384,3696668,15187.978,7502.290,0,17281.523,0,1969.276,11159,16398,2.460,2.200,1.580,4,0,85.185,0,0,14,36,0,12,0
01-08 12:56:50,40.382,16.805,31.102,6.270,0,1825420,10387620,328432,3698336,15205.710,7319.930,0,34091.450,0,2690.797,13405,19768,2.420,2.200,1.580,4,1,45.148,0,0,14,36,0,12,0
01-08 12:56:51,37.090,15.931,35.098,6.223,0,1846764,10359676,333296,3699932,15089.823,7330.338,0,31280.890,0,2489.248,13272,19080,2.420,2.200,1.580,3,1,34.849,0,0,14,36,0,12,0
01-08 12:56:52,38.853,13.449,35.865,5.230,0,1843336,10358164,337100,3700908,14979.411,7429.932,0,24742.529,0,2021.364,12628,18088,2.420,2.200,1.580,4,1,17.932,0,0,14,37,0,12,0
01-08 12:56:53,39.443,14.978,34.950,4.494,0,1841192,10355432,340688,3702092,15013.309,7285.474,0,23949.399,0,1875.291,12269,17319,2.420,2.200,1.580,5,0,23.965,0,0,14,37,0,12,0
01-08 12:56:54,39.556,13.605,35.777,5.039,0,1839192,10351148,345092,3703764,715.531,149.153,0,31979.204,0,2288.692,12712,18336,2.420,2.200,1.580,3,1,20.156,0,0,14,36,0,12,0
01-08 12:56:55,39.069,15.277,41.573,2.004,0,1776012,10412384,346796,3703952,24017.126,439661.162,0,14649.695,0,956.678,7016,8185,2.470,2.210,1.590,4,1,41.072,0,0,14,34,0,13,0
01-08 12:56:56,29.644,23.665,44.591,0.249,0,1692720,10495328,347032,3704024,4663.334,168701.083,0,3451.664,0,168.398,4822,2945,2.470,2.210,1.590,3,0,102.633,0,0,14,32,0,13,0
01-08 12:56:57,27.493,24.718,46.662,0,0,1711320,10476428,347284,3704060,301.666,0,0,5674.137,0,176.560,4815,3261,2.470,2.210,1.590,3,0,111.990,0,0,14,32,0,13,0
01-08 12:56:58,34.226,12.468,49.628,0.244,0,1721816,10465876,347332,3706832,44187.052,36751.157,0,5507.491,0,239.584,4124,7531,2.470,2.210,1.590,4,0,33.248,0,0,14,32,0,13,0
01-08 12:56:59,28.599,7.339,62.765,0,0,1715496,10472180,347332,3704084,30077.528,15450.279,0,4.049,0,1.012,4162,7312,2.470,2.210,1.590,1,0,2.025,0,0,14,33,0,13,0
01-08 12:57:00,24.275,4.755,68.821,0,0,1704308,10483360,347332,3704092,29502.382,15387.847,0,0,0,0,4072,4235,2.350,2.190,1.590,1,0,2.002,0,0,14,33,0,13,0
01-08 12:57:01,22.232,5.811,71.750,0,0,1632464,10555180,347332,3704116,15193.766,7373.044,0,1701.783,0,271.841,3121,2250,2.350,2.190,1.590,1,0,11.116,0,0,14,32,0,13,0
01-08 12:57:02,15.235,11.239,71.428,0,0,1660940,10526704,347332,3704116,14900.978,7288.652,0,7.992,0,0.999,2419,1735,2.350,2.190,1.590,2,0,43.956,0,0,14,32,0,13,0
01-08 12:57:03,21.871,4.474,72.075,0,0,1695472,10492180,347348,3704116,15995.701,7414.291,0,1391.795,0,12.924,1869,1293,2.350,2.190,1.590,2,0,1.988,0,0,14,32,0,13,0
01-08 12:57:04,21.975,3.996,71.170,0,0,1711080,10476556,347348,3704124,14719.530,7759.318,0,0,0,0,2013,1579,2.350,2.190,1.590,2,0,0,0,0,14,32,0,13,0
01-08 12:57:05,24.435,3.740,69.566,0,0,1711100,10476316,347392,3704300,803.868,0,0,414.900,0,23.937,3444,3646,2.240,2.170,1.580,1,0,0.997,0,0,14,32,0,14,0
01-08 12:57:06,16.600,11.569,71.428,0,0,1705300,10482116,347408,3704284,15005.957,7665.956,0,84.507,0,6.036,2360,1607,2.240,2.170,1.580,1,0,36.217,0,0,14,32,0,14,0
01-08 12:57:07,20.950,4.240,73.075,0,0,1723132,10464264,347412,3704300,858.942,0,0,27.933,0,2.993,1663,1127,2.240,2.170,1.580,1,0,0,0,0,14,32,0,14,0
01-08 12:57:08,22.127,4.526,73.170,0,0,1744048,10443348,347412,3704300,15068.453,7826.906,0,0,0,0,1659,1078,2.240,2.170,1.580,1,0,0,0,0,14,32,0,14,0
01-08 12:57:09,21.840,4.467,70.979,0,0,1745060,10442328,347412,3704308,296.823,146.922,0,23.825,0,3.971,2142,1643,2.240,2.170,1.580,1,0,1.985,0,0,14,33,0,14,0
01-08 12:57:10,21.551,5.764,70.919,0,0,1659444,10527872,347480,3704312,14831.343,7541.973,0,465.108,0,33.079,2768,2349,2.140,2.150,1.580,1,0,19.045,0,0,14,32,0,14,0
01-08 12:57:11,14.512,12.761,71.060,0,0,1666440,10520856,347496,3704316,359.302,0,0,180.151,0,11.009,2447,1794,2.140,2.150,1.580,1,0,41.034,0,0,14,32,0,14,0
01-08 12:57:12,21.718,4.743,71.894,0,0,1677520,10509768,347504,3704316,239.646,0,0,27.959,0,2.996,1744,1124,2.140,2.150,1.580,1,0,1.997,0,0,14,32,0,14,0
01-08 12:57:13,21.719,4.743,72.896,0,0,1697396,10489888,347504,3704320,15013.575,7675.047,0,0,0,0,2098,1689,2.140,2.150,1.580,2,0,0,0,0,14,32,0,14,0
01-08 12:57:14,24.278,3.254,70.331,0,0,1697368,10489888,347504,3704348,572.659,148.170,0,24.028,0,1.001,3630,3837,2.140,2.150,1.580,1,0,0,0,0,14,32,0,14,0
01-08 12:57:15,18.858,8.800,72.162,0,0,1629328,10557928,347504,3704348,1379.887,0,0,12.069,0,2.011,2446,1495,2.050,2.130,1.580,1,0,45.259,0,0,14,32,0,14,0
01-08 12:57:16,19.747,6.418,72.322,0,0,1670152,10517104,347504,3704348,14727.089,7523.493,0,0,0,0,1741,1245,2.050,2.130,1.580,2,0,0.987,0,0,14,32,0,14,0
01-08 12:57:17,23.050,4.559,72.948,0,0,1697860,10489384,347512,3704348,302.937,0,0,97.264,0,4.053,2104,1619,2.050,2.130,1.580,1,0,0,0,0,14,32,0,14,0
01-08 12:57:18,22.859,4.721,71.311,0,0,1697840,10489384,347512,3704364,1127.068,0,0,0,0,0,2867,2731,2.050,2.130,1.580,2,0,1.988,0,0,14,33,0,14,0
01-08 12:57:19,22.669,4.534,72.291,0,0,1682436,10504760,347568,3704336,603.512,149.115,0,326.441,0,25.188,2904,2581,2.050,2.130,1.580,1,0,21.158,0,0,14,32,0,14,0
01-08 12:57:20,6.646,25.599,64.490,0,0,1676288,10510548,347852,3704404,59955.049,40308.728,0,2776.517,0,167.379,5101,3574,1.970,2.110,1.570,3,0,167.379,0,0,14,32,0,14,0
01-08 12:57:21,6.606,26.677,65.803,0.254,0,1673712,10512936,347976,3704464,47778.668,60660.839,0,2008.139,0,98.578,4705,2940,1.970,2.110,1.570,2,0,175.814,0,0,14,32,0,14,0
01-08 12:57:22,6.917,24.949,65.460,0.247,0,1662852,10523592,348132,3704504,60239.275,46548.441,0,4134.126,0,322.114,5086,3121,1.970,2.110,1.570,1,0,163.033,0,0,14,32,0,14,0
01-08 12:57:23,12.378,28.544,57.846,0,0,1654968,10531468,348136,3704508,72743.349,570696.903,0,52.541,0,7.073,5303,3383,1.970,2.110,1.570,5,0,183.894,0,0,14,34,0,13,0
01-08 12:57:24,39.965,29.291,29.043,0,0,1673080,10513200,348280,3704520,50167.274,26447.412,0,877.741,0,63.547,5485,3561,1.970,2.110,1.570,4,0,169.789,0,0,14,32,0,19,0
01-08 12:57:25,66.752,9.824,23.678,0,0,1728820,10457256,348296,3704704,44953.167,22934.528,0,100.758,0,6.045,3900,1589,2.050,2.130,1.580,3,0,1.008,0,0,14,32,0,19,0
01-08 12:57:26,62.234,12.997,23.744,0,0,1822472,10362784,348360,3705456,60017.093,31255.716,0,247.934,0,11.997,3963,1846,2.050,2.130,1.580,4,0,2.999,0,0,14,32,0,19,0
01-08 12:57:27,65.803,11.259,23.018,0,0,1926304,10257460,348432,3706664,29942.040,15252.246,0,104.084,0,4.003,3727,1528,2.050,2.130,1.580,3,0,2.002,0,0,14,32,0,13,0
01-08 12:57:28,66.701,9.243,23.233,0.250,0,2003292,10178640,348488,3708228,29570.475,15654.605,11.991,191.860,1.999,10.992,3651,1395,2.050,2.130,1.580,4,0,0,0,0,14,32,0,13,0
01-08 12:57:29,65.042,10.178,23.087,0.993,0,2095396,10081420,349220,3712100,15114.473,8231.981,790.429,9898.237,7.944,427.984,5288,3808,2.050,2.130,1.580,8,0,5.958,0,0,14,38,0,13,0
01-08 12:57:30,50.102,18.446,24.677,2.742,0,2091708,10070836,355096,3720096,29971.477,16381.615,0,27754.026,0,2638.208,14971,22299,2.290,2.180,1.600,6,0,118.650,0,0,14,38,0,13,0
01-08 12:57:31,40.929,18.852,27.534,5.953,0,2091768,10059748,361164,3724784,47090.248,23581.340,0,51234.793,0,3342.823,16419,24143,2.290,2.180,1.600,12,1,110.138,0,0,14,38,0,12,0
01-08 12:57:32,38.084,19.042,29.315,8.018,0,2091392,10048912,366980,3729852,15778.910,7312.178,0,60742.391,0,3665.109,16688,25130,2.290,2.180,1.600,4,1,99.220,0,0,14,38,0,12,0
01-08 12:57:33,34.747,16.618,35.502,7.554,0,2092772,10038076,372212,3733796,33899.906,15687.482,0,37297.048,0,2749.539,14685,21204,2.290,2.180,1.600,3,1,107.766,0,0,14,38,0,12,0
01-08 12:57:34,30.790,16.522,36.548,8.010,0,2092376,10028276,378276,3737576,44205.727,22172.955,0,50674.174,0,3430.480,16078,23812,2.290,2.180,1.600,5,0,69.090,0,0,14,38,0,12,0
01-08 12:57:35,54.512,15.115,18.336,5.947,0,2092764,10017720,383440,3742256,57869.726,580784.562,0,38915.478,0,2698.830,13835,20204,2.660,2.260,1.630,5,0,78.299,0,0,14,38,0,12,0
01-08 12:57:36,37.745,26.422,23.905,6.794,0,1983360,10118752,387628,3746196,45855.655,25064.698,0,20621.859,0,1872.152,12416,16979,2.660,2.260,1.630,4,1,160.039,0,0,14,36,0,12,0
01-08 12:57:37,45.933,18.373,21.105,7.200,0,2007856,10084112,392932,3750728,59350.022,30472.019,0,48914.930,0,3041.044,13315,21157,2.660,2.260,1.630,2,1,53.630,0,0,14,36,0,12,0
01-08 12:57:38,52.293,17.347,21.621,4.023,0,2030480,10056392,396108,3752468,44740.986,22632.966,0,36251.362,0,2141.011,10733,15777,2.660,2.260,1.630,4,0,31.175,0,0,14,36,0,12,0
01-08 12:57:39,44.263,17.158,26.359,6.217,0,2060992,10015572,400004,3758584,29698.824,14953.852,0,35859.803,0,2308.626,12076,17376,2.660,2.260,1.630,9,1,0.995,0,0,14,36,0,10,0
01-08 12:57:40,43.761,21.754,21.501,7.589,0,2085432,9979296,405308,3764700,15316.801,7448.955,0,56418.603,0,3181.135,14288,20990,3.010,2.340,1.660,5,0,3.035,0,0,14,36,0,10,0
01-08 12:57:41,46.104,16.946,24.173,6.230,0,2097596,9958884,410172,3767860,44880.711,23347.978,0,42573.028,0,2675.518,13359,20252,3.010,2.340,1.660,6,1,23.924,0,0,14,38,0,10,0
01-08 12:57:42,32.294,26.829,28.071,6.459,0,2059420,9993632,412592,3768756,44678.463,22919.523,0,42774.630,0,2771.289,14504,20180,3.010,2.340,1.660,6,0,105.327,0,0,14,36,0,10,0
01-08 12:57:43,34.152,14.565,36.161,7.282,0,2050224,9999680,414024,3770416,44935.526,22403.978,0,27273.709,0,2318.346,12208,18003,3.010,2.340,1.660,3,1,46.206,0,0,14,36,0,9,0
01-08 12:57:44,35.284,13.513,38.787,7.007,0,2039940,10005980,416080,3772220,30957.746,14994.408,0,39301.763,0,2581.480,12863,18229,3.010,2.340,1.660,2,0,45.043,0,0,14,36,0,9,0
01-08 12:57:45,40.873,10.281,45.637,0,0,1739576,10306264,416120,3772260,29619.896,14864.612,0,854.565,0,47.141,3218,1625,2.930,2.330,1.660,3,0,54.163,0,0,14,32,0,9,0
01-08 12:57:46,5.734,27.671,63.568,0.249,0,1718156,10327572,416184,3772288,30733.839,22198.323,0,989.163,0,79.771,4587,2941,2.930,2.330,1.660,2,0,163.531,0,0,14,32,0,9,0
01-08 12:57:47,18.064,12.795,65.984,0.251,0,1726304,10319296,416312,3772284,70912.297,606059.741,0,4772.914,0,236.839,3688,2869,2.930,2.330,1.660,1,0,37.132,0,0,14,32,0,9,0
01-08 12:57:48,21.506,5.001,72.519,0,0,1747336,10298256,416320,3772284,45290.716,23644.116,0,36.009,0,3.001,1940,1358,2.930,2.330,1.660,2,0,1.000,0,0,14,32,0,9,0
01-08 12:57:49,20.721,5.492,72.148,0,0,1766476,10279116,416320,3772284,29890.647,14785.050,0,0,0,0,1893,1337,2.930,2.330,1.660,2,0,1.997,0,0,14,32,0,9,0
01-08 12:57:50,21.511,4.502,72.536,0,0,1791880,10253712,416320,3772284,29828.806,14665.279,0,0,0,0,1759,1159,2.780,2.310,1.660,2,0,0,0,0,14,32,0,9,0
01-08 12:57:51,22.339,3.475,71.235,0,0,1804800,10240792,416320,3772284,15192.218,7243.656,0,11.914,0,1.986,1734,1152,2.780,2.310,1.660,3,0,1.986,0,0,14,32,1,10,0
01-08 12:57:52,24.375,3.555,70.840,0,0,1813892,10231672,416340,3772288,31291.632,17273.875,0,190.939,0,15.234,2463,2089,2.780,2.310,1.660,1,0,2.031,0,0,14,38,0,9,0
01-08 12:57:53,25.310,1.241,71.959,0,0,1813868,10231672,416352,3772300,44773.147,23358.263,0,301.730,0,22.828,1981,1424,2.780,2.310,1.660,1,0,0,0,0,14,34,0,9,0
01-08 12:57:54,18.223,13.231,67.151,0,0,1712132,10333400,416352,3772300,46535.465,23189.847,0,295.565,0,39.941,2656,1583,2.780,2.310,1.660,1,0,32.951,0,0,14,32,0,9,0
01-08 12:57:55,21.521,5.756,71.320,0,0,1728292,10317240,416352,3772300,60183.869,31927.230,0,268.262,0,8.008,1967,1326,2.630,2.290,1.650,1,0,3.003,0,0,14,32,0,9,0
01-08 12:57:56,22.462,4.492,72.628,0,0,1760548,10284984,416352,3772300,29809.071,15118.677,0,0,0,0,1814,1253,2.630,2.290,1.650,2,0,0.998,0,0,14,32,0,8,0
01-08 12:57:57,22.254,4.751,72.512,0,0,1789684,10255848,416352,3772300,29535.806,14918.428,0,8.001,0,2.000,1813,1233,2.630,2.290,1.650,1,0,2.000,0,0,14,32,0,8,0
01-08 12:57:58,24.536,2.504,71.605,0,0,1800756,10244760,416400,3772268,30290.594,16390.130,0,789.162,0,48.071,2112,1600,2.630,2.290,1.650,1,0,2.003,0,0,14,34,0,8,0
01-08 12:57:59,26.076,23.095,48.674,0,0,1723388,10322084,416404,3772308,54706.963,451479.211,0,7.947,0,1.987,4691,13611,2.630,2.290,1.650,2,0,108.276,0,0,14,32,0,9,0
01-08 12:58:00,11.071,45.544,41.518,0,0,1717732,10327716,416412,3772320,65299.515,163288.041,0,4344.041,0,39.253,5747,3539,2.580,2.280,1.660,3,0,273.767,0,0,14,32,0,8,0
01-08 12:58:01,10.701,44.795,41.062,0,0,1701576,10343860,416412,3772332,45887.164,25523.285,0,91.581,0,6.968,5525,3289,2.580,2.280,1.660,2,0,276.735,0,0,14,32,0,8,0
01-08 12:58:02,12.033,45.624,40.861,0,0,1679516,10365908,416412,3772344,61342.465,37983.075,0,12.033,0,3.008,5473,3295,2.580,2.280,1.660,3,0,277.754,0,0,14,32,0,8,0
01-08 12:58:03,10.025,46.366,41.354,0,0,1671588,10373808,416412,3772372,61440.347,38418.513,0,32.081,0,7.018,5636,3403,2.580,2.280,1.660,3,0,301.758,0,0,14,32,0,8,0
01-08 12:58:04,12.464,55.588,29.663,0,0,1662604,10382780,416420,3772372,52504.822,28171.811,0,446.697,0,76.776,5907,3928,2.580,2.280,1.660,6,0,406.813,0,0,14,32,0,8,0
01-08 12:58:05,11.741,50.211,34.973,0,0,1656252,10389096,416420,3772412,53727.058,28695.599,0,499.610,0,60.952,5567,3352,2.540,2.280,1.660,3,0,306.761,0,0,14,32,0,8,0
01-08 12:58:06,8.017,42.591,46.098,0,0,1656508,10388828,416420,3772420,61153.276,31873.902,0,28.060,0,7.015,5145,3070,2.540,2.280,1.660,2,0,248.529,0,0,14,32,0,8,0
01-08 12:58:07,8.009,25.530,64.325,0,0,1656760,10388576,416420,3772420,74263.778,480635.629,0,8.009,0,2.002,4841,2822,2.540,2.280,1.660,1,0,135.158,0,0,14,32,0,8,0
01-08 12:58:08,6.750,15.500,73.998,2.000,0,1648960,10396372,416468,3772380,48040.787,136058.564,35.999,615.984,6.000,27.999,2832,2270,2.540,2.280,1.660,1,0,43.999,0,0,14,12,0,7,20
01-08 12:58:09,6.747,13.495,77.721,0.750,0,1649236,10395896,416476,3772568,45447.121,23281.353,107.960,707.737,1.999,143.947,2814,1903,2.540,2.280,1.660,2,0,54.980,0,0,14,12,0,7,20
01-08 12:58:10,6.254,23.514,68.289,0,0,1652724,10392400,416476,3772576,60851.155,33343.263,0,36.021,0,1.001,4032,2439,2.410,2.250,1.650,1,0,118.068,0,0,14,12,0,7,20
01-08 12:58:11,6.458,23.844,67.062,0,0,1650352,10394764,416476,3772584,56279.832,28285.467,0,11.922,0,2.981,4014,2391,2.410,2.250,1.650,3,0,115.248,0,0,14,12,0,7,20
01-08 12:58:12,8.552,23.644,66.153,0,0,1652212,10392900,416476,3772588,50810.763,27807.526,0,12.074,0,3.018,3908,2309,2.410,2.250,1.650,2,0,105.644,0,0,14,12,0,7,20
01-08 12:58:13,7.494,23.731,66.946,0,0,1651240,10393868,416476,3772592,60488.558,30915.242,0,11.990,0,2.998,3868,2364,2.410,2.250,1.650,1,0,103.917,0,0,14,12,0,7,20
01-08 12:58:14,16.169,34.327,46.765,0,0,1654712,10390352,416484,3772984,45364.698,23820.123,0,218.898,0,7.960,5114,5301,2.410,2.250,1.650,2,0,173.129,0,0,14,12,0,7,20
01-08 12:58:15,21.294,17.787,59.875,0,0,1656116,10388884,416484,3772996,45171.059,23001.896,0,8.017,0,2.004,4758,4601,2.300,2.230,1.650,3,0,43.090,0,0,14,12,0,7,20
01-08 12:58:16,19.976,23.722,54.934,0,0,1656252,10388764,416484,3772608,51798.809,469817.923,0,0,0,0,4461,3275,2.300,2.230,1.650,2,0,74.910,0,0,14,12,0,7,20
01-08 12:58:17,27.762,25.995,45.429,0,0,1692536,10352008,416500,3773064,51898.896,152850.825,20.191,4.038,1.010,1.010,4656,2500,2.300,2.230,1.650,3,0,129.220,0,0,14,12,0,7,20
01-08 12:58:18,21.374,24.854,51.696,0.249,0,1703544,10340532,416504,3773480,57135.497,35039.632,23.859,0,0.994,0,4556,2651,2.300,2.230,1.650,1,0,136.198,0,0,16,12,0,7,20
01-08 12:58:19,7.240,22.969,65.411,0.999,0,1704668,10339272,416512,3773608,60753.094,31764.653,127.826,327.553,0.999,4.993,3856,2530,2.300,2.230,1.650,1,0,98.865,0,0,16,12,0,7,20
01-08 12:58:20,7.984,23.454,66.371,0,0,1706668,10337256,416512,3773620,45397.722,23823.674,0,7.984,0,1.996,4048,2575,2.190,2.210,1.650,1,0,113.779,0,0,16,12,0,7,20
01-08 12:58:21,7.273,23.575,66.712,0,0,1700080,10343840,416512,3773624,60802.660,30958.605,0,16.051,0,4.013,3908,2526,2.190,2.210,1.650,3,0,98.313,0,0,16,12,0,7,20
01-08 12:58:22,21.384,22.893,54.844,0,0,1694684,10349220,416512,3773624,45409.421,22478.795,0,817.118,0,4.025,5157,5210,2.190,2.210,1.650,1,0,68.429,0,0,16,12,0,7,20
01-08 12:58:23,18.619,19.844,56.837,0,0,1690100,10353784,416512,3773708,43896.525,22127.102,0,3.920,0,0.980,4103,4911,2.190,2.210,1.650,1,0,57.817,0,0,16,12,0,7,20
01-08 12:58:24,40.118,31.231,26.914,0,0,1746164,10297632,416516,3773652,62034.160,34767.324,0,276.254,0,3.047,5660,3155,2.190,2.210,1.650,2,0,135.080,0,0,16,12,0,3,20
01-08 12:58:25,18.280,25.542,53.587,0.250,0,1761276,10282128,416516,3774004,70029.266,586637.208,4.007,2079.393,1.002,365.597,5573,3213,2.180,2.210,1.650,1,0,143.234,0,0,18,12,0,3,20
01-08 12:58:26,7.249,24.248,66.495,0,0,1758440,10284956,416516,3774012,49246.488,25486.182,0,7.999,0,2.000,4320,2948,2.180,2.210,1.650,1,0,122.991,0,0,18,12,0,3,20
01-08 12:58:27,7.496,23.738,64.718,0,0,1762456,10280804,416516,3774148,60904.573,31472.277,0,15.992,0,3.998,4309,2885,2.180,2.210,1.650,3,0,114.943,0,0,18,12,0,3,20
01-08 12:58:28,6.993,23.226,66.932,0,0,1761632,10281620,416516,3774156,45164.012,23266.309,0,307.687,0,5.994,4165,2867,2.180,2.210,1.650,1,0,111.886,0,0,18,12,0,1,20
01-08 12:58:29,19.653,20.913,58.456,0,0,1759056,10284196,416516,3774156,60244.199,31183.383,0,354.769,0,5.039,3984,5330,2.180,2.210,1.650,2,0,63.496,0,0,18,12,0,1,20
01-08 12:58:30,18.053,21.515,57.127,0,0,1759304,10283916,416516,3774156,44253.023,22931.724,0,118.704,0,2.968,4795,5014,2.810,2.340,1.690,2,0,67.266,0,0,18,12,0,1,20
01-08 12:58:31,29.088,22.066,47.644,0,0,1803040,10240100,416520,3774224,45869.169,25135.715,0,0,0,0,4604,2651,2.810,2.340,1.690,2,0,82.248,0,0,18,12,0,1,20
01-08 12:58:32,62.030,19.840,16.826,0,0,1974104,10069032,416580,3774168,44287.943,22541.767,0,0,0,0,4468,3062,2.810,2.340,1.690,14,0,17.077,0,0,20,12,0,1,20
01-08 12:58:33,83.890,16.778,0,0,0,2172208,9870456,416580,3774580,30492.008,14977.054,0,280.469,0,3.005,5008,3304,2.810,2.340,1.690,15,0,0,0,0,20,12,0,1,20
01-08 12:58:34,86.789,12.756,0,0,0,2301696,9740452,416600,3775076,14922.772,7579.440,0,0,0,0,5159,3839,2.810,2.340,1.690,11,0,42.019,0,0,20,12,0,1,20
01-08 12:58:35,45.513,18.155,34.321,0,0,2366224,9675468,416608,3775360,15297.181,7938.578,0,19.896,0,4.974,4614,3393,3.220,2.430,1.730,1,0,91.522,0,0,20,12,0,1,20
01-08 12:58:36,7.491,23.721,66.920,0,0,2370220,9671444,416608,3775372,60088.772,597799.433,0,59.928,0,0.999,4837,3555,3.220,2.430,1.730,1,0,126.848,0,0,20,12,0,1,20
01-08 12:58:37,7.748,23.744,66.232,0,0,2373228,9668424,416608,3775380,60270.916,32991.196,0,7.998,0,1.999,4346,3075,3.220,2.430,1.730,1,0,115.969,0,0,20,12,0,1,20
01-08 12:58:38,7.750,23.749,65.747,0,0,2375992,9665656,416608,3775384,60614.532,31168.731,0,12.000,0,3.000,4428,3127,3.220,2.430,1.730,2,0,119.995,0,0,20,12,0,1,20
01-08 12:58:39,7.515,24.550,65.884,0,0,2369652,9671968,416608,3775388,45818.035,24295.332,0,276.562,0,6.012,4437,3105,3.220,2.430,1.730,2,0,120.244,0,0,20,12,0,1,20
01-08 12:58:40,20.590,23.070,54.079,0,0,2324560,9716928,416608,3775780,59456.752,30468.608,0,0,0,0,6160,7454,3.440,2.490,1.750,8,0,75.412,0,0,20,12,0,1,20
01-08 12:58:41,18.627,25.676,54.876,0,0,2310188,9731316,416608,3775404,45777.326,23176.634,0,865.927,0,128.882,5309,4510,3.440,2.490,1.750,2,0,100.689,0,0,20,12,0,1,20
01-08 12:58:42,27.391,22.660,47.810,0,0,2322452,9719052,416608,3775400,60461.477,32988.767,0,0,0,0,4741,2979,3.440,2.490,1.750,1,0,101.596,0,0,20,12,0,1,20
01-08 12:58:43,20.307,8.273,70.197,0,0,2340540,9700396,416612,3775920,44854.905,22081.983,0,0,0,0,2678,2192,3.440,2.490,1.750,2,0,18.051,0,0,21,12,0,2,20
01-08 12:58:44,11.320,18.112,69.179,0,0,2355404,9685532,416616,3775928,46020.529,25713.537,0,140.874,0,2.012,3850,2875,3.440,2.490,1.750,1,0,76.474,0,0,21,12,0,2,20
01-08 12:58:45,23.630,6.467,68.403,0,0,2402472,9638464,416616,3775928,57022.020,577041.631,0,35.818,0,1.990,2815,2255,3.250,2.470,1.750,2,0,0,0,0,21,12,0,2,20
01-08 12:58:46,22.447,5.986,69.088,0,0,2425124,9615784,416636,3775940,29403.127,15174.456,0,283.336,0,20.951,3183,3233,3.250,2.470,1.750,1,0,2.993,0,0,21,12,0,2,10
01-08 12:58:47,22.386,6.467,68.899,0,0,2426876,9614020,416636,3775948,15239.374,7617.200,0,417.871,0,6.965,3017,2906,3.250,2.470,1.750,2,0,0,0,0,21,16,0,3,11
01-08 12:58:48,22.684,7.057,69.313,0,0,2393312,9647540,416656,3775968,15383.007,7585.643,0,334.720,0,33.270,3499,3831,3.250,2.470,1.750,1,0,4.033,0,0,21,14,0,7,0
01-08 12:58:49,6.493,26.721,64.181,0,0,2385040,9655688,416656,3776088,61130.893,31649.774,0,3.996,0,0.999,4784,3412,3.250,2.470,1.750,1,0,151.836,0,0,21,14,0,7,0
01-08 12:58:50,6.757,25.276,65.318,0,0,2384468,9656252,416656,3776096,61107.495,37549.016,0,52.054,0,4.004,4661,3301,3.070,2.440,1.740,3,0,142.148,0,0,21,14,0,7,0
01-08 12:58:51,7.990,23.220,66.914,0,0,2365408,9675300,416656,3776108,45684.521,24890.139,0,3279.802,0,449.425,5190,3298,3.070,2.440,1.740,2,0,124.840,0,0,21,14,0,7,0
01-08 12:58:52,7.753,22.010,67.030,0,0,2364716,9675980,416656,3776120,60928.998,34135.125,0,0,0,0,4517,3270,3.070,2.440,1.740,1,0,119.053,0,0,21,14,0,7,0
01-08 12:58:53,7.750,24.000,65.249,0,0,2367700,9672980,416656,3776132,60226.202,31629.581,0,159.998,0,6.000,4367,3249,3.070,2.440,1.740,1,0,115.998,0,0,21,14,0,7,0
01-08 12:58:54,8.261,27.786,61.330,0,0,2368688,9671980,416656,3776136,45880.496,23388.329,0,12.016,0,3.004,4520,3240,3.070,2.440,1.740,2,0,123.160,0,0,21,14,0,7,0
01-08 12:58:55,8.977,24.937,63.839,0,0,2356944,9683712,416656,3776140,69663.403,467934.500,0,11.970,0,2.992,4784,3506,2.900,2.420,1.740,1,0,119.698,0,0,21,14,0,7,0
01-08 12:58:56,8.016,24.548,64.876,0,0,2354912,9685740,416656,3776144,49145.368,152736.389,0,28.054,0,4.008,4701,3276,2.900,2.420,1.740,1,0,118.229,0,0,21,14,0,7,0
01-08 12:58:57,17.255,24.007,57.017,0,0,2366144,9674500,416664,3776532,60430.037,31195.311,0,108.032,0,8.002,4883,5905,2.900,2.420,1.740,1,0,88.026,0,0,21,14,0,7,0
01-08 12:58:58,18.996,22.995,55.987,0,0,2362124,9678332,416672,3776756,44911.865,23190.767,0,91.979,0,5.999,5091,5607,2.900,2.420,1.740,3,0,70.984,0,0,21,14,0,7,0
01-08 12:58:59,35.631,24.667,38.870,0,0,2426224,9614076,416680,3777448,45859.563,24420.295,0,243.186,0,9.967,4991,5309,2.900,2.420,1.740,8,0,105.647,0,0,21,14,0,7,0
01-08 12:59:00,49.245,21.748,26.247,0,0,2468584,9571592,416680,3776836,60162.163,32120.883,0,4.000,0,1.000,4626,11437,3.150,2.480,1.760,2,0,60.994,0,0,21,15,0,9,0
01-08 12:59:01,43.607,10.839,45.623,0,0,2523256,9516908,416680,3776988,30164.725,14778.880,0,1407.512,0,49.404,3333,2205,3.150,2.480,1.760,2,0,2.016,0,0,21,15,0,8,0
01-08 12:59:02,51.489,5.999,40.741,0,0,2569700,9470288,416824,3777008,29525.508,14816.742,0,4103.098,0,188.958,4132,2961,3.150,2.480,1.760,3,0,2.999,0,0,21,21,0,8,0
01-08 12:59:03,51.362,6.173,39.756,0.247,0,2589600,9450156,416876,3777184,29565.497,14638.047,102.723,434.598,0.988,27.656,4426,3491,3.150,2.480,1.760,4,0,12.840,0,0,21,31,0,8,0
01-08 12:59:04,45.870,8.616,45.617,0,0,2623536,9414932,416924,3778192,15181.171,7655.463,0,879.892,0,3.041,3463,2322,3.150,2.480,1.760,2,0,5.069,0,0,21,31,0,8,0
01-08 12:59:05,51.283,16.026,30.079,0,0,2659148,9376632,416940,3780684,15273.420,7862.059,0,378.704,0,14.793,5616,6805,3.060,2.470,1.760,4,0,43.393,0,0,21,30,0,8,0
01-08 12:59:06,12.104,25.217,60.520,0,0,2663164,9371848,416940,3781432,48151.861,26929.456,0,40.347,0,3.026,5348,5522,3.060,2.470,1.760,3,0,120.032,0,0,21,30,0,8,0
01-08 12:59:07,9.928,24.573,61.555,1.737,0,2664212,9370732,416964,3781456,73925.068,597981.015,19.857,3.971,4.964,0.993,4917,3581,3.060,2.470,1.760,3,0,129.068,0,0,21,30,0,8,0
01-08 12:59:08,19.839,28.377,48.969,0,0,2678248,9356660,416964,3781932,45347.201,23547.517,0,4.018,0,1.005,5439,5810,3.060,2.470,1.760,3,0,123.554,0,0,21,30,0,8,0
01-08 12:59:09,19.733,24.229,52.455,0,0,2679456,9355404,416964,3781928,44999.798,22858.595,0,3.997,0,0.999,5270,5555,3.060,2.470,1.760,4,0,69.941,0,0,21,30,0,8,0
01-08 12:59:10,15.217,12.473,64.860,5.488,0,2643824,9390748,416972,3781708,44906.304,23269.893,239.484,39.914,14.968,1.996,3836,2973,2.890,2.450,1.760,2,0,40.912,0,0,21,30,0,8,0
01-08 12:59:11,13.021,4.257,68.861,12.019,0,2641900,9386464,416984,3787912,44338.747,21923.476,6466.464,240.389,80.130,3.005,2326,2104,2.890,2.450,1.760,2,0,8.013,0,0,21,30,0,8,0
01-08 12:59:12,23.340,24.846,47.433,2.008,0,2639560,9387276,416984,3789924,45577.391,23498.427,1296.991,6990.902,12.046,514.982,5873,5552,2.890,2.450,1.760,1,0,81.313,0,0,22,32,0,8,0
01-08 12:59:13,37.180,23.955,36.681,0,0,2649628,9377168,416988,3789932,45885.123,22783.359,0,211.604,0,20.961,6060,6476,2.890,2.450,1.760,2,0,77.854,0,0,22,44,0,8,0
01-08 12:59:14,17.276,19.780,59.589,3.255,0,2713484,9311476,416988,3791232,59441.060,31296.892,1770.653,765.146,24.036,6.009,4411,3339,2.890,2.450,1.760,1,1,63.095,0,0,22,46,0,8,0
01-08 12:59:15,11.445,23.636,56.727,4.478,0,2711408,9313028,417000,3791716,45870.527,24607.725,453.819,15.923,21.895,3.981,4533,3473,2.740,2.420,1.750,1,0,94.546,0,0,22,46,0,8,0
01-08 12:59:16,10.277,22.560,64.171,0,0,2711984,9312424,417000,3791736,70953.078,480971.705,0,12.032,0,1.003,4950,3735,2.740,2.420,1.750,1,0,109.291,0,0,22,46,0,8,0
01-08 12:59:17,17.501,26.251,52.752,0,0,2716472,9307928,417000,3792216,48426.933,150550.009,0,8.000,0,1.000,6032,6666,2.740,2.420,1.750,1,0,129.005,0,0,22,46,0,8,0
01-08 12:59:18,22.301,21.799,54.624,0,0,2705424,9318936,417000,3792228,44903.814,23609.532,0,0,0,0,5226,5943,2.740,2.420,1.750,1,0,70.159,0,0,22,46,0,8,0
01-08 12:59:19,17.699,24.678,50.852,4.487,0,2707208,9315632,417024,3793204,44665.395,23806.920,1316.181,446.704,26.922,11.965,4515,3553,2.740,2.420,1.750,0,1,123.641,0,0,22,46,0,8,0
01-08 12:59:20,4.028,6.042,89.118,0.252,0,2709644,9313140,417024,3793260,44516.604,22892.700,124.866,0,2.014,0,2041,2206,2.600,2.400,1.750,1,0,23.161,0,0,22,46,0,8,0
01-08 12:59:21,7.693,19.605,66.509,2.233,0,2717980,9303068,417024,3794996,45461.131,25174.013,1711.356,861.634,19.853,2.978,4190,3132,2.600,2.400,1.750,1,0,88.347,0,0,24,46,0,8,0
01-08 12:59:22,18.818,25.341,54.697,0,0,2718876,9302148,417024,3795468,59910.239,30857.376,0,634.289,0,90.326,5452,6031,2.600,2.400,1.750,1,0,103.373,0,0,24,46,0,8,0
01-08 12:59:23,21.242,21.742,53.730,0,0,2718364,9302576,417024,3795484,45047.169,22463.607,0,3.999,0,1.000,5265,6005,2.600,2.400,1.750,1,0,71.973,0,0,24,46,0,8,0
01-08 12:59:24,11.984,25.465,57.172,3.495,0,2713040,9306060,417028,3796788,45056.274,24558.356,1865.444,183.748,21.970,3.995,4855,3380,2.600,2.400,1.750,2,0,94.870,0,0,24,48,0,8,0
01-08 12:59:25,7.500,24.251,66.253,0,0,2714984,9304024,417028,3796880,45553.141,24533.153,0,40.002,0,5.000,4640,3359,2.550,2.390,1.750,1,0,147.007,0,0,24,48,0,8,0
01-08 12:59:26,8.750,22.749,65.747,0,0,2716988,9302012,417028,3796888,73571.332,591574.510,0,35.998,0,1.000,4981,3635,2.550,2.390,1.750,1,0,132.993,0,0,24,48,0,8,0
01-08 12:59:27,7.749,24.246,65.740,0,0,2723020,9295972,417028,3796896,62148.583,32283.108,0,11.998,0,3.000,4651,3385,2.550,2.390,1.750,1,0,125.981,0,0,24,48,0,8,0
01-08 12:59:28,8.067,24.454,65.546,0,0,2726772,9292208,417036,3796900,45583.642,23404.927,0,145.209,0,6.050,4430,3272,2.550,2.390,1.750,2,0,122.016,0,0,24,48,0,8,0
01-08 12:59:29,9.141,22.481,65.220,0,0,2723204,9295768,417036,3796908,60261.921,31759.968,0,19.764,0,4.941,4575,3270,2.550,2.390,1.750,1,0,102.770,0,0,24,48,0,8,0
01-08 12:59:30,23.486,18.239,56.966,0,0,2734764,9284212,417036,3797004,44812.933,22654.317,0,7.995,0,1.999,4665,5617,2.750,2.430,1.770,1,0,65.960,0,0,24,48,0,9,0
01-08 12:59:31,20.247,21.481,55.555,0,0,2743480,9275436,417036,3796912,44063.585,22366.109,0,0,0,0,5100,5838,2.750,2.430,1.770,3,0,74.073,0,0,24,48,0,9,0
01-08 12:59:32,25.837,28.370,45.342,0,0,2761328,9257560,417044,3796912,61572.090,33764.948,0,0,0,0,5509,3496,2.750,2.430,1.770,2,0,112.469,0,0,24,48,0,9,0
01-08 12:59:33,27.729,29.477,40.969,0,0,2793008,9225844,417052,3796936,60714.345,32814.784,0,299.770,0,8.993,5129,3167,2.750,2.430,1.770,3,0,136.895,0,0,24,48,0,9,0
01-08 12:59:34,30.055,27.050,41.326,0,0,2821548,9197156,417052,3797080,54970.662,461575.237,0,68.125,0,6.011,5312,3561,2.750,2.430,1.770,4,0,118.216,0,0,24,48,0,9,0
01-08 12:59:35,31.270,30.029,35.737,0,0,2885496,9133084,417092,3797132,63776.062,150842.508,0,194.566,0,6.949,5184,3227,2.770,2.440,1.770,5,0,126.071,0,0,24,48,0,9,0
01-08 12:59:36,37.822,30.308,29.807,0.250,0,2923772,9093388,417128,3798412,60752.145,33736.497,12.023,0,2.004,0,6072,5781,2.770,2.440,1.770,3,0,155.297,0,0,24,52,0,11,0
01-08 12:59:37,28.305,30.309,39.577,0.751,0,2939280,9077868,417136,3798412,45759.547,23513.500,8.016,601.163,2.004,3.006,5155,3165,2.770,2.440,1.770,2,0,142.275,0,0,24,52,0,11,0
01-08 12:59:38,26.052,29.058,42.084,0,0,2975728,9041392,417144,3798416,60828.987,33097.831,0,500.996,0,2.004,5070,3306,2.770,2.440,1.770,2,0,134.267,0,0,24,52,0,11,0
01-08 12:59:39,27.627,27.878,43.198,0,0,2990544,9026564,417144,3798428,65461.301,37210.703,0,4.018,0,1.005,5120,3346,2.770,2.440,1.770,2,0,125.576,0,0,24,52,0,11,0
01-08 12:59:40,31.926,24.887,41.478,0.251,0,2995300,9021664,417148,3798564,45377.458,23660.069,4.022,20.111,1.006,5.028,4927,3339,2.790,2.450,1.780,2,0,117.647,0,0,24,52,0,11,0
01-08 12:59:41,17.153,25.854,54.442,0,0,3008824,9007908,417148,3798788,60737.975,30825.402,0,15.910,0,3.977,4798,3446,2.790,2.450,1.780,1,0,119.324,0,0,24,52,0,11,0
01-08 12:59:42,9.485,23.714,63.652,0,0,3005504,9011248,417148,3798796,68618.831,456654.105,0,11.982,0,2.995,4769,3562,2.790,2.450,1.780,1,0,114.824,0,0,24,52,0,11,0
01-08 12:59:43,9.969,23.676,63.302,0,0,3010756,9005980,417152,3798804,49031.925,151684.448,0,6388.057,0,646.980,5535,3209,2.790,2.450,1.780,1,0,97.695,0,0,24,52,0,11,0
01-08 12:59:44,22.832,22.080,52.690,0,0,2995384,9021332,417152,3799292,44837.451,22878.380,0,4.014,0,1.004,4688,5454,2.790,2.450,1.780,3,0,74.267,0,0,24,52,0,11,0
01-08 12:59:45,22.334,22.334,53.201,0,0,2984012,9032660,417152,3799292,45902.019,22793.918,0,4.015,0,1.004,5112,5700,2.640,2.430,1.780,3,0,74.280,0,0,24,52,0,11,0
01-08 12:59:46,23.599,17.637,56.885,0,0,3001368,9015316,417152,3799256,44537.587,22595.202,0,7.949,0,1.987,4293,2875,2.640,2.430,1.780,6,0,33.784,0,0,24,52,0,10,0
01-08 12:59:47,58.823,35.096,2.719,0,0,3048060,8968548,417196,3799296,46731.428,29186.258,0,490.359,0,26.693,5951,5180,2.640,2.430,1.780,4,0,127.533,0,0,24,55,0,10,0
01-08 12:59:48,66.966,30.324,1.264,0,0,3110056,8906544,417204,3799312,61358.180,35281.308,0,48.519,0,4.043,5624,4644,2.640,2.430,1.780,4,0,148.589,0,0,24,54,0,10,0
01-08 12:59:49,53.498,27.620,15.427,0,0,3150228,8866172,417240,3799476,61100.707,32559.905,0,318.502,0,14.930,5622,4152,2.640,2.430,1.780,3,0,125.410,0,0,24,54,0,10,0
01-08 12:59:50,49.173,30.859,18.314,0.251,0,3193792,8821996,417260,3800060,45712.779,24004.427,0,92.325,0,5.018,5442,3777,2.830,2.470,1.790,3,0,112.395,0,0,24,54,0,5,0
01-08 12:59:51,53.280,29.656,13.320,0,0,3229120,8785644,417308,3801360,60465.451,31523.502,0,550.892,0,4.021,6022,5781,2.830,2.470,1.790,4,0,126.665,0,0,24,54,0,5,0
01-08 12:59:52,52.721,28.620,14.310,2.511,0,3265664,8746656,417748,3802924,56908.185,587888.566,329.379,2390.003,20.084,15.063,6781,6809,2.830,2.470,1.790,3,0,76.319,0,0,24,54,0,5,0
01-08 12:59:53,48.527,23.393,12.194,13.687,0,3289436,8722156,418276,3802448,44877.224,23542.052,537.535,3.982,105.516,0.995,5211,3788,2.830,2.470,1.790,5,0,55.744,0,0,24,58,0,5,0
01-08 12:59:54,66.169,31.330,1.253,0,0,3399364,8612148,418284,3802492,61440.974,36984.491,0,1407.596,0,8.020,5487,3755,2.830,2.470,1.790,5,0,208.533,0,0,24,58,0,5,0
01-08 12:59:55,50.085,32.144,11.712,1.495,0,3455324,8550968,419872,3806012,56464.433,27994.000,0,14504.332,0,1455.218,11443,15023,3.010,2.510,1.810,6,1,121.600,0,0,24,58,0,5,0
01-08 12:59:56,47.568,29.886,16.686,1.245,0,3460156,8536708,420840,3814204,48785.691,27578.679,0,14114.099,0,963.321,9810,12765,3.010,2.510,1.810,7,0,104.601,0,0,24,58,0,5,0
01-08 12:59:57,46.405,30.188,17.464,2.245,0,3482992,8510544,421864,3816440,60690.311,31509.264,0,9213.072,0,1103.732,9953,11624,3.010,2.510,1.810,3,1,95.803,0,0,24,58,0,5,0
01-08 12:59:58,53.682,31.066,10.687,1.243,0,3524040,8466232,422804,3819164,44598.003,22755.301,3.976,8465.886,0.994,1018.968,10757,14739,3.010,2.510,1.810,6,0,87.482,0,0,24,60,0,5,0
01-08 12:59:59,60.903,27.820,9.023,0.501,0,3584296,8402992,423308,3821460,45437.127,23569.200,0,6035.159,0,488.226,9075,10866,3.010,2.510,1.810,5,0,76.191,0,0,24,60,0,5,0
01-08 13:00:00,62.071,33.879,1.978,0,0,3624076,8360072,423356,3825712,44477.349,23550.323,522.285,1064.354,6.924,40.556,8859,12587,3.250,2.570,1.830,11,0,128.593,0,0,24,60,0,9,0
01-08 13:00:01,61.624,33.338,2.020,0,0,3645712,8337096,423384,3828456,72511.800,583149.354,0,731.412,0,37.379,8025,14558,3.250,2.570,1.830,8,0,163.658,0,0,25,79,0,17,0
01-08 13:00:02,53.910,31.637,13.161,0,0,3672956,8309132,423440,3825736,61114.286,33386.789,0,874.710,0,46.570,6621,8121,3.250,2.570,1.830,2,0,140.723,0,0,24,82,0,22,0
01-08 13:00:03,29.422,26.180,41.390,0,0,3695788,8286268,423456,3825748,45900.596,24145.611,0,538.564,0,24.934,4979,3347,3.250,2.570,1.830,5,0,114.694,0,0,24,82,0,20,0
01-08 13:00:04,27.711,31.456,38.197,0.250,0,3723732,8258300,423596,3825632,59898.473,31480.102,0,13113.713,0,828.844,6193,4183,3.250,2.570,1.830,4,0,115.838,0,0,24,82,0,20,0
01-08 13:00:05,38.103,26.572,33.089,0,0,3758964,8222736,423596,3826312,46394.454,22476.779,0,28.076,0,7.019,5354,5712,3.390,2.610,1.850,4,0,94.255,0,0,24,84,0,20,0
01-08 13:00:06,47.867,26.290,21.826,0,0,3799820,8181012,423604,3826712,44440.690,22579.473,0,130.953,0,4.960,6711,7569,3.390,2.610,1.850,8,0,79.365,0,0,24,82,0,21,0
01-08 13:00:07,26.226,32.220,38.714,0,0,3828944,8150812,423604,3827708,60231.447,33127.446,0,1954.198,0,5.994,6483,5453,3.390,2.610,1.850,5,0,116.892,0,0,24,82,0,22,0
01-08 13:00:08,25.329,28.589,44.138,0,0,3864436,8115316,423604,3827712,46892.091,25288.786,0,4.013,0,1.003,5010,3248,3.390,2.610,1.850,3,0,122.381,0,0,24,82,0,23,0
01-08 13:00:09,29.039,26.786,41.055,0,0,3884224,8095524,423604,3827716,69584.080,465056.088,0,5723.656,0,430.576,6182,3648,3.390,2.610,1.850,4,0,121.162,0,0,24,82,0,23,0
01-08 13:00:10,30.269,27.291,39.448,0,0,3888356,8091356,423608,3827732,61801.641,159643.818,0,158.786,0,5.954,5209,3434,3.280,2.600,1.850,3,0,129.014,0,0,24,84,0,23,0
01-08 13:00:11,29.983,27.967,39.557,0,0,3907392,8072076,423608,3827992,45892.211,24240.150,0,24.188,0,5.039,4970,3364,3.280,2.600,1.850,4,0,112.876,0,0,24,86,0,23,0
01-08 13:00:12,31.508,26.507,40.010,0,0,3943644,8035804,423624,3827996,60429.683,32048.317,0,720.187,0,41.011,5152,3719,3.280,2.600,1.850,3,0,106.028,0,0,24,88,0,23,0
01-08 13:00:13,49.842,30.055,17.783,0,0,3940664,8036652,423636,3830132,46951.694,24085.473,0,112.207,0,12.022,6697,7233,3.280,2.600,1.850,3,0,124.229,0,0,24,94,0,27,0
01-08 13:00:14,15.267,26.279,54.561,0.501,0,3951144,8026072,423648,3830220,61022.195,33687.648,4.004,228.255,1.001,4.004,4754,3472,3.280,2.600,1.850,2,0,111.124,0,0,24,94,0,27,0
01-08 13:00:15,20.191,26.922,50.354,0,0,3963112,8014060,423668,3830724,59992.524,30788.458,0,462.654,0,31.907,5185,6306,3.090,2.570,1.850,1,0,94.725,0,0,24,96,0,27,0
01-08 13:00:16,23.364,23.867,51.754,0,0,3961880,8015256,423676,3830704,30147.727,15196.464,0,172.847,0,10.049,5161,5613,3.090,2.570,1.850,1,0,81.399,0,0,24,98,0,27,0
01-08 13:00:17,29.393,20.349,48.486,0,0,3974288,8002796,423684,3830704,59985.120,31073.323,0,381.860,0,26.127,4922,3771,3.090,2.570,1.850,3,0,52.254,0,0,24,98,0,27,0
01-08 13:00:18,46.405,23.823,27.049,0,0,4057616,7919452,423684,3830708,58883.722,571994.581,0,921.144,0,3.970,5093,3295,3.090,2.570,1.850,2,0,75.439,0,0,24,99,0,27,0
01-08 13:00:19,45.920,9.432,43.686,0,0,4116264,7860036,423728,3831364,44634.690,22200.682,0,671.183,0,40.708,3910,3099,3.090,2.570,1.850,2,0,3.971,0,0,24,101,0,27,0
01-08 13:00:20,11.576,22.396,63.666,0,0,4121884,7854304,423788,3831420,45954.034,24570.420,0,1223.991,0,82.539,4835,3951,3.010,2.560,1.850,1,0,115.756,0,0,24,102,0,28,0
01-08 13:00:21,7.262,22.537,67.360,0,0,4121740,7854428,423804,3831424,60692.455,32741.653,0,128.210,0,12.020,4656,3568,3.010,2.560,1.850,4,0,124.204,0,0,24,102,0,28,0
01-08 13:00:22,8.235,23.458,65.881,0,0,4127516,7848640,423812,3831428,60868.236,33254.033,0,778.596,0,5.989,4566,3316,3.010,2.560,1.850,2,0,118.786,0,0,24,102,0,28,0
01-08 13:00:23,10.523,22.550,64.644,0,0,4131724,7844392,423836,3831440,61010.525,33438.278,0,705.567,0,17.038,4634,3431,3.010,2.560,1.850,1,0,115.256,0,0,24,104,0,28,0
01-08 13:00:24,19.568,29.476,48.053,0,0,4203776,7772320,423848,3831448,49102.836,24860.540,0,134.745,0,11.889,5142,3585,3.010,2.560,1.850,3,0,117.902,0,0,24,106,0,28,0
01-08 13:00:25,20.183,23.967,53.232,0.252,0,4206408,7769648,423864,3831472,59578.152,34967.437,0,193.753,0,16.146,5352,4262,2.930,2.560,1.850,2,0,124.123,0,0,24,106,0,28,0
01-08 13:00:26,8.260,23.278,66.079,0,0,4208000,7768052,423864,3831476,69338.701,476191.958,0,0,0,0,4791,3543,2.930,2.560,1.850,2,0,123.147,0,0,24,106,0,28,0
01-08 13:00:27,7.726,22.928,66.791,0,0,4212520,7763508,423880,3831484,64666.384,156128.809,0,99.688,0,9.969,4658,3367,2.930,2.560,1.850,1,0,121.619,0,0,24,106,0,28,0
01-08 13:00:28,16.773,12.517,69.596,0,0,4249560,7726468,423880,3831484,45646.830,23810.774,0,781.075,0,110.152,3208,2639,2.930,2.560,1.850,2,0,42.058,0,0,24,106,0,28,0
01-08 13:00:29,23.516,5.003,70.299,0,0,4292900,7683124,423884,3831484,30215.911,14816.254,0,48.033,0,4.003,2400,2064,2.930,2.560,1.850,2,0,0,0,0,24,106,0,28,0
01-08 13:00:30,29.507,7.252,61.015,0,0,4293044,7682872,423956,3831512,30305.389,14595.559,0,7341.790,0,631.154,4779,4199,2.770,2.530,1.850,2,0,2.000,0,0,24,112,0,29,0
01-08 13:00:31,24.454,5.490,68.871,0,0,4294016,7681864,423984,3831520,16865.457,7360.234,0,207.612,0,18.965,3869,4325,2.770,2.530,1.850,2,0,1.996,0,0,24,110,0,28,0
01-08 13:00:32,16.757,13.756,67.280,0,0,4214456,7761396,424000,3831532,45658.268,26885.935,0,212.094,0,19.008,3529,3005,2.770,2.530,1.850,1,0,63.028,0,0,24,110,0,28,0
01-08 13:00:33,21.208,6.737,70.858,0,0,4245952,7729896,424004,3831532,30238.506,14562.866,0,167.665,0,8.982,2315,2006,2.770,2.530,1.850,1,0,0,0,0,24,110,0,28,0
01-08 13:00:34,42.258,11.435,43.501,0,0,4290916,7684624,424080,3831756,29785.668,14697.949,0,656.247,0,51.704,5684,5009,2.770,2.530,1.850,1,0,9.943,0,0,24,113,0,29,0
01-08 13:00:35,22.872,6.283,68.866,0,0,4291120,7684384,424100,3831772,15607.916,7497.832,0,329.752,0,33.176,3365,3630,2.630,2.500,1.840,3,0,0,0,0,24,114,0,30,0
01-08 13:00:36,36.398,13.555,48.698,0,0,4353784,7621676,424128,3831784,31305.545,16371.702,0,305.244,0,24.098,4826,4596,2.630,2.500,1.840,1,0,6.025,0,0,24,113,0,30,0
01-08 13:00:37,23.107,8.199,65.594,0.497,0,4357056,7617896,424248,3832080,1002.790,0,0,3343.297,0,256.412,4554,5837,2.630,2.500,1.840,2,0,1.988,0,0,24,113,0,30,0
01-08 13:00:38,30.440,9.811,58.113,0,0,4359900,7614872,424352,3832148,15287.402,7341.817,0,1465.143,0,128.804,5141,6390,2.630,2.500,1.840,1,0,4.025,0,0,24,118,0,30,0
01-08 13:00:39,22.495,8.248,66.486,0,0,4360516,7614152,424404,3832192,15399.715,7442.413,0,1087.768,0,96.979,4116,5196,2.630,2.500,1.840,2,0,0,0,0,24,118,0,29,0
01-08 13:00:40,26.538,3.755,67.846,0,0,4360192,7614444,424424,3832204,14941.164,7696.902,0,584.828,0,51.072,3801,4378,2.500,2.480,1.840,1,0,2.003,0,0,24,117,0,30,0
01-08 13:00:41,9.463,20.420,67.236,0,0,4294808,7679820,424432,3832204,843.685,0,0,589.683,0,17.930,4102,3214,2.500,2.480,1.840,2,0,110.566,0,0,24,117,0,30,0
01-08 13:00:42,21.034,7.262,70.364,0,0,4334572,7640024,424464,3832204,30112.731,17283.971,0,1798.911,0,84.136,2594,2357,2.500,2.480,1.840,3,0,0,0,0,24,117,0,30,0
01-08 13:00:43,22.987,6.246,69.210,0,0,4351688,7622888,424476,3832212,30009.580,15429.044,0,131.923,0,12.992,3091,3048,2.500,2.480,1.840,1,0,1.999,0,0,24,117,0,30,0
01-08 13:00:44,29.523,8.006,60.547,0,0,4354900,7619672,424476,3832216,39250.447,461574.052,0,208.161,0,2.002,3890,3518,2.500,2.480,1.840,3,0,2.002,0,0,24,121,0,30,0
01-08 13:00:45,23.601,6.211,67.572,0,0,4350952,7623596,424496,3832220,17949.394,139175.126,0,353.761,0,36.767,3176,3253,2.380,2.450,1.830,1,0,1.987,0,0,24,122,0,30,0
01-08 13:00:46,21.349,9.544,67.061,0.251,0,4350528,7623984,424516,3832236,29918.945,14660.082,0,554.575,0,59.275,3959,4544,2.380,2.450,1.830,1,0,3.014,0,0,24,122,0,30,0
01-08 13:00:47,25.920,10.219,62.059,0.249,0,4354104,7620252,424552,3832336,2208.210,1348.852,0,630.063,0,52.838,4270,4783,2.380,2.450,1.830,2,0,2.991,0,0,24,122,0,30,0
01-08 13:00:48,39.182,15.925,44.237,0,0,4325976,7648320,424592,3832348,15614.006,7377.269,0,586.461,0,58.646,4698,3820,2.380,2.450,1.830,2,0,51.568,0,0,24,121,0,30,0
01-08 13:00:49,34.963,19.837,43.393,0,0,4362232,7612060,424612,3832332,44493.228,24218.900,0,301.521,0,18.845,4117,2880,2.380,2.450,1.830,2,0,46.617,0,0,24,121,0,30,0
01-08 13:00:50,44.240,8.998,45.240,0,0,4433316,7540744,424684,3832492,29833.317,14978.644,0,1555.651,0,82.981,3582,2536,2.350,2.450,1.830,3,0,0,0,0,24,121,0,30,0
01-08 13:00:51,30.571,7.517,60.140,0,0,4461264,7512784,424684,3832500,29844.318,15113.103,0,4.009,0,1.002,3169,2801,2.350,2.450,1.830,2,0,0,0,0,24,121,0,31,0
01-08 13:00:52,24.239,5.248,68.719,0,0,4461744,7512292,424684,3832508,15558.996,7454.644,0,0,0,0,3313,3427,2.350,2.450,1.830,2,0,1.999,0,0,24,121,0,31,0
01-08 13:00:53,15.698,13.705,68.275,0,0,4437884,7536140,424684,3832520,30328.996,19451.861,0,15.947,0,3.987,3217,2590,2.350,2.450,1.830,3,0,54.819,0,0,24,121,0,31,0
01-08 13:00:54,27.609,9.287,62.245,0,0,4436336,7537644,424700,3832520,44617.570,23201.297,0,188.743,0,9.036,2853,2228,2.350,2.450,1.830,2,0,7.028,0,0,24,123,0,31,0
01-08 13:00:55,23.732,5.746,68.449,0,0,4460960,7513016,424700,3832524,15267.625,7614.327,0,3221.600,0,485.638,3716,2792,2.240,2.420,1.830,2,0,1.999,0,0,24,123,0,31,0
01-08 13:00:56,23.109,5.964,68.332,0,0,4461152,7512812,424700,3832536,29658.686,15374.013,0,7.951,0,0.994,3421,3727,2.240,2.420,1.830,3,0,0.994,0,0,24,123,0,32,0
01-08 13:00:57,18.365,11.824,68.428,0,0,4421532,7552284,424724,3832660,15671.012,11580.428,0,177.108,0,16.101,3164,2600,2.240,2.420,1.830,1,0,51.321,0,0,24,123,0,32,0
01-08 13:00:58,24.007,8.002,66.520,0,0,4463016,7510756,424736,3832692,45933.487,24484.189,0,100.029,0,12.004,2753,2540,2.240,2.420,1.830,1,0,2.001,0,0,24,123,0,32,0
01-08 13:00:59,23.113,5.468,69.587,0.249,0,4477788,7495984,424736,3832692,29900.719,15201.868,0,353.902,0,58.652,2870,2760,2.240,2.420,1.830,1,0,0,0,0,24,123,0,32,0
01-08 13:01:00,24.346,5.271,68.770,0,0,4473732,7500036,424780,3832652,15344.218,7391.006,0,361.418,0,33.130,3128,3346,2.140,2.400,1.820,2,0,0,0,0,24,125,0,32,0
01-08 13:01:01,22.624,8.702,66.380,0,0,4470684,7502864,424884,3832748,15776.142,7255.593,0,783.636,0,89.502,4146,4951,2.140,2.400,1.820,4,0,1.989,0,0,24,124,0,32,0
01-08 13:01:02,31.225,21.404,45.578,0,0,4387420,7586056,424932,3832752,15209.455,7348.886,0,523.769,0,48.348,5377,13775,2.140,2.400,1.820,2,0,109.790,0,0,24,123,0,33,0
01-08 13:01:03,20.769,9.509,68.314,0,0,4417812,7555648,424948,3832752,58876.228,606252.687,0,268.252,0,12.011,3198,2695,2.140,2.400,1.820,1,0,10.009,0,0,24,123,0,33,0
01-08 13:01:04,23.505,5.501,69.266,0,0,4462664,7510792,425000,3832704,29602.771,14809.387,0,1452.332,0,74.017,2666,2380,2.140,2.400,1.820,1,0,2.000,0,0,24,124,0,17,0
01-08 13:01:05,24.120,7.035,68.340,0,0,4462788,7510552,425020,3832796,29984.267,14894.146,0,201.001,0,15.075,3420,3528,2.050,2.370,1.820,1,0,0,0,0,24,125,0,18,0
01-08 13:01:06,25.740,5.445,66.579,0,0,4430748,7542556,425048,3832804,15131.424,7769.656,0,2075.076,0,113.852,3601,3680,2.050,2.370,1.820,2,0,1.980,0,0,24,123,0,18,0
01-08 13:01:07,20.063,18.307,59.937,0,0,4445612,7527672,425056,3832816,45005.255,26651.055,0,232.725,0,12.038,3633,2843,2.050,2.370,1.820,1,0,56.175,0,0,24,123,0,18,0
01-08 13:01:08,22.547,6.013,69.896,0.251,0,4472180,7501100,425068,3832808,29718.153,14851.060,0,921.928,0,50.105,2512,2190,2.050,2.370,1.820,3,0,0,0,0,24,123,0,15,0
01-08 13:01:09,25.950,6.238,66.124,0,0,4483272,7489980,425068,3832832,31105.540,16128.170,0,3.992,0,0.998,3203,3084,2.050,2.370,1.820,3,0,0,0,0,24,123,0,15,0
01-08 13:01:10,23.182,5.983,68.550,0,0,4479148,7494100,425068,3832836,15115.915,7274.783,0,63.814,0,2.991,3400,3570,1.960,2.350,1.810,3,0,1.994,0,0,24,124,0,15,0
01-08 13:01:11,24.185,9.069,64.241,0.252,0,4475552,7497392,425160,3833048,15461.274,7515.491,0,1942.862,0,242.858,5703,7748,1.960,2.350,1.810,2,0,1.008,0,0,24,125,0,15,0
01-08 13:01:12,23.860,7.456,65.616,0.249,0,4469640,7503268,425208,3833032,14892.864,7253.560,0,1212.903,0,98.424,3955,5021,1.960,2.350,1.810,2,0,0,0,0,24,125,0,15,0
01-08 13:01:13,28.562,5.055,65.718,0,0,4469996,7502768,425268,3833112,1016.107,0,0,849.284,0,76.840,4407,5197,1.960,2.350,1.810,1,0,2.022,0,0,24,124,0,16,0
01-08 13:01:14,14.622,14.374,68.898,0,0,4422548,7550212,425272,3833112,15028.786,7379.570,0,448.088,0,21.810,3155,2652,1.960,2.350,1.810,3,0,52.541,0,0,24,124,0,16,0
01-08 13:01:15,23.440,6.234,68.324,0.249,0,4453540,7519216,425356,3833032,30414.798,16351.956,0,3391.280,0,166.572,2963,2964,1.890,2.330,1.810,1,0,0,0,0,24,124,0,16,0
01-08 13:01:16,24.250,6.250,67.750,0,0,4480416,7492232,425364,3833128,44271.760,22829.876,0,2075.989,0,345.998,3657,2959,1.890,2.330,1.810,1,0,3.000,0,0,24,125,0,12,0
01-08 13:01:17,23.330,6.773,68.985,0,0,4477144,7495500,425388,3833108,15150.687,7483.530,0,228.780,0,20.068,3439,3563,1.890,2.330,1.810,2,0,0,0,0,24,126,0,12,0
01-08 13:01:18,23.037,6.010,68.860,0,0,4473780,7498776,425428,3833152,30106.086,14681.450,0,344.550,0,29.046,3674,4007,1.890,2.330,1.810,1,0,0,0,0,24,125,0,13,0
01-08 13:01:19,24.309,9.674,63.749,0.248,0,4475108,7497416,425508,3833104,15040.699,7749.050,0,857.257,0,100.212,5243,6732,1.890,2.330,1.810,1,0,1.984,0,0,24,125,0,13,0
01-08 13:01:20,21.511,11.756,64.032,0,0,4475444,7496972,425528,3833192,17466.772,8653.346,0,572.287,0,52.026,4204,4791,1.820,2.310,1.800,1,0,0,0,0,24,125,0,12,0
01-08 13:01:21,26.057,6.514,65.642,0,0,4474468,7497928,425552,3833188,947.054,0,0,497.078,0,46.100,4054,4771,1.820,2.310,1.800,2,0,0,0,0,24,125,0,12,0
01-08 13:01:22,29.885,8.150,58.041,0,0,4476032,7496268,425584,3833248,14799.166,7207.925,0,636.226,0,64.215,6270,8381,1.820,2.310,1.800,2,0,1.976,0,0,24,124,0,12,0
01-08 13:01:23,32.770,17.153,49.667,0,0,4422096,7550192,425600,3833244,15941.445,9247.206,0,618.528,0,52.227,5273,4881,1.820,2.310,1.800,1,0,78.852,0,0,24,124,0,12,0
01-08 13:01:24,22.527,7.179,67.829,0,0,4455528,7516708,425604,3833272,70959.632,599179.242,0,261.413,0,13.863,3068,2635,1.820,2.310,1.800,2,0,0.990,0,0,24,124,0,12,0
01-08 13:01:25,23.716,5.298,69.633,0,0,4492572,7479664,425632,3833244,31105.659,14725.814,0,1493.572,0,75.688,2683,2347,1.750,2.280,1.800,1,0,2.018,0,0,24,125,0,12,0
01-08 13:01:26,22.312,5.454,68.920,0,0,4494300,7477900,425632,3833280,14974.071,7235.154,0,87.266,0,3.967,3141,3189,1.750,2.280,1.800,1,0,0.992,0,0,24,126,0,12,0
01-08 13:01:27,23.241,8.497,65.475,0.250,0,4494256,7477900,425800,3833156,15273.111,7293.188,0,6169.621,0,385.851,5373,6709,1.750,2.280,1.800,2,0,0,0,0,24,124,0,12,0
01-08 13:01:28,15.510,15.761,66.545,0,0,4450232,7521728,425816,3833332,15530.468,7433.010,0,292.197,0,17.011,3896,3066,1.750,2.280,1.800,2,0,95.064,0,0,24,124,0,12,0
01-08 13:01:29,14.450,16.194,67.266,0,0,4446900,7525032,425836,3833340,45012.414,25844.096,0,314.905,0,18.934,3367,2781,1.750,2.280,1.800,1,0,53.813,0,0,24,124,0,12,0
01-08 13:01:30,23.614,6.280,68.079,0.251,0,4468500,7503416,425864,3833328,30187.928,14825.667,0,1800.705,0,125.607,3086,2928,1.690,2.260,1.790,1,0,0,0,0,24,124,0,13,0
01-08 13:01:31,26.202,6.738,65.379,0,0,4483048,7488812,425872,3833368,31287.291,16047.401,0,83.845,0,8.983,3435,3347,1.690,2.260,1.790,3,0,1.996,0,0,24,124,0,13,0
01-08 13:01:32,23.799,6.764,66.889,0,0,4483552,7488308,425888,3833352,16037.285,7377.311,0,1683.494,0,289.601,4031,4135,1.690,2.260,1.790,3,0,0,0,0,24,125,0,14,0
01-08 13:01:33,22.907,5.478,68.224,0,0,4483516,7488308,425896,3833380,15704.531,7493.715,0,322.696,0,31.871,3818,4263,1.690,2.260,1.790,1,0,0,0,0,24,125,0,13,0
01-08 13:01:34,24.028,8.510,64.324,0,0,4484232,7487564,425964,3833340,15361.660,7518.644,0,604.695,0,57.066,4101,4869,1.690,2.260,1.790,2,0,2.002,0,0,24,125,0,13,0
01-08 13:01:35,25.284,5.758,65.587,0,0,4484072,7487564,426032,3833424,15239.275,7305.720,0,684.911,0,71.095,4503,5416,1.630,2.240,1.790,1,0,0,0,0,24,125,0,13,0
01-08 13:01:36,21.514,8.005,67.545,0,0,4484572,7487060,426036,3833424,811.540,0,0,260.173,0,13.009,3045,3111,1.630,2.240,1.790,3,0,3.002,0,0,24,125,0,13,0
01-08 13:01:37,32.356,16.993,43.995,0,0,4550524,7421036,426056,3833472,14434.926,6793.344,0,454.379,0,31.658,4481,4062,1.630,2.240,1.790,9,0,4.656,0,0,24,125,0,11,0
01-08 13:01:38,53.880,16.271,30.141,0.267,0,4552040,7419272,426264,3833508,839.675,0,0,3550.747,0,262.465,7907,9098,1.630,2.240,1.790,2,0,3.201,0,0,24,126,0,11,0
01-08 13:01:39,31.724,24.674,40.284,0,0,4464376,7506744,426312,3833648,46240.989,25650.833,0,845.964,0,83.589,6975,7084,1.630,2.240,1.790,3,0,125.887,0,0,24,126,0,11,0
01-08 13:01:40,18.234,26.726,51.454,0,0,4454228,7516844,426340,3833652,46427.353,25391.223,0,379.659,0,32.970,5529,4640,1.660,2.240,1.790,1,0,141.873,0,0,24,126,0,11,0
01-08 13:01:41,21.325,10.537,67.237,0,0,4460064,7510896,426372,3833732,59564.930,30804.567,0,268.948,0,21.074,3041,2658,1.660,2.240,1.790,1,0,21.074,0,0,24,126,0,9,0
01-08 13:01:42,27.039,6.509,63.843,0,0,4502492,7468208,426372,3833992,39242.892,456957.473,0,284.412,0,13.019,3121,2721,1.660,2.240,1.790,1,0,0,0,0,24,127,0,10,0
01-08 13:01:43,23.222,5.993,69.166,0,0,4500528,7470160,426384,3833992,20138.469,141381.778,0,163.800,0,10.987,3517,3526,1.660,2.240,1.790,1,0,2.996,0,0,24,128,0,10,0
01-08 13:01:44,22.725,5.494,68.674,0.250,0,4459072,7511600,426392,3834000,15023.420,7567.648,0,131.854,0,7.991,3096,3024,1.660,2.240,1.790,1,0,9.989,0,0,24,126,0,10,0
01-08 13:01:45,7.772,23.064,65.433,0,0,4453420,7517232,426400,3834012,47060.442,24913.585,0,220.616,0,21.059,4632,3657,1.610,2.220,1.790,1,0,124.347,0,0,24,126,0,10,0
01-08 13:01:46,7.749,21.999,67.495,0,0,4447716,7522928,426400,3834020,61137.904,34125.714,0,111.992,0,7.000,4562,3399,1.610,2.220,1.790,2,0,127.991,0,0,24,126,0,10,0
01-08 13:01:47,8.241,25.221,63.927,0,0,4440516,7530104,426408,3834032,60684.082,32217.411,0,2672.964,0,420.522,5234,3758,1.610,2.220,1.790,1,0,125.857,0,0,24,126,0,10,0
01-08 13:01:48,7.752,25.008,64.520,0,0,4437680,7532788,426420,3834168,46132.373,23881.440,0,460.143,0,28.009,4828,3826,1.610,2.220,1.790,3,0,118.037,0,0,24,126,0,10,0
01-08 13:01:49,8.003,23.758,64.523,0,0,4431904,7538560,426420,3834172,61227.514,31795.172,0,16.006,0,4.001,4637,3316,1.610,2.220,1.790,1,0,123.043,0,0,24,126,0,10,0
01-08 13:01:50,19.892,22.876,54.454,0,0,4417968,7552464,426432,3834668,44564.077,23124.466,0,318.272,0,16.908,5167,6335,1.560,2.200,1.780,1,0,86.530,0,0,24,126,0,10,0
01-08 13:01:51,20.566,23.325,52.921,0,0,4426824,7543552,426436,3834276,45188.909,23485.833,0,68.220,0,4.013,5844,6696,1.560,2.200,1.780,1,0,78.253,0,0,24,126,0,10,0
01-08 13:01:52,26.218,25.468,45.194,0,0,4440536,7529800,426440,3834196,60505.037,32927.205,0,131.837,0,8.989,5506,3393,1.560,2.200,1.780,2,0,103.871,0,0,24,126,0,10,0
01-08 13:01:53,31.512,27.761,38.515,0,0,4481532,7488792,426448,3834200,60000.452,580519.904,0,136.053,0,7.003,5729,3902,1.560,2.200,1.780,2,0,120.047,0,0,24,126,0,9,0
01-08 13:01:54,31.343,29.587,37.360,0,0,4522556,7447748,426452,3834216,61198.957,33579.289,0,48.142,0,5.015,5143,3410,1.560,2.200,1.780,3,0,130.386,0,0,24,126,0,9,0
01-08 13:01:55,33.208,26.716,37.952,0,0,4523056,7446856,426484,3834496,60925.544,31326.174,0,339.568,0,15.980,5783,4655,1.600,2.190,1.780,3,0,122.844,0,0,24,130,0,9,0
01-08 13:01:56,13.862,25.204,59.482,0,0,4529852,7440056,426484,3834500,46930.618,24131.714,0,16.131,0,4.033,4824,3657,1.600,2.190,1.780,2,0,121.989,0,0,24,132,0,9,0
01-08 13:01:57,34.746,33.996,28.747,0,0,4567496,7399788,426500,3837060,60870.091,31164.463,0,835.905,0,51.994,7185,10060,1.600,2.190,1.780,4,0,136.984,0,0,24,137,0,8,0
01-08 13:01:58,16.444,26.261,52.521,0.491,0,4587492,7379636,426608,3837568,44681.372,23040.642,0,5297.286,0,211.067,6403,7689,1.600,2.190,1.780,1,0,123.695,0,0,24,138,0,8,0
01-08 13:01:59,23.169,21.641,54.994,0,0,4578120,7388984,426628,3837544,60940.447,30731.445,0,183.313,0,16.295,5912,6459,1.600,2.190,1.780,2,0,80.454,0,0,24,138,0,8,0
01-08 13:02:00,35.190,23.790,38.659,0,0,4617680,7349408,426644,3837536,45141.794,24010.201,0,904.025,0,112.012,5538,3887,1.550,2.170,1.780,4,0,72.362,0,0,26,138,0,9,0
01-08 13:02:01,48.891,30.183,18.708,0,0,4668952,7298120,426644,3837560,69658.172,459085.597,0,0,0,0,5837,3744,1.550,2.170,1.780,5,0,136.696,0,0,26,138,0,8,0
01-08 13:02:02,50.908,35.263,12.417,0,0,4748652,7218416,426656,3839548,48430.341,144174.529,0,8180.989,0,613.872,6394,8907,1.550,2.170,1.780,8,0,151.978,0,0,26,138,0,8,0
01-08 13:02:03,56.698,27.851,12.185,0,0,4804564,7162472,426668,3837484,60741.066,34752.663,0,302.387,0,27.851,5930,14458,1.550,2.170,1.780,4,0,123.342,0,0,26,140,0,9,0
01-08 13:02:04,57.199,26.990,13.124,0,0,4832468,7134328,426676,3837780,57989.627,32200.942,0,305.063,0,22.781,6524,5993,1.550,2.170,1.780,5,0,146.589,0,0,26,154,0,9,0
01-08 13:02:05,29.989,31.014,40.242,0,0,4827052,7137904,426688,3839556,50888.926,25789.464,0,369.095,0,21.531,6826,8103,1.830,2.220,1.800,1,0,124.057,0,0,26,156,0,7,0
01-08 13:02:06,16.984,24.727,56.197,0,0,4832364,7132040,426700,3840096,60681.336,31122.425,0,259.753,0,13.987,4828,3577,1.830,2.220,1.800,1,0,118.887,0,0,26,160,0,7,0
01-08 13:02:07,22.296,24.301,51.107,0,0,4850584,7113752,426704,3840216,45355.551,22877.692,0,288.602,0,23.048,5355,6400,1.830,2.220,1.800,2,0,86.180,0,0,26,160,0,7,0
01-08 13:02:08,20.128,27.832,50.693,0,0,4863104,7101160,426708,3840236,44471.070,22559.575,0,337.956,0,14.910,5125,5364,1.830,2.220,1.800,4,0,89.459,0,0,26,160,0,7,0
01-08 13:02:09,27.405,25.645,45.004,0,0,4901428,7062720,426708,3840128,61475.731,33804.663,0,201.134,0,14.079,5809,3932,1.830,2.220,1.800,3,0,108.613,0,0,26,160,0,7,0
01-08 13:02:10,32.288,28.563,36.511,0,0,4947436,7016680,426708,3840140,64753.321,579984.225,0,218.567,0,5.961,8933,3593,1.840,2.220,1.800,3,0,118.225,0,0,26,160,0,7,0
01-08 13:02:11,27.915,27.161,43.759,0,0,4971344,6992748,426708,3840164,54672.832,32299.312,0,96.572,0,5.030,5104,3243,1.840,2.220,1.800,3,0,121.721,0,0,26,160,0,7,0
01-08 13:02:12,15.516,25.027,57.060,0,0,4965768,6998236,426720,3840208,60355.987,32774.747,0,0,0,0,4853,3215,1.840,2.220,1.800,2,0,132.140,0,0,27,160,0,7,0
01-08 13:02:13,14.499,24.749,57.997,0,0,4959496,7004500,426724,3840212,61226.290,33262.528,0,191.992,0,12.999,4946,3555,1.840,2.220,1.800,2,0,131.994,0,0,27,164,0,7,0
01-08 13:02:14,26.949,24.477,45.245,0,0,4961204,7002636,426748,3840344,46771.640,25358.785,0,391.626,0,33.624,5091,3871,1.840,2.220,1.800,3,0,130.542,0,0,27,178,0,6,0
01-08 13:02:15,14.006,24.701,60.352,0,0,4956972,7006840,426776,3840376,63134.035,33378.603,0,464.483,0,33.614,5001,4173,1.770,2.200,1.790,1,0,127.325,0,0,27,180,0,6,0
01-08 13:02:16,8.675,23.299,65.188,0,0,4957192,7006468,426776,3840512,44821.623,23336.829,0,19.829,0,4.957,4587,3380,1.770,2.200,1.790,1,0,119.966,0,0,27,180,0,6,0
01-08 13:02:17,11.216,23.180,62.561,0,0,4958120,7005488,426816,3840912,77839.386,139689.171,0,542.358,0,43.867,4892,4396,1.770,2.200,1.790,6,0,97.704,0,0,27,180,0,6,0
01-08 13:02:18,20.742,21.501,56.915,0,0,4944452,7019124,426828,3840516,53169.956,455038.257,0,121.418,0,7.083,4740,5541,1.770,2.200,1.790,1,0,76.898,0,0,27,180,0,6,0
01-08 13:02:19,20.574,23.053,54.286,0,0,4954508,7009056,426828,3840520,59953.002,30202.075,0,0,0,0,6579,6844,1.770,2.200,1.790,1,0,89.238,0,0,27,180,0,6,0
01-08 13:02:20,26.300,26.551,44.585,0,0,4982448,6981080,426848,3840536,45763.562,24697.255,0,292.560,0,15.029,5027,3373,1.790,2.190,1.800,2,0,117.224,0,0,27,180,0,6,0
01-08 13:02:21,27.361,26.117,43.777,0,0,5014632,6948888,426848,3840544,60829.900,33686.273,0,31.838,0,2.985,5240,3355,1.790,2.190,1.800,3,0,129.341,0,0,27,180,0,6,0
01-08 13:02:22,28.762,25.787,43.143,0,0,5050624,6912640,426852,3840764,56399.399,28920.734,0,3.967,0,0.992,5215,3676,1.790,2.190,1.800,5,0,123.974,0,0,27,181,0,5,0
01-08 13:02:23,31.633,27.837,39.478,0,0,5061448,6901800,426852,3840780,53120.485,29264.501,0,554.720,0,120.459,5717,4279,1.790,2.190,1.800,1,0,108.312,0,0,27,186,0,5,0
01-08 13:02:24,9.678,23.574,63.028,0,0,5060440,6902792,426852,3840796,60131.834,31017.791,0,11.911,0,2.978,4792,3514,1.790,2.190,1.800,3,0,111.168,0,0,27,186,0,5,0
01-08 13:02:25,44.217,41.690,12.886,0,0,5121996,6838632,426896,3843820,47720.151,23870.182,0,865.140,0,41.438,9285,13569,1.890,2.210,1.800,2,0,156.655,0,0,27,192,0,5,0
01-08 13:02:26,25.453,22.958,49.659,0,0,5131740,6828864,426896,3843724,56628.016,452705.715,0,55.897,0,4.991,6557,7015,1.890,2.210,1.800,5,0,84.844,0,0,27,192,0,5,0
01-08 13:02:27,22.087,19.605,55.837,0,0,5151432,6808988,426900,3843460,52075.674,146275.656,0,123.089,0,7.941,4652,3342,1.890,2.210,1.800,3,0,56.581,0,0,27,192,0,5,0
01-08 13:02:28,28.920,27.914,42.249,0,0,5195524,6764860,426916,3843480,61645.768,37530.859,0,454.676,0,24.142,5158,3438,1.890,2.210,1.800,3,0,124.734,0,0,27,192,0,5,0
01-08 13:02:29,27.916,28.163,41.009,0,0,5223432,6736944,426920,3843484,60095.768,32226.312,0,1948.678,0,13.834,5174,3374,1.890,2.210,1.800,3,0,127.474,0,0,27,192,0,5,0
01-08 13:02:30,30.573,27.566,39.093,0,0,5214196,6746152,426936,3843496,46124.189,24376.234,0,717.715,0,45.108,5824,4810,1.900,2.200,1.800,4,0,127.304,0,0,27,194,0,6,0
01-08 13:02:31,33.808,36.079,27.501,0.252,0,5257132,6700432,426956,3846220,64003.282,35271.440,0,783.137,0,107.984,8415,10568,1.900,2.200,1.800,4,0,153.398,0,0,27,198,0,6,0
01-08 13:02:32,7.754,24.764,65.286,0,0,5262892,6694640,426976,3846232,60609.686,32678.162,0,272.151,0,21.012,4936,3861,1.900,2.200,1.800,1,0,144.080,0,0,27,198,0,6,0
01-08 13:02:33,14.239,27.480,55.959,0.250,0,5266664,6690856,426984,3846232,61111.732,31948.334,0,14197.483,0,1078.201,6530,3541,1.900,2.200,1.800,4,0,138.897,0,0,27,200,0,6,0
01-08 13:02:34,13.990,25.482,57.710,0,0,5271084,6686416,427000,3846236,56394.150,461492.079,0,427.705,0,24.983,5264,3720,1.900,2.200,1.800,1,0,139.904,0,0,27,204,0,4,0
01-08 13:02:35,8.240,22.971,65.167,0,0,5272824,6684664,427000,3846248,64926.292,148892.330,0,19.975,0,3.995,4720,3411,1.910,2.200,1.810,1,0,117.850,0,0,27,204,0,4,0
01-08 13:02:36,10.424,22.586,63.787,0,0,5275320,6682112,427044,3846260,60080.199,33471.211,0,349.465,0,28.791,5040,4190,1.910,2.200,1.810,1,0,115.165,0,0,27,204,0,4,0
01-08 13:02:37,11.382,25.800,60.706,0,0,5278556,6678848,427052,3846280,62403.243,33116.406,0,149.743,0,11.130,4951,3846,1.910,2.200,1.810,2,0,123.437,0,0,27,204,0,4,0
01-08 13:02:38,19.925,30.137,47.571,0,0,5347536,6609832,427068,3846296,45560.916,23621.301,0,255.042,0,13.948,4937,3539,1.910,2.200,1.810,1,0,117.559,0,0,27,204,0,4,0
01-08 13:02:39,10.611,22.484,65.179,0,0,5348028,6609328,427068,3846808,61909.037,32545.091,0,177.853,0,11.116,4736,4117,1.910,2.200,1.810,1,0,97.011,0,0,27,204,0,4,0
01-08 13:02:40,21.620,21.869,53.181,0,0,5274960,6682396,427080,3846276,43831.137,21918.551,0,333.997,0,17.893,5164,5926,1.910,2.200,1.810,3,0,82.505,0,0,27,204,0,4,0
01-08 13:02:41,23.862,23.370,50.184,0,0,5267060,6690220,427096,3846304,44078.368,22187.276,0,232.224,0,19.680,4855,5769,1.910,2.200,1.810,4,0,81.672,0,0,27,210,0,4,0
01-08 13:02:42,26.274,28.059,45.150,0,0,5306748,6650500,427104,3846312,46896.987,25431.019,0,130.604,0,7.142,5669,3605,1.910,2.200,1.810,2,0,117.339,0,0,27,210,0,4,0
01-08 13:02:43,45.906,8.685,43.425,0,0,5381292,6575952,427104,3846316,65639.277,459138.463,0,0,0,0,3742,2365,1.910,2.200,1.810,3,0,2.978,0,0,27,210,0,4,0
01-08 13:02:44,44.003,10.193,43.506,0,0,5430068,6527176,427104,3846316,47354.628,144355.043,0,3.978,0,0.994,3511,2250,1.910,2.200,1.810,3,0,0.994,0,0,27,210,0,4,0
01-08 13:02:45,46.938,11.546,40.412,0,0,5466848,6489628,427140,3847032,30113.797,14650.769,0,393.579,0,29.117,4158,3984,1.920,2.190,1.810,3,0,0,0,0,27,210,0,4,0
01-08 13:02:46,44.811,10.765,42.809,0,0,5530824,6424864,427172,3847772,14876.364,7468.223,0,276.378,0,22.030,4333,3486,1.920,2.190,1.810,2,0,13.018,0,0,27,216,0,3,0
01-08 13:02:47,48.160,7.944,41.954,0,0,5545304,6410276,427228,3847816,44806.889,24576.613,0,1477.576,0,118.166,4751,3935,1.920,2.190,1.810,4,0,11.916,0,0,27,218,0,3,0
01-08 13:02:48,20.196,40.890,36.153,0,0,5454644,6500832,427244,3847900,46355.417,25578.257,0,171.539,0,9.973,5440,3896,1.920,2.190,1.810,4,0,186.499,0,0,27,216,0,3,0
01-08 13:02:49,37.569,51.277,8.377,3.554,0,5486512,6464808,427684,3851292,46257.853,25004.849,3119.260,0,165.508,0,5959,5830,1.920,2.190,1.810,4,0,136.061,0,0,27,216,0,3,0
01-08 13:02:50,43.712,38.279,14.077,0.247,0,5524980,6422668,427696,3854816,59851.557,33798.131,359.576,466.263,12.842,26.672,8107,12440,2.250,2.260,1.830,3,0,121.505,0,0,27,216,0,3,0
01-08 13:02:51,44.303,32.404,23.038,0,0,5533664,6413556,427720,3855152,46044.734,24090.702,16.202,356.449,1.013,23.291,6511,6268,2.250,2.260,1.830,3,0,130.631,0,0,27,217,0,4,0
01-08 13:02:52,46.392,29.431,21.699,0,0,5540464,6406492,427824,3855308,59967.929,31213.093,0,2809.438,0,155.636,6998,7319,2.250,2.260,1.830,4,0,114.732,0,0,27,222,0,4,0
01-08 13:02:53,50.272,29.661,18.601,0,0,5471864,6475000,427872,3855332,61938.252,552595.024,0,1540.337,0,39.212,6309,5075,2.250,2.260,1.830,8,0,129.702,0,0,27,220,0,4,0
01-08 13:02:54,40.677,29.764,27.283,0.248,0,5516956,6429644,428048,3855436,57062.882,56279.106,0,1777.882,0,251.999,7043,7563,2.250,2.260,1.830,2,0,107.149,0,0,27,222,0,4,0
01-08 13:02:55,34.894,35.143,26.669,0,0,5547540,6398984,428056,3855952,60825.618,30421.782,0,251.238,0,13.958,6193,6371,2.310,2.270,1.840,3,0,126.616,0,0,27,223,0,4,0
01-08 13:02:56,38.351,28.325,30.581,0,0,5560800,6385680,428072,3855932,44674.171,22932.661,0,260.690,0,20.053,6802,7321,2.310,2.270,1.840,2,0,86.228,0,0,27,224,0,4,0
01-08 13:02:57,43.973,20.751,32.609,0,0,5565960,6380436,428092,3855916,44490.164,22955.079,0,411.077,0,35.574,5787,4856,2.310,2.270,1.840,4,0,26.680,0,0,27,222,0,4,0
01-08 13:02:58,65.546,24.611,7.785,0.251,0,5573944,6372380,428124,3855944,60687.840,33292.224,8.036,409.849,1.005,21.095,5088,3379,2.310,2.270,1.840,3,0,111.503,0,0,27,223,0,4,0
01-08 13:02:59,66.497,15.869,16.372,0,0,5672928,6273344,428164,3855952,31274.827,16607.164,0,2200.452,0,186.394,4953,3197,2.310,2.270,1.840,3,0,1.008,0,0,27,223,0,4,0
01-08 13:03:00,58.977,14.618,20.919,3.024,0,5734264,6210904,428204,3857016,30041.812,15527.501,733.932,2560.697,7.057,32.261,4948,4186,2.360,2.280,1.840,3,0,4.033,0,0,27,229,0,6,0
01-08 13:03:01,63.301,14.420,18.575,0,0,5768216,6175400,428308,3858196,14522.622,7578.550,0,1532.916,0,77.232,5990,5636,2.360,2.280,1.840,5,0,1.955,0,0,27,227,0,6,0
01-08 13:03:02,62.402,15.474,20.293,0,0,5765096,6177976,428324,3858632,30257.327,15784.138,0,1538.233,0,185.684,5625,4605,2.360,2.280,1.840,4,0,39.572,0,0,27,226,0,12,0
01-08 13:03:03,36.544,30.787,29.786,0,0,5831296,6111760,428324,3861912,47736.430,24785.819,0,148.178,0,6.007,5617,11770,2.360,2.280,1.840,8,0,151.182,0,0,28,227,0,11,0
01-08 13:03:04,31.239,27.490,36.987,0,0,5798628,6144324,428364,3858656,68897.587,594205.450,0,11607.887,0,861.695,6792,7121,2.360,2.280,1.840,5,0,111.960,0,0,27,226,0,12,0
01-08 13:03:05,27.516,29.267,40.024,0,0,5796868,6146008,428364,3858716,45451.836,23673.978,0,20.012,0,5.003,5592,4415,2.330,2.280,1.850,4,0,112.066,0,0,27,228,0,12,0
01-08 13:03:06,30.967,26.222,40.208,0,0,5799132,6143704,428400,3858720,60713.215,31167.256,0,519.454,0,45.952,5728,4895,2.330,2.280,1.850,3,0,94.900,0,0,27,226,0,12,0
01-08 13:03:07,24.606,30.074,40.265,0,0,5747900,6194796,428404,3858856,45284.231,23186.433,0,342.000,0,18.890,5038,3605,2.330,2.280,1.850,3,0,121.291,0,0,27,226,0,11,0
01-08 13:03:08,43.261,31.440,23.643,0,0,5840304,6102364,428412,3859336,60979.867,31260.582,0,470.840,0,26.158,5475,5910,2.330,2.280,1.850,2,0,98.595,0,0,27,226,0,11,0
01-08 13:03:09,36.772,27.767,31.519,0,0,5827004,6115552,428416,3859372,44701.761,22695.587,0,48.029,0,6.004,6416,6782,2.330,2.280,1.850,2,0,86.052,0,0,27,226,0,12,0
01-08 13:03:10,41.484,25.089,30.554,0,0,5829664,6112876,428424,3858884,46586.432,25372.391,0,202.701,0,8.943,5939,4720,2.310,2.270,1.850,5,0,50.675,0,0,27,228,0,13,0
01-08 13:03:11,47.473,29.890,20.597,0,0,5812284,6130200,428452,3858912,53943.960,27480.866,0,454.130,0,37.174,5892,4371,2.310,2.270,1.850,7,0,113.532,0,0,27,226,0,13,0
01-08 13:03:12,51.585,29.512,15.624,0,0,5854136,6088324,428460,3858928,53334.661,31948.815,0,226.179,0,12.896,5429,3462,2.310,2.270,1.850,3,0,118.050,0,0,27,230,0,13,0
01-08 13:03:13,50.120,29.468,19.393,0,0,5906000,6036240,428488,3859120,59984.150,584248.298,0,265.965,0,15.112,6015,4562,2.310,2.270,1.850,4,0,106.789,0,0,27,230,0,13,0
01-08 13:03:14,49.845,28.691,17.263,0,0,5905144,6036272,428516,3859852,55190.527,28487.127,0,439.610,0,25.287,6635,6446,2.310,2.270,1.850,4,0,104.067,0,0,27,234,0,15,0
01-08 13:03:15,33.199,29.596,36.802,0,0,5823888,6117040,428552,3860296,62481.709,32513.754,0,671.193,0,60.737,5968,6293,2.360,2.280,1.850,4,0,113.238,0,0,27,234,0,15,0
01-08 13:03:16,33.324,35.328,30.317,0,0,5876260,6064652,428576,3860664,45346.216,23247.377,0,697.542,0,30.066,6081,6770,2.360,2.280,1.850,2,0,132.292,0,0,27,234,0,15,0
01-08 13:03:17,41.486,25.090,31.798,0,0,5906348,6034452,428592,3860828,44896.414,23035.472,0,294.129,0,21.861,5743,6660,2.360,2.280,1.850,3,0,86.450,0,0,27,235,0,15,0
01-08 13:03:18,42.265,25.055,32.395,0,0,5920344,6020400,428600,3860316,45970.937,24186.599,0,198.417,0,8.099,5793,4163,2.360,2.280,1.850,3,0,60.740,0,0,27,236,0,15,0
01-08 13:03:19,45.872,29.102,22.196,0,0,5950480,5990236,428600,3860348,60275.992,33055.563,0,0,0,0,6068,4574,2.360,2.280,1.850,6,0,119.366,0,0,27,234,0,15,0
01-08 13:03:20,47.460,32.060,19.943,0,0,5943624,5997084,428600,3860356,61228.960,34348.643,0,72.704,0,7.068,5488,3473,2.410,2.290,1.860,6,0,120.164,0,0,27,234,0,15,0
01-08 13:03:21,53.273,30.620,14.190,0.249,0,5982684,5956680,428656,3861596,46646.510,24815.405,0,1553.390,0,79.661,6646,8061,2.410,2.290,1.860,3,0,99.576,0,0,27,240,0,17,0
01-08 13:03:22,29.922,27.696,39.566,0,0,5991776,5947444,428660,3861736,71978.389,578774.774,0,197.830,0,17.805,5915,4627,2.410,2.290,1.860,6,0,118.698,0,0,27,240,0,19,0
01-08 13:03:23,28.666,28.412,41.096,0,0,5994920,5944280,428660,3861752,46684.540,24337.210,0,945.725,0,7.103,5669,4635,2.410,2.290,1.860,3,0,113.649,0,0,27,242,0,19,0
01-08 13:03:24,38.387,26.422,33.900,0,0,5916324,6022852,428672,3862240,59352.935,30765.256,0,638.118,0,33.900,5398,5524,2.410,2.290,1.860,4,0,94.721,0,0,27,240,0,19,0
01-08 13:03:25,41.333,31.564,26.553,0,0,5975428,5963776,428676,3862264,45534.723,23030.391,0,8749.625,0,844.702,6848,5310,2.460,2.310,1.870,2,0,88.178,0,0,27,242,0,19,0
01-08 13:03:26,41.483,26.330,29.311,0,0,6017872,5921256,428692,3861780,44789.467,22832.911,0,643.852,0,34.776,5962,4384,2.460,2.310,1.870,4,0,64.584,0,0,27,242,0,19,0
01-08 13:03:27,48.716,29.686,21.567,0,0,6057764,5881344,428700,3861792,61843.627,33790.461,0,77.133,0,7.104,5897,4409,2.460,2.310,1.870,3,0,111.640,0,0,27,244,0,19,0
01-08 13:03:28,61.836,15.088,21.024,0,0,6099568,5839512,428708,3861808,44438.780,22731.887,0,395.750,0,38.586,5202,3734,2.460,2.310,1.870,6,0,5.936,0,0,27,242,0,19,0
01-08 13:03:29,66.474,13.396,20.220,0,0,6173296,5765452,428716,3862124,30204.060,15363.377,0,238.599,0,15.165,4494,2514,2.460,2.310,1.870,4,0,3.033,0,0,27,242,0,20,0
01-08 13:03:30,59.567,16.246,20.676,0,0,6225596,5712320,428812,3862808,29076.814,15077.961,0,5923.274,0,373.158,6552,6818,2.590,2.330,1.880,5,0,1.969,0,0,27,245,1,25,0
01-08 13:03:31,45.785,10.451,41.058,0,0,6225500,5712068,428836,3863128,15502.370,7632.242,0,756.456,0,28.865,5577,5604,2.590,2.330,1.880,3,0,0,0,0,27,252,1,25,0
01-08 13:03:32,52.090,8.597,38.435,0,0,6225436,5712068,428880,3863148,16674.911,9053.568,0,440.996,0,47.539,4934,4463,2.590,2.330,1.880,2,0,2.023,0,0,27,251,1,25,0
01-08 13:03:33,42.301,10.948,45.286,0,0,6258136,5679340,428904,3863156,15349.611,7335.406,0,1066.968,0,129.390,4092,3364,2.590,2.330,1.880,2,0,6.967,0,0,27,254,1,26,0
01-08 13:03:34,38.569,18.533,41.073,0,0,6202868,5734588,428908,3863172,15471.606,8881.848,0,200.357,0,10.018,4691,3162,2.590,2.330,1.880,2,0,73.130,0,0,27,254,1,26,0
01-08 13:03:35,29.354,27.848,40.895,0,0,6191680,5745764,428908,3863184,75248.143,596897.146,0,196.696,0,10.035,5946,4375,2.460,2.310,1.870,3,0,119.422,0,0,27,254,1,26,0
01-08 13:03:36,31.656,26.920,37.389,0,0,6186612,5750792,428936,3863196,60522.873,34230.689,0,319.056,0,28.914,6103,5591,2.460,2.310,1.870,3,0,114.661,0,0,27,258,1,27,0
01-08 13:03:37,28.572,29.073,41.354,0,0,6106108,5831256,428948,3863216,45912.955,24832.716,0,529.337,0,46.116,5513,4443,2.460,2.310,1.870,3,0,119.301,0,0,27,256,1,27,0
01-08 13:03:38,31.865,30.122,36.346,0,0,6165848,5771508,428956,3863216,60158.340,31227.291,0,266.866,0,12.945,5240,3605,2.460,2.310,1.870,3,0,118.496,0,0,27,256,1,27,0
01-08 13:03:39,30.937,28.215,37.620,0,0,6166960,5770380,428984,3863204,44869.371,23575.650,0,958.311,0,45.540,5565,4298,2.460,2.310,1.870,3,0,107.909,0,0,27,256,1,27,0
01-08 13:03:40,33.213,27.929,37.238,0,0,6163216,5773768,429008,3863536,60815.173,32554.324,0,249.597,0,23.148,5650,4492,2.580,2.340,1.880,2,0,102.657,0,0,27,260,1,27,0
01-08 13:03:41,41.253,23.896,33.203,0,0,6158480,5778196,429040,3864292,45010.814,22632.687,0,418.565,0,35.216,5803,6455,2.580,2.340,1.880,3,0,93.573,0,0,27,258,1,27,0
01-08 13:03:42,22.594,29.546,46.430,0,0,6141524,5795092,429044,3864332,44369.888,22973.504,0,198.630,0,12.911,5532,5372,2.580,2.340,1.880,2,0,125.137,0,0,27,258,1,27,0
01-08 13:03:43,34.699,24.464,37.695,0,0,6171400,5765184,429080,3864272,57651.097,458341.949,0,515.250,0,25.962,6055,4557,2.580,2.340,1.880,4,0,54.920,0,0,28,258,1,27,0
01-08 13:03:44,48.943,28.508,21.949,0,0,6240440,5696112,429088,3864304,65886.991,158027.865,0,88.805,0,10.091,5528,3609,2.580,2.340,1.880,2,0,106.969,0,0,28,261,1,27,0
01-08 13:03:45,44.294,10.888,41.820,0,0,6299112,5637388,429100,3864344,44525.051,21956.176,0,506.788,0,25.735,4166,3419,2.530,2.330,1.890,4,0,1.980,0,0,28,261,1,27,0
01-08 13:03:46,51.057,10.312,37.727,0,0,6337504,5598380,429132,3864876,29999.345,14746.651,0,269.621,0,15.091,4375,3513,2.530,2.330,1.890,7,0,7.042,0,0,28,261,1,27,0
01-08 13:03:47,51.432,13.548,32.364,0,0,6347896,5586524,429184,3866172,16551.484,7333.914,0,907.206,0,83.294,6624,7945,2.530,2.330,1.890,2,0,37.131,0,0,28,262,1,28,0
01-08 13:03:48,8.747,23.741,65.474,0,0,6349736,5584668,429188,3866180,46388.571,25273.959,0,871.654,0,10.996,4768,3584,2.530,2.330,1.890,1,0,124.950,0,0,28,262,1,28,0
01-08 13:03:49,6.733,10.722,79.045,0.249,0,6347152,5587224,429204,3866192,62257.279,34357.751,0,877.720,0,41.891,3178,2990,2.530,2.330,1.890,0,0,54.858,0,0,28,263,1,28,0
01-08 13:03:50,4.253,3.753,90.819,0,0,6345728,5588644,429208,3866192,59073.643,26172.779,0,7942.002,0,739.559,3141,2450,2.330,2.300,1.870,2,0,2.002,0,0,28,264,1,28,1
01-08 13:03:51,4.506,3.254,87.608,0,0,6334068,5598336,429216,3868104,2526133.460,89668.872,0,708.876,0,123.152,5253,4124,2.330,2.300,1.870,2,0,0,0,0,28,263,1,28,0
01-08 13:03:52,3.740,4.738,83.779,0,0,6319400,5607676,429216,3873300,5196840.721,107566.653,0,43.884,0,3.989,8014,5518,2.330,2.300,1.870,1,0,0,0,0,28,263,1,27,0
01-08 13:03:53,5.526,7.787,77.370,0.251,0,6319948,5599156,429228,3881024,8347252.625,173014.903,0,168.807,0,20.096,11169,9619,2.330,2.300,1.870,1,0,2.010,0,0,28,263,1,27,0
01-08 13:03:54,11.234,21.470,62.163,1.997,0,6316480,5599132,429228,3884472,1249281.308,487761.518,2296.772,3.994,26.962,0.999,6000,5044,2.330,2.300,1.870,1,0,106.850,0,0,28,262,1,27,0
01-08 13:03:55,9.998,26.744,61.236,0,0,6319476,5596112,429232,3884480,55937.826,155169.455,0,95.977,0,5.999,5068,3740,2.300,2.290,1.880,1,0,136.968,0,0,28,262,1,27,0
01-08 13:03:56,19.781,11.017,67.606,0,0,6355508,5560076,429240,3884476,53100.255,28047.976,0,260.408,0,21.033,3287,3119,2.300,2.290,1.880,2,0,24.038,0,0,28,262,1,27,0
01-08 13:03:57,27.997,5.500,64.994,0.250,0,6385708,5529864,429244,3884484,30097.271,14722.665,0,103.991,0,12.999,2786,2406,2.300,2.290,1.880,2,0,2.000,0,0,28,266,1,27,0
01-08 13:03:58,23.499,6.000,68.747,0,0,6405216,5510220,429244,3884616,29890.795,14789.404,0,23.999,0,3.000,3199,3201,2.300,2.290,1.880,2,0,0,0,0,28,276,1,27,0
01-08 13:03:59,24.728,5.551,68.380,0,0,6407192,5508204,429248,3884652,15295.841,7579.793,0,185.710,0,20.186,4421,4986,2.300,2.290,1.880,2,0,2.019,0,0,28,292,1,29,0
01-08 13:04:00,26.394,5.673,63.888,0,0,6415032,5500324,429276,3884660,15757.298,7690.193,0,584.115,0,54.267,5045,5955,2.200,2.270,1.870,1,0,0.987,0,0,28,295,1,31,0
01-08 13:04:01,26.573,4.512,66.684,0,0,6415696,5499568,429296,3884728,17193.357,8383.090,0,1034.850,0,29.080,5058,5908,2.200,2.270,1.870,1,0,1.003,0,0,28,296,1,31,0
01-08 13:04:02,24.456,8.235,63.635,0.499,0,6414212,5498484,429328,3887256,760.626,0,0,467.156,0,42.922,5185,6208,2.200,2.270,1.870,2,0,1.996,0,0,28,299,1,37,0
01-08 13:04:03,25.310,10.274,59.140,3.508,0,6404604,5493892,429352,3900952,15584.852,7313.293,0,17048.312,0,161.382,6050,7642,2.200,2.270,1.870,1,0,21.050,0,0,28,296,1,42,0
01-08 13:04:04,26.539,27.040,44.065,0,0,6359764,5538664,429376,3900976,31227.381,35705.031,0,592.881,0,53.079,5722,12315,2.200,2.270,1.870,1,0,162.241,0,0,28,298,1,35,0
01-08 13:04:05,11.705,28.141,57.777,0,0,6363740,5534596,429400,3901024,47280.326,24898.800,0,1725.334,0,94.634,5376,4474,2.100,2.250,1.870,1,0,164.365,0,0,28,300,1,35,0
01-08 13:04:06,9.233,22.709,64.633,0,0,6363924,5534384,429408,3901044,60712.182,36180.556,0,167.697,0,20.962,5553,4844,2.100,2.250,1.870,1,0,183.668,0,0,28,300,1,35,0
01-08 13:04:07,23.048,12.276,63.634,0,0,6417636,5480668,429408,3901048,45464.566,24305.089,0,48.101,0,4.008,3254,2991,2.100,2.250,1.870,2,0,34.072,0,0,28,300,1,35,0
01-08 13:04:08,28.593,7.023,63.455,0,0,6467152,5431152,429412,3901044,30123.542,14771.832,0,329.066,0,16.052,2874,2404,2.100,2.250,1.870,1,0,2.006,0,0,28,300,1,35,0
01-08 13:04:09,27.471,16.483,52.445,0,0,6466856,5430404,429416,3902084,59039.134,587158.728,0,95.900,0,7.992,4609,3476,2.100,2.250,1.870,4,0,61.935,0,0,28,300,1,35,0
01-08 13:04:10,10.734,24.964,60.912,0,0,6447736,5449628,429416,3901964,60640.180,33852.974,0,47.931,0,2.996,4888,4010,2.020,2.230,1.860,2,0,119.826,0,0,28,300,1,35,0
01-08 13:04:11,9.266,24.042,64.113,0,0,6433460,5463808,429484,3901992,46827.454,25498.898,0,2584.551,0,130.229,5294,4402,2.020,2.230,1.860,1,0,128.226,0,0,28,300,1,35,0
01-08 13:04:12,7.720,22.163,66.239,0,0,6424476,5472760,429500,3902004,60338.651,34030.139,0,155.389,0,14.941,4564,3706,2.020,2.230,1.860,2,0,118.534,0,0,28,300,1,33,0
01-08 13:04:13,8.469,24.412,62.774,0,0,6391544,5505652,429524,3902020,62261.460,38094.616,0,326.821,0,27.899,4933,3856,2.020,2.230,1.860,1,0,136.508,0,0,28,300,1,33,0
01-08 13:04:14,6.295,19.137,72.266,0,0,6375408,5521788,429524,3902020,46060.847,24847.395,0,4.029,0,1.007,4174,3407,2.020,2.230,1.860,1,0,112.805,0,0,28,300,1,33,0
01-08 13:04:15,6.465,4.725,86.286,0,0,6373900,5523272,429540,3902028,59773.273,30569.461,0,421.730,0,35.807,2519,3211,1.850,2.190,1.850,4,0,8.952,0,0,28,300,1,33,0
01-08 13:04:16,25.259,8.753,64.273,0,0,6403860,5493284,429556,3902040,46037.690,23249.428,0,144.052,0,18.007,3284,3251,1.850,2.190,1.850,2,0,1.000,0,0,28,300,1,33,0
01-08 13:04:17,24.881,6.283,66.851,0,0,6440148,5456996,429576,3902020,30196.684,14801.784,0,112.592,0,14.074,2965,2731,1.850,2.190,1.850,2,0,2.011,0,0,28,301,1,31,0
01-08 13:04:18,23.770,4.754,68.307,0,0,6440424,5456548,429576,3902188,15048.572,7368.156,0,0,0,0,3191,3223,1.850,2.190,1.850,2,0,1.001,0,0,28,304,1,31,0
01-08 13:04:19,15.126,15.882,66.553,0,0,6399240,5497728,429576,3902192,27172.637,572858.914,0,0,0,0,4214,3302,1.850,2.190,1.850,1,0,87.728,0,0,28,304,1,31,0
01-08 13:04:20,5.205,10.411,67.421,12.394,0,6387580,5499512,429676,3911636,45294.220,25112.449,6115.508,436.255,115.013,14.872,3214,3067,1.870,2.190,1.850,0,1,26.770,0,0,28,304,1,31,0
01-08 13:04:21,2.999,3.749,68.975,20.743,0,6383696,5483580,429696,3931308,44881.863,22012.086,18673.286,599.784,178.936,44.984,2758,3355,1.870,2.190,1.850,0,1,0,0,0,28,304,1,31,0
01-08 13:04:22,2.251,4.253,69.295,22.264,0,6378960,5473192,429708,3946300,15267.855,7300.713,13864.950,3710.395,132.085,605.391,2666,2568,1.870,2.190,1.850,0,1,0,0,0,28,304,1,31,0
01-08 13:04:23,2.748,3.498,70.455,21.736,0,6375044,5456960,429716,3966316,29723.976,14744.563,18803.965,51.967,170.891,3.997,2285,2597,1.870,2.190,1.850,0,1,1.999,0,0,28,304,1,31,0
01-08 13:04:24,2.752,4.253,69.041,21.763,0,6371460,5443472,429724,3983252,15399.102,7448.403,15637.243,15965.437,153.090,25.015,2296,2517,1.870,2.190,1.850,0,1,0,0,0,28,304,1,31,0
01-08 13:04:25,2.749,3.498,69.713,22.238,0,6363876,5432552,429732,4001636,15428.800,7292.125,17482.709,75.960,186.901,5.997,2297,2679,1.800,2.170,1.850,0,1,0,0,0,28,304,1,27,0
01-08 13:04:26,3.243,3.243,68.862,21.457,0,6361748,5422232,429744,4013996,299.399,0,11496.912,331.335,104.790,25.948,2339,2987,1.800,2.170,1.850,0,1,2.994,0,0,28,304,1,27,0
01-08 13:04:27,5.045,4.541,67.356,21.443,0,6344996,5421912,429744,4030988,16695.119,8890.945,16262.226,92.835,163.470,10.091,2528,2928,1.800,2.170,1.850,0,1,0,0,0,28,304,1,27,0
01-08 13:04:28,3.225,3.969,69.211,21.086,0,6342016,5406792,429748,4049068,15437.694,7239.582,17074.935,119.072,152.809,14.884,2236,2670,1.800,2.170,1.850,3,0,0,0,0,28,304,1,27,0
01-08 13:04:29,5.256,8.509,67.571,14.265,0,6340940,5395212,429748,4061564,659.695,148.156,10467.022,20.021,110.116,2.002,2890,2815,1.800,2.170,1.850,0,1,18.019,0,0,28,304,1,27,0
01-08 13:04:30,4.236,4.485,66.032,21.429,0,6340620,5381604,429768,4075380,30669.535,26205.304,12973.081,765.468,127.578,63.789,2836,3667,1.730,2.150,1.840,1,0,0,0,0,28,304,1,28,0
01-08 13:04:31,3.005,3.756,68.362,21.786,0,6340240,5369256,429768,4088060,47775.509,22865.575,12147.963,16.026,120.198,3.005,2532,2897,1.730,2.150,1.840,0,1,0,0,0,28,304,1,28,0
01-08 13:04:32,3.495,4.244,67.908,20.722,0,6340448,5349348,429776,4107644,15683.801,7352.063,18994.327,427.422,183.752,23.968,2669,3059,1.730,2.150,1.840,0,1,1.997,0,0,28,304,1,28,0
01-08 13:04:33,6.008,12.266,68.842,12.016,0,6342376,5337780,429776,4117236,45903.344,27889.271,9100.161,204.273,88.118,7.009,3205,2960,1.730,2.150,1.840,1,1,26.035,0,0,28,304,1,20,0
01-08 13:04:34,4.500,3.750,68.492,21.748,0,6342368,5321412,429784,4133500,45570.974,23663.390,15930.243,419.954,133.985,79.991,2560,2706,1.730,2.150,1.840,0,1,0,0,0,28,304,1,21,0
01-08 13:04:35,3.006,4.008,69.134,22.043,0,6342720,5304528,429788,4149960,15244.637,7352.294,16211.517,12.023,149.290,3.006,2446,2666,1.670,2.130,1.840,0,1,2.004,0,0,28,304,1,21,0
01-08 13:04:36,5.729,11.458,68.002,11.956,0,6344644,5291424,429804,4161088,30461.877,19164.091,11187.190,334.779,110.597,23.913,3488,3617,1.670,2.130,1.840,0,1,28.895,0,0,28,304,1,21,0
01-08 13:04:37,4.264,4.765,68.972,21.319,0,6343560,5276304,429808,4177188,57679.654,587133.815,15542.025,76.245,184.594,9.029,3037,3015,1.670,2.130,1.840,0,1,1.003,0,0,28,304,1,20,0
01-08 13:04:38,5.760,3.756,67.365,21.787,0,6343176,5263968,429808,4189844,31155.312,16208.736,12008.549,4.007,141.242,1.002,2617,2811,1.670,2.130,1.840,1,0,2.003,0,0,28,304,1,20,0
01-08 13:04:39,8.542,11.556,63.308,14.571,0,6377252,5217600,429808,4202072,18896.895,9514.267,11998.347,112.547,129.630,5.024,3188,2867,1.670,2.130,1.840,0,1,16.078,0,0,28,304,1,20,0
01-08 13:04:40,3.481,3.730,68.383,22.629,0,6361704,5224932,429808,4210256,45109.073,25970.715,8020.982,163.125,93.499,11.936,2314,2655,1.620,2.110,1.830,0,1,0,0,0,28,304,1,20,0
01-08 13:04:41,3.237,3.984,69.476,22.163,0,6360908,5211828,429808,4224108,29833.233,14695.987,13701.911,35.858,152.398,3.984,2511,2715,1.620,2.110,1.830,2,1,1.992,0,0,28,304,1,20,0
01-08 13:04:42,5.271,10.794,69.532,12.049,0,6360632,5202016,429808,4234148,45863.918,27256.489,9787.676,0,109.444,0,3098,2980,1.620,2.110,1.830,0,1,26.106,0,0,28,304,1,20,0
01-08 13:04:43,2.997,3.996,69.173,21.226,0,6359640,5189668,429808,4247420,44277.890,21929.677,12745.863,1981.802,169.812,400.556,2744,2792,1.620,2.110,1.830,0,1,0,0,0,28,304,1,20,0
01-08 13:04:44,2.997,5.494,70.423,19.728,0,6343736,5187148,429808,4265764,29619.427,14951.557,17604.640,55.938,206.773,3.996,2801,2828,1.620,2.110,1.830,3,0,2.997,0,0,28,304,1,20,0
01-08 13:04:45,5.511,9.018,67.886,15.782,0,6342112,5175556,429824,4278896,30879.945,19342.802,12529.133,328.659,169.340,21.042,3458,3537,1.570,2.090,1.830,0,1,16.032,0,0,28,304,1,20,0
01-08 13:04:46,3.245,3.993,68.884,21.464,0,6342744,5156920,429840,4296820,44313.085,21982.836,17354.660,119.797,217.632,14.975,3125,3477,1.570,2.090,1.830,0,1,0.998,0,0,28,304,1,20,0
01-08 13:04:47,6.981,8.727,67.819,14.960,0,6346452,5143568,429852,4306420,15174.495,7342.401,9219.391,155.585,106.715,15.957,3209,3444,1.570,2.090,1.830,0,1,17.952,0,0,28,304,1,20,0
01-08 13:04:48,7.225,6.229,62.535,21.426,0,6348300,5129736,429864,4318376,45109.121,26714.279,11384.911,123.576,135.535,11.959,3178,3485,1.570,2.090,1.830,1,1,3.986,0,0,28,305,1,21,0
01-08 13:04:49,12.558,8.037,60.532,17.331,0,6346720,5116168,429880,4333408,31834.239,16744.975,14632.136,241.123,174.814,20.094,3843,4080,1.570,2.090,1.830,2,0,7.033,0,0,28,304,1,21,0
01-08 13:04:50,5.757,8.009,67.579,16.519,0,6346252,5100068,429880,4349928,71593.169,474333.027,15530.041,4.005,190.221,1.001,3490,3224,1.520,2.070,1.820,0,1,14.016,0,0,28,304,1,21,0
01-08 13:04:51,2.990,3.239,69.265,21.926,0,6346084,5089484,429888,4360624,32774.041,141064.415,10165.584,346.826,126.571,15.946,2507,2751,1.520,2.070,1.820,2,1,0,0,0,28,304,1,21,0
01-08 13:04:52,5.778,13.064,68.586,10.300,0,6349972,5080664,429888,4365540,30400.977,19849.269,4755.303,60.295,59.291,4.020,3246,2906,1.520,2.070,1.820,1,0,37.182,0,0,28,304,1,21,0
01-08 13:04:53,6.251,12.002,68.010,11.752,0,6345360,5076448,429888,4374320,45449.403,23613.327,8321.172,4.001,111.016,1.000,3352,3014,1.520,2.070,1.820,0,1,31.004,0,0,28,304,1,21,0
01-08 13:04:54,2.748,3.997,69.939,21.731,0,6345280,5060068,429888,4390716,44758.880,22082.699,15622.346,3.997,189.834,0.999,2496,2837,1.520,2.070,1.820,0,1,0,0,0,28,304,1,21,0
01-08 13:04:55,4.253,11.008,66.045,17.262,0,6346544,5047720,429888,4401764,15825.899,7463.140,10651.335,4.003,124.085,1.001,2947,2823,1.480,2.050,1.820,2,0,22.015,0,0,28,304,1,21,0
01-08 13:04:56,7.001,13.002,67.258,9.751,0,6351276,5039152,429908,4405560,60367.102,36194.258,3544.417,360.042,44.005,26.003,3625,3568,1.480,2.050,1.820,1,0,43.005,0,0,28,304,1,21,0
01-08 13:04:57,3.240,4.486,70.025,20.933,0,6350000,5023780,429912,4422124,44673.555,22111.002,15562.031,111.642,218.299,11.962,2795,2915,1.480,2.050,1.820,0,1,0,0,0,28,304,1,21,0
01-08 13:04:58,3.508,6.264,70.406,18.040,0,6352048,5007916,429912,4435876,15309.973,7474.586,13237.374,48.107,164.365,6.013,2715,2776,1.480,2.050,1.820,1,0,10.022,0,0,28,304,1,21,0
01-08 13:04:59,7.247,9.996,64.977,14.995,0,6347136,5002120,429940,4446540,60223.578,33953.922,10204.370,2399.147,156.944,423.849,4349,3621,1.480,2.050,1.820,1,0,18.993,0,0,28,304,1,21,0
01-08 13:05:00,6.743,4.246,66.184,20.729,0,6347132,4995064,429952,4453556,30950.911,15929.000,6681.289,123.876,111.888,13.986,2827,3266,1.520,2.050,1.820,0,1,0,0,0,28,304,1,22,0
01-08 13:05:01,2.994,3.493,68.866,22.207,0,6346964,4987756,429960,4460992,29832.851,14857.041,6998.359,115.774,88.827,5.988,2314,2746,1.520,2.050,1.820,0,1,0,0,0,28,304,1,22,0
01-08 13:05:02,5.770,9.534,67.489,15.304,0,6350144,4974400,429976,4471080,30742.003,18563.822,10003.470,373.324,106.377,28.100,3402,3446,1.520,2.050,1.820,1,1,21.075,0,0,28,304,1,18,0
01-08 13:05:03,12.266,9.763,57.574,18.274,0,6350796,4959084,429976,4485696,44900.774,580104.422,14462.609,92.119,143.184,1.001,3953,3371,1.520,2.050,1.820,2,0,8.010,0,0,28,302,1,18,2
01-08 13:05:04,13.217,11.970,57.358,15.462,0,6379648,4917504,429980,4500796,44631.340,25991.556,12461.104,99.753,130.676,4.988,3828,6678,1.520,2.050,1.820,4,1,42.894,0,0,28,302,1,19,2
01-08 13:05:05,10.776,15.537,57.386,14.785,0,6359916,4930104,429980,4505424,29841.963,14937.521,6824.228,208.496,67.160,46.110,3803,8643,1.480,2.030,1.810,1,0,20.048,0,0,28,302,1,20,2
01-08 13:05:06,4.736,6.730,68.295,18.694,0,6353476,4922544,430004,4519352,45484.211,25786.450,13778.562,366.897,132.601,27.916,3193,3451,1.480,2.030,1.810,1,0,5.982,0,0,28,302,1,7,2
01-08 13:05:07,5.254,7.506,69.309,16.264,0,6352940,4911460,430004,4530940,60320.483,35656.432,11333.673,0,121.103,0,3173,3097,1.480,2.030,1.810,0,1,11.009,0,0,28,302,1,7,2
01-08 13:05:08,3.994,9.486,68.899,15.228,0,6352356,4904152,430004,4538780,31411.730,19533.227,7576.839,51.924,79.882,3.994,2770,2852,1.480,2.030,1.810,2,1,17.974,0,0,28,302,1,7,2
01-08 13:05:09,4.262,6.518,67.938,20.557,0,6381600,4860568,430004,4553072,44570.195,22014.850,11551.930,12.033,129.358,3.008,2624,2844,1.480,2.030,1.810,1,1,2.006,0,0,28,302,1,7,2
01-08 13:05:10,9.695,10.192,60.406,16.407,0,6377772,4852516,430016,4564872,29603.401,14722.153,10917.820,314.210,121.309,18.892,3449,3467,1.440,2.020,1.810,3,0,13.921,0,0,28,302,1,7,2
01-08 13:05:11,11.808,9.045,58.539,17.838,0,6397320,4819424,430016,4578368,46607.319,28302.864,13571.064,16.079,175.869,3.015,3421,3316,1.440,2.020,1.810,0,1,6.030,0,0,28,302,1,7,2
01-08 13:05:12,3.004,3.504,69.838,22.028,0,6385376,4819424,430024,4590240,30101.757,14772.529,11081.900,116.146,147.185,6.008,2328,2669,1.440,2.020,1.810,1,1,0,0,0,28,302,1,7,2
01-08 13:05:13,4.997,9.744,68.460,14.741,0,6385704,4807328,430028,4601956,45532.575,27096.274,11401.383,43.974,146.915,2.998,3095,2963,1.440,2.020,1.810,0,1,15.991,0,0,28,302,1,7,2
01-08 13:05:14,3.994,3.994,68.650,21.219,0,6377612,4806600,430028,4610744,41459.477,454015.226,8435.686,1893.236,104.847,368.462,3093,2937,1.440,2.020,1.810,0,1,1.997,0,0,28,302,1,7,2
01-08 13:05:15,6.017,9.777,66.937,14.290,0,6367444,4806600,430064,4620812,34147.497,142789.324,9675.057,2029.676,138.387,116.325,3632,3738,1.410,2,1.810,0,1,17.048,0,0,28,302,1,7,2
01-08 13:05:16,3.737,3.986,68.505,21.922,0,6363404,4800300,430084,4631084,44510.900,22599.221,9633.566,219.216,144.484,27.900,2710,3185,1.410,2,1.810,0,1,0.996,0,0,28,302,1,7,2
01-08 13:05:17,4.014,7.776,69.235,16.807,0,6361216,4787460,430092,4646040,30071.165,15151.476,14284.531,104.355,199.678,13.044,3268,3314,1.410,2,1.810,2,0,12.041,0,0,28,302,1,7,2
01-08 13:05:18,3.997,7.244,68.695,18.235,0,6360840,4773600,430092,4660228,45485.282,27341.928,13553.059,0,145.882,0,2942,2906,1.410,2,1.810,0,1,5.995,0,0,28,302,1,7,2
01-08 13:05:19,5.731,8.472,68.772,14.701,0,6359780,4763520,430116,4671292,44594.074,24596.410,10572.928,366.783,106.646,16.944,3066,2967,1.410,2,1.810,0,1,15.947,0,0,28,302,1,7,2
01-08 13:05:20,3.012,4.518,69.280,22.089,0,6359560,4749156,430120,4685808,46317.094,23095.291,14265.625,40.162,140.568,4.016,2616,2817,1.370,1.980,1.800,0,1,2.008,0,0,28,302,1,7,2
01-08 13:05:21,5.732,9.719,68.286,14.455,0,6353832,4742380,430132,4698268,31298.762,20096.921,11826.879,111.650,123.612,8.972,3200,3209,1.370,1.980,1.800,1,1,15.950,0,0,28,302,1,7,2
01-08 13:05:22,8.006,15.011,63.297,11.008,0,6353868,4731796,430176,4708692,46640.831,28222.076,10331.716,312.233,102.076,21.016,4177,3939,1.370,1.980,1.800,2,0,59.044,0,0,28,302,1,7,2
01-08 13:05:23,21.531,7.511,68.851,0,0,6389148,4696516,430184,4708684,46071.277,23760.697,0,84.123,0,5.007,2841,2622,1.370,1.980,1.800,1,0,12.018,0,0,28,302,1,7,2
01-08 13:05:24,22.727,6.493,69.679,0,0,6420640,4665016,430184,4708692,44957.200,23204.361,0,0,0,0,2651,2414,1.370,1.980,1.800,1,0,0.999,0,0,28,302,1,7,2
01-08 13:05:25,23.933,5.983,68.558,0,0,6456676,4628980,430192,4708684,33712.411,15476.576,0,71.799,0,5.983,2666,2493,1.340,1.970,1.800,3,0,0,0,0,28,302,1,7,2
01-08 13:05:26,25.804,5.261,68.142,0,0,6485116,4600504,430212,4708696,35688.424,451190.911,0,96.201,0,13.027,3127,3114,1.340,1.970,1.800,1,0,5.010,0,0,28,302,1,7,2
01-08 13:05:27,26.554,3.006,68.890,0,0,6496696,4588912,430248,4708672,48353.580,149613.022,0,308.629,0,32.065,3154,3260,1.340,1.970,1.800,2,0,3.006,0,0,28,306,1,7,2
01-08 13:05:28,23.325,5.955,68.981,0,0,6440208,4645360,430252,4708708,46660.058,24338.940,0,134.985,0,6.948,2677,2437,1.340,1.970,1.800,5,0,4.963,0,0,28,302,1,7,2
01-08 13:05:29,24.181,6.549,68.512,0,0,6440156,4645360,430276,4708736,45822.162,23076.315,0,1785.331,0,304.272,3328,2566,1.340,1.970,1.800,3,0,2.015,0,0,28,302,1,7,2
01-08 13:05:30,22.751,8.500,67.504,0,0,6460820,4624696,430284,4708728,32728.734,15716.833,0,392.021,0,32.002,2949,3012,1.320,1.950,1.790,3,0,1.000,0,0,28,302,1,7,2
01-08 13:05:31,23.882,5.970,68.661,0,0,6478060,4607308,430284,4708876,29446.471,15165.052,0,39.803,0,2.985,3116,3190,1.320,1.950,1.790,3,0,1.990,0,0,28,305,1,7,2
01-08 13:05:32,27.149,3.519,68.124,0,0,6491140,4594204,430296,4708888,16300.445,7499.150,0,297.633,0,34.188,3169,3118,1.320,1.950,1.790,1,0,3.017,0,0,28,308,1,7,2
01-08 13:05:33,22.961,11.231,64.389,0,0,6383520,4701808,430296,4708904,46454.265,25619.027,0,75.870,0,0.998,3176,2861,1.320,1.950,1.790,2,0,14.974,0,0,28,302,1,7,2
01-08 13:05:34,31.637,6.975,59.787,0,0,6427844,4657456,430312,4708912,29871.533,14737.473,0,203.275,0,16.940,3520,3184,1.320,1.950,1.790,2,0,0,0,0,28,302,1,7,2
01-08 13:05:35,27.272,5.504,66.553,0,0,6443684,4641580,430340,4708920,29495.397,14817.754,0,372.295,0,37.029,3020,2980,1.290,1.930,1.790,3,0,2.002,0,0,28,302,1,7,2
01-08 13:05:36,21.585,9.035,67.515,0,0,6420268,4664824,430352,4709076,15317.149,7457.284,0,393.545,0,21.083,3470,3001,1.290,1.930,1.790,2,0,47.185,0,0,28,302,1,7,2
01-08 13:05:37,7.259,24.280,65.580,0,0,6407836,4677112,430352,4709212,61038.768,33290.779,512.628,272.334,4.005,8.010,4671,3704,1.290,1.930,1.790,1,0,124.152,0,0,28,302,1,7,2
01-08 13:05:38,7.483,22.697,66.596,0,0,6403672,4681272,430352,4709212,60939.900,33362.752,0,482.882,0,17.958,4803,3749,1.290,1.930,1.790,2,0,130.697,0,0,28,302,1,7,2
01-08 13:05:39,10.004,25.511,62.777,0,0,6396260,4688608,430360,4709280,75788.942,644398.095,0,60.026,0,4.002,5535,4104,1.290,1.930,1.790,1,0,154.067,0,0,28,302,1,7,2
01-08 13:05:40,18.981,18.232,60.939,0,0,6431364,4653504,430360,4709280,46353.798,25029.053,0,3.996,0,0.999,4210,3310,1.350,1.940,1.790,3,0,88.911,0,0,28,302,1,7,2
01-08 13:05:41,16.415,14.923,66.159,0,0,6431736,4653120,430360,4709288,60294.869,33039.511,0,127.343,0,4.974,3846,3213,1.350,1.940,1.790,1,0,77.600,0,0,28,302,1,7,2
01-08 13:05:42,23.981,5.246,69.195,0.250,0,6432604,4652244,430360,4709296,44172.129,23069.788,0,43.965,0,2.998,2827,2481,1.350,1.940,1.790,1,0,16.987,0,0,28,302,1,7,2
01-08 13:05:43,21.144,8.055,69.978,0,0,6460228,4624576,430372,4709324,30485.242,16338.608,0,169.155,0,9.062,2877,2747,1.350,1.940,1.790,2,0,18.124,0,0,28,303,0,7,2
01-08 13:05:44,21.903,5.287,72.508,0,0,6469776,4608724,430396,4714432,52657.571,26641.474,0,1095.669,0,25.176,2975,2801,1.350,1.940,1.790,1,0,3.021,0,0,28,302,1,7,2
01-08 13:05:45,22.913,7.145,67.015,0,0,6461312,4615876,430424,4715564,29447.333,15269.644,0,2637.251,0,443.484,3914,3273,1.320,1.920,1.790,2,0,1.971,0,0,28,302,1,7,2
01-08 13:05:46,24.696,10.584,61.992,0,0,6453936,4622804,430448,4715920,60581.754,31338.692,0,1338.623,0,104.832,6978,11978,1.320,1.920,1.790,1,0,7.056,0,0,28,302,1,7,2
01-08 13:05:47,19.458,9.603,70.505,0,0,6466684,4609028,430488,4716756,29998.387,15547.569,0,566.065,0,21.227,3052,2936,1.320,1.920,1.790,1,0,9.097,0,0,28,303,1,7,2
01-08 13:05:48,22.038,5.328,67.325,0,0,6458060,4617580,430500,4716812,61019.959,455122.817,0,162.743,0,5.812,3590,3516,1.320,1.920,1.790,2,0,4.844,0,0,28,305,1,7,2
01-08 13:05:49,29.762,10.429,57.235,0,0,6458100,4617328,430524,4716996,63978.749,146543.265,0,415.142,0,20.350,6901,11802,1.320,1.920,1.790,3,0,8.140,0,0,28,303,1,8,2
01-08 13:05:50,17.978,11.985,68.666,0,0,6457964,4617328,430528,4717088,29941.270,14919.697,0,159.804,0,4.994,3050,2692,1.290,1.900,1.780,2,0,15.980,0,0,28,303,1,8,2
01-08 13:05:51,23.479,5.745,68.938,0,0,6441952,4633008,430572,4717376,30221.925,16119.559,0,615.449,0,22.979,2699,2464,1.290,1.900,1.780,1,0,0.999,0,0,28,303,1,6,2
01-08 13:05:52,13.342,16.363,68.977,0.252,0,6363804,4717960,430708,4711180,61280.375,32768.391,0,765.287,0,20.139,3887,3300,1.290,1.900,1.780,2,0,78.543,0,0,28,302,1,6,2
01-08 13:05:53,7.492,22.476,66.927,0,0,6369568,4712420,430708,4711052,45508.607,25823.972,0,3.996,0,0.999,4899,3830,1.290,1.900,1.780,1,0,151.835,0,0,28,302,1,6,2
01-08 13:05:54,20.250,12.000,66.498,0,0,6400620,4681356,430716,4711056,60281.607,31197.279,0,99.998,0,9.000,3244,2943,1.290,1.900,1.780,3,0,39.999,0,0,28,302,1,6,2
01-08 13:05:55,28.976,7.993,61.449,0,0,6421528,4660440,430716,4711064,31347.818,16219.453,0,0,0,0,3041,2579,1.270,1.890,1.780,2,0,5.995,0,0,28,302,1,6,2
01-08 13:05:56,25.296,5.818,68.804,0,0,6443468,4638276,430728,4711276,30514.505,14831.276,0,149.750,0,13.154,3027,2904,1.270,1.890,1.780,4,0,3.035,0,0,28,302,1,6,2
01-08 13:05:57,18.047,11.619,67.738,0,0,6414440,4667264,430736,4711308,30069.640,16083.025,0,75.154,0,5.933,3654,3202,1.270,1.890,1.780,1,0,58.343,0,0,28,302,1,9,2
01-08 13:05:58,17.018,14.015,67.571,0,0,6415696,4666004,430740,4711308,59942.146,31244.915,0,44.046,0,3.003,3561,3126,1.270,1.890,1.780,2,0,57.060,0,0,28,302,1,9,2
01-08 13:05:59,24.197,4.989,69.347,0,0,6440136,4641560,430756,4711296,29467.077,14691.631,0,211.534,0,12.971,2656,2400,1.270,1.890,1.780,1,0,1.996,0,0,28,302,1,9,2
01-08 13:06:00,28.536,6.008,64.081,0,0,6448824,4632808,430796,4711320,26318.157,594857.429,0,1782.245,0,299.377,4477,3926,1.570,1.940,1.790,2,0,1.001,0,0,28,302,1,10,2
01-08 13:06:01,16.234,14.985,66.683,0,0,6431708,4649924,430804,4711312,29790.223,15444.562,0,87.912,0,3.996,3913,3292,1.570,1.940,1.790,1,0,69.930,0,0,28,302,1,10,2
01-08 13:06:02,23.683,7.229,67.558,0,0,6467144,4614456,430828,4711320,44081.838,22119.197,0,263.253,0,22.935,3050,2984,1.570,1.940,1.790,3,0,1.994,0,0,28,302,1,10,2
01-08 13:06:03,24.812,5.765,68.673,0,0,6489980,4591600,430844,4711324,29934.315,14931.568,0,104.262,0,12.030,3004,2912,1.570,1.940,1.790,2,0,0,0,0,28,302,1,9,2
01-08 13:06:04,23.276,8.009,67.576,0,0,6457068,4624488,430844,4711348,15051.945,7436.372,0,148.167,0,4.005,3358,2973,1.570,1.940,1.790,1,0,34.038,0,0,28,302,1,11,2
01-08 13:06:05,35.727,19.987,42.972,0,0,6472712,4608796,430860,4711288,45643.746,25179.862,0,191.877,0,11.992,4811,12238,1.600,1.940,1.800,1,0,59.962,0,0,28,302,1,12,2
01-08 13:06:06,27.451,5.989,64.636,0,0,6506056,4575296,430884,4711512,30866.422,15982.739,0,475.160,0,29.947,3210,3201,1.600,1.940,1.800,1,0,0.998,0,0,28,302,1,12,2
01-08 13:06:07,25.280,5.256,68.832,0,0,6500060,4581264,430884,4711540,29507.343,14771.693,0,60.072,0,6.007,3105,3056,1.600,1.940,1.800,1,0,0,0,0,28,302,1,12,1
01-08 13:06:08,19.184,11.461,68.016,0,0,6488908,4592416,430884,4711540,45047.830,23094.450,0,3.986,0,0.997,3236,2838,1.600,1.940,1.800,1,0,33.883,0,0,28,302,1,12,1
01-08 13:06:09,23.796,5.761,69.386,0.250,0,6519500,4561820,430888,4711540,30184.977,14782.884,0,92.180,0,6.012,2641,2425,1.600,1.940,1.800,2,0,0,0,0,28,302,1,12,1
01-08 13:06:10,30.120,8.353,60.494,0,0,6542316,4538716,430892,4711808,29898.577,15057.114,0,105.295,0,10.124,3347,2922,1.640,1.940,1.800,1,0,4.050,0,0,28,302,1,12,1
01-08 13:06:11,24.971,6.992,65.675,0,0,6445396,4635840,430920,4711576,14838.982,7287.642,0,443.491,0,38.955,3865,4086,1.640,1.940,1.800,2,0,18.978,0,0,28,302,1,12,1
01-08 13:06:12,23.069,13.643,60.772,0,0,6449096,4632128,430936,4711572,59622.991,32530.110,0,182.564,0,12.899,3675,3291,1.640,1.940,1.800,6,0,29.766,0,0,28,302,1,12,1
01-08 13:06:13,24.942,5.238,69.090,0,0,6481504,4599712,430968,4711548,29703.395,14558.375,0,602.608,0,35.917,2725,2545,1.640,1.940,1.800,2,0,0,0,0,28,302,1,12,1
01-08 13:06:14,27.050,5.009,67.375,0,0,6487408,4593768,430968,4711588,40484.282,452665.744,0,4.007,0,1.002,3504,3032,1.640,1.940,1.800,1,0,2.004,0,0,28,302,1,15,1
01-08 13:06:15,19.637,13.174,64.877,0,0,6493356,4587736,431048,4711592,33115.614,147468.186,0,1956.750,0,117.325,4010,4047,1.580,1.930,1.790,2,0,32.811,0,0,28,302,1,15,1
01-08 13:06:16,25.590,7.094,66.888,0.253,0,6530796,4550260,431080,4711596,30606.442,15116.745,0,3097.129,0,507.743,3939,3182,1.580,1.930,1.790,1,0,1.013,0,0,28,302,1,15,1
01-08 13:06:17,27.802,6.206,64.044,0,0,6535548,4545484,431116,4711584,30584.321,16380.415,0,270.078,0,33.760,3853,3987,1.580,1.930,1.790,2,0,1.986,0,0,28,302,1,15,1
01-08 13:06:18,12.735,18.977,66.170,0,0,6496548,4584436,431116,4711632,45882.461,25457.185,0,0,0,0,4351,3461,1.580,1.930,1.790,1,0,120.854,0,0,28,302,1,15,1
01-08 13:06:19,7.267,12.028,78.933,0,0,6482612,4598360,431192,4711568,64855.304,35195.567,0,910.109,0,48.111,3385,3274,1.580,1.930,1.790,1,0,58.135,0,0,28,304,1,15,1
01-08 13:06:20,5.456,10.417,81.351,0,0,6469064,4611676,431232,4711760,70285.091,33709.978,0,186.512,0,17.857,3227,3011,1.460,1.890,1.780,2,0,56.549,0,0,28,302,1,16,1
01-08 13:06:21,8.286,13.057,77.340,0,0,6457504,4623236,431232,4711760,49842.912,26679.176,0,349.535,0,3.013,3488,3155,1.460,1.890,1.780,0,0,69.304,0,0,28,304,1,16,1
01-08 13:06:22,6.530,15.319,76.094,0,0,6433436,4647300,431232,4711764,62689.692,33347.910,0,4.018,0,1.005,3787,3266,1.460,1.890,1.780,3,0,86.391,0,0,28,302,1,17,1
01-08 13:06:23,8.453,22.375,65.881,0,0,6420964,4659720,431232,4711816,60297.912,33856.170,0,11.933,0,2.983,4602,3683,1.460,1.890,1.780,1,0,123.309,0,0,28,302,1,17,1
01-08 13:06:24,23.249,7.250,68.748,0,0,6429836,4650820,431256,4711820,56203.498,461731.661,0,239.994,0,3.000,3220,3065,1.460,1.890,1.780,1,0,4.000,0,0,28,302,1,17,1
01-08 13:06:25,20.516,9.257,69.055,0,0,6418576,4653892,431740,4718428,47730.847,139376.515,0,64.051,0,8.006,2862,2517,1.420,1.880,1.780,1,0,3.002,0,0,28,302,1,17,1
01-08 13:06:26,25.857,5.523,67.277,0,0,6445632,4622928,431940,4721656,44809.694,22370.204,0,1200.950,0,26.108,3199,3215,1.420,1.880,1.780,1,0,3.012,0,0,28,302,1,17,1
01-08 13:06:27,17.469,6.239,74.370,0,0,6439788,4627352,432032,4722744,33543.173,16786.560,0,2543.539,0,55.902,2881,2913,1.420,1.880,1.780,1,0,16.970,0,0,28,303,1,17,1
01-08 13:06:28,21.207,3.992,73.103,0,0,6435864,4627112,432088,4726812,23144.583,11321.295,0,275.448,0,8.982,2544,2578,1.420,1.880,1.780,4,0,0,0,0,28,303,1,17,1
01-08 13:06:29,23.357,6.530,69.819,0,0,6422416,4640816,432096,4726352,15207.517,7865.957,0,237.084,0,10.046,2814,2506,1.420,1.880,1.780,2,0,5.023,0,0,28,302,1,17,1
01-08 13:06:30,13.172,16.899,65.113,1.740,0,6397968,4661936,432188,4729516,60801.181,35069.307,1344.002,3690.041,20.876,123.266,5478,5409,1.390,1.870,1.770,4,0,114.320,0,0,28,302,1,18,1
01-08 13:06:31,8.783,25.595,62.732,0,0,6399716,4660180,432192,4729520,49342.860,25243.550,0,156.580,0,10.037,4879,3955,1.390,1.870,1.770,3,0,145.539,0,0,28,302,1,18,1
01-08 13:06:32,18.463,13.722,66.366,0,0,6418568,4641308,432212,4729520,56295.492,31037.420,0,1788.394,0,321.352,3911,3354,1.390,1.870,1.770,1,0,42.913,0,0,28,302,1,17,1
01-08 13:06:33,23.703,5.185,68.639,0,0,6464412,4595464,432212,4729520,29106.954,14411.261,0,7.901,0,0.988,2563,2284,1.390,1.870,1.770,1,0,0,0,0,28,303,1,17,1
01-08 13:06:34,25.286,5.816,67.768,0,0,6465340,4594520,432212,4729536,30610.705,14759.166,0,8.092,0,2.023,3292,3179,1.390,1.870,1.770,1,0,0,0,0,28,302,1,18,1
01-08 13:06:35,19.100,12.314,67.603,0,0,6435000,4624848,432212,4729548,30097.358,18906.851,0,136.715,0,4.021,3399,2902,1.360,1.850,1.770,1,0,49.258,0,0,28,302,1,18,1
01-08 13:06:36,24.779,5.888,66.240,0,0,6442048,4617792,432228,4729536,35729.288,16437.298,0,408.234,0,29.440,3185,3213,1.360,1.850,1.770,3,0,2.944,0,0,28,302,1,17,1
01-08 13:06:37,26.755,5.403,69.203,0,0,6463624,4596176,432228,4729572,39739.772,594497.437,0,0,0,0,3473,2980,1.360,1.850,1.770,1,0,1.029,0,0,28,303,1,17,1
01-08 13:06:38,21.274,7.916,68.028,0,0,6446728,4613064,432236,4729572,29868.106,15768.698,0,91.034,0,9.895,3156,2797,1.360,1.850,1.770,2,0,15.832,0,0,28,302,1,17,1
01-08 13:06:39,26.671,6.730,65.306,0,0,6486868,4572916,432236,4729580,45462.633,23788.169,0,3.988,0,0.997,3035,2806,1.360,1.850,1.770,3,0,0,0,0,28,302,1,17,1
01-08 13:06:40,27.868,7.783,63.016,0,0,6517724,4542048,432244,4729580,29716.391,15260.392,0,160.678,0,9.038,2992,2555,1.410,1.850,1.770,3,0,0,0,0,28,302,1,17,1
01-08 13:06:41,26.938,9.977,60.611,0.249,0,6491524,4568060,432356,4729656,14881.766,7440.883,0,1029.631,0,130.699,5388,6985,1.410,1.850,1.770,1,0,2.993,0,0,28,303,1,17,1
01-08 13:06:42,26.289,7.762,63.845,0,0,6465016,4594456,432424,4729692,15324.807,7306.874,0,348.519,0,49.073,3870,4301,1.410,1.850,1.770,2,0,5.007,0,0,28,302,1,17,1
01-08 13:06:43,22.655,6.293,70.482,0,0,6466004,4593464,432428,4729692,44989.386,25188.096,0,56.385,0,6.041,2697,2633,1.410,1.850,1.770,1,0,0,0,0,28,302,1,17,1
01-08 13:06:44,24.238,5.441,68.015,0,0,6475196,4584164,432532,4729696,29393.256,14726.802,0,2817.542,0,136.524,3075,2946,1.410,1.850,1.770,1,0,1.979,0,0,28,302,1,17,1
01-08 13:06:45,24.865,7.284,66.559,0,0,6472604,4586524,432620,4729836,30361.984,14808.764,0,466.165,0,71.331,4457,5136,1.450,1.860,1.770,2,0,0,0,0,28,303,1,17,1
01-08 13:06:46,24.213,8.737,64.901,0,0,6471692,4587408,432656,4729828,15090.033,7582.459,0,343.477,0,39.939,4464,5229,1.450,1.860,1.770,2,0,0.998,0,0,28,303,1,17,1
01-08 13:06:47,20.457,12.973,64.115,0.249,0,6416852,4642152,432704,4729872,45164.591,24839.527,0,415.123,0,52.888,4459,4410,1.450,1.860,1.770,1,0,62.867,0,0,28,302,1,17,1
01-08 13:06:48,8.712,25.638,62.727,0,0,6404284,4654712,432708,4729876,47029.308,23605.260,0,2509.079,0,438.093,5690,3889,1.450,1.860,1.770,1,0,168.268,0,0,28,302,1,17,1
01-08 13:06:49,12.246,29.240,55.481,0,0,6400240,4658688,432748,4729900,60854.677,31732.881,0,2139.250,0,97.966,5822,4874,1.450,1.860,1.770,3,0,178.937,0,0,28,303,1,19,1
01-08 13:06:50,14.369,26.722,56.468,0.504,0,6393828,4665044,432768,4729936,77229.400,612380.969,0,419.478,0,31.259,5942,4884,1.340,1.820,1.760,1,0,168.396,0,0,28,302,1,19,1
01-08 13:06:51,7.486,26.451,63.133,0,0,6391412,4667456,432768,4729940,46400.370,24265.220,0,7.985,0,1.996,5085,3939,1.340,1.820,1.760,3,0,167.691,0,0,28,302,1,19,1
01-08 13:06:52,7.997,25.989,62.974,0,0,6393840,4665024,432772,4729936,60730.148,31611.064,0,1763.278,0,95.961,5110,3848,1.340,1.820,1.760,1,0,157.935,0,0,28,302,1,18,1
01-08 13:06:53,7.755,26.768,63.543,0,0,6389400,4669444,432788,4729940,60899.436,31867.683,0,196.133,0,17.012,5193,4055,1.340,1.820,1.760,1,0,173.118,0,0,28,302,1,18,1
01-08 13:06:54,8.982,25.201,63.376,0,0,6394672,4664160,432792,4729948,60963.038,32292.984,0,75.852,0,5.988,4928,3855,1.340,1.820,1.760,1,0,154.698,0,0,28,302,1,18,1
01-08 13:06:55,8.036,30.889,58.513,0,0,6397688,4661140,432796,4729948,61261.363,31859.204,0,156.704,0,10.045,5247,3925,1.390,1.830,1.760,2,0,173.781,0,0,28,302,1,18,1
01-08 13:06:56,8.716,26.894,61.260,0,0,6400360,4658372,432900,4729936,45939.782,23406.179,0,3203.433,0,167.344,5525,4984,1.390,1.830,1.760,5,0,160.371,0,0,28,302,1,18,1
01-08 13:06:57,9.277,26.829,61.179,0.251,0,6401292,4657392,432912,4729964,61252.468,32970.603,0,11144.654,0,67.197,5127,4019,1.390,1.830,1.760,2,0,155.455,0,0,28,302,1,18,1
01-08 13:06:58,9.687,25.832,61.600,0,0,6387580,4671092,432912,4729968,69151.578,573377.574,0,325.882,0,6.955,5221,3909,1.390,1.830,1.760,1,0,155.986,0,0,28,302,1,18,1
01-08 13:06:59,8.992,26.477,62.447,0,0,6383240,4675412,432940,4729960,45752.834,24027.432,0,371.682,0,28.975,5165,4162,1.390,1.830,1.760,1,0,158.864,0,0,28,302,1,18,1
01-08 13:07:00,10.295,27.622,59.763,0,0,6387192,4671396,432980,4729984,61144.223,32615.609,0,429.893,0,40.177,5418,4397,1.280,1.800,1.750,1,0,149.659,0,0,28,302,1,15,1
01-08 13:07:01,12.250,27.001,58.252,0,0,6372672,4685900,432980,4729996,62093.988,33020.057,0,96.003,0,7.000,5255,4195,1.280,1.800,1.750,1,0,144.005,0,0,28,302,1,15,1
01-08 13:07:02,9.235,24.710,62.400,0,0,6376180,4682376,432996,4729996,60983.999,31501.378,0,3654.128,0,29.952,5182,3994,1.280,1.800,1.750,3,0,139.775,0,0,28,302,1,15,1
01-08 13:07:03,8.764,26.792,62.097,0,0,6377664,4680892,432996,4729996,45881.972,24312.137,0,1265.986,0,250.393,5233,3693,1.280,1.800,1.750,2,0,142.223,0,0,28,302,1,15,1
01-08 13:07:04,9.995,25.737,61.719,0,0,6378624,4679896,433016,4730008,60670.190,32051.723,0,431.781,0,20.989,5053,3808,1.280,1.800,1.750,1,0,141.928,0,0,28,302,1,14,1
01-08 13:07:05,10.966,27.166,58.320,0,0,6389116,4669368,433020,4730236,60323.919,32242.541,0,111.656,0,9.969,5086,3925,1.260,1.780,1.750,3,0,153.526,0,0,28,302,1,14,1
01-08 13:07:06,22.209,32.939,42.172,0,0,6375204,4683212,433068,4730056,56088.713,460449.878,0,698.701,0,47.911,6391,14953,1.260,1.780,1.750,4,0,163.696,0,0,28,302,1,15,1
01-08 13:07:07,9.033,25.843,62.727,0,0,6375956,4682456,433068,4730060,63054.094,154627.354,0,12.044,0,3.011,4936,3755,1.260,1.780,1.750,2,0,137.497,0,0,28,302,1,15,1
01-08 13:07:08,9.530,25.331,62.700,0,0,6377716,4680696,433072,4730056,60828.672,31735.041,0,84.268,0,7.022,4891,3736,1.260,1.780,1.750,1,0,147.470,0,0,28,302,1,15,1
01-08 13:07:09,8.985,25.456,63.391,0,0,6379976,4678432,433072,4730060,60973.347,31252.360,0,7.986,0,1.997,4855,3701,1.260,1.780,1.750,3,0,144.752,0,0,28,302,1,12,1
01-08 13:07:10,9.237,25.213,62.409,0,0,6381712,4676684,433076,4730068,45790.594,24400.614,0,107.844,0,7.988,4994,3768,1.240,1.770,1.750,3,0,140.796,0,0,28,302,1,12,1
01-08 13:07:11,16.289,30.323,50.872,0,0,6420680,4636936,433084,4730840,61027.596,31936.716,0,368.886,0,18.043,5423,4307,1.240,1.770,1.750,1,0,150.361,0,0,28,302,1,12,1
01-08 13:07:12,17.752,25.753,54.256,0,0,6436324,4622024,433088,4730104,62540.861,33822.710,0,164.018,0,10.001,5301,4238,1.240,1.770,1.750,4,0,121.013,0,0,28,302,1,12,1
01-08 13:07:13,21.511,12.756,63.782,0,0,6453224,4621424,433092,4714620,44938.740,23169.725,0,0,0,0,3531,3133,1.240,1.770,1.750,2,0,57.029,0,0,28,302,1,12,1
01-08 13:07:14,11.983,17.475,68.901,0,0,6431776,4742288,433100,4625768,44910.777,22405.959,0,3.994,0,0.999,2766,2716,1.240,1.770,1.750,2,0,2.996,0,0,28,302,1,12,1
01-08 13:07:15,22.740,10.495,65.721,0,0,6441204,4724748,433448,4633140,42533.206,568662.721,0,2650.829,0,29.987,3695,3644,1.220,1.760,1.740,2,0,3.998,0,0,28,302,1,12,1
01-08 13:07:16,27.255,4.501,66.761,0,0,6453200,4709108,433464,4636380,44894.588,22571.815,0,1120.189,0,29.005,3495,3930,1.220,1.760,1.740,2,0,1.000,0,0,28,302,1,12,1
01-08 13:07:17,22.388,5.970,69.899,0,0,6454076,4707564,433492,4636900,30239.155,15361.861,0,390.041,0,20.895,3005,2966,1.220,1.760,1.740,3,0,18.905,0,0,28,303,1,9,1
01-08 13:07:18,14.327,4.022,80.182,0,0,6458888,4702668,433508,4636960,41153.892,20532.708,0,2135.514,0,309.670,2462,2360,1.220,1.760,1.740,1,0,0,0,0,28,303,1,9,1
01-08 13:07:19,16.707,2.244,80.044,0,0,6456780,4704548,433532,4637092,24589.692,14689.181,0,1200.908,0,37.902,2239,2365,1.220,1.760,1.740,1,0,0,0,0,28,303,1,9,1
01-08 13:07:20,14.795,3.009,80.494,0,0,6455068,4705896,433564,4637380,27191.579,14860.129,0,1027.119,0,35.107,2341,2450,1.200,1.740,1.740,1,0,2.006,0,0,28,303,1,9,1
01-08 13:07:21,18.874,3.974,74.753,0,0,6470528,4690272,433580,4637484,21991.696,12212.752,0,592.061,0,17.881,2517,2473,1.200,1.740,1.740,3,0,0,0,0,28,303,1,8,1
01-08 13:07:22,22.182,2.805,75.469,0.510,0,6470376,4690272,433612,4637568,20164.455,11669.113,0,852.594,0,48.953,2665,2859,1.200,1.740,1.740,0,0,0,0,0,28,303,1,8,1
01-08 13:07:23,19.504,3.751,75.515,0,0,6470408,4690048,433640,4637728,14058.714,9899.911,0,4216.814,0,170.033,2833,2655,1.200,1.740,1.740,0,0,2.000,0,0,28,303,1,8,1
01-08 13:07:24,18.560,2.475,76.960,0,0,6478040,4682236,433652,4637896,21884.394,11657.357,0,601.823,0,20.787,2243,2296,1.200,1.740,1.740,1,0,0,0,0,28,303,1,8,1
01-08 13:07:25,16.728,2.247,79.395,0,0,6485888,4674172,433668,4638056,9988.852,6810.036,0,874.848,0,29.961,2212,2379,1.180,1.730,1.730,2,0,0,0,0,28,303,1,7,1
01-08 13:07:26,19.214,5.815,74.329,0.253,0,6469384,4673920,433704,4654704,21206.466,11772.268,0,1427.922,0,75.846,3035,3331,1.180,1.730,1.730,1,0,3.034,0,0,28,303,1,7,1
01-08 13:07:27,23.770,3.714,70.073,0,0,6479656,4657820,433728,4660252,561.578,0,0,412.022,0,17.828,2570,2427,1.180,1.730,1.730,1,0,0.990,0,0,28,303,1,7,1
01-08 13:07:28,23.076,5.707,69.723,0,0,6469216,4656236,433900,4670556,14981.841,7241.306,0,1484.785,0,51.610,2784,2802,1.180,1.730,1.730,1,0,0,0,0,28,303,1,7,1
01-08 13:07:29,24.186,5.291,69.787,0,0,6471844,4639224,433936,4683768,241.861,0,0,1156.902,0,33.256,2816,2726,1.180,1.730,1.730,2,0,2.016,0,0,28,303,1,7,1
01-08 13:07:30,25.955,3.993,68.131,0.250,0,6474780,4630936,433956,4688240,358.375,147.742,0,866.488,0,27.951,3096,3317,1.170,1.720,1.730,1,0,0,0,0,28,303,1,8,1
01-08 13:07:31,23.759,5.752,69.026,0.250,0,6480704,4605104,434132,4706448,17138.485,9273.509,0,1972.746,0,90.034,3201,3347,1.170,1.720,1.730,1,0,0,0,0,28,303,1,8,1
01-08 13:07:32,23.989,5.747,68.719,0,0,6479348,4597640,434532,4713460,544.752,0,0,1611.266,0,65.970,3122,3389,1.170,1.720,1.730,1,0,1.999,0,0,28,303,1,8,1
01-08 13:07:33,24.042,4.758,69.371,0,0,6480016,4589436,434808,4719560,562.982,0,0,1137.985,0,42.073,2767,2763,1.170,1.720,1.730,2,0,0,0,0,28,303,1,7,1
01-08 13:07:34,26.234,7.496,64.462,0.250,0,6475192,4570408,434940,4741184,16421.204,8805.747,0,3146.123,0,333.801,3740,3199,1.170,1.720,1.730,2,0,0,0,0,28,303,1,8,1
01-08 13:07:35,24.233,4.747,69.201,0,0,6488640,4550344,434976,4746784,299.789,147.896,0,1331.065,0,47.966,2854,2799,1.150,1.710,1.720,1,0,1.999,0,0,28,303,1,8,1
01-08 13:07:36,23.532,7.009,68.593,0.250,0,6464212,4590944,435004,4730316,641.867,174.235,0,736.996,0,32.043,3097,3056,1.150,1.710,1.720,1,0,5.007,0,0,28,302,1,8,1
01-08 13:07:37,22.209,9.233,67.127,0,0,6501460,4553676,435012,4730328,179.669,0,0,319.412,0,9.982,2835,2577,1.150,1.710,1.720,2,0,18.965,0,0,28,302,1,8,1
01-08 13:07:38,20.041,6.764,71.645,0,0,6505708,4549424,435016,4730328,48920.189,24431.536,0,116.236,0,5.010,2776,2462,1.150,1.710,1.720,0,0,19.039,0,0,28,303,1,8,1
01-08 13:07:39,21.914,5.478,71.220,0,0,6473576,4575488,435028,4735820,32350.854,15926.406,0,1175.381,0,19.922,2655,2401,1.150,1.710,1.720,1,0,1.992,0,0,28,302,1,8,1
01-08 13:07:40,22.582,7.778,67.243,0,0,6472708,4575236,435028,4736732,29758.681,14793.530,0,0,0,0,4348,6081,1.140,1.690,1.720,2,0,6.022,0,0,28,302,1,8,1
01-08 13:07:41,27.932,12.968,55.365,0,0,6491828,4555328,435028,4737520,14760.025,7541.619,0,355.134,0,4.988,7436,12734,1.140,1.690,1.720,1,0,9.976,0,0,28,302,1,8,1
01-08 13:07:42,20.982,8.243,69.442,0,0,6483408,4563392,435028,4737744,15289.145,7289.871,0,1586.666,0,9.992,2670,2387,1.140,1.690,1.720,1,0,0.999,0,0,28,302,1,8,1
01-08 13:07:43,22.014,11.893,62.752,0,0,6485376,4561396,435028,4737772,15157.746,7384.543,0,0,0,0,7511,13849,1.140,1.690,1.720,2,0,12.146,0,0,28,302,1,8,1
01-08 13:07:44,17.308,11.621,68.488,0,0,6481048,4565600,435032,4737836,14869.647,7536.196,0,1265.923,0,211.646,3190,2487,1.140,1.690,1.720,1,0,8.901,0,0,28,302,1,8,1
01-08 13:07:45,25.417,9.059,65.178,0,0,6449036,4605536,435052,4730500,1924.630,1510.915,0,938.157,0,32.211,3215,3209,1.130,1.680,1.720,1,0,1.007,0,0,28,302,1,8,1
01-08 13:07:46,27.882,7.717,62.238,0,0,6428504,4626308,435080,4730460,54593.850,459070.704,0,278.825,0,24.895,4641,4784,1.130,1.680,1.720,1,0,51.782,0,0,28,304,1,8,1
01-08 13:07:47,23.727,10.989,60.941,0,0,6430488,4624292,435096,4730456,47012.597,154069.207,0,975.058,0,159.846,7541,12977,1.130,1.680,1.720,1,0,10.989,0,0,28,304,1,8,1
01-08 13:07:48,22.470,7.069,70.439,0,0,6431672,4623084,435096,4730480,45770.758,24701.647,0,0,0,0,2971,2620,1.130,1.680,1.720,1,0,20.198,0,0,28,304,1,8,1
01-08 13:07:49,21.932,8.972,67.791,0,0,6448648,4606104,435104,4730488,44233.488,22047.956,0,11755.720,0,63.803,3083,2675,1.130,1.680,1.720,1,0,17.945,0,0,28,304,1,8,1
01-08 13:07:50,19.822,5.699,71.607,0,0,6457100,4597596,435120,4730528,21385.933,10241.026,0,210.113,0,10.902,2808,3126,1.120,1.670,1.710,3,0,5.947,0,0,28,305,1,8,1
01-08 13:07:51,24.988,6.747,66.218,0,0,6443456,4604512,435252,4736608,29619.706,15310.611,0,3262.426,0,122.941,3448,3754,1.120,1.670,1.710,2,0,4.998,0,0,28,304,1,8,1
01-08 13:07:52,22.581,10.538,63.729,0,0,6465504,4581904,435280,4736928,15492.750,7647.519,0,317.141,0,16.058,7165,13140,1.120,1.670,1.710,1,0,6.022,0,0,28,304,1,8,1
01-08 13:07:53,19.511,9.756,70.291,0,0,6488488,4557952,435280,4737820,15104.843,7300.274,0,8.005,0,1.001,2690,2499,1.120,1.670,1.710,1,0,9.005,0,0,28,304,1,8,1
01-08 13:07:54,22.982,10.992,60.204,0,0,6462688,4583600,435280,4737932,865.338,0,0,5463.821,0,123.905,8095,14913,1.120,1.670,1.710,2,0,4.996,0,0,28,304,1,8,1
01-08 13:07:55,18.429,11.954,68.737,0,0,6466036,4580192,435304,4738028,15028.430,7576.975,0,569.817,0,15.939,2900,2576,1.110,1.660,1.710,3,0,13.947,0,0,28,304,1,8,1
01-08 13:07:56,22.080,14.553,61.724,0,0,6440276,4610384,435348,4733500,16671.373,9005.613,0,887.213,0,33.120,3469,3299,1.110,1.660,1.710,1,0,10.036,0,0,28,304,1,8,1
01-08 13:07:57,21.758,7.003,69.527,0,0,6422188,4632112,435356,4730544,480.187,0,0,288.112,0,8.003,2704,2584,1.110,1.660,1.710,2,0,6.002,0,0,28,304,1,8,1
01-08 13:07:58,22.958,6.738,68.875,0,0,6422760,4631540,435356,4730544,34029.152,16863.351,0,119.782,0,2.995,2842,2664,1.110,1.660,1.710,1,0,16.969,0,0,28,304,0,8,1
01-08 13:07:59,18.304,14.292,66.445,0,0,6419472,4634828,435356,4730568,60790.609,42250.135,0,17018.001,0,66.194,3727,2972,1.110,1.660,1.710,1,0,56.165,0,0,28,304,0,8,1
01-08 13:08:00,23.670,7.724,66.774,0,0,6431976,4622268,435412,4730568,29951.796,15409.932,0,988.659,0,48.835,3987,4401,1.100,1.650,1.700,2,0,44.848,0,0,28,304,1,9,1
01-08 13:08:01,24.051,8.678,63.476,0,0,6440788,4613448,435412,4730576,59395.536,32311.187,0,3.967,0,0.992,6895,11589,1.100,1.650,1.700,3,0,2.975,0,0,28,304,1,9,1
01-08 13:08:02,23.883,9.302,66.371,0,0,6455444,4598752,435440,4730588,44270.350,579733.120,0,490.742,0,31.174,3743,3432,1.100,1.650,1.700,5,0,20.112,0,0,28,304,1,8,1
01-08 13:08:03,15.051,5.017,78.012,0,0,6467252,4586908,435464,4730600,36323.087,18041.641,0,296.998,0,20.067,2578,2834,1.100,1.650,1.700,2,0,17.057,0,0,28,305,1,8,1
01-08 13:08:04,24.245,13.997,60.488,0,0,6450812,4596824,435488,4736672,15374.057,7608.543,0,66891.195,0,183.965,3482,2813,1.100,1.650,1.700,2,0,2.999,0,0,28,304,1,9,1
01-08 13:08:05,24.067,12.284,59.414,0,0,6454268,4592820,435508,4737032,29734.299,14855.116,0,2149.951,0,338.938,8294,13677,1.090,1.640,1.700,1,0,8.022,0,0,28,304,1,9,1
01-08 13:08:06,32.276,17.146,49.674,0,0,6495796,4550300,435544,4741144,362.094,0,0,637.446,0,33.284,4328,10682,1.090,1.640,1.700,2,0,44.379,0,0,29,305,1,8,1
01-08 13:08:07,26.715,10.142,57.636,0,0,6493024,4552908,435552,4738040,16578.445,8631.082,0,249.345,0,3.958,7131,14537,1.090,1.640,1.700,2,0,4.947,0,0,28,304,1,9,1
01-08 13:08:08,17.699,12.136,70.037,0,0,6493168,4552696,435552,4738108,15327.158,7378.881,0,238.681,0,7.080,2982,2706,1.090,1.640,1.700,1,0,14.159,0,0,28,304,1,9,1
01-08 13:08:09,16.698,11.215,70.528,0.249,0,6480708,4571680,435576,4731784,14869.270,7338.936,0,382.797,0,9.969,2611,2407,1.090,1.640,1.700,2,0,2.991,0,0,28,304,1,9,1
01-08 13:08:10,22.341,8.688,67.022,0.248,0,6408396,4645508,435596,4730656,416.031,146.951,0,11160.358,0,56.596,2965,2654,1.080,1.630,1.700,2,0,5.957,0,0,28,304,1,8,1
01-08 13:08:11,25.529,10.658,61.964,0.248,0,6451872,4599200,435700,4733384,16021.456,9121.126,245.874,674.170,3.966,10.906,3053,2752,1.080,1.630,1.700,3,0,4.957,0,0,28,304,1,8,1
01-08 13:08:12,27.330,8.023,61.680,0.752,0,6470984,4578576,435776,4734504,45534.022,21964.166,393.149,1945.684,10.029,60.176,4471,4832,1.080,1.630,1.700,3,0,1.003,0,0,28,305,1,9,1
01-08 13:08:13,30.090,10.030,58.174,0,0,6501472,4548544,435852,4734000,29921.520,14701.986,0,670.005,0,74.222,5561,6545,1.080,1.630,1.700,2,0,0,0,0,28,307,1,13,1
01-08 13:08:14,26.460,7.489,62.406,0,0,6497468,4552264,436048,4734088,15371.762,7608.498,0,1282.062,0,148.775,5776,7555,1.080,1.630,1.700,1,0,2.995,0,0,28,307,1,13,1
01-08 13:08:15,18.577,13.556,63.763,2.008,0,6446452,4602884,436276,4734256,30600.400,15982.017,128.531,1638.769,1.004,171.709,5305,6131,1.080,1.620,1.690,1,0,59.245,0,0,28,306,1,13,1
01-08 13:08:16,8.500,24.499,64.247,0,0,6438816,4610448,436300,4734304,46125.044,40950.264,0,299.987,0,20.999,5225,4427,1.080,1.620,1.690,4,0,153.993,0,0,28,306,1,13,1
01-08 13:08:17,8.255,24.514,64.786,0,0,6426184,4623052,436332,4734300,61191.870,32499.989,0,348.193,0,30.017,5255,4332,1.080,1.620,1.690,1,0,137.076,0,0,28,306,1,13,1
01-08 13:08:18,14.116,19.812,63.894,0,0,6426760,4622320,436344,4734444,61920.599,34707.750,0,245.669,0,13.868,4503,3641,1.080,1.620,1.690,1,0,81.229,0,0,28,308,1,14,1
01-08 13:08:19,13.617,6.304,78.925,0,0,6369264,4681576,436352,4732696,70324.872,471860.391,0,40.345,0,7.060,2929,2900,1.080,1.620,1.690,0,0,12.104,0,0,28,306,1,15,1
01-08 13:08:20,8.697,11.430,76.781,0.248,0,6383604,4667068,436432,4732800,98179.755,159087.381,3.976,2536.493,0.994,73.550,3312,3116,1.070,1.610,1.690,1,0,24.848,0,0,28,307,1,15,1
01-08 13:08:21,4.258,3.256,90.915,0.250,0,6383716,4667068,436500,4732616,65630.031,24235.956,0,4416.009,0,608.103,3046,2980,1.070,1.610,1.690,0,0,0,0,0,28,307,1,15,1
01-08 13:08:22,6.763,7.765,84.919,0,0,6377276,4673368,436536,4732712,80807.511,18545.838,0,529.051,0,8.016,2510,2767,1.070,1.610,1.690,1,0,14.028,0,0,28,306,1,15,1
01-08 13:08:23,5.513,10.024,81.948,0,0,6370184,4680476,436536,4732696,146936.699,51364.993,0,20.048,0,5.012,2968,2926,1.070,1.610,1.690,0,0,27.065,0,0,28,306,1,16,1
01-08 13:08:24,9.482,22.458,65.377,0,0,6371112,4679468,436588,4732724,109138.304,37729.236,0,550.967,0,29.944,5335,4244,1.070,1.610,1.690,1,0,182.657,0,0,28,306,1,16,1
01-08 13:08:25,12.731,18.223,63.905,2.496,0,6381908,4668380,436684,4732968,29999.400,14879.878,267.602,3714.478,29.955,182.728,4666,4056,1.070,1.600,1.680,1,0,129.807,0,0,28,306,1,16,1
01-08 13:08:26,17.797,9.024,66.928,5.264,0,6394072,4654072,436840,4734540,55502.400,435249.914,1616.292,220.586,159.423,13.035,3320,3500,1.070,1.600,1.680,1,1,1.003,0,0,28,306,1,16,1
01-08 13:08:27,13.252,6.501,70.262,7.751,0,6408760,4632344,437280,4739228,15446.534,8117.332,5212.855,0,274.045,0,2971,2946,1.070,1.600,1.680,1,0,2.000,0,0,28,306,1,16,1
01-08 13:08:28,21.802,8.176,67.140,0.495,0,6411364,4627932,437356,4739860,30707.968,15257.362,638.201,1680.728,46.577,53.514,3893,4165,1.070,1.600,1.680,1,0,0.991,0,0,28,306,1,16,1
01-08 13:08:29,25.000,8.333,66.413,0,0,6412036,4627232,437360,4739880,31361.298,16105.897,0,40.404,0,4.040,3354,3317,1.070,1.600,1.680,2,0,0,0,0,28,307,1,17,1
01-08 13:08:30,48.017,12.318,38.715,0.251,0,6234396,4804512,437420,4740168,45328.693,22925.296,269.496,434.412,3.017,45.251,4824,4259,1.140,1.600,1.690,3,0,7.039,0,0,28,298,0,20,1
01-08 13:08:31,61.564,10.468,26.669,0,0,5948952,5089928,437484,4740132,44415.867,22348.509,0,1455.604,0,86.738,4787,3452,1.140,1.600,1.690,4,0,2.991,0,0,28,276,0,23,1
01-08 13:08:32,73.266,16.946,8.971,0,0,5941076,5097740,437556,4739928,14987.048,7272.731,0,2232.856,0,113.636,5405,4030,1.140,1.600,1.690,6,0,8.971,0,0,28,272,0,23,1
01-08 13:08:33,85.744,13.789,0,0,0,6077332,4961408,437580,4740184,44622.902,23145.824,0,517.472,0,31.088,5542,3540,1.140,1.600,1.690,6,0,2.006,0,0,28,274,0,24,1
01-08 13:08:34,78.188,20.354,0.993,0,0,6201436,4836924,437588,4740556,29499.092,14954.573,0,178.716,0,14.893,6288,6481,1.140,1.600,1.690,4,0,2.979,0,0,28,274,1,28,1
01-08 13:08:35,88.247,10.163,0.496,0,0,6249824,4788076,437592,4741012,29727.190,14950.354,0,166.578,0,10.907,5500,3912,1.370,1.640,1.700,5,0,0.992,0,0,28,278,1,30,1
01-08 13:08:36,63.207,14.917,21.996,0.253,0,6285644,4750528,437660,4742672,15326.461,7520.130,0,679.603,0,46.520,7907,10992,1.370,1.640,1.700,3,0,8.091,0,0,28,292,1,30,1
01-08 13:08:37,44.347,10.272,44.347,0,0,6319432,4716256,437668,4743148,14948.587,7452.246,0,9228.117,0,1057.305,6990,4080,1.370,1.640,1.700,1,0,0,0,0,28,294,1,33,1
01-08 13:08:38,11.233,2.746,84.624,0,0,6334644,4700884,437668,4743308,15533.780,7520.758,0,3.994,0,0.999,2164,2925,1.370,1.640,1.700,0,0,0,0,0,28,292,1,36,1
01-08 13:08:39,2.500,2.250,93.988,0,0,6334624,4700884,437684,4743312,15256.054,7369.060,0,155.980,0,14.998,1666,2340,1.370,1.640,1.700,1,0,2.000,0,0,28,292,1,35,1
01-08 13:08:40,6.509,3.255,88.878,0.250,0,6334544,4700884,437740,4743336,1751.521,1503.164,0,933.343,0,58.084,2369,3171,1.260,1.620,1.690,0,0,0,0,0,28,292,1,35,1
01-08 13:08:41,2.998,1.749,94.192,0,0,6334528,4700884,437756,4743336,14906.786,7365.447,0,59.963,0,5.996,1545,2314,1.260,1.620,1.690,0,0,0,0,0,28,292,1,35,1
01-08 13:08:42,7.758,5.756,85.840,0,0,6359980,4675432,437756,4743336,479.504,0,0,3804.000,0,438.461,2582,2278,1.260,1.620,1.690,0,0,2.002,0,0,28,292,1,35,1
01-08 13:08:43,2.001,1.751,95.321,0,0,6359980,4675432,437756,4743336,15107.321,7301.471,0,0,0,0,1418,2197,1.260,1.620,1.690,0,0,0,0,0,28,292,1,35,1
01-08 13:08:44,2.497,1.748,94.380,0,0,6359956,4675432,437772,4743344,478.391,0,0,1366.261,0,13.982,1546,2759,1.260,1.620,1.690,0,0,0,0,0,28,292,1,35,1
01-08 13:08:45,3.253,3.253,92.329,0,0,6358324,4677036,437796,4743348,14868.700,7848.704,0,2990.554,0,30.026,1992,2835,1.320,1.620,1.690,0,0,2.002,0,0,28,292,1,35,1
01-08 13:08:46,3.522,2.264,93.328,0,0,6359272,4676032,437844,4743356,300.862,0,0,321.993,0,37.230,2055,3225,1.320,1.620,1.690,0,0,1.006,0,0,28,292,1,35,1
01-08 13:08:47,2.711,1.972,92.923,0,0,6359236,4676032,437872,4743364,177.467,0,0,185.354,0,19.719,1641,2597,1.320,1.620,1.690,0,0,0,0,0,28,292,1,35,1
01-08 13:08:48,2.540,2.286,95.242,0,0,6358240,4677028,437872,4743364,15280.429,7741.298,0,0,0,0,1547,2205,1.320,1.620,1.690,0,0,2.032,0,0,28,292,1,35,1
01-08 13:08:49,2.975,1.735,93.704,0,0,6354044,4681204,437888,4743368,517.606,0,0,353.003,0,16.857,1543,2313,1.320,1.620,1.690,0,0,0,0,0,28,292,1,35,1
01-08 13:08:50,8.239,4.744,84.886,0,0,6341544,4693596,437948,4743416,943.735,147.802,0,818.903,0,62.916,2875,3902,1.210,1.590,1.680,1,0,3.995,0,0,28,294,1,36,1
01-08 13:08:51,22.469,5.302,71.699,0,0,6340312,4694784,437956,4743452,16898.845,8800.851,0,169.655,0,15.148,4381,5150,1.210,1.590,1.680,0,0,4.039,0,0,28,292,1,35,1
01-08 13:08:52,2.996,1.249,94.636,0,0,6338460,4696628,437956,4743460,602.277,0,0,3.995,0,0.999,1523,2299,1.210,1.590,1.680,0,0,0,0,0,28,292,1,35,1
01-08 13:08:53,2.750,1.000,95.236,0,0,6338456,4696628,437956,4743464,945.858,0,0,179.973,0,8.999,1485,2245,1.210,1.590,1.680,0,0,0,0,0,28,292,1,35,1
01-08 13:08:54,2.247,0.999,95.136,0,0,6338704,4696376,437960,4743464,1063.728,73.912,0,35.957,0,2.996,1512,2252,1.210,1.590,1.680,0,0,1.998,0,0,28,292,1,35,1
01-08 13:08:55,2.505,1.252,94.924,0,0,6338696,4696376,437968,4743464,15598.608,7523.799,0,112.206,0,4.007,1571,2320,1.120,1.570,1.670,0,0,0,0,0,28,292,1,35,1
01-08 13:08:56,4.747,4.497,89.436,0,0,6339900,4695144,438004,4743464,726.479,0,0,2210.416,0,230.835,2490,3131,1.120,1.570,1.670,0,0,6.995,0,0,28,292,1,35,1
01-08 13:08:57,2.231,1.984,93.473,0,0,6339836,4695208,438012,4743456,420.502,0,0,87.274,0,8.926,1613,2330,1.120,1.570,1.670,0,0,1.984,0,0,28,292,1,35,1
01-08 13:08:58,2.522,1.765,95.320,0,0,6339820,4695208,438016,4743468,729.274,0,0,36.312,0,4.035,1428,2198,1.120,1.570,1.670,0,0,0,0,0,28,292,1,35,1
01-08 13:08:59,3.212,1.235,92.900,0,0,6339808,4695208,438036,4743460,15041.944,7637.591,0,249.052,0,20.754,1821,2738,1.120,1.570,1.670,0,0,0.988,0,0,28,292,1,35,1
01-08 13:09:00,3.767,2.260,93.426,0,0,6339984,4694968,438080,4743480,790.602,148.677,0,277.263,0,32.146,2156,3269,1.030,1.540,1.660,0,0,2.009,0,0,28,292,1,36,1
01-08 13:09:01,3.015,2.261,93.966,0.251,0,6339968,4694968,438112,4743464,486.413,0,0,221.097,0,22.110,1718,2458,1.030,1.540,1.660,0,0,0,0,0,28,292,1,36,1
01-08 13:09:02,4.953,2.972,89.403,0.248,0,6339708,4695164,438140,4743500,2651.867,1340.298,0,618.142,0,40.615,2149,2988,1.030,1.540,1.660,1,0,0.991,0,0,28,292,1,36,1
01-08 13:09:03,2.261,2.261,93.717,0,0,6339396,4695472,438144,4743500,667.322,0,0,1636.145,0,318.586,1864,2226,1.030,1.540,1.660,0,0,0,0,0,28,292,1,35,1
01-08 13:09:04,2.994,1.996,93.550,0,0,6339648,4695220,438144,4743500,942.981,0,0,11.974,0,2.994,1651,2395,1.030,1.540,1.660,0,0,0,0,0,28,292,1,36,1
01-08 13:09:05,7.513,13.775,77.138,0,0,6345376,4689452,438148,4743536,119720.782,652825.186,0,36.065,0,4.007,4012,3546,0.940,1.520,1.650,1,0,99.178,0,0,28,292,1,36,1
01-08 13:09:06,10.729,24.950,61.877,0,0,6333312,4701484,438192,4743524,44422.408,21910.304,0,542.917,0,38.922,5863,5029,0.940,1.520,1.650,1,0,216.568,0,0,28,292,1,36,1
01-08 13:09:07,35.754,19.002,43.754,0,0,6399288,4635488,438192,4743544,30243.098,14981.535,0,8.001,0,2.000,4495,13646,0.940,1.520,1.650,2,0,37.004,0,0,28,292,1,35,1
01-08 13:09:08,28.716,6.492,63.424,0,0,6439444,4595332,438192,4743544,15482.484,7287.285,0,75.909,0,4.994,2906,2475,0.940,1.520,1.650,1,0,1.998,0,0,28,292,1,35,1
01-08 13:09:09,23.807,4.761,70.168,0,0,6439440,4595332,438192,4743548,15200.404,7313.515,0,0,0,0,2596,2378,0.940,1.520,1.650,1,0,0,0,0,28,293,1,36,1
01-08 13:09:10,26.511,3.501,69.028,0,0,6441300,4593328,438200,4743692,15429.315,8227.367,0,116.047,0,9.004,3079,2834,1.030,1.520,1.660,2,0,0,0,0,28,297,1,37,1
01-08 13:09:11,24.258,6.252,68.273,0,0,6361120,4673496,438200,4743704,15171.216,7430.555,0,28.010,0,1.000,3172,2659,1.030,1.520,1.660,3,0,32.011,0,0,28,298,1,37,1
01-08 13:09:12,15.698,28.655,52.078,0,0,6355388,4679064,438228,4743840,31213.995,15624.440,0,231.237,0,18.938,5623,4264,1.030,1.520,1.660,1,0,230.240,0,0,28,298,1,37,1
01-08 13:09:13,23.021,14.013,61.307,0,0,6388848,4645724,438228,4743720,46032.877,24139.484,0,0,0,0,3820,3643,1.030,1.520,1.660,1,0,45.042,0,0,28,298,1,37,1
01-08 13:09:14,28.084,8.275,62.687,0,0,6446556,4588016,438228,4743720,15324.641,7642.762,0,16.048,0,3.009,2977,2546,1.030,1.520,1.660,1,0,2.006,0,0,28,298,1,37,1
01-08 13:09:15,24.476,5.495,68.682,0,0,6458896,4575644,438248,4743732,30207.969,15210.878,0,311.690,0,20.979,3207,3153,1.030,1.520,1.650,2,0,0,0,0,28,300,1,37,1
01-08 13:09:16,19.992,4.748,72.972,0,0,6429844,4604688,438280,4743708,97710.874,29128.634,0,227.911,0,24.990,3496,3577,1.030,1.520,1.650,3,0,9.996,0,0,28,300,1,32,1
01-08 13:09:17,9.933,24.088,62.826,0.248,0,6418160,4616176,438460,4743724,45447.511,30361.249,139.062,715.177,4.967,46.685,5577,4411,1.030,1.520,1.650,2,0,202.633,0,0,28,300,1,32,1
01-08 13:09:18,8.314,26.706,63.489,0,0,6408988,4625240,438532,4743760,87347.585,509543.538,0,1757.533,0,94.729,5921,4431,1.030,1.520,1.650,2,0,206.591,0,0,28,300,1,32,1
01-08 13:09:19,8.474,22.182,67.046,0,0,6398492,4635728,438552,4743748,61015.930,38028.032,0,231.295,0,13.957,5077,3988,1.030,1.520,1.650,1,0,173.471,0,0,28,300,1,32,1
01-08 13:09:20,7.005,22.516,67.797,0,0,6399352,4634840,438556,4743772,61053.095,38764.728,0,48.033,0,5.003,5205,3937,0.940,1.490,1.640,1,0,184.127,0,0,28,300,1,30,1
01-08 13:09:21,7.523,22.318,67.455,0,0,6398336,4635852,438556,4743776,46013.742,29222.748,0,36.110,0,2.006,5129,4147,0.940,1.490,1.640,2,0,180.548,0,0,28,300,1,30,1
01-08 13:09:22,6.977,23.674,66.286,0,0,6396748,4637428,438556,4743788,60880.444,38100.988,0,11.961,0,1.994,5233,3996,0.940,1.490,1.640,4,0,187.395,0,0,28,300,1,30,1
01-08 13:09:23,8.026,24.078,65.965,0,0,6392320,4641844,438560,4743796,61148.853,37022.395,0,128.418,0,9.029,5326,4001,0.940,1.490,1.640,1,0,208.679,0,0,28,300,1,30,1
01-08 13:09:24,9.455,25.876,61.704,0,0,6393000,4641148,438560,4743812,61912.183,39376.224,0,0,0,0,5420,4128,0.940,1.490,1.640,2,0,194.070,0,0,28,300,1,29,1
01-08 13:09:25,8.263,26.792,62.848,0,0,6389896,4644244,438572,4743808,46386.162,28089.699,0,104.162,0,9.014,5117,3979,0.950,1.480,1.640,2,0,214.333,0,0,28,300,1,29,1
01-08 13:09:26,9.271,24.806,63.392,0,0,6371380,4662676,438640,4743824,74052.716,602426.112,0,737.651,0,89.200,6082,5131,0.950,1.480,1.640,3,0,199.446,0,0,28,300,1,29,1
01-08 13:09:27,6.748,23.993,66.980,0,0,6372344,4661680,438652,4743848,60933.678,38174.522,0,171.948,0,11.996,5204,3983,0.950,1.480,1.640,3,0,186.944,0,0,28,300,1,29,1
01-08 13:09:28,14.388,16.373,66.484,0,0,6394704,4639320,438652,4743848,60124.265,35123.343,0,3.969,0,0.992,4144,3454,0.950,1.480,1.640,3,0,105.183,0,0,28,300,1,29,1
01-08 13:09:29,24.190,5.796,70.302,0,0,6435276,4598748,438652,4743848,31279.682,15523.931,0,4.032,0,1.008,2482,2218,0.950,1.480,1.640,6,0,0,0,0,28,300,1,29,1
01-08 13:09:30,24.152,5.727,68.224,0,0,6456900,4577100,438676,4743848,29774.675,15326.064,0,286.841,0,21.911,2907,2887,0.950,1.470,1.640,3,0,0,0,0,28,301,1,30,1
01-08 13:09:31,23.356,6.027,69.816,0,0,6449536,4584436,438676,4743876,46100.701,24155.353,0,0,0,0,3007,3003,0.950,1.470,1.640,2,0,5.023,0,0,28,300,1,31,1
01-08 13:09:32,24.009,5.752,68.525,0,0,6485392,4548552,438704,4743876,44527.532,22124.214,0,144.053,0,19.007,3009,2909,0.950,1.470,1.640,1,0,2.001,0,0,28,300,1,23,1
01-08 13:09:33,24.660,4.733,69.746,0,0,6494872,4539072,438704,4743876,15490.674,7335.328,0,23.913,0,0.996,2690,2485,0.950,1.470,1.640,1,0,0,0,0,28,300,1,23,1
01-08 13:09:34,23.871,9.548,64.075,0,0,6489264,4544312,438908,4744040,30095.423,14798.952,0,3927.893,0,649.288,5027,5440,0.950,1.470,1.640,1,0,0,0,0,28,302,1,25,1
01-08 13:09:35,24.454,9.981,63.881,0,0,6410036,4623472,438940,4744076,31695.017,17632.187,0,283.472,0,24.954,3774,3539,0.960,1.460,1.630,1,0,24.954,0,0,28,301,1,25,1
01-08 13:09:36,24.718,7.241,66.664,0.250,0,6437792,4595712,438968,4744052,30524.724,14573.249,0,259.666,0,27.964,3592,3542,0.960,1.460,1.630,3,0,1.997,0,0,28,299,1,18,1
01-08 13:09:37,31.222,6.994,60.446,0,0,6454308,4579108,439004,4744104,30035.361,14938.751,0,247.780,0,37.966,3683,3452,0.960,1.460,1.630,2,0,0.999,0,0,28,299,1,19,1
01-08 13:09:38,26.451,4.492,66.876,0,0,6455000,4578408,439004,4744112,29677.766,573400.829,0,3.993,0,0.998,3449,2879,0.960,1.460,1.630,1,0,1.996,0,0,28,299,1,19,1
01-08 13:09:39,19.498,9.499,69.242,0,0,6402352,4631056,439004,4744112,30490.323,16054.064,0,399.952,0,68.992,3063,2756,0.960,1.460,1.630,3,0,24.997,0,0,28,299,1,19,1
01-08 13:09:40,24.631,6.220,68.171,0,0,6448428,4584980,439012,4744104,44177.535,22288.303,0,131.365,0,3.981,2808,2575,0.960,1.460,1.630,6,0,0,0,0,28,300,1,13,1
01-08 13:09:41,25.635,5.278,68.107,0.251,0,6448324,4584980,439096,4744124,30677.984,17765.223,0,2119.120,0,107.564,3345,3338,0.960,1.460,1.630,1,0,2.011,0,0,28,299,1,13,1
01-08 13:09:42,7.492,5.993,84.906,0.250,0,6460492,4572900,439148,4743984,98503.445,28310.513,35.960,91.898,1.998,7.991,2355,2627,0.960,1.460,1.630,3,0,14.983,0,0,28,299,1,13,1
01-08 13:09:43,14.738,14.987,63.696,5.246,0,6446276,4582908,439152,4748188,45341.587,23663.952,2985.471,151.871,63.946,4.996,3043,2625,0.960,1.460,1.630,1,0,1.998,0,0,28,299,1,13,1
01-08 13:09:44,10.318,12.331,68.951,7.046,0,6432620,4591220,439176,4753508,60338.035,30709.053,4002.203,382.504,74.488,25.165,3128,3019,0.960,1.460,1.630,1,1,4.026,0,0,28,299,1,13,1
01-08 13:09:45,9.708,13.441,67.704,7.467,0,6420328,4597784,439212,4759184,44485.473,22437.883,4719.363,386.311,67.704,34.848,3378,3474,0.960,1.450,1.630,0,1,5.974,0,0,28,299,1,13,1
01-08 13:09:46,8.253,6.753,64.526,18.758,0,6403380,4598280,439268,4775516,61418.049,31489.843,15534.336,428.175,180.073,50.020,3991,4603,0.960,1.450,1.630,1,1,2.001,0,0,28,299,1,13,1
01-08 13:09:47,3.751,4.502,68.526,21.258,0,6396300,4585044,439292,4795696,29607.369,15279.867,18375.056,180.069,204.078,19.007,3092,3484,0.960,1.450,1.630,0,1,1.000,0,0,28,299,1,13,1
01-08 13:09:48,11.022,10.521,68.135,9.018,0,6391128,4582116,439300,4803756,42405.118,535822.894,6905.699,104.207,78.155,5.010,3121,2812,0.960,1.450,1.630,1,0,3.006,0,0,28,299,1,13,1
01-08 13:09:49,15.083,14.831,70.386,0,0,6386272,4584860,439300,4805868,15451.786,7402.619,0,253.390,0,10.055,2480,2245,0.960,1.450,1.630,4,0,0,0,0,28,299,1,13,1
01-08 13:09:50,10.698,11.444,69.411,6.220,0,6378936,4586692,439308,4811332,30380.707,15070.439,3789.503,258.737,35.825,17.913,2666,2532,0.970,1.440,1.620,1,1,1.990,0,0,28,299,1,13,1
01-08 13:09:51,5.742,4.743,68.402,19.971,0,6372764,4583164,439316,4821008,44798.539,22715.315,9614.166,123.822,90.869,6.990,2876,3269,0.970,1.440,1.620,0,1,3.994,0,0,28,299,1,13,1
01-08 13:09:52,7.985,6.987,63.130,18.964,0,6369228,4571676,439320,4835964,45055.261,22573.044,14863.715,107.795,152.709,7.985,3603,3866,0.970,1.440,1.620,2,0,5.989,0,0,28,299,1,13,1
01-08 13:09:53,7.016,6.765,67.403,17.790,0,6354364,4570544,439336,4851880,60265.074,30385.112,15699.709,128.292,161.367,12.027,3535,3768,0.970,1.440,1.620,0,1,6.014,0,0,28,299,1,13,1
01-08 13:09:54,2.745,3.743,68.872,22.458,0,6345908,4570040,439356,4860772,45090.937,22008.969,8655.863,2786.805,88.834,512.045,3399,3118,0.970,1.440,1.620,2,1,1.996,0,0,28,299,1,13,1
01-08 13:09:55,3.761,5.014,68.947,20.308,0,6345092,4559204,439364,4872368,45339.352,22666.667,11376.457,200.572,136.389,14.040,2939,3082,0.970,1.430,1.620,1,1,2.006,0,0,28,299,1,13,1
