"pcp-dstat 6.2.0 CSV Output"
"Author:","PCP team <pcp@groups.io> and Dag Wieers <dag@wieers.com>",,,,"URL:","https://pcp.io/ and http://dag.wieers.com/home-made/dstat/"
"Host:","ubuntu",,,,"User:","stack"
"Cmdline:","dstat -tcmndrylpg --tcp --output /opt/stack/logs/dstat-csv.log",,,,"Date:","28 Jul 2026 09:52:31 UTC"
"system","total usage",,,,,"memory usage",,,,"net/total",,"dsk/total",,"io/total",,"system",,"load avg",,,"procs",,,"paging",,"tcp sockets",,,,
"time","total usage:usr","total usage:sys","total usage:idl","total usage:wai","total usage:stl","used","free","buf","cach","net/total:recv","net/total:send","dsk/total:read","dsk/total:writ","read","writ","int","csw","1m","5m","15m","run","blk","new","in","out","lis","act","syn","tim","clo"
28-07 09:52:31,,1210308,11518836,154988,3269612,,,,,,,1.730,1.300,0.880,3,0,,,,12,5,0,9,0
28-07 09:52:32,20.110,24.082,54.620,0,0,1222716,11506248,155048,3269688,79987.380,39549.779,0,635.577,0,18.869,4839,3037,1.730,1.300,0.880,3,0,148.963,0,0,12,6,0,9,0
28-07 09:52:33,15.687,22.909,59.015,0,0,1217732,11510796,155140,3269948,82397.701,42203.846,0,988.063,0,29.881,4314,2434,1.730,1.300,0.880,3,0,132.472,0,0,12,6,0,9,0
28-07 09:52:34,21.787,24.542,52.589,0,0,1217268,11510916,155204,3270164,57184.840,31474.300,0,2740.641,0,381.646,4947,2421,1.830,1.330,0.890,2,1,138.234,0,0,12,5,0,9,1
28-07 09:52:35,25.345,24.600,46.964,0.248,0,1233552,11494544,155236,3270200,65448.913,37694.153,0,5677.381,0,34.788,4450,2244,1.830,1.330,0.890,2,0,117.285,0,0,12,4,0,9,2
28-07 09:52:36,23.082,23.583,49.676,0.251,0,1235796,11492108,155284,3270304,69341.143,37523.658,0,778.753,0,23.082,4324,2303,1.830,1.330,0.890,3,0,117.415,0,0,12,4,0,9,2
28-07 09:52:37,19.288,23.296,55.360,0,0,1236816,11490652,155436,3270512,108046.229,32765.269,0,1158.307,0,42.084,4059,2188,1.830,1.330,0.890,1,0,102.204,0,0,12,4,0,9,2
28-07 09:52:38,26.299,27.301,43.581,0,0,1234556,11492692,155468,3271120,99627.733,37300.538,0,516.964,0,13.024,4955,4355,1.830,1.330,0.890,1,0,100.187,0,0,12,4,0,9,2
28-07 09:52:39,30.912,21.189,45.121,0,0,1242356,11484124,155532,3271292,630081.830,491945.491,0,1009.117,0,17.949,5471,2809,1.840,1.340,0.900,2,0,72.792,0,0,12,4,0,9,2
28-07 09:52:40,21.958,22.956,51.650,0,0,1244980,11481152,155640,3271500,68505.882,146012.406,0,1030.014,0,32.936,4117,2135,1.840,1.340,0.900,2,0,98.809,0,0,12,4,0,9,2
28-07 09:52:41,32.642,21.845,42.435,0.251,0,1225184,11485056,155740,3286672,207449.683,39974.944,0,1153.017,0,29.127,4377,3787,1.840,1.340,0.900,1,0,62.271,0,0,12,4,0,9,2
28-07 09:52:42,37.573,22.643,38.070,0,0,1233956,11470792,155944,3291612,303136.579,31922.367,0,1039.097,0,29.859,5339,4998,1.840,1.340,0.900,4,0,65.690,0,0,12,4,0,9,2
28-07 09:52:43,30.031,23.722,44.415,0,0,1373316,11324820,156224,3422108,46739.602,24883.440,0,763.129,0,33.311,5007,3845,1.840,1.340,0.900,3,0,73.688,0,0,13,6,0,9,2
28-07 09:52:44,37.610,13.450,46.328,0.249,0,1379656,11308344,156944,3429772,61685.146,33701.965,0,589.812,0,26.900,3430,1967,2.100,1.410,0.920,2,0,27.897,0,0,13,6,0,9,2
28-07 09:52:45,40.482,13.578,43.751,0,0,1385812,11294112,157224,3436844,62145.800,33809.110,0,11642.846,0,56.323,3654,1975,2.100,1.410,0.920,2,0,22.127,0,0,13,6,0,9,2
28-07 09:52:46,34.144,17.944,45.110,0,0,1376320,11294456,157436,3444636,46679.556,25410.371,0,175.457,0,7.975,4177,2217,2.100,1.410,0.920,2,0,87.729,0,0,13,6,0,9,2
28-07 09:52:47,34.584,17.041,45.861,0.251,0,1378496,11288336,157604,3447932,62190.599,33842.953,0,830.010,0,27.066,4344,2708,2.100,1.410,0.920,2,0,87.211,0,0,13,6,0,12,2
28-07 09:52:48,41.500,9.750,45.500,2.250,0,1395800,11253120,158236,3463904,58841.814,590237.131,647.998,2003.994,33.000,71.000,3762,2467,2.100,1.410,0.920,2,0,2.000,0,0,13,6,0,12,2
28-07 09:52:49,38.079,7.766,46.596,5.010,0,1407932,11229836,159000,3472680,45803.709,24104.842,1018.105,5795.985,38.079,482.999,3764,1953,2.090,1.420,0.920,2,1,0,0,0,13,6,0,12,2
28-07 09:52:50,39.664,8.232,48.146,3.243,0,1434028,11194412,159660,3479896,45321.724,22811.535,2582.400,1923.828,159.654,43.905,3436,2093,2.090,1.420,0.920,2,0,0,0,0,13,6,0,12,2
28-07 09:52:51,43.008,6.751,48.009,0.250,0,1459084,11159468,159980,3488420,16192.047,8418.584,76.014,1364.257,1.000,17.003,2971,1612,2.090,1.420,0.920,2,0,2.000,0,0,13,6,0,12,2
28-07 09:52:52,42.896,6.734,47.385,0.499,0,1473380,11125320,160772,3505644,31034.984,15754.918,111.730,1548.258,4.988,44.891,3061,1686,2.090,1.420,0.920,2,0,0.998,0,0,13,6,0,12,2
28-07 09:52:53,41.153,10.412,44.871,1.240,0,1496772,11090632,163028,3513360,16860.749,9679.337,15.866,9349.123,0.992,661.420,6575,7298,2.090,1.420,0.920,2,0,9.916,0,0,13,8,0,12,2
28-07 09:52:54,36.242,16.108,39.262,3.020,0,1440076,11155144,167800,3500792,46577.053,23564.369,0,28075.495,0,1975.191,11769,16048,2.240,1.460,0.940,5,0,33.222,0,0,13,6,0,12,0
28-07 09:52:55,34.859,18.809,34.859,6.520,0,1476040,11110096,172724,3504956,30720.754,15908.586,930.902,53631.163,12.038,2728.504,12118,17332,2.240,1.460,0.940,3,0,45.141,0,0,13,6,0,12,0
28-07 09:52:56,41.222,13.491,39.223,3.248,0,1508080,11075068,175272,3505320,46998.861,28163.741,0,22372.701,0,1350.077,8578,10489,2.240,1.460,0.940,1,0,32.977,0,0,13,6,1,12,0
28-07 09:52:57,27.520,16.012,53.789,0,0,1405464,11176628,175328,3506316,54543.265,27671.921,0,748.539,0,30.022,3784,2090,2.240,1.460,0.940,3,0,77.055,0,0,13,5,0,12,0
28-07 09:52:58,40.897,9.476,47.381,0.249,0,1403936,11172152,175400,3511440,45994.315,23892.905,0,1731.645,0,37.905,3106,1689,2.240,1.460,0.940,4,0,1.995,0,0,13,4,0,12,0
28-07 09:52:59,44.366,12.533,39.603,0,0,1437744,11137376,175848,3511728,45888.916,23727.003,0,6252.338,0,272.713,7134,10802,2.220,1.470,0.950,2,0,6.016,0,0,13,4,0,12,0
28-07 09:53:00,38.846,15.340,44.042,0,0,1471264,11102788,175872,3512616,34433.760,16081.690,0,19655.509,0,90.063,3677,2365,2.220,1.470,0.950,4,0,9.897,0,0,13,4,0,12,0
28-07 09:53:01,43.602,8.821,46.374,0,0,1454116,11119756,175872,3512736,39092.508,587799.004,0,104.846,0,4.033,3247,1683,2.220,1.470,0.950,3,0,2.016,0,0,13,4,0,12,0
28-07 09:53:02,45.864,10.412,40.410,0,0,1470480,11103376,175876,3512716,45630.318,25048.381,0,3.967,0,0.992,7446,11564,2.220,1.470,0.950,2,0,11.900,0,0,13,4,0,12,0
28-07 09:53:03,33.701,17.991,48.145,0,0,1417512,11156172,175876,3512808,47421.120,25672.841,0,89.195,0,1.014,3228,1723,2.220,1.470,0.950,2,0,22.299,0,0,13,4,0,12,0
28-07 09:53:04,39.230,10.676,47.672,0,0,1422188,11159476,175920,3505552,45055.819,22800.036,0,2026.052,0,13.904,3066,1625,2.290,1.490,0.960,2,0,0.993,0,0,13,4,0,12,0
28-07 09:53:05,42.470,9.493,47.467,0,0,1437488,11144364,175920,3505408,31052.360,15650.094,0,407.716,0,91.936,3196,1479,2.290,1.490,0.960,2,0,8.994,0,0,13,4,0,12,0
28-07 09:53:06,45.555,6.040,47.317,0,0,1434748,11147024,175992,3505416,16762.234,8407.292,0,1006.741,0,32.216,3128,1784,2.290,1.490,0.960,3,0,19.128,0,0,13,4,0,12,0
28-07 09:53:07,25.186,22.692,50.622,0,0,1319536,11262276,176004,3505428,47053.688,26771.118,0,155.605,0,7.980,4227,2339,2.290,1.490,0.960,1,0,147.626,0,0,13,4,0,12,0
28-07 09:53:08,6.216,22.873,69.117,0,0,1319144,11262656,176004,3505440,61899.843,35824.398,0,3.978,0,0.994,4076,2606,2.290,1.490,0.960,1,0,133.261,0,0,13,4,0,9,0
28-07 09:53:09,7.551,23.409,67.208,0,0,1317468,11264200,176004,3505572,62271.264,32458.143,0,12.082,0,3.021,4218,2615,2.260,1.500,0.960,1,0,118.809,0,0,13,4,0,9,0
28-07 09:53:10,6.967,23.140,67.182,0,0,1319240,11262420,176004,3505580,46467.016,24116.826,0,11.943,0,2.986,4062,2435,2.260,1.500,0.960,1,0,117.444,0,0,13,4,0,9,0
28-07 09:53:11,8.247,24.243,65.480,0,0,1306072,11275576,176004,3505592,68509.964,465234.148,0,871.732,0,177.945,4680,2812,2.260,1.500,0.960,1,0,116.964,0,0,13,4,0,9,0
28-07 09:53:12,7.992,22.477,67.182,0,0,1306044,11275592,176012,3505596,50440.119,148948.750,0,163.835,0,4.995,4126,2468,2.260,1.500,0.960,2,0,104.894,0,0,13,4,0,8,0
28-07 09:53:13,17.826,20.512,58.361,0,0,1304232,11277388,176012,3505596,45181.726,22849.215,0,19.535,0,3.907,3981,4600,2.260,1.500,0.960,3,0,54.698,0,0,13,4,0,8,0
28-07 09:53:14,21.905,20.887,57.056,0,0,1281964,11299628,176012,3505596,46679.894,23748.508,0,0,0,0,4373,4496,2.640,1.590,1,1,0,63.169,0,0,13,4,0,8,0
28-07 09:53:15,24.225,21.011,46.719,5.438,0,1308240,11271516,176016,3507888,60873.039,32125.817,1795.589,3.955,22.741,0.989,3887,2416,2.640,1.590,1,4,0,59.326,0,0,13,4,0,8,0
28-07 09:53:16,46.358,28.019,24.453,1.528,0,1380520,11197896,176016,3509204,48776.991,25987.089,1194.106,30211.291,15.283,116.150,4696,2368,2.640,1.590,1,2,0,80.490,0,0,13,5,0,7,0
28-07 09:53:17,43.964,6.783,47.732,0,0,1428396,11150016,176016,3509208,45691.478,22290.536,0,0,0,0,2748,1267,2.640,1.590,1,2,0,0,0,0,13,5,0,7,0
28-07 09:53:18,46.752,2.487,47.995,1.492,0,1440964,11136912,176072,3509688,30305.266,14777.622,19.894,935.041,3.979,6.963,2809,1172,2.640,1.590,1,2,0,1.989,0,0,13,5,0,7,0
28-07 09:53:19,38.153,11.970,47.131,0.748,0,1467088,11110200,176072,3510284,15687.242,7277.556,490.756,15.960,5.985,3.990,2785,1347,2.590,1.600,1,2,0,0,0,0,13,5,0,7,0
28-07 09:53:20,36.296,14.268,48.312,0,0,1468852,11108436,176080,3510276,30227.559,13415.113,0,4.005,0,1.001,2735,1312,2.590,1.600,1,2,0,0,0,0,13,5,0,4,0
28-07 09:53:21,48.633,9.976,38.906,0,0,1495120,11079460,176204,3512824,788.097,1889.438,3.990,5095.698,0.998,638.459,5434,4486,2.590,1.600,1,3,0,7.981,0,0,13,4,0,5,0
28-07 09:53:22,16.508,27.764,54.277,0,0,1502992,11071432,176204,3512944,61455.337,34219.893,0,53246.285,0,135.067,4587,2703,2.590,1.600,1,4,0,119.059,0,0,13,6,0,5,0
28-07 09:53:23,35.555,10.843,49.425,2.774,0,1549724,11023888,176352,3513544,59958.019,577612.496,730.273,1634.036,15.130,5.043,3528,2215,2.590,1.600,1,2,0,17.147,0,0,14,12,0,5,0
28-07 09:53:24,21.389,4.974,70.633,0,0,1584248,10989364,176352,3513544,46238.000,23407.502,0,0,0,0,2069,1463,2.460,1.590,1,1,0,1.990,0,0,14,12,0,5,0
28-07 09:53:25,22.717,5.242,71.396,0,0,1609192,10964416,176352,3513548,35320.709,17457.649,0,3.994,0,0.999,1977,1427,2.460,1.590,1,2,0,0,0,0,14,12,0,5,0
28-07 09:53:26,24.782,2.253,71.593,0,0,1617556,10955848,176356,3513748,31088.564,15759.563,0,4.005,0,1.001,1874,1247,2.460,1.590,1,3,0,0,0,0,14,12,0,5,0
28-07 09:53:27,22.749,7.250,66.746,1.750,0,1628504,10944408,176588,3514008,47448.253,34876.981,207.988,15883.080,14.999,317.982,3438,3065,2.460,1.590,1,3,0,4.000,0,0,14,18,0,5,0
28-07 09:53:28,36.455,6.742,53.684,0,0,1638392,10933852,177300,3513960,46015.021,26528.151,0,5505.183,0,362.551,5388,6371,2.460,1.590,1,3,0,0,0,0,14,18,0,7,0
28-07 09:53:29,13.973,13.224,70.613,0,0,1555640,11016540,177332,3514024,44773.317,23153.174,0,363.297,0,18.963,2606,1872,2.350,1.580,1,1,0,41.919,0,0,14,18,0,7,0
28-07 09:53:30,33.093,13.287,50.391,2.507,0,1599416,10972244,177380,3514424,30554.409,14993.913,377.054,441.233,22.062,14.039,3515,11698,2.350,1.580,1,0,1,38.107,0,0,14,18,0,8,0
28-07 09:53:31,23.477,3.497,70.930,0.250,0,1606860,10964400,177540,3514648,30373.000,14887.295,83.917,3664.381,3.996,104.896,1994,1489,2.350,1.580,1,1,0,0,0,0,14,18,0,8,0
28-07 09:53:32,21.119,5.783,72.408,0,0,1619796,10951384,177556,3514672,31494.260,14807.340,0,567.192,0,13.074,2500,2029,2.350,1.580,1,1,0,1.006,0,0,14,18,0,7,0
28-07 09:53:33,12.161,3.723,70.980,9.927,0,1617872,10952668,177600,3515076,15347.587,7308.469,440.772,0,109.200,0,1835,1566,2.350,1.580,1,1,0,1.985,0,0,14,23,0,7,0
28-07 09:53:34,24.048,3.006,72.143,0,0,1616920,10953604,177600,3515088,15609.966,7376.633,0,0,0,0,2569,2263,2.240,1.570,1,1,0,0,0,0,14,24,0,7,0
28-07 09:53:35,12.544,13.799,70.500,0,0,1598332,10972184,177600,3515096,967.428,0,0,0,0,0,2362,1666,2.240,1.570,1,1,0,43.153,0,0,14,24,0,7,0
28-07 09:53:36,21.632,5.221,71.608,0,0,1628656,10941860,177608,3515088,44972.681,22926.430,0,954.771,0,3.978,2024,1412,2.240,1.570,1,1,0,1.989,0,0,14,24,0,7,0
28-07 09:53:37,23.051,4.259,72.161,0,0,1646768,10923600,177608,3515232,30670.254,15117.643,0,4.009,0,1.002,2022,1393,2.240,1.570,1,1,0,0,0,0,14,24,0,7,0
28-07 09:53:38,22.430,5.732,67.290,0.249,0,1642848,10927452,177664,3515240,40891.512,457483.694,0,681.874,0,35.888,3559,3468,2.240,1.570,1,2,0,0.997,0,0,14,25,0,7,0
28-07 09:53:39,19.800,9.023,70.678,0,0,1588480,10981808,177664,3515252,18608.811,133199.068,0,4.010,0,1.003,2599,1583,2.220,1.580,1.010,1,0,47.119,0,0,14,24,0,7,0
28-07 09:53:40,25.182,23.187,49.366,0,0,1606924,10963348,177672,3515260,30526.047,16329.625,0,91.751,0,5.984,3915,2247,2.220,1.580,1.010,2,0,110.699,0,0,14,24,0,7,0
28-07 09:53:41,44.123,7.564,48.158,0,0,1656560,10913704,177672,3515264,45297.414,23204.411,0,0,0,0,2772,1283,2.220,1.580,1.010,2,0,0,0,0,14,24,0,7,0
28-07 09:53:42,44.209,6.954,45.947,0,0,1689008,10881248,177672,3515272,15984.633,7570.099,0,2296.860,0,398.374,3817,1788,2.220,1.580,1.010,3,0,2.980,0,0,14,26,0,7,0
28-07 09:53:43,43.240,8.498,45.989,0,0,1691708,10878476,177688,3515328,30260.814,14912.459,0,123.971,0,8.998,4961,4714,2.220,1.580,1.010,2,0,0,0,0,14,26,0,7,0
28-07 09:53:44,45.044,6.968,44.795,0,0,1663136,10906956,177752,3515356,15328.962,7328.516,0,246.872,0,25.882,5575,5625,2.120,1.570,1.010,3,0,4.977,0,0,14,24,0,7,0
28-07 09:53:45,29.162,45.137,24.597,0,0,1611532,10958532,177768,3515368,15957.257,8394.499,0,190.692,0,14.200,5207,3120,2.120,1.570,1.010,7,0,276.909,0,0,14,24,0,7,0
28-07 09:53:46,62.521,36.012,0.500,0,0,1718856,10851184,177784,3515376,61541.558,32188.753,0,172.057,0,13.004,5338,3462,2.120,1.570,1.010,6,0,272.091,0,0,14,24,0,7,0
28-07 09:53:47,76.844,21.706,0.748,0,0,1866176,10703820,177816,3515384,45633.205,23374.468,0,351.286,0,17.963,5704,3992,2.120,1.570,1.010,6,0,29.939,0,0,14,24,0,7,0
28-07 09:53:48,82.912,14.441,0.498,0,0,1972764,10597048,177816,3515528,31348.269,14807.665,0,95.610,0,1.992,6083,4973,2.120,1.570,1.010,7,0,2.988,0,0,14,27,0,7,0
28-07 09:53:49,84.843,11.296,2.761,0,0,2027200,10542364,177872,3515660,30285.473,15175.368,0,228.926,0,23.093,7359,8180,2.350,1.620,1.030,6,0,0,0,0,14,25,0,7,0
28-07 09:53:50,73.255,19.617,5.215,0,0,1935724,10633616,177992,3515752,30337.800,15230.980,0,500.614,0,49.664,7183,8050,2.350,1.620,1.030,4,0,120.187,0,0,14,24,0,7,0
28-07 09:53:51,29.558,27.805,40.580,0,0,1740680,10828624,178008,3515772,61279.196,32231.747,0,228.452,0,12.024,4649,3014,2.350,1.620,1.030,2,0,191.379,0,0,14,24,0,7,0
28-07 09:53:52,17.998,8.499,71.994,0,0,1732240,10837048,178024,3515772,39485.467,443372.327,0,179.984,0,7.999,2152,1701,2.350,1.620,1.030,1,0,1.000,0,0,14,24,0,7,0
28-07 09:53:53,23.228,4.496,71.933,0,0,1733552,10835540,178084,3515904,33818.372,150820.946,0,879.178,0,34.967,2275,1679,2.350,1.620,1.030,1,0,0.999,0,0,14,25,0,7,0
28-07 09:53:54,21.767,4.504,71.807,0,0,1719148,10849940,178084,3515908,15531.300,7301.783,0,0,0,0,2469,2106,2.240,1.610,1.030,1,0,2.002,0,0,14,25,0,7,0
28-07 09:53:55,20.248,6.749,71.243,0,0,1617384,10951664,178116,3515916,31066.794,15268.424,0,119.988,0,12.999,3104,2832,2.240,1.610,1.030,1,0,22.998,0,0,14,24,0,7,0
28-07 09:53:56,13.751,13.751,71.503,0,0,1633784,10935248,178132,3515916,45101.003,24507.088,0,128.006,0,8.000,2585,1868,2.240,1.610,1.030,1,0,45.002,0,0,14,24,0,7,0
28-07 09:53:57,20.990,5.747,71.716,0,0,1661304,10907712,178148,3515916,31075.259,15148.814,0,271.871,0,42.980,1890,1179,2.240,1.610,1.030,1,0,1.999,0,0,14,24,0,7,0
28-07 09:53:58,21.999,5.500,71.247,0,0,1668976,10900020,178164,3515920,30481.923,15467.454,0,2203.922,0,253.991,2607,2022,2.240,1.610,1.030,1,0,0,0,0,14,24,0,7,0
28-07 09:53:59,23.007,4.501,71.521,0,0,1655056,10913876,178228,3515940,15666.657,7364.189,0,200.059,0,26.008,3217,3525,2.140,1.600,1.030,1,0,5.001,0,0,14,24,0,7,0
28-07 09:54:00,5.502,26.509,66.272,0,0,1637452,10931444,178260,3515940,46998.342,25964.476,0,248.081,0,13.004,4552,2858,2.140,1.600,1.030,1,0,178.058,0,0,14,24,0,7,0
28-07 09:54:01,4.996,25.729,66.696,0,0,1610680,10958200,178276,3515940,57464.155,32041.879,0,211.827,0,9.992,4742,2701,2.140,1.600,1.030,1,0,187.847,0,0,14,24,0,7,0
28-07 09:54:02,6.213,28.581,63.374,0,0,1603388,10965408,178364,3515936,49828.711,26298.155,0,930.486,0,50.700,4786,2912,2.140,1.600,1.030,2,0,195.839,0,0,14,24,0,7,0
28-07 09:54:03,27.112,42.676,28.116,0,0,1610580,10958200,178364,3515952,60990.160,31598.122,0,240.992,0,7.029,5267,3109,2.140,1.600,1.030,4,0,251.034,0,0,14,24,0,7,0
28-07 09:54:04,61.953,36.517,0.756,0,0,1678088,10890684,178368,3515956,60750.219,461285.014,0,16.118,0,4.029,5295,3145,2.450,1.680,1.050,6,0,227.665,0,0,14,24,0,7,0
28-07 09:54:05,81.714,17.242,0,0,0,1814104,10754644,178368,3515976,58206.623,145242.677,0,0,0,0,5299,2938,2.450,1.680,1.050,5,0,0,0,0,14,24,0,7,0
28-07 09:54:06,81.789,14.463,1.745,0,0,1904020,10664708,178368,3515992,29997.456,15061.067,0,0,0,0,5842,4713,2.450,1.680,1.050,5,0,1.995,0,0,14,25,0,7,0
28-07 09:54:07,78.353,12.188,7.960,0,0,1935660,10632716,178416,3516296,15543.291,7390.575,0,3331.132,0,466.637,6729,7529,2.450,1.680,1.050,5,0,0,0,0,14,26,0,8,0
28-07 09:54:08,78.894,16.583,3.015,0,0,1908900,10659124,178560,3516496,16296.420,7857.256,0,566.832,0,61.306,6654,11110,2.450,1.680,1.050,5,0,35.176,0,0,14,25,0,9,0
28-07 09:54:09,68.231,30.353,0.502,0,0,1736912,10831040,178608,3516516,15456.272,7748.204,0,280.950,0,23.078,5238,3550,2.740,1.750,1.080,7,0,201.682,0,0,14,24,0,9,0
28-07 09:54:10,74.172,24.724,0,0,0,1839968,10727956,178624,3516524,45393.544,23911.003,0,227.762,0,9.990,5291,3399,2.740,1.750,1.080,6,0,75.921,0,0,14,24,0,9,0
28-07 09:54:11,82.707,15.196,0.498,0,0,1970404,10597448,178704,3516516,30071.322,15016.728,0,737.384,0,40.855,5898,4573,2.740,1.750,1.080,6,0,0,0,0,14,25,0,9,0
28-07 09:54:12,83.848,13.516,1.502,0,0,2016668,10551092,178720,3516588,30985.032,15546.078,0,76.088,0,6.007,6589,7702,2.740,1.750,1.080,6,0,3.003,0,0,14,25,0,10,0
28-07 09:54:13,72.494,18.498,8.249,0,0,1981300,10586276,178720,3516768,31231.206,15948.573,0,11.999,0,3.000,7803,10406,2.740,1.750,1.080,4,0,89.992,0,0,14,28,0,10,0
28-07 09:54:14,57.846,9.147,30.406,0,0,1899708,10667620,178784,3516948,45975.062,22572.722,0,265.003,0,26.698,7093,8190,2.840,1.790,1.100,4,0,9.888,0,0,14,25,0,11,0
28-07 09:54:15,47.748,34.541,18.286,0,0,1740328,10826968,178800,3516964,62298.007,33799.529,0,178.801,0,10.159,5495,3787,2.840,1.790,1.100,2,0,203.183,0,0,14,24,0,11,0
28-07 09:54:16,43.451,12.414,43.451,0,0,1784904,10782364,178824,3516956,44784.369,22820.731,0,222.467,0,10.925,3164,1511,2.840,1.790,1.100,2,0,5.959,0,0,14,24,0,11,0
28-07 09:54:17,43.871,8.724,46.862,0,0,1819044,10748188,178840,3516976,30583.172,15033.843,0,135.602,0,7.977,4087,3314,2.840,1.790,1.100,2,0,0,0,0,14,25,0,11,0
28-07 09:54:18,45.999,6.500,43.999,0,0,1803528,10763568,178928,3517012,26024.199,450470.130,0,551.983,0,40.999,6432,6746,2.840,1.790,1.100,2,0,2.000,0,0,14,25,0,11,0
28-07 09:54:19,24.305,40.091,34.328,0,0,1688128,10878928,178948,3517032,48730.402,154592.238,0,268.609,0,16.036,5539,3745,2.770,1.790,1.100,4,0,270.613,0,0,14,24,0,11,0
28-07 09:54:20,43.839,32.315,23.548,0,0,1699792,10867236,178976,3517028,60184.796,31926.610,0,252.511,0,13.026,4673,2561,2.770,1.790,1.100,3,0,109.221,0,0,14,24,0,11,0
28-07 09:54:21,63.719,13.797,22.829,0,0,1777388,10789412,179192,3517036,30565.198,15477.269,0,2396.247,0,126.435,4539,2773,2.770,1.790,1.100,4,0,2.007,0,0,14,24,0,11,0
28-07 09:54:22,64.401,11.189,22.876,0,0,1812076,10754648,179240,3517064,29912.694,14740.021,0,186.985,0,19.892,5512,4364,2.770,1.790,1.100,5,0,0.995,0,0,14,28,0,10,0
28-07 09:54:23,51.450,6.011,36.784,0,0,1810784,10755744,179272,3517224,15431.184,7328.033,0,119.249,0,11.540,6704,7434,2.770,1.790,1.100,4,0,0,0,0,14,28,0,10,0
28-07 09:54:24,55.578,30.411,16.516,0,0,1716816,10849604,179380,3517220,32519.703,16969.264,0,1073.818,0,49.287,6190,5665,2.950,1.840,1.120,4,0,197.146,0,0,14,28,0,11,0
28-07 09:54:25,69.983,29.493,0.500,0,0,1719760,10846592,179396,3517268,45190.812,23282.236,0,211.948,0,7.998,4991,2478,2.950,1.840,1.120,4,0,72.982,0,0,14,28,0,11,0
28-07 09:54:26,85.115,13.856,0.742,0,0,1882460,10683868,179412,3517276,29646.649,14784.231,0,59.382,0,6.928,5117,2567,2.950,1.840,1.120,4,0,0,0,0,14,30,0,11,0
28-07 09:54:27,74.514,12.959,10.965,0,0,1884356,10681864,179492,3517304,30104.739,14868.950,0,945.010,0,47.849,5657,5403,2.950,1.840,1.120,3,0,1.994,0,0,14,32,0,12,0
28-07 09:54:28,51.327,7.045,39.754,0.252,0,1884280,10681864,179524,3517344,15497.856,7342.838,0,4214.886,0,546.486,7113,7396,2.950,1.840,1.120,4,0,0,0,0,14,31,0,12,0
28-07 09:54:29,65.896,19.794,12.778,0,0,1836668,10729412,179572,3517356,15253.891,7312.247,0,224.499,0,21.047,6402,6690,3.110,1.900,1.140,7,0,89.198,0,0,14,29,0,13,0
28-07 09:54:30,59.453,37.343,0.983,0,0,1682552,10883348,179588,3518504,31258.650,16990.853,0,153.301,0,8.844,5332,5515,3.110,1.900,1.140,8,0,266.311,0,0,14,28,0,11,0
28-07 09:54:31,69.784,15.848,16.871,0,0,1768132,10797736,179612,3517512,46168.883,22997.531,0,184.046,0,12.270,4447,9014,3.110,1.900,1.140,3,0,2.045,0,0,14,28,0,12,0
28-07 09:54:32,64.099,9.578,23.577,0,0,1798956,10766832,179652,3517544,29725.111,14334.539,0,412.590,0,21.612,4985,3729,3.110,1.900,1.140,4,0,0.982,0,0,14,30,0,12,0
28-07 09:54:33,61.064,13.121,24.224,0.252,0,1724880,10840808,179716,3517580,23137.880,440295.974,0,205.903,0,26.243,7288,7669,3.110,1.900,1.140,4,0,25.233,0,0,14,30,0,13,0
28-07 09:54:34,49.213,37.351,12.871,0,0,1682732,10882868,179764,3517616,56454.241,152634.307,0,484.560,0,60.570,6431,5805,3.270,1.950,1.160,4,0,229.156,0,0,14,28,0,12,0
28-07 09:54:35,66.959,22.986,9.994,0,0,1692148,10873428,179780,3517624,52517.974,26647.750,0,191.883,0,8.995,4507,2096,3.270,1.950,1.160,3,0,49.970,0,0,14,28,0,12,0
28-07 09:54:36,63.504,10.958,24.903,0,0,1799180,10766380,179812,3517608,30180.004,15167.203,0,215.166,0,12.950,4376,2588,3.270,1.950,1.160,4,0,1.992,0,0,14,30,0,13,0
28-07 09:54:37,59.468,10.450,28.365,0.249,0,1800848,10764616,179860,3517652,29997.755,14815.746,0,613.093,0,31.849,5421,4768,3.270,1.950,1.160,3,0,0,0,0,14,31,0,13,0
28-07 09:54:38,57.528,12.006,28.514,0,0,1793744,10771676,179892,3517660,15748.728,7365.614,0,132.065,0,14.007,6722,7041,3.270,1.950,1.160,3,0,36.018,0,0,14,29,0,15,0
28-07 09:54:39,46.173,43.412,9.787,0,0,1675204,10890152,179908,3517708,61391.583,32377.079,0,208.781,0,14.053,5320,3401,3.240,1.970,1.170,3,0,253.950,0,0,14,28,0,15,0
28-07 09:54:40,62.512,15.003,23.004,0,0,1759860,10805476,179940,3517692,45287.704,23400.497,0,200.038,0,12.002,4012,1836,3.240,1.970,1.170,4,0,0,0,0,14,28,0,15,0
28-07 09:54:41,64.399,10.775,24.056,0,0,1801396,10763880,179980,3517712,30390.265,15165.063,0,372.862,0,19.044,4273,2485,3.240,1.970,1.170,3,0,0,0,0,14,28,0,15,0
28-07 09:54:42,56.175,9.197,32.313,0,0,1809228,10755816,179980,3517944,29782.852,14639.383,0,0,0,0,6468,7091,3.240,1.970,1.170,3,0,2.983,0,0,14,30,0,16,0
28-07 09:54:43,59.619,14.967,23.947,0,0,1712956,10852008,180044,3517956,15408.148,7280.006,0,251.448,0,26.941,5504,4461,3.240,1.970,1.170,3,0,47.895,0,0,14,29,0,16,0
28-07 09:54:44,54.634,22.764,22.511,0,0,1702804,10862104,180092,3517964,15761.777,7873.301,0,202.346,0,22.258,4654,2711,3.220,1.980,1.180,3,0,64.751,0,0,14,28,0,16,0
28-07 09:54:45,61.183,13.128,24.275,0,0,1756540,10808204,180116,3518104,44626.094,23256.299,0,162.493,0,9.908,4128,2272,3.220,1.980,1.180,4,0,1.982,0,0,14,30,0,16,0
28-07 09:54:46,63.640,10.816,24.399,0,0,1798560,10766132,180148,3518124,30572.273,17764.820,0,342.096,0,17.105,5448,4703,3.220,1.980,1.180,3,0,0,0,0,14,31,0,16,0
28-07 09:54:47,55.946,12.738,30.470,0,0,1783800,10780812,180188,3518160,28990.896,449052.678,0,119.884,0,14.985,6430,6092,3.220,1.980,1.180,6,0,29.971,0,0,14,28,0,17,0
28-07 09:54:48,48.695,19.076,31.124,0,0,1737580,10826956,180220,3518200,30561.209,144859.266,0,3686.743,0,519.076,5505,3984,3.220,1.980,1.180,2,0,53.213,0,0,14,28,0,17,0
28-07 09:54:49,32.875,32.626,33.373,0,0,1713636,10850856,180236,3518212,61080.938,32015.840,0,191.270,0,14.943,5168,3220,3.130,1.980,1.190,6,0,181.308,0,0,14,29,0,17,0
28-07 09:54:50,61.209,36.226,1.999,0,0,1748808,10815608,180256,3518232,61065.911,30769.296,0,239.839,0,15.989,5561,4281,3.130,1.980,1.190,9,0,224.849,0,0,14,29,0,14,0
28-07 09:54:51,71.428,28.320,0.501,0,0,1839420,10724920,180272,3518260,46684.013,26185.072,0,176.438,0,11.027,6266,5552,3.130,1.980,1.190,9,0,163.406,0,0,14,28,0,14,0
28-07 09:54:52,71.564,28.275,0.500,0,0,1909976,10654328,180296,3518272,61293.843,35802.034,0,228.204,0,11.010,5848,4761,3.130,1.980,1.190,9,0,213.191,0,0,14,29,0,14,0
28-07 09:54:53,72.105,25.610,1.989,0,0,1957036,10607216,180312,3518292,46422.491,27085.505,0,155.149,0,7.956,6225,5919,3.130,1.980,1.190,8,0,183.991,0,0,14,29,0,14,0
28-07 09:54:54,72.017,26.692,1.259,0,0,1956504,10607452,180424,3518468,62138.211,35466.684,0,535.848,0,48.347,6885,7225,3.440,2.070,1.220,7,0,225.620,0,0,14,28,0,14,0
28-07 09:54:55,66.403,32.702,0.250,0,0,1927676,10636144,180508,3518508,62509.158,35130.945,0,994.555,0,33.951,6320,6658,3.440,2.070,1.220,8,0,190.723,0,0,14,28,0,15,1
28-07 09:54:56,70.113,29.692,0,0,0,1801028,10762568,180532,3518708,58165.528,565127.519,0,159.688,0,11.977,5757,4066,3.440,2.070,1.220,6,0,232.546,0,0,14,28,0,15,0
28-07 09:54:57,73.801,26.859,0.251,0,0,1878060,10685512,180548,3518716,61038.615,36972.592,0,176.720,0,6.025,5902,4882,3.440,2.070,1.220,5,0,166.679,0,0,14,28,0,15,0
28-07 09:54:58,80.538,13.911,2.685,0,0,1952560,10610920,180588,3518764,44442.305,23196.882,0,476.394,0,23.429,6220,7294,3.440,2.070,1.220,5,0,0,0,0,14,32,0,15,0
28-07 09:54:59,66.070,9.148,25.666,0,0,1954268,10609156,180596,3518808,30510.173,15295.745,0,36.593,0,3.049,6536,7426,3.400,2.080,1.230,5,0,0,0,0,14,29,0,15,0
28-07 09:55:00,60.675,32.959,4.245,0,0,1808940,10754316,180596,3518976,30974.607,16209.908,0,11.985,0,2.996,6926,8080,3.400,2.080,1.230,9,0,248.692,0,0,14,30,0,15,0
28-07 09:55:01,38.258,47.067,13.843,0,0,1707120,10856088,180600,3519024,62479.579,34280.760,0,12.081,0,3.020,6522,6257,3.400,2.080,1.230,3,0,455.063,0,0,14,28,0,15,0
28-07 09:55:02,12.412,45.924,39.966,0,0,1644188,10919000,180604,3519024,60952.998,32757.296,0,27.802,0,6.951,5748,3764,3.400,2.080,1.230,2,0,343.559,0,0,14,28,0,15,0
28-07 09:55:03,8.749,38.743,50.491,0,0,1625268,10937944,180604,3518992,52904.930,27023.367,0,23.996,0,3.999,5309,3422,3.400,2.080,1.230,2,0,269.954,0,0,14,28,0,15,0
28-07 09:55:04,18.992,41.234,37.235,0,0,1591884,10971272,180640,3519008,53871.717,29212.459,0,367.855,0,15.994,5485,3501,3.530,2.130,1.250,3,0,248.902,0,0,14,28,0,15,0
28-07 09:55:05,40.983,46.481,11.995,0,0,1649684,10913424,180680,3519016,70006.973,457422.341,0,443.816,0,25.989,5562,3563,3.530,2.130,1.250,4,0,264.890,0,0,14,28,0,15,0
28-07 09:55:06,59.847,39.393,1.263,0,0,1735352,10827744,180688,3519020,49357.718,147161.049,0,96.968,0,7.071,5611,4666,3.530,2.130,1.250,6,0,306.055,0,0,14,29,0,15,0
28-07 09:55:07,70.004,29.397,0.747,0,0,1839796,10723204,180736,3519052,60846.356,32015.587,0,203.286,0,21.923,5924,5535,3.530,2.130,1.250,5,0,204.283,0,0,14,28,0,15,0
28-07 09:55:08,77.481,20.678,1.246,0,0,1898600,10664344,180784,3519060,45098.439,22272.680,0,271.059,0,20.927,5542,6117,3.530,2.130,1.250,5,0,66.768,0,0,14,29,0,15,0
28-07 09:55:09,77.727,19.494,1.250,0,0,1906328,10656408,180848,3519200,29767.230,14917.605,0,4434.693,0,604.822,7036,6127,3.730,2.200,1.280,5,0,68.980,0,0,14,30,0,15,0
28-07 09:55:10,76.582,22.524,2.002,0,0,1810644,10751784,180912,3519436,15219.224,7435.927,0,716.764,0,77.082,6214,6538,3.730,2.200,1.280,5,0,69.074,0,0,14,29,0,15,0
28-07 09:55:11,73.528,24.177,1.495,0,0,1787188,10775196,180928,3519464,15878.055,7698.753,0,207.374,0,9.970,5800,5235,3.730,2.200,1.280,5,0,125.621,0,0,14,29,0,13,0
28-07 09:55:12,81.771,17.558,1.254,0,0,1885404,10676916,180944,3519508,15853.577,7534.989,0,184.612,0,8.027,6547,6346,3.730,2.200,1.280,5,0,9.030,0,0,14,31,0,13,0
28-07 09:55:13,78.979,13.122,6.437,0,0,1946776,10615456,180960,3519580,14890.709,7421.586,0,154.493,0,8.913,6905,8411,3.730,2.200,1.280,3,0,0,0,0,14,32,0,15,0
28-07 09:55:14,75.403,14.829,9.048,0,0,1907104,10655032,181008,3519628,15338.949,7467.897,0,241.289,0,20.107,6820,7967,3.750,2.230,1.290,5,0,30.161,0,0,14,31,0,15,0
28-07 09:55:15,69.617,13.284,14.514,0,0,1931256,10630588,181048,3519868,531.354,0,0,322.748,0,36.408,6865,8136,3.750,2.230,1.290,5,0,1.968,0,0,14,31,0,13,0
28-07 09:55:16,81.329,18.414,1.535,0,0,1900616,10661108,181152,3519892,15503.686,7629.594,0,446.031,0,42.966,6796,9541,3.750,2.230,1.290,6,0,36.828,0,0,14,29,0,15,0
28-07 09:55:17,71.040,26.733,1.238,0,0,1869316,10692164,181168,3520072,15272.295,7691.098,0,265.347,0,10.891,6592,6738,3.750,2.230,1.290,5,0,181.188,0,0,14,30,0,15,0
28-07 09:55:18,84.693,13.863,1.764,0,0,1924184,10637228,181220,3520084,752.152,0,0,362.969,0,20.165,6459,6005,3.750,2.230,1.290,5,0,2.016,0,0,14,29,0,15,0
28-07 09:55:19,77.998,19.499,2.250,0,0,1913004,10648344,181236,3520128,881.973,0,0,191.994,0,10.000,6311,5525,3.930,2.290,1.320,4,0,29.999,0,0,14,31,0,15,0
28-07 09:55:20,78.191,13.609,6.928,0,0,1954120,10607016,181252,3520320,15059.096,7381.580,0,162.320,0,9.898,6285,7598,3.930,2.290,1.320,5,0,0,0,0,14,30,0,16,0
28-07 09:55:21,66.798,18.332,13.812,0,0,1941956,10619112,181268,3520372,705.143,0,0,172.770,0,8.036,7088,8198,3.930,2.290,1.320,3,0,73.327,0,0,14,32,0,16,0
28-07 09:55:22,72.655,14.884,12.361,0,0,1976632,10584360,181300,3520412,15232.260,7675.162,0,217.964,0,14.127,7378,9100,3.930,2.290,1.320,5,0,1.009,0,0,14,32,0,16,0
28-07 09:55:23,67.847,16.590,13.867,0,0,1908976,10651904,181324,3520492,594.284,0,0,170.361,0,9.905,7093,8797,3.930,2.290,1.320,3,0,50.514,0,0,14,32,0,17,0
28-07 09:55:24,74.821,17.383,7.306,0,0,1935772,10624792,181572,3520552,784.986,0,0,2079.859,0,127.976,7033,9248,3.940,2.320,1.330,5,0,22.169,0,0,14,30,0,19,0
28-07 09:55:25,71.634,23.713,2.470,0,0,1871928,10688296,181572,3520892,474.266,0,0,59.283,0,4.940,6623,7549,3.940,2.320,1.330,5,0,122.519,0,0,14,29,0,19,0
28-07 09:55:26,77.760,22.796,0.760,0,0,1851448,10708740,181600,3520896,16381.764,7568.296,0,1098.264,0,14.184,7199,7262,3.940,2.320,1.330,5,0,55.724,0,0,14,29,0,20,0
28-07 09:55:27,81.659,13.899,2.730,0,0,1925620,10634456,181648,3520956,416.983,146.937,0,222.391,0,18.864,7055,7785,3.940,2.320,1.330,6,0,1.986,0,0,14,31,0,18,0
28-07 09:55:28,78.876,18.840,2.261,0,0,1918704,10641288,181664,3521020,722.444,0,0,112.536,0,6.029,6337,7406,3.940,2.320,1.330,7,0,30.144,0,0,14,30,0,19,0
28-07 09:55:29,80.100,15.221,3.993,0.250,0,1872924,10686840,181712,3521196,16259.518,7491.955,0,211.603,0,18.964,6709,10013,4.020,2.360,1.350,9,0,29.944,0,0,14,30,0,22,0
28-07 09:55:30,76.628,21.858,2.010,0,0,1844432,10715280,181728,3521232,893.409,0,0,7179.433,0,761.760,6885,7115,4.020,2.360,1.350,6,0,69.342,0,0,14,29,0,22,0
28-07 09:55:31,77.714,20.674,0.747,0,0,1898984,10660568,181744,3521376,478.239,0,0,358.679,0,55.795,6237,15912,4.020,2.360,1.350,6,0,90.666,0,0,14,29,0,22,0
28-07 09:55:32,80.649,17.978,1.248,0,0,1967052,10592456,181760,3521404,864.922,147.816,0,147.816,0,8.989,6626,7319,4.020,2.360,1.350,4,0,17.978,0,0,14,31,0,23,0
28-07 09:55:33,83.484,11.786,3.192,0,0,2001696,10557680,181816,3521472,412.509,0,0,247.505,0,22.590,6786,9068,4.020,2.360,1.350,5,0,0,0,0,14,30,0,25,0
28-07 09:55:34,66.006,30.484,2.771,0,0,1805188,10753968,181864,3521640,15677.144,7485.365,0,262.008,0,19.147,6678,7032,4.260,2.440,1.380,5,0,157.205,0,0,14,30,0,25,0
28-07 09:55:35,79.957,20.117,1.528,0,0,1855648,10703476,181880,3521652,944.211,0,0,154.822,0,8.149,6463,7058,4.260,2.440,1.380,7,0,35.650,0,0,14,29,0,24,0
28-07 09:55:36,76.926,20.912,1.743,0,0,1928056,10630996,181928,3521680,596.490,0,0,235.011,0,19.916,6082,6973,4.260,2.440,1.380,5,0,83.648,0,0,14,29,0,24,0
28-07 09:55:37,77.380,20.025,1.978,0,0,1920408,10638588,181944,3521716,1271.701,146.354,0,217.554,0,29.666,6383,6390,4.260,2.440,1.380,7,0,31.644,0,0,14,30,0,24,0
28-07 09:55:38,83.641,14.909,1.011,0,0,1917736,10641076,181960,3521880,726.744,0,0,129.379,0,8.086,6850,7947,4.260,2.440,1.380,8,0,18.194,0,0,14,30,0,25,0
28-07 09:55:39,73.855,24.372,0.739,0,0,1865888,10692864,181976,3521924,853.769,0,0,126.047,0,6.893,5723,5216,4.400,2.500,1.410,5,0,100.443,0,0,14,30,0,22,0
28-07 09:55:40,83.005,18.078,0.509,0,0,1901592,10657080,182024,3521952,15709.842,7497.949,0,260.727,0,21.388,5471,4737,4.400,2.500,1.410,5,0,36.665,0,0,14,29,0,22,0
28-07 09:55:41,78.051,19.140,1.740,0,0,1940436,10618048,182040,3522120,697.982,0,0,167.038,0,7.954,5824,7079,4.400,2.500,1.410,7,0,32.811,0,0,14,30,0,22,0
28-07 09:55:42,82.140,12.234,5.243,0,0,1968336,10590076,182088,3522144,777.962,147.803,0,235.686,0,19.973,6119,8537,4.400,2.500,1.410,5,0,0.999,0,0,14,30,0,23,0
28-07 09:55:43,70.357,27.739,1.765,0,0,1820716,10737556,182176,3522188,423.654,0,0,556.802,0,52.452,6793,7790,4.400,2.500,1.410,4,0,180.557,0,0,14,28,0,23,0
28-07 09:55:44,74.415,23.146,1.742,0,0,1793264,10764932,182192,3522244,417.123,0,0,175.211,0,7.964,5651,4923,4.370,2.530,1.420,4,0,71.677,0,0,14,29,0,23,0
28-07 09:55:45,78.654,14.482,6.492,0,0,1877212,10680792,182208,3522420,884.920,0,0,151.815,0,6.991,6372,7047,4.370,2.530,1.420,5,0,0,0,0,14,29,0,24,0
28-07 09:55:46,78.152,16.230,5.743,0,0,1843984,10713804,182256,3522584,15945.078,8077.907,0,235.706,0,21.973,5747,7161,4.370,2.530,1.420,4,0,31.960,0,0,14,29,0,26,0
28-07 09:55:47,77.180,19.609,2.765,0,0,1743412,10814008,182288,3522916,44576.392,22883.513,0,233.300,0,15.084,6076,6525,4.370,2.530,1.420,4,0,77.431,0,0,14,28,0,26,0
28-07 09:55:48,71.477,27.337,1.254,0,0,1792492,10764900,182304,3522928,42418.777,578455.926,0,172.548,0,9.029,5383,3134,4.370,2.530,1.420,4,0,97.309,0,0,14,28,0,25,0
28-07 09:55:49,80.086,12.853,5.191,0,0,1871052,10686080,182352,3523136,14807.098,7373.888,0,359.895,0,37.571,6401,7645,4.580,2.600,1.450,4,0,1.977,0,0,14,29,0,26,0
28-07 09:55:50,75.119,18.596,4.160,0,0,1839344,10717580,182368,3523324,14832.917,7458.055,0,140.940,0,8.809,5892,7624,4.580,2.600,1.450,7,0,58.725,0,0,14,30,0,27,0
28-07 09:55:51,77.391,21.670,3.096,0,0,1769460,10787204,182432,3523516,15701.129,7528.617,0,317.820,0,26.829,5683,6397,4.580,2.600,1.450,4,0,133.113,0,0,14,28,0,27,0
28-07 09:55:52,60.139,22.614,16.153,0,0,1774808,10781828,182448,3523528,15183.829,7638.137,0,202.782,0,9.940,4741,3504,4.580,2.600,1.450,3,0,97.415,0,0,14,29,0,27,0
28-07 09:55:53,64.073,10.927,23.345,0,0,1829240,10726932,182488,3523948,30383.691,15216.680,0,309.936,0,18.874,6146,5846,4.580,2.600,1.450,5,0,0,0,0,14,30,0,28,0
28-07 09:55:54,57.287,17.511,24.016,0,0,1749780,10806348,182504,3523972,44535.923,22328.501,0,276.179,0,33.021,6697,6245,4.610,2.640,1.470,5,0,43.028,0,0,14,29,0,28,0
28-07 09:55:55,66.193,10.280,21.563,0,0,1794928,10761020,182520,3524136,15543.317,7642.282,0,156.456,0,7.020,6718,6371,4.610,2.640,1.470,3,0,2.006,0,0,14,29,0,28,0
28-07 09:55:56,58.375,18.460,21.953,0,0,1810212,10745676,182552,3524160,29707.223,14854.111,0,7990.845,0,728.436,6457,4937,4.610,2.640,1.470,3,0,33.927,0,0,14,29,0,27,0
28-07 09:55:57,59.534,17.010,22.263,0,0,1747928,10807680,182568,3524424,14924.541,7742.431,0,156.089,0,8.005,5795,5182,4.610,2.640,1.470,3,0,30.017,0,0,14,29,0,28,0
28-07 09:55:58,57.406,19.387,22.660,0,0,1771504,10784020,182616,3524456,15142.117,7740.759,0,253.795,0,21.150,5634,4310,4.610,2.640,1.470,3,0,61.435,0,0,14,29,0,28,0
28-07 09:55:59,55.239,20.496,23.995,0,0,1769416,10786048,182664,3524464,359.927,0,0,251.949,0,19.996,4821,3061,4.560,2.660,1.480,5,0,59.988,0,0,14,29,0,28,0
28-07 09:56:00,61.972,12.890,23.054,0,0,1822524,10732904,182680,3524484,15314.560,7395.014,0,218.142,0,27.764,5615,5211,4.560,2.660,1.480,3,0,0,0,0,14,29,0,28,0
28-07 09:56:01,60.025,11.457,27.397,0,0,1850552,10704708,182704,3524620,15039.582,7268.733,0,1390.783,0,262.017,6919,6664,4.560,2.660,1.480,3,0,3.985,0,0,14,29,0,30,1
28-07 09:56:02,59.639,9.233,27.698,0,0,1849472,10705608,182720,3524784,537.995,147.724,0,115.784,0,7.985,6922,7274,4.560,2.660,1.480,4,0,0.998,0,0,14,30,0,30,0
28-07 09:56:03,53.156,23.287,23.287,0,0,1733204,10821796,182768,3524816,15163.016,7453.934,0,251.097,0,20.250,6403,5642,4.560,2.660,1.480,4,0,95.174,0,0,14,28,0,30,0
28-07 09:56:04,56.267,21.256,22.507,0,0,1703860,10851124,182784,3524816,746.226,0,0,140.042,0,8.002,4076,1870,4.520,2.690,1.500,5,0,45.014,0,0,14,28,0,30,0
28-07 09:56:05,64.302,11.465,22.929,0,0,1787556,10767276,182800,3524952,14989.786,7339.372,0,127.607,0,6.978,4684,3108,4.520,2.690,1.500,5,0,0,0,0,14,29,0,30,0
28-07 09:56:06,63.663,10.985,22.969,0,0,1801812,10752924,182848,3524996,819.880,0,0,227.689,0,20.971,7537,7651,4.520,2.690,1.500,3,0,0,0,0,14,30,0,31,0
28-07 09:56:07,52.408,22.425,24.188,0,0,1696232,10858188,182896,3525248,483.767,149.161,0,217.695,0,20.157,6715,6695,4.520,2.690,1.500,3,0,100.785,0,0,14,28,0,31,0
28-07 09:56:08,50.965,25.608,22.344,0,0,1710536,10843828,182912,3525284,15142.827,7489.569,0,108.457,0,8.034,4737,2534,4.520,2.690,1.500,4,0,105.444,0,0,14,28,0,31,0
28-07 09:56:09,57.356,18.126,23.588,0,0,1757988,10796348,182928,3525296,536.317,0,0,115.209,0,6.952,4581,2815,4.480,2.710,1.510,3,0,39.727,0,0,14,28,0,31,0
28-07 09:56:10,65.754,11.545,22.085,0,0,1735264,10819032,183016,3525248,828.204,0,0,522.020,0,40.155,5975,5173,4.480,2.710,1.510,3,0,11.043,0,0,14,28,0,31,0
28-07 09:56:11,46.307,29.716,21.792,0,0,1675840,10878356,183032,3525328,15172.913,7547.826,0,150.560,0,9.905,5468,3517,4.480,2.710,1.510,3,0,144.617,0,0,14,29,0,31,0
28-07 09:56:12,63.082,14.461,21.443,0,0,1772336,10781840,183032,3525348,417.886,147.607,0,0,0,0,5892,4906,4.480,2.710,1.510,3,0,0.997,0,0,14,29,0,31,0
28-07 09:56:13,64.558,12.105,22.444,0,0,1800740,10753404,183032,3525376,829.170,0,0,8.070,0,2.017,6346,5813,4.480,2.710,1.510,3,0,2.017,0,0,14,30,0,33,0
28-07 09:56:14,51.346,7.938,36.959,0,0,1800444,10753404,183032,3525668,735.212,0,0,3.969,0,0.992,6881,7626,4.600,2.760,1.540,3,0,0,0,0,14,31,0,33,0
28-07 09:56:15,55.823,19.955,24.502,0,0,1736464,10817160,183144,3525784,15131.353,7535.365,0,468.813,0,45.467,5858,4744,4.600,2.760,1.540,6,0,95.985,0,0,14,28,0,33,0
28-07 09:56:16,49.688,29.863,20.076,0,0,1727932,10825668,183160,3525788,480.821,0,0,216.821,0,13.049,4432,2220,4.600,2.760,1.540,3,0,80.304,0,0,14,28,0,30,0
28-07 09:56:17,63.546,11.712,23.674,0,0,1778924,10774656,183176,3525792,418.656,147.526,0,151.514,0,6.978,3855,1821,4.600,2.760,1.540,5,0,0,0,0,14,30,0,30,0
28-07 09:56:18,61.469,11.897,24.538,0,0,1793188,10760292,183256,3525812,972.598,0,0,725.731,0,41.640,5281,5069,4.600,2.760,1.540,4,0,0,0,0,14,30,0,30,0
28-07 09:56:19,48.748,7.959,40.540,0,0,1793412,10760040,183256,3525840,477.530,0,0,63.671,0,3.979,6526,7147,4.870,2.850,1.570,3,0,1.990,0,0,14,31,0,32,0
28-07 09:56:20,55.796,11.310,32.171,0,0,1729660,10823548,183324,3526012,15579.611,7660.621,0,257.365,0,28.149,6976,7463,4.870,2.850,1.570,3,0,29.155,0,0,14,29,0,30,0
28-07 09:56:21,51.232,22.992,23.492,0,0,1691288,10861880,183340,3526032,359.874,0,0,4318.494,0,553.807,6661,4864,4.870,2.850,1.570,4,0,68.976,0,0,14,29,0,30,0
28-07 09:56:22,57.033,20.262,21.763,0,0,1702264,10850864,183372,3526040,599.352,148.087,0,184.108,0,12.007,4970,3156,4.870,2.850,1.570,4,0,55.032,0,0,14,29,0,31,0
28-07 09:56:23,46.182,28.362,24.095,0,0,1730940,10822136,183388,3526080,542.132,0,0,136.537,0,9.036,5761,4363,4.870,2.850,1.570,2,0,147.580,0,0,14,29,0,31,0
28-07 09:56:24,45.147,7.442,44.899,0,0,1730964,10821896,183436,3526236,534.823,0,0,273.861,0,18.853,5952,6276,4.800,2.870,1.580,2,0,0,0,0,14,29,0,29,0
28-07 09:56:25,35.324,17.787,45.846,0,0,1631380,10921464,183436,3526252,30700.426,30421.841,0,4.008,0,1.002,5033,3743,4.800,2.870,1.580,2,0,83.175,0,0,14,28,0,29,0
28-07 09:56:26,29.356,24.338,45.415,0,0,1666832,10886012,183436,3526252,30322.881,15132.837,0,28.102,0,4.015,3924,2218,4.800,2.870,1.580,2,0,85.309,0,0,14,28,0,29,0
28-07 09:56:27,42.610,8.773,47.623,0,0,1739360,10813484,183436,3526252,29969.217,15102.913,0,573.478,0,1.003,3219,1947,4.800,2.870,1.580,2,0,0,0,0,14,28,0,29,0
28-07 09:56:28,42.591,8.419,46.553,0,0,1748756,10803900,183484,3526388,18513.053,7452.368,0,479.392,0,24.762,3728,2840,4.800,2.870,1.580,3,0,1.981,0,0,14,30,0,29,0
28-07 09:56:29,44.079,10.075,44.835,0,0,1712632,10839784,183564,3526548,35293.649,459234.554,0,286.137,0,32.241,6144,6297,4.660,2.870,1.590,3,0,26.196,0,0,14,28,0,27,0
28-07 09:56:30,31.690,21.459,45.664,0,0,1658612,10893596,183756,3526560,4352.761,135655.215,0,1964.282,0,107.796,4253,2767,4.660,2.870,1.590,2,0,73.860,0,0,14,28,0,27,0
28-07 09:56:31,45.112,9.915,44.120,0,0,1729936,10822272,183756,3526756,15254.773,7299.210,0,3.966,0,0.991,3079,1469,4.660,2.870,1.590,3,0,15.864,0,0,14,28,0,27,0
28-07 09:56:32,53.923,14.615,30.741,0,0,1754760,10797392,183776,3526576,15619.581,7569.404,0,1943.250,0,321.523,5472,15248,4.660,2.870,1.590,2,0,23.182,0,0,14,29,0,28,0
28-07 09:56:33,45.890,7.523,44.637,0,0,1749552,10802364,183848,3526740,15262.719,7318.402,0,268.823,0,29.089,6602,7238,4.660,2.870,1.590,3,0,0,0,0,14,28,0,21,0
28-07 09:56:34,38.330,13.779,47.098,0,0,1687128,10864768,183864,3526744,600.246,0,0,116.241,0,8.017,3152,1723,4.520,2.870,1.600,2,0,37.077,0,0,14,28,0,21,0
28-07 09:56:35,42.988,8.998,47.987,0,0,1746392,10805472,183896,3526744,15211.775,7455.929,0,167.953,0,11.997,2903,1608,4.520,2.870,1.600,3,0,0,0,0,14,28,0,21,0
28-07 09:56:36,43.440,8.035,47.458,0,0,1764472,10787336,183936,3526756,661.896,0,0,466.039,0,23.101,4165,3368,4.520,2.870,1.600,2,0,0,0,0,14,30,0,21,0
28-07 09:56:37,45.316,7.676,43.830,0,0,1757872,10793880,183960,3526788,475.445,146.596,0,154.520,0,24.763,6439,7070,4.520,2.870,1.600,3,0,1.981,0,0,14,29,0,20,0
28-07 09:56:38,35.333,17.541,46.359,0,0,1689104,10862636,183960,3526800,15130.542,7475.560,0,4.009,0,1.002,3895,2271,4.520,2.870,1.600,2,0,61.144,0,0,14,28,0,20,0
28-07 09:56:39,41.158,10.227,47.893,0,0,1724044,10827676,183976,3526804,478.929,0,0,67.848,0,5.987,3152,2054,4.400,2.880,1.610,3,0,0,0,0,14,29,0,20,0
28-07 09:56:40,44.526,7.254,46.777,0,0,1749016,10802536,184000,3526948,15163.848,7300.260,0,260.152,0,12.007,4086,3318,4.400,2.880,1.610,3,0,2.001,0,0,14,30,0,20,0
28-07 09:56:41,46.037,6.255,46.288,0,0,1746456,10805084,184032,3526924,1064.864,0,0,124.101,0,13.011,4964,4966,4.400,2.880,1.610,2,0,0,0,0,14,29,0,20,0
28-07 09:56:42,22.782,33.798,42.060,0,0,1612392,10939012,184088,3526980,1222.741,148.211,0,324.462,0,43.061,5570,3878,4.400,2.880,1.610,3,0,220.314,0,0,14,28,0,20,0
28-07 09:56:43,21.300,33.829,43.602,0,0,1626544,10924820,184120,3526984,15538.460,7313.160,0,272.640,0,17.040,4661,2787,4.400,2.880,1.610,2,0,166.390,0,0,14,28,0,20,0
28-07 09:56:44,41.710,10.553,48.243,0,0,1672104,10879220,184168,3526976,421.119,0,0,546.751,0,28.142,2882,1524,4.210,2.860,1.610,2,0,0,0,0,14,28,0,20,0
28-07 09:56:45,42.654,8.231,47.393,0,0,1720936,10830372,184168,3526992,478.921,0,0,0,0,0,3351,2186,4.210,2.860,1.610,3,0,0,0,0,14,29,0,18,0
28-07 09:56:46,44.779,6.966,46.272,0,0,1648568,10902696,184200,3527004,536.354,0,0,111.450,0,12.936,4753,4442,4.210,2.860,1.610,3,0,9.951,0,0,14,29,0,18,0
28-07 09:56:47,33.230,20.238,44.973,0,0,1666644,10884584,184216,3527024,16447.963,8562.775,0,127.922,0,7.995,5755,5254,4.210,2.860,1.610,2,0,85.948,0,0,14,29,0,18,0
28-07 09:56:48,39.049,14.518,46.058,0,0,1670564,10880612,184232,3527060,419.526,0,0,224.281,0,28.035,3553,1896,4.210,2.860,1.610,4,0,46.058,0,0,14,28,0,18,0
28-07 09:56:49,40.318,11.770,47.330,0,0,1698256,10852892,184248,3527068,512.865,0,0,164.277,0,8.014,3399,2285,4.030,2.850,1.610,3,0,2.003,0,0,14,28,0,14,0
28-07 09:56:50,43.468,7.948,46.448,0,0,1734000,10817108,184272,3527084,626.930,0,0,294.091,0,14.903,4132,3508,4.030,2.850,1.610,2,0,0,0,0,14,29,0,14,0
28-07 09:56:51,45.109,7.518,45.610,0,0,1733776,10817108,184332,3527244,693.679,0,0,184.446,0,21.051,5964,6228,4.030,2.850,1.610,2,0,0,0,0,14,29,0,14,0
28-07 09:56:52,41.190,12.888,44.980,0,0,1677240,10873584,184372,3527264,15778.380,7524.296,0,3008.101,0,467.994,5942,5114,4.030,2.850,1.610,2,0,33.356,0,0,14,29,0,14,0
28-07 09:56:53,36.528,15.655,46.716,0,0,1615688,10935076,184420,3527272,968.123,0,0,230.600,0,18.885,4085,2785,4.030,2.850,1.610,2,0,64.608,0,0,14,28,0,12,0
28-07 09:56:54,26.852,28.344,43.013,0.249,0,1637768,10912924,184436,3527332,627.547,0,0,250.621,0,32.819,5037,2932,3.950,2.850,1.620,2,0,160.119,0,0,14,28,0,12,0
28-07 09:56:55,26.867,23.101,48.963,0,0,1638736,10911916,184460,3527348,482.101,0,0,357.559,0,16.070,5045,3802,3.950,2.850,1.620,1,0,124.543,0,0,14,29,0,12,0
28-07 09:56:56,23.466,3.994,70.647,0,0,1638716,10911916,184460,3527368,538.219,0,0,3.994,0,0.999,3828,4138,3.950,2.850,1.620,3,0,0,0,0,14,29,0,12,0
28-07 09:56:57,16.523,11.516,70.847,0,0,1584504,10966124,184460,3527372,16378.476,43053.080,0,92.126,0,4.005,2858,1881,3.950,2.850,1.620,1,0,56.077,0,0,14,28,0,12,0
28-07 09:56:58,19.991,6.497,72.467,0,0,1633896,10916732,184468,3527364,44306.699,22723.588,0,423.806,0,3.998,1925,1503,3.950,2.850,1.620,1,0,1.999,0,0,14,28,0,12,0
28-07 09:56:59,23.738,3.748,71.963,0,0,1634108,10916508,184468,3527372,29576.969,15136.308,0,0,0,0,2390,2110,3.710,2.820,1.620,1,0,0,0,0,14,28,0,12,0
28-07 09:57:00,23.015,4.503,71.796,0,0,1634068,10916508,184500,3527380,15284.804,7528.829,0,188.121,0,30.019,2544,2246,3.710,2.820,1.620,1,0,0,0,0,14,28,0,12,0
28-07 09:57:01,12.956,16.694,69.017,0,0,1569556,10981020,184500,3527380,15393.942,7791.651,0,3.987,0,0.997,3259,2056,3.710,2.820,1.620,1,0,92.687,0,0,14,28,0,9,0
28-07 09:57:02,20.572,6.272,72.001,0,0,1616876,10933644,184548,3527388,15509.011,7698.812,0,252.881,0,21.073,1986,1770,3.710,2.820,1.620,1,0,1.003,0,0,14,28,0,9,0
28-07 09:57:03,22.257,4.501,72.273,0,0,1639036,10911480,184548,3527392,15220.861,7460.382,0,0,0,0,2159,1718,3.710,2.820,1.620,1,0,0,0,0,14,28,0,9,0
28-07 09:57:04,22.930,4.486,70.285,0,0,1639168,10911256,184624,3527408,15048.986,7435.266,0,518.415,0,33.896,3435,3655,3.500,2.790,1.610,3,0,1.994,0,0,14,28,0,10,0
28-07 09:57:05,11.024,17.539,70.907,0,0,1617896,10932524,184624,3527412,601.333,0,0,68.151,0,16.036,3324,2102,3.500,2.790,1.610,1,0,99.220,0,0,14,28,0,10,0
28-07 09:57:06,19.271,7.258,72.829,0,0,1640576,10909844,184624,3527412,15231.521,7532.170,0,0,0,0,1821,1398,3.500,2.790,1.610,2,0,0,0,0,14,28,0,10,0
28-07 09:57:07,22.501,4.500,72.502,0,0,1674888,10875496,184656,3527412,11148.365,3820.125,0,284.009,0,16.001,1802,1179,3.500,2.790,1.610,2,0,2.000,0,0,14,28,0,10,0
28-07 09:57:08,21.935,4.985,71.290,0,0,1675060,10875316,184656,3527420,4354.147,4002.186,0,3.988,0,0.997,2881,2933,3.500,2.790,1.610,1,0,0,0,0,14,29,0,10,0
28-07 09:57:09,15.543,12.033,71.195,0,0,1639820,10910368,184704,3527556,481.317,0,0,196.538,0,19.052,3403,2762,3.300,2.760,1.610,1,0,67.184,0,0,14,28,0,10,0
28-07 09:57:10,16.501,10.250,72.253,0,0,1673592,10876580,184720,3527556,15095.535,7620.270,0,112.004,0,6.000,2277,1650,3.300,2.760,1.610,1,0,29.001,0,0,14,28,0,10,0
28-07 09:57:11,21.742,4.998,72.224,0,0,1708348,10841780,184760,3527560,641.769,0,0,363.869,0,18.993,2081,1737,3.300,2.760,1.610,1,0,0,0,0,14,29,0,10,0
28-07 09:57:12,22.515,5.254,71.298,0,0,1700344,10849728,184808,3527564,15165.158,7773.207,0,464.311,0,41.027,3045,3142,3.300,2.760,1.610,1,0,1.001,0,0,14,29,0,10,0
28-07 09:57:13,23.752,4.250,70.256,0,0,1693320,10856732,184808,3527584,420.038,0,0,16.001,0,4.000,4212,4771,3.300,2.760,1.610,1,0,2.000,0,0,14,29,0,10,0
28-07 09:57:14,17.851,9.554,71.908,0,0,1600772,10949240,184840,3527592,421.390,0,0,120.684,0,13.074,2455,2001,3.110,2.730,1.610,1,0,30.171,0,0,14,28,0,8,0
28-07 09:57:15,21.031,4.701,72.496,0,0,1619916,10930088,184848,3527592,415.679,0,0,39.588,0,2.969,1716,1152,3.110,2.730,1.610,1,0,0,0,0,14,28,0,8,0
28-07 09:57:16,22.606,8.289,69.073,0,0,1639288,10910696,184864,3527596,15286.542,7493.068,0,172.809,0,8.038,2602,2036,3.110,2.730,1.610,1,0,8.038,0,0,14,28,0,8,0
28-07 09:57:17,23.249,5.000,70.746,0,0,1639268,10910696,184864,3527616,1025.940,147.991,0,0,0,0,4142,4722,3.110,2.730,1.610,1,0,0,0,0,14,28,0,8,0
28-07 09:57:18,15.753,13.252,69.762,0.250,0,1570144,10979748,184864,3527684,539.090,0,0,1808.302,0,330.055,3884,2404,3.110,2.730,1.610,3,0,73.012,0,0,14,28,0,8,0
28-07 09:57:19,5.728,25.153,66.992,0,0,1568140,10981736,184872,3527688,11762.704,33875.551,0,135.478,0,12.950,4154,2524,2.940,2.700,1.600,1,0,155.402,0,0,14,28,0,8,0
28-07 09:57:20,19.134,32.225,46.575,0,0,1579032,10970764,184944,3527692,50493.825,26380.332,0,249.745,0,21.148,4975,3077,2.940,2.700,1.600,2,0,181.267,0,0,14,28,0,10,0
28-07 09:57:21,41.367,10.965,46.601,0.498,0,1663184,10886400,184992,3527852,73327.029,590166.854,171.451,358.850,5.981,10.965,3573,2282,2.940,2.700,1.600,4,0,0.997,0,0,14,28,0,10,0
28-07 09:57:22,42.960,8.039,47.483,1.005,0,1741668,10806848,185100,3528760,30308.462,15433.600,28.138,494.422,2.010,6.030,2981,1607,2.940,2.700,1.600,2,1,5.025,0,0,14,28,0,8,0
28-07 09:57:23,36.387,11.634,42.575,6.436,0,1787768,10753464,187648,3533064,33834.583,16834.121,2158.474,9271.539,35.645,1027.751,7378,9067,2.940,2.700,1.600,3,0,41.585,0,0,14,32,0,8,0
28-07 09:57:24,42.957,14.236,35.715,2.997,0,1787264,10745148,192952,3536280,15026.072,9194.865,0,25470.696,0,2373.642,11828,16636,2.790,2.670,1.600,4,0,62.937,0,0,14,32,0,8,0
28-07 09:57:25,37.850,20.053,34.341,3.008,0,1794460,10730444,198612,3537756,15405.897,7706.458,0,33633.284,0,2617.950,13356,18964,2.790,2.670,1.600,4,0,45.120,0,0,14,32,0,8,0
28-07 09:57:26,40.503,14.001,34.502,6.000,0,1812744,10706216,203956,3538172,30642.979,16125.041,0,31934.062,0,2448.158,12230,17724,2.790,2.670,1.600,5,0,21.001,0,0,14,32,0,6,0
28-07 09:57:27,40.911,12.298,45.428,1.004,0,1755804,10762328,204748,3538188,29829.202,15352.321,0,7393.048,0,434.708,4451,3934,2.790,2.670,1.600,2,0,7.028,0,0,14,28,0,6,0
28-07 09:57:28,42.629,9.224,47.366,0,0,1769808,10748216,204836,3538208,33330.722,15555.999,0,909.428,0,49.859,3103,1732,2.790,2.670,1.600,2,0,2.992,0,0,14,28,0,6,0
28-07 09:57:29,42.143,11.288,42.645,1.756,0,1813872,10702156,206672,3538304,14966.830,7712.192,0,9122.983,0,831.825,6904,8312,2.720,2.660,1.600,4,1,1.003,0,0,14,30,0,6,0
28-07 09:57:30,38.734,13.905,39.479,2.731,0,1837384,10674448,210532,3538540,44543.620,23069.839,0,12808.190,0,1583.146,11700,16704,2.720,2.660,1.600,3,0,1.986,0,0,14,30,0,6,0
28-07 09:57:31,40.134,13.043,44.398,1.505,0,1779228,10730520,212396,3538712,40953.391,18914.994,0,5698.980,0,754.513,6956,8770,2.720,2.660,1.600,3,0,24.080,0,0,14,28,0,6,0
28-07 09:57:32,34.474,24.409,40.010,0,0,1705992,10803628,212500,3538724,34471.414,19362.050,0,1207.863,0,59.387,4844,11362,2.720,2.660,1.600,1,0,114.747,0,0,14,28,0,7,0
28-07 09:57:33,21.434,5.483,72.527,0,0,1697504,10811972,212592,3538740,45312.897,22863.812,0,1379.764,0,101.688,2035,1644,2.720,2.660,1.600,1,0,0,0,0,14,28,0,7,0
28-07 09:57:34,21.212,6.988,70.125,0.749,0,1742228,10766716,213112,3538740,30239.010,14631.876,0,7442.712,0,316.435,2674,2410,2.580,2.630,1.600,1,0,3.993,0,0,14,28,0,6,0
28-07 09:57:35,20.488,8.245,69.958,0.999,0,1743520,10765148,213336,3538780,39390.268,496796.685,39.976,3641.806,2.998,162.902,2636,2041,2.580,2.630,1.600,4,0,0.999,0,0,14,28,0,6,0
28-07 09:57:36,21.536,4.758,72.622,0,0,1667220,10841400,213360,3538804,18452.014,108308.041,0,120.202,0,9.015,1882,1215,2.580,2.630,1.600,3,0,1.002,0,0,14,28,0,6,0
28-07 09:57:37,21.728,5.744,72.428,0,0,1690620,10818000,213360,3538804,30149.947,15650.400,0,3.996,0,0.999,1923,1408,2.580,2.630,1.600,5,0,1.998,0,0,14,28,0,6,0
28-07 09:57:38,21.242,4.998,72.472,0,0,1695188,10813416,213360,3538804,44756.693,21879.539,0,3.998,0,1.000,1901,1253,2.580,2.630,1.600,3,0,1.999,0,0,14,28,0,6,0
28-07 09:57:39,22.511,4.502,72.535,0,0,1714752,10793852,213360,3538804,15103.286,7299.521,0,148.071,0,32.015,1736,1143,2.460,2.610,1.600,2,0,0,0,0,14,28,0,6,0
28-07 09:57:40,22.152,5.227,71.683,0,0,1701312,10807280,213360,3538816,30061.272,14916.141,0,358.417,0,49.780,1979,1320,2.460,2.610,1.600,2,0,2.987,0,0,14,28,0,6,0
28-07 09:57:41,21.249,6.000,72.248,0,0,1735688,10772844,213416,3538816,30539.123,16093.538,0,371.989,0,24.999,1976,1697,2.460,2.610,1.600,3,0,0,0,0,14,28,0,6,0
28-07 09:57:42,21.989,5.247,71.714,0,0,1758660,10749848,213440,3538816,29995.829,15608.106,0,99.949,0,8.995,1875,1274,2.460,2.610,1.600,2,0,2.998,0,0,14,28,0,5,0
28-07 09:57:43,22.380,4.526,72.419,0.754,0,1759400,10748888,213460,3538980,29945.303,15069.210,152.885,4.023,6.035,1.006,1812,1229,2.460,2.610,1.600,4,0,2.012,0,0,14,28,0,5,0
28-07 09:57:44,20.192,6.481,72.542,0,0,1709764,10798464,213460,3539036,14932.204,7340.961,0,139.600,0,30.911,1832,1281,2.340,2.580,1.590,2,0,0.997,0,0,14,28,0,5,0
28-07 09:57:45,22.300,5.011,72.160,0,0,1684880,10823344,213460,3539036,30307.290,15590.615,0,0,0,0,1813,1268,2.340,2.580,1.590,3,0,0,0,0,14,28,0,5,0
28-07 09:57:46,21.350,5.526,72.843,0,0,1710920,10797304,213460,3539036,45123.360,22220.575,0,4.019,0,1.005,1860,1207,2.340,2.580,1.590,3,0,4.019,0,0,14,28,0,5,0
28-07 09:57:47,19.880,6.213,72.562,0,0,1714408,10793816,213460,3539036,30202.712,14717.175,0,0,0,0,1744,1130,2.340,2.580,1.590,2,0,0,0,0,14,28,0,5,0
28-07 09:57:48,22.759,5.002,71.778,0,0,1671464,10836660,213468,3539124,15040.797,7364.838,0,168.065,0,2.001,1731,1100,2.340,2.580,1.590,2,0,1.000,0,0,14,28,0,5,0
28-07 09:57:49,20.754,6.001,72.515,0,0,1721140,10786948,213476,3539152,15548.145,7297.476,0,4.001,0,1.000,1782,1293,2.230,2.550,1.590,1,0,2.000,0,0,14,28,0,5,0
28-07 09:57:50,21.283,5.258,72.110,0,0,1667144,10840908,213476,3539184,45163.987,23992.648,0,220.337,0,35.054,1931,1349,2.230,2.550,1.590,2,0,1.002,0,0,14,28,0,5,0
28-07 09:57:51,22.989,5.247,70.216,0,0,1649448,10858552,213524,3539188,58525.523,597235.396,0,427.792,0,22.989,2510,2023,2.230,2.550,1.590,1,0,1.000,0,0,14,28,0,5,0
28-07 09:57:52,20.746,6.749,72.236,0,0,1690744,10817256,213524,3539188,29825.138,15354.982,0,7.998,0,1.000,1889,1308,2.230,2.550,1.590,2,0,4.999,0,0,14,28,0,5,0
28-07 09:57:53,22.263,4.002,72.543,0,0,1667540,10840440,213524,3539208,29729.425,15248.938,0,0,0,0,1752,1192,2.230,2.550,1.590,2,0,1.001,0,0,14,28,0,5,0
28-07 09:57:54,21.498,5.499,72.492,0,0,1694224,10813728,213552,3539208,15273.418,7589.214,0,139.985,0,8.999,1790,1313,2.130,2.530,1.590,1,0,0,0,0,14,28,0,5,0
28-07 09:57:55,22.749,4.750,71.995,0,0,1738248,10769688,213560,3539212,44793.154,23550.504,0,2091.867,0,8.999,1904,1278,2.130,2.530,1.590,1,0,2.000,0,0,14,28,0,5,0
28-07 09:57:56,21.603,5.526,72.345,0,0,1720100,10787796,213560,3539252,30398.796,15511.886,0,140.670,0,32.153,1837,1229,2.130,2.530,1.590,1,0,1.005,0,0,14,28,0,5,0
28-07 09:57:57,21.642,5.722,72.141,0,0,1688992,10818904,213560,3539252,44633.881,23612.493,0,0,0,0,1880,1355,2.130,2.530,1.590,2,0,0,0,0,14,28,0,5,0
28-07 09:57:58,21.256,5.251,72.270,0,0,1724252,10783644,213560,3539252,29779.328,14758.127,0,4.001,0,1.000,1790,1131,2.130,2.530,1.590,1,0,4.001,0,0,14,28,0,5,0
28-07 09:57:59,23.728,3.747,71.935,0,0,1733068,10774828,213560,3539252,29565.176,15262.153,0,0,0,0,1756,1126,2.040,2.500,1.580,1,0,0,0,0,14,28,0,5,0
28-07 09:58:00,6.221,21.897,69.424,0,0,1681932,10825804,213576,3539388,30682.955,18371.752,0,214.991,0,3.981,3927,2541,2.040,2.500,1.580,2,0,138.350,0,0,14,28,0,5,0
28-07 09:58:01,8.034,36.657,52.976,0,0,1655928,10851716,213616,3539396,62380.356,31843.969,0,646.762,0,20.086,5358,3844,2.040,2.500,1.580,1,0,267.141,0,0,14,28,0,5,0
28-07 09:58:02,6.257,24.779,67.580,0,0,1634044,10873560,213652,3539400,45965.583,24186.721,0,1041.236,0,95.113,4418,2885,2.040,2.500,1.580,1,0,167.199,0,0,14,28,0,5,0
28-07 09:58:03,7.746,25.488,65.218,0,0,1616308,10891276,213652,3539412,74334.819,487164.885,0,351.829,0,3.998,5006,3191,2.040,2.500,1.580,1,0,170.917,0,0,14,28,0,5,0
28-07 09:58:04,5.753,23.262,69.535,0,0,1618108,10889452,213656,3539432,63464.498,158132.482,0,112.056,0,6.003,4071,2647,1.960,2.480,1.580,1,0,123.061,0,0,14,28,0,5,0
28-07 09:58:05,6.489,24.457,67.133,0,0,1609072,10898484,213656,3539436,60769.696,32586.996,0,115.797,0,2.995,4183,2672,1.960,2.480,1.580,1,0,154.729,0,0,14,28,0,5,0
28-07 09:58:06,5.499,25.997,66.991,0,0,1606804,10900752,213656,3539436,52788.010,26098.544,0,87.988,0,1.000,4239,2750,1.960,2.480,1.580,4,0,159.979,0,0,14,28,0,5,0
28-07 09:58:07,4.756,22.528,69.587,1.001,0,1606024,10901500,213672,3539448,55099.221,31549.636,8.010,160.201,2.003,3.004,4041,2703,1.960,2.480,1.580,1,0,137.172,0,0,14,28,0,4,0
28-07 09:58:08,5.501,24.505,68.264,0,0,1603604,10903912,213672,3539452,60767.817,32452.845,0,4.001,0,1.000,4402,2775,1.960,2.480,1.580,2,0,157.033,0,0,14,28,0,4,0
28-07 09:58:09,19.250,7.250,72.499,0,0,1647004,10860512,213672,3539452,45123.086,23823.518,0,12.000,0,2.000,2128,1589,1.960,2.470,1.580,1,0,9.000,0,0,14,28,0,4,0
28-07 09:58:10,22.171,4.484,71.993,0,0,1682192,10825336,213672,3539440,44588.017,23468.321,0,35.872,0,0.996,1869,1270,1.960,2.470,1.580,1,0,1.993,0,0,14,28,0,4,0
28-07 09:58:11,20.976,6.742,72.167,0,0,1724340,10783164,213696,3539440,44103.474,22576.136,0,147.831,0,9.989,2058,1678,1.960,2.470,1.580,1,0,1.998,0,0,14,28,0,3,0
28-07 09:58:12,22.866,4.774,72.367,0,0,1673852,10833580,213744,3539464,15111.686,7940.294,0,426.163,0,26.133,1792,1230,1.960,2.470,1.580,2,0,2.010,0,0,14,28,0,3,0
28-07 09:58:13,20.882,6.712,70.602,0,0,1647012,10860420,213744,3539464,55186.766,574010.784,0,3.978,0,0.994,2244,1662,1.960,2.470,1.580,4,0,2.983,0,0,14,28,0,3,0
28-07 09:58:14,22.307,5.263,72.183,0,0,1678684,10828768,213744,3539444,29786.551,15116.341,0,4.010,0,1.003,1779,1158,1.890,2.440,1.580,1,0,2.005,0,0,14,28,0,3,0
28-07 09:58:15,23.330,3.763,72.749,0,0,1697068,10810384,213744,3539444,29877.318,15358.597,0,24.082,0,2.007,1738,1163,1.890,2.440,1.580,1,0,0,0,0,14,28,0,3,0
28-07 09:58:16,22.245,8.748,68.484,0,0,1661708,10845736,213744,3539464,15484.345,7780.163,0,531.874,0,75.982,2285,1437,1.890,2.440,1.580,3,0,8.998,0,0,14,28,0,3,0
28-07 09:58:17,24.743,14.996,58.733,0,0,1660936,10846464,213744,3539452,30111.303,15685.470,0,7.998,0,1.999,3082,1954,1.890,2.440,1.580,1,0,84.975,0,0,14,28,0,3,0
28-07 09:58:18,20.232,6.494,72.437,0,0,1692384,10814996,213756,3539456,36764.185,18835.700,0,131.886,0,1.998,1842,1248,1.890,2.440,1.580,2,0,1.998,0,0,14,28,0,3,0
28-07 09:58:19,22.525,4.505,72.081,0,0,1653448,10853916,213756,3539472,22859.607,11484.865,0,60.067,0,4.004,1840,1256,1.810,2.420,1.570,1,0,3.003,0,0,14,28,0,3,0
28-07 09:58:20,21.509,5.252,73.032,0,0,1653328,10854056,213756,3539452,30438.243,16018.970,0,4.002,0,1.000,1820,1312,1.810,2.420,1.570,1,0,0,0,0,14,28,0,3,0
28-07 09:58:21,21.248,5.499,72.242,0,0,1684376,10823008,213784,3539424,44867.312,22893.608,0,295.969,0,12.999,2016,1558,1.810,2.420,1.570,2,0,2.000,0,0,14,28,0,3,0
28-07 09:58:22,21.306,6.441,71.349,0,0,1694436,10812888,213816,3539452,29561.188,15314.223,0,376.563,0,19.819,1861,1226,1.810,2.420,1.570,1,0,2.973,0,0,14,28,0,3,0
28-07 09:58:23,20.925,5.799,72.860,0,0,1668456,10838844,213816,3539476,15674.217,7684.330,0,0,0,0,1747,1129,1.810,2.420,1.570,3,0,1.008,0,0,14,28,0,1,0
28-07 09:58:24,20.704,5.987,72.588,0,0,1704676,10802636,213816,3539464,44934.532,23433.606,0,0,0,0,1836,1310,1.750,2.400,1.570,1,0,0,0,0,14,28,0,1,0
28-07 09:58:25,21.561,5.516,72.707,0,0,1726320,10780992,213816,3539464,33577.703,17445.723,0,4.011,0,1.003,1840,1173,1.750,2.400,1.570,2,0,4.011,0,0,14,28,0,1,0
28-07 09:58:26,21.747,4.749,72.490,0,0,1744712,10762600,213816,3539464,29832.727,15075.841,0,75.989,0,3.000,1733,1103,1.750,2.400,1.570,1,0,0,0,0,14,28,0,1,0
28-07 09:58:27,21.994,4.749,72.730,0,0,1706188,10801112,213824,3539468,15091.819,7873.819,0,63.982,0,2.999,1766,1254,1.750,2.400,1.570,1,0,1.000,0,0,14,28,0,1,0
28-07 09:58:28,22.669,5.793,71.786,0,0,1697944,10809376,213824,3539448,39854.745,467945.903,0,0,0,0,2293,1617,1.750,2.400,1.570,1,0,2.015,0,0,14,28,0,1,0
28-07 09:58:29,21.342,5.708,71.471,0,0,1723232,10784088,213824,3539448,47635.727,161914.619,0,0,0,0,2063,1325,1.690,2.370,1.570,1,0,2.978,0,0,14,28,0,1,0
28-07 09:58:30,23.257,3.251,72.772,0,0,1693036,10814256,213824,3539476,15159.640,7364.254,0,28.009,0,1.000,1690,1063,1.690,2.370,1.570,1,0,1.000,0,0,14,28,0,1,0
28-07 09:58:31,20.000,6.500,72.748,0,0,1697816,10809444,213848,3539484,30268.293,14657.658,0,167.996,0,13.000,2015,1738,1.690,2.370,1.570,2,0,2.000,0,0,14,28,0,1,0
28-07 09:58:32,22.212,6.738,71.127,0,0,1686684,10820616,213888,3539404,30588.240,16096.237,0,507.125,0,25.955,2045,1432,1.690,2.370,1.570,3,0,10.981,0,0,14,28,0,1,0
28-07 09:58:33,33.317,12.275,52.856,0,0,1704352,10802948,213888,3539404,29897.713,15240.439,0,653.305,0,135.270,3436,11019,1.690,2.370,1.570,1,0,28.056,0,0,14,28,0,2,0
28-07 09:58:34,18.469,8.985,72.377,0,0,1705988,10801312,213888,3539404,29726.528,15052.443,0,0,0,0,1801,1173,1.630,2.350,1.560,1,0,1.997,0,0,14,28,0,2,0
28-07 09:58:35,22.530,3.254,72.598,0,0,1619556,10887664,213888,3539484,15116.434,7468.095,0,84.114,0,1.001,1716,1027,1.630,2.350,1.560,1,0,1.001,0,0,14,28,0,1,0
28-07 09:58:36,20.650,5.722,72.401,0,0,1642632,10864592,213888,3539480,30619.241,15562.898,0,19.904,0,3.981,1850,1348,1.630,2.350,1.560,1,0,0,0,0,14,28,0,1,0
28-07 09:58:37,21.849,6.027,72.829,0,0,1645896,10861316,213896,3539484,46124.300,23522.228,0,104.472,0,4.018,1982,1389,1.630,2.350,1.560,1,0,3.014,0,0,14,28,0,1,0
28-07 09:58:38,21.506,5.752,72.521,0,0,1699652,10807568,213896,3539472,44747.810,23624.763,0,4.001,0,1.000,1874,1318,1.630,2.350,1.560,3,0,0,0,0,14,28,0,1,0
28-07 09:58:39,21.480,5.745,72.434,0,0,1742916,10764304,213896,3539472,29505.075,15196.133,0,7.993,0,0.999,1815,1128,1.580,2.330,1.560,1,0,1.998,0,0,14,28,0,1,0
28-07 09:58:40,22.525,4.004,72.831,0,0,1713440,10793760,213896,3539492,30050.302,15322.981,0,20.022,0,1.001,1840,1195,1.580,2.330,1.560,2,0,3.003,0,0,14,28,0,1,0
28-07 09:58:41,21.246,5.249,72.736,0,0,1697528,10809568,213896,3539596,15153.168,7456.607,0,0,0,0,1728,1170,1.580,2.330,1.560,1,0,0,0,0,14,28,0,1,0
28-07 09:58:42,21.752,4.750,72.507,0,0,1739332,10767764,213896,3539596,30554.132,16389.680,0,0,0,0,1839,1325,1.580,2.330,1.560,1,0,1.000,0,0,14,28,0,1,0
28-07 09:58:43,21.276,6.680,70.757,0,0,1707520,10799544,213904,3539620,47809.746,171389.508,0,95.002,0,3.958,2066,1491,1.580,2.330,1.560,2,0,2.969,0,0,14,28,0,1,0
28-07 09:58:44,23.246,4.548,72.012,0,0,1713536,10793540,213904,3539608,41478.099,435502.356,0,4.043,0,1.011,2156,1463,1.540,2.300,1.560,1,0,1.011,0,0,14,28,0,1,0
28-07 09:58:45,20.495,6.248,72.481,0,0,1741548,10765524,213904,3539612,45372.361,22852.138,0,3.999,0,1.000,1917,1250,1.540,2.300,1.560,1,0,1.999,0,0,14,28,0,1,0
28-07 09:58:46,22.742,3.999,72.725,0,0,1710512,10796560,213904,3539612,15578.686,7359.489,0,11.996,0,1.000,1765,1151,1.540,2.300,1.560,1,0,2.999,0,0,14,28,0,1,0
28-07 09:58:47,6.252,25.757,66.767,0,0,1688220,10818808,213904,3539656,61374.571,32122.149,0,72.018,0,3.001,4470,2681,1.540,2.300,1.560,1,0,159.040,0,0,14,28,0,1,0
28-07 09:58:48,6.250,26.501,65.002,0,0,1678768,10828252,213912,3539656,60876.553,31408.801,0,384.010,0,47.001,4540,2679,1.540,2.300,1.560,1,0,153.004,0,0,14,28,0,1,0
28-07 09:58:49,5.997,25.738,66.718,0,0,1658372,10848616,213912,3539688,56498.720,30609.221,0,55.973,0,3.998,4295,2640,1.490,2.280,1.550,1,0,149.928,0,0,14,28,0,1,0
28-07 09:58:50,18.972,8.238,71.893,0,0,1662032,10844952,213912,3539692,50470.008,26065.270,0,39.941,0,1.997,2029,1527,1.490,2.280,1.550,1,0,2.996,0,0,14,28,0,1,0
28-07 09:58:51,22.293,4.509,72.389,0,0,1690976,10815996,213912,3539704,44413.223,22741.638,0,132.254,0,28.054,1843,1213,1.490,2.280,1.550,1,0,0,0,0,14,28,0,1,0
28-07 09:58:52,23.017,4.754,71.303,0,0,1706408,10800356,213912,3539912,29913.166,15237.291,0,0,0,0,1860,1168,1.490,2.280,1.550,1,0,3.002,0,0,14,28,0,1,0
28-07 09:58:53,18.618,8.303,73.216,0,0,1678100,10828576,213924,3539980,15192.686,7505.766,0,181.153,0,3.019,1905,1377,1.490,2.280,1.550,1,0,9.058,0,0,14,28,0,1,0
28-07 09:58:54,20.020,6.426,71.925,0,0,1674664,10832008,213924,3539984,51615.084,29353.379,0,0,0,0,1957,1589,1.450,2.260,1.550,1,0,0,0,0,14,28,0,1,0
28-07 09:58:55,23.099,5.775,70.803,0,0,1671976,10834696,213924,3539984,51658.371,573467.478,0,4.017,0,1.004,2249,1388,1.450,2.260,1.550,1,0,3.013,0,0,14,28,0,1,0
28-07 09:58:56,20.998,6.999,71.493,0,0,1641748,10864920,213924,3539988,29840.009,15112.485,0,23.998,0,2.000,2140,1362,1.450,2.260,1.550,1,0,27.997,0,0,14,28,0,1,0
28-07 09:58:57,7.455,29.073,60.879,0,0,1622748,10883800,213924,3540108,46335.898,55935.454,39.758,7.952,1.988,0.994,4471,2774,1.450,2.260,1.550,2,0,172.947,0,0,14,28,0,1,0
28-07 09:58:58,6.256,23.521,67.811,0,0,1619596,10886940,213932,3540112,61659.177,33479.960,0,148.133,0,5.004,4240,2673,1.450,2.260,1.550,1,0,144.129,0,0,14,28,0,1,0
28-07 09:58:59,5.528,24.878,68.101,0,0,1614000,10892532,213932,3540116,45908.608,25055.132,0,56.290,0,2.010,4202,2639,1.420,2.240,1.550,1,0,149.772,0,0,14,28,0,1,0
28-07 09:59:00,5.499,25.744,67.485,0,0,1609908,10896620,213932,3540120,60741.749,32382.936,0,55.988,0,2.000,4273,2649,1.420,2.240,1.550,1,0,144.968,0,0,14,28,0,1,0
28-07 09:59:01,7.004,25.764,65.036,0,0,1591764,10914764,213932,3540120,72074.495,411319.393,0,4.002,0,1.001,4569,2798,1.420,2.240,1.550,1,0,160.088,0,0,14,28,0,1,0
28-07 09:59:02,5.750,26.751,65.752,0,0,1589120,10917400,213932,3540124,61329.977,31813.026,0,224.007,0,5.000,4321,2731,1.420,2.240,1.550,1,0,156.005,0,0,14,28,0,1,0
28-07 09:59:03,6.246,24.983,67.454,0,0,1589432,10917076,213940,3540128,47160.545,23979.498,0,79.945,0,2.998,4272,2704,1.420,2.240,1.550,2,0,148.898,0,0,14,28,0,1,0
28-07 09:59:04,5.747,26.486,65.964,0,0,1591964,10914544,213940,3540128,60961.645,32004.489,0,311.829,0,67.963,4437,2671,1.460,2.240,1.550,1,0,150.917,0,0,14,28,0,1,0
28-07 09:59:05,6.256,24.773,66.813,0,0,1591484,10915020,213940,3540132,60977.278,31950.012,0,0,0,0,4320,2643,1.460,2.240,1.550,1,0,146.137,0,0,14,28,0,1,0
28-07 09:59:06,5.755,25.020,67.803,0,0,1590956,10915540,213940,3540140,61223.117,32107.234,0,352.277,0,4.003,4320,2693,1.460,2.240,1.550,1,0,144.113,0,0,14,28,0,1,0
28-07 09:59:07,6.480,25.422,66.296,0,0,1592812,10913684,213940,3540140,45890.925,23864.637,0,410.737,0,5.982,4503,2769,1.460,2.240,1.550,1,0,169.479,0,0,14,28,0,1,0
28-07 09:59:08,6.019,26.083,66.462,0,0,1588992,10917496,213948,3540140,61464.078,32286.999,0,461.472,0,7.022,4368,2719,1.460,2.240,1.550,1,0,155.496,0,0,14,28,0,1,0
28-07 09:59:09,5.497,25.987,66.466,0,0,1590868,10915616,213948,3540144,61130.293,31619.600,0,503.739,0,35.981,4426,2663,1.510,2.230,1.550,1,0,147.923,0,0,14,28,0,1,0
28-07 09:59:10,6.001,25.252,66.756,0,0,1583244,10923232,213948,3540152,60820.893,31941.095,0,352.034,0,4.000,4463,2666,1.510,2.230,1.550,3,0,154.015,0,0,14,28,0,1,0
28-07 09:59:11,6.270,26.082,66.710,0,0,1582408,10924064,213948,3540156,46606.674,24280.412,0,441.389,0,5.016,4401,2643,1.510,2.230,1.550,1,0,160.505,0,0,14,28,0,1,0
28-07 09:59:12,7.662,24.715,65.000,0,0,1578596,10927876,213948,3540156,74114.341,754675.364,0,347.987,0,3.954,4968,3396,1.510,2.230,1.550,2,0,158.176,0,0,14,28,0,1,0
28-07 09:59:13,6.806,25.962,66.039,0,0,1578944,10927520,213956,3540156,61195.160,31829.630,0,443.619,0,8.066,4342,2678,1.510,2.230,1.550,3,0,152.242,0,0,14,28,0,1,0
28-07 09:59:14,5.957,22.836,68.755,0,0,1582008,10924448,213956,3540164,60261.349,33455.250,0,31.771,0,1.986,4124,2593,1.470,2.210,1.550,2,0,131.057,0,0,14,28,0,1,0
28-07 09:59:15,6.271,23.581,68.484,0,0,1591320,10915132,213956,3540168,61240.326,33675.105,0,208.713,0,34.117,4218,2667,1.470,2.210,1.550,1,0,143.490,0,0,14,28,0,1,0
28-07 09:59:16,6.016,25.065,67.175,0,0,1595104,10911348,213956,3540168,46253.782,24945.139,0,84.220,0,3.008,4292,2650,1.470,2.210,1.550,2,0,153.401,0,0,14,28,0,1,0
28-07 09:59:17,7.260,26.788,64.592,0,0,1594660,10911776,213956,3540176,61169.667,33185.017,0,56.079,0,2.003,4374,2670,1.470,2.210,1.550,2,0,147.209,0,0,14,28,0,1,0
28-07 09:59:18,6.500,23.750,68.251,0,0,1595144,10911284,213964,3540176,60875.661,32812.356,0,144.002,0,4.000,4387,2722,1.470,2.210,1.550,1,0,151.002,0,0,14,28,0,1,0
28-07 09:59:19,6.985,24.447,66.356,0.249,0,1593692,10912716,213972,3540184,63141.164,514365.299,0,311.325,0,7.983,4664,3040,1.430,2.190,1.540,1,0,133.710,0,0,14,28,0,1,0
28-07 09:59:20,5.510,25.545,66.366,0,0,1590124,10916208,214044,3540188,54452.303,28371.657,0,1009.767,0,46.081,4434,2835,1.430,2.190,1.540,2,0,147.258,0,0,14,28,0,1,0
28-07 09:59:21,5.487,25.689,66.341,0,0,1591268,10915064,214044,3540188,60610.894,31462.677,0,27.933,0,6.983,4412,2738,1.430,2.190,1.540,3,0,155.627,0,0,14,28,0,1,0
28-07 09:59:22,5.503,26.516,66.290,0,0,1591576,10914740,214044,3540188,60971.456,31284.706,0,40.024,0,6.004,4459,2704,1.430,2.190,1.540,1,0,159.095,0,0,14,28,0,1,0
28-07 09:59:23,6.262,24.298,68.135,0,0,1592584,10913724,214044,3540196,61212.018,32925.094,0,12.024,0,3.006,4258,2582,1.430,2.190,1.540,1,0,143.283,0,0,14,28,0,1,0
28-07 09:59:24,7.000,22.251,68.754,0,0,1598224,10908080,214044,3540200,46598.013,24749.600,0,4.000,0,1.000,4056,2487,1.390,2.170,1.540,1,0,120.008,0,0,14,28,0,1,0
28-07 09:59:25,16.873,32.505,48.633,0,0,1574936,10927960,214056,3543524,59717.172,31383.077,0,210.412,0,2.978,6142,7864,1.390,2.170,1.540,1,0,155.824,0,0,14,28,0,1,0
28-07 09:59:26,13.337,35.734,48.568,0,0,1572380,10930464,214100,3543532,61751.331,32512.886,0,205.345,0,19.125,5393,3332,1.390,2.170,1.540,4,0,212.391,0,0,14,28,0,3,0
28-07 09:59:27,26.122,30.849,41.796,0,0,1607040,10895760,214140,3543536,63047.973,601921.257,0,2276.876,0,115.436,5572,3240,1.390,2.170,1.540,3,0,142.305,0,0,14,28,0,3,0
28-07 09:59:28,42.398,33.565,24.228,0,0,1681120,10821672,214140,3543544,58812.428,33415.877,0,16.152,0,4.038,5106,2675,1.390,2.170,1.540,3,0,158.489,0,0,14,28,0,3,0
28-07 09:59:29,38.150,58.731,3.514,0,0,1692376,10810328,214236,3543532,61068.156,31933.582,56.221,425.674,3.012,27.107,5444,4003,1.760,2.230,1.570,4,1,439.729,0,0,14,30,0,5,0
28-07 09:59:30,67.354,31.681,0.748,0,0,1824800,10670948,215504,3548912,48974.922,23652.769,1077.666,1185.432,132.713,34.924,5772,4173,1.760,2.230,1.570,5,0,161.650,0,0,14,28,0,7,0
28-07 09:59:31,79.974,17.191,0.997,0.997,0,1902012,10587660,217124,3552500,41101.896,22207.222,15.945,15570.168,0.997,1250.676,7751,6671,1.760,2.230,1.570,4,0,35.876,0,0,14,30,0,8,0
28-07 09:59:32,61.630,20.875,10.189,4.225,0,1922184,10554900,222480,3559064,29533.799,14717.695,425.447,29825.051,8.946,2294.235,13051,18605,1.760,2.230,1.570,4,0,70.577,0,0,14,34,0,8,0
28-07 09:59:33,56.985,28.368,10.203,1.991,0,1945444,10521444,227664,3566304,15757.811,7423.521,0,55088.138,0,3414.143,15982,28093,1.760,2.230,1.570,8,0,88.589,0,0,14,34,0,8,0
28-07 09:59:34,57.203,30.725,8.993,1.749,0,1932788,10524468,231820,3568888,15262.342,7355.899,0,44235.312,0,2982.526,15101,25026,2.340,2.350,1.610,3,0,110.908,0,0,14,32,0,9,0
28-07 09:59:35,61.617,22.793,8.266,4.258,0,1934540,10514640,235980,3572608,15064.535,7634.461,0,39795.380,0,2565.860,12769,19737,2.340,2.350,1.610,6,0,58.110,0,0,14,32,0,9,0
28-07 09:59:36,60.771,21.580,7.937,5.457,0,1961844,10479652,240736,3575260,713.382,0,0,47049.501,0,2841.623,13724,20415,2.340,2.350,1.610,4,0,51.594,0,0,14,33,0,9,0
28-07 09:59:37,54.274,21.811,17.500,3.804,0,1962324,10472600,245140,3577236,15375.352,7849.992,0,33558.764,0,2421.547,14023,19983,2.340,2.350,1.610,5,1,81.158,0,0,14,37,0,8,0
28-07 09:59:38,48.858,18.197,22.934,5.733,0,1871620,10555120,249920,3580364,30552.430,14934.705,0,41276.342,0,2670.259,14658,20786,2.340,2.350,1.610,7,1,62.818,0,0,14,36,0,10,0
28-07 09:59:39,48.293,26.296,18.710,4.804,0,1869360,10551116,254236,3582152,30546.615,14958.264,0,35038.140,0,2374.713,13086,17542,2.310,2.340,1.610,3,0,70.796,0,0,14,36,0,10,0
28-07 09:59:40,46.165,27.748,18.172,3.683,0,1828320,10588052,257220,3583164,29569.457,14715.972,0,19672.372,0,1671.778,10317,14499,2.310,2.340,1.610,5,0,109.029,0,0,14,34,0,10,0
28-07 09:59:41,43.770,30.514,19.259,3.752,0,1848508,10563800,260700,3583640,30073.860,14826.833,0,28573.169,0,1996.920,12261,16624,2.310,2.340,1.610,4,0,123.057,0,0,14,36,0,10,0
28-07 09:59:42,39.258,25.344,23.356,7.454,0,1837940,10567228,263624,3587748,15965.686,7529.634,3478.580,19654.968,43.731,1600.147,10946,15400,2.310,2.340,1.610,4,0,77.523,0,0,14,37,0,10,0
28-07 09:59:43,48.729,33.075,13.886,2.272,0,1826912,10574932,266228,3588324,12064.575,47278.672,0,20295.471,0,1494.690,11615,17270,2.310,2.340,1.610,9,0,77.764,0,0,14,37,0,10,0
28-07 09:59:44,48.901,29.291,15.638,3.227,0,1827132,10570160,268732,3590228,13635.597,387990.462,0,25092.755,0,1779.290,13020,19005,3.090,2.500,1.660,8,0,77.447,0,0,14,37,0,10,0
28-07 09:59:45,46.789,31.696,18.364,1.761,0,1753808,10641652,269920,3590780,18232.739,124437.434,1066.595,13263.009,18.112,1145.080,9944,13486,3.090,2.500,1.660,4,0,124.771,0,0,14,36,0,10,0
28-07 09:59:46,46.433,29.868,17.820,2.761,0,1798016,10594304,272096,3591664,16461.787,8543.624,799.145,22713.391,13.051,1822.171,11716,15939,3.090,2.500,1.660,5,0,108.427,0,0,14,36,0,10,0
28-07 09:59:47,40.180,16.471,33.192,5.241,0,1822140,10566332,274168,3593344,45088.007,23199.355,0,28490.086,0,2401.792,13316,19074,3.090,2.500,1.660,2,0,48.914,0,0,14,36,0,10,0
28-07 09:59:48,38.810,15.023,35.805,5.759,0,1819156,10565324,276172,3595228,30412.079,14680.726,0,33051.164,0,2490.856,13446,19859,3.090,2.500,1.660,1,0,18.028,0,0,14,37,0,10,0
28-07 09:59:49,40.063,13.772,36.307,5.008,0,1815552,10564568,279072,3596564,29818.904,14747.197,0,30644.202,0,2224.499,13071,19257,3,2.490,1.670,3,0,35.055,0,0,14,37,0,11,0
28-07 09:59:50,38.224,12.242,39.473,4.747,0,1810888,10563700,282592,3598428,15486.553,7291.082,0,25926.511,0,2088.591,13024,18894,3,2.490,1.670,4,0,26.982,0,0,14,36,0,11,0
28-07 09:59:51,27.731,25.233,36.226,5.746,0,1751296,10616408,287624,3600112,15145.878,7584.931,0,37650.839,0,2774.146,14390,21001,3,2.490,1.670,9,0,121.919,0,0,14,36,0,11,0
28-07 09:59:52,39.594,17.680,32.622,5.478,0,1793540,10565796,292832,3603044,15540.832,7546.298,0,37245.404,0,3172.513,14491,20625,3,2.490,1.670,4,0,53.788,0,0,14,36,0,11,0
28-07 09:59:53,39.000,15.600,34.722,6.290,0,1818752,10533596,298076,3604580,16494.651,7343.033,0,38257.043,0,2857.302,13931,21070,3,2.490,1.670,3,0,33.213,0,0,14,36,0,11,0
28-07 09:59:54,39.723,12.991,35.975,5.246,0,1816652,10529916,302548,3605748,882.395,0,0,29915.497,0,2369.376,12533,19399,3.240,2.550,1.690,10,0,20.986,0,0,14,37,0,11,0
28-07 09:59:55,40.377,12.961,36.639,5.234,0,1814220,10526244,306448,3607740,15376.247,7405.483,0,26403.717,0,2005.901,12628,18186,3.240,2.550,1.690,6,0,16.948,0,0,14,37,0,11,0
28-07 09:59:56,38.929,13.226,36.933,5.490,0,1811856,10523476,310700,3608484,1400.446,0,0,28380.237,0,2144.089,12719,18070,3.240,2.550,1.690,2,0,23.956,0,0,14,34,0,12,0
28-07 09:59:57,37.194,15.581,46.493,0.251,0,1652028,10683056,310932,3608492,15054.536,7615.729,0,3120.278,0,156.818,3896,2550,3.240,2.550,1.690,3,0,53.278,0,0,14,32,0,12,0
28-07 09:59:58,26.290,28.042,44.067,0,0,1696068,10638860,311044,3608528,826.250,0,0,1614.443,0,80.121,4870,2809,3.240,2.550,1.690,2,0,148.224,0,0,14,32,0,12,0
28-07 09:59:59,24.000,12.500,62.501,0.250,0,1704276,10630292,311392,3608532,30570.488,30012.480,0,5236.084,0,264.004,3621,2941,3.140,2.540,1.690,1,0,43.001,0,0,14,33,0,13,0
28-07 10:00:00,24.130,3.731,69.405,0,0,1704672,10629844,311408,3608564,44508.031,22138.091,0,2097.586,0,8.956,4590,5316,3.140,2.540,1.690,1,0,0,0,0,14,33,0,13,0
28-07 10:00:01,24.246,4.999,68.738,0,0,1702376,10632108,311408,3608596,19218.635,9316.369,0,7.999,0,1.000,4284,4655,3.140,2.540,1.690,2,0,4.999,0,0,14,32,0,14,0
28-07 10:00:02,14.310,13.557,71.049,0,0,1657536,10676948,311408,3608596,26460.254,13326.030,0,4.017,0,1.004,2704,1882,3.140,2.540,1.690,1,0,56.236,0,0,14,32,0,14,0
28-07 10:00:03,22.028,6.008,71.841,0,0,1690796,10643668,311416,3608596,15517.620,7467.441,0,6608.355,0,214.271,2042,1218,3.140,2.540,1.690,1,0,0,0,0,14,32,0,14,0
28-07 10:00:04,22.500,4.750,72.000,0,0,1710156,10624304,311416,3608600,15215.072,7458.035,0,176.001,0,2.000,2438,2106,2.970,2.520,1.690,1,0,2.000,0,0,14,33,0,14,0
28-07 10:00:05,19.994,7.998,71.229,0,0,1667780,10666668,311416,3608612,419.875,0,0,0,0,0,3171,2878,2.970,2.520,1.690,1,0,33.990,0,0,14,32,0,14,0
28-07 10:00:06,19.249,7.499,72.245,0,0,1679104,10655328,311440,3608616,15279.893,7619.448,0,163.988,0,12.999,2009,1660,2.970,2.520,1.690,1,0,0,0,0,14,32,0,14,0
28-07 10:00:07,21.986,4.747,71.954,0.250,0,1714976,10619280,311476,3608756,15338.268,7966.945,0,383.757,0,23.985,2236,1767,2.970,2.520,1.690,1,0,1.999,0,0,14,32,0,14,0
28-07 10:00:08,23.518,3.503,73.055,0,0,1710896,10623324,311508,3608760,599.450,0,0,176.132,0,15.011,2310,2052,2.970,2.520,1.690,1,0,0,0,0,14,32,0,14,0
28-07 10:00:09,12.242,15.239,71.201,0,0,1661100,10673092,311532,3608764,15025.620,7356.918,0,203.859,0,11.992,2874,1945,2.810,2.490,1.680,2,0,59.959,0,0,14,32,0,14,0
28-07 10:00:10,21.868,5.027,73.397,0,0,1704032,10630160,311532,3608764,765.143,0,0,4.022,0,1.005,1715,1124,2.810,2.490,1.680,2,0,2.011,0,0,14,32,0,14,0
28-07 10:00:11,22.650,4.231,71.683,0,0,1707828,10626364,311532,3608764,15361.138,7586.484,0,0,0,0,2717,2541,2.810,2.490,1.680,1,0,0,0,0,14,33,0,14,0
28-07 10:00:12,20.246,7.999,70.487,0,0,1673452,10660712,311532,3608792,478.912,147.973,0,0,0,0,3475,3193,2.810,2.490,1.680,3,0,36.993,0,0,14,32,0,14,0
28-07 10:00:13,17.497,7.998,72.986,0,0,1684576,10649588,311532,3608792,359.932,0,0,11.998,0,2.999,1909,1365,2.810,2.490,1.680,1,0,8.998,0,0,14,32,0,14,0
28-07 10:00:14,22.754,4.751,72.012,0,0,1716644,10617508,311540,3608796,15097.598,7459.284,0,64.011,0,3.001,2138,1690,2.670,2.470,1.680,1,0,0,0,0,14,32,0,14,0
28-07 10:00:15,22.747,4.749,71.241,0,0,1711492,10622644,311540,3608812,359.956,0,0,31.996,0,1.000,3568,3739,2.670,2.470,1.680,1,0,0,0,0,14,33,0,14,0
28-07 10:00:16,11.923,16.642,69.300,0,0,1667096,10666956,311600,3608836,416.298,0,0,484.853,0,32.787,3550,2525,2.670,2.470,1.680,1,0,101.342,0,0,14,32,0,14,0
28-07 10:00:17,8.534,30.119,60.238,0,0,1658016,10675944,311624,3608884,42009.861,500869.511,0,273.078,0,12.048,5052,2984,2.670,2.470,1.680,1,0,170.674,0,0,14,32,0,14,0
28-07 10:00:18,6.502,26.007,65.519,0,0,1647292,10686644,311624,3608904,66510.147,185529.409,0,20.006,0,1.000,4793,2764,2.670,2.470,1.680,3,0,162.047,0,0,14,32,0,14,0
28-07 10:00:19,5.259,25.792,67.109,0,0,1647036,10686864,311628,3608936,46479.525,39526.226,0,48.078,0,4.007,4243,2587,2.450,2.420,1.670,2,0,147.239,0,0,14,32,0,14,0
28-07 10:00:20,13.234,33.960,51.190,0,0,1645404,10688444,311672,3608944,60467.770,32859.292,0,331.609,0,20.975,5129,3145,2.450,2.420,1.670,3,0,200.764,0,0,14,32,0,16,0
28-07 10:00:21,47.938,27.501,24.978,0,0,1660672,10672888,311784,3609112,61315.787,32179.788,0,577.270,0,43.396,5052,3035,2.450,2.420,1.670,3,0,105.967,0,0,14,32,0,20,0
28-07 10:00:22,61.302,12.996,23.050,0,0,1769128,10563800,311840,3609688,44177.850,23563.612,0,313.868,0,11.770,3893,1655,2.450,2.420,1.670,4,0,5.885,0,0,14,32,0,20,0
28-07 10:00:23,63.530,14.933,22.273,0,0,1882736,10448396,311920,3611116,45133.835,23180.446,0,2729.493,0,412.056,4619,1803,2.450,2.420,1.670,4,0,0,0,0,14,32,0,20,0
28-07 10:00:24,64.983,10.997,22.994,0.500,0,2040024,10289424,311996,3612588,15157.052,7779.973,11.997,747.805,1.999,15.996,3799,1488,2.500,2.430,1.680,5,0,0,0,0,14,32,0,20,0
28-07 10:00:25,56.488,9.705,23.143,9.207,0,2055964,10268072,312844,3616712,30869.948,15458.366,792.328,8070.601,8.958,442.947,5281,4242,2.500,2.430,1.680,4,0,13.935,0,0,14,38,0,20,0
28-07 10:00:26,46.567,17.680,26.645,3.735,0,2054756,10256492,318928,3623036,44798.595,22971.544,0,44628.266,0,3222.311,16813,24344,2.500,2.430,1.680,5,0,107.576,0,0,14,38,0,19,0
28-07 10:00:27,38.817,19.408,30.357,4.728,0,2055096,10243192,325444,3629108,43716.427,559062.271,0,47766.291,0,3445.718,17427,24781,2.500,2.430,1.680,9,0,125.407,0,0,14,38,0,19,0
28-07 10:00:28,39.498,17.108,31.951,6.541,0,2056316,10229360,331652,3635116,30424.353,14684.357,0,48754.641,0,3448.690,16667,25642,2.500,2.430,1.680,9,2,149.943,0,0,14,38,0,19,0
28-07 10:00:29,30.595,17.053,37.867,8.025,0,2055612,10219532,337964,3639004,30574.705,15542.142,0,49770.163,0,3352.384,16331,24582,2.620,2.460,1.690,3,1,84.261,0,0,14,38,0,19,0
28-07 10:00:30,47.179,17.474,23.964,6.740,0,1913828,10351024,343752,3643208,45011.337,23568.571,0,48363.299,0,3237.134,15234,22701,2.620,2.460,1.690,5,0,74.887,0,0,14,36,0,14,0
28-07 10:00:31,38.727,26.984,24.485,5.247,0,1921992,10331436,348888,3649156,61535.295,30979.521,0,39348.529,0,2667.409,14566,21080,2.620,2.460,1.690,3,1,160.904,0,0,14,36,0,14,0
28-07 10:00:32,45.068,20.418,24.402,6.474,0,1954380,10288596,354520,3653688,44615.185,23423.595,0,53615.909,0,3283.765,15381,22938,2.620,2.460,1.690,10,0,64.739,0,0,14,36,0,14,0
28-07 10:00:33,54.806,18.019,18.019,5.506,0,2006036,10229628,359000,3656284,29834.753,14769.224,0,37802.967,0,2624.706,12925,17861,2.620,2.460,1.690,3,0,51.053,0,0,14,36,0,14,0
28-07 10:00:34,53.913,23.212,16.224,3.994,0,2068380,10156356,362916,3666504,30472.636,14957.769,0,26672.792,0,1936.862,11336,26691,2.650,2.470,1.700,6,1,39.935,0,0,15,37,0,12,0
28-07 10:00:35,49.379,17.045,22.810,6.517,0,2060320,10152856,368044,3668964,45825.703,23108.362,0,54057.205,0,3075.032,14764,20835,2.650,2.470,1.700,3,0,3.008,0,0,14,38,0,13,0
28-07 10:00:36,34.912,27.576,27.829,5.819,0,1947668,10257440,373104,3671724,61711.695,31837.944,0,37648.556,0,2668.510,14883,20956,2.650,2.470,1.700,1,0,115.362,0,0,14,36,0,13,0
28-07 10:00:37,30.437,16.084,38.850,7.671,0,1942472,10255424,378136,3673712,43941.839,21971.909,0,49435.311,0,3283.216,15023,22844,2.650,2.470,1.700,2,1,40.582,0,0,14,36,0,13,0
28-07 10:00:38,35.382,15.307,37.139,7.026,0,1940448,10252400,381368,3675400,30331.344,14809.340,0,44261.398,0,3035.343,15192,21760,2.650,2.470,1.700,5,0,60.225,0,0,14,36,0,11,0
28-07 10:00:39,41.388,14.799,40.636,1.505,0,1711236,10480676,382080,3675604,28677.626,578065.573,0,15656.206,0,839.800,6277,6161,2.680,2.480,1.710,2,0,83.278,0,0,14,32,0,11,0
28-07 10:00:40,7.238,26.707,64.147,0.250,0,1708828,10482964,382176,3675616,46187.516,37022.297,0,1281.933,0,62.899,4593,3034,2.680,2.480,1.710,1,0,170.725,0,0,14,32,0,11,0
28-07 10:00:41,22.281,5.007,72.101,0,0,1744764,10446956,382244,3675620,60612.716,31676.273,0,969.355,0,52.073,2094,1516,2.680,2.480,1.710,1,0,0,0,0,14,32,0,11,0
28-07 10:00:42,21.203,6.984,70.842,0.499,0,1768692,10422824,382444,3675620,44287.918,22160.422,0,3129.000,0,157.647,2362,1958,2.680,2.480,1.710,2,0,1.996,0,0,14,32,0,11,0
28-07 10:00:43,21.295,5.512,72.653,0,0,1795316,10396200,382444,3675620,30157.706,14785.233,0,4.008,0,1.002,1842,1242,2.680,2.480,1.710,2,0,2.004,0,0,14,32,0,11,0
28-07 10:00:44,23.211,3.704,71.115,0,0,1816044,10375468,382444,3675624,30388.766,15858.616,0,94.820,0,2.963,2073,1547,2.540,2.450,1.700,2,0,1.975,0,0,14,38,0,11,0
28-07 10:00:45,25.574,2.279,72.418,0,0,1814164,10377316,382472,3675628,60709.989,32330.044,0,198.518,0,15.193,2321,1808,2.540,2.450,1.700,1,0,1.013,0,0,14,34,0,11,0
28-07 10:00:46,17.238,9.743,71.451,0,0,1759764,10431688,382500,3675628,45798.368,23497.771,0,187.870,0,18.987,2554,1856,2.540,2.450,1.700,1,0,28.980,0,0,14,32,0,11,0
28-07 10:00:47,21.616,6.032,72.892,0,0,1755872,10435556,382516,3675632,44977.617,23415.788,0,213.145,0,13.070,1950,1322,2.540,2.450,1.700,2,0,1.005,0,0,14,32,0,11,0
28-07 10:00:48,22.372,6.214,69.353,0,0,1767316,10424052,382532,3675676,29661.366,14509.023,0,147.158,0,9.943,1996,1404,2.540,2.450,1.700,3,0,0,0,0,14,32,0,11,0
28-07 10:00:49,23.016,4.503,72.051,0,0,1797372,10393956,382560,3675684,29612.881,14602.296,0,184.130,0,22.016,2142,1688,2.420,2.430,1.700,3,0,4.003,0,0,14,34,0,11,0
28-07 10:00:50,18.251,11.501,69.754,0.250,0,1738800,10452496,382592,3675684,54734.312,461903.946,0,488.030,0,25.002,3048,2072,2.420,2.430,1.700,2,0,46.003,0,0,14,32,0,11,0
28-07 10:00:51,9.743,41.718,46.215,0,0,1726116,10465152,382600,3675700,49375.276,138720.014,0,187.856,0,10.992,5489,3364,2.420,2.430,1.700,3,0,253.806,0,0,14,32,0,10,0
28-07 10:00:52,10.948,44.786,41.302,0,0,1722724,10468520,382620,3675704,60644.968,33332.588,0,203.029,0,12.938,5635,3386,2.420,2.430,1.700,4,0,272.696,0,0,14,32,0,10,0
28-07 10:00:53,10.718,47.111,40.131,0,0,1703140,10488052,382620,3675724,60582.766,37110.209,0,514.478,0,117.652,5738,3270,2.420,2.430,1.700,2,0,267.209,0,0,14,32,0,10,0
28-07 10:00:54,10.063,46.542,41.007,0,0,1654956,10536232,382620,3675728,50115.394,27820.529,0,3586.500,0,22.139,5657,3370,2.310,2.410,1.690,2,0,281.768,0,0,14,32,0,10,0
28-07 10:00:55,9.264,50.074,39.058,0,0,1642576,10548592,382620,3675748,58073.844,34657.230,0,44.065,0,11.016,5766,3636,2.310,2.410,1.690,2,0,328.486,0,0,14,32,0,10,0
28-07 10:00:56,8.755,50.278,38.521,0,0,1637676,10553488,382620,3675752,61415.810,31903.563,0,36.020,0,9.005,5710,3516,2.310,2.410,1.690,3,0,313.172,0,0,14,32,0,10,0
28-07 10:00:57,8.488,47.184,42.441,0,0,1628912,10562248,382624,3675752,60791.012,32620.395,0,207.710,0,8.987,5536,3371,2.310,2.410,1.690,1,0,290.594,0,0,14,32,0,10,0
28-07 10:00:58,6.749,25.998,65.995,0,0,1631348,10559800,382624,3675764,59626.093,466205.635,0,7.999,0,2.000,4516,2777,2.310,2.410,1.690,1,0,147.988,0,0,14,32,0,10,0
28-07 10:00:59,4.500,11.001,81.756,0.750,0,1624004,10566844,382904,3675772,59562.654,149107.650,8.001,7708.602,1.000,348.027,3092,3234,2.120,2.370,1.680,0,1,33.003,0,0,14,12,0,8,20
28-07 10:01:00,4.997,13.492,78.452,1.999,0,1620616,10569944,383012,3675920,45901.047,23825.491,139.915,2866.254,7.995,136.917,3159,2673,2.120,2.370,1.680,1,0,55.966,0,0,14,12,0,8,20
28-07 10:01:01,6.008,23.281,68.590,0,0,1623472,10567060,383032,3675928,61991.324,34140.788,0,720.946,0,141.185,4511,2755,2.120,2.370,1.680,2,0,138.181,0,0,14,12,0,8,20
28-07 10:01:02,5.959,24.331,67.531,0,0,1624584,10565932,383036,3675940,45797.792,24283.277,0,43.696,0,5.959,3974,2576,2.120,2.370,1.680,3,0,125.131,0,0,14,12,0,8,20
28-07 10:01:03,7.054,24.940,67.515,0,0,1624864,10565648,383036,3675944,60872.759,31669.797,0,12.092,0,3.023,4162,2547,2.120,2.370,1.680,1,0,119.916,0,0,14,12,0,7,20
28-07 10:01:04,6.251,23.754,67.260,0,0,1626816,10563692,383036,3675948,61142.239,31870.816,0,656.099,0,86.013,4305,2524,2.110,2.360,1.690,1,0,116.018,0,0,14,12,0,7,20
28-07 10:01:05,19.418,22.654,56.012,0.249,0,1616792,10573688,383044,3675956,44606.727,22683.749,0,95.594,0,2.987,4692,5126,2.110,2.360,1.690,1,0,65.721,0,0,14,12,0,7,20
28-07 10:01:06,20.047,23.054,56.884,0,0,1619740,10570744,383044,3675956,45140.974,22733.370,0,8.019,0,2.005,4951,5798,2.110,2.360,1.690,1,0,66.155,0,0,14,12,0,7,20
28-07 10:01:07,24.243,27.242,44.987,0.750,0,1665080,10524764,383060,3676580,51673.356,458961.931,19.994,27.992,1.000,2.999,5034,3117,2.110,2.360,1.690,4,0,132.962,0,0,14,12,0,7,20
28-07 10:01:08,14.028,24.799,60.619,0.501,0,1667768,10521684,383060,3676960,64355.361,159861.886,152.299,4.008,2.004,1.002,4489,2802,2.110,2.360,1.690,2,0,140.275,0,0,16,12,0,7,20
28-07 10:01:09,6.734,24.194,66.096,0,0,1670072,10519200,383076,3677096,60842.112,32204.896,0,335.218,0,11.972,4331,3046,2.020,2.340,1.680,1,0,110.742,0,0,16,12,0,7,20
28-07 10:01:10,7.520,24.314,66.425,0,0,1663236,10526016,383092,3677100,60714.060,31248.380,0,429.131,0,22.058,4248,2815,2.020,2.340,1.680,1,0,118.312,0,0,16,12,0,7,20
28-07 10:01:11,10.200,25.874,62.196,0,0,1665464,10523780,383092,3677500,45270.848,23640.514,0,7.961,0,1.990,5515,5780,2.020,2.340,1.680,4,0,126.383,0,0,16,12,0,7,20
28-07 10:01:12,17.487,27.730,53.211,0,0,1663696,10525520,383092,3677576,44702.250,23520.768,0,807.408,0,6.995,4940,5474,2.020,2.340,1.680,1,0,91.933,0,0,16,12,0,7,20
28-07 10:01:13,20.868,20.868,56.393,0,0,1670700,10518516,383092,3677112,58179.079,29584.907,0,31.799,0,2.981,4042,2751,2.020,2.340,1.680,3,0,53.661,0,0,16,12,0,7,20
28-07 10:01:14,25.702,27.466,46.364,0,0,1710984,10477840,383092,3677464,47830.306,26653.137,4.032,4.032,1.008,1.008,4900,2838,2.100,2.350,1.690,1,0,137.076,0,0,18,12,0,7,20
28-07 10:01:15,7.028,22.590,68.273,0.251,0,1717496,10471312,383092,3677476,61184.378,34513.853,0,244.978,0,4.016,4328,3019,2.100,2.350,1.690,2,0,121.485,0,0,18,12,0,7,20
28-07 10:01:16,8.269,25.059,65.153,0,0,1714900,10473888,383092,3677480,72175.015,588458.011,0,12.028,0,3.007,4846,3288,2.100,2.350,1.690,1,0,128.300,0,0,18,12,0,7,20
28-07 10:01:17,7.976,27.419,62.564,0,0,1713264,10475516,383092,3677484,45905.742,23448.400,0,11.964,0,2.991,4487,2969,2.100,2.350,1.690,1,0,126.624,0,0,18,12,0,7,20
28-07 10:01:18,16.509,27.015,55.031,0,0,1718388,10470316,383092,3677968,60608.666,30685.551,0,28.016,0,3.002,4939,5331,2.100,2.350,1.690,1,0,103.059,0,0,18,12,0,7,20
28-07 10:01:19,19.023,23.278,56.318,0,0,1716944,10471712,383092,3677968,44974.540,22657.477,0,344.418,0,3.004,4657,5369,2.010,2.330,1.690,3,0,68.083,0,0,18,12,0,7,20
28-07 10:01:20,22.116,22.613,53.426,0,0,1745992,10442644,383104,3677500,45736.692,23946.807,0,135.180,0,2.982,4635,3060,2.010,2.330,1.690,4,0,79.518,0,0,18,12,0,7,20
28-07 10:01:21,51.337,16.691,32.117,0,0,1898604,10289960,383160,3677508,45621.869,23304.581,0,8.093,0,2.023,3928,2601,2.010,2.330,1.690,14,0,19.220,0,0,20,12,0,7,20
28-07 10:01:22,81.348,18.216,0,0,0,2103648,10084328,383164,3678028,30138.869,15041.986,0,0,0,0,5057,3500,2.010,2.330,1.690,14,0,2.994,0,0,20,12,0,7,20
28-07 10:01:23,87.693,13.029,0,0,0,2278620,9908964,383180,3678404,30413.800,15117.203,0,0,0,0,5089,3528,2.010,2.330,1.690,13,0,34.075,0,0,20,12,0,1,20
28-07 10:01:24,43.925,21.342,33.254,0,0,2346460,9840692,383188,3678704,31209.157,17008.196,0,2914.443,0,488.388,5839,3607,2.810,2.490,1.740,3,0,111.178,0,0,20,12,0,1,20
28-07 10:01:25,6.248,23.741,67.225,0,0,2343908,9843224,383192,3678712,61658.408,34685.291,0,411.849,0,4.998,4413,3206,2.810,2.490,1.740,2,0,128.953,0,0,20,12,0,1,20
28-07 10:01:26,9.005,23.763,64.534,0,0,2344456,9842648,383192,3678720,71032.454,594093.256,0,8.004,0,2.001,4826,3551,2.810,2.490,1.740,1,0,122.064,0,0,20,12,0,1,20
28-07 10:01:27,7.257,24.773,66.312,0,0,2346704,9840392,383192,3678724,45430.336,23347.758,0,20.019,0,5.005,4365,3056,2.810,2.490,1.740,1,0,117.109,0,0,20,12,0,1,20
28-07 10:01:28,7.950,23.105,66.084,0,0,2344912,9842180,383192,3679124,61101.722,31313.067,0,11.925,0,2.981,4396,3090,2.810,2.490,1.740,6,0,104.344,0,0,20,12,0,1,20
28-07 10:01:29,22.128,21.122,55.822,0,0,2346932,9840000,383192,3679256,45301.341,22437.440,0,0,0,0,5479,7013,2.990,2.530,1.760,4,0,67.389,0,0,20,12,0,1,20
28-07 10:01:30,19.228,24.722,54.188,0,0,2342880,9844016,383200,3678872,44921.709,22766.006,0,2177.514,0,148.830,5041,4646,2.990,2.530,1.760,4,0,88.898,0,0,20,12,0,1,20
28-07 10:01:31,25.992,23.492,49.234,0,0,2358216,9828652,383208,3678876,61878.918,33621.088,0,51.983,0,3.999,4829,3124,2.990,2.530,1.760,1,0,112.963,0,0,20,12,0,1,20
28-07 10:01:32,17.777,8.012,74.112,0,0,2365804,9820620,383208,3679264,44909.081,22460.049,0,4.006,0,1.002,2575,2319,2.990,2.530,1.760,1,0,23.035,0,0,21,12,0,2,20
28-07 10:01:33,10.761,17.017,69.571,0,0,2368568,9817848,383208,3679272,46594.381,25563.995,0,0,0,0,3606,2863,2.990,2.530,1.760,2,0,72.073,0,0,21,12,0,2,20
28-07 10:01:34,22.222,5.993,71.411,0,0,2401700,9784716,383208,3679272,45096.982,21860.845,0,0,0,0,2304,1995,2.830,2.500,1.760,1,0,0,0,0,21,12,0,2,20
28-07 10:01:35,34.498,14.999,48.997,0,0,2440220,9746172,383216,3679284,41521.566,462124.915,0,199.988,0,14.999,5115,12660,2.830,2.500,1.760,1,0,37.998,0,0,21,12,0,3,10
28-07 10:01:36,22.820,5.517,69.963,0,0,2443560,9742808,383224,3679300,18599.675,128983.025,0,629.919,0,15.046,3149,3144,2.830,2.500,1.760,1,0,1.003,0,0,21,17,0,3,4
28-07 10:01:37,22.682,5.733,69.791,0,0,2377728,9808476,383252,3679436,15413.815,7421.762,0,334.996,0,32.901,3356,3493,2.830,2.500,1.760,2,0,0,0,0,21,14,0,7,0
28-07 10:01:38,6.755,25.771,65.803,0,0,2368940,9817252,383252,3679448,61935.344,31869.906,0,8.007,0,2.002,4847,3390,2.830,2.500,1.760,1,0,158.129,0,0,21,14,0,7,0
28-07 10:01:39,7.209,25.603,64.630,0,0,2369572,9816620,383252,3679448,61349.729,37149.294,0,11.932,0,2.983,4814,3372,2.840,2.510,1.760,3,0,150.140,0,0,21,14,0,7,0
28-07 10:01:40,7.036,22.867,67.847,0,0,2365420,9820764,383252,3679456,61680.577,33726.556,0,36.185,0,2.010,4560,3325,2.840,2.510,1.760,2,0,128.658,0,0,21,14,0,7,0
28-07 10:01:41,6.750,23.501,68.003,0,0,2356156,9830016,383252,3679468,45923.933,26595.119,0,0,0,0,4532,3355,2.840,2.510,1.760,1,0,138.006,0,0,21,14,0,7,0
28-07 10:01:42,7.719,24.899,65.484,0,0,2353816,9832336,383256,3679480,61340.079,31589.807,0,155.370,0,4.980,4515,3256,2.840,2.510,1.760,3,0,111.547,0,0,21,14,0,7,0
28-07 10:01:43,8.286,24.106,66.039,0,0,2350532,9835616,383256,3679484,61103.661,31158.488,0,16.070,0,4.018,4495,3206,2.840,2.510,1.760,2,0,107.471,0,0,21,14,0,7,0
28-07 10:01:44,7.997,23.991,65.475,0,0,2352460,9833552,383256,3679620,46023.764,23847.069,0,15.994,0,3.999,4349,3192,2.690,2.490,1.760,2,0,113.957,0,0,21,14,0,7,0
28-07 10:01:45,8.966,25.404,63.013,0,0,2343980,9842032,383256,3679620,70556.502,466243.566,0,3116.274,0,517.054,5866,3465,2.690,2.490,1.760,1,0,117.558,0,0,21,14,0,7,0
28-07 10:01:46,18.016,23.021,57.051,0,0,2341392,9844580,383260,3679624,49133.049,147412.158,0,164.147,0,9.008,5155,5874,2.690,2.490,1.760,3,0,74.066,0,0,21,14,0,7,0
28-07 10:01:47,19.721,23.465,55.418,0,0,2325252,9860668,383260,3679612,45424.002,23052.000,0,71.894,0,2.996,4814,5374,2.690,2.490,1.760,3,0,70.895,0,0,21,14,0,7,0
28-07 10:01:48,40.455,25.127,34.173,0,0,2380584,9805272,383268,3680088,61557.235,33610.481,0,4.020,0,1.005,5172,3401,2.690,2.490,1.760,4,0,86.438,0,0,21,14,0,7,0
28-07 10:01:49,45.243,16.841,36.446,0,0,2432552,9753164,383268,3680224,46022.498,24272.532,0,4.022,0,1.005,4156,2638,2.720,2.490,1.760,2,0,44.238,0,0,21,15,0,7,0
28-07 10:01:50,42.400,9.614,45.851,0,0,2491008,9694700,383268,3680232,44728.688,21842.729,0,0,0,0,3388,2219,2.720,2.490,1.760,3,0,1.972,0,0,21,15,0,7,0
28-07 10:01:51,50.493,6.029,42.706,0,0,2527020,9658664,383268,3680256,15757.955,7494.122,0,4.019,0,1.005,3620,2484,2.720,2.490,1.760,2,0,6.029,0,0,21,23,0,7,0
28-07 10:01:52,49.166,8.320,42.358,0,0,2570384,9614592,383324,3680856,30638.150,14908.099,88.751,318.696,1.009,14.119,4349,3406,2.720,2.490,1.760,4,0,13.111,0,0,21,31,0,7,0
28-07 10:01:53,49.520,10.296,37.017,0,0,2596480,9586416,383360,3682548,15042.256,7219.106,0,1831.743,0,10.786,5129,5815,2.720,2.490,1.760,2,0,2.942,0,0,21,30,0,7,0
28-07 10:01:54,28.954,28.450,41.794,0,0,2638584,9543144,383376,3683668,16390.437,9867.496,0,390.752,0,16.113,6627,6459,2.740,2.500,1.770,1,0,127.901,0,0,21,30,0,7,0
28-07 10:01:55,7.550,22.146,67.696,0.755,0,2643572,9538132,383392,3683672,63271.149,34249.810,8.053,193.274,2.013,9.060,4400,3325,2.740,2.500,1.770,1,0,114.757,0,0,21,30,0,7,0
28-07 10:01:56,15.082,29.914,53.543,0,0,2649300,9532400,383392,3684140,61569.626,31226.729,0,4.022,0,1.005,6065,6044,2.740,2.500,1.770,2,0,171.940,0,0,21,30,0,7,0
28-07 10:01:57,26.677,19.696,51.859,0,0,2653208,9528396,383392,3684064,58654.386,580931.135,0,797.829,0,4.986,5794,6529,2.740,2.500,1.770,7,0,74.796,0,0,21,30,0,7,0
28-07 10:01:58,14.387,12.898,66.476,4.217,0,2642700,9537692,383404,3684896,44746.171,23298.290,1218.393,0,27.781,0,3584,2975,2.740,2.500,1.770,1,0,44.648,0,0,21,30,0,7,0
28-07 10:01:59,18.301,10.634,63.805,4.699,0,2646780,9526444,383412,3692432,30191.303,14565.424,7007.706,3.957,86.063,0.989,4186,4540,2.600,2.480,1.770,10,0,36.602,0,0,22,30,0,7,0
28-07 10:02:00,21.681,29.078,48.464,0,0,2606792,9566328,383416,3692436,61587.869,31545.379,0,126.516,0,4.081,5478,6421,2.600,2.480,1.770,2,0,122.435,0,0,22,30,0,7,0
28-07 10:02:01,22.753,14.523,57.124,1.694,0,2607728,9563720,383420,3693716,43972.704,22357.657,1707.903,964.326,22.269,92.947,4176,3208,2.600,2.480,1.770,6,0,49.378,0,0,22,32,0,7,0
28-07 10:02:02,29.000,26.965,41.720,3.053,0,2677364,9493212,383464,3694380,47298.192,24209.771,468.077,276.776,23.404,22.386,5341,4132,2.600,2.480,1.770,2,0,111.932,0,0,22,44,0,7,0
28-07 10:02:03,12.654,22.018,64.536,0,0,2681632,9488932,383472,3694400,62489.785,33777.223,4.049,68.838,1.012,7.086,4551,3493,2.600,2.480,1.770,2,0,94.146,0,0,22,46,0,7,0
28-07 10:02:04,13.674,29.087,55.440,0,0,2697280,9473276,383472,3694804,61766.493,32390.814,0,0,0,0,6163,6953,2.470,2.450,1.760,7,0,148.171,0,0,22,46,0,7,0
28-07 10:02:05,18.103,23.132,57.327,0,0,2698728,9471764,383472,3694880,30127.698,15230.801,0,4.023,0,1.006,5220,6506,2.470,2.450,1.760,1,0,72.413,0,0,22,46,0,8,0
28-07 10:02:06,22.607,19.593,55.513,1.005,0,2688044,9482372,383484,3694440,71542.996,481328.704,100.476,16.076,9.043,4.019,4819,4361,2.470,2.450,1.760,5,0,77.367,0,0,22,46,0,8,0
28-07 10:02:07,5.972,7.963,77.142,6.221,0,2690600,9478328,383500,3695920,47989.518,142220.657,1353.724,318.523,22.894,9.954,2526,2768,2.470,2.450,1.760,1,0,46.783,0,0,22,46,0,8,0
28-07 10:02:08,7.497,20.491,69.970,1.000,0,2685928,9481252,383500,3697652,57674.526,31392.679,1723.269,7.997,19.992,1.999,4351,3334,2.470,2.450,1.760,3,0,103.956,0,0,24,46,0,8,0
28-07 10:02:09,15.080,26.139,56.550,0,0,2699400,9467656,383500,3698272,50374.525,25366.715,0,4.021,0,1.005,5486,6249,2.440,2.450,1.760,1,0,110.587,0,0,24,46,0,8,0
28-07 10:02:10,19.595,24.308,54.073,0,0,2695904,9471108,383500,3698244,60624.452,34368.705,0,0,0,0,5227,5935,2.440,2.450,1.760,1,0,70.444,0,0,24,46,0,8,0
28-07 10:02:11,12.744,26.237,55.973,2.999,0,2689644,9475592,383500,3699524,45303.748,23080.663,1871.081,9231.466,22.989,1102.458,6511,3564,2.440,2.450,1.760,5,0,82.959,0,0,24,48,0,8,0
28-07 10:02:12,8.262,27.289,63.591,0,0,2687984,9477100,383500,3699672,64149.058,33189.629,0,204.293,0,10.014,4815,3530,2.440,2.450,1.760,3,0,141.203,0,0,24,48,0,8,0
28-07 10:02:13,6.758,22.775,67.826,0,0,2690936,9474144,383500,3699676,61074.267,33943.942,0,44.049,0,3.003,4600,3482,2.440,2.450,1.760,1,0,127.142,0,0,24,48,0,8,0
28-07 10:02:14,7.272,24.324,66.200,0,0,2698196,9466868,383500,3699688,46174.805,25081.941,0,16.049,0,4.012,4494,3378,2.400,2.440,1.770,1,0,123.374,0,0,24,48,0,8,0
28-07 10:02:15,9.183,24.074,64.279,0,0,2696952,9468108,383500,3699692,71819.671,569949.141,0,11.913,0,2.978,4801,3434,2.400,2.440,1.770,2,0,115.156,0,0,24,48,0,8,0
28-07 10:02:16,7.527,25.090,65.484,0,0,2699108,9465944,383500,3699700,61275.792,31536.605,0,999.569,0,150.538,4815,3434,2.400,2.440,1.770,2,0,124.444,0,0,24,48,0,8,0
28-07 10:02:17,21.538,23.541,53.093,0,0,2695616,9469432,383504,3699768,45654.090,22856.096,0,136.239,0,6.011,5190,6101,2.400,2.440,1.770,1,0,85.149,0,0,24,48,0,8,0
28-07 10:02:18,21.191,23.933,54.098,0,0,2677816,9487156,383504,3699700,44853.345,22632.596,0,3.989,0,0.997,5369,6483,2.400,2.440,1.770,1,0,77.782,0,0,24,48,0,8,0
28-07 10:02:19,24.373,28.600,44.020,0,0,2726948,9438016,383516,3699700,60623.030,33051.190,0,55.709,0,2.984,5272,3419,2.370,2.430,1.770,2,0,121.365,0,0,24,48,0,8,0
28-07 10:02:20,28.103,30.612,40.900,0,0,2769604,9395332,383516,3699728,46515.069,24148.291,0,76.279,0,4.015,5124,3201,2.370,2.430,1.770,4,0,139.510,0,0,24,48,0,8,0
28-07 10:02:21,27.023,28.511,42.642,0,0,2806344,9358456,383540,3699808,60676.315,32520.823,0,47.600,0,1.983,5175,3288,2.370,2.430,1.770,2,0,118.009,0,0,24,48,0,8,0
28-07 10:02:22,31.960,29.677,38.047,0.254,0,2836024,9327372,383588,3701112,62479.636,32844.396,8.117,446.421,1.015,4.058,6188,5353,2.370,2.430,1.770,2,0,135.955,0,0,24,50,0,8,0
28-07 10:02:23,27.475,29.207,40.593,0.248,0,2871264,9291788,383604,3701384,68448.282,568175.987,11.881,0,2.970,0,5681,3967,2.370,2.430,1.770,2,0,158.413,0,0,24,52,0,10,0
28-07 10:02:24,26.618,36.913,35.658,0,0,2938536,9224504,383604,3701392,57386.877,29825.949,0,968.284,0,12.053,5358,3462,2.340,2.420,1.770,4,0,152.675,0,0,24,52,0,10,0
28-07 10:02:25,32.792,28.787,37.298,0,0,2974452,9188576,383604,3701396,61388.395,34698.311,0,0,0,0,5450,3601,2.340,2.420,1.770,2,0,146.187,0,0,24,52,0,10,0
28-07 10:02:26,29.870,24.892,42.565,0.249,0,2970940,9192068,383608,3701412,61248.860,33211.688,3.983,19.913,0.996,4.978,5243,3447,2.340,2.420,1.770,4,0,122.468,0,0,24,52,0,10,0
28-07 10:02:27,18.618,27.675,52.079,0,0,2989468,9173292,383612,3701644,46455.655,24410.302,0,466.952,0,7.045,4978,3533,2.340,2.420,1.770,3,0,132.840,0,0,24,52,0,10,0
28-07 10:02:28,7.754,24.012,66.032,0,0,2983496,9179236,383612,3701648,61202.610,31395.189,0,12.006,0,3.001,4686,3499,2.340,2.420,1.770,3,0,125.061,0,0,24,52,0,10,0
28-07 10:02:29,8.746,24.240,65.473,0,0,2978324,9184400,383612,3701652,61092.368,31366.839,0,11.995,0,2.999,4627,3400,2.230,2.400,1.760,2,0,121.949,0,0,24,52,0,10,0
28-07 10:02:30,16.493,22.991,57.976,0,0,2974964,9187632,383612,3702268,45320.286,23352.357,0,11.995,0,1.999,4931,5801,2.230,2.400,1.760,2,0,90.962,0,0,24,52,0,10,0
28-07 10:02:31,19.006,23.508,56.018,0,0,2968768,9193816,383612,3702260,58615.350,466269.925,0,128.042,0,3.001,5431,6725,2.230,2.400,1.760,1,0,72.024,0,0,24,52,0,10,0
28-07 10:02:32,32.228,27.518,39.170,0,0,2996040,9166468,383612,3702252,52355.846,140045.964,0,769.516,0,101.148,5326,3755,2.230,2.400,1.760,4,0,79.332,0,0,24,52,0,10,0
28-07 10:02:33,45.962,32.224,20.233,0,0,3087352,9075124,383620,3702332,57923.607,33360.705,0,7.993,0,1.998,5524,3243,2.230,2.400,1.760,3,0,119.902,0,0,24,52,0,9,0
28-07 10:02:34,53.405,28.082,17.300,0,0,3133816,9028044,383628,3702932,61713.329,34018.853,0,4.012,0,1.003,5533,3834,2.290,2.410,1.770,5,0,121.353,0,0,24,52,0,9,0
28-07 10:02:35,54.468,32.731,11.743,0,0,3198136,8963072,383648,3706948,45943.113,23920.001,0,347.796,0,6.996,5847,13077,2.290,2.410,1.770,4,0,182.893,0,0,24,52,0,11,0
28-07 10:02:36,49.988,31.558,18.430,0,0,3200716,8959188,383728,3704460,62580.132,31941.932,0,8826.193,0,918.974,7011,3748,2.290,2.410,1.770,3,0,132.292,0,0,24,52,0,11,0
28-07 10:02:37,37.197,23.402,20.446,16.505,0,3229060,8928504,384520,3706052,44599.410,23215.106,701.577,508.446,83.756,25.619,6158,7561,2.290,2.410,1.770,2,2,77.844,0,0,24,52,0,5,0
28-07 10:02:38,52.596,25.034,19.471,3.287,0,3239860,8917276,384832,3705772,60939.340,31741.578,319.621,4.046,50.573,1.011,6335,6074,2.290,2.410,1.770,4,0,76.871,0,0,24,56,0,5,0
28-07 10:02:39,64.135,32.948,2.515,0,0,3382872,8773284,385308,3706144,46499.222,25982.019,0,2655.949,0,204.226,6391,5556,2.510,2.450,1.790,8,1,170.021,0,0,24,56,0,5,0
28-07 10:02:40,45.067,32.438,18.076,0.990,0,3395372,8755884,388216,3708024,70988.760,575542.726,0,10594.184,0,1290.597,11217,14239,2.510,2.450,1.790,3,0,111.924,0,0,24,56,0,5,0
28-07 10:02:41,47.655,29.691,17.715,1.248,0,3414372,8725340,390036,3717436,45747.009,23355.545,0,15533.104,0,1005.001,9984,12439,2.510,2.450,1.790,5,0,90.819,0,0,24,56,0,5,0
28-07 10:02:42,47.940,30.119,17.821,2.259,0,3442948,8692592,391836,3719696,60609.034,31629.263,0,7843.061,0,923.658,9745,12277,2.510,2.450,1.790,5,0,104.414,0,0,24,56,0,5,0
28-07 10:02:43,50.119,27.541,16.376,2.233,0,3470156,8660096,393556,3723120,48950.199,25540.011,3.970,9718.186,0.992,1011.319,9886,13157,2.510,2.450,1.790,6,0,98.254,0,0,24,58,0,5,0
28-07 10:02:44,62.383,28.540,8.587,1.010,0,3527240,8599492,394132,3725692,57666.555,28927.737,0,3632.889,0,281.862,7903,11191,2.870,2.530,1.820,3,1,87.892,0,0,24,58,0,5,0
28-07 10:02:45,60.681,33.350,5.266,0.752,0,3538408,8584608,394596,3728876,45277.423,23438.102,529.584,8296.815,7.021,329.987,10220,14015,2.870,2.530,1.820,6,0,122.366,0,0,24,74,0,16,0
28-07 10:02:46,40.175,32.939,24.454,0,0,3581336,8541208,394656,3729248,60945.481,33647.328,0,367.316,0,31.941,6373,6010,2.870,2.530,1.820,4,0,135.747,0,0,24,78,0,20,0
28-07 10:02:47,28.129,26.635,43.313,0,0,3630564,8491828,394668,3729388,46116.421,26479.977,0,115.503,0,6.970,5284,3490,2.870,2.530,1.820,3,0,127.451,0,0,24,78,0,20,0
28-07 10:02:48,28.753,29.253,40.254,0,0,3674584,8447728,394692,3729436,60597.040,32117.201,0,204.020,0,12.001,5301,3947,2.870,2.530,1.820,2,0,120.012,0,0,24,78,0,20,0
28-07 10:02:49,31.669,27.145,40.968,0,0,3695868,8426380,394712,3729472,65341.092,590944.144,0,233.243,0,12.064,5517,3788,2.800,2.520,1.820,4,0,117.627,0,0,24,80,0,20,0
28-07 10:02:50,32.563,24.857,40.020,0,0,3702980,8419164,394792,3729880,53644.403,29428.707,0,1395.969,0,73.577,6314,6149,2.800,2.520,1.820,4,0,115.337,0,0,24,80,0,20,0
28-07 10:02:51,30.095,31.587,36.312,0,0,3697792,8422892,394796,3731272,45148.722,22420.158,0,0,0,0,7413,10367,2.800,2.520,1.820,13,0,137.291,0,0,24,78,0,22,0
28-07 10:02:52,19.331,22.092,57.992,0,0,3700416,8420240,394796,3730888,61026.151,32013.851,0,4.017,0,1.004,4189,3486,2.800,2.520,1.820,3,0,47.197,0,0,24,78,0,22,0
28-07 10:02:53,23.530,29.788,45.057,0,0,3746264,8374384,394796,3730900,61201.715,33867.005,0,4.005,0,1.001,5144,3475,2.800,2.520,1.820,2,0,120.153,0,0,24,78,0,22,0
28-07 10:02:54,30.820,26.310,41.595,0,0,3796364,8324272,394800,3730908,46666.710,25345.957,0,168.385,0,6.014,5257,3396,2.900,2.540,1.830,3,0,125.286,0,0,24,80,0,22,0
28-07 10:02:55,34.745,33.495,30.995,0,0,3864096,8256520,394800,3730928,61093.124,35432.852,0,7.999,0,2.000,5456,3624,2.900,2.540,1.830,3,0,164.976,0,0,24,80,0,22,0
28-07 10:02:56,33.994,26.245,37.993,0,0,3886788,8233644,394836,3731072,62917.893,32574.250,0,275.951,0,19.996,5488,4064,2.900,2.540,1.830,2,0,118.979,0,0,24,84,0,22,0
28-07 10:02:57,33.330,30.144,32.595,0,0,3905764,8213688,394876,3732008,55031.684,553487.103,0,9014.774,0,464.659,7778,6925,2.900,2.540,1.830,4,0,124.497,0,0,24,84,0,23,0
28-07 10:02:58,18.325,30.287,50.903,0,0,3922860,8196048,394884,3732544,53510.584,45134.953,4.072,236.191,1.018,5.090,5220,4330,2.900,2.540,1.830,1,0,122.168,0,0,24,88,0,25,0
28-07 10:02:59,8.261,24.784,65.339,0,0,3919404,8199472,394892,3732548,55256.926,30577.462,0,236.320,0,14.019,4857,3756,2.820,2.540,1.830,1,0,126.171,0,0,24,88,0,25,0
28-07 10:03:00,20.275,24.279,53.064,0,0,3920152,8198696,394920,3732648,45836.620,22513.319,0,320.389,0,17.021,5525,6673,2.820,2.540,1.830,1,0,79.096,0,0,24,90,0,25,0
28-07 10:03:01,18.002,26.253,54.255,0,0,3915948,8202808,394960,3732556,45616.611,22648.289,0,328.033,0,26.003,5429,6256,2.820,2.540,1.830,1,0,82.008,0,0,24,90,0,25,0
28-07 10:03:02,42.517,28.096,27.847,0,0,3983656,8135032,394976,3733032,61326.373,32865.597,0,12940.966,0,1866.753,8399,3437,2.820,2.540,1.830,3,0,98.460,0,0,24,90,0,25,0
28-07 10:03:03,41.885,15.801,41.634,0,0,4054160,8064500,394996,3733040,45333.250,23768.680,0,397.282,0,12.039,3657,2630,2.820,2.540,1.830,2,0,26.084,0,0,24,91,0,25,0
28-07 10:03:04,24.808,17.040,56.883,0.251,0,4070896,8046892,395112,3733748,45733.854,24066.229,0,681.592,0,55.129,4837,4590,2.760,2.530,1.830,1,0,80.187,0,0,24,94,0,26,0
28-07 10:03:05,7.739,23.966,65.907,0,0,4073288,8044456,395168,3733736,61034.328,32897.822,0,966.643,0,51.927,4865,3854,2.760,2.530,1.830,1,0,136.808,0,0,24,94,0,27,0
28-07 10:03:06,6.508,23.279,67.834,0,0,4076520,8041180,395192,3733756,58808.132,577179.766,0,148.184,0,10.012,4696,3648,2.760,2.530,1.830,1,0,123.153,0,0,24,94,0,26,0
28-07 10:03:07,9.735,23.714,64.403,0,0,4082048,8035640,395196,3733760,61680.900,34396.083,0,1941.070,0,203.693,5029,3502,2.760,2.530,1.830,2,0,130.803,0,0,24,96,0,26,0
28-07 10:03:08,13.731,26.713,57.671,0,0,4137512,7980172,395204,3733772,61035.527,34045.439,0,1497.951,0,11.984,4964,3662,2.760,2.530,1.830,3,0,130.821,0,0,24,98,0,26,0
28-07 10:03:09,21.310,24.319,52.900,0,0,4171752,7945892,395224,3733788,46046.717,24996.961,0,292.831,0,17.048,5318,4137,2.700,2.520,1.830,1,0,121.344,0,0,24,98,0,26,0
28-07 10:03:10,6.502,23.257,68.272,0,0,4174868,7942748,395248,3733792,61300.660,33532.754,0,164.053,0,15.005,4578,3486,2.700,2.520,1.830,2,0,129.041,0,0,24,98,0,26,0
28-07 10:03:11,6.487,23.953,66.870,0,0,4182396,7935196,395264,3733800,60821.592,33412.951,0,2686.769,0,12.975,4655,3500,2.700,2.520,1.830,3,0,140.726,0,0,24,98,0,26,0
28-07 10:03:12,19.541,9.270,70.399,0,0,4223708,7893868,395264,3733800,45439.017,23118.853,0,4.008,0,1.002,2715,2465,2.700,2.520,1.830,2,0,11.023,0,0,24,98,0,26,0
28-07 10:03:13,22.881,5.472,70.385,0,0,4260748,7856824,395264,3733804,29682.272,14582.476,0,0,0,0,2686,2632,2.700,2.520,1.830,2,0,0,0,0,24,99,0,26,0
28-07 10:03:14,27.602,6.273,64.989,0.251,0,4260640,7856848,395324,3733828,30413.038,15077.544,0,309.139,0,33.122,3615,3824,2.640,2.510,1.830,2,0,4.015,0,0,24,106,0,26,0
28-07 10:03:15,24.510,4.252,68.527,0.250,0,4260600,7856848,395356,3733836,15286.002,7298.866,0,188.074,0,20.008,3624,4022,2.640,2.510,1.830,4,0,0,0,0,24,104,0,26,0
28-07 10:03:16,17.500,14.500,66.748,0,0,4182236,7935152,395400,3733852,55321.545,476613.469,0,219.994,0,19.000,4027,3501,2.640,2.510,1.830,2,0,62.998,0,0,24,104,0,26,0
28-07 10:03:17,23.509,9.504,66.025,0,0,4234252,7883128,395408,3733852,32930.373,140710.871,0,108.041,0,7.003,2860,2322,2.640,2.510,1.830,3,0,9.003,0,0,24,104,0,26,0
28-07 10:03:18,33.627,9.643,54.643,0,0,4258148,7859004,395440,3734024,29604.376,14882.793,0,265.058,0,22.747,5053,4052,2.640,2.510,1.830,4,0,4.945,0,0,24,106,0,27,0
28-07 10:03:19,28.728,8.898,61.016,0,0,4262208,7854748,395556,3734096,30214.959,15168.495,0,1940.298,0,74.236,5336,6577,3.150,2.620,1.870,2,0,3.051,0,0,24,109,0,27,0
28-07 10:03:20,22.830,5.211,70.476,0,0,4265876,7850744,395596,3734340,15606.072,7563.813,0,273.965,0,18.860,2753,2913,3.150,2.620,1.870,5,0,1.985,0,0,24,109,0,27,0
28-07 10:03:21,25.762,7.504,63.531,0.250,0,4267820,7848224,395956,3734540,15283.372,7623.677,0,1540.743,0,207.100,5046,7004,3.150,2.620,1.870,3,0,3.001,0,0,24,112,0,27,0
28-07 10:03:22,21.348,9.681,66.525,0.248,0,4273136,7842692,396124,3734584,654.326,146.950,0,913.475,0,96.312,4198,5350,3.150,2.620,1.870,3,0,2.979,0,0,24,112,0,27,0
28-07 10:03:23,34.514,8.566,54.668,0,0,4279440,7835900,396528,3734640,15305.147,7678.774,0,4837.023,0,301.306,5647,6690,3.150,2.620,1.870,1,0,3.023,0,0,24,114,0,28,0
28-07 10:03:24,18.739,10.744,68.459,0,0,4204272,7911000,396576,3734652,16097.309,7981.195,0,495.702,0,37.977,3812,3676,2.980,2.590,1.870,2,0,51.969,0,0,24,113,0,28,0
28-07 10:03:25,19.238,18.988,60.712,0,0,4247836,7867400,396588,3734656,63610.529,33773.043,0,279.826,0,19.988,3962,3365,2.980,2.590,1.870,1,0,58.963,0,0,24,113,0,28,0
28-07 10:03:26,22.532,5.758,70.852,0,0,4294700,7820528,396596,3734656,30336.652,14775.261,0,192.277,0,11.016,2399,2130,2.980,2.590,1.870,1,0,2.003,0,0,24,113,0,26,0
28-07 10:03:27,24.200,5.546,70.582,0,0,4298792,7816416,396608,3734664,29959.013,14862.542,0,415.425,0,11.091,3025,2936,2.980,2.590,1.870,5,0,0,0,0,24,115,0,26,0
28-07 10:03:28,21.067,7.188,68.406,0,0,4294244,7820892,396668,3734672,15262.374,7233.146,0,5254.341,0,703.883,4555,4094,2.980,2.590,1.870,2,0,0,0,0,24,114,0,26,0
28-07 10:03:29,37.088,11.201,49.533,0,0,4294836,7820140,396808,3734688,16685.023,11571.389,0,629.248,0,84.630,5567,6226,2.820,2.560,1.860,4,0,2.987,0,0,24,119,0,26,0
28-07 10:03:30,41.448,12.336,43.175,0,0,4297044,7817820,396888,3734716,14955.714,7359.928,0,710.532,0,47.369,5897,6656,2.820,2.560,1.860,11,0,0,0,0,24,118,0,26,0
28-07 10:03:31,47.089,20.108,32.580,0,0,4297356,7817176,397068,3734864,16922.503,10166.127,0,904.108,0,92.651,5979,5469,2.820,2.560,1.860,4,0,77.379,0,0,24,117,0,27,0
28-07 10:03:32,37.079,17.909,44.898,0,0,4331232,7783256,397100,3734876,45592.030,23520.435,0,456.041,0,20.179,3775,2722,2.820,2.560,1.860,2,0,29.259,0,0,24,117,0,27,0
28-07 10:03:33,42.922,9.127,45.882,0,0,4372544,7741928,397112,3734880,29317.067,14717.736,0,335.481,0,14.801,3492,2496,2.820,2.560,1.860,3,0,0,0,0,24,118,0,27,0
28-07 10:03:34,28.316,8.520,62.144,0,0,4382764,7731596,397204,3734896,30858.550,14692.066,0,1403.254,0,75.174,3854,3976,2.750,2.550,1.860,2,0,0,0,0,24,119,0,28,0
28-07 10:03:35,18.546,11.278,68.421,0,0,4360564,7753772,397216,3734908,15314.367,7314.325,0,112.281,0,9.023,3607,3163,2.750,2.550,1.860,4,0,56.141,0,0,24,117,0,29,0
28-07 10:03:36,32.789,18.022,48.058,0,0,4413148,7701160,397224,3734908,42956.540,584863.729,0,172.207,0,11.013,4421,13634,2.750,2.550,1.860,1,0,38.046,0,0,24,117,0,30,0
28-07 10:03:37,23.380,5.721,70.388,0,0,4453968,7660316,397240,3734916,44220.288,22227.540,0,115.406,0,6.964,2654,2503,2.750,2.550,1.860,1,0,0,0,0,24,118,0,30,0
28-07 10:03:38,21.988,6.746,69.712,0,0,4444888,7669360,397272,3734920,16102.108,7291.973,0,335.815,0,16.991,3370,3508,2.750,2.550,1.860,1,0,1.999,0,0,24,119,0,30,0
28-07 10:03:39,21.360,12.062,65.085,0,0,4428908,7685308,397288,3734932,30529.134,18887.213,0,80.414,0,8.041,3764,3268,2.610,2.530,1.860,1,0,53.274,0,0,24,119,0,28,0
28-07 10:03:40,20.505,7.002,71.266,0,0,4428412,7685784,397292,3734944,44985.368,22931.285,0,100.023,0,4.001,2397,2241,2.610,2.530,1.860,3,0,0,0,0,24,119,0,28,0
28-07 10:03:41,23.237,5.747,69.211,0,0,4455280,7658856,397344,3734952,44782.772,22073.565,0,219.876,0,29.983,3133,3166,2.610,2.530,1.860,1,0,1.999,0,0,24,119,0,28,0
28-07 10:03:42,34.484,7.996,56.974,0,0,4449456,7664668,397344,3734964,16717.320,8792.961,0,7.996,0,1.999,4002,3867,2.610,2.530,1.860,3,0,3.998,0,0,24,122,0,28,0
28-07 10:03:43,23.504,6.751,67.512,0,0,4443684,7670208,397512,3735020,15440.691,7363.283,0,1396.243,0,177.031,4080,4823,2.610,2.530,1.860,1,0,0,0,0,24,121,0,28,0
28-07 10:03:44,12.861,17.904,68.339,0,0,4396264,7717608,397532,3735020,45602.101,24121.937,0,270.330,0,14.122,3697,3029,2.480,2.500,1.850,1,0,84.730,0,0,24,121,0,28,0
28-07 10:03:45,23.068,5.457,70.196,0,0,4430652,7683172,397576,3735024,43905.430,21782.062,0,313.525,0,28.773,2645,2508,2.480,2.500,1.850,1,0,0,0,0,24,121,0,28,0
28-07 10:03:46,22.491,5.998,69.223,0,0,4448408,7665296,397684,3735032,15597.949,7521.082,0,1343.479,0,74.971,3216,3386,2.480,2.500,1.850,2,0,0,0,0,24,121,0,28,0
28-07 10:03:47,23.572,5.707,68.730,0,0,4441336,7672348,397700,3735036,29813.456,15147.407,0,111.159,0,6.947,3454,3629,2.480,2.500,1.850,2,0,1.985,0,0,24,121,0,13,0
28-07 10:03:48,16.635,14.619,68.306,0,0,4389280,7724336,397724,3735080,16065.717,12237.570,0,201.641,0,18.148,3378,2862,2.480,2.500,1.850,3,0,55.451,0,0,24,121,0,13,0
28-07 10:03:49,25.509,6.002,66.774,0,0,4416668,7696912,397756,3735084,44404.112,22772.263,0,2528.918,0,479.174,3134,2392,2.360,2.480,1.850,2,0,1.000,0,0,24,123,0,13,0
28-07 10:03:50,22.674,5.980,70.014,0,0,4429668,7683908,397756,3735088,29730.809,14931.681,0,3.987,0,0.997,2883,2770,2.360,2.480,1.850,1,0,1.993,0,0,24,123,0,13,0
28-07 10:03:51,25.576,7.522,64.691,0.251,0,4426924,7686320,398068,3735108,26556.563,568519.859,0,858.540,0,125.371,5212,6527,2.360,2.480,1.850,1,0,0,0,0,24,124,0,12,0
28-07 10:03:52,24.183,10.222,62.328,0.499,0,4426708,7685860,398524,3735304,15173.212,7489.374,0,4280.212,0,322.113,5699,7894,2.360,2.480,1.850,1,0,0.997,0,0,24,124,0,12,0
28-07 10:03:53,20.822,12.794,63.971,0.251,0,4378076,7734364,398580,3735372,16603.372,8841.551,0,1240.286,0,81.281,4847,5287,2.360,2.480,1.850,1,0,55.191,0,0,24,123,0,12,0
28-07 10:03:54,19.464,8.484,70.369,0,0,4413244,7699172,398600,3735372,44951.518,23160.987,0,419.221,0,22.957,2517,2407,2.250,2.450,1.840,1,0,0,0,0,24,123,0,12,0
28-07 10:03:55,28.026,11.010,60.056,0,0,4446864,7665524,398620,3735376,29739.969,14605.736,0,408.384,0,20.019,3195,2894,2.250,2.450,1.840,3,0,2.002,0,0,24,123,0,11,0
28-07 10:03:56,24.929,8.476,65.066,0,0,4435336,7676948,398708,3735392,29746.803,14682.442,0,2369.294,0,116.670,3748,4032,2.250,2.450,1.840,4,0,2.992,0,0,24,125,0,11,0
28-07 10:03:57,22.796,7.515,68.387,0,0,4435296,7676948,398752,3735388,15006.120,7621.297,0,452.909,0,47.095,3845,4357,2.250,2.450,1.840,4,0,0,0,0,24,124,0,11,0
28-07 10:03:58,23.015,8.255,66.294,0,0,4435944,7676180,398840,3735420,15104.965,7342.844,0,592.391,0,66.044,4725,5939,2.250,2.450,1.840,1,0,0,0,0,24,124,0,11,0
28-07 10:03:59,20.997,8.999,68.489,0,0,4434588,7677500,398868,3735428,15276.570,7360.829,0,315.950,0,25.996,3366,3572,2.150,2.430,1.840,2,0,2.000,0,0,24,124,0,8,0
28-07 10:04:00,22.211,10.731,64.138,0.250,0,4433276,7678744,398908,3735452,15188.371,7349.115,0,535.062,0,54.904,5898,7914,2.150,2.430,1.840,1,0,0,0,0,24,124,0,8,0
28-07 10:04:01,39.723,10.179,46.674,0,0,4372604,7739228,398984,3735564,645.495,0,0,718.983,0,73.487,6388,7777,2.150,2.430,1.840,2,0,23.834,0,0,24,125,0,8,0
28-07 10:04:02,18.144,15.624,65.017,0,0,4392656,7719072,399008,3735636,45606.810,24966.614,0,504.009,0,33.265,3695,3450,2.150,2.430,1.840,1,0,57.457,0,0,24,125,0,8,0
28-07 10:04:03,23.770,5.505,70.060,0,0,4443548,7668168,399020,3735636,29884.693,15319.171,0,364.313,0,26.022,2563,2365,2.150,2.430,1.840,3,0,0,0,0,24,125,0,8,0
28-07 10:04:04,32.505,8.001,58.258,0,0,4441808,7669864,399036,3735660,31225.484,16013.300,0,268.038,0,14.002,3915,3712,2.060,2.400,1.830,1,0,0,0,0,24,127,0,8,0
28-07 10:04:05,23.369,6.961,65.881,0,0,4442364,7669080,399232,3735688,15011.816,7320.945,0,887.026,0,104.414,4720,5754,2.060,2.400,1.830,1,0,1.989,0,0,24,126,0,10,0
28-07 10:04:06,20.360,11.060,67.113,0,0,4404028,7707264,399344,3735724,15297.811,7402.069,0,824.463,0,78.425,4479,4677,2.060,2.400,1.830,1,0,50.272,0,0,24,126,0,10,0
28-07 10:04:07,12.518,19.027,66.844,0,0,4408296,7702964,399368,3735732,30408.986,18450.081,0,476.674,0,25.035,3864,3172,2.060,2.400,1.830,1,0,99.140,0,0,24,126,0,8,0
28-07 10:04:08,22.206,5.739,70.611,0,0,4450216,7661028,399380,3735736,36463.233,18389.805,0,395.222,0,22.955,2442,2215,2.060,2.400,1.830,1,0,1.996,0,0,24,126,0,8,0
28-07 10:04:09,23.274,6.757,68.321,0,0,4460984,7649948,399676,3735744,22791.550,10997.363,0,5077.246,0,250.259,3745,4081,1.980,2.380,1.830,1,0,0,0,0,24,126,0,8,0
28-07 10:04:10,23.980,6.494,67.693,0,0,4457488,7653412,399700,3735752,29847.657,14645.565,0,2885.550,0,507.569,4488,4440,1.980,2.380,1.830,3,0,0,0,0,24,127,0,8,0
28-07 10:04:11,23.379,8.208,66.158,0,0,4451892,7658948,399740,3735768,25243.486,451873.722,0,350.189,0,43.774,4383,4857,1.980,2.380,1.830,1,0,1.990,0,0,24,127,0,8,0
28-07 10:04:12,25.396,8.298,64.119,0.251,0,4454216,7656500,399840,3735788,15468.120,7794.911,0,748.311,0,86.498,4344,5061,1.980,2.380,1.830,2,0,2.012,0,0,24,127,0,9,0
28-07 10:04:13,22.003,8.501,68.510,0,0,4454212,7656412,399884,3735800,4776.699,137698.164,0,476.070,0,47.007,3762,3949,1.980,2.380,1.830,2,0,0,0,0,24,127,0,9,0
28-07 10:04:14,20.739,8.495,68.962,0,0,4452372,7658208,399924,3735804,15130.681,7291.991,0,967.468,0,81.955,3218,3289,1.900,2.360,1.820,3,0,1.999,0,0,24,127,0,9,0
28-07 10:04:15,42.894,19.701,35.413,0,0,4400296,7709924,400032,3736020,16265.861,8789.311,0,949.657,0,96.761,7505,9781,1.900,2.360,1.820,3,0,16.958,0,0,24,126,0,9,0
28-07 10:04:16,30.497,25.498,40.997,0.250,0,4395884,7714104,400252,3736024,538.954,0,0,2815.762,0,183.984,7290,7769,1.900,2.360,1.820,4,0,130.989,0,0,24,126,0,9,0
28-07 10:04:17,29.532,29.780,37.473,0,0,4398672,7711068,400376,3736092,30494.843,21006.897,0,802.078,0,77.428,6768,6664,1.900,2.360,1.820,2,0,142.945,0,0,24,126,0,9,0
28-07 10:04:18,22.226,9.093,68.194,0,0,4447728,7661984,400396,3736092,44661.601,22357.573,0,303.085,0,19.195,2727,2471,1.900,2.360,1.820,1,0,3.031,0,0,24,126,0,9,0
28-07 10:04:19,23.004,5.251,70.264,0,0,4475868,7633796,400436,3736096,30253.851,15300.959,0,312.060,0,16.003,3068,3077,1.830,2.330,1.820,2,0,0,0,0,24,126,0,9,0
28-07 10:04:20,22.941,6.483,69.322,0,0,4475644,7634012,400444,3736096,15235.871,7827.896,0,199.488,0,12.967,3381,3580,1.830,2.330,1.820,1,0,1.995,0,0,24,127,0,8,0
28-07 10:04:21,14.544,16.299,68.205,0,0,4442412,7667216,400460,3736104,15201.628,7546.652,0,196.590,0,10.030,3861,3024,1.830,2.330,1.820,1,0,92.277,0,0,24,126,0,8,0
28-07 10:04:22,7.241,23.469,67.912,0,0,4433100,7676500,400468,3736120,60861.714,35150.209,0,155.797,0,8.988,4671,3567,1.830,2.330,1.820,2,0,135.823,0,0,24,126,0,8,0
28-07 10:04:23,7.250,23.251,67.003,0,0,4435688,7673868,400508,3736124,45713.787,26195.024,0,608.024,0,33.001,4599,3598,1.830,2.330,1.820,1,0,130.005,0,0,24,126,0,8,0
28-07 10:04:24,7.513,25.293,65.863,0,0,4435084,7674152,400508,3736444,60450.496,31760.376,0,28.048,0,7.012,4633,3536,1.760,2.310,1.810,3,0,126.216,0,0,24,126,0,7,0
28-07 10:04:25,7.498,24.743,65.232,0,0,4433184,7676044,400512,3736448,60919.197,32145.134,0,167.954,0,11.997,4605,3555,1.760,2.310,1.810,2,0,125.965,0,0,24,126,0,7,0
28-07 10:04:26,21.578,27.778,48.115,0,0,4411628,7697424,400524,3737080,46354.478,24866.238,0,210.319,0,13.889,5169,5921,1.760,2.310,1.810,1,0,106.152,0,0,24,126,0,7,0
28-07 10:04:27,19.868,23.641,55.078,0.251,0,4392780,7716184,400548,3737084,71576.437,591337.055,0,462.757,0,27.162,5485,6383,1.760,2.310,1.810,1,0,78.467,0,0,24,126,0,7,0
28-07 10:04:28,23.566,22.564,52.899,0,0,4416568,7692340,400548,3736596,46118.926,27483.426,0,0,0,0,4778,3489,1.760,2.310,1.810,2,0,81.229,0,0,24,126,0,7,0
28-07 10:04:29,26.842,27.339,43.743,0,0,4452568,7656328,400552,3736604,60639.647,33658.205,0,87.486,0,2.982,5217,3434,1.780,2.310,1.820,2,0,126.258,0,0,24,126,0,7,0
28-07 10:04:30,29.468,25.754,42.345,0,0,4481692,7626848,400584,3736888,45084.235,25264.605,0,241.691,0,17.830,5354,3911,1.780,2.310,1.820,2,0,126.789,0,0,24,129,0,7,0
28-07 10:04:31,29.657,27.883,41.571,0,0,4485500,7622840,400624,3737040,62119.040,32433.386,0,4177.365,0,660.064,7080,5508,1.780,2.310,1.820,1,0,128.768,0,0,24,132,0,7,0
28-07 10:04:32,14.010,26.019,58.042,0,0,4489076,7618812,400628,3737480,60571.244,31192.784,0,344.251,0,18.013,5493,5387,1.780,2.310,1.820,6,0,125.091,0,0,24,132,0,6,0
28-07 10:04:33,32.420,34.165,31.422,0,0,4524068,7581760,400664,3739488,46121.712,23727.205,0,742.161,0,31.921,7879,10222,1.780,2.310,1.820,1,0,143.644,0,0,24,138,0,6,0
28-07 10:04:34,14.772,27.791,54.581,0.250,0,4533260,7572508,400696,3739988,60088.436,30745.762,0,648.966,0,31.046,5813,6715,1.720,2.280,1.810,1,0,119.177,0,0,24,138,0,6,0
28-07 10:04:35,19.996,24.246,54.240,0,0,4540248,7565492,400700,3739988,54872.063,457475.155,0,183.967,0,9.998,5270,6028,1.720,2.280,1.810,1,0,80.985,0,0,24,138,0,7,0
28-07 10:04:36,31.423,25.188,42.396,0,0,4577528,7528196,400704,3742000,48401.926,144779.824,0,111.725,0,10.973,5053,7139,1.720,2.280,1.810,7,0,75.813,0,0,26,138,0,5,0
28-07 10:04:37,51.672,33.361,13.294,0,0,4634104,7471596,400704,3739980,62545.873,35960.516,0,0,0,0,5911,11562,1.720,2.280,1.810,3,0,161.537,0,0,26,138,0,6,0
28-07 10:04:38,47.217,31.809,19.881,0,0,4699364,7406328,400712,3739980,60690.636,32592.328,0,182.902,0,14.910,5847,3949,1.720,2.280,1.810,5,0,136.182,0,0,26,138,0,6,0
28-07 10:04:39,53.228,27.116,18.580,0,0,4749220,7356436,400724,3740000,46049.577,25806.725,0,124.534,0,9.039,5710,3937,1.820,2.300,1.820,6,0,137.590,0,0,26,146,0,6,0
28-07 10:04:40,46.580,30.051,21.286,0,0,4771204,7332568,400760,3741800,61260.902,33329.072,0,340.583,0,33.057,7492,9378,1.820,2.300,1.820,1,0,136.233,0,0,26,154,0,5,0
28-07 10:04:41,18.306,24.491,54.918,0,0,4776476,7327280,400768,3741804,60113.333,31690.364,0,376.018,0,18.801,4966,3635,1.820,2.300,1.820,2,0,122.700,0,0,26,160,0,5,0
28-07 10:04:42,8.576,24.214,65.831,0,0,4778704,7325040,400772,3741812,45847.930,23989.879,0,60.535,0,9.080,4479,3438,1.820,2.300,1.820,1,0,114.007,0,0,26,160,0,5,0
28-07 10:04:43,18.770,23.025,56.311,0,0,4774580,7329140,400784,3741820,44970.912,22752.747,0,316.344,0,20.022,4997,6217,1.820,2.300,1.820,1,0,78.085,0,0,26,160,0,5,0
28-07 10:04:44,20.699,23.691,54.116,0.249,0,4770368,7333256,400804,3741820,71605.296,584579.238,0,383.049,0,20.948,5373,6381,1.990,2.320,1.830,1,0,81.797,0,0,26,160,0,5,0
28-07 10:04:45,25.046,27.300,45.334,0,0,4816208,7287372,400832,3741840,45690.222,25426.870,0,2532.669,0,100.185,5437,3934,1.990,2.320,1.830,2,0,119.220,0,0,26,160,0,5,0
28-07 10:04:46,31.140,29.396,38.115,0,0,4864740,7238784,400864,3741860,60905.037,33632.742,0,402.573,0,24.912,8772,4001,1.990,2.320,1.830,2,0,127.548,0,0,26,160,0,5,0
28-07 10:04:47,27.085,28.590,43.386,0.251,0,4910312,7193068,401000,3741868,61007.164,33657.464,0,3069.619,0,159.500,5588,4063,1.990,2.320,1.830,2,0,129.405,0,0,26,160,0,5,0
28-07 10:04:48,15.773,28.291,53.328,0,0,4904492,7198772,401012,3741964,62618.505,33401.810,0,272.398,0,20.029,5300,3920,1.990,2.320,1.830,1,0,162.237,0,0,27,164,0,5,0
28-07 10:04:49,10.736,22.720,64.664,0,0,4910896,7192356,401020,3741968,45671.208,24862.906,0,283.622,0,18.975,4646,3482,1.910,2.300,1.830,1,0,126.831,0,0,27,166,0,5,0
28-07 10:04:50,29.775,25.271,43.036,0,0,4914504,7188696,401044,3741992,60865.963,33820.318,0,512.429,0,31.026,5271,3969,1.910,2.300,1.830,3,0,138.116,0,0,27,180,0,5,0
28-07 10:04:51,8.252,24.257,65.269,0,0,4913996,7189200,401048,3741992,60305.772,31405.255,0,92.027,0,7.002,4737,3640,1.910,2.300,1.830,1,0,121.036,0,0,27,180,0,5,0
28-07 10:04:52,8.997,26.492,61.981,0,0,4917972,7185216,401064,3742000,56674.000,585836.269,0,8389.483,0,1510.547,6579,3790,1.910,2.300,1.830,3,0,129.961,0,0,27,180,0,5,0
28-07 10:04:53,17.979,24.472,55.187,0,0,4916744,7186448,401080,3742488,59751.847,30309.429,0,143.836,0,11.986,5306,6203,1.910,2.300,1.830,1,0,99.886,0,0,27,180,0,5,0
28-07 10:04:54,18.487,24.483,55.461,0,0,4909284,7193832,401096,3742508,37258.728,18942.643,0,403.715,0,20.985,5114,5836,1.840,2.280,1.820,2,0,79.944,0,0,27,180,0,5,0
28-07 10:04:55,24.103,23.854,50.939,0,0,4939372,7163688,401096,3742024,52984.092,28513.687,0,3.976,0,0.994,4929,3502,1.840,2.280,1.820,4,0,90.447,0,0,27,180,0,5,0
28-07 10:04:56,34.677,33.923,30.154,0,0,5029164,7073884,401104,3742028,61253.993,34025.864,0,120.616,0,9.046,5345,3579,1.840,2.280,1.820,3,0,144.740,0,0,27,180,0,5,0
28-07 10:04:57,28.752,26.502,43.253,0,0,5056240,7046572,401108,3742256,60358.749,34396.707,0,4.000,0,1.000,5230,3669,1.840,2.280,1.820,2,0,127.010,0,0,27,181,0,5,0
28-07 10:04:58,32.186,28.443,37.176,0,0,5052560,7050104,401112,3742404,45921.742,24064.179,0,7976.149,0,483.040,6307,4731,1.840,2.280,1.820,3,0,124.752,0,0,27,186,0,5,0
28-07 10:04:59,10.959,24.907,61.521,0,0,5037992,7064540,401112,3742536,61448.921,32400.214,119.554,11.955,0.996,2.989,4857,3696,1.770,2.260,1.820,3,0,120.551,0,0,27,186,0,5,0
28-07 10:05:00,36.513,34.012,27.510,0,0,5071880,7028160,401156,3745448,45901.866,23674.699,0,1392.512,0,44.016,8050,12131,1.770,2.260,1.820,1,0,148.054,0,0,27,192,0,5,0
28-07 10:05:01,20.616,25.645,52.546,0,0,5070948,7028864,401180,3745636,72597.557,594608.465,0,241.362,0,21.119,6003,6989,1.770,2.260,1.820,2,0,82.465,0,0,27,192,0,5,0
28-07 10:05:02,22.930,23.428,52.091,0,0,5097784,7002008,401184,3745132,45125.046,23940.809,0,171.476,0,9.970,4788,3578,1.770,2.260,1.820,5,0,83.744,0,0,27,192,0,5,0
28-07 10:05:03,28.128,31.644,39.430,0,0,5143972,6955764,401204,3745156,61232.991,38127.718,0,10829.341,0,1253.712,6942,3946,1.770,2.260,1.820,4,0,144.659,0,0,27,192,0,5,0
28-07 10:05:04,27.754,28.254,41.756,0,0,5172088,6927620,401224,3745164,61003.566,32390.548,0,708.099,0,36.005,5572,4137,1.790,2.250,1.820,4,0,154.022,0,0,27,193,0,5,0
28-07 10:05:05,38.173,33.183,27.445,0,0,5192292,6905220,401252,3747300,45981.187,23770.020,0,371.251,0,22.954,7084,7869,1.790,2.250,1.820,5,0,146.704,0,0,27,192,0,6,2
28-07 10:05:06,18.027,30.796,48.572,0,0,5269408,6827616,401272,3747740,60965.875,32985.167,0,280.418,0,26.039,5781,5387,1.790,2.250,1.820,1,0,167.249,0,0,27,198,0,6,0
28-07 10:05:07,6.752,26.509,64.772,0,0,5223732,6873292,401272,3747740,60836.975,32461.192,0,180.062,0,10.003,4806,3677,1.790,2.250,1.820,2,0,155.053,0,0,27,198,0,6,0
28-07 10:05:08,9.434,26.067,61.319,0,0,5222436,6874584,401276,3747740,60390.767,31889.980,0,230.382,0,12.909,4943,3762,1.790,2.250,1.820,4,0,160.870,0,0,27,200,0,6,0
28-07 10:05:09,13.821,24.124,60.059,0,0,5222012,6874936,401312,3747756,56426.768,581408.000,0,422.175,0,30.155,5268,4122,1.730,2.230,1.810,2,0,132.684,0,0,27,204,0,4,0
28-07 10:05:10,10.015,24.788,63.348,0,0,5226216,6870676,401336,3747772,61772.553,34979.107,4.006,1482.293,1.002,20.031,4912,3883,1.730,2.230,1.810,2,0,132.204,0,0,27,204,0,4,0
28-07 10:05:11,9.503,25.259,63.273,0,0,5227360,6869488,401364,3747784,60717.934,31431.354,0,248.090,0,21.008,4871,3965,1.730,2.230,1.810,1,0,123.044,0,0,27,204,0,4,0
28-07 10:05:12,7.757,24.021,65.807,0,0,5231888,6864956,401372,3747780,45422.256,23718.498,0,88.076,0,7.006,4539,3435,1.730,2.230,1.810,2,0,126.109,0,0,27,204,0,4,0
28-07 10:05:13,14.242,29.234,55.470,0,0,5240800,6856000,401392,3748300,60195.505,31023.253,0,151.918,0,11.994,5951,6886,1.730,2.230,1.810,1,0,131.929,0,0,27,204,0,3,0
28-07 10:05:14,17.987,22.234,57.209,0,0,5240884,6855816,401432,3748276,45539.659,23555.272,0,487.654,0,26.981,5345,6566,1.670,2.210,1.810,1,0,83.940,0,0,27,204,0,3,0
28-07 10:05:15,29.413,20.938,48.356,0,0,5249904,6846724,401476,3747820,47895.846,24563.097,0,789.656,0,115.657,4981,4050,1.670,2.210,1.810,3,0,52.843,0,0,27,210,0,3,0
28-07 10:05:16,34.376,19.572,44.664,0,0,5324004,6772584,401512,3747816,57578.727,30455.992,0,361.329,0,27.100,4665,3475,1.670,2.210,1.810,2,0,67.247,0,0,27,210,0,3,0
28-07 10:05:17,43.116,11.080,41.430,0,0,5375752,6720420,401512,3748232,61869.199,156832.165,3.854,0,0.963,0,3827,3069,1.670,2.210,1.810,8,0,2.890,0,0,27,210,0,3,0
28-07 10:05:18,44.172,17.977,40.833,0,0,5468636,6626480,401512,3749252,40105.014,451730.734,0,8.218,0,2.055,3969,2879,1.670,2.210,1.810,2,0,10.273,0,0,27,210,0,3,0
28-07 10:05:19,43.198,10.548,44.956,0,0,5512568,6582184,401528,3749540,29728.274,14858.109,0,116.534,0,4.018,4494,4038,1.700,2.210,1.810,2,0,10.046,0,0,27,214,0,5,0
28-07 10:05:20,30.906,18.343,48.495,0.251,0,5528832,6565836,401548,3749620,15762.578,9395.433,0,450.273,0,25.127,4606,3274,1.700,2.210,1.810,3,1,67.340,0,0,27,216,0,5,0
28-07 10:05:21,26.626,55.965,11.834,3.205,0,5485584,6604804,402004,3753144,60700.061,31769.113,2544.290,938.823,150.882,20.709,7258,8236,1.700,2.210,1.810,7,0,179.481,0,0,27,214,0,5,0
28-07 10:05:22,42.224,41.465,16.434,0,0,5525140,6562656,402040,3755500,61626.128,33194.269,52.590,202.268,10.113,17.193,8120,12213,1.700,2.210,1.810,5,0,118.327,0,0,27,214,0,5,0
28-07 10:05:23,46.274,29.765,21.761,0.250,0,5561164,6526556,402080,3755532,45695.455,26903.809,0,352.181,0,30.015,6583,5945,1.700,2.210,1.810,4,0,144.074,0,0,27,218,0,5,0
28-07 10:05:24,45.715,31.802,20.125,0,0,5556096,6531464,402088,3755676,60152.224,31084.330,0,214.663,0,14.907,6360,5717,1.880,2.240,1.820,5,0,106.337,0,0,27,219,0,5,0
28-07 10:05:25,44.362,29.324,24.813,0,0,5522380,6564660,402488,3755784,45450.976,24353.606,0,3123.902,0,277.702,7940,8773,1.880,2.240,1.820,2,0,113.287,0,0,27,220,0,5,0
28-07 10:05:26,30.854,33.363,34.617,0,0,5563784,6523228,402508,3755792,61039.144,31390.012,0,1545.219,0,22.075,5362,3771,1.880,2.240,1.820,2,0,131.444,0,0,27,220,0,5,0
28-07 10:05:27,29.703,27.956,41.184,0,0,5574892,6512112,402512,3755812,59469.365,562880.273,0,403.358,0,18.970,5699,4608,1.880,2.240,1.820,4,0,107.828,0,0,27,220,0,5,0
28-07 10:05:28,38.949,26.887,33.169,0,0,5565052,6521784,402592,3755820,57504.162,44165.159,0,1732.834,0,91.466,6670,7207,1.880,2.240,1.820,2,0,88.451,0,0,27,221,0,5,0
28-07 10:05:29,36.542,28.032,34.540,0,0,5501504,6585304,402616,3755824,45159.958,23358.875,0,9030.390,0,1086.250,7296,5187,2.130,2.280,1.840,2,0,93.107,0,0,27,220,0,5,0
28-07 10:05:30,58.652,28.702,11.481,0.250,0,5559012,6527704,402660,3756292,46244.015,25194.058,7.987,423.295,0.998,30.948,5532,4158,2.130,2.280,1.840,4,0,126.789,0,0,27,221,0,5,0
28-07 10:05:31,65.032,13.404,19.857,0,0,5637568,6449108,402684,3756304,55739.940,26823.003,0,317.714,0,36.736,5530,4208,2.130,2.280,1.840,6,0,0,0,0,27,221,0,5,0
28-07 10:05:32,66.646,13.479,16.974,1.498,0,5696388,6389188,402724,3757364,35639.533,19848.110,726.869,611.049,6.989,17.972,5482,4238,2.130,2.280,1.840,3,0,6.989,0,0,27,227,0,5,0
28-07 10:05:33,65.762,14.866,18.897,0,0,5717852,6365764,402832,3758840,15604.525,7353.266,0,2140.671,0,145.130,6122,5770,2.130,2.280,1.840,4,0,1.008,0,0,27,229,0,5,0
28-07 10:05:34,41.535,24.270,32.777,0,0,5690948,6392324,402936,3759068,45889.257,25172.986,0,13166.977,0,1306.089,7656,4582,2.280,2.310,1.850,3,0,101.084,0,0,27,224,0,11,0
28-07 10:05:35,28.613,26.871,42.546,0,0,5731364,6351856,402972,3759080,60927.790,33035.561,0,370.224,0,24.881,5184,3654,2.280,2.310,1.850,3,0,129.379,0,0,27,224,0,12,0
28-07 10:05:36,29.876,26.612,42.429,0,0,5734360,6348832,402980,3759100,46172.162,26640.606,0,237.002,0,12.051,5515,4227,2.280,2.310,1.850,5,0,119.505,0,0,27,226,0,12,0
28-07 10:05:37,37.165,34.935,24.529,0,0,5763032,6320112,403020,3759116,69468.627,460363.077,0,566.889,0,41.625,7331,14232,2.280,2.310,1.850,2,0,151.633,0,0,27,224,0,11,0
28-07 10:05:38,26.823,30.366,42.513,0,0,5756768,6326356,403040,3759116,49957.489,153709.744,0,287.467,0,16.195,5183,3597,2.280,2.310,1.850,2,0,128.550,0,0,27,224,0,11,0
28-07 10:05:39,37.227,26.484,36.228,0,0,5770196,6312900,403052,3759632,59947.072,30569.169,0,195.879,0,8.994,4971,4682,2.260,2.310,1.850,2,0,93.942,0,0,27,224,0,11,0
28-07 10:05:40,36.452,28.213,32.707,0,0,5762204,6320788,403092,3759624,45285.147,23043.544,0,810.928,0,36.951,6042,7059,2.260,2.310,1.850,2,0,84.888,0,0,27,224,0,11,0
28-07 10:05:41,41.223,28.806,27.813,0,0,5791196,6291580,403140,3759272,45307.097,24026.310,0,441.032,0,42.713,6579,5879,2.260,2.310,1.850,3,0,90.392,0,0,27,224,0,13,0
28-07 10:05:42,47.875,31.332,19.802,0,0,5785936,6296776,403176,3759296,61331.373,35603.097,0,284.745,0,23.060,5755,3867,2.260,2.310,1.850,3,0,126.330,0,0,27,224,0,13,0
28-07 10:05:43,51.386,29.934,17.960,0,0,5834680,6247772,403204,3759512,61948.722,34686.136,0,199.558,0,15.965,5670,4015,2.260,2.310,1.850,3,0,126.719,0,0,27,224,0,13,0
28-07 10:05:44,52.285,28.908,17.345,0,0,5858904,6223116,403276,3759792,45384.400,23518.203,0,1246.797,0,59.323,6321,5819,2.560,2.370,1.870,6,0,96.526,0,0,27,230,0,15,0
28-07 10:05:45,34.717,29.971,32.968,0,0,5841056,6240060,403284,3760636,60682.537,31217.924,0,335.677,0,27.973,6959,7928,2.560,2.370,1.870,3,0,107.896,0,0,27,233,0,15,0
28-07 10:05:46,30.033,28.781,39.793,0.250,0,5786236,6294804,403348,3761036,56694.445,472482.072,0,1613.749,0,177.192,6382,6011,2.560,2.370,1.870,5,0,108.117,0,0,27,232,0,15,0
28-07 10:05:47,39.682,26.205,31.945,0,0,5833480,6247492,403352,3761044,48157.484,141671.252,0,499.145,0,10.981,6626,7969,2.560,2.370,1.870,5,0,112.807,0,0,27,232,0,15,0
28-07 10:05:48,36.477,28.732,34.229,0,0,5862416,6218476,403364,3760748,59841.903,30505.089,0,147.908,0,7.995,5290,4341,2.560,2.370,1.870,3,0,65.959,0,0,27,232,0,15,0
28-07 10:05:49,45.915,30.194,22.209,0,0,5904388,6176420,403376,3760764,45713.474,25973.973,0,602.885,0,28.946,6018,4595,2.590,2.380,1.880,5,0,110.795,0,0,27,234,0,15,0
28-07 10:05:50,45.267,30.592,22.136,0,0,5895556,6185244,403376,3760772,61028.452,34422.582,0,0,0,0,5891,4179,2.590,2.380,1.880,3,0,133.313,0,0,27,232,0,15,0
28-07 10:05:51,53.906,33.754,12.847,0,0,5947540,6131664,403444,3762272,46748.404,24710.274,0,838.320,0,89.676,7110,8377,2.590,2.380,1.880,3,0,105.798,0,0,27,240,0,17,0
28-07 10:05:52,28.959,27.461,41.442,0,0,5980716,6098296,403448,3762436,60322.020,31561.537,0,239.662,0,14.979,5454,4201,2.590,2.380,1.880,3,0,110.844,0,0,27,241,0,17,0
28-07 10:05:53,29.031,27.529,41.544,0.250,0,5967976,6110876,403472,3762572,56987.938,29509.037,0,252.265,0,16.017,5521,4191,2.590,2.380,1.880,3,0,115.121,0,0,27,242,0,17,0
28-07 10:05:54,37.788,31.742,29.223,0,0,5976708,6101920,403524,3763208,51776.032,27093.715,0,636.859,0,41.315,7269,7950,2.550,2.370,1.880,3,0,136.038,0,0,27,240,0,18,0
28-07 10:05:55,40.126,28.163,30.406,0,0,5982736,6095756,403544,3763216,55191.118,451093.334,0,219.321,0,13.957,6046,5685,2.550,2.370,1.880,2,0,92.713,0,0,27,242,0,18,0
28-07 10:05:56,41.998,24.458,31.375,0,0,5996584,6081840,403556,3762740,47618.536,135398.784,0,1537.612,0,21.740,5181,4049,2.550,2.370,1.880,6,0,67.196,0,0,27,243,0,18,0
28-07 10:05:57,56.300,27.396,15.834,0,0,6072436,6005988,403588,3762756,61262.223,33066.078,0,687.662,0,35.187,5883,4466,2.550,2.370,1.880,4,0,108.578,0,0,27,244,0,18,0
28-07 10:05:58,62.710,15.363,21.155,0,0,6059064,6019148,403624,3762928,44654.763,23754.355,0,241.775,0,27.200,5399,4102,2.550,2.370,1.880,3,0,6.044,0,0,27,242,0,18,0
28-07 10:05:59,63.609,13.067,21.943,0,0,6100460,5977568,403636,3763092,29685.148,14390.409,0,694.274,0,123.273,4928,3254,2.580,2.380,1.890,5,0,2.959,0,0,27,245,0,19,0
28-07 10:06:00,61.694,15.549,21.066,0,0,6172092,5904232,403720,3764652,15846.891,7393.276,0,577.819,0,47.148,6344,7191,2.580,2.380,1.890,3,0,1.003,0,0,27,248,1,23,0
28-07 10:06:01,47.557,9.058,42.272,0.252,0,6180568,5895664,403792,3764668,15643.833,7580.863,0,1022.591,0,53.344,5332,5316,2.580,2.380,1.890,4,1,0,0,0,27,251,1,23,0
28-07 10:06:02,46.059,14.268,39.050,0,0,6070656,6005456,403884,3764696,15645.039,7918.142,0,13689.534,0,1655.120,7780,4668,2.580,2.380,1.890,2,0,12.015,0,0,27,254,1,24,0
28-07 10:06:03,26.760,27.011,44.267,0,0,6103076,5973016,403900,3764700,45809.904,26056.184,0,228.089,0,12.005,5240,3507,2.580,2.380,1.890,3,0,124.048,0,0,27,254,1,24,0
28-07 10:06:04,28.364,25.898,42.176,0,0,6127212,5948832,403932,3764716,60371.945,34463.301,0,327.545,0,21.705,5615,4287,2.540,2.380,1.890,3,0,125.296,0,0,27,254,1,24,0
28-07 10:06:05,31.825,29.299,36.877,0,0,6129584,5946356,404004,3764740,47196.196,25636.928,0,2032.768,0,212.168,6358,5445,2.540,2.380,1.890,6,0,112.146,0,0,27,256,1,25,0
28-07 10:06:06,27.311,28.814,41.844,0,0,6118636,5957236,404052,3764760,60849.178,32079.793,0,721.615,0,38.085,5676,4507,2.540,2.380,1.890,2,0,107.240,0,0,27,254,1,24,0
28-07 10:06:07,28.905,27.908,40.865,0,0,6152576,5923280,404056,3764772,72748.754,589301.884,0,227.250,0,8.970,5549,3865,2.540,2.380,1.890,3,0,112.628,0,0,27,254,1,24,0
28-07 10:06:08,27.758,28.508,41.762,0,0,6167356,5908488,404064,3764776,45923.702,23650.541,0,168.046,0,10.003,5415,4191,2.540,2.380,1.890,4,0,117.032,0,0,27,254,1,24,0
28-07 10:06:09,34.432,32.946,31.212,0,0,6167696,5908000,404072,3765404,59736.601,30625.313,0,166.463,0,10.899,6945,7907,2.570,2.390,1.900,8,0,139.710,0,0,27,256,1,24,0
28-07 10:06:10,34.585,31.303,32.818,0,0,6104552,5971052,404136,3765412,30183.637,15552.788,0,460.464,0,48.470,6322,6755,2.570,2.390,1.900,1,0,127.234,0,0,27,256,1,24,0
28-07 10:06:11,28.627,19.167,50.283,0,0,6095384,5980120,404164,3765300,59909.664,31506.143,0,330.575,0,28.875,4631,4044,2.570,2.390,1.900,4,0,42.815,0,0,28,258,1,24,0
28-07 10:06:12,48.723,30.138,20.594,0,0,6158792,5916680,404188,3765400,61377.969,34065.943,0,289.324,0,20.092,5748,3928,2.570,2.390,1.900,2,0,119.547,0,0,28,261,1,24,0
28-07 10:06:13,42.729,10.931,44.220,0,0,6229844,5845588,404188,3765440,44048.944,22209.301,0,0,0,0,3651,2761,2.570,2.390,1.900,3,0,1.987,0,0,28,261,1,24,0
28-07 10:06:14,47.733,7.788,44.467,0,0,6286296,5788404,404232,3766052,29961.133,14995.138,0,1073.235,0,39.191,3838,2752,2.610,2.400,1.900,3,0,4.020,0,0,28,261,1,24,0
28-07 10:06:15,45.750,14.500,37.500,0.250,0,6287120,5786252,404348,3767168,15317.906,7361.955,0,783.995,0,84.999,6382,7594,2.610,2.400,1.900,9,0,47.000,0,0,28,262,1,26,0
28-07 10:06:16,11.031,25.572,61.172,0,0,6293908,5779040,404496,3767436,48050.988,26854.441,0,2763.764,0,150.423,5619,5368,2.610,2.400,1.900,1,0,136.383,0,0,28,262,1,26,0
28-07 10:06:17,6.758,7.008,84.096,0,0,6288508,5784420,404512,3767440,75040.717,592263.529,0,248.284,0,11.013,3038,3252,2.610,2.400,1.900,1,0,33.038,0,0,28,263,1,26,0
28-07 10:06:18,4.252,5.753,89.291,0,0,6285896,5787024,404512,3767448,75037.286,29914.669,0,64.029,0,7.003,2068,2496,2.610,2.400,1.900,0,0,6.003,0,0,28,263,1,26,1
28-07 10:06:19,11.423,6.457,77.231,0,0,6266108,5803372,404524,3770788,2744162.815,92241.685,0,337.729,0,23.840,6900,5874,2.640,2.410,1.910,0,0,5.960,0,0,28,263,1,26,0
28-07 10:06:20,5.486,6.234,79.550,0,0,6266708,5795140,404572,3778164,7932004.632,175975.259,0,379.046,0,30.922,10488,9038,2.640,2.410,1.910,3,0,1.995,0,0,28,263,1,26,0
28-07 10:06:21,4.279,5.789,83.559,0,0,6265508,5790184,404584,3784152,6517513.668,131000.544,0,527.530,0,15.101,8142,8155,2.640,2.410,1.910,0,0,0,0,0,28,263,1,26,0
28-07 10:06:22,7.771,20.554,67.930,2.757,0,6260096,5793192,404600,3786524,74999.405,34358.894,2306.101,1106.928,27.072,131.347,4814,3906,2.640,2.410,1.910,2,0,126.334,0,0,28,262,1,24,0
28-07 10:06:23,8.249,20.998,67.993,0,0,6269364,5783912,404600,3786532,61509.332,34398.271,0,0,0,0,4691,3720,2.640,2.410,1.910,1,0,135.985,0,0,28,262,1,24,0
28-07 10:06:24,21.260,8.254,70.032,0,0,6318448,5734824,404604,3786532,44527.572,22678.477,0,32.015,0,4.002,2686,2619,2.510,2.390,1.900,2,0,0,0,0,28,262,1,24,0
28-07 10:06:25,28.960,8.239,61.165,0,0,6344124,5709132,404612,3786540,30012.313,15158.945,0,8036.837,0,1041.553,5017,3471,2.510,2.390,1.900,2,0,1.997,0,0,28,266,1,24,0
28-07 10:06:26,22.932,7.229,67.300,0.499,0,6345084,5708124,404688,3786516,15211.832,7435.921,0,705.904,0,66.802,3899,4648,2.510,2.390,1.900,2,0,1.994,0,0,28,272,1,25,0
28-07 10:06:27,34.752,13.001,50.003,0,0,6410092,5642884,404688,3786716,16768.850,9121.463,0,948.048,0,9.000,5012,5260,2.510,2.390,1.900,1,0,3.000,0,0,28,272,1,25,0
28-07 10:06:28,25.784,7.510,66.087,0,0,6423636,5629224,404724,3786788,15609.614,7600.037,0,268.354,0,26.034,4881,5555,2.510,2.390,1.900,1,0,1.001,0,0,28,275,1,26,0
28-07 10:06:29,26.546,5.009,66.115,0,0,6422864,5629960,404736,3786808,27233.435,456364.892,0,240.419,0,15.026,5341,5917,2.550,2.400,1.910,2,0,2.003,0,0,28,275,1,27,0
28-07 10:06:30,25.763,5.253,65.784,0.250,0,6416144,5636584,404788,3786852,18508.504,137566.642,0,476.245,0,46.024,5149,6351,2.550,2.400,1.910,1,0,2.001,0,0,28,276,1,27,0
28-07 10:06:31,24.261,7.754,66.531,0,0,6405872,5646752,404852,3786892,779.357,0,0,524.240,0,56.026,4977,6159,2.550,2.400,1.910,2,0,0,0,0,28,278,1,29,0
28-07 10:06:32,27.215,11.485,56.178,2.247,0,6363076,5672960,404880,3802956,15675.038,7434.532,0,16395.121,0,57.926,6647,8146,2.550,2.400,1.910,1,0,23.969,0,0,28,276,1,38,0
28-07 10:06:33,10.250,21.999,65.498,0,0,6309692,5726296,404884,3802980,16025.497,28145.116,0,383.988,0,26.999,4497,3447,2.550,2.400,1.910,2,0,132.996,0,0,28,276,1,38,0
28-07 10:06:34,7.261,23.786,66.100,0,0,6309084,5726884,404896,3802988,45866.568,25204.228,0,220.334,0,11.017,5150,4116,2.420,2.370,1.900,1,0,172.261,0,0,28,276,1,38,0
28-07 10:06:35,12.481,21.967,62.656,0.749,0,6321788,5714020,404996,3803036,61605.701,35696.519,0,4948.586,0,679.981,6091,4452,2.420,2.370,1.900,2,0,161.758,0,0,28,276,1,33,0
28-07 10:06:36,23.017,6.255,70.051,0,0,6363828,5671964,405012,3803036,44539.193,22854.519,0,124.090,0,11.008,2669,2597,2.420,2.370,1.900,2,0,0,0,0,28,276,1,33,0
28-07 10:06:37,20.952,10.227,67.097,0,0,6363336,5672444,405016,3803044,30051.395,15815.893,0,135.690,0,12.970,3143,2762,2.420,2.370,1.900,4,0,42.902,0,0,28,276,1,33,0
28-07 10:06:38,23.286,29.796,45.320,0,0,6312768,5722916,405036,3803120,62307.237,35960.543,0,152.235,0,12.019,5896,15176,2.420,2.370,1.900,1,0,140.217,0,0,28,276,1,34,0
28-07 10:06:39,8.510,23.278,66.080,0,0,6319240,5716384,405092,3803124,60829.846,34253.583,0,552.671,0,45.055,4894,4144,2.310,2.350,1.900,1,0,152.185,0,0,28,278,1,33,0
28-07 10:06:40,6.500,23.250,67.749,0,0,6313372,5722228,405096,3803144,60994.051,33761.475,0,111.998,0,9.000,4843,4129,2.310,2.350,1.900,1,0,121.998,0,0,28,278,1,33,0
28-07 10:06:41,9.481,25.947,62.621,0,0,6311804,5723720,405140,3803172,54655.678,576040.194,0,578.811,0,42.912,5438,4562,2.310,2.350,1.900,1,0,144.703,0,0,28,278,1,33,0
28-07 10:06:42,7.518,22.555,67.664,0,0,6314464,5721048,405152,3803172,60908.461,35315.500,0,336.815,0,20.049,4837,3816,2.310,2.350,1.900,2,0,128.311,0,0,28,278,1,33,0
28-07 10:06:43,2.250,2.749,93.979,0,0,6314716,5720796,405152,3803172,44606.104,23306.829,0,279.938,0,62.986,1776,2335,2.310,2.350,1.900,2,0,7.998,0,0,28,278,1,31,0
28-07 10:06:44,21.253,8.001,69.011,0,0,6347132,5688340,405156,3803176,59582.301,30190.713,0,200.031,0,10.002,2825,2637,2.200,2.330,1.890,3,0,3.000,0,0,28,278,1,31,0
28-07 10:06:45,24.412,5.231,68.753,0,0,6380604,5654836,405180,3803184,29545.743,14766.893,0,103.627,0,11.957,3342,3497,2.200,2.330,1.890,2,0,0,0,0,28,285,1,31,0
28-07 10:06:46,24.299,6.513,68.639,0,0,6386624,5648788,405196,3803192,15065.541,7473.150,0,128.260,0,15.030,3589,3886,2.200,2.330,1.890,2,0,0,0,0,28,299,1,31,0
28-07 10:06:47,17.658,12.435,67.897,0,0,6351024,5684376,405196,3803204,15104.515,7727.845,0,0,0,0,3782,3346,2.200,2.330,1.890,1,0,69.638,0,0,28,302,1,29,0
28-07 10:06:48,6.533,13.318,67.593,10.805,0,6345372,5683032,405312,3809764,46060.794,25569.786,3369.101,172.877,94.480,11.056,3662,3329,2.200,2.330,1.890,1,1,44.224,0,0,28,302,1,29,0
28-07 10:06:49,4.998,4.748,66.974,21.492,0,6324808,5682552,405332,3830600,45580.642,23526.041,19312.645,0,185.929,0,2694,3110,2.190,2.320,1.900,0,1,0,0,0,28,302,1,29,0
28-07 10:06:50,2.250,3.751,70.764,21.504,0,6305376,5682328,405368,3850080,15680.069,7297.428,18311.584,360.070,172.034,18.004,2200,2778,2.190,2.320,1.900,1,1,2.000,0,0,28,302,1,29,0
28-07 10:06:51,3.501,3.251,70.265,20.754,0,6301236,5665204,405400,3871200,30000.340,14727.112,19848.194,120.025,207.044,17.004,2649,3393,2.190,2.320,1.900,1,1,0,0,0,28,302,1,28,0
28-07 10:06:52,2.001,3.751,70.768,22.006,0,6300956,5645548,405416,3891012,15038.884,7511.940,18800.856,212.055,174.045,12.003,2304,2797,2.190,2.320,1.900,1,1,1.000,0,0,28,302,1,28,0
28-07 10:06:53,4.000,9.500,68.750,16.000,0,6302684,5627656,405420,3907076,15755.910,12543.929,14275.919,16027.909,137.999,31.000,3071,3021,2.190,2.320,1.900,0,1,18.000,0,0,28,302,1,28,0
28-07 10:06:54,2.500,4.251,69.513,21.754,0,6303696,5608824,405444,3924788,45245.640,22704.336,17083.262,224.043,168.032,21.004,2685,3153,2.090,2.300,1.890,0,1,20.004,0,0,28,304,1,28,0
28-07 10:06:55,5.253,7.255,69.045,17.261,0,6304472,5591184,405456,3941536,40307.523,457304.916,16390.785,76.050,157.103,6.004,3446,3446,2.090,2.300,1.890,1,0,14.009,0,0,28,304,1,26,0
28-07 10:06:56,4.236,6.977,68.274,18.190,0,6304216,5584380,405468,3948544,63672.382,174516.728,6849.344,2172.813,61.796,436.556,3375,2749,2.090,2.300,1.890,0,1,14.951,0,0,28,304,1,26,0
28-07 10:06:57,6.517,6.266,64.917,20.804,0,6337644,5532972,405480,3966432,29728.512,14844.204,17432.867,104.268,155.400,12.031,2638,2862,2.090,2.300,1.890,0,1,0,0,0,28,304,1,26,0
28-07 10:06:58,5.749,10.749,68.992,12.498,0,6333328,5527932,405488,3975740,31418.137,19525.599,9242.864,87.989,88.989,3.000,3300,3198,2.090,2.300,1.890,0,1,25.997,0,0,28,304,1,26,0
28-07 10:06:59,2.743,4.239,69.815,21.194,0,6333600,5509044,405520,3994228,44091.312,22255.102,17649.291,231.388,210.443,23.937,2861,2989,2,2.280,1.890,0,1,1.995,0,0,28,304,1,26,0
28-07 10:07:00,8.024,9.529,65.699,15.547,0,6333736,5496192,405532,4006868,31851.420,19800.941,12465.736,92.279,137.416,14.043,3510,3682,2,2.280,1.890,0,1,16.049,0,0,28,304,1,26,0
28-07 10:07:01,3.499,6.498,67.975,19.993,0,6332228,5483292,405580,4021164,44578.858,22107.994,14190.861,431.844,155.944,39.986,3165,3704,2,2.280,1.890,1,0,6.997,0,0,28,304,1,26,0
28-07 10:07:02,5.714,8.695,68.816,14.906,0,6329428,5475036,405580,4032168,45419.635,27122.993,10267.266,0,138.129,0,3291,3236,2,2.280,1.890,1,1,21.862,0,0,28,304,1,26,0
28-07 10:07:03,2.767,4.528,70.437,21.383,0,6325816,5467204,405580,4043564,44873.438,22091.074,11185.405,56.350,128.799,4.025,2387,2728,2,2.280,1.890,1,0,0,0,0,28,304,1,20,0
28-07 10:07:04,4.500,8.500,68.247,15.999,0,6318692,5461708,405656,4056040,44924.858,26502.737,12015.427,2443.883,156.993,117.994,3488,3561,1.920,2.260,1.880,0,1,15.999,0,0,28,304,1,20,0
28-07 10:07:05,5.248,9.497,68.229,14.746,0,6308656,5457184,405668,4070540,30056.867,18580.354,13839.795,123.962,162.950,13.996,3543,3534,1.920,2.260,1.880,1,0,17.995,0,0,28,304,1,21,0
28-07 10:07:06,3.997,8.994,69.203,15.739,0,6310436,5440048,405680,4085836,44858.457,21939.062,14650.025,251.829,174.881,12.991,3354,3289,1.920,2.260,1.880,1,0,15.989,0,0,28,304,1,21,0
28-07 10:07:07,4.005,5.257,68.843,20.778,0,6305208,5426812,405680,4104236,57119.026,598096.540,17515.620,0,211.285,0,3172,3281,1.920,2.260,1.880,2,0,1.001,0,0,28,304,1,20,0
28-07 10:07:08,8.498,18.745,67.231,2.999,0,6308028,5421276,405688,4106928,61130.386,36515.479,2571.259,223.935,37.989,13.996,4420,3585,1.920,2.260,1.880,0,1,67.980,0,0,28,304,1,20,0
28-07 10:07:09,2.252,4.004,70.063,21.269,0,6308088,5402892,405688,4125172,44710.442,22232.110,17603.923,8.007,204.185,2.002,2713,2930,1.850,2.230,1.880,0,1,0,0,0,28,304,1,21,0
28-07 10:07:10,7.723,17.440,67.518,5.232,0,6308168,5399184,405704,4128764,45759.697,28910.617,3368.421,199.315,42.853,14.949,4044,3461,1.850,2.230,1.880,3,0,55.808,0,0,28,304,1,21,0
28-07 10:07:11,6.492,5.494,66.173,19.727,0,6301840,5385840,405704,4148340,46458.806,23893.129,18658.235,111.870,243.716,11.986,3512,3597,1.850,2.230,1.880,1,0,1.998,0,0,28,304,1,21,0
28-07 10:07:12,5.521,12.046,68.263,12.548,0,6299628,5381936,405716,4154444,45504.123,27098.288,5673.836,2750.586,83.321,513.978,3849,3019,1.850,2.230,1.880,0,1,26.100,0,0,28,304,1,21,0
28-07 10:07:13,3.750,8.500,69.000,16.000,0,6300832,5366576,405716,4168536,44670.214,22116.106,13496.065,0,205.001,0,3180,3039,1.850,2.230,1.880,1,0,16.000,0,0,28,304,1,21,0
28-07 10:07:14,3.503,6.505,69.803,18.764,0,6301604,5351960,405716,4182328,45297.101,25879.483,13542.195,76.057,126.095,1.001,2905,2967,1.780,2.210,1.870,1,0,8.006,0,0,28,304,1,21,0
28-07 10:07:15,5.745,7.494,68.446,16.987,0,6301288,5341124,405736,4193392,44826.606,25757.663,10827.451,383.697,118.906,65.948,3322,3662,1.780,2.210,1.870,0,1,10.991,0,0,28,304,1,21,0
28-07 10:07:16,5.748,12.495,66.724,12.495,0,6304472,5328580,405760,4202692,70110.853,473844.530,9292.402,295.885,90.965,21.991,3831,3771,1.780,2.210,1.870,4,0,29.988,0,0,28,304,1,19,0
28-07 10:07:17,5.002,11.004,68.277,13.255,0,6305416,5316500,405760,4213748,49045.248,155230.920,10696.198,0,115.045,0,3644,3354,1.780,2.210,1.870,0,1,21.008,0,0,28,304,1,19,0
28-07 10:07:18,4.243,6.740,66.646,21.467,0,6305608,5306168,405764,4223824,45186.749,22644.795,8854.235,139.783,96.849,4.992,2491,2741,1.780,2.210,1.870,0,1,5.991,0,0,28,304,1,19,0
28-07 10:07:19,10.509,12.261,61.555,13.262,0,6308696,5290052,405788,4236760,48855.819,27026.240,12082.837,464.417,160.144,32.029,4448,4551,1.720,2.190,1.870,0,1,22.020,0,0,28,304,1,21,0
28-07 10:07:20,4.756,9.511,68.582,14.768,0,6310152,5274176,405796,4251124,56662.468,35257.982,13588.179,216.257,182.217,12.014,3420,3253,1.720,2.190,1.870,1,1,18.021,0,0,28,304,1,21,0
28-07 10:07:21,5.751,9.252,68.261,15.003,0,6311908,5256540,405824,4266892,44743.471,26418.411,15222.542,188.031,196.033,22.004,3363,3647,1.720,2.190,1.870,1,0,16.003,0,0,28,304,1,21,0
28-07 10:07:22,6.987,9.732,66.628,15.472,0,6306656,5245200,405828,4283400,46943.246,23991.174,15643.423,195.643,217.602,8.984,3513,3301,1.720,2.190,1.870,1,0,14.973,0,0,28,304,1,21,0
28-07 10:07:23,4.748,8.496,68.721,15.993,0,6306476,5234868,405832,4293856,47679.769,29549.462,10207.669,171.927,108.954,4.998,2968,2993,1.720,2.190,1.870,1,0,15.993,0,0,28,304,1,21,0
28-07 10:07:24,3.255,6.260,70.113,18.279,0,6304692,5222016,405832,4308428,47092.780,26532.696,13970.481,92.148,140.226,7.011,2775,2939,1.660,2.170,1.860,0,1,6.010,0,0,28,304,1,21,0
28-07 10:07:25,4.250,9.001,69.505,15.501,0,6305068,5209832,405832,4320220,45149.278,26631.934,11236.816,0,116.008,0,2951,2970,1.660,2.170,1.860,1,1,16.001,0,0,28,304,1,21,0
28-07 10:07:26,12.755,16.257,66.027,3.001,0,6326664,5185352,405840,4323032,73745.208,582758.717,2801.147,136.056,26.011,6.002,4262,3644,1.660,2.170,1.860,1,0,72.030,0,0,28,304,1,21,0
28-07 10:07:27,25.133,9.456,64.700,0,0,6391316,5119540,405840,4324192,45505.734,24625.672,0,2309.279,0,465.837,3766,2530,1.660,2.170,1.860,3,0,2.986,0,0,28,304,1,21,0
28-07 10:07:28,26.019,7.756,64.548,0,0,6444840,5065504,405840,4324704,44746.412,23201.324,0,0,0,0,3066,2932,1.660,2.170,1.860,1,0,2.001,0,0,28,304,1,20,0
28-07 10:07:29,27.588,9.029,62.952,0,0,6503284,5007816,405848,4323940,15144.516,7481.969,0,120.386,0,7.022,3002,2730,1.610,2.150,1.860,3,0,3.010,0,0,28,304,1,20,0
28-07 10:07:30,26.982,3.747,66.954,0,0,6509732,5001288,405908,4323960,60551.748,32577.806,0,387.736,0,51.965,3695,4189,1.610,2.150,1.860,2,0,3.997,0,0,28,306,1,20,0
28-07 10:07:31,23.524,7.758,68.070,0.250,0,6473772,5037140,406012,4323960,45352.447,23556.125,0,944.968,0,66.068,3371,3610,1.610,2.150,1.860,1,0,5.005,0,0,28,304,1,20,0
28-07 10:07:32,32.249,10.750,55.998,0,0,6470508,5040364,406024,4323988,45350.674,23441.314,0,91.997,0,9.000,3605,3033,1.610,2.150,1.860,2,0,0,0,0,28,302,1,12,2
28-07 10:07:33,23.496,8.337,67.204,0,0,6465052,5045808,406028,4323996,31655.564,16671.620,0,149.567,0,10.106,2972,2778,1.610,2.150,1.860,2,0,5.053,0,0,28,302,1,12,2
28-07 10:07:34,25.112,4.475,69.618,0,0,6462664,5048036,406044,4324140,30012.391,15192.673,0,350.080,0,20.885,3351,3431,1.560,2.130,1.850,3,0,1.989,0,0,28,306,1,13,2
28-07 10:07:35,25.552,5.210,66.981,0,0,6330256,5180444,406044,4324140,36719.622,18171.271,0,3.969,0,0.992,2974,2693,1.560,2.130,1.850,6,0,14.885,0,0,28,302,1,14,2
28-07 10:07:36,21.296,8.268,69.651,0,0,6372028,5138664,406044,4324148,52965.601,28956.653,0,4.009,0,1.002,2612,2572,1.560,2.130,1.850,1,0,3.007,0,0,28,302,1,8,2
28-07 10:07:37,24.009,5.502,69.025,0,0,6398692,5112000,406044,4324148,39242.139,443353.744,0,0,0,0,2666,2506,1.560,2.130,1.850,3,0,1.000,0,0,28,302,1,8,2
28-07 10:07:38,32.364,13.941,51.783,0,0,6376560,5133948,406064,4324364,17326.266,141786.793,0,330.612,0,10.954,4057,12410,1.560,2.130,1.850,3,0,58.753,0,0,28,302,1,9,2
28-07 10:07:39,8.792,25.120,64.308,0,0,6381940,5128556,406064,4324304,46356.180,25843.867,514.466,24.116,4.019,3.014,4591,3676,1.510,2.120,1.850,3,0,129.621,0,0,28,302,1,10,2
28-07 10:07:40,9.245,22.739,65.968,0,0,6377348,5133124,406068,4324312,61417.856,34085.271,0,351.827,0,7.996,4831,3706,1.510,2.120,1.850,1,0,117.942,0,0,28,302,1,8,2
28-07 10:07:41,7.748,25.743,64.231,0,0,6365748,5144632,406092,4324376,61512.114,60644.366,0,187.945,0,17.995,5261,4262,1.510,2.120,1.850,1,0,158.954,0,0,28,302,1,8,2
28-07 10:07:42,10.438,18.889,67.850,0,0,6360336,5150036,406092,4324384,49340.008,26094.105,0,286.311,0,13.918,4491,3593,1.510,2.120,1.850,1,0,116.314,0,0,28,302,1,8,2
28-07 10:07:43,16.492,15.992,66.219,0,0,6380544,5129804,406108,4324392,60826.339,32510.681,0,1971.071,0,403.810,4261,3398,1.510,2.120,1.850,2,0,73.965,0,0,28,302,1,8,2
28-07 10:07:44,26.559,8.347,64.753,0,0,6380644,5129696,406116,4324392,47317.055,24072.844,0,121.411,0,6.071,3254,2864,1.470,2.100,1.840,1,0,18.212,0,0,28,302,1,8,2
28-07 10:07:45,20.544,7.178,70.541,0,0,6380968,5129220,406116,4324544,47866.898,23921.569,0,411.860,0,82.174,3267,3025,1.470,2.100,1.840,1,0,18.811,0,0,28,303,1,8,2
28-07 10:07:46,19.785,4.007,74.883,0,0,6399880,5104144,406136,4329848,33007.709,16502.352,0,344.613,0,18.032,2602,2772,1.470,2.100,1.840,1,0,1.002,0,0,28,303,1,8,2
28-07 10:07:47,24.091,7.026,68.006,0,0,6391468,5111284,406152,4330740,40628.660,446216.632,0,734.761,0,12.045,3253,3112,1.470,2.100,1.840,2,0,3.011,0,0,28,302,1,8,2
28-07 10:07:48,24.722,10.488,61.929,0,0,6391312,5110792,406152,4331184,48871.748,125209.883,0,3.995,0,0.999,7387,13415,1.470,2.100,1.840,2,0,7.991,0,0,28,302,1,8,2
28-07 10:07:49,16.952,9.722,71.547,0,0,6399144,5101972,406168,4331976,29982.730,15293.506,0,993.175,0,19.943,2693,2584,1.510,2.090,1.840,2,0,6.980,0,0,28,303,1,8,2
28-07 10:07:50,17.961,4.490,75.837,0,0,6402420,5098676,406168,4331996,67330.290,42776.064,0,155.665,0,5.987,2565,2561,1.510,2.090,1.840,1,0,0.998,0,0,28,303,1,8,2
28-07 10:07:51,23.366,11.557,61.555,0,0,6407960,5092920,406192,4332184,44608.793,22714.426,0,345.711,0,22.109,7696,14055,1.510,2.090,1.840,2,0,11.055,0,0,28,303,1,8,2
28-07 10:07:52,16.992,11.745,69.968,0,0,6403576,5097204,406200,4332276,30144.297,14799.272,0,395.820,0,18.991,2820,2664,1.510,2.090,1.840,1,0,9.995,0,0,28,303,1,8,2
28-07 10:07:53,22.521,6.506,70.065,0.250,0,6343648,5163744,406372,4326380,46203.678,23970.141,0,792.732,0,25.023,2794,2662,1.510,2.090,1.840,1,0,2.002,0,0,28,302,1,8,2
28-07 10:07:54,8.508,21.521,68.067,0,0,6308804,5198724,406384,4326248,45902.362,25369.070,0,496.491,0,13.013,4694,3834,1.550,2.090,1.840,1,0,136.135,0,0,28,302,1,8,2
28-07 10:07:55,13.237,23.227,61.939,0.250,0,6313484,5194036,406384,4326256,62144.597,35304.117,0,187.814,0,10.989,4783,3976,1.550,2.090,1.840,1,0,133.868,0,0,28,302,1,8,2
28-07 10:07:56,21.014,7.755,69.796,0,0,6363352,5144168,406384,4326256,46327.354,22274.595,0,0,0,0,2602,2505,1.550,2.090,1.840,1,0,0,0,0,28,302,1,8,2
28-07 10:07:57,25.267,3.753,70.048,0,0,6388040,5119260,406388,4326472,29954.703,14750.194,0,8.006,0,2.001,2616,2309,1.550,2.090,1.840,2,0,2.001,0,0,28,303,1,8,2
28-07 10:07:58,27.723,7.743,62.690,0,0,6423680,5083476,406388,4326616,15140.419,7288.980,0,1554.503,0,339.673,3783,3206,1.550,2.090,1.840,1,0,0,0,0,28,302,1,11,2
28-07 10:07:59,12.233,20.721,65.160,0,0,6394632,5112512,406388,4326628,26681.219,456840.224,0,11.983,0,1.997,4783,3807,1.510,2.070,1.840,4,0,115.840,0,0,28,302,1,11,2
28-07 10:08:00,22.253,8.001,67.759,0,0,6431344,5075772,406412,4326632,48688.344,159290.757,0,232.030,0,14.002,3239,3202,1.510,2.070,1.840,1,0,3.000,0,0,28,302,1,11,2
28-07 10:08:01,23.712,6.490,68.140,0,0,6450808,5056260,406444,4326648,36721.865,16623.231,0,419.325,0,38.937,3161,3223,1.510,2.070,1.840,4,0,0,0,0,28,302,1,11,2
28-07 10:08:02,17.292,13.032,67.665,0,0,6426736,5080324,406444,4326656,39337.949,21436.285,0,0,0,0,3742,3095,1.510,2.070,1.840,1,0,70.171,0,0,28,302,1,11,2
28-07 10:08:03,21.922,7.473,69.254,0,0,6422084,5084976,406448,4326656,44332.728,22037.820,0,91.675,0,4.982,2839,2703,1.510,2.070,1.840,3,0,2.989,0,0,28,302,1,11,2
28-07 10:08:04,23.586,5.771,70.004,0,0,6426148,5080908,406448,4326660,29879.415,14711.379,0,20.073,0,1.004,2698,2477,1.470,2.060,1.830,5,0,0,0,0,28,302,1,11,2
28-07 10:08:05,25.016,6.504,67.042,0,0,6381896,5125136,406468,4326664,15045.527,7432.706,0,396.251,0,25.016,3047,2792,1.470,2.060,1.830,2,0,5.003,0,0,28,302,1,12,2
28-07 10:08:06,19.981,13.737,64.440,0,0,6392420,5114584,406468,4326692,46549.824,26184.713,0,87.918,0,4.995,3948,3435,1.470,2.060,1.830,2,0,52.951,0,0,28,302,1,12,2
28-07 10:08:07,23.151,5.477,70.201,0,0,6425724,5081276,406468,4326696,29526.193,14904.494,0,0,0,0,2578,2359,1.470,2.060,1.830,2,0,0,0,0,28,302,1,12,2
28-07 10:08:08,23.847,5.020,69.031,0,0,6427244,5079744,406468,4326708,30162.573,14850.348,0,96.392,0,6.024,2937,2791,1.470,2.060,1.830,1,0,0,0,0,28,302,1,15,2
28-07 10:08:09,19.500,11.250,67.998,0,0,6391548,5115436,406468,4326712,30059.314,15913.637,0,1903.957,0,14.000,3223,2849,1.430,2.040,1.830,1,0,33.999,0,0,28,302,1,14,2
28-07 10:08:10,23.506,5.752,69.768,0,0,6407384,5099600,406468,4326712,44560.666,21959.749,0,0,0,0,2660,2518,1.430,2.040,1.830,1,0,0,0,0,28,302,1,14,2
28-07 10:08:11,24.210,5.241,68.386,0,0,6416820,5089952,406528,4326864,14891.120,7577.340,0,575.039,0,56.905,3531,3833,1.430,2.040,1.830,1,0,0,0,0,28,302,1,14,2
28-07 10:08:12,16.778,14.023,67.112,0,0,6323416,5183312,406568,4326868,66983.616,475402.174,0,2099.498,0,96.160,4125,3947,1.430,2.040,1.830,1,0,50.083,0,0,28,302,1,14,2
28-07 10:08:13,23.930,6.297,69.523,0,0,6363800,5142772,406580,4327012,33691.689,144997.794,0,64.486,0,7.053,2828,2722,1.430,2.040,1.830,1,0,1.008,0,0,28,302,0,14,2
28-07 10:08:14,23.191,6.234,68.826,0,0,6387968,5118592,406588,4327016,25578.346,11079.993,0,2282.231,0,449.863,3229,2375,1.400,2.020,1.820,2,0,0,0,0,28,302,1,14,2
28-07 10:08:15,22.345,8.938,67.034,0,0,6388448,5118092,406596,4327024,19258.031,11847.582,0,119.171,0,12.910,3766,3579,1.400,2.020,1.820,1,0,33.765,0,0,28,302,1,16,2
28-07 10:08:16,22.522,7.507,68.817,0,0,6435672,5070860,406600,4327028,59588.815,30823.907,0,152.148,0,18.017,2976,3004,1.400,2.020,1.820,3,0,0,0,0,28,302,1,16,2
28-07 10:08:17,25.550,5.761,67.381,0,0,6453776,5052744,406600,4327040,31445.143,16847.760,0,753.465,0,82.160,3217,2941,1.400,2.020,1.820,1,0,0,0,0,28,302,1,16,2
28-07 10:08:18,21.941,12.965,63.828,0,0,6416136,5090368,406612,4327060,31157.277,16695.138,0,199.464,0,24.933,4053,3766,1.400,2.020,1.820,2,0,47.871,0,0,28,302,1,16,2
28-07 10:08:19,24.321,27.079,46.135,0,0,6400236,5106024,406724,4327192,60874.269,33169.135,0,489.433,0,43.126,6379,6172,1.600,2.050,1.840,0,0,145.426,0,0,28,302,2,16,2
28-07 10:08:20,3.996,2.498,91.162,0,0,6399928,5106312,406740,4327196,51326.418,26405.492,0,275.734,0,14.986,1902,2609,1.600,2.050,1.840,0,0,0,0,0,28,304,1,16,2
28-07 10:08:21,6.952,19.863,69.520,0,0,6380296,5125828,406800,4327248,68787.982,33325.867,0,429.037,0,35.753,4811,4224,1.600,2.050,1.840,2,0,125.136,0,0,28,303,1,15,2
28-07 10:08:22,6.045,6.549,87.652,0,0,6376016,5130060,406844,4327252,66860.718,34912.895,0,886.600,0,40.300,2560,2899,1.600,2.050,1.840,1,0,20.150,0,0,28,302,1,16,2
28-07 10:08:23,7.247,23.240,66.472,0,0,6360296,5145768,406848,4327260,56816.132,586849.469,0,3.998,0,1.000,5216,4173,1.600,2.050,1.840,1,0,142.940,0,0,28,302,1,16,2
28-07 10:08:24,16.994,14.245,66.728,0,0,6359904,5146064,406884,4327316,60819.752,32275.255,0,271.909,0,17.994,3652,3178,1.640,2.050,1.840,1,0,53.982,0,0,28,302,1,16,2
28-07 10:08:25,20.482,9.242,69.439,0,0,6366128,5131768,407380,4333876,45023.511,22851.957,0,147.870,0,4.996,2819,2518,1.640,2.050,1.840,2,0,2.997,0,0,28,302,1,16,2
28-07 10:08:26,23.547,5.010,69.890,0,0,6378800,5114504,407552,4337668,48662.138,24328.564,0,188.376,0,1.002,2774,2723,1.640,2.050,1.840,1,0,0,0,0,28,302,1,16,2
28-07 10:08:27,16.681,5.477,76.187,0,0,6375012,5117360,407612,4338408,34836.766,16906.488,0,995.905,0,17.926,2625,2675,1.640,2.050,1.840,1,0,18.922,0,0,28,302,1,16,2
28-07 10:08:28,26.512,9.754,62.527,0,0,6403404,5084888,407668,4342168,36891.196,18288.029,0,644.283,0,34.015,3383,3230,1.640,2.050,1.840,1,0,5.002,0,0,28,302,1,16,2
28-07 10:08:29,19.985,8.993,65.949,2.498,0,6379708,5107356,407756,4343264,15188.306,7614.138,483.628,4000.920,7.994,546.579,4567,3977,1.670,2.050,1.840,0,1,30.976,0,0,28,302,1,16,2
28-07 10:08:30,14.805,22.082,59.471,1.757,0,6317100,5168208,407856,4344884,45968.105,27040.652,891.318,1866.949,13.049,56.209,5246,4762,1.670,2.050,1.840,4,0,129.482,0,0,28,302,1,16,2
28-07 10:08:31,8.751,25.002,63.256,0,0,6322056,5163176,407932,4344884,61088.762,32443.060,0,468.044,0,37.003,5310,4607,1.670,2.050,1.840,1,0,145.014,0,0,28,302,1,16,2
28-07 10:08:32,21.441,8.228,69.061,0,0,6362356,5122856,407948,4344888,45162.572,21975.940,0,171.531,0,9.973,2865,2759,1.670,2.050,1.840,2,0,0,0,0,28,302,1,16,2
28-07 10:08:33,23.454,5.988,69.614,0,0,6399348,5085852,407948,4344896,29920.660,14857.031,0,7.984,0,1.996,2771,2505,1.670,2.050,1.840,1,0,2.994,0,0,28,302,1,16,2
28-07 10:08:34,24.126,5.278,69.866,0,0,6375736,5109304,407976,4345028,15053.784,7408.774,0,390.041,0,21.110,3031,2951,1.610,2.030,1.830,1,0,9.047,0,0,28,302,1,16,1
28-07 10:08:35,19.747,12.248,65.990,0,0,6405200,5079812,407984,4345044,54339.501,454954.844,0,51.992,0,3.999,3564,3209,1.610,2.030,1.830,1,0,38.994,0,0,28,302,1,17,1
28-07 10:08:36,23.759,5.502,69.526,0,0,6443968,5041040,407984,4345048,33041.185,142098.403,0,8.003,0,1.000,2747,2503,1.610,2.030,1.830,2,0,2.001,0,0,28,302,1,17,1
28-07 10:08:37,23.725,4.995,69.926,0,0,6358080,5126920,407984,4345056,29484.824,15569.537,0,23.975,0,0.999,2916,2774,1.610,2.030,1.830,1,0,5.994,0,0,28,302,1,17,1
28-07 10:08:38,20.155,10.451,68.179,0,0,6396048,5088892,408040,4345060,30309.379,15680.216,0,234.895,0,20.902,3077,3116,1.610,2.030,1.830,2,0,9.953,0,0,28,302,1,15,1
28-07 10:08:39,38.909,15.313,44.181,0,0,6423104,5061812,408040,4345084,45665.132,24282.508,0,1257.152,0,79.325,4797,15702,1.720,2.050,1.840,2,0,36.148,0,0,28,302,1,17,1
28-07 10:08:40,23.255,6.501,68.265,0,0,6424788,5059972,408164,4345108,15587.411,7753.697,0,456.100,0,60.013,3707,4191,1.720,2.050,1.840,1,0,0,0,0,28,303,1,17,1
28-07 10:08:41,26.687,9.727,61.105,0.249,0,6426068,5058208,408440,4345308,29581.626,15173.902,0,993.636,0,134.680,5350,6873,1.720,2.050,1.840,1,0,0.998,0,0,28,303,1,17,1
28-07 10:08:42,21.217,9.345,68.196,0,0,6378764,5105368,408556,4345332,15844.758,10778.032,0,529.405,0,56.578,4162,4993,1.720,2.050,1.840,1,0,7.072,0,0,28,302,1,16,1
28-07 10:08:43,22.364,5.715,69.825,0,0,6401180,5082940,408568,4345332,44220.752,22274.377,0,163.007,0,7.952,2697,2647,1.720,2.050,1.840,1,0,0.994,0,0,28,302,1,16,1
28-07 10:08:44,24.237,5.997,68.963,0,0,6425860,5058256,408568,4345336,32005.743,15499.643,0,2266.778,0,451.756,3565,2565,1.670,2.030,1.830,1,0,0,0,0,28,302,1,16,1
28-07 10:08:45,24.714,10.235,62.658,0.749,0,6424340,5059328,408988,4345356,15175.715,7417.108,0,3950.199,0,252.629,5575,6791,1.670,2.030,1.830,3,0,2.996,0,0,28,303,1,17,1
28-07 10:08:46,26.259,10.754,60.770,0,0,6369212,5114268,409152,4345372,15442.192,7460.508,0,728.245,0,80.027,4689,5134,1.670,2.030,1.830,3,0,23.008,0,0,28,302,1,17,1
28-07 10:08:47,7.251,26.255,64.011,0,0,6371916,5111528,409168,4345392,60913.827,33611.975,0,200.036,0,13.002,5175,4024,1.670,2.030,1.830,1,0,166.030,0,0,28,302,1,17,1
28-07 10:08:48,8.229,28.179,61.595,0,0,6370492,5112880,409196,4345432,61169.128,31554.624,0,402.986,0,22.942,5175,4001,1.670,2.030,1.830,1,0,170.571,0,0,28,302,1,17,1
28-07 10:08:49,8.269,27.314,61.644,0,0,6366272,5116948,409344,4345432,55335.054,582789.195,0,2008.685,0,97.227,5507,4362,1.690,2.030,1.840,2,0,166.388,0,0,28,302,1,17,1
28-07 10:08:50,10.501,27.753,58.256,0,0,6366000,5116948,409596,4345444,62334.410,32802.373,0,3468.357,0,179.018,5799,4925,1.690,2.030,1.840,4,0,159.016,0,0,28,302,1,17,1
28-07 10:08:51,8.505,26.765,62.785,0,0,6353196,5129700,409636,4345452,60755.637,32223.841,0,268.148,0,21.012,5376,4470,1.690,2.030,1.840,3,0,164.091,0,0,28,302,1,17,1
28-07 10:08:52,7.714,26.377,62.957,0,0,6354172,5128720,409636,4345456,61094.816,31634.850,0,15.926,0,3.981,5112,3842,1.690,2.030,1.840,2,0,162.245,0,0,28,302,1,17,1
28-07 10:08:53,7.779,25.845,64.738,0,0,6357916,5124964,409644,4345460,56246.981,27487.149,0,112.414,0,8.030,4951,3849,1.690,2.030,1.840,3,0,167.617,0,0,28,302,1,17,1
28-07 10:08:54,6.489,25.956,62.893,0,0,6360840,5122016,409668,4345460,49882.036,28357.698,0,471.197,0,20.964,4991,3903,1.560,2,1.830,5,0,173.704,0,0,28,302,1,17,1
28-07 10:08:55,7.519,26.818,64.162,0,0,6358424,5124396,409700,4345464,61012.041,31842.394,0,188.476,0,19.048,5156,3885,1.560,2,1.830,1,0,163.413,0,0,28,302,1,17,1
28-07 10:08:56,7.992,26.472,63.433,0,0,6347016,5135776,409716,4345472,60976.182,31884.107,0,135.856,0,13.985,5159,4202,1.560,2,1.830,2,0,165.824,0,0,28,302,1,17,1
28-07 10:08:57,8.997,25.993,62.233,0,0,6345548,5137224,409728,4345480,61373.807,573915.226,0,343.904,0,19.994,5384,4128,1.560,2,1.830,4,0,162.954,0,0,28,302,1,17,1
28-07 10:08:58,11.776,28.815,57.128,0,0,6381512,5101248,409736,4345484,57594.345,32015.901,0,100.225,0,9.020,5203,3896,1.560,2,1.830,1,0,166.374,0,0,28,302,1,17,1
28-07 10:08:59,8.488,27.711,61.164,0.250,0,6368656,5114100,409740,4345496,60490.568,31968.850,3.994,14359.720,0.999,55.921,5178,3931,1.510,1.980,1.820,1,0,163.769,0,0,28,302,1,17,1
28-07 10:09:00,8.993,26.479,60.952,0,0,6363520,5119168,409792,4345500,60707.337,31299.426,0,2542.004,0,432.660,6090,4529,1.510,1.980,1.820,1,0,165.870,0,0,28,302,1,17,1
28-07 10:09:01,11.707,27.400,58.536,0,0,6356740,5125880,409848,4345512,61739.779,33101.712,0,243.109,0,25.905,5606,4797,1.510,1.980,1.820,2,0,163.401,0,0,28,302,1,17,1
28-07 10:09:02,8.039,25.875,64.059,0,0,6341572,5141032,409852,4345524,46244.226,24130.481,0,156.757,0,10.049,5005,3927,1.510,1.980,1.820,1,0,161.781,0,0,28,302,1,14,1
28-07 10:09:03,8.251,25.754,64.009,0,0,6344556,5138048,409852,4345524,61037.434,32470.487,0,20.003,0,5.001,5079,3849,1.510,1.980,1.820,1,0,161.022,0,0,28,302,1,14,1
28-07 10:09:04,6.705,25.828,64.074,0,0,6350552,5132036,409868,4345524,60634.002,32798.011,0,548.355,0,30.795,5013,3918,1.470,1.960,1.820,3,0,157.950,0,0,28,302,1,14,1
28-07 10:09:05,9.790,27.864,60.999,0,0,6354232,5128316,409900,4345532,62445.118,585098.407,0,397.624,0,40.164,5563,4527,1.470,1.960,1.820,2,0,160.656,0,0,28,302,1,15,1
28-07 10:09:06,7.522,27.080,62.184,0,0,6356128,5126404,409912,4345532,57449.336,31673.913,0,236.702,0,14.042,5103,3996,1.470,1.960,1.820,2,0,160.476,0,0,28,302,1,14,1
28-07 10:09:07,8.250,26.000,64.001,0,0,6346552,5135976,409916,4345532,60984.721,32608.385,0,80.001,0,5.000,5018,3943,1.470,1.960,1.820,1,0,164.002,0,0,28,302,1,14,1
28-07 10:09:08,6.711,25.603,64.132,0,0,6346532,5135996,409916,4345532,60688.539,32145.428,0,11.931,0,2.983,4990,3842,1.470,1.960,1.820,2,0,157.098,0,0,28,302,1,14,1
28-07 10:09:09,7.782,27.110,63.007,0,0,6345848,5136672,409924,4345532,61616.923,31909.947,0,148.605,0,13.053,5059,3961,1.510,1.970,1.820,2,0,162.662,0,0,28,302,1,15,1
28-07 10:09:10,12.265,17.021,68.835,0,0,6350492,5132000,409924,4345560,45994.506,25551.391,0,16.020,0,1.001,3960,3344,1.510,1.970,1.820,2,0,86.106,0,0,28,302,1,11,1
28-07 10:09:11,11.873,18.694,68.206,0.505,0,6351612,5235692,409988,4248836,60197.525,30208.904,0,1345.941,0,33.345,3580,3851,1.510,1.970,1.820,1,0,39.408,0,0,28,302,1,11,1
28-07 10:09:12,19.307,12.129,66.088,0,0,6350648,5240484,410008,4247728,30957.066,16064.170,0,1730.673,0,14.851,3080,2840,1.510,1.970,1.820,1,0,5.941,0,0,28,302,1,11,1
28-07 10:09:13,23.455,5.489,69.366,0,0,6365244,5222172,410008,4251076,44981.825,23332.781,0,0,0,0,2762,2765,1.510,1.970,1.820,1,0,0.998,0,0,28,302,1,11,1
28-07 10:09:14,21.511,8.004,69.285,0,0,6373996,5211916,410016,4252368,40167.307,578521.477,0,3373.706,0,103.052,3309,2784,1.630,1.980,1.820,0,0,17.009,0,0,28,303,1,11,1
28-07 10:09:15,15.527,3.757,78.889,0,0,6385240,5200576,410100,4252360,41148.624,20458.107,0,2324.102,0,305.539,3172,3058,1.630,1.980,1.820,1,0,2.004,0,0,28,303,1,11,1
28-07 10:09:16,16.235,2.748,79.929,0,0,6389000,5196544,410152,4252572,26243.532,14713.843,0,1206.921,0,49.955,2427,2784,1.630,1.980,1.820,1,0,0,0,0,28,303,1,11,1
28-07 10:09:17,15.896,2.775,80.236,0,0,6389652,5195564,410200,4252784,27106.622,15115.641,0,948.701,0,28.259,2352,2594,1.630,1.980,1.820,1,0,0,0,0,28,303,1,11,1
28-07 10:09:18,17.548,5.684,73.403,1.236,0,6406324,5178680,410228,4252960,22575.517,12153.766,0,605.019,0,18.783,2372,2378,1.630,1.980,1.820,2,0,4.943,0,0,28,303,1,11,1
28-07 10:09:19,19.043,3.257,76.425,0.251,0,6409472,5175404,410268,4253036,23359.352,13000.693,0,865.978,0,30.069,2356,2411,1.580,1.970,1.820,1,0,3.007,0,0,28,303,1,9,1
28-07 10:09:20,22.992,5.248,69.974,0.250,0,6406260,5178308,410348,4253268,11527.749,7486.239,0,1187.562,0,43.984,3391,3760,1.580,1.970,1.820,1,0,5.998,0,0,28,303,1,11,1
28-07 10:09:21,21.261,3.752,73.788,0,0,6422860,5161452,410392,4253448,19780.251,11490.955,0,732.380,0,36.019,2793,2960,1.580,1.970,1.820,0,0,2.001,0,0,28,303,1,11,1
28-07 10:09:22,16.252,2.750,79.761,0.250,0,6422960,5160948,410456,4253752,11210.481,7652.011,0,1060.140,0,39.005,2316,2561,1.580,1.970,1.820,1,0,2.000,0,0,28,303,1,11,1
28-07 10:09:23,23.994,6.248,68.484,0,0,6426268,5136784,410484,4274284,18905.458,9864.630,0,547.868,0,17.996,2831,2693,1.580,1.970,1.820,1,0,2.000,0,0,28,303,1,9,1
28-07 10:09:24,22.732,6.245,68.945,0,0,6419876,5131404,410560,4284704,625.499,0,0,1454.834,0,66.946,2923,2916,1.530,1.950,1.810,1,0,1.998,0,0,28,303,1,9,1
28-07 10:09:25,24.519,4.754,69.554,0,0,6430536,5110796,410692,4293672,15254.867,7625.932,0,1429.112,0,29.023,2812,2795,1.530,1.950,1.810,2,0,0,0,0,28,303,1,9,1
28-07 10:09:26,24.767,3.753,70.049,0,0,6425504,5105880,410712,4302488,479.336,0,0,456.320,0,13.009,2662,2609,1.530,1.950,1.810,3,0,0,0,0,28,303,1,9,1
28-07 10:09:27,23.215,5.741,69.896,0.250,0,6432456,5080272,410808,4319496,299.552,147.779,0,1505.750,0,61.907,2862,2833,1.530,1.950,1.810,6,0,1.997,0,0,28,303,1,9,1
28-07 10:09:28,22.939,5.735,69.315,0.249,0,6435980,5066024,411060,4328404,15336.091,7438.159,0,1543.882,0,73.803,2907,2903,1.530,1.950,1.810,5,0,1.995,0,0,28,303,1,9,1
28-07 10:09:29,30.590,9.779,58.171,0,0,6458956,5034868,411112,4335388,361.064,0,0,1263.723,0,38.112,3466,3222,1.570,1.950,1.820,4,0,2.006,0,0,28,303,1,9,1
28-07 10:09:30,30.251,9.250,59.253,0,0,6482424,4989044,411168,4355648,761.036,0,0,3720.176,0,435.021,4426,3975,1.570,1.950,1.820,4,0,3.000,0,0,28,303,1,9,1
28-07 10:09:31,23.994,6.248,68.232,0.250,0,6497304,4982472,411528,4345652,15133.921,7629.943,0,2251.393,0,104.972,3342,3744,1.570,1.950,1.820,1,0,0,0,0,28,302,1,9,1
28-07 10:09:32,23.017,5.754,69.551,0,0,6446372,5033304,411528,4345628,1303.957,148.109,0,24.018,0,2.001,2637,2496,1.570,1.950,1.820,1,0,2.001,0,0,28,302,1,9,1
28-07 10:09:33,19.441,10.219,69.291,0,0,6449240,5030424,411532,4345632,1082.731,0,0,466.591,0,9.970,3033,2788,1.570,1.950,1.820,3,0,37.886,0,0,28,302,1,9,1
28-07 10:09:34,19.769,4.004,74.571,0,0,6448344,5030172,411548,4346764,8360.932,4312.091,0,604.574,0,29.028,2628,2692,1.530,1.940,1.810,1,0,0,0,0,28,303,1,9,1
28-07 10:09:35,22.705,6.986,68.613,0,0,6425904,5046916,411560,4351884,44934.408,23309.525,0,1113.779,0,15.968,2889,2756,1.530,1.940,1.810,1,0,2.994,0,0,28,302,1,10,1
28-07 10:09:36,23.096,9.791,64.016,0,0,6441136,5030788,411560,4352572,29961.544,15140.938,0,4.017,0,1.004,7499,13486,1.530,1.940,1.810,2,0,8.033,0,0,28,302,1,10,1
28-07 10:09:37,20.146,8.814,70.762,0,0,6431452,5039724,411560,4353184,29807.824,15500.230,0,108.788,0,2.015,2719,2499,1.530,1.940,1.810,1,0,8.058,0,0,28,302,1,10,1
28-07 10:09:38,21.819,10.166,63.226,0,0,6428064,5043112,411560,4353184,14792.315,7235.986,0,0,0,0,7208,13268,1.530,1.940,1.810,1,0,8.926,0,0,28,302,1,10,1
28-07 10:09:39,29.040,19.696,51.766,0,0,6445384,5025688,411560,4356440,15005.611,7599.772,0,101.007,0,4.040,3972,11011,1.480,1.920,1.810,2,0,48.483,0,0,29,303,1,8,1
28-07 10:09:40,20.792,9.406,67.575,0,0,6385852,5093308,411580,4345952,15068.575,7223.886,0,2063.402,0,19.802,2922,4706,1.480,1.920,1.810,1,0,0.990,0,0,28,302,1,9,1
28-07 10:09:41,22.496,7.749,67.989,0,0,6369240,5109972,411596,4345892,16153.408,9202.523,0,419.933,0,12.998,3712,3786,1.480,1.920,1.810,2,0,48.992,0,0,28,302,1,9,1
28-07 10:09:42,22.705,10.479,63.375,0,0,6369472,5109720,411596,4345900,59864.277,30446.128,0,243.521,0,9.980,7610,14162,1.480,1.920,1.810,3,0,7.984,0,0,28,302,1,9,1
28-07 10:09:43,20.582,8.785,69.526,0,0,6386744,5092428,411600,4345912,45228.829,24505.433,0,212.846,0,4.016,2956,2699,1.480,1.920,1.810,1,0,21.084,0,0,28,302,1,8,1
28-07 10:09:44,21.243,7.997,69.476,0,0,6412176,5066976,411616,4345916,44936.796,477491.446,0,191.935,0,14.995,3591,3246,1.440,1.900,1.800,2,0,16.994,0,0,28,303,1,8,1
28-07 10:09:45,21.215,8.082,69.706,0.253,0,6418968,5054712,411648,4351020,40525.196,154272.546,0,17929.482,0,262.659,3613,3497,1.440,1.900,1.800,1,0,4.041,0,0,28,302,1,8,2
28-07 10:09:46,23.534,6.193,69.114,0,0,6394596,5077924,411656,4352060,15579.721,7336.530,0,1541.821,0,256.640,3382,2971,1.440,1.900,1.800,1,0,2.973,0,0,28,302,1,8,1
28-07 10:09:47,22.720,10.236,63.665,0,0,6424684,5046452,411656,4353192,15139.705,7434.035,0,0,0,0,7052,13107,1.440,1.900,1.800,1,0,8.988,0,0,28,302,1,7,1
28-07 10:09:48,18.494,11.746,68.229,0,0,6395244,5075684,411656,4353364,15667.102,7683.598,0,95.970,0,1.999,3407,3986,1.440,1.900,1.800,1,0,9.997,0,0,28,302,1,7,1
28-07 10:09:49,20.227,12.236,64.176,0,0,6393672,5077224,411660,4353392,15624.934,7485.345,0,623.279,0,14.983,6436,11607,1.410,1.890,1.800,2,0,7.991,0,0,28,302,1,7,1
28-07 10:09:50,17.181,11.454,69.970,0,0,6394428,5076468,411668,4353380,540.838,0,0,274.901,0,5.976,2630,2313,1.410,1.890,1.800,3,0,6.972,0,0,28,302,1,7,1
28-07 10:09:51,22.866,7.789,68.345,0,0,6383076,5095820,411708,4345968,15329.490,7399.404,0,828.186,0,39.198,3244,3344,1.410,1.890,1.800,2,0,8.041,0,0,28,302,1,7,1
28-07 10:09:52,22.267,6.755,69.052,0.250,0,6392832,5085876,411768,4346096,1005.759,148.112,0,1889.427,0,96.073,3155,3089,1.410,1.890,1.800,2,0,17.013,0,0,28,302,1,7,1
28-07 10:09:53,18.500,12.750,67.499,0,0,6360004,5118692,411772,4346104,45471.073,34473.298,0,91.998,0,4.000,3665,3065,1.410,1.890,1.800,2,0,64.999,0,0,28,302,1,7,1
28-07 10:09:54,21.492,9.246,65.724,0,0,6370320,5108376,411772,4346104,33664.861,14784.230,0,19.992,0,3.998,6057,9410,1.380,1.870,1.790,3,0,36.986,0,0,28,302,1,7,1
28-07 10:09:55,24.771,10.009,64.306,0,0,6379616,5099056,411784,4346116,56643.046,32826.424,0,9392.133,0,70.061,4844,7591,1.380,1.870,1.790,2,0,3.003,0,0,28,302,1,7,1
28-07 10:09:56,22.483,12.740,62.952,0,0,6412448,5066204,411784,4346136,45806.157,23553.084,0,16027.808,0,34.973,3443,2989,1.380,1.870,1.790,1,0,34.973,0,0,28,302,1,7,1
28-07 10:09:57,16.771,3.504,78.599,0,0,6420516,5055380,411788,4348888,21671.247,10412.091,0,680.856,0,9.011,2225,2305,1.380,1.870,1.790,2,0,3.004,0,0,28,303,1,7,1
28-07 10:09:58,22.246,6.249,69.739,0,0,6413052,5058992,411792,4352328,30232.068,14991.554,0,803.869,0,12.998,2674,2600,1.380,1.870,1.790,2,0,3.000,0,0,28,302,1,7,1
28-07 10:09:59,26.587,13.169,57.150,0,0,6439052,5031832,411800,4353316,15310.131,7251.540,0,365.757,0,3.976,6937,12591,1.350,1.860,1.790,1,0,7.951,0,0,28,302,1,7,1
28-07 10:10:00,19.347,10.051,69.349,0,0,6406960,5063612,411808,4353544,15597.392,7332.855,0,373.879,0,15.076,2999,3020,1.350,1.860,1.790,1,0,11.056,0,0,28,302,1,7,1
28-07 10:10:01,21.741,20.992,53.478,0,0,6393888,5076580,411840,4353572,1110.553,0,0,68696.379,0,239.904,8834,14698,1.350,1.860,1.790,4,0,7.997,0,0,28,302,1,7,1
28-07 10:10:02,18.252,12.502,67.758,0,0,6389292,5081144,411840,4353564,15777.960,7576.941,0,1464.182,0,291.036,3497,2748,1.350,1.860,1.790,1,0,10.001,0,0,28,302,1,7,1
28-07 10:10:03,20.409,9.209,69.192,0,0,6365720,5112816,411860,4346144,15537.750,7747.470,0,294.687,0,11.947,2808,2634,1.350,1.860,1.790,1,0,8.960,0,0,28,302,1,7,1
28-07 10:10:04,17.854,5.532,69.908,4.778,0,6373752,5103744,411876,4347168,1585.261,0,249.457,989.783,4.024,22.129,2422,2501,1.320,1.840,1.780,1,0,0,0,0,28,302,1,7,1
28-07 10:10:05,22.234,6.495,68.950,1.499,0,6385324,5089688,411924,4349248,30407.956,16571.986,391.716,639.536,9.993,5.996,2816,2802,1.320,1.840,1.780,4,0,0,0,0,28,303,1,8,1
28-07 10:10:06,30.490,9.747,56.982,0,0,6422976,5051948,411992,4349268,39740.389,447659.940,0,1375.563,0,61.980,5826,6408,1.320,1.840,1.780,1,0,2.999,0,0,28,304,1,9,1
28-07 10:10:07,25.934,8.478,62.092,0,0,6415504,5059044,412088,4349548,34967.835,148364.681,0,1180.989,0,113.710,5836,7062,1.320,1.840,1.780,4,0,0.997,0,0,28,305,1,13,1
28-07 10:10:08,26.280,8.510,62.571,0.250,0,6415552,5058792,412256,4349584,30049.135,14608.595,0,1209.374,0,166.189,5712,7311,1.320,1.840,1.780,2,0,1.001,0,0,28,304,1,14,1
28-07 10:10:09,12.024,20.540,65.378,0.250,0,6385376,5088768,412272,4349784,18415.083,17638.562,128.251,577.131,1.002,33.065,4411,3698,1.290,1.830,1.780,2,0,121.238,0,0,28,304,1,15,1
28-07 10:10:10,8.489,24.718,63.668,0,0,6372252,5101876,412272,4349800,61058.664,40559.963,0,15.979,0,1.997,5018,3845,1.290,1.830,1.780,1,0,155.800,0,0,28,304,1,15,1
28-07 10:10:11,8.707,22.637,65.425,0.249,0,6359800,5114212,412376,4349812,45629.041,24641.434,0,3629.945,0,177.119,5236,4518,1.290,1.830,1.780,1,0,110.451,0,0,28,304,1,15,1
28-07 10:10:12,17.066,15.561,66.007,0,0,6349824,5124172,412384,4349820,61490.186,35347.496,0,3116.121,0,580.257,4786,3251,1.290,1.830,1.780,1,0,54.211,0,0,28,304,1,16,1
28-07 10:10:13,10.771,8.767,78.904,0,0,6326192,5149472,412400,4348180,126351.634,43785.468,0,144.282,0,10.020,2963,3105,1.290,1.830,1.780,1,0,19.037,0,0,28,304,1,16,1
28-07 10:10:14,5.499,5.749,87.237,0,0,6330876,5144960,412408,4347988,50567.699,24323.488,0,1139.835,0,9.999,2198,2591,1.270,1.820,1.780,0,0,7.999,0,0,28,305,1,16,1
28-07 10:10:15,3.775,2.516,92.859,0,0,6330880,5144960,412416,4347992,68611.698,17857.039,0,124.818,0,16.106,2104,2916,1.270,1.820,1.780,0,0,0,0,0,28,305,1,16,1
28-07 10:10:16,6.015,3.007,89.222,0,0,6331344,5144288,412436,4348180,47814.849,449452.163,0,264.658,0,21.052,2463,3083,1.270,1.820,1.780,2,0,5.012,0,0,28,304,1,16,2
28-07 10:10:17,9.901,11.386,76.239,0,0,6325656,5149440,412460,4348712,101514.016,107034.924,0,4914.955,0,146.538,3669,3361,1.270,1.820,1.780,1,0,32.674,0,0,28,304,1,17,1
28-07 10:10:18,10.017,17.529,70.616,0,0,6315116,5159956,412468,4348728,128496.729,46583.758,0,252.416,0,23.038,4549,3945,1.270,1.820,1.780,1,0,121.200,0,0,28,304,1,17,1
28-07 10:10:19,12.501,26.252,56.755,0.750,0,6328076,5146916,412500,4348772,44399.580,22441.809,44.004,620.050,6.000,38.003,5458,4530,1.330,1.820,1.780,2,0,208.017,0,0,28,304,1,17,1
28-07 10:10:20,11.997,7.248,69.734,10.248,0,6338860,5134092,412756,4350292,29768.233,14750.647,1787.594,0,141.968,0,2641,2848,1.330,1.820,1.780,3,0,0,0,0,28,304,1,15,1
28-07 10:10:21,11.222,5.237,69.075,11.720,0,6339676,5128940,413224,4353188,15121.621,7409.195,3307.605,183.534,590.501,18.952,3403,3827,1.330,1.820,1.780,0,1,1.995,0,0,28,304,1,15,1
28-07 10:10:22,20.286,9.517,60.358,8.014,0,6343596,5118700,413652,4357728,15306.426,7619.653,5061.068,364.653,264.474,23.041,4258,4428,1.330,1.820,1.780,1,0,8.014,0,0,28,304,1,17,1
28-07 10:10:23,21.256,8.002,68.270,1.000,0,6329324,5130460,413684,4358512,15350.579,7688.293,644.192,236.070,47.014,17.005,3732,4032,1.330,1.820,1.780,1,0,2.001,0,0,28,304,1,17,1
28-07 10:10:24,21.609,7.700,67.807,0,0,6350296,5109348,413684,4358652,45197.025,23027.712,0,7.948,0,1.987,3149,3095,1.300,1.810,1.770,3,0,1.987,0,0,28,305,1,17,1
28-07 10:10:25,46.562,10.822,42.283,0,0,6203416,5256188,413700,4358672,45403.953,23134.874,0,161.078,0,16.108,4361,3470,1.300,1.810,1.770,3,0,5.034,0,0,28,294,0,21,1
28-07 10:10:26,50.336,13.273,35.311,0,0,6010404,5449164,413720,4358668,44839.898,22418.446,0,244.419,0,19.033,4213,3180,1.300,1.810,1.770,4,0,5.009,0,0,28,280,0,24,1
28-07 10:10:27,80.769,17.484,0.739,0,0,6031992,5427492,413724,4358752,15174.776,8082.839,0,149.719,0,12.805,5419,3224,1.300,1.810,1.770,5,0,4.925,0,0,28,276,0,24,1
28-07 10:10:28,86.174,14.362,0,0,0,6140796,5318684,413736,4358744,43224.952,508070.320,0,3781.566,0,690.398,6354,3466,1.300,1.810,1.770,4,0,1.008,0,0,28,278,0,24,1
28-07 10:10:29,85.500,13.790,1.003,0,0,6241252,5216920,413768,4360028,16903.340,8947.116,0,686.002,0,47.138,7029,6511,1.520,1.840,1.790,4,0,8.023,0,0,28,278,1,28,1
28-07 10:10:30,73.087,17.960,7.982,0,0,6191932,5265368,413784,4360880,15831.761,7854.517,0,530.818,0,25.942,6659,8978,1.520,1.840,1.790,3,0,6.984,0,0,28,288,1,29,1
28-07 10:10:31,54.758,14.820,30.644,0,0,6273816,5183220,413796,4361132,44855.052,22427.526,0,405.910,0,41.194,5156,5031,1.520,1.840,1.790,1,0,1.005,0,0,28,286,1,33,1
28-07 10:10:32,24.001,5.750,69.002,0,0,6316352,5140632,413848,4361132,30065.980,14880.485,0,1724.056,0,92.003,2961,2829,1.520,1.840,1.790,2,0,0,0,0,28,288,1,33,1
28-07 10:10:33,14.989,6.995,75.697,0,0,6315524,5140632,413856,4361952,15476.073,7364.800,0,1450.976,0,31.977,4855,7853,1.520,1.840,1.790,0,0,2.998,0,0,28,290,1,36,1
28-07 10:10:34,1.750,1.750,94.490,0,0,6315504,5140632,413876,4361952,15968.339,7369.234,0,355.963,0,24.997,1551,2371,1.400,1.810,1.780,1,0,0,0,0,28,290,1,36,1
28-07 10:10:35,2.751,2.251,93.540,0,0,6315472,5140632,413900,4361960,15346.615,7299.146,0,300.129,0,24.010,1726,2702,1.400,1.810,1.780,0,0,0,0,0,28,290,1,37,1
28-07 10:10:36,2.252,2.252,94.582,0,0,6315404,5140632,413956,4361972,15412.356,7376.392,0,1693.468,0,81.070,1721,2483,1.400,1.810,1.780,0,0,2.002,0,0,28,290,1,36,1
28-07 10:10:37,2.000,2.500,93.747,0,0,6303072,5152964,413956,4361972,15279.516,7671.757,0,2627.917,0,15.000,1594,2334,1.400,1.810,1.780,0,0,0,0,0,28,290,1,36,1
28-07 10:10:38,2.750,1.750,94.248,0,0,6301736,5154276,413972,4361980,15556.592,5777.849,0,319.992,0,18.000,1673,2595,1.400,1.810,1.780,1,0,0,0,0,28,290,1,36,1
28-07 10:10:39,2.250,2.500,94.009,0,0,6298812,5157188,413984,4361980,854.079,1746.162,0,292.027,0,20.002,1596,2367,1.280,1.780,1.770,1,0,2.000,0,0,28,290,1,37,1
28-07 10:10:40,16.839,10.807,71.378,0.251,0,6298952,5157012,413992,4361992,17154.917,9095.203,0,164.874,0,21.112,3621,11865,1.280,1.780,1.770,0,0,36.192,0,0,28,290,1,36,1
28-07 10:10:41,1.988,1.740,93.707,0,0,6290696,5165228,414028,4361996,600.520,0,0,421.557,0,41.758,1789,2877,1.280,1.780,1.770,0,0,0,0,0,28,290,1,36,1
28-07 10:10:42,2.001,1.751,95.053,0,0,6288932,5166992,414028,4361996,663.373,190.107,0,0,0,0,1476,2253,1.280,1.780,1.770,0,0,2.001,0,0,28,290,1,36,1
28-07 10:10:43,1.999,1.749,94.469,0,0,6286780,5169144,414028,4361996,35110.429,8181.304,0,35.988,0,1.999,1574,2313,1.280,1.780,1.770,0,0,1.000,0,0,28,290,1,36,1
28-07 10:10:44,3.252,3.252,92.300,0,0,6287028,5168892,414032,4361996,787.429,0,0,8868.828,0,794.432,3136,2484,1.180,1.750,1.760,0,0,0,0,0,28,290,1,36,1
28-07 10:10:45,3.247,2.498,92.659,0.250,0,6287008,5168856,414068,4362016,15268.006,7354.777,0,211.792,0,25.974,2107,3223,1.180,1.750,1.760,0,0,2.997,0,0,28,290,1,36,1
28-07 10:10:46,2.001,1.751,94.315,0,0,6286920,5168932,414092,4362004,723.498,0,0,508.350,0,35.024,1695,2630,1.180,1.750,1.760,0,0,0,0,0,28,290,1,36,1
28-07 10:10:47,1.997,1.498,94.614,0,0,6286904,5168932,414092,4362020,690.011,147.788,0,3.994,0,0.999,1421,2217,1.180,1.750,1.760,0,0,0,0,0,28,290,1,36,1
28-07 10:10:48,3.253,4.504,91.077,0,0,6286648,5169184,414100,4362016,15291.997,7692.538,0,2594.205,0,102.087,2003,2473,1.180,1.750,1.760,0,0,2.002,0,0,28,290,1,36,1
28-07 10:10:49,2.999,2.749,93.232,0,0,6286608,5169184,414100,4362068,1400.730,73.986,0,4219.186,0,834.839,3021,2291,1.090,1.720,1.750,0,0,0,0,0,28,290,1,36,1
28-07 10:10:50,3.002,2.251,92.805,0,0,6286600,5169184,414116,4362060,603.359,0,0,280.167,0,26.015,1888,2835,1.090,1.720,1.750,1,0,0,0,0,28,290,1,36,1
28-07 10:10:51,5.497,3.248,89.446,0.250,0,6286552,5169184,414144,4362080,1932.825,1352.178,0,407.752,0,33.979,2448,3416,1.090,1.720,1.750,0,0,1.999,0,0,28,290,1,36,1
28-07 10:10:52,1.999,1.999,94.720,0,0,6286544,5169184,414144,4362088,15334.082,7831.488,0,15.995,0,1.999,1458,2235,1.090,1.720,1.750,0,0,0,0,0,28,290,1,36,1
28-07 10:10:53,2.253,1.502,94.877,0,0,6286540,5169184,414144,4362092,812.087,0,0,36.048,0,3.004,1509,2238,1.090,1.720,1.750,0,0,1.001,0,0,28,290,1,36,1
28-07 10:10:54,2.249,1.749,94.954,0,0,6286780,5168944,414144,4362092,726.648,0,0,247.880,0,10.995,1544,2283,1,1.690,1.740,0,0,1.999,0,0,28,290,1,36,1
28-07 10:10:55,1.999,1.999,94.216,0,0,6286748,5168944,414168,4362100,483.827,0,0,171.938,0,17.994,1619,2562,1,1.690,1.740,2,0,0,0,0,28,290,1,36,1
28-07 10:10:56,1.744,1.744,94.929,0,0,6286736,5168944,414180,4362100,720.562,0,0,291.015,0,15.946,1424,2178,1,1.690,1.740,0,0,0,0,0,28,290,1,36,1
28-07 10:10:57,2.760,2.008,94.859,0,0,6287216,5168452,414188,4362104,15097.078,7863.731,0,40.152,0,5.019,1563,2243,1,1.690,1.740,0,0,2.008,0,0,28,290,1,36,1
28-07 10:10:58,1.750,1.500,95.020,0,0,6287216,5168452,414188,4362104,663.138,0,0,0,0,0,1420,2143,1,1.690,1.740,0,0,0,0,0,28,290,1,36,1
28-07 10:10:59,3.747,3.747,91.438,0,0,6290996,5164672,414188,4362104,727.508,0,0,7.995,0,1.999,1699,2416,0.920,1.670,1.730,1,0,0,0,0,28,290,1,36,1
28-07 10:11:00,6.971,2.988,88.138,0,0,6294244,5161396,414228,4362092,779.796,0,0,243.002,0,23.902,2423,3280,0.920,1.670,1.730,0,0,0.996,0,0,28,288,1,37,1
28-07 10:11:01,3.014,2.260,92.931,0,0,6293672,5161864,414308,4362116,814.780,0,0,602.797,0,61.284,2126,3235,0.920,1.670,1.730,0,0,0,0,0,28,288,1,37,1
28-07 10:11:02,5.000,2.500,90.498,0.250,0,6285300,5170212,414328,4362120,33096.432,14738.747,0,1419.976,0,306.995,2669,2730,0.920,1.670,1.730,0,0,2.000,0,0,28,288,1,37,1
28-07 10:11:03,8.461,21.401,67.937,0,0,6290016,5165476,414340,4362128,97845.425,30525.431,0,83.615,0,3.982,4968,3815,0.920,1.670,1.730,3,0,185.147,0,0,28,288,1,37,1
28-07 10:11:04,14.075,18.348,65.601,0,0,6301448,5154044,414340,4362128,51212.987,467690.115,0,0,0,0,4474,3540,1.010,1.670,1.730,2,0,129.694,0,0,28,288,1,37,1
28-07 10:11:05,24.211,5.242,69.138,0,0,6340000,5115488,414360,4362112,30788.271,112666.022,0,247.600,0,17.971,2820,2877,1.010,1.670,1.730,2,0,0.998,0,0,28,288,1,38,1
28-07 10:11:06,24.167,4.983,69.014,0,0,6364372,5091060,414388,4362140,15292.619,9238.356,0,418.566,0,22.921,2827,2605,1.010,1.670,1.730,1,0,1.993,0,0,28,288,1,38,1
28-07 10:11:07,25.092,4.015,70.006,0,0,6368144,5087280,414392,4362152,15342.079,7957.085,0,48.176,0,4.015,2877,2739,1.010,1.670,1.730,1,0,0,0,0,28,291,1,39,1
28-07 10:11:08,25.256,4.001,69.515,0,0,6323888,5131396,414392,4362292,15282.377,7405.636,0,0,0,0,2849,2530,1.010,1.670,1.730,2,0,4.001,0,0,28,294,1,39,1
28-07 10:11:09,8.214,25.389,63.223,0,0,6318068,5137216,414392,4362292,605.343,0,0,7.965,0,1.991,5234,3812,1.170,1.690,1.740,1,0,234.969,0,0,28,294,1,31,1
28-07 10:11:10,18.309,13.544,66.465,0,0,6332824,5122460,414404,4362280,48720.626,24960.756,0,148.480,0,12.039,3683,3427,1.170,1.690,1.740,2,0,64.208,0,0,28,294,1,31,1
28-07 10:11:11,24.760,6.253,68.528,0,0,6377104,5078136,414428,4362300,40884.444,20750.346,0,292.117,0,28.011,3088,3207,1.170,1.690,1.740,2,0,0,0,0,28,294,1,31,1
28-07 10:11:12,24.922,3.987,69.033,0,0,6377104,5078136,414456,4362272,15171.229,7582.126,0,135.573,0,14.953,3138,2950,1.170,1.690,1.740,2,0,1.994,0,0,28,296,1,31,1
28-07 10:11:13,8.778,13.795,76.247,0,0,6348252,5106928,414456,4362332,114864.542,43516.137,0,92.299,0,4.013,4044,3712,1.170,1.690,1.740,3,0,93.303,0,0,28,296,1,29,1
28-07 10:11:14,8.486,24.211,63.398,0.250,0,6347912,5107124,414592,4362340,61097.005,35572.944,139.776,0,4.992,0,5288,3984,1.150,1.680,1.730,4,0,202.675,0,0,28,296,1,29,1
28-07 10:11:15,8.767,24.799,64.378,0,0,6343420,5111552,414644,4362352,61259.596,37981.390,0,492.979,0,75.149,5732,4627,1.150,1.680,1.730,1,0,200.398,0,0,28,296,1,29,1
28-07 10:11:16,7.501,23.253,67.010,0.250,0,6338500,5116432,414680,4362356,46507.995,29832.487,0,476.072,0,34.005,5349,4367,1.150,1.680,1.730,1,0,194.029,0,0,28,296,1,29,1
28-07 10:11:17,8.491,23.474,66.427,0,0,6332092,5122832,414680,4362364,76330.475,569021.348,0,3.996,0,0.999,5577,4174,1.150,1.680,1.730,1,0,176.807,0,0,28,296,1,29,1
28-07 10:11:18,6.012,22.794,67.631,0,0,6332528,5122384,414680,4362376,61649.080,39382.069,0,284.550,0,58.112,5232,3916,1.150,1.680,1.730,1,0,181.350,0,0,28,296,1,29,1
28-07 10:11:19,7.981,28.183,62.103,0,0,6329096,5125796,414688,4362384,60969.246,36906.376,0,183.564,0,8.979,5329,3979,1.140,1.670,1.730,2,0,212.495,0,0,28,296,1,29,1
28-07 10:11:20,8.269,24.558,64.150,0,0,6319704,5135168,414704,4362388,46532.113,28649.180,0,2072.861,0,407.957,5938,4270,1.140,1.670,1.730,1,0,196.461,0,0,28,296,1,29,1
28-07 10:11:21,7.748,24.494,65.233,0,0,6320092,5134736,414732,4362404,61595.950,37978.104,0,323.916,0,27.993,5421,4314,1.140,1.670,1.730,1,0,194.949,0,0,28,296,1,28,1
28-07 10:11:22,8.254,27.012,62.278,0.250,0,6318988,5135764,414804,4362408,74594.277,38809.313,0,2389.066,0,130.058,5592,4523,1.140,1.670,1.730,1,0,212.095,0,0,28,296,1,28,1
28-07 10:11:23,23.886,29.111,43.790,0,0,6314116,5140560,414828,4362460,56666.664,35521.911,0,147.295,0,12.938,6612,6025,1.140,1.670,1.730,13,0,186.109,0,0,28,296,1,30,1
28-07 10:11:24,12.296,24.090,60.978,0,0,6316484,5138132,414848,4362500,51630.448,31298.268,0,317.188,0,23.086,5533,4605,1.130,1.660,1.720,1,0,180.677,0,0,28,296,1,30,1
28-07 10:11:25,19.130,11.429,67.080,0,0,6351764,5102844,414848,4362508,71920.156,572846.975,0,0,0,0,3529,3041,1.130,1.660,1.720,2,0,36.770,0,0,28,296,1,30,1
28-07 10:11:26,24.173,5.540,70.253,0,0,6392828,5061764,414860,4362512,29989.599,14860.337,0,116.836,0,9.065,2843,2716,1.130,1.660,1.720,1,0,0,0,0,28,296,1,24,1
28-07 10:11:27,23.427,5.981,68.786,0,0,6370488,5083964,414860,4362652,29970.753,16315.239,0,7.975,0,1.994,3103,2910,1.130,1.660,1.720,2,0,4.984,0,0,28,296,1,24,1
28-07 10:11:28,21.962,7.573,70.178,0,0,6402372,5052068,414860,4362664,45331.076,22101.588,0,28.273,0,2.020,2736,2622,1.130,1.660,1.720,3,0,2.020,0,0,28,296,1,24,1
28-07 10:11:29,22.828,4.963,69.477,0,0,6432856,5021580,414860,4362668,29736.240,14548.525,0,7.940,0,0.993,2756,2655,1.200,1.660,1.720,1,0,0,0,0,28,296,1,24,1
28-07 10:11:30,29.186,13.221,55.627,0,0,6433324,5020864,415032,4362712,15245.341,7800.777,0,921.964,0,115.744,5112,5912,1.200,1.660,1.720,3,0,4.989,0,0,28,297,1,17,1
28-07 10:11:31,24.567,12.283,60.916,0,0,6402572,5051336,415200,4362824,15020.842,7315.892,0,701.909,0,100.273,4445,5069,1.200,1.660,1.720,4,0,25.068,0,0,28,297,1,17,1
28-07 10:11:32,24.257,6.752,67.769,0,0,6413244,5040740,415212,4362736,45488.518,23132.366,0,148.041,0,7.002,2805,2614,1.200,1.660,1.720,2,0,0,0,0,28,297,1,17,1
28-07 10:11:33,24.249,5.500,68.747,0,0,6426988,5026968,415232,4362744,29996.885,14699.454,0,167.994,0,13.999,2904,2786,1.200,1.660,1.720,3,0,1.000,0,0,28,299,1,18,1
28-07 10:11:34,22.244,6.748,69.982,0,0,6388520,5065260,415388,4362764,45598.293,23022.089,0,2323.403,0,140.964,3749,3896,1.340,1.690,1.730,0,0,22.994,0,0,28,297,1,13,1
28-07 10:11:35,6.495,3.747,87.932,0,0,6378320,5075436,415400,4362776,31081.873,15932.632,0,3141.561,0,592.540,3187,2773,1.340,1.690,1.730,0,0,0,0,0,28,297,1,14,1
28-07 10:11:36,2.253,1.753,94.889,0,0,6364048,5089692,415416,4362776,30461.518,14679.454,0,152.222,0,7.010,1520,2278,1.340,1.690,1.730,0,0,0,0,0,28,297,1,14,1
28-07 10:11:37,1.750,2.249,94.228,0,0,6357792,5095948,415416,4362776,29823.082,13130.954,0,31.993,0,2.999,1538,2261,1.340,1.690,1.730,1,0,2.000,0,0,28,297,1,14,1
28-07 10:11:38,2.497,1.498,94.891,0,0,6353784,5099948,415424,4362776,15654.088,9193.480,0,327.625,0,13.984,1522,2274,1.340,1.690,1.730,0,0,0,0,0,28,297,1,13,1
28-07 10:11:39,2.504,2.254,93.649,0,0,6350708,5103000,415448,4362776,15188.187,7307.637,0,112.179,0,14.022,1663,2449,1.230,1.660,1.720,0,0,0,0,0,28,297,1,14,1
28-07 10:11:40,14.152,9.186,74.980,0.248,0,6358560,5095132,415484,4366008,777.610,0,0,206.568,0,21.849,3212,6573,1.230,1.660,1.720,2,0,37.738,0,0,28,299,1,14,1
28-07 10:11:41,5.536,4.278,87.817,0,0,6323840,5129740,415560,4362792,27390.806,458459.320,0,660.262,0,59.383,3029,6180,1.230,1.660,1.720,0,0,0,0,0,28,297,1,15,1
28-07 10:11:42,2.000,1.750,95.513,0,0,6323840,5129740,415560,4362792,15745.152,7445.018,0,0,0,0,1484,2220,1.230,1.660,1.720,0,0,1.000,0,0,28,297,1,13,1
28-07 10:11:43,2.998,2.499,92.951,0,0,6324064,5129516,415568,4362784,4645.526,141912.436,0,95.949,0,14.992,2006,2799,1.230,1.660,1.720,0,0,2.998,0,0,28,297,1,13,1
28-07 10:11:44,8.009,4.755,85.841,0,0,6337388,5116172,415580,4362792,31370.425,15784.819,0,408.435,0,19.020,2286,2693,1.140,1.630,1.710,2,0,9.010,0,0,28,297,1,13,1
28-07 10:11:45,22.215,8.487,67.893,0,0,6376412,5077112,415628,4362780,44138.605,22147.180,0,287.548,0,30.951,3180,3231,1.140,1.630,1.710,1,0,0,0,0,28,297,1,13,1
28-07 10:11:46,26.522,6.505,65.305,0,0,6403820,5049644,415652,4362816,31111.236,16282.731,0,280.236,0,22.019,3317,3231,1.140,1.630,1.710,1,0,2.002,0,0,28,297,1,13,1
28-07 10:11:47,21.956,6.487,69.860,0,0,6320520,5132936,415652,4362824,15092.773,7752.474,0,3.992,0,0.998,3114,2855,1.140,1.630,1.710,1,0,24.950,0,0,28,297,1,13,1
28-07 10:11:48,22.402,7.965,68.700,0,0,6352076,5101344,415652,4362860,44552.702,23618.996,0,0,0,0,2646,2579,1.140,1.630,1.710,2,0,0,0,0,28,297,1,13,1
28-07 10:11:49,23.393,5.534,69.424,0,0,6392772,5060520,415652,4362988,29719.394,15074.005,0,229.400,0,44.270,2767,2664,1.290,1.650,1.720,2,0,2.012,0,0,28,297,1,14,1
28-07 10:11:50,24.998,5.500,68.995,0,0,6384912,5068332,415684,4363004,30314.747,18024.660,0,319.976,0,23.998,3085,3062,1.290,1.650,1.720,2,0,5.000,0,0,28,297,1,15,1
28-07 10:11:51,4.002,4.752,84.789,4.752,0,6380960,5067840,415716,4367400,113416.164,37019.026,4269.964,528.243,36.017,31.014,2732,3472,1.290,1.650,1.720,1,0,10.005,0,0,28,297,1,15,1
28-07 10:11:52,2.247,2.497,69.920,22.724,0,6369348,5067588,415728,4379168,44156.692,22010.923,11299.127,187.786,103.882,6.992,2223,2654,1.290,1.650,1.720,1,0,0,0,0,28,297,1,15,1
28-07 10:11:53,5.504,7.256,69.305,16.763,0,6353356,5067588,415756,4395032,36579.043,14867.805,15176.050,124.099,147.117,13.010,2870,3098,1.290,1.650,1.720,1,0,1.001,0,0,28,297,1,15,1
28-07 10:11:54,5.250,8.250,68.496,16.999,0,6336988,5067108,415788,4411768,30117.222,15643.076,15499.085,635.962,163.990,33.998,3070,3189,1.340,1.660,1.720,0,1,4.000,0,0,28,297,1,15,1
28-07 10:11:55,8.000,10.000,68.249,11.500,0,6324304,5067108,415788,4424388,55991.011,528986.653,11163.803,0,106.998,0,3251,3120,1.340,1.660,1.720,1,1,3.000,0,0,28,297,1,15,1
28-07 10:11:56,3.239,5.731,68.274,20.432,0,6315316,5060316,415816,4440076,44240.529,21815.773,14599.664,2380.120,156.482,453.499,3427,3108,1.340,1.660,1.720,1,0,0,0,0,28,297,1,15,1
28-07 10:11:57,10.024,10.525,65.905,11.276,0,6316276,5047000,415824,4452344,31716.422,17293.579,11434.832,48.113,137.322,5.012,3132,3068,1.340,1.660,1.720,1,1,4.009,0,0,28,297,1,15,1
28-07 10:11:58,4.995,6.493,69.928,17.232,0,6316384,5031152,415824,4468020,44747.000,22444.927,14624.966,0,170.824,0,2792,2831,1.340,1.660,1.720,1,0,0,0,0,28,297,1,15,1
28-07 10:11:59,5.757,8.510,69.584,14.518,0,6310100,5021084,415828,4484288,44790.087,22577.264,15851.141,100.121,165.199,4.005,2859,3118,1.310,1.650,1.720,2,0,2.002,0,0,28,297,1,15,1
28-07 10:12:00,11.262,10.761,61.063,15.016,0,6330020,4988532,415876,4496840,44901.357,22867.609,12060.452,300.310,127.131,28.029,3722,3780,1.310,1.650,1.720,1,1,4.004,0,0,28,297,1,15,1
28-07 10:12:01,4.239,5.486,67.826,19.949,0,6332560,4969380,415936,4513308,45082.410,22396.576,15057.393,490.742,158.593,38.900,3352,3812,1.310,1.650,1.720,1,1,1.995,0,0,28,297,1,15,1
28-07 10:12:02,2.505,3.508,70.403,22.549,0,6332232,4956024,415956,4526924,30427.038,14623.739,12214.510,104.226,131.285,11.024,2424,2889,1.310,1.650,1.720,1,0,1.002,0,0,28,297,1,14,1
28-07 10:12:03,3.500,4.250,68.243,21.998,0,6328200,4944772,416060,4542040,30202.034,15098.517,13982.627,2455.759,152.985,135.987,3280,3744,1.310,1.650,1.720,0,1,3.000,0,0,28,297,1,14,1
28-07 10:12:04,12.005,12.505,69.528,5.002,0,6320624,4949088,416068,4545276,29662.759,14597.787,1956.776,324.128,19.008,16.006,2523,2388,1.290,1.640,1.710,1,0,0,0,0,28,297,1,14,1
28-07 10:12:05,13.748,14.998,69.991,0,0,6317188,4950040,416076,4547720,14854.160,7295.096,0,111.986,0,8.999,2472,2240,1.290,1.640,1.710,1,0,0,0,0,28,297,1,15,1
28-07 10:12:06,5.496,5.745,69.444,17.486,0,6311840,4943240,416076,4559816,15550.480,7789.728,11398.823,0,118.904,0,2640,2731,1.290,1.640,1.710,0,1,3.997,0,0,28,297,1,15,1
28-07 10:12:07,3.501,5.751,69.512,19.753,0,6297992,4942268,416080,4574552,44497.727,22619.928,14610.537,136.024,154.027,9.002,2803,3013,1.290,1.640,1.710,1,0,2.000,0,0,28,297,1,14,1
28-07 10:12:08,7.007,5.005,65.317,19.770,0,6297612,4931460,416080,4585708,59758.365,619789.457,11091.390,0,112.115,0,3428,3447,1.290,1.640,1.710,0,1,3.003,0,0,28,297,1,14,1
28-07 10:12:09,3.742,5.488,69.096,20.454,0,6293632,4922644,416080,4598456,44397.058,22308.285,12384.401,7.982,126.718,1.996,2692,2916,1.270,1.630,1.710,2,0,3.991,0,0,28,297,1,15,1
28-07 10:12:10,3.503,4.504,69.556,20.016,0,6294640,4909808,416084,4610264,44694.809,22405.951,11893.529,152.122,117.094,12.010,2809,3165,1.270,1.630,1.710,1,0,2.002,0,0,28,297,1,15,1
28-07 10:12:11,4.001,7.002,67.269,20.006,0,6294448,4897472,416120,4622676,44448.417,22232.211,12019.358,2244.627,134.037,436.122,3700,3385,1.270,1.630,1.710,0,1,2.001,0,0,28,297,1,13,1
28-07 10:12:12,4.756,8.761,69.338,15.269,0,6296616,4883640,416120,4634228,45138.051,22642.618,10689.511,0,149.189,0,3064,2935,1.270,1.630,1.710,2,0,11.014,0,0,28,297,1,13,1
